seq,latency_ms,received_at
11,3.557,2026-09-24T07:55:11.577261+00:00
12,3.797,2026-09-24T07:55:11.577909+00:00
13,3.834,2026-09-24T07:55:11.578484+00:00
14,4.013,2026-09-24T07:55:11.579016+00:00
15,4.244999999999999,2026-09-24T07:55:11.579594+00:00
16,4.517,2026-09-24T07:55:11.580234+00:00
17,4.9719999999999995,2026-09-24T07:55:11.581014+00:00
18,5.5649999999999995,2026-09-24T07:55:11.581919+00:00
19,6.154,2026-09-24T07:55:11.582885+00:00
20,6.624,2026-09-24T07:55:11.583683+00:00
21,6.982,2026-09-24T07:55:11.584365+00:00
22,7.38,2026-09-24T07:55:11.585108+00:00
23,7.718,2026-09-24T07:55:11.585777+00:00
24,8.021,2026-09-24T07:55:11.586395+00:00
25,8.262,2026-09-24T07:55:11.586969+00:00
26,8.604000000000001,2026-09-24T07:55:11.587616+00:00
27,8.916,2026-09-24T07:55:11.588280+00:00
28,9.343,2026-09-24T07:55:11.589063+00:00
29,9.681000000000001,2026-09-24T07:55:11.589719+00:00
30,9.907,2026-09-24T07:55:11.590287+00:00
31,10.077,2026-09-24T07:55:11.590848+00:00
32,10.382000000000001,2026-09-24T07:55:11.591476+00:00
33,10.649000000000001,2026-09-24T07:55:11.592033+00:00
34,10.843,2026-09-24T07:55:11.592546+00:00
35,10.918000000000001,2026-09-24T07:55:11.593081+00:00
36,11.131,2026-09-24T07:55:11.593683+00:00
37,11.395000000000001,2026-09-24T07:55:11.594258+00:00
38,11.708,2026-09-24T07:55:11.594893+00:00
39,12.014000000000001,2026-09-24T07:55:11.595507+00:00
40,12.321,2026-09-24T07:55:11.596098+00:00
41,12.501,2026-09-24T07:55:11.596669+00:00
42,12.673,2026-09-24T07:55:11.597234+00:00
43,12.931,2026-09-24T07:55:11.597841+00:00
44,13.152000000000001,2026-09-24T07:55:11.598445+00:00
45,13.456,2026-09-24T07:55:11.599095+00:00
46,13.764,2026-09-24T07:55:11.599702+00:00
47,14.027,2026-09-24T07:55:11.600299+00:00
48,14.31,2026-09-24T07:55:11.600897+00:00
49,14.85,2026-09-24T07:55:11.601738+00:00
50,15.445,2026-09-24T07:55:11.602655+00:00
51,15.758000000000001,2026-09-24T07:55:11.603325+00:00
52,16.078,2026-09-24T07:55:11.603956+00:00
53,16.561,2026-09-24T07:55:11.604771+00:00
54,17.013,2026-09-24T07:55:11.605639+00:00
55,17.58,2026-09-24T07:55:11.606551+00:00
56,17.871000000000002,2026-09-24T07:55:11.607194+00:00
57,18.148,2026-09-24T07:55:11.607832+00:00
58,18.488999999999997,2026-09-24T07:55:11.608475+00:00
59,18.77,2026-09-24T07:55:11.609106+00:00
60,19.087,2026-09-24T07:55:11.609776+00:00
61,19.373,2026-09-24T07:55:11.610387+00:00
62,19.79,2026-09-24T07:55:11.611115+00:00
63,20.037,2026-09-24T07:55:11.611713+00:00
64,20.311,2026-09-24T07:55:11.612313+00:00
65,20.565,2026-09-24T07:55:11.612877+00:00
66,20.818,2026-09-24T07:55:11.613456+00:00
67,21.076999999999998,2026-09-24T07:55:11.614006+00:00
68,21.269,2026-09-24T07:55:11.614595+00:00
69,21.482999999999997,2026-09-24T07:55:11.615169+00:00
70,21.783,2026-09-24T07:55:11.615777+00:00
71,22.009999999999998,2026-09-24T07:55:11.616315+00:00
72,22.316,2026-09-24T07:55:11.616932+00:00
73,22.582,2026-09-24T07:55:11.617503+00:00
74,22.862000000000002,2026-09-24T07:55:11.618074+00:00
75,23.169999999999998,2026-09-24T07:55:11.618677+00:00
76,23.486,2026-09-24T07:55:11.619288+00:00
77,23.796000000000003,2026-09-24T07:55:11.619885+00:00
78,24.299999999999997,2026-09-24T07:55:11.620670+00:00
79,24.896,2026-09-24T07:55:11.621575+00:00
80,25.222,2026-09-24T07:55:11.622203+00:00
81,25.687,2026-09-24T07:55:11.623038+00:00
82,25.976,2026-09-24T07:55:11.623640+00:00
83,26.218999999999998,2026-09-24T07:55:11.624183+00:00
84,26.424,2026-09-24T07:55:11.624727+00:00
85,26.553,2026-09-24T07:55:11.625251+00:00
86,26.775,2026-09-24T07:55:11.625806+00:00
87,27.064999999999998,2026-09-24T07:55:11.626403+00:00
88,27.251,2026-09-24T07:55:11.626939+00:00
89,27.424,2026-09-24T07:55:11.627430+00:00
90,27.562,2026-09-24T07:55:11.627892+00:00
91,27.544,2026-09-24T07:55:11.628387+00:00
92,27.727,2026-09-24T07:55:11.628908+00:00
93,27.884,2026-09-24T07:55:11.629381+00:00
94,28.083000000000002,2026-09-24T07:55:11.629879+00:00
95,28.166,2026-09-24T07:55:11.630355+00:00
96,28.307,2026-09-24T07:55:11.630937+00:00
97,28.459000000000003,2026-09-24T07:55:11.631509+00:00
98,28.618000000000002,2026-09-24T07:55:11.632052+00:00
99,28.826999999999998,2026-09-24T07:55:11.632651+00:00
100,28.94,2026-09-24T07:55:11.633212+00:00
101,29.09,2026-09-24T07:55:11.633746+00:00
102,29.058,2026-09-24T07:55:11.634240+00:00
103,29.11,2026-09-24T07:55:11.634735+00:00
104,29.326999999999998,2026-09-24T07:55:11.635404+00:00
105,29.456,2026-09-24T07:55:11.635960+00:00
106,29.553,2026-09-24T07:55:11.636503+00:00
107,29.723,2026-09-24T07:55:11.637051+00:00
108,29.814,2026-09-24T07:55:11.637549+00:00
109,29.857000000000003,2026-09-24T07:55:11.638041+00:00
110,29.927,2026-09-24T07:55:11.638527+00:00
111,30.034000000000002,2026-09-24T07:55:11.639026+00:00
112,29.971,2026-09-24T07:55:11.639478+00:00
113,30.098,2026-09-24T07:55:11.639976+00:00
114,30.199,2026-09-24T07:55:11.640460+00:00
115,30.246,2026-09-24T07:55:11.640961+00:00
116,30.259,2026-09-24T07:55:11.641433+00:00
117,30.442,2026-09-24T07:55:11.641980+00:00
118,30.673,2026-09-24T07:55:11.642581+00:00
119,30.748,2026-09-24T07:55:11.643081+00:00
120,31.095000000000002,2026-09-24T07:55:11.643800+00:00
121,31.64,2026-09-24T07:55:11.644682+00:00
122,31.875,2026-09-24T07:55:11.645366+00:00
123,32.192,2026-09-24T07:55:11.646026+00:00
124,32.459,2026-09-24T07:55:11.646628+00:00
125,32.609,2026-09-24T07:55:11.647225+00:00
126,32.864,2026-09-24T07:55:11.647843+00:00
127,33.141999999999996,2026-09-24T07:55:11.648450+00:00
128,33.201,2026-09-24T07:55:11.648990+00:00
129,33.403,2026-09-24T07:55:11.649559+00:00
130,33.58,2026-09-24T07:55:11.650127+00:00
131,33.777,2026-09-24T07:55:11.650738+00:00
132,33.980000000000004,2026-09-24T07:55:11.651320+00:00
133,34.144,2026-09-24T07:55:11.651911+00:00
134,34.33,2026-09-24T07:55:11.652487+00:00
135,34.577,2026-09-24T07:55:11.653085+00:00
136,34.712,2026-09-24T07:55:11.653599+00:00
137,34.775,2026-09-24T07:55:11.654081+00:00
138,34.852000000000004,2026-09-24T07:55:11.654553+00:00
139,35.001999999999995,2026-09-24T07:55:11.655044+00:00
140,35.166000000000004,2026-09-24T07:55:11.655647+00:00
141,35.301,2026-09-24T07:55:11.656177+00:00
142,35.458000000000006,2026-09-24T07:55:11.656684+00:00
143,35.604,2026-09-24T07:55:11.657188+00:00
144,35.76,2026-09-24T07:55:11.657706+00:00
145,35.653999999999996,2026-09-24T07:55:11.658211+00:00
146,35.775,2026-09-24T07:55:11.658695+00:00
147,36.003,2026-09-24T07:55:11.659270+00:00
148,36.224,2026-09-24T07:55:11.659834+00:00
149,36.439,2026-09-24T07:55:11.660376+00:00
150,36.632,2026-09-24T07:55:11.660889+00:00
151,36.771,2026-09-24T07:55:11.661361+00:00
152,36.953,2026-09-24T07:55:11.661867+00:00
153,37.102999999999994,2026-09-24T07:55:11.662361+00:00
154,37.195,2026-09-24T07:55:11.662860+00:00
155,37.23,2026-09-24T07:55:11.663344+00:00
156,37.385000000000005,2026-09-24T07:55:11.663885+00:00
157,37.462,2026-09-24T07:55:11.664348+00:00
158,37.608000000000004,2026-09-24T07:55:11.664872+00:00
159,37.795,2026-09-24T07:55:11.665462+00:00
160,37.962999999999994,2026-09-24T07:55:11.666009+00:00
161,38.248999999999995,2026-09-24T07:55:11.666696+00:00
162,38.512,2026-09-24T07:55:11.667344+00:00
163,38.794000000000004,2026-09-24T07:55:11.668008+00:00
164,39.038000000000004,2026-09-24T07:55:11.668635+00:00
165,39.205999999999996,2026-09-24T07:55:11.669166+00:00
166,39.940000000000005,2026-09-24T07:55:11.670211+00:00
167,40.364,2026-09-24T07:55:11.671014+00:00
168,40.625,2026-09-24T07:55:11.671637+00:00
169,40.873,2026-09-24T07:55:11.672261+00:00
170,41.558,2026-09-24T07:55:11.673292+00:00
171,41.991,2026-09-24T07:55:11.674074+00:00
172,42.18,2026-09-24T07:55:11.674642+00:00
173,42.372,2026-09-24T07:55:11.675169+00:00
174,42.791999999999994,2026-09-24T07:55:11.675906+00:00
175,43.075,2026-09-24T07:55:11.676510+00:00
176,43.312000000000005,2026-09-24T07:55:11.677075+00:00
177,43.564,2026-09-24T07:55:11.677650+00:00
178,43.783,2026-09-24T07:55:11.678185+00:00
179,44.013,2026-09-24T07:55:11.678728+00:00
180,44.248999999999995,2026-09-24T07:55:11.679264+00:00
181,44.479,2026-09-24T07:55:11.679779+00:00
182,45.092,2026-09-24T07:55:11.680706+00:00
183,45.445,2026-09-24T07:55:11.681364+00:00
184,45.785,2026-09-24T07:55:11.682022+00:00
185,46.007,2026-09-24T07:55:11.682579+00:00
186,46.217,2026-09-24T07:55:11.683100+00:00
187,46.425000000000004,2026-09-24T07:55:11.683629+00:00
188,46.703,2026-09-24T07:55:11.684195+00:00
189,46.961000000000006,2026-09-24T07:55:11.684756+00:00
190,47.133,2026-09-24T07:55:11.685357+00:00
191,47.406,2026-09-24T07:55:11.685946+00:00
192,47.672,2026-09-24T07:55:11.686507+00:00
193,47.919000000000004,2026-09-24T07:55:11.687043+00:00
194,48.159,2026-09-24T07:55:11.687587+00:00
195,48.404,2026-09-24T07:55:11.688144+00:00
196,48.723,2026-09-24T07:55:11.688753+00:00
197,48.959999999999994,2026-09-24T07:55:11.689283+00:00
198,49.205,2026-09-24T07:55:11.689852+00:00
199,49.459,2026-09-24T07:55:11.690401+00:00
200,49.832,2026-09-24T07:55:11.691073+00:00
201,50.066,2026-09-24T07:55:11.691663+00:00
202,50.264,2026-09-24T07:55:11.692204+00:00
203,50.489,2026-09-24T07:55:11.692740+00:00
204,50.566,2026-09-24T07:55:11.693285+00:00
205,50.796,2026-09-24T07:55:11.693820+00:00
206,50.992999999999995,2026-09-24T07:55:11.694297+00:00
207,51.296,2026-09-24T07:55:11.694914+00:00
208,51.462,2026-09-24T07:55:11.695393+00:00
209,51.702,2026-09-24T07:55:11.695926+00:00
210,51.841,2026-09-24T07:55:11.696421+00:00
211,52.044,2026-09-24T07:55:11.696912+00:00
212,52.239,2026-09-24T07:55:11.697397+00:00
213,52.428000000000004,2026-09-24T07:55:11.697891+00:00
214,52.617,2026-09-24T07:55:11.698380+00:00
215,52.828,2026-09-24T07:55:11.698874+00:00
216,52.998000000000005,2026-09-24T07:55:11.699347+00:00
217,53.227999999999994,2026-09-24T07:55:11.699877+00:00
218,53.435,2026-09-24T07:55:11.700399+00:00
219,53.735,2026-09-24T07:55:11.701007+00:00
220,53.962999999999994,2026-09-24T07:55:11.701535+00:00
221,54.195,2026-09-24T07:55:11.702063+00:00
222,54.423,2026-09-24T07:55:11.702582+00:00
223,54.639,2026-09-24T07:55:11.703097+00:00
224,54.874,2026-09-24T07:55:11.703605+00:00
225,55.031,2026-09-24T07:55:11.704133+00:00
226,55.321000000000005,2026-09-24T07:55:11.704703+00:00
227,55.521,2026-09-24T07:55:11.705209+00:00
228,55.749,2026-09-24T07:55:11.705723+00:00
229,55.992,2026-09-24T07:55:11.706251+00:00
230,56.378,2026-09-24T07:55:11.706936+00:00
231,56.625,2026-09-24T07:55:11.707486+00:00
232,56.875,2026-09-24T07:55:11.708017+00:00
233,57.096000000000004,2026-09-24T07:55:11.708534+00:00
234,57.318,2026-09-24T07:55:11.709043+00:00
235,57.544,2026-09-24T07:55:11.709548+00:00
236,57.76,2026-09-24T07:55:11.710057+00:00
237,57.983,2026-09-24T07:55:11.710590+00:00
238,58.2,2026-09-24T07:55:11.711097+00:00
239,58.445,2026-09-24T07:55:11.711624+00:00
240,58.625,2026-09-24T07:55:11.712091+00:00
241,58.815,2026-09-24T07:55:11.712564+00:00
242,59.05,2026-09-24T07:55:11.713081+00:00
243,59.265,2026-09-24T07:55:11.713573+00:00
244,59.462,2026-09-24T07:55:11.714078+00:00
245,59.791999999999994,2026-09-24T07:55:11.714697+00:00
246,60.005,2026-09-24T07:55:11.715190+00:00
247,60.129000000000005,2026-09-24T07:55:11.715693+00:00
248,60.357,2026-09-24T07:55:11.716222+00:00
249,60.538000000000004,2026-09-24T07:55:11.716723+00:00
250,60.726,2026-09-24T07:55:11.717211+00:00
251,60.922,2026-09-24T07:55:11.717693+00:00
252,61.082,2026-09-24T07:55:11.718164+00:00
253,61.29600000000001,2026-09-24T07:55:11.718662+00:00
254,61.446,2026-09-24T07:55:11.719131+00:00
255,61.848,2026-09-24T07:55:11.719871+00:00
256,62.251,2026-09-24T07:55:11.720568+00:00
257,62.522999999999996,2026-09-24T07:55:11.721169+00:00
258,62.75899999999999,2026-09-24T07:55:11.721706+00:00
259,62.927,2026-09-24T07:55:11.722179+00:00
260,63.128,2026-09-24T07:55:11.722696+00:00
261,63.253,2026-09-24T07:55:11.723199+00:00
262,63.562999999999995,2026-09-24T07:55:11.723806+00:00
263,63.781000000000006,2026-09-24T07:55:11.724336+00:00
264,64.001,2026-09-24T07:55:11.724869+00:00
265,64.17399999999999,2026-09-24T07:55:11.725328+00:00
266,64.387,2026-09-24T07:55:11.725839+00:00
267,64.567,2026-09-24T07:55:11.726331+00:00
268,64.8,2026-09-24T07:55:11.726867+00:00
269,65.16199999999999,2026-09-24T07:55:11.727530+00:00
270,65.33999999999999,2026-09-24T07:55:11.728042+00:00
271,65.54400000000001,2026-09-24T07:55:11.728549+00:00
272,65.709,2026-09-24T07:55:11.729014+00:00
273,65.85499999999999,2026-09-24T07:55:11.729487+00:00
274,66.125,2026-09-24T07:55:11.730045+00:00
275,66.481,2026-09-24T07:55:11.730684+00:00
276,66.706,2026-09-24T07:55:11.731202+00:00
277,66.928,2026-09-24T07:55:11.731726+00:00
278,67.07499999999999,2026-09-24T07:55:11.732191+00:00
279,67.255,2026-09-24T07:55:11.732690+00:00
280,67.478,2026-09-24T07:55:11.733214+00:00
281,67.69500000000001,2026-09-24T07:55:11.733724+00:00
282,67.914,2026-09-24T07:55:11.734232+00:00
283,68.29599999999999,2026-09-24T07:55:11.734918+00:00
284,68.56,2026-09-24T07:55:11.735476+00:00
285,68.78399999999999,2026-09-24T07:55:11.735990+00:00
286,69.0,2026-09-24T07:55:11.736512+00:00
287,69.17099999999999,2026-09-24T07:55:11.736986+00:00
288,69.42,2026-09-24T07:55:11.737522+00:00
289,69.691,2026-09-24T07:55:11.738093+00:00
290,69.966,2026-09-24T07:55:11.738683+00:00
291,70.12599999999999,2026-09-24T07:55:11.739209+00:00
292,70.20400000000001,2026-09-24T07:55:11.739696+00:00
293,70.214,2026-09-24T07:55:11.740188+00:00
294,70.388,2026-09-24T07:55:11.740699+00:00
295,70.56400000000001,2026-09-24T07:55:11.741195+00:00
296,70.665,2026-09-24T07:55:11.741665+00:00
297,70.82900000000001,2026-09-24T07:55:11.742135+00:00
298,70.98,2026-09-24T07:55:11.742638+00:00
299,71.17,2026-09-24T07:55:11.743138+00:00
300,71.365,2026-09-24T07:55:11.743647+00:00
301,71.548,2026-09-24T07:55:11.744158+00:00
302,71.727,2026-09-24T07:55:11.744685+00:00
303,71.895,2026-09-24T07:55:11.745172+00:00
304,72.052,2026-09-24T07:55:11.745661+00:00
305,72.366,2026-09-24T07:55:11.746278+00:00
306,72.6,2026-09-24T07:55:11.746801+00:00
307,72.769,2026-09-24T07:55:11.747277+00:00
308,73.019,2026-09-24T07:55:11.747821+00:00
309,73.22,2026-09-24T07:55:11.748319+00:00
310,73.39,2026-09-24T07:55:11.748823+00:00
311,73.448,2026-09-24T07:55:11.749320+00:00
312,73.62100000000001,2026-09-24T07:55:11.749833+00:00
313,73.757,2026-09-24T07:55:11.750299+00:00
314,73.95400000000001,2026-09-24T07:55:11.750810+00:00
315,74.14,2026-09-24T07:55:11.751323+00:00
316,74.349,2026-09-24T07:55:11.751843+00:00
317,74.589,2026-09-24T07:55:11.752379+00:00
318,74.813,2026-09-24T07:55:11.752886+00:00
319,75.0,2026-09-24T07:55:11.753372+00:00
320,75.208,2026-09-24T07:55:11.753896+00:00
321,75.413,2026-09-24T07:55:11.754406+00:00
322,75.636,2026-09-24T07:55:11.754921+00:00
323,75.813,2026-09-24T07:55:11.755422+00:00
324,76.038,2026-09-24T07:55:11.755953+00:00
325,76.14999999999999,2026-09-24T07:55:11.756442+00:00
326,76.299,2026-09-24T07:55:11.756942+00:00
327,76.435,2026-09-24T07:55:11.757462+00:00
328,76.602,2026-09-24T07:55:11.757948+00:00
329,76.747,2026-09-24T07:55:11.758430+00:00
330,77.08800000000001,2026-09-24T07:55:11.759075+00:00
331,77.48299999999999,2026-09-24T07:55:11.759786+00:00
332,77.742,2026-09-24T07:55:11.760383+00:00
333,78.061,2026-09-24T07:55:11.761013+00:00
334,78.214,2026-09-24T07:55:11.761477+00:00
335,78.435,2026-09-24T07:55:11.762025+00:00
336,78.707,2026-09-24T07:55:11.762598+00:00
337,78.91499999999999,2026-09-24T07:55:11.763121+00:00
338,79.094,2026-09-24T07:55:11.763665+00:00
339,79.309,2026-09-24T07:55:11.764213+00:00
340,79.587,2026-09-24T07:55:11.764785+00:00
341,79.808,2026-09-24T07:55:11.765330+00:00
342,80.036,2026-09-24T07:55:11.765889+00:00
343,80.375,2026-09-24T07:55:11.766619+00:00
344,80.947,2026-09-24T07:55:11.767515+00:00
345,81.413,2026-09-24T07:55:11.768301+00:00
346,81.956,2026-09-24T07:55:11.769165+00:00
347,82.376,2026-09-24T07:55:11.769911+00:00
348,82.808,2026-09-24T07:55:11.770652+00:00
349,83.162,2026-09-24T07:55:11.771323+00:00
350,83.429,2026-09-24T07:55:11.771919+00:00
351,83.765,2026-09-24T07:55:11.772570+00:00
352,84.01,2026-09-24T07:55:11.773142+00:00
353,84.253,2026-09-24T07:55:11.773715+00:00
354,84.458,2026-09-24T07:55:11.774253+00:00
355,84.809,2026-09-24T07:55:11.774970+00:00
356,84.952,2026-09-24T07:55:11.775561+00:00
357,85.096,2026-09-24T07:55:11.776159+00:00
358,85.26899999999999,2026-09-24T07:55:11.776712+00:00
359,85.367,2026-09-24T07:55:11.777201+00:00
360,85.663,2026-09-24T07:55:11.777838+00:00
361,86.221,2026-09-24T07:55:11.778719+00:00
362,86.554,2026-09-24T07:55:11.779398+00:00
363,86.919,2026-09-24T07:55:11.780080+00:00
364,87.137,2026-09-24T07:55:11.780660+00:00
365,87.369,2026-09-24T07:55:11.781212+00:00
366,87.62100000000001,2026-09-24T07:55:11.781794+00:00
367,87.742,2026-09-24T07:55:11.782359+00:00
368,88.224,2026-09-24T07:55:11.783153+00:00
369,88.489,2026-09-24T07:55:11.783753+00:00
370,88.734,2026-09-24T07:55:11.784367+00:00
371,89.05,2026-09-24T07:55:11.785012+00:00
372,89.35600000000001,2026-09-24T07:55:11.785617+00:00
373,89.586,2026-09-24T07:55:11.786218+00:00
374,89.988,2026-09-24T07:55:11.786928+00:00
375,90.55199999999999,2026-09-24T07:55:11.787798+00:00
376,90.789,2026-09-24T07:55:11.788401+00:00
377,91.051,2026-09-24T07:55:11.788975+00:00
378,91.309,2026-09-24T07:55:11.789550+00:00
379,91.561,2026-09-24T07:55:11.790163+00:00
380,91.824,2026-09-24T07:55:11.790734+00:00
381,92.11,2026-09-24T07:55:11.791318+00:00
382,92.33800000000001,2026-09-24T07:55:11.791918+00:00
383,92.59299999999999,2026-09-24T07:55:11.792482+00:00
384,92.864,2026-09-24T07:55:11.793080+00:00
385,93.124,2026-09-24T07:55:11.793709+00:00
386,93.349,2026-09-24T07:55:11.794313+00:00
387,93.67999999999999,2026-09-24T07:55:11.794961+00:00
388,93.867,2026-09-24T07:55:11.795568+00:00
389,94.06,2026-09-24T07:55:11.796098+00:00
390,94.33800000000001,2026-09-24T07:55:11.796693+00:00
391,94.193,2026-09-24T07:55:11.797244+00:00
392,94.601,2026-09-24T07:55:11.798253+00:00
393,94.926,2026-09-24T07:55:11.799089+00:00
394,95.289,2026-09-24T07:55:11.799916+00:00
395,95.603,2026-09-24T07:55:11.800640+00:00
396,96.076,2026-09-24T07:55:11.801594+00:00
397,96.203,2026-09-24T07:55:11.802406+00:00
398,96.391,2026-09-24T07:55:11.803054+00:00
399,96.64200000000001,2026-09-24T07:55:11.803684+00:00
400,96.833,2026-09-24T07:55:11.804211+00:00
401,96.952,2026-09-24T07:55:11.804722+00:00
402,97.116,2026-09-24T07:55:11.805222+00:00
403,97.30999999999999,2026-09-24T07:55:11.805739+00:00
404,97.43499999999999,2026-09-24T07:55:11.806244+00:00
405,97.62400000000001,2026-09-24T07:55:11.806772+00:00
406,97.78699999999999,2026-09-24T07:55:11.807271+00:00
407,97.968,2026-09-24T07:55:11.807771+00:00
408,98.14699999999999,2026-09-24T07:55:11.808270+00:00
409,98.368,2026-09-24T07:55:11.808819+00:00
410,98.511,2026-09-24T07:55:11.809352+00:00
411,98.615,2026-09-24T07:55:11.809892+00:00
412,98.823,2026-09-24T07:55:11.810512+00:00
413,99.008,2026-09-24T07:55:11.811067+00:00
414,99.162,2026-09-24T07:55:11.811615+00:00
415,99.25399999999999,2026-09-24T07:55:11.812105+00:00
416,99.47,2026-09-24T07:55:11.812676+00:00
417,99.58500000000001,2026-09-24T07:55:11.813225+00:00
418,99.493,2026-09-24T07:55:11.813707+00:00
419,99.355,2026-09-24T07:55:11.814178+00:00
420,99.257,2026-09-24T07:55:11.814698+00:00
421,99.157,2026-09-24T07:55:11.815191+00:00
422,99.09700000000001,2026-09-24T07:55:11.815762+00:00
423,99.11399999999999,2026-09-24T07:55:11.816358+00:00
424,99.098,2026-09-24T07:55:11.816899+00:00
425,99.101,2026-09-24T07:55:11.817459+00:00
426,99.04899999999999,2026-09-24T07:55:11.818078+00:00
427,99.075,2026-09-24T07:55:11.818740+00:00
428,99.104,2026-09-24T07:55:11.819341+00:00
429,99.22699999999999,2026-09-24T07:55:11.819943+00:00
430,99.218,2026-09-24T07:55:11.820440+00:00
431,99.314,2026-09-24T07:55:11.820957+00:00
432,99.461,2026-09-24T07:55:11.821478+00:00
433,99.566,2026-09-24T07:55:11.821967+00:00
434,99.646,2026-09-24T07:55:11.822431+00:00
435,99.772,2026-09-24T07:55:11.822930+00:00
436,99.83200000000001,2026-09-24T07:55:11.823390+00:00
437,99.934,2026-09-24T07:55:11.823943+00:00
438,100.063,2026-09-24T07:55:11.824455+00:00
439,100.193,2026-09-24T07:55:11.824976+00:00
440,100.357,2026-09-24T07:55:11.825515+00:00
441,100.653,2026-09-24T07:55:11.826201+00:00
442,101.108,2026-09-24T07:55:11.827031+00:00
443,101.409,2026-09-24T07:55:11.827713+00:00
444,101.655,2026-09-24T07:55:11.828339+00:00
445,101.816,2026-09-24T07:55:11.829016+00:00
446,102.048,2026-09-24T07:55:11.829644+00:00
447,102.28,2026-09-24T07:55:11.830256+00:00
448,102.556,2026-09-24T07:55:11.830896+00:00
449,102.767,2026-09-24T07:55:11.831494+00:00
450,103.008,2026-09-24T07:55:11.832118+00:00
451,103.223,2026-09-24T07:55:11.832742+00:00
452,103.423,2026-09-24T07:55:11.833317+00:00
453,103.589,2026-09-24T07:55:11.833947+00:00
454,103.76599999999999,2026-09-24T07:55:11.834549+00:00
455,103.95500000000001,2026-09-24T07:55:11.835128+00:00
456,104.184,2026-09-24T07:55:11.835720+00:00
457,104.41799999999999,2026-09-24T07:55:11.836331+00:00
458,104.643,2026-09-24T07:55:11.836920+00:00
459,105.104,2026-09-24T07:55:11.837772+00:00
460,105.46,2026-09-24T07:55:11.838508+00:00
461,105.70599999999999,2026-09-24T07:55:11.839154+00:00
462,105.979,2026-09-24T07:55:11.839792+00:00
463,106.18900000000001,2026-09-24T07:55:11.840383+00:00
464,106.41000000000001,2026-09-24T07:55:11.840961+00:00
465,106.611,2026-09-24T07:55:11.841524+00:00
466,106.583,2026-09-24T07:55:11.842152+00:00
467,106.59100000000001,2026-09-24T07:55:11.842760+00:00
468,106.695,2026-09-24T07:55:11.843338+00:00
469,106.88799999999999,2026-09-24T07:55:11.843935+00:00
470,107.063,2026-09-24T07:55:11.844549+00:00
471,107.212,2026-09-24T07:55:11.845134+00:00
472,106.947,2026-09-24T07:55:11.845726+00:00
473,106.91499999999999,2026-09-24T07:55:11.846269+00:00
474,107.07600000000001,2026-09-24T07:55:11.846884+00:00
475,107.407,2026-09-24T07:55:11.847600+00:00
476,107.568,2026-09-24T07:55:11.848180+00:00
477,107.752,2026-09-24T07:55:11.848749+00:00
478,107.923,2026-09-24T07:55:11.849285+00:00
479,108.087,2026-09-24T07:55:11.849837+00:00
480,108.28999999999999,2026-09-24T07:55:11.850434+00:00
481,108.49000000000001,2026-09-24T07:55:11.851008+00:00
482,108.689,2026-09-24T07:55:11.851610+00:00
483,108.845,2026-09-24T07:55:11.852142+00:00
484,109.099,2026-09-24T07:55:11.852788+00:00
485,109.27000000000001,2026-09-24T07:55:11.853452+00:00
486,109.333,2026-09-24T07:55:11.854013+00:00
487,109.431,2026-09-24T07:55:11.854552+00:00
488,109.543,2026-09-24T07:55:11.855087+00:00
489,109.833,2026-09-24T07:55:11.855800+00:00
490,109.958,2026-09-24T07:55:11.856384+00:00
491,110.152,2026-09-24T07:55:11.856979+00:00
492,110.32400000000001,2026-09-24T07:55:11.857524+00:00
493,110.425,2026-09-24T07:55:11.858029+00:00
494,110.571,2026-09-24T07:55:11.858578+00:00
495,110.733,2026-09-24T07:55:11.859106+00:00
496,110.891,2026-09-24T07:55:11.859649+00:00
497,111.11200000000001,2026-09-24T07:55:11.860244+00:00
498,111.326,2026-09-24T07:55:11.860839+00:00
499,111.484,2026-09-24T07:55:11.861362+00:00
500,111.63199999999999,2026-09-24T07:55:11.861880+00:00
501,111.778,2026-09-24T07:55:11.862423+00:00
502,111.906,2026-09-24T07:55:11.862937+00:00
503,112.096,2026-09-24T07:55:11.863499+00:00
504,112.20700000000001,2026-09-24T07:55:11.864004+00:00
505,112.40400000000001,2026-09-24T07:55:11.864586+00:00
506,112.591,2026-09-24T07:55:11.865154+00:00
507,112.931,2026-09-24T07:55:11.865876+00:00
508,113.401,2026-09-24T07:55:11.866716+00:00
509,113.52199999999999,2026-09-24T07:55:11.867324+00:00
510,113.724,2026-09-24T07:55:11.867910+00:00
511,113.915,2026-09-24T07:55:11.868514+00:00
512,114.256,2026-09-24T07:55:11.869225+00:00
513,114.49199999999999,2026-09-24T07:55:11.869826+00:00
514,114.684,2026-09-24T07:55:11.870403+00:00
515,115.43299999999999,2026-09-24T07:55:11.871531+00:00
516,115.805,2026-09-24T07:55:11.872293+00:00
517,116.09400000000001,2026-09-24T07:55:11.872965+00:00
518,116.348,2026-09-24T07:55:11.873582+00:00
519,116.615,2026-09-24T07:55:11.874251+00:00
520,116.887,2026-09-24T07:55:11.874887+00:00
521,117.09,2026-09-24T07:55:11.875467+00:00
522,117.13600000000001,2026-09-24T07:55:11.876046+00:00
523,117.155,2026-09-24T07:55:11.876618+00:00
524,117.397,2026-09-24T07:55:11.877203+00:00
525,117.80699999999999,2026-09-24T07:55:11.877953+00:00
526,118.032,2026-09-24T07:55:11.878560+00:00
527,118.32900000000001,2026-09-24T07:55:11.879197+00:00
528,118.622,2026-09-24T07:55:11.879814+00:00
529,118.912,2026-09-24T07:55:11.880401+00:00
530,119.213,2026-09-24T07:55:11.881033+00:00
531,119.336,2026-09-24T07:55:11.881686+00:00
532,119.127,2026-09-24T07:55:11.882241+00:00
533,119.135,2026-09-24T07:55:11.882839+00:00
534,119.35600000000001,2026-09-24T07:55:11.883388+00:00
535,119.556,2026-09-24T07:55:11.883923+00:00
536,119.65,2026-09-24T07:55:11.884396+00:00
537,120.05399999999999,2026-09-24T07:55:11.885119+00:00
538,120.639,2026-09-24T07:55:11.886026+00:00
539,121.00099999999999,2026-09-24T07:55:11.886744+00:00
540,121.197,2026-09-24T07:55:11.887390+00:00
541,121.224,2026-09-24T07:55:11.888042+00:00
542,121.495,2026-09-24T07:55:11.888743+00:00
543,121.67999999999999,2026-09-24T07:55:11.889368+00:00
544,121.949,2026-09-24T07:55:11.890026+00:00
545,122.14800000000001,2026-09-24T07:55:11.890659+00:00
546,122.269,2026-09-24T07:55:11.891261+00:00
547,122.378,2026-09-24T07:55:11.891899+00:00
548,122.506,2026-09-24T07:55:11.892552+00:00
549,122.28,2026-09-24T07:55:11.893149+00:00
550,122.227,2026-09-24T07:55:11.893726+00:00
551,122.252,2026-09-24T07:55:11.894323+00:00
552,122.21700000000001,2026-09-24T07:55:11.894922+00:00
553,122.422,2026-09-24T07:55:11.895585+00:00
554,122.571,2026-09-24T07:55:11.896164+00:00
555,123.01299999999999,2026-09-24T07:55:11.897003+00:00
556,123.32,2026-09-24T07:55:11.897694+00:00
557,123.586,2026-09-24T07:55:11.898347+00:00
558,123.848,2026-09-24T07:55:11.898971+00:00
559,124.00999999999999,2026-09-24T07:55:11.899576+00:00
560,124.095,2026-09-24T07:55:11.900164+00:00
561,124.35499999999999,2026-09-24T07:55:11.900876+00:00
562,124.53999999999999,2026-09-24T07:55:11.901489+00:00
563,124.546,2026-09-24T07:55:11.902036+00:00
564,124.55,2026-09-24T07:55:11.902555+00:00
565,124.416,2026-09-24T07:55:11.903069+00:00
566,124.06200000000001,2026-09-24T07:55:11.903584+00:00
567,123.96,2026-09-24T07:55:11.904090+00:00
568,124.377,2026-09-24T07:55:11.904993+00:00
569,124.692,2026-09-24T07:55:11.905767+00:00
570,124.89699999999999,2026-09-24T07:55:11.906444+00:00
571,125.08500000000001,2026-09-24T07:55:11.907059+00:00
572,125.32099999999998,2026-09-24T07:55:11.907706+00:00
573,125.46499999999999,2026-09-24T07:55:11.908312+00:00
574,125.58900000000001,2026-09-24T07:55:11.908920+00:00
575,125.504,2026-09-24T07:55:11.909487+00:00
576,125.52,2026-09-24T07:55:11.910055+00:00
577,125.65499999999999,2026-09-24T07:55:11.910629+00:00
578,125.867,2026-09-24T07:55:11.911190+00:00
579,126.08800000000001,2026-09-24T07:55:11.911798+00:00
580,126.311,2026-09-24T07:55:11.912384+00:00
581,126.52199999999999,2026-09-24T07:55:11.912980+00:00
582,126.692,2026-09-24T07:55:11.913530+00:00
583,126.71499999999999,2026-09-24T07:55:11.914102+00:00
584,126.81899999999999,2026-09-24T07:55:11.914685+00:00
585,127.057,2026-09-24T07:55:11.915280+00:00
586,127.303,2026-09-24T07:55:11.915887+00:00
587,127.62599999999999,2026-09-24T07:55:11.916554+00:00
588,127.92600000000002,2026-09-24T07:55:11.917177+00:00
589,128.137,2026-09-24T07:55:11.917754+00:00
590,128.297,2026-09-24T07:55:11.918291+00:00
591,128.62699999999998,2026-09-24T07:55:11.918957+00:00
592,128.841,2026-09-24T07:55:11.919523+00:00
593,129.083,2026-09-24T07:55:11.920109+00:00
594,129.516,2026-09-24T07:55:11.920867+00:00
595,129.885,2026-09-24T07:55:11.921573+00:00
596,130.108,2026-09-24T07:55:11.922179+00:00
597,130.349,2026-09-24T07:55:11.922790+00:00
598,130.57,2026-09-24T07:55:11.923361+00:00
599,130.893,2026-09-24T07:55:11.924030+00:00
600,131.206,2026-09-24T07:55:11.924734+00:00
601,131.677,2026-09-24T07:55:11.925560+00:00
602,132.079,2026-09-24T07:55:11.926314+00:00
603,132.525,2026-09-24T07:55:11.927118+00:00
604,132.881,2026-09-24T07:55:11.927804+00:00
605,133.165,2026-09-24T07:55:11.928433+00:00
606,133.448,2026-09-24T07:55:11.929154+00:00
607,133.78300000000002,2026-09-24T07:55:11.929852+00:00
608,134.22799999999998,2026-09-24T07:55:11.930613+00:00
609,134.554,2026-09-24T07:55:11.931344+00:00
610,134.769,2026-09-24T07:55:11.931906+00:00
611,134.948,2026-09-24T07:55:11.932439+00:00
612,135.14399999999998,2026-09-24T07:55:11.932966+00:00
613,135.3,2026-09-24T07:55:11.933480+00:00
614,135.496,2026-09-24T07:55:11.934025+00:00
615,135.67100000000002,2026-09-24T07:55:11.934537+00:00
616,135.93800000000002,2026-09-24T07:55:11.935180+00:00
617,136.264,2026-09-24T07:55:11.935913+00:00
618,136.509,2026-09-24T07:55:11.936573+00:00
619,136.713,2026-09-24T07:55:11.937168+00:00
620,136.701,2026-09-24T07:55:11.937759+00:00
621,136.86,2026-09-24T07:55:11.938377+00:00
622,137.015,2026-09-24T07:55:11.938968+00:00
623,137.201,2026-09-24T07:55:11.939543+00:00
624,137.256,2026-09-24T07:55:11.940158+00:00
625,137.36499999999998,2026-09-24T07:55:11.940739+00:00
626,137.457,2026-09-24T07:55:11.941265+00:00
627,137.661,2026-09-24T07:55:11.941817+00:00
628,137.919,2026-09-24T07:55:11.942399+00:00
629,138.187,2026-09-24T07:55:11.943000+00:00
630,138.487,2026-09-24T07:55:11.943591+00:00
631,138.703,2026-09-24T07:55:11.944107+00:00
632,138.973,2026-09-24T07:55:11.944683+00:00
633,139.245,2026-09-24T07:55:11.945253+00:00
634,139.512,2026-09-24T07:55:11.945809+00:00
635,139.733,2026-09-24T07:55:11.946350+00:00
636,140.00799999999998,2026-09-24T07:55:11.946917+00:00
637,140.21900000000002,2026-09-24T07:55:11.947433+00:00
638,140.437,2026-09-24T07:55:11.947972+00:00
639,140.702,2026-09-24T07:55:11.948539+00:00
640,140.93,2026-09-24T07:55:11.949058+00:00
641,141.142,2026-09-24T07:55:11.949571+00:00
642,141.33100000000002,2026-09-24T07:55:11.950089+00:00
643,141.52200000000002,2026-09-24T07:55:11.950606+00:00
644,141.71200000000002,2026-09-24T07:55:11.951118+00:00
645,141.974,2026-09-24T07:55:11.951702+00:00
646,142.338,2026-09-24T07:55:11.952381+00:00
647,142.769,2026-09-24T07:55:11.953136+00:00
648,143.028,2026-09-24T07:55:11.953707+00:00
649,143.253,2026-09-24T07:55:11.954253+00:00
650,143.489,2026-09-24T07:55:11.954803+00:00
651,143.665,2026-09-24T07:55:11.955321+00:00
652,143.92,2026-09-24T07:55:11.955865+00:00
653,144.141,2026-09-24T07:55:11.956394+00:00
654,144.357,2026-09-24T07:55:11.956962+00:00
655,144.563,2026-09-24T07:55:11.957486+00:00
656,144.774,2026-09-24T07:55:11.958002+00:00
657,144.964,2026-09-24T07:55:11.958512+00:00
658,145.183,2026-09-24T07:55:11.959040+00:00
659,145.456,2026-09-24T07:55:11.959605+00:00
660,145.71300000000002,2026-09-24T07:55:11.960152+00:00
661,145.885,2026-09-24T07:55:11.960738+00:00
662,146.112,2026-09-24T07:55:11.961276+00:00
663,146.372,2026-09-24T07:55:11.961842+00:00
664,146.594,2026-09-24T07:55:11.962376+00:00
665,146.82500000000002,2026-09-24T07:55:11.962927+00:00
666,147.00900000000001,2026-09-24T07:55:11.963468+00:00
667,147.304,2026-09-24T07:55:11.964072+00:00
668,147.734,2026-09-24T07:55:11.964797+00:00
669,148.12,2026-09-24T07:55:11.965507+00:00
670,148.452,2026-09-24T07:55:11.966183+00:00
671,148.807,2026-09-24T07:55:11.966831+00:00
672,149.124,2026-09-24T07:55:11.967469+00:00
673,149.332,2026-09-24T07:55:11.967991+00:00
674,149.52599999999998,2026-09-24T07:55:11.968493+00:00
675,149.724,2026-09-24T07:55:11.969016+00:00
676,149.946,2026-09-24T07:55:11.969555+00:00
677,150.156,2026-09-24T07:55:11.970064+00:00
678,150.317,2026-09-24T07:55:11.970533+00:00
679,150.518,2026-09-24T07:55:11.971076+00:00
680,150.738,2026-09-24T07:55:11.971611+00:00
681,150.96699999999998,2026-09-24T07:55:11.972141+00:00
682,151.178,2026-09-24T07:55:11.972656+00:00
683,151.41299999999998,2026-09-24T07:55:11.973195+00:00
684,151.649,2026-09-24T07:55:11.973718+00:00
685,151.817,2026-09-24T07:55:11.974184+00:00
686,152.037,2026-09-24T07:55:11.974722+00:00
687,152.356,2026-09-24T07:55:11.975329+00:00
688,152.65699999999998,2026-09-24T07:55:11.975919+00:00
689,152.861,2026-09-24T07:55:11.976437+00:00
690,153.07899999999998,2026-09-24T07:55:11.976999+00:00
691,153.322,2026-09-24T07:55:11.977538+00:00
692,153.53900000000002,2026-09-24T07:55:11.978068+00:00
693,154.005,2026-09-24T07:55:11.978847+00:00
694,154.235,2026-09-24T07:55:11.979408+00:00
695,154.454,2026-09-24T07:55:11.979944+00:00
696,154.645,2026-09-24T07:55:11.980447+00:00
697,154.756,2026-09-24T07:55:11.980966+00:00
698,154.82999999999998,2026-09-24T07:55:11.981479+00:00
699,154.94299999999998,2026-09-24T07:55:11.982001+00:00
700,155.097,2026-09-24T07:55:11.982477+00:00
701,155.25900000000001,2026-09-24T07:55:11.982990+00:00
702,155.423,2026-09-24T07:55:11.983469+00:00
703,155.662,2026-09-24T07:55:11.984028+00:00
704,156.107,2026-09-24T07:55:11.984801+00:00
705,156.51999999999998,2026-09-24T07:55:11.985533+00:00
706,156.84799999999998,2026-09-24T07:55:11.986157+00:00
707,157.075,2026-09-24T07:55:11.986733+00:00
708,157.329,2026-09-24T07:55:11.987292+00:00
709,157.619,2026-09-24T07:55:11.987891+00:00
710,157.852,2026-09-24T07:55:11.988442+00:00
711,158.09500000000003,2026-09-24T07:55:11.989001+00:00
712,158.37,2026-09-24T07:55:11.989576+00:00
713,158.60399999999998,2026-09-24T07:55:11.990117+00:00
714,158.845,2026-09-24T07:55:11.990667+00:00
715,159.072,2026-09-24T07:55:11.991206+00:00
716,159.39800000000002,2026-09-24T07:55:11.991840+00:00
717,159.66,2026-09-24T07:55:11.992429+00:00
718,159.953,2026-09-24T07:55:11.993040+00:00
719,160.42600000000002,2026-09-24T07:55:11.993834+00:00
720,160.776,2026-09-24T07:55:11.994503+00:00
721,161.026,2026-09-24T07:55:11.995077+00:00
722,161.279,2026-09-24T07:55:11.995624+00:00
723,161.45499999999998,2026-09-24T07:55:11.996119+00:00
724,161.663,2026-09-24T07:55:11.996639+00:00
725,161.84699999999998,2026-09-24T07:55:11.997138+00:00
726,162.073,2026-09-24T07:55:11.997683+00:00
727,162.272,2026-09-24T07:55:11.998198+00:00
728,162.509,2026-09-24T07:55:11.998732+00:00
729,162.83700000000002,2026-09-24T07:55:11.999373+00:00
730,163.296,2026-09-24T07:55:12.000151+00:00
731,163.543,2026-09-24T07:55:12.000849+00:00
732,163.75400000000002,2026-09-24T07:55:12.001515+00:00
733,163.993,2026-09-24T07:55:12.002132+00:00
734,164.276,2026-09-24T07:55:12.002757+00:00
735,164.756,2026-09-24T07:55:12.003556+00:00
736,165.16500000000002,2026-09-24T07:55:12.004309+00:00
737,165.64100000000002,2026-09-24T07:55:12.005112+00:00
738,166.158,2026-09-24T07:55:12.005951+00:00
739,166.56199999999998,2026-09-24T07:55:12.006666+00:00
740,166.852,2026-09-24T07:55:12.007291+00:00
741,167.179,2026-09-24T07:55:12.007925+00:00
742,167.497,2026-09-24T07:55:12.008546+00:00
743,167.88500000000002,2026-09-24T07:55:12.009219+00:00
744,168.23,2026-09-24T07:55:12.009888+00:00
745,168.681,2026-09-24T07:55:12.010653+00:00
746,169.047,2026-09-24T07:55:12.011325+00:00
747,169.397,2026-09-24T07:55:12.011999+00:00
748,169.754,2026-09-24T07:55:12.012665+00:00
749,170.095,2026-09-24T07:55:12.013332+00:00
750,170.43900000000002,2026-09-24T07:55:12.014016+00:00
751,170.756,2026-09-24T07:55:12.014662+00:00
752,171.06099999999998,2026-09-24T07:55:12.015260+00:00
753,171.375,2026-09-24T07:55:12.015915+00:00
754,171.77200000000002,2026-09-24T07:55:12.016624+00:00
755,172.221,2026-09-24T07:55:12.017389+00:00
756,172.58100000000002,2026-09-24T07:55:12.018075+00:00
757,172.95,2026-09-24T07:55:12.018746+00:00
758,173.39499999999998,2026-09-24T07:55:12.019491+00:00
759,173.779,2026-09-24T07:55:12.020187+00:00
760,174.117,2026-09-24T07:55:12.020877+00:00
761,174.482,2026-09-24T07:55:12.021542+00:00
762,174.77200000000002,2026-09-24T07:55:12.022163+00:00
763,175.10600000000002,2026-09-24T07:55:12.022821+00:00
764,175.452,2026-09-24T07:55:12.023464+00:00
765,175.767,2026-09-24T07:55:12.024128+00:00
766,176.088,2026-09-24T07:55:12.024819+00:00
767,176.423,2026-09-24T07:55:12.025449+00:00
768,176.708,2026-09-24T07:55:12.026045+00:00
769,177.036,2026-09-24T07:55:12.026679+00:00
770,177.35500000000002,2026-09-24T07:55:12.027283+00:00
771,177.863,2026-09-24T07:55:12.028085+00:00
772,178.533,2026-09-24T07:55:12.029059+00:00
773,178.96699999999998,2026-09-24T07:55:12.029783+00:00
774,179.42,2026-09-24T07:55:12.030513+00:00
775,179.779,2026-09-24T07:55:12.031153+00:00
776,180.144,2026-09-24T07:55:12.031821+00:00
777,180.538,2026-09-24T07:55:12.032501+00:00
778,180.85899999999998,2026-09-24T07:55:12.033126+00:00
779,181.171,2026-09-24T07:55:12.033739+00:00
780,181.477,2026-09-24T07:55:12.034351+00:00
781,181.998,2026-09-24T07:55:12.035146+00:00
782,182.596,2026-09-24T07:55:12.036049+00:00
783,183.204,2026-09-24T07:55:12.036965+00:00
784,183.586,2026-09-24T07:55:12.037645+00:00
785,183.867,2026-09-24T07:55:12.038233+00:00
786,184.113,2026-09-24T07:55:12.038806+00:00
787,184.356,2026-09-24T07:55:12.039347+00:00
788,184.60199999999998,2026-09-24T07:55:12.039941+00:00
789,184.915,2026-09-24T07:55:12.040663+00:00
790,185.056,2026-09-24T07:55:12.041169+00:00
791,185.267,2026-09-24T07:55:12.041674+00:00
792,185.40599999999998,2026-09-24T07:55:12.042150+00:00
793,185.675,2026-09-24T07:55:12.042742+00:00
794,185.909,2026-09-24T07:55:12.043272+00:00
795,186.108,2026-09-24T07:55:12.043785+00:00
796,186.285,2026-09-24T07:55:12.044271+00:00
797,186.673,2026-09-24T07:55:12.044938+00:00
798,187.10999999999999,2026-09-24T07:55:12.045685+00:00
799,187.51000000000002,2026-09-24T07:55:12.046381+00:00
800,187.87599999999998,2026-09-24T07:55:12.047076+00:00
801,188.232,2026-09-24T07:55:12.047760+00:00
802,188.555,2026-09-24T07:55:12.048479+00:00
803,188.871,2026-09-24T07:55:12.049106+00:00
804,189.174,2026-09-24T07:55:12.049755+00:00
805,189.473,2026-09-24T07:55:12.050375+00:00
806,189.796,2026-09-24T07:55:12.051001+00:00
807,190.132,2026-09-24T07:55:12.051665+00:00
808,190.75300000000001,2026-09-24T07:55:12.052609+00:00
809,191.106,2026-09-24T07:55:12.053251+00:00
810,191.462,2026-09-24T07:55:12.053912+00:00
811,191.78500000000003,2026-09-24T07:55:12.054533+00:00
812,192.12,2026-09-24T07:55:12.055153+00:00
813,192.406,2026-09-24T07:55:12.055744+00:00
814,192.90699999999998,2026-09-24T07:55:12.056555+00:00
815,193.573,2026-09-24T07:55:12.057515+00:00
816,194.023,2026-09-24T07:55:12.058240+00:00
817,194.376,2026-09-24T07:55:12.058920+00:00
818,194.801,2026-09-24T07:55:12.059636+00:00
819,195.09099999999998,2026-09-24T07:55:12.060222+00:00
820,195.707,2026-09-24T07:55:12.061139+00:00
821,196.011,2026-09-24T07:55:12.061760+00:00
822,196.252,2026-09-24T07:55:12.062352+00:00
823,196.543,2026-09-24T07:55:12.062977+00:00
824,196.77,2026-09-24T07:55:12.063587+00:00
825,197.011,2026-09-24T07:55:12.064142+00:00
826,197.39499999999998,2026-09-24T07:55:12.064849+00:00
827,197.948,2026-09-24T07:55:12.065731+00:00
828,198.266,2026-09-24T07:55:12.066403+00:00
829,198.451,2026-09-24T07:55:12.067006+00:00
830,198.632,2026-09-24T07:55:12.067590+00:00
831,198.86499999999998,2026-09-24T07:55:12.068186+00:00
832,199.114,2026-09-24T07:55:12.068791+00:00
833,199.266,2026-09-24T07:55:12.069339+00:00
834,199.442,2026-09-24T07:55:12.069939+00:00
835,199.741,2026-09-24T07:55:12.070584+00:00
836,199.967,2026-09-24T07:55:12.071229+00:00
837,200.242,2026-09-24T07:55:12.071822+00:00
838,200.9,2026-09-24T07:55:12.072797+00:00
839,201.16400000000002,2026-09-24T07:55:12.073373+00:00
840,201.47799999999998,2026-09-24T07:55:12.074009+00:00
841,201.786,2026-09-24T07:55:12.074674+00:00
842,202.009,2026-09-24T07:55:12.075226+00:00
843,202.20499999999998,2026-09-24T07:55:12.075761+00:00
844,202.399,2026-09-24T07:55:12.076283+00:00
845,202.608,2026-09-24T07:55:12.076853+00:00
846,202.821,2026-09-24T07:55:12.077420+00:00
847,203.005,2026-09-24T07:55:12.077968+00:00
848,203.232,2026-09-24T07:55:12.078521+00:00
849,203.661,2026-09-24T07:55:12.079306+00:00
850,203.99200000000002,2026-09-24T07:55:12.079961+00:00
851,204.316,2026-09-24T07:55:12.080623+00:00
852,204.59199999999998,2026-09-24T07:55:12.081266+00:00
853,204.926,2026-09-24T07:55:12.081935+00:00
854,205.237,2026-09-24T07:55:12.082571+00:00
855,205.58100000000002,2026-09-24T07:55:12.083293+00:00
856,205.999,2026-09-24T07:55:12.084048+00:00
857,206.315,2026-09-24T07:55:12.084692+00:00
858,206.541,2026-09-24T07:55:12.085268+00:00
859,206.964,2026-09-24T07:55:12.086011+00:00
860,207.35899999999998,2026-09-24T07:55:12.086712+00:00
861,207.907,2026-09-24T07:55:12.087589+00:00
862,208.26500000000001,2026-09-24T07:55:12.088257+00:00
863,208.563,2026-09-24T07:55:12.088873+00:00
864,208.843,2026-09-24T07:55:12.089498+00:00
865,209.56900000000002,2026-09-24T07:55:12.090535+00:00
866,210.513,2026-09-24T07:55:12.091814+00:00
867,211.059,2026-09-24T07:55:12.092787+00:00
868,211.627,2026-09-24T07:55:12.093661+00:00
869,212.07999999999998,2026-09-24T07:55:12.094542+00:00
870,212.401,2026-09-24T07:55:12.095181+00:00
871,212.726,2026-09-24T07:55:12.095803+00:00
872,213.027,2026-09-24T07:55:12.096390+00:00
873,213.309,2026-09-24T07:55:12.097021+00:00
874,213.595,2026-09-24T07:55:12.097611+00:00
875,213.93599999999998,2026-09-24T07:55:12.098252+00:00
876,214.218,2026-09-24T07:55:12.098869+00:00
877,214.698,2026-09-24T07:55:12.099653+00:00
878,215.01500000000001,2026-09-24T07:55:12.100279+00:00
879,215.37400000000002,2026-09-24T07:55:12.100946+00:00
880,215.678,2026-09-24T07:55:12.101559+00:00
881,215.964,2026-09-24T07:55:12.102147+00:00
882,216.51000000000002,2026-09-24T07:55:12.102999+00:00
883,217.257,2026-09-24T07:55:12.104103+00:00
884,217.62400000000002,2026-09-24T07:55:12.104805+00:00
885,217.837,2026-09-24T07:55:12.105375+00:00
886,218.473,2026-09-24T07:55:12.106390+00:00
887,218.89600000000002,2026-09-24T07:55:12.107220+00:00
888,219.11700000000002,2026-09-24T07:55:12.107855+00:00
889,219.345,2026-09-24T07:55:12.108471+00:00
890,219.51399999999998,2026-09-24T07:55:12.108996+00:00
891,219.694,2026-09-24T07:55:12.109526+00:00
892,219.841,2026-09-24T07:55:12.110041+00:00
893,220.052,2026-09-24T07:55:12.110667+00:00
894,220.288,2026-09-24T07:55:12.111303+00:00
895,220.915,2026-09-24T07:55:12.112276+00:00
896,221.402,2026-09-24T07:55:12.113135+00:00
897,222.133,2026-09-24T07:55:12.114241+00:00
898,222.41,2026-09-24T07:55:12.114914+00:00
899,222.645,2026-09-24T07:55:12.115553+00:00
900,222.93099999999998,2026-09-24T07:55:12.116179+00:00
901,223.28799999999998,2026-09-24T07:55:12.116913+00:00
902,223.432,2026-09-24T07:55:12.117467+00:00
903,223.6,2026-09-24T07:55:12.118023+00:00
904,223.863,2026-09-24T07:55:12.118621+00:00
905,223.93099999999998,2026-09-24T07:55:12.119176+00:00
906,224.06,2026-09-24T07:55:12.119720+00:00
907,224.26399999999998,2026-09-24T07:55:12.120263+00:00
908,224.47400000000002,2026-09-24T07:55:12.120800+00:00
909,224.64700000000002,2026-09-24T07:55:12.121354+00:00
910,224.889,2026-09-24T07:55:12.121905+00:00
911,225.095,2026-09-24T07:55:12.122433+00:00
912,225.314,2026-09-24T07:55:12.122978+00:00
913,225.545,2026-09-24T07:55:12.123529+00:00
914,225.779,2026-09-24T07:55:12.124111+00:00
915,226.149,2026-09-24T07:55:12.124795+00:00
916,226.464,2026-09-24T07:55:12.125420+00:00
917,226.68,2026-09-24T07:55:12.125951+00:00
918,226.92100000000002,2026-09-24T07:55:12.126497+00:00
919,227.148,2026-09-24T07:55:12.127017+00:00
920,227.39999999999998,2026-09-24T07:55:12.127558+00:00
921,227.666,2026-09-24T07:55:12.128106+00:00
922,227.819,2026-09-24T07:55:12.128617+00:00
923,228.05100000000002,2026-09-24T07:55:12.129189+00:00
924,228.74,2026-09-24T07:55:12.130240+00:00
925,229.64399999999998,2026-09-24T07:55:12.131498+00:00
926,230.255,2026-09-24T07:55:12.132461+00:00
927,230.677,2026-09-24T07:55:12.133218+00:00
928,231.088,2026-09-24T07:55:12.133998+00:00
929,231.359,2026-09-24T07:55:12.134623+00:00
930,231.732,2026-09-24T07:55:12.135336+00:00
931,232.06099999999998,2026-09-24T07:55:12.135994+00:00
932,232.50199999999998,2026-09-24T07:55:12.136777+00:00
933,232.906,2026-09-24T07:55:12.137517+00:00
934,233.38600000000002,2026-09-24T07:55:12.138325+00:00
935,233.871,2026-09-24T07:55:12.139121+00:00
936,234.25099999999998,2026-09-24T07:55:12.139818+00:00
937,234.579,2026-09-24T07:55:12.140475+00:00
938,234.934,2026-09-24T07:55:12.141163+00:00
939,235.56,2026-09-24T07:55:12.142198+00:00
940,236.178,2026-09-24T07:55:12.143160+00:00
941,236.646,2026-09-24T07:55:12.143952+00:00
942,236.854,2026-09-24T07:55:12.144545+00:00
943,237.09199999999998,2026-09-24T07:55:12.145115+00:00
944,237.324,2026-09-24T07:55:12.145676+00:00
945,237.482,2026-09-24T07:55:12.146195+00:00
946,237.713,2026-09-24T07:55:12.146746+00:00
947,237.957,2026-09-24T07:55:12.147315+00:00
948,238.24699999999999,2026-09-24T07:55:12.147949+00:00
949,238.5,2026-09-24T07:55:12.148528+00:00
950,238.696,2026-09-24T07:55:12.149060+00:00
951,238.85999999999999,2026-09-24T07:55:12.149589+00:00
952,239.053,2026-09-24T07:55:12.150103+00:00
953,239.18800000000002,2026-09-24T07:55:12.150631+00:00
954,239.345,2026-09-24T07:55:12.151125+00:00
955,239.572,2026-09-24T07:55:12.151678+00:00
956,239.728,2026-09-24T07:55:12.152180+00:00
957,239.921,2026-09-24T07:55:12.152719+00:00
958,240.07899999999998,2026-09-24T07:55:12.153224+00:00
959,240.315,2026-09-24T07:55:12.153795+00:00
960,240.503,2026-09-24T07:55:12.154297+00:00
961,240.739,2026-09-24T07:55:12.154887+00:00
962,240.901,2026-09-24T07:55:12.155385+00:00
963,241.147,2026-09-24T07:55:12.155966+00:00
964,241.33599999999998,2026-09-24T07:55:12.156470+00:00
965,241.48600000000002,2026-09-24T07:55:12.156970+00:00
966,241.74300000000002,2026-09-24T07:55:12.157556+00:00
967,241.93200000000002,2026-09-24T07:55:12.158073+00:00
968,242.093,2026-09-24T07:55:12.158571+00:00
969,242.12300000000002,2026-09-24T07:55:12.159031+00:00
970,242.191,2026-09-24T07:55:12.159540+00:00
971,242.254,2026-09-24T07:55:12.160034+00:00
972,242.32000000000002,2026-09-24T07:55:12.160549+00:00
973,242.29899999999998,2026-09-24T07:55:12.161058+00:00
974,242.469,2026-09-24T07:55:12.161655+00:00
975,242.533,2026-09-24T07:55:12.162124+00:00
976,242.63199999999998,2026-09-24T07:55:12.162638+00:00
977,242.694,2026-09-24T07:55:12.163118+00:00
978,242.811,2026-09-24T07:55:12.163646+00:00
979,242.88899999999998,2026-09-24T07:55:12.164097+00:00
980,243.035,2026-09-24T07:55:12.164671+00:00
981,243.23,2026-09-24T07:55:12.165190+00:00
982,243.449,2026-09-24T07:55:12.165703+00:00
983,243.649,2026-09-24T07:55:12.166211+00:00
984,243.861,2026-09-24T07:55:12.166743+00:00
985,244.102,2026-09-24T07:55:12.167290+00:00
986,244.253,2026-09-24T07:55:12.167861+00:00
987,244.238,2026-09-24T07:55:12.168398+00:00
988,244.272,2026-09-24T07:55:12.168951+00:00
989,244.264,2026-09-24T07:55:12.169496+00:00
990,244.578,2026-09-24T07:55:12.170296+00:00
991,245.13,2026-09-24T07:55:12.171207+00:00
992,245.50900000000001,2026-09-24T07:55:12.171885+00:00
993,246.075,2026-09-24T07:55:12.172787+00:00
994,247.095,2026-09-24T07:55:12.174136+00:00
995,247.506,2026-09-24T07:55:12.175091+00:00
996,248.088,2026-09-24T07:55:12.175985+00:00
997,248.637,2026-09-24T07:55:12.176843+00:00
998,249.014,2026-09-24T07:55:12.177550+00:00
999,249.705,2026-09-24T07:55:12.178590+00:00
1000,250.08,2026-09-24T07:55:12.179303+00:00
1001,250.36,2026-09-24T07:55:12.180003+00:00
1002,250.76700000000002,2026-09-24T07:55:12.180850+00:00
1003,251.42999999999998,2026-09-24T07:55:12.181862+00:00
1004,251.805,2026-09-24T07:55:12.182617+00:00
1005,252.263,2026-09-24T07:55:12.183427+00:00
1006,252.671,2026-09-24T07:55:12.184162+00:00
1007,253.18099999999998,2026-09-24T07:55:12.184978+00:00
1008,253.534,2026-09-24T07:55:12.185645+00:00
1009,253.868,2026-09-24T07:55:12.186319+00:00
1010,254.28400000000002,2026-09-24T07:55:12.187040+00:00
1011,254.70100000000002,2026-09-24T07:55:12.187765+00:00
1012,255.029,2026-09-24T07:55:12.188380+00:00
1013,255.436,2026-09-24T07:55:12.189128+00:00
1014,255.871,2026-09-24T07:55:12.189868+00:00
1015,256.262,2026-09-24T07:55:12.190566+00:00
1016,256.501,2026-09-24T07:55:12.191255+00:00
1017,256.964,2026-09-24T07:55:12.192072+00:00
1018,257.671,2026-09-24T07:55:12.193142+00:00
1019,258.16299999999995,2026-09-24T07:55:12.193955+00:00
1020,258.538,2026-09-24T07:55:12.194647+00:00
1021,259.473,2026-09-24T07:55:12.195928+00:00
1022,260.193,2026-09-24T07:55:12.196982+00:00
1023,260.654,2026-09-24T07:55:12.197792+00:00
1024,261.167,2026-09-24T07:55:12.198638+00:00
1025,261.885,2026-09-24T07:55:12.199682+00:00
1026,262.233,2026-09-24T07:55:12.200352+00:00
1027,262.686,2026-09-24T07:55:12.201129+00:00
1028,263.193,2026-09-24T07:55:12.201968+00:00
1029,263.364,2026-09-24T07:55:12.202626+00:00
1030,263.67600000000004,2026-09-24T07:55:12.203261+00:00
1031,264.004,2026-09-24T07:55:12.203909+00:00
1032,264.351,2026-09-24T07:55:12.204559+00:00
1033,264.624,2026-09-24T07:55:12.205161+00:00
1034,264.95099999999996,2026-09-24T07:55:12.205802+00:00
1035,265.239,2026-09-24T07:55:12.206399+00:00
1036,265.555,2026-09-24T07:55:12.207029+00:00
1037,265.963,2026-09-24T07:55:12.207747+00:00
1038,266.51399999999995,2026-09-24T07:55:12.208637+00:00
1039,266.896,2026-09-24T07:55:12.209334+00:00
1040,267.571,2026-09-24T07:55:12.210371+00:00
1041,268.928,2026-09-24T07:55:12.212039+00:00
1042,269.48299999999995,2026-09-24T07:55:12.212916+00:00
1043,269.81,2026-09-24T07:55:12.213564+00:00
1044,269.974,2026-09-24T07:55:12.214286+00:00
1045,270.462,2026-09-24T07:55:12.215115+00:00
1046,271.07,2026-09-24T07:55:12.216043+00:00
1047,271.44800000000004,2026-09-24T07:55:12.216733+00:00
1048,271.777,2026-09-24T07:55:12.217425+00:00
1049,272.09499999999997,2026-09-24T07:55:12.218116+00:00
1050,272.482,2026-09-24T07:55:12.218852+00:00
1051,272.758,2026-09-24T07:55:12.219504+00:00
1052,273.06399999999996,2026-09-24T07:55:12.220177+00:00
1053,273.611,2026-09-24T07:55:12.221085+00:00
1054,273.94,2026-09-24T07:55:12.221757+00:00
1055,274.30199999999996,2026-09-24T07:55:12.222535+00:00
1056,274.92699999999996,2026-09-24T07:55:12.223538+00:00
1057,275.373,2026-09-24T07:55:12.224320+00:00
1058,275.726,2026-09-24T07:55:12.224990+00:00
1059,276.0,2026-09-24T07:55:12.225613+00:00
1060,276.306,2026-09-24T07:55:12.226247+00:00
1061,276.603,2026-09-24T07:55:12.226895+00:00
1062,276.902,2026-09-24T07:55:12.227529+00:00
1063,277.478,2026-09-24T07:55:12.228446+00:00
1064,278.277,2026-09-24T07:55:12.229582+00:00
1065,279.114,2026-09-24T07:55:12.230783+00:00
1066,279.91700000000003,2026-09-24T07:55:12.231932+00:00
1067,280.608,2026-09-24T07:55:12.232969+00:00
1068,281.19,2026-09-24T07:55:12.234011+00:00
1069,281.709,2026-09-24T07:55:12.234955+00:00
1070,282.14,2026-09-24T07:55:12.235719+00:00
1071,282.457,2026-09-24T07:55:12.236361+00:00
1072,283.092,2026-09-24T07:55:12.237312+00:00
1073,283.903,2026-09-24T07:55:12.238442+00:00
1074,284.326,2026-09-24T07:55:12.239190+00:00
1075,284.786,2026-09-24T07:55:12.239951+00:00
1076,285.24399999999997,2026-09-24T07:55:12.240724+00:00
1077,285.508,2026-09-24T07:55:12.241489+00:00
1078,285.92699999999996,2026-09-24T07:55:12.242248+00:00
1079,286.402,2026-09-24T07:55:12.243052+00:00
1080,286.777,2026-09-24T07:55:12.243757+00:00
1081,287.192,2026-09-24T07:55:12.244491+00:00
1082,287.586,2026-09-24T07:55:12.245232+00:00
1083,287.94,2026-09-24T07:55:12.245916+00:00
1084,288.39500000000004,2026-09-24T07:55:12.246677+00:00
1085,288.892,2026-09-24T07:55:12.247524+00:00
1086,289.41299999999995,2026-09-24T07:55:12.248378+00:00
1087,289.814,2026-09-24T07:55:12.249078+00:00
1088,290.574,2026-09-24T07:55:12.250152+00:00
1089,290.94100000000003,2026-09-24T07:55:12.250802+00:00
1090,291.19,2026-09-24T07:55:12.251360+00:00
1091,291.58,2026-09-24T07:55:12.252067+00:00
1092,291.588,2026-09-24T07:55:12.252708+00:00
1093,291.851,2026-09-24T07:55:12.253312+00:00
1094,292.21799999999996,2026-09-24T07:55:12.254013+00:00
1095,292.653,2026-09-24T07:55:12.254775+00:00
1096,292.997,2026-09-24T07:55:12.255430+00:00
1097,293.402,2026-09-24T07:55:12.256143+00:00
1098,293.665,2026-09-24T07:55:12.256751+00:00
1099,294.039,2026-09-24T07:55:12.257459+00:00
1100,294.416,2026-09-24T07:55:12.258144+00:00
1101,294.753,2026-09-24T07:55:12.258805+00:00
1102,295.046,2026-09-24T07:55:12.259399+00:00
1103,295.344,2026-09-24T07:55:12.260032+00:00
1104,295.655,2026-09-24T07:55:12.260662+00:00
1105,295.954,2026-09-24T07:55:12.261263+00:00
1106,296.399,2026-09-24T07:55:12.262046+00:00
1107,296.76599999999996,2026-09-24T07:55:12.262722+00:00
1108,297.174,2026-09-24T07:55:12.263446+00:00
1109,297.53000000000003,2026-09-24T07:55:12.264147+00:00
1110,297.964,2026-09-24T07:55:12.264879+00:00
1111,298.31,2026-09-24T07:55:12.265539+00:00
1112,298.635,2026-09-24T07:55:12.266206+00:00
1113,298.96299999999997,2026-09-24T07:55:12.266838+00:00
1114,299.29299999999995,2026-09-24T07:55:12.267480+00:00
1115,299.599,2026-09-24T07:55:12.268111+00:00
1116,299.875,2026-09-24T07:55:12.268744+00:00
1117,300.18899999999996,2026-09-24T07:55:12.269374+00:00
1118,300.499,2026-09-24T07:55:12.270010+00:00
1119,300.829,2026-09-24T07:55:12.270663+00:00
1120,301.085,2026-09-24T07:55:12.271264+00:00
1121,301.34,2026-09-24T07:55:12.271846+00:00
1122,301.56500000000005,2026-09-24T07:55:12.272384+00:00
1123,301.813,2026-09-24T07:55:12.272932+00:00
1124,302.075,2026-09-24T07:55:12.273501+00:00
1125,302.298,2026-09-24T07:55:12.274039+00:00
1126,302.544,2026-09-24T07:55:12.274587+00:00
1127,302.818,2026-09-24T07:55:12.275171+00:00
1128,303.033,2026-09-24T07:55:12.275707+00:00
1129,303.25800000000004,2026-09-24T07:55:12.276241+00:00
1130,303.508,2026-09-24T07:55:12.276793+00:00
1131,303.71,2026-09-24T07:55:12.277316+00:00
1132,303.939,2026-09-24T07:55:12.277853+00:00
1133,304.17699999999996,2026-09-24T07:55:12.278378+00:00
1134,304.398,2026-09-24T07:55:12.278916+00:00
1135,304.779,2026-09-24T07:55:12.279658+00:00
1136,305.054,2026-09-24T07:55:12.280267+00:00
1137,305.282,2026-09-24T07:55:12.280865+00:00
1138,305.627,2026-09-24T07:55:12.281528+00:00
1139,305.927,2026-09-24T07:55:12.282156+00:00
1140,306.201,2026-09-24T07:55:12.282743+00:00
1141,306.765,2026-09-24T07:55:12.283618+00:00
1142,307.089,2026-09-24T07:55:12.284253+00:00
1143,307.447,2026-09-24T07:55:12.284943+00:00
1144,307.741,2026-09-24T07:55:12.285552+00:00
1145,308.041,2026-09-24T07:55:12.286164+00:00
1146,308.35,2026-09-24T07:55:12.286817+00:00
1147,308.591,2026-09-24T07:55:12.287389+00:00
1148,309.147,2026-09-24T07:55:12.288243+00:00
1149,309.90000000000003,2026-09-24T07:55:12.289318+00:00
1150,310.473,2026-09-24T07:55:12.290216+00:00
1151,310.902,2026-09-24T07:55:12.290963+00:00
1152,311.305,2026-09-24T07:55:12.291695+00:00
1153,311.618,2026-09-24T07:55:12.292334+00:00
1154,311.969,2026-09-24T07:55:12.292993+00:00
1155,312.36,2026-09-24T07:55:12.293686+00:00
1156,312.701,2026-09-24T07:55:12.294350+00:00
1157,313.113,2026-09-24T07:55:12.295086+00:00
1158,313.513,2026-09-24T07:55:12.295816+00:00
1159,313.94899999999996,2026-09-24T07:55:12.296577+00:00
1160,314.192,2026-09-24T07:55:12.297160+00:00
1161,314.493,2026-09-24T07:55:12.297782+00:00
1162,314.731,2026-09-24T07:55:12.298345+00:00
1163,315.038,2026-09-24T07:55:12.298983+00:00
1164,315.231,2026-09-24T07:55:12.299530+00:00
1165,315.339,2026-09-24T07:55:12.300024+00:00
1166,315.39099999999996,2026-09-24T07:55:12.300510+00:00
1167,315.52200000000005,2026-09-24T07:55:12.300979+00:00
1168,315.651,2026-09-24T07:55:12.301448+00:00
1169,315.87,2026-09-24T07:55:12.302008+00:00
1170,316.074,2026-09-24T07:55:12.302550+00:00
1171,316.23699999999997,2026-09-24T07:55:12.303057+00:00
1172,316.476,2026-09-24T07:55:12.303623+00:00
1173,316.637,2026-09-24T07:55:12.304172+00:00
1174,316.87399999999997,2026-09-24T07:55:12.304735+00:00
1175,317.305,2026-09-24T07:55:12.305470+00:00
1176,317.654,2026-09-24T07:55:12.306135+00:00
1177,317.885,2026-09-24T07:55:12.306691+00:00
1178,318.158,2026-09-24T07:55:12.307266+00:00
1179,318.44800000000004,2026-09-24T07:55:12.307881+00:00
1180,318.73699999999997,2026-09-24T07:55:12.308496+00:00
1181,319.034,2026-09-24T07:55:12.309109+00:00
1182,319.328,2026-09-24T07:55:12.309706+00:00
1183,319.55699999999996,2026-09-24T07:55:12.310267+00:00
1184,319.819,2026-09-24T07:55:12.310854+00:00
1185,320.10499999999996,2026-09-24T07:55:12.311454+00:00
1186,320.37100000000004,2026-09-24T07:55:12.312089+00:00
1187,320.622,2026-09-24T07:55:12.312670+00:00
1188,320.807,2026-09-24T07:55:12.313267+00:00
1189,321.08,2026-09-24T07:55:12.313856+00:00
1190,321.413,2026-09-24T07:55:12.314528+00:00
1191,321.63399999999996,2026-09-24T07:55:12.315265+00:00
1192,322.025,2026-09-24T07:55:12.316236+00:00
1193,322.259,2026-09-24T07:55:12.316898+00:00
1194,322.729,2026-09-24T07:55:12.317754+00:00
1195,323.31300000000005,2026-09-24T07:55:12.318743+00:00
1196,323.513,2026-09-24T07:55:12.319502+00:00
1197,323.71,2026-09-24T07:55:12.320161+00:00
1198,323.777,2026-09-24T07:55:12.320774+00:00
1199,323.74399999999997,2026-09-24T07:55:12.321390+00:00
1200,323.807,2026-09-24T07:55:12.322045+00:00
1201,323.964,2026-09-24T07:55:12.322713+00:00
1202,324.069,2026-09-24T07:55:12.323287+00:00
1203,324.434,2026-09-24T07:55:12.324112+00:00
1204,324.717,2026-09-24T07:55:12.324750+00:00
1205,324.995,2026-09-24T07:55:12.325331+00:00
1206,325.338,2026-09-24T07:55:12.325985+00:00
1207,325.57000000000005,2026-09-24T07:55:12.326622+00:00
1208,325.92900000000003,2026-09-24T07:55:12.327305+00:00
1209,326.252,2026-09-24T07:55:12.327976+00:00
1210,326.582,2026-09-24T07:55:12.328618+00:00
1211,327.00800000000004,2026-09-24T07:55:12.329364+00:00
1212,327.438,2026-09-24T07:55:12.330135+00:00
1213,327.757,2026-09-24T07:55:12.330806+00:00
1214,328.08799999999997,2026-09-24T07:55:12.331524+00:00
1215,328.308,2026-09-24T07:55:12.332189+00:00
1216,328.593,2026-09-24T07:55:12.333029+00:00
1217,328.82,2026-09-24T07:55:12.333745+00:00
1218,328.81300000000005,2026-09-24T07:55:12.334292+00:00
1219,328.974,2026-09-24T07:55:12.334850+00:00
1220,329.128,2026-09-24T07:55:12.335368+00:00
1221,329.36,2026-09-24T07:55:12.335987+00:00
1222,329.509,2026-09-24T07:55:12.336515+00:00
1223,329.765,2026-09-24T07:55:12.337109+00:00
1224,329.98199999999997,2026-09-24T07:55:12.337679+00:00
1225,330.19,2026-09-24T07:55:12.338218+00:00
1226,330.37300000000005,2026-09-24T07:55:12.338746+00:00
1227,330.491,2026-09-24T07:55:12.339272+00:00
1228,330.677,2026-09-24T07:55:12.339832+00:00
1229,330.787,2026-09-24T07:55:12.340332+00:00
1230,330.966,2026-09-24T07:55:12.340875+00:00
1231,331.121,2026-09-24T07:55:12.341393+00:00
1232,330.95599999999996,2026-09-24T07:55:12.341912+00:00
1233,331.089,2026-09-24T07:55:12.342439+00:00
1234,331.23,2026-09-24T07:55:12.342982+00:00
1235,331.374,2026-09-24T07:55:12.343483+00:00
1236,331.55600000000004,2026-09-24T07:55:12.344026+00:00
1237,331.81899999999996,2026-09-24T07:55:12.344696+00:00
1238,332.195,2026-09-24T07:55:12.345457+00:00
1239,332.549,2026-09-24T07:55:12.346224+00:00
1240,332.749,2026-09-24T07:55:12.346789+00:00
1241,332.918,2026-09-24T07:55:12.347324+00:00
1242,333.334,2026-09-24T07:55:12.348091+00:00
1243,333.733,2026-09-24T07:55:12.348833+00:00
1244,333.978,2026-09-24T07:55:12.349435+00:00
1245,334.14,2026-09-24T07:55:12.350004+00:00
1246,334.597,2026-09-24T07:55:12.350850+00:00
1247,335.022,2026-09-24T07:55:12.351644+00:00
1248,335.238,2026-09-24T07:55:12.352162+00:00
1249,335.538,2026-09-24T07:55:12.352772+00:00
1250,335.884,2026-09-24T07:55:12.353456+00:00
1251,336.21299999999997,2026-09-24T07:55:12.354075+00:00
1252,336.482,2026-09-24T07:55:12.354628+00:00
1253,336.872,2026-09-24T07:55:12.355304+00:00
1254,337.096,2026-09-24T07:55:12.355907+00:00
1255,337.704,2026-09-24T07:55:12.356824+00:00
1256,338.098,2026-09-24T07:55:12.357643+00:00
1257,338.52500000000003,2026-09-24T07:55:12.358397+00:00
1258,338.945,2026-09-24T07:55:12.359121+00:00
1259,339.32099999999997,2026-09-24T07:55:12.359816+00:00
1260,339.72,2026-09-24T07:55:12.360509+00:00
1261,340.031,2026-09-24T07:55:12.361140+00:00
1262,340.34700000000004,2026-09-24T07:55:12.361778+00:00
1263,340.795,2026-09-24T07:55:12.362535+00:00
1264,341.236,2026-09-24T07:55:12.363283+00:00
1265,341.463,2026-09-24T07:55:12.364010+00:00
1266,341.731,2026-09-24T07:55:12.364674+00:00
1267,342.058,2026-09-24T07:55:12.365354+00:00
1268,342.413,2026-09-24T07:55:12.366053+00:00
1269,342.734,2026-09-24T07:55:12.366730+00:00
1270,343.186,2026-09-24T07:55:12.367500+00:00
1271,343.581,2026-09-24T07:55:12.368228+00:00
1272,343.92400000000004,2026-09-24T07:55:12.368896+00:00
1273,344.183,2026-09-24T07:55:12.369500+00:00
1274,344.40500000000003,2026-09-24T07:55:12.370060+00:00
1275,344.636,2026-09-24T07:55:12.370623+00:00
1276,344.853,2026-09-24T07:55:12.371175+00:00
1277,345.059,2026-09-24T07:55:12.371726+00:00
1278,345.286,2026-09-24T07:55:12.372256+00:00
1279,345.588,2026-09-24T07:55:12.372861+00:00
1280,345.529,2026-09-24T07:55:12.373384+00:00
1281,345.774,2026-09-24T07:55:12.373937+00:00
1282,345.97499999999997,2026-09-24T07:55:12.374447+00:00
1283,346.187,2026-09-24T07:55:12.374983+00:00
1284,346.429,2026-09-24T07:55:12.375533+00:00
1285,346.69899999999996,2026-09-24T07:55:12.376095+00:00
1286,346.875,2026-09-24T07:55:12.376634+00:00
1287,347.118,2026-09-24T07:55:12.377176+00:00
1288,347.339,2026-09-24T07:55:12.377695+00:00
1289,347.54699999999997,2026-09-24T07:55:12.378227+00:00
1290,347.855,2026-09-24T07:55:12.378848+00:00
1291,348.009,2026-09-24T07:55:12.379375+00:00
1292,348.10999999999996,2026-09-24T07:55:12.379896+00:00
1293,348.265,2026-09-24T07:55:12.380375+00:00
1294,348.489,2026-09-24T07:55:12.380956+00:00
1295,348.714,2026-09-24T07:55:12.381504+00:00
1296,348.925,2026-09-24T07:55:12.382030+00:00
1297,349.16700000000003,2026-09-24T07:55:12.382588+00:00
1298,349.39599999999996,2026-09-24T07:55:12.383124+00:00
1299,349.89,2026-09-24T07:55:12.383917+00:00
1300,350.209,2026-09-24T07:55:12.384543+00:00
1301,350.46500000000003,2026-09-24T07:55:12.385107+00:00
1302,350.543,2026-09-24T07:55:12.385673+00:00
1303,350.66,2026-09-24T07:55:12.386177+00:00
1304,350.86,2026-09-24T07:55:12.386732+00:00
1305,350.929,2026-09-24T07:55:12.387235+00:00
1306,350.919,2026-09-24T07:55:12.387786+00:00
1307,351.026,2026-09-24T07:55:12.388286+00:00
1308,351.343,2026-09-24T07:55:12.388952+00:00
1309,351.541,2026-09-24T07:55:12.389588+00:00
1310,351.472,2026-09-24T07:55:12.390204+00:00
1311,351.445,2026-09-24T07:55:12.390817+00:00
1312,351.609,2026-09-24T07:55:12.391434+00:00
1313,351.812,2026-09-24T07:55:12.392120+00:00
1314,351.939,2026-09-24T07:55:12.392720+00:00
1315,352.10999999999996,2026-09-24T07:55:12.393323+00:00
1316,352.344,2026-09-24T07:55:12.393972+00:00
1317,352.512,2026-09-24T07:55:12.394547+00:00
1318,352.715,2026-09-24T07:55:12.395189+00:00
1319,352.88000000000005,2026-09-24T07:55:12.395857+00:00
1320,353.26099999999997,2026-09-24T07:55:12.396664+00:00
1321,353.88199999999995,2026-09-24T07:55:12.397961+00:00
1322,354.385,2026-09-24T07:55:12.399091+00:00
1323,354.661,2026-09-24T07:55:12.399961+00:00
1324,354.77,2026-09-24T07:55:12.400592+00:00
1325,354.87,2026-09-24T07:55:12.401141+00:00
1326,354.937,2026-09-24T07:55:12.401670+00:00
1327,354.996,2026-09-24T07:55:12.402165+00:00
1328,355.097,2026-09-24T07:55:12.402654+00:00
1329,355.177,2026-09-24T07:55:12.403141+00:00
1330,355.27,2026-09-24T07:55:12.403703+00:00
1331,355.52099999999996,2026-09-24T07:55:12.404374+00:00
1332,355.798,2026-09-24T07:55:12.405007+00:00
1333,356.041,2026-09-24T07:55:12.405641+00:00
1334,356.35699999999997,2026-09-24T07:55:12.406373+00:00
1335,356.508,2026-09-24T07:55:12.406971+00:00
1336,356.74699999999996,2026-09-24T07:55:12.407575+00:00
1337,356.85299999999995,2026-09-24T07:55:12.408163+00:00
1338,356.97299999999996,2026-09-24T07:55:12.408726+00:00
1339,356.723,2026-09-24T07:55:12.409315+00:00
1340,356.9,2026-09-24T07:55:12.409909+00:00
1341,357.045,2026-09-24T07:55:12.410450+00:00
1342,357.145,2026-09-24T07:55:12.411001+00:00
1343,357.57800000000003,2026-09-24T07:55:12.411864+00:00
1344,357.833,2026-09-24T07:55:12.412540+00:00
1345,358.248,2026-09-24T07:55:12.413354+00:00
1346,358.72900000000004,2026-09-24T07:55:12.414258+00:00
1347,358.96099999999996,2026-09-24T07:55:12.414921+00:00
1348,359.238,2026-09-24T07:55:12.415626+00:00
1349,359.588,2026-09-24T07:55:12.416372+00:00
1350,359.949,2026-09-24T07:55:12.417058+00:00
1351,360.255,2026-09-24T07:55:12.417705+00:00
1352,360.541,2026-09-24T07:55:12.418373+00:00
1353,360.786,2026-09-24T07:55:12.418986+00:00
1354,361.117,2026-09-24T07:55:12.419657+00:00
1355,361.47,2026-09-24T07:55:12.420401+00:00
1356,361.728,2026-09-24T07:55:12.421022+00:00
1357,361.966,2026-09-24T07:55:12.421670+00:00
1358,362.226,2026-09-24T07:55:12.422259+00:00
1359,362.681,2026-09-24T07:55:12.423040+00:00
1360,362.888,2026-09-24T07:55:12.423632+00:00
1361,363.328,2026-09-24T07:55:12.424462+00:00
1362,363.634,2026-09-24T07:55:12.425116+00:00
1363,363.945,2026-09-24T07:55:12.425780+00:00
1364,364.26599999999996,2026-09-24T07:55:12.426429+00:00
1365,364.603,2026-09-24T07:55:12.427108+00:00
1366,364.92,2026-09-24T07:55:12.427760+00:00
1367,365.21700000000004,2026-09-24T07:55:12.428406+00:00
1368,365.547,2026-09-24T07:55:12.429046+00:00
1369,365.81399999999996,2026-09-24T07:55:12.429682+00:00
1370,366.084,2026-09-24T07:55:12.430278+00:00
1371,366.396,2026-09-24T07:55:12.430921+00:00
1372,366.68600000000004,2026-09-24T07:55:12.431549+00:00
1373,367.125,2026-09-24T07:55:12.432304+00:00
1374,367.83900000000006,2026-09-24T07:55:12.433356+00:00
1375,368.313,2026-09-24T07:55:12.434148+00:00
1376,368.701,2026-09-24T07:55:12.434858+00:00
1377,369.17100000000005,2026-09-24T07:55:12.435662+00:00
1378,369.85,2026-09-24T07:55:12.436651+00:00
1379,370.26599999999996,2026-09-24T07:55:12.437382+00:00
1380,370.51,2026-09-24T07:55:12.437956+00:00
1381,370.649,2026-09-24T07:55:12.438443+00:00
1382,370.78299999999996,2026-09-24T07:55:12.438922+00:00
1383,370.976,2026-09-24T07:55:12.439456+00:00
1384,371.20599999999996,2026-09-24T07:55:12.440005+00:00
1385,371.396,2026-09-24T07:55:12.440526+00:00
1386,371.546,2026-09-24T07:55:12.441037+00:00
1387,371.782,2026-09-24T07:55:12.441596+00:00
1388,372.09999999999997,2026-09-24T07:55:12.442217+00:00
1389,372.454,2026-09-24T07:55:12.442947+00:00
1390,372.896,2026-09-24T07:55:12.443755+00:00
1391,373.23400000000004,2026-09-24T07:55:12.444383+00:00
1392,373.54900000000004,2026-09-24T07:55:12.445048+00:00
1393,373.835,2026-09-24T07:55:12.445658+00:00
1394,374.11,2026-09-24T07:55:12.446229+00:00
1395,374.24800000000005,2026-09-24T07:55:12.446837+00:00
1396,374.34000000000003,2026-09-24T07:55:12.447403+00:00
1397,374.57099999999997,2026-09-24T07:55:12.448035+00:00
1398,374.769,2026-09-24T07:55:12.448590+00:00
1399,374.997,2026-09-24T07:55:12.449170+00:00
1400,375.469,2026-09-24T07:55:12.449994+00:00
1401,375.76500000000004,2026-09-24T07:55:12.450626+00:00
1402,375.96000000000004,2026-09-24T07:55:12.451150+00:00
1403,376.142,2026-09-24T07:55:12.451656+00:00
1404,376.26599999999996,2026-09-24T07:55:12.452142+00:00
1405,376.519,2026-09-24T07:55:12.452700+00:00
1406,376.712,2026-09-24T07:55:12.453234+00:00
1407,376.965,2026-09-24T07:55:12.453851+00:00
1408,377.286,2026-09-24T07:55:12.454533+00:00
1409,377.604,2026-09-24T07:55:12.455238+00:00
1410,377.87,2026-09-24T07:55:12.455839+00:00
1411,378.137,2026-09-24T07:55:12.456448+00:00
1412,378.31399999999996,2026-09-24T07:55:12.457040+00:00
1413,378.553,2026-09-24T07:55:12.457670+00:00
1414,378.748,2026-09-24T07:55:12.458249+00:00
1415,379.02599999999995,2026-09-24T07:55:12.458886+00:00
1416,379.293,2026-09-24T07:55:12.459503+00:00
1417,379.505,2026-09-24T07:55:12.460073+00:00
1418,379.773,2026-09-24T07:55:12.460684+00:00
1419,379.99699999999996,2026-09-24T07:55:12.461250+00:00
1420,380.446,2026-09-24T07:55:12.462038+00:00
1421,380.837,2026-09-24T07:55:12.462776+00:00
1422,381.087,2026-09-24T07:55:12.463381+00:00
1423,381.348,2026-09-24T07:55:12.463995+00:00
1424,381.631,2026-09-24T07:55:12.464635+00:00
1425,381.733,2026-09-24T07:55:12.465222+00:00
1426,382.013,2026-09-24T07:55:12.465868+00:00
1427,382.39099999999996,2026-09-24T07:55:12.466575+00:00
1428,382.805,2026-09-24T07:55:12.467341+00:00
1429,383.043,2026-09-24T07:55:12.467925+00:00
1430,383.353,2026-09-24T07:55:12.468545+00:00
1431,383.512,2026-09-24T07:55:12.469074+00:00
1432,383.67400000000004,2026-09-24T07:55:12.469629+00:00
1433,384.13399999999996,2026-09-24T07:55:12.470454+00:00
1434,384.43300000000005,2026-09-24T07:55:12.471106+00:00
1435,384.76,2026-09-24T07:55:12.471802+00:00
1436,385.08500000000004,2026-09-24T07:55:12.472446+00:00
1437,385.33099999999996,2026-09-24T07:55:12.473073+00:00
1438,385.658,2026-09-24T07:55:12.473744+00:00
1439,385.872,2026-09-24T07:55:12.474314+00:00
1440,386.09900000000005,2026-09-24T07:55:12.474871+00:00
1441,386.27299999999997,2026-09-24T07:55:12.475370+00:00
1442,386.498,2026-09-24T07:55:12.475937+00:00
1443,386.7,2026-09-24T07:55:12.476465+00:00
1444,386.838,2026-09-24T07:55:12.476997+00:00
1445,386.821,2026-09-24T07:55:12.477524+00:00
1446,386.961,2026-09-24T07:55:12.478069+00:00
1447,387.09,2026-09-24T07:55:12.478604+00:00
1448,387.27,2026-09-24T07:55:12.479128+00:00
1449,387.541,2026-09-24T07:55:12.479772+00:00
1450,387.798,2026-09-24T07:55:12.480403+00:00
1451,388.001,2026-09-24T07:55:12.481011+00:00
1452,388.249,2026-09-24T07:55:12.481586+00:00
1453,388.386,2026-09-24T07:55:12.482093+00:00
1454,388.505,2026-09-24T07:55:12.482626+00:00
1455,388.69599999999997,2026-09-24T07:55:12.483156+00:00
1456,388.83299999999997,2026-09-24T07:55:12.483681+00:00
1457,389.03900000000004,2026-09-24T07:55:12.484218+00:00
1458,389.23600000000005,2026-09-24T07:55:12.484762+00:00
1459,389.374,2026-09-24T07:55:12.485279+00:00
1460,389.581,2026-09-24T07:55:12.485806+00:00
1461,389.741,2026-09-24T07:55:12.486315+00:00
1462,389.969,2026-09-24T07:55:12.486898+00:00
1463,390.18199999999996,2026-09-24T07:55:12.487454+00:00
1464,390.351,2026-09-24T07:55:12.487967+00:00
1465,390.55400000000003,2026-09-24T07:55:12.488528+00:00
1466,390.739,2026-09-24T07:55:12.489072+00:00
1467,390.899,2026-09-24T07:55:12.489596+00:00
1468,391.063,2026-09-24T07:55:12.490091+00:00
1469,391.126,2026-09-24T07:55:12.490641+00:00
1470,391.303,2026-09-24T07:55:12.491187+00:00
1471,391.504,2026-09-24T07:55:12.491733+00:00
1472,391.613,2026-09-24T07:55:12.492197+00:00
1473,391.886,2026-09-24T07:55:12.492826+00:00
1474,392.08700000000005,2026-09-24T07:55:12.493349+00:00
1475,392.238,2026-09-24T07:55:12.493868+00:00
1476,392.429,2026-09-24T07:55:12.494378+00:00
1477,392.61,2026-09-24T07:55:12.494900+00:00
1478,392.736,2026-09-24T07:55:12.495407+00:00
1479,392.966,2026-09-24T07:55:12.496097+00:00
1480,392.938,2026-09-24T07:55:12.496756+00:00
1481,392.82800000000003,2026-09-24T07:55:12.497350+00:00
1482,392.899,2026-09-24T07:55:12.497943+00:00
1483,392.928,2026-09-24T07:55:12.498403+00:00
1484,393.117,2026-09-24T07:55:12.498928+00:00
1485,393.34999999999997,2026-09-24T07:55:12.499503+00:00
1486,393.549,2026-09-24T07:55:12.500044+00:00
1487,393.745,2026-09-24T07:55:12.500571+00:00
1488,393.931,2026-09-24T07:55:12.501091+00:00
1489,394.096,2026-09-24T07:55:12.501583+00:00
1490,394.168,2026-09-24T07:55:12.502090+00:00
1491,394.227,2026-09-24T07:55:12.502731+00:00
1492,394.08,2026-09-24T07:55:12.503279+00:00
1493,394.207,2026-09-24T07:55:12.503832+00:00
1494,394.274,2026-09-24T07:55:12.504342+00:00
1495,394.553,2026-09-24T07:55:12.505027+00:00
1496,394.714,2026-09-24T07:55:12.505633+00:00
1497,394.87,2026-09-24T07:55:12.506187+00:00
1498,395.012,2026-09-24T07:55:12.506750+00:00
1499,395.13399999999996,2026-09-24T07:55:12.507282+00:00
1500,395.252,2026-09-24T07:55:12.507834+00:00
1501,395.441,2026-09-24T07:55:12.508374+00:00
1502,395.326,2026-09-24T07:55:12.508947+00:00
1503,395.129,2026-09-24T07:55:12.509484+00:00
1504,395.20300000000003,2026-09-24T07:55:12.510053+00:00
1505,395.32,2026-09-24T07:55:12.510650+00:00
1506,395.49,2026-09-24T07:55:12.511216+00:00
1507,395.655,2026-09-24T07:55:12.511755+00:00
1508,395.76800000000003,2026-09-24T07:55:12.512290+00:00
1509,395.951,2026-09-24T07:55:12.512846+00:00
1510,396.149,2026-09-24T07:55:12.513396+00:00
1511,396.444,2026-09-24T07:55:12.514044+00:00
1512,396.678,2026-09-24T07:55:12.514618+00:00
1513,396.76,2026-09-24T07:55:12.515155+00:00
1514,396.885,2026-09-24T07:55:12.515693+00:00
1515,396.973,2026-09-24T07:55:12.516201+00:00
1516,397.091,2026-09-24T07:55:12.516713+00:00
1517,397.223,2026-09-24T07:55:12.517239+00:00
1518,397.372,2026-09-24T07:55:12.517731+00:00
1519,397.565,2026-09-24T07:55:12.518259+00:00
1520,397.723,2026-09-24T07:55:12.518762+00:00
1521,397.92100000000005,2026-09-24T07:55:12.519288+00:00
1522,398.11400000000003,2026-09-24T07:55:12.519861+00:00
1523,398.27299999999997,2026-09-24T07:55:12.520394+00:00
1524,398.474,2026-09-24T07:55:12.520939+00:00
1525,398.66400000000004,2026-09-24T07:55:12.521494+00:00
1526,398.932,2026-09-24T07:55:12.522133+00:00
1527,399.126,2026-09-24T07:55:12.522680+00:00
1528,399.31699999999995,2026-09-24T07:55:12.523202+00:00
1529,399.5,2026-09-24T07:55:12.523721+00:00
1530,399.546,2026-09-24T07:55:12.524201+00:00
1531,399.581,2026-09-24T07:55:12.524716+00:00
1532,399.75300000000004,2026-09-24T07:55:12.525288+00:00
1533,400.132,2026-09-24T07:55:12.526003+00:00
1534,400.414,2026-09-24T07:55:12.526639+00:00
1535,400.635,2026-09-24T07:55:12.527203+00:00
1536,400.858,2026-09-24T07:55:12.527734+00:00
1537,401.01,2026-09-24T07:55:12.528214+00:00
1538,401.281,2026-09-24T07:55:12.528807+00:00
1539,401.484,2026-09-24T07:55:12.529321+00:00
1540,401.736,2026-09-24T07:55:12.529895+00:00
1541,402.04699999999997,2026-09-24T07:55:12.530534+00:00
1542,402.196,2026-09-24T07:55:12.531082+00:00
1543,402.34799999999996,2026-09-24T07:55:12.531624+00:00
1544,402.22999999999996,2026-09-24T07:55:12.532141+00:00
1545,402.06399999999996,2026-09-24T07:55:12.532736+00:00
1546,401.89000000000004,2026-09-24T07:55:12.533252+00:00
1547,401.893,2026-09-24T07:55:12.533764+00:00
1548,402.005,2026-09-24T07:55:12.534301+00:00
1549,402.02900000000005,2026-09-24T07:55:12.534866+00:00
1550,402.156,2026-09-24T07:55:12.535456+00:00
1551,402.29900000000004,2026-09-24T07:55:12.535983+00:00
1552,402.45799999999997,2026-09-24T07:55:12.536518+00:00
1553,402.714,2026-09-24T07:55:12.537176+00:00
1554,402.913,2026-09-24T07:55:12.537962+00:00
1555,403.121,2026-09-24T07:55:12.538907+00:00
1556,403.38,2026-09-24T07:55:12.539767+00:00
1557,403.58500000000004,2026-09-24T07:55:12.540422+00:00
1558,403.84799999999996,2026-09-24T07:55:12.541066+00:00
1559,403.963,2026-09-24T07:55:12.541671+00:00
1560,404.038,2026-09-24T07:55:12.542287+00:00
1561,404.401,2026-09-24T07:55:12.543015+00:00
1562,404.70099999999996,2026-09-24T07:55:12.543678+00:00
1563,404.881,2026-09-24T07:55:12.544242+00:00
1564,405.129,2026-09-24T07:55:12.544848+00:00
1565,405.33599999999996,2026-09-24T07:55:12.545428+00:00
1566,405.736,2026-09-24T07:55:12.546131+00:00
1567,405.96999999999997,2026-09-24T07:55:12.546725+00:00
1568,406.185,2026-09-24T07:55:12.547288+00:00
1569,406.33799999999997,2026-09-24T07:55:12.547797+00:00
1570,406.548,2026-09-24T07:55:12.548324+00:00
1571,406.722,2026-09-24T07:55:12.548882+00:00
1572,406.79900000000004,2026-09-24T07:55:12.549387+00:00
1573,406.94599999999997,2026-09-24T07:55:12.549930+00:00
1574,407.144,2026-09-24T07:55:12.550496+00:00
1575,407.47299999999996,2026-09-24T07:55:12.551195+00:00
1576,407.714,2026-09-24T07:55:12.551765+00:00
1577,407.895,2026-09-24T07:55:12.552268+00:00
1578,408.119,2026-09-24T07:55:12.552856+00:00
1579,408.31600000000003,2026-09-24T07:55:12.553405+00:00
1580,408.552,2026-09-24T07:55:12.553957+00:00
1581,408.645,2026-09-24T07:55:12.554486+00:00
1582,408.82099999999997,2026-09-24T07:55:12.554992+00:00
1583,409.097,2026-09-24T07:55:12.555569+00:00
1584,409.286,2026-09-24T07:55:12.556099+00:00
1585,409.416,2026-09-24T07:55:12.556595+00:00
1586,409.553,2026-09-24T07:55:12.557135+00:00
1587,409.69,2026-09-24T07:55:12.557654+00:00
1588,409.913,2026-09-24T07:55:12.558206+00:00
1589,410.056,2026-09-24T07:55:12.558767+00:00
1590,410.255,2026-09-24T07:55:12.559308+00:00
1591,410.447,2026-09-24T07:55:12.559824+00:00
1592,410.629,2026-09-24T07:55:12.560371+00:00
1593,410.83599999999996,2026-09-24T07:55:12.560896+00:00
1594,411.111,2026-09-24T07:55:12.561479+00:00
1595,411.30400000000003,2026-09-24T07:55:12.562033+00:00
1596,411.53299999999996,2026-09-24T07:55:12.562579+00:00
1597,411.75600000000003,2026-09-24T07:55:12.563159+00:00
1598,411.97,2026-09-24T07:55:12.563689+00:00
1599,412.129,2026-09-24T07:55:12.564192+00:00
1600,412.354,2026-09-24T07:55:12.564747+00:00
1601,412.516,2026-09-24T07:55:12.565244+00:00
1602,412.688,2026-09-24T07:55:12.565759+00:00
1603,412.845,2026-09-24T07:55:12.566282+00:00
1604,413.208,2026-09-24T07:55:12.566961+00:00
1605,413.537,2026-09-24T07:55:12.567599+00:00
1606,413.704,2026-09-24T07:55:12.568142+00:00
1607,413.983,2026-09-24T07:55:12.568739+00:00
1608,414.222,2026-09-24T07:55:12.569302+00:00
1609,414.468,2026-09-24T07:55:12.569850+00:00
1610,414.75800000000004,2026-09-24T07:55:12.570494+00:00
1611,415.0,2026-09-24T07:55:12.571066+00:00
1612,415.235,2026-09-24T07:55:12.571607+00:00
1613,415.44399999999996,2026-09-24T07:55:12.572147+00:00
1614,415.705,2026-09-24T07:55:12.572712+00:00
1615,415.938,2026-09-24T07:55:12.573281+00:00
1616,416.127,2026-09-24T07:55:12.573836+00:00
1617,416.313,2026-09-24T07:55:12.574357+00:00
1618,416.65200000000004,2026-09-24T07:55:12.575001+00:00
1619,417.08,2026-09-24T07:55:12.575764+00:00
1620,417.363,2026-09-24T07:55:12.576345+00:00
1621,417.66900000000004,2026-09-24T07:55:12.576940+00:00
1622,417.84900000000005,2026-09-24T07:55:12.577452+00:00
1623,418.074,2026-09-24T07:55:12.578000+00:00
1624,418.272,2026-09-24T07:55:12.578527+00:00
1625,418.483,2026-09-24T07:55:12.579049+00:00
1626,418.703,2026-09-24T07:55:12.579606+00:00
1627,418.918,2026-09-24T07:55:12.580173+00:00
1628,419.135,2026-09-24T07:55:12.580720+00:00
1629,419.379,2026-09-24T07:55:12.581266+00:00
1630,419.53200000000004,2026-09-24T07:55:12.581807+00:00
1631,419.74,2026-09-24T07:55:12.582347+00:00
1632,419.97499999999997,2026-09-24T07:55:12.582915+00:00
1633,420.17199999999997,2026-09-24T07:55:12.583441+00:00
1634,420.39500000000004,2026-09-24T07:55:12.583986+00:00
1635,420.684,2026-09-24T07:55:12.584585+00:00
1636,421.007,2026-09-24T07:55:12.585253+00:00
1637,421.174,2026-09-24T07:55:12.585790+00:00
1638,421.41,2026-09-24T07:55:12.586334+00:00
1639,421.637,2026-09-24T07:55:12.586892+00:00
1640,421.798,2026-09-24T07:55:12.587407+00:00
1641,422.037,2026-09-24T07:55:12.587979+00:00
1642,422.24,2026-09-24T07:55:12.588544+00:00
1643,422.408,2026-09-24T07:55:12.589090+00:00
1644,422.568,2026-09-24T07:55:12.589635+00:00
1645,422.65599999999995,2026-09-24T07:55:12.590134+00:00
1646,422.792,2026-09-24T07:55:12.590640+00:00
1647,422.894,2026-09-24T07:55:12.591148+00:00
1648,423.029,2026-09-24T07:55:12.591691+00:00
1649,423.197,2026-09-24T07:55:12.592204+00:00
1650,423.356,2026-09-24T07:55:12.592704+00:00
1651,423.28,2026-09-24T07:55:12.593204+00:00
1652,423.08099999999996,2026-09-24T07:55:12.593754+00:00
1653,423.06100000000004,2026-09-24T07:55:12.594227+00:00
1654,423.004,2026-09-24T07:55:12.594741+00:00
1655,423.159,2026-09-24T07:55:12.595460+00:00
1656,423.196,2026-09-24T07:55:12.596372+00:00
1657,423.111,2026-09-24T07:55:12.597125+00:00
1658,423.14000000000004,2026-09-24T07:55:12.597790+00:00
1659,423.362,2026-09-24T07:55:12.598443+00:00
1660,423.515,2026-09-24T07:55:12.599057+00:00
1661,423.772,2026-09-24T07:55:12.599714+00:00
1662,424.029,2026-09-24T07:55:12.600319+00:00
1663,424.272,2026-09-24T07:55:12.600914+00:00
1664,424.57800000000003,2026-09-24T07:55:12.601571+00:00
1665,424.908,2026-09-24T07:55:12.602210+00:00
1666,425.153,2026-09-24T07:55:12.602807+00:00
1667,425.39300000000003,2026-09-24T07:55:12.603471+00:00
1668,425.696,2026-09-24T07:55:12.604184+00:00
1669,426.055,2026-09-24T07:55:12.604921+00:00
1670,426.286,2026-09-24T07:55:12.605541+00:00
1671,426.539,2026-09-24T07:55:12.606150+00:00
1672,426.675,2026-09-24T07:55:12.606738+00:00
1673,426.61199999999997,2026-09-24T07:55:12.607313+00:00
1674,426.69800000000004,2026-09-24T07:55:12.607922+00:00
1675,426.784,2026-09-24T07:55:12.608540+00:00
1676,426.962,2026-09-24T07:55:12.609152+00:00
1677,426.98199999999997,2026-09-24T07:55:12.609784+00:00
1678,427.03999999999996,2026-09-24T07:55:12.610397+00:00
1679,427.194,2026-09-24T07:55:12.611022+00:00
1680,427.376,2026-09-24T07:55:12.611685+00:00
1681,427.113,2026-09-24T07:55:12.612266+00:00
1682,426.937,2026-09-24T07:55:12.612872+00:00
1683,427.076,2026-09-24T07:55:12.613480+00:00
1684,427.21,2026-09-24T07:55:12.614096+00:00
1685,427.347,2026-09-24T07:55:12.614755+00:00
1686,427.46299999999997,2026-09-24T07:55:12.615383+00:00
1687,427.647,2026-09-24T07:55:12.616014+00:00
1688,427.802,2026-09-24T07:55:12.616689+00:00
1689,428.043,2026-09-24T07:55:12.617419+00:00
1690,428.091,2026-09-24T07:55:12.618082+00:00
1691,428.43199999999996,2026-09-24T07:55:12.618925+00:00
1692,428.62,2026-09-24T07:55:12.619556+00:00
1693,428.687,2026-09-24T07:55:12.620200+00:00
1694,428.89500000000004,2026-09-24T07:55:12.620883+00:00
1695,429.09000000000003,2026-09-24T07:55:12.621537+00:00
1696,429.301,2026-09-24T07:55:12.622183+00:00
1697,429.496,2026-09-24T07:55:12.622835+00:00
1698,429.651,2026-09-24T07:55:12.623460+00:00
1699,429.542,2026-09-24T07:55:12.624107+00:00
1700,429.251,2026-09-24T07:55:12.624756+00:00
1701,429.03999999999996,2026-09-24T07:55:12.625370+00:00
1702,429.149,2026-09-24T07:55:12.626114+00:00
1703,429.243,2026-09-24T07:55:12.626701+00:00
1704,429.21500000000003,2026-09-24T07:55:12.627272+00:00
1705,429.29499999999996,2026-09-24T07:55:12.627901+00:00
1706,429.42,2026-09-24T07:55:12.628545+00:00
1707,429.487,2026-09-24T07:55:12.629140+00:00
1708,429.703,2026-09-24T07:55:12.629769+00:00
1709,429.86999999999995,2026-09-24T07:55:12.630348+00:00
1710,430.004,2026-09-24T07:55:12.630957+00:00
1711,430.088,2026-09-24T07:55:12.631519+00:00
1712,430.254,2026-09-24T07:55:12.632192+00:00
1713,430.537,2026-09-24T07:55:12.632918+00:00
1714,430.61899999999997,2026-09-24T07:55:12.633516+00:00
1715,430.722,2026-09-24T07:55:12.634042+00:00
1716,430.877,2026-09-24T07:55:12.634585+00:00
1717,431.039,2026-09-24T07:55:12.635152+00:00
1718,431.104,2026-09-24T07:55:12.635644+00:00
1719,431.156,2026-09-24T07:55:12.636127+00:00
1720,431.28,2026-09-24T07:55:12.636667+00:00
1721,431.344,2026-09-24T07:55:12.637166+00:00
1722,431.495,2026-09-24T07:55:12.637686+00:00
1723,431.591,2026-09-24T07:55:12.638185+00:00
1724,431.887,2026-09-24T07:55:12.638938+00:00
1725,432.183,2026-09-24T07:55:12.639604+00:00
1726,432.281,2026-09-24T07:55:12.640191+00:00
1727,432.477,2026-09-24T07:55:12.640760+00:00
1728,432.435,2026-09-24T07:55:12.641270+00:00
1729,432.577,2026-09-24T07:55:12.641828+00:00
1730,432.679,2026-09-24T07:55:12.642392+00:00
1731,432.62899999999996,2026-09-24T07:55:12.642949+00:00
1732,431.918,2026-09-24T07:55:12.643703+00:00
1733,432.586,2026-09-24T07:55:12.645011+00:00
1734,432.439,2026-09-24T07:55:12.645728+00:00
1735,432.439,2026-09-24T07:55:12.646364+00:00
1736,432.543,2026-09-24T07:55:12.647032+00:00
1737,432.65700000000004,2026-09-24T07:55:12.647683+00:00
1738,432.643,2026-09-24T07:55:12.648309+00:00
1739,432.592,2026-09-24T07:55:12.648975+00:00
1740,432.658,2026-09-24T07:55:12.649575+00:00
1741,432.744,2026-09-24T07:55:12.650176+00:00
1742,433.075,2026-09-24T07:55:12.650946+00:00
1743,433.329,2026-09-24T07:55:12.651653+00:00
1744,433.604,2026-09-24T07:55:12.652390+00:00
1745,433.842,2026-09-24T07:55:12.653029+00:00
1746,433.933,2026-09-24T07:55:12.653584+00:00
1747,434.074,2026-09-24T07:55:12.654130+00:00
1748,434.06899999999996,2026-09-24T07:55:12.654753+00:00
1749,434.236,2026-09-24T07:55:12.655395+00:00
1750,434.442,2026-09-24T07:55:12.656017+00:00
1751,434.387,2026-09-24T07:55:12.656572+00:00
1752,434.259,2026-09-24T07:55:12.657162+00:00
1753,434.325,2026-09-24T07:55:12.657703+00:00
1754,434.34499999999997,2026-09-24T07:55:12.658223+00:00
1755,434.455,2026-09-24T07:55:12.658747+00:00
1756,434.512,2026-09-24T07:55:12.659254+00:00
1757,434.614,2026-09-24T07:55:12.659787+00:00
1758,434.73,2026-09-24T07:55:12.660311+00:00
1759,434.851,2026-09-24T07:55:12.660852+00:00
1760,434.92900000000003,2026-09-24T07:55:12.661381+00:00
1761,435.03799999999995,2026-09-24T07:55:12.661890+00:00
1762,435.118,2026-09-24T07:55:12.662381+00:00
1763,435.08799999999997,2026-09-24T07:55:12.662913+00:00
1764,435.179,2026-09-24T07:55:12.663400+00:00
1765,435.348,2026-09-24T07:55:12.663963+00:00
1766,435.233,2026-09-24T07:55:12.664477+00:00
1767,435.048,2026-09-24T07:55:12.664989+00:00
1768,434.77,2026-09-24T07:55:12.665494+00:00
1769,434.696,2026-09-24T07:55:12.666070+00:00
1770,434.938,2026-09-24T07:55:12.666922+00:00
1771,435.317,2026-09-24T07:55:12.667866+00:00
1772,435.64799999999997,2026-09-24T07:55:12.668766+00:00
1773,435.85699999999997,2026-09-24T07:55:12.669516+00:00
1774,436.099,2026-09-24T07:55:12.670247+00:00
1775,436.313,2026-09-24T07:55:12.671011+00:00
1776,436.844,2026-09-24T07:55:12.672025+00:00
1777,437.933,2026-09-24T07:55:12.673568+00:00
1778,438.44899999999996,2026-09-24T07:55:12.674540+00:00
1779,438.647,2026-09-24T07:55:12.675353+00:00
1780,439.06600000000003,2026-09-24T07:55:12.676340+00:00
1781,439.50600000000003,2026-09-24T07:55:12.677263+00:00
1782,439.955,2026-09-24T07:55:12.678076+00:00
1783,440.313,2026-09-24T07:55:12.678812+00:00
1784,440.683,2026-09-24T07:55:12.679567+00:00
1785,441.043,2026-09-24T07:55:12.680320+00:00
1786,441.41,2026-09-24T07:55:12.681055+00:00
1787,441.786,2026-09-24T07:55:12.681824+00:00
1788,442.591,2026-09-24T07:55:12.683023+00:00
1789,443.073,2026-09-24T07:55:12.683894+00:00
1790,443.439,2026-09-24T07:55:12.684618+00:00
1791,443.724,2026-09-24T07:55:12.685294+00:00
1792,443.96999999999997,2026-09-24T07:55:12.685911+00:00
1793,444.19199999999995,2026-09-24T07:55:12.686518+00:00
1794,444.517,2026-09-24T07:55:12.687238+00:00
1795,445.268,2026-09-24T07:55:12.688353+00:00
1796,445.711,2026-09-24T07:55:12.689185+00:00
1797,445.772,2026-09-24T07:55:12.689835+00:00
1798,445.633,2026-09-24T07:55:12.690419+00:00
1799,445.94800000000004,2026-09-24T07:55:12.691142+00:00
1800,446.22,2026-09-24T07:55:12.691812+00:00
1801,446.289,2026-09-24T07:55:12.692427+00:00
1802,446.51,2026-09-24T07:55:12.693080+00:00
1803,446.843,2026-09-24T07:55:12.693815+00:00
1804,447.108,2026-09-24T07:55:12.694451+00:00
1805,447.10499999999996,2026-09-24T07:55:12.695015+00:00
1806,447.141,2026-09-24T07:55:12.695531+00:00
1807,447.39,2026-09-24T07:55:12.696221+00:00
1808,447.65700000000004,2026-09-24T07:55:12.696856+00:00
1809,447.67600000000004,2026-09-24T07:55:12.697408+00:00
1810,447.332,2026-09-24T07:55:12.697958+00:00
1811,447.385,2026-09-24T07:55:12.698533+00:00
1812,447.59900000000005,2026-09-24T07:55:12.699298+00:00
1813,448.46999999999997,2026-09-24T07:55:12.700616+00:00
1814,448.866,2026-09-24T07:55:12.701478+00:00
1815,449.62600000000003,2026-09-24T07:55:12.702700+00:00
1816,450.84400000000005,2026-09-24T07:55:12.704365+00:00
1817,451.693,2026-09-24T07:55:12.705677+00:00
1818,452.33299999999997,2026-09-24T07:55:12.706755+00:00
1819,452.654,2026-09-24T07:55:12.707501+00:00
1820,452.978,2026-09-24T07:55:12.708191+00:00
1821,453.472,2026-09-24T07:55:12.709118+00:00
1822,453.82099999999997,2026-09-24T07:55:12.709862+00:00
1823,454.034,2026-09-24T07:55:12.710502+00:00
1824,454.39099999999996,2026-09-24T07:55:12.711237+00:00
1825,454.719,2026-09-24T07:55:12.711922+00:00
1826,454.95799999999997,2026-09-24T07:55:12.712537+00:00
1827,455.55,2026-09-24T07:55:12.713484+00:00
1828,455.984,2026-09-24T07:55:12.714277+00:00
1829,456.677,2026-09-24T07:55:12.715371+00:00
1830,457.475,2026-09-24T07:55:12.716593+00:00
1831,458.231,2026-09-24T07:55:12.717729+00:00
1832,458.755,2026-09-24T07:55:12.718588+00:00
1833,459.146,2026-09-24T07:55:12.719348+00:00
1834,459.65099999999995,2026-09-24T07:55:12.720277+00:00
1835,460.077,2026-09-24T07:55:12.721088+00:00
1836,460.503,2026-09-24T07:55:12.721872+00:00
1837,460.97700000000003,2026-09-24T07:55:12.722715+00:00
1838,461.565,2026-09-24T07:55:12.723696+00:00
1839,462.415,2026-09-24T07:55:12.724904+00:00
1840,463.19300000000004,2026-09-24T07:55:12.726123+00:00
1841,463.72200000000004,2026-09-24T07:55:12.727071+00:00
1842,464.284,2026-09-24T07:55:12.728058+00:00
1843,464.671,2026-09-24T07:55:12.728860+00:00
1844,465.24199999999996,2026-09-24T07:55:12.729847+00:00
1845,466.04499999999996,2026-09-24T07:55:12.731044+00:00
1846,466.696,2026-09-24T07:55:12.732073+00:00
1847,467.194,2026-09-24T07:55:12.733028+00:00
1848,467.643,2026-09-24T07:55:12.733890+00:00
1849,468.21299999999997,2026-09-24T07:55:12.734838+00:00
1850,468.817,2026-09-24T07:55:12.735829+00:00
1851,469.344,2026-09-24T07:55:12.736784+00:00
1852,470.284,2026-09-24T07:55:12.738119+00:00
1853,470.831,2026-09-24T07:55:12.739038+00:00
1854,471.17199999999997,2026-09-24T07:55:12.739776+00:00
1855,471.599,2026-09-24T07:55:12.740635+00:00
1856,472.303,2026-09-24T07:55:12.741764+00:00
1857,472.73199999999997,2026-09-24T07:55:12.742544+00:00
1858,473.149,2026-09-24T07:55:12.743355+00:00
1859,473.454,2026-09-24T07:55:12.744088+00:00
1860,474.15000000000003,2026-09-24T07:55:12.745172+00:00
1861,475.244,2026-09-24T07:55:12.746682+00:00
1862,475.80499999999995,2026-09-24T07:55:12.747862+00:00
1863,476.37800000000004,2026-09-24T07:55:12.748899+00:00
1864,476.889,2026-09-24T07:55:12.749791+00:00
1865,477.67900000000003,2026-09-24T07:55:12.750916+00:00
1866,478.04999999999995,2026-09-24T07:55:12.751666+00:00
1867,478.348,2026-09-24T07:55:12.752283+00:00
1868,478.723,2026-09-24T07:55:12.753003+00:00
1869,479.08099999999996,2026-09-24T07:55:12.753695+00:00
1870,479.336,2026-09-24T07:55:12.754277+00:00
1871,479.614,2026-09-24T07:55:12.754888+00:00
1872,479.879,2026-09-24T07:55:12.755479+00:00
1873,480.117,2026-09-24T07:55:12.756068+00:00
1874,480.388,2026-09-24T07:55:12.756643+00:00
1875,480.661,2026-09-24T07:55:12.757239+00:00
1876,480.88399999999996,2026-09-24T07:55:12.757798+00:00
1877,481.12100000000004,2026-09-24T07:55:12.758345+00:00
1878,481.352,2026-09-24T07:55:12.758912+00:00
1879,481.53000000000003,2026-09-24T07:55:12.759476+00:00
1880,481.78,2026-09-24T07:55:12.760050+00:00
1881,482.048,2026-09-24T07:55:12.760665+00:00
1882,482.314,2026-09-24T07:55:12.761238+00:00
1883,482.618,2026-09-24T07:55:12.762000+00:00
1884,482.77,2026-09-24T07:55:12.762632+00:00
1885,482.914,2026-09-24T07:55:12.763270+00:00
1886,483.48,2026-09-24T07:55:12.764285+00:00
1887,483.748,2026-09-24T07:55:12.764935+00:00
1888,483.93399999999997,2026-09-24T07:55:12.765505+00:00
1889,484.149,2026-09-24T07:55:12.766076+00:00
1890,484.36899999999997,2026-09-24T07:55:12.766639+00:00
1891,484.57,2026-09-24T07:55:12.767198+00:00
1892,484.847,2026-09-24T07:55:12.767850+00:00
1893,485.273,2026-09-24T07:55:12.768631+00:00
1894,485.666,2026-09-24T07:55:12.769482+00:00
1895,485.92999999999995,2026-09-24T07:55:12.770113+00:00
1896,486.184,2026-09-24T07:55:12.770740+00:00
1897,486.61199999999997,2026-09-24T07:55:12.771525+00:00
1898,487.251,2026-09-24T07:55:12.772498+00:00
1899,487.642,2026-09-24T07:55:12.773241+00:00
1900,488.128,2026-09-24T07:55:12.774064+00:00
1901,488.42400000000004,2026-09-24T07:55:12.774702+00:00
1902,488.56100000000004,2026-09-24T07:55:12.775293+00:00
1903,488.848,2026-09-24T07:55:12.775924+00:00
1904,489.082,2026-09-24T07:55:12.776508+00:00
1905,489.325,2026-09-24T07:55:12.777116+00:00
1906,489.61,2026-09-24T07:55:12.777747+00:00
1907,489.842,2026-09-24T07:55:12.778318+00:00
1908,490.159,2026-09-24T07:55:12.778970+00:00
1909,490.999,2026-09-24T07:55:12.780196+00:00
1910,491.771,2026-09-24T07:55:12.781360+00:00
1911,492.084,2026-09-24T07:55:12.782098+00:00
1912,492.39,2026-09-24T07:55:12.782773+00:00
1913,492.59,2026-09-24T07:55:12.783353+00:00
1914,492.90299999999996,2026-09-24T07:55:12.784055+00:00
1915,493.05,2026-09-24T07:55:12.784732+00:00
1916,493.149,2026-09-24T07:55:12.785369+00:00
1917,493.44,2026-09-24T07:55:12.786076+00:00
1918,493.628,2026-09-24T07:55:12.786703+00:00
1919,493.794,2026-09-24T07:55:12.787263+00:00
1920,493.977,2026-09-24T07:55:12.787886+00:00
1921,494.214,2026-09-24T07:55:12.788497+00:00
1922,494.467,2026-09-24T07:55:12.789152+00:00
1923,494.78499999999997,2026-09-24T07:55:12.789813+00:00
1924,495.139,2026-09-24T07:55:12.790490+00:00
1925,495.391,2026-09-24T07:55:12.791099+00:00
1926,495.584,2026-09-24T07:55:12.791745+00:00
1927,495.781,2026-09-24T07:55:12.792345+00:00
1928,495.988,2026-09-24T07:55:12.792949+00:00
1929,496.035,2026-09-24T07:55:12.793583+00:00
1930,495.876,2026-09-24T07:55:12.794268+00:00
1931,495.928,2026-09-24T07:55:12.794882+00:00
1932,496.122,2026-09-24T07:55:12.795516+00:00
1933,496.315,2026-09-24T07:55:12.796137+00:00
1934,496.61100000000005,2026-09-24T07:55:12.796829+00:00
1935,496.97999999999996,2026-09-24T07:55:12.797623+00:00
1936,497.26599999999996,2026-09-24T07:55:12.798306+00:00
1937,497.394,2026-09-24T07:55:12.798847+00:00
1938,497.464,2026-09-24T07:55:12.799395+00:00
1939,497.565,2026-09-24T07:55:12.799943+00:00
1940,497.46000000000004,2026-09-24T07:55:12.800452+00:00
1941,497.49100000000004,2026-09-24T07:55:12.800969+00:00
1942,497.61699999999996,2026-09-24T07:55:12.801530+00:00
1943,497.819,2026-09-24T07:55:12.802132+00:00
1944,498.064,2026-09-24T07:55:12.802804+00:00
1945,498.351,2026-09-24T07:55:12.803443+00:00
1946,498.55100000000004,2026-09-24T07:55:12.804060+00:00
1947,498.721,2026-09-24T07:55:12.804627+00:00
1948,498.61699999999996,2026-09-24T07:55:12.805139+00:00
1949,498.61100000000005,2026-09-24T07:55:12.805678+00:00
1950,498.56600000000003,2026-09-24T07:55:12.806214+00:00
1951,498.727,2026-09-24T07:55:12.806753+00:00
1952,498.923,2026-09-24T07:55:12.807281+00:00
1953,499.073,2026-09-24T07:55:12.807819+00:00
1954,499.231,2026-09-24T07:55:12.808324+00:00
1955,499.394,2026-09-24T07:55:12.808835+00:00
1956,499.524,2026-09-24T07:55:12.809336+00:00
1957,499.67499999999995,2026-09-24T07:55:12.809817+00:00
1958,499.768,2026-09-24T07:55:12.810295+00:00
1959,499.939,2026-09-24T07:55:12.810788+00:00
1960,500.151,2026-09-24T07:55:12.811320+00:00
1961,500.37699999999995,2026-09-24T07:55:12.811877+00:00
1962,500.63599999999997,2026-09-24T07:55:12.812463+00:00
1963,500.849,2026-09-24T07:55:12.812998+00:00
1964,501.058,2026-09-24T07:55:12.813520+00:00
1965,501.138,2026-09-24T07:55:12.814004+00:00
1966,501.21700000000004,2026-09-24T07:55:12.814502+00:00
1967,501.298,2026-09-24T07:55:12.814991+00:00
1968,501.428,2026-09-24T07:55:12.815493+00:00
1969,501.464,2026-09-24T07:55:12.815973+00:00
1970,501.599,2026-09-24T07:55:12.816499+00:00
1971,501.77400000000006,2026-09-24T07:55:12.817007+00:00
1972,501.686,2026-09-24T07:55:12.817582+00:00
1973,501.393,2026-09-24T07:55:12.818094+00:00
1974,501.394,2026-09-24T07:55:12.818626+00:00
1975,501.357,2026-09-24T07:55:12.819136+00:00
1976,501.311,2026-09-24T07:55:12.819643+00:00
1977,501.329,2026-09-24T07:55:12.820162+00:00
1978,501.35200000000003,2026-09-24T07:55:12.820689+00:00
1979,501.259,2026-09-24T07:55:12.821202+00:00
1980,501.359,2026-09-24T07:55:12.821704+00:00
1981,501.46500000000003,2026-09-24T07:55:12.822195+00:00
1982,501.61400000000003,2026-09-24T07:55:12.822697+00:00
1983,501.76699999999994,2026-09-24T07:55:12.823219+00:00
1984,501.95199999999994,2026-09-24T07:55:12.823766+00:00
1985,502.132,2026-09-24T07:55:12.824292+00:00
1986,502.32699999999994,2026-09-24T07:55:12.824838+00:00
1987,502.428,2026-09-24T07:55:12.825314+00:00
1988,502.602,2026-09-24T07:55:12.825833+00:00
1989,502.83500000000004,2026-09-24T07:55:12.826461+00:00
1990,502.98299999999995,2026-09-24T07:55:12.826971+00:00
1991,503.13699999999994,2026-09-24T07:55:12.827464+00:00
1992,503.26800000000003,2026-09-24T07:55:12.828013+00:00
1993,503.382,2026-09-24T07:55:12.828554+00:00
1994,503.43899999999996,2026-09-24T07:55:12.829072+00:00
1995,503.536,2026-09-24T07:55:12.829578+00:00
1996,503.66999999999996,2026-09-24T07:55:12.830142+00:00
1997,503.799,2026-09-24T07:55:12.830720+00:00
1998,503.89399999999995,2026-09-24T07:55:12.831230+00:00
1999,504.01399999999995,2026-09-24T07:55:12.831759+00:00
2000,504.07800000000003,2026-09-24T07:55:12.832241+00:00
2001,504.15900000000005,2026-09-24T07:55:12.832739+00:00
2002,504.147,2026-09-24T07:55:12.833228+00:00
2003,504.181,2026-09-24T07:55:12.833728+00:00
2004,504.246,2026-09-24T07:55:12.834211+00:00
2005,504.26400000000007,2026-09-24T07:55:12.834703+00:00
2006,504.09700000000004,2026-09-24T07:55:12.835190+00:00
2007,504.09700000000004,2026-09-24T07:55:12.835704+00:00
2008,504.182,2026-09-24T07:55:12.836202+00:00
2009,504.15299999999996,2026-09-24T07:55:12.836755+00:00
2010,503.84,2026-09-24T07:55:12.837268+00:00
2011,503.85,2026-09-24T07:55:12.837799+00:00
2012,503.873,2026-09-24T07:55:12.838276+00:00
2013,503.92099999999994,2026-09-24T07:55:12.838785+00:00
2014,503.97700000000003,2026-09-24T07:55:12.839245+00:00
2015,504.034,2026-09-24T07:55:12.839753+00:00
2016,503.966,2026-09-24T07:55:12.840243+00:00
2017,504.07,2026-09-24T07:55:12.840734+00:00
2018,504.336,2026-09-24T07:55:12.841354+00:00
2019,504.49,2026-09-24T07:55:12.841865+00:00
2020,504.64699999999993,2026-09-24T07:55:12.842368+00:00
2021,504.982,2026-09-24T07:55:12.843018+00:00
2022,505.25699999999995,2026-09-24T07:55:12.843657+00:00
2023,505.48199999999997,2026-09-24T07:55:12.844244+00:00
2024,505.72799999999995,2026-09-24T07:55:12.844805+00:00
2025,505.864,2026-09-24T07:55:12.845337+00:00
2026,506.13300000000004,2026-09-24T07:55:12.845969+00:00
2027,506.467,2026-09-24T07:55:12.846627+00:00
2028,506.748,2026-09-24T07:55:12.847242+00:00
2029,506.98299999999995,2026-09-24T07:55:12.847800+00:00
2030,507.335,2026-09-24T07:55:12.848435+00:00
2031,507.59299999999996,2026-09-24T07:55:12.848996+00:00
2032,508.037,2026-09-24T07:55:12.849763+00:00
2033,508.702,2026-09-24T07:55:12.850736+00:00
2034,509.19000000000005,2026-09-24T07:55:12.851546+00:00
2035,509.595,2026-09-24T07:55:12.852318+00:00
2036,510.034,2026-09-24T07:55:12.853057+00:00
2037,510.494,2026-09-24T07:55:12.853815+00:00
2038,510.95,2026-09-24T07:55:12.854625+00:00
2039,511.34599999999995,2026-09-24T07:55:12.855344+00:00
2040,511.841,2026-09-24T07:55:12.856121+00:00
2041,512.323,2026-09-24T07:55:12.856948+00:00
2042,512.601,2026-09-24T07:55:12.857638+00:00
2043,512.943,2026-09-24T07:55:12.858293+00:00
2044,513.0550000000001,2026-09-24T07:55:12.858871+00:00
2045,512.98,2026-09-24T07:55:12.859429+00:00
2046,513.061,2026-09-24T07:55:12.859977+00:00
2047,513.155,2026-09-24T07:55:12.860523+00:00
2048,513.2,2026-09-24T07:55:12.861072+00:00
2049,513.299,2026-09-24T07:55:12.861659+00:00
2050,513.102,2026-09-24T07:55:12.862180+00:00
2051,513.067,2026-09-24T07:55:12.862728+00:00
2052,513.128,2026-09-24T07:55:12.863269+00:00
2053,513.196,2026-09-24T07:55:12.863852+00:00
2054,513.247,2026-09-24T07:55:12.864373+00:00
2055,513.309,2026-09-24T07:55:12.864933+00:00
2056,513.415,2026-09-24T07:55:12.865546+00:00
2057,513.484,2026-09-24T07:55:12.866083+00:00
2058,513.615,2026-09-24T07:55:12.866640+00:00
2059,513.951,2026-09-24T07:55:12.867334+00:00
2060,514.183,2026-09-24T07:55:12.867948+00:00
2061,514.4680000000001,2026-09-24T07:55:12.868627+00:00
2062,514.667,2026-09-24T07:55:12.869190+00:00
2063,514.872,2026-09-24T07:55:12.869743+00:00
2064,515.088,2026-09-24T07:55:12.870297+00:00
2065,515.283,2026-09-24T07:55:12.870871+00:00
2066,515.522,2026-09-24T07:55:12.871438+00:00
2067,515.663,2026-09-24T07:55:12.871966+00:00
2068,515.7040000000001,2026-09-24T07:55:12.872515+00:00
2069,515.8829999999999,2026-09-24T07:55:12.873070+00:00
2070,516.07,2026-09-24T07:55:12.873627+00:00
2071,516.2189999999999,2026-09-24T07:55:12.874181+00:00
2072,516.404,2026-09-24T07:55:12.874748+00:00
2073,516.535,2026-09-24T07:55:12.875280+00:00
2074,516.747,2026-09-24T07:55:12.875824+00:00
2075,516.946,2026-09-24T07:55:12.876378+00:00
2076,517.1510000000001,2026-09-24T07:55:12.876964+00:00
2077,517.435,2026-09-24T07:55:12.877604+00:00
2078,517.842,2026-09-24T07:55:12.878371+00:00
2079,518.261,2026-09-24T07:55:12.879123+00:00
2080,518.636,2026-09-24T07:55:12.879854+00:00
2081,518.977,2026-09-24T07:55:12.880511+00:00
2082,519.288,2026-09-24T07:55:12.881186+00:00
2083,519.522,2026-09-24T07:55:12.881863+00:00
2084,519.652,2026-09-24T07:55:12.882479+00:00
2085,520.011,2026-09-24T07:55:12.883165+00:00
2086,520.404,2026-09-24T07:55:12.883892+00:00
2087,520.771,2026-09-24T07:55:12.884550+00:00
2088,521.128,2026-09-24T07:55:12.885220+00:00
2089,521.617,2026-09-24T07:55:12.885990+00:00
2090,521.972,2026-09-24T07:55:12.886663+00:00
2091,522.332,2026-09-24T07:55:12.887314+00:00
2092,522.77,2026-09-24T07:55:12.888080+00:00
2093,523.212,2026-09-24T07:55:12.888889+00:00
2094,523.516,2026-09-24T07:55:12.889616+00:00
2095,523.5379999999999,2026-09-24T07:55:12.890190+00:00
2096,523.688,2026-09-24T07:55:12.890745+00:00
2097,523.8439999999999,2026-09-24T07:55:12.891308+00:00
2098,524.054,2026-09-24T07:55:12.891902+00:00
2099,524.2470000000001,2026-09-24T07:55:12.892424+00:00
2100,524.499,2026-09-24T07:55:12.892992+00:00
2101,524.815,2026-09-24T07:55:12.893670+00:00
2102,525.171,2026-09-24T07:55:12.894343+00:00
2103,525.5229999999999,2026-09-24T07:55:12.895028+00:00
2104,525.892,2026-09-24T07:55:12.895748+00:00
2105,526.186,2026-09-24T07:55:12.896379+00:00
2106,526.489,2026-09-24T07:55:12.897032+00:00
2107,526.7460000000001,2026-09-24T07:55:12.897637+00:00
2108,527.111,2026-09-24T07:55:12.898334+00:00
2109,527.411,2026-09-24T07:55:12.898964+00:00
2110,527.747,2026-09-24T07:55:12.899628+00:00
2111,528.092,2026-09-24T07:55:12.900282+00:00
2112,528.442,2026-09-24T07:55:12.900952+00:00
2113,528.687,2026-09-24T07:55:12.901566+00:00
2114,528.945,2026-09-24T07:55:12.902158+00:00
2115,529.4590000000001,2026-09-24T07:55:12.902997+00:00
2116,529.9580000000001,2026-09-24T07:55:12.903845+00:00
2117,530.405,2026-09-24T07:55:12.904610+00:00
2118,530.798,2026-09-24T07:55:12.905339+00:00
2119,531.2860000000001,2026-09-24T07:55:12.906154+00:00
2120,531.629,2026-09-24T07:55:12.906846+00:00
2121,531.947,2026-09-24T07:55:12.907483+00:00
2122,532.248,2026-09-24T07:55:12.908106+00:00
2123,532.627,2026-09-24T07:55:12.908822+00:00
2124,533.07,2026-09-24T07:55:12.909593+00:00
2125,533.441,2026-09-24T07:55:12.910330+00:00
2126,533.79,2026-09-24T07:55:12.911003+00:00
2127,534.0350000000001,2026-09-24T07:55:12.911609+00:00
2128,534.265,2026-09-24T07:55:12.912219+00:00
2129,534.519,2026-09-24T07:55:12.912787+00:00
2130,534.774,2026-09-24T07:55:12.913384+00:00
2131,535.087,2026-09-24T07:55:12.914046+00:00
2132,535.2909999999999,2026-09-24T07:55:12.914586+00:00
2133,535.419,2026-09-24T07:55:12.915060+00:00
2134,535.588,2026-09-24T07:55:12.915558+00:00
2135,535.741,2026-09-24T07:55:12.916017+00:00
2136,535.852,2026-09-24T07:55:12.916541+00:00
2137,536.027,2026-09-24T07:55:12.917067+00:00
2138,536.4910000000001,2026-09-24T07:55:12.917857+00:00
2139,536.824,2026-09-24T07:55:12.918559+00:00
2140,537.0749999999999,2026-09-24T07:55:12.919133+00:00
2141,537.249,2026-09-24T07:55:12.919650+00:00
2142,537.438,2026-09-24T07:55:12.920206+00:00
2143,537.852,2026-09-24T07:55:12.920994+00:00
2144,538.523,2026-09-24T07:55:12.921987+00:00
2145,538.927,2026-09-24T07:55:12.922749+00:00
2146,539.343,2026-09-24T07:55:12.923490+00:00
2147,539.511,2026-09-24T07:55:12.924059+00:00
2148,539.755,2026-09-24T07:55:12.924671+00:00
2149,540.029,2026-09-24T07:55:12.925296+00:00
2150,540.588,2026-09-24T07:55:12.926212+00:00
2151,540.938,2026-09-24T07:55:12.926869+00:00
2152,541.322,2026-09-24T07:55:12.927570+00:00
2153,541.7189999999999,2026-09-24T07:55:12.928290+00:00
2154,542.136,2026-09-24T07:55:12.929021+00:00
2155,542.498,2026-09-24T07:55:12.929696+00:00
2156,542.768,2026-09-24T07:55:12.930276+00:00
2157,542.9580000000001,2026-09-24T07:55:12.930796+00:00
2158,543.168,2026-09-24T07:55:12.931337+00:00
2159,543.452,2026-09-24T07:55:12.931952+00:00
2160,543.643,2026-09-24T07:55:12.932473+00:00
2161,543.843,2026-09-24T07:55:12.933003+00:00
2162,544.066,2026-09-24T07:55:12.933581+00:00
2163,544.2510000000001,2026-09-24T07:55:12.934110+00:00
2164,544.458,2026-09-24T07:55:12.934637+00:00
2165,544.676,2026-09-24T07:55:12.935179+00:00
2166,545.15,2026-09-24T07:55:12.935985+00:00
2167,545.5100000000001,2026-09-24T07:55:12.936653+00:00
2168,545.7579999999999,2026-09-24T07:55:12.937246+00:00
2169,546.0260000000001,2026-09-24T07:55:12.937841+00:00
2170,546.2479999999999,2026-09-24T07:55:12.938390+00:00
2171,546.4630000000001,2026-09-24T07:55:12.938948+00:00
2172,546.473,2026-09-24T07:55:12.939546+00:00
2173,546.481,2026-09-24T07:55:12.940144+00:00
2174,546.6450000000001,2026-09-24T07:55:12.940739+00:00
2175,546.808,2026-09-24T07:55:12.941287+00:00
2176,546.9359999999999,2026-09-24T07:55:12.941864+00:00
2177,546.904,2026-09-24T07:55:12.942494+00:00
2178,546.9730000000001,2026-09-24T07:55:12.943046+00:00
2179,547.068,2026-09-24T07:55:12.943659+00:00
2180,546.7729999999999,2026-09-24T07:55:12.944229+00:00
2181,546.586,2026-09-24T07:55:12.944811+00:00
2182,546.467,2026-09-24T07:55:12.945369+00:00
2183,546.5179999999999,2026-09-24T07:55:12.946013+00:00
2184,546.7189999999999,2026-09-24T07:55:12.946745+00:00
2185,546.9079999999999,2026-09-24T07:55:12.947365+00:00
2186,547.15,2026-09-24T07:55:12.947972+00:00
2187,547.735,2026-09-24T07:55:12.948960+00:00
2188,548.4780000000001,2026-09-24T07:55:12.950106+00:00
2189,549.261,2026-09-24T07:55:12.951256+00:00
2190,550.1089999999999,2026-09-24T07:55:12.952480+00:00
2191,550.449,2026-09-24T07:55:12.953225+00:00
2192,550.7370000000001,2026-09-24T07:55:12.953884+00:00
2193,550.921,2026-09-24T07:55:12.954465+00:00
2194,551.0690000000001,2026-09-24T07:55:12.954976+00:00
2195,551.2660000000001,2026-09-24T07:55:12.955498+00:00
2196,551.3820000000001,2026-09-24T07:55:12.955994+00:00
2197,551.551,2026-09-24T07:55:12.956537+00:00
2198,551.691,2026-09-24T07:55:12.957040+00:00
2199,551.798,2026-09-24T07:55:12.957540+00:00
2200,551.9810000000001,2026-09-24T07:55:12.958088+00:00
2201,552.037,2026-09-24T07:55:12.958561+00:00
2202,552.162,2026-09-24T07:55:12.959060+00:00
2203,552.353,2026-09-24T07:55:12.959579+00:00
2204,552.458,2026-09-24T07:55:12.960050+00:00
2205,552.575,2026-09-24T07:55:12.960558+00:00
2206,552.683,2026-09-24T07:55:12.961022+00:00
2207,552.783,2026-09-24T07:55:12.961494+00:00
2208,552.965,2026-09-24T07:55:12.962022+00:00
2209,553.081,2026-09-24T07:55:12.962511+00:00
2210,553.238,2026-09-24T07:55:12.963018+00:00
2211,553.384,2026-09-24T07:55:12.963500+00:00
2212,553.567,2026-09-24T07:55:12.964005+00:00
2213,553.685,2026-09-24T07:55:12.964493+00:00
2214,553.5250000000001,2026-09-24T07:55:12.965007+00:00
2215,553.6569999999999,2026-09-24T07:55:12.965474+00:00
2216,553.764,2026-09-24T07:55:12.965944+00:00
2217,553.858,2026-09-24T07:55:12.966404+00:00
2218,553.963,2026-09-24T07:55:12.966903+00:00
2219,553.943,2026-09-24T07:55:12.967431+00:00
2220,553.9309999999999,2026-09-24T07:55:12.968032+00:00
2221,554.089,2026-09-24T07:55:12.968634+00:00
2222,554.2139999999999,2026-09-24T07:55:12.969135+00:00
2223,554.388,2026-09-24T07:55:12.969665+00:00
2224,554.5360000000001,2026-09-24T07:55:12.970183+00:00
2225,554.6659999999999,2026-09-24T07:55:12.970683+00:00
2226,554.6640000000001,2026-09-24T07:55:12.971160+00:00
2227,554.516,2026-09-24T07:55:12.971686+00:00
2228,554.408,2026-09-24T07:55:12.972155+00:00
2229,554.339,2026-09-24T07:55:12.972638+00:00
2230,554.184,2026-09-24T07:55:12.973122+00:00
2231,554.486,2026-09-24T07:55:12.974081+00:00
2232,554.491,2026-09-24T07:55:12.974593+00:00
2233,554.3900000000001,2026-09-24T07:55:12.975067+00:00
2234,554.528,2026-09-24T07:55:12.975604+00:00
2235,554.65,2026-09-24T07:55:12.976089+00:00
2236,554.757,2026-09-24T07:55:12.976541+00:00
2237,554.888,2026-09-24T07:55:12.977025+00:00
2238,554.8720000000001,2026-09-24T07:55:12.977533+00:00
2239,555.072,2026-09-24T07:55:12.978099+00:00
2240,555.265,2026-09-24T07:55:12.978623+00:00
2241,555.4019999999999,2026-09-24T07:55:12.979111+00:00
2242,555.551,2026-09-24T07:55:12.979611+00:00
2243,555.701,2026-09-24T07:55:12.980102+00:00
2244,555.907,2026-09-24T07:55:12.980669+00:00
2245,556.0840000000001,2026-09-24T07:55:12.981184+00:00
2246,556.239,2026-09-24T07:55:12.981692+00:00
2247,556.4050000000001,2026-09-24T07:55:12.982200+00:00
2248,556.597,2026-09-24T07:55:12.982716+00:00
2249,556.7180000000001,2026-09-24T07:55:12.983186+00:00
2250,556.899,2026-09-24T07:55:12.983714+00:00
2251,557.024,2026-09-24T07:55:12.984174+00:00
2252,557.314,2026-09-24T07:55:12.984780+00:00
2253,557.551,2026-09-24T07:55:12.985330+00:00
2254,557.7760000000001,2026-09-24T07:55:12.985881+00:00
2255,557.959,2026-09-24T07:55:12.986387+00:00
2256,558.277,2026-09-24T07:55:12.987025+00:00
2257,558.695,2026-09-24T07:55:12.987754+00:00
2258,559.16,2026-09-24T07:55:12.988545+00:00
2259,559.418,2026-09-24T07:55:12.989171+00:00
2260,559.7760000000001,2026-09-24T07:55:12.989844+00:00
2261,560.168,2026-09-24T07:55:12.990566+00:00
2262,560.429,2026-09-24T07:55:12.991163+00:00
2263,560.693,2026-09-24T07:55:12.991759+00:00
2264,560.7149999999999,2026-09-24T07:55:12.992289+00:00
2265,560.809,2026-09-24T07:55:12.992864+00:00
2266,560.434,2026-09-24T07:55:12.993416+00:00
2267,560.3860000000001,2026-09-24T07:55:12.993994+00:00
2268,560.448,2026-09-24T07:55:12.994534+00:00
2269,560.587,2026-09-24T07:55:12.995096+00:00
2270,560.772,2026-09-24T07:55:12.995672+00:00
2271,560.962,2026-09-24T07:55:12.996235+00:00
2272,561.0730000000001,2026-09-24T07:55:12.996785+00:00
2273,561.168,2026-09-24T07:55:12.997336+00:00
2274,561.217,2026-09-24T07:55:12.997960+00:00
2275,561.329,2026-09-24T07:55:12.998778+00:00
2276,561.423,2026-09-24T07:55:12.999372+00:00
2277,561.5550000000001,2026-09-24T07:55:12.999911+00:00
2278,561.744,2026-09-24T07:55:13.000511+00:00
2279,561.9699999999999,2026-09-24T07:55:13.001139+00:00
2280,562.276,2026-09-24T07:55:13.001851+00:00
2281,562.4590000000001,2026-09-24T07:55:13.002446+00:00
2282,562.797,2026-09-24T07:55:13.003194+00:00
2283,563.243,2026-09-24T07:55:13.004058+00:00
2284,563.5029999999999,2026-09-24T07:55:13.004700+00:00
2285,563.689,2026-09-24T07:55:13.005329+00:00
2286,563.861,2026-09-24T07:55:13.005920+00:00
2287,564.02,2026-09-24T07:55:13.006515+00:00
2288,564.1500000000001,2026-09-24T07:55:13.007066+00:00
2289,564.198,2026-09-24T07:55:13.007575+00:00
2290,564.2660000000001,2026-09-24T07:55:13.008063+00:00
2291,564.385,2026-09-24T07:55:13.008566+00:00
2292,564.3399999999999,2026-09-24T07:55:13.009074+00:00
2293,564.394,2026-09-24T07:55:13.009608+00:00
2294,564.53,2026-09-24T07:55:13.010212+00:00
2295,564.7090000000001,2026-09-24T07:55:13.010781+00:00
2296,564.8330000000001,2026-09-24T07:55:13.011312+00:00
2297,565.04,2026-09-24T07:55:13.011929+00:00
2298,565.183,2026-09-24T07:55:13.012480+00:00
2299,565.316,2026-09-24T07:55:13.013029+00:00
2300,565.5250000000001,2026-09-24T07:55:13.013619+00:00
2301,565.655,2026-09-24T07:55:13.014131+00:00
2302,565.76,2026-09-24T07:55:13.014636+00:00
2303,565.846,2026-09-24T07:55:13.015116+00:00
2304,565.9499999999999,2026-09-24T07:55:13.015677+00:00
2305,566.035,2026-09-24T07:55:13.016182+00:00
2306,566.154,2026-09-24T07:55:13.016721+00:00
2307,566.2669999999999,2026-09-24T07:55:13.017219+00:00
2308,566.3770000000001,2026-09-24T07:55:13.017738+00:00
2309,566.484,2026-09-24T07:55:13.018248+00:00
2310,566.563,2026-09-24T07:55:13.018745+00:00
2311,566.551,2026-09-24T07:55:13.019260+00:00
2312,566.611,2026-09-24T07:55:13.019752+00:00
2313,566.762,2026-09-24T07:55:13.020252+00:00
2314,567.012,2026-09-24T07:55:13.020881+00:00
2315,567.256,2026-09-24T07:55:13.021465+00:00
2316,567.44,2026-09-24T07:55:13.021997+00:00
2317,567.662,2026-09-24T07:55:13.022569+00:00
2318,568.101,2026-09-24T07:55:13.023367+00:00
2319,568.425,2026-09-24T07:55:13.024050+00:00
2320,568.635,2026-09-24T07:55:13.024583+00:00
2321,568.84,2026-09-24T07:55:13.025126+00:00
2322,569.016,2026-09-24T07:55:13.025645+00:00
2323,569.2,2026-09-24T07:55:13.026152+00:00
2324,569.612,2026-09-24T07:55:13.026867+00:00
2325,569.791,2026-09-24T07:55:13.027401+00:00
2326,570.054,2026-09-24T07:55:13.027976+00:00
2327,570.309,2026-09-24T07:55:13.028533+00:00
2328,570.608,2026-09-24T07:55:13.029147+00:00
2329,570.821,2026-09-24T07:55:13.029686+00:00
2330,571.0260000000001,2026-09-24T07:55:13.030212+00:00
2331,571.2479999999999,2026-09-24T07:55:13.030775+00:00
2332,571.437,2026-09-24T07:55:13.031309+00:00
2333,571.664,2026-09-24T07:55:13.031857+00:00
2334,571.947,2026-09-24T07:55:13.032482+00:00
2335,572.295,2026-09-24T07:55:13.033153+00:00
2336,572.576,2026-09-24T07:55:13.033745+00:00
2337,572.758,2026-09-24T07:55:13.034255+00:00
2338,572.788,2026-09-24T07:55:13.034778+00:00
2339,573.2629999999999,2026-09-24T07:55:13.035592+00:00
2340,573.9830000000001,2026-09-24T07:55:13.036648+00:00
2341,574.371,2026-09-24T07:55:13.037349+00:00
2342,574.803,2026-09-24T07:55:13.038081+00:00
2343,575.149,2026-09-24T07:55:13.038751+00:00
2344,575.589,2026-09-24T07:55:13.039520+00:00
2345,575.898,2026-09-24T07:55:13.040129+00:00
2346,576.1859999999999,2026-09-24T07:55:13.040728+00:00
2347,576.446,2026-09-24T07:55:13.041284+00:00
2348,576.745,2026-09-24T07:55:13.041880+00:00
2349,577.174,2026-09-24T07:55:13.042637+00:00
2350,577.5550000000001,2026-09-24T07:55:13.043317+00:00
2351,577.879,2026-09-24T07:55:13.043974+00:00
2352,578.258,2026-09-24T07:55:13.044657+00:00
2353,578.551,2026-09-24T07:55:13.045273+00:00
2354,578.8050000000001,2026-09-24T07:55:13.045871+00:00
2355,579.156,2026-09-24T07:55:13.046548+00:00
2356,579.442,2026-09-24T07:55:13.047205+00:00
2357,579.7130000000001,2026-09-24T07:55:13.047827+00:00
2358,579.904,2026-09-24T07:55:13.048406+00:00
2359,580.219,2026-09-24T07:55:13.049033+00:00
2360,580.447,2026-09-24T07:55:13.049637+00:00
2361,580.75,2026-09-24T07:55:13.050297+00:00
2362,581.018,2026-09-24T07:55:13.050907+00:00
2363,581.367,2026-09-24T07:55:13.051550+00:00
2364,581.6700000000001,2026-09-24T07:55:13.052168+00:00
2365,581.991,2026-09-24T07:55:13.052783+00:00
2366,582.33,2026-09-24T07:55:13.053408+00:00
2367,582.724,2026-09-24T07:55:13.054092+00:00
2368,583.055,2026-09-24T07:55:13.054756+00:00
2369,583.337,2026-09-24T07:55:13.055346+00:00
2370,583.637,2026-09-24T07:55:13.055932+00:00
2371,583.908,2026-09-24T07:55:13.056539+00:00
2372,584.2270000000001,2026-09-24T07:55:13.057156+00:00
2373,584.7529999999999,2026-09-24T07:55:13.057968+00:00
2374,585.21,2026-09-24T07:55:13.058721+00:00
2375,585.627,2026-09-24T07:55:13.059444+00:00
2376,585.936,2026-09-24T07:55:13.060065+00:00
2377,586.149,2026-09-24T07:55:13.060595+00:00
2378,586.414,2026-09-24T07:55:13.061147+00:00
2379,586.722,2026-09-24T07:55:13.061736+00:00
2380,586.979,2026-09-24T07:55:13.062277+00:00
2381,587.109,2026-09-24T07:55:13.062829+00:00
2382,587.295,2026-09-24T07:55:13.063517+00:00
2383,587.401,2026-09-24T07:55:13.064083+00:00
2384,587.515,2026-09-24T07:55:13.064599+00:00
2385,587.693,2026-09-24T07:55:13.065178+00:00
2386,587.863,2026-09-24T07:55:13.065738+00:00
2387,587.966,2026-09-24T07:55:13.066236+00:00
2388,588.072,2026-09-24T07:55:13.066767+00:00
2389,588.1650000000001,2026-09-24T07:55:13.067282+00:00
2390,588.1809999999999,2026-09-24T07:55:13.067768+00:00
2391,588.4979999999999,2026-09-24T07:55:13.068501+00:00
2392,588.631,2026-09-24T07:55:13.069130+00:00
2393,588.748,2026-09-24T07:55:13.069687+00:00
2394,588.858,2026-09-24T07:55:13.070201+00:00
2395,588.9879999999999,2026-09-24T07:55:13.070762+00:00
2396,589.093,2026-09-24T07:55:13.071284+00:00
2397,589.255,2026-09-24T07:55:13.071859+00:00
2398,589.445,2026-09-24T07:55:13.072453+00:00
2399,589.5319999999999,2026-09-24T07:55:13.072977+00:00
2400,589.708,2026-09-24T07:55:13.073577+00:00
2401,589.87,2026-09-24T07:55:13.074114+00:00
2402,589.918,2026-09-24T07:55:13.074620+00:00
2403,590.0699999999999,2026-09-24T07:55:13.075124+00:00
2404,590.268,2026-09-24T07:55:13.075658+00:00
2405,590.48,2026-09-24T07:55:13.076191+00:00
2406,590.681,2026-09-24T07:55:13.076705+00:00
2407,590.89,2026-09-24T07:55:13.077207+00:00
2408,591.118,2026-09-24T07:55:13.077764+00:00
2409,591.291,2026-09-24T07:55:13.078247+00:00
2410,591.519,2026-09-24T07:55:13.078766+00:00
2411,591.699,2026-09-24T07:55:13.079272+00:00
2412,591.899,2026-09-24T07:55:13.079773+00:00
2413,592.076,2026-09-24T07:55:13.080270+00:00
2414,592.296,2026-09-24T07:55:13.080792+00:00
2415,592.465,2026-09-24T07:55:13.081281+00:00
2416,592.696,2026-09-24T07:55:13.081812+00:00
2417,592.894,2026-09-24T07:55:13.082295+00:00
2418,593.075,2026-09-24T07:55:13.082788+00:00
2419,593.268,2026-09-24T07:55:13.083276+00:00
2420,593.502,2026-09-24T07:55:13.083795+00:00
2421,593.607,2026-09-24T07:55:13.084279+00:00
2422,593.715,2026-09-24T07:55:13.084797+00:00
2423,593.784,2026-09-24T07:55:13.085269+00:00
2424,593.899,2026-09-24T07:55:13.085816+00:00
2425,593.996,2026-09-24T07:55:13.086325+00:00
2426,594.096,2026-09-24T07:55:13.086924+00:00
2427,594.275,2026-09-24T07:55:13.087455+00:00
2428,594.426,2026-09-24T07:55:13.088000+00:00
2429,594.5899999999999,2026-09-24T07:55:13.088557+00:00
2430,594.727,2026-09-24T07:55:13.089104+00:00
2431,594.812,2026-09-24T07:55:13.089635+00:00
2432,594.917,2026-09-24T07:55:13.090150+00:00
2433,595.0530000000001,2026-09-24T07:55:13.090835+00:00
2434,595.1999999999999,2026-09-24T07:55:13.091384+00:00
2435,595.22,2026-09-24T07:55:13.091912+00:00
2436,595.317,2026-09-24T07:55:13.092426+00:00
2437,595.244,2026-09-24T07:55:13.092909+00:00
2438,595.342,2026-09-24T07:55:13.093434+00:00
2439,595.2330000000001,2026-09-24T07:55:13.093892+00:00
2440,594.919,2026-09-24T07:55:13.094356+00:00
2441,594.711,2026-09-24T07:55:13.094844+00:00
2442,594.7620000000001,2026-09-24T07:55:13.095328+00:00
2443,594.905,2026-09-24T07:55:13.095863+00:00
2444,595.032,2026-09-24T07:55:13.096328+00:00
2445,595.197,2026-09-24T07:55:13.096860+00:00
2446,595.3389999999999,2026-09-24T07:55:13.097336+00:00
2447,595.447,2026-09-24T07:55:13.097868+00:00
2448,595.6479999999999,2026-09-24T07:55:13.098394+00:00
2449,595.881,2026-09-24T07:55:13.098974+00:00
2450,596.154,2026-09-24T07:55:13.099619+00:00
2451,596.328,2026-09-24T07:55:13.100129+00:00
2452,596.5169999999999,2026-09-24T07:55:13.100651+00:00
2453,596.539,2026-09-24T07:55:13.101172+00:00
2454,596.5,2026-09-24T07:55:13.101699+00:00
2455,596.553,2026-09-24T07:55:13.102189+00:00
2456,596.6510000000001,2026-09-24T07:55:13.102682+00:00
2457,596.9879999999999,2026-09-24T07:55:13.103362+00:00
2458,597.209,2026-09-24T07:55:13.103932+00:00
2459,597.414,2026-09-24T07:55:13.104477+00:00
2460,597.588,2026-09-24T07:55:13.105013+00:00
2461,597.7719999999999,2026-09-24T07:55:13.105533+00:00
2462,597.994,2026-09-24T07:55:13.106071+00:00
2463,598.237,2026-09-24T07:55:13.106620+00:00
2464,598.4620000000001,2026-09-24T07:55:13.107186+00:00
2465,598.6550000000001,2026-09-24T07:55:13.107715+00:00
2466,598.8520000000001,2026-09-24T07:55:13.108222+00:00
2467,599.0490000000001,2026-09-24T07:55:13.108795+00:00
2468,599.264,2026-09-24T07:55:13.109327+00:00
2469,599.465,2026-09-24T07:55:13.109872+00:00
2470,599.5690000000001,2026-09-24T07:55:13.110376+00:00
2471,599.717,2026-09-24T07:55:13.110897+00:00
2472,599.861,2026-09-24T07:55:13.111379+00:00
2473,600.025,2026-09-24T07:55:13.111895+00:00
2474,600.189,2026-09-24T07:55:13.112390+00:00
2475,600.38,2026-09-24T07:55:13.112930+00:00
2476,600.5319999999999,2026-09-24T07:55:13.113407+00:00
2477,600.741,2026-09-24T07:55:13.113941+00:00
2478,600.835,2026-09-24T07:55:13.114445+00:00
2479,600.931,2026-09-24T07:55:13.114949+00:00
2480,601.167,2026-09-24T07:55:13.115501+00:00
2481,601.351,2026-09-24T07:55:13.116047+00:00
2482,601.526,2026-09-24T07:55:13.116578+00:00
2483,601.734,2026-09-24T07:55:13.117103+00:00
2484,601.932,2026-09-24T07:55:13.117657+00:00
2485,602.127,2026-09-24T07:55:13.118194+00:00
2486,602.304,2026-09-24T07:55:13.118709+00:00
2487,602.52,2026-09-24T07:55:13.119244+00:00
2488,602.668,2026-09-24T07:55:13.119759+00:00
2489,602.853,2026-09-24T07:55:13.120297+00:00
2490,603.016,2026-09-24T07:55:13.120787+00:00
2491,603.2539999999999,2026-09-24T07:55:13.121368+00:00
2492,603.4490000000001,2026-09-24T07:55:13.121923+00:00
2493,603.649,2026-09-24T07:55:13.122445+00:00
2494,603.856,2026-09-24T07:55:13.122993+00:00
2495,604.0450000000001,2026-09-24T07:55:13.123518+00:00
2496,604.274,2026-09-24T07:55:13.124079+00:00
2497,604.505,2026-09-24T07:55:13.124641+00:00
2498,604.559,2026-09-24T07:55:13.125135+00:00
2499,604.7099999999999,2026-09-24T07:55:13.125670+00:00
2500,604.899,2026-09-24T07:55:13.126179+00:00
2501,605.097,2026-09-24T07:55:13.126707+00:00
2502,605.251,2026-09-24T07:55:13.127189+00:00
2503,605.444,2026-09-24T07:55:13.127694+00:00
2504,605.636,2026-09-24T07:55:13.128195+00:00
2505,605.837,2026-09-24T07:55:13.128715+00:00
2506,606.0219999999999,2026-09-24T07:55:13.129231+00:00
2507,606.1990000000001,2026-09-24T07:55:13.129737+00:00
2508,606.5160000000001,2026-09-24T07:55:13.130385+00:00
2509,606.77,2026-09-24T07:55:13.130949+00:00
2510,607.0210000000001,2026-09-24T07:55:13.131507+00:00
2511,607.255,2026-09-24T07:55:13.132065+00:00
2512,607.462,2026-09-24T07:55:13.132553+00:00
2513,607.6610000000001,2026-09-24T07:55:13.133078+00:00
2514,607.863,2026-09-24T07:55:13.133590+00:00
2515,608.0609999999999,2026-09-24T07:55:13.134104+00:00
2516,608.4150000000001,2026-09-24T07:55:13.134771+00:00
2517,608.589,2026-09-24T07:55:13.135273+00:00
2518,608.785,2026-09-24T07:55:13.135763+00:00
2519,608.9590000000001,2026-09-24T07:55:13.136249+00:00
2520,609.1220000000001,2026-09-24T07:55:13.136740+00:00
2521,609.302,2026-09-24T07:55:13.137238+00:00
2522,609.524,2026-09-24T07:55:13.137761+00:00
2523,609.688,2026-09-24T07:55:13.138234+00:00
2524,609.875,2026-09-24T07:55:13.138743+00:00
2525,610.028,2026-09-24T07:55:13.139202+00:00
2526,610.2180000000001,2026-09-24T07:55:13.139710+00:00
2527,610.374,2026-09-24T07:55:13.140194+00:00
2528,610.553,2026-09-24T07:55:13.140701+00:00
2529,610.706,2026-09-24T07:55:13.141198+00:00
2530,610.9449999999999,2026-09-24T07:55:13.141756+00:00
2531,611.062,2026-09-24T07:55:13.142223+00:00
2532,611.239,2026-09-24T07:55:13.142704+00:00
2533,611.389,2026-09-24T07:55:13.143167+00:00
2534,611.617,2026-09-24T07:55:13.143702+00:00
2535,611.794,2026-09-24T07:55:13.144200+00:00
2536,611.99,2026-09-24T07:55:13.144728+00:00
2537,612.13,2026-09-24T07:55:13.145181+00:00
2538,612.308,2026-09-24T07:55:13.145658+00:00
2539,612.452,2026-09-24T07:55:13.146146+00:00
2540,612.6310000000001,2026-09-24T07:55:13.146655+00:00
2541,612.8670000000001,2026-09-24T07:55:13.147175+00:00
2542,612.993,2026-09-24T07:55:13.147676+00:00
2543,613.183,2026-09-24T07:55:13.148179+00:00
2544,613.428,2026-09-24T07:55:13.148717+00:00
2545,613.586,2026-09-24T07:55:13.149199+00:00
2546,613.7869999999999,2026-09-24T07:55:13.149708+00:00
2547,613.8249999999999,2026-09-24T07:55:13.150214+00:00
2548,613.8820000000001,2026-09-24T07:55:13.150702+00:00
2549,613.982,2026-09-24T07:55:13.151168+00:00
2550,614.174,2026-09-24T07:55:13.151687+00:00
2551,614.382,2026-09-24T07:55:13.152225+00:00
2552,614.615,2026-09-24T07:55:13.152757+00:00
2553,614.816,2026-09-24T07:55:13.153261+00:00
2554,615.281,2026-09-24T07:55:13.154053+00:00
2555,615.577,2026-09-24T07:55:13.154709+00:00
2556,615.851,2026-09-24T07:55:13.155298+00:00
2557,616.116,2026-09-24T07:55:13.155866+00:00
2558,616.438,2026-09-24T07:55:13.156480+00:00
2559,616.684,2026-09-24T07:55:13.157064+00:00
2560,617.0179999999999,2026-09-24T07:55:13.157702+00:00
2561,617.291,2026-09-24T07:55:13.158292+00:00
2562,617.581,2026-09-24T07:55:13.158914+00:00
2563,617.871,2026-09-24T07:55:13.159515+00:00
2564,618.146,2026-09-24T07:55:13.160074+00:00
2565,618.3779999999999,2026-09-24T07:55:13.160616+00:00
2566,618.696,2026-09-24T07:55:13.161229+00:00
2567,618.927,2026-09-24T07:55:13.161810+00:00
2568,619.204,2026-09-24T07:55:13.162398+00:00
2569,619.557,2026-09-24T07:55:13.163070+00:00
2570,619.796,2026-09-24T07:55:13.163646+00:00
2571,619.991,2026-09-24T07:55:13.164153+00:00
2572,620.1790000000001,2026-09-24T07:55:13.164671+00:00
2573,620.351,2026-09-24T07:55:13.165179+00:00
2574,620.539,2026-09-24T07:55:13.165684+00:00
2575,620.712,2026-09-24T07:55:13.166169+00:00
2576,620.8240000000001,2026-09-24T07:55:13.166645+00:00
2577,620.983,2026-09-24T07:55:13.167140+00:00
2578,621.161,2026-09-24T07:55:13.167649+00:00
2579,621.3539999999999,2026-09-24T07:55:13.168170+00:00
2580,621.644,2026-09-24T07:55:13.168760+00:00
2581,621.841,2026-09-24T07:55:13.169295+00:00
2582,622.052,2026-09-24T07:55:13.169834+00:00
2583,622.052,2026-09-24T07:55:13.170346+00:00
2584,622.015,2026-09-24T07:55:13.171027+00:00
2585,622.1569999999999,2026-09-24T07:55:13.171610+00:00
2586,622.3499999999999,2026-09-24T07:55:13.172172+00:00
2587,622.611,2026-09-24T07:55:13.172765+00:00
2588,623.031,2026-09-24T07:55:13.173494+00:00
2589,623.301,2026-09-24T07:55:13.174104+00:00
2590,623.528,2026-09-24T07:55:13.174654+00:00
2591,623.7620000000001,2026-09-24T07:55:13.175195+00:00
2592,624.024,2026-09-24T07:55:13.175746+00:00
2593,624.274,2026-09-24T07:55:13.176296+00:00
2594,624.544,2026-09-24T07:55:13.176860+00:00
2595,624.653,2026-09-24T07:55:13.177400+00:00
2596,624.855,2026-09-24T07:55:13.177917+00:00
2597,625.057,2026-09-24T07:55:13.178428+00:00
2598,625.287,2026-09-24T07:55:13.178962+00:00
2599,625.583,2026-09-24T07:55:13.179563+00:00
2600,625.866,2026-09-24T07:55:13.180150+00:00
2601,626.1320000000001,2026-09-24T07:55:13.180727+00:00
2602,626.424,2026-09-24T07:55:13.181317+00:00
2603,626.6610000000001,2026-09-24T07:55:13.181893+00:00
2604,627.424,2026-09-24T07:55:13.182966+00:00
2605,628.111,2026-09-24T07:55:13.183956+00:00
2606,628.756,2026-09-24T07:55:13.184904+00:00
2607,629.338,2026-09-24T07:55:13.185772+00:00
2608,629.743,2026-09-24T07:55:13.186481+00:00
2609,630.081,2026-09-24T07:55:13.187110+00:00
2610,630.3389999999999,2026-09-24T07:55:13.187680+00:00
2611,630.7819999999999,2026-09-24T07:55:13.188436+00:00
2612,631.36,2026-09-24T07:55:13.189323+00:00
2613,631.8340000000001,2026-09-24T07:55:13.190119+00:00
2614,632.127,2026-09-24T07:55:13.190715+00:00
2615,632.356,2026-09-24T07:55:13.191270+00:00
2616,632.681,2026-09-24T07:55:13.191890+00:00
2617,632.931,2026-09-24T07:55:13.192451+00:00
2618,633.35,2026-09-24T07:55:13.193189+00:00
2619,633.8000000000001,2026-09-24T07:55:13.193952+00:00
2620,634.2520000000001,2026-09-24T07:55:13.194709+00:00
2621,635.0649999999999,2026-09-24T07:55:13.195811+00:00
2622,635.867,2026-09-24T07:55:13.196908+00:00
2623,636.5730000000001,2026-09-24T07:55:13.197915+00:00
2624,636.9010000000001,2026-09-24T07:55:13.198557+00:00
2625,637.332,2026-09-24T07:55:13.199316+00:00
2626,638.0169999999999,2026-09-24T07:55:13.200296+00:00
2627,638.3839999999999,2026-09-24T07:55:13.200980+00:00
2628,638.9200000000001,2026-09-24T07:55:13.201821+00:00
2629,639.139,2026-09-24T07:55:13.202372+00:00
2630,639.9730000000001,2026-09-24T07:55:13.203509+00:00
2631,640.54,2026-09-24T07:55:13.204372+00:00
2632,641.261,2026-09-24T07:55:13.205375+00:00
2633,641.875,2026-09-24T07:55:13.206328+00:00
2634,642.3480000000001,2026-09-24T07:55:13.207112+00:00
2635,642.703,2026-09-24T07:55:13.207744+00:00
2636,642.9580000000001,2026-09-24T07:55:13.208292+00:00
2637,643.265,2026-09-24T07:55:13.208899+00:00
2638,643.535,2026-09-24T07:55:13.209477+00:00
2639,643.838,2026-09-24T07:55:13.210086+00:00
2640,644.053,2026-09-24T07:55:13.210629+00:00
2641,644.591,2026-09-24T07:55:13.211495+00:00
2642,644.9430000000001,2026-09-24T07:55:13.212182+00:00
2643,645.3870000000001,2026-09-24T07:55:13.212953+00:00
2644,646.4929999999999,2026-09-24T07:55:13.214360+00:00
2645,647.648,2026-09-24T07:55:13.215819+00:00
2646,648.848,2026-09-24T07:55:13.217322+00:00
2647,649.471,2026-09-24T07:55:13.218259+00:00
2648,650.85,2026-09-24T07:55:13.219932+00:00
2649,651.857,2026-09-24T07:55:13.221228+00:00
2650,652.821,2026-09-24T07:55:13.222509+00:00
2651,653.223,2026-09-24T07:55:13.223237+00:00
2652,653.6189999999999,2026-09-24T07:55:13.223941+00:00
2653,653.9390000000001,2026-09-24T07:55:13.224595+00:00
2654,654.244,2026-09-24T07:55:13.225207+00:00
2655,654.649,2026-09-24T07:55:13.225915+00:00
2656,655.018,2026-09-24T07:55:13.226622+00:00
2657,655.347,2026-09-24T07:55:13.227251+00:00
2658,655.61,2026-09-24T07:55:13.227849+00:00
2659,655.999,2026-09-24T07:55:13.228647+00:00
2660,656.2249999999999,2026-09-24T07:55:13.229447+00:00
2661,656.596,2026-09-24T07:55:13.230228+00:00
2662,657.2379999999999,2026-09-24T07:55:13.231209+00:00
2663,658.1709999999999,2026-09-24T07:55:13.232460+00:00
2664,658.654,2026-09-24T07:55:13.233365+00:00
2665,658.708,2026-09-24T07:55:13.234151+00:00
2666,658.818,2026-09-24T07:55:13.234915+00:00
2667,659.317,2026-09-24T07:55:13.236023+00:00
2668,659.6039999999999,2026-09-24T07:55:13.236734+00:00
2669,659.772,2026-09-24T07:55:13.237313+00:00
2670,659.9540000000001,2026-09-24T07:55:13.237913+00:00
2671,660.129,2026-09-24T07:55:13.238471+00:00
2672,660.2909999999999,2026-09-24T07:55:13.239038+00:00
2673,660.457,2026-09-24T07:55:13.239579+00:00
2674,660.6419999999999,2026-09-24T07:55:13.240151+00:00
2675,660.802,2026-09-24T07:55:13.240688+00:00
2676,660.957,2026-09-24T07:55:13.241232+00:00
2677,661.095,2026-09-24T07:55:13.241768+00:00
2678,661.3059999999999,2026-09-24T07:55:13.242330+00:00
2679,661.474,2026-09-24T07:55:13.242868+00:00
2680,661.74,2026-09-24T07:55:13.243532+00:00
2681,662.4480000000001,2026-09-24T07:55:13.244598+00:00
2682,662.96,2026-09-24T07:55:13.245482+00:00
2683,663.255,2026-09-24T07:55:13.246140+00:00
2684,663.788,2026-09-24T07:55:13.247032+00:00
2685,664.259,2026-09-24T07:55:13.247871+00:00
2686,664.624,2026-09-24T07:55:13.248592+00:00
2687,664.898,2026-09-24T07:55:13.249248+00:00
2688,664.975,2026-09-24T07:55:13.249883+00:00
2689,665.347,2026-09-24T07:55:13.250601+00:00
2690,665.5799999999999,2026-09-24T07:55:13.251199+00:00
2691,665.807,2026-09-24T07:55:13.251764+00:00
2692,666.199,2026-09-24T07:55:13.252486+00:00
2693,666.5640000000001,2026-09-24T07:55:13.253194+00:00
2694,666.9079999999999,2026-09-24T07:55:13.253863+00:00
2695,667.254,2026-09-24T07:55:13.254508+00:00
2696,667.614,2026-09-24T07:55:13.255189+00:00
2697,668.1519999999999,2026-09-24T07:55:13.256042+00:00
2698,668.594,2026-09-24T07:55:13.256822+00:00
2699,668.959,2026-09-24T07:55:13.257526+00:00
2700,669.357,2026-09-24T07:55:13.258256+00:00
2701,669.7729999999999,2026-09-24T07:55:13.258982+00:00
2702,670.04,2026-09-24T07:55:13.259563+00:00
2703,670.373,2026-09-24T07:55:13.260221+00:00
2704,670.659,2026-09-24T07:55:13.260813+00:00
2705,670.871,2026-09-24T07:55:13.261363+00:00
2706,671.1610000000001,2026-09-24T07:55:13.261958+00:00
2707,671.442,2026-09-24T07:55:13.262541+00:00
2708,671.871,2026-09-24T07:55:13.263271+00:00
2709,672.345,2026-09-24T07:55:13.264069+00:00
2710,672.8870000000001,2026-09-24T07:55:13.264909+00:00
2711,673.284,2026-09-24T07:55:13.265602+00:00
2712,673.44,2026-09-24T07:55:13.266190+00:00
2713,673.3919999999999,2026-09-24T07:55:13.266799+00:00
2714,673.347,2026-09-24T07:55:13.267371+00:00
2715,673.6320000000001,2026-09-24T07:55:13.268019+00:00
2716,673.909,2026-09-24T07:55:13.268641+00:00
2717,674.119,2026-09-24T07:55:13.269213+00:00
2718,674.329,2026-09-24T07:55:13.269790+00:00
2719,674.5400000000001,2026-09-24T07:55:13.270340+00:00
2720,674.8349999999999,2026-09-24T07:55:13.270938+00:00
2721,675.43,2026-09-24T07:55:13.271835+00:00
2722,675.528,2026-09-24T07:55:13.272632+00:00
2723,675.8530000000001,2026-09-24T07:55:13.273363+00:00
2724,676.004,2026-09-24T07:55:13.274069+00:00
2725,675.9929999999999,2026-09-24T07:55:13.274659+00:00
2726,676.101,2026-09-24T07:55:13.275238+00:00
2727,676.2139999999999,2026-09-24T07:55:13.275809+00:00
2728,676.3130000000001,2026-09-24T07:55:13.276378+00:00
2729,676.496,2026-09-24T07:55:13.277026+00:00
2730,676.582,2026-09-24T07:55:13.277617+00:00
2731,676.647,2026-09-24T07:55:13.278165+00:00
2732,676.791,2026-09-24T07:55:13.278721+00:00
2733,676.969,2026-09-24T07:55:13.279341+00:00
2734,677.183,2026-09-24T07:55:13.280033+00:00
2735,677.505,2026-09-24T07:55:13.280716+00:00
2736,677.71,2026-09-24T07:55:13.281320+00:00
2737,678.023,2026-09-24T07:55:13.281998+00:00
2738,678.356,2026-09-24T07:55:13.282654+00:00
2739,678.624,2026-09-24T07:55:13.283272+00:00
2740,678.877,2026-09-24T07:55:13.283872+00:00
2741,679.2850000000001,2026-09-24T07:55:13.284573+00:00
2742,679.557,2026-09-24T07:55:13.285151+00:00
2743,680.258,2026-09-24T07:55:13.286147+00:00
2744,680.843,2026-09-24T07:55:13.287057+00:00
2745,681.3280000000001,2026-09-24T07:55:13.287858+00:00
2746,681.775,2026-09-24T07:55:13.288599+00:00
2747,682.2080000000001,2026-09-24T07:55:13.289310+00:00
2748,682.47,2026-09-24T07:55:13.289854+00:00
2749,682.685,2026-09-24T07:55:13.290367+00:00
2750,682.929,2026-09-24T07:55:13.290906+00:00
2751,683.1310000000001,2026-09-24T07:55:13.291393+00:00
2752,683.316,2026-09-24T07:55:13.291918+00:00
2753,683.4970000000001,2026-09-24T07:55:13.292382+00:00
2754,683.691,2026-09-24T07:55:13.292899+00:00
2755,683.88,2026-09-24T07:55:13.293381+00:00
2756,684.074,2026-09-24T07:55:13.293888+00:00
2757,684.2850000000001,2026-09-24T07:55:13.294387+00:00
2758,684.684,2026-09-24T07:55:13.295077+00:00
2759,685.601,2026-09-24T07:55:13.296278+00:00
2760,686.39,2026-09-24T07:55:13.297361+00:00
2761,687.024,2026-09-24T07:55:13.298525+00:00
2762,687.432,2026-09-24T07:55:13.299231+00:00
2763,687.826,2026-09-24T07:55:13.299906+00:00
2764,688.1129999999999,2026-09-24T07:55:13.300473+00:00
2765,688.846,2026-09-24T07:55:13.301525+00:00
2766,689.448,2026-09-24T07:55:13.302437+00:00
2767,689.884,2026-09-24T07:55:13.303170+00:00
2768,690.071,2026-09-24T07:55:13.303707+00:00
2769,690.275,2026-09-24T07:55:13.304211+00:00
2770,690.4639999999999,2026-09-24T07:55:13.304709+00:00
2771,690.664,2026-09-24T07:55:13.305249+00:00
2772,690.9300000000001,2026-09-24T07:55:13.305822+00:00
2773,691.413,2026-09-24T07:55:13.306594+00:00
2774,692.006,2026-09-24T07:55:13.307485+00:00
2775,692.408,2026-09-24T07:55:13.308180+00:00
2776,692.7280000000001,2026-09-24T07:55:13.308801+00:00
2777,693.065,2026-09-24T07:55:13.309428+00:00
2778,693.3679999999999,2026-09-24T07:55:13.310050+00:00
2779,693.711,2026-09-24T07:55:13.310695+00:00
2780,693.958,2026-09-24T07:55:13.311292+00:00
2781,694.613,2026-09-24T07:55:13.312314+00:00
2782,695.064,2026-09-24T07:55:13.313079+00:00
2783,695.331,2026-09-24T07:55:13.313665+00:00
2784,695.654,2026-09-24T07:55:13.314297+00:00
2785,695.962,2026-09-24T07:55:13.314905+00:00
2786,696.283,2026-09-24T07:55:13.315520+00:00
2787,696.5400000000001,2026-09-24T07:55:13.316078+00:00
2788,696.821,2026-09-24T07:55:13.316649+00:00
2789,697.6750000000001,2026-09-24T07:55:13.317796+00:00
2790,698.249,2026-09-24T07:55:13.318728+00:00
2791,698.997,2026-09-24T07:55:13.319797+00:00
2792,700.087,2026-09-24T07:55:13.321217+00:00
2793,700.689,2026-09-24T07:55:13.322152+00:00
2794,701.375,2026-09-24T07:55:13.323182+00:00
2795,701.75,2026-09-24T07:55:13.323865+00:00
2796,702.044,2026-09-24T07:55:13.324469+00:00
2797,702.331,2026-09-24T07:55:13.325076+00:00
2798,702.626,2026-09-24T07:55:13.325692+00:00
2799,703.059,2026-09-24T07:55:13.326447+00:00
2800,703.36,2026-09-24T07:55:13.327070+00:00
2801,703.668,2026-09-24T07:55:13.327687+00:00
2802,703.955,2026-09-24T07:55:13.328281+00:00
2803,704.533,2026-09-24T07:55:13.329190+00:00
2804,704.781,2026-09-24T07:55:13.329747+00:00
2805,705.1070000000001,2026-09-24T07:55:13.330387+00:00
2806,705.379,2026-09-24T07:55:13.331038+00:00
2807,705.659,2026-09-24T07:55:13.331632+00:00
2808,706.061,2026-09-24T07:55:13.332322+00:00
2809,706.386,2026-09-24T07:55:13.332930+00:00
2810,706.644,2026-09-24T07:55:13.333490+00:00
2811,706.902,2026-09-24T07:55:13.334043+00:00
2812,707.178,2026-09-24T07:55:13.334603+00:00
2813,707.6320000000001,2026-09-24T07:55:13.335356+00:00
2814,707.893,2026-09-24T07:55:13.336131+00:00
2815,708.211,2026-09-24T07:55:13.336752+00:00
2816,708.54,2026-09-24T07:55:13.337358+00:00
2817,708.855,2026-09-24T07:55:13.337979+00:00
2818,709.153,2026-09-24T07:55:13.338574+00:00
2819,709.453,2026-09-24T07:55:13.339214+00:00
2820,709.908,2026-09-24T07:55:13.339966+00:00
2821,710.264,2026-09-24T07:55:13.340605+00:00
2822,710.56,2026-09-24T07:55:13.341210+00:00
2823,710.838,2026-09-24T07:55:13.341776+00:00
2824,711.076,2026-09-24T07:55:13.342315+00:00
2825,711.292,2026-09-24T07:55:13.342842+00:00
2826,711.4549999999999,2026-09-24T07:55:13.343372+00:00
2827,711.682,2026-09-24T07:55:13.343941+00:00
2828,711.832,2026-09-24T07:55:13.344476+00:00
2829,711.806,2026-09-24T07:55:13.345003+00:00
2830,711.8910000000001,2026-09-24T07:55:13.345538+00:00
2831,711.9839999999999,2026-09-24T07:55:13.346055+00:00
2832,712.118,2026-09-24T07:55:13.346581+00:00
2833,712.29,2026-09-24T07:55:13.347164+00:00
2834,712.495,2026-09-24T07:55:13.347729+00:00
2835,712.664,2026-09-24T07:55:13.348257+00:00
2836,712.917,2026-09-24T07:55:13.348846+00:00
2837,713.116,2026-09-24T07:55:13.349397+00:00
2838,713.292,2026-09-24T07:55:13.349954+00:00
2839,713.4730000000001,2026-09-24T07:55:13.350478+00:00
2840,713.653,2026-09-24T07:55:13.351010+00:00
2841,713.8240000000001,2026-09-24T07:55:13.351539+00:00
2842,713.9799999999999,2026-09-24T07:55:13.352070+00:00
2843,714.16,2026-09-24T07:55:13.352624+00:00
2844,714.291,2026-09-24T07:55:13.353162+00:00
2845,714.4580000000001,2026-09-24T07:55:13.353723+00:00
2846,714.6360000000001,2026-09-24T07:55:13.354279+00:00
2847,714.844,2026-09-24T07:55:13.354827+00:00
2848,715.39,2026-09-24T07:55:13.355745+00:00
2849,715.563,2026-09-24T07:55:13.356273+00:00
2850,715.731,2026-09-24T07:55:13.356802+00:00
2851,715.904,2026-09-24T07:55:13.357337+00:00
2852,716.0790000000001,2026-09-24T07:55:13.357864+00:00
2853,716.274,2026-09-24T07:55:13.358370+00:00
2854,716.529,2026-09-24T07:55:13.358930+00:00
2855,716.701,2026-09-24T07:55:13.359463+00:00
2856,716.835,2026-09-24T07:55:13.359971+00:00
2857,717.029,2026-09-24T07:55:13.360554+00:00
2858,717.2330000000001,2026-09-24T07:55:13.361118+00:00
2859,717.492,2026-09-24T07:55:13.361748+00:00
2860,717.664,2026-09-24T07:55:13.362302+00:00
2861,717.8259999999999,2026-09-24T07:55:13.362820+00:00
2862,718.041,2026-09-24T07:55:13.363353+00:00
2863,718.2239999999999,2026-09-24T07:55:13.363895+00:00
2864,718.424,2026-09-24T07:55:13.364440+00:00
2865,718.6289999999999,2026-09-24T07:55:13.364978+00:00
2866,718.798,2026-09-24T07:55:13.365552+00:00
2867,718.966,2026-09-24T07:55:13.366097+00:00
2868,719.17,2026-09-24T07:55:13.366646+00:00
2869,719.3340000000001,2026-09-24T07:55:13.367176+00:00
2870,719.552,2026-09-24T07:55:13.367744+00:00
2871,719.7320000000001,2026-09-24T07:55:13.368276+00:00
2872,719.9680000000001,2026-09-24T07:55:13.368848+00:00
2873,720.324,2026-09-24T07:55:13.369525+00:00
2874,720.5559999999999,2026-09-24T07:55:13.370099+00:00
2875,720.8919999999999,2026-09-24T07:55:13.370738+00:00
2876,721.15,2026-09-24T07:55:13.371318+00:00
2877,721.53,2026-09-24T07:55:13.372016+00:00
2878,721.761,2026-09-24T07:55:13.372601+00:00
2879,721.977,2026-09-24T07:55:13.373149+00:00
2880,722.1610000000001,2026-09-24T07:55:13.373728+00:00
2881,722.342,2026-09-24T07:55:13.374305+00:00
2882,722.46,2026-09-24T07:55:13.374814+00:00
2883,722.649,2026-09-24T07:55:13.375381+00:00
2884,722.921,2026-09-24T07:55:13.375998+00:00
2885,723.1220000000001,2026-09-24T07:55:13.376562+00:00
2886,723.266,2026-09-24T07:55:13.377101+00:00
2887,723.485,2026-09-24T07:55:13.377678+00:00
2888,723.6479999999999,2026-09-24T07:55:13.378248+00:00
2889,723.8520000000001,2026-09-24T07:55:13.378821+00:00
2890,724.051,2026-09-24T07:55:13.379371+00:00
2891,724.2769999999999,2026-09-24T07:55:13.379944+00:00
2892,724.508,2026-09-24T07:55:13.380507+00:00
2893,724.712,2026-09-24T07:55:13.381056+00:00
2894,724.895,2026-09-24T07:55:13.381611+00:00
2895,725.128,2026-09-24T07:55:13.382188+00:00
2896,725.354,2026-09-24T07:55:13.382756+00:00
2897,725.599,2026-09-24T07:55:13.383349+00:00
2898,725.7869999999999,2026-09-24T07:55:13.383884+00:00
2899,725.982,2026-09-24T07:55:13.384433+00:00
2900,726.149,2026-09-24T07:55:13.384958+00:00
2901,726.654,2026-09-24T07:55:13.385791+00:00
2902,726.9250000000001,2026-09-24T07:55:13.386429+00:00
2903,727.115,2026-09-24T07:55:13.386974+00:00
2904,727.3570000000001,2026-09-24T07:55:13.387529+00:00
2905,727.526,2026-09-24T07:55:13.388034+00:00
2906,727.885,2026-09-24T07:55:13.388709+00:00
2907,728.168,2026-09-24T07:55:13.389321+00:00
2908,728.3230000000001,2026-09-24T07:55:13.389853+00:00
2909,728.508,2026-09-24T07:55:13.390376+00:00
2910,728.702,2026-09-24T07:55:13.390887+00:00
2911,728.8820000000001,2026-09-24T07:55:13.391426+00:00
2912,729.0250000000001,2026-09-24T07:55:13.391918+00:00
2913,729.176,2026-09-24T07:55:13.392384+00:00
2914,729.29,2026-09-24T07:55:13.392880+00:00
2915,729.385,2026-09-24T07:55:13.393363+00:00
2916,729.785,2026-09-24T07:55:13.394132+00:00
2917,729.9440000000001,2026-09-24T07:55:13.394686+00:00
2918,730.158,2026-09-24T07:55:13.395263+00:00
2919,730.2959999999999,2026-09-24T07:55:13.395765+00:00
2920,730.5899999999999,2026-09-24T07:55:13.396396+00:00
2921,730.78,2026-09-24T07:55:13.396958+00:00
2922,730.9069999999999,2026-09-24T07:55:13.397455+00:00
2923,731.029,2026-09-24T07:55:13.398029+00:00
2924,731.227,2026-09-24T07:55:13.398559+00:00
2925,731.4399999999999,2026-09-24T07:55:13.399158+00:00
2926,731.6310000000001,2026-09-24T07:55:13.399733+00:00
2927,731.8829999999999,2026-09-24T07:55:13.400375+00:00
2928,732.209,2026-09-24T07:55:13.401107+00:00
2929,732.494,2026-09-24T07:55:13.401762+00:00
2930,732.595,2026-09-24T07:55:13.402315+00:00
2931,732.889,2026-09-24T07:55:13.403013+00:00
2932,733.029,2026-09-24T07:55:13.403558+00:00
2933,733.1260000000001,2026-09-24T07:55:13.404110+00:00
2934,733.031,2026-09-24T07:55:13.404683+00:00
2935,732.8919999999999,2026-09-24T07:55:13.405217+00:00
2936,732.94,2026-09-24T07:55:13.405868+00:00
2937,732.924,2026-09-24T07:55:13.406444+00:00
2938,733.032,2026-09-24T07:55:13.407040+00:00
2939,733.0020000000001,2026-09-24T07:55:13.407604+00:00
2940,733.1560000000001,2026-09-24T07:55:13.408172+00:00
2941,732.962,2026-09-24T07:55:13.408719+00:00
2942,732.876,2026-09-24T07:55:13.409227+00:00
2943,732.75,2026-09-24T07:55:13.409800+00:00
2944,732.808,2026-09-24T07:55:13.410394+00:00
2945,732.773,2026-09-24T07:55:13.410981+00:00
2946,732.822,2026-09-24T07:55:13.411518+00:00
2947,732.884,2026-09-24T07:55:13.412053+00:00
2948,732.93,2026-09-24T07:55:13.412590+00:00
2949,733.011,2026-09-24T07:55:13.413111+00:00
2950,732.958,2026-09-24T07:55:13.413656+00:00
2951,733.084,2026-09-24T07:55:13.414218+00:00
2952,733.204,2026-09-24T07:55:13.414804+00:00
2953,733.164,2026-09-24T07:55:13.415325+00:00
2954,732.981,2026-09-24T07:55:13.415879+00:00
2955,732.909,2026-09-24T07:55:13.416432+00:00
2956,732.869,2026-09-24T07:55:13.416935+00:00
2957,732.927,2026-09-24T07:55:13.417465+00:00
2958,732.89,2026-09-24T07:55:13.417956+00:00
2959,733.192,2026-09-24T07:55:13.418780+00:00
2960,733.7869999999999,2026-09-24T07:55:13.419845+00:00
2961,733.9409999999999,2026-09-24T07:55:13.420441+00:00
2962,734.03,2026-09-24T07:55:13.420988+00:00
2963,734.057,2026-09-24T07:55:13.421504+00:00
2964,733.516,2026-09-24T07:55:13.421991+00:00
2965,733.164,2026-09-24T07:55:13.422499+00:00
2966,732.924,2026-09-24T07:55:13.422996+00:00
2967,732.755,2026-09-24T07:55:13.423489+00:00
2968,732.8670000000001,2026-09-24T07:55:13.423995+00:00
2969,733.106,2026-09-24T07:55:13.424606+00:00
2970,733.272,2026-09-24T07:55:13.425263+00:00
2971,733.511,2026-09-24T07:55:13.425941+00:00
2972,733.711,2026-09-24T07:55:13.426504+00:00
2973,733.796,2026-09-24T07:55:13.427054+00:00
2974,733.888,2026-09-24T07:55:13.427599+00:00
2975,734.009,2026-09-24T07:55:13.428133+00:00
2976,734.19,2026-09-24T07:55:13.428738+00:00
2977,734.3,2026-09-24T07:55:13.429260+00:00
2978,734.4730000000001,2026-09-24T07:55:13.429783+00:00
2979,734.347,2026-09-24T07:55:13.430290+00:00
2980,734.27,2026-09-24T07:55:13.430862+00:00
2981,734.325,2026-09-24T07:55:13.431388+00:00
2982,734.2429999999999,2026-09-24T07:55:13.431940+00:00
2983,734.2760000000001,2026-09-24T07:55:13.432453+00:00
2984,734.223,2026-09-24T07:55:13.433013+00:00
2985,732.973,2026-09-24T07:55:13.433543+00:00
2986,732.792,2026-09-24T07:55:13.434100+00:00
2987,732.841,2026-09-24T07:55:13.434773+00:00
2988,732.68,2026-09-24T07:55:13.435295+00:00
2989,732.5509999999999,2026-09-24T07:55:13.435856+00:00
2990,732.4580000000001,2026-09-24T07:55:13.436391+00:00
2991,732.423,2026-09-24T07:55:13.436940+00:00
2992,732.546,2026-09-24T07:55:13.437474+00:00
2993,732.717,2026-09-24T07:55:13.437992+00:00
2994,732.887,2026-09-24T07:55:13.438504+00:00
2995,732.9590000000001,2026-09-24T07:55:13.439029+00:00
2996,733.085,2026-09-24T07:55:13.439600+00:00
2997,733.288,2026-09-24T07:55:13.440178+00:00
2998,733.462,2026-09-24T07:55:13.440718+00:00
2999,733.302,2026-09-24T07:55:13.441294+00:00
3000,733.167,2026-09-24T07:55:13.441814+00:00
3001,733.077,2026-09-24T07:55:13.442323+00:00
3002,733.037,2026-09-24T07:55:13.442843+00:00
3003,733.073,2026-09-24T07:55:13.443366+00:00
3004,733.0719999999999,2026-09-24T07:55:13.443925+00:00
3005,733.035,2026-09-24T07:55:13.444438+00:00
3006,733.048,2026-09-24T07:55:13.444982+00:00
3007,733.125,2026-09-24T07:55:13.445505+00:00
3008,733.192,2026-09-24T07:55:13.446027+00:00
3009,733.326,2026-09-24T07:55:13.446601+00:00
3010,733.3629999999999,2026-09-24T07:55:13.447121+00:00
3011,733.1,2026-09-24T07:55:13.447663+00:00
3012,733.028,2026-09-24T07:55:13.448171+00:00
3013,733.03,2026-09-24T07:55:13.448696+00:00
3014,733.2579999999999,2026-09-24T07:55:13.449393+00:00
3015,733.1569999999999,2026-09-24T07:55:13.449961+00:00
3016,732.799,2026-09-24T07:55:13.450485+00:00
3017,732.7099999999999,2026-09-24T07:55:13.450997+00:00
3018,732.6629999999999,2026-09-24T07:55:13.451520+00:00
3019,732.716,2026-09-24T07:55:13.452015+00:00
3020,732.636,2026-09-24T07:55:13.452523+00:00
3021,732.705,2026-09-24T07:55:13.453033+00:00
3022,732.798,2026-09-24T07:55:13.453557+00:00
3023,732.91,2026-09-24T07:55:13.454082+00:00
3024,732.989,2026-09-24T07:55:13.454607+00:00
3025,733.0550000000001,2026-09-24T07:55:13.455156+00:00
3026,733.116,2026-09-24T07:55:13.455698+00:00
3027,733.195,2026-09-24T07:55:13.456232+00:00
3028,733.279,2026-09-24T07:55:13.456778+00:00
3029,733.105,2026-09-24T07:55:13.457306+00:00
3030,733.106,2026-09-24T07:55:13.457849+00:00
3031,733.106,2026-09-24T07:55:13.458362+00:00
3032,732.1229999999999,2026-09-24T07:55:13.458897+00:00
3033,731.947,2026-09-24T07:55:13.459508+00:00
3034,731.866,2026-09-24T07:55:13.460028+00:00
3035,731.905,2026-09-24T07:55:13.460518+00:00
3036,732.024,2026-09-24T07:55:13.460999+00:00
3037,732.171,2026-09-24T07:55:13.461499+00:00
3038,732.25,2026-09-24T07:55:13.462034+00:00
3039,732.4399999999999,2026-09-24T07:55:13.462599+00:00
3040,732.624,2026-09-24T07:55:13.463151+00:00
3041,732.794,2026-09-24T07:55:13.463680+00:00
3042,732.902,2026-09-24T07:55:13.464164+00:00
3043,733.088,2026-09-24T07:55:13.464710+00:00
3044,733.146,2026-09-24T07:55:13.465208+00:00
3045,733.298,2026-09-24T07:55:13.465726+00:00
3046,733.4079999999999,2026-09-24T07:55:13.466244+00:00
3047,733.5310000000001,2026-09-24T07:55:13.466753+00:00
3048,733.636,2026-09-24T07:55:13.467259+00:00
3049,733.693,2026-09-24T07:55:13.467749+00:00
3050,733.7909999999999,2026-09-24T07:55:13.468256+00:00
3051,733.9449999999999,2026-09-24T07:55:13.468755+00:00
3052,734.0029999999999,2026-09-24T07:55:13.469256+00:00
3053,733.8059999999999,2026-09-24T07:55:13.469782+00:00
3054,733.599,2026-09-24T07:55:13.470282+00:00
3055,733.259,2026-09-24T07:55:13.470798+00:00
3056,732.7719999999999,2026-09-24T07:55:13.471316+00:00
3057,732.7399999999999,2026-09-24T07:55:13.471861+00:00
3058,732.816,2026-09-24T07:55:13.472388+00:00
3059,732.9989999999999,2026-09-24T07:55:13.472977+00:00
3060,733.231,2026-09-24T07:55:13.473553+00:00
3061,733.244,2026-09-24T07:55:13.474112+00:00
3062,733.3929999999999,2026-09-24T07:55:13.474674+00:00
3063,733.561,2026-09-24T07:55:13.475233+00:00
3064,733.754,2026-09-24T07:55:13.475788+00:00
3065,733.943,2026-09-24T07:55:13.476341+00:00
3066,733.977,2026-09-24T07:55:13.476894+00:00
3067,733.6,2026-09-24T07:55:13.477462+00:00
3068,733.144,2026-09-24T07:55:13.477997+00:00
3069,732.921,2026-09-24T07:55:13.478519+00:00
3070,732.508,2026-09-24T07:55:13.479075+00:00
3071,732.476,2026-09-24T07:55:13.479589+00:00
3072,732.548,2026-09-24T07:55:13.480144+00:00
3073,732.629,2026-09-24T07:55:13.480811+00:00
3074,732.574,2026-09-24T07:55:13.481368+00:00
3075,732.5129999999999,2026-09-24T07:55:13.481921+00:00
3076,732.453,2026-09-24T07:55:13.482509+00:00
3077,732.515,2026-09-24T07:55:13.483024+00:00
3078,732.4110000000001,2026-09-24T07:55:13.483597+00:00
3079,732.251,2026-09-24T07:55:13.484070+00:00
3080,732.2220000000001,2026-09-24T07:55:13.484582+00:00
3081,732.087,2026-09-24T07:55:13.485061+00:00
3082,731.977,2026-09-24T07:55:13.485523+00:00
3083,731.894,2026-09-24T07:55:13.485998+00:00
3084,731.7249999999999,2026-09-24T07:55:13.486478+00:00
3085,731.637,2026-09-24T07:55:13.486988+00:00
3086,731.544,2026-09-24T07:55:13.487477+00:00
3087,731.6,2026-09-24T07:55:13.487997+00:00
3088,731.564,2026-09-24T07:55:13.488470+00:00
3089,731.6129999999999,2026-09-24T07:55:13.488947+00:00
3090,731.639,2026-09-24T07:55:13.489425+00:00
3091,731.782,2026-09-24T07:55:13.489962+00:00
3092,731.881,2026-09-24T07:55:13.490482+00:00
3093,731.962,2026-09-24T07:55:13.490959+00:00
3094,732.052,2026-09-24T07:55:13.491425+00:00
3095,732.1809999999999,2026-09-24T07:55:13.491944+00:00
3096,732.259,2026-09-24T07:55:13.492515+00:00
3097,732.37,2026-09-24T07:55:13.493031+00:00
3098,732.469,2026-09-24T07:55:13.493516+00:00
3099,732.587,2026-09-24T07:55:13.494041+00:00
3100,732.681,2026-09-24T07:55:13.494530+00:00
3101,732.724,2026-09-24T07:55:13.495015+00:00
3102,732.84,2026-09-24T07:55:13.495547+00:00
3103,732.9480000000001,2026-09-24T07:55:13.496030+00:00
3104,733.045,2026-09-24T07:55:13.496519+00:00
3105,733.0550000000001,2026-09-24T07:55:13.497018+00:00
3106,733.144,2026-09-24T07:55:13.497508+00:00
3107,733.246,2026-09-24T07:55:13.497997+00:00
3108,733.3380000000001,2026-09-24T07:55:13.498506+00:00
3109,733.3720000000001,2026-09-24T07:55:13.498962+00:00
3110,733.462,2026-09-24T07:55:13.499446+00:00
3111,733.587,2026-09-24T07:55:13.499945+00:00
3112,733.676,2026-09-24T07:55:13.500443+00:00
3113,733.777,2026-09-24T07:55:13.500931+00:00
3114,733.875,2026-09-24T07:55:13.501446+00:00
3115,733.966,2026-09-24T07:55:13.501930+00:00
3116,733.957,2026-09-24T07:55:13.502419+00:00
3117,734.017,2026-09-24T07:55:13.502904+00:00
3118,734.047,2026-09-24T07:55:13.503401+00:00
3119,734.1419999999999,2026-09-24T07:55:13.503921+00:00
3120,734.1419999999999,2026-09-24T07:55:13.504396+00:00
3121,734.245,2026-09-24T07:55:13.504942+00:00
3122,734.3530000000001,2026-09-24T07:55:13.505435+00:00
3123,734.425,2026-09-24T07:55:13.505930+00:00
3124,734.773,2026-09-24T07:55:13.506687+00:00
3125,734.93,2026-09-24T07:55:13.507238+00:00
3126,735.0680000000001,2026-09-24T07:55:13.507812+00:00
3127,735.1020000000001,2026-09-24T07:55:13.508286+00:00
3128,735.14,2026-09-24T07:55:13.508775+00:00
3129,735.144,2026-09-24T07:55:13.509231+00:00
3130,735.2379999999999,2026-09-24T07:55:13.509715+00:00
3131,735.3539999999999,2026-09-24T07:55:13.510238+00:00
3132,735.453,2026-09-24T07:55:13.510741+00:00
3133,735.6049999999999,2026-09-24T07:55:13.511286+00:00
3134,735.764,2026-09-24T07:55:13.511840+00:00
3135,735.8670000000001,2026-09-24T07:55:13.512365+00:00
3136,736.051,2026-09-24T07:55:13.512940+00:00
3137,736.206,2026-09-24T07:55:13.513490+00:00
3138,736.333,2026-09-24T07:55:13.514053+00:00
3139,736.5169999999999,2026-09-24T07:55:13.514648+00:00
3140,736.6709999999999,2026-09-24T07:55:13.515242+00:00
3141,736.838,2026-09-24T07:55:13.515805+00:00
3142,737.015,2026-09-24T07:55:13.516370+00:00
3143,737.154,2026-09-24T07:55:13.516928+00:00
3144,737.309,2026-09-24T07:55:13.517469+00:00
3145,737.484,2026-09-24T07:55:13.518052+00:00
3146,737.64,2026-09-24T07:55:13.518598+00:00
3147,737.844,2026-09-24T07:55:13.519181+00:00
3148,738.048,2026-09-24T07:55:13.519774+00:00
3149,738.25,2026-09-24T07:55:13.520359+00:00
3150,738.443,2026-09-24T07:55:13.520945+00:00
3151,738.6,2026-09-24T07:55:13.521500+00:00
3152,738.756,2026-09-24T07:55:13.522044+00:00
3153,738.915,2026-09-24T07:55:13.522603+00:00
3154,739.081,2026-09-24T07:55:13.523155+00:00
3155,739.2570000000001,2026-09-24T07:55:13.523718+00:00
3156,739.4,2026-09-24T07:55:13.524261+00:00
3157,739.6030000000001,2026-09-24T07:55:13.524858+00:00
3158,739.739,2026-09-24T07:55:13.525401+00:00
3159,739.9259999999999,2026-09-24T07:55:13.525961+00:00
3160,740.171,2026-09-24T07:55:13.526595+00:00
3161,740.356,2026-09-24T07:55:13.527173+00:00
3162,740.562,2026-09-24T07:55:13.527773+00:00
3163,740.687,2026-09-24T07:55:13.528303+00:00
3164,740.8090000000001,2026-09-24T07:55:13.528808+00:00
3165,740.909,2026-09-24T07:55:13.529290+00:00
3166,741.029,2026-09-24T07:55:13.529803+00:00
3167,740.9440000000001,2026-09-24T07:55:13.530294+00:00
3168,741.038,2026-09-24T07:55:13.530817+00:00
3169,741.159,2026-09-24T07:55:13.531338+00:00
3170,741.256,2026-09-24T07:55:13.531869+00:00
3171,741.375,2026-09-24T07:55:13.532378+00:00
3172,741.5319999999999,2026-09-24T07:55:13.532912+00:00
3173,741.676,2026-09-24T07:55:13.533463+00:00
3174,741.8670000000001,2026-09-24T07:55:13.534038+00:00
3175,742.024,2026-09-24T07:55:13.534574+00:00
3176,742.1560000000001,2026-09-24T07:55:13.535073+00:00
3177,742.41,2026-09-24T07:55:13.535705+00:00
3178,742.302,2026-09-24T07:55:13.536215+00:00
3179,742.438,2026-09-24T07:55:13.536864+00:00
3180,742.435,2026-09-24T07:55:13.537579+00:00
3181,742.741,2026-09-24T07:55:13.538255+00:00
3182,743.0400000000001,2026-09-24T07:55:13.538916+00:00
3183,743.242,2026-09-24T07:55:13.539459+00:00
3184,743.478,2026-09-24T07:55:13.540047+00:00
3185,743.713,2026-09-24T07:55:13.540597+00:00
3186,743.952,2026-09-24T07:55:13.541132+00:00
3187,744.1809999999999,2026-09-24T07:55:13.541678+00:00
3188,744.3629999999999,2026-09-24T07:55:13.542202+00:00
3189,744.6469999999999,2026-09-24T07:55:13.542792+00:00
3190,744.668,2026-09-24T07:55:13.543313+00:00
3191,744.355,2026-09-24T07:55:13.543874+00:00
3192,744.318,2026-09-24T07:55:13.544455+00:00
3193,744.2330000000001,2026-09-24T07:55:13.544978+00:00
3194,744.216,2026-09-24T07:55:13.545616+00:00
3195,744.208,2026-09-24T07:55:13.546147+00:00
3196,744.3530000000001,2026-09-24T07:55:13.546693+00:00
3197,744.4929999999999,2026-09-24T07:55:13.547267+00:00
3198,744.622,2026-09-24T07:55:13.547829+00:00
3199,744.713,2026-09-24T07:55:13.548351+00:00
3200,744.855,2026-09-24T07:55:13.548887+00:00
3201,744.994,2026-09-24T07:55:13.549403+00:00
3202,745.1790000000001,2026-09-24T07:55:13.550018+00:00
3203,745.3109999999999,2026-09-24T07:55:13.550544+00:00
3204,745.405,2026-09-24T07:55:13.551048+00:00
3205,745.425,2026-09-24T07:55:13.551535+00:00
3206,745.498,2026-09-24T07:55:13.552009+00:00
3207,745.605,2026-09-24T07:55:13.552500+00:00
3208,745.7009999999999,2026-09-24T07:55:13.552969+00:00
3209,745.811,2026-09-24T07:55:13.553473+00:00
3210,745.8639999999999,2026-09-24T07:55:13.553971+00:00
3211,746.001,2026-09-24T07:55:13.554491+00:00
3212,746.148,2026-09-24T07:55:13.555024+00:00
3213,746.268,2026-09-24T07:55:13.555523+00:00
3214,746.602,2026-09-24T07:55:13.556233+00:00
3215,746.836,2026-09-24T07:55:13.556828+00:00
3216,746.938,2026-09-24T07:55:13.557324+00:00
3217,746.9599999999999,2026-09-24T07:55:13.557857+00:00
3218,746.859,2026-09-24T07:55:13.558378+00:00
3219,746.899,2026-09-24T07:55:13.558939+00:00
3220,747.086,2026-09-24T07:55:13.559537+00:00
3221,747.267,2026-09-24T07:55:13.560051+00:00
3222,747.478,2026-09-24T07:55:13.560581+00:00
3223,747.74,2026-09-24T07:55:13.561138+00:00
3224,747.927,2026-09-24T07:55:13.561646+00:00
3225,748.29,2026-09-24T07:55:13.562319+00:00
3226,748.514,2026-09-24T07:55:13.562839+00:00
3227,748.706,2026-09-24T07:55:13.563344+00:00
3228,748.932,2026-09-24T07:55:13.563861+00:00
3229,749.146,2026-09-24T07:55:13.564369+00:00
3230,749.451,2026-09-24T07:55:13.565008+00:00
3231,749.63,2026-09-24T07:55:13.565533+00:00
3232,750.029,2026-09-24T07:55:13.566232+00:00
3233,750.344,2026-09-24T07:55:13.566900+00:00
3234,750.66,2026-09-24T07:55:13.567553+00:00
3235,750.9540000000001,2026-09-24T07:55:13.568150+00:00
3236,751.126,2026-09-24T07:55:13.568676+00:00
3237,751.33,2026-09-24T07:55:13.569167+00:00
3238,751.583,2026-09-24T07:55:13.569725+00:00
3239,751.832,2026-09-24T07:55:13.570261+00:00
3240,752.07,2026-09-24T07:55:13.570798+00:00
3241,752.265,2026-09-24T07:55:13.571298+00:00
3242,752.54,2026-09-24T07:55:13.571866+00:00
3243,752.9559999999999,2026-09-24T07:55:13.572606+00:00
3244,753.214,2026-09-24T07:55:13.573149+00:00
3245,753.46,2026-09-24T07:55:13.573696+00:00
3246,753.718,2026-09-24T07:55:13.574285+00:00
3247,753.925,2026-09-24T07:55:13.574830+00:00
3248,754.155,2026-09-24T07:55:13.575366+00:00
3249,754.382,2026-09-24T07:55:13.575896+00:00
3250,754.596,2026-09-24T07:55:13.576404+00:00
3251,754.857,2026-09-24T07:55:13.576949+00:00
3252,755.0550000000001,2026-09-24T07:55:13.577456+00:00
3253,755.245,2026-09-24T07:55:13.577998+00:00
3254,755.495,2026-09-24T07:55:13.578557+00:00
3255,755.955,2026-09-24T07:55:13.579319+00:00
3256,756.163,2026-09-24T07:55:13.579835+00:00
3257,756.357,2026-09-24T07:55:13.580327+00:00
3258,756.537,2026-09-24T07:55:13.580820+00:00
3259,756.7199999999999,2026-09-24T07:55:13.581297+00:00
3260,756.9749999999999,2026-09-24T07:55:13.581858+00:00
3261,757.221,2026-09-24T07:55:13.582402+00:00
3262,757.5039999999999,2026-09-24T07:55:13.582985+00:00
3263,757.691,2026-09-24T07:55:13.583486+00:00
3264,757.864,2026-09-24T07:55:13.584039+00:00
3265,758.088,2026-09-24T07:55:13.584600+00:00
3266,758.324,2026-09-24T07:55:13.585142+00:00
3267,758.52,2026-09-24T07:55:13.585685+00:00
3268,758.703,2026-09-24T07:55:13.586182+00:00
3269,758.9169999999999,2026-09-24T07:55:13.586711+00:00
3270,759.089,2026-09-24T07:55:13.587238+00:00
3271,759.2410000000001,2026-09-24T07:55:13.587767+00:00
3272,759.475,2026-09-24T07:55:13.588312+00:00
3273,759.7,2026-09-24T07:55:13.588839+00:00
3274,759.927,2026-09-24T07:55:13.589369+00:00
3275,760.128,2026-09-24T07:55:13.589901+00:00
3276,760.294,2026-09-24T07:55:13.590404+00:00
3277,760.534,2026-09-24T07:55:13.590987+00:00
3278,760.739,2026-09-24T07:55:13.591517+00:00
3279,760.952,2026-09-24T07:55:13.592034+00:00
3280,761.134,2026-09-24T07:55:13.592528+00:00
3281,761.2860000000001,2026-09-24T07:55:13.593027+00:00
3282,761.4929999999999,2026-09-24T07:55:13.593551+00:00
3283,761.717,2026-09-24T07:55:13.594076+00:00
3284,761.927,2026-09-24T07:55:13.594626+00:00
3285,762.466,2026-09-24T07:55:13.595467+00:00
3286,762.846,2026-09-24T07:55:13.596145+00:00
3287,763.028,2026-09-24T07:55:13.596650+00:00
3288,763.205,2026-09-24T07:55:13.597142+00:00
3289,763.4060000000001,2026-09-24T07:55:13.597624+00:00
3290,763.514,2026-09-24T07:55:13.598080+00:00
3291,763.656,2026-09-24T07:55:13.598524+00:00
3292,763.884,2026-09-24T07:55:13.599060+00:00
3293,764.166,2026-09-24T07:55:13.599632+00:00
3294,764.3539999999999,2026-09-24T07:55:13.600132+00:00
3295,764.695,2026-09-24T07:55:13.600772+00:00
3296,765.282,2026-09-24T07:55:13.601722+00:00
3297,765.67,2026-09-24T07:55:13.602441+00:00
3298,766.005,2026-09-24T07:55:13.603087+00:00
3299,766.237,2026-09-24T07:55:13.603644+00:00
3300,766.3950000000001,2026-09-24T07:55:13.604170+00:00
3301,766.655,2026-09-24T07:55:13.604733+00:00
3302,766.923,2026-09-24T07:55:13.605292+00:00
3303,767.18,2026-09-24T07:55:13.605865+00:00
3304,767.7819999999999,2026-09-24T07:55:13.606766+00:00
3305,768.241,2026-09-24T07:55:13.607553+00:00
3306,768.62,2026-09-24T07:55:13.608230+00:00
3307,769.014,2026-09-24T07:55:13.608917+00:00
3308,769.361,2026-09-24T07:55:13.609566+00:00
3309,769.7239999999999,2026-09-24T07:55:13.610219+00:00
3310,770.0669999999999,2026-09-24T07:55:13.610877+00:00
3311,770.0550000000001,2026-09-24T07:55:13.611503+00:00
3312,770.076,2026-09-24T07:55:13.612109+00:00
3313,770.18,2026-09-24T07:55:13.612751+00:00
3314,770.257,2026-09-24T07:55:13.613348+00:00
3315,770.4720000000001,2026-09-24T07:55:13.613971+00:00
3316,770.747,2026-09-24T07:55:13.614607+00:00
3317,771.092,2026-09-24T07:55:13.615317+00:00
3318,771.4590000000001,2026-09-24T07:55:13.616033+00:00
3319,771.806,2026-09-24T07:55:13.616739+00:00
3320,772.102,2026-09-24T07:55:13.617381+00:00
3321,772.4029999999999,2026-09-24T07:55:13.618025+00:00
3322,772.7239999999999,2026-09-24T07:55:13.618668+00:00
3323,772.984,2026-09-24T07:55:13.619268+00:00
3324,773.2489999999999,2026-09-24T07:55:13.619899+00:00
3325,773.479,2026-09-24T07:55:13.620491+00:00
3326,773.8530000000001,2026-09-24T07:55:13.621241+00:00
3327,774.049,2026-09-24T07:55:13.621819+00:00
3328,774.4870000000001,2026-09-24T07:55:13.622570+00:00
3329,774.949,2026-09-24T07:55:13.623396+00:00
3330,775.237,2026-09-24T07:55:13.624024+00:00
3331,775.4259999999999,2026-09-24T07:55:13.624536+00:00
3332,775.629,2026-09-24T07:55:13.625055+00:00
3333,775.796,2026-09-24T07:55:13.625560+00:00
3334,775.931,2026-09-24T07:55:13.626053+00:00
3335,775.974,2026-09-24T07:55:13.626564+00:00
3336,775.944,2026-09-24T07:55:13.627131+00:00
3337,776.063,2026-09-24T07:55:13.627751+00:00
3338,776.188,2026-09-24T07:55:13.628339+00:00
3339,776.205,2026-09-24T07:55:13.628901+00:00
3340,776.22,2026-09-24T07:55:13.629406+00:00
3341,776.3109999999999,2026-09-24T07:55:13.629953+00:00
3342,776.385,2026-09-24T07:55:13.630507+00:00
3343,776.494,2026-09-24T07:55:13.631067+00:00
3344,776.676,2026-09-24T07:55:13.631629+00:00
3345,776.871,2026-09-24T07:55:13.632163+00:00
3346,777.212,2026-09-24T07:55:13.632853+00:00
3347,777.4929999999999,2026-09-24T07:55:13.633459+00:00
3348,777.737,2026-09-24T07:55:13.634042+00:00
3349,777.883,2026-09-24T07:55:13.634601+00:00
3350,778.079,2026-09-24T07:55:13.635188+00:00
3351,778.316,2026-09-24T07:55:13.635773+00:00
3352,778.49,2026-09-24T07:55:13.636310+00:00
3353,778.721,2026-09-24T07:55:13.636861+00:00
3354,778.919,2026-09-24T07:55:13.637390+00:00
3355,779.156,2026-09-24T07:55:13.637976+00:00
3356,779.383,2026-09-24T07:55:13.638518+00:00
3357,779.576,2026-09-24T07:55:13.639071+00:00
3358,779.784,2026-09-24T07:55:13.639600+00:00
3359,779.9509999999999,2026-09-24T07:55:13.640148+00:00
3360,780.036,2026-09-24T07:55:13.640690+00:00
3361,780.187,2026-09-24T07:55:13.641252+00:00
3362,780.167,2026-09-24T07:55:13.641790+00:00
3363,780.066,2026-09-24T07:55:13.642326+00:00
3364,780.143,2026-09-24T07:55:13.642890+00:00
3365,780.289,2026-09-24T07:55:13.643445+00:00
3366,780.4250000000001,2026-09-24T07:55:13.644027+00:00
3367,780.571,2026-09-24T07:55:13.644576+00:00
3368,780.707,2026-09-24T07:55:13.645142+00:00
3369,780.854,2026-09-24T07:55:13.645673+00:00
3370,780.976,2026-09-24T07:55:13.646202+00:00
3371,781.139,2026-09-24T07:55:13.646751+00:00
3372,781.307,2026-09-24T07:55:13.647290+00:00
3373,781.404,2026-09-24T07:55:13.647832+00:00
3374,781.55,2026-09-24T07:55:13.648401+00:00
3375,781.74,2026-09-24T07:55:13.648996+00:00
3376,781.845,2026-09-24T07:55:13.649525+00:00
3377,781.869,2026-09-24T07:55:13.650052+00:00
3378,781.8589999999999,2026-09-24T07:55:13.650594+00:00
3379,781.912,2026-09-24T07:55:13.651165+00:00
3380,782.004,2026-09-24T07:55:13.651766+00:00
3381,782.064,2026-09-24T07:55:13.652312+00:00
3382,782.131,2026-09-24T07:55:13.652865+00:00
3383,782.243,2026-09-24T07:55:13.653432+00:00
3384,782.302,2026-09-24T07:55:13.653960+00:00
3385,782.4870000000001,2026-09-24T07:55:13.654569+00:00
3386,782.587,2026-09-24T07:55:13.655152+00:00
3387,782.825,2026-09-24T07:55:13.655834+00:00
3388,782.941,2026-09-24T07:55:13.656396+00:00
3389,783.039,2026-09-24T07:55:13.656937+00:00
3390,783.0859999999999,2026-09-24T07:55:13.657434+00:00
3391,783.125,2026-09-24T07:55:13.657928+00:00
3392,783.194,2026-09-24T07:55:13.658443+00:00
3393,783.276,2026-09-24T07:55:13.658959+00:00
3394,783.3480000000001,2026-09-24T07:55:13.659460+00:00
3395,783.479,2026-09-24T07:55:13.660034+00:00
3396,783.643,2026-09-24T07:55:13.660647+00:00
3397,783.697,2026-09-24T07:55:13.661165+00:00
3398,783.753,2026-09-24T07:55:13.661701+00:00
3399,783.751,2026-09-24T07:55:13.662182+00:00
3400,783.792,2026-09-24T07:55:13.662692+00:00
3401,783.978,2026-09-24T07:55:13.663287+00:00
3402,783.959,2026-09-24T07:55:13.663813+00:00
3403,784.0740000000001,2026-09-24T07:55:13.664331+00:00
3404,784.215,2026-09-24T07:55:13.664856+00:00
3405,784.39,2026-09-24T07:55:13.665397+00:00
3406,784.454,2026-09-24T07:55:13.665901+00:00
3407,784.572,2026-09-24T07:55:13.666427+00:00
3408,784.648,2026-09-24T07:55:13.666914+00:00
3409,784.778,2026-09-24T07:55:13.667422+00:00
3410,784.8929999999999,2026-09-24T07:55:13.667937+00:00
3411,785.0089999999999,2026-09-24T07:55:13.668475+00:00
3412,785.096,2026-09-24T07:55:13.668995+00:00
3413,785.186,2026-09-24T07:55:13.669481+00:00
3414,785.341,2026-09-24T07:55:13.669995+00:00
3415,785.394,2026-09-24T07:55:13.670488+00:00
3416,785.455,2026-09-24T07:55:13.671009+00:00
3417,785.591,2026-09-24T07:55:13.671560+00:00
3418,785.8960000000001,2026-09-24T07:55:13.672267+00:00
3419,786.537,2026-09-24T07:55:13.673300+00:00
3420,787.6919999999999,2026-09-24T07:55:13.674808+00:00
3421,788.7429999999999,2026-09-24T07:55:13.676257+00:00
3422,789.563,2026-09-24T07:55:13.677577+00:00
3423,790.514,2026-09-24T07:55:13.678981+00:00
3424,791.128,2026-09-24T07:55:13.680036+00:00
3425,791.544,2026-09-24T07:55:13.680824+00:00
3426,791.8969999999999,2026-09-24T07:55:13.681508+00:00
3427,792.418,2026-09-24T07:55:13.682335+00:00
3428,792.852,2026-09-24T07:55:13.683100+00:00
3429,793.351,2026-09-24T07:55:13.683924+00:00
3430,793.742,2026-09-24T07:55:13.684639+00:00
3431,794.067,2026-09-24T07:55:13.685302+00:00
3432,794.3679999999999,2026-09-24T07:55:13.685931+00:00
3433,795.099,2026-09-24T07:55:13.686966+00:00
3434,795.64,2026-09-24T07:55:13.687828+00:00
3435,796.064,2026-09-24T07:55:13.688577+00:00
3436,796.615,2026-09-24T07:55:13.689444+00:00
3437,797.1949999999999,2026-09-24T07:55:13.690323+00:00
3438,797.812,2026-09-24T07:55:13.691262+00:00
3439,798.181,2026-09-24T07:55:13.691964+00:00
3440,798.493,2026-09-24T07:55:13.692569+00:00
3441,798.771,2026-09-24T07:55:13.693156+00:00
3442,799.022,2026-09-24T07:55:13.693729+00:00
3443,799.22,2026-09-24T07:55:13.694284+00:00
3444,799.329,2026-09-24T07:55:13.694894+00:00
3445,799.472,2026-09-24T07:55:13.695471+00:00
3446,799.6189999999999,2026-09-24T07:55:13.696050+00:00
3447,799.9340000000001,2026-09-24T07:55:13.696821+00:00
3448,800.702,2026-09-24T07:55:13.697961+00:00
3449,801.0310000000001,2026-09-24T07:55:13.698788+00:00
3450,801.101,2026-09-24T07:55:13.699474+00:00
3451,801.3829999999999,2026-09-24T07:55:13.700184+00:00
3452,801.664,2026-09-24T07:55:13.700843+00:00
3453,801.943,2026-09-24T07:55:13.701506+00:00
3454,802.836,2026-09-24T07:55:13.702745+00:00
3455,803.557,2026-09-24T07:55:13.703792+00:00
3456,803.907,2026-09-24T07:55:13.704500+00:00
3457,805.408,2026-09-24T07:55:13.706371+00:00
3458,806.35,2026-09-24T07:55:13.707714+00:00
3459,806.667,2026-09-24T07:55:13.708515+00:00
3460,806.7860000000001,2026-09-24T07:55:13.709309+00:00
3461,806.9110000000001,2026-09-24T07:55:13.710112+00:00
3462,807.0509999999999,2026-09-24T07:55:13.710872+00:00
3463,807.32,2026-09-24T07:55:13.711629+00:00
3464,807.4559999999999,2026-09-24T07:55:13.712323+00:00
3465,807.817,2026-09-24T07:55:13.713153+00:00
3466,808.1519999999999,2026-09-24T07:55:13.713882+00:00
3467,808.508,2026-09-24T07:55:13.714713+00:00
3468,808.8,2026-09-24T07:55:13.715460+00:00
3469,809.0690000000001,2026-09-24T07:55:13.716143+00:00
3470,809.49,2026-09-24T07:55:13.716964+00:00
3471,810.195,2026-09-24T07:55:13.718066+00:00
3472,810.5949999999999,2026-09-24T07:55:13.718881+00:00
3473,810.909,2026-09-24T07:55:13.719580+00:00
3474,811.1429999999999,2026-09-24T07:55:13.720199+00:00
3475,811.422,2026-09-24T07:55:13.720910+00:00
3476,811.79,2026-09-24T07:55:13.721678+00:00
3477,812.3789999999999,2026-09-24T07:55:13.722639+00:00
3478,812.967,2026-09-24T07:55:13.723661+00:00
3479,813.2080000000001,2026-09-24T07:55:13.724342+00:00
3480,813.529,2026-09-24T07:55:13.725052+00:00
3481,813.893,2026-09-24T07:55:13.725823+00:00
3482,814.115,2026-09-24T07:55:13.726476+00:00
3483,814.32,2026-09-24T07:55:13.727074+00:00
3484,814.5790000000001,2026-09-24T07:55:13.727687+00:00
3485,814.858,2026-09-24T07:55:13.728360+00:00
3486,815.1429999999999,2026-09-24T07:55:13.729044+00:00
3487,815.2199999999999,2026-09-24T07:55:13.729672+00:00
3488,815.2239999999999,2026-09-24T07:55:13.730369+00:00
3489,815.508,2026-09-24T07:55:13.731170+00:00
3490,815.867,2026-09-24T07:55:13.731964+00:00
3491,816.13,2026-09-24T07:55:13.732679+00:00
3492,816.355,2026-09-24T07:55:13.733337+00:00
3493,816.515,2026-09-24T07:55:13.733983+00:00
3494,816.975,2026-09-24T07:55:13.734882+00:00
3495,817.99,2026-09-24T07:55:13.736388+00:00
3496,819.099,2026-09-24T07:55:13.737940+00:00
3497,819.941,2026-09-24T07:55:13.739178+00:00
3498,820.354,2026-09-24T07:55:13.740049+00:00
3499,820.9830000000001,2026-09-24T07:55:13.741105+00:00
3500,821.25,2026-09-24T07:55:13.741937+00:00
3501,821.444,2026-09-24T07:55:13.742607+00:00
3502,821.6419999999999,2026-09-24T07:55:13.743266+00:00
3503,821.834,2026-09-24T07:55:13.743915+00:00
3504,821.932,2026-09-24T07:55:13.744506+00:00
3505,822.1,2026-09-24T07:55:13.745150+00:00
3506,822.3829999999999,2026-09-24T07:55:13.745856+00:00
3507,822.707,2026-09-24T07:55:13.746597+00:00
3508,823.031,2026-09-24T07:55:13.747355+00:00
3509,823.333,2026-09-24T07:55:13.748087+00:00
3510,823.682,2026-09-24T07:55:13.748879+00:00
3511,823.902,2026-09-24T07:55:13.749616+00:00
3512,824.0939999999999,2026-09-24T07:55:13.750320+00:00
3513,824.407,2026-09-24T07:55:13.751101+00:00
3514,824.452,2026-09-24T07:55:13.751639+00:00
3515,824.471,2026-09-24T07:55:13.752228+00:00
3516,824.643,2026-09-24T07:55:13.752780+00:00
3517,824.8100000000001,2026-09-24T07:55:13.753304+00:00
3518,824.984,2026-09-24T07:55:13.753825+00:00
3519,825.408,2026-09-24T07:55:13.754636+00:00
3520,825.609,2026-09-24T07:55:13.755250+00:00
3521,825.8299999999999,2026-09-24T07:55:13.755855+00:00
3522,826.057,2026-09-24T07:55:13.756445+00:00
3523,826.277,2026-09-24T07:55:13.757011+00:00
3524,826.5630000000001,2026-09-24T07:55:13.757603+00:00
3525,826.813,2026-09-24T07:55:13.758172+00:00
3526,826.999,2026-09-24T07:55:13.758738+00:00
3527,827.197,2026-09-24T07:55:13.759280+00:00
3528,827.416,2026-09-24T07:55:13.759808+00:00
3529,827.65,2026-09-24T07:55:13.760367+00:00
3530,827.9,2026-09-24T07:55:13.760929+00:00
3531,828.086,2026-09-24T07:55:13.761454+00:00
3532,828.256,2026-09-24T07:55:13.761985+00:00
3533,828.758,2026-09-24T07:55:13.762809+00:00
3534,829.009,2026-09-24T07:55:13.763348+00:00
3535,829.792,2026-09-24T07:55:13.764470+00:00
3536,830.1220000000001,2026-09-24T07:55:13.765147+00:00
3537,830.434,2026-09-24T07:55:13.765801+00:00
3538,830.689,2026-09-24T07:55:13.766406+00:00
3539,830.767,2026-09-24T07:55:13.766970+00:00
3540,830.918,2026-09-24T07:55:13.767470+00:00
3541,831.0889999999999,2026-09-24T07:55:13.768011+00:00
3542,831.3190000000001,2026-09-24T07:55:13.768554+00:00
3543,831.5369999999999,2026-09-24T07:55:13.769104+00:00
3544,831.72,2026-09-24T07:55:13.769660+00:00
3545,832.0079999999999,2026-09-24T07:55:13.770265+00:00
3546,832.222,2026-09-24T07:55:13.770822+00:00
3547,832.3580000000001,2026-09-24T07:55:13.771306+00:00
3548,832.5930000000001,2026-09-24T07:55:13.771849+00:00
3549,832.928,2026-09-24T07:55:13.772523+00:00
3550,833.1370000000001,2026-09-24T07:55:13.773037+00:00
3551,833.324,2026-09-24T07:55:13.773541+00:00
3552,833.521,2026-09-24T07:55:13.774062+00:00
3553,833.673,2026-09-24T07:55:13.774541+00:00
3554,833.843,2026-09-24T07:55:13.775045+00:00
3555,833.986,2026-09-24T07:55:13.775539+00:00
3556,834.1650000000001,2026-09-24T07:55:13.776037+00:00
3557,834.3190000000001,2026-09-24T07:55:13.776561+00:00
3558,834.467,2026-09-24T07:55:13.777076+00:00
3559,834.66,2026-09-24T07:55:13.777616+00:00
3560,834.831,2026-09-24T07:55:13.778133+00:00
3561,835.031,2026-09-24T07:55:13.778683+00:00
3562,835.521,2026-09-24T07:55:13.779499+00:00
3563,835.678,2026-09-24T07:55:13.780020+00:00
3564,835.8729999999999,2026-09-24T07:55:13.780537+00:00
3565,836.0340000000001,2026-09-24T07:55:13.781009+00:00
3566,836.2570000000001,2026-09-24T07:55:13.781525+00:00
3567,836.448,2026-09-24T07:55:13.782042+00:00
3568,836.659,2026-09-24T07:55:13.782587+00:00
3569,836.843,2026-09-24T07:55:13.783068+00:00
3570,837.015,2026-09-24T07:55:13.783584+00:00
3571,837.2270000000001,2026-09-24T07:55:13.784118+00:00
3572,837.4430000000001,2026-09-24T07:55:13.784632+00:00
3573,837.6400000000001,2026-09-24T07:55:13.785166+00:00
3574,837.862,2026-09-24T07:55:13.785701+00:00
3575,837.634,2026-09-24T07:55:13.786265+00:00
3576,837.536,2026-09-24T07:55:13.786842+00:00
3577,837.4200000000001,2026-09-24T07:55:13.787359+00:00
3578,837.433,2026-09-24T07:55:13.787833+00:00
3579,837.442,2026-09-24T07:55:13.788289+00:00
3580,837.507,2026-09-24T07:55:13.788781+00:00
3581,837.766,2026-09-24T07:55:13.789483+00:00
3582,837.86,2026-09-24T07:55:13.789983+00:00
3583,837.758,2026-09-24T07:55:13.790444+00:00
3584,837.744,2026-09-24T07:55:13.790942+00:00
3585,837.798,2026-09-24T07:55:13.791478+00:00
3586,837.875,2026-09-24T07:55:13.791957+00:00
3587,838.025,2026-09-24T07:55:13.792457+00:00
3588,838.131,2026-09-24T07:55:13.792949+00:00
3589,838.245,2026-09-24T07:55:13.793471+00:00
3590,838.348,2026-09-24T07:55:13.794018+00:00
3591,838.5160000000001,2026-09-24T07:55:13.794528+00:00
3592,838.667,2026-09-24T07:55:13.795045+00:00
3593,839.0649999999999,2026-09-24T07:55:13.795816+00:00
3594,839.2460000000001,2026-09-24T07:55:13.796325+00:00
3595,839.3969999999999,2026-09-24T07:55:13.796835+00:00
3596,839.489,2026-09-24T07:55:13.797328+00:00
3597,839.649,2026-09-24T07:55:13.797836+00:00
3598,839.702,2026-09-24T07:55:13.798285+00:00
3599,839.89,2026-09-24T07:55:13.798861+00:00
3600,840.004,2026-09-24T07:55:13.799317+00:00
3601,840.2230000000001,2026-09-24T07:55:13.799909+00:00
3602,840.365,2026-09-24T07:55:13.800431+00:00
3603,840.336,2026-09-24T07:55:13.800909+00:00
3604,840.0649999999999,2026-09-24T07:55:13.801359+00:00
3605,840.039,2026-09-24T07:55:13.801852+00:00
3606,840.074,2026-09-24T07:55:13.802327+00:00
3607,840.167,2026-09-24T07:55:13.802856+00:00
3608,840.3580000000001,2026-09-24T07:55:13.803491+00:00
3609,840.46,2026-09-24T07:55:13.804012+00:00
3610,840.5970000000001,2026-09-24T07:55:13.804546+00:00
3611,840.7170000000001,2026-09-24T07:55:13.805050+00:00
3612,840.798,2026-09-24T07:55:13.805600+00:00
3613,841.069,2026-09-24T07:55:13.806291+00:00
3614,841.135,2026-09-24T07:55:13.806804+00:00
3615,841.23,2026-09-24T07:55:13.807307+00:00
3616,841.3589999999999,2026-09-24T07:55:13.807844+00:00
3617,841.4319999999999,2026-09-24T07:55:13.808327+00:00
3618,841.53,2026-09-24T07:55:13.808838+00:00
3619,841.5559999999999,2026-09-24T07:55:13.809312+00:00
3620,841.656,2026-09-24T07:55:13.809837+00:00
3621,841.7280000000001,2026-09-24T07:55:13.810399+00:00
3622,841.836,2026-09-24T07:55:13.810940+00:00
3623,841.963,2026-09-24T07:55:13.811476+00:00
3624,842.037,2026-09-24T07:55:13.811995+00:00
3625,842.469,2026-09-24T07:55:13.812834+00:00
3626,842.5989999999999,2026-09-24T07:55:13.813378+00:00
3627,842.7280000000001,2026-09-24T07:55:13.813914+00:00
3628,842.7909999999999,2026-09-24T07:55:13.814395+00:00
3629,842.935,2026-09-24T07:55:13.814955+00:00
3630,843.0020000000001,2026-09-24T07:55:13.815469+00:00
3631,843.092,2026-09-24T07:55:13.816005+00:00
3632,843.208,2026-09-24T07:55:13.816506+00:00
3633,842.919,2026-09-24T07:55:13.817001+00:00
3634,842.982,2026-09-24T07:55:13.817497+00:00
3635,843.106,2026-09-24T07:55:13.818033+00:00
3636,843.1990000000001,2026-09-24T07:55:13.818551+00:00
3637,843.247,2026-09-24T07:55:13.819059+00:00
3638,843.3380000000001,2026-09-24T07:55:13.819557+00:00
3639,843.471,2026-09-24T07:55:13.820107+00:00
3640,843.659,2026-09-24T07:55:13.820681+00:00
3641,843.784,2026-09-24T07:55:13.821185+00:00
3642,843.87,2026-09-24T07:55:13.821727+00:00
3643,844.018,2026-09-24T07:55:13.822283+00:00
3644,844.313,2026-09-24T07:55:13.822981+00:00
3645,844.394,2026-09-24T07:55:13.823482+00:00
3646,844.469,2026-09-24T07:55:13.823990+00:00
3647,844.576,2026-09-24T07:55:13.824503+00:00
3648,844.615,2026-09-24T07:55:13.825007+00:00
3649,844.686,2026-09-24T07:55:13.825531+00:00
3650,844.785,2026-09-24T07:55:13.826030+00:00
3651,844.902,2026-09-24T07:55:13.826577+00:00
3652,844.985,2026-09-24T07:55:13.827110+00:00
3653,845.13,2026-09-24T07:55:13.827640+00:00
3654,845.268,2026-09-24T07:55:13.828188+00:00
3655,845.347,2026-09-24T07:55:13.828702+00:00
3656,845.798,2026-09-24T07:55:13.829557+00:00
3657,845.912,2026-09-24T07:55:13.830072+00:00
3658,845.957,2026-09-24T07:55:13.830601+00:00
3659,846.0530000000001,2026-09-24T07:55:13.831157+00:00
3660,846.1769999999999,2026-09-24T07:55:13.831712+00:00
3661,846.2819999999999,2026-09-24T07:55:13.832244+00:00
3662,846.3889999999999,2026-09-24T07:55:13.832773+00:00
3663,846.475,2026-09-24T07:55:13.833302+00:00
3664,846.663,2026-09-24T07:55:13.833931+00:00
3665,846.678,2026-09-24T07:55:13.834486+00:00
3666,846.712,2026-09-24T07:55:13.835026+00:00
3667,846.666,2026-09-24T07:55:13.835642+00:00
3668,846.5160000000001,2026-09-24T07:55:13.836175+00:00
3669,846.491,2026-09-24T07:55:13.836690+00:00
3670,846.5,2026-09-24T07:55:13.837182+00:00
3671,846.607,2026-09-24T07:55:13.837713+00:00
3672,846.705,2026-09-24T07:55:13.838228+00:00
3673,846.776,2026-09-24T07:55:13.838723+00:00
3674,846.851,2026-09-24T07:55:13.839222+00:00
3675,846.928,2026-09-24T07:55:13.839733+00:00
3676,847.016,2026-09-24T07:55:13.840244+00:00
3677,847.136,2026-09-24T07:55:13.840791+00:00
3678,847.2389999999999,2026-09-24T07:55:13.841306+00:00
3679,848.0680000000001,2026-09-24T07:55:13.842565+00:00
3680,848.662,2026-09-24T07:55:13.843552+00:00
3681,849.066,2026-09-24T07:55:13.844353+00:00
3682,849.328,2026-09-24T07:55:13.845031+00:00
3683,849.7909999999999,2026-09-24T07:55:13.845912+00:00
3684,849.934,2026-09-24T07:55:13.846480+00:00
3685,850.026,2026-09-24T07:55:13.846995+00:00
3686,850.1189999999999,2026-09-24T07:55:13.847482+00:00
3687,850.216,2026-09-24T07:55:13.848037+00:00
3688,850.45,2026-09-24T07:55:13.848711+00:00
3689,850.439,2026-09-24T07:55:13.849195+00:00
3690,850.496,2026-09-24T07:55:13.849682+00:00
3691,850.567,2026-09-24T07:55:13.850190+00:00
3692,850.811,2026-09-24T07:55:13.850877+00:00
3693,851.012,2026-09-24T07:55:13.851495+00:00
3694,851.1039999999999,2026-09-24T07:55:13.852012+00:00
3695,851.202,2026-09-24T07:55:13.852555+00:00
3696,851.312,2026-09-24T07:55:13.853135+00:00
3697,851.4540000000001,2026-09-24T07:55:13.853702+00:00
3698,851.564,2026-09-24T07:55:13.854247+00:00
3699,851.7249999999999,2026-09-24T07:55:13.854804+00:00
3700,851.85,2026-09-24T07:55:13.855334+00:00
3701,852.15,2026-09-24T07:55:13.856070+00:00
3702,852.281,2026-09-24T07:55:13.856649+00:00
3703,852.267,2026-09-24T07:55:13.857203+00:00
3704,852.358,2026-09-24T07:55:13.857764+00:00
3705,852.5070000000001,2026-09-24T07:55:13.858323+00:00
3706,852.684,2026-09-24T07:55:13.858912+00:00
3707,852.842,2026-09-24T07:55:13.859505+00:00
3708,853.025,2026-09-24T07:55:13.860084+00:00
3709,853.171,2026-09-24T07:55:13.860638+00:00
3710,853.719,2026-09-24T07:55:13.861576+00:00
3711,854.424,2026-09-24T07:55:13.862693+00:00
3712,854.6859999999999,2026-09-24T07:55:13.863365+00:00
3713,854.8449999999999,2026-09-24T07:55:13.863940+00:00
3714,855.0360000000001,2026-09-24T07:55:13.864519+00:00
3715,855.1410000000001,2026-09-24T07:55:13.865042+00:00
3716,855.303,2026-09-24T07:55:13.865633+00:00
3717,855.426,2026-09-24T07:55:13.866195+00:00
3718,855.614,2026-09-24T07:55:13.866800+00:00
3719,855.776,2026-09-24T07:55:13.867395+00:00
3720,855.996,2026-09-24T07:55:13.868015+00:00
3721,856.115,2026-09-24T07:55:13.868586+00:00
3722,856.309,2026-09-24T07:55:13.869210+00:00
3723,856.985,2026-09-24T07:55:13.870290+00:00
3724,857.511,2026-09-24T07:55:13.871217+00:00
3725,857.9409999999999,2026-09-24T07:55:13.872024+00:00
3726,858.317,2026-09-24T07:55:13.872798+00:00
3727,859.315,2026-09-24T07:55:13.874204+00:00
3728,859.702,2026-09-24T07:55:13.874979+00:00
3729,860.081,2026-09-24T07:55:13.875761+00:00
3730,860.337,2026-09-24T07:55:13.876394+00:00
3731,860.533,2026-09-24T07:55:13.876996+00:00
3732,860.666,2026-09-24T07:55:13.877542+00:00
3733,860.866,2026-09-24T07:55:13.878118+00:00
3734,861.1450000000001,2026-09-24T07:55:13.878798+00:00
3735,861.629,2026-09-24T07:55:13.879643+00:00
3736,861.817,2026-09-24T07:55:13.880207+00:00
3737,862.051,2026-09-24T07:55:13.880836+00:00
3738,862.1959999999999,2026-09-24T07:55:13.881361+00:00
3739,862.344,2026-09-24T07:55:13.881909+00:00
3740,862.499,2026-09-24T07:55:13.882476+00:00
3741,862.617,2026-09-24T07:55:13.882988+00:00
3742,862.91,2026-09-24T07:55:13.883702+00:00
3743,863.527,2026-09-24T07:55:13.884695+00:00
3744,863.899,2026-09-24T07:55:13.885474+00:00
3745,864.253,2026-09-24T07:55:13.886234+00:00
3746,865.127,2026-09-24T07:55:13.887516+00:00
3747,865.625,2026-09-24T07:55:13.888503+00:00
3748,866.084,2026-09-24T07:55:13.889370+00:00
3749,866.452,2026-09-24T07:55:13.890194+00:00
3750,866.73,2026-09-24T07:55:13.890867+00:00
3751,866.968,2026-09-24T07:55:13.891455+00:00
3752,867.201,2026-09-24T07:55:13.892042+00:00
3753,867.46,2026-09-24T07:55:13.892645+00:00
3754,867.651,2026-09-24T07:55:13.893190+00:00
3755,867.897,2026-09-24T07:55:13.893770+00:00
3756,868.148,2026-09-24T07:55:13.894347+00:00
3757,868.2339999999999,2026-09-24T07:55:13.894910+00:00
3758,868.535,2026-09-24T07:55:13.895556+00:00
3759,868.9590000000001,2026-09-24T07:55:13.896327+00:00
3760,869.2520000000001,2026-09-24T07:55:13.896971+00:00
3761,869.563,2026-09-24T07:55:13.897628+00:00
3762,869.841,2026-09-24T07:55:13.898270+00:00
3763,870.0799999999999,2026-09-24T07:55:13.898889+00:00
3764,870.42,2026-09-24T07:55:13.899557+00:00
3765,870.6890000000001,2026-09-24T07:55:13.900188+00:00
3766,870.9590000000001,2026-09-24T07:55:13.900818+00:00
3767,871.425,2026-09-24T07:55:13.901662+00:00
3768,872.2180000000001,2026-09-24T07:55:13.902808+00:00
3769,872.9780000000001,2026-09-24T07:55:13.903902+00:00
3770,873.465,2026-09-24T07:55:13.904707+00:00
3771,873.827,2026-09-24T07:55:13.905475+00:00
3772,874.426,2026-09-24T07:55:13.906538+00:00
3773,876.07,2026-09-24T07:55:13.908601+00:00
3774,876.8470000000001,2026-09-24T07:55:13.909738+00:00
3775,877.2959999999999,2026-09-24T07:55:13.910525+00:00
3776,877.9709999999999,2026-09-24T07:55:13.911547+00:00
3777,878.617,2026-09-24T07:55:13.912520+00:00
3778,879.07,2026-09-24T07:55:13.913304+00:00
3779,879.4689999999999,2026-09-24T07:55:13.914048+00:00
3780,880.133,2026-09-24T07:55:13.915065+00:00
3781,880.5500000000001,2026-09-24T07:55:13.915850+00:00
3782,880.8000000000001,2026-09-24T07:55:13.916481+00:00
3783,881.063,2026-09-24T07:55:13.917119+00:00
3784,881.0649999999999,2026-09-24T07:55:13.917722+00:00
3785,880.938,2026-09-24T07:55:13.918215+00:00
3786,880.8359999999999,2026-09-24T07:55:13.918735+00:00
3787,880.955,2026-09-24T07:55:13.919287+00:00
3788,881.116,2026-09-24T07:55:13.919831+00:00
3789,881.322,2026-09-24T07:55:13.920336+00:00
3790,881.5150000000001,2026-09-24T07:55:13.920867+00:00
3791,881.8679999999999,2026-09-24T07:55:13.921551+00:00
3792,882.552,2026-09-24T07:55:13.922552+00:00
3793,883.658,2026-09-24T07:55:13.923963+00:00
3794,884.475,2026-09-24T07:55:13.925089+00:00
3795,885.19,2026-09-24T07:55:13.926184+00:00
3796,885.6370000000001,2026-09-24T07:55:13.927117+00:00
3797,886.393,2026-09-24T07:55:13.928343+00:00
3798,886.683,2026-09-24T07:55:13.929082+00:00
3799,886.941,2026-09-24T07:55:13.929755+00:00
3800,887.294,2026-09-24T07:55:13.930537+00:00
3801,887.602,2026-09-24T07:55:13.931236+00:00
3802,887.867,2026-09-24T07:55:13.931908+00:00
3803,888.049,2026-09-24T07:55:13.932553+00:00
3804,888.295,2026-09-24T07:55:13.933209+00:00
3805,888.601,2026-09-24T07:55:13.933915+00:00
3806,889.22,2026-09-24T07:55:13.934932+00:00
3807,889.798,2026-09-24T07:55:13.935917+00:00
3808,890.374,2026-09-24T07:55:13.936928+00:00
3809,890.7570000000001,2026-09-24T07:55:13.937702+00:00
3810,891.521,2026-09-24T07:55:13.938830+00:00
3811,892.164,2026-09-24T07:55:13.939854+00:00
3812,892.608,2026-09-24T07:55:13.940736+00:00
3813,892.749,2026-09-24T07:55:13.941402+00:00
3814,893.015,2026-09-24T07:55:13.942084+00:00
3815,893.327,2026-09-24T07:55:13.942890+00:00
3816,893.572,2026-09-24T07:55:13.943671+00:00
3817,893.963,2026-09-24T07:55:13.944480+00:00
3818,894.284,2026-09-24T07:55:13.945193+00:00
3819,894.59,2026-09-24T07:55:13.945856+00:00
3820,895.1080000000001,2026-09-24T07:55:13.946774+00:00
3821,895.451,2026-09-24T07:55:13.947475+00:00
3822,895.882,2026-09-24T07:55:13.948258+00:00
3823,896.485,2026-09-24T07:55:13.949222+00:00
3824,896.9319999999999,2026-09-24T07:55:13.950002+00:00
3825,897.265,2026-09-24T07:55:13.950669+00:00
3826,897.495,2026-09-24T07:55:13.951262+00:00
3827,897.711,2026-09-24T07:55:13.951826+00:00
3828,897.922,2026-09-24T07:55:13.952397+00:00
3829,898.07,2026-09-24T07:55:13.952943+00:00
3830,898.231,2026-09-24T07:55:13.953469+00:00
3831,898.408,2026-09-24T07:55:13.953991+00:00
3832,898.778,2026-09-24T07:55:13.954705+00:00
3833,899.4,2026-09-24T07:55:13.955655+00:00
3834,899.7049999999999,2026-09-24T07:55:13.956350+00:00
3835,899.933,2026-09-24T07:55:13.956926+00:00
3836,900.163,2026-09-24T07:55:13.957497+00:00
3837,900.3480000000001,2026-09-24T07:55:13.958056+00:00
3838,900.58,2026-09-24T07:55:13.958648+00:00
3839,900.774,2026-09-24T07:55:13.959167+00:00
3840,900.975,2026-09-24T07:55:13.959775+00:00
3841,901.146,2026-09-24T07:55:13.960338+00:00
3842,901.336,2026-09-24T07:55:13.960896+00:00
3843,901.503,2026-09-24T07:55:13.961427+00:00
3844,901.713,2026-09-24T07:55:13.961979+00:00
3845,902.3679999999999,2026-09-24T07:55:13.962985+00:00
3846,903.18,2026-09-24T07:55:13.964142+00:00
3847,903.731,2026-09-24T07:55:13.965045+00:00
3848,904.314,2026-09-24T07:55:13.965986+00:00
3849,904.664,2026-09-24T07:55:13.966669+00:00
3850,904.934,2026-09-24T07:55:13.967307+00:00
3851,905.249,2026-09-24T07:55:13.967946+00:00
3852,905.519,2026-09-24T07:55:13.968561+00:00
3853,905.989,2026-09-24T07:55:13.969344+00:00
3854,906.4259999999999,2026-09-24T07:55:13.970279+00:00
3855,906.847,2026-09-24T07:55:13.971358+00:00
3856,907.179,2026-09-24T07:55:13.972183+00:00
3857,907.391,2026-09-24T07:55:13.972907+00:00
3858,907.6469999999999,2026-09-24T07:55:13.973638+00:00
3859,907.861,2026-09-24T07:55:13.974318+00:00
3860,908.107,2026-09-24T07:55:13.974998+00:00
3861,908.3480000000001,2026-09-24T07:55:13.975670+00:00
3862,908.54,2026-09-24T07:55:13.976317+00:00
3863,908.792,2026-09-24T07:55:13.976986+00:00
3864,909.067,2026-09-24T07:55:13.977645+00:00
3865,909.438,2026-09-24T07:55:13.978381+00:00
3866,909.895,2026-09-24T07:55:13.979182+00:00
3867,910.355,2026-09-24T07:55:13.980019+00:00
3868,910.7239999999999,2026-09-24T07:55:13.980720+00:00
3869,911.3299999999999,2026-09-24T07:55:13.981688+00:00
3870,911.768,2026-09-24T07:55:13.982503+00:00
3871,912.095,2026-09-24T07:55:13.983175+00:00
3872,912.408,2026-09-24T07:55:13.983834+00:00
3873,912.713,2026-09-24T07:55:13.984501+00:00
3874,912.952,2026-09-24T07:55:13.985111+00:00
3875,913.273,2026-09-24T07:55:13.985801+00:00
3876,913.611,2026-09-24T07:55:13.986484+00:00
3877,914.1610000000001,2026-09-24T07:55:13.987382+00:00
3878,914.489,2026-09-24T07:55:13.988080+00:00
3879,914.871,2026-09-24T07:55:13.988786+00:00
3880,915.3430000000001,2026-09-24T07:55:13.989586+00:00
3881,915.678,2026-09-24T07:55:13.990262+00:00
3882,915.964,2026-09-24T07:55:13.990899+00:00
3883,916.177,2026-09-24T07:55:13.991444+00:00
3884,916.351,2026-09-24T07:55:13.991983+00:00
3885,916.569,2026-09-24T07:55:13.992527+00:00
3886,916.738,2026-09-24T07:55:13.993056+00:00
3887,916.907,2026-09-24T07:55:13.993594+00:00
3888,917.102,2026-09-24T07:55:13.994135+00:00
3889,917.714,2026-09-24T07:55:13.995086+00:00
3890,918.089,2026-09-24T07:55:13.995861+00:00
3891,918.279,2026-09-24T07:55:13.996426+00:00
3892,918.5569999999999,2026-09-24T07:55:13.997069+00:00
3893,918.918,2026-09-24T07:55:13.997773+00:00
3894,919.203,2026-09-24T07:55:13.998399+00:00
3895,919.395,2026-09-24T07:55:13.998945+00:00
3896,919.547,2026-09-24T07:55:13.999462+00:00
3897,919.6959999999999,2026-09-24T07:55:13.999961+00:00
3898,919.876,2026-09-24T07:55:14.000481+00:00
3899,920.022,2026-09-24T07:55:14.000981+00:00
3900,920.1890000000001,2026-09-24T07:55:14.001504+00:00
3901,920.551,2026-09-24T07:55:14.002223+00:00
3902,920.784,2026-09-24T07:55:14.002803+00:00
3903,921.063,2026-09-24T07:55:14.003404+00:00
3904,921.298,2026-09-24T07:55:14.003984+00:00
3905,921.5060000000001,2026-09-24T07:55:14.004538+00:00
3906,921.756,2026-09-24T07:55:14.005134+00:00
3907,921.976,2026-09-24T07:55:14.005716+00:00
3908,922.211,2026-09-24T07:55:14.006261+00:00
3909,922.556,2026-09-24T07:55:14.006943+00:00
3910,922.8340000000001,2026-09-24T07:55:14.007584+00:00
3911,923.147,2026-09-24T07:55:14.008198+00:00
3912,923.365,2026-09-24T07:55:14.008767+00:00
3913,923.5360000000001,2026-09-24T07:55:14.009361+00:00
3914,923.744,2026-09-24T07:55:14.009953+00:00
3915,923.9810000000001,2026-09-24T07:55:14.010579+00:00
3916,924.2470000000001,2026-09-24T07:55:14.011162+00:00
3917,924.508,2026-09-24T07:55:14.011734+00:00
3918,924.7189999999999,2026-09-24T07:55:14.012289+00:00
3919,925.027,2026-09-24T07:55:14.012930+00:00
3920,925.353,2026-09-24T07:55:14.013575+00:00
3921,925.708,2026-09-24T07:55:14.014282+00:00
3922,925.986,2026-09-24T07:55:14.014900+00:00
3923,926.3249999999999,2026-09-24T07:55:14.015586+00:00
3924,926.483,2026-09-24T07:55:14.016109+00:00
3925,926.7180000000001,2026-09-24T07:55:14.016655+00:00
3926,926.953,2026-09-24T07:55:14.017203+00:00
3927,927.135,2026-09-24T07:55:14.017725+00:00
3928,927.3019999999999,2026-09-24T07:55:14.018247+00:00
3929,927.4989999999999,2026-09-24T07:55:14.018770+00:00
3930,927.59,2026-09-24T07:55:14.019268+00:00
3931,927.574,2026-09-24T07:55:14.019802+00:00
3932,927.644,2026-09-24T07:55:14.020309+00:00
3933,927.787,2026-09-24T07:55:14.020858+00:00
3934,927.909,2026-09-24T07:55:14.021406+00:00
3935,928.163,2026-09-24T07:55:14.022068+00:00
3936,928.385,2026-09-24T07:55:14.022680+00:00
3937,928.461,2026-09-24T07:55:14.023201+00:00
3938,928.712,2026-09-24T07:55:14.023842+00:00
3939,928.8910000000001,2026-09-24T07:55:14.024458+00:00
3940,928.941,2026-09-24T07:55:14.025011+00:00
3941,929.0690000000001,2026-09-24T07:55:14.025561+00:00
3942,929.187,2026-09-24T07:55:14.026107+00:00
3943,929.355,2026-09-24T07:55:14.026659+00:00
3944,929.466,2026-09-24T07:55:14.027187+00:00
3945,929.601,2026-09-24T07:55:14.027734+00:00
3946,929.7370000000001,2026-09-24T07:55:14.028266+00:00
3947,929.901,2026-09-24T07:55:14.028833+00:00
3948,930.055,2026-09-24T07:55:14.029368+00:00
3949,930.1310000000001,2026-09-24T07:55:14.029931+00:00
3950,930.299,2026-09-24T07:55:14.030477+00:00
3951,930.4689999999999,2026-09-24T07:55:14.031034+00:00
3952,930.5870000000001,2026-09-24T07:55:14.031548+00:00
3953,930.7149999999999,2026-09-24T07:55:14.032060+00:00
3954,930.868,2026-09-24T07:55:14.032600+00:00
3955,930.994,2026-09-24T07:55:14.033133+00:00
3956,931.1080000000001,2026-09-24T07:55:14.033662+00:00
3957,931.216,2026-09-24T07:55:14.034219+00:00
3958,931.966,2026-09-24T07:55:14.035350+00:00
3959,932.708,2026-09-24T07:55:14.036482+00:00
3960,933.466,2026-09-24T07:55:14.037635+00:00
3961,933.89,2026-09-24T07:55:14.038546+00:00
3962,934.3439999999999,2026-09-24T07:55:14.039384+00:00
3963,934.698,2026-09-24T07:55:14.040185+00:00
3964,934.886,2026-09-24T07:55:14.040935+00:00
3965,935.3209999999999,2026-09-24T07:55:14.041812+00:00
3966,935.89,2026-09-24T07:55:14.042770+00:00
3967,936.481,2026-09-24T07:55:14.043733+00:00
3968,936.89,2026-09-24T07:55:14.044537+00:00
3969,937.3430000000001,2026-09-24T07:55:14.045304+00:00
3970,937.704,2026-09-24T07:55:14.046045+00:00
3971,938.0880000000001,2026-09-24T07:55:14.046788+00:00
3972,938.626,2026-09-24T07:55:14.047673+00:00
3973,939.1469999999999,2026-09-24T07:55:14.048535+00:00
3974,939.767,2026-09-24T07:55:14.049513+00:00
3975,940.389,2026-09-24T07:55:14.050463+00:00
3976,940.9300000000001,2026-09-24T07:55:14.051310+00:00
3977,941.404,2026-09-24T07:55:14.052161+00:00
3978,941.918,2026-09-24T07:55:14.053005+00:00
3979,942.3280000000001,2026-09-24T07:55:14.053721+00:00
3980,942.582,2026-09-24T07:55:14.054345+00:00
3981,942.8879999999999,2026-09-24T07:55:14.054977+00:00
3982,943.2420000000001,2026-09-24T07:55:14.055641+00:00
3983,943.548,2026-09-24T07:55:14.056302+00:00
3984,943.801,2026-09-24T07:55:14.056913+00:00
3985,944.0110000000001,2026-09-24T07:55:14.057473+00:00
3986,944.432,2026-09-24T07:55:14.058239+00:00
3987,944.883,2026-09-24T07:55:14.059025+00:00
3988,945.206,2026-09-24T07:55:14.059699+00:00
3989,945.493,2026-09-24T07:55:14.060352+00:00
3990,945.845,2026-09-24T07:55:14.061038+00:00
3991,946.1990000000001,2026-09-24T07:55:14.061739+00:00
3992,946.554,2026-09-24T07:55:14.062454+00:00
3993,946.851,2026-09-24T07:55:14.063087+00:00
3994,947.1650000000001,2026-09-24T07:55:14.063725+00:00
3995,947.523,2026-09-24T07:55:14.064422+00:00
3996,947.942,2026-09-24T07:55:14.065205+00:00
3997,948.384,2026-09-24T07:55:14.066008+00:00
3998,948.902,2026-09-24T07:55:14.066857+00:00
3999,949.379,2026-09-24T07:55:14.067712+00:00
4000,949.859,2026-09-24T07:55:14.068568+00:00
4001,950.426,2026-09-24T07:55:14.069469+00:00
4002,950.817,2026-09-24T07:55:14.070219+00:00
4003,951.0849999999999,2026-09-24T07:55:14.070850+00:00
4004,951.476,2026-09-24T07:55:14.071582+00:00
4005,951.8299999999999,2026-09-24T07:55:14.072297+00:00
4006,952.2620000000001,2026-09-24T07:55:14.073061+00:00
4007,952.543,2026-09-24T07:55:14.073736+00:00
4008,953.151,2026-09-24T07:55:14.074750+00:00
4009,953.977,2026-09-24T07:55:14.075977+00:00
4010,954.414,2026-09-24T07:55:14.076767+00:00
4011,954.766,2026-09-24T07:55:14.077480+00:00
4012,955.3009999999999,2026-09-24T07:55:14.078349+00:00
4013,955.635,2026-09-24T07:55:14.079035+00:00
4014,955.911,2026-09-24T07:55:14.079684+00:00
4015,956.351,2026-09-24T07:55:14.080466+00:00
4016,956.653,2026-09-24T07:55:14.081130+00:00
4017,957.502,2026-09-24T07:55:14.082336+00:00
4018,958.031,2026-09-24T07:55:14.083190+00:00
4019,958.6170000000001,2026-09-24T07:55:14.084119+00:00
4020,959.0079999999999,2026-09-24T07:55:14.084854+00:00
4021,959.348,2026-09-24T07:55:14.085530+00:00
4022,959.4319999999999,2026-09-24T07:55:14.086184+00:00
4023,959.2629999999999,2026-09-24T07:55:14.086821+00:00
4024,959.357,2026-09-24T07:55:14.087481+00:00
4025,959.459,2026-09-24T07:55:14.088098+00:00
4026,959.598,2026-09-24T07:55:14.088697+00:00
4027,959.9069999999999,2026-09-24T07:55:14.089463+00:00
4028,960.291,2026-09-24T07:55:14.090329+00:00
4029,960.592,2026-09-24T07:55:14.091092+00:00
4030,960.874,2026-09-24T07:55:14.091820+00:00
4031,961.149,2026-09-24T07:55:14.092522+00:00
4032,961.387,2026-09-24T07:55:14.093205+00:00
4033,961.6479999999999,2026-09-24T07:55:14.093908+00:00
4034,961.875,2026-09-24T07:55:14.094596+00:00
4035,962.098,2026-09-24T07:55:14.095268+00:00
4036,962.446,2026-09-24T07:55:14.096055+00:00
4037,962.73,2026-09-24T07:55:14.096786+00:00
4038,962.997,2026-09-24T07:55:14.097497+00:00
4039,963.392,2026-09-24T07:55:14.098332+00:00
4040,963.934,2026-09-24T07:55:14.099283+00:00
4041,964.482,2026-09-24T07:55:14.100262+00:00
4042,964.795,2026-09-24T07:55:14.101019+00:00
4043,965.136,2026-09-24T07:55:14.101798+00:00
4044,965.418,2026-09-24T07:55:14.102511+00:00
4045,965.7719999999999,2026-09-24T07:55:14.103382+00:00
4046,966.101,2026-09-24T07:55:14.104167+00:00
4047,966.348,2026-09-24T07:55:14.104872+00:00
4048,966.528,2026-09-24T07:55:14.105483+00:00
4049,967.135,2026-09-24T07:55:14.106515+00:00
4050,967.554,2026-09-24T07:55:14.107388+00:00
4051,967.924,2026-09-24T07:55:14.108203+00:00
4052,968.118,2026-09-24T07:55:14.108909+00:00
4053,968.357,2026-09-24T07:55:14.109556+00:00
4054,968.514,2026-09-24T07:55:14.110166+00:00
4055,968.654,2026-09-24T07:55:14.110772+00:00
4056,968.844,2026-09-24T07:55:14.111384+00:00
4057,969.0490000000001,2026-09-24T07:55:14.112067+00:00
4058,969.2950000000001,2026-09-24T07:55:14.112752+00:00
4059,969.4509999999999,2026-09-24T07:55:14.113383+00:00
4060,969.9100000000001,2026-09-24T07:55:14.114286+00:00
4061,970.356,2026-09-24T07:55:14.115180+00:00
4062,970.933,2026-09-24T07:55:14.116184+00:00
4063,971.448,2026-09-24T07:55:14.117166+00:00
4064,971.6909999999999,2026-09-24T07:55:14.117858+00:00
4065,971.8599999999999,2026-09-24T07:55:14.118488+00:00
4066,972.0600000000001,2026-09-24T07:55:14.119140+00:00
4067,972.249,2026-09-24T07:55:14.119786+00:00
4068,972.398,2026-09-24T07:55:14.120392+00:00
4069,972.5939999999999,2026-09-24T07:55:14.121022+00:00
4070,972.838,2026-09-24T07:55:14.121706+00:00
4071,973.032,2026-09-24T07:55:14.122341+00:00
4072,973.45,2026-09-24T07:55:14.123200+00:00
4073,973.639,2026-09-24T07:55:14.123811+00:00
4074,973.832,2026-09-24T07:55:14.124425+00:00
4075,974.091,2026-09-24T07:55:14.125105+00:00
4076,974.234,2026-09-24T07:55:14.125712+00:00
4077,974.367,2026-09-24T07:55:14.126273+00:00
4078,974.589,2026-09-24T07:55:14.126936+00:00
4079,974.5310000000001,2026-09-24T07:55:14.127535+00:00
4080,974.581,2026-09-24T07:55:14.128152+00:00
4081,974.724,2026-09-24T07:55:14.128744+00:00
4082,974.854,2026-09-24T07:55:14.129289+00:00
4083,975.362,2026-09-24T07:55:14.130203+00:00
4084,975.986,2026-09-24T07:55:14.131219+00:00
4085,976.525,2026-09-24T07:55:14.132169+00:00
4086,977.19,2026-09-24T07:55:14.133248+00:00
4087,977.595,2026-09-24T07:55:14.134035+00:00
4088,978.085,2026-09-24T07:55:14.134928+00:00
4089,978.778,2026-09-24T07:55:14.136023+00:00
4090,979.03,2026-09-24T07:55:14.136702+00:00
4091,979.409,2026-09-24T07:55:14.137477+00:00
4092,979.656,2026-09-24T07:55:14.138132+00:00
4093,980.02,2026-09-24T07:55:14.138910+00:00
4094,980.465,2026-09-24T07:55:14.139775+00:00
4095,980.952,2026-09-24T07:55:14.140670+00:00
4096,981.216,2026-09-24T07:55:14.141295+00:00
4097,981.4150000000001,2026-09-24T07:55:14.141887+00:00
4098,981.5509999999999,2026-09-24T07:55:14.142476+00:00
4099,981.711,2026-09-24T07:55:14.143018+00:00
4100,981.862,2026-09-24T07:55:14.143583+00:00
4101,982.043,2026-09-24T07:55:14.144135+00:00
4102,982.172,2026-09-24T07:55:14.144688+00:00
4103,982.304,2026-09-24T07:55:14.145223+00:00
4104,982.834,2026-09-24T07:55:14.146160+00:00
4105,983.3009999999999,2026-09-24T07:55:14.147049+00:00
4106,983.5930000000001,2026-09-24T07:55:14.147737+00:00
4107,984.051,2026-09-24T07:55:14.148640+00:00
4108,984.768,2026-09-24T07:55:14.149728+00:00
4109,985.234,2026-09-24T07:55:14.150595+00:00
4110,985.592,2026-09-24T07:55:14.151364+00:00
4111,985.877,2026-09-24T07:55:14.152049+00:00
4112,986.158,2026-09-24T07:55:14.152728+00:00
4113,986.423,2026-09-24T07:55:14.153401+00:00
4114,986.861,2026-09-24T07:55:14.154233+00:00
4115,986.99,2026-09-24T07:55:14.154967+00:00
4116,987.2189999999999,2026-09-24T07:55:14.155669+00:00
4117,987.561,2026-09-24T07:55:14.156359+00:00
4118,987.804,2026-09-24T07:55:14.156985+00:00
4119,988.133,2026-09-24T07:55:14.157682+00:00
4120,988.404,2026-09-24T07:55:14.158375+00:00
4121,988.715,2026-09-24T07:55:14.159070+00:00
4122,988.866,2026-09-24T07:55:14.159769+00:00
4123,988.904,2026-09-24T07:55:14.160378+00:00
4124,988.9639999999999,2026-09-24T07:55:14.161069+00:00
4125,989.139,2026-09-24T07:55:14.161751+00:00
4126,989.52,2026-09-24T07:55:14.162647+00:00
4127,989.737,2026-09-24T07:55:14.163498+00:00
4128,989.961,2026-09-24T07:55:14.164382+00:00
4129,990.183,2026-09-24T07:55:14.165162+00:00
4130,990.445,2026-09-24T07:55:14.166093+00:00
4131,990.4889999999999,2026-09-24T07:55:14.166799+00:00
4132,990.642,2026-09-24T07:55:14.167515+00:00
4133,990.656,2026-09-24T07:55:14.168201+00:00
4134,990.681,2026-09-24T07:55:14.168895+00:00
4135,990.983,2026-09-24T07:55:14.169677+00:00
4136,991.359,2026-09-24T07:55:14.170455+00:00
4137,991.701,2026-09-24T07:55:14.171226+00:00
4138,992.071,2026-09-24T07:55:14.172040+00:00
4139,992.476,2026-09-24T07:55:14.172933+00:00
4140,992.99,2026-09-24T07:55:14.173922+00:00
4141,993.352,2026-09-24T07:55:14.174695+00:00
4142,993.5169999999999,2026-09-24T07:55:14.175362+00:00
4143,994.053,2026-09-24T07:55:14.176324+00:00
4144,994.404,2026-09-24T07:55:14.177130+00:00
4145,994.7049999999999,2026-09-24T07:55:14.177883+00:00
4146,994.947,2026-09-24T07:55:14.178579+00:00
4147,995.045,2026-09-24T07:55:14.179282+00:00
4148,995.227,2026-09-24T07:55:14.180130+00:00
4149,995.3870000000001,2026-09-24T07:55:14.180894+00:00
4150,995.656,2026-09-24T07:55:14.181637+00:00
4151,995.658,2026-09-24T07:55:14.182355+00:00
4152,995.795,2026-09-24T07:55:14.183062+00:00
4153,995.779,2026-09-24T07:55:14.183763+00:00
4154,996.109,2026-09-24T07:55:14.184597+00:00
4155,996.9789999999999,2026-09-24T07:55:14.185897+00:00
4156,997.549,2026-09-24T07:55:14.186887+00:00
4157,997.936,2026-09-24T07:55:14.187730+00:00
4158,998.344,2026-09-24T07:55:14.188581+00:00
4159,998.749,2026-09-24T07:55:14.189402+00:00
4160,999.244,2026-09-24T07:55:14.190274+00:00
4161,999.454,2026-09-24T07:55:14.190918+00:00
4162,999.651,2026-09-24T07:55:14.191524+00:00
4163,999.792,2026-09-24T07:55:14.192093+00:00
4164,999.606,2026-09-24T07:55:14.192738+00:00
4165,999.3349999999999,2026-09-24T07:55:14.193342+00:00
4166,999.388,2026-09-24T07:55:14.193928+00:00
4167,999.527,2026-09-24T07:55:14.194643+00:00
4168,999.9010000000001,2026-09-24T07:55:14.195523+00:00
4169,1000.1979999999999,2026-09-24T07:55:14.196250+00:00
4170,1000.272,2026-09-24T07:55:14.196955+00:00
4171,1000.3580000000001,2026-09-24T07:55:14.197628+00:00
4172,1000.3679999999999,2026-09-24T07:55:14.198295+00:00
4173,1000.5010000000001,2026-09-24T07:55:14.198994+00:00
4174,1000.5120000000001,2026-09-24T07:55:14.199692+00:00
4175,1000.1770000000001,2026-09-24T07:55:14.200404+00:00
4176,1000.529,2026-09-24T07:55:14.201394+00:00
4177,1001.1859999999999,2026-09-24T07:55:14.202728+00:00
4178,1001.7799999999999,2026-09-24T07:55:14.203919+00:00
4179,1003.236,2026-09-24T07:55:14.205867+00:00
4180,1004.117,2026-09-24T07:55:14.207201+00:00
4181,1004.9870000000001,2026-09-24T07:55:14.208548+00:00
4182,1005.398,2026-09-24T07:55:14.209408+00:00
4183,1005.674,2026-09-24T07:55:14.210267+00:00
4184,1005.981,2026-09-24T07:55:14.211154+00:00
4185,1006.203,2026-09-24T07:55:14.212007+00:00
4186,1006.7410000000001,2026-09-24T07:55:14.212992+00:00
4187,1007.892,2026-09-24T07:55:14.214557+00:00
4188,1008.383,2026-09-24T07:55:14.215446+00:00
4189,1008.796,2026-09-24T07:55:14.216221+00:00
4190,1009.3559999999999,2026-09-24T07:55:14.217161+00:00
4191,1009.744,2026-09-24T07:55:14.217930+00:00
4192,1010.3709999999999,2026-09-24T07:55:14.218949+00:00
4193,1010.7440000000001,2026-09-24T07:55:14.219682+00:00
4194,1011.0310000000001,2026-09-24T07:55:14.220352+00:00
4195,1011.258,2026-09-24T07:55:14.221014+00:00
4196,1011.552,2026-09-24T07:55:14.221654+00:00
4197,1011.816,2026-09-24T07:55:14.222278+00:00
4198,1012.181,2026-09-24T07:55:14.223008+00:00
4199,1012.5649999999999,2026-09-24T07:55:14.223732+00:00
4200,1012.934,2026-09-24T07:55:14.224464+00:00
4201,1013.4920000000001,2026-09-24T07:55:14.225369+00:00
4202,1013.895,2026-09-24T07:55:14.226283+00:00
4203,1014.295,2026-09-24T07:55:14.227174+00:00
4204,1014.7049999999999,2026-09-24T07:55:14.228272+00:00
4205,1014.7710000000001,2026-09-24T07:55:14.229167+00:00
4206,1014.5280000000001,2026-09-24T07:55:14.229850+00:00
4207,1014.6850000000001,2026-09-24T07:55:14.230709+00:00
4208,1015.2620000000001,2026-09-24T07:55:14.231838+00:00
4209,1015.9370000000001,2026-09-24T07:55:14.233271+00:00
4210,1016.47,2026-09-24T07:55:14.234684+00:00
4211,1017.193,2026-09-24T07:55:14.235934+00:00
4212,1016.831,2026-09-24T07:55:14.236656+00:00
4213,1016.6139999999999,2026-09-24T07:55:14.237480+00:00
4214,1016.146,2026-09-24T07:55:14.238105+00:00
4215,1016.326,2026-09-24T07:55:14.238833+00:00
4216,1016.818,2026-09-24T07:55:14.239708+00:00
4217,1017.0559999999999,2026-09-24T07:55:14.240313+00:00
4218,1017.3760000000001,2026-09-24T07:55:14.241028+00:00
4219,1017.9800000000001,2026-09-24T07:55:14.242009+00:00
4220,1018.567,2026-09-24T07:55:14.242940+00:00
4221,1018.955,2026-09-24T07:55:14.243692+00:00
4222,1019.261,2026-09-24T07:55:14.244353+00:00
4223,1019.4939999999999,2026-09-24T07:55:14.244941+00:00
4224,1019.681,2026-09-24T07:55:14.245524+00:00
4225,1019.901,2026-09-24T07:55:14.246133+00:00
4226,1020.216,2026-09-24T07:55:14.246781+00:00
4227,1020.5010000000001,2026-09-24T07:55:14.247425+00:00
4228,1020.7360000000001,2026-09-24T07:55:14.248011+00:00
4229,1021.399,2026-09-24T07:55:14.249038+00:00
4230,1022.046,2026-09-24T07:55:14.250019+00:00
4231,1022.2309999999999,2026-09-24T07:55:14.250692+00:00
4232,1022.413,2026-09-24T07:55:14.251468+00:00
4233,1022.524,2026-09-24T07:55:14.252023+00:00
4234,1022.3720000000001,2026-09-24T07:55:14.252568+00:00
4235,1021.968,2026-09-24T07:55:14.253113+00:00
4236,1021.6050000000001,2026-09-24T07:55:14.253666+00:00
4237,1021.522,2026-09-24T07:55:14.254329+00:00
4238,1021.638,2026-09-24T07:55:14.254905+00:00
4239,1021.568,2026-09-24T07:55:14.255380+00:00
4240,1021.619,2026-09-24T07:55:14.256086+00:00
4241,1021.337,2026-09-24T07:55:14.256629+00:00
4242,1021.071,2026-09-24T07:55:14.257180+00:00
4243,1020.7900000000001,2026-09-24T07:55:14.257730+00:00
4244,1020.95,2026-09-24T07:55:14.258459+00:00
4245,1021.1490000000001,2026-09-24T07:55:14.259100+00:00
4246,1021.404,2026-09-24T07:55:14.259765+00:00
4247,1021.526,2026-09-24T07:55:14.260297+00:00
4248,1021.6650000000001,2026-09-24T07:55:14.260847+00:00
4249,1021.7769999999999,2026-09-24T07:55:14.261351+00:00
4250,1021.9959999999999,2026-09-24T07:55:14.261958+00:00
4251,1022.216,2026-09-24T07:55:14.262560+00:00
4252,1022.381,2026-09-24T07:55:14.263127+00:00
4253,1022.7239999999999,2026-09-24T07:55:14.263862+00:00
4254,1023.174,2026-09-24T07:55:14.264691+00:00
4255,1023.5129999999999,2026-09-24T07:55:14.265420+00:00
4256,1024.073,2026-09-24T07:55:14.266339+00:00
4257,1024.522,2026-09-24T07:55:14.267191+00:00
4258,1024.933,2026-09-24T07:55:14.267983+00:00
4259,1025.171,2026-09-24T07:55:14.268628+00:00
4260,1025.499,2026-09-24T07:55:14.269486+00:00
4261,1025.944,2026-09-24T07:55:14.270341+00:00
4262,1026.1860000000001,2026-09-24T07:55:14.271200+00:00
4263,1026.412,2026-09-24T07:55:14.272192+00:00
4264,1026.549,2026-09-24T07:55:14.272837+00:00
4265,1026.78,2026-09-24T07:55:14.273594+00:00
4266,1027.3909999999998,2026-09-24T07:55:14.274613+00:00
4267,1027.8339999999998,2026-09-24T07:55:14.275404+00:00
4268,1028.243,2026-09-24T07:55:14.276141+00:00
4269,1028.434,2026-09-24T07:55:14.276762+00:00
4270,1028.829,2026-09-24T07:55:14.277545+00:00
4271,1029.135,2026-09-24T07:55:14.278212+00:00
4272,1029.404,2026-09-24T07:55:14.278832+00:00
4273,1029.7130000000002,2026-09-24T07:55:14.279471+00:00
4274,1029.915,2026-09-24T07:55:14.280075+00:00
4275,1030.194,2026-09-24T07:55:14.280830+00:00
4276,1030.2469999999998,2026-09-24T07:55:14.281547+00:00
4277,1030.162,2026-09-24T07:55:14.282454+00:00
4278,1030.312,2026-09-24T07:55:14.283339+00:00
4279,1030.638,2026-09-24T07:55:14.284260+00:00
4280,1030.828,2026-09-24T07:55:14.285015+00:00
4281,1030.9470000000001,2026-09-24T07:55:14.285661+00:00
4282,1031.133,2026-09-24T07:55:14.286373+00:00
4283,1031.3909999999998,2026-09-24T07:55:14.287143+00:00
4284,1031.692,2026-09-24T07:55:14.287891+00:00
4285,1031.945,2026-09-24T07:55:14.288496+00:00
4286,1032.226,2026-09-24T07:55:14.289112+00:00
4287,1032.631,2026-09-24T07:55:14.289854+00:00
4288,1032.895,2026-09-24T07:55:14.290484+00:00
4289,1033.314,2026-09-24T07:55:14.291228+00:00
4290,1033.639,2026-09-24T07:55:14.291881+00:00
4291,1034.022,2026-09-24T07:55:14.292606+00:00
4292,1034.318,2026-09-24T07:55:14.293250+00:00
4293,1034.59,2026-09-24T07:55:14.293869+00:00
4294,1034.846,2026-09-24T07:55:14.294518+00:00
4295,1035.177,2026-09-24T07:55:14.295168+00:00
4296,1035.494,2026-09-24T07:55:14.295823+00:00
4297,1035.781,2026-09-24T07:55:14.296467+00:00
4298,1036.06,2026-09-24T07:55:14.297089+00:00
4299,1036.4260000000002,2026-09-24T07:55:14.297760+00:00
4300,1037.129,2026-09-24T07:55:14.298808+00:00
4301,1037.4460000000001,2026-09-24T07:55:14.299533+00:00
4302,1037.858,2026-09-24T07:55:14.300285+00:00
4303,1038.353,2026-09-24T07:55:14.301129+00:00
4304,1038.687,2026-09-24T07:55:14.301852+00:00
4305,1039.022,2026-09-24T07:55:14.302668+00:00
4306,1039.452,2026-09-24T07:55:14.303463+00:00
4307,1039.606,2026-09-24T07:55:14.304229+00:00
4308,1039.4959999999999,2026-09-24T07:55:14.304998+00:00
4309,1039.675,2026-09-24T07:55:14.305695+00:00
4310,1039.971,2026-09-24T07:55:14.306481+00:00
4311,1040.3439999999998,2026-09-24T07:55:14.307223+00:00
4312,1040.732,2026-09-24T07:55:14.307930+00:00
4313,1041.1209999999999,2026-09-24T07:55:14.308691+00:00
4314,1041.457,2026-09-24T07:55:14.309404+00:00
4315,1041.787,2026-09-24T07:55:14.310082+00:00
4316,1042.046,2026-09-24T07:55:14.310796+00:00
4317,1042.194,2026-09-24T07:55:14.311482+00:00
4318,1042.3990000000001,2026-09-24T07:55:14.312144+00:00
4319,1042.6660000000002,2026-09-24T07:55:14.312835+00:00
4320,1042.912,2026-09-24T07:55:14.313558+00:00
4321,1043.308,2026-09-24T07:55:14.314347+00:00
4322,1043.436,2026-09-24T07:55:14.315055+00:00
4323,1043.888,2026-09-24T07:55:14.315879+00:00
4324,1044.218,2026-09-24T07:55:14.316720+00:00
4325,1044.094,2026-09-24T07:55:14.317325+00:00
4326,1044.069,2026-09-24T07:55:14.317983+00:00
4327,1044.3519999999999,2026-09-24T07:55:14.318809+00:00
4328,1044.471,2026-09-24T07:55:14.319376+00:00
4329,1044.8029999999999,2026-09-24T07:55:14.320122+00:00
4330,1044.948,2026-09-24T07:55:14.320734+00:00
4331,1045.0919999999999,2026-09-24T07:55:14.321305+00:00
4332,1045.267,2026-09-24T07:55:14.321981+00:00
4333,1045.7099999999998,2026-09-24T07:55:14.322851+00:00
4334,1046.009,2026-09-24T07:55:14.323580+00:00
4335,1046.269,2026-09-24T07:55:14.324243+00:00
4336,1046.514,2026-09-24T07:55:14.324892+00:00
4337,1046.6709999999998,2026-09-24T07:55:14.325506+00:00
4338,1046.853,2026-09-24T07:55:14.326139+00:00
4339,1047.196,2026-09-24T07:55:14.326905+00:00
4340,1047.672,2026-09-24T07:55:14.327720+00:00
4341,1047.9830000000002,2026-09-24T07:55:14.328349+00:00
4342,1048.102,2026-09-24T07:55:14.328875+00:00
4343,1048.21,2026-09-24T07:55:14.329388+00:00
4344,1048.589,2026-09-24T07:55:14.330122+00:00
4345,1048.789,2026-09-24T07:55:14.330764+00:00
4346,1049.001,2026-09-24T07:55:14.331319+00:00
4347,1049.074,2026-09-24T07:55:14.331850+00:00
4348,1049.259,2026-09-24T07:55:14.332371+00:00
4349,1049.524,2026-09-24T07:55:14.332960+00:00
4350,1049.919,2026-09-24T07:55:14.333710+00:00
4351,1050.322,2026-09-24T07:55:14.334488+00:00
4352,1050.7740000000001,2026-09-24T07:55:14.335304+00:00
4353,1051.174,2026-09-24T07:55:14.336021+00:00
4354,1051.576,2026-09-24T07:55:14.336747+00:00
4355,1051.407,2026-09-24T07:55:14.337347+00:00
4356,1051.209,2026-09-24T07:55:14.338048+00:00
4357,1051.329,2026-09-24T07:55:14.338791+00:00
4358,1051.55,2026-09-24T07:55:14.339557+00:00
4359,1051.585,2026-09-24T07:55:14.340107+00:00
4360,1051.809,2026-09-24T07:55:14.340766+00:00
4361,1051.904,2026-09-24T07:55:14.341434+00:00
4362,1051.96,2026-09-24T07:55:14.342019+00:00
4363,1051.9940000000001,2026-09-24T07:55:14.342583+00:00
4364,1052.061,2026-09-24T07:55:14.343118+00:00
4365,1052.176,2026-09-24T07:55:14.343744+00:00
4366,1052.263,2026-09-24T07:55:14.344338+00:00
4367,1052.405,2026-09-24T07:55:14.344940+00:00
4368,1052.638,2026-09-24T07:55:14.345669+00:00
4369,1052.9630000000002,2026-09-24T07:55:14.346532+00:00
4370,1053.164,2026-09-24T07:55:14.347238+00:00
4371,1053.326,2026-09-24T07:55:14.347924+00:00
4372,1053.438,2026-09-24T07:55:14.348536+00:00
4373,1053.535,2026-09-24T07:55:14.349131+00:00
4374,1053.7430000000002,2026-09-24T07:55:14.349755+00:00
4375,1053.8419999999999,2026-09-24T07:55:14.350313+00:00
4376,1053.882,2026-09-24T07:55:14.350902+00:00
4377,1053.817,2026-09-24T07:55:14.351491+00:00
4378,1053.854,2026-09-24T07:55:14.352019+00:00
4379,1053.895,2026-09-24T07:55:14.352521+00:00
4380,1053.99,2026-09-24T07:55:14.353001+00:00
4381,1054.0020000000002,2026-09-24T07:55:14.353493+00:00
4382,1054.0149999999999,2026-09-24T07:55:14.353973+00:00
4383,1054.009,2026-09-24T07:55:14.354432+00:00
4384,1054.1229999999998,2026-09-24T07:55:14.355045+00:00
4385,1054.048,2026-09-24T07:55:14.355583+00:00
4386,1054.32,2026-09-24T07:55:14.356463+00:00
4387,1054.349,2026-09-24T07:55:14.356989+00:00
4388,1054.346,2026-09-24T07:55:14.357467+00:00
4389,1054.324,2026-09-24T07:55:14.357934+00:00
4390,1054.375,2026-09-24T07:55:14.358462+00:00
4391,1054.432,2026-09-24T07:55:14.359000+00:00
4392,1054.4370000000001,2026-09-24T07:55:14.359479+00:00
4393,1054.4260000000002,2026-09-24T07:55:14.359990+00:00
4394,1054.324,2026-09-24T07:55:14.360482+00:00
4395,1054.2069999999999,2026-09-24T07:55:14.361003+00:00
4396,1054.2800000000002,2026-09-24T07:55:14.361545+00:00
4397,1054.325,2026-09-24T07:55:14.362053+00:00
4398,1054.3629999999998,2026-09-24T07:55:14.362556+00:00
4399,1054.496,2026-09-24T07:55:14.363140+00:00
4400,1054.59,2026-09-24T07:55:14.363703+00:00
4401,1054.672,2026-09-24T07:55:14.364219+00:00
4402,1055.213,2026-09-24T07:55:14.365158+00:00
4403,1055.683,2026-09-24T07:55:14.366045+00:00
4404,1056.109,2026-09-24T07:55:14.366888+00:00
4405,1056.626,2026-09-24T07:55:14.367800+00:00
4406,1057.0729999999999,2026-09-24T07:55:14.368681+00:00
4407,1057.3680000000002,2026-09-24T07:55:14.369404+00:00
4408,1057.66,2026-09-24T07:55:14.370167+00:00
4409,1057.9950000000001,2026-09-24T07:55:14.370912+00:00
4410,1058.201,2026-09-24T07:55:14.371539+00:00
4411,1058.552,2026-09-24T07:55:14.372356+00:00
4412,1059.107,2026-09-24T07:55:14.373390+00:00
4413,1059.9160000000002,2026-09-24T07:55:14.374642+00:00
4414,1060.324,2026-09-24T07:55:14.375544+00:00
4415,1060.554,2026-09-24T07:55:14.376208+00:00
4416,1060.725,2026-09-24T07:55:14.376792+00:00
4417,1060.908,2026-09-24T07:55:14.377395+00:00
4418,1061.031,2026-09-24T07:55:14.377955+00:00
4419,1061.184,2026-09-24T07:55:14.378508+00:00
4420,1061.302,2026-09-24T07:55:14.379075+00:00
4421,1061.49,2026-09-24T07:55:14.379663+00:00
4422,1061.566,2026-09-24T07:55:14.380215+00:00
4423,1061.55,2026-09-24T07:55:14.380834+00:00
4424,1061.306,2026-09-24T07:55:14.381473+00:00
4425,1061.201,2026-09-24T07:55:14.382077+00:00
4426,1061.42,2026-09-24T07:55:14.382684+00:00
4427,1061.6209999999999,2026-09-24T07:55:14.383227+00:00
4428,1061.831,2026-09-24T07:55:14.383818+00:00
4429,1061.912,2026-09-24T07:55:14.384372+00:00
4430,1062.103,2026-09-24T07:55:14.384974+00:00
4431,1062.365,2026-09-24T07:55:14.385590+00:00
4432,1062.6180000000002,2026-09-24T07:55:14.386229+00:00
4433,1062.797,2026-09-24T07:55:14.386781+00:00
4434,1062.971,2026-09-24T07:55:14.387294+00:00
4435,1063.287,2026-09-24T07:55:14.387971+00:00
4436,1063.531,2026-09-24T07:55:14.388549+00:00
4437,1063.7350000000001,2026-09-24T07:55:14.389085+00:00
4438,1064.005,2026-09-24T07:55:14.389725+00:00
4439,1064.1529999999998,2026-09-24T07:55:14.390230+00:00
4440,1064.416,2026-09-24T07:55:14.390770+00:00
4441,1064.6789999999999,2026-09-24T07:55:14.391374+00:00
4442,1064.958,2026-09-24T07:55:14.391970+00:00
4443,1065.184,2026-09-24T07:55:14.392506+00:00
4444,1065.422,2026-09-24T07:55:14.393049+00:00
4445,1065.6650000000002,2026-09-24T07:55:14.393607+00:00
4446,1065.92,2026-09-24T07:55:14.394163+00:00
4447,1066.109,2026-09-24T07:55:14.394713+00:00
4448,1066.3180000000002,2026-09-24T07:55:14.395256+00:00
4449,1066.56,2026-09-24T07:55:14.395804+00:00
4450,1066.797,2026-09-24T07:55:14.396362+00:00
4451,1067.036,2026-09-24T07:55:14.396934+00:00
4452,1067.3429999999998,2026-09-24T07:55:14.397588+00:00
4453,1067.477,2026-09-24T07:55:14.398185+00:00
4454,1067.672,2026-09-24T07:55:14.398731+00:00
4455,1067.836,2026-09-24T07:55:14.399258+00:00
4456,1068.029,2026-09-24T07:55:14.399835+00:00
4457,1068.098,2026-09-24T07:55:14.400451+00:00
4458,1068.268,2026-09-24T07:55:14.400987+00:00
4459,1068.533,2026-09-24T07:55:14.401553+00:00
4460,1068.735,2026-09-24T07:55:14.402207+00:00
4461,1069.213,2026-09-24T07:55:14.403010+00:00
4462,1069.8300000000002,2026-09-24T07:55:14.403924+00:00
4463,1070.568,2026-09-24T07:55:14.405149+00:00
4464,1071.38,2026-09-24T07:55:14.406525+00:00
4465,1071.6589999999999,2026-09-24T07:55:14.407370+00:00
4466,1071.989,2026-09-24T07:55:14.408152+00:00
4467,1072.275,2026-09-24T07:55:14.408833+00:00
4468,1072.577,2026-09-24T07:55:14.409523+00:00
4469,1072.832,2026-09-24T07:55:14.410172+00:00
4470,1073.121,2026-09-24T07:55:14.410847+00:00
4471,1073.424,2026-09-24T07:55:14.411491+00:00
4472,1073.728,2026-09-24T07:55:14.412109+00:00
4473,1074.3529999999998,2026-09-24T07:55:14.413073+00:00
4474,1074.801,2026-09-24T07:55:14.413892+00:00
4475,1075.037,2026-09-24T07:55:14.414557+00:00
4476,1075.2079999999999,2026-09-24T07:55:14.415129+00:00
4477,1075.444,2026-09-24T07:55:14.415757+00:00
4478,1075.577,2026-09-24T07:55:14.416356+00:00
4479,1075.437,2026-09-24T07:55:14.416904+00:00
4480,1075.5220000000002,2026-09-24T07:55:14.417517+00:00
4481,1075.8239999999998,2026-09-24T07:55:14.418293+00:00
4482,1076.3069999999998,2026-09-24T07:55:14.419216+00:00
4483,1076.592,2026-09-24T07:55:14.419969+00:00
4484,1076.7949999999998,2026-09-24T07:55:14.420666+00:00
4485,1077.386,2026-09-24T07:55:14.421683+00:00
4486,1077.969,2026-09-24T07:55:14.422760+00:00
4487,1078.754,2026-09-24T07:55:14.424024+00:00
4488,1079.498,2026-09-24T07:55:14.425268+00:00
4489,1080.22,2026-09-24T07:55:14.426461+00:00
4490,1081.024,2026-09-24T07:55:14.427725+00:00
4491,1081.766,2026-09-24T07:55:14.428929+00:00
4492,1082.317,2026-09-24T07:55:14.429919+00:00
4493,1082.676,2026-09-24T07:55:14.430705+00:00
4494,1082.946,2026-09-24T07:55:14.431452+00:00
4495,1083.526,2026-09-24T07:55:14.432467+00:00
4496,1083.821,2026-09-24T07:55:14.433207+00:00
4497,1084.187,2026-09-24T07:55:14.434024+00:00
4498,1084.541,2026-09-24T07:55:14.434799+00:00
4499,1084.767,2026-09-24T07:55:14.435507+00:00
4500,1085.048,2026-09-24T07:55:14.436241+00:00
4501,1085.2450000000001,2026-09-24T07:55:14.436874+00:00
4502,1085.528,2026-09-24T07:55:14.437589+00:00
4503,1085.9959999999999,2026-09-24T07:55:14.438479+00:00
4504,1086.5059999999999,2026-09-24T07:55:14.439405+00:00
4505,1086.754,2026-09-24T07:55:14.440139+00:00
4506,1087.0040000000001,2026-09-24T07:55:14.440847+00:00
4507,1087.378,2026-09-24T07:55:14.441645+00:00
4508,1087.605,2026-09-24T07:55:14.442302+00:00
4509,1087.85,2026-09-24T07:55:14.442985+00:00
4510,1087.956,2026-09-24T07:55:14.443606+00:00
4511,1088.22,2026-09-24T07:55:14.444209+00:00
4512,1088.5910000000001,2026-09-24T07:55:14.444897+00:00
4513,1088.873,2026-09-24T07:55:14.445518+00:00
4514,1089.182,2026-09-24T07:55:14.446157+00:00
4515,1089.55,2026-09-24T07:55:14.446844+00:00
4516,1089.9209999999998,2026-09-24T07:55:14.447545+00:00
4517,1090.5320000000002,2026-09-24T07:55:14.448470+00:00
4518,1091.04,2026-09-24T07:55:14.449284+00:00
4519,1091.6950000000002,2026-09-24T07:55:14.450288+00:00
4520,1092.164,2026-09-24T07:55:14.451097+00:00
4521,1092.579,2026-09-24T07:55:14.451855+00:00
4522,1092.8629999999998,2026-09-24T07:55:14.452475+00:00
4523,1093.108,2026-09-24T07:55:14.453208+00:00
4524,1093.011,2026-09-24T07:55:14.453853+00:00
4525,1093.002,2026-09-24T07:55:14.454392+00:00
4526,1093.1,2026-09-24T07:55:14.455005+00:00
4527,1093.203,2026-09-24T07:55:14.455556+00:00
4528,1093.839,2026-09-24T07:55:14.456642+00:00
4529,1094.32,2026-09-24T07:55:14.457531+00:00
4530,1094.689,2026-09-24T07:55:14.458355+00:00
4531,1095.261,2026-09-24T07:55:14.459391+00:00
4532,1096.471,2026-09-24T07:55:14.461013+00:00
4533,1096.9279999999999,2026-09-24T07:55:14.461908+00:00
4534,1097.795,2026-09-24T07:55:14.463174+00:00
4535,1098.2369999999999,2026-09-24T07:55:14.464069+00:00
4536,1098.4750000000001,2026-09-24T07:55:14.464792+00:00
4537,1098.776,2026-09-24T07:55:14.465551+00:00
4538,1099.18,2026-09-24T07:55:14.466386+00:00
4539,1099.743,2026-09-24T07:55:14.467391+00:00
4540,1100.4830000000002,2026-09-24T07:55:14.468554+00:00
4541,1100.879,2026-09-24T07:55:14.469435+00:00
4542,1101.07,2026-09-24T07:55:14.470154+00:00
4543,1101.338,2026-09-24T07:55:14.470888+00:00
4544,1101.877,2026-09-24T07:55:14.471761+00:00
4545,1102.579,2026-09-24T07:55:14.472767+00:00
4546,1102.8960000000002,2026-09-24T07:55:14.473483+00:00
4547,1103.125,2026-09-24T07:55:14.474205+00:00
4548,1103.31,2026-09-24T07:55:14.474971+00:00
4549,1103.5569999999998,2026-09-24T07:55:14.475648+00:00
4550,1104.295,2026-09-24T07:55:14.476864+00:00
4551,1104.746,2026-09-24T07:55:14.477753+00:00
4552,1105.1299999999999,2026-09-24T07:55:14.478591+00:00
4553,1106.044,2026-09-24T07:55:14.480018+00:00
4554,1106.7689999999998,2026-09-24T07:55:14.481193+00:00
4555,1107.035,2026-09-24T07:55:14.481889+00:00
4556,1107.289,2026-09-24T07:55:14.482560+00:00
4557,1108.191,2026-09-24T07:55:14.483836+00:00
4558,1108.977,2026-09-24T07:55:14.484951+00:00
4559,1110.032,2026-09-24T07:55:14.486328+00:00
4560,1111.322,2026-09-24T07:55:14.487977+00:00
4561,1112.0639999999999,2026-09-24T07:55:14.489047+00:00
4562,1112.565,2026-09-24T07:55:14.489877+00:00
4563,1113.021,2026-09-24T07:55:14.490668+00:00
4564,1113.397,2026-09-24T07:55:14.491379+00:00
4565,1114.055,2026-09-24T07:55:14.492398+00:00
4566,1114.647,2026-09-24T07:55:14.493348+00:00
4567,1115.0739999999998,2026-09-24T07:55:14.494085+00:00
4568,1115.471,2026-09-24T07:55:14.494837+00:00
4569,1116.099,2026-09-24T07:55:14.495818+00:00
4570,1116.678,2026-09-24T07:55:14.496716+00:00
4571,1117.186,2026-09-24T07:55:14.497543+00:00
4572,1117.8110000000001,2026-09-24T07:55:14.498525+00:00
4573,1119.345,2026-09-24T07:55:14.500400+00:00
4574,1120.328,2026-09-24T07:55:14.501748+00:00
4575,1121.0990000000002,2026-09-24T07:55:14.502922+00:00
4576,1122.024,2026-09-24T07:55:14.504203+00:00
4577,1123.041,2026-09-24T07:55:14.505567+00:00
4578,1123.76,2026-09-24T07:55:14.506631+00:00
4579,1124.984,2026-09-24T07:55:14.508187+00:00
4580,1125.5120000000002,2026-09-24T07:55:14.509075+00:00
4581,1126.047,2026-09-24T07:55:14.509932+00:00
4582,1126.504,2026-09-24T07:55:14.510748+00:00
4583,1127.051,2026-09-24T07:55:14.511695+00:00
4584,1127.14,2026-09-24T07:55:14.512446+00:00
4585,1126.7720000000002,2026-09-24T07:55:14.512996+00:00
4586,1126.603,2026-09-24T07:55:14.513644+00:00
4587,1127.3359999999998,2026-09-24T07:55:14.514892+00:00
4588,1128.009,2026-09-24T07:55:14.516040+00:00
4589,1128.627,2026-09-24T07:55:14.517093+00:00
4590,1128.9560000000001,2026-09-24T07:55:14.517872+00:00
4591,1129.362,2026-09-24T07:55:14.518673+00:00
4592,1129.698,2026-09-24T07:55:14.519396+00:00
4593,1129.994,2026-09-24T07:55:14.520056+00:00
4594,1130.3229999999999,2026-09-24T07:55:14.520716+00:00
4595,1130.71,2026-09-24T07:55:14.521424+00:00
4596,1131.0880000000002,2026-09-24T07:55:14.522123+00:00
4597,1131.753,2026-09-24T07:55:14.523133+00:00
4598,1132.314,2026-09-24T07:55:14.524035+00:00
4599,1132.683,2026-09-24T07:55:14.524703+00:00
4600,1132.974,2026-09-24T07:55:14.525311+00:00
4601,1133.252,2026-09-24T07:55:14.525917+00:00
4602,1133.514,2026-09-24T07:55:14.526516+00:00
4603,1133.7489999999998,2026-09-24T07:55:14.527083+00:00
4604,1133.778,2026-09-24T07:55:14.527639+00:00
4605,1133.839,2026-09-24T07:55:14.528188+00:00
4606,1134.018,2026-09-24T07:55:14.528732+00:00
4607,1134.171,2026-09-24T07:55:14.529310+00:00
4608,1134.635,2026-09-24T07:55:14.530191+00:00
4609,1135.291,2026-09-24T07:55:14.531204+00:00
4610,1135.612,2026-09-24T07:55:14.531918+00:00
4611,1136.142,2026-09-24T07:55:14.532834+00:00
4612,1137.0430000000001,2026-09-24T07:55:14.534057+00:00
4613,1137.624,2026-09-24T07:55:14.534957+00:00
4614,1137.987,2026-09-24T07:55:14.535938+00:00
4615,1138.328,2026-09-24T07:55:14.537030+00:00
4616,1138.59,2026-09-24T07:55:14.538030+00:00
4617,1138.781,2026-09-24T07:55:14.538821+00:00
4618,1138.664,2026-09-24T07:55:14.539579+00:00
4619,1138.9759999999999,2026-09-24T07:55:14.540446+00:00
4620,1139.7,2026-09-24T07:55:14.541589+00:00
4621,1140.065,2026-09-24T07:55:14.542361+00:00
4622,1140.378,2026-09-24T07:55:14.543094+00:00
4623,1140.921,2026-09-24T07:55:14.543995+00:00
4624,1141.289,2026-09-24T07:55:14.544695+00:00
4625,1141.5040000000001,2026-09-24T07:55:14.545329+00:00
4626,1141.815,2026-09-24T07:55:14.545983+00:00
4627,1142.4730000000002,2026-09-24T07:55:14.547030+00:00
4628,1143.095,2026-09-24T07:55:14.548025+00:00
4629,1143.5900000000001,2026-09-24T07:55:14.548858+00:00
4630,1143.845,2026-09-24T07:55:14.549491+00:00
4631,1144.166,2026-09-24T07:55:14.550210+00:00
4632,1144.593,2026-09-24T07:55:14.550982+00:00
4633,1145.149,2026-09-24T07:55:14.551890+00:00
4634,1145.571,2026-09-24T07:55:14.552648+00:00
4635,1145.914,2026-09-24T07:55:14.553359+00:00
4636,1146.1390000000001,2026-09-24T07:55:14.553928+00:00
4637,1146.392,2026-09-24T07:55:14.554508+00:00
4638,1146.614,2026-09-24T07:55:14.555082+00:00
4639,1146.789,2026-09-24T07:55:14.555623+00:00
4640,1147.244,2026-09-24T07:55:14.556383+00:00
4641,1147.6779999999999,2026-09-24T07:55:14.557161+00:00
4642,1148.26,2026-09-24T07:55:14.558065+00:00
4643,1148.585,2026-09-24T07:55:14.558725+00:00
4644,1148.8229999999999,2026-09-24T07:55:14.559282+00:00
4645,1149.109,2026-09-24T07:55:14.559880+00:00
4646,1149.297,2026-09-24T07:55:14.560388+00:00
4647,1149.406,2026-09-24T07:55:14.560892+00:00
4648,1149.586,2026-09-24T07:55:14.561380+00:00
4649,1150.247,2026-09-24T07:55:14.562355+00:00
4650,1150.981,2026-09-24T07:55:14.563404+00:00
4651,1151.4679999999998,2026-09-24T07:55:14.564194+00:00
4652,1152.025,2026-09-24T07:55:14.565072+00:00
4653,1152.466,2026-09-24T07:55:14.565808+00:00
4654,1153.0510000000002,2026-09-24T07:55:14.566738+00:00
4655,1153.821,2026-09-24T07:55:14.567799+00:00
4656,1154.185,2026-09-24T07:55:14.568523+00:00
4657,1154.685,2026-09-24T07:55:14.569372+00:00
4658,1156.031,2026-09-24T07:55:14.571039+00:00
4659,1157.379,2026-09-24T07:55:14.572694+00:00
4660,1157.846,2026-09-24T07:55:14.573601+00:00
4661,1158.605,2026-09-24T07:55:14.574730+00:00
4662,1158.9940000000001,2026-09-24T07:55:14.575454+00:00
4663,1159.4180000000001,2026-09-24T07:55:14.576192+00:00
4664,1159.9029999999998,2026-09-24T07:55:14.576977+00:00
4665,1160.271,2026-09-24T07:55:14.577698+00:00
4666,1160.7730000000001,2026-09-24T07:55:14.578532+00:00
4667,1161.481,2026-09-24T07:55:14.579607+00:00
4668,1162.0049999999999,2026-09-24T07:55:14.580484+00:00
4669,1162.463,2026-09-24T07:55:14.581284+00:00
4670,1162.8400000000001,2026-09-24T07:55:14.582133+00:00
4671,1162.7240000000002,2026-09-24T07:55:14.582761+00:00
4672,1162.6989999999998,2026-09-24T07:55:14.583347+00:00
4673,1162.829,2026-09-24T07:55:14.583988+00:00
4674,1162.965,2026-09-24T07:55:14.584627+00:00
4675,1163.084,2026-09-24T07:55:14.585194+00:00
4676,1163.244,2026-09-24T07:55:14.585786+00:00
4677,1163.7630000000001,2026-09-24T07:55:14.586738+00:00
4678,1164.2330000000002,2026-09-24T07:55:14.587596+00:00
4679,1164.674,2026-09-24T07:55:14.588476+00:00
4680,1164.874,2026-09-24T07:55:14.589093+00:00
4681,1164.722,2026-09-24T07:55:14.589686+00:00
4682,1164.599,2026-09-24T07:55:14.590275+00:00
4683,1164.582,2026-09-24T07:55:14.590842+00:00
4684,1164.666,2026-09-24T07:55:14.591380+00:00
4685,1164.8590000000002,2026-09-24T07:55:14.591980+00:00
4686,1165.012,2026-09-24T07:55:14.592556+00:00
4687,1165.111,2026-09-24T07:55:14.593116+00:00
4688,1165.222,2026-09-24T07:55:14.593706+00:00
4689,1165.577,2026-09-24T07:55:14.594512+00:00
4690,1165.982,2026-09-24T07:55:14.595361+00:00
4691,1166.373,2026-09-24T07:55:14.596231+00:00
4692,1166.56,2026-09-24T07:55:14.596891+00:00
4693,1166.952,2026-09-24T07:55:14.597765+00:00
4694,1167.2659999999998,2026-09-24T07:55:14.598534+00:00
4695,1167.479,2026-09-24T07:55:14.599214+00:00
4696,1167.706,2026-09-24T07:55:14.599886+00:00
4697,1167.867,2026-09-24T07:55:14.600511+00:00
4698,1168.002,2026-09-24T07:55:14.601092+00:00
4699,1168.188,2026-09-24T07:55:14.601705+00:00
4700,1168.477,2026-09-24T07:55:14.602442+00:00
4701,1168.63,2026-09-24T07:55:14.603072+00:00
4702,1168.863,2026-09-24T07:55:14.603726+00:00
4703,1169.111,2026-09-24T07:55:14.604384+00:00
4704,1169.3210000000001,2026-09-24T07:55:14.605049+00:00
4705,1169.609,2026-09-24T07:55:14.605756+00:00
4706,1169.7640000000001,2026-09-24T07:55:14.606386+00:00
4707,1169.991,2026-09-24T07:55:14.607038+00:00
4708,1170.2060000000001,2026-09-24T07:55:14.607707+00:00
4709,1170.373,2026-09-24T07:55:14.608301+00:00
4710,1170.528,2026-09-24T07:55:14.608885+00:00
4711,1170.624,2026-09-24T07:55:14.609437+00:00
4712,1170.6570000000002,2026-09-24T07:55:14.609954+00:00
4713,1170.914,2026-09-24T07:55:14.610643+00:00
4714,1171.095,2026-09-24T07:55:14.611249+00:00
4715,1171.3990000000001,2026-09-24T07:55:14.611979+00:00
4716,1171.654,2026-09-24T07:55:14.612663+00:00
4717,1171.788,2026-09-24T07:55:14.613230+00:00
4718,1171.781,2026-09-24T07:55:14.613744+00:00
4719,1172.0900000000001,2026-09-24T07:55:14.614524+00:00
4720,1172.272,2026-09-24T07:55:14.615165+00:00
4721,1172.463,2026-09-24T07:55:14.615753+00:00
4722,1172.639,2026-09-24T07:55:14.616372+00:00
4723,1172.821,2026-09-24T07:55:14.616984+00:00
4724,1172.898,2026-09-24T07:55:14.617515+00:00
4725,1172.922,2026-09-24T07:55:14.618001+00:00
4726,1173.1670000000001,2026-09-24T07:55:14.618711+00:00
4727,1173.351,2026-09-24T07:55:14.619318+00:00
4728,1173.541,2026-09-24T07:55:14.619934+00:00
4729,1173.711,2026-09-24T07:55:14.620545+00:00
4730,1173.834,2026-09-24T07:55:14.621092+00:00
4731,1173.9759999999999,2026-09-24T07:55:14.621728+00:00
4732,1174.1299999999999,2026-09-24T07:55:14.622282+00:00
4733,1174.239,2026-09-24T07:55:14.622863+00:00
4734,1174.375,2026-09-24T07:55:14.623453+00:00
4735,1174.498,2026-09-24T07:55:14.624006+00:00
4736,1174.598,2026-09-24T07:55:14.624552+00:00
4737,1174.672,2026-09-24T07:55:14.625079+00:00
4738,1174.875,2026-09-24T07:55:14.625726+00:00
4739,1175.187,2026-09-24T07:55:14.626472+00:00
4740,1175.425,2026-09-24T07:55:14.627163+00:00
4741,1175.636,2026-09-24T07:55:14.627797+00:00
4742,1175.7740000000001,2026-09-24T07:55:14.628393+00:00
4743,1175.992,2026-09-24T07:55:14.629021+00:00
4744,1176.163,2026-09-24T07:55:14.629613+00:00
4745,1176.232,2026-09-24T07:55:14.630124+00:00
4746,1176.579,2026-09-24T07:55:14.630892+00:00
4747,1176.798,2026-09-24T07:55:14.631607+00:00
4748,1176.926,2026-09-24T07:55:14.632155+00:00
4749,1177.196,2026-09-24T07:55:14.632878+00:00
4750,1177.347,2026-09-24T07:55:14.633489+00:00
4751,1177.4379999999999,2026-09-24T07:55:14.634010+00:00
4752,1177.482,2026-09-24T07:55:14.634528+00:00
4753,1177.779,2026-09-24T07:55:14.635295+00:00
4754,1177.9759999999999,2026-09-24T07:55:14.635929+00:00
4755,1178.1509999999998,2026-09-24T07:55:14.636553+00:00
4756,1178.302,2026-09-24T07:55:14.637131+00:00
4757,1178.433,2026-09-24T07:55:14.637701+00:00
4758,1178.519,2026-09-24T07:55:14.638298+00:00
4759,1178.7369999999999,2026-09-24T07:55:14.638944+00:00
4760,1179.3990000000001,2026-09-24T07:55:14.640026+00:00
4761,1179.564,2026-09-24T07:55:14.640615+00:00
4762,1179.7230000000002,2026-09-24T07:55:14.641185+00:00
4763,1179.931,2026-09-24T07:55:14.641791+00:00
4764,1180.0980000000002,2026-09-24T07:55:14.642367+00:00
4765,1180.25,2026-09-24T07:55:14.642960+00:00
4766,1180.374,2026-09-24T07:55:14.643499+00:00
4767,1180.5149999999999,2026-09-24T07:55:14.644089+00:00
4768,1180.732,2026-09-24T07:55:14.644737+00:00
4769,1180.835,2026-09-24T07:55:14.645277+00:00
4770,1180.951,2026-09-24T07:55:14.645850+00:00
4771,1181.035,2026-09-24T07:55:14.646360+00:00
4772,1181.079,2026-09-24T07:55:14.646888+00:00
4773,1181.2800000000002,2026-09-24T07:55:14.647496+00:00
4774,1181.516,2026-09-24T07:55:14.648151+00:00
4775,1181.769,2026-09-24T07:55:14.648808+00:00
4776,1181.91,2026-09-24T07:55:14.649371+00:00
4777,1182.254,2026-09-24T07:55:14.650119+00:00
4778,1182.914,2026-09-24T07:55:14.651229+00:00
4779,1186.482,2026-09-24T07:55:14.655233+00:00
4780,1186.868,2026-09-24T07:55:14.656053+00:00
4781,1187.103,2026-09-24T07:55:14.656735+00:00
4782,1187.3,2026-09-24T07:55:14.657371+00:00
4783,1187.539,2026-09-24T07:55:14.658053+00:00
4784,1187.794,2026-09-24T07:55:14.658731+00:00
4785,1188.143,2026-09-24T07:55:14.659530+00:00
4786,1188.75,2026-09-24T07:55:14.660616+00:00
4787,1189.145,2026-09-24T07:55:14.661420+00:00
4788,1189.1529999999998,2026-09-24T07:55:14.662153+00:00
4789,1189.4309999999998,2026-09-24T07:55:14.662920+00:00
4790,1189.787,2026-09-24T07:55:14.663714+00:00
4791,1190.104,2026-09-24T07:55:14.664448+00:00
4792,1190.502,2026-09-24T07:55:14.665223+00:00
4793,1191.001,2026-09-24T07:55:14.666073+00:00
4794,1191.596,2026-09-24T07:55:14.667000+00:00
4795,1191.948,2026-09-24T07:55:14.667694+00:00
4796,1192.283,2026-09-24T07:55:14.668351+00:00
4797,1192.827,2026-09-24T07:55:14.669211+00:00
4798,1193.196,2026-09-24T07:55:14.669924+00:00
4799,1193.594,2026-09-24T07:55:14.670661+00:00
4800,1193.894,2026-09-24T07:55:14.671313+00:00
4801,1194.254,2026-09-24T07:55:14.671974+00:00
4802,1194.63,2026-09-24T07:55:14.672674+00:00
4803,1195.187,2026-09-24T07:55:14.673523+00:00
4804,1195.781,2026-09-24T07:55:14.674492+00:00
4805,1196.226,2026-09-24T07:55:14.675249+00:00
4806,1196.607,2026-09-24T07:55:14.675936+00:00
4807,1196.9209999999998,2026-09-24T07:55:14.676594+00:00
4808,1197.4389999999999,2026-09-24T07:55:14.677436+00:00
4809,1197.845,2026-09-24T07:55:14.678156+00:00
4810,1199.625,2026-09-24T07:55:14.680398+00:00
4811,1200.817,2026-09-24T07:55:14.681928+00:00
4812,1201.7040000000002,2026-09-24T07:55:14.683176+00:00
4813,1202.15,2026-09-24T07:55:14.683981+00:00
4814,1202.521,2026-09-24T07:55:14.684754+00:00
4815,1202.836,2026-09-24T07:55:14.685466+00:00
4816,1203.2130000000002,2026-09-24T07:55:14.686160+00:00
4817,1203.545,2026-09-24T07:55:14.686852+00:00
4818,1203.832,2026-09-24T07:55:14.687515+00:00
4819,1204.102,2026-09-24T07:55:14.688105+00:00
4820,1204.375,2026-09-24T07:55:14.688687+00:00
4821,1204.6019999999999,2026-09-24T07:55:14.689314+00:00
4822,1205.77,2026-09-24T07:55:14.690812+00:00
4823,1206.551,2026-09-24T07:55:14.691911+00:00
4824,1206.964,2026-09-24T07:55:14.692715+00:00
4825,1207.375,2026-09-24T07:55:14.693447+00:00
4826,1207.769,2026-09-24T07:55:14.694142+00:00
4827,1208.1299999999999,2026-09-24T07:55:14.694850+00:00
4828,1208.5349999999999,2026-09-24T07:55:14.695581+00:00
4829,1208.909,2026-09-24T07:55:14.696281+00:00
4830,1209.711,2026-09-24T07:55:14.697426+00:00
4831,1210.6209999999999,2026-09-24T07:55:14.698651+00:00
4832,1211.096,2026-09-24T07:55:14.699434+00:00
4833,1211.714,2026-09-24T07:55:14.700395+00:00
4834,1212.778,2026-09-24T07:55:14.701783+00:00
4835,1213.422,2026-09-24T07:55:14.702750+00:00
4836,1213.913,2026-09-24T07:55:14.703591+00:00
4837,1214.4170000000001,2026-09-24T07:55:14.704456+00:00
4838,1214.7669999999998,2026-09-24T07:55:14.705218+00:00
4839,1215.385,2026-09-24T07:55:14.706186+00:00
4840,1216.218,2026-09-24T07:55:14.707346+00:00
4841,1217.375,2026-09-24T07:55:14.708823+00:00
4842,1218.159,2026-09-24T07:55:14.709918+00:00
4843,1218.827,2026-09-24T07:55:14.710990+00:00
4844,1219.347,2026-09-24T07:55:14.711968+00:00
4845,1219.6419999999998,2026-09-24T07:55:14.712638+00:00
4846,1220.064,2026-09-24T07:55:14.713376+00:00
4847,1220.548,2026-09-24T07:55:14.714226+00:00
4848,1221.2559999999999,2026-09-24T07:55:14.715257+00:00
4849,1221.658,2026-09-24T07:55:14.715965+00:00
4850,1222.194,2026-09-24T07:55:14.716836+00:00
4851,1222.723,2026-09-24T07:55:14.717720+00:00
4852,1223.103,2026-09-24T07:55:14.718454+00:00
4853,1223.3609999999999,2026-09-24T07:55:14.719095+00:00
4854,1223.63,2026-09-24T07:55:14.719681+00:00
4855,1223.931,2026-09-24T07:55:14.720294+00:00
4856,1224.2679999999998,2026-09-24T07:55:14.720990+00:00
4857,1224.5520000000001,2026-09-24T07:55:14.721592+00:00
4858,1225.025,2026-09-24T07:55:14.722370+00:00
4859,1225.3400000000001,2026-09-24T07:55:14.723067+00:00
4860,1225.619,2026-09-24T07:55:14.723660+00:00
4861,1225.9150000000002,2026-09-24T07:55:14.724259+00:00
4862,1226.1290000000001,2026-09-24T07:55:14.724834+00:00
4863,1226.355,2026-09-24T07:55:14.725393+00:00
4864,1226.6109999999999,2026-09-24T07:55:14.725962+00:00
4865,1226.818,2026-09-24T07:55:14.726517+00:00
4866,1227.013,2026-09-24T07:55:14.727042+00:00
4867,1227.247,2026-09-24T07:55:14.727619+00:00
4868,1227.482,2026-09-24T07:55:14.728168+00:00
4869,1227.96,2026-09-24T07:55:14.728980+00:00
4870,1228.231,2026-09-24T07:55:14.729618+00:00
4871,1229.0,2026-09-24T07:55:14.730743+00:00
4872,1229.326,2026-09-24T07:55:14.731425+00:00
4873,1229.505,2026-09-24T07:55:14.731939+00:00
4874,1229.805,2026-09-24T07:55:14.732576+00:00
4875,1230.2040000000002,2026-09-24T07:55:14.733319+00:00
4876,1230.634,2026-09-24T07:55:14.734085+00:00
4877,1230.748,2026-09-24T07:55:14.734595+00:00
4878,1231.309,2026-09-24T07:55:14.735510+00:00
4879,1231.924,2026-09-24T07:55:14.736493+00:00
4880,1232.26,2026-09-24T07:55:14.737186+00:00
4881,1232.5839999999998,2026-09-24T07:55:14.737852+00:00
4882,1233.202,2026-09-24T07:55:14.738866+00:00
4883,1234.3120000000001,2026-09-24T07:55:14.740406+00:00
4884,1234.7379999999998,2026-09-24T07:55:14.741400+00:00
4885,1235.4689999999998,2026-09-24T07:55:14.742555+00:00
4886,1235.825,2026-09-24T07:55:14.743358+00:00
4887,1236.095,2026-09-24T07:55:14.744068+00:00
4888,1236.509,2026-09-24T07:55:14.744912+00:00
4889,1238.969,2026-09-24T07:55:14.747834+00:00
4890,1244.663,2026-09-24T07:55:14.753993+00:00
4891,1248.145,2026-09-24T07:55:14.757952+00:00
4892,1249.443,2026-09-24T07:55:14.759675+00:00
4893,1249.982,2026-09-24T07:55:14.760651+00:00
4894,1250.4440000000002,2026-09-24T07:55:14.761563+00:00
4895,1251.509,2026-09-24T07:55:14.763090+00:00
4896,1252.114,2026-09-24T07:55:14.764169+00:00
4897,1252.615,2026-09-24T07:55:14.765145+00:00
4898,1253.201,2026-09-24T07:55:14.766179+00:00
4899,1253.711,2026-09-24T07:55:14.767137+00:00
4900,1254.09,2026-09-24T07:55:14.767936+00:00
4901,1254.629,2026-09-24T07:55:14.768860+00:00
4902,1255.048,2026-09-24T07:55:14.769647+00:00
4903,1255.725,2026-09-24T07:55:14.770649+00:00
4904,1256.6399999999999,2026-09-24T07:55:14.771918+00:00
4905,1257.626,2026-09-24T07:55:14.773238+00:00
4906,1258.1960000000001,2026-09-24T07:55:14.774149+00:00
4907,1258.735,2026-09-24T07:55:14.775086+00:00
4908,1258.988,2026-09-24T07:55:14.775895+00:00
4909,1259.309,2026-09-24T07:55:14.776683+00:00
4910,1259.7160000000001,2026-09-24T07:55:14.777566+00:00
4911,1260.3,2026-09-24T07:55:14.778591+00:00
4912,1260.552,2026-09-24T07:55:14.779293+00:00
4913,1260.709,2026-09-24T07:55:14.779884+00:00
4914,1260.866,2026-09-24T07:55:14.780486+00:00
4915,1260.957,2026-09-24T07:55:14.781039+00:00
4916,1261.482,2026-09-24T07:55:14.782039+00:00
4917,1261.906,2026-09-24T07:55:14.782907+00:00
4918,1262.241,2026-09-24T07:55:14.783697+00:00
4919,1262.5839999999998,2026-09-24T07:55:14.784445+00:00
4920,1262.907,2026-09-24T07:55:14.785205+00:00
4921,1263.194,2026-09-24T07:55:14.785950+00:00
4922,1263.738,2026-09-24T07:55:14.786956+00:00
4923,1264.1670000000001,2026-09-24T07:55:14.787812+00:00
4924,1264.578,2026-09-24T07:55:14.788652+00:00
4925,1264.958,2026-09-24T07:55:14.789468+00:00
4926,1265.639,2026-09-24T07:55:14.790588+00:00
4927,1266.259,2026-09-24T07:55:14.791635+00:00
4928,1266.576,2026-09-24T07:55:14.792374+00:00
4929,1266.829,2026-09-24T07:55:14.793099+00:00
4930,1267.1490000000001,2026-09-24T07:55:14.793880+00:00
4931,1267.704,2026-09-24T07:55:14.794855+00:00
4932,1268.122,2026-09-24T07:55:14.795759+00:00
4933,1268.464,2026-09-24T07:55:14.796555+00:00
4934,1268.764,2026-09-24T07:55:14.797296+00:00
4935,1269.3000000000002,2026-09-24T07:55:14.798286+00:00
4936,1269.6380000000001,2026-09-24T07:55:14.799061+00:00
4937,1270.102,2026-09-24T07:55:14.799956+00:00
4938,1270.4009999999998,2026-09-24T07:55:14.800703+00:00
4939,1270.785,2026-09-24T07:55:14.801553+00:00
4940,1271.451,2026-09-24T07:55:14.802639+00:00
4941,1271.923,2026-09-24T07:55:14.803581+00:00
4942,1272.328,2026-09-24T07:55:14.804442+00:00
4943,1272.8319999999999,2026-09-24T07:55:14.805398+00:00
4944,1274.005,2026-09-24T07:55:14.807012+00:00
4945,1274.516,2026-09-24T07:55:14.807952+00:00
4946,1274.929,2026-09-24T07:55:14.808783+00:00
4947,1275.393,2026-09-24T07:55:14.809681+00:00
4948,1276.094,2026-09-24T07:55:14.810871+00:00
4949,1276.772,2026-09-24T07:55:14.811994+00:00
4950,1277.202,2026-09-24T07:55:14.812919+00:00
4951,1277.892,2026-09-24T07:55:14.814132+00:00
4952,1278.2839999999999,2026-09-24T07:55:14.815034+00:00
4953,1278.988,2026-09-24T07:55:14.816170+00:00
4954,1279.799,2026-09-24T07:55:14.817470+00:00
4955,1280.3739999999998,2026-09-24T07:55:14.818601+00:00
4956,1280.811,2026-09-24T07:55:14.819494+00:00
4957,1281.2440000000001,2026-09-24T07:55:14.820381+00:00
4958,1281.573,2026-09-24T07:55:14.821236+00:00
4959,1281.987,2026-09-24T07:55:14.822108+00:00
4960,1282.552,2026-09-24T07:55:14.823131+00:00
4961,1283.196,2026-09-24T07:55:14.824200+00:00
4962,1283.61,2026-09-24T07:55:14.825083+00:00
4963,1284.094,2026-09-24T07:55:14.826031+00:00
4964,1284.535,2026-09-24T07:55:14.826920+00:00
4965,1284.94,2026-09-24T07:55:14.827814+00:00
4966,1285.344,2026-09-24T07:55:14.828669+00:00
4967,1285.637,2026-09-24T07:55:14.829436+00:00
4968,1286.056,2026-09-24T07:55:14.830291+00:00
4969,1286.3990000000001,2026-09-24T07:55:14.831093+00:00
4970,1286.786,2026-09-24T07:55:14.831927+00:00
4971,1287.2269999999999,2026-09-24T07:55:14.832815+00:00
4972,1287.741,2026-09-24T07:55:14.833807+00:00
4973,1288.202,2026-09-24T07:55:14.834719+00:00
4974,1288.728,2026-09-24T07:55:14.835711+00:00
4975,1289.202,2026-09-24T07:55:14.836646+00:00
4976,1289.875,2026-09-24T07:55:14.837775+00:00
4977,1290.4,2026-09-24T07:55:14.838730+00:00
4978,1290.7949999999998,2026-09-24T07:55:14.839609+00:00
4979,1291.222,2026-09-24T07:55:14.840472+00:00
4980,1291.506,2026-09-24T07:55:14.841262+00:00
4981,1292.058,2026-09-24T07:55:14.842274+00:00
4982,1292.871,2026-09-24T07:55:14.843543+00:00
4983,1293.424,2026-09-24T07:55:14.844570+00:00
4984,1293.8039999999999,2026-09-24T07:55:14.845396+00:00
4985,1294.381,2026-09-24T07:55:14.846395+00:00
4986,1294.716,2026-09-24T07:55:14.847185+00:00
4987,1295.006,2026-09-24T07:55:14.847897+00:00
4988,1295.424,2026-09-24T07:55:14.848788+00:00
4989,1295.7350000000001,2026-09-24T07:55:14.849565+00:00
4990,1296.185,2026-09-24T07:55:14.850447+00:00
4991,1296.543,2026-09-24T07:55:14.851254+00:00
4992,1296.866,2026-09-24T07:55:14.852010+00:00
4993,1297.058,2026-09-24T07:55:14.852688+00:00
4994,1297.366,2026-09-24T07:55:14.853429+00:00
4995,1297.7939999999999,2026-09-24T07:55:14.854391+00:00
4996,1298.1789999999999,2026-09-24T07:55:14.855242+00:00
4997,1298.48,2026-09-24T07:55:14.856015+00:00
4998,1298.969,2026-09-24T07:55:14.856945+00:00
4999,1299.299,2026-09-24T07:55:14.857761+00:00
5000,1299.678,2026-09-24T07:55:14.858630+00:00
5001,1300.294,2026-09-24T07:55:14.859687+00:00
5002,1300.587,2026-09-24T07:55:14.860466+00:00
5003,1301.245,2026-09-24T07:55:14.861624+00:00
5004,1301.6239999999998,2026-09-24T07:55:14.862500+00:00
5005,1302.538,2026-09-24T07:55:14.863852+00:00
5006,1302.9360000000001,2026-09-24T07:55:14.864752+00:00
5007,1303.837,2026-09-24T07:55:14.866134+00:00
5008,1304.779,2026-09-24T07:55:14.867547+00:00
5009,1305.78,2026-09-24T07:55:14.869026+00:00
5010,1306.1860000000001,2026-09-24T07:55:14.869984+00:00
5011,1307.056,2026-09-24T07:55:14.871324+00:00
5012,1308.553,2026-09-24T07:55:14.873214+00:00
5013,1309.9,2026-09-24T07:55:14.875172+00:00
5014,1310.9660000000001,2026-09-24T07:55:14.877003+00:00
5015,1313.017,2026-09-24T07:55:14.879609+00:00
5016,1314.1609999999998,2026-09-24T07:55:14.881195+00:00
5017,1314.861,2026-09-24T07:55:14.882336+00:00
5018,1315.724,2026-09-24T07:55:14.883576+00:00
5019,1316.3590000000002,2026-09-24T07:55:14.884552+00:00
5020,1316.797,2026-09-24T07:55:14.885311+00:00
5021,1317.047,2026-09-24T07:55:14.886026+00:00
5022,1317.076,2026-09-24T07:55:14.886778+00:00
5023,1317.129,2026-09-24T07:55:14.887478+00:00
5024,1317.18,2026-09-24T07:55:14.888159+00:00
5025,1317.242,2026-09-24T07:55:14.888810+00:00
5026,1317.365,2026-09-24T07:55:14.889553+00:00
5027,1317.696,2026-09-24T07:55:14.890550+00:00
5028,1318.108,2026-09-24T07:55:14.891580+00:00
5029,1318.251,2026-09-24T07:55:14.892349+00:00
5030,1318.43,2026-09-24T07:55:14.893074+00:00
5031,1318.725,2026-09-24T07:55:14.893939+00:00
5032,1318.8899999999999,2026-09-24T07:55:14.894659+00:00
5033,1319.421,2026-09-24T07:55:14.895623+00:00
5034,1320.581,2026-09-24T07:55:14.897208+00:00
5035,1321.745,2026-09-24T07:55:14.898761+00:00
5036,1322.358,2026-09-24T07:55:14.899785+00:00
5037,1322.781,2026-09-24T07:55:14.900608+00:00
5038,1324.044,2026-09-24T07:55:14.902304+00:00
5039,1325.163,2026-09-24T07:55:14.903825+00:00
5040,1325.922,2026-09-24T07:55:14.904970+00:00
5041,1326.528,2026-09-24T07:55:14.905962+00:00
5042,1327.499,2026-09-24T07:55:14.907402+00:00
5043,1328.441,2026-09-24T07:55:14.908696+00:00
5044,1329.057,2026-09-24T07:55:14.909730+00:00
5045,1329.594,2026-09-24T07:55:14.910657+00:00
5046,1330.345,2026-09-24T07:55:14.911795+00:00
5047,1330.876,2026-09-24T07:55:14.912743+00:00
5048,1331.5410000000002,2026-09-24T07:55:14.913819+00:00
5049,1332.252,2026-09-24T07:55:14.914962+00:00
5050,1332.995,2026-09-24T07:55:14.916097+00:00
5051,1333.4569999999999,2026-09-24T07:55:14.916946+00:00
5052,1333.917,2026-09-24T07:55:14.917773+00:00
5053,1334.324,2026-09-24T07:55:14.918625+00:00
5054,1334.856,2026-09-24T07:55:14.919603+00:00
5055,1335.854,2026-09-24T07:55:14.921035+00:00
5056,1336.521,2026-09-24T07:55:14.922122+00:00
5057,1337.298,2026-09-24T07:55:14.923302+00:00
5058,1338.047,2026-09-24T07:55:14.924451+00:00
5059,1338.6119999999999,2026-09-24T07:55:14.925479+00:00
5060,1339.0839999999998,2026-09-24T07:55:14.926386+00:00
5061,1339.507,2026-09-24T07:55:14.927214+00:00
5062,1339.981,2026-09-24T07:55:14.928092+00:00
5063,1340.29,2026-09-24T07:55:14.928883+00:00
5064,1340.659,2026-09-24T07:55:14.929674+00:00
5065,1341.183,2026-09-24T07:55:14.930591+00:00
5066,1342.148,2026-09-24T07:55:14.931962+00:00
5067,1343.067,2026-09-24T07:55:14.933241+00:00
5068,1343.718,2026-09-24T07:55:14.934396+00:00
5069,1344.0700000000002,2026-09-24T07:55:14.935209+00:00
5070,1344.4160000000002,2026-09-24T07:55:14.936015+00:00
5071,1344.944,2026-09-24T07:55:14.936933+00:00
5072,1345.686,2026-09-24T07:55:14.938051+00:00
5073,1346.2130000000002,2026-09-24T07:55:14.938966+00:00
5074,1346.605,2026-09-24T07:55:14.939751+00:00
5075,1347.032,2026-09-24T07:55:14.940576+00:00
5076,1347.555,2026-09-24T07:55:14.941502+00:00
5077,1348.03,2026-09-24T07:55:14.942359+00:00
5078,1348.3339999999998,2026-09-24T07:55:14.943081+00:00
5079,1348.5929999999998,2026-09-24T07:55:14.943755+00:00
5080,1348.8139999999999,2026-09-24T07:55:14.944382+00:00
5081,1349.095,2026-09-24T07:55:14.945159+00:00
5082,1349.286,2026-09-24T07:55:14.945779+00:00
5083,1349.7060000000001,2026-09-24T07:55:14.946605+00:00
5084,1350.241,2026-09-24T07:55:14.947530+00:00
5085,1350.885,2026-09-24T07:55:14.948561+00:00
5086,1351.291,2026-09-24T07:55:14.949347+00:00
5087,1351.754,2026-09-24T07:55:14.950190+00:00
5088,1352.0859999999998,2026-09-24T07:55:14.950871+00:00
5089,1352.371,2026-09-24T07:55:14.951566+00:00
5090,1353.0359999999998,2026-09-24T07:55:14.952717+00:00
5091,1357.363,2026-09-24T07:55:14.957483+00:00
5092,1358.239,2026-09-24T07:55:14.958744+00:00
5093,1359.1290000000001,2026-09-24T07:55:14.960025+00:00
5094,1359.563,2026-09-24T07:55:14.960867+00:00
5095,1359.806,2026-09-24T07:55:14.961582+00:00
5096,1360.058,2026-09-24T07:55:14.962359+00:00
5097,1360.3860000000002,2026-09-24T07:55:14.963199+00:00
5098,1360.5430000000001,2026-09-24T07:55:14.963862+00:00
5099,1360.754,2026-09-24T07:55:14.964506+00:00
5100,1360.902,2026-09-24T07:55:14.965033+00:00
5101,1361.44,2026-09-24T07:55:14.965941+00:00
5102,1361.785,2026-09-24T07:55:14.966690+00:00
5103,1362.213,2026-09-24T07:55:14.967534+00:00
5104,1362.4959999999999,2026-09-24T07:55:14.968252+00:00
5105,1362.6970000000001,2026-09-24T07:55:14.968855+00:00
5106,1362.874,2026-09-24T07:55:14.969437+00:00
5107,1363.02,2026-09-24T07:55:14.969987+00:00
5108,1363.17,2026-09-24T07:55:14.970522+00:00
5109,1363.488,2026-09-24T07:55:14.971252+00:00
5110,1363.8680000000002,2026-09-24T07:55:14.972031+00:00
5111,1364.106,2026-09-24T07:55:14.972663+00:00
5112,1364.2559999999999,2026-09-24T07:55:14.973245+00:00
5113,1364.393,2026-09-24T07:55:14.973793+00:00
5114,1364.4879999999998,2026-09-24T07:55:14.974306+00:00
5115,1364.633,2026-09-24T07:55:14.974858+00:00
5116,1364.719,2026-09-24T07:55:14.975373+00:00
5117,1364.835,2026-09-24T07:55:14.975906+00:00
5118,1364.79,2026-09-24T07:55:14.976379+00:00
5119,1364.8990000000001,2026-09-24T07:55:14.976967+00:00
5120,1365.39,2026-09-24T07:55:14.977848+00:00
5121,1365.696,2026-09-24T07:55:14.978499+00:00
5122,1365.979,2026-09-24T07:55:14.979105+00:00
5123,1366.4350000000002,2026-09-24T07:55:14.979899+00:00
5124,1366.725,2026-09-24T07:55:14.980524+00:00
5125,1366.948,2026-09-24T07:55:14.981086+00:00
5126,1367.134,2026-09-24T07:55:14.981649+00:00
5127,1367.402,2026-09-24T07:55:14.982361+00:00
5128,1367.643,2026-09-24T07:55:14.983035+00:00
5129,1368.079,2026-09-24T07:55:14.983820+00:00
5130,1368.512,2026-09-24T07:55:14.984596+00:00
5131,1369.084,2026-09-24T07:55:14.985489+00:00
5132,1369.575,2026-09-24T07:55:14.986348+00:00
5133,1369.833,2026-09-24T07:55:14.986927+00:00
5134,1370.097,2026-09-24T07:55:14.987533+00:00
5135,1370.4879999999998,2026-09-24T07:55:14.988233+00:00
5136,1370.8899999999999,2026-09-24T07:55:14.988970+00:00
5137,1371.6390000000001,2026-09-24T07:55:14.990016+00:00
5138,1372.098,2026-09-24T07:55:14.990807+00:00
5139,1372.481,2026-09-24T07:55:14.991489+00:00
5140,1372.813,2026-09-24T07:55:14.992137+00:00
5141,1373.104,2026-09-24T07:55:14.992755+00:00
5142,1373.402,2026-09-24T07:55:14.993389+00:00
5143,1373.726,2026-09-24T07:55:14.994020+00:00
5144,1373.918,2026-09-24T07:55:14.994643+00:00
5145,1374.1509999999998,2026-09-24T07:55:14.995215+00:00
5146,1374.5590000000002,2026-09-24T07:55:14.995967+00:00
5147,1374.838,2026-09-24T07:55:14.996607+00:00
5148,1375.207,2026-09-24T07:55:14.997285+00:00
5149,1375.695,2026-09-24T07:55:14.998163+00:00
5150,1375.908,2026-09-24T07:55:14.998725+00:00
5151,1376.092,2026-09-24T07:55:14.999282+00:00
5152,1376.367,2026-09-24T07:55:14.999941+00:00
5153,1376.6009999999999,2026-09-24T07:55:15.000539+00:00
5154,1376.86,2026-09-24T07:55:15.001116+00:00
5155,1377.083,2026-09-24T07:55:15.001701+00:00
5156,1377.389,2026-09-24T07:55:15.002351+00:00
5157,1377.9950000000001,2026-09-24T07:55:15.003294+00:00
5158,1378.63,2026-09-24T07:55:15.004311+00:00
5159,1379.002,2026-09-24T07:55:15.005032+00:00
5160,1379.402,2026-09-24T07:55:15.005747+00:00
5161,1379.7140000000002,2026-09-24T07:55:15.006426+00:00
5162,1379.89,2026-09-24T07:55:15.006946+00:00
5163,1380.327,2026-09-24T07:55:15.007710+00:00
5164,1380.9080000000001,2026-09-24T07:55:15.008650+00:00
5165,1381.291,2026-09-24T07:55:15.009355+00:00
5166,1381.566,2026-09-24T07:55:15.010026+00:00
5167,1381.8509999999999,2026-09-24T07:55:15.010679+00:00
5168,1382.179,2026-09-24T07:55:15.011314+00:00
5169,1382.549,2026-09-24T07:55:15.012049+00:00
5170,1383.1100000000001,2026-09-24T07:55:15.012962+00:00
5171,1383.536,2026-09-24T07:55:15.013740+00:00
5172,1383.809,2026-09-24T07:55:15.014349+00:00
5173,1384.309,2026-09-24T07:55:15.015209+00:00
5174,1384.881,2026-09-24T07:55:15.016159+00:00
5175,1385.29,2026-09-24T07:55:15.016935+00:00
5176,1385.742,2026-09-24T07:55:15.017741+00:00
5177,1386.3129999999999,2026-09-24T07:55:15.018691+00:00
5178,1386.806,2026-09-24T07:55:15.019568+00:00
5179,1387.092,2026-09-24T07:55:15.020217+00:00
5180,1387.395,2026-09-24T07:55:15.020862+00:00
5181,1387.645,2026-09-24T07:55:15.021449+00:00
5182,1387.8919999999998,2026-09-24T07:55:15.022070+00:00
5183,1388.3419999999999,2026-09-24T07:55:15.022902+00:00
5184,1388.685,2026-09-24T07:55:15.023596+00:00
5185,1389.386,2026-09-24T07:55:15.024646+00:00
5186,1389.602,2026-09-24T07:55:15.025316+00:00
5187,1390.201,2026-09-24T07:55:15.026240+00:00
5188,1390.628,2026-09-24T07:55:15.027011+00:00
5189,1391.0059999999999,2026-09-24T07:55:15.027777+00:00
5190,1391.37,2026-09-24T07:55:15.028478+00:00
5191,1391.6100000000001,2026-09-24T07:55:15.029095+00:00
5192,1391.7900000000002,2026-09-24T07:55:15.029629+00:00
5193,1392.125,2026-09-24T07:55:15.030340+00:00
5194,1392.511,2026-09-24T07:55:15.031082+00:00
5195,1393.267,2026-09-24T07:55:15.032174+00:00
5196,1393.607,2026-09-24T07:55:15.032869+00:00
5197,1393.996,2026-09-24T07:55:15.033597+00:00
5198,1394.357,2026-09-24T07:55:15.034287+00:00
5199,1394.8020000000001,2026-09-24T07:55:15.035101+00:00
5200,1395.238,2026-09-24T07:55:15.035910+00:00
5201,1395.891,2026-09-24T07:55:15.036890+00:00
5202,1396.4540000000002,2026-09-24T07:55:15.037805+00:00
5203,1396.7920000000001,2026-09-24T07:55:15.038520+00:00
5204,1397.2649999999999,2026-09-24T07:55:15.039307+00:00
5205,1397.662,2026-09-24T07:55:15.040034+00:00
5206,1398.1,2026-09-24T07:55:15.040821+00:00
5207,1398.464,2026-09-24T07:55:15.041550+00:00
5208,1398.8149999999998,2026-09-24T07:55:15.042253+00:00
5209,1399.14,2026-09-24T07:55:15.042928+00:00
5210,1399.32,2026-09-24T07:55:15.043514+00:00
5211,1400.026,2026-09-24T07:55:15.044590+00:00
5212,1400.803,2026-09-24T07:55:15.045701+00:00
5213,1401.141,2026-09-24T07:55:15.046406+00:00
5214,1401.714,2026-09-24T07:55:15.047362+00:00
5215,1402.5339999999999,2026-09-24T07:55:15.048516+00:00
5216,1402.8709999999999,2026-09-24T07:55:15.049215+00:00
5217,1403.127,2026-09-24T07:55:15.049838+00:00
5218,1403.6550000000002,2026-09-24T07:55:15.050673+00:00
5219,1404.161,2026-09-24T07:55:15.051521+00:00
5220,1404.5,2026-09-24T07:55:15.052234+00:00
5221,1405.1419999999998,2026-09-24T07:55:15.053231+00:00
5222,1405.878,2026-09-24T07:55:15.054321+00:00
5223,1406.528,2026-09-24T07:55:15.055293+00:00
5224,1407.113,2026-09-24T07:55:15.056275+00:00
5225,1407.6409999999998,2026-09-24T07:55:15.057142+00:00
5226,1407.9859999999999,2026-09-24T07:55:15.057823+00:00
5227,1408.2030000000002,2026-09-24T07:55:15.058439+00:00
5228,1408.394,2026-09-24T07:55:15.058999+00:00
5229,1408.783,2026-09-24T07:55:15.059735+00:00
5230,1409.262,2026-09-24T07:55:15.060579+00:00
5231,1409.852,2026-09-24T07:55:15.061611+00:00
5232,1410.376,2026-09-24T07:55:15.062437+00:00
5233,1410.787,2026-09-24T07:55:15.063244+00:00
5234,1411.238,2026-09-24T07:55:15.064075+00:00
5235,1411.654,2026-09-24T07:55:15.064809+00:00
5236,1411.983,2026-09-24T07:55:15.065512+00:00
5237,1412.312,2026-09-24T07:55:15.066212+00:00
5238,1412.7069999999999,2026-09-24T07:55:15.066928+00:00
5239,1413.3020000000001,2026-09-24T07:55:15.067886+00:00
5240,1413.888,2026-09-24T07:55:15.068826+00:00
5241,1414.255,2026-09-24T07:55:15.069538+00:00
5242,1414.6009999999999,2026-09-24T07:55:15.070296+00:00
5243,1414.951,2026-09-24T07:55:15.070990+00:00
5244,1415.413,2026-09-24T07:55:15.071793+00:00
5245,1416.331,2026-09-24T07:55:15.073031+00:00
5246,1417.225,2026-09-24T07:55:15.074284+00:00
5247,1417.8580000000002,2026-09-24T07:55:15.075305+00:00
5248,1418.406,2026-09-24T07:55:15.076191+00:00
5249,1418.797,2026-09-24T07:55:15.076903+00:00
5250,1419.136,2026-09-24T07:55:15.077565+00:00
5251,1419.4569999999999,2026-09-24T07:55:15.078198+00:00
5252,1419.7759999999998,2026-09-24T07:55:15.078884+00:00
5253,1420.141,2026-09-24T07:55:15.079565+00:00
5254,1420.4589999999998,2026-09-24T07:55:15.080201+00:00
5255,1420.895,2026-09-24T07:55:15.081003+00:00
5256,1421.2610000000002,2026-09-24T07:55:15.081729+00:00
5257,1421.552,2026-09-24T07:55:15.082351+00:00
5258,1422.107,2026-09-24T07:55:15.083219+00:00
5259,1422.722,2026-09-24T07:55:15.084164+00:00
5260,1423.676,2026-09-24T07:55:15.085446+00:00
5261,1424.224,2026-09-24T07:55:15.086319+00:00
5262,1424.7,2026-09-24T07:55:15.087128+00:00
5263,1425.617,2026-09-24T07:55:15.088372+00:00
5264,1425.999,2026-09-24T07:55:15.089071+00:00
5265,1426.595,2026-09-24T07:55:15.089995+00:00
5266,1427.265,2026-09-24T07:55:15.091053+00:00
5267,1427.893,2026-09-24T07:55:15.091993+00:00
5268,1428.392,2026-09-24T07:55:15.092800+00:00
5269,1428.771,2026-09-24T07:55:15.093552+00:00
5270,1429.3519999999999,2026-09-24T07:55:15.094455+00:00
5271,1429.6960000000001,2026-09-24T07:55:15.095142+00:00
5272,1430.015,2026-09-24T07:55:15.095771+00:00
5273,1430.2520000000002,2026-09-24T07:55:15.096329+00:00
5274,1430.818,2026-09-24T07:55:15.097262+00:00
5275,1431.25,2026-09-24T07:55:15.098015+00:00
5276,1431.817,2026-09-24T07:55:15.098901+00:00
5277,1432.248,2026-09-24T07:55:15.099648+00:00
5278,1432.925,2026-09-24T07:55:15.100646+00:00
5279,1433.365,2026-09-24T07:55:15.101424+00:00
5280,1433.643,2026-09-24T07:55:15.102087+00:00
5281,1434.107,2026-09-24T07:55:15.102890+00:00
5282,1434.8300000000002,2026-09-24T07:55:15.103935+00:00
5283,1435.393,2026-09-24T07:55:15.104815+00:00
5284,1436.279,2026-09-24T07:55:15.106018+00:00
5285,1436.654,2026-09-24T07:55:15.106716+00:00
5286,1436.907,2026-09-24T07:55:15.107289+00:00
5287,1437.203,2026-09-24T07:55:15.107915+00:00
5288,1437.413,2026-09-24T07:55:15.108436+00:00
5289,1437.692,2026-09-24T07:55:15.109014+00:00
5290,1437.9180000000001,2026-09-24T07:55:15.109710+00:00
5291,1438.094,2026-09-24T07:55:15.110251+00:00
5292,1438.55,2026-09-24T07:55:15.111105+00:00
5293,1438.8860000000002,2026-09-24T07:55:15.111782+00:00
5294,1439.077,2026-09-24T07:55:15.112313+00:00
5295,1439.2640000000001,2026-09-24T07:55:15.112848+00:00
5296,1439.4560000000001,2026-09-24T07:55:15.113348+00:00
5297,1439.449,2026-09-24T07:55:15.114000+00:00
5298,1439.335,2026-09-24T07:55:15.114704+00:00
5299,1439.4199999999998,2026-09-24T07:55:15.115301+00:00
5300,1439.528,2026-09-24T07:55:15.115842+00:00
5301,1439.4199999999998,2026-09-24T07:55:15.116323+00:00
5302,1439.5720000000001,2026-09-24T07:55:15.116864+00:00
5303,1439.8770000000002,2026-09-24T07:55:15.117533+00:00
5304,1440.529,2026-09-24T07:55:15.118499+00:00
5305,1440.7939999999999,2026-09-24T07:55:15.119084+00:00
5306,1441.164,2026-09-24T07:55:15.119781+00:00
5307,1441.468,2026-09-24T07:55:15.120387+00:00
5308,1441.623,2026-09-24T07:55:15.120952+00:00
5309,1441.848,2026-09-24T07:55:15.121518+00:00
5310,1442.08,2026-09-24T07:55:15.122069+00:00
5311,1442.355,2026-09-24T07:55:15.122647+00:00
5312,1442.604,2026-09-24T07:55:15.123231+00:00
5313,1442.845,2026-09-24T07:55:15.123785+00:00
5314,1443.054,2026-09-24T07:55:15.124304+00:00
5315,1443.3210000000001,2026-09-24T07:55:15.124878+00:00
5316,1443.5500000000002,2026-09-24T07:55:15.125401+00:00
5317,1443.6709999999998,2026-09-24T07:55:15.125960+00:00
5318,1443.797,2026-09-24T07:55:15.126508+00:00
5319,1443.978,2026-09-24T07:55:15.127036+00:00
5320,1444.334,2026-09-24T07:55:15.127708+00:00
5321,1444.452,2026-09-24T07:55:15.128262+00:00
5322,1444.69,2026-09-24T07:55:15.128880+00:00
5323,1444.8780000000002,2026-09-24T07:55:15.129441+00:00
5324,1445.088,2026-09-24T07:55:15.129998+00:00
5325,1445.347,2026-09-24T07:55:15.130601+00:00
5326,1445.533,2026-09-24T07:55:15.131130+00:00
5327,1446.2820000000002,2026-09-24T07:55:15.132223+00:00
5328,1446.892,2026-09-24T07:55:15.133171+00:00
5329,1447.4689999999998,2026-09-24T07:55:15.134093+00:00
5330,1448.1109999999999,2026-09-24T07:55:15.135067+00:00
5331,1448.793,2026-09-24T07:55:15.136070+00:00
5332,1449.3519999999999,2026-09-24T07:55:15.136976+00:00
5333,1449.828,2026-09-24T07:55:15.137822+00:00
5334,1450.4550000000002,2026-09-24T07:55:15.138825+00:00
5335,1450.641,2026-09-24T07:55:15.139624+00:00
5336,1450.917,2026-09-24T07:55:15.140269+00:00
5337,1451.1190000000001,2026-09-24T07:55:15.140909+00:00
5338,1451.3990000000001,2026-09-24T07:55:15.141608+00:00
5339,1451.651,2026-09-24T07:55:15.142377+00:00
5340,1452.0649999999998,2026-09-24T07:55:15.143188+00:00
5341,1452.383,2026-09-24T07:55:15.144007+00:00
5342,1452.618,2026-09-24T07:55:15.144659+00:00
5343,1452.815,2026-09-24T07:55:15.145253+00:00
5344,1453.0240000000001,2026-09-24T07:55:15.145856+00:00
5345,1453.206,2026-09-24T07:55:15.146453+00:00
5346,1453.473,2026-09-24T07:55:15.147151+00:00
5347,1454.0049999999999,2026-09-24T07:55:15.148081+00:00
5348,1454.5220000000002,2026-09-24T07:55:15.148967+00:00
5349,1454.751,2026-09-24T07:55:15.149663+00:00
5350,1454.9840000000002,2026-09-24T07:55:15.150316+00:00
5351,1455.2240000000002,2026-09-24T07:55:15.150966+00:00
5352,1455.429,2026-09-24T07:55:15.151547+00:00
5353,1455.57,2026-09-24T07:55:15.152067+00:00
5354,1455.77,2026-09-24T07:55:15.152653+00:00
5355,1455.898,2026-09-24T07:55:15.153227+00:00
5356,1456.097,2026-09-24T07:55:15.153821+00:00
5357,1456.192,2026-09-24T07:55:15.154349+00:00
5358,1456.405,2026-09-24T07:55:15.154954+00:00
5359,1456.5829999999999,2026-09-24T07:55:15.155516+00:00
5360,1457.0240000000001,2026-09-24T07:55:15.156348+00:00
5361,1457.331,2026-09-24T07:55:15.157098+00:00
5362,1457.6299999999999,2026-09-24T07:55:15.157790+00:00
5363,1457.815,2026-09-24T07:55:15.158384+00:00
5364,1458.002,2026-09-24T07:55:15.158985+00:00
5365,1458.213,2026-09-24T07:55:15.159617+00:00
5366,1458.306,2026-09-24T07:55:15.160220+00:00
5367,1458.4360000000001,2026-09-24T07:55:15.160823+00:00
5368,1458.6390000000001,2026-09-24T07:55:15.161430+00:00
5369,1458.877,2026-09-24T07:55:15.162041+00:00
5370,1459.08,2026-09-24T07:55:15.162626+00:00
5371,1459.307,2026-09-24T07:55:15.163214+00:00
5372,1459.8629999999998,2026-09-24T07:55:15.164106+00:00
5373,1460.034,2026-09-24T07:55:15.164740+00:00
5374,1460.082,2026-09-24T07:55:15.165335+00:00
5375,1459.703,2026-09-24T07:55:15.165994+00:00
5376,1459.8249999999998,2026-09-24T07:55:15.166583+00:00
5377,1460.0359999999998,2026-09-24T07:55:15.167168+00:00
5378,1460.1,2026-09-24T07:55:15.167810+00:00
5379,1460.336,2026-09-24T07:55:15.168426+00:00
5380,1460.69,2026-09-24T07:55:15.169086+00:00
5381,1461.175,2026-09-24T07:55:15.169900+00:00
5382,1461.548,2026-09-24T07:55:15.170598+00:00
5383,1461.895,2026-09-24T07:55:15.171261+00:00
5384,1462.222,2026-09-24T07:55:15.171927+00:00
5385,1462.87,2026-09-24T07:55:15.172912+00:00
5386,1463.295,2026-09-24T07:55:15.173717+00:00
5387,1463.7340000000002,2026-09-24T07:55:15.174486+00:00
5388,1464.1329999999998,2026-09-24T07:55:15.175202+00:00
5389,1464.821,2026-09-24T07:55:15.176200+00:00
5390,1465.5439999999999,2026-09-24T07:55:15.177251+00:00
5391,1466.127,2026-09-24T07:55:15.178135+00:00
5392,1466.8909999999998,2026-09-24T07:55:15.179213+00:00
5393,1467.451,2026-09-24T07:55:15.180098+00:00
5394,1467.777,2026-09-24T07:55:15.180934+00:00
5395,1468.385,2026-09-24T07:55:15.182063+00:00
5396,1468.812,2026-09-24T07:55:15.182903+00:00
5397,1469.067,2026-09-24T07:55:15.183552+00:00
5398,1469.561,2026-09-24T07:55:15.184424+00:00
5399,1469.962,2026-09-24T07:55:15.185170+00:00
5400,1470.218,2026-09-24T07:55:15.185793+00:00
5401,1470.353,2026-09-24T07:55:15.186385+00:00
5402,1470.6209999999999,2026-09-24T07:55:15.187020+00:00
5403,1471.017,2026-09-24T07:55:15.187873+00:00
5404,1471.295,2026-09-24T07:55:15.188564+00:00
5405,1471.4989999999998,2026-09-24T07:55:15.189357+00:00
5406,1471.1399999999999,2026-09-24T07:55:15.189979+00:00
5407,1471.1490000000001,2026-09-24T07:55:15.190629+00:00
5408,1471.0449999999998,2026-09-24T07:55:15.191245+00:00
5409,1471.084,2026-09-24T07:55:15.191896+00:00
5410,1471.281,2026-09-24T07:55:15.192507+00:00
5411,1471.4270000000001,2026-09-24T07:55:15.193141+00:00
5412,1471.763,2026-09-24T07:55:15.193869+00:00
5413,1472.17,2026-09-24T07:55:15.194724+00:00
5414,1472.318,2026-09-24T07:55:15.195308+00:00
5415,1472.559,2026-09-24T07:55:15.195881+00:00
5416,1472.869,2026-09-24T07:55:15.196533+00:00
5417,1473.5439999999999,2026-09-24T07:55:15.197519+00:00
5418,1474.595,2026-09-24T07:55:15.198918+00:00
5419,1475.103,2026-09-24T07:55:15.199769+00:00
5420,1475.454,2026-09-24T07:55:15.200443+00:00
5421,1475.699,2026-09-24T07:55:15.201073+00:00
5422,1475.932,2026-09-24T07:55:15.201668+00:00
5423,1476.175,2026-09-24T07:55:15.202232+00:00
5424,1476.653,2026-09-24T07:55:15.203006+00:00
5425,1477.061,2026-09-24T07:55:15.203740+00:00
5426,1478.058,2026-09-24T07:55:15.205045+00:00
5427,1479.2160000000001,2026-09-24T07:55:15.206502+00:00
5428,1479.905,2026-09-24T07:55:15.207547+00:00
5429,1480.221,2026-09-24T07:55:15.208210+00:00
5430,1480.506,2026-09-24T07:55:15.208810+00:00
5431,1480.7269999999999,2026-09-24T07:55:15.209368+00:00
5432,1480.781,2026-09-24T07:55:15.209957+00:00
5433,1480.9950000000001,2026-09-24T07:55:15.210504+00:00
5434,1481.231,2026-09-24T07:55:15.211072+00:00
5435,1481.297,2026-09-24T07:55:15.211619+00:00
5436,1481.076,2026-09-24T07:55:15.212196+00:00
5437,1481.126,2026-09-24T07:55:15.212774+00:00
5438,1481.316,2026-09-24T07:55:15.213345+00:00
5439,1481.52,2026-09-24T07:55:15.214032+00:00
5440,1481.744,2026-09-24T07:55:15.214958+00:00
5441,1481.908,2026-09-24T07:55:15.215668+00:00
5442,1481.959,2026-09-24T07:55:15.216219+00:00
5443,1482.125,2026-09-24T07:55:15.216774+00:00
5444,1482.391,2026-09-24T07:55:15.217380+00:00
5445,1482.496,2026-09-24T07:55:15.217971+00:00
5446,1482.383,2026-09-24T07:55:15.218497+00:00
5447,1482.831,2026-09-24T07:55:15.219432+00:00
5448,1483.3449999999998,2026-09-24T07:55:15.220446+00:00
5449,1484.0240000000001,2026-09-24T07:55:15.221503+00:00
5450,1484.321,2026-09-24T07:55:15.222265+00:00
5451,1484.688,2026-09-24T07:55:15.223278+00:00
5452,1485.17,2026-09-24T07:55:15.224206+00:00
5453,1485.917,2026-09-24T07:55:15.225486+00:00
5454,1486.735,2026-09-24T07:55:15.226766+00:00
5455,1487.603,2026-09-24T07:55:15.228036+00:00
5456,1488.007,2026-09-24T07:55:15.228862+00:00
5457,1488.346,2026-09-24T07:55:15.229532+00:00
5458,1488.5600000000002,2026-09-24T07:55:15.230131+00:00
5459,1488.82,2026-09-24T07:55:15.230761+00:00
5460,1489.118,2026-09-24T07:55:15.231386+00:00
5461,1490.402,2026-09-24T07:55:15.233038+00:00
5462,1491.31,2026-09-24T07:55:15.234287+00:00
5463,1492.0169999999998,2026-09-24T07:55:15.235350+00:00
5464,1492.464,2026-09-24T07:55:15.236161+00:00
5465,1493.16,2026-09-24T07:55:15.237194+00:00
5466,1493.663,2026-09-24T07:55:15.238026+00:00
5467,1493.99,2026-09-24T07:55:15.238729+00:00
5468,1494.2359999999999,2026-09-24T07:55:15.239302+00:00
5469,1494.539,2026-09-24T07:55:15.239932+00:00
5470,1494.539,2026-09-24T07:55:15.240503+00:00
5471,1494.425,2026-09-24T07:55:15.241024+00:00
5472,1494.5919999999999,2026-09-24T07:55:15.241607+00:00
5473,1494.703,2026-09-24T07:55:15.242169+00:00
5474,1494.886,2026-09-24T07:55:15.242707+00:00
5475,1494.9650000000001,2026-09-24T07:55:15.243208+00:00
5476,1495.067,2026-09-24T07:55:15.243724+00:00
5477,1495.1760000000002,2026-09-24T07:55:15.244245+00:00
5478,1495.282,2026-09-24T07:55:15.244793+00:00
5479,1495.51,2026-09-24T07:55:15.245431+00:00
5480,1495.69,2026-09-24T07:55:15.246022+00:00
5481,1495.423,2026-09-24T07:55:15.246567+00:00
5482,1495.808,2026-09-24T07:55:15.247612+00:00
5483,1495.916,2026-09-24T07:55:15.248175+00:00
5484,1496.1299999999999,2026-09-24T07:55:15.248821+00:00
5485,1496.298,2026-09-24T07:55:15.249408+00:00
5486,1496.409,2026-09-24T07:55:15.249938+00:00
5487,1496.503,2026-09-24T07:55:15.250444+00:00
5488,1496.54,2026-09-24T07:55:15.250991+00:00
5489,1496.6779999999999,2026-09-24T07:55:15.251550+00:00
5490,1496.7569999999998,2026-09-24T07:55:15.252057+00:00
5491,1496.863,2026-09-24T07:55:15.252589+00:00
5492,1497.021,2026-09-24T07:55:15.253157+00:00
5493,1497.234,2026-09-24T07:55:15.253805+00:00
5494,1497.3700000000001,2026-09-24T07:55:15.254346+00:00
5495,1497.52,2026-09-24T07:55:15.254874+00:00
5496,1497.6370000000002,2026-09-24T07:55:15.255391+00:00
5497,1497.836,2026-09-24T07:55:15.255958+00:00
5498,1498.001,2026-09-24T07:55:15.256511+00:00
5499,1498.145,2026-09-24T07:55:15.257061+00:00
5500,1498.292,2026-09-24T07:55:15.257579+00:00
5501,1498.453,2026-09-24T07:55:15.258121+00:00
5502,1498.607,2026-09-24T07:55:15.258651+00:00
5503,1498.74,2026-09-24T07:55:15.259174+00:00
5504,1498.895,2026-09-24T07:55:15.259707+00:00
5505,1499.048,2026-09-24T07:55:15.260226+00:00
5506,1499.211,2026-09-24T07:55:15.260786+00:00
5507,1499.307,2026-09-24T07:55:15.261299+00:00
5508,1499.385,2026-09-24T07:55:15.261821+00:00
5509,1499.491,2026-09-24T07:55:15.262336+00:00
5510,1499.525,2026-09-24T07:55:15.262876+00:00
5511,1499.579,2026-09-24T07:55:15.263415+00:00
5512,1499.6719999999998,2026-09-24T07:55:15.263957+00:00
5513,1499.711,2026-09-24T07:55:15.264476+00:00
5514,1499.856,2026-09-24T07:55:15.264996+00:00
5515,1499.941,2026-09-24T07:55:15.265534+00:00
5516,1500.0929999999998,2026-09-24T07:55:15.266078+00:00
5517,1500.256,2026-09-24T07:55:15.266642+00:00
5518,1500.3690000000001,2026-09-24T07:55:15.267173+00:00
5519,1500.508,2026-09-24T07:55:15.267697+00:00
5520,1500.593,2026-09-24T07:55:15.268183+00:00
5521,1500.76,2026-09-24T07:55:15.268753+00:00
5522,1500.922,2026-09-24T07:55:15.269283+00:00
5523,1500.996,2026-09-24T07:55:15.269790+00:00
5524,1501.1200000000001,2026-09-24T07:55:15.270278+00:00
5525,1501.3000000000002,2026-09-24T07:55:15.270825+00:00
5526,1501.434,2026-09-24T07:55:15.271370+00:00
5527,1501.4950000000001,2026-09-24T07:55:15.271918+00:00
5528,1501.898,2026-09-24T07:55:15.272717+00:00
5529,1502.108,2026-09-24T07:55:15.273282+00:00
5530,1502.2720000000002,2026-09-24T07:55:15.273838+00:00
5531,1502.406,2026-09-24T07:55:15.274357+00:00
5532,1502.681,2026-09-24T07:55:15.274996+00:00
5533,1502.8049999999998,2026-09-24T07:55:15.275537+00:00
5534,1502.941,2026-09-24T07:55:15.276061+00:00
5535,1503.076,2026-09-24T07:55:15.276602+00:00
5536,1503.191,2026-09-24T07:55:15.277105+00:00
5537,1503.31,2026-09-24T07:55:15.277609+00:00
5538,1503.407,2026-09-24T07:55:15.278093+00:00
5539,1503.5639999999999,2026-09-24T07:55:15.278607+00:00
5540,1503.7240000000002,2026-09-24T07:55:15.279126+00:00
5541,1503.906,2026-09-24T07:55:15.279692+00:00
5542,1504.338,2026-09-24T07:55:15.280513+00:00
5543,1504.429,2026-09-24T07:55:15.281019+00:00
5544,1504.618,2026-09-24T07:55:15.281587+00:00
5545,1504.769,2026-09-24T07:55:15.282112+00:00
5546,1504.8790000000001,2026-09-24T07:55:15.282633+00:00
5547,1504.912,2026-09-24T07:55:15.283126+00:00
5548,1504.9250000000002,2026-09-24T07:55:15.283608+00:00
5549,1505.062,2026-09-24T07:55:15.284130+00:00
5550,1505.2,2026-09-24T07:55:15.284697+00:00
5551,1505.312,2026-09-24T07:55:15.285215+00:00
5552,1505.434,2026-09-24T07:55:15.285741+00:00
5553,1505.555,2026-09-24T07:55:15.286292+00:00
5554,1505.683,2026-09-24T07:55:15.286809+00:00
5555,1505.794,2026-09-24T07:55:15.287346+00:00
5556,1505.941,2026-09-24T07:55:15.287894+00:00
5557,1506.007,2026-09-24T07:55:15.288434+00:00
5558,1506.145,2026-09-24T07:55:15.288997+00:00
5559,1506.288,2026-09-24T07:55:15.289543+00:00
5560,1506.384,2026-09-24T07:55:15.290086+00:00
5561,1506.475,2026-09-24T07:55:15.290615+00:00
5562,1506.631,2026-09-24T07:55:15.291147+00:00
5563,1506.808,2026-09-24T07:55:15.291716+00:00
5564,1506.9840000000002,2026-09-24T07:55:15.292296+00:00
5565,1507.1270000000002,2026-09-24T07:55:15.292869+00:00
5566,1507.197,2026-09-24T07:55:15.293367+00:00
5567,1507.301,2026-09-24T07:55:15.293917+00:00
5568,1507.253,2026-09-24T07:55:15.294400+00:00
5569,1507.351,2026-09-24T07:55:15.294911+00:00
5570,1507.441,2026-09-24T07:55:15.295400+00:00
5571,1507.578,2026-09-24T07:55:15.295910+00:00
5572,1507.66,2026-09-24T07:55:15.296406+00:00
5573,1507.782,2026-09-24T07:55:15.296922+00:00
5574,1507.8609999999999,2026-09-24T07:55:15.297394+00:00
5575,1507.999,2026-09-24T07:55:15.297933+00:00
5576,1508.0739999999998,2026-09-24T07:55:15.298407+00:00
5577,1508.164,2026-09-24T07:55:15.298899+00:00
5578,1508.243,2026-09-24T07:55:15.299377+00:00
5579,1508.322,2026-09-24T07:55:15.299842+00:00
5580,1508.0720000000001,2026-09-24T07:55:15.300329+00:00
5581,1508.186,2026-09-24T07:55:15.300861+00:00
5582,1508.353,2026-09-24T07:55:15.301400+00:00
5583,1508.634,2026-09-24T07:55:15.302032+00:00
5584,1508.826,2026-09-24T07:55:15.302614+00:00
5585,1508.835,2026-09-24T07:55:15.303119+00:00
5586,1508.912,2026-09-24T07:55:15.303617+00:00
5587,1509.0330000000001,2026-09-24T07:55:15.304138+00:00
5588,1509.1319999999998,2026-09-24T07:55:15.304663+00:00
5589,1509.22,2026-09-24T07:55:15.305182+00:00
5590,1509.284,2026-09-24T07:55:15.305664+00:00
5591,1509.31,2026-09-24T07:55:15.306135+00:00
5592,1509.414,2026-09-24T07:55:15.306647+00:00
5593,1509.555,2026-09-24T07:55:15.307200+00:00
5594,1509.643,2026-09-24T07:55:15.307703+00:00
5595,1509.732,2026-09-24T07:55:15.308203+00:00
5596,1509.782,2026-09-24T07:55:15.308685+00:00
5597,1509.924,2026-09-24T07:55:15.309199+00:00
5598,1509.997,2026-09-24T07:55:15.309770+00:00
5599,1510.073,2026-09-24T07:55:15.310254+00:00
5600,1510.1670000000001,2026-09-24T07:55:15.310755+00:00
5601,1510.5040000000001,2026-09-24T07:55:15.311485+00:00
5602,1510.72,2026-09-24T07:55:15.312101+00:00
5603,1510.867,2026-09-24T07:55:15.312725+00:00
5604,1510.9840000000002,2026-09-24T07:55:15.313289+00:00
5605,1511.056,2026-09-24T07:55:15.313796+00:00
5606,1511.018,2026-09-24T07:55:15.314267+00:00
5607,1510.816,2026-09-24T07:55:15.314746+00:00
5608,1510.748,2026-09-24T07:55:15.315211+00:00
5609,1510.775,2026-09-24T07:55:15.315697+00:00
5610,1510.816,2026-09-24T07:55:15.316176+00:00
5611,1510.924,2026-09-24T07:55:15.316684+00:00
5612,1511.074,2026-09-24T07:55:15.317188+00:00
5613,1511.212,2026-09-24T07:55:15.317684+00:00
5614,1511.34,2026-09-24T07:55:15.318161+00:00
5615,1511.452,2026-09-24T07:55:15.318641+00:00
5616,1511.6000000000001,2026-09-24T07:55:15.319156+00:00
5617,1511.745,2026-09-24T07:55:15.319683+00:00
5618,1511.895,2026-09-24T07:55:15.320177+00:00
5619,1511.98,2026-09-24T07:55:15.320674+00:00
5620,1512.249,2026-09-24T07:55:15.321287+00:00
5621,1512.4869999999999,2026-09-24T07:55:15.321884+00:00
5622,1512.792,2026-09-24T07:55:15.322564+00:00
5623,1513.0539999999999,2026-09-24T07:55:15.323187+00:00
5624,1513.173,2026-09-24T07:55:15.323735+00:00
5625,1513.3110000000001,2026-09-24T07:55:15.324241+00:00
5626,1513.482,2026-09-24T07:55:15.324775+00:00
5627,1513.632,2026-09-24T07:55:15.325296+00:00
5628,1514.219,2026-09-24T07:55:15.326222+00:00
5629,1514.664,2026-09-24T07:55:15.327046+00:00
5630,1515.245,2026-09-24T07:55:15.327999+00:00
5631,1515.787,2026-09-24T07:55:15.328902+00:00
5632,1516.508,2026-09-24T07:55:15.330017+00:00
5633,1517.714,2026-09-24T07:55:15.331595+00:00
5634,1518.6779999999999,2026-09-24T07:55:15.332912+00:00
5635,1519.312,2026-09-24T07:55:15.333904+00:00
5636,1519.967,2026-09-24T07:55:15.334893+00:00
5637,1520.311,2026-09-24T07:55:15.335585+00:00
5638,1520.64,2026-09-24T07:55:15.336280+00:00
5639,1521.158,2026-09-24T07:55:15.337140+00:00
5640,1522.028,2026-09-24T07:55:15.338347+00:00
5641,1522.65,2026-09-24T07:55:15.339327+00:00
5642,1523.2939999999999,2026-09-24T07:55:15.340292+00:00
5643,1523.906,2026-09-24T07:55:15.341281+00:00
5644,1524.3690000000001,2026-09-24T07:55:15.342128+00:00
5645,1524.713,2026-09-24T07:55:15.342866+00:00
5646,1525.287,2026-09-24T07:55:15.343817+00:00
5647,1525.499,2026-09-24T07:55:15.344402+00:00
5648,1525.725,2026-09-24T07:55:15.344962+00:00
5649,1526.01,2026-09-24T07:55:15.345717+00:00
5650,1526.434,2026-09-24T07:55:15.346551+00:00
5651,1526.735,2026-09-24T07:55:15.347248+00:00
5652,1527.078,2026-09-24T07:55:15.347948+00:00
5653,1527.439,2026-09-24T07:55:15.348649+00:00
5654,1527.605,2026-09-24T07:55:15.349219+00:00
5655,1527.794,2026-09-24T07:55:15.349809+00:00
5656,1528.1039999999998,2026-09-24T07:55:15.350496+00:00
5657,1528.298,2026-09-24T07:55:15.351055+00:00
5658,1528.516,2026-09-24T07:55:15.351658+00:00
5659,1528.777,2026-09-24T07:55:15.352273+00:00
5660,1529.0220000000002,2026-09-24T07:55:15.352895+00:00
5661,1529.2250000000001,2026-09-24T07:55:15.353460+00:00
5662,1529.722,2026-09-24T07:55:15.354365+00:00
5663,1530.199,2026-09-24T07:55:15.355192+00:00
5664,1530.464,2026-09-24T07:55:15.355819+00:00
5665,1530.802,2026-09-24T07:55:15.356525+00:00
5666,1531.101,2026-09-24T07:55:15.357169+00:00
5667,1531.333,2026-09-24T07:55:15.357796+00:00
5668,1531.5510000000002,2026-09-24T07:55:15.358392+00:00
5669,1531.723,2026-09-24T07:55:15.358986+00:00
5670,1531.9460000000001,2026-09-24T07:55:15.359583+00:00
5671,1532.182,2026-09-24T07:55:15.360221+00:00
5672,1532.483,2026-09-24T07:55:15.360863+00:00
5673,1532.767,2026-09-24T07:55:15.361520+00:00
5674,1533.461,2026-09-24T07:55:15.362586+00:00
5675,1534.398,2026-09-24T07:55:15.363869+00:00
5676,1534.97,2026-09-24T07:55:15.364813+00:00
5677,1535.395,2026-09-24T07:55:15.365613+00:00
5678,1535.776,2026-09-24T07:55:15.366358+00:00
5679,1536.0439999999999,2026-09-24T07:55:15.366988+00:00
5680,1536.367,2026-09-24T07:55:15.367689+00:00
5681,1536.612,2026-09-24T07:55:15.368306+00:00
5682,1536.856,2026-09-24T07:55:15.368948+00:00
5683,1537.166,2026-09-24T07:55:15.369620+00:00
5684,1537.516,2026-09-24T07:55:15.370344+00:00
5685,1537.742,2026-09-24T07:55:15.370961+00:00
5686,1537.925,2026-09-24T07:55:15.371557+00:00
5687,1538.2169999999999,2026-09-24T07:55:15.372248+00:00
5688,1538.472,2026-09-24T07:55:15.372902+00:00
5689,1538.691,2026-09-24T07:55:15.373477+00:00
5690,1538.931,2026-09-24T07:55:15.374128+00:00
5691,1539.131,2026-09-24T07:55:15.374684+00:00
5692,1539.3380000000002,2026-09-24T07:55:15.375228+00:00
5693,1539.646,2026-09-24T07:55:15.375865+00:00
5694,1539.844,2026-09-24T07:55:15.376394+00:00
5695,1540.057,2026-09-24T07:55:15.376946+00:00
5696,1540.25,2026-09-24T07:55:15.377457+00:00
5697,1540.463,2026-09-24T07:55:15.377985+00:00
5698,1540.7379999999998,2026-09-24T07:55:15.378585+00:00
5699,1541.0,2026-09-24T07:55:15.379163+00:00
5700,1541.281,2026-09-24T07:55:15.379768+00:00
5701,1541.7749999999999,2026-09-24T07:55:15.380590+00:00
5702,1542.031,2026-09-24T07:55:15.381174+00:00
5703,1542.298,2026-09-24T07:55:15.381779+00:00
5704,1542.482,2026-09-24T07:55:15.382316+00:00
5705,1542.7169999999999,2026-09-24T07:55:15.382897+00:00
5706,1542.958,2026-09-24T07:55:15.383482+00:00
5707,1543.892,2026-09-24T07:55:15.384778+00:00
5708,1544.805,2026-09-24T07:55:15.386029+00:00
5709,1545.599,2026-09-24T07:55:15.387282+00:00
5710,1546.3960000000002,2026-09-24T07:55:15.388543+00:00
5711,1547.034,2026-09-24T07:55:15.389524+00:00
5712,1547.532,2026-09-24T07:55:15.390368+00:00
5713,1548.058,2026-09-24T07:55:15.391247+00:00
5714,1548.317,2026-09-24T07:55:15.391863+00:00
5715,1552.099,2026-09-24T07:55:15.395992+00:00
5716,1552.433,2026-09-24T07:55:15.396737+00:00
5717,1553.372,2026-09-24T07:55:15.398108+00:00
5718,1554.0339999999999,2026-09-24T07:55:15.399172+00:00
5719,1554.724,2026-09-24T07:55:15.400268+00:00
5720,1555.166,2026-09-24T07:55:15.401077+00:00
5721,1555.59,2026-09-24T07:55:15.401916+00:00
5722,1556.163,2026-09-24T07:55:15.402893+00:00
5723,1556.581,2026-09-24T07:55:15.403692+00:00
5724,1556.83,2026-09-24T07:55:15.404300+00:00
5725,1557.089,2026-09-24T07:55:15.404955+00:00
5726,1557.3509999999999,2026-09-24T07:55:15.405567+00:00
5727,1557.5410000000002,2026-09-24T07:55:15.406330+00:00
5728,1558.339,2026-09-24T07:55:15.407813+00:00
5729,1558.98,2026-09-24T07:55:15.408928+00:00
5730,1559.6019999999999,2026-09-24T07:55:15.410021+00:00
5731,1559.976,2026-09-24T07:55:15.410903+00:00
5732,1560.657,2026-09-24T07:55:15.411977+00:00
5733,1561.066,2026-09-24T07:55:15.412767+00:00
5734,1561.434,2026-09-24T07:55:15.413509+00:00
5735,1561.623,2026-09-24T07:55:15.414288+00:00
5736,1562.085,2026-09-24T07:55:15.415518+00:00
5737,1562.392,2026-09-24T07:55:15.416391+00:00
5738,1562.7549999999999,2026-09-24T07:55:15.417235+00:00
5739,1563.222,2026-09-24T07:55:15.418149+00:00
5740,1563.607,2026-09-24T07:55:15.418990+00:00
5741,1563.9270000000001,2026-09-24T07:55:15.419789+00:00
5742,1564.094,2026-09-24T07:55:15.420375+00:00
5743,1564.395,2026-09-24T07:55:15.421129+00:00
5744,1564.603,2026-09-24T07:55:15.421760+00:00
5745,1564.81,2026-09-24T07:55:15.422391+00:00
5746,1564.8899999999999,2026-09-24T07:55:15.423023+00:00
5747,1564.904,2026-09-24T07:55:15.423647+00:00
5748,1565.024,2026-09-24T07:55:15.424245+00:00
5749,1565.236,2026-09-24T07:55:15.424885+00:00
5750,1565.3870000000002,2026-09-24T07:55:15.425441+00:00
5751,1565.656,2026-09-24T07:55:15.426093+00:00
5752,1565.947,2026-09-24T07:55:15.426779+00:00
5753,1566.403,2026-09-24T07:55:15.427586+00:00
5754,1566.682,2026-09-24T07:55:15.428344+00:00
5755,1566.9820000000002,2026-09-24T07:55:15.429049+00:00
5756,1567.188,2026-09-24T07:55:15.429663+00:00
5757,1567.402,2026-09-24T07:55:15.430228+00:00
5758,1567.82,2026-09-24T07:55:15.430967+00:00
5759,1568.052,2026-09-24T07:55:15.431546+00:00
5760,1568.385,2026-09-24T07:55:15.432216+00:00
5761,1568.614,2026-09-24T07:55:15.432869+00:00
5762,1568.921,2026-09-24T07:55:15.433575+00:00
5763,1569.5159999999998,2026-09-24T07:55:15.434586+00:00
5764,1569.894,2026-09-24T07:55:15.435341+00:00
5765,1570.12,2026-09-24T07:55:15.435957+00:00
5766,1570.343,2026-09-24T07:55:15.436555+00:00
5767,1570.57,2026-09-24T07:55:15.437174+00:00
5768,1570.843,2026-09-24T07:55:15.437811+00:00
5769,1571.066,2026-09-24T07:55:15.438390+00:00
5770,1571.295,2026-09-24T07:55:15.439018+00:00
5771,1571.5339999999999,2026-09-24T07:55:15.439601+00:00
5772,1572.132,2026-09-24T07:55:15.440522+00:00
5773,1572.4260000000002,2026-09-24T07:55:15.441179+00:00
5774,1572.9560000000001,2026-09-24T07:55:15.442095+00:00
5775,1573.576,2026-09-24T07:55:15.443150+00:00
5776,1574.282,2026-09-24T07:55:15.444244+00:00
5777,1574.773,2026-09-24T07:55:15.445133+00:00
5778,1575.1090000000002,2026-09-24T07:55:15.445905+00:00
5779,1575.317,2026-09-24T07:55:15.446537+00:00
5780,1576.157,2026-09-24T07:55:15.447812+00:00
5781,1576.625,2026-09-24T07:55:15.448725+00:00
5782,1576.927,2026-09-24T07:55:15.449400+00:00
5783,1577.254,2026-09-24T07:55:15.450067+00:00
5784,1576.732,2026-09-24T07:55:15.450809+00:00
5785,1576.6119999999999,2026-09-24T07:55:15.451507+00:00
5786,1576.683,2026-09-24T07:55:15.452209+00:00
5787,1577.024,2026-09-24T07:55:15.453001+00:00
5788,1577.568,2026-09-24T07:55:15.453996+00:00
5789,1578.018,2026-09-24T07:55:15.454847+00:00
5790,1578.344,2026-09-24T07:55:15.455642+00:00
5791,1578.5849999999998,2026-09-24T07:55:15.456363+00:00
5792,1578.752,2026-09-24T07:55:15.456952+00:00
5793,1578.8549999999998,2026-09-24T07:55:15.457604+00:00
5794,1579.144,2026-09-24T07:55:15.458333+00:00
5795,1579.4550000000002,2026-09-24T07:55:15.459060+00:00
5796,1579.669,2026-09-24T07:55:15.459674+00:00
5797,1579.7179999999998,2026-09-24T07:55:15.460243+00:00
5798,1579.723,2026-09-24T07:55:15.460808+00:00
5799,1579.685,2026-09-24T07:55:15.461341+00:00
5800,1579.816,2026-09-24T07:55:15.462144+00:00
5801,1579.937,2026-09-24T07:55:15.462763+00:00
5802,1579.838,2026-09-24T07:55:15.463302+00:00
5803,1579.751,2026-09-24T07:55:15.463872+00:00
5804,1579.783,2026-09-24T07:55:15.464459+00:00
5805,1579.798,2026-09-24T07:55:15.464980+00:00
5806,1579.9350000000002,2026-09-24T07:55:15.465781+00:00
5807,1579.949,2026-09-24T07:55:15.466482+00:00
5808,1579.8049999999998,2026-09-24T07:55:15.467099+00:00
5809,1579.8719999999998,2026-09-24T07:55:15.467729+00:00
5810,1580.155,2026-09-24T07:55:15.468473+00:00
5811,1580.286,2026-09-24T07:55:15.469090+00:00
5812,1580.309,2026-09-24T07:55:15.469654+00:00
5813,1580.41,2026-09-24T07:55:15.470194+00:00
5814,1580.587,2026-09-24T07:55:15.470750+00:00
5815,1580.682,2026-09-24T07:55:15.471275+00:00
5816,1581.029,2026-09-24T07:55:15.472040+00:00
5817,1581.582,2026-09-24T07:55:15.472963+00:00
5818,1582.482,2026-09-24T07:55:15.474219+00:00
5819,1583.234,2026-09-24T07:55:15.475334+00:00
5820,1583.7079999999999,2026-09-24T07:55:15.476189+00:00
5821,1584.0939999999998,2026-09-24T07:55:15.476959+00:00
5822,1584.533,2026-09-24T07:55:15.477745+00:00
5823,1585.043,2026-09-24T07:55:15.478625+00:00
5824,1585.567,2026-09-24T07:55:15.479519+00:00
5825,1585.972,2026-09-24T07:55:15.480292+00:00
5826,1586.6229999999998,2026-09-24T07:55:15.481319+00:00
5827,1587.502,2026-09-24T07:55:15.482535+00:00
5828,1587.9959999999999,2026-09-24T07:55:15.483363+00:00
5829,1588.468,2026-09-24T07:55:15.484278+00:00
5830,1588.9759999999999,2026-09-24T07:55:15.485143+00:00
5831,1589.432,2026-09-24T07:55:15.485962+00:00
5832,1589.87,2026-09-24T07:55:15.486773+00:00
5833,1590.316,2026-09-24T07:55:15.487587+00:00
5834,1590.984,2026-09-24T07:55:15.488621+00:00
5835,1591.513,2026-09-24T07:55:15.489498+00:00
5836,1592.0330000000001,2026-09-24T07:55:15.490366+00:00
5837,1592.52,2026-09-24T07:55:15.491205+00:00
5838,1592.8519999999999,2026-09-24T07:55:15.491908+00:00
5839,1593.302,2026-09-24T07:55:15.492708+00:00
5840,1593.9399999999998,2026-09-24T07:55:15.493703+00:00
5841,1594.3480000000002,2026-09-24T07:55:15.494461+00:00
5842,1594.657,2026-09-24T07:55:15.495162+00:00
5843,1594.962,2026-09-24T07:55:15.495890+00:00
5844,1595.3329999999999,2026-09-24T07:55:15.496613+00:00
5845,1595.925,2026-09-24T07:55:15.497574+00:00
5846,1596.184,2026-09-24T07:55:15.498216+00:00
5847,1596.795,2026-09-24T07:55:15.499192+00:00
5848,1596.971,2026-09-24T07:55:15.499888+00:00
5849,1596.072,2026-09-24T07:55:15.500713+00:00
5850,1596.958,2026-09-24T07:55:15.502130+00:00
5851,1597.54,2026-09-24T07:55:15.503135+00:00
5852,1597.873,2026-09-24T07:55:15.503898+00:00
5853,1597.578,2026-09-24T07:55:15.504710+00:00
5854,1597.2450000000001,2026-09-24T07:55:15.505276+00:00
5855,1597.115,2026-09-24T07:55:15.505872+00:00
5856,1597.4470000000001,2026-09-24T07:55:15.506666+00:00
5857,1598.545,2026-09-24T07:55:15.508240+00:00
5858,1599.207,2026-09-24T07:55:15.509266+00:00
5859,1599.594,2026-09-24T07:55:15.510067+00:00
5860,1599.8349999999998,2026-09-24T07:55:15.510662+00:00
5861,1599.9589999999998,2026-09-24T07:55:15.511188+00:00
5862,1599.9080000000001,2026-09-24T07:55:15.511739+00:00
5863,1599.798,2026-09-24T07:55:15.512245+00:00
5864,1599.863,2026-09-24T07:55:15.512782+00:00
5865,1600.0149999999999,2026-09-24T07:55:15.513315+00:00
5866,1600.2259999999999,2026-09-24T07:55:15.513909+00:00
5867,1600.5149999999999,2026-09-24T07:55:15.514563+00:00
5868,1600.8329999999999,2026-09-24T07:55:15.515356+00:00
5869,1601.267,2026-09-24T07:55:15.516334+00:00
5870,1601.784,2026-09-24T07:55:15.517317+00:00
5871,1602.411,2026-09-24T07:55:15.518336+00:00
5872,1602.721,2026-09-24T07:55:15.519034+00:00
5873,1602.879,2026-09-24T07:55:15.519588+00:00
5874,1603.317,2026-09-24T07:55:15.520401+00:00
5875,1603.755,2026-09-24T07:55:15.521201+00:00
5876,1604.239,2026-09-24T07:55:15.522081+00:00
5877,1605.0,2026-09-24T07:55:15.523189+00:00
5878,1605.629,2026-09-24T07:55:15.524164+00:00
5879,1606.028,2026-09-24T07:55:15.524942+00:00
5880,1606.3700000000001,2026-09-24T07:55:15.525628+00:00
5881,1606.7450000000001,2026-09-24T07:55:15.526368+00:00
5882,1607.033,2026-09-24T07:55:15.527041+00:00
5883,1607.311,2026-09-24T07:55:15.527664+00:00
5884,1607.601,2026-09-24T07:55:15.528338+00:00
5885,1607.8110000000001,2026-09-24T07:55:15.529013+00:00
5886,1608.118,2026-09-24T07:55:15.529683+00:00
5887,1608.2939999999999,2026-09-24T07:55:15.530371+00:00
5888,1608.485,2026-09-24T07:55:15.531158+00:00
5889,1608.253,2026-09-24T07:55:15.531862+00:00
5890,1608.586,2026-09-24T07:55:15.532742+00:00
5891,1608.651,2026-09-24T07:55:15.533441+00:00
5892,1608.683,2026-09-24T07:55:15.534064+00:00
5893,1608.233,2026-09-24T07:55:15.534823+00:00
5894,1608.4879999999998,2026-09-24T07:55:15.535591+00:00
5895,1608.657,2026-09-24T07:55:15.536434+00:00
5896,1608.519,2026-09-24T07:55:15.537056+00:00
5897,1608.554,2026-09-24T07:55:15.537740+00:00
5898,1608.719,2026-09-24T07:55:15.538375+00:00
5899,1609.308,2026-09-24T07:55:15.539787+00:00
5900,1609.972,2026-09-24T07:55:15.541265+00:00
5901,1610.602,2026-09-24T07:55:15.542428+00:00
5902,1611.243,2026-09-24T07:55:15.543494+00:00
5903,1611.751,2026-09-24T07:55:15.544458+00:00
5904,1612.068,2026-09-24T07:55:15.545262+00:00
5905,1612.2050000000002,2026-09-24T07:55:15.546110+00:00
5906,1612.771,2026-09-24T07:55:15.547108+00:00
5907,1612.7659999999998,2026-09-24T07:55:15.547883+00:00
5908,1612.741,2026-09-24T07:55:15.548552+00:00
5909,1612.5430000000001,2026-09-24T07:55:15.549266+00:00
5910,1612.589,2026-09-24T07:55:15.549985+00:00
5911,1612.559,2026-09-24T07:55:15.550830+00:00
5912,1612.578,2026-09-24T07:55:15.551632+00:00
5913,1612.6290000000001,2026-09-24T07:55:15.552315+00:00
5914,1613.026,2026-09-24T07:55:15.553142+00:00
5915,1613.446,2026-09-24T07:55:15.554019+00:00
5916,1614.24,2026-09-24T07:55:15.555198+00:00
5917,1615.24,2026-09-24T07:55:15.556524+00:00
5918,1615.631,2026-09-24T07:55:15.557272+00:00
5919,1616.1460000000002,2026-09-24T07:55:15.558092+00:00
5920,1616.624,2026-09-24T07:55:15.558880+00:00
5921,1616.703,2026-09-24T07:55:15.559628+00:00
5922,1616.662,2026-09-24T07:55:15.560373+00:00
5923,1616.838,2026-09-24T07:55:15.561107+00:00
5924,1616.943,2026-09-24T07:55:15.561845+00:00
5925,1617.195,2026-09-24T07:55:15.562761+00:00
5926,1617.556,2026-09-24T07:55:15.563643+00:00
5927,1617.656,2026-09-24T07:55:15.564278+00:00
5928,1617.9650000000001,2026-09-24T07:55:15.564984+00:00
5929,1618.356,2026-09-24T07:55:15.565785+00:00
5930,1618.731,2026-09-24T07:55:15.566573+00:00
5931,1618.9830000000002,2026-09-24T07:55:15.567331+00:00
5932,1619.2949999999998,2026-09-24T07:55:15.568076+00:00
5933,1619.507,2026-09-24T07:55:15.568869+00:00
5934,1619.897,2026-09-24T07:55:15.569689+00:00
5935,1620.578,2026-09-24T07:55:15.570765+00:00
5936,1620.822,2026-09-24T07:55:15.571567+00:00
5937,1621.001,2026-09-24T07:55:15.572266+00:00
5938,1621.421,2026-09-24T07:55:15.573107+00:00
5939,1621.985,2026-09-24T07:55:15.574073+00:00
5940,1622.444,2026-09-24T07:55:15.574925+00:00
5941,1622.743,2026-09-24T07:55:15.575623+00:00
5942,1622.995,2026-09-24T07:55:15.576265+00:00
5943,1623.229,2026-09-24T07:55:15.576929+00:00
5944,1623.386,2026-09-24T07:55:15.577515+00:00
5945,1623.501,2026-09-24T07:55:15.578068+00:00
5946,1623.811,2026-09-24T07:55:15.578786+00:00
5947,1624.078,2026-09-24T07:55:15.579441+00:00
5948,1624.269,2026-09-24T07:55:15.580037+00:00
5949,1624.544,2026-09-24T07:55:15.580788+00:00
5950,1625.07,2026-09-24T07:55:15.581712+00:00
5951,1625.421,2026-09-24T07:55:15.582443+00:00
5952,1625.534,2026-09-24T07:55:15.583055+00:00
5953,1625.615,2026-09-24T07:55:15.583673+00:00
5954,1625.707,2026-09-24T07:55:15.584275+00:00
5955,1625.927,2026-09-24T07:55:15.584883+00:00
5956,1626.111,2026-09-24T07:55:15.585485+00:00
5957,1626.324,2026-09-24T07:55:15.586100+00:00
5958,1626.714,2026-09-24T07:55:15.586909+00:00
5959,1626.973,2026-09-24T07:55:15.587581+00:00
5960,1627.175,2026-09-24T07:55:15.588211+00:00
5961,1627.353,2026-09-24T07:55:15.588792+00:00
5962,1627.516,2026-09-24T07:55:15.589378+00:00
5963,1627.6390000000001,2026-09-24T07:55:15.589958+00:00
5964,1627.654,2026-09-24T07:55:15.590548+00:00
5965,1627.74,2026-09-24T07:55:15.591193+00:00
5966,1628.129,2026-09-24T07:55:15.592054+00:00
5967,1628.4279999999999,2026-09-24T07:55:15.592821+00:00
5968,1628.2430000000002,2026-09-24T07:55:15.593515+00:00
5969,1628.303,2026-09-24T07:55:15.594209+00:00
5970,1628.6009999999999,2026-09-24T07:55:15.594989+00:00
5971,1628.6940000000002,2026-09-24T07:55:15.595599+00:00
5972,1629.0359999999998,2026-09-24T07:55:15.596373+00:00
5973,1629.566,2026-09-24T07:55:15.597330+00:00
5974,1629.9189999999999,2026-09-24T07:55:15.598113+00:00
5975,1630.1129999999998,2026-09-24T07:55:15.598791+00:00
5976,1630.227,2026-09-24T07:55:15.599397+00:00
5977,1630.224,2026-09-24T07:55:15.600028+00:00
5978,1630.137,2026-09-24T07:55:15.600639+00:00
5979,1630.103,2026-09-24T07:55:15.601221+00:00
5980,1630.193,2026-09-24T07:55:15.601830+00:00
5981,1630.334,2026-09-24T07:55:15.602486+00:00
5982,1630.9080000000001,2026-09-24T07:55:15.603522+00:00
5983,1631.844,2026-09-24T07:55:15.604920+00:00
5984,1632.729,2026-09-24T07:55:15.606245+00:00
5985,1633.016,2026-09-24T07:55:15.606986+00:00
5986,1633.365,2026-09-24T07:55:15.607802+00:00
5987,1633.971,2026-09-24T07:55:15.608862+00:00
5988,1634.302,2026-09-24T07:55:15.609637+00:00
5989,1634.814,2026-09-24T07:55:15.610627+00:00
5990,1635.2120000000002,2026-09-24T07:55:15.611447+00:00
5991,1635.556,2026-09-24T07:55:15.612235+00:00
5992,1636.298,2026-09-24T07:55:15.613437+00:00
5993,1637.212,2026-09-24T07:55:15.614828+00:00
5994,1637.421,2026-09-24T07:55:15.615508+00:00
5995,1637.548,2026-09-24T07:55:15.616212+00:00
5996,1637.8619999999999,2026-09-24T07:55:15.616947+00:00
5997,1638.068,2026-09-24T07:55:15.617566+00:00
5998,1638.4,2026-09-24T07:55:15.618325+00:00
5999,1638.844,2026-09-24T07:55:15.619236+00:00
6000,1639.189,2026-09-24T07:55:15.620106+00:00
6001,1639.328,2026-09-24T07:55:15.620843+00:00
6002,1639.492,2026-09-24T07:55:15.621551+00:00
6003,1639.7600000000002,2026-09-24T07:55:15.622243+00:00
6004,1640.411,2026-09-24T07:55:15.623243+00:00
6005,1640.832,2026-09-24T07:55:15.623996+00:00
6006,1641.226,2026-09-24T07:55:15.624747+00:00
6007,1641.527,2026-09-24T07:55:15.625375+00:00
6008,1641.8809999999999,2026-09-24T07:55:15.626039+00:00
6009,1642.49,2026-09-24T07:55:15.626999+00:00
6010,1642.8890000000001,2026-09-24T07:55:15.627721+00:00
6011,1643.212,2026-09-24T07:55:15.628384+00:00
6012,1643.508,2026-09-24T07:55:15.629017+00:00
6013,1643.748,2026-09-24T07:55:15.629604+00:00
6014,1643.875,2026-09-24T07:55:15.630159+00:00
6015,1644.116,2026-09-24T07:55:15.630995+00:00
6016,1644.54,2026-09-24T07:55:15.631784+00:00
6017,1644.9830000000002,2026-09-24T07:55:15.632592+00:00
6018,1645.254,2026-09-24T07:55:15.633229+00:00
6019,1645.711,2026-09-24T07:55:15.634077+00:00
6020,1646.4350000000002,2026-09-24T07:55:15.635169+00:00
6021,1647.601,2026-09-24T07:55:15.636726+00:00
6022,1648.308,2026-09-24T07:55:15.637874+00:00
6023,1649.381,2026-09-24T07:55:15.639286+00:00
6024,1650.2250000000001,2026-09-24T07:55:15.640494+00:00
6025,1650.9389999999999,2026-09-24T07:55:15.641565+00:00
6026,1651.924,2026-09-24T07:55:15.642906+00:00
6027,1652.617,2026-09-24T07:55:15.643939+00:00
6028,1653.716,2026-09-24T07:55:15.645449+00:00
6029,1654.26,2026-09-24T07:55:15.646351+00:00
6030,1654.658,2026-09-24T07:55:15.647095+00:00
6031,1655.3210000000001,2026-09-24T07:55:15.648124+00:00
6032,1655.9950000000001,2026-09-24T07:55:15.649143+00:00
6033,1656.612,2026-09-24T07:55:15.650105+00:00
6034,1657.1419999999998,2026-09-24T07:55:15.651015+00:00
6035,1657.378,2026-09-24T07:55:15.651687+00:00
6036,1657.543,2026-09-24T07:55:15.652244+00:00
6037,1657.772,2026-09-24T07:55:15.652811+00:00
6038,1657.978,2026-09-24T07:55:15.653382+00:00
6039,1658.27,2026-09-24T07:55:15.654037+00:00
6040,1658.5330000000001,2026-09-24T07:55:15.654664+00:00
6041,1658.6680000000001,2026-09-24T07:55:15.655284+00:00
6042,1659.003,2026-09-24T07:55:15.656309+00:00
6043,1660.0710000000001,2026-09-24T07:55:15.657832+00:00
6044,1660.506,2026-09-24T07:55:15.658739+00:00
6045,1661.119,2026-09-24T07:55:15.659761+00:00
6046,1662.1840000000002,2026-09-24T07:55:15.661159+00:00
6047,1662.789,2026-09-24T07:55:15.662219+00:00
6048,1663.028,2026-09-24T07:55:15.663062+00:00
6049,1663.5439999999999,2026-09-24T07:55:15.664083+00:00
6050,1664.062,2026-09-24T07:55:15.665091+00:00
6051,1664.6860000000001,2026-09-24T07:55:15.666148+00:00
6052,1664.9499999999998,2026-09-24T07:55:15.667129+00:00
6053,1665.2389999999998,2026-09-24T07:55:15.667992+00:00
6054,1665.584,2026-09-24T07:55:15.669050+00:00
6055,1666.166,2026-09-24T07:55:15.670194+00:00
6056,1666.3680000000002,2026-09-24T07:55:15.671142+00:00
6057,1666.7749999999999,2026-09-24T07:55:15.671974+00:00
6058,1667.2359999999999,2026-09-24T07:55:15.672855+00:00
6059,1667.759,2026-09-24T07:55:15.673856+00:00
6060,1668.4460000000001,2026-09-24T07:55:15.675116+00:00
6061,1668.4460000000001,2026-09-24T07:55:15.675809+00:00
6062,1668.9560000000001,2026-09-24T07:55:15.676910+00:00
6063,1669.443,2026-09-24T07:55:15.677915+00:00
6064,1670.401,2026-09-24T07:55:15.679358+00:00
6065,1671.201,2026-09-24T07:55:15.680653+00:00
6066,1671.94,2026-09-24T07:55:15.681865+00:00
6067,1672.631,2026-09-24T07:55:15.683059+00:00
6068,1673.094,2026-09-24T07:55:15.684008+00:00
6069,1673.477,2026-09-24T07:55:15.684846+00:00
6070,1673.823,2026-09-24T07:55:15.685647+00:00
6071,1674.39,2026-09-24T07:55:15.686665+00:00
6072,1675.342,2026-09-24T07:55:15.688105+00:00
6073,1675.804,2026-09-24T07:55:15.689028+00:00
6074,1676.171,2026-09-24T07:55:15.689918+00:00
6075,1676.404,2026-09-24T07:55:15.690832+00:00
6076,1677.301,2026-09-24T07:55:15.692444+00:00
6077,1677.973,2026-09-24T07:55:15.693679+00:00
6078,1678.643,2026-09-24T07:55:15.694849+00:00
6079,1679.219,2026-09-24T07:55:15.695907+00:00
6080,1679.739,2026-09-24T07:55:15.696833+00:00
6081,1680.08,2026-09-24T07:55:15.697601+00:00
6082,1680.991,2026-09-24T07:55:15.698972+00:00
6083,1681.665,2026-09-24T07:55:15.700045+00:00
6084,1682.194,2026-09-24T07:55:15.701001+00:00
6085,1683.078,2026-09-24T07:55:15.702294+00:00
6086,1683.7839999999999,2026-09-24T07:55:15.703401+00:00
6087,1684.498,2026-09-24T07:55:15.704516+00:00
6088,1686.236,2026-09-24T07:55:15.706657+00:00
6089,1688.038,2026-09-24T07:55:15.708893+00:00
6090,1689.237,2026-09-24T07:55:15.710514+00:00
6091,1689.781,2026-09-24T07:55:15.711599+00:00
6092,1690.1889999999999,2026-09-24T07:55:15.712402+00:00
6093,1690.596,2026-09-24T07:55:15.713233+00:00
6094,1690.952,2026-09-24T07:55:15.714017+00:00
6095,1691.358,2026-09-24T07:55:15.714884+00:00
6096,1692.162,2026-09-24T07:55:15.716143+00:00
6097,1692.565,2026-09-24T07:55:15.717018+00:00
6098,1692.915,2026-09-24T07:55:15.717780+00:00
6099,1693.366,2026-09-24T07:55:15.718654+00:00
6100,1693.703,2026-09-24T07:55:15.719428+00:00
6101,1694.099,2026-09-24T07:55:15.720247+00:00
6102,1694.6619999999998,2026-09-24T07:55:15.721232+00:00
6103,1695.909,2026-09-24T07:55:15.722870+00:00
6104,1696.969,2026-09-24T07:55:15.724338+00:00
6105,1697.699,2026-09-24T07:55:15.725485+00:00
6106,1698.472,2026-09-24T07:55:15.726659+00:00
6107,1698.9270000000001,2026-09-24T07:55:15.727534+00:00
6108,1699.178,2026-09-24T07:55:15.728243+00:00
6109,1699.6599999999999,2026-09-24T07:55:15.729167+00:00
6110,1700.129,2026-09-24T07:55:15.730051+00:00
6111,1700.444,2026-09-24T07:55:15.730768+00:00
6112,1700.71,2026-09-24T07:55:15.731494+00:00
6113,1700.799,2026-09-24T07:55:15.732008+00:00
6114,1700.888,2026-09-24T07:55:15.732525+00:00
6115,1701.074,2026-09-24T07:55:15.733108+00:00
6116,1701.223,2026-09-24T07:55:15.733675+00:00
6117,1701.479,2026-09-24T07:55:15.734346+00:00
6118,1701.693,2026-09-24T07:55:15.734963+00:00
6119,1701.9489999999998,2026-09-24T07:55:15.735616+00:00
6120,1702.0120000000002,2026-09-24T07:55:15.736155+00:00
6121,1703.158,2026-09-24T07:55:15.737791+00:00
6122,1703.989,2026-09-24T07:55:15.739332+00:00
6123,1704.06,2026-09-24T07:55:15.740114+00:00
6124,1703.9379999999999,2026-09-24T07:55:15.740818+00:00
6125,1704.125,2026-09-24T07:55:15.741532+00:00
6126,1704.27,2026-09-24T07:55:15.742153+00:00
6127,1704.323,2026-09-24T07:55:15.742758+00:00
6128,1704.471,2026-09-24T07:55:15.743363+00:00
6129,1704.673,2026-09-24T07:55:15.743985+00:00
6130,1704.702,2026-09-24T07:55:15.744645+00:00
6131,1704.715,2026-09-24T07:55:15.745200+00:00
6132,1704.871,2026-09-24T07:55:15.745810+00:00
6133,1705.129,2026-09-24T07:55:15.746482+00:00
6134,1705.3590000000002,2026-09-24T07:55:15.747191+00:00
6135,1705.53,2026-09-24T07:55:15.747885+00:00
6136,1705.542,2026-09-24T07:55:15.748537+00:00
6137,1706.0839999999998,2026-09-24T07:55:15.749634+00:00
6138,1706.501,2026-09-24T07:55:15.750674+00:00
6139,1707.575,2026-09-24T07:55:15.752283+00:00
6140,1708.308,2026-09-24T07:55:15.753603+00:00
6141,1709.0890000000002,2026-09-24T07:55:15.754917+00:00
6142,1709.479,2026-09-24T07:55:15.755920+00:00
6143,1709.666,2026-09-24T07:55:15.756633+00:00
6144,1709.872,2026-09-24T07:55:15.757393+00:00
6145,1710.085,2026-09-24T07:55:15.758166+00:00
6146,1710.096,2026-09-24T07:55:15.758836+00:00
6147,1710.131,2026-09-24T07:55:15.759440+00:00
6148,1710.124,2026-09-24T07:55:15.760118+00:00
6149,1710.115,2026-09-24T07:55:15.760755+00:00
6150,1710.6589999999999,2026-09-24T07:55:15.761831+00:00
6151,1710.644,2026-09-24T07:55:15.762477+00:00
6152,1710.557,2026-09-24T07:55:15.762984+00:00
6153,1710.572,2026-09-24T07:55:15.763484+00:00
6154,1710.9650000000001,2026-09-24T07:55:15.764400+00:00
6155,1712.1280000000002,2026-09-24T07:55:15.766004+00:00
6156,1712.491,2026-09-24T07:55:15.766762+00:00
6157,1712.715,2026-09-24T07:55:15.767408+00:00
6158,1712.799,2026-09-24T07:55:15.767959+00:00
6159,1712.9,2026-09-24T07:55:15.768450+00:00
6160,1713.109,2026-09-24T07:55:15.769083+00:00
6161,1713.493,2026-09-24T07:55:15.769822+00:00
6162,1713.754,2026-09-24T07:55:15.770464+00:00
6163,1714.0120000000002,2026-09-24T07:55:15.771048+00:00
6164,1714.253,2026-09-24T07:55:15.771613+00:00
6165,1714.509,2026-09-24T07:55:15.772226+00:00
6166,1714.9319999999998,2026-09-24T07:55:15.772999+00:00
6167,1715.055,2026-09-24T07:55:15.773531+00:00
6168,1715.335,2026-09-24T07:55:15.774183+00:00
6169,1715.889,2026-09-24T07:55:15.775107+00:00
6170,1716.4170000000001,2026-09-24T07:55:15.776005+00:00
6171,1716.7749999999999,2026-09-24T07:55:15.776723+00:00
6172,1717.047,2026-09-24T07:55:15.777355+00:00
6173,1717.3609999999999,2026-09-24T07:55:15.778022+00:00
6174,1717.886,2026-09-24T07:55:15.778902+00:00
6175,1718.37,2026-09-24T07:55:15.779698+00:00
6176,1718.698,2026-09-24T07:55:15.780376+00:00
6177,1719.071,2026-09-24T07:55:15.781094+00:00
6178,1719.608,2026-09-24T07:55:15.781970+00:00
6179,1719.898,2026-09-24T07:55:15.782666+00:00
6180,1720.36,2026-09-24T07:55:15.783517+00:00
6181,1720.629,2026-09-24T07:55:15.784265+00:00
6182,1720.758,2026-09-24T07:55:15.784959+00:00
6183,1720.932,2026-09-24T07:55:15.785698+00:00
6184,1721.29,2026-09-24T07:55:15.786548+00:00
6185,1721.67,2026-09-24T07:55:15.787365+00:00
6186,1721.835,2026-09-24T07:55:15.788073+00:00
6187,1722.24,2026-09-24T07:55:15.788872+00:00
6188,1722.484,2026-09-24T07:55:15.789497+00:00
6189,1722.771,2026-09-24T07:55:15.790130+00:00
6190,1723.011,2026-09-24T07:55:15.790832+00:00
6191,1723.463,2026-09-24T07:55:15.791723+00:00
6192,1723.694,2026-09-24T07:55:15.792358+00:00
6193,1723.988,2026-09-24T07:55:15.793072+00:00
6194,1723.9869999999999,2026-09-24T07:55:15.793645+00:00
6195,1723.9750000000001,2026-09-24T07:55:15.794214+00:00
6196,1723.701,2026-09-24T07:55:15.794897+00:00
6197,1723.641,2026-09-24T07:55:15.795467+00:00
6198,1723.835,2026-09-24T07:55:15.796067+00:00
6199,1724.127,2026-09-24T07:55:15.796743+00:00
6200,1724.286,2026-09-24T07:55:15.797292+00:00
6201,1724.4170000000001,2026-09-24T07:55:15.797936+00:00
6202,1724.603,2026-09-24T07:55:15.798533+00:00
6203,1724.7459999999999,2026-09-24T07:55:15.799105+00:00
6204,1724.885,2026-09-24T07:55:15.799665+00:00
6205,1724.9399999999998,2026-09-24T07:55:15.800201+00:00
6206,1725.156,2026-09-24T07:55:15.800795+00:00
6207,1725.371,2026-09-24T07:55:15.801370+00:00
6208,1725.713,2026-09-24T07:55:15.802180+00:00
6209,1726.052,2026-09-24T07:55:15.802915+00:00
6210,1726.446,2026-09-24T07:55:15.803677+00:00
6211,1727.002,2026-09-24T07:55:15.804608+00:00
6212,1727.297,2026-09-24T07:55:15.805252+00:00
6213,1728.231,2026-09-24T07:55:15.806551+00:00
6214,1729.017,2026-09-24T07:55:15.807721+00:00
6215,1730.0469999999998,2026-09-24T07:55:15.809097+00:00
6216,1730.952,2026-09-24T07:55:15.810379+00:00
6217,1731.53,2026-09-24T07:55:15.811366+00:00
6218,1731.941,2026-09-24T07:55:15.812116+00:00
6219,1732.247,2026-09-24T07:55:15.812820+00:00
6220,1732.618,2026-09-24T07:55:15.813542+00:00
6221,1732.943,2026-09-24T07:55:15.814264+00:00
6222,1733.432,2026-09-24T07:55:15.815241+00:00
6223,1734.316,2026-09-24T07:55:15.816659+00:00
6224,1734.905,2026-09-24T07:55:15.817726+00:00
6225,1735.704,2026-09-24T07:55:15.818887+00:00
6226,1736.1599999999999,2026-09-24T07:55:15.819805+00:00
6227,1736.4869999999999,2026-09-24T07:55:15.820569+00:00
6228,1736.791,2026-09-24T07:55:15.821255+00:00
6229,1737.129,2026-09-24T07:55:15.821952+00:00
6230,1737.7350000000001,2026-09-24T07:55:15.822888+00:00
6231,1738.093,2026-09-24T07:55:15.823582+00:00
6232,1738.2930000000001,2026-09-24T07:55:15.824268+00:00
6233,1738.549,2026-09-24T07:55:15.824931+00:00
6234,1738.797,2026-09-24T07:55:15.825593+00:00
6235,1739.186,2026-09-24T07:55:15.826315+00:00
6236,1739.708,2026-09-24T07:55:15.827254+00:00
6237,1740.114,2026-09-24T07:55:15.827992+00:00
6238,1740.42,2026-09-24T07:55:15.828635+00:00
6239,1740.785,2026-09-24T07:55:15.829307+00:00
6240,1741.21,2026-09-24T07:55:15.830045+00:00
6241,1741.5259999999998,2026-09-24T07:55:15.830677+00:00
6242,1741.965,2026-09-24T07:55:15.831501+00:00
6243,1742.323,2026-09-24T07:55:15.832268+00:00
6244,1742.626,2026-09-24T07:55:15.832940+00:00
6245,1742.9470000000001,2026-09-24T07:55:15.833633+00:00
6246,1743.201,2026-09-24T07:55:15.834240+00:00
6247,1743.604,2026-09-24T07:55:15.834967+00:00
6248,1744.052,2026-09-24T07:55:15.835800+00:00
6249,1745.03,2026-09-24T07:55:15.837143+00:00
6250,1745.793,2026-09-24T07:55:15.838270+00:00
6251,1746.471,2026-09-24T07:55:15.839305+00:00
6252,1747.474,2026-09-24T07:55:15.840665+00:00
6253,1748.085,2026-09-24T07:55:15.841657+00:00
6254,1748.509,2026-09-24T07:55:15.842541+00:00
6255,1749.02,2026-09-24T07:55:15.843601+00:00
6256,1749.4579999999999,2026-09-24T07:55:15.844450+00:00
6257,1749.757,2026-09-24T07:55:15.845250+00:00
6258,1749.991,2026-09-24T07:55:15.845991+00:00
6259,1750.298,2026-09-24T07:55:15.846702+00:00
6260,1750.489,2026-09-24T07:55:15.847362+00:00
6261,1750.739,2026-09-24T07:55:15.848033+00:00
6262,1750.846,2026-09-24T07:55:15.848690+00:00
6263,1750.703,2026-09-24T07:55:15.849322+00:00
6264,1750.979,2026-09-24T07:55:15.850055+00:00
6265,1751.758,2026-09-24T07:55:15.851240+00:00
6266,1752.1709999999998,2026-09-24T07:55:15.852161+00:00
6267,1752.684,2026-09-24T07:55:15.853201+00:00
6268,1753.291,2026-09-24T07:55:15.854195+00:00
6269,1753.814,2026-09-24T07:55:15.855053+00:00
6270,1754.218,2026-09-24T07:55:15.855806+00:00
6271,1754.646,2026-09-24T07:55:15.856562+00:00
6272,1755.006,2026-09-24T07:55:15.857241+00:00
6273,1755.433,2026-09-24T07:55:15.858071+00:00
6274,1756.0549999999998,2026-09-24T07:55:15.859193+00:00
6275,1756.452,2026-09-24T07:55:15.859971+00:00
6276,1756.8490000000002,2026-09-24T07:55:15.860689+00:00
6277,1757.2540000000001,2026-09-24T07:55:15.861431+00:00
6278,1757.588,2026-09-24T07:55:15.862112+00:00
6279,1757.8210000000001,2026-09-24T07:55:15.862796+00:00
6280,1758.114,2026-09-24T07:55:15.863448+00:00
6281,1758.364,2026-09-24T07:55:15.864072+00:00
6282,1758.983,2026-09-24T07:55:15.865088+00:00
6283,1759.817,2026-09-24T07:55:15.866309+00:00
6284,1760.381,2026-09-24T07:55:15.867315+00:00
6285,1761.34,2026-09-24T07:55:15.868605+00:00
6286,1762.222,2026-09-24T07:55:15.869856+00:00
6287,1762.988,2026-09-24T07:55:15.871009+00:00
6288,1763.46,2026-09-24T07:55:15.871883+00:00
6289,1764.212,2026-09-24T07:55:15.873021+00:00
6290,1765.253,2026-09-24T07:55:15.874368+00:00
6291,1766.722,2026-09-24T07:55:15.876129+00:00
6292,1767.579,2026-09-24T07:55:15.877301+00:00
6293,1768.073,2026-09-24T07:55:15.878094+00:00
6294,1768.416,2026-09-24T07:55:15.878739+00:00
6295,1768.6550000000002,2026-09-24T07:55:15.879295+00:00
6296,1768.931,2026-09-24T07:55:15.879859+00:00
6297,1769.1429999999998,2026-09-24T07:55:15.880363+00:00
6298,1769.5430000000001,2026-09-24T07:55:15.881165+00:00
6299,1769.833,2026-09-24T07:55:15.881783+00:00
6300,1770.387,2026-09-24T07:55:15.882666+00:00
6301,1770.856,2026-09-24T07:55:15.883451+00:00
6302,1771.3509999999999,2026-09-24T07:55:15.884298+00:00
6303,1771.767,2026-09-24T07:55:15.885031+00:00
6304,1772.0880000000002,2026-09-24T07:55:15.885715+00:00
6305,1772.313,2026-09-24T07:55:15.886463+00:00
6306,1772.576,2026-09-24T07:55:15.887247+00:00
6307,1772.924,2026-09-24T07:55:15.887994+00:00
6308,1773.246,2026-09-24T07:55:15.888752+00:00
6309,1773.681,2026-09-24T07:55:15.889566+00:00
6310,1774.287,2026-09-24T07:55:15.890544+00:00
6311,1774.969,2026-09-24T07:55:15.891638+00:00
6312,1775.265,2026-09-24T07:55:15.892299+00:00
6313,1775.554,2026-09-24T07:55:15.892957+00:00
6314,1775.739,2026-09-24T07:55:15.893543+00:00
6315,1775.987,2026-09-24T07:55:15.894125+00:00
6316,1776.2549999999999,2026-09-24T07:55:15.894760+00:00
6317,1776.524,2026-09-24T07:55:15.895363+00:00
6318,1776.8870000000002,2026-09-24T07:55:15.896076+00:00
6319,1777.4479999999999,2026-09-24T07:55:15.897019+00:00
6320,1778.1789999999999,2026-09-24T07:55:15.898158+00:00
6321,1780.373,2026-09-24T07:55:15.900720+00:00
6322,1780.854,2026-09-24T07:55:15.901580+00:00
6323,1781.0790000000002,2026-09-24T07:55:15.902166+00:00
6324,1781.472,2026-09-24T07:55:15.902919+00:00
6325,1781.921,2026-09-24T07:55:15.903732+00:00
6326,1782.26,2026-09-24T07:55:15.904475+00:00
6327,1782.499,2026-09-24T07:55:15.905099+00:00
6328,1782.723,2026-09-24T07:55:15.905714+00:00
6329,1783.336,2026-09-24T07:55:15.906703+00:00
6330,1783.77,2026-09-24T07:55:15.907538+00:00
6331,1784.246,2026-09-24T07:55:15.908359+00:00
6332,1784.576,2026-09-24T07:55:15.909049+00:00
6333,1784.916,2026-09-24T07:55:15.909733+00:00
6334,1785.1840000000002,2026-09-24T07:55:15.910392+00:00
6335,1785.5259999999998,2026-09-24T07:55:15.911112+00:00
6336,1785.771,2026-09-24T07:55:15.911719+00:00
6337,1786.004,2026-09-24T07:55:15.912296+00:00
6338,1786.1979999999999,2026-09-24T07:55:15.912914+00:00
6339,1786.329,2026-09-24T07:55:15.913467+00:00
6340,1786.568,2026-09-24T07:55:15.914066+00:00
6341,1786.84,2026-09-24T07:55:15.914689+00:00
6342,1787.4699999999998,2026-09-24T07:55:15.915692+00:00
6343,1787.74,2026-09-24T07:55:15.916423+00:00
6344,1788.054,2026-09-24T07:55:15.917191+00:00
6345,1788.2150000000001,2026-09-24T07:55:15.917790+00:00
6346,1788.343,2026-09-24T07:55:15.918424+00:00
6347,1788.726,2026-09-24T07:55:15.919332+00:00
6348,1789.648,2026-09-24T07:55:15.920672+00:00
6349,1789.8449999999998,2026-09-24T07:55:15.921529+00:00
6350,1790.398,2026-09-24T07:55:15.922785+00:00
6351,1790.758,2026-09-24T07:55:15.923701+00:00
6352,1791.528,2026-09-24T07:55:15.924899+00:00
6353,1792.339,2026-09-24T07:55:15.926126+00:00
6354,1793.255,2026-09-24T07:55:15.927441+00:00
6355,1793.871,2026-09-24T07:55:15.928510+00:00
6356,1794.432,2026-09-24T07:55:15.929689+00:00
6357,1795.022,2026-09-24T07:55:15.930703+00:00
6358,1795.645,2026-09-24T07:55:15.931788+00:00
6359,1796.353,2026-09-24T07:55:15.932859+00:00
6360,1796.7949999999998,2026-09-24T07:55:15.933717+00:00
6361,1797.623,2026-09-24T07:55:15.935071+00:00
6362,1797.972,2026-09-24T07:55:15.936003+00:00
6363,1798.286,2026-09-24T07:55:15.936804+00:00
6364,1798.663,2026-09-24T07:55:15.937614+00:00
6365,1798.959,2026-09-24T07:55:15.938399+00:00
6366,1799.412,2026-09-24T07:55:15.939345+00:00
6367,1800.14,2026-09-24T07:55:15.940512+00:00
6368,1800.549,2026-09-24T07:55:15.941353+00:00
6369,1800.878,2026-09-24T07:55:15.942071+00:00
6370,1801.281,2026-09-24T07:55:15.942915+00:00
6371,1801.696,2026-09-24T07:55:15.943770+00:00
6372,1802.011,2026-09-24T07:55:15.944497+00:00
6373,1802.3210000000001,2026-09-24T07:55:15.945195+00:00
6374,1802.6899999999998,2026-09-24T07:55:15.946002+00:00
6375,1803.364,2026-09-24T07:55:15.947088+00:00
6376,1804.0439999999999,2026-09-24T07:55:15.948208+00:00
6377,1805.039,2026-09-24T07:55:15.949647+00:00
6378,1805.769,2026-09-24T07:55:15.950843+00:00
6379,1806.0369999999998,2026-09-24T07:55:15.951559+00:00
6380,1806.155,2026-09-24T07:55:15.952225+00:00
6381,1806.234,2026-09-24T07:55:15.952875+00:00
6382,1806.376,2026-09-24T07:55:15.953497+00:00
6383,1806.505,2026-09-24T07:55:15.954105+00:00
6384,1806.6930000000002,2026-09-24T07:55:15.954719+00:00
6385,1806.7869999999998,2026-09-24T07:55:15.955270+00:00
6386,1806.796,2026-09-24T07:55:15.955924+00:00
6387,1806.865,2026-09-24T07:55:15.956535+00:00
6388,1807.096,2026-09-24T07:55:15.957169+00:00
6389,1807.397,2026-09-24T07:55:15.957850+00:00
6390,1807.837,2026-09-24T07:55:15.958730+00:00
6391,1808.124,2026-09-24T07:55:15.959370+00:00
6392,1809.0729999999999,2026-09-24T07:55:15.960711+00:00
6393,1809.8829999999998,2026-09-24T07:55:15.961904+00:00
6394,1811.094,2026-09-24T07:55:15.963452+00:00
6395,1812.554,2026-09-24T07:55:15.965250+00:00
6396,1812.973,2026-09-24T07:55:15.965972+00:00
6397,1813.2459999999999,2026-09-24T07:55:15.966545+00:00
6398,1813.6319999999998,2026-09-24T07:55:15.967327+00:00
6399,1813.801,2026-09-24T07:55:15.967969+00:00
6400,1813.8590000000002,2026-09-24T07:55:15.968524+00:00
6401,1814.049,2026-09-24T07:55:15.969057+00:00
6402,1814.2350000000001,2026-09-24T07:55:15.969592+00:00
6403,1814.356,2026-09-24T07:55:15.970117+00:00
6404,1814.529,2026-09-24T07:55:15.970657+00:00
6405,1814.559,2026-09-24T07:55:15.971149+00:00
6406,1814.729,2026-09-24T07:55:15.971685+00:00
6407,1814.901,2026-09-24T07:55:15.972206+00:00
6408,1815.049,2026-09-24T07:55:15.972765+00:00
6409,1815.207,2026-09-24T07:55:15.973274+00:00
6410,1815.3870000000002,2026-09-24T07:55:15.973789+00:00
6411,1815.507,2026-09-24T07:55:15.974284+00:00
6412,1815.903,2026-09-24T07:55:15.975000+00:00
6413,1816.59,2026-09-24T07:55:15.976035+00:00
6414,1816.977,2026-09-24T07:55:15.976748+00:00
6415,1817.248,2026-09-24T07:55:15.977348+00:00
6416,1817.635,2026-09-24T07:55:15.978079+00:00
6417,1818.174,2026-09-24T07:55:15.978950+00:00
6418,1818.422,2026-09-24T07:55:15.979521+00:00
6419,1818.622,2026-09-24T07:55:15.980062+00:00
6420,1818.7949999999998,2026-09-24T07:55:15.980570+00:00
6421,1819.239,2026-09-24T07:55:15.981374+00:00
6422,1819.2330000000002,2026-09-24T07:55:15.981871+00:00
6423,1819.456,2026-09-24T07:55:15.982445+00:00
6424,1819.528,2026-09-24T07:55:15.982931+00:00
6425,1819.551,2026-09-24T07:55:15.983450+00:00
6426,1819.598,2026-09-24T07:55:15.983945+00:00
6427,1819.729,2026-09-24T07:55:15.984461+00:00
6428,1820.123,2026-09-24T07:55:15.985268+00:00
6429,1820.154,2026-09-24T07:55:15.985773+00:00
6430,1820.1799999999998,2026-09-24T07:55:15.986264+00:00
6431,1820.499,2026-09-24T07:55:15.986938+00:00
6432,1820.6039999999998,2026-09-24T07:55:15.987431+00:00
6433,1820.75,2026-09-24T07:55:15.987925+00:00
6434,1821.0059999999999,2026-09-24T07:55:15.988515+00:00
6435,1821.181,2026-09-24T07:55:15.989020+00:00
6436,1821.501,2026-09-24T07:55:15.989693+00:00
6437,1821.6509999999998,2026-09-24T07:55:15.990198+00:00
6438,1821.8419999999999,2026-09-24T07:55:15.990734+00:00
6439,1822.017,2026-09-24T07:55:15.991250+00:00
6440,1822.182,2026-09-24T07:55:15.991794+00:00
6441,1822.281,2026-09-24T07:55:15.992286+00:00
6442,1822.26,2026-09-24T07:55:15.992833+00:00
6443,1822.4080000000001,2026-09-24T07:55:15.993345+00:00
6444,1822.583,2026-09-24T07:55:15.993899+00:00
6445,1822.789,2026-09-24T07:55:15.994473+00:00
6446,1823.357,2026-09-24T07:55:15.995537+00:00
6447,1823.6209999999999,2026-09-24T07:55:15.996312+00:00
6448,1823.923,2026-09-24T07:55:15.997131+00:00
6449,1824.246,2026-09-24T07:55:15.997882+00:00
6450,1824.465,2026-09-24T07:55:15.998478+00:00
6451,1824.688,2026-09-24T07:55:15.999071+00:00
6452,1824.811,2026-09-24T07:55:15.999637+00:00
6453,1824.943,2026-09-24T07:55:16.000148+00:00
6454,1825.056,2026-09-24T07:55:16.000684+00:00
6455,1825.2079999999999,2026-09-24T07:55:16.001211+00:00
6456,1825.3200000000002,2026-09-24T07:55:16.001767+00:00
6457,1825.5710000000001,2026-09-24T07:55:16.002391+00:00
6458,1825.846,2026-09-24T07:55:16.003020+00:00
6459,1826.022,2026-09-24T07:55:16.003582+00:00
6460,1826.227,2026-09-24T07:55:16.004159+00:00
6461,1826.4389999999999,2026-09-24T07:55:16.004727+00:00
6462,1826.597,2026-09-24T07:55:16.005267+00:00
6463,1826.963,2026-09-24T07:55:16.005954+00:00
6464,1826.8899999999999,2026-09-24T07:55:16.006578+00:00
6465,1827.3509999999999,2026-09-24T07:55:16.007385+00:00
6466,1827.536,2026-09-24T07:55:16.007912+00:00
6467,1827.534,2026-09-24T07:55:16.008364+00:00
6468,1827.6680000000001,2026-09-24T07:55:16.008861+00:00
6469,1827.753,2026-09-24T07:55:16.009311+00:00
6470,1827.804,2026-09-24T07:55:16.009775+00:00
6471,1827.9319999999998,2026-09-24T07:55:16.010224+00:00
6472,1828.1970000000001,2026-09-24T07:55:16.010857+00:00
6473,1828.454,2026-09-24T07:55:16.011459+00:00
6474,1828.718,2026-09-24T07:55:16.012049+00:00
6475,1829.0420000000001,2026-09-24T07:55:16.012745+00:00
6476,1829.222,2026-09-24T07:55:16.013265+00:00
6477,1829.4859999999999,2026-09-24T07:55:16.013853+00:00
6478,1830.4270000000001,2026-09-24T07:55:16.015150+00:00
6479,1830.84,2026-09-24T07:55:16.015880+00:00
6480,1831.161,2026-09-24T07:55:16.016523+00:00
6481,1831.428,2026-09-24T07:55:16.017180+00:00
6482,1831.7,2026-09-24T07:55:16.017782+00:00
6483,1832.202,2026-09-24T07:55:16.018723+00:00
6484,1832.413,2026-09-24T07:55:16.019351+00:00
6485,1832.319,2026-09-24T07:55:16.019908+00:00
6486,1832.449,2026-09-24T07:55:16.020378+00:00
6487,1832.545,2026-09-24T07:55:16.020860+00:00
6488,1832.619,2026-09-24T07:55:16.021390+00:00
6489,1832.9869999999999,2026-09-24T07:55:16.022096+00:00
6490,1833.193,2026-09-24T07:55:16.022786+00:00
6491,1833.383,2026-09-24T07:55:16.023316+00:00
6492,1833.564,2026-09-24T07:55:16.023823+00:00
6493,1833.727,2026-09-24T07:55:16.024338+00:00
6494,1833.863,2026-09-24T07:55:16.024887+00:00
6495,1834.058,2026-09-24T07:55:16.025396+00:00
6496,1834.384,2026-09-24T07:55:16.026072+00:00
6497,1834.605,2026-09-24T07:55:16.026609+00:00
6498,1834.74,2026-09-24T07:55:16.027107+00:00
6499,1835.055,2026-09-24T07:55:16.027752+00:00
6500,1835.28,2026-09-24T07:55:16.028283+00:00
6501,1835.523,2026-09-24T07:55:16.028828+00:00
6502,1835.7179999999998,2026-09-24T07:55:16.029339+00:00
6503,1835.881,2026-09-24T07:55:16.029870+00:00
6504,1835.98,2026-09-24T07:55:16.030349+00:00
6505,1836.106,2026-09-24T07:55:16.030830+00:00
6506,1836.382,2026-09-24T07:55:16.031452+00:00
6507,1836.568,2026-09-24T07:55:16.031947+00:00
6508,1836.7340000000002,2026-09-24T07:55:16.032449+00:00
6509,1836.898,2026-09-24T07:55:16.032932+00:00
6510,1837.0230000000001,2026-09-24T07:55:16.033392+00:00
6511,1837.2900000000002,2026-09-24T07:55:16.034061+00:00
6512,1837.532,2026-09-24T07:55:16.034635+00:00
6513,1837.696,2026-09-24T07:55:16.035155+00:00
6514,1837.859,2026-09-24T07:55:16.035646+00:00
6515,1838.0240000000001,2026-09-24T07:55:16.036111+00:00
6516,1838.249,2026-09-24T07:55:16.036649+00:00
6517,1838.412,2026-09-24T07:55:16.037151+00:00
6518,1838.635,2026-09-24T07:55:16.037685+00:00
6519,1838.838,2026-09-24T07:55:16.038197+00:00
6520,1839.25,2026-09-24T07:55:16.039107+00:00
6521,1840.317,2026-09-24T07:55:16.040540+00:00
6522,1840.771,2026-09-24T07:55:16.041365+00:00
6523,1841.814,2026-09-24T07:55:16.042818+00:00
6524,1842.837,2026-09-24T07:55:16.044232+00:00
6525,1843.347,2026-09-24T07:55:16.045379+00:00
6526,1843.135,2026-09-24T07:55:16.046202+00:00
6527,1842.948,2026-09-24T07:55:16.046802+00:00
6528,1842.398,2026-09-24T07:55:16.047316+00:00
6529,1842.041,2026-09-24T07:55:16.048125+00:00
6530,1841.9779999999998,2026-09-24T07:55:16.048736+00:00
6531,1841.949,2026-09-24T07:55:16.049291+00:00
6532,1841.937,2026-09-24T07:55:16.049945+00:00
6533,1842.193,2026-09-24T07:55:16.050702+00:00
6534,1842.559,2026-09-24T07:55:16.051501+00:00
6535,1842.737,2026-09-24T07:55:16.052098+00:00
6536,1842.862,2026-09-24T07:55:16.052668+00:00
6537,1842.969,2026-09-24T07:55:16.053191+00:00
6538,1843.22,2026-09-24T07:55:16.053854+00:00
6539,1843.366,2026-09-24T07:55:16.054470+00:00
6540,1843.382,2026-09-24T07:55:16.054982+00:00
6541,1843.146,2026-09-24T07:55:16.055501+00:00
6542,1843.125,2026-09-24T07:55:16.056032+00:00
6543,1843.1109999999999,2026-09-24T07:55:16.056541+00:00
6544,1843.1599999999999,2026-09-24T07:55:16.057033+00:00
6545,1843.2759999999998,2026-09-24T07:55:16.057540+00:00
6546,1843.465,2026-09-24T07:55:16.058099+00:00
6547,1843.5600000000002,2026-09-24T07:55:16.058652+00:00
6548,1843.459,2026-09-24T07:55:16.059133+00:00
6549,1843.193,2026-09-24T07:55:16.059645+00:00
6550,1843.086,2026-09-24T07:55:16.060130+00:00
6551,1842.946,2026-09-24T07:55:16.060611+00:00
6552,1842.965,2026-09-24T07:55:16.061103+00:00
6553,1842.932,2026-09-24T07:55:16.061583+00:00
6554,1842.8880000000001,2026-09-24T07:55:16.062098+00:00
6555,1842.876,2026-09-24T07:55:16.062576+00:00
6556,1842.933,2026-09-24T07:55:16.063093+00:00
6557,1842.972,2026-09-24T07:55:16.063616+00:00
6558,1843.019,2026-09-24T07:55:16.064131+00:00
6559,1843.068,2026-09-24T07:55:16.064653+00:00
6560,1843.21,2026-09-24T07:55:16.065205+00:00
6561,1843.42,2026-09-24T07:55:16.065866+00:00
6562,1843.386,2026-09-24T07:55:16.066427+00:00
6563,1843.224,2026-09-24T07:55:16.066979+00:00
6564,1843.0120000000002,2026-09-24T07:55:16.067513+00:00
6565,1842.862,2026-09-24T07:55:16.068069+00:00
6566,1842.704,2026-09-24T07:55:16.068605+00:00
6567,1842.799,2026-09-24T07:55:16.069339+00:00
6568,1843.247,2026-09-24T07:55:16.070241+00:00
6569,1843.375,2026-09-24T07:55:16.070917+00:00
6570,1843.601,2026-09-24T07:55:16.071522+00:00
6571,1844.04,2026-09-24T07:55:16.072338+00:00
6572,1844.276,2026-09-24T07:55:16.073023+00:00
6573,1844.729,2026-09-24T07:55:16.073827+00:00
6574,1845.002,2026-09-24T07:55:16.074479+00:00
6575,1845.272,2026-09-24T07:55:16.075089+00:00
6576,1845.581,2026-09-24T07:55:16.075736+00:00
6577,1845.518,2026-09-24T07:55:16.076228+00:00
6578,1845.189,2026-09-24T07:55:16.076759+00:00
6579,1844.936,2026-09-24T07:55:16.077261+00:00
6580,1844.763,2026-09-24T07:55:16.077788+00:00
6581,1844.382,2026-09-24T07:55:16.078285+00:00
6582,1844.257,2026-09-24T07:55:16.078794+00:00
6583,1844.044,2026-09-24T07:55:16.079277+00:00
6584,1843.892,2026-09-24T07:55:16.079782+00:00
6585,1843.889,2026-09-24T07:55:16.080281+00:00
6586,1843.9399999999998,2026-09-24T07:55:16.080769+00:00
6587,1843.991,2026-09-24T07:55:16.081267+00:00
6588,1843.938,2026-09-24T07:55:16.081780+00:00
6589,1843.95,2026-09-24T07:55:16.082436+00:00
6590,1844.23,2026-09-24T07:55:16.083262+00:00
6591,1844.545,2026-09-24T07:55:16.084075+00:00
6592,1844.878,2026-09-24T07:55:16.084859+00:00
6593,1844.959,2026-09-24T07:55:16.085453+00:00
6594,1845.123,2026-09-24T07:55:16.086024+00:00
6595,1845.397,2026-09-24T07:55:16.086739+00:00
6596,1845.7030000000002,2026-09-24T07:55:16.087479+00:00
6597,1845.815,2026-09-24T07:55:16.088054+00:00
6598,1845.456,2026-09-24T07:55:16.088622+00:00
6599,1845.4759999999999,2026-09-24T07:55:16.089194+00:00
6600,1845.6760000000002,2026-09-24T07:55:16.089826+00:00
6601,1845.818,2026-09-24T07:55:16.090448+00:00
6602,1845.989,2026-09-24T07:55:16.091040+00:00
6603,1846.183,2026-09-24T07:55:16.091636+00:00
6604,1846.185,2026-09-24T07:55:16.092193+00:00
6605,1846.306,2026-09-24T07:55:16.092747+00:00
6606,1846.393,2026-09-24T07:55:16.093274+00:00
6607,1846.29,2026-09-24T07:55:16.093797+00:00
6608,1845.934,2026-09-24T07:55:16.094331+00:00
6609,1845.8300000000002,2026-09-24T07:55:16.094899+00:00
6610,1845.589,2026-09-24T07:55:16.095450+00:00
6611,1845.5159999999998,2026-09-24T07:55:16.095987+00:00
6612,1845.288,2026-09-24T07:55:16.096514+00:00
6613,1845.134,2026-09-24T07:55:16.097070+00:00
6614,1845.174,2026-09-24T07:55:16.097625+00:00
6615,1845.342,2026-09-24T07:55:16.098213+00:00
6616,1845.465,2026-09-24T07:55:16.098748+00:00
6617,1845.5349999999999,2026-09-24T07:55:16.099279+00:00
6618,1845.6619999999998,2026-09-24T07:55:16.099827+00:00
6619,1845.768,2026-09-24T07:55:16.100366+00:00
6620,1845.968,2026-09-24T07:55:16.100927+00:00
6621,1846.172,2026-09-24T07:55:16.101484+00:00
6622,1846.3639999999998,2026-09-24T07:55:16.102057+00:00
6623,1846.495,2026-09-24T07:55:16.102611+00:00
6624,1846.665,2026-09-24T07:55:16.103162+00:00
6625,1846.818,2026-09-24T07:55:16.103691+00:00
6626,1846.951,2026-09-24T07:55:16.104201+00:00
6627,1847.0729999999999,2026-09-24T07:55:16.104736+00:00
6628,1847.217,2026-09-24T07:55:16.105262+00:00
6629,1847.233,2026-09-24T07:55:16.105769+00:00
6630,1847.564,2026-09-24T07:55:16.106475+00:00
6631,1847.5710000000001,2026-09-24T07:55:16.107033+00:00
6632,1847.718,2026-09-24T07:55:16.107592+00:00
6633,1847.84,2026-09-24T07:55:16.108105+00:00
6634,1847.9959999999999,2026-09-24T07:55:16.108669+00:00
6635,1848.142,2026-09-24T07:55:16.109216+00:00
6636,1848.2730000000001,2026-09-24T07:55:16.109764+00:00
6637,1848.41,2026-09-24T07:55:16.110311+00:00
6638,1848.609,2026-09-24T07:55:16.110903+00:00
6639,1848.807,2026-09-24T07:55:16.111497+00:00
6640,1848.978,2026-09-24T07:55:16.112082+00:00
6641,1849.1280000000002,2026-09-24T07:55:16.112644+00:00
6642,1849.0500000000002,2026-09-24T07:55:16.113180+00:00
6643,1848.557,2026-09-24T07:55:16.113719+00:00
6644,1848.35,2026-09-24T07:55:16.114216+00:00
6645,1848.257,2026-09-24T07:55:16.114754+00:00
6646,1848.093,2026-09-24T07:55:16.115288+00:00
6647,1848.1190000000001,2026-09-24T07:55:16.115849+00:00
6648,1848.257,2026-09-24T07:55:16.116384+00:00
6649,1848.319,2026-09-24T07:55:16.116935+00:00
6650,1848.11,2026-09-24T07:55:16.117464+00:00
6651,1848.06,2026-09-24T07:55:16.118009+00:00
6652,1847.9950000000001,2026-09-24T07:55:16.118545+00:00
6653,1847.894,2026-09-24T07:55:16.119086+00:00
6654,1848.1309999999999,2026-09-24T07:55:16.119803+00:00
6655,1848.147,2026-09-24T07:55:16.120341+00:00
6656,1848.2359999999999,2026-09-24T07:55:16.120898+00:00
6657,1848.332,2026-09-24T07:55:16.121406+00:00
6658,1848.422,2026-09-24T07:55:16.121991+00:00
6659,1848.55,2026-09-24T07:55:16.122571+00:00
6660,1848.853,2026-09-24T07:55:16.123457+00:00
6661,1848.851,2026-09-24T07:55:16.124126+00:00
6662,1849.113,2026-09-24T07:55:16.124909+00:00
6663,1849.597,2026-09-24T07:55:16.125954+00:00
6664,1849.953,2026-09-24T07:55:16.126780+00:00
6665,1850.041,2026-09-24T07:55:16.127490+00:00
6666,1850.152,2026-09-24T07:55:16.128137+00:00
6667,1850.512,2026-09-24T07:55:16.128984+00:00
6668,1850.6480000000001,2026-09-24T07:55:16.129568+00:00
6669,1850.774,2026-09-24T07:55:16.130133+00:00
6670,1850.8899999999999,2026-09-24T07:55:16.130691+00:00
6671,1850.692,2026-09-24T07:55:16.131245+00:00
6672,1850.684,2026-09-24T07:55:16.131837+00:00
6673,1850.793,2026-09-24T07:55:16.132435+00:00
6674,1850.7469999999998,2026-09-24T07:55:16.132951+00:00
6675,1850.486,2026-09-24T07:55:16.133469+00:00
6676,1850.3339999999998,2026-09-24T07:55:16.133974+00:00
6677,1850.578,2026-09-24T07:55:16.134785+00:00
6678,1850.6370000000002,2026-09-24T07:55:16.135363+00:00
6679,1850.676,2026-09-24T07:55:16.135937+00:00
6680,1850.699,2026-09-24T07:55:16.136514+00:00
6681,1850.838,2026-09-24T07:55:16.137079+00:00
6682,1850.8709999999999,2026-09-24T07:55:16.137636+00:00
6683,1850.905,2026-09-24T07:55:16.138219+00:00
6684,1850.7659999999998,2026-09-24T07:55:16.138775+00:00
6685,1850.597,2026-09-24T07:55:16.139284+00:00
6686,1850.373,2026-09-24T07:55:16.139817+00:00
6687,1850.422,2026-09-24T07:55:16.140328+00:00
6688,1850.3909999999998,2026-09-24T07:55:16.140896+00:00
6689,1850.457,2026-09-24T07:55:16.141470+00:00
6690,1850.63,2026-09-24T07:55:16.142024+00:00
6691,1850.808,2026-09-24T07:55:16.142603+00:00
6692,1851.01,2026-09-24T07:55:16.143172+00:00
6693,1851.212,2026-09-24T07:55:16.143749+00:00
6694,1851.337,2026-09-24T07:55:16.144291+00:00
6695,1851.549,2026-09-24T07:55:16.144866+00:00
6696,1851.757,2026-09-24T07:55:16.145423+00:00
6697,1852.017,2026-09-24T07:55:16.146013+00:00
6698,1852.1499999999999,2026-09-24T07:55:16.146541+00:00
6699,1852.2369999999999,2026-09-24T07:55:16.147092+00:00
6700,1852.338,2026-09-24T07:55:16.147661+00:00
6701,1852.5210000000002,2026-09-24T07:55:16.148312+00:00
6702,1852.71,2026-09-24T07:55:16.148919+00:00
6703,1853.062,2026-09-24T07:55:16.149718+00:00
6704,1853.188,2026-09-24T07:55:16.150364+00:00
6705,1853.2820000000002,2026-09-24T07:55:16.150951+00:00
6706,1853.21,2026-09-24T07:55:16.151469+00:00
6707,1852.9199999999998,2026-09-24T07:55:16.152014+00:00
6708,1852.808,2026-09-24T07:55:16.152556+00:00
6709,1852.7389999999998,2026-09-24T07:55:16.153102+00:00
6710,1852.6419999999998,2026-09-24T07:55:16.153739+00:00
6711,1852.668,2026-09-24T07:55:16.154352+00:00
6712,1852.6970000000001,2026-09-24T07:55:16.154916+00:00
6713,1852.7549999999999,2026-09-24T07:55:16.155520+00:00
6714,1852.6689999999999,2026-09-24T07:55:16.156043+00:00
6715,1852.727,2026-09-24T07:55:16.156827+00:00
6716,1852.724,2026-09-24T07:55:16.157323+00:00
6717,1852.587,2026-09-24T07:55:16.157914+00:00
6718,1852.417,2026-09-24T07:55:16.158455+00:00
6719,1852.418,2026-09-24T07:55:16.158995+00:00
6720,1852.4099999999999,2026-09-24T07:55:16.159513+00:00
6721,1852.479,2026-09-24T07:55:16.160048+00:00
6722,1852.5700000000002,2026-09-24T07:55:16.160588+00:00
6723,1852.654,2026-09-24T07:55:16.161114+00:00
6724,1852.778,2026-09-24T07:55:16.161664+00:00
6725,1853.145,2026-09-24T07:55:16.162423+00:00
6726,1853.239,2026-09-24T07:55:16.162985+00:00
6727,1853.221,2026-09-24T07:55:16.163485+00:00
6728,1853.279,2026-09-24T07:55:16.163984+00:00
6729,1853.4180000000001,2026-09-24T07:55:16.164507+00:00
6730,1853.478,2026-09-24T07:55:16.165013+00:00
6731,1853.574,2026-09-24T07:55:16.165522+00:00
6732,1853.7030000000002,2026-09-24T07:55:16.166032+00:00
6733,1853.779,2026-09-24T07:55:16.166528+00:00
6734,1853.889,2026-09-24T07:55:16.167038+00:00
6735,1853.882,2026-09-24T07:55:16.167567+00:00
6736,1853.989,2026-09-24T07:55:16.168074+00:00
6737,1854.098,2026-09-24T07:55:16.168599+00:00
6738,1854.196,2026-09-24T07:55:16.169096+00:00
6739,1854.3410000000001,2026-09-24T07:55:16.169671+00:00
6740,1854.265,2026-09-24T07:55:16.170235+00:00
6741,1854.2920000000001,2026-09-24T07:55:16.170738+00:00
6742,1854.5430000000001,2026-09-24T07:55:16.171403+00:00
6743,1854.8139999999999,2026-09-24T07:55:16.172199+00:00
6744,1855.02,2026-09-24T07:55:16.172882+00:00
6745,1855.615,2026-09-24T07:55:16.173922+00:00
6746,1856.2810000000002,2026-09-24T07:55:16.175067+00:00
6747,1856.687,2026-09-24T07:55:16.175878+00:00
6748,1856.935,2026-09-24T07:55:16.176574+00:00
6749,1857.105,2026-09-24T07:55:16.177242+00:00
6750,1857.384,2026-09-24T07:55:16.177964+00:00
6751,1857.578,2026-09-24T07:55:16.178593+00:00
6752,1857.773,2026-09-24T07:55:16.179197+00:00
6753,1857.955,2026-09-24T07:55:16.179805+00:00
6754,1858.111,2026-09-24T07:55:16.180382+00:00
6755,1858.271,2026-09-24T07:55:16.181050+00:00
6756,1858.4750000000001,2026-09-24T07:55:16.181679+00:00
6757,1858.67,2026-09-24T07:55:16.182303+00:00
6758,1858.929,2026-09-24T07:55:16.182957+00:00
6759,1859.173,2026-09-24T07:55:16.183621+00:00
6760,1859.4170000000001,2026-09-24T07:55:16.184263+00:00
6761,1859.653,2026-09-24T07:55:16.184886+00:00
6762,1859.934,2026-09-24T07:55:16.185564+00:00
6763,1860.283,2026-09-24T07:55:16.186310+00:00
6764,1860.5320000000002,2026-09-24T07:55:16.186971+00:00
6765,1860.748,2026-09-24T07:55:16.187579+00:00
6766,1860.974,2026-09-24T07:55:16.188188+00:00
6767,1861.453,2026-09-24T07:55:16.189077+00:00
6768,1861.759,2026-09-24T07:55:16.189792+00:00
6769,1862.5149999999999,2026-09-24T07:55:16.190981+00:00
6770,1862.9,2026-09-24T07:55:16.191773+00:00
6771,1863.118,2026-09-24T07:55:16.192390+00:00
6772,1863.197,2026-09-24T07:55:16.192971+00:00
6773,1863.482,2026-09-24T07:55:16.193675+00:00
6774,1863.8809999999999,2026-09-24T07:55:16.194487+00:00
6775,1864.1589999999999,2026-09-24T07:55:16.195184+00:00
6776,1864.351,2026-09-24T07:55:16.195800+00:00
6777,1864.522,2026-09-24T07:55:16.196375+00:00
6778,1864.843,2026-09-24T07:55:16.197113+00:00
6779,1865.258,2026-09-24T07:55:16.197949+00:00
6780,1865.503,2026-09-24T07:55:16.198600+00:00
6781,1865.8319999999999,2026-09-24T07:55:16.199339+00:00
6782,1865.962,2026-09-24T07:55:16.199901+00:00
6783,1865.895,2026-09-24T07:55:16.200386+00:00
6784,1865.926,2026-09-24T07:55:16.200876+00:00
6785,1865.95,2026-09-24T07:55:16.201332+00:00
6786,1865.8429999999998,2026-09-24T07:55:16.201843+00:00
6787,1865.691,2026-09-24T07:55:16.202325+00:00
6788,1865.649,2026-09-24T07:55:16.202832+00:00
6789,1865.672,2026-09-24T07:55:16.203440+00:00
6790,1865.685,2026-09-24T07:55:16.203914+00:00
6791,1865.6,2026-09-24T07:55:16.204384+00:00
6792,1865.5649999999998,2026-09-24T07:55:16.205061+00:00
6793,1865.365,2026-09-24T07:55:16.205571+00:00
6794,1865.3200000000002,2026-09-24T07:55:16.206094+00:00
6795,1865.497,2026-09-24T07:55:16.206773+00:00
6796,1866.155,2026-09-24T07:55:16.207915+00:00
6797,1866.58,2026-09-24T07:55:16.208816+00:00
6798,1866.819,2026-09-24T07:55:16.209525+00:00
6799,1867.5520000000001,2026-09-24T07:55:16.210710+00:00
6800,1868.063,2026-09-24T07:55:16.211650+00:00
6801,1868.315,2026-09-24T07:55:16.212400+00:00
6802,1868.771,2026-09-24T07:55:16.213304+00:00
6803,1869.1390000000001,2026-09-24T07:55:16.214115+00:00
6804,1869.776,2026-09-24T07:55:16.215160+00:00
6805,1869.976,2026-09-24T07:55:16.215996+00:00
6806,1870.116,2026-09-24T07:55:16.216600+00:00
6807,1870.4289999999999,2026-09-24T07:55:16.217302+00:00
6808,1871.009,2026-09-24T07:55:16.218261+00:00
6809,1871.456,2026-09-24T07:55:16.219127+00:00
6810,1871.557,2026-09-24T07:55:16.219731+00:00
6811,1871.619,2026-09-24T07:55:16.220261+00:00
6812,1871.5520000000001,2026-09-24T07:55:16.220771+00:00
6813,1871.582,2026-09-24T07:55:16.221278+00:00
6814,1871.6699999999998,2026-09-24T07:55:16.221805+00:00
6815,1871.662,2026-09-24T07:55:16.222281+00:00
6816,1871.833,2026-09-24T07:55:16.222932+00:00
6817,1872.158,2026-09-24T07:55:16.223726+00:00
6818,1872.401,2026-09-24T07:55:16.224365+00:00
6819,1872.689,2026-09-24T07:55:16.225023+00:00
6820,1872.952,2026-09-24T07:55:16.225688+00:00
6821,1873.214,2026-09-24T07:55:16.226362+00:00
6822,1873.853,2026-09-24T07:55:16.227393+00:00
6823,1874.618,2026-09-24T07:55:16.228532+00:00
6824,1875.0500000000002,2026-09-24T07:55:16.229331+00:00
6825,1875.349,2026-09-24T07:55:16.230151+00:00
6826,1875.48,2026-09-24T07:55:16.230847+00:00
6827,1876.1570000000002,2026-09-24T07:55:16.232182+00:00
6828,1876.5130000000001,2026-09-24T07:55:16.232943+00:00
6829,1876.798,2026-09-24T07:55:16.233614+00:00
6830,1877.138,2026-09-24T07:55:16.234323+00:00
6831,1877.5980000000002,2026-09-24T07:55:16.235152+00:00
6832,1878.012,2026-09-24T07:55:16.235926+00:00
6833,1878.711,2026-09-24T07:55:16.236977+00:00
6834,1879.4180000000001,2026-09-24T07:55:16.238047+00:00
6835,1879.809,2026-09-24T07:55:16.238784+00:00
6836,1881.0169999999998,2026-09-24T07:55:16.240319+00:00
6837,1881.969,2026-09-24T07:55:16.241661+00:00
6838,1882.8890000000001,2026-09-24T07:55:16.242909+00:00
6839,1884.0300000000002,2026-09-24T07:55:16.244369+00:00
6840,1884.872,2026-09-24T07:55:16.245602+00:00
6841,1885.4189999999999,2026-09-24T07:55:16.246473+00:00
6842,1886.5639999999999,2026-09-24T07:55:16.247931+00:00
6843,1887.2150000000001,2026-09-24T07:55:16.248932+00:00
6844,1888.388,2026-09-24T07:55:16.250468+00:00
6845,1888.966,2026-09-24T07:55:16.251362+00:00
6846,1889.1960000000001,2026-09-24T07:55:16.252045+00:00
6847,1889.461,2026-09-24T07:55:16.252682+00:00
6848,1889.621,2026-09-24T07:55:16.253218+00:00
6849,1889.818,2026-09-24T07:55:16.253769+00:00
6850,1890.137,2026-09-24T07:55:16.254458+00:00
6851,1889.934,2026-09-24T07:55:16.255092+00:00
6852,1889.7949999999998,2026-09-24T07:55:16.255680+00:00
6853,1890.015,2026-09-24T07:55:16.256560+00:00
6854,1890.5890000000002,2026-09-24T07:55:16.257690+00:00
6855,1890.7469999999998,2026-09-24T07:55:16.258445+00:00
6856,1890.94,2026-09-24T07:55:16.259132+00:00
6857,1891.157,2026-09-24T07:55:16.259833+00:00
6858,1891.393,2026-09-24T07:55:16.260501+00:00
6859,1891.6589999999999,2026-09-24T07:55:16.261172+00:00
6860,1891.897,2026-09-24T07:55:16.261842+00:00
6861,1892.018,2026-09-24T07:55:16.262488+00:00
6862,1892.5430000000001,2026-09-24T07:55:16.263500+00:00
6863,1893.643,2026-09-24T07:55:16.265129+00:00
6864,1894.0,2026-09-24T07:55:16.266084+00:00
6865,1894.093,2026-09-24T07:55:16.266754+00:00
6866,1894.542,2026-09-24T07:55:16.267688+00:00
6867,1895.1670000000001,2026-09-24T07:55:16.268906+00:00
6868,1895.537,2026-09-24T07:55:16.269923+00:00
6869,1896.335,2026-09-24T07:55:16.271225+00:00
6870,1896.663,2026-09-24T07:55:16.272136+00:00
6871,1897.114,2026-09-24T07:55:16.273112+00:00
6872,1897.942,2026-09-24T07:55:16.274301+00:00
6873,1900.8210000000001,2026-09-24T07:55:16.277585+00:00
6874,1901.672,2026-09-24T07:55:16.278808+00:00
6875,1902.558,2026-09-24T07:55:16.280058+00:00
6876,1903.26,2026-09-24T07:55:16.281099+00:00
6877,1903.7949999999998,2026-09-24T07:55:16.281989+00:00
6878,1904.3429999999998,2026-09-24T07:55:16.282895+00:00
6879,1904.723,2026-09-24T07:55:16.283654+00:00
6880,1905.057,2026-09-24T07:55:16.284322+00:00
6881,1905.3,2026-09-24T07:55:16.285005+00:00
6882,1905.6200000000001,2026-09-24T07:55:16.285692+00:00
6883,1905.783,2026-09-24T07:55:16.286276+00:00
6884,1906.1650000000002,2026-09-24T07:55:16.287017+00:00
6885,1906.549,2026-09-24T07:55:16.287841+00:00
6886,1906.8449999999998,2026-09-24T07:55:16.288493+00:00
6887,1907.012,2026-09-24T07:55:16.289054+00:00
6888,1907.3400000000001,2026-09-24T07:55:16.289724+00:00
6889,1907.607,2026-09-24T07:55:16.290393+00:00
6890,1907.971,2026-09-24T07:55:16.291087+00:00
6891,1908.303,2026-09-24T07:55:16.291754+00:00
6892,1908.615,2026-09-24T07:55:16.292401+00:00
6893,1908.941,2026-09-24T07:55:16.293056+00:00
6894,1909.279,2026-09-24T07:55:16.293727+00:00
6895,1909.624,2026-09-24T07:55:16.294389+00:00
6896,1909.956,2026-09-24T07:55:16.295037+00:00
6897,1910.352,2026-09-24T07:55:16.295732+00:00
6898,1911.5230000000001,2026-09-24T07:55:16.297284+00:00
6899,1912.095,2026-09-24T07:55:16.298294+00:00
6900,1912.574,2026-09-24T07:55:16.299110+00:00
6901,1913.278,2026-09-24T07:55:16.300146+00:00
6902,1913.7040000000002,2026-09-24T07:55:16.300887+00:00
6903,1914.115,2026-09-24T07:55:16.301662+00:00
6904,1914.5,2026-09-24T07:55:16.302377+00:00
6905,1914.722,2026-09-24T07:55:16.302972+00:00
6906,1914.8899999999999,2026-09-24T07:55:16.303493+00:00
6907,1915.575,2026-09-24T07:55:16.304485+00:00
6908,1915.8090000000002,2026-09-24T07:55:16.305029+00:00
6909,1915.987,2026-09-24T07:55:16.305568+00:00
6910,1916.412,2026-09-24T07:55:16.306302+00:00
6911,1917.414,2026-09-24T07:55:16.307615+00:00
6912,1918.19,2026-09-24T07:55:16.308692+00:00
6913,1918.469,2026-09-24T07:55:16.309306+00:00
6914,1918.797,2026-09-24T07:55:16.309943+00:00
6915,1919.385,2026-09-24T07:55:16.310921+00:00
6916,1919.766,2026-09-24T07:55:16.311631+00:00
6917,1920.0349999999999,2026-09-24T07:55:16.312250+00:00
6918,1920.599,2026-09-24T07:55:16.313182+00:00
6919,1920.9160000000002,2026-09-24T07:55:16.313840+00:00
6920,1921.1970000000001,2026-09-24T07:55:16.314444+00:00
6921,1921.424,2026-09-24T07:55:16.315054+00:00
6922,1921.77,2026-09-24T07:55:16.315729+00:00
6923,1922.11,2026-09-24T07:55:16.316380+00:00
6924,1922.334,2026-09-24T07:55:16.316922+00:00
6925,1922.5220000000002,2026-09-24T07:55:16.317429+00:00
6926,1922.7479999999998,2026-09-24T07:55:16.317997+00:00
6927,1922.85,2026-09-24T07:55:16.318540+00:00
6928,1922.957,2026-09-24T07:55:16.319028+00:00
6929,1923.085,2026-09-24T07:55:16.319524+00:00
6930,1923.2160000000001,2026-09-24T07:55:16.319998+00:00
6931,1923.256,2026-09-24T07:55:16.320508+00:00
6932,1923.144,2026-09-24T07:55:16.321160+00:00
6933,1923.621,2026-09-24T07:55:16.322125+00:00
6934,1923.934,2026-09-24T07:55:16.323004+00:00
6935,1924.07,2026-09-24T07:55:16.323627+00:00
6936,1924.099,2026-09-24T07:55:16.324142+00:00
6937,1924.2030000000002,2026-09-24T07:55:16.324724+00:00
6938,1924.267,2026-09-24T07:55:16.325235+00:00
6939,1924.2930000000001,2026-09-24T07:55:16.325751+00:00
6940,1924.1870000000001,2026-09-24T07:55:16.326271+00:00
6941,1923.9109999999998,2026-09-24T07:55:16.326890+00:00
6942,1923.9109999999998,2026-09-24T07:55:16.327435+00:00
6943,1924.1170000000002,2026-09-24T07:55:16.328150+00:00
6944,1924.315,2026-09-24T07:55:16.328991+00:00
6945,1924.2060000000001,2026-09-24T07:55:16.329579+00:00
6946,1924.1580000000001,2026-09-24T07:55:16.330140+00:00
6947,1924.243,2026-09-24T07:55:16.330791+00:00
6948,1924.709,2026-09-24T07:55:16.331728+00:00
6949,1925.037,2026-09-24T07:55:16.332526+00:00
6950,1925.252,2026-09-24T07:55:16.333182+00:00
6951,1925.383,2026-09-24T07:55:16.333723+00:00
6952,1925.521,2026-09-24T07:55:16.334231+00:00
6953,1925.967,2026-09-24T07:55:16.335035+00:00
6954,1926.191,2026-09-24T07:55:16.335665+00:00
6955,1926.251,2026-09-24T07:55:16.336191+00:00
6956,1926.3509999999999,2026-09-24T07:55:16.336738+00:00
6957,1926.479,2026-09-24T07:55:16.337245+00:00
6958,1926.6190000000001,2026-09-24T07:55:16.337767+00:00
6959,1926.783,2026-09-24T07:55:16.338306+00:00
6960,1927.036,2026-09-24T07:55:16.338897+00:00
6961,1927.211,2026-09-24T07:55:16.339431+00:00
6962,1927.3880000000001,2026-09-24T07:55:16.339972+00:00
6963,1927.554,2026-09-24T07:55:16.340484+00:00
6964,1927.718,2026-09-24T07:55:16.340991+00:00
6965,1927.737,2026-09-24T07:55:16.341498+00:00
6966,1927.83,2026-09-24T07:55:16.342003+00:00
6967,1927.983,2026-09-24T07:55:16.342564+00:00
6968,1928.1699999999998,2026-09-24T07:55:16.343109+00:00
6969,1928.315,2026-09-24T07:55:16.343605+00:00
6970,1928.3980000000001,2026-09-24T07:55:16.344079+00:00
6971,1928.776,2026-09-24T07:55:16.344816+00:00
6972,1929.027,2026-09-24T07:55:16.345391+00:00
6973,1929.24,2026-09-24T07:55:16.345948+00:00
6974,1929.705,2026-09-24T07:55:16.346757+00:00
6975,1930.4779999999998,2026-09-24T07:55:16.347929+00:00
6976,1930.964,2026-09-24T07:55:16.348750+00:00
6977,1931.4450000000002,2026-09-24T07:55:16.349589+00:00
6978,1932.5049999999999,2026-09-24T07:55:16.351131+00:00
6979,1933.541,2026-09-24T07:55:16.352555+00:00
6980,1933.903,2026-09-24T07:55:16.353304+00:00
6981,1934.431,2026-09-24T07:55:16.354182+00:00
6982,1935.008,2026-09-24T07:55:16.355111+00:00
6983,1935.305,2026-09-24T07:55:16.355793+00:00
6984,1935.531,2026-09-24T07:55:16.356395+00:00
6985,1935.657,2026-09-24T07:55:16.356999+00:00
6986,1935.621,2026-09-24T07:55:16.357573+00:00
6987,1935.854,2026-09-24T07:55:16.358155+00:00
6988,1936.0919999999999,2026-09-24T07:55:16.358767+00:00
6989,1936.3239999999998,2026-09-24T07:55:16.359345+00:00
6990,1936.592,2026-09-24T07:55:16.359926+00:00
6991,1936.858,2026-09-24T07:55:16.360537+00:00
6992,1937.122,2026-09-24T07:55:16.361144+00:00
6993,1937.21,2026-09-24T07:55:16.361755+00:00
6994,1937.253,2026-09-24T07:55:16.362365+00:00
6995,1937.54,2026-09-24T07:55:16.363073+00:00
6996,1937.886,2026-09-24T07:55:16.363756+00:00
6997,1938.211,2026-09-24T07:55:16.364458+00:00
6998,1938.382,2026-09-24T07:55:16.365075+00:00
6999,1939.387,2026-09-24T07:55:16.366445+00:00
7000,1940.172,2026-09-24T07:55:16.367720+00:00
7001,1940.1580000000001,2026-09-24T07:55:16.368429+00:00
7002,1939.906,2026-09-24T07:55:16.369105+00:00
7003,1940.559,2026-09-24T07:55:16.370215+00:00
7004,1941.466,2026-09-24T07:55:16.371552+00:00
7005,1942.667,2026-09-24T07:55:16.373117+00:00
7006,1943.527,2026-09-24T07:55:16.374408+00:00
7007,1944.4360000000001,2026-09-24T07:55:16.375638+00:00
7008,1945.108,2026-09-24T07:55:16.376687+00:00
7009,1945.76,2026-09-24T07:55:16.377712+00:00
7010,1946.3729999999998,2026-09-24T07:55:16.378675+00:00
7011,1947.666,2026-09-24T07:55:16.380296+00:00
7012,1948.1999999999998,2026-09-24T07:55:16.381128+00:00
7013,1948.477,2026-09-24T07:55:16.381776+00:00
7014,1948.821,2026-09-24T07:55:16.382601+00:00
7015,1949.228,2026-09-24T07:55:16.383371+00:00
7016,1949.508,2026-09-24T07:55:16.383977+00:00
7017,1949.407,2026-09-24T07:55:16.384564+00:00
7018,1949.552,2026-09-24T07:55:16.385452+00:00
7019,1949.817,2026-09-24T07:55:16.386210+00:00
7020,1950.0539999999999,2026-09-24T07:55:16.386934+00:00
7021,1950.2520000000002,2026-09-24T07:55:16.387563+00:00
7022,1950.2759999999998,2026-09-24T07:55:16.388162+00:00
7023,1950.256,2026-09-24T07:55:16.388772+00:00
7024,1950.44,2026-09-24T07:55:16.389348+00:00
7025,1950.9279999999999,2026-09-24T07:55:16.390166+00:00
7026,1951.4080000000001,2026-09-24T07:55:16.391007+00:00
7027,1951.776,2026-09-24T07:55:16.391706+00:00
7028,1952.1329999999998,2026-09-24T07:55:16.392384+00:00
7029,1952.4479999999999,2026-09-24T07:55:16.393013+00:00
7030,1953.01,2026-09-24T07:55:16.393901+00:00
7031,1954.675,2026-09-24T07:55:16.396038+00:00
7032,1955.762,2026-09-24T07:55:16.397545+00:00
7033,1956.698,2026-09-24T07:55:16.398823+00:00
7034,1957.528,2026-09-24T07:55:16.399992+00:00
7035,1957.897,2026-09-24T07:55:16.400677+00:00
7036,1958.2,2026-09-24T07:55:16.401288+00:00
7037,1958.599,2026-09-24T07:55:16.401993+00:00
7038,1958.8719999999998,2026-09-24T07:55:16.402590+00:00
7039,1959.655,2026-09-24T07:55:16.403690+00:00
7040,1960.157,2026-09-24T07:55:16.404502+00:00
7041,1960.4569999999999,2026-09-24T07:55:16.405131+00:00
7042,1960.763,2026-09-24T07:55:16.405746+00:00
7043,1961.0559999999998,2026-09-24T07:55:16.406336+00:00
7044,1961.338,2026-09-24T07:55:16.406942+00:00
7045,1961.614,2026-09-24T07:55:16.407533+00:00
7046,1961.895,2026-09-24T07:55:16.408124+00:00
7047,1962.108,2026-09-24T07:55:16.408724+00:00
7048,1962.2740000000001,2026-09-24T07:55:16.409304+00:00
7049,1962.464,2026-09-24T07:55:16.409903+00:00
7050,1962.7859999999998,2026-09-24T07:55:16.410730+00:00
7051,1963.272,2026-09-24T07:55:16.411679+00:00
7052,1963.4959999999999,2026-09-24T07:55:16.412301+00:00
7053,1963.832,2026-09-24T07:55:16.412954+00:00
7054,1964.4140000000002,2026-09-24T07:55:16.413886+00:00
7055,1965.038,2026-09-24T07:55:16.414858+00:00
7056,1965.622,2026-09-24T07:55:16.415850+00:00
7057,1966.026,2026-09-24T07:55:16.416638+00:00
7058,1966.335,2026-09-24T07:55:16.417332+00:00
7059,1967.1670000000001,2026-09-24T07:55:16.418607+00:00
7060,1967.6899999999998,2026-09-24T07:55:16.419572+00:00
7061,1968.202,2026-09-24T07:55:16.420457+00:00
7062,1968.494,2026-09-24T07:55:16.421144+00:00
7063,1968.7930000000001,2026-09-24T07:55:16.421781+00:00
7064,1969.0140000000001,2026-09-24T07:55:16.422391+00:00
7065,1969.455,2026-09-24T07:55:16.423154+00:00
7066,1969.829,2026-09-24T07:55:16.423833+00:00
7067,1970.176,2026-09-24T07:55:16.424500+00:00
7068,1970.518,2026-09-24T07:55:16.425175+00:00
7069,1970.8680000000002,2026-09-24T07:55:16.425892+00:00
7070,1971.346,2026-09-24T07:55:16.426725+00:00
7071,1971.806,2026-09-24T07:55:16.427534+00:00
7072,1972.251,2026-09-24T07:55:16.428323+00:00
7073,1972.488,2026-09-24T07:55:16.428980+00:00
7074,1972.814,2026-09-24T07:55:16.429716+00:00
7075,1973.115,2026-09-24T07:55:16.430358+00:00
7076,1973.421,2026-09-24T07:55:16.431052+00:00
7077,1973.801,2026-09-24T07:55:16.431750+00:00
7078,1974.335,2026-09-24T07:55:16.432597+00:00
7079,1974.4379999999999,2026-09-24T07:55:16.433219+00:00
7080,1974.806,2026-09-24T07:55:16.434022+00:00
7081,1976.6509999999998,2026-09-24T07:55:16.436329+00:00
7082,1977.164,2026-09-24T07:55:16.437280+00:00
7083,1977.3339999999998,2026-09-24T07:55:16.438030+00:00
7084,1977.564,2026-09-24T07:55:16.438709+00:00
7085,1977.8700000000001,2026-09-24T07:55:16.439346+00:00
7086,1978.15,2026-09-24T07:55:16.439972+00:00
7087,1978.395,2026-09-24T07:55:16.440587+00:00
7088,1978.5790000000002,2026-09-24T07:55:16.441181+00:00
7089,1978.874,2026-09-24T07:55:16.441825+00:00
7090,1979.742,2026-09-24T07:55:16.443017+00:00
7091,1980.518,2026-09-24T07:55:16.444203+00:00
7092,1981.0430000000001,2026-09-24T07:55:16.445308+00:00
7093,1981.45,2026-09-24T07:55:16.446094+00:00
7094,1982.224,2026-09-24T07:55:16.447213+00:00
7095,1982.5539999999999,2026-09-24T07:55:16.448032+00:00
7096,1982.7559999999999,2026-09-24T07:55:16.448987+00:00
7097,1983.175,2026-09-24T07:55:16.450107+00:00
7098,1983.387,2026-09-24T07:55:16.450873+00:00
7099,1983.535,2026-09-24T07:55:16.451512+00:00
7100,1983.489,2026-09-24T07:55:16.452129+00:00
7101,1983.451,2026-09-24T07:55:16.452744+00:00
7102,1983.392,2026-09-24T07:55:16.453368+00:00
7103,1983.471,2026-09-24T07:55:16.453986+00:00
7104,1983.468,2026-09-24T07:55:16.454571+00:00
7105,1983.657,2026-09-24T07:55:16.455181+00:00
7106,1983.9759999999999,2026-09-24T07:55:16.455919+00:00
7107,1984.629,2026-09-24T07:55:16.457018+00:00
7108,1985.124,2026-09-24T07:55:16.457954+00:00
7109,1985.8020000000001,2026-09-24T07:55:16.459060+00:00
7110,1986.349,2026-09-24T07:55:16.460046+00:00
7111,1986.9920000000002,2026-09-24T07:55:16.461122+00:00
7112,1987.3419999999999,2026-09-24T07:55:16.461941+00:00
7113,1987.583,2026-09-24T07:55:16.462679+00:00
7114,1987.962,2026-09-24T07:55:16.463431+00:00
7115,1988.397,2026-09-24T07:55:16.464226+00:00
7116,1988.634,2026-09-24T07:55:16.464798+00:00
7117,1988.5330000000001,2026-09-24T07:55:16.465379+00:00
7118,1988.4859999999999,2026-09-24T07:55:16.465995+00:00
7119,1988.921,2026-09-24T07:55:16.467068+00:00
7120,1989.1160000000002,2026-09-24T07:55:16.467876+00:00
7121,1988.971,2026-09-24T07:55:16.468527+00:00
7122,1988.795,2026-09-24T07:55:16.469161+00:00
7123,1988.894,2026-09-24T07:55:16.469777+00:00
7124,1989.0810000000001,2026-09-24T07:55:16.470471+00:00
7125,1989.231,2026-09-24T07:55:16.471081+00:00
7126,1989.374,2026-09-24T07:55:16.471679+00:00
7127,1989.483,2026-09-24T07:55:16.472257+00:00
7128,1989.418,2026-09-24T07:55:16.472913+00:00
7129,1989.325,2026-09-24T07:55:16.473533+00:00
7130,1989.3670000000002,2026-09-24T07:55:16.474243+00:00
7131,1989.627,2026-09-24T07:55:16.475154+00:00
7132,1989.5819999999999,2026-09-24T07:55:16.475877+00:00
7133,1989.449,2026-09-24T07:55:16.476548+00:00
7134,1989.59,2026-09-24T07:55:16.477212+00:00
7135,1989.784,2026-09-24T07:55:16.477887+00:00
7136,1990.034,2026-09-24T07:55:16.478555+00:00
7137,1990.04,2026-09-24T07:55:16.479194+00:00
7138,1990.205,2026-09-24T07:55:16.479830+00:00
7139,1990.368,2026-09-24T07:55:16.480649+00:00
7140,1990.991,2026-09-24T07:55:16.481767+00:00
7141,1991.546,2026-09-24T07:55:16.482798+00:00
7142,1992.502,2026-09-24T07:55:16.484251+00:00
7143,1993.471,2026-09-24T07:55:16.485731+00:00
7144,1993.996,2026-09-24T07:55:16.486751+00:00
7145,1994.354,2026-09-24T07:55:16.487562+00:00
7146,1994.557,2026-09-24T07:55:16.488284+00:00
7147,1994.741,2026-09-24T07:55:16.488946+00:00
7148,1994.924,2026-09-24T07:55:16.489753+00:00
7149,1995.302,2026-09-24T07:55:16.490835+00:00
7150,1995.2369999999999,2026-09-24T07:55:16.491471+00:00
7151,1995.2669999999998,2026-09-24T07:55:16.492072+00:00
7152,1995.552,2026-09-24T07:55:16.492825+00:00
7153,1995.666,2026-09-24T07:55:16.493500+00:00
7154,1995.63,2026-09-24T07:55:16.494188+00:00
7155,1994.334,2026-09-24T07:55:16.494730+00:00
7156,1993.898,2026-09-24T07:55:16.495236+00:00
7157,1993.79,2026-09-24T07:55:16.495989+00:00
7158,1993.919,2026-09-24T07:55:16.496660+00:00
7159,1994.0,2026-09-24T07:55:16.497254+00:00
7160,1993.992,2026-09-24T07:55:16.497801+00:00
7161,1994.04,2026-09-24T07:55:16.498333+00:00
7162,1993.99,2026-09-24T07:55:16.498903+00:00
7163,1993.898,2026-09-24T07:55:16.499450+00:00
7164,1993.962,2026-09-24T07:55:16.500016+00:00
7165,1994.098,2026-09-24T07:55:16.500549+00:00
7166,1993.2540000000001,2026-09-24T07:55:16.501063+00:00
7167,1993.3529999999998,2026-09-24T07:55:16.501597+00:00
7168,1993.451,2026-09-24T07:55:16.502137+00:00
7169,1993.4350000000002,2026-09-24T07:55:16.502676+00:00
7170,1993.2859999999998,2026-09-24T07:55:16.503185+00:00
7171,1993.3529999999998,2026-09-24T07:55:16.503813+00:00
7172,1993.6799999999998,2026-09-24T07:55:16.504696+00:00
7173,1994.0469999999998,2026-09-24T07:55:16.505623+00:00
7174,1994.545,2026-09-24T07:55:16.506603+00:00
7175,1995.0030000000002,2026-09-24T07:55:16.507587+00:00
7176,1995.227,2026-09-24T07:55:16.508370+00:00
7177,1996.154,2026-09-24T07:55:16.509729+00:00
7178,1997.019,2026-09-24T07:55:16.511062+00:00
7179,1997.8229999999999,2026-09-24T07:55:16.512280+00:00
7180,1998.342,2026-09-24T07:55:16.513187+00:00
7181,1998.783,2026-09-24T07:55:16.514023+00:00
7182,1999.2859999999998,2026-09-24T07:55:16.514996+00:00
7183,1999.811,2026-09-24T07:55:16.516174+00:00
7184,2000.234,2026-09-24T07:55:16.517059+00:00
7185,2000.464,2026-09-24T07:55:16.517708+00:00
7186,2000.6460000000002,2026-09-24T07:55:16.518280+00:00
7187,2000.841,2026-09-24T07:55:16.518859+00:00
7188,2001.029,2026-09-24T07:55:16.519404+00:00
7189,2001.214,2026-09-24T07:55:16.519981+00:00
7190,2001.497,2026-09-24T07:55:16.520622+00:00
7191,2001.706,2026-09-24T07:55:16.521197+00:00
7192,2001.954,2026-09-24T07:55:16.521792+00:00
7193,2002.17,2026-09-24T07:55:16.522342+00:00
7194,2002.7499999999998,2026-09-24T07:55:16.523296+00:00
7195,2003.589,2026-09-24T07:55:16.524495+00:00
7196,2004.064,2026-09-24T07:55:16.525308+00:00
7197,2004.487,2026-09-24T07:55:16.526104+00:00
7198,2004.9730000000002,2026-09-24T07:55:16.526929+00:00
7199,2005.3550000000002,2026-09-24T07:55:16.527655+00:00
7200,2005.619,2026-09-24T07:55:16.528401+00:00
7201,2005.8950000000002,2026-09-24T07:55:16.529180+00:00
7202,2006.2319999999997,2026-09-24T07:55:16.529984+00:00
7203,2006.8310000000001,2026-09-24T07:55:16.531083+00:00
7204,2008.098,2026-09-24T07:55:16.532759+00:00
7205,2008.6,2026-09-24T07:55:16.533601+00:00
7206,2008.824,2026-09-24T07:55:16.534178+00:00
7207,2008.986,2026-09-24T07:55:16.534762+00:00
7208,2009.2669999999998,2026-09-24T07:55:16.535442+00:00
7209,2009.693,2026-09-24T07:55:16.536246+00:00
7210,2010.0859999999998,2026-09-24T07:55:16.537014+00:00
7211,2010.338,2026-09-24T07:55:16.537626+00:00
7212,2010.5659999999998,2026-09-24T07:55:16.538221+00:00
7213,2010.73,2026-09-24T07:55:16.538767+00:00
7214,2011.079,2026-09-24T07:55:16.539483+00:00
7215,2011.2580000000003,2026-09-24T07:55:16.540036+00:00
7216,2011.5159999999998,2026-09-24T07:55:16.540633+00:00
7217,2011.698,2026-09-24T07:55:16.541182+00:00
7218,2011.983,2026-09-24T07:55:16.541893+00:00
7219,2012.1220000000003,2026-09-24T07:55:16.542408+00:00
7220,2012.096,2026-09-24T07:55:16.542991+00:00
7221,2011.9959999999999,2026-09-24T07:55:16.543759+00:00
7222,2011.9669999999999,2026-09-24T07:55:16.544424+00:00
7223,2011.704,2026-09-24T07:55:16.545070+00:00
7224,2011.457,2026-09-24T07:55:16.545660+00:00
7225,2011.4429999999998,2026-09-24T07:55:16.546226+00:00
7226,2011.6520000000003,2026-09-24T07:55:16.546930+00:00
7227,2012.344,2026-09-24T07:55:16.548215+00:00
7228,2012.5220000000002,2026-09-24T07:55:16.549058+00:00
7229,2012.6770000000001,2026-09-24T07:55:16.549818+00:00
7230,2013.0569999999998,2026-09-24T07:55:16.550860+00:00
7231,2013.1100000000001,2026-09-24T07:55:16.551606+00:00
7232,2013.103,2026-09-24T07:55:16.552174+00:00
7233,2013.1290000000001,2026-09-24T07:55:16.552743+00:00
7234,2013.5930000000003,2026-09-24T07:55:16.553552+00:00
7235,2014.412,2026-09-24T07:55:16.554898+00:00
7236,2015.1080000000002,2026-09-24T07:55:16.556042+00:00
7237,2015.484,2026-09-24T07:55:16.556938+00:00
7238,2016.2049999999997,2026-09-24T07:55:16.558061+00:00
7239,2016.4759999999999,2026-09-24T07:55:16.558757+00:00
7240,2016.7009999999998,2026-09-24T07:55:16.559379+00:00
7241,2017.17,2026-09-24T07:55:16.560213+00:00
7242,2017.4460000000001,2026-09-24T07:55:16.560927+00:00
7243,2017.7040000000002,2026-09-24T07:55:16.561630+00:00
7244,2017.9520000000002,2026-09-24T07:55:16.562300+00:00
7245,2018.288,2026-09-24T07:55:16.563112+00:00
7246,2018.55,2026-09-24T07:55:16.563787+00:00
7247,2018.763,2026-09-24T07:55:16.564429+00:00
7248,2019.102,2026-09-24T07:55:16.565169+00:00
7249,2019.5810000000001,2026-09-24T07:55:16.566122+00:00
7250,2020.1699999999998,2026-09-24T07:55:16.567279+00:00
7251,2020.415,2026-09-24T07:55:16.568019+00:00
7252,2020.4759999999999,2026-09-24T07:55:16.568614+00:00
7253,2020.184,2026-09-24T07:55:16.569185+00:00
7254,2019.861,2026-09-24T07:55:16.569728+00:00
7255,2020.0939999999998,2026-09-24T07:55:16.570729+00:00
7256,2020.3920000000003,2026-09-24T07:55:16.571553+00:00
7257,2020.403,2026-09-24T07:55:16.572139+00:00
7258,2020.737,2026-09-24T07:55:16.573009+00:00
7259,2020.9700000000003,2026-09-24T07:55:16.573846+00:00
7260,2021.223,2026-09-24T07:55:16.574572+00:00
7261,2021.373,2026-09-24T07:55:16.575239+00:00
7262,2021.5649999999998,2026-09-24T07:55:16.575924+00:00
7263,2021.664,2026-09-24T07:55:16.576571+00:00
7264,2021.789,2026-09-24T07:55:16.577177+00:00
7265,2021.519,2026-09-24T07:55:16.577755+00:00
7266,2021.9070000000002,2026-09-24T07:55:16.578817+00:00
7267,2022.2259999999999,2026-09-24T07:55:16.579621+00:00
7268,2022.201,2026-09-24T07:55:16.580293+00:00
7269,2022.205,2026-09-24T07:55:16.580928+00:00
7270,2022.335,2026-09-24T07:55:16.581516+00:00
7271,2022.6289999999997,2026-09-24T07:55:16.582205+00:00
7272,2022.887,2026-09-24T07:55:16.582802+00:00
7273,2023.095,2026-09-24T07:55:16.583355+00:00
7274,2023.5210000000002,2026-09-24T07:55:16.584141+00:00
7275,2023.886,2026-09-24T07:55:16.584822+00:00
7276,2024.346,2026-09-24T07:55:16.585564+00:00
7277,2024.4399999999998,2026-09-24T07:55:16.586106+00:00
7278,2024.661,2026-09-24T07:55:16.586892+00:00
7279,2024.9779999999998,2026-09-24T07:55:16.587610+00:00
7280,2025.459,2026-09-24T07:55:16.588775+00:00
7281,2026.4199999999998,2026-09-24T07:55:16.590146+00:00
7282,2027.0529999999999,2026-09-24T07:55:16.591159+00:00
7283,2027.575,2026-09-24T07:55:16.592054+00:00
7284,2028.2559999999999,2026-09-24T07:55:16.593079+00:00
7285,2028.752,2026-09-24T07:55:16.593881+00:00
7286,2029.3960000000002,2026-09-24T07:55:16.594862+00:00
7287,2029.8850000000002,2026-09-24T07:55:16.595686+00:00
7288,2030.157,2026-09-24T07:55:16.596284+00:00
7289,2030.082,2026-09-24T07:55:16.596999+00:00
7290,2030.113,2026-09-24T07:55:16.597679+00:00
7291,2030.519,2026-09-24T07:55:16.598520+00:00
7292,2030.644,2026-09-24T07:55:16.599071+00:00
7293,2030.656,2026-09-24T07:55:16.599630+00:00
7294,2030.4099999999999,2026-09-24T07:55:16.600163+00:00
7295,2030.0500000000002,2026-09-24T07:55:16.600713+00:00
7296,2029.8660000000002,2026-09-24T07:55:16.601232+00:00
7297,2029.935,2026-09-24T07:55:16.601792+00:00
7298,2029.9999999999998,2026-09-24T07:55:16.602471+00:00
7299,2030.199,2026-09-24T07:55:16.603304+00:00
7300,2030.4669999999999,2026-09-24T07:55:16.604049+00:00
7301,2030.6000000000001,2026-09-24T07:55:16.604630+00:00
7302,2030.7040000000002,2026-09-24T07:55:16.605189+00:00
7303,2031.073,2026-09-24T07:55:16.605948+00:00
7304,2031.4329999999998,2026-09-24T07:55:16.606680+00:00
7305,2031.7669999999998,2026-09-24T07:55:16.607400+00:00
7306,2032.2450000000001,2026-09-24T07:55:16.608227+00:00
7307,2032.6270000000002,2026-09-24T07:55:16.609049+00:00
7308,2032.965,2026-09-24T07:55:16.609755+00:00
7309,2033.175,2026-09-24T07:55:16.610357+00:00
7310,2033.755,2026-09-24T07:55:16.611288+00:00
7311,2035.136,2026-09-24T07:55:16.613077+00:00
7312,2035.7669999999998,2026-09-24T07:55:16.614138+00:00
7313,2036.0339999999999,2026-09-24T07:55:16.614963+00:00
7314,2036.731,2026-09-24T07:55:16.616023+00:00
7315,2037.1069999999997,2026-09-24T07:55:16.616768+00:00
7316,2037.563,2026-09-24T07:55:16.617548+00:00
7317,2037.9779999999998,2026-09-24T07:55:16.618263+00:00
7318,2038.3700000000001,2026-09-24T07:55:16.619014+00:00
7319,2038.715,2026-09-24T07:55:16.619694+00:00
7320,2038.997,2026-09-24T07:55:16.620293+00:00
7321,2039.312,2026-09-24T07:55:16.620940+00:00
7322,2039.594,2026-09-24T07:55:16.621530+00:00
7323,2039.864,2026-09-24T07:55:16.622156+00:00
7324,2040.3259999999998,2026-09-24T07:55:16.622940+00:00
7325,2040.685,2026-09-24T07:55:16.623634+00:00
7326,2040.979,2026-09-24T07:55:16.624270+00:00
7327,2041.308,2026-09-24T07:55:16.624914+00:00
7328,2041.678,2026-09-24T07:55:16.625619+00:00
7329,2042.051,2026-09-24T07:55:16.626306+00:00
7330,2042.545,2026-09-24T07:55:16.627158+00:00
7331,2043.1240000000003,2026-09-24T07:55:16.628071+00:00
7332,2043.735,2026-09-24T07:55:16.629007+00:00
7333,2044.4019999999998,2026-09-24T07:55:16.629993+00:00
7334,2044.931,2026-09-24T07:55:16.630864+00:00
7335,2045.824,2026-09-24T07:55:16.632124+00:00
7336,2046.796,2026-09-24T07:55:16.633448+00:00
7337,2047.485,2026-09-24T07:55:16.634461+00:00
7338,2048.183,2026-09-24T07:55:16.635481+00:00
7339,2048.538,2026-09-24T07:55:16.636195+00:00
7340,2048.892,2026-09-24T07:55:16.636853+00:00
7341,2049.2149999999997,2026-09-24T07:55:16.637485+00:00
7342,2049.458,2026-09-24T07:55:16.638069+00:00
7343,2049.902,2026-09-24T07:55:16.638834+00:00
7344,2050.211,2026-09-24T07:55:16.639480+00:00
7345,2050.4739999999997,2026-09-24T07:55:16.640083+00:00
7346,2050.713,2026-09-24T07:55:16.640639+00:00
7347,2050.904,2026-09-24T07:55:16.641158+00:00
7348,2051.1180000000004,2026-09-24T07:55:16.641721+00:00
7349,2051.317,2026-09-24T07:55:16.642268+00:00
7350,2051.5249999999996,2026-09-24T07:55:16.642833+00:00
7351,2051.936,2026-09-24T07:55:16.643578+00:00
7352,2052.3349999999996,2026-09-24T07:55:16.644296+00:00
7353,2052.645,2026-09-24T07:55:16.644934+00:00
7354,2053.006,2026-09-24T07:55:16.645650+00:00
7355,2053.2940000000003,2026-09-24T07:55:16.646242+00:00
7356,2053.524,2026-09-24T07:55:16.646795+00:00
7357,2053.7309999999998,2026-09-24T07:55:16.647358+00:00
7358,2053.921,2026-09-24T07:55:16.647927+00:00
7359,2054.155,2026-09-24T07:55:16.648495+00:00
7360,2054.528,2026-09-24T07:55:16.649233+00:00
7361,2054.747,2026-09-24T07:55:16.649785+00:00
7362,2055.081,2026-09-24T07:55:16.650426+00:00
7363,2055.687,2026-09-24T07:55:16.651457+00:00
7364,2056.079,2026-09-24T07:55:16.652190+00:00
7365,2055.994,2026-09-24T07:55:16.652751+00:00
7366,2056.403,2026-09-24T07:55:16.653517+00:00
7367,2056.5060000000003,2026-09-24T07:55:16.654131+00:00
7368,2056.429,2026-09-24T07:55:16.654695+00:00
7369,2056.172,2026-09-24T07:55:16.655206+00:00
7370,2056.0260000000003,2026-09-24T07:55:16.655720+00:00
7371,2056.011,2026-09-24T07:55:16.656214+00:00
7372,2056.0710000000004,2026-09-24T07:55:16.656808+00:00
7373,2056.4939999999997,2026-09-24T07:55:16.657694+00:00
7374,2056.921,2026-09-24T07:55:16.658667+00:00
7375,2056.768,2026-09-24T07:55:16.659254+00:00
7376,2056.7380000000003,2026-09-24T07:55:16.659830+00:00
7377,2056.901,2026-09-24T07:55:16.660408+00:00
7378,2057.338,2026-09-24T07:55:16.661193+00:00
7379,2057.759,2026-09-24T07:55:16.661979+00:00
7380,2058.046,2026-09-24T07:55:16.662633+00:00
7381,2058.228,2026-09-24T07:55:16.663211+00:00
7382,2058.4190000000003,2026-09-24T07:55:16.663770+00:00
7383,2058.635,2026-09-24T07:55:16.664321+00:00
7384,2058.805,2026-09-24T07:55:16.664874+00:00
7385,2058.924,2026-09-24T07:55:16.665388+00:00
7386,2059.147,2026-09-24T07:55:16.665963+00:00
7387,2059.494,2026-09-24T07:55:16.666635+00:00
7388,2059.979,2026-09-24T07:55:16.667531+00:00
7389,2060.268,2026-09-24T07:55:16.668159+00:00
7390,2060.491,2026-09-24T07:55:16.668731+00:00
7391,2060.6490000000003,2026-09-24T07:55:16.669272+00:00
7392,2060.8759999999997,2026-09-24T07:55:16.669849+00:00
7393,2061.093,2026-09-24T07:55:16.670392+00:00
7394,2061.3109999999997,2026-09-24T07:55:16.670968+00:00
7395,2061.4680000000003,2026-09-24T07:55:16.671543+00:00
7396,2061.613,2026-09-24T07:55:16.672062+00:00
7397,2061.74,2026-09-24T07:55:16.672626+00:00
7398,2062.095,2026-09-24T07:55:16.673322+00:00
7399,2062.542,2026-09-24T07:55:16.674179+00:00
7400,2062.831,2026-09-24T07:55:16.674859+00:00
7401,2063.081,2026-09-24T07:55:16.675466+00:00
7402,2063.337,2026-09-24T07:55:16.676052+00:00
7403,2063.6420000000003,2026-09-24T07:55:16.676958+00:00
7404,2064.096,2026-09-24T07:55:16.677752+00:00
7405,2064.749,2026-09-24T07:55:16.678813+00:00
7406,2065.298,2026-09-24T07:55:16.679739+00:00
7407,2065.887,2026-09-24T07:55:16.680723+00:00
7408,2066.283,2026-09-24T07:55:16.681458+00:00
7409,2067.072,2026-09-24T07:55:16.682620+00:00
7410,2067.505,2026-09-24T07:55:16.683398+00:00
7411,2067.64,2026-09-24T07:55:16.683961+00:00
7412,2067.619,2026-09-24T07:55:16.684505+00:00
7413,2067.731,2026-09-24T07:55:16.685035+00:00
7414,2067.7870000000003,2026-09-24T07:55:16.685536+00:00
7415,2067.698,2026-09-24T07:55:16.686056+00:00
7416,2067.774,2026-09-24T07:55:16.686589+00:00
7417,2067.956,2026-09-24T07:55:16.687197+00:00
7418,2068.1980000000003,2026-09-24T07:55:16.687871+00:00
7419,2068.376,2026-09-24T07:55:16.688459+00:00
7420,2068.759,2026-09-24T07:55:16.689317+00:00
7421,2069.818,2026-09-24T07:55:16.690753+00:00
7422,2070.436,2026-09-24T07:55:16.691706+00:00
7423,2071.334,2026-09-24T07:55:16.692969+00:00
7424,2072.089,2026-09-24T07:55:16.694075+00:00
7425,2072.473,2026-09-24T07:55:16.694788+00:00
7426,2072.8810000000003,2026-09-24T07:55:16.695570+00:00
7427,2073.2580000000003,2026-09-24T07:55:16.696358+00:00
7428,2073.506,2026-09-24T07:55:16.696999+00:00
7429,2073.743,2026-09-24T07:55:16.697609+00:00
7430,2074.38,2026-09-24T07:55:16.698608+00:00
7431,2075.664,2026-09-24T07:55:16.700270+00:00
7432,2076.205,2026-09-24T07:55:16.701184+00:00
7433,2076.512,2026-09-24T07:55:16.701857+00:00
7434,2076.778,2026-09-24T07:55:16.702475+00:00
7435,2077.2599999999998,2026-09-24T07:55:16.703359+00:00
7436,2077.372,2026-09-24T07:55:16.703957+00:00
7437,2077.479,2026-09-24T07:55:16.704524+00:00
7438,2077.506,2026-09-24T07:55:16.705074+00:00
7439,2077.51,2026-09-24T07:55:16.705640+00:00
7440,2077.601,2026-09-24T07:55:16.706214+00:00
7441,2078.322,2026-09-24T07:55:16.707307+00:00
7442,2079.355,2026-09-24T07:55:16.708670+00:00
7443,2080.12,2026-09-24T07:55:16.710146+00:00
7444,2081.01,2026-09-24T07:55:16.711760+00:00
7445,2081.085,2026-09-24T07:55:16.712655+00:00
7446,2081.077,2026-09-24T07:55:16.713276+00:00
7447,2081.1389999999997,2026-09-24T07:55:16.714084+00:00
7448,2081.14,2026-09-24T07:55:16.714702+00:00
7449,2081.257,2026-09-24T07:55:16.715251+00:00
7450,2081.34,2026-09-24T07:55:16.715797+00:00
7451,2081.154,2026-09-24T07:55:16.716311+00:00
7452,2081.058,2026-09-24T07:55:16.716881+00:00
7453,2081.158,2026-09-24T07:55:16.717399+00:00
7454,2081.271,2026-09-24T07:55:16.717943+00:00
7455,2081.4249999999997,2026-09-24T07:55:16.718488+00:00
7456,2081.531,2026-09-24T07:55:16.719033+00:00
7457,2081.62,2026-09-24T07:55:16.719563+00:00
7458,2081.8089999999997,2026-09-24T07:55:16.720115+00:00
7459,2081.9700000000003,2026-09-24T07:55:16.720658+00:00
7460,2082.117,2026-09-24T07:55:16.721194+00:00
7461,2082.275,2026-09-24T07:55:16.721751+00:00
7462,2082.359,2026-09-24T07:55:16.722282+00:00
7463,2082.189,2026-09-24T07:55:16.722863+00:00
7464,2082.4210000000003,2026-09-24T07:55:16.723584+00:00
7465,2082.493,2026-09-24T07:55:16.724142+00:00
7466,2082.62,2026-09-24T07:55:16.724706+00:00
7467,2082.744,2026-09-24T07:55:16.725238+00:00
7468,2082.4829999999997,2026-09-24T07:55:16.725784+00:00
7469,2082.078,2026-09-24T07:55:16.726311+00:00
7470,2081.8340000000003,2026-09-24T07:55:16.726897+00:00
7471,2081.989,2026-09-24T07:55:16.727655+00:00
7472,2082.54,2026-09-24T07:55:16.728666+00:00
7473,2083.367,2026-09-24T07:55:16.730163+00:00
7474,2084.4770000000003,2026-09-24T07:55:16.731760+00:00
7475,2084.748,2026-09-24T07:55:16.732884+00:00
7476,2084.733,2026-09-24T07:55:16.733702+00:00
7477,2084.815,2026-09-24T07:55:16.734391+00:00
7478,2084.931,2026-09-24T07:55:16.735062+00:00
7479,2085.108,2026-09-24T07:55:16.735708+00:00
7480,2085.308,2026-09-24T07:55:16.736381+00:00
7481,2085.543,2026-09-24T07:55:16.737032+00:00
7482,2085.7839999999997,2026-09-24T07:55:16.737674+00:00
7483,2086.1200000000003,2026-09-24T07:55:16.738404+00:00
7484,2086.364,2026-09-24T07:55:16.739056+00:00
7485,2086.6479999999997,2026-09-24T07:55:16.739710+00:00
7486,2086.872,2026-09-24T07:55:16.740306+00:00
7487,2087.157,2026-09-24T07:55:16.740966+00:00
7488,2087.308,2026-09-24T07:55:16.741607+00:00
7489,2087.316,2026-09-24T07:55:16.742207+00:00
7490,2087.7340000000004,2026-09-24T07:55:16.743112+00:00
7491,2087.84,2026-09-24T07:55:16.743842+00:00
7492,2087.858,2026-09-24T07:55:16.744485+00:00
7493,2088.125,2026-09-24T07:55:16.745140+00:00
7494,2088.4320000000002,2026-09-24T07:55:16.745790+00:00
7495,2088.692,2026-09-24T07:55:16.746436+00:00
7496,2088.9,2026-09-24T07:55:16.747068+00:00
7497,2089.218,2026-09-24T07:55:16.747852+00:00
7498,2089.96,2026-09-24T07:55:16.749027+00:00
7499,2090.634,2026-09-24T07:55:16.750114+00:00
7500,2091.0769999999998,2026-09-24T07:55:16.751052+00:00
7501,2091.483,2026-09-24T07:55:16.751833+00:00
7502,2091.797,2026-09-24T07:55:16.752524+00:00
7503,2092.1029999999996,2026-09-24T07:55:16.753143+00:00
7504,2092.421,2026-09-24T07:55:16.754075+00:00
7505,2092.5919999999996,2026-09-24T07:55:16.754831+00:00
7506,2092.855,2026-09-24T07:55:16.755584+00:00
7507,2093.372,2026-09-24T07:55:16.756466+00:00
7508,2093.52,2026-09-24T07:55:16.757069+00:00
7509,2093.587,2026-09-24T07:55:16.757657+00:00
7510,2093.6279999999997,2026-09-24T07:55:16.758205+00:00
7511,2093.4900000000002,2026-09-24T07:55:16.758734+00:00
7512,2093.443,2026-09-24T07:55:16.759257+00:00
7513,2093.565,2026-09-24T07:55:16.759919+00:00
7514,2093.958,2026-09-24T07:55:16.760724+00:00
7515,2094.436,2026-09-24T07:55:16.761573+00:00
7516,2094.71,2026-09-24T07:55:16.762197+00:00
7517,2094.903,2026-09-24T07:55:16.762748+00:00
7518,2095.07,2026-09-24T07:55:16.763241+00:00
7519,2095.328,2026-09-24T07:55:16.763860+00:00
7520,2095.548,2026-09-24T07:55:16.764450+00:00
7521,2095.752,2026-09-24T07:55:16.764995+00:00
7522,2095.994,2026-09-24T07:55:16.765570+00:00
7523,2096.187,2026-09-24T07:55:16.766091+00:00
7524,2096.654,2026-09-24T07:55:16.766868+00:00
7525,2096.915,2026-09-24T07:55:16.767506+00:00
7526,2097.097,2026-09-24T07:55:16.768068+00:00
7527,2097.308,2026-09-24T07:55:16.768611+00:00
7528,2097.488,2026-09-24T07:55:16.769148+00:00
7529,2097.7160000000003,2026-09-24T07:55:16.769710+00:00
7530,2097.996,2026-09-24T07:55:16.770321+00:00
7531,2098.2419999999997,2026-09-24T07:55:16.770946+00:00
7532,2098.51,2026-09-24T07:55:16.771669+00:00
7533,2098.843,2026-09-24T07:55:16.772622+00:00
7534,2098.852,2026-09-24T07:55:16.773283+00:00
7535,2098.898,2026-09-24T07:55:16.773934+00:00
7536,2098.951,2026-09-24T07:55:16.774514+00:00
7537,2099.131,2026-09-24T07:55:16.775095+00:00
7538,2099.583,2026-09-24T07:55:16.775887+00:00
7539,2099.761,2026-09-24T07:55:16.776719+00:00
7540,2099.942,2026-09-24T07:55:16.777317+00:00
7541,2100.2079999999996,2026-09-24T07:55:16.778045+00:00
7542,2100.424,2026-09-24T07:55:16.778820+00:00
7543,2100.586,2026-09-24T07:55:16.779522+00:00
7544,2100.46,2026-09-24T07:55:16.780081+00:00
7545,2100.28,2026-09-24T07:55:16.780621+00:00
7546,2100.065,2026-09-24T07:55:16.781152+00:00
7547,2100.0480000000002,2026-09-24T07:55:16.781898+00:00
7548,2099.842,2026-09-24T07:55:16.782443+00:00
7549,2099.819,2026-09-24T07:55:16.782981+00:00
7550,2099.869,2026-09-24T07:55:16.783512+00:00
7551,2099.7129999999997,2026-09-24T07:55:16.784039+00:00
7552,2099.494,2026-09-24T07:55:16.784570+00:00
7553,2099.223,2026-09-24T07:55:16.785099+00:00
7554,2099.136,2026-09-24T07:55:16.785621+00:00
7555,2099.046,2026-09-24T07:55:16.786146+00:00
7556,2098.9399999999996,2026-09-24T07:55:16.786670+00:00
7557,2099.0009999999997,2026-09-24T07:55:16.787200+00:00
7558,2099.334,2026-09-24T07:55:16.787926+00:00
7559,2099.647,2026-09-24T07:55:16.788627+00:00
7560,2099.831,2026-09-24T07:55:16.789199+00:00
7561,2099.747,2026-09-24T07:55:16.789770+00:00
7562,2099.4519999999998,2026-09-24T07:55:16.790280+00:00
7563,2099.4649999999997,2026-09-24T07:55:16.790842+00:00
7564,2099.368,2026-09-24T07:55:16.791364+00:00
7565,2099.5080000000003,2026-09-24T07:55:16.792029+00:00
7566,2099.6549999999997,2026-09-24T07:55:16.792675+00:00
7567,2099.6929999999998,2026-09-24T07:55:16.793259+00:00
7568,2099.931,2026-09-24T07:55:16.793960+00:00
7569,2100.4719999999998,2026-09-24T07:55:16.794861+00:00
7570,2100.88,2026-09-24T07:55:16.795659+00:00
7571,2101.201,2026-09-24T07:55:16.796347+00:00
7572,2101.384,2026-09-24T07:55:16.796938+00:00
7573,2101.581,2026-09-24T07:55:16.797485+00:00
7574,2102.095,2026-09-24T07:55:16.798369+00:00
7575,2102.776,2026-09-24T07:55:16.799497+00:00
7576,2103.088,2026-09-24T07:55:16.800179+00:00
7577,2103.3019999999997,2026-09-24T07:55:16.800744+00:00
7578,2103.571,2026-09-24T07:55:16.801383+00:00
7579,2103.994,2026-09-24T07:55:16.802183+00:00
7580,2104.183,2026-09-24T07:55:16.802861+00:00
7581,2104.507,2026-09-24T07:55:16.803618+00:00
7582,2104.662,2026-09-24T07:55:16.804182+00:00
7583,2104.696,2026-09-24T07:55:16.804717+00:00
7584,2104.822,2026-09-24T07:55:16.805231+00:00
7585,2104.961,2026-09-24T07:55:16.805739+00:00
7586,2105.25,2026-09-24T07:55:16.806382+00:00
7587,2105.529,2026-09-24T07:55:16.807011+00:00
7588,2105.753,2026-09-24T07:55:16.807604+00:00
7589,2105.955,2026-09-24T07:55:16.808151+00:00
7590,2106.172,2026-09-24T07:55:16.808710+00:00
7591,2106.585,2026-09-24T07:55:16.809471+00:00
7592,2107.485,2026-09-24T07:55:16.810701+00:00
7593,2108.4230000000002,2026-09-24T07:55:16.812010+00:00
7594,2108.858,2026-09-24T07:55:16.812897+00:00
7595,2109.114,2026-09-24T07:55:16.813514+00:00
7596,2109.071,2026-09-24T07:55:16.814080+00:00
7597,2108.8909999999996,2026-09-24T07:55:16.814621+00:00
7598,2108.656,2026-09-24T07:55:16.815149+00:00
7599,2109.141,2026-09-24T07:55:16.816257+00:00
7600,2109.121,2026-09-24T07:55:16.816855+00:00
7601,2109.019,2026-09-24T07:55:16.817421+00:00
7602,2108.964,2026-09-24T07:55:16.817969+00:00
7603,2109.047,2026-09-24T07:55:16.818687+00:00
7604,2108.897,2026-09-24T07:55:16.819230+00:00
7605,2108.816,2026-09-24T07:55:16.819813+00:00
7606,2108.591,2026-09-24T07:55:16.820342+00:00
7607,2108.609,2026-09-24T07:55:16.820859+00:00
7608,2108.5440000000003,2026-09-24T07:55:16.821370+00:00
7609,2108.6659999999997,2026-09-24T07:55:16.821933+00:00
7610,2108.755,2026-09-24T07:55:16.822470+00:00
7611,2109.2580000000003,2026-09-24T07:55:16.823371+00:00
7612,2109.1389999999997,2026-09-24T07:55:16.823948+00:00
7613,2108.996,2026-09-24T07:55:16.824512+00:00
7614,2109.063,2026-09-24T07:55:16.825065+00:00
7615,2109.1929999999998,2026-09-24T07:55:16.825689+00:00
7616,2109.3269999999998,2026-09-24T07:55:16.826245+00:00
7617,2109.538,2026-09-24T07:55:16.826822+00:00
7618,2110.097,2026-09-24T07:55:16.827899+00:00
7619,2110.766,2026-09-24T07:55:16.828963+00:00
7620,2111.1110000000003,2026-09-24T07:55:16.829807+00:00
7621,2111.383,2026-09-24T07:55:16.830438+00:00
7622,2111.657,2026-09-24T07:55:16.831024+00:00
7623,2111.7219999999998,2026-09-24T07:55:16.831579+00:00
7624,2112.154,2026-09-24T07:55:16.832398+00:00
7625,2113.5480000000002,2026-09-24T07:55:16.834152+00:00
7626,2114.9339999999997,2026-09-24T07:55:16.835879+00:00
7627,2115.761,2026-09-24T07:55:16.837027+00:00
7628,2116.132,2026-09-24T07:55:16.837749+00:00
7629,2116.392,2026-09-24T07:55:16.838363+00:00
7630,2116.924,2026-09-24T07:55:16.839268+00:00
7631,2117.8140000000003,2026-09-24T07:55:16.840541+00:00
7632,2118.611,2026-09-24T07:55:16.841719+00:00
7633,2119.3430000000003,2026-09-24T07:55:16.842782+00:00
7634,2119.821,2026-09-24T07:55:16.843617+00:00
7635,2120.492,2026-09-24T07:55:16.844626+00:00
7636,2121.0119999999997,2026-09-24T07:55:16.845503+00:00
7637,2121.613,2026-09-24T07:55:16.846462+00:00
7638,2122.073,2026-09-24T07:55:16.847277+00:00
7639,2122.2940000000003,2026-09-24T07:55:16.848061+00:00
7640,2122.335,2026-09-24T07:55:16.848829+00:00
7641,2122.5480000000002,2026-09-24T07:55:16.849546+00:00
7642,2122.8129999999996,2026-09-24T07:55:16.850242+00:00
7643,2123.051,2026-09-24T07:55:16.850923+00:00
7644,2123.297,2026-09-24T07:55:16.851591+00:00
7645,2123.507,2026-09-24T07:55:16.852354+00:00
7646,2123.67,2026-09-24T07:55:16.853104+00:00
7647,2123.912,2026-09-24T07:55:16.853774+00:00
7648,2124.025,2026-09-24T07:55:16.854276+00:00
7649,2124.286,2026-09-24T07:55:16.854916+00:00
7650,2124.6059999999998,2026-09-24T07:55:16.855668+00:00
7651,2124.851,2026-09-24T07:55:16.856332+00:00
7652,2125.0710000000004,2026-09-24T07:55:16.856901+00:00
7653,2125.1479999999997,2026-09-24T07:55:16.857406+00:00
7654,2125.163,2026-09-24T07:55:16.857948+00:00
7655,2125.72,2026-09-24T07:55:16.858935+00:00
7656,2125.5389999999998,2026-09-24T07:55:16.859630+00:00
7657,2125.124,2026-09-24T07:55:16.860255+00:00
7658,2124.96,2026-09-24T07:55:16.861014+00:00
7659,2125.379,2026-09-24T07:55:16.862142+00:00
7660,2125.7380000000003,2026-09-24T07:55:16.863053+00:00
7661,2126.856,2026-09-24T07:55:16.864679+00:00
7662,2127.2380000000003,2026-09-24T07:55:16.865668+00:00
7663,2127.4449999999997,2026-09-24T07:55:16.866423+00:00
7664,2127.666,2026-09-24T07:55:16.867247+00:00
7665,2127.633,2026-09-24T07:55:16.867859+00:00
7666,2127.777,2026-09-24T07:55:16.868454+00:00
7667,2127.7439999999997,2026-09-24T07:55:16.869034+00:00
7668,2127.779,2026-09-24T07:55:16.869715+00:00
7669,2127.7110000000002,2026-09-24T07:55:16.870311+00:00
7670,2127.8489999999997,2026-09-24T07:55:16.870893+00:00
7671,2127.852,2026-09-24T07:55:16.871478+00:00
7672,2128.038,2026-09-24T07:55:16.872171+00:00
7673,2128.5249999999996,2026-09-24T07:55:16.873034+00:00
7674,2129.146,2026-09-24T07:55:16.874451+00:00
7675,2130.033,2026-09-24T07:55:16.876285+00:00
7676,2130.372,2026-09-24T07:55:16.877643+00:00
7677,2130.3109999999997,2026-09-24T07:55:16.878463+00:00
7678,2126.257,2026-09-24T07:55:16.879151+00:00
7679,2124.007,2026-09-24T07:55:16.879859+00:00
7680,2123.148,2026-09-24T07:55:16.880462+00:00
7681,2122.822,2026-09-24T07:55:16.881016+00:00
7682,2122.42,2026-09-24T07:55:16.881604+00:00
7683,2122.728,2026-09-24T07:55:16.882540+00:00
7684,2122.9809999999998,2026-09-24T07:55:16.883300+00:00
7685,2123.087,2026-09-24T07:55:16.883955+00:00
7686,2123.1879999999996,2026-09-24T07:55:16.884539+00:00
7687,2123.178,2026-09-24T07:55:16.885375+00:00
7688,2123.1040000000003,2026-09-24T07:55:16.886007+00:00
7689,2123.201,2026-09-24T07:55:16.886567+00:00
7690,2123.122,2026-09-24T07:55:16.887103+00:00
7691,2122.685,2026-09-24T07:55:16.887631+00:00
7692,2122.5429999999997,2026-09-24T07:55:16.888519+00:00
7693,2122.6470000000004,2026-09-24T07:55:16.889652+00:00
7694,2123.063,2026-09-24T07:55:16.890810+00:00
7695,2123.075,2026-09-24T07:55:16.891470+00:00
7696,2123.075,2026-09-24T07:55:16.892017+00:00
7697,2123.069,2026-09-24T07:55:16.892554+00:00
7698,2123.1589999999997,2026-09-24T07:55:16.893277+00:00
7699,2123.311,2026-09-24T07:55:16.894140+00:00
7700,2123.96,2026-09-24T07:55:16.895389+00:00
7701,2124.172,2026-09-24T07:55:16.896225+00:00
7702,2123.9750000000004,2026-09-24T07:55:16.896808+00:00
7703,2124.0570000000002,2026-09-24T07:55:16.897372+00:00
7704,2124.098,2026-09-24T07:55:16.897934+00:00
7705,2124.295,2026-09-24T07:55:16.898571+00:00
7706,2124.6139999999996,2026-09-24T07:55:16.899357+00:00
7707,2124.837,2026-09-24T07:55:16.900007+00:00
7708,2124.911,2026-09-24T07:55:16.900539+00:00
7709,2125.023,2026-09-24T07:55:16.901067+00:00
7710,2125.1839999999997,2026-09-24T07:55:16.901647+00:00
7711,2125.315,2026-09-24T07:55:16.902204+00:00
7712,2125.241,2026-09-24T07:55:16.902737+00:00
7713,2124.9539999999997,2026-09-24T07:55:16.903277+00:00
7714,2124.893,2026-09-24T07:55:16.903808+00:00
7715,2124.768,2026-09-24T07:55:16.904312+00:00
7716,2125.002,2026-09-24T07:55:16.905431+00:00
7717,2125.348,2026-09-24T07:55:16.906250+00:00
7718,2125.991,2026-09-24T07:55:16.907550+00:00
7719,2126.3160000000003,2026-09-24T07:55:16.908514+00:00
7720,2126.3559999999998,2026-09-24T07:55:16.909109+00:00
7721,2126.372,2026-09-24T07:55:16.909667+00:00
7722,2126.88,2026-09-24T07:55:16.910679+00:00
7723,2127.198,2026-09-24T07:55:16.911449+00:00
7724,2127.208,2026-09-24T07:55:16.912010+00:00
7725,2127.3909999999996,2026-09-24T07:55:16.912695+00:00
7726,2127.523,2026-09-24T07:55:16.913321+00:00
7727,2127.5119999999997,2026-09-24T07:55:16.913912+00:00
7728,2127.771,2026-09-24T07:55:16.914758+00:00
7729,2127.9089999999997,2026-09-24T07:55:16.915480+00:00
7730,2127.855,2026-09-24T07:55:16.916105+00:00
7731,2127.848,2026-09-24T07:55:16.916769+00:00
7732,2127.438,2026-09-24T07:55:16.917377+00:00
7733,2127.4139999999998,2026-09-24T07:55:16.917985+00:00
7734,2127.521,2026-09-24T07:55:16.918582+00:00
7735,2127.558,2026-09-24T07:55:16.919165+00:00
7736,2127.679,2026-09-24T07:55:16.919761+00:00
7737,2127.6890000000003,2026-09-24T07:55:16.920327+00:00
7738,2127.821,2026-09-24T07:55:16.920930+00:00
7739,2128.038,2026-09-24T07:55:16.921631+00:00
7740,2128.065,2026-09-24T07:55:16.922248+00:00
7741,2128.114,2026-09-24T07:55:16.922838+00:00
7742,2128.125,2026-09-24T07:55:16.923385+00:00
7743,2128.161,2026-09-24T07:55:16.924038+00:00
7744,2127.8700000000003,2026-09-24T07:55:16.924650+00:00
7745,2128.1180000000004,2026-09-24T07:55:16.925469+00:00
7746,2129.1000000000004,2026-09-24T07:55:16.927120+00:00
7747,2129.4990000000003,2026-09-24T07:55:16.928221+00:00
7748,2130.0150000000003,2026-09-24T07:55:16.929303+00:00
7749,2130.823,2026-09-24T07:55:16.930732+00:00
7750,2131.328,2026-09-24T07:55:16.931780+00:00
7751,2131.62,2026-09-24T07:55:16.932690+00:00
7752,2131.837,2026-09-24T07:55:16.933487+00:00
7753,2131.84,2026-09-24T07:55:16.934113+00:00
7754,2131.652,2026-09-24T07:55:16.934719+00:00
7755,2131.6980000000003,2026-09-24T07:55:16.935303+00:00
7756,2131.788,2026-09-24T07:55:16.935895+00:00
7757,2131.8830000000003,2026-09-24T07:55:16.936483+00:00
7758,2131.979,2026-09-24T07:55:16.937061+00:00
7759,2132.219,2026-09-24T07:55:16.937854+00:00
7760,2132.2459999999996,2026-09-24T07:55:16.938435+00:00
7761,2132.473,2026-09-24T07:55:16.939151+00:00
7762,2132.805,2026-09-24T07:55:16.939989+00:00
7763,2132.972,2026-09-24T07:55:16.940603+00:00
7764,2133.145,2026-09-24T07:55:16.941207+00:00
7765,2133.361,2026-09-24T07:55:16.941854+00:00
7766,2133.5510000000004,2026-09-24T07:55:16.942538+00:00
7767,2133.596,2026-09-24T07:55:16.943084+00:00
7768,2133.554,2026-09-24T07:55:16.943621+00:00
7769,2133.6110000000003,2026-09-24T07:55:16.944154+00:00
7770,2133.674,2026-09-24T07:55:16.944718+00:00
7771,2133.878,2026-09-24T07:55:16.945343+00:00
7772,2133.901,2026-09-24T07:55:16.945936+00:00
7773,2133.823,2026-09-24T07:55:16.946512+00:00
7774,2133.912,2026-09-24T07:55:16.947109+00:00
7775,2133.796,2026-09-24T07:55:16.947707+00:00
7776,2133.705,2026-09-24T07:55:16.948292+00:00
7777,2133.796,2026-09-24T07:55:16.948890+00:00
7778,2133.959,2026-09-24T07:55:16.949521+00:00
7779,2134.133,2026-09-24T07:55:16.950145+00:00
7780,2134.2279999999996,2026-09-24T07:55:16.950709+00:00
7781,2134.2509999999997,2026-09-24T07:55:16.951265+00:00
7782,2134.846,2026-09-24T07:55:16.952391+00:00
7783,2135.4950000000003,2026-09-24T07:55:16.953515+00:00
7784,2136.221,2026-09-24T07:55:16.954795+00:00
7785,2137.089,2026-09-24T07:55:16.956157+00:00
7786,2137.605,2026-09-24T07:55:16.957225+00:00
7787,2137.5969999999998,2026-09-24T07:55:16.958053+00:00
7788,2137.93,2026-09-24T07:55:16.958989+00:00
7789,2138.058,2026-09-24T07:55:16.959639+00:00
7790,2138.1290000000004,2026-09-24T07:55:16.960224+00:00
7791,2137.833,2026-09-24T07:55:16.960804+00:00
7792,2137.601,2026-09-24T07:55:16.961357+00:00
7793,2137.621,2026-09-24T07:55:16.961945+00:00
7794,2137.731,2026-09-24T07:55:16.962605+00:00
7795,2137.8089999999997,2026-09-24T07:55:16.963191+00:00
7796,2137.728,2026-09-24T07:55:16.963748+00:00
7797,2137.575,2026-09-24T07:55:16.964291+00:00
7798,2137.6040000000003,2026-09-24T07:55:16.964854+00:00
7799,2137.607,2026-09-24T07:55:16.965390+00:00
7800,2137.6369999999997,2026-09-24T07:55:16.965947+00:00
7801,2137.623,2026-09-24T07:55:16.966487+00:00
7802,2137.697,2026-09-24T07:55:16.967030+00:00
7803,2137.404,2026-09-24T07:55:16.967620+00:00
7804,2137.4390000000003,2026-09-24T07:55:16.968212+00:00
7805,2137.556,2026-09-24T07:55:16.968803+00:00
7806,2137.71,2026-09-24T07:55:16.969429+00:00
7807,2137.784,2026-09-24T07:55:16.969998+00:00
7808,2138.5139999999997,2026-09-24T07:55:16.971235+00:00
7809,2138.82,2026-09-24T07:55:16.972122+00:00
7810,2139.139,2026-09-24T07:55:16.973057+00:00
7811,2139.631,2026-09-24T07:55:16.974038+00:00
7812,2140.188,2026-09-24T07:55:16.975166+00:00
7813,2140.799,2026-09-24T07:55:16.976319+00:00
7814,2141.0429999999997,2026-09-24T07:55:16.977074+00:00
7815,2141.136,2026-09-24T07:55:16.977716+00:00
7816,2141.877,2026-09-24T07:55:16.978948+00:00
7817,2142.066,2026-09-24T07:55:16.979870+00:00
7818,2142.176,2026-09-24T07:55:16.980584+00:00
7819,2141.967,2026-09-24T07:55:16.981248+00:00
7820,2142.067,2026-09-24T07:55:16.981903+00:00
7821,2142.135,2026-09-24T07:55:16.982559+00:00
7822,2142.2279999999996,2026-09-24T07:55:16.983189+00:00
7823,2142.418,2026-09-24T07:55:16.983840+00:00
7824,2142.4379999999996,2026-09-24T07:55:16.984458+00:00
7825,2142.417,2026-09-24T07:55:16.985059+00:00
7826,2142.2340000000004,2026-09-24T07:55:16.985693+00:00
7827,2142.226,2026-09-24T07:55:16.986312+00:00
7828,2142.241,2026-09-24T07:55:16.986958+00:00
7829,2142.381,2026-09-24T07:55:16.987589+00:00
7830,2142.5420000000004,2026-09-24T07:55:16.988278+00:00
7831,2142.765,2026-09-24T07:55:16.988947+00:00
7832,2143.348,2026-09-24T07:55:16.990032+00:00
7833,2144.107,2026-09-24T07:55:16.991355+00:00
7834,2144.825,2026-09-24T07:55:16.992626+00:00
7835,2145.328,2026-09-24T07:55:16.993666+00:00
7836,2145.479,2026-09-24T07:55:16.994312+00:00
7837,2145.652,2026-09-24T07:55:16.994951+00:00
7838,2145.782,2026-09-24T07:55:16.995578+00:00
7839,2146.09,2026-09-24T07:55:16.996377+00:00
7840,2146.292,2026-09-24T07:55:16.997126+00:00
7841,2146.43,2026-09-24T07:55:16.997815+00:00
7842,2146.489,2026-09-24T07:55:16.998398+00:00
7843,2146.601,2026-09-24T07:55:16.998990+00:00
7844,2146.646,2026-09-24T07:55:16.999519+00:00
7845,2146.8219999999997,2026-09-24T07:55:17.000176+00:00
7846,2146.893,2026-09-24T07:55:17.000741+00:00
7847,2146.9770000000003,2026-09-24T07:55:17.001280+00:00
7848,2147.063,2026-09-24T07:55:17.001820+00:00
7849,2147.259,2026-09-24T07:55:17.002511+00:00
7850,2147.311,2026-09-24T07:55:17.003069+00:00
7851,2147.498,2026-09-24T07:55:17.003766+00:00
7852,2147.587,2026-09-24T07:55:17.004335+00:00
7853,2147.614,2026-09-24T07:55:17.004905+00:00
7854,2147.686,2026-09-24T07:55:17.005473+00:00
7855,2147.85,2026-09-24T07:55:17.006274+00:00
7856,2148.247,2026-09-24T07:55:17.007444+00:00
7857,2148.44,2026-09-24T07:55:17.008223+00:00
7858,2148.715,2026-09-24T07:55:17.008982+00:00
7859,2149.069,2026-09-24T07:55:17.009865+00:00
7860,2149.532,2026-09-24T07:55:17.010881+00:00
7861,2150.0499999999997,2026-09-24T07:55:17.011919+00:00
7862,2150.3329999999996,2026-09-24T07:55:17.012690+00:00
7863,2150.5420000000004,2026-09-24T07:55:17.013364+00:00
7864,2150.644,2026-09-24T07:55:17.014015+00:00
7865,2150.674,2026-09-24T07:55:17.014674+00:00
7866,2150.643,2026-09-24T07:55:17.015327+00:00
7867,2150.7960000000003,2026-09-24T07:55:17.016019+00:00
7868,2150.945,2026-09-24T07:55:17.016715+00:00
7869,2150.9680000000003,2026-09-24T07:55:17.017316+00:00
7870,2150.9700000000003,2026-09-24T07:55:17.017966+00:00
7871,2150.902,2026-09-24T07:55:17.018616+00:00
7872,2150.6470000000004,2026-09-24T07:55:17.019254+00:00
7873,2150.419,2026-09-24T07:55:17.019889+00:00
7874,2150.21,2026-09-24T07:55:17.020513+00:00
7875,2150.1899999999996,2026-09-24T07:55:17.021133+00:00
7876,2150.585,2026-09-24T07:55:17.022122+00:00
7877,2150.599,2026-09-24T07:55:17.022970+00:00
7878,2150.5480000000002,2026-09-24T07:55:17.023598+00:00
7879,2150.271,2026-09-24T07:55:17.024155+00:00
7880,2149.714,2026-09-24T07:55:17.024793+00:00
7881,2149.259,2026-09-24T07:55:17.025326+00:00
7882,2148.9060000000004,2026-09-24T07:55:17.025873+00:00
7883,2147.91,2026-09-24T07:55:17.026555+00:00
7884,2147.5789999999997,2026-09-24T07:55:17.027129+00:00
7885,2148.0,2026-09-24T07:55:17.028151+00:00
7886,2148.4,2026-09-24T07:55:17.029274+00:00
7887,2148.407,2026-09-24T07:55:17.030083+00:00
7888,2148.518,2026-09-24T07:55:17.030806+00:00
7889,2148.483,2026-09-24T07:55:17.031486+00:00
7890,2148.6079999999997,2026-09-24T07:55:17.032135+00:00
7891,2148.7110000000002,2026-09-24T07:55:17.032802+00:00
7892,2148.882,2026-09-24T07:55:17.033438+00:00
7893,2149.03,2026-09-24T07:55:17.034063+00:00
7894,2149.248,2026-09-24T07:55:17.034756+00:00
7895,2149.386,2026-09-24T07:55:17.035520+00:00
7896,2149.762,2026-09-24T07:55:17.036395+00:00
7897,2150.376,2026-09-24T07:55:17.037593+00:00
7898,2150.817,2026-09-24T07:55:17.038498+00:00
7899,2151.41,2026-09-24T07:55:17.039514+00:00
7900,2151.65,2026-09-24T07:55:17.040200+00:00
7901,2151.958,2026-09-24T07:55:17.040897+00:00
7902,2152.1710000000003,2026-09-24T07:55:17.041578+00:00
7903,2152.657,2026-09-24T07:55:17.042577+00:00
7904,2152.797,2026-09-24T07:55:17.043302+00:00
7905,2152.99,2026-09-24T07:55:17.043948+00:00
7906,2153.046,2026-09-24T07:55:17.044563+00:00
7907,2153.194,2026-09-24T07:55:17.045171+00:00
7908,2153.3289999999997,2026-09-24T07:55:17.045791+00:00
7909,2153.5099999999998,2026-09-24T07:55:17.046431+00:00
7910,2153.593,2026-09-24T07:55:17.047056+00:00
7911,2153.822,2026-09-24T07:55:17.047675+00:00
7912,2154.022,2026-09-24T07:55:17.048290+00:00
7913,2154.083,2026-09-24T07:55:17.048926+00:00
7914,2154.019,2026-09-24T07:55:17.049594+00:00
7915,2154.134,2026-09-24T07:55:17.050244+00:00
7916,2154.424,2026-09-24T07:55:17.050981+00:00
7917,2154.589,2026-09-24T07:55:17.051551+00:00
7918,2154.987,2026-09-24T07:55:17.052277+00:00
7919,2155.2349999999997,2026-09-24T07:55:17.052907+00:00
7920,2155.255,2026-09-24T07:55:17.053561+00:00
7921,2155.7050000000004,2026-09-24T07:55:17.054804+00:00
7922,2156.0,2026-09-24T07:55:17.055855+00:00
7923,2156.275,2026-09-24T07:55:17.056807+00:00
7924,2156.0769999999998,2026-09-24T07:55:17.057565+00:00
7925,2155.836,2026-09-24T07:55:17.058396+00:00
7926,2155.335,2026-09-24T07:55:17.059059+00:00
7927,2155.2400000000002,2026-09-24T07:55:17.059766+00:00
7928,2155.2889999999998,2026-09-24T07:55:17.060430+00:00
7929,2155.177,2026-09-24T07:55:17.061061+00:00
7930,2155.1079999999997,2026-09-24T07:55:17.061680+00:00
7931,2154.842,2026-09-24T07:55:17.062313+00:00
7932,2154.523,2026-09-24T07:55:17.062926+00:00
7933,2154.386,2026-09-24T07:55:17.063530+00:00
7934,2154.3269999999998,2026-09-24T07:55:17.064140+00:00
7935,2154.4210000000003,2026-09-24T07:55:17.064770+00:00
7936,2154.4370000000004,2026-09-24T07:55:17.065367+00:00
7937,2154.5679999999998,2026-09-24T07:55:17.065972+00:00
7938,2154.688,2026-09-24T07:55:17.066586+00:00
7939,2154.9719999999998,2026-09-24T07:55:17.067300+00:00
7940,2155.086,2026-09-24T07:55:17.067950+00:00
7941,2155.214,2026-09-24T07:55:17.068570+00:00
7942,2155.43,2026-09-24T07:55:17.069433+00:00
7943,2155.195,2026-09-24T07:55:17.070538+00:00
7944,2154.924,2026-09-24T07:55:17.071222+00:00
7945,2154.3920000000003,2026-09-24T07:55:17.071795+00:00
7946,2153.8089999999997,2026-09-24T07:55:17.072317+00:00
7947,2152.8900000000003,2026-09-24T07:55:17.073111+00:00
7948,2152.459,2026-09-24T07:55:17.073835+00:00
7949,2152.268,2026-09-24T07:55:17.074517+00:00
7950,2152.383,2026-09-24T07:55:17.075482+00:00
7951,2152.557,2026-09-24T07:55:17.076512+00:00
7952,2152.454,2026-09-24T07:55:17.077143+00:00
7953,2152.407,2026-09-24T07:55:17.077758+00:00
7954,2151.996,2026-09-24T07:55:17.078326+00:00
7955,2151.9539999999997,2026-09-24T07:55:17.078914+00:00
7956,2151.932,2026-09-24T07:55:17.079482+00:00
7957,2151.929,2026-09-24T07:55:17.080058+00:00
7958,2151.9300000000003,2026-09-24T07:55:17.080647+00:00
7959,2152.0060000000003,2026-09-24T07:55:17.081228+00:00
7960,2152.02,2026-09-24T07:55:17.081812+00:00
7961,2152.1180000000004,2026-09-24T07:55:17.082393+00:00
7962,2151.989,2026-09-24T07:55:17.082970+00:00
7963,2151.462,2026-09-24T07:55:17.083519+00:00
7964,2151.453,2026-09-24T07:55:17.084157+00:00
7965,2151.6479999999997,2026-09-24T07:55:17.085049+00:00
7966,2152.0190000000002,2026-09-24T07:55:17.086019+00:00
7967,2152.4230000000002,2026-09-24T07:55:17.087006+00:00
7968,2152.828,2026-09-24T07:55:17.088145+00:00
7969,2153.022,2026-09-24T07:55:17.089011+00:00
7970,2153.212,2026-09-24T07:55:17.089693+00:00
7971,2153.263,2026-09-24T07:55:17.090368+00:00
7972,2153.435,2026-09-24T07:55:17.091123+00:00
7973,2153.482,2026-09-24T07:55:17.091738+00:00
7974,2153.482,2026-09-24T07:55:17.092260+00:00
7975,2153.593,2026-09-24T07:55:17.092838+00:00
7976,2153.748,2026-09-24T07:55:17.093380+00:00
7977,2153.962,2026-09-24T07:55:17.093924+00:00
7978,2154.1670000000004,2026-09-24T07:55:17.094452+00:00
7979,2154.299,2026-09-24T07:55:17.094979+00:00
7980,2154.489,2026-09-24T07:55:17.095497+00:00
7981,2154.6409999999996,2026-09-24T07:55:17.096035+00:00
7982,2154.74,2026-09-24T07:55:17.096562+00:00
7983,2154.794,2026-09-24T07:55:17.097109+00:00
7984,2154.8729999999996,2026-09-24T07:55:17.097620+00:00
7985,2155.0539999999996,2026-09-24T07:55:17.098171+00:00
7986,2155.2859999999996,2026-09-24T07:55:17.098748+00:00
7987,2155.862,2026-09-24T07:55:17.099651+00:00
7988,2156.123,2026-09-24T07:55:17.100266+00:00
7989,2156.2709999999997,2026-09-24T07:55:17.100885+00:00
7990,2156.519,2026-09-24T07:55:17.101501+00:00
7991,2156.726,2026-09-24T07:55:17.102052+00:00
7992,2156.891,2026-09-24T07:55:17.102580+00:00
7993,2157.0809999999997,2026-09-24T07:55:17.103152+00:00
7994,2157.254,2026-09-24T07:55:17.103800+00:00
7995,2157.438,2026-09-24T07:55:17.104390+00:00
7996,2157.592,2026-09-24T07:55:17.104928+00:00
7997,2157.403,2026-09-24T07:55:17.105400+00:00
7998,2157.21,2026-09-24T07:55:17.105916+00:00
7999,2157.5899999999997,2026-09-24T07:55:17.106891+00:00
8000,2158.2200000000003,2026-09-24T07:55:17.108033+00:00
8001,2159.0280000000002,2026-09-24T07:55:17.109362+00:00
8002,2159.3179999999998,2026-09-24T07:55:17.110160+00:00
8003,2159.549,2026-09-24T07:55:17.110816+00:00
8004,2159.4880000000003,2026-09-24T07:55:17.111403+00:00
8005,2159.3680000000004,2026-09-24T07:55:17.112038+00:00
8006,2156.121,2026-09-24T07:55:17.112657+00:00
8007,2156.027,2026-09-24T07:55:17.113245+00:00
8008,2155.942,2026-09-24T07:55:17.113848+00:00
8009,2155.917,2026-09-24T07:55:17.114427+00:00
8010,2155.944,2026-09-24T07:55:17.114994+00:00
8011,2156.018,2026-09-24T07:55:17.115563+00:00
8012,2156.093,2026-09-24T07:55:17.116111+00:00
8013,2156.458,2026-09-24T07:55:17.116952+00:00
8014,2156.616,2026-09-24T07:55:17.117586+00:00
8015,2156.69,2026-09-24T07:55:17.118156+00:00
8016,2156.7470000000003,2026-09-24T07:55:17.118758+00:00
8017,2156.6079999999997,2026-09-24T07:55:17.119317+00:00
8018,2156.64,2026-09-24T07:55:17.119928+00:00
8019,2156.782,2026-09-24T07:55:17.120511+00:00
8020,2156.942,2026-09-24T07:55:17.121097+00:00
8021,2157.095,2026-09-24T07:55:17.121712+00:00
8022,2157.452,2026-09-24T07:55:17.122447+00:00
8023,2157.908,2026-09-24T07:55:17.123267+00:00
8024,2159.05,2026-09-24T07:55:17.124780+00:00
8025,2159.9680000000003,2026-09-24T07:55:17.126033+00:00
8026,2161.099,2026-09-24T07:55:17.127500+00:00
8027,2161.516,2026-09-24T07:55:17.128438+00:00
8028,2161.69,2026-09-24T07:55:17.129062+00:00
8029,2161.788,2026-09-24T07:55:17.129650+00:00
8030,2162.402,2026-09-24T07:55:17.130657+00:00
8031,2162.813,2026-09-24T07:55:17.131465+00:00
8032,2163.2889999999998,2026-09-24T07:55:17.132310+00:00
8033,2163.7960000000003,2026-09-24T07:55:17.133186+00:00
8034,2164.043,2026-09-24T07:55:17.133804+00:00
8035,2164.062,2026-09-24T07:55:17.134351+00:00
8036,2163.748,2026-09-24T07:55:17.135013+00:00
8037,2163.6989999999996,2026-09-24T07:55:17.135612+00:00
8038,2163.9339999999997,2026-09-24T07:55:17.136377+00:00
8039,2163.898,2026-09-24T07:55:17.137042+00:00
8040,2164.377,2026-09-24T07:55:17.138098+00:00
8041,2165.412,2026-09-24T07:55:17.139531+00:00
8042,2166.946,2026-09-24T07:55:17.141447+00:00
8043,2168.182,2026-09-24T07:55:17.143062+00:00
8044,2169.4230000000002,2026-09-24T07:55:17.144638+00:00
8045,2170.5589999999997,2026-09-24T07:55:17.146152+00:00
8046,2171.552,2026-09-24T07:55:17.147475+00:00
8047,2172.088,2026-09-24T07:55:17.148333+00:00
8048,2172.596,2026-09-24T07:55:17.149271+00:00
8049,2172.891,2026-09-24T07:55:17.149894+00:00
8050,2173.105,2026-09-24T07:55:17.150485+00:00
8051,2173.307,2026-09-24T07:55:17.151062+00:00
8052,2173.5280000000002,2026-09-24T07:55:17.151639+00:00
8053,2173.608,2026-09-24T07:55:17.152224+00:00
8054,2173.623,2026-09-24T07:55:17.152811+00:00
8055,2173.779,2026-09-24T07:55:17.153371+00:00
8056,2173.963,2026-09-24T07:55:17.154013+00:00
8057,2174.186,2026-09-24T07:55:17.154567+00:00
8058,2174.403,2026-09-24T07:55:17.155156+00:00
8059,2174.652,2026-09-24T07:55:17.155743+00:00
8060,2174.88,2026-09-24T07:55:17.156318+00:00
8061,2175.157,2026-09-24T07:55:17.156931+00:00
8062,2175.4289999999996,2026-09-24T07:55:17.157534+00:00
8063,2175.6319999999996,2026-09-24T07:55:17.158128+00:00
8064,2175.876,2026-09-24T07:55:17.158741+00:00
8065,2176.0570000000002,2026-09-24T07:55:17.159301+00:00
8066,2176.288,2026-09-24T07:55:17.159894+00:00
8067,2176.4739999999997,2026-09-24T07:55:17.160482+00:00
8068,2176.986,2026-09-24T07:55:17.161350+00:00
8069,2177.871,2026-09-24T07:55:17.162639+00:00
8070,2179.361,2026-09-24T07:55:17.164551+00:00
8071,2180.02,2026-09-24T07:55:17.165789+00:00
8072,2180.247,2026-09-24T07:55:17.166812+00:00
8073,2180.7180000000003,2026-09-24T07:55:17.167873+00:00
8074,2181.052,2026-09-24T07:55:17.168641+00:00
8075,2181.2839999999997,2026-09-24T07:55:17.169272+00:00
8076,2181.4300000000003,2026-09-24T07:55:17.169889+00:00
8077,2181.679,2026-09-24T07:55:17.170517+00:00
8078,2181.9359999999997,2026-09-24T07:55:17.171229+00:00
8079,2182.179,2026-09-24T07:55:17.171925+00:00
8080,2182.427,2026-09-24T07:55:17.172552+00:00
8081,2182.637,2026-09-24T07:55:17.173130+00:00
8082,2182.856,2026-09-24T07:55:17.173722+00:00
8083,2183.112,2026-09-24T07:55:17.174306+00:00
8084,2183.602,2026-09-24T07:55:17.175131+00:00
8085,2183.882,2026-09-24T07:55:17.175740+00:00
8086,2184.113,2026-09-24T07:55:17.176307+00:00
8087,2184.303,2026-09-24T07:55:17.176910+00:00
8088,2184.323,2026-09-24T07:55:17.177498+00:00
8089,2184.523,2026-09-24T07:55:17.178138+00:00
8090,2184.723,2026-09-24T07:55:17.178748+00:00
8091,2184.9970000000003,2026-09-24T07:55:17.179387+00:00
8092,2185.2360000000003,2026-09-24T07:55:17.179996+00:00
8093,2185.272,2026-09-24T07:55:17.180626+00:00
8094,2185.227,2026-09-24T07:55:17.181180+00:00
8095,2185.894,2026-09-24T07:55:17.182275+00:00
8096,2186.374,2026-09-24T07:55:17.183171+00:00
8097,2186.54,2026-09-24T07:55:17.183758+00:00
8098,2186.3830000000003,2026-09-24T07:55:17.184256+00:00
8099,2186.299,2026-09-24T07:55:17.184832+00:00
8100,2186.291,2026-09-24T07:55:17.185348+00:00
8101,2186.2490000000003,2026-09-24T07:55:17.185871+00:00
8102,2186.2129999999997,2026-09-24T07:55:17.186353+00:00
8103,2186.243,2026-09-24T07:55:17.186858+00:00
8104,2186.3160000000003,2026-09-24T07:55:17.187325+00:00
8105,2186.452,2026-09-24T07:55:17.187830+00:00
8106,2186.5260000000003,2026-09-24T07:55:17.188309+00:00
8107,2186.353,2026-09-24T07:55:17.188807+00:00
8108,2186.1459999999997,2026-09-24T07:55:17.189273+00:00
8109,2186.276,2026-09-24T07:55:17.189979+00:00
8110,2186.216,2026-09-24T07:55:17.190697+00:00
8111,2186.248,2026-09-24T07:55:17.191558+00:00
8112,2186.351,2026-09-24T07:55:17.192277+00:00
8113,2186.487,2026-09-24T07:55:17.192964+00:00
8114,2186.715,2026-09-24T07:55:17.193634+00:00
8115,2187.03,2026-09-24T07:55:17.194386+00:00
8116,2187.283,2026-09-24T07:55:17.195100+00:00
8117,2187.475,2026-09-24T07:55:17.195725+00:00
8118,2187.582,2026-09-24T07:55:17.196287+00:00
8119,2187.643,2026-09-24T07:55:17.196812+00:00
8120,2187.716,2026-09-24T07:55:17.197316+00:00
8121,2187.824,2026-09-24T07:55:17.197841+00:00
8122,2187.7909999999997,2026-09-24T07:55:17.198346+00:00
8123,2187.8630000000003,2026-09-24T07:55:17.198870+00:00
8124,2187.9019999999996,2026-09-24T07:55:17.199379+00:00
8125,2187.932,2026-09-24T07:55:17.199903+00:00
8126,2187.868,2026-09-24T07:55:17.200401+00:00
8127,2187.764,2026-09-24T07:55:17.200909+00:00
8128,2187.7490000000003,2026-09-24T07:55:17.201377+00:00
8129,2187.871,2026-09-24T07:55:17.201889+00:00
8130,2188.0190000000002,2026-09-24T07:55:17.202378+00:00
8131,2188.4429999999998,2026-09-24T07:55:17.203330+00:00
8132,2188.4719999999998,2026-09-24T07:55:17.204020+00:00
8133,2188.603,2026-09-24T07:55:17.204560+00:00
8134,2188.656,2026-09-24T07:55:17.205040+00:00
8135,2188.631,2026-09-24T07:55:17.205507+00:00
8136,2188.353,2026-09-24T07:55:17.205977+00:00
8137,2188.5370000000003,2026-09-24T07:55:17.206747+00:00
8138,2188.8179999999998,2026-09-24T07:55:17.207611+00:00
8139,2188.949,2026-09-24T07:55:17.208185+00:00
8140,2189.0420000000004,2026-09-24T07:55:17.208709+00:00
8141,2189.1859999999997,2026-09-24T07:55:17.209217+00:00
8142,2189.279,2026-09-24T07:55:17.209729+00:00
8143,2189.406,2026-09-24T07:55:17.210230+00:00
8144,2189.419,2026-09-24T07:55:17.210756+00:00
8145,2189.525,2026-09-24T07:55:17.211252+00:00
8146,2189.656,2026-09-24T07:55:17.211748+00:00
8147,2189.489,2026-09-24T07:55:17.212232+00:00
8148,2189.567,2026-09-24T07:55:17.212744+00:00
8149,2189.609,2026-09-24T07:55:17.213227+00:00
8150,2189.536,2026-09-24T07:55:17.213722+00:00
8151,2189.384,2026-09-24T07:55:17.214195+00:00
8152,2189.4900000000002,2026-09-24T07:55:17.214686+00:00
8153,2189.7980000000002,2026-09-24T07:55:17.215464+00:00
8154,2189.668,2026-09-24T07:55:17.216037+00:00
8155,2189.788,2026-09-24T07:55:17.216831+00:00
8156,2189.593,2026-09-24T07:55:17.217363+00:00
8157,2189.4559999999997,2026-09-24T07:55:17.217892+00:00
8158,2189.5950000000003,2026-09-24T07:55:17.218480+00:00
8159,2190.089,2026-09-24T07:55:17.219420+00:00
8160,2190.435,2026-09-24T07:55:17.220266+00:00
8161,2190.546,2026-09-24T07:55:17.220810+00:00
8162,2190.743,2026-09-24T07:55:17.221512+00:00
8163,2190.7239999999997,2026-09-24T07:55:17.222341+00:00
8164,2191.095,2026-09-24T07:55:17.223322+00:00
8165,2191.3160000000003,2026-09-24T07:55:17.224004+00:00
8166,2191.6000000000004,2026-09-24T07:55:17.224716+00:00
8167,2192.16,2026-09-24T07:55:17.225677+00:00
8168,2193.061,2026-09-24T07:55:17.227136+00:00
8169,2193.684,2026-09-24T07:55:17.228546+00:00
8170,2194.314,2026-09-24T07:55:17.229814+00:00
8171,2194.516,2026-09-24T07:55:17.230776+00:00
8172,2194.756,2026-09-24T07:55:17.231564+00:00
8173,2195.371,2026-09-24T07:55:17.232673+00:00
8174,2195.5330000000004,2026-09-24T07:55:17.233388+00:00
8175,2196.101,2026-09-24T07:55:17.234374+00:00
8176,2196.297,2026-09-24T07:55:17.235016+00:00
8177,2196.548,2026-09-24T07:55:17.235671+00:00
8178,2196.73,2026-09-24T07:55:17.236295+00:00
8179,2196.975,2026-09-24T07:55:17.236917+00:00
8180,2197.209,2026-09-24T07:55:17.237528+00:00
8181,2197.655,2026-09-24T07:55:17.238384+00:00
8182,2198.394,2026-09-24T07:55:17.239542+00:00
8183,2198.728,2026-09-24T07:55:17.240281+00:00
8184,2199.063,2026-09-24T07:55:17.240998+00:00
8185,2199.3239999999996,2026-09-24T07:55:17.241643+00:00
8186,2199.379,2026-09-24T07:55:17.242351+00:00
8187,2199.6150000000002,2026-09-24T07:55:17.243452+00:00
8188,2200.355,2026-09-24T07:55:17.244917+00:00
8189,2200.206,2026-09-24T07:55:17.245761+00:00
8190,2200.0679999999998,2026-09-24T07:55:17.246400+00:00
8191,2200.401,2026-09-24T07:55:17.247250+00:00
8192,2200.809,2026-09-24T07:55:17.248101+00:00
8193,2200.9970000000003,2026-09-24T07:55:17.248897+00:00
8194,2200.842,2026-09-24T07:55:17.249574+00:00
8195,2201.422,2026-09-24T07:55:17.250707+00:00
8196,2202.374,2026-09-24T07:55:17.252093+00:00
8197,2202.6,2026-09-24T07:55:17.252991+00:00
8198,2202.525,2026-09-24T07:55:17.253732+00:00
8199,2202.261,2026-09-24T07:55:17.254443+00:00
8200,2202.0170000000003,2026-09-24T07:55:17.255073+00:00
8201,2202.018,2026-09-24T07:55:17.255707+00:00
8202,2202.2780000000002,2026-09-24T07:55:17.256454+00:00
8203,2202.3869999999997,2026-09-24T07:55:17.257062+00:00
8204,2202.4750000000004,2026-09-24T07:55:17.257663+00:00
8205,2202.6859999999997,2026-09-24T07:55:17.258379+00:00
8206,2202.7839999999997,2026-09-24T07:55:17.259010+00:00
8207,2202.919,2026-09-24T07:55:17.259630+00:00
8208,2203.2419999999997,2026-09-24T07:55:17.260380+00:00
8209,2203.596,2026-09-24T07:55:17.261215+00:00
8210,2203.696,2026-09-24T07:55:17.261761+00:00
8211,2203.7140000000004,2026-09-24T07:55:17.262251+00:00
8212,2203.697,2026-09-24T07:55:17.262759+00:00
8213,2203.6150000000002,2026-09-24T07:55:17.263269+00:00
8214,2203.451,2026-09-24T07:55:17.263791+00:00
8215,2203.365,2026-09-24T07:55:17.264295+00:00
8216,2203.32,2026-09-24T07:55:17.264829+00:00
8217,2203.386,2026-09-24T07:55:17.265310+00:00
8218,2203.574,2026-09-24T07:55:17.265943+00:00
8219,2203.8129999999996,2026-09-24T07:55:17.266650+00:00
8220,2204.005,2026-09-24T07:55:17.267295+00:00
8221,2204.191,2026-09-24T07:55:17.267924+00:00
8222,2204.296,2026-09-24T07:55:17.268526+00:00
8223,2204.433,2026-09-24T07:55:17.269140+00:00
8224,2204.614,2026-09-24T07:55:17.269756+00:00
8225,2204.791,2026-09-24T07:55:17.270333+00:00
8226,2204.9759999999997,2026-09-24T07:55:17.270954+00:00
8227,2205.016,2026-09-24T07:55:17.271556+00:00
8228,2205.075,2026-09-24T07:55:17.272387+00:00
8229,2205.505,2026-09-24T07:55:17.273405+00:00
8230,2205.825,2026-09-24T07:55:17.274285+00:00
8231,2205.822,2026-09-24T07:55:17.275012+00:00
8232,2205.972,2026-09-24T07:55:17.275853+00:00
8233,2205.953,2026-09-24T07:55:17.276491+00:00
8234,2205.789,2026-09-24T07:55:17.277236+00:00
8235,2205.5,2026-09-24T07:55:17.277965+00:00
8236,2205.116,2026-09-24T07:55:17.278679+00:00
8237,2205.0809999999997,2026-09-24T07:55:17.279314+00:00
8238,2205.254,2026-09-24T07:55:17.279976+00:00
8239,2205.653,2026-09-24T07:55:17.280842+00:00
8240,2206.3259999999996,2026-09-24T07:55:17.281924+00:00
8241,2206.7019999999998,2026-09-24T07:55:17.282716+00:00
8242,2207.06,2026-09-24T07:55:17.283462+00:00
8243,2207.493,2026-09-24T07:55:17.284291+00:00
8244,2207.8799999999997,2026-09-24T07:55:17.285067+00:00
8245,2208.175,2026-09-24T07:55:17.285717+00:00
8246,2208.824,2026-09-24T07:55:17.286704+00:00
8247,2209.2679999999996,2026-09-24T07:55:17.287497+00:00
8248,2209.721,2026-09-24T07:55:17.288315+00:00
8249,2209.982,2026-09-24T07:55:17.288995+00:00
8250,2210.315,2026-09-24T07:55:17.289686+00:00
8251,2210.7230000000004,2026-09-24T07:55:17.290501+00:00
8252,2210.815,2026-09-24T07:55:17.291128+00:00
8253,2211.0310000000004,2026-09-24T07:55:17.291731+00:00
8254,2211.2630000000004,2026-09-24T07:55:17.292308+00:00
8255,2211.5930000000003,2026-09-24T07:55:17.292974+00:00
8256,2212.189,2026-09-24T07:55:17.294044+00:00
8257,2212.809,2026-09-24T07:55:17.295012+00:00
8258,2213.5609999999997,2026-09-24T07:55:17.296106+00:00
8259,2213.866,2026-09-24T07:55:17.296857+00:00
8260,2213.9509999999996,2026-09-24T07:55:17.297537+00:00
8261,2214.0209999999997,2026-09-24T07:55:17.298155+00:00
8262,2214.286,2026-09-24T07:55:17.298816+00:00
8263,2214.711,2026-09-24T07:55:17.299650+00:00
8264,2214.77,2026-09-24T07:55:17.300330+00:00
8265,2214.616,2026-09-24T07:55:17.300998+00:00
8266,2214.7389999999996,2026-09-24T07:55:17.301725+00:00
8267,2214.7389999999996,2026-09-24T07:55:17.302328+00:00
8268,2214.852,2026-09-24T07:55:17.302948+00:00
8269,2215.0769999999998,2026-09-24T07:55:17.303672+00:00
8270,2215.255,2026-09-24T07:55:17.304298+00:00
8271,2215.3010000000004,2026-09-24T07:55:17.304947+00:00
8272,2215.425,2026-09-24T07:55:17.305562+00:00
8273,2215.705,2026-09-24T07:55:17.306247+00:00
8274,2215.838,2026-09-24T07:55:17.306879+00:00
8275,2216.138,2026-09-24T07:55:17.307523+00:00
8276,2216.4030000000002,2026-09-24T07:55:17.308182+00:00
8277,2216.86,2026-09-24T07:55:17.308983+00:00
8278,2217.3250000000003,2026-09-24T07:55:17.309823+00:00
8279,2217.6130000000003,2026-09-24T07:55:17.310479+00:00
8280,2217.976,2026-09-24T07:55:17.311171+00:00
8281,2218.648,2026-09-24T07:55:17.312191+00:00
8282,2219.143,2026-09-24T07:55:17.313089+00:00
8283,2219.4410000000003,2026-09-24T07:55:17.313756+00:00
8284,2219.437,2026-09-24T07:55:17.314284+00:00
8285,2219.244,2026-09-24T07:55:17.314797+00:00
8286,2219.149,2026-09-24T07:55:17.315299+00:00
8287,2219.121,2026-09-24T07:55:17.315797+00:00
8288,2219.2129999999997,2026-09-24T07:55:17.316365+00:00
8289,2219.2560000000003,2026-09-24T07:55:17.317022+00:00
8290,2219.319,2026-09-24T07:55:17.317560+00:00
8291,2219.188,2026-09-24T07:55:17.318068+00:00
8292,2219.162,2026-09-24T07:55:17.318596+00:00
8293,2219.0629999999996,2026-09-24T07:55:17.319089+00:00
8294,2219.229,2026-09-24T07:55:17.319800+00:00
8295,2219.271,2026-09-24T07:55:17.320349+00:00
8296,2219.162,2026-09-24T07:55:17.320869+00:00
8297,2219.277,2026-09-24T07:55:17.321479+00:00
8298,2220.2470000000003,2026-09-24T07:55:17.322951+00:00
8299,2220.7200000000003,2026-09-24T07:55:17.323953+00:00
8300,2220.8770000000004,2026-09-24T07:55:17.324618+00:00
8301,2220.8610000000003,2026-09-24T07:55:17.325142+00:00
8302,2220.9,2026-09-24T07:55:17.325675+00:00
8303,2220.848,2026-09-24T07:55:17.326171+00:00
8304,2221.04,2026-09-24T07:55:17.326809+00:00
8305,2221.087,2026-09-24T07:55:17.327322+00:00
8306,2221.0420000000004,2026-09-24T07:55:17.327828+00:00
8307,2221.083,2026-09-24T07:55:17.328308+00:00
8308,2220.934,2026-09-24T07:55:17.328802+00:00
8309,2220.9469999999997,2026-09-24T07:55:17.329252+00:00
8310,2221.017,2026-09-24T07:55:17.329736+00:00
8311,2220.981,2026-09-24T07:55:17.330189+00:00
8312,2220.962,2026-09-24T07:55:17.330671+00:00
8313,2221.032,2026-09-24T07:55:17.331140+00:00
8314,2221.083,2026-09-24T07:55:17.331616+00:00
8315,2221.129,2026-09-24T07:55:17.332087+00:00
8316,2221.597,2026-09-24T07:55:17.332981+00:00
8317,2222.025,2026-09-24T07:55:17.333839+00:00
8318,2222.163,2026-09-24T07:55:17.334374+00:00
8319,2222.233,2026-09-24T07:55:17.334889+00:00
8320,2222.2599999999998,2026-09-24T07:55:17.335361+00:00
8321,2222.435,2026-09-24T07:55:17.335925+00:00
8322,2222.7070000000003,2026-09-24T07:55:17.336601+00:00
8323,2223.393,2026-09-24T07:55:17.337687+00:00
8324,2223.654,2026-09-24T07:55:17.338517+00:00
8325,2223.971,2026-09-24T07:55:17.339279+00:00
8326,2224.218,2026-09-24T07:55:17.339996+00:00
8327,2224.4449999999997,2026-09-24T07:55:17.340641+00:00
8328,2224.683,2026-09-24T07:55:17.341376+00:00
8329,2224.882,2026-09-24T07:55:17.342020+00:00
8330,2225.1409999999996,2026-09-24T07:55:17.342710+00:00
8331,2225.44,2026-09-24T07:55:17.343427+00:00
8332,2225.9030000000002,2026-09-24T07:55:17.344292+00:00
8333,2226.496,2026-09-24T07:55:17.345318+00:00
8334,2227.072,2026-09-24T07:55:17.346341+00:00
8335,2227.437,2026-09-24T07:55:17.347221+00:00
8336,2227.582,2026-09-24T07:55:17.347872+00:00
8337,2228.134,2026-09-24T07:55:17.349017+00:00
8338,2228.392,2026-09-24T07:55:17.349761+00:00
8339,2229.374,2026-09-24T07:55:17.351200+00:00
8340,2229.732,2026-09-24T07:55:17.352043+00:00
8341,2229.88,2026-09-24T07:55:17.352740+00:00
8342,2230.029,2026-09-24T07:55:17.353370+00:00
8343,2230.1479999999997,2026-09-24T07:55:17.354021+00:00
8344,2230.321,2026-09-24T07:55:17.354686+00:00
8345,2230.4179999999997,2026-09-24T07:55:17.355286+00:00
8346,2230.603,2026-09-24T07:55:17.355920+00:00
8347,2230.7670000000003,2026-09-24T07:55:17.356569+00:00
8348,2231.017,2026-09-24T07:55:17.357286+00:00
8349,2231.147,2026-09-24T07:55:17.357876+00:00
8350,2231.224,2026-09-24T07:55:17.358432+00:00
8351,2231.309,2026-09-24T07:55:17.358995+00:00
8352,2231.439,2026-09-24T07:55:17.359552+00:00
8353,2231.534,2026-09-24T07:55:17.360101+00:00
8354,2231.639,2026-09-24T07:55:17.360694+00:00
8355,2231.7149999999997,2026-09-24T07:55:17.361271+00:00
8356,2231.785,2026-09-24T07:55:17.361806+00:00
8357,2231.814,2026-09-24T07:55:17.362327+00:00
8358,2231.89,2026-09-24T07:55:17.362875+00:00
8359,2231.9300000000003,2026-09-24T07:55:17.363389+00:00
8360,2231.991,2026-09-24T07:55:17.363916+00:00
8361,2232.034,2026-09-24T07:55:17.364442+00:00
8362,2232.0829999999996,2026-09-24T07:55:17.364947+00:00
8363,2232.1620000000003,2026-09-24T07:55:17.365568+00:00
8364,2232.3520000000003,2026-09-24T07:55:17.366294+00:00
8365,2232.908,2026-09-24T07:55:17.367493+00:00
8366,2233.0420000000004,2026-09-24T07:55:17.368290+00:00
8367,2233.182,2026-09-24T07:55:17.369049+00:00
8368,2233.058,2026-09-24T07:55:17.369726+00:00
8369,2233.381,2026-09-24T07:55:17.370531+00:00
8370,2233.457,2026-09-24T07:55:17.371196+00:00
8371,2233.495,2026-09-24T07:55:17.371817+00:00
8372,2233.144,2026-09-24T07:55:17.372493+00:00
8373,2233.133,2026-09-24T07:55:17.373333+00:00
8374,2233.384,2026-09-24T07:55:17.374291+00:00
8375,2233.524,2026-09-24T07:55:17.374993+00:00
8376,2233.781,2026-09-24T07:55:17.375743+00:00
8377,2234.104,2026-09-24T07:55:17.376681+00:00
8378,2234.108,2026-09-24T07:55:17.377235+00:00
8379,2234.1859999999997,2026-09-24T07:55:17.377784+00:00
8380,2234.2650000000003,2026-09-24T07:55:17.378333+00:00
8381,2234.5389999999998,2026-09-24T07:55:17.379093+00:00
8382,2234.653,2026-09-24T07:55:17.379673+00:00
8383,2234.667,2026-09-24T07:55:17.380200+00:00
8384,2234.6189999999997,2026-09-24T07:55:17.380748+00:00
8385,2234.708,2026-09-24T07:55:17.381289+00:00
8386,2234.893,2026-09-24T07:55:17.381846+00:00
8387,2235.458,2026-09-24T07:55:17.382772+00:00
8388,2235.6859999999997,2026-09-24T07:55:17.383373+00:00
8389,2236.013,2026-09-24T07:55:17.384078+00:00
8390,2236.125,2026-09-24T07:55:17.384647+00:00
8391,2236.509,2026-09-24T07:55:17.385518+00:00
8392,2236.89,2026-09-24T07:55:17.386318+00:00
8393,2237.708,2026-09-24T07:55:17.387495+00:00
8394,2238.024,2026-09-24T07:55:17.388171+00:00
8395,2238.178,2026-09-24T07:55:17.388871+00:00
8396,2238.6110000000003,2026-09-24T07:55:17.389679+00:00
8397,2239.199,2026-09-24T07:55:17.390606+00:00
8398,2239.732,2026-09-24T07:55:17.391518+00:00
8399,2240.237,2026-09-24T07:55:17.392367+00:00
8400,2240.574,2026-09-24T07:55:17.393048+00:00
8401,2240.993,2026-09-24T07:55:17.393834+00:00
8402,2241.282,2026-09-24T07:55:17.394472+00:00
8403,2241.597,2026-09-24T07:55:17.395187+00:00
8404,2242.054,2026-09-24T07:55:17.396022+00:00
8405,2242.308,2026-09-24T07:55:17.396606+00:00
8406,2242.482,2026-09-24T07:55:17.397148+00:00
8407,2242.665,2026-09-24T07:55:17.397693+00:00
8408,2243.17,2026-09-24T07:55:17.398557+00:00
8409,2243.164,2026-09-24T07:55:17.399135+00:00
8410,2243.2780000000002,2026-09-24T07:55:17.399793+00:00
8411,2243.464,2026-09-24T07:55:17.400468+00:00
8412,2243.5879999999997,2026-09-24T07:55:17.400980+00:00
8413,2243.709,2026-09-24T07:55:17.401489+00:00
8414,2243.876,2026-09-24T07:55:17.402012+00:00
8415,2243.993,2026-09-24T07:55:17.402524+00:00
8416,2244.372,2026-09-24T07:55:17.403276+00:00
8417,2244.712,2026-09-24T07:55:17.404001+00:00
8418,2244.8779999999997,2026-09-24T07:55:17.404558+00:00
8419,2245.093,2026-09-24T07:55:17.405140+00:00
8420,2245.2960000000003,2026-09-24T07:55:17.405697+00:00
8421,2245.521,2026-09-24T07:55:17.406301+00:00
8422,2245.946,2026-09-24T07:55:17.407055+00:00
8423,2246.228,2026-09-24T07:55:17.407684+00:00
8424,2246.3700000000003,2026-09-24T07:55:17.408216+00:00
8425,2246.6,2026-09-24T07:55:17.408815+00:00
8426,2246.9610000000002,2026-09-24T07:55:17.409550+00:00
8427,2247.65,2026-09-24T07:55:17.410590+00:00
8428,2248.4120000000003,2026-09-24T07:55:17.411739+00:00
8429,2249.0389999999998,2026-09-24T07:55:17.412713+00:00
8430,2249.8,2026-09-24T07:55:17.413821+00:00
8431,2249.977,2026-09-24T07:55:17.414474+00:00
8432,2250.1530000000002,2026-09-24T07:55:17.415029+00:00
8433,2250.466,2026-09-24T07:55:17.415692+00:00
8434,2250.8650000000002,2026-09-24T07:55:17.416484+00:00
8435,2251.6929999999998,2026-09-24T07:55:17.417679+00:00
8436,2252.341,2026-09-24T07:55:17.418681+00:00
8437,2252.898,2026-09-24T07:55:17.419655+00:00
8438,2253.156,2026-09-24T07:55:17.420273+00:00
8439,2253.411,2026-09-24T07:55:17.420898+00:00
8440,2253.791,2026-09-24T07:55:17.421614+00:00
8441,2254.064,2026-09-24T07:55:17.422253+00:00
8442,2254.4919999999997,2026-09-24T07:55:17.423064+00:00
8443,2255.64,2026-09-24T07:55:17.424557+00:00
8444,2256.761,2026-09-24T07:55:17.426127+00:00
8445,2257.689,2026-09-24T07:55:17.427503+00:00
8446,2258.312,2026-09-24T07:55:17.428519+00:00
8447,2258.556,2026-09-24T07:55:17.429131+00:00
8448,2259.274,2026-09-24T07:55:17.430201+00:00
8449,2259.906,2026-09-24T07:55:17.431181+00:00
8450,2260.172,2026-09-24T07:55:17.431796+00:00
8451,2260.3849999999998,2026-09-24T07:55:17.432354+00:00
8452,2260.7889999999998,2026-09-24T07:55:17.433115+00:00
8453,2261.222,2026-09-24T07:55:17.433950+00:00
8454,2261.341,2026-09-24T07:55:17.434561+00:00
8455,2261.535,2026-09-24T07:55:17.435144+00:00
8456,2261.748,2026-09-24T07:55:17.435735+00:00
8457,2262.4,2026-09-24T07:55:17.436743+00:00
8458,2263.247,2026-09-24T07:55:17.437972+00:00
8459,2263.745,2026-09-24T07:55:17.438825+00:00
8460,2263.854,2026-09-24T07:55:17.439407+00:00
8461,2263.966,2026-09-24T07:55:17.439941+00:00
8462,2264.134,2026-09-24T07:55:17.440441+00:00
8463,2264.346,2026-09-24T07:55:17.441007+00:00
8464,2264.5,2026-09-24T07:55:17.441494+00:00
8465,2264.774,2026-09-24T07:55:17.442094+00:00
8466,2265.0190000000002,2026-09-24T07:55:17.442672+00:00
8467,2265.127,2026-09-24T07:55:17.443189+00:00
8468,2265.132,2026-09-24T07:55:17.443737+00:00
8469,2265.314,2026-09-24T07:55:17.444256+00:00
8470,2265.4550000000004,2026-09-24T07:55:17.444768+00:00
8471,2265.606,2026-09-24T07:55:17.445270+00:00
8472,2265.8399999999997,2026-09-24T07:55:17.445822+00:00
8473,2266.031,2026-09-24T07:55:17.446343+00:00
8474,2266.18,2026-09-24T07:55:17.446874+00:00
8475,2266.3340000000003,2026-09-24T07:55:17.447384+00:00
8476,2266.304,2026-09-24T07:55:17.447930+00:00
8477,2266.156,2026-09-24T07:55:17.448542+00:00
8478,2266.197,2026-09-24T07:55:17.449111+00:00
8479,2266.331,2026-09-24T07:55:17.449671+00:00
8480,2266.651,2026-09-24T07:55:17.450520+00:00
8481,2267.3830000000003,2026-09-24T07:55:17.451690+00:00
8482,2267.566,2026-09-24T07:55:17.452326+00:00
8483,2267.706,2026-09-24T07:55:17.452898+00:00
8484,2267.952,2026-09-24T07:55:17.453551+00:00
8485,2268.576,2026-09-24T07:55:17.454607+00:00
8486,2268.911,2026-09-24T07:55:17.455317+00:00
8487,2269.152,2026-09-24T07:55:17.455984+00:00
8488,2269.318,2026-09-24T07:55:17.456543+00:00
8489,2269.406,2026-09-24T07:55:17.457127+00:00
8490,2269.596,2026-09-24T07:55:17.457746+00:00
8491,2270.638,2026-09-24T07:55:17.459215+00:00
8492,2271.073,2026-09-24T07:55:17.460020+00:00
8493,2271.772,2026-09-24T07:55:17.461104+00:00
8494,2272.487,2026-09-24T07:55:17.462246+00:00
8495,2272.8830000000003,2026-09-24T07:55:17.463063+00:00
8496,2273.28,2026-09-24T07:55:17.463896+00:00
8497,2274.102,2026-09-24T07:55:17.465137+00:00
8498,2274.693,2026-09-24T07:55:17.466150+00:00
8499,2275.614,2026-09-24T07:55:17.467492+00:00
8500,2276.043,2026-09-24T07:55:17.468309+00:00
8501,2276.361,2026-09-24T07:55:17.469075+00:00
8502,2276.629,2026-09-24T07:55:17.469744+00:00
8503,2276.881,2026-09-24T07:55:17.470388+00:00
8504,2277.13,2026-09-24T07:55:17.471042+00:00
8505,2277.556,2026-09-24T07:55:17.471864+00:00
8506,2277.791,2026-09-24T07:55:17.472519+00:00
8507,2278.648,2026-09-24T07:55:17.473778+00:00
8508,2279.389,2026-09-24T07:55:17.474934+00:00
8509,2279.765,2026-09-24T07:55:17.475673+00:00
8510,2279.967,2026-09-24T07:55:17.476347+00:00
8511,2280.2180000000003,2026-09-24T07:55:17.477058+00:00
8512,2280.502,2026-09-24T07:55:17.477736+00:00
8513,2280.427,2026-09-24T07:55:17.478358+00:00
8514,2280.42,2026-09-24T07:55:17.479023+00:00
8515,2280.542,2026-09-24T07:55:17.479687+00:00
8516,2280.808,2026-09-24T07:55:17.480402+00:00
8517,2280.958,2026-09-24T07:55:17.481087+00:00
8518,2281.132,2026-09-24T07:55:17.481749+00:00
8519,2281.444,2026-09-24T07:55:17.482454+00:00
8520,2281.529,2026-09-24T07:55:17.483128+00:00
8521,2282.032,2026-09-24T07:55:17.484116+00:00
8522,2282.651,2026-09-24T07:55:17.485388+00:00
8523,2282.899,2026-09-24T07:55:17.486115+00:00
8524,2283.0620000000004,2026-09-24T07:55:17.486773+00:00
8525,2283.106,2026-09-24T07:55:17.487390+00:00
8526,2282.962,2026-09-24T07:55:17.487975+00:00
8527,2283.127,2026-09-24T07:55:17.488819+00:00
8528,2283.551,2026-09-24T07:55:17.489714+00:00
8529,2283.9429999999998,2026-09-24T07:55:17.490686+00:00
8530,2284.299,2026-09-24T07:55:17.491438+00:00
8531,2284.477,2026-09-24T07:55:17.492038+00:00
8532,2284.665,2026-09-24T07:55:17.492618+00:00
8533,2284.822,2026-09-24T07:55:17.493173+00:00
8534,2284.973,2026-09-24T07:55:17.493751+00:00
8535,2285.142,2026-09-24T07:55:17.494295+00:00
8536,2285.505,2026-09-24T07:55:17.495043+00:00
8537,2285.776,2026-09-24T07:55:17.495694+00:00
8538,2286.039,2026-09-24T07:55:17.496325+00:00
8539,2286.4770000000003,2026-09-24T07:55:17.497156+00:00
8540,2287.2490000000003,2026-09-24T07:55:17.498332+00:00
8541,2287.988,2026-09-24T07:55:17.499466+00:00
8542,2288.4,2026-09-24T07:55:17.500308+00:00
8543,2288.785,2026-09-24T07:55:17.501093+00:00
8544,2289.209,2026-09-24T07:55:17.501902+00:00
8545,2289.6459999999997,2026-09-24T07:55:17.502694+00:00
8546,2290.085,2026-09-24T07:55:17.503521+00:00
8547,2290.516,2026-09-24T07:55:17.504368+00:00
8548,2290.713,2026-09-24T07:55:17.505033+00:00
8549,2290.923,2026-09-24T07:55:17.505664+00:00
8550,2291.634,2026-09-24T07:55:17.506751+00:00
8551,2292.196,2026-09-24T07:55:17.507672+00:00
8552,2292.453,2026-09-24T07:55:17.508300+00:00
8553,2292.6730000000002,2026-09-24T07:55:17.508925+00:00
8554,2292.8799999999997,2026-09-24T07:55:17.509536+00:00
8555,2292.957,2026-09-24T07:55:17.510132+00:00
8556,2292.922,2026-09-24T07:55:17.510825+00:00
8557,2293.1020000000003,2026-09-24T07:55:17.511505+00:00
8558,2293.122,2026-09-24T07:55:17.512178+00:00
8559,2293.471,2026-09-24T07:55:17.512926+00:00
8560,2293.8160000000003,2026-09-24T07:55:17.513648+00:00
8561,2293.865,2026-09-24T07:55:17.514291+00:00
8562,2293.904,2026-09-24T07:55:17.514925+00:00
8563,2294.036,2026-09-24T07:55:17.515541+00:00
8564,2294.5350000000003,2026-09-24T07:55:17.516507+00:00
8565,2294.997,2026-09-24T07:55:17.517438+00:00
8566,2295.099,2026-09-24T07:55:17.518024+00:00
8567,2295.158,2026-09-24T07:55:17.518594+00:00
8568,2295.2180000000003,2026-09-24T07:55:17.519191+00:00
8569,2295.394,2026-09-24T07:55:17.519849+00:00
8570,2295.857,2026-09-24T07:55:17.520706+00:00
8571,2296.381,2026-09-24T07:55:17.521597+00:00
8572,2296.916,2026-09-24T07:55:17.522623+00:00
8573,2297.379,2026-09-24T07:55:17.523786+00:00
8574,2297.5660000000003,2026-09-24T07:55:17.524673+00:00
8575,2297.873,2026-09-24T07:55:17.525494+00:00
8576,2298.053,2026-09-24T07:55:17.526106+00:00
8577,2298.299,2026-09-24T07:55:17.526720+00:00
8578,2298.502,2026-09-24T07:55:17.527294+00:00
8579,2298.712,2026-09-24T07:55:17.527872+00:00
8580,2298.9570000000003,2026-09-24T07:55:17.528457+00:00
8581,2299.275,2026-09-24T07:55:17.529118+00:00
8582,2299.517,2026-09-24T07:55:17.529707+00:00
8583,2299.736,2026-09-24T07:55:17.530263+00:00
8584,2299.944,2026-09-24T07:55:17.530845+00:00
8585,2300.059,2026-09-24T07:55:17.531394+00:00
8586,2300.049,2026-09-24T07:55:17.531984+00:00
8587,2299.832,2026-09-24T07:55:17.532557+00:00
8588,2299.8940000000002,2026-09-24T07:55:17.533152+00:00
8589,2300.451,2026-09-24T07:55:17.534206+00:00
8590,2300.774,2026-09-24T07:55:17.535064+00:00
8591,2301.022,2026-09-24T07:55:17.535748+00:00
8592,2301.1949999999997,2026-09-24T07:55:17.536378+00:00
8593,2301.328,2026-09-24T07:55:17.537022+00:00
8594,2301.528,2026-09-24T07:55:17.537655+00:00
8595,2301.687,2026-09-24T07:55:17.538302+00:00
8596,2302.022,2026-09-24T07:55:17.539226+00:00
8597,2302.982,2026-09-24T07:55:17.540658+00:00
8598,2303.474,2026-09-24T07:55:17.541644+00:00
8599,2304.2250000000004,2026-09-24T07:55:17.542759+00:00
8600,2305.012,2026-09-24T07:55:17.543901+00:00
8601,2305.509,2026-09-24T07:55:17.544719+00:00
8602,2306.0499999999997,2026-09-24T07:55:17.545593+00:00
8603,2306.408,2026-09-24T07:55:17.546283+00:00
8604,2306.824,2026-09-24T07:55:17.547030+00:00
8605,2307.186,2026-09-24T07:55:17.547729+00:00
8606,2307.533,2026-09-24T07:55:17.548387+00:00
8607,2308.02,2026-09-24T07:55:17.549190+00:00
8608,2308.4519999999998,2026-09-24T07:55:17.549945+00:00
8609,2308.835,2026-09-24T07:55:17.550642+00:00
8610,2309.186,2026-09-24T07:55:17.551313+00:00
8611,2309.516,2026-09-24T07:55:17.551972+00:00
8612,2309.842,2026-09-24T07:55:17.552638+00:00
8613,2310.2079999999996,2026-09-24T07:55:17.553301+00:00
8614,2310.579,2026-09-24T07:55:17.553975+00:00
8615,2310.954,2026-09-24T07:55:17.554698+00:00
8616,2311.2650000000003,2026-09-24T07:55:17.555334+00:00
8617,2311.6059999999998,2026-09-24T07:55:17.555972+00:00
8618,2311.931,2026-09-24T07:55:17.556639+00:00
8619,2312.268,2026-09-24T07:55:17.557308+00:00
8620,2312.83,2026-09-24T07:55:17.558177+00:00
8621,2313.6960000000004,2026-09-24T07:55:17.559444+00:00
8622,2314.248,2026-09-24T07:55:17.560302+00:00
8623,2314.803,2026-09-24T07:55:17.561148+00:00
8624,2315.456,2026-09-24T07:55:17.562144+00:00
8625,2316.176,2026-09-24T07:55:17.563471+00:00
8626,2316.623,2026-09-24T07:55:17.564245+00:00
8627,2316.994,2026-09-24T07:55:17.564953+00:00
8628,2317.88,2026-09-24T07:55:17.566154+00:00
8629,2318.34,2026-09-24T07:55:17.567043+00:00
8630,2318.646,2026-09-24T07:55:17.567746+00:00
8631,2318.922,2026-09-24T07:55:17.568378+00:00
8632,2319.1389999999997,2026-09-24T07:55:17.568959+00:00
8633,2319.3830000000003,2026-09-24T07:55:17.569547+00:00
8634,2320.165,2026-09-24T07:55:17.570674+00:00
8635,2320.695,2026-09-24T07:55:17.571531+00:00
8636,2321.034,2026-09-24T07:55:17.572199+00:00
8637,2321.3360000000002,2026-09-24T07:55:17.572842+00:00
8638,2321.657,2026-09-24T07:55:17.573492+00:00
8639,2321.8830000000003,2026-09-24T07:55:17.574101+00:00
8640,2322.125,2026-09-24T07:55:17.574717+00:00
8641,2322.333,2026-09-24T07:55:17.575302+00:00
8642,2322.5950000000003,2026-09-24T07:55:17.575914+00:00
8643,2322.682,2026-09-24T07:55:17.576542+00:00
8644,2322.886,2026-09-24T07:55:17.577247+00:00
8645,2323.235,2026-09-24T07:55:17.578008+00:00
8646,2323.5800000000004,2026-09-24T07:55:17.578694+00:00
8647,2324.061,2026-09-24T07:55:17.579533+00:00
8648,2324.96,2026-09-24T07:55:17.580778+00:00
8649,2325.32,2026-09-24T07:55:17.581489+00:00
8650,2325.641,2026-09-24T07:55:17.582144+00:00
8651,2326.17,2026-09-24T07:55:17.582988+00:00
8652,2326.482,2026-09-24T07:55:17.583645+00:00
8653,2326.795,2026-09-24T07:55:17.584297+00:00
8654,2327.1440000000002,2026-09-24T07:55:17.584982+00:00
8655,2327.8340000000003,2026-09-24T07:55:17.585997+00:00
8656,2328.5860000000002,2026-09-24T07:55:17.587067+00:00
8657,2329.409,2026-09-24T07:55:17.588223+00:00
8658,2329.973,2026-09-24T07:55:17.589098+00:00
8659,2330.42,2026-09-24T07:55:17.589857+00:00
8660,2330.685,2026-09-24T07:55:17.590456+00:00
8661,2330.949,2026-09-24T07:55:17.591035+00:00
8662,2331.145,2026-09-24T07:55:17.591590+00:00
8663,2331.389,2026-09-24T07:55:17.592137+00:00
8664,2331.673,2026-09-24T07:55:17.592726+00:00
8665,2331.878,2026-09-24T07:55:17.593277+00:00
8666,2332.1040000000003,2026-09-24T07:55:17.593843+00:00
8667,2332.3089999999997,2026-09-24T07:55:17.594377+00:00
8668,2332.552,2026-09-24T07:55:17.594954+00:00
8669,2332.7360000000003,2026-09-24T07:55:17.595490+00:00
8670,2332.973,2026-09-24T07:55:17.596032+00:00
8671,2333.227,2026-09-24T07:55:17.596587+00:00
8672,2333.445,2026-09-24T07:55:17.597133+00:00
8673,2333.67,2026-09-24T07:55:17.597686+00:00
8674,2333.889,2026-09-24T07:55:17.598213+00:00
8675,2334.058,2026-09-24T07:55:17.598770+00:00
8676,2334.2619999999997,2026-09-24T07:55:17.599314+00:00
8677,2334.736,2026-09-24T07:55:17.600101+00:00
8678,2334.9449999999997,2026-09-24T07:55:17.600649+00:00
8679,2335.147,2026-09-24T07:55:17.601173+00:00
8680,2335.374,2026-09-24T07:55:17.601710+00:00
8681,2335.6059999999998,2026-09-24T07:55:17.602305+00:00
8682,2335.856,2026-09-24T07:55:17.602871+00:00
8683,2336.783,2026-09-24T07:55:17.604167+00:00
8684,2337.154,2026-09-24T07:55:17.604881+00:00
8685,2337.7690000000002,2026-09-24T07:55:17.605797+00:00
8686,2338.806,2026-09-24T07:55:17.607157+00:00
8687,2339.4610000000002,2026-09-24T07:55:17.608141+00:00
8688,2339.931,2026-09-24T07:55:17.608921+00:00
8689,2340.2799999999997,2026-09-24T07:55:17.609590+00:00
8690,2340.52,2026-09-24T07:55:17.610293+00:00
8691,2340.493,2026-09-24T07:55:17.610953+00:00
8692,2340.516,2026-09-24T07:55:17.611481+00:00
8693,2340.651,2026-09-24T07:55:17.612021+00:00
8694,2340.837,2026-09-24T07:55:17.612560+00:00
8695,2341.041,2026-09-24T07:55:17.613099+00:00
8696,2340.9399999999996,2026-09-24T07:55:17.613618+00:00
8697,2341.26,2026-09-24T07:55:17.614248+00:00
8698,2341.438,2026-09-24T07:55:17.614764+00:00
8699,2341.5849999999996,2026-09-24T07:55:17.615259+00:00
8700,2341.7509999999997,2026-09-24T07:55:17.615777+00:00
8701,2342.015,2026-09-24T07:55:17.616378+00:00
8702,2342.303,2026-09-24T07:55:17.617040+00:00
8703,2342.5989999999997,2026-09-24T07:55:17.617686+00:00
8704,2343.006,2026-09-24T07:55:17.618437+00:00
8705,2343.509,2026-09-24T07:55:17.619269+00:00
8706,2344.069,2026-09-24T07:55:17.620132+00:00
8707,2344.455,2026-09-24T07:55:17.620837+00:00
8708,2344.643,2026-09-24T07:55:17.621396+00:00
8709,2345.097,2026-09-24T07:55:17.622149+00:00
8710,2345.515,2026-09-24T07:55:17.622859+00:00
8711,2345.777,2026-09-24T07:55:17.623504+00:00
8712,2346.063,2026-09-24T07:55:17.624110+00:00
8713,2346.355,2026-09-24T07:55:17.624695+00:00
8714,2346.542,2026-09-24T07:55:17.625249+00:00
8715,2346.796,2026-09-24T07:55:17.625827+00:00
8716,2347.19,2026-09-24T07:55:17.626535+00:00
8717,2347.534,2026-09-24T07:55:17.627196+00:00
8718,2347.7999999999997,2026-09-24T07:55:17.627771+00:00
8719,2347.723,2026-09-24T07:55:17.628342+00:00
8720,2347.951,2026-09-24T07:55:17.628887+00:00
8721,2348.133,2026-09-24T07:55:17.629407+00:00
8722,2348.3520000000003,2026-09-24T07:55:17.629949+00:00
8723,2348.551,2026-09-24T07:55:17.630486+00:00
8724,2348.7529999999997,2026-09-24T07:55:17.631023+00:00
8725,2348.958,2026-09-24T07:55:17.631560+00:00
8726,2349.148,2026-09-24T07:55:17.632073+00:00
8727,2349.312,2026-09-24T07:55:17.632576+00:00
8728,2349.527,2026-09-24T07:55:17.633102+00:00
8729,2349.897,2026-09-24T07:55:17.633774+00:00
8730,2350.17,2026-09-24T07:55:17.634459+00:00
8731,2350.523,2026-09-24T07:55:17.635185+00:00
8732,2350.873,2026-09-24T07:55:17.635864+00:00
8733,2351.0550000000003,2026-09-24T07:55:17.636394+00:00
8734,2351.228,2026-09-24T07:55:17.636928+00:00
8735,2351.5009999999997,2026-09-24T07:55:17.637522+00:00
8736,2351.766,2026-09-24T07:55:17.638150+00:00
8737,2352.171,2026-09-24T07:55:17.638892+00:00
8738,2352.351,2026-09-24T07:55:17.639398+00:00
8739,2352.574,2026-09-24T07:55:17.639930+00:00
8740,2352.7459999999996,2026-09-24T07:55:17.640447+00:00
8741,2352.947,2026-09-24T07:55:17.640983+00:00
8742,2353.3810000000003,2026-09-24T07:55:17.641741+00:00
8743,2354.352,2026-09-24T07:55:17.643054+00:00
8744,2354.9359999999997,2026-09-24T07:55:17.644026+00:00
8745,2356.073,2026-09-24T07:55:17.645530+00:00
8746,2357.075,2026-09-24T07:55:17.646895+00:00
8747,2357.774,2026-09-24T07:55:17.647948+00:00
8748,2358.442,2026-09-24T07:55:17.648962+00:00
8749,2359.019,2026-09-24T07:55:17.649901+00:00
8750,2359.5739999999996,2026-09-24T07:55:17.650788+00:00
8751,2360.153,2026-09-24T07:55:17.651757+00:00
8752,2360.4919999999997,2026-09-24T07:55:17.652444+00:00
8753,2360.81,2026-09-24T07:55:17.653103+00:00
8754,2361.14,2026-09-24T07:55:17.653758+00:00
8755,2361.5750000000003,2026-09-24T07:55:17.654545+00:00
8756,2362.101,2026-09-24T07:55:17.655391+00:00
8757,2362.4900000000002,2026-09-24T07:55:17.656133+00:00
8758,2362.879,2026-09-24T07:55:17.656840+00:00
8759,2363.288,2026-09-24T07:55:17.657558+00:00
8760,2363.5899999999997,2026-09-24T07:55:17.658196+00:00
8761,2363.973,2026-09-24T07:55:17.658846+00:00
8762,2364.312,2026-09-24T07:55:17.659475+00:00
8763,2364.6240000000003,2026-09-24T07:55:17.660124+00:00
8764,2364.959,2026-09-24T07:55:17.660764+00:00
8765,2365.258,2026-09-24T07:55:17.661377+00:00
8766,2365.946,2026-09-24T07:55:17.662375+00:00
8767,2366.379,2026-09-24T07:55:17.663145+00:00
8768,2366.594,2026-09-24T07:55:17.663695+00:00
8769,2366.688,2026-09-24T07:55:17.664194+00:00
8770,2366.703,2026-09-24T07:55:17.664768+00:00
8771,2366.793,2026-09-24T07:55:17.665287+00:00
8772,2367.6560000000004,2026-09-24T07:55:17.666556+00:00
8773,2368.321,2026-09-24T07:55:17.667620+00:00
8774,2368.7839999999997,2026-09-24T07:55:17.668485+00:00
8775,2369.306,2026-09-24T07:55:17.669403+00:00
8776,2369.8070000000002,2026-09-24T07:55:17.670276+00:00
8777,2370.965,2026-09-24T07:55:17.671822+00:00
8778,2371.849,2026-09-24T07:55:17.673082+00:00
8779,2372.414,2026-09-24T07:55:17.674065+00:00
8780,2373.235,2026-09-24T07:55:17.675262+00:00
8781,2373.593,2026-09-24T07:55:17.675957+00:00
8782,2373.8,2026-09-24T07:55:17.676537+00:00
8783,2373.98,2026-09-24T07:55:17.677091+00:00
8784,2374.357,2026-09-24T07:55:17.677837+00:00
8785,2374.56,2026-09-24T07:55:17.678424+00:00
8786,2374.749,2026-09-24T07:55:17.678994+00:00
8787,2374.92,2026-09-24T07:55:17.679569+00:00
8788,2375.111,2026-09-24T07:55:17.680119+00:00
8789,2375.309,2026-09-24T07:55:17.680687+00:00
8790,2375.474,2026-09-24T07:55:17.681226+00:00
8791,2375.684,2026-09-24T07:55:17.681825+00:00
8792,2375.8810000000003,2026-09-24T07:55:17.682408+00:00
8793,2376.186,2026-09-24T07:55:17.683126+00:00
8794,2376.6820000000002,2026-09-24T07:55:17.684013+00:00
8795,2376.84,2026-09-24T07:55:17.684701+00:00
8796,2377.009,2026-09-24T07:55:17.685281+00:00
8797,2377.614,2026-09-24T07:55:17.686240+00:00
8798,2378.079,2026-09-24T07:55:17.687029+00:00
8799,2378.3509999999997,2026-09-24T07:55:17.687700+00:00
8800,2378.67,2026-09-24T07:55:17.688372+00:00
8801,2379.025,2026-09-24T07:55:17.689034+00:00
8802,2379.379,2026-09-24T07:55:17.689700+00:00
8803,2379.647,2026-09-24T07:55:17.690307+00:00
8804,2379.9480000000003,2026-09-24T07:55:17.690931+00:00
8805,2380.153,2026-09-24T07:55:17.691534+00:00
8806,2380.452,2026-09-24T07:55:17.692194+00:00
8807,2380.7299999999996,2026-09-24T07:55:17.692816+00:00
8808,2381.035,2026-09-24T07:55:17.693429+00:00
8809,2381.333,2026-09-24T07:55:17.694061+00:00
8810,2381.63,2026-09-24T07:55:17.694663+00:00
8811,2381.911,2026-09-24T07:55:17.695256+00:00
8812,2382.206,2026-09-24T07:55:17.695872+00:00
8813,2382.513,2026-09-24T07:55:17.696493+00:00
8814,2382.8,2026-09-24T07:55:17.697080+00:00
8815,2383.062,2026-09-24T07:55:17.697674+00:00
8816,2383.343,2026-09-24T07:55:17.698270+00:00
8817,2383.629,2026-09-24T07:55:17.698863+00:00
8818,2383.982,2026-09-24T07:55:17.699538+00:00
8819,2384.337,2026-09-24T07:55:17.700211+00:00
8820,2384.632,2026-09-24T07:55:17.700816+00:00
8821,2384.892,2026-09-24T07:55:17.701395+00:00
8822,2385.173,2026-09-24T07:55:17.702003+00:00
8823,2385.5400000000004,2026-09-24T07:55:17.702674+00:00
8824,2385.8559999999998,2026-09-24T07:55:17.703304+00:00
8825,2386.143,2026-09-24T07:55:17.703907+00:00
8826,2386.358,2026-09-24T07:55:17.704493+00:00
8827,2386.393,2026-09-24T07:55:17.705075+00:00
8828,2386.589,2026-09-24T07:55:17.705638+00:00
8829,2386.935,2026-09-24T07:55:17.706390+00:00
8830,2387.2149999999997,2026-09-24T07:55:17.707035+00:00
8831,2387.45,2026-09-24T07:55:17.707652+00:00
8832,2387.713,2026-09-24T07:55:17.708252+00:00
8833,2387.9790000000003,2026-09-24T07:55:17.708847+00:00
8834,2388.25,2026-09-24T07:55:17.709448+00:00
8835,2388.52,2026-09-24T07:55:17.710056+00:00
8836,2388.795,2026-09-24T07:55:17.710658+00:00
8837,2389.091,2026-09-24T07:55:17.711268+00:00
8838,2389.258,2026-09-24T07:55:17.711873+00:00
8839,2389.463,2026-09-24T07:55:17.712455+00:00
8840,2389.629,2026-09-24T07:55:17.713076+00:00
8841,2389.692,2026-09-24T07:55:17.713682+00:00
8842,2389.866,2026-09-24T07:55:17.714233+00:00
8843,2390.0260000000003,2026-09-24T07:55:17.714822+00:00
8844,2390.244,2026-09-24T07:55:17.715391+00:00
8845,2390.4700000000003,2026-09-24T07:55:17.716098+00:00
8846,2390.163,2026-09-24T07:55:17.716734+00:00
8847,2389.95,2026-09-24T07:55:17.717326+00:00
8848,2389.95,2026-09-24T07:55:17.717972+00:00
8849,2390.0260000000003,2026-09-24T07:55:17.718559+00:00
8850,2389.936,2026-09-24T07:55:17.719208+00:00
8851,2389.75,2026-09-24T07:55:17.719824+00:00
8852,2389.323,2026-09-24T07:55:17.720422+00:00
8853,2389.0159999999996,2026-09-24T07:55:17.720988+00:00
8854,2388.942,2026-09-24T07:55:17.721607+00:00
8855,2389.012,2026-09-24T07:55:17.722206+00:00
8856,2389.377,2026-09-24T07:55:17.723092+00:00
8857,2389.544,2026-09-24T07:55:17.723884+00:00
8858,2389.7110000000002,2026-09-24T07:55:17.724598+00:00
8859,2389.872,2026-09-24T07:55:17.725212+00:00
8860,2390.0640000000003,2026-09-24T07:55:17.725840+00:00
8861,2390.0570000000002,2026-09-24T07:55:17.726433+00:00
8862,2389.861,2026-09-24T07:55:17.727033+00:00
8863,2389.901,2026-09-24T07:55:17.727936+00:00
8864,2389.886,2026-09-24T07:55:17.728864+00:00
8865,2389.965,2026-09-24T07:55:17.729506+00:00
8866,2390.0229999999997,2026-09-24T07:55:17.730062+00:00
8867,2390.054,2026-09-24T07:55:17.730612+00:00
8868,2390.094,2026-09-24T07:55:17.731164+00:00
8869,2390.087,2026-09-24T07:55:17.731678+00:00
8870,2390.2839999999997,2026-09-24T07:55:17.732349+00:00
8871,2390.428,2026-09-24T07:55:17.733136+00:00
8872,2390.799,2026-09-24T07:55:17.734113+00:00
8873,2390.969,2026-09-24T07:55:17.734792+00:00
8874,2391.273,2026-09-24T07:55:17.735507+00:00
8875,2391.753,2026-09-24T07:55:17.736499+00:00
8876,2392.1890000000003,2026-09-24T07:55:17.737317+00:00
8877,2392.326,2026-09-24T07:55:17.737949+00:00
8878,2392.3489999999997,2026-09-24T07:55:17.738556+00:00
8879,2392.411,2026-09-24T07:55:17.739192+00:00
8880,2391.902,2026-09-24T07:55:17.739785+00:00
8881,2391.7169999999996,2026-09-24T07:55:17.740314+00:00
8882,2391.83,2026-09-24T07:55:17.740881+00:00
8883,2391.844,2026-09-24T07:55:17.741420+00:00
8884,2391.867,2026-09-24T07:55:17.741951+00:00
8885,2391.933,2026-09-24T07:55:17.742500+00:00
8886,2392.027,2026-09-24T07:55:17.743031+00:00
8887,2392.112,2026-09-24T07:55:17.743591+00:00
8888,2392.157,2026-09-24T07:55:17.744130+00:00
8889,2392.2780000000002,2026-09-24T07:55:17.744729+00:00
8890,2392.423,2026-09-24T07:55:17.745312+00:00
8891,2392.5550000000003,2026-09-24T07:55:17.745864+00:00
8892,2392.687,2026-09-24T07:55:17.746544+00:00
8893,2393.2509999999997,2026-09-24T07:55:17.747641+00:00
8894,2393.228,2026-09-24T07:55:17.748373+00:00
8895,2393.406,2026-09-24T07:55:17.749055+00:00
8896,2393.611,2026-09-24T07:55:17.749749+00:00
8897,2393.865,2026-09-24T07:55:17.750503+00:00
8898,2394.3219999999997,2026-09-24T07:55:17.751472+00:00
8899,2394.5370000000003,2026-09-24T07:55:17.752205+00:00
8900,2394.754,2026-09-24T07:55:17.752895+00:00
8901,2395.172,2026-09-24T07:55:17.753842+00:00
8902,2395.2909999999997,2026-09-24T07:55:17.754427+00:00
8903,2395.382,2026-09-24T07:55:17.755004+00:00
8904,2395.508,2026-09-24T07:55:17.755584+00:00
8905,2395.614,2026-09-24T07:55:17.756161+00:00
8906,2395.8149999999996,2026-09-24T07:55:17.756819+00:00
8907,2395.969,2026-09-24T07:55:17.757459+00:00
8908,2395.842,2026-09-24T07:55:17.758066+00:00
8909,2395.477,2026-09-24T07:55:17.758693+00:00
8910,2395.431,2026-09-24T07:55:17.759295+00:00
8911,2395.496,2026-09-24T07:55:17.759852+00:00
8912,2395.587,2026-09-24T07:55:17.760486+00:00
8913,2395.67,2026-09-24T07:55:17.761106+00:00
8914,2395.724,2026-09-24T07:55:17.761701+00:00
8915,2395.839,2026-09-24T07:55:17.762288+00:00
8916,2395.9480000000003,2026-09-24T07:55:17.762889+00:00
8917,2395.972,2026-09-24T07:55:17.763470+00:00
8918,2396.074,2026-09-24T07:55:17.764085+00:00
8919,2396.087,2026-09-24T07:55:17.764716+00:00
8920,2396.145,2026-09-24T07:55:17.765305+00:00
8921,2396.3070000000002,2026-09-24T07:55:17.765956+00:00
8922,2396.503,2026-09-24T07:55:17.766750+00:00
8923,2396.643,2026-09-24T07:55:17.767557+00:00
8924,2396.887,2026-09-24T07:55:17.768238+00:00
8925,2397.124,2026-09-24T07:55:17.768890+00:00
8926,2397.325,2026-09-24T07:55:17.769634+00:00
8927,2397.513,2026-09-24T07:55:17.770304+00:00
8928,2398.186,2026-09-24T07:55:17.771396+00:00
8929,2398.703,2026-09-24T07:55:17.772320+00:00
8930,2398.998,2026-09-24T07:55:17.773102+00:00
8931,2399.3269999999998,2026-09-24T07:55:17.773846+00:00
8932,2399.674,2026-09-24T07:55:17.774555+00:00
8933,2399.9990000000003,2026-09-24T07:55:17.775238+00:00
8934,2400.258,2026-09-24T07:55:17.775923+00:00
8935,2400.563,2026-09-24T07:55:17.776611+00:00
8936,2401.245,2026-09-24T07:55:17.777618+00:00
8937,2401.8559999999998,2026-09-24T07:55:17.778556+00:00
8938,2402.194,2026-09-24T07:55:17.779225+00:00
8939,2402.4489999999996,2026-09-24T07:55:17.779831+00:00
8940,2402.843,2026-09-24T07:55:17.780562+00:00
8941,2403.006,2026-09-24T07:55:17.781162+00:00
8942,2403.1690000000003,2026-09-24T07:55:17.781778+00:00
8943,2403.382,2026-09-24T07:55:17.782362+00:00
8944,2403.714,2026-09-24T07:55:17.783062+00:00
8945,2403.973,2026-09-24T07:55:17.783720+00:00
8946,2404.2180000000003,2026-09-24T07:55:17.784318+00:00
8947,2404.4629999999997,2026-09-24T07:55:17.784925+00:00
8948,2404.781,2026-09-24T07:55:17.785596+00:00
8949,2405.685,2026-09-24T07:55:17.786838+00:00
8950,2406.1910000000003,2026-09-24T07:55:17.787730+00:00
8951,2406.5750000000003,2026-09-24T07:55:17.788482+00:00
8952,2406.894,2026-09-24T07:55:17.789164+00:00
8953,2407.228,2026-09-24T07:55:17.789852+00:00
8954,2407.569,2026-09-24T07:55:17.790546+00:00
8955,2407.9790000000003,2026-09-24T07:55:17.791319+00:00
8956,2408.2270000000003,2026-09-24T07:55:17.792352+00:00
8957,2408.503,2026-09-24T07:55:17.793471+00:00
8958,2408.8940000000002,2026-09-24T07:55:17.794402+00:00
8959,2409.466,2026-09-24T07:55:17.795400+00:00
8960,2409.611,2026-09-24T07:55:17.796108+00:00
8961,2409.609,2026-09-24T07:55:17.796881+00:00
8962,2409.256,2026-09-24T07:55:17.797609+00:00
8963,2409.202,2026-09-24T07:55:17.798247+00:00
8964,2408.983,2026-09-24T07:55:17.798912+00:00
8965,2408.959,2026-09-24T07:55:17.799652+00:00
8966,2409.179,2026-09-24T07:55:17.800401+00:00
8967,2408.996,2026-09-24T07:55:17.801113+00:00
8968,2406.181,2026-09-24T07:55:17.801788+00:00
8969,2406.4410000000003,2026-09-24T07:55:17.802506+00:00
8970,2406.6040000000003,2026-09-24T07:55:17.803371+00:00
8971,2406.707,2026-09-24T07:55:17.804177+00:00
8972,2407.051,2026-09-24T07:55:17.805025+00:00
8973,2407.352,2026-09-24T07:55:17.805713+00:00
8974,2407.608,2026-09-24T07:55:17.806355+00:00
8975,2407.9320000000002,2026-09-24T07:55:17.807050+00:00
8976,2408.175,2026-09-24T07:55:17.807709+00:00
8977,2408.2889999999998,2026-09-24T07:55:17.808346+00:00
8978,2408.6059999999998,2026-09-24T07:55:17.809036+00:00
8979,2408.971,2026-09-24T07:55:17.809781+00:00
8980,2409.287,2026-09-24T07:55:17.810493+00:00
8981,2409.485,2026-09-24T07:55:17.811134+00:00
8982,2409.647,2026-09-24T07:55:17.811769+00:00
8983,2410.024,2026-09-24T07:55:17.812629+00:00
8984,2410.004,2026-09-24T07:55:17.813301+00:00
8985,2409.899,2026-09-24T07:55:17.813999+00:00
8986,2409.905,2026-09-24T07:55:17.814675+00:00
8987,2409.97,2026-09-24T07:55:17.815335+00:00
8988,2409.881,2026-09-24T07:55:17.816083+00:00
8989,2409.8030000000003,2026-09-24T07:55:17.816829+00:00
8990,2409.5209999999997,2026-09-24T07:55:17.817506+00:00
8991,2409.685,2026-09-24T07:55:17.818188+00:00
8992,2409.874,2026-09-24T07:55:17.818983+00:00
8993,2409.998,2026-09-24T07:55:17.819695+00:00
8994,2410.037,2026-09-24T07:55:17.820346+00:00
8995,2410.0,2026-09-24T07:55:17.820979+00:00
8996,2410.069,2026-09-24T07:55:17.821623+00:00
8997,2410.249,2026-09-24T07:55:17.822238+00:00
8998,2410.429,2026-09-24T07:55:17.822867+00:00
8999,2410.656,2026-09-24T07:55:17.823494+00:00
9000,2410.895,2026-09-24T07:55:17.824124+00:00
9001,2411.112,2026-09-24T07:55:17.824742+00:00
9002,2411.278,2026-09-24T07:55:17.825337+00:00
9003,2411.221,2026-09-24T07:55:17.826144+00:00
9004,2411.1259999999997,2026-09-24T07:55:17.826853+00:00
9005,2411.152,2026-09-24T07:55:17.827442+00:00
9006,2411.1769999999997,2026-09-24T07:55:17.828033+00:00
9007,2411.322,2026-09-24T07:55:17.828662+00:00
9008,2411.479,2026-09-24T07:55:17.829264+00:00
9009,2411.576,2026-09-24T07:55:17.829892+00:00
9010,2411.816,2026-09-24T07:55:17.830670+00:00
9011,2411.855,2026-09-24T07:55:17.831301+00:00
9012,2411.984,2026-09-24T07:55:17.831949+00:00
9013,2412.176,2026-09-24T07:55:17.832615+00:00
9014,2412.33,2026-09-24T07:55:17.833261+00:00
9015,2412.951,2026-09-24T07:55:17.834343+00:00
9016,2413.3450000000003,2026-09-24T07:55:17.835229+00:00
9017,2413.761,2026-09-24T07:55:17.836110+00:00
9018,2413.905,2026-09-24T07:55:17.836736+00:00
9019,2414.116,2026-09-24T07:55:17.837423+00:00
9020,2414.2070000000003,2026-09-24T07:55:17.838027+00:00
9021,2414.351,2026-09-24T07:55:17.838627+00:00
9022,2414.4739999999997,2026-09-24T07:55:17.839354+00:00
9023,2414.654,2026-09-24T07:55:17.839961+00:00
9024,2414.9440000000004,2026-09-24T07:55:17.840670+00:00
9025,2415.04,2026-09-24T07:55:17.841209+00:00
9026,2414.955,2026-09-24T07:55:17.841729+00:00
9027,2415.0269999999996,2026-09-24T07:55:17.842219+00:00
9028,2415.2360000000003,2026-09-24T07:55:17.842942+00:00
9029,2415.4,2026-09-24T07:55:17.843563+00:00
9030,2415.4339999999997,2026-09-24T07:55:17.844125+00:00
9031,2415.365,2026-09-24T07:55:17.844703+00:00
9032,2415.4840000000004,2026-09-24T07:55:17.845252+00:00
9033,2415.711,2026-09-24T07:55:17.845824+00:00
9034,2415.682,2026-09-24T07:55:17.846324+00:00
9035,2415.829,2026-09-24T07:55:17.846834+00:00
9036,2415.6,2026-09-24T07:55:17.847304+00:00
9037,2415.672,2026-09-24T07:55:17.848043+00:00
9038,2415.736,2026-09-24T07:55:17.848631+00:00
9039,2415.813,2026-09-24T07:55:17.849199+00:00
9040,2416.152,2026-09-24T07:55:17.850381+00:00
9041,2416.495,2026-09-24T07:55:17.851224+00:00
9042,2416.671,2026-09-24T07:55:17.851813+00:00
9043,2416.7740000000003,2026-09-24T07:55:17.852363+00:00
9044,2416.817,2026-09-24T07:55:17.852905+00:00
9045,2416.853,2026-09-24T07:55:17.853474+00:00
9046,2417.222,2026-09-24T07:55:17.854308+00:00
9047,2417.68,2026-09-24T07:55:17.855200+00:00
9048,2417.914,2026-09-24T07:55:17.855815+00:00
9049,2418.3720000000003,2026-09-24T07:55:17.856632+00:00
9050,2418.704,2026-09-24T07:55:17.857346+00:00
9051,2419.0969999999998,2026-09-24T07:55:17.858103+00:00
9052,2419.336,2026-09-24T07:55:17.858804+00:00
9053,2419.416,2026-09-24T07:55:17.859471+00:00
9054,2419.6209999999996,2026-09-24T07:55:17.860139+00:00
9055,2419.955,2026-09-24T07:55:17.860825+00:00
9056,2420.1389999999997,2026-09-24T07:55:17.861483+00:00
9057,2420.143,2026-09-24T07:55:17.862109+00:00
9058,2420.3179999999998,2026-09-24T07:55:17.862761+00:00
9059,2420.5009999999997,2026-09-24T07:55:17.863396+00:00
9060,2420.56,2026-09-24T07:55:17.864127+00:00
9061,2420.645,2026-09-24T07:55:17.864811+00:00
9062,2420.7580000000003,2026-09-24T07:55:17.865458+00:00
9063,2420.945,2026-09-24T07:55:17.866144+00:00
9064,2421.6820000000002,2026-09-24T07:55:17.867377+00:00
9065,2421.919,2026-09-24T07:55:17.868121+00:00
9066,2422.22,2026-09-24T07:55:17.868871+00:00
9067,2422.649,2026-09-24T07:55:17.869637+00:00
9068,2422.691,2026-09-24T07:55:17.870357+00:00
9069,2423.035,2026-09-24T07:55:17.871273+00:00
9070,2423.5679999999998,2026-09-24T07:55:17.872220+00:00
9071,2423.9429999999998,2026-09-24T07:55:17.872967+00:00
9072,2424.299,2026-09-24T07:55:17.873693+00:00
9073,2424.5480000000002,2026-09-24T07:55:17.874548+00:00
9074,2424.571,2026-09-24T07:55:17.875402+00:00
9075,2424.811,2026-09-24T07:55:17.876211+00:00
9076,2424.638,2026-09-24T07:55:17.876869+00:00
9077,2424.6569999999997,2026-09-24T07:55:17.877512+00:00
9078,2424.802,2026-09-24T07:55:17.878168+00:00
9079,2424.963,2026-09-24T07:55:17.878824+00:00
9080,2425.143,2026-09-24T07:55:17.879484+00:00
9081,2425.1749999999997,2026-09-24T07:55:17.880173+00:00
9082,2425.305,2026-09-24T07:55:17.880828+00:00
9083,2425.22,2026-09-24T07:55:17.881438+00:00
9084,2425.1589999999997,2026-09-24T07:55:17.882155+00:00
9085,2425.2799999999997,2026-09-24T07:55:17.882902+00:00
9086,2425.468,2026-09-24T07:55:17.883667+00:00
9087,2425.54,2026-09-24T07:55:17.884376+00:00
9088,2425.9339999999997,2026-09-24T07:55:17.885311+00:00
9089,2426.228,2026-09-24T07:55:17.886072+00:00
9090,2426.7439999999997,2026-09-24T07:55:17.887093+00:00
9091,2427.233,2026-09-24T07:55:17.888026+00:00
9092,2427.661,2026-09-24T07:55:17.888796+00:00
9093,2428.335,2026-09-24T07:55:17.889972+00:00
9094,2428.931,2026-09-24T07:55:17.891165+00:00
9095,2429.325,2026-09-24T07:55:17.891958+00:00
9096,2429.6760000000004,2026-09-24T07:55:17.892701+00:00
9097,2429.987,2026-09-24T07:55:17.893382+00:00
9098,2430.3590000000004,2026-09-24T07:55:17.894153+00:00
9099,2430.691,2026-09-24T07:55:17.894826+00:00
9100,2430.987,2026-09-24T07:55:17.895446+00:00
9101,2431.243,2026-09-24T07:55:17.896068+00:00
9102,2431.441,2026-09-24T07:55:17.896692+00:00
9103,2431.63,2026-09-24T07:55:17.897274+00:00
9104,2431.846,2026-09-24T07:55:17.897858+00:00
9105,2432.045,2026-09-24T07:55:17.898421+00:00
9106,2432.239,2026-09-24T07:55:17.898978+00:00
9107,2432.575,2026-09-24T07:55:17.899672+00:00
9108,2433.207,2026-09-24T07:55:17.900662+00:00
9109,2433.531,2026-09-24T07:55:17.901344+00:00
9110,2433.884,2026-09-24T07:55:17.902052+00:00
9111,2434.119,2026-09-24T07:55:17.902701+00:00
9112,2434.35,2026-09-24T07:55:17.903272+00:00
9113,2434.517,2026-09-24T07:55:17.903849+00:00
9114,2434.679,2026-09-24T07:55:17.904407+00:00
9115,2434.934,2026-09-24T07:55:17.904984+00:00
9116,2435.34,2026-09-24T07:55:17.905764+00:00
9117,2435.5370000000003,2026-09-24T07:55:17.906325+00:00
9118,2435.791,2026-09-24T07:55:17.906934+00:00
9119,2436.0840000000003,2026-09-24T07:55:17.907614+00:00
9120,2436.816,2026-09-24T07:55:17.908762+00:00
9121,2438.0009999999997,2026-09-24T07:55:17.910369+00:00
9122,2438.6730000000002,2026-09-24T07:55:17.911467+00:00
9123,2439.641,2026-09-24T07:55:17.912802+00:00
9124,2440.1220000000003,2026-09-24T07:55:17.913629+00:00
9125,2440.458,2026-09-24T07:55:17.914683+00:00
9126,2440.3869999999997,2026-09-24T07:55:17.915405+00:00
9127,2440.558,2026-09-24T07:55:17.916077+00:00
9128,2441.047,2026-09-24T07:55:17.916956+00:00
9129,2441.424,2026-09-24T07:55:17.917720+00:00
9130,2441.6859999999997,2026-09-24T07:55:17.918391+00:00
9131,2442.004,2026-09-24T07:55:17.919068+00:00
9132,2442.326,2026-09-24T07:55:17.919750+00:00
9133,2442.597,2026-09-24T07:55:17.920396+00:00
9134,2442.9280000000003,2026-09-24T07:55:17.921075+00:00
9135,2443.2149999999997,2026-09-24T07:55:17.921741+00:00
9136,2443.534,2026-09-24T07:55:17.922405+00:00
9137,2443.9139999999998,2026-09-24T07:55:17.923127+00:00
9138,2444.2439999999997,2026-09-24T07:55:17.923857+00:00
9139,2444.567,2026-09-24T07:55:17.924560+00:00
9140,2444.5280000000002,2026-09-24T07:55:17.925292+00:00
9141,2445.6169999999997,2026-09-24T07:55:17.926740+00:00
9142,2446.015,2026-09-24T07:55:17.927485+00:00
9143,2446.623,2026-09-24T07:55:17.928499+00:00
9144,2447.2999999999997,2026-09-24T07:55:17.929536+00:00
9145,2447.7799999999997,2026-09-24T07:55:17.930378+00:00
9146,2448.2529999999997,2026-09-24T07:55:17.931183+00:00
9147,2448.718,2026-09-24T07:55:17.931954+00:00
9148,2449.387,2026-09-24T07:55:17.932974+00:00
9149,2449.9019999999996,2026-09-24T07:55:17.933799+00:00
9150,2450.278,2026-09-24T07:55:17.934479+00:00
9151,2450.634,2026-09-24T07:55:17.935174+00:00
9152,2450.981,2026-09-24T07:55:17.935836+00:00
9153,2451.2909999999997,2026-09-24T07:55:17.936463+00:00
9154,2451.61,2026-09-24T07:55:17.937105+00:00
9155,2451.896,2026-09-24T07:55:17.937748+00:00
9156,2452.152,2026-09-24T07:55:17.938366+00:00
9157,2452.5139999999997,2026-09-24T07:55:17.939063+00:00
9158,2453.16,2026-09-24T07:55:17.940033+00:00
9159,2453.637,2026-09-24T07:55:17.940824+00:00
9160,2453.7870000000003,2026-09-24T07:55:17.941404+00:00
9161,2454.027,2026-09-24T07:55:17.941975+00:00
9162,2454.1110000000003,2026-09-24T07:55:17.942518+00:00
9163,2454.263,2026-09-24T07:55:17.943038+00:00
9164,2454.2690000000002,2026-09-24T07:55:17.943552+00:00
9165,2454.431,2026-09-24T07:55:17.944064+00:00
9166,2454.557,2026-09-24T07:55:17.944583+00:00
9167,2454.531,2026-09-24T07:55:17.945080+00:00
9168,2454.388,2026-09-24T07:55:17.945595+00:00
9169,2454.522,2026-09-24T07:55:17.946282+00:00
9170,2454.705,2026-09-24T07:55:17.946936+00:00
9171,2455.269,2026-09-24T07:55:17.947978+00:00
9172,2455.986,2026-09-24T07:55:17.949084+00:00
9173,2456.566,2026-09-24T07:55:17.950096+00:00
9174,2457.1839999999997,2026-09-24T07:55:17.951090+00:00
9175,2457.685,2026-09-24T07:55:17.951944+00:00
9176,2457.933,2026-09-24T07:55:17.952571+00:00
9177,2458.129,2026-09-24T07:55:17.953125+00:00
9178,2458.551,2026-09-24T07:55:17.953885+00:00
9179,2458.825,2026-09-24T07:55:17.954784+00:00
9180,2458.944,2026-09-24T07:55:17.955389+00:00
9181,2459.003,2026-09-24T07:55:17.955962+00:00
9182,2458.961,2026-09-24T07:55:17.956478+00:00
9183,2458.961,2026-09-24T07:55:17.957006+00:00
9184,2458.495,2026-09-24T07:55:17.957533+00:00
9185,2458.459,2026-09-24T07:55:17.958044+00:00
9186,2458.402,2026-09-24T07:55:17.958556+00:00
9187,2458.418,2026-09-24T07:55:17.959070+00:00
9188,2458.351,2026-09-24T07:55:17.959598+00:00
9189,2458.159,2026-09-24T07:55:17.960238+00:00
9190,2458.024,2026-09-24T07:55:17.960797+00:00
9191,2457.847,2026-09-24T07:55:17.961340+00:00
9192,2457.6530000000002,2026-09-24T07:55:17.961875+00:00
9193,2457.415,2026-09-24T07:55:17.962372+00:00
9194,2457.04,2026-09-24T07:55:17.962942+00:00
9195,2456.732,2026-09-24T07:55:17.963491+00:00
9196,2456.601,2026-09-24T07:55:17.964082+00:00
9197,2456.0789999999997,2026-09-24T07:55:17.964689+00:00
9198,2455.5389999999998,2026-09-24T07:55:17.965263+00:00
9199,2455.289,2026-09-24T07:55:17.966043+00:00
9200,2455.505,2026-09-24T07:55:17.966880+00:00
9201,2455.978,2026-09-24T07:55:17.967949+00:00
9202,2456.1220000000003,2026-09-24T07:55:17.968686+00:00
9203,2456.116,2026-09-24T07:55:17.969329+00:00
9204,2456.217,2026-09-24T07:55:17.969915+00:00
9205,2456.444,2026-09-24T07:55:17.970561+00:00
9206,2456.6150000000002,2026-09-24T07:55:17.971131+00:00
9207,2456.777,2026-09-24T07:55:17.971708+00:00
9208,2456.976,2026-09-24T07:55:17.972275+00:00
9209,2457.228,2026-09-24T07:55:17.972871+00:00
9210,2457.237,2026-09-24T07:55:17.973440+00:00
9211,2457.551,2026-09-24T07:55:17.974308+00:00
9212,2458.291,2026-09-24T07:55:17.975436+00:00
9213,2458.73,2026-09-24T07:55:17.976373+00:00
9214,2459.173,2026-09-24T07:55:17.977212+00:00
9215,2459.469,2026-09-24T07:55:17.977869+00:00
9216,2459.718,2026-09-24T07:55:17.978486+00:00
9217,2459.9959999999996,2026-09-24T07:55:17.979111+00:00
9218,2460.299,2026-09-24T07:55:17.979754+00:00
9219,2460.555,2026-09-24T07:55:17.980358+00:00
9220,2460.854,2026-09-24T07:55:17.980980+00:00
9221,2461.013,2026-09-24T07:55:17.981623+00:00
9222,2461.248,2026-09-24T07:55:17.982244+00:00
9223,2461.5,2026-09-24T07:55:17.982861+00:00
9224,2462.259,2026-09-24T07:55:17.984179+00:00
9225,2462.8559999999998,2026-09-24T07:55:17.985301+00:00
9226,2463.496,2026-09-24T07:55:17.986440+00:00
9227,2464.2149999999997,2026-09-24T07:55:17.987537+00:00
9228,2464.763,2026-09-24T07:55:17.988407+00:00
9229,2465.097,2026-09-24T07:55:17.989055+00:00
9230,2465.547,2026-09-24T07:55:17.989814+00:00
9231,2465.802,2026-09-24T07:55:17.990421+00:00
9232,2466.0820000000003,2026-09-24T07:55:17.991015+00:00
9233,2466.43,2026-09-24T07:55:17.991671+00:00
9234,2466.627,2026-09-24T07:55:17.992239+00:00
9235,2466.8540000000003,2026-09-24T07:55:17.992802+00:00
9236,2467.23,2026-09-24T07:55:17.993503+00:00
9237,2467.474,2026-09-24T07:55:17.994067+00:00
9238,2467.714,2026-09-24T07:55:17.994615+00:00
9239,2467.898,2026-09-24T07:55:17.995163+00:00
9240,2468.125,2026-09-24T07:55:17.995718+00:00
9241,2468.313,2026-09-24T07:55:17.996266+00:00
9242,2468.527,2026-09-24T07:55:17.996828+00:00
9243,2468.7000000000003,2026-09-24T07:55:17.997365+00:00
9244,2468.9260000000004,2026-09-24T07:55:17.997930+00:00
9245,2469.207,2026-09-24T07:55:17.998535+00:00
9246,2469.687,2026-09-24T07:55:17.999373+00:00
9247,2470.49,2026-09-24T07:55:18.000507+00:00
9248,2471.254,2026-09-24T07:55:18.001603+00:00
9249,2471.987,2026-09-24T07:55:18.002807+00:00
9250,2472.643,2026-09-24T07:55:18.003814+00:00
9251,2473.595,2026-09-24T07:55:18.005136+00:00
9252,2474.65,2026-09-24T07:55:18.006560+00:00
9253,2475.104,2026-09-24T07:55:18.007384+00:00
9254,2475.241,2026-09-24T07:55:18.008048+00:00
9255,2475.564,2026-09-24T07:55:18.008757+00:00
9256,2475.746,2026-09-24T07:55:18.009379+00:00
9257,2475.959,2026-09-24T07:55:18.009976+00:00
9258,2476.13,2026-09-24T07:55:18.010602+00:00
9259,2476.436,2026-09-24T07:55:18.011395+00:00
9260,2476.835,2026-09-24T07:55:18.012170+00:00
9261,2477.043,2026-09-24T07:55:18.012766+00:00
9262,2477.227,2026-09-24T07:55:18.013303+00:00
9263,2477.358,2026-09-24T07:55:18.013828+00:00
9264,2477.5589999999997,2026-09-24T07:55:18.014402+00:00
9265,2477.6910000000003,2026-09-24T07:55:18.014920+00:00
9266,2477.768,2026-09-24T07:55:18.015451+00:00
9267,2477.899,2026-09-24T07:55:18.015983+00:00
9268,2477.785,2026-09-24T07:55:18.016633+00:00
9269,2477.7149999999997,2026-09-24T07:55:18.017396+00:00
9270,2477.48,2026-09-24T07:55:18.017962+00:00
9271,2477.281,2026-09-24T07:55:18.018532+00:00
9272,2477.283,2026-09-24T07:55:18.019096+00:00
9273,2477.3990000000003,2026-09-24T07:55:18.019664+00:00
9274,2477.468,2026-09-24T07:55:18.020202+00:00
9275,2477.447,2026-09-24T07:55:18.020729+00:00
9276,2477.2780000000002,2026-09-24T07:55:18.021240+00:00
9277,2477.522,2026-09-24T07:55:18.021944+00:00
9278,2478.1870000000004,2026-09-24T07:55:18.023011+00:00
9279,2479.505,2026-09-24T07:55:18.024685+00:00
9280,2480.403,2026-09-24T07:55:18.025949+00:00
9281,2480.825,2026-09-24T07:55:18.026877+00:00
9282,2481.096,2026-09-24T07:55:18.027868+00:00
9283,2482.108,2026-09-24T07:55:18.029664+00:00
9284,2482.453,2026-09-24T07:55:18.030917+00:00
9285,2482.683,2026-09-24T07:55:18.031779+00:00
9286,2482.817,2026-09-24T07:55:18.032482+00:00
9287,2483.134,2026-09-24T07:55:18.033320+00:00
9288,2483.475,2026-09-24T07:55:18.034147+00:00
9289,2483.694,2026-09-24T07:55:18.034851+00:00
9290,2483.901,2026-09-24T07:55:18.035540+00:00
9291,2484.4460000000004,2026-09-24T07:55:18.036576+00:00
9292,2484.826,2026-09-24T07:55:18.037491+00:00
9293,2484.5060000000003,2026-09-24T07:55:18.038187+00:00
9294,2484.028,2026-09-24T07:55:18.038892+00:00
9295,2484.239,2026-09-24T07:55:18.040068+00:00
9296,2484.642,2026-09-24T07:55:18.041035+00:00
9297,2485.004,2026-09-24T07:55:18.041862+00:00
9298,2485.469,2026-09-24T07:55:18.042786+00:00
9299,2485.687,2026-09-24T07:55:18.043482+00:00
9300,2485.7999999999997,2026-09-24T07:55:18.044082+00:00
9301,2485.9840000000004,2026-09-24T07:55:18.044704+00:00
9302,2486.1279999999997,2026-09-24T07:55:18.045262+00:00
9303,2486.885,2026-09-24T07:55:18.046528+00:00
9304,2487.104,2026-09-24T07:55:18.047352+00:00
9305,2487.2960000000003,2026-09-24T07:55:18.047952+00:00
9306,2487.668,2026-09-24T07:55:18.048702+00:00
9307,2488.242,2026-09-24T07:55:18.049640+00:00
9308,2489.276,2026-09-24T07:55:18.051053+00:00
9309,2490.12,2026-09-24T07:55:18.052349+00:00
9310,2490.726,2026-09-24T07:55:18.053392+00:00
9311,2491.01,2026-09-24T07:55:18.054053+00:00
9312,2491.247,2026-09-24T07:55:18.054635+00:00
9313,2491.408,2026-09-24T07:55:18.055199+00:00
9314,2491.892,2026-09-24T07:55:18.056061+00:00
9315,2491.906,2026-09-24T07:55:18.056735+00:00
9316,2491.634,2026-09-24T07:55:18.057301+00:00
9317,2491.754,2026-09-24T07:55:18.057879+00:00
9318,2492.0170000000003,2026-09-24T07:55:18.058484+00:00
9319,2492.2149999999997,2026-09-24T07:55:18.059057+00:00
9320,2492.372,2026-09-24T07:55:18.059623+00:00
9321,2492.622,2026-09-24T07:55:18.060288+00:00
9322,2492.8219999999997,2026-09-24T07:55:18.060879+00:00
9323,2493.078,2026-09-24T07:55:18.061509+00:00
9324,2493.738,2026-09-24T07:55:18.062560+00:00
9325,2493.9939999999997,2026-09-24T07:55:18.063222+00:00
9326,2494.228,2026-09-24T07:55:18.063892+00:00
9327,2494.453,2026-09-24T07:55:18.064451+00:00
9328,2494.185,2026-09-24T07:55:18.065012+00:00
9329,2493.9049999999997,2026-09-24T07:55:18.065540+00:00
9330,2494.046,2026-09-24T07:55:18.066256+00:00
9331,2494.118,2026-09-24T07:55:18.066933+00:00
9332,2494.51,2026-09-24T07:55:18.067774+00:00
9333,2494.614,2026-09-24T07:55:18.068404+00:00
9334,2494.648,2026-09-24T07:55:18.069003+00:00
9335,2494.635,2026-09-24T07:55:18.069593+00:00
9336,2495.349,2026-09-24T07:55:18.070896+00:00
9337,2495.591,2026-09-24T07:55:18.071598+00:00
9338,2495.7569999999996,2026-09-24T07:55:18.072192+00:00
9339,2496.256,2026-09-24T07:55:18.073341+00:00
9340,2496.807,2026-09-24T07:55:18.074388+00:00
9341,2497.078,2026-09-24T07:55:18.075036+00:00
9342,2497.1130000000003,2026-09-24T07:55:18.075594+00:00
9343,2497.057,2026-09-24T07:55:18.076194+00:00
9344,2497.194,2026-09-24T07:55:18.076733+00:00
9345,2497.32,2026-09-24T07:55:18.077229+00:00
9346,2497.478,2026-09-24T07:55:18.077743+00:00
9347,2497.583,2026-09-24T07:55:18.078238+00:00
9348,2497.688,2026-09-24T07:55:18.078748+00:00
9349,2497.805,2026-09-24T07:55:18.079232+00:00
9350,2497.954,2026-09-24T07:55:18.079742+00:00
9351,2498.065,2026-09-24T07:55:18.080225+00:00
9352,2498.2090000000003,2026-09-24T07:55:18.080735+00:00
9353,2498.346,2026-09-24T07:55:18.081221+00:00
9354,2498.515,2026-09-24T07:55:18.081724+00:00
9355,2498.5460000000003,2026-09-24T07:55:18.082236+00:00
9356,2498.9629999999997,2026-09-24T07:55:18.083242+00:00
9357,2499.244,2026-09-24T07:55:18.083955+00:00
9358,2500.317,2026-09-24T07:55:18.085404+00:00
9359,2501.0840000000003,2026-09-24T07:55:18.086553+00:00
9360,2501.795,2026-09-24T07:55:18.087637+00:00
9361,2502.4570000000003,2026-09-24T07:55:18.088722+00:00
9362,2502.7,2026-09-24T07:55:18.089688+00:00
9363,2502.6549999999997,2026-09-24T07:55:18.090315+00:00
9364,2502.649,2026-09-24T07:55:18.091011+00:00
9365,2503.337,2026-09-24T07:55:18.092277+00:00
9366,2503.714,2026-09-24T07:55:18.093152+00:00
9367,2504.3869999999997,2026-09-24T07:55:18.094283+00:00
9368,2504.791,2026-09-24T07:55:18.095131+00:00
9369,2504.982,2026-09-24T07:55:18.095881+00:00
9370,2505.125,2026-09-24T07:55:18.096530+00:00
9371,2505.248,2026-09-24T07:55:18.097156+00:00
9372,2505.407,2026-09-24T07:55:18.097773+00:00
9373,2505.63,2026-09-24T07:55:18.098529+00:00
9374,2506.1659999999997,2026-09-24T07:55:18.099522+00:00
9375,2506.502,2026-09-24T07:55:18.100279+00:00
9376,2506.6929999999998,2026-09-24T07:55:18.100955+00:00
9377,2506.4030000000002,2026-09-24T07:55:18.101508+00:00
9378,2506.112,2026-09-24T07:55:18.102047+00:00
9379,2505.881,2026-09-24T07:55:18.102580+00:00
9380,2505.513,2026-09-24T07:55:18.103111+00:00
9381,2505.112,2026-09-24T07:55:18.103703+00:00
9382,2504.878,2026-09-24T07:55:18.104222+00:00
9383,2504.921,2026-09-24T07:55:18.104769+00:00
9384,2504.997,2026-09-24T07:55:18.105294+00:00
9385,2505.429,2026-09-24T07:55:18.106300+00:00
9386,2506.278,2026-09-24T07:55:18.107641+00:00
9387,2506.531,2026-09-24T07:55:18.108331+00:00
9388,2506.752,2026-09-24T07:55:18.108976+00:00
9389,2507.096,2026-09-24T07:55:18.109980+00:00
9390,2507.295,2026-09-24T07:55:18.110630+00:00
9391,2507.6369999999997,2026-09-24T07:55:18.111402+00:00
9392,2507.842,2026-09-24T07:55:18.112028+00:00
9393,2508.0049999999997,2026-09-24T07:55:18.112627+00:00
9394,2508.312,2026-09-24T07:55:18.113343+00:00
9395,2508.511,2026-09-24T07:55:18.113899+00:00
9396,2508.658,2026-09-24T07:55:18.114424+00:00
9397,2508.946,2026-09-24T07:55:18.115125+00:00
9398,2509.0750000000003,2026-09-24T07:55:18.115689+00:00
9399,2509.3109999999997,2026-09-24T07:55:18.116427+00:00
9400,2509.524,2026-09-24T07:55:18.117055+00:00
9401,2509.875,2026-09-24T07:55:18.117889+00:00
9402,2509.996,2026-09-24T07:55:18.118421+00:00
9403,2510.0440000000003,2026-09-24T07:55:18.118961+00:00
9404,2510.092,2026-09-24T07:55:18.119480+00:00
9405,2510.212,2026-09-24T07:55:18.120004+00:00
9406,2510.3900000000003,2026-09-24T07:55:18.120591+00:00
9407,2510.5719999999997,2026-09-24T07:55:18.121143+00:00
9408,2510.662,2026-09-24T07:55:18.121690+00:00
9409,2510.736,2026-09-24T07:55:18.122251+00:00
9410,2510.986,2026-09-24T07:55:18.122964+00:00
9411,2511.4700000000003,2026-09-24T07:55:18.123821+00:00
9412,2511.796,2026-09-24T07:55:18.124576+00:00
9413,2511.677,2026-09-24T07:55:18.125117+00:00
9414,2511.482,2026-09-24T07:55:18.125694+00:00
9415,2511.459,2026-09-24T07:55:18.126207+00:00
9416,2511.5440000000003,2026-09-24T07:55:18.126748+00:00
9417,2511.6459999999997,2026-09-24T07:55:18.127293+00:00
9418,2511.754,2026-09-24T07:55:18.127830+00:00
9419,2511.931,2026-09-24T07:55:18.128375+00:00
9420,2511.9950000000003,2026-09-24T07:55:18.128947+00:00
9421,2512.2810000000004,2026-09-24T07:55:18.129655+00:00
9422,2512.939,2026-09-24T07:55:18.130710+00:00
9423,2513.2599999999998,2026-09-24T07:55:18.131390+00:00
9424,2513.408,2026-09-24T07:55:18.132317+00:00
9425,2513.8509999999997,2026-09-24T07:55:18.133556+00:00
9426,2513.948,2026-09-24T07:55:18.134240+00:00
9427,2514.573,2026-09-24T07:55:18.135395+00:00
9428,2515.2380000000003,2026-09-24T07:55:18.136498+00:00
9429,2515.4939999999997,2026-09-24T07:55:18.137252+00:00
9430,2515.468,2026-09-24T07:55:18.137864+00:00
9431,2515.551,2026-09-24T07:55:18.138486+00:00
9432,2515.774,2026-09-24T07:55:18.139072+00:00
9433,2516.02,2026-09-24T07:55:18.139685+00:00
9434,2516.1929999999998,2026-09-24T07:55:18.140257+00:00
9435,2516.448,2026-09-24T07:55:18.140846+00:00
9436,2516.681,2026-09-24T07:55:18.141427+00:00
9437,2516.929,2026-09-24T07:55:18.141986+00:00
9438,2517.232,2026-09-24T07:55:18.142578+00:00
9439,2517.49,2026-09-24T07:55:18.143149+00:00
9440,2517.7000000000003,2026-09-24T07:55:18.143724+00:00
9441,2517.759,2026-09-24T07:55:18.144300+00:00
9442,2517.651,2026-09-24T07:55:18.144869+00:00
9443,2517.594,2026-09-24T07:55:18.145386+00:00
9444,2517.637,2026-09-24T07:55:18.145941+00:00
9445,2517.699,2026-09-24T07:55:18.146464+00:00
9446,2517.802,2026-09-24T07:55:18.146996+00:00
9447,2517.898,2026-09-24T07:55:18.147514+00:00
9448,2518.0280000000002,2026-09-24T07:55:18.148050+00:00
9449,2518.1059999999998,2026-09-24T07:55:18.148589+00:00
9450,2518.1809999999996,2026-09-24T07:55:18.149103+00:00
9451,2518.312,2026-09-24T07:55:18.149655+00:00
9452,2519.236,2026-09-24T07:55:18.151112+00:00
9453,2519.91,2026-09-24T07:55:18.152198+00:00
9454,2520.377,2026-09-24T07:55:18.153178+00:00
9455,2520.9570000000003,2026-09-24T07:55:18.154248+00:00
9456,2521.3489999999997,2026-09-24T07:55:18.155223+00:00
9457,2521.63,2026-09-24T07:55:18.156223+00:00
9458,2522.217,2026-09-24T07:55:18.157265+00:00
9459,2522.338,2026-09-24T07:55:18.158012+00:00
9460,2522.205,2026-09-24T07:55:18.158678+00:00
9461,2522.272,2026-09-24T07:55:18.159250+00:00
9462,2522.3559999999998,2026-09-24T07:55:18.159818+00:00
9463,2522.325,2026-09-24T07:55:18.160380+00:00
9464,2522.211,2026-09-24T07:55:18.160971+00:00
9465,2522.4449999999997,2026-09-24T07:55:18.161722+00:00
9466,2522.567,2026-09-24T07:55:18.162380+00:00
9467,2522.716,2026-09-24T07:55:18.162961+00:00
9468,2522.769,2026-09-24T07:55:18.163502+00:00
9469,2522.967,2026-09-24T07:55:18.164035+00:00
9470,2522.936,2026-09-24T07:55:18.164567+00:00
9471,2522.747,2026-09-24T07:55:18.165077+00:00
9472,2522.4790000000003,2026-09-24T07:55:18.165620+00:00
9473,2522.583,2026-09-24T07:55:18.166286+00:00
9474,2522.321,2026-09-24T07:55:18.166859+00:00
9475,2522.42,2026-09-24T07:55:18.167580+00:00
9476,2522.3140000000003,2026-09-24T07:55:18.168060+00:00
9477,2522.354,2026-09-24T07:55:18.168537+00:00
9478,2522.3019999999997,2026-09-24T07:55:18.168991+00:00
9479,2522.246,2026-09-24T07:55:18.169442+00:00
9480,2522.073,2026-09-24T07:55:18.169931+00:00
9481,2523.3669999999997,2026-09-24T07:55:18.171831+00:00
9482,2523.619,2026-09-24T07:55:18.172645+00:00
9483,2523.737,2026-09-24T07:55:18.173276+00:00
9484,2523.951,2026-09-24T07:55:18.173969+00:00
9485,2523.895,2026-09-24T07:55:18.174589+00:00
9486,2523.518,2026-09-24T07:55:18.175178+00:00
9487,2523.435,2026-09-24T07:55:18.175799+00:00
9488,2523.4,2026-09-24T07:55:18.176365+00:00
9489,2523.435,2026-09-24T07:55:18.176959+00:00
9490,2523.654,2026-09-24T07:55:18.177669+00:00
9491,2523.7110000000002,2026-09-24T07:55:18.178287+00:00
9492,2523.917,2026-09-24T07:55:18.178925+00:00
9493,2523.974,2026-09-24T07:55:18.179506+00:00
9494,2523.955,2026-09-24T07:55:18.180161+00:00
9495,2524.0269999999996,2026-09-24T07:55:18.180943+00:00
9496,2524.145,2026-09-24T07:55:18.181718+00:00
9497,2523.991,2026-09-24T07:55:18.182356+00:00
9498,2524.079,2026-09-24T07:55:18.183155+00:00
9499,2524.39,2026-09-24T07:55:18.184089+00:00
9500,2524.512,2026-09-24T07:55:18.184794+00:00
9501,2524.532,2026-09-24T07:55:18.185473+00:00
9502,2524.616,2026-09-24T07:55:18.186122+00:00
9503,2524.913,2026-09-24T07:55:18.186790+00:00
9504,2525.127,2026-09-24T07:55:18.187542+00:00
9505,2525.591,2026-09-24T07:55:18.188387+00:00
9506,2525.751,2026-09-24T07:55:18.189014+00:00
9507,2525.6400000000003,2026-09-24T07:55:18.189630+00:00
9508,2525.644,2026-09-24T07:55:18.190192+00:00
9509,2525.194,2026-09-24T07:55:18.190765+00:00
9510,2524.7929999999997,2026-09-24T07:55:18.191328+00:00
9511,2524.6110000000003,2026-09-24T07:55:18.191877+00:00
9512,2524.5519999999997,2026-09-24T07:55:18.192440+00:00
9513,2524.4049999999997,2026-09-24T07:55:18.193001+00:00
9514,2524.112,2026-09-24T07:55:18.193559+00:00
9515,2524.221,2026-09-24T07:55:18.194250+00:00
9516,2524.187,2026-09-24T07:55:18.194969+00:00
9517,2524.011,2026-09-24T07:55:18.195629+00:00
9518,2524.07,2026-09-24T07:55:18.196263+00:00
9519,2524.196,2026-09-24T07:55:18.196910+00:00
9520,2524.357,2026-09-24T07:55:18.197532+00:00
9521,2524.479,2026-09-24T07:55:18.198153+00:00
9522,2524.598,2026-09-24T07:55:18.198818+00:00
9523,2524.6780000000003,2026-09-24T07:55:18.199482+00:00
9524,2524.832,2026-09-24T07:55:18.200148+00:00
9525,2525.093,2026-09-24T07:55:18.200850+00:00
9526,2525.309,2026-09-24T07:55:18.201526+00:00
9527,2525.539,2026-09-24T07:55:18.202184+00:00
9528,2525.7740000000003,2026-09-24T07:55:18.202833+00:00
9529,2526.053,2026-09-24T07:55:18.203512+00:00
9530,2526.437,2026-09-24T07:55:18.204438+00:00
9531,2526.189,2026-09-24T07:55:18.205136+00:00
9532,2526.3450000000003,2026-09-24T07:55:18.205912+00:00
9533,2526.212,2026-09-24T07:55:18.206560+00:00
9534,2525.987,2026-09-24T07:55:18.207174+00:00
9535,2525.95,2026-09-24T07:55:18.207795+00:00
9536,2525.844,2026-09-24T07:55:18.208429+00:00
9537,2525.8720000000003,2026-09-24T07:55:18.209067+00:00
9538,2525.8509999999997,2026-09-24T07:55:18.209683+00:00
9539,2525.9550000000004,2026-09-24T07:55:18.210334+00:00
9540,2525.967,2026-09-24T07:55:18.211003+00:00
9541,2525.654,2026-09-24T07:55:18.211650+00:00
9542,2525.672,2026-09-24T07:55:18.212311+00:00
9543,2525.864,2026-09-24T07:55:18.213055+00:00
9544,2526.0379999999996,2026-09-24T07:55:18.213694+00:00
9545,2526.4809999999998,2026-09-24T07:55:18.214686+00:00
9546,2526.781,2026-09-24T07:55:18.215645+00:00
9547,2527.2239999999997,2026-09-24T07:55:18.216582+00:00
9548,2527.7889999999998,2026-09-24T07:55:18.217751+00:00
9549,2527.7569999999996,2026-09-24T07:55:18.218397+00:00
9550,2527.6839999999997,2026-09-24T07:55:18.219133+00:00
9551,2527.813,2026-09-24T07:55:18.220020+00:00
9552,2528.422,2026-09-24T07:55:18.221232+00:00
9553,2528.7329999999997,2026-09-24T07:55:18.222068+00:00
9554,2528.654,2026-09-24T07:55:18.222798+00:00
9555,2528.7470000000003,2026-09-24T07:55:18.223485+00:00
9556,2529.029,2026-09-24T07:55:18.224256+00:00
9557,2529.296,2026-09-24T07:55:18.225056+00:00
9558,2529.567,2026-09-24T07:55:18.225903+00:00
9559,2529.788,2026-09-24T07:55:18.226695+00:00
9560,2530.083,2026-09-24T07:55:18.227606+00:00
9561,2529.738,2026-09-24T07:55:18.228325+00:00
9562,2529.8509999999997,2026-09-24T07:55:18.229032+00:00
9563,2530.1730000000002,2026-09-24T07:55:18.229841+00:00
9564,2530.301,2026-09-24T07:55:18.230535+00:00
9565,2530.304,2026-09-24T07:55:18.231165+00:00
9566,2530.312,2026-09-24T07:55:18.231829+00:00
9567,2530.337,2026-09-24T07:55:18.232452+00:00
9568,2530.4669999999996,2026-09-24T07:55:18.233115+00:00
9569,2530.924,2026-09-24T07:55:18.234144+00:00
9570,2531.2389999999996,2026-09-24T07:55:18.234992+00:00
9571,2531.089,2026-09-24T07:55:18.235605+00:00
9572,2529.4970000000003,2026-09-24T07:55:18.236149+00:00
9573,2529.197,2026-09-24T07:55:18.236692+00:00
9574,2528.966,2026-09-24T07:55:18.237269+00:00
9575,2528.5009999999997,2026-09-24T07:55:18.237832+00:00
9576,2528.383,2026-09-24T07:55:18.238345+00:00
9577,2528.515,2026-09-24T07:55:18.238891+00:00
9578,2528.689,2026-09-24T07:55:18.239445+00:00
9579,2529.011,2026-09-24T07:55:18.240133+00:00
9580,2529.1890000000003,2026-09-24T07:55:18.240749+00:00
9581,2529.389,2026-09-24T07:55:18.241312+00:00
9582,2529.6310000000003,2026-09-24T07:55:18.241912+00:00
9583,2529.8720000000003,2026-09-24T07:55:18.242503+00:00
9584,2530.079,2026-09-24T07:55:18.243116+00:00
9585,2530.293,2026-09-24T07:55:18.243684+00:00
9586,2530.485,2026-09-24T07:55:18.244255+00:00
9587,2530.703,2026-09-24T07:55:18.244934+00:00
9588,2531.0519999999997,2026-09-24T07:55:18.245659+00:00
9589,2530.448,2026-09-24T07:55:18.246272+00:00
9590,2531.071,2026-09-24T07:55:18.247309+00:00
9591,2532.0719999999997,2026-09-24T07:55:18.248694+00:00
9592,2532.8430000000003,2026-09-24T07:55:18.249824+00:00
9593,2533.353,2026-09-24T07:55:18.250802+00:00
9594,2533.528,2026-09-24T07:55:18.251661+00:00
9595,2533.703,2026-09-24T07:55:18.252353+00:00
9596,2534.025,2026-09-24T07:55:18.253221+00:00
9597,2534.224,2026-09-24T07:55:18.253878+00:00
9598,2534.4359999999997,2026-09-24T07:55:18.254494+00:00
9599,2534.589,2026-09-24T07:55:18.255116+00:00
9600,2534.73,2026-09-24T07:55:18.255763+00:00
9601,2534.6890000000003,2026-09-24T07:55:18.256389+00:00
9602,2534.6510000000003,2026-09-24T07:55:18.257024+00:00
9603,2534.766,2026-09-24T07:55:18.257781+00:00
9604,2534.888,2026-09-24T07:55:18.258463+00:00
9605,2535.022,2026-09-24T07:55:18.259113+00:00
9606,2535.1189999999997,2026-09-24T07:55:18.259785+00:00
9607,2535.0280000000002,2026-09-24T07:55:18.260422+00:00
9608,2534.811,2026-09-24T07:55:18.261080+00:00
9609,2534.838,2026-09-24T07:55:18.261784+00:00
9610,2534.9249999999997,2026-09-24T07:55:18.262448+00:00
9611,2535.165,2026-09-24T07:55:18.263238+00:00
9612,2535.281,2026-09-24T07:55:18.263992+00:00
9613,2535.491,2026-09-24T07:55:18.264737+00:00
9614,2535.705,2026-09-24T07:55:18.265403+00:00
9615,2535.894,2026-09-24T07:55:18.266042+00:00
9616,2536.156,2026-09-24T07:55:18.266754+00:00
9617,2536.4900000000002,2026-09-24T07:55:18.267584+00:00
9618,2536.584,2026-09-24T07:55:18.268254+00:00
9619,2536.497,2026-09-24T07:55:18.268867+00:00
9620,2536.625,2026-09-24T07:55:18.269493+00:00
9621,2536.548,2026-09-24T07:55:18.270107+00:00
9622,2536.592,2026-09-24T07:55:18.270748+00:00
9623,2536.862,2026-09-24T07:55:18.271533+00:00
9624,2537.119,2026-09-24T07:55:18.272269+00:00
9625,2537.3,2026-09-24T07:55:18.272943+00:00
9626,2537.8959999999997,2026-09-24T07:55:18.273974+00:00
9627,2538.394,2026-09-24T07:55:18.274887+00:00
9628,2538.578,2026-09-24T07:55:18.275545+00:00
9629,2539.11,2026-09-24T07:55:18.276686+00:00
9630,2538.987,2026-09-24T07:55:18.277485+00:00
9631,2538.697,2026-09-24T07:55:18.278194+00:00
9632,2538.98,2026-09-24T07:55:18.279151+00:00
9633,2539.269,2026-09-24T07:55:18.280020+00:00
9634,2539.669,2026-09-24T07:55:18.280931+00:00
9635,2539.957,2026-09-24T07:55:18.281742+00:00
9636,2540.393,2026-09-24T07:55:18.282645+00:00
9637,2540.55,2026-09-24T07:55:18.283306+00:00
9638,2540.72,2026-09-24T07:55:18.283950+00:00
9639,2540.766,2026-09-24T07:55:18.284481+00:00
9640,2540.8089999999997,2026-09-24T07:55:18.284990+00:00
9641,2540.763,2026-09-24T07:55:18.285487+00:00
9642,2540.7929999999997,2026-09-24T07:55:18.285988+00:00
9643,2540.799,2026-09-24T07:55:18.286495+00:00
9644,2540.87,2026-09-24T07:55:18.287001+00:00
9645,2540.866,2026-09-24T07:55:18.287483+00:00
9646,2540.904,2026-09-24T07:55:18.287973+00:00
9647,2540.946,2026-09-24T07:55:18.288474+00:00
9648,2540.956,2026-09-24T07:55:18.288966+00:00
9649,2540.946,2026-09-24T07:55:18.289448+00:00
9650,2540.846,2026-09-24T07:55:18.289938+00:00
9651,2540.908,2026-09-24T07:55:18.290460+00:00
9652,2541.067,2026-09-24T07:55:18.291044+00:00
9653,2541.047,2026-09-24T07:55:18.291596+00:00
9654,2541.157,2026-09-24T07:55:18.292131+00:00
9655,2541.283,2026-09-24T07:55:18.292669+00:00
9656,2541.194,2026-09-24T07:55:18.293169+00:00
9657,2541.2340000000004,2026-09-24T07:55:18.293676+00:00
9658,2541.276,2026-09-24T07:55:18.294193+00:00
9659,2541.283,2026-09-24T07:55:18.294747+00:00
9660,2541.076,2026-09-24T07:55:18.295284+00:00
9661,2541.093,2026-09-24T07:55:18.295998+00:00
9662,2540.692,2026-09-24T07:55:18.296610+00:00
9663,2540.5350000000003,2026-09-24T07:55:18.297148+00:00
9664,2540.833,2026-09-24T07:55:18.297982+00:00
9665,2541.014,2026-09-24T07:55:18.298704+00:00
9666,2541.165,2026-09-24T07:55:18.299396+00:00
9667,2541.267,2026-09-24T07:55:18.300017+00:00
9668,2541.4979999999996,2026-09-24T07:55:18.300701+00:00
9669,2541.573,2026-09-24T07:55:18.301580+00:00
9670,2541.5930000000003,2026-09-24T07:55:18.302511+00:00
9671,2541.3990000000003,2026-09-24T07:55:18.303318+00:00
9672,2541.314,2026-09-24T07:55:18.303946+00:00
9673,2541.3929999999996,2026-09-24T07:55:18.304512+00:00
9674,2541.5209999999997,2026-09-24T07:55:18.305085+00:00
9675,2541.527,2026-09-24T07:55:18.305688+00:00
9676,2541.395,2026-09-24T07:55:18.306552+00:00
9677,2541.281,2026-09-24T07:55:18.307128+00:00
9678,2541.281,2026-09-24T07:55:18.307689+00:00
9679,2541.2560000000003,2026-09-24T07:55:18.308229+00:00
9680,2541.3250000000003,2026-09-24T07:55:18.308752+00:00
9681,2541.422,2026-09-24T07:55:18.309288+00:00
9682,2541.565,2026-09-24T07:55:18.309851+00:00
9683,2541.469,2026-09-24T07:55:18.310382+00:00
9684,2541.527,2026-09-24T07:55:18.311110+00:00
9685,2541.621,2026-09-24T07:55:18.311714+00:00
9686,2541.76,2026-09-24T07:55:18.312267+00:00
9687,2542.007,2026-09-24T07:55:18.312955+00:00
9688,2542.322,2026-09-24T07:55:18.313636+00:00
9689,2542.461,2026-09-24T07:55:18.314254+00:00
9690,2542.619,2026-09-24T07:55:18.314833+00:00
9691,2542.574,2026-09-24T07:55:18.315422+00:00
9692,2542.726,2026-09-24T07:55:18.315986+00:00
9693,2543.187,2026-09-24T07:55:18.316861+00:00
9694,2543.467,2026-09-24T07:55:18.317589+00:00
9695,2543.5409999999997,2026-09-24T07:55:18.318153+00:00
9696,2543.664,2026-09-24T07:55:18.318678+00:00
9697,2543.8010000000004,2026-09-24T07:55:18.319176+00:00
9698,2543.981,2026-09-24T07:55:18.319716+00:00
9699,2544.2019999999998,2026-09-24T07:55:18.320261+00:00
9700,2544.5190000000002,2026-09-24T07:55:18.320924+00:00
9701,2546.05,2026-09-24T07:55:18.322804+00:00
9702,2547.114,2026-09-24T07:55:18.324199+00:00
9703,2547.5099999999998,2026-09-24T07:55:18.324906+00:00
9704,2547.771,2026-09-24T07:55:18.325503+00:00
9705,2548.1259999999997,2026-09-24T07:55:18.326171+00:00
9706,2548.399,2026-09-24T07:55:18.326749+00:00
9707,2548.526,2026-09-24T07:55:18.327284+00:00
9708,2548.755,2026-09-24T07:55:18.327840+00:00
9709,2548.835,2026-09-24T07:55:18.328362+00:00
9710,2549.203,2026-09-24T07:55:18.329080+00:00
9711,2549.432,2026-09-24T07:55:18.329634+00:00
9712,2549.5860000000002,2026-09-24T07:55:18.330155+00:00
9713,2550.078,2026-09-24T07:55:18.330988+00:00
9714,2550.599,2026-09-24T07:55:18.331854+00:00
9715,2551.715,2026-09-24T07:55:18.333308+00:00
9716,2552.276,2026-09-24T07:55:18.334385+00:00
9717,2552.4230000000002,2026-09-24T07:55:18.335053+00:00
9718,2552.565,2026-09-24T07:55:18.335673+00:00
9719,2552.6879999999996,2026-09-24T07:55:18.336226+00:00
9720,2552.864,2026-09-24T07:55:18.336782+00:00
9721,2553.026,2026-09-24T07:55:18.337293+00:00
9722,2553.169,2026-09-24T07:55:18.337806+00:00
9723,2553.252,2026-09-24T07:55:18.338290+00:00
9724,2553.3920000000003,2026-09-24T07:55:18.338798+00:00
9725,2553.5139999999997,2026-09-24T07:55:18.339294+00:00
9726,2553.642,2026-09-24T07:55:18.339784+00:00
9727,2553.5809999999997,2026-09-24T07:55:18.340269+00:00
9728,2553.2819999999997,2026-09-24T07:55:18.340766+00:00
9729,2553.001,2026-09-24T07:55:18.341246+00:00
9730,2552.7690000000002,2026-09-24T07:55:18.341761+00:00
9731,2552.6059999999998,2026-09-24T07:55:18.342253+00:00
9732,2552.602,2026-09-24T07:55:18.342785+00:00
9733,2552.471,2026-09-24T07:55:18.343299+00:00
9734,2552.402,2026-09-24T07:55:18.343803+00:00
9735,2552.398,2026-09-24T07:55:18.344298+00:00
9736,2552.475,2026-09-24T07:55:18.344829+00:00
9737,2552.382,2026-09-24T07:55:18.345316+00:00
9738,2552.2599999999998,2026-09-24T07:55:18.345832+00:00
9739,2552.0870000000004,2026-09-24T07:55:18.346361+00:00
9740,2552.133,2026-09-24T07:55:18.347000+00:00
9741,2552.235,2026-09-24T07:55:18.347589+00:00
9742,2552.233,2026-09-24T07:55:18.348125+00:00
9743,2552.265,2026-09-24T07:55:18.348669+00:00
9744,2552.369,2026-09-24T07:55:18.349220+00:00
9745,2552.9030000000002,2026-09-24T07:55:18.350209+00:00
9746,2553.057,2026-09-24T07:55:18.350833+00:00
9747,2553.148,2026-09-24T07:55:18.351363+00:00
9748,2553.257,2026-09-24T07:55:18.351923+00:00
9749,2553.374,2026-09-24T07:55:18.352485+00:00
9750,2553.458,2026-09-24T07:55:18.352998+00:00
9751,2553.561,2026-09-24T07:55:18.353509+00:00
9752,2553.7000000000003,2026-09-24T07:55:18.354047+00:00
9753,2553.727,2026-09-24T07:55:18.354559+00:00
9754,2553.9010000000003,2026-09-24T07:55:18.355133+00:00
9755,2553.9489999999996,2026-09-24T07:55:18.355690+00:00
9756,2554.317,2026-09-24T07:55:18.356470+00:00
9757,2554.243,2026-09-24T07:55:18.357019+00:00
9758,2553.925,2026-09-24T07:55:18.357544+00:00
9759,2553.638,2026-09-24T07:55:18.358075+00:00
9760,2553.63,2026-09-24T07:55:18.358600+00:00
9761,2553.575,2026-09-24T07:55:18.359128+00:00
9762,2553.571,2026-09-24T07:55:18.359645+00:00
9763,2553.432,2026-09-24T07:55:18.360143+00:00
9764,2553.4919999999997,2026-09-24T07:55:18.360638+00:00
9765,2553.4970000000003,2026-09-24T07:55:18.361169+00:00
9766,2553.645,2026-09-24T07:55:18.361860+00:00
9767,2553.831,2026-09-24T07:55:18.362546+00:00
9768,2553.884,2026-09-24T07:55:18.363159+00:00
9769,2554.048,2026-09-24T07:55:18.363746+00:00
9770,2554.241,2026-09-24T07:55:18.364282+00:00
9771,2554.3469999999998,2026-09-24T07:55:18.364807+00:00
9772,2554.4030000000002,2026-09-24T07:55:18.365329+00:00
9773,2554.268,2026-09-24T07:55:18.365852+00:00
9774,2554.46,2026-09-24T07:55:18.366765+00:00
9775,2554.475,2026-09-24T07:55:18.367311+00:00
9776,2554.5620000000004,2026-09-24T07:55:18.367878+00:00
9777,2554.577,2026-09-24T07:55:18.368448+00:00
9778,2554.67,2026-09-24T07:55:18.368994+00:00
9779,2554.582,2026-09-24T07:55:18.369568+00:00
9780,2554.267,2026-09-24T07:55:18.370128+00:00
9781,2554.41,2026-09-24T07:55:18.370742+00:00
9782,2554.64,2026-09-24T07:55:18.371555+00:00
9783,2554.695,2026-09-24T07:55:18.372268+00:00
9784,2555.832,2026-09-24T07:55:18.374225+00:00
9785,2564.085,2026-09-24T07:55:18.383484+00:00
9786,2565.3709999999996,2026-09-24T07:55:18.385590+00:00
9787,2566.665,2026-09-24T07:55:18.387452+00:00
9788,2567.3650000000002,2026-09-24T07:55:18.388616+00:00
9789,2569.276,2026-09-24T07:55:18.390970+00:00
9790,2570.076,2026-09-24T07:55:18.392294+00:00
9791,2570.3830000000003,2026-09-24T07:55:18.393052+00:00
9792,2570.567,2026-09-24T07:55:18.393721+00:00
9793,2570.735,2026-09-24T07:55:18.394350+00:00
9794,2570.9469999999997,2026-09-24T07:55:18.394979+00:00
9795,2571.062,2026-09-24T07:55:18.395569+00:00
9796,2571.2160000000003,2026-09-24T07:55:18.396162+00:00
9797,2571.3740000000003,2026-09-24T07:55:18.396733+00:00
9798,2571.3940000000002,2026-09-24T07:55:18.397299+00:00
9799,2571.304,2026-09-24T07:55:18.397893+00:00
9800,2570.916,2026-09-24T07:55:18.398474+00:00
9801,2570.9019999999996,2026-09-24T07:55:18.399069+00:00
9802,2570.982,2026-09-24T07:55:18.399637+00:00
9803,2571.3979999999997,2026-09-24T07:55:18.400508+00:00
9804,2572.04,2026-09-24T07:55:18.401727+00:00
9805,2572.3950000000004,2026-09-24T07:55:18.402536+00:00
9806,2572.594,2026-09-24T07:55:18.403230+00:00
9807,2572.977,2026-09-24T07:55:18.404032+00:00
9808,2573.413,2026-09-24T07:55:18.405066+00:00
9809,2574.487,2026-09-24T07:55:18.407052+00:00
9810,2575.258,2026-09-24T07:55:18.408565+00:00
9811,2575.4190000000003,2026-09-24T07:55:18.409387+00:00
9812,2576.581,2026-09-24T07:55:18.411123+00:00
9813,2577.321,2026-09-24T07:55:18.412343+00:00
9814,2578.534,2026-09-24T07:55:18.413963+00:00
9815,2579.4790000000003,2026-09-24T07:55:18.415301+00:00
9816,2579.532,2026-09-24T07:55:18.416153+00:00
9817,2579.35,2026-09-24T07:55:18.416981+00:00
9818,2580.159,2026-09-24T07:55:18.418439+00:00
9819,2581.792,2026-09-24T07:55:18.420603+00:00
9820,2582.484,2026-09-24T07:55:18.421893+00:00
9821,2583.138,2026-09-24T07:55:18.423034+00:00
9822,2583.775,2026-09-24T07:55:18.424103+00:00
9823,2584.271,2026-09-24T07:55:18.425056+00:00
9824,2584.954,2026-09-24T07:55:18.426219+00:00
9825,2585.445,2026-09-24T07:55:18.427207+00:00
9826,2586.08,2026-09-24T07:55:18.428340+00:00
9827,2586.326,2026-09-24T07:55:18.429351+00:00
9828,2586.6440000000002,2026-09-24T07:55:18.430370+00:00
9829,2586.545,2026-09-24T07:55:18.431257+00:00
9830,2586.801,2026-09-24T07:55:18.432099+00:00
9831,2587.184,2026-09-24T07:55:18.432939+00:00
9832,2587.904,2026-09-24T07:55:18.434031+00:00
9833,2588.629,2026-09-24T07:55:18.435131+00:00
9834,2588.98,2026-09-24T07:55:18.435863+00:00
9835,2589.322,2026-09-24T07:55:18.436555+00:00
9836,2589.603,2026-09-24T07:55:18.437202+00:00
9837,2589.9030000000002,2026-09-24T07:55:18.437847+00:00
9838,2590.109,2026-09-24T07:55:18.438489+00:00
9839,2590.3849999999998,2026-09-24T07:55:18.439142+00:00
9840,2590.744,2026-09-24T07:55:18.439850+00:00
9841,2591.0890000000004,2026-09-24T07:55:18.440564+00:00
9842,2591.3089999999997,2026-09-24T07:55:18.441226+00:00
9843,2591.411,2026-09-24T07:55:18.441870+00:00
9844,2591.265,2026-09-24T07:55:18.442501+00:00
9845,2591.3909999999996,2026-09-24T07:55:18.443104+00:00
9846,2591.54,2026-09-24T07:55:18.443739+00:00
9847,2591.9300000000003,2026-09-24T07:55:18.444574+00:00
9848,2592.2239999999997,2026-09-24T07:55:18.445292+00:00
9849,2592.5319999999997,2026-09-24T07:55:18.445995+00:00
9850,2592.7889999999998,2026-09-24T07:55:18.446629+00:00
9851,2593.037,2026-09-24T07:55:18.447255+00:00
9852,2593.3039999999996,2026-09-24T07:55:18.447863+00:00
9853,2593.496,2026-09-24T07:55:18.448466+00:00
9854,2593.694,2026-09-24T07:55:18.449068+00:00
9855,2593.94,2026-09-24T07:55:18.449688+00:00
9856,2594.248,2026-09-24T07:55:18.450378+00:00
9857,2594.451,2026-09-24T07:55:18.451014+00:00
9858,2594.6549999999997,2026-09-24T07:55:18.451643+00:00
9859,2594.871,2026-09-24T07:55:18.452245+00:00
9860,2595.117,2026-09-24T07:55:18.452838+00:00
9861,2595.3740000000003,2026-09-24T07:55:18.453420+00:00
9862,2595.66,2026-09-24T07:55:18.454045+00:00
9863,2595.7180000000003,2026-09-24T07:55:18.454629+00:00
9864,2595.9629999999997,2026-09-24T07:55:18.455216+00:00
9865,2596.484,2026-09-24T07:55:18.456091+00:00
9866,2596.866,2026-09-24T07:55:18.456800+00:00
9867,2597.209,2026-09-24T07:55:18.457460+00:00
9868,2597.5190000000002,2026-09-24T07:55:18.458109+00:00
9869,2598.6479999999997,2026-09-24T07:55:18.459579+00:00
9870,2599.424,2026-09-24T07:55:18.460751+00:00
9871,2600.0299999999997,2026-09-24T07:55:18.461731+00:00
9872,2600.908,2026-09-24T07:55:18.462963+00:00
9873,2601.842,2026-09-24T07:55:18.464234+00:00
9874,2602.3869999999997,2026-09-24T07:55:18.465120+00:00
9875,2603.144,2026-09-24T07:55:18.466204+00:00
9876,2604.108,2026-09-24T07:55:18.467492+00:00
9877,2604.638,2026-09-24T07:55:18.468369+00:00
9878,2605.1259999999997,2026-09-24T07:55:18.469192+00:00
9879,2605.5480000000002,2026-09-24T07:55:18.470040+00:00
9880,2606.034,2026-09-24T07:55:18.470981+00:00
9881,2606.461,2026-09-24T07:55:18.471757+00:00
9882,2606.704,2026-09-24T07:55:18.472395+00:00
9883,2606.996,2026-09-24T07:55:18.473015+00:00
9884,2607.294,2026-09-24T07:55:18.473641+00:00
9885,2607.516,2026-09-24T07:55:18.474222+00:00
9886,2607.763,2026-09-24T07:55:18.474836+00:00
9887,2608.009,2026-09-24T07:55:18.475448+00:00
9888,2608.24,2026-09-24T07:55:18.476026+00:00
9889,2608.265,2026-09-24T07:55:18.476603+00:00
9890,2608.4429999999998,2026-09-24T07:55:18.477176+00:00
9891,2608.622,2026-09-24T07:55:18.477771+00:00
9892,2608.7470000000003,2026-09-24T07:55:18.478341+00:00
9893,2608.99,2026-09-24T07:55:18.478960+00:00
9894,2609.2110000000002,2026-09-24T07:55:18.479545+00:00
9895,2609.4089999999997,2026-09-24T07:55:18.480144+00:00
9896,2609.639,2026-09-24T07:55:18.480747+00:00
9897,2609.677,2026-09-24T07:55:18.481314+00:00
9898,2609.76,2026-09-24T07:55:18.481908+00:00
9899,2609.765,2026-09-24T07:55:18.482501+00:00
9900,2609.9199999999996,2026-09-24T07:55:18.483091+00:00
9901,2609.9770000000003,2026-09-24T07:55:18.483674+00:00
9902,2610.138,2026-09-24T07:55:18.484222+00:00
9903,2610.043,2026-09-24T07:55:18.484774+00:00
9904,2610.2490000000003,2026-09-24T07:55:18.485343+00:00
9905,2610.513,2026-09-24T07:55:18.485958+00:00
9906,2610.5480000000002,2026-09-24T07:55:18.486567+00:00
9907,2610.618,2026-09-24T07:55:18.487231+00:00
9908,2610.723,2026-09-24T07:55:18.487804+00:00
9909,2610.8790000000004,2026-09-24T07:55:18.488396+00:00
9910,2611.0989999999997,2026-09-24T07:55:18.488993+00:00
9911,2611.354,2026-09-24T07:55:18.489601+00:00
9912,2611.549,2026-09-24T07:55:18.490181+00:00
9913,2611.7819999999997,2026-09-24T07:55:18.490767+00:00
9914,2612.005,2026-09-24T07:55:18.491330+00:00
9915,2612.208,2026-09-24T07:55:18.491917+00:00
9916,2612.45,2026-09-24T07:55:18.492505+00:00
9917,2612.6969999999997,2026-09-24T07:55:18.493072+00:00
9918,2612.917,2026-09-24T07:55:18.493655+00:00
9919,2613.109,2026-09-24T07:55:18.494211+00:00
9920,2613.2,2026-09-24T07:55:18.494799+00:00
9921,2613.047,2026-09-24T07:55:18.495365+00:00
9922,2612.8900000000003,2026-09-24T07:55:18.495960+00:00
9923,2612.877,2026-09-24T07:55:18.496550+00:00
9924,2614.0319999999997,2026-09-24T07:55:18.498305+00:00
9925,2614.407,2026-09-24T07:55:18.499228+00:00
9926,2614.5870000000004,2026-09-24T07:55:18.499838+00:00
9927,2614.718,2026-09-24T07:55:18.500424+00:00
9928,2614.909,2026-09-24T07:55:18.500985+00:00
9929,2615.075,2026-09-24T07:55:18.501537+00:00
9930,2615.5339999999997,2026-09-24T07:55:18.502358+00:00
9931,2617.0789999999997,2026-09-24T07:55:18.504352+00:00
9932,2617.469,2026-09-24T07:55:18.505234+00:00
9933,2617.76,2026-09-24T07:55:18.505911+00:00
9934,2618.105,2026-09-24T07:55:18.506623+00:00
9935,2618.596,2026-09-24T07:55:18.507482+00:00
9936,2619.3529999999996,2026-09-24T07:55:18.508584+00:00
9937,2620.038,2026-09-24T07:55:18.509706+00:00
9938,2620.218,2026-09-24T07:55:18.510383+00:00
9939,2620.018,2026-09-24T07:55:18.510981+00:00
9940,2620.161,2026-09-24T07:55:18.511754+00:00
9941,2620.444,2026-09-24T07:55:18.512600+00:00
9942,2620.568,2026-09-24T07:55:18.513214+00:00
9943,2620.781,2026-09-24T07:55:18.513794+00:00
9944,2621.008,2026-09-24T07:55:18.514374+00:00
9945,2621.322,2026-09-24T07:55:18.515030+00:00
9946,2621.58,2026-09-24T07:55:18.515617+00:00
9947,2621.82,2026-09-24T07:55:18.516178+00:00
9948,2622.023,2026-09-24T07:55:18.516741+00:00
9949,2622.616,2026-09-24T07:55:18.517720+00:00
9950,2623.085,2026-09-24T07:55:18.518551+00:00
9951,2623.438,2026-09-24T07:55:18.519294+00:00
9952,2623.35,2026-09-24T07:55:18.519992+00:00
9953,2623.333,2026-09-24T07:55:18.520695+00:00
9954,2622.7870000000003,2026-09-24T07:55:18.521371+00:00
9955,2622.757,2026-09-24T07:55:18.522100+00:00
9956,2622.89,2026-09-24T07:55:18.522787+00:00
9957,2623.0609999999997,2026-09-24T07:55:18.523439+00:00
9958,2623.1870000000004,2026-09-24T07:55:18.524115+00:00
9959,2623.515,2026-09-24T07:55:18.524943+00:00
9960,2623.785,2026-09-24T07:55:18.525681+00:00
9961,2624.381,2026-09-24T07:55:18.526738+00:00
9962,2624.841,2026-09-24T07:55:18.527635+00:00
9963,2625.359,2026-09-24T07:55:18.528578+00:00
9964,2625.5950000000003,2026-09-24T07:55:18.529242+00:00
9965,2625.8149999999996,2026-09-24T07:55:18.529903+00:00
9966,2625.9649999999997,2026-09-24T07:55:18.530573+00:00
9967,2626.1369999999997,2026-09-24T07:55:18.531232+00:00
9968,2626.4120000000003,2026-09-24T07:55:18.531899+00:00
9969,2626.5879999999997,2026-09-24T07:55:18.532527+00:00
9970,2627.554,2026-09-24T07:55:18.533927+00:00
9971,2628.083,2026-09-24T07:55:18.534905+00:00
9972,2628.377,2026-09-24T07:55:18.535672+00:00
9973,2628.4900000000002,2026-09-24T07:55:18.536425+00:00
9974,2629.317,2026-09-24T07:55:18.537769+00:00
9975,2629.899,2026-09-24T07:55:18.538792+00:00
9976,2630.221,2026-09-24T07:55:18.539606+00:00
9977,2630.507,2026-09-24T07:55:18.540359+00:00
9978,2630.9,2026-09-24T07:55:18.541141+00:00
9979,2631.167,2026-09-24T07:55:18.541895+00:00
9980,2631.447,2026-09-24T07:55:18.542646+00:00
9981,2632.1240000000003,2026-09-24T07:55:18.543741+00:00
9982,2632.6969999999997,2026-09-24T07:55:18.544719+00:00
9983,2633.045,2026-09-24T07:55:18.545497+00:00
9984,2633.345,2026-09-24T07:55:18.546258+00:00
9985,2633.679,2026-09-24T07:55:18.546995+00:00
9986,2633.987,2026-09-24T07:55:18.547718+00:00
9987,2633.8940000000002,2026-09-24T07:55:18.548393+00:00
9988,2634.174,2026-09-24T07:55:18.549146+00:00
9989,2634.422,2026-09-24T07:55:18.549889+00:00
9990,2634.709,2026-09-24T07:55:18.550599+00:00
9991,2635.009,2026-09-24T07:55:18.551318+00:00
9992,2634.929,2026-09-24T07:55:18.552047+00:00
9993,2634.913,2026-09-24T07:55:18.552790+00:00
9994,2635.13,2026-09-24T07:55:18.553522+00:00
9995,2635.201,2026-09-24T07:55:18.554254+00:00
9996,2635.366,2026-09-24T07:55:18.554998+00:00
9997,2635.416,2026-09-24T07:55:18.555744+00:00
9998,2635.702,2026-09-24T07:55:18.556471+00:00
9999,2636.1349999999998,2026-09-24T07:55:18.557230+00:00
10000,2636.565,2026-09-24T07:55:18.558062+00:00
10001,2636.913,2026-09-24T07:55:18.558939+00:00
10002,2636.999,2026-09-24T07:55:18.559711+00:00
10003,2637.0930000000003,2026-09-24T07:55:18.560381+00:00
10004,2637.123,2026-09-24T07:55:18.560955+00:00
10005,2637.292,2026-09-24T07:55:18.561538+00:00
10006,2637.233,2026-09-24T07:55:18.562138+00:00
10007,2637.3160000000003,2026-09-24T07:55:18.562717+00:00
10008,2637.3869999999997,2026-09-24T07:55:18.563286+00:00
10009,2637.466,2026-09-24T07:55:18.563910+00:00
10010,2637.644,2026-09-24T07:55:18.564516+00:00
