seq,latency_ms,received_at
11,0.39599999999999996,2026-09-24T08:01:18.671580+00:00
12,0.388,2026-09-24T08:01:18.674013+00:00
13,0.46299999999999997,2026-09-24T08:01:18.676518+00:00
14,0.392,2026-09-24T08:01:18.678954+00:00
15,0.521,2026-09-24T08:01:18.681519+00:00
16,0.47300000000000003,2026-09-24T08:01:18.683896+00:00
17,0.48500000000000004,2026-09-24T08:01:18.686329+00:00
18,0.6130000000000001,2026-09-24T08:01:18.688872+00:00
19,0.496,2026-09-24T08:01:18.691188+00:00
20,0.626,2026-09-24T08:01:18.693784+00:00
21,0.533,2026-09-24T08:01:18.696158+00:00
22,0.695,2026-09-24T08:01:18.698743+00:00
23,0.603,2026-09-24T08:01:18.701124+00:00
24,0.544,2026-09-24T08:01:18.703498+00:00
25,0.474,2026-09-24T08:01:18.705928+00:00
26,0.508,2026-09-24T08:01:18.708395+00:00
27,0.535,2026-09-24T08:01:18.710910+00:00
28,0.51,2026-09-24T08:01:18.713384+00:00
29,0.508,2026-09-24T08:01:18.715864+00:00
30,0.615,2026-09-24T08:01:18.718454+00:00
31,0.565,2026-09-24T08:01:18.720991+00:00
32,0.579,2026-09-24T08:01:18.723611+00:00
33,0.58,2026-09-24T08:01:18.726226+00:00
34,0.578,2026-09-24T08:01:18.728845+00:00
35,0.5810000000000001,2026-09-24T08:01:18.731473+00:00
36,0.7150000000000001,2026-09-24T08:01:18.734224+00:00
37,0.67,2026-09-24T08:01:18.736788+00:00
38,0.565,2026-09-24T08:01:18.739305+00:00
39,0.642,2026-09-24T08:01:18.741982+00:00
40,0.68,2026-09-24T08:01:18.744830+00:00
41,0.585,2026-09-24T08:01:18.747484+00:00
42,0.678,2026-09-24T08:01:18.750263+00:00
43,0.579,2026-09-24T08:01:18.752900+00:00
44,0.48899999999999993,2026-09-24T08:01:18.755517+00:00
45,0.458,2026-09-24T08:01:18.758079+00:00
46,0.6719999999999999,2026-09-24T08:01:18.760833+00:00
47,0.782,2026-09-24T08:01:18.763562+00:00
48,0.642,2026-09-24T08:01:18.766199+00:00
49,0.585,2026-09-24T08:01:18.768672+00:00
50,0.5519999999999999,2026-09-24T08:01:18.771128+00:00
51,0.982,2026-09-24T08:01:18.774064+00:00
52,0.887,2026-09-24T08:01:18.776999+00:00
53,1.073,2026-09-24T08:01:18.780219+00:00
54,0.757,2026-09-24T08:01:18.782920+00:00
55,0.758,2026-09-24T08:01:18.785648+00:00
56,0.601,2026-09-24T08:01:18.788142+00:00
57,0.513,2026-09-24T08:01:18.790563+00:00
58,0.399,2026-09-24T08:01:18.792902+00:00
59,0.40099999999999997,2026-09-24T08:01:18.795324+00:00
60,0.644,2026-09-24T08:01:18.797994+00:00
61,0.559,2026-09-24T08:01:18.800351+00:00
62,0.549,2026-09-24T08:01:18.802768+00:00
63,0.5199999999999999,2026-09-24T08:01:18.805171+00:00
64,0.5860000000000001,2026-09-24T08:01:18.807674+00:00
65,0.63,2026-09-24T08:01:18.810333+00:00
66,0.629,2026-09-24T08:01:18.812952+00:00
67,0.625,2026-09-24T08:01:18.815739+00:00
68,0.5509999999999999,2026-09-24T08:01:18.818302+00:00
69,0.49299999999999994,2026-09-24T08:01:18.820867+00:00
70,0.508,2026-09-24T08:01:18.823429+00:00
71,0.47,2026-09-24T08:01:18.825957+00:00
72,0.519,2026-09-24T08:01:18.828526+00:00
73,0.45,2026-09-24T08:01:18.830980+00:00
74,0.467,2026-09-24T08:01:18.833514+00:00
75,0.43,2026-09-24T08:01:18.836001+00:00
76,0.507,2026-09-24T08:01:18.838585+00:00
77,0.635,2026-09-24T08:01:18.841332+00:00
78,0.61,2026-09-24T08:01:18.843960+00:00
79,0.5680000000000001,2026-09-24T08:01:18.846447+00:00
80,0.5429999999999999,2026-09-24T08:01:18.848921+00:00
81,0.523,2026-09-24T08:01:18.851407+00:00
82,0.539,2026-09-24T08:01:18.853915+00:00
83,0.516,2026-09-24T08:01:18.856408+00:00
84,0.541,2026-09-24T08:01:18.858912+00:00
85,0.474,2026-09-24T08:01:18.861346+00:00
86,0.453,2026-09-24T08:01:18.863814+00:00
87,0.444,2026-09-24T08:01:18.866297+00:00
88,0.5810000000000001,2026-09-24T08:01:18.868914+00:00
89,0.569,2026-09-24T08:01:18.871531+00:00
90,0.553,2026-09-24T08:01:18.874082+00:00
91,0.562,2026-09-24T08:01:18.876726+00:00
92,0.449,2026-09-24T08:01:18.879273+00:00
93,0.674,2026-09-24T08:01:18.882277+00:00
94,0.541,2026-09-24T08:01:18.885040+00:00
95,0.5479999999999999,2026-09-24T08:01:18.887794+00:00
96,0.537,2026-09-24T08:01:18.890549+00:00
97,0.531,2026-09-24T08:01:18.893292+00:00
98,0.528,2026-09-24T08:01:18.896049+00:00
99,0.5429999999999999,2026-09-24T08:01:18.898810+00:00
100,0.653,2026-09-24T08:01:18.901674+00:00
101,0.674,2026-09-24T08:01:18.904443+00:00
102,0.5469999999999999,2026-09-24T08:01:18.907163+00:00
103,0.503,2026-09-24T08:01:18.909788+00:00
104,0.523,2026-09-24T08:01:18.912393+00:00
105,0.429,2026-09-24T08:01:18.914980+00:00
106,0.435,2026-09-24T08:01:18.917523+00:00
107,0.41300000000000003,2026-09-24T08:01:18.920024+00:00
108,0.416,2026-09-24T08:01:18.922550+00:00
109,0.422,2026-09-24T08:01:18.925116+00:00
110,0.429,2026-09-24T08:01:18.927645+00:00
111,0.513,2026-09-24T08:01:18.930288+00:00
112,0.515,2026-09-24T08:01:18.933039+00:00
113,0.528,2026-09-24T08:01:18.935793+00:00
114,0.524,2026-09-24T08:01:18.938526+00:00
115,0.521,2026-09-24T08:01:18.941245+00:00
116,0.507,2026-09-24T08:01:18.943968+00:00
117,0.522,2026-09-24T08:01:18.946712+00:00
118,0.5680000000000001,2026-09-24T08:01:18.949504+00:00
119,0.6890000000000001,2026-09-24T08:01:18.952378+00:00
120,0.5379999999999999,2026-09-24T08:01:18.955072+00:00
121,0.662,2026-09-24T08:01:18.957938+00:00
122,0.574,2026-09-24T08:01:18.960667+00:00
123,0.622,2026-09-24T08:01:18.963470+00:00
124,0.509,2026-09-24T08:01:18.966120+00:00
125,0.524,2026-09-24T08:01:18.968859+00:00
126,0.5339999999999999,2026-09-24T08:01:18.971613+00:00
127,0.47100000000000003,2026-09-24T08:01:18.974306+00:00
128,0.45399999999999996,2026-09-24T08:01:18.977047+00:00
129,0.477,2026-09-24T08:01:18.979749+00:00
130,0.536,2026-09-24T08:01:18.982506+00:00
131,0.455,2026-09-24T08:01:18.985099+00:00
132,0.47100000000000003,2026-09-24T08:01:18.987794+00:00
133,0.5509999999999999,2026-09-24T08:01:18.990570+00:00
134,0.569,2026-09-24T08:01:18.993282+00:00
135,0.5680000000000001,2026-09-24T08:01:18.995973+00:00
136,0.566,2026-09-24T08:01:18.998676+00:00
137,0.5469999999999999,2026-09-24T08:01:19.001346+00:00
138,0.54,2026-09-24T08:01:19.004022+00:00
139,0.646,2026-09-24T08:01:19.006807+00:00
140,0.588,2026-09-24T08:01:19.009529+00:00
141,0.5609999999999999,2026-09-24T08:01:19.012214+00:00
142,0.5730000000000001,2026-09-24T08:01:19.014922+00:00
143,0.5680000000000001,2026-09-24T08:01:19.017630+00:00
144,0.5519999999999999,2026-09-24T08:01:19.020314+00:00
145,0.5599999999999999,2026-09-24T08:01:19.023012+00:00
146,0.6669999999999999,2026-09-24T08:01:19.025813+00:00
147,0.767,2026-09-24T08:01:19.028761+00:00
148,0.967,2026-09-24T08:01:19.032045+00:00
149,0.625,2026-09-24T08:01:19.034825+00:00
150,0.41300000000000003,2026-09-24T08:01:19.037324+00:00
151,0.499,2026-09-24T08:01:19.039904+00:00
152,0.6719999999999999,2026-09-24T08:01:19.042800+00:00
153,0.579,2026-09-24T08:01:19.045505+00:00
154,0.5770000000000001,2026-09-24T08:01:19.048216+00:00
155,0.5109999999999999,2026-09-24T08:01:19.050816+00:00
156,0.5950000000000001,2026-09-24T08:01:19.053604+00:00
157,0.559,2026-09-24T08:01:19.056308+00:00
158,0.525,2026-09-24T08:01:19.058987+00:00
159,0.601,2026-09-24T08:01:19.061782+00:00
160,0.544,2026-09-24T08:01:19.064379+00:00
161,0.495,2026-09-24T08:01:19.066893+00:00
162,0.516,2026-09-24T08:01:19.069429+00:00
163,0.455,2026-09-24T08:01:19.071879+00:00
164,0.745,2026-09-24T08:01:19.074697+00:00
165,0.69,2026-09-24T08:01:19.077390+00:00
166,0.47300000000000003,2026-09-24T08:01:19.079884+00:00
167,0.41100000000000003,2026-09-24T08:01:19.082397+00:00
168,0.40099999999999997,2026-09-24T08:01:19.084899+00:00
169,0.414,2026-09-24T08:01:19.087407+00:00
170,0.503,2026-09-24T08:01:19.089938+00:00
171,0.451,2026-09-24T08:01:19.092444+00:00
172,0.398,2026-09-24T08:01:19.094879+00:00
173,0.47800000000000004,2026-09-24T08:01:19.097385+00:00
174,0.5820000000000001,2026-09-24T08:01:19.100009+00:00
175,0.839,2026-09-24T08:01:19.102919+00:00
176,0.47800000000000004,2026-09-24T08:01:19.105293+00:00
177,0.527,2026-09-24T08:01:19.107831+00:00
178,0.5519999999999999,2026-09-24T08:01:19.110433+00:00
179,0.87,2026-09-24T08:01:19.113461+00:00
180,0.657,2026-09-24T08:01:19.116233+00:00
181,0.809,2026-09-24T08:01:19.119102+00:00
182,0.6589999999999999,2026-09-24T08:01:19.121722+00:00
183,0.45899999999999996,2026-09-24T08:01:19.124170+00:00
184,0.683,2026-09-24T08:01:19.126853+00:00
185,0.523,2026-09-24T08:01:19.129357+00:00
186,0.527,2026-09-24T08:01:19.131858+00:00
187,0.47600000000000003,2026-09-24T08:01:19.134320+00:00
188,0.9970000000000001,2026-09-24T08:01:19.137319+00:00
189,0.772,2026-09-24T08:01:19.140156+00:00
190,0.62,2026-09-24T08:01:19.142803+00:00
191,0.523,2026-09-24T08:01:19.145320+00:00
192,0.752,2026-09-24T08:01:19.148052+00:00
193,0.5860000000000001,2026-09-24T08:01:19.150677+00:00
194,0.453,2026-09-24T08:01:19.153099+00:00
195,0.456,2026-09-24T08:01:19.155551+00:00
196,0.5559999999999999,2026-09-24T08:01:19.158170+00:00
197,0.486,2026-09-24T08:01:19.160665+00:00
198,0.429,2026-09-24T08:01:19.163117+00:00
199,0.46599999999999997,2026-09-24T08:01:19.165608+00:00
200,0.442,2026-09-24T08:01:19.168064+00:00
201,0.5479999999999999,2026-09-24T08:01:19.170696+00:00
202,0.433,2026-09-24T08:01:19.173072+00:00
203,0.49200000000000005,2026-09-24T08:01:19.175597+00:00
204,0.491,2026-09-24T08:01:19.178130+00:00
205,0.46900000000000003,2026-09-24T08:01:19.180603+00:00
206,0.458,2026-09-24T08:01:19.183076+00:00
207,0.531,2026-09-24T08:01:19.185662+00:00
208,0.422,2026-09-24T08:01:19.188114+00:00
209,0.602,2026-09-24T08:01:19.190744+00:00
210,0.43,2026-09-24T08:01:19.193227+00:00
211,0.449,2026-09-24T08:01:19.195699+00:00
212,0.458,2026-09-24T08:01:19.198184+00:00
213,0.515,2026-09-24T08:01:19.200714+00:00
214,0.531,2026-09-24T08:01:19.203320+00:00
215,0.502,2026-09-24T08:01:19.205787+00:00
216,0.5559999999999999,2026-09-24T08:01:19.208432+00:00
217,0.47100000000000003,2026-09-24T08:01:19.210936+00:00
218,0.566,2026-09-24T08:01:19.213625+00:00
219,0.5569999999999999,2026-09-24T08:01:19.216217+00:00
220,0.562,2026-09-24T08:01:19.218805+00:00
221,0.5509999999999999,2026-09-24T08:01:19.221398+00:00
222,0.5509999999999999,2026-09-24T08:01:19.223981+00:00
223,0.648,2026-09-24T08:01:19.226663+00:00
224,0.553,2026-09-24T08:01:19.229148+00:00
225,0.482,2026-09-24T08:01:19.231588+00:00
226,0.453,2026-09-24T08:01:19.234070+00:00
227,0.644,2026-09-24T08:01:19.236826+00:00
228,0.61,2026-09-24T08:01:19.239473+00:00
229,0.599,2026-09-24T08:01:19.242025+00:00
230,0.5730000000000001,2026-09-24T08:01:19.244587+00:00
231,0.536,2026-09-24T08:01:19.247082+00:00
232,0.8059999999999999,2026-09-24T08:01:19.249864+00:00
233,0.611,2026-09-24T08:01:19.252233+00:00
234,0.575,2026-09-24T08:01:19.254680+00:00
235,0.545,2026-09-24T08:01:19.257128+00:00
236,0.69,2026-09-24T08:01:19.259782+00:00
237,0.662,2026-09-24T08:01:19.262466+00:00
238,0.66,2026-09-24T08:01:19.265205+00:00
239,0.712,2026-09-24T08:01:19.267988+00:00
240,0.903,2026-09-24T08:01:19.271164+00:00
241,1.077,2026-09-24T08:01:19.274322+00:00
242,0.758,2026-09-24T08:01:19.276883+00:00
243,0.718,2026-09-24T08:01:19.279559+00:00
244,0.756,2026-09-24T08:01:19.282178+00:00
245,0.574,2026-09-24T08:01:19.284549+00:00
246,0.7110000000000001,2026-09-24T08:01:19.287228+00:00
247,0.494,2026-09-24T08:01:19.289778+00:00
248,0.43,2026-09-24T08:01:19.292218+00:00
249,0.443,2026-09-24T08:01:19.294677+00:00
250,0.415,2026-09-24T08:01:19.297107+00:00
251,0.512,2026-09-24T08:01:19.299640+00:00
252,0.448,2026-09-24T08:01:19.302041+00:00
253,0.431,2026-09-24T08:01:19.304452+00:00
254,0.40700000000000003,2026-09-24T08:01:19.306852+00:00
255,0.6920000000000001,2026-09-24T08:01:19.309603+00:00
256,0.622,2026-09-24T08:01:19.312271+00:00
257,0.643,2026-09-24T08:01:19.315023+00:00
258,0.61,2026-09-24T08:01:19.317735+00:00
259,0.628,2026-09-24T08:01:19.320526+00:00
260,0.601,2026-09-24T08:01:19.323269+00:00
261,0.662,2026-09-24T08:01:19.326092+00:00
262,0.755,2026-09-24T08:01:19.328991+00:00
263,0.789,2026-09-24T08:01:19.331873+00:00
264,0.708,2026-09-24T08:01:19.334704+00:00
265,0.656,2026-09-24T08:01:19.337489+00:00
266,0.7290000000000001,2026-09-24T08:01:19.340281+00:00
267,0.733,2026-09-24T08:01:19.343185+00:00
268,0.68,2026-09-24T08:01:19.346082+00:00
269,0.6130000000000001,2026-09-24T08:01:19.348887+00:00
270,0.611,2026-09-24T08:01:19.351711+00:00
271,0.594,2026-09-24T08:01:19.354515+00:00
272,0.5599999999999999,2026-09-24T08:01:19.357304+00:00
273,0.8109999999999999,2026-09-24T08:01:19.360435+00:00
274,0.669,2026-09-24T08:01:19.363366+00:00
275,0.664,2026-09-24T08:01:19.366245+00:00
276,0.857,2026-09-24T08:01:19.369331+00:00
277,0.625,2026-09-24T08:01:19.372226+00:00
278,0.886,2026-09-24T08:01:19.375274+00:00
279,0.673,2026-09-24T08:01:19.377847+00:00
280,0.499,2026-09-24T08:01:19.380378+00:00
281,0.464,2026-09-24T08:01:19.382891+00:00
282,0.45399999999999996,2026-09-24T08:01:19.385391+00:00
283,0.446,2026-09-24T08:01:19.387952+00:00
284,0.457,2026-09-24T08:01:19.390461+00:00
285,0.41800000000000004,2026-09-24T08:01:19.392934+00:00
286,0.458,2026-09-24T08:01:19.395444+00:00
287,0.437,2026-09-24T08:01:19.397930+00:00
288,0.47100000000000003,2026-09-24T08:01:19.400452+00:00
289,0.5109999999999999,2026-09-24T08:01:19.403024+00:00
290,0.507,2026-09-24T08:01:19.405518+00:00
291,0.467,2026-09-24T08:01:19.407981+00:00
292,0.449,2026-09-24T08:01:19.410447+00:00
293,0.434,2026-09-24T08:01:19.412933+00:00
294,0.504,2026-09-24T08:01:19.415488+00:00
295,0.507,2026-09-24T08:01:19.417967+00:00
296,0.517,2026-09-24T08:01:19.420462+00:00
297,0.515,2026-09-24T08:01:19.422949+00:00
298,0.516,2026-09-24T08:01:19.425440+00:00
299,0.683,2026-09-24T08:01:19.428088+00:00
300,0.58,2026-09-24T08:01:19.430713+00:00
301,0.47600000000000003,2026-09-24T08:01:19.433174+00:00
302,0.508,2026-09-24T08:01:19.435661+00:00
303,0.45199999999999996,2026-09-24T08:01:19.438073+00:00
304,0.451,2026-09-24T08:01:19.440513+00:00
305,0.495,2026-09-24T08:01:19.443007+00:00
306,0.592,2026-09-24T08:01:19.445615+00:00
307,0.614,2026-09-24T08:01:19.448165+00:00
308,0.958,2026-09-24T08:01:19.451290+00:00
309,0.832,2026-09-24T08:01:19.454230+00:00
310,0.596,2026-09-24T08:01:19.456881+00:00
311,0.5730000000000001,2026-09-24T08:01:19.459474+00:00
312,0.5109999999999999,2026-09-24T08:01:19.462073+00:00
313,0.555,2026-09-24T08:01:19.464745+00:00
314,0.63,2026-09-24T08:01:19.467441+00:00
315,1.028,2026-09-24T08:01:19.470516+00:00
316,0.5519999999999999,2026-09-24T08:01:19.473063+00:00
317,0.477,2026-09-24T08:01:19.475517+00:00
318,0.501,2026-09-24T08:01:19.478003+00:00
319,0.48000000000000004,2026-09-24T08:01:19.480465+00:00
320,0.449,2026-09-24T08:01:19.482872+00:00
321,0.465,2026-09-24T08:01:19.485314+00:00
322,0.472,2026-09-24T08:01:19.487746+00:00
323,0.458,2026-09-24T08:01:19.490177+00:00
324,0.6819999999999999,2026-09-24T08:01:19.492819+00:00
325,0.481,2026-09-24T08:01:19.495048+00:00
326,0.48700000000000004,2026-09-24T08:01:19.497470+00:00
327,0.486,2026-09-24T08:01:19.499897+00:00
328,0.46,2026-09-24T08:01:19.502311+00:00
329,0.503,2026-09-24T08:01:19.504767+00:00
330,0.47100000000000003,2026-09-24T08:01:19.507145+00:00
331,0.483,2026-09-24T08:01:19.509557+00:00
332,0.453,2026-09-24T08:01:19.511960+00:00
333,0.455,2026-09-24T08:01:19.514377+00:00
334,0.46,2026-09-24T08:01:19.516809+00:00
335,0.449,2026-09-24T08:01:19.519215+00:00
336,0.464,2026-09-24T08:01:19.521647+00:00
337,0.44,2026-09-24T08:01:19.524050+00:00
338,0.467,2026-09-24T08:01:19.526497+00:00
339,0.49700000000000005,2026-09-24T08:01:19.528924+00:00
340,0.45899999999999996,2026-09-24T08:01:19.531315+00:00
341,0.475,2026-09-24T08:01:19.533753+00:00
342,0.45399999999999996,2026-09-24T08:01:19.536182+00:00
343,0.5339999999999999,2026-09-24T08:01:19.538680+00:00
344,0.39399999999999996,2026-09-24T08:01:19.540953+00:00
345,0.391,2026-09-24T08:01:19.543364+00:00
346,0.39,2026-09-24T08:01:19.545773+00:00
347,0.366,2026-09-24T08:01:19.548172+00:00
348,0.38699999999999996,2026-09-24T08:01:19.550590+00:00
349,0.41800000000000004,2026-09-24T08:01:19.553040+00:00
350,0.426,2026-09-24T08:01:19.555471+00:00
351,0.414,2026-09-24T08:01:19.557843+00:00
352,0.412,2026-09-24T08:01:19.560256+00:00
353,0.41100000000000003,2026-09-24T08:01:19.562671+00:00
354,0.402,2026-09-24T08:01:19.565076+00:00
355,0.417,2026-09-24T08:01:19.567499+00:00
356,0.412,2026-09-24T08:01:19.569911+00:00
357,0.5479999999999999,2026-09-24T08:01:19.572459+00:00
358,0.528,2026-09-24T08:01:19.574981+00:00
359,0.523,2026-09-24T08:01:19.577498+00:00
360,0.51,2026-09-24T08:01:19.580008+00:00
361,0.491,2026-09-24T08:01:19.582512+00:00
362,0.545,2026-09-24T08:01:19.585010+00:00
363,0.5730000000000001,2026-09-24T08:01:19.587656+00:00
364,0.46099999999999997,2026-09-24T08:01:19.590097+00:00
365,0.45399999999999996,2026-09-24T08:01:19.592555+00:00
366,0.44499999999999995,2026-09-24T08:01:19.595023+00:00
367,0.433,2026-09-24T08:01:19.597440+00:00
368,0.426,2026-09-24T08:01:19.599849+00:00
369,0.441,2026-09-24T08:01:19.602301+00:00
370,0.44,2026-09-24T08:01:19.604722+00:00
371,0.425,2026-09-24T08:01:19.607132+00:00
372,0.45,2026-09-24T08:01:19.609564+00:00
373,0.434,2026-09-24T08:01:19.611980+00:00
374,0.429,2026-09-24T08:01:19.614392+00:00
375,0.442,2026-09-24T08:01:19.616815+00:00
376,0.432,2026-09-24T08:01:19.619235+00:00
377,0.446,2026-09-24T08:01:19.621663+00:00
378,0.442,2026-09-24T08:01:19.624087+00:00
379,0.666,2026-09-24T08:01:19.626751+00:00
380,0.516,2026-09-24T08:01:19.629225+00:00
381,0.49,2026-09-24T08:01:19.631629+00:00
382,0.44499999999999995,2026-09-24T08:01:19.633988+00:00
383,0.521,2026-09-24T08:01:19.636452+00:00
384,0.456,2026-09-24T08:01:19.638777+00:00
385,0.574,2026-09-24T08:01:19.641324+00:00
386,0.555,2026-09-24T08:01:19.643846+00:00
387,0.5339999999999999,2026-09-24T08:01:19.646327+00:00
388,0.593,2026-09-24T08:01:19.648866+00:00
389,0.528,2026-09-24T08:01:19.651316+00:00
390,0.49200000000000005,2026-09-24T08:01:19.653784+00:00
391,0.704,2026-09-24T08:01:19.656479+00:00
392,0.599,2026-09-24T08:01:19.659134+00:00
393,0.8109999999999999,2026-09-24T08:01:19.662093+00:00
394,0.5630000000000001,2026-09-24T08:01:19.664704+00:00
395,0.46299999999999997,2026-09-24T08:01:19.667237+00:00
396,0.8109999999999999,2026-09-24T08:01:19.670120+00:00
397,0.759,2026-09-24T08:01:19.672832+00:00
398,0.815,2026-09-24T08:01:19.675679+00:00
399,0.508,2026-09-24T08:01:19.678042+00:00
400,0.5630000000000001,2026-09-24T08:01:19.680591+00:00
401,0.494,2026-09-24T08:01:19.683150+00:00
402,0.907,2026-09-24T08:01:19.686042+00:00
403,0.603,2026-09-24T08:01:19.688510+00:00
404,0.612,2026-09-24T08:01:19.691129+00:00
405,1.028,2026-09-24T08:01:19.694130+00:00
406,0.759,2026-09-24T08:01:19.696677+00:00
407,0.73,2026-09-24T08:01:19.699361+00:00
408,0.8630000000000001,2026-09-24T08:01:19.702328+00:00
409,0.638,2026-09-24T08:01:19.705076+00:00
410,0.537,2026-09-24T08:01:19.707722+00:00
411,1.228,2026-09-24T08:01:19.711023+00:00
412,0.6880000000000001,2026-09-24T08:01:19.713777+00:00
413,0.5559999999999999,2026-09-24T08:01:19.716340+00:00
414,0.519,2026-09-24T08:01:19.718843+00:00
415,0.755,2026-09-24T08:01:19.721610+00:00
416,0.5559999999999999,2026-09-24T08:01:19.724121+00:00
417,0.5670000000000001,2026-09-24T08:01:19.726649+00:00
418,0.444,2026-09-24T08:01:19.729015+00:00
419,0.464,2026-09-24T08:01:19.731515+00:00
420,0.46799999999999997,2026-09-24T08:01:19.733998+00:00
421,0.46,2026-09-24T08:01:19.736443+00:00
422,0.425,2026-09-24T08:01:19.738851+00:00
423,0.464,2026-09-24T08:01:19.741308+00:00
424,0.636,2026-09-24T08:01:19.743963+00:00
425,0.762,2026-09-24T08:01:19.746916+00:00
426,0.7020000000000001,2026-09-24T08:01:19.749766+00:00
427,0.5810000000000001,2026-09-24T08:01:19.752390+00:00
428,0.617,2026-09-24T08:01:19.755051+00:00
429,0.666,2026-09-24T08:01:19.757713+00:00
430,0.491,2026-09-24T08:01:19.760133+00:00
431,0.486,2026-09-24T08:01:19.762669+00:00
432,0.45,2026-09-24T08:01:19.765179+00:00
433,0.61,2026-09-24T08:01:19.767863+00:00
434,0.527,2026-09-24T08:01:19.770325+00:00
435,0.525,2026-09-24T08:01:19.773122+00:00
436,1.116,2026-09-24T08:01:19.776274+00:00
437,0.914,2026-09-24T08:01:19.779361+00:00
438,0.99,2026-09-24T08:01:19.782349+00:00
439,0.7929999999999999,2026-09-24T08:01:19.785059+00:00
440,0.841,2026-09-24T08:01:19.787873+00:00
441,0.8260000000000001,2026-09-24T08:01:19.790713+00:00
442,0.673,2026-09-24T08:01:19.793406+00:00
443,0.669,2026-09-24T08:01:19.796221+00:00
444,0.6,2026-09-24T08:01:19.798887+00:00
445,0.437,2026-09-24T08:01:19.801331+00:00
446,0.47300000000000003,2026-09-24T08:01:19.803824+00:00
447,0.438,2026-09-24T08:01:19.806273+00:00
448,0.47600000000000003,2026-09-24T08:01:19.808770+00:00
449,0.46299999999999997,2026-09-24T08:01:19.811246+00:00
450,0.47300000000000003,2026-09-24T08:01:19.813727+00:00
451,0.448,2026-09-24T08:01:19.816187+00:00
452,0.46900000000000003,2026-09-24T08:01:19.818674+00:00
453,0.46599999999999997,2026-09-24T08:01:19.821143+00:00
454,0.537,2026-09-24T08:01:19.823675+00:00
455,0.555,2026-09-24T08:01:19.826267+00:00
456,0.5419999999999999,2026-09-24T08:01:19.828851+00:00
457,0.5199999999999999,2026-09-24T08:01:19.831387+00:00
458,0.532,2026-09-24T08:01:19.833964+00:00
459,0.524,2026-09-24T08:01:19.836530+00:00
460,0.521,2026-09-24T08:01:19.839115+00:00
461,0.5289999999999999,2026-09-24T08:01:19.841690+00:00
462,0.523,2026-09-24T08:01:19.844252+00:00
463,0.544,2026-09-24T08:01:19.846837+00:00
464,0.6130000000000001,2026-09-24T08:01:19.849528+00:00
465,0.641,2026-09-24T08:01:19.852297+00:00
466,0.599,2026-09-24T08:01:19.855051+00:00
467,0.5860000000000001,2026-09-24T08:01:19.857800+00:00
468,0.57,2026-09-24T08:01:19.860440+00:00
469,0.521,2026-09-24T08:01:19.862977+00:00
470,0.502,2026-09-24T08:01:19.865533+00:00
471,0.57,2026-09-24T08:01:19.868252+00:00
472,0.527,2026-09-24T08:01:19.870822+00:00
473,0.555,2026-09-24T08:01:19.873398+00:00
474,0.768,2026-09-24T08:01:19.876216+00:00
475,0.833,2026-09-24T08:01:19.879129+00:00
476,0.6589999999999999,2026-09-24T08:01:19.882006+00:00
477,0.5,2026-09-24T08:01:19.884540+00:00
478,0.488,2026-09-24T08:01:19.887062+00:00
479,0.443,2026-09-24T08:01:19.889495+00:00
480,0.439,2026-09-24T08:01:19.892034+00:00
481,0.555,2026-09-24T08:01:19.894608+00:00
482,0.437,2026-09-24T08:01:19.896971+00:00
483,0.439,2026-09-24T08:01:19.899429+00:00
484,0.5559999999999999,2026-09-24T08:01:19.901981+00:00
485,0.49,2026-09-24T08:01:19.904401+00:00
486,0.46799999999999997,2026-09-24T08:01:19.906838+00:00
487,0.483,2026-09-24T08:01:19.909339+00:00
488,0.46799999999999997,2026-09-24T08:01:19.911763+00:00
489,0.365,2026-09-24T08:01:19.914117+00:00
490,0.381,2026-09-24T08:01:19.916529+00:00
491,0.348,2026-09-24T08:01:19.918922+00:00
492,0.34,2026-09-24T08:01:19.921302+00:00
493,0.397,2026-09-24T08:01:19.923738+00:00
494,0.342,2026-09-24T08:01:19.926118+00:00
495,0.426,2026-09-24T08:01:19.928587+00:00
496,0.414,2026-09-24T08:01:19.930970+00:00
497,0.417,2026-09-24T08:01:19.933356+00:00
498,0.44,2026-09-24T08:01:19.935766+00:00
499,0.437,2026-09-24T08:01:19.938167+00:00
500,0.462,2026-09-24T08:01:19.940589+00:00
501,0.423,2026-09-24T08:01:19.942936+00:00
502,0.41100000000000003,2026-09-24T08:01:19.945314+00:00
503,0.623,2026-09-24T08:01:19.947906+00:00
504,0.54,2026-09-24T08:01:19.950458+00:00
505,0.519,2026-09-24T08:01:19.952942+00:00
506,0.43,2026-09-24T08:01:19.955330+00:00
507,0.44,2026-09-24T08:01:19.957743+00:00
508,0.438,2026-09-24T08:01:19.960148+00:00
509,0.479,2026-09-24T08:01:19.962594+00:00
510,0.431,2026-09-24T08:01:19.964959+00:00
511,0.433,2026-09-24T08:01:19.967357+00:00
512,0.625,2026-09-24T08:01:19.969950+00:00
513,0.704,2026-09-24T08:01:19.972510+00:00
514,0.467,2026-09-24T08:01:19.974795+00:00
515,0.425,2026-09-24T08:01:19.977216+00:00
516,0.431,2026-09-24T08:01:19.979639+00:00
517,0.379,2026-09-24T08:01:19.982022+00:00
518,0.392,2026-09-24T08:01:19.984448+00:00
519,0.37,2026-09-24T08:01:19.986839+00:00
520,0.373,2026-09-24T08:01:19.989243+00:00
521,0.39,2026-09-24T08:01:19.991663+00:00
522,0.603,2026-09-24T08:01:19.994293+00:00
523,0.465,2026-09-24T08:01:19.996559+00:00
524,0.565,2026-09-24T08:01:19.999089+00:00
525,0.516,2026-09-24T08:01:20.001500+00:00
526,0.456,2026-09-24T08:01:20.003881+00:00
527,0.447,2026-09-24T08:01:20.006279+00:00
528,0.651,2026-09-24T08:01:20.008874+00:00
529,0.5599999999999999,2026-09-24T08:01:20.011225+00:00
530,0.481,2026-09-24T08:01:20.013608+00:00
531,0.46299999999999997,2026-09-24T08:01:20.016007+00:00
532,0.444,2026-09-24T08:01:20.018382+00:00
533,0.488,2026-09-24T08:01:20.020814+00:00
534,0.462,2026-09-24T08:01:20.023196+00:00
535,0.49,2026-09-24T08:01:20.025613+00:00
536,0.442,2026-09-24T08:01:20.027965+00:00
537,0.46299999999999997,2026-09-24T08:01:20.030377+00:00
538,0.48000000000000004,2026-09-24T08:01:20.032795+00:00
539,0.453,2026-09-24T08:01:20.035198+00:00
540,0.433,2026-09-24T08:01:20.037593+00:00
541,0.438,2026-09-24T08:01:20.040004+00:00
542,0.449,2026-09-24T08:01:20.042421+00:00
543,0.45,2026-09-24T08:01:20.044825+00:00
544,0.439,2026-09-24T08:01:20.047233+00:00
545,0.5379999999999999,2026-09-24T08:01:20.049738+00:00
546,0.61,2026-09-24T08:01:20.052359+00:00
547,0.47100000000000003,2026-09-24T08:01:20.054810+00:00
548,0.44,2026-09-24T08:01:20.057228+00:00
549,0.644,2026-09-24T08:01:20.059847+00:00
550,0.593,2026-09-24T08:01:20.062330+00:00
551,0.636,2026-09-24T08:01:20.064812+00:00
552,0.571,2026-09-24T08:01:20.067248+00:00
553,0.694,2026-09-24T08:01:20.069789+00:00
554,0.5379999999999999,2026-09-24T08:01:20.072232+00:00
555,0.521,2026-09-24T08:01:20.074775+00:00
556,0.482,2026-09-24T08:01:20.077301+00:00
557,0.6930000000000001,2026-09-24T08:01:20.080032+00:00
558,0.6759999999999999,2026-09-24T08:01:20.082881+00:00
559,0.648,2026-09-24T08:01:20.085679+00:00
560,0.545,2026-09-24T08:01:20.088359+00:00
561,0.507,2026-09-24T08:01:20.090978+00:00
562,0.5199999999999999,2026-09-24T08:01:20.093612+00:00
563,0.495,2026-09-24T08:01:20.096229+00:00
564,0.518,2026-09-24T08:01:20.098850+00:00
565,0.625,2026-09-24T08:01:20.101587+00:00
566,0.635,2026-09-24T08:01:20.104230+00:00
567,0.514,2026-09-24T08:01:20.106749+00:00
568,0.63,2026-09-24T08:01:20.109499+00:00
569,0.513,2026-09-24T08:01:20.112106+00:00
570,0.601,2026-09-24T08:01:20.114837+00:00
571,0.5720000000000001,2026-09-24T08:01:20.117471+00:00
572,0.5519999999999999,2026-09-24T08:01:20.120098+00:00
573,0.5519999999999999,2026-09-24T08:01:20.122718+00:00
574,0.5569999999999999,2026-09-24T08:01:20.125338+00:00
575,0.714,2026-09-24T08:01:20.128117+00:00
576,0.64,2026-09-24T08:01:20.130789+00:00
577,0.55,2026-09-24T08:01:20.133389+00:00
578,0.655,2026-09-24T08:01:20.136111+00:00
579,0.609,2026-09-24T08:01:20.138723+00:00
580,0.55,2026-09-24T08:01:20.141313+00:00
581,0.6,2026-09-24T08:01:20.143993+00:00
582,0.825,2026-09-24T08:01:20.146894+00:00
583,1.018,2026-09-24T08:01:20.150017+00:00
584,0.6930000000000001,2026-09-24T08:01:20.152812+00:00
585,0.661,2026-09-24T08:01:20.155540+00:00
586,0.728,2026-09-24T08:01:20.158336+00:00
587,0.742,2026-09-24T08:01:20.161147+00:00
588,0.583,2026-09-24T08:01:20.163839+00:00
589,0.603,2026-09-24T08:01:20.166510+00:00
590,0.562,2026-09-24T08:01:20.169169+00:00
591,0.5760000000000001,2026-09-24T08:01:20.171811+00:00
592,0.5730000000000001,2026-09-24T08:01:20.174461+00:00
593,0.5950000000000001,2026-09-24T08:01:20.177127+00:00
594,0.549,2026-09-24T08:01:20.179774+00:00
595,0.616,2026-09-24T08:01:20.182447+00:00
596,0.537,2026-09-24T08:01:20.185119+00:00
597,0.5479999999999999,2026-09-24T08:01:20.187727+00:00
598,0.87,2026-09-24T08:01:20.190758+00:00
599,0.8109999999999999,2026-09-24T08:01:20.193590+00:00
600,0.47600000000000003,2026-09-24T08:01:20.196041+00:00
601,0.41800000000000004,2026-09-24T08:01:20.198496+00:00
602,0.38,2026-09-24T08:01:20.200926+00:00
603,0.378,2026-09-24T08:01:20.203339+00:00
604,0.42000000000000004,2026-09-24T08:01:20.205781+00:00
605,0.46599999999999997,2026-09-24T08:01:20.208283+00:00
606,0.442,2026-09-24T08:01:20.210677+00:00
607,0.395,2026-09-24T08:01:20.213031+00:00
608,0.381,2026-09-24T08:01:20.215421+00:00
609,0.431,2026-09-24T08:01:20.217867+00:00
610,0.442,2026-09-24T08:01:20.220257+00:00
611,0.448,2026-09-24T08:01:20.222653+00:00
612,0.638,2026-09-24T08:01:20.225239+00:00
613,0.559,2026-09-24T08:01:20.227681+00:00
614,0.5429999999999999,2026-09-24T08:01:20.230212+00:00
615,0.592,2026-09-24T08:01:20.232760+00:00
616,0.7060000000000001,2026-09-24T08:01:20.235346+00:00
617,0.507,2026-09-24T08:01:20.237723+00:00
618,0.45399999999999996,2026-09-24T08:01:20.240172+00:00
619,0.598,2026-09-24T08:01:20.242849+00:00
620,0.501,2026-09-24T08:01:20.245270+00:00
621,0.458,2026-09-24T08:01:20.247721+00:00
622,0.727,2026-09-24T08:01:20.250484+00:00
623,0.885,2026-09-24T08:01:20.253493+00:00
624,0.5509999999999999,2026-09-24T08:01:20.255991+00:00
625,0.524,2026-09-24T08:01:20.258565+00:00
626,0.47600000000000003,2026-09-24T08:01:20.261082+00:00
627,0.553,2026-09-24T08:01:20.263697+00:00
628,0.789,2026-09-24T08:01:20.266737+00:00
629,0.615,2026-09-24T08:01:20.269449+00:00
630,0.5640000000000001,2026-09-24T08:01:20.272035+00:00
631,0.9079999999999999,2026-09-24T08:01:20.275046+00:00
632,0.764,2026-09-24T08:01:20.277955+00:00
633,0.525,2026-09-24T08:01:20.280535+00:00
634,0.47,2026-09-24T08:01:20.283054+00:00
635,0.477,2026-09-24T08:01:20.285584+00:00
636,0.742,2026-09-24T08:01:20.288373+00:00
637,0.625,2026-09-24T08:01:20.291011+00:00
638,0.519,2026-09-24T08:01:20.293576+00:00
639,0.54,2026-09-24T08:01:20.296148+00:00
640,0.809,2026-09-24T08:01:20.298965+00:00
641,0.585,2026-09-24T08:01:20.301496+00:00
642,0.794,2026-09-24T08:01:20.304370+00:00
643,0.518,2026-09-24T08:01:20.306903+00:00
644,0.5680000000000001,2026-09-24T08:01:20.309539+00:00
645,0.431,2026-09-24T08:01:20.312049+00:00
646,0.416,2026-09-24T08:01:20.314539+00:00
647,0.40700000000000003,2026-09-24T08:01:20.317033+00:00
648,0.397,2026-09-24T08:01:20.319495+00:00
649,0.40099999999999997,2026-09-24T08:01:20.322037+00:00
650,0.422,2026-09-24T08:01:20.324529+00:00
651,0.41,2026-09-24T08:01:20.327002+00:00
652,0.4,2026-09-24T08:01:20.329450+00:00
653,0.41,2026-09-24T08:01:20.331921+00:00
654,0.4,2026-09-24T08:01:20.334371+00:00
655,0.634,2026-09-24T08:01:20.337070+00:00
656,0.49200000000000005,2026-09-24T08:01:20.339674+00:00
657,0.42000000000000004,2026-09-24T08:01:20.342176+00:00
658,0.428,2026-09-24T08:01:20.344680+00:00
659,0.399,2026-09-24T08:01:20.347142+00:00
660,0.39599999999999996,2026-09-24T08:01:20.349598+00:00
661,0.412,2026-09-24T08:01:20.352066+00:00
662,0.42000000000000004,2026-09-24T08:01:20.354538+00:00
663,0.399,2026-09-24T08:01:20.357038+00:00
664,0.7829999999999999,2026-09-24T08:01:20.359907+00:00
665,0.544,2026-09-24T08:01:20.362593+00:00
666,0.472,2026-09-24T08:01:20.365161+00:00
667,0.483,2026-09-24T08:01:20.367714+00:00
668,0.442,2026-09-24T08:01:20.370227+00:00
669,0.442,2026-09-24T08:01:20.372730+00:00
670,1.135,2026-09-24T08:01:20.375978+00:00
671,0.717,2026-09-24T08:01:20.378666+00:00
672,0.619,2026-09-24T08:01:20.381291+00:00
673,0.953,2026-09-24T08:01:20.384324+00:00
674,0.611,2026-09-24T08:01:20.387051+00:00
675,0.717,2026-09-24T08:01:20.389792+00:00
676,0.622,2026-09-24T08:01:20.392332+00:00
677,0.611,2026-09-24T08:01:20.394915+00:00
678,0.5670000000000001,2026-09-24T08:01:20.397524+00:00
679,0.501,2026-09-24T08:01:20.399978+00:00
680,0.456,2026-09-24T08:01:20.402469+00:00
681,0.646,2026-09-24T08:01:20.405257+00:00
682,0.507,2026-09-24T08:01:20.407846+00:00
683,0.5609999999999999,2026-09-24T08:01:20.410470+00:00
684,0.725,2026-09-24T08:01:20.413309+00:00
685,0.741,2026-09-24T08:01:20.416068+00:00
686,0.575,2026-09-24T08:01:20.418667+00:00
687,0.48899999999999993,2026-09-24T08:01:20.421189+00:00
688,0.524,2026-09-24T08:01:20.423702+00:00
689,0.42700000000000005,2026-09-24T08:01:20.426088+00:00
690,0.415,2026-09-24T08:01:20.428508+00:00
691,0.399,2026-09-24T08:01:20.430947+00:00
692,0.467,2026-09-24T08:01:20.433453+00:00
693,0.516,2026-09-24T08:01:20.435947+00:00
694,0.47800000000000004,2026-09-24T08:01:20.438380+00:00
695,0.504,2026-09-24T08:01:20.440864+00:00
696,0.49200000000000005,2026-09-24T08:01:20.443295+00:00
697,0.515,2026-09-24T08:01:20.445781+00:00
698,0.446,2026-09-24T08:01:20.448212+00:00
699,0.622,2026-09-24T08:01:20.450847+00:00
700,0.583,2026-09-24T08:01:20.453290+00:00
701,0.47300000000000003,2026-09-24T08:01:20.455678+00:00
702,0.40900000000000003,2026-09-24T08:01:20.458083+00:00
703,0.42000000000000004,2026-09-24T08:01:20.460512+00:00
704,0.40700000000000003,2026-09-24T08:01:20.462932+00:00
705,0.39399999999999996,2026-09-24T08:01:20.465344+00:00
706,0.481,2026-09-24T08:01:20.467851+00:00
707,0.626,2026-09-24T08:01:20.470583+00:00
708,0.537,2026-09-24T08:01:20.473217+00:00
709,0.501,2026-09-24T08:01:20.475766+00:00
710,0.47100000000000003,2026-09-24T08:01:20.478316+00:00
711,0.433,2026-09-24T08:01:20.480793+00:00
712,0.41300000000000003,2026-09-24T08:01:20.483280+00:00
713,0.426,2026-09-24T08:01:20.485785+00:00
714,0.414,2026-09-24T08:01:20.488283+00:00
715,0.421,2026-09-24T08:01:20.490783+00:00
716,0.419,2026-09-24T08:01:20.493287+00:00
717,0.6040000000000001,2026-09-24T08:01:20.495970+00:00
718,0.49299999999999994,2026-09-24T08:01:20.498570+00:00
719,0.45,2026-09-24T08:01:20.501094+00:00
720,0.432,2026-09-24T08:01:20.503532+00:00
721,0.424,2026-09-24T08:01:20.505981+00:00
722,0.415,2026-09-24T08:01:20.508402+00:00
723,0.43,2026-09-24T08:01:20.510833+00:00
724,0.522,2026-09-24T08:01:20.513355+00:00
725,0.456,2026-09-24T08:01:20.515836+00:00
726,0.49799999999999994,2026-09-24T08:01:20.518337+00:00
727,0.44499999999999995,2026-09-24T08:01:20.520712+00:00
728,0.456,2026-09-24T08:01:20.523146+00:00
729,0.451,2026-09-24T08:01:20.525562+00:00
730,0.448,2026-09-24T08:01:20.527978+00:00
731,0.5670000000000001,2026-09-24T08:01:20.530518+00:00
732,0.45199999999999996,2026-09-24T08:01:20.532913+00:00
733,0.42700000000000005,2026-09-24T08:01:20.535338+00:00
734,0.428,2026-09-24T08:01:20.537769+00:00
735,0.417,2026-09-24T08:01:20.540179+00:00
736,0.392,2026-09-24T08:01:20.542574+00:00
737,0.483,2026-09-24T08:01:20.545105+00:00
738,0.501,2026-09-24T08:01:20.547590+00:00
739,0.45399999999999996,2026-09-24T08:01:20.550052+00:00
740,0.426,2026-09-24T08:01:20.552473+00:00
741,0.415,2026-09-24T08:01:20.554883+00:00
742,0.40099999999999997,2026-09-24T08:01:20.557291+00:00
743,0.425,2026-09-24T08:01:20.559727+00:00
744,0.41300000000000003,2026-09-24T08:01:20.562165+00:00
745,0.502,2026-09-24T08:01:20.564661+00:00
746,0.501,2026-09-24T08:01:20.567087+00:00
747,0.477,2026-09-24T08:01:20.569531+00:00
748,0.453,2026-09-24T08:01:20.571937+00:00
749,0.467,2026-09-24T08:01:20.574362+00:00
750,0.46799999999999997,2026-09-24T08:01:20.576779+00:00
751,0.453,2026-09-24T08:01:20.579191+00:00
752,0.639,2026-09-24T08:01:20.581801+00:00
753,0.444,2026-09-24T08:01:20.584227+00:00
754,0.38699999999999996,2026-09-24T08:01:20.586639+00:00
755,0.379,2026-09-24T08:01:20.589049+00:00
756,0.453,2026-09-24T08:01:20.591531+00:00
757,0.438,2026-09-24T08:01:20.593961+00:00
758,0.603,2026-09-24T08:01:20.596597+00:00
759,0.622,2026-09-24T08:01:20.599246+00:00
760,0.519,2026-09-24T08:01:20.601728+00:00
761,0.423,2026-09-24T08:01:20.604116+00:00
762,0.518,2026-09-24T08:01:20.606704+00:00
763,0.378,2026-09-24T08:01:20.609106+00:00
764,0.355,2026-09-24T08:01:20.611504+00:00
765,0.383,2026-09-24T08:01:20.613940+00:00
766,0.40299999999999997,2026-09-24T08:01:20.616374+00:00
767,0.376,2026-09-24T08:01:20.618787+00:00
768,0.35100000000000003,2026-09-24T08:01:20.621179+00:00
769,0.6809999999999999,2026-09-24T08:01:20.623904+00:00
770,0.523,2026-09-24T08:01:20.626214+00:00
771,0.741,2026-09-24T08:01:20.628851+00:00
772,0.775,2026-09-24T08:01:20.631345+00:00
773,0.5479999999999999,2026-09-24T08:01:20.633843+00:00
774,0.486,2026-09-24T08:01:20.636284+00:00
775,0.49799999999999994,2026-09-24T08:01:20.638744+00:00
776,0.395,2026-09-24T08:01:20.641196+00:00
777,0.6669999999999999,2026-09-24T08:01:20.643952+00:00
778,0.757,2026-09-24T08:01:20.646569+00:00
779,0.896,2026-09-24T08:01:20.649633+00:00
780,0.739,2026-09-24T08:01:20.652406+00:00
781,0.562,2026-09-24T08:01:20.654993+00:00
782,0.49,2026-09-24T08:01:20.657506+00:00
783,0.441,2026-09-24T08:01:20.660004+00:00
784,0.46799999999999997,2026-09-24T08:01:20.662536+00:00
785,0.5379999999999999,2026-09-24T08:01:20.665128+00:00
786,0.5429999999999999,2026-09-24T08:01:20.667731+00:00
787,0.6980000000000001,2026-09-24T08:01:20.670561+00:00
788,0.578,2026-09-24T08:01:20.673270+00:00
789,0.55,2026-09-24T08:01:20.675867+00:00
790,0.499,2026-09-24T08:01:20.678471+00:00
791,0.47,2026-09-24T08:01:20.681056+00:00
792,0.517,2026-09-24T08:01:20.683675+00:00
793,0.47100000000000003,2026-09-24T08:01:20.686208+00:00
794,0.484,2026-09-24T08:01:20.688777+00:00
795,0.46,2026-09-24T08:01:20.691340+00:00
796,0.483,2026-09-24T08:01:20.693914+00:00
797,0.479,2026-09-24T08:01:20.696489+00:00
798,0.464,2026-09-24T08:01:20.699061+00:00
799,0.517,2026-09-24T08:01:20.701682+00:00
800,0.457,2026-09-24T08:01:20.704243+00:00
801,0.494,2026-09-24T08:01:20.706854+00:00
802,0.5810000000000001,2026-09-24T08:01:20.709543+00:00
803,0.589,2026-09-24T08:01:20.712150+00:00
804,0.731,2026-09-24T08:01:20.714951+00:00
805,0.5680000000000001,2026-09-24T08:01:20.717711+00:00
806,0.482,2026-09-24T08:01:20.720266+00:00
807,0.512,2026-09-24T08:01:20.722874+00:00
808,0.496,2026-09-24T08:01:20.725477+00:00
809,0.611,2026-09-24T08:01:20.728157+00:00
810,0.516,2026-09-24T08:01:20.730645+00:00
811,0.46099999999999997,2026-09-24T08:01:20.733203+00:00
812,0.532,2026-09-24T08:01:20.735832+00:00
813,0.449,2026-09-24T08:01:20.738383+00:00
814,0.458,2026-09-24T08:01:20.740963+00:00
815,0.55,2026-09-24T08:01:20.743616+00:00
816,0.458,2026-09-24T08:01:20.746111+00:00
817,0.6579999999999999,2026-09-24T08:01:20.748868+00:00
818,0.5379999999999999,2026-09-24T08:01:20.751486+00:00
819,0.402,2026-09-24T08:01:20.754020+00:00
820,0.39,2026-09-24T08:01:20.756515+00:00
821,0.391,2026-09-24T08:01:20.759015+00:00
822,0.39,2026-09-24T08:01:20.761509+00:00
823,0.38,2026-09-24T08:01:20.763984+00:00
824,0.638,2026-09-24T08:01:20.766758+00:00
825,0.47,2026-09-24T08:01:20.769368+00:00
826,0.419,2026-09-24T08:01:20.771932+00:00
827,0.367,2026-09-24T08:01:20.774379+00:00
828,1.039,2026-09-24T08:01:20.777580+00:00
829,1.049,2026-09-24T08:01:20.780632+00:00
830,0.9940000000000001,2026-09-24T08:01:20.783455+00:00
831,0.949,2026-09-24T08:01:20.786493+00:00
832,0.945,2026-09-24T08:01:20.789333+00:00
833,0.784,2026-09-24T08:01:20.792238+00:00
834,0.9169999999999999,2026-09-24T08:01:20.795269+00:00
835,1.256,2026-09-24T08:01:20.798569+00:00
836,1.418,2026-09-24T08:01:20.802390+00:00
837,0.9779999999999999,2026-09-24T08:01:20.805360+00:00
838,0.751,2026-09-24T08:01:20.808101+00:00
839,0.709,2026-09-24T08:01:20.810837+00:00
840,0.91,2026-09-24T08:01:20.813762+00:00
841,0.671,2026-09-24T08:01:20.816242+00:00
842,0.5820000000000001,2026-09-24T08:01:20.818835+00:00
843,0.92,2026-09-24T08:01:20.821783+00:00
844,1.02,2026-09-24T08:01:20.825264+00:00
845,0.795,2026-09-24T08:01:20.828115+00:00
846,0.812,2026-09-24T08:01:20.830970+00:00
847,0.49299999999999994,2026-09-24T08:01:20.833349+00:00
848,0.48500000000000004,2026-09-24T08:01:20.835815+00:00
849,1.1039999999999999,2026-09-24T08:01:20.838934+00:00
850,0.699,2026-09-24T08:01:20.841508+00:00
851,0.6040000000000001,2026-09-24T08:01:20.843995+00:00
852,1.259,2026-09-24T08:01:20.847338+00:00
853,0.638,2026-09-24T08:01:20.849868+00:00
854,0.512,2026-09-24T08:01:20.852365+00:00
855,0.71,2026-09-24T08:01:20.855015+00:00
856,0.514,2026-09-24T08:01:20.857441+00:00
857,0.898,2026-09-24T08:01:20.860533+00:00
858,1.031,2026-09-24T08:01:20.863640+00:00
859,0.789,2026-09-24T08:01:20.866376+00:00
860,0.9129999999999999,2026-09-24T08:01:20.869266+00:00
861,0.599,2026-09-24T08:01:20.871865+00:00
862,0.49799999999999994,2026-09-24T08:01:20.874370+00:00
863,0.976,2026-09-24T08:01:20.877317+00:00
864,0.781,2026-09-24T08:01:20.879845+00:00
865,0.535,2026-09-24T08:01:20.882246+00:00
866,1.416,2026-09-24T08:01:20.885609+00:00
867,0.87,2026-09-24T08:01:20.888459+00:00
868,0.544,2026-09-24T08:01:20.890981+00:00
869,0.457,2026-09-24T08:01:20.893499+00:00
870,0.544,2026-09-24T08:01:20.896068+00:00
871,0.40299999999999997,2026-09-24T08:01:20.898483+00:00
872,0.397,2026-09-24T08:01:20.900909+00:00
873,0.424,2026-09-24T08:01:20.903363+00:00
874,0.472,2026-09-24T08:01:20.905868+00:00
875,0.40099999999999997,2026-09-24T08:01:20.908249+00:00
876,0.51,2026-09-24T08:01:20.910781+00:00
877,0.449,2026-09-24T08:01:20.913288+00:00
878,0.421,2026-09-24T08:01:20.915846+00:00
879,0.40900000000000003,2026-09-24T08:01:20.918321+00:00
880,0.44499999999999995,2026-09-24T08:01:20.920844+00:00
881,0.632,2026-09-24T08:01:20.923535+00:00
882,0.55,2026-09-24T08:01:20.925925+00:00
883,0.448,2026-09-24T08:01:20.928279+00:00
884,0.43600000000000005,2026-09-24T08:01:20.930682+00:00
885,0.425,2026-09-24T08:01:20.933105+00:00
886,0.444,2026-09-24T08:01:20.935541+00:00
887,0.425,2026-09-24T08:01:20.937950+00:00
888,0.46799999999999997,2026-09-24T08:01:20.940404+00:00
889,0.5630000000000001,2026-09-24T08:01:20.942908+00:00
890,0.519,2026-09-24T08:01:20.945285+00:00
891,0.482,2026-09-24T08:01:20.947667+00:00
892,0.621,2026-09-24T08:01:20.950288+00:00
893,0.648,2026-09-24T08:01:20.952975+00:00
894,0.501,2026-09-24T08:01:20.955493+00:00
895,0.40499999999999997,2026-09-24T08:01:20.957925+00:00
896,0.40299999999999997,2026-09-24T08:01:20.960361+00:00
897,0.399,2026-09-24T08:01:20.962773+00:00
898,0.384,2026-09-24T08:01:20.965186+00:00
899,0.408,2026-09-24T08:01:20.967617+00:00
900,0.784,2026-09-24T08:01:20.970466+00:00
901,0.47600000000000003,2026-09-24T08:01:20.973079+00:00
902,0.505,2026-09-24T08:01:20.975614+00:00
903,0.49,2026-09-24T08:01:20.978125+00:00
904,0.49200000000000005,2026-09-24T08:01:20.980638+00:00
905,0.841,2026-09-24T08:01:20.983541+00:00
906,0.712,2026-09-24T08:01:20.986142+00:00
907,0.514,2026-09-24T08:01:20.988572+00:00
908,0.545,2026-09-24T08:01:20.991101+00:00
909,0.549,2026-09-24T08:01:20.993595+00:00
910,0.45399999999999996,2026-09-24T08:01:20.995954+00:00
911,0.6849999999999999,2026-09-24T08:01:20.998641+00:00
912,0.5559999999999999,2026-09-24T08:01:21.001161+00:00
913,0.457,2026-09-24T08:01:21.003639+00:00
914,0.41800000000000004,2026-09-24T08:01:21.006069+00:00
915,0.597,2026-09-24T08:01:21.008697+00:00
916,0.527,2026-09-24T08:01:21.011087+00:00
917,0.8310000000000001,2026-09-24T08:01:21.013956+00:00
918,0.6579999999999999,2026-09-24T08:01:21.016700+00:00
919,0.51,2026-09-24T08:01:21.019291+00:00
920,0.536,2026-09-24T08:01:21.021964+00:00
921,0.482,2026-09-24T08:01:21.024504+00:00
922,0.5289999999999999,2026-09-24T08:01:21.027065+00:00
923,0.442,2026-09-24T08:01:21.029437+00:00
924,0.5720000000000001,2026-09-24T08:01:21.032116+00:00
925,0.625,2026-09-24T08:01:21.034857+00:00
926,0.527,2026-09-24T08:01:21.037476+00:00
927,0.8310000000000001,2026-09-24T08:01:21.040369+00:00
928,0.5820000000000001,2026-09-24T08:01:21.042752+00:00
929,0.9219999999999999,2026-09-24T08:01:21.045605+00:00
930,1.105,2026-09-24T08:01:21.048660+00:00
931,1.002,2026-09-24T08:01:21.051618+00:00
932,0.985,2026-09-24T08:01:21.054639+00:00
933,0.5479999999999999,2026-09-24T08:01:21.057092+00:00
934,0.74,2026-09-24T08:01:21.059890+00:00
935,0.678,2026-09-24T08:01:21.062536+00:00
936,0.709,2026-09-24T08:01:21.065257+00:00
937,0.5720000000000001,2026-09-24T08:01:21.067783+00:00
938,0.521,2026-09-24T08:01:21.070340+00:00
939,0.5379999999999999,2026-09-24T08:01:21.072972+00:00
940,0.678,2026-09-24T08:01:21.075700+00:00
941,0.6920000000000001,2026-09-24T08:01:21.078292+00:00
942,0.517,2026-09-24T08:01:21.080820+00:00
943,0.467,2026-09-24T08:01:21.083343+00:00
944,0.47800000000000004,2026-09-24T08:01:21.085885+00:00
945,0.579,2026-09-24T08:01:21.088525+00:00
946,0.506,2026-09-24T08:01:21.091025+00:00
947,0.625,2026-09-24T08:01:21.093686+00:00
948,0.5910000000000001,2026-09-24T08:01:21.096331+00:00
949,0.553,2026-09-24T08:01:21.098866+00:00
950,0.638,2026-09-24T08:01:21.101513+00:00
951,0.49700000000000005,2026-09-24T08:01:21.103936+00:00
952,0.9359999999999999,2026-09-24T08:01:21.106932+00:00
953,0.601,2026-09-24T08:01:21.109245+00:00
954,0.6890000000000001,2026-09-24T08:01:21.111857+00:00
955,0.49799999999999994,2026-09-24T08:01:21.114223+00:00
956,0.5559999999999999,2026-09-24T08:01:21.116785+00:00
957,0.528,2026-09-24T08:01:21.119276+00:00
958,0.442,2026-09-24T08:01:21.121679+00:00
959,0.482,2026-09-24T08:01:21.124212+00:00
960,0.596,2026-09-24T08:01:21.126839+00:00
961,0.539,2026-09-24T08:01:21.129353+00:00
962,0.5479999999999999,2026-09-24T08:01:21.131877+00:00
963,0.527,2026-09-24T08:01:21.134357+00:00
964,0.518,2026-09-24T08:01:21.136855+00:00
965,0.531,2026-09-24T08:01:21.139377+00:00
966,0.6809999999999999,2026-09-24T08:01:21.142027+00:00
967,0.9259999999999999,2026-09-24T08:01:21.144888+00:00
968,0.641,2026-09-24T08:01:21.147302+00:00
969,0.6130000000000001,2026-09-24T08:01:21.149816+00:00
970,0.589,2026-09-24T08:01:21.152335+00:00
971,0.584,2026-09-24T08:01:21.154878+00:00
972,0.638,2026-09-24T08:01:21.157484+00:00
973,0.772,2026-09-24T08:01:21.160449+00:00
974,0.627,2026-09-24T08:01:21.163054+00:00
975,0.957,2026-09-24T08:01:21.165940+00:00
976,0.754,2026-09-24T08:01:21.168636+00:00
977,0.647,2026-09-24T08:01:21.171308+00:00
978,0.9460000000000001,2026-09-24T08:01:21.174267+00:00
979,0.892,2026-09-24T08:01:21.177194+00:00
980,0.615,2026-09-24T08:01:21.179779+00:00
981,0.451,2026-09-24T08:01:21.182253+00:00
982,0.545,2026-09-24T08:01:21.184818+00:00
983,0.419,2026-09-24T08:01:21.187226+00:00
984,0.48899999999999993,2026-09-24T08:01:21.189723+00:00
985,0.648,2026-09-24T08:01:21.192292+00:00
986,0.9319999999999999,2026-09-24T08:01:21.195328+00:00
987,0.628,2026-09-24T08:01:21.197941+00:00
988,0.6629999999999999,2026-09-24T08:01:21.200588+00:00
989,0.579,2026-09-24T08:01:21.203074+00:00
990,0.641,2026-09-24T08:01:21.205702+00:00
991,0.731,2026-09-24T08:01:21.208508+00:00
992,0.8109999999999999,2026-09-24T08:01:21.211128+00:00
993,0.612,2026-09-24T08:01:21.213724+00:00
994,0.594,2026-09-24T08:01:21.216345+00:00
995,0.433,2026-09-24T08:01:21.218726+00:00
996,0.386,2026-09-24T08:01:21.221135+00:00
997,0.486,2026-09-24T08:01:21.223666+00:00
998,0.635,2026-09-24T08:01:21.226300+00:00
999,0.484,2026-09-24T08:01:21.228766+00:00
1000,0.759,2026-09-24T08:01:21.231555+00:00
1001,0.491,2026-09-24T08:01:21.233868+00:00
1002,0.45899999999999996,2026-09-24T08:01:21.236319+00:00
1003,0.48700000000000004,2026-09-24T08:01:21.238814+00:00
1004,0.905,2026-09-24T08:01:21.241723+00:00
1005,0.562,2026-09-24T08:01:21.244165+00:00
1006,0.579,2026-09-24T08:01:21.246743+00:00
1007,0.6579999999999999,2026-09-24T08:01:21.249344+00:00
1008,0.441,2026-09-24T08:01:21.251749+00:00
1009,0.402,2026-09-24T08:01:21.254190+00:00
1010,0.45199999999999996,2026-09-24T08:01:21.256698+00:00
1011,0.536,2026-09-24T08:01:21.259251+00:00
1012,0.8809999999999999,2026-09-24T08:01:21.262169+00:00
1013,0.9039999999999999,2026-09-24T08:01:21.265043+00:00
1014,0.666,2026-09-24T08:01:21.267634+00:00
1015,0.578,2026-09-24T08:01:21.270182+00:00
1016,0.628,2026-09-24T08:01:21.272839+00:00
1017,0.757,2026-09-24T08:01:21.275516+00:00
1018,0.657,2026-09-24T08:01:21.278189+00:00
1019,0.5199999999999999,2026-09-24T08:01:21.280662+00:00
1020,0.4,2026-09-24T08:01:21.283053+00:00
1021,0.388,2026-09-24T08:01:21.285476+00:00
1022,0.46599999999999997,2026-09-24T08:01:21.287986+00:00
1023,0.646,2026-09-24T08:01:21.290636+00:00
1024,0.894,2026-09-24T08:01:21.293554+00:00
1025,0.593,2026-09-24T08:01:21.295966+00:00
1026,0.541,2026-09-24T08:01:21.298446+00:00
1027,0.869,2026-09-24T08:01:21.301602+00:00
1028,0.796,2026-09-24T08:01:21.304488+00:00
1029,0.594,2026-09-24T08:01:21.307143+00:00
1030,0.8989999999999999,2026-09-24T08:01:21.310095+00:00
1031,0.8069999999999999,2026-09-24T08:01:21.312811+00:00
1032,0.7110000000000001,2026-09-24T08:01:21.315576+00:00
1033,0.592,2026-09-24T08:01:21.318249+00:00
1034,0.804,2026-09-24T08:01:21.321152+00:00
1035,0.718,2026-09-24T08:01:21.323873+00:00
1036,0.605,2026-09-24T08:01:21.326377+00:00
1037,0.737,2026-09-24T08:01:21.329187+00:00
1038,0.847,2026-09-24T08:01:21.332106+00:00
1039,0.7010000000000001,2026-09-24T08:01:21.334787+00:00
1040,0.673,2026-09-24T08:01:21.337444+00:00
1041,0.6629999999999999,2026-09-24T08:01:21.340093+00:00
1042,0.64,2026-09-24T08:01:21.342743+00:00
1043,0.9349999999999999,2026-09-24T08:01:21.345595+00:00
1044,0.704,2026-09-24T08:01:21.348295+00:00
1045,0.5810000000000001,2026-09-24T08:01:21.350943+00:00
1046,0.5810000000000001,2026-09-24T08:01:21.353687+00:00
1047,0.5559999999999999,2026-09-24T08:01:21.356348+00:00
1048,0.5469999999999999,2026-09-24T08:01:21.358975+00:00
1049,0.653,2026-09-24T08:01:21.361687+00:00
1050,0.704,2026-09-24T08:01:21.364569+00:00
1051,0.716,2026-09-24T08:01:21.367327+00:00
1052,0.798,2026-09-24T08:01:21.370119+00:00
1053,0.621,2026-09-24T08:01:21.372701+00:00
1054,1.118,2026-09-24T08:01:21.375813+00:00
1055,0.805,2026-09-24T08:01:21.378522+00:00
1056,0.9460000000000001,2026-09-24T08:01:21.381389+00:00
1057,0.742,2026-09-24T08:01:21.384080+00:00
1058,0.666,2026-09-24T08:01:21.386724+00:00
1059,0.448,2026-09-24T08:01:21.389156+00:00
1060,0.748,2026-09-24T08:01:21.391919+00:00
1061,1.149,2026-09-24T08:01:21.395156+00:00
1062,0.756,2026-09-24T08:01:21.397922+00:00
1063,0.7060000000000001,2026-09-24T08:01:21.400637+00:00
1064,0.651,2026-09-24T08:01:21.403258+00:00
1065,0.5820000000000001,2026-09-24T08:01:21.405825+00:00
1066,0.82,2026-09-24T08:01:21.408631+00:00
1067,0.661,2026-09-24T08:01:21.411283+00:00
1068,0.848,2026-09-24T08:01:21.414123+00:00
1069,0.5519999999999999,2026-09-24T08:01:21.416535+00:00
1070,0.467,2026-09-24T08:01:21.418988+00:00
1071,0.541,2026-09-24T08:01:21.421525+00:00
1072,0.759,2026-09-24T08:01:21.424287+00:00
1073,0.669,2026-09-24T08:01:21.426936+00:00
1074,0.7380000000000001,2026-09-24T08:01:21.429735+00:00
1075,0.915,2026-09-24T08:01:21.432653+00:00
1076,0.5950000000000001,2026-09-24T08:01:21.435179+00:00
1077,0.944,2026-09-24T08:01:21.438189+00:00
1078,0.762,2026-09-24T08:01:21.440823+00:00
1079,0.725,2026-09-24T08:01:21.443614+00:00
1080,0.58,2026-09-24T08:01:21.446224+00:00
1081,0.624,2026-09-24T08:01:21.448879+00:00
1082,0.9560000000000001,2026-09-24T08:01:21.451874+00:00
1083,0.6819999999999999,2026-09-24T08:01:21.454454+00:00
1084,0.739,2026-09-24T08:01:21.457277+00:00
1085,0.901,2026-09-24T08:01:21.460142+00:00
1086,0.748,2026-09-24T08:01:21.462681+00:00
1087,0.569,2026-09-24T08:01:21.465107+00:00
1088,0.879,2026-09-24T08:01:21.467940+00:00
1089,1.1789999999999998,2026-09-24T08:01:21.471202+00:00
1090,0.905,2026-09-24T08:01:21.473983+00:00
1091,0.726,2026-09-24T08:01:21.476655+00:00
1092,1.185,2026-09-24T08:01:21.479944+00:00
1093,0.892,2026-09-24T08:01:21.482872+00:00
1094,0.62,2026-09-24T08:01:21.485446+00:00
1095,0.7929999999999999,2026-09-24T08:01:21.488222+00:00
1096,0.6809999999999999,2026-09-24T08:01:21.490770+00:00
1097,0.867,2026-09-24T08:01:21.493500+00:00
1098,0.7919999999999999,2026-09-24T08:01:21.496145+00:00
1099,0.636,2026-09-24T08:01:21.498685+00:00
1100,0.741,2026-09-24T08:01:21.501372+00:00
1101,0.694,2026-09-24T08:01:21.504049+00:00
1102,0.597,2026-09-24T08:01:21.506565+00:00
1103,0.719,2026-09-24T08:01:21.509302+00:00
1104,0.574,2026-09-24T08:01:21.511813+00:00
1105,0.601,2026-09-24T08:01:21.514428+00:00
1106,0.5640000000000001,2026-09-24T08:01:21.517006+00:00
1107,0.465,2026-09-24T08:01:21.519484+00:00
1108,0.6769999999999999,2026-09-24T08:01:21.522173+00:00
1109,0.571,2026-09-24T08:01:21.524756+00:00
1110,0.6489999999999999,2026-09-24T08:01:21.527498+00:00
1111,0.54,2026-09-24T08:01:21.529994+00:00
1112,0.502,2026-09-24T08:01:21.532469+00:00
1113,0.535,2026-09-24T08:01:21.534983+00:00
1114,0.75,2026-09-24T08:01:21.537820+00:00
1115,0.518,2026-09-24T08:01:21.540340+00:00
1116,0.623,2026-09-24T08:01:21.543020+00:00
1117,0.627,2026-09-24T08:01:21.545643+00:00
1118,0.605,2026-09-24T08:01:21.548261+00:00
1119,0.596,2026-09-24T08:01:21.550819+00:00
1120,0.437,2026-09-24T08:01:21.553215+00:00
1121,0.51,2026-09-24T08:01:21.555747+00:00
1122,0.632,2026-09-24T08:01:21.558370+00:00
1123,0.8310000000000001,2026-09-24T08:01:21.561045+00:00
1124,0.762,2026-09-24T08:01:21.563869+00:00
1125,0.554,2026-09-24T08:01:21.566366+00:00
1126,0.741,2026-09-24T08:01:21.569068+00:00
1127,0.812,2026-09-24T08:01:21.571885+00:00
1128,0.666,2026-09-24T08:01:21.574523+00:00
1129,0.769,2026-09-24T08:01:21.577340+00:00
1130,0.896,2026-09-24T08:01:21.580331+00:00
1131,0.584,2026-09-24T08:01:21.582947+00:00
1132,0.76,2026-09-24T08:01:21.585933+00:00
1133,0.488,2026-09-24T08:01:21.588381+00:00
1134,0.531,2026-09-24T08:01:21.590961+00:00
1135,0.651,2026-09-24T08:01:21.593687+00:00
1136,0.603,2026-09-24T08:01:21.596385+00:00
1137,0.5109999999999999,2026-09-24T08:01:21.599008+00:00
1138,0.513,2026-09-24T08:01:21.601591+00:00
1139,0.439,2026-09-24T08:01:21.604032+00:00
1140,0.575,2026-09-24T08:01:21.606631+00:00
1141,0.771,2026-09-24T08:01:21.609392+00:00
1142,0.5379999999999999,2026-09-24T08:01:21.611968+00:00
1143,1.044,2026-09-24T08:01:21.615101+00:00
1144,1.088,2026-09-24T08:01:21.618140+00:00
1145,0.574,2026-09-24T08:01:21.620721+00:00
1146,0.44499999999999995,2026-09-24T08:01:21.623199+00:00
1147,0.767,2026-09-24T08:01:21.626030+00:00
1148,0.775,2026-09-24T08:01:21.628685+00:00
1149,0.7020000000000001,2026-09-24T08:01:21.631397+00:00
1150,0.731,2026-09-24T08:01:21.634039+00:00
1151,0.915,2026-09-24T08:01:21.636856+00:00
1152,0.727,2026-09-24T08:01:21.639715+00:00
1153,0.633,2026-09-24T08:01:21.642427+00:00
1154,0.558,2026-09-24T08:01:21.644996+00:00
1155,0.46299999999999997,2026-09-24T08:01:21.647474+00:00
1156,0.526,2026-09-24T08:01:21.650052+00:00
1157,0.479,2026-09-24T08:01:21.652554+00:00
1158,0.46599999999999997,2026-09-24T08:01:21.655074+00:00
1159,0.48700000000000004,2026-09-24T08:01:21.657612+00:00
1160,0.5479999999999999,2026-09-24T08:01:21.660174+00:00
1161,0.462,2026-09-24T08:01:21.662679+00:00
1162,0.873,2026-09-24T08:01:21.665617+00:00
1163,0.893,2026-09-24T08:01:21.668437+00:00
1164,0.638,2026-09-24T08:01:21.671041+00:00
1165,0.574,2026-09-24T08:01:21.673606+00:00
1166,0.6489999999999999,2026-09-24T08:01:21.676247+00:00
1167,0.631,2026-09-24T08:01:21.678898+00:00
1168,0.48500000000000004,2026-09-24T08:01:21.681425+00:00
1169,0.741,2026-09-24T08:01:21.684174+00:00
1170,0.673,2026-09-24T08:01:21.686736+00:00
1171,0.455,2026-09-24T08:01:21.689095+00:00
1172,0.53,2026-09-24T08:01:21.691655+00:00
1173,0.559,2026-09-24T08:01:21.694277+00:00
1174,0.6890000000000001,2026-09-24T08:01:21.696985+00:00
1175,0.5770000000000001,2026-09-24T08:01:21.699639+00:00
1176,0.48700000000000004,2026-09-24T08:01:21.702161+00:00
1177,0.546,2026-09-24T08:01:21.704745+00:00
1178,0.458,2026-09-24T08:01:21.707205+00:00
1179,0.723,2026-09-24T08:01:21.709924+00:00
1180,0.575,2026-09-24T08:01:21.712538+00:00
1181,0.47,2026-09-24T08:01:21.714986+00:00
1182,0.661,2026-09-24T08:01:21.717661+00:00
1183,0.7010000000000001,2026-09-24T08:01:21.720336+00:00
1184,0.486,2026-09-24T08:01:21.722702+00:00
1185,0.5609999999999999,2026-09-24T08:01:21.725291+00:00
1186,0.954,2026-09-24T08:01:21.728278+00:00
1187,0.639,2026-09-24T08:01:21.731081+00:00
1188,0.47300000000000003,2026-09-24T08:01:21.733637+00:00
1189,0.47800000000000004,2026-09-24T08:01:21.736160+00:00
1190,0.464,2026-09-24T08:01:21.738605+00:00
1191,0.48899999999999993,2026-09-24T08:01:21.741365+00:00
1192,0.744,2026-09-24T08:01:21.744181+00:00
1193,0.64,2026-09-24T08:01:21.746741+00:00
1194,0.518,2026-09-24T08:01:21.749304+00:00
1195,0.58,2026-09-24T08:01:21.751889+00:00
1196,0.47,2026-09-24T08:01:21.754327+00:00
1197,0.5429999999999999,2026-09-24T08:01:21.756882+00:00
1198,0.7290000000000001,2026-09-24T08:01:21.759583+00:00
1199,0.687,2026-09-24T08:01:21.762165+00:00
1200,0.632,2026-09-24T08:01:21.764816+00:00
1201,0.575,2026-09-24T08:01:21.767364+00:00
1202,0.441,2026-09-24T08:01:21.769759+00:00
1203,0.712,2026-09-24T08:01:21.772496+00:00
1204,0.5599999999999999,2026-09-24T08:01:21.775070+00:00
1205,0.655,2026-09-24T08:01:21.777747+00:00
1206,0.584,2026-09-24T08:01:21.780391+00:00
1207,0.425,2026-09-24T08:01:21.782840+00:00
1208,0.40499999999999997,2026-09-24T08:01:21.785285+00:00
1209,0.419,2026-09-24T08:01:21.787733+00:00
1210,0.382,2026-09-24T08:01:21.790142+00:00
1211,0.46799999999999997,2026-09-24T08:01:21.792657+00:00
1212,1.02,2026-09-24T08:01:21.795910+00:00
1213,0.9810000000000001,2026-09-24T08:01:21.799050+00:00
1214,0.858,2026-09-24T08:01:21.802020+00:00
1215,0.9970000000000001,2026-09-24T08:01:21.805069+00:00
1216,0.767,2026-09-24T08:01:21.807527+00:00
1217,0.66,2026-09-24T08:01:21.810132+00:00
1218,0.503,2026-09-24T08:01:21.812655+00:00
1219,0.55,2026-09-24T08:01:21.815255+00:00
1220,0.5289999999999999,2026-09-24T08:01:21.817715+00:00
1221,0.451,2026-09-24T08:01:21.820150+00:00
1222,0.484,2026-09-24T08:01:21.822677+00:00
1223,0.5,2026-09-24T08:01:21.825182+00:00
1224,0.603,2026-09-24T08:01:21.827800+00:00
1225,0.48700000000000004,2026-09-24T08:01:21.830202+00:00
1226,0.513,2026-09-24T08:01:21.832735+00:00
1227,0.447,2026-09-24T08:01:21.835233+00:00
1228,0.45399999999999996,2026-09-24T08:01:21.837719+00:00
1229,0.61,2026-09-24T08:01:21.840518+00:00
1230,0.8630000000000001,2026-09-24T08:01:21.843542+00:00
1231,0.678,2026-09-24T08:01:21.846304+00:00
1232,0.6629999999999999,2026-09-24T08:01:21.848944+00:00
1233,0.499,2026-09-24T08:01:21.851488+00:00
1234,0.416,2026-09-24T08:01:21.853935+00:00
1235,0.506,2026-09-24T08:01:21.856475+00:00
1236,1.0330000000000001,2026-09-24T08:01:21.859541+00:00
1237,0.879,2026-09-24T08:01:21.862194+00:00
1238,0.683,2026-09-24T08:01:21.864749+00:00
1239,1.199,2026-09-24T08:01:21.868075+00:00
1240,1.077,2026-09-24T08:01:21.871145+00:00
1241,0.916,2026-09-24T08:01:21.874097+00:00
1242,1.137,2026-09-24T08:01:21.877275+00:00
1243,1.349,2026-09-24T08:01:21.880605+00:00
1244,1.229,2026-09-24T08:01:21.883816+00:00
1245,1.193,2026-09-24T08:01:21.886882+00:00
1246,1.137,2026-09-24T08:01:21.889832+00:00
1247,0.9309999999999999,2026-09-24T08:01:21.892464+00:00
1248,1.038,2026-09-24T08:01:21.895322+00:00
1249,0.748,2026-09-24T08:01:21.897963+00:00
1250,0.967,2026-09-24T08:01:21.900783+00:00
1251,0.617,2026-09-24T08:01:21.903165+00:00
1252,0.79,2026-09-24T08:01:21.905959+00:00
1253,0.5199999999999999,2026-09-24T08:01:21.908393+00:00
1254,0.585,2026-09-24T08:01:21.911027+00:00
1255,0.7290000000000001,2026-09-24T08:01:21.913708+00:00
1256,0.507,2026-09-24T08:01:21.916102+00:00
1257,0.47,2026-09-24T08:01:21.918579+00:00
1258,0.596,2026-09-24T08:01:21.921172+00:00
1259,0.7739999999999999,2026-09-24T08:01:21.923974+00:00
1260,0.9179999999999999,2026-09-24T08:01:21.927023+00:00
1261,0.6930000000000001,2026-09-24T08:01:21.930052+00:00
1262,0.666,2026-09-24T08:01:21.932797+00:00
1263,0.6040000000000001,2026-09-24T08:01:21.935463+00:00
1264,0.6849999999999999,2026-09-24T08:01:21.938084+00:00
1265,0.512,2026-09-24T08:01:21.940634+00:00
1266,0.571,2026-09-24T08:01:21.943222+00:00
1267,0.512,2026-09-24T08:01:21.945779+00:00
1268,0.49700000000000005,2026-09-24T08:01:21.948270+00:00
1269,0.504,2026-09-24T08:01:21.950776+00:00
1270,0.47800000000000004,2026-09-24T08:01:21.953273+00:00
1271,0.864,2026-09-24T08:01:21.956163+00:00
1272,0.619,2026-09-24T08:01:21.958869+00:00
1273,0.606,2026-09-24T08:01:21.961590+00:00
1274,0.555,2026-09-24T08:01:21.964184+00:00
1275,0.5,2026-09-24T08:01:21.966778+00:00
1276,0.678,2026-09-24T08:01:21.969525+00:00
1277,0.49700000000000005,2026-09-24T08:01:21.971999+00:00
1278,1.018,2026-09-24T08:01:21.975068+00:00
1279,0.9179999999999999,2026-09-24T08:01:21.977913+00:00
1280,0.983,2026-09-24T08:01:21.980903+00:00
1281,0.8019999999999999,2026-09-24T08:01:21.983721+00:00
1282,0.6,2026-09-24T08:01:21.986423+00:00
1283,0.694,2026-09-24T08:01:21.989187+00:00
1284,0.803,2026-09-24T08:01:21.991977+00:00
1285,0.971,2026-09-24T08:01:21.994949+00:00
1286,0.824,2026-09-24T08:01:21.997804+00:00
1287,1.0150000000000001,2026-09-24T08:01:22.000956+00:00
1288,0.664,2026-09-24T08:01:22.003524+00:00
1289,0.503,2026-09-24T08:01:22.006030+00:00
1290,0.819,2026-09-24T08:01:22.008828+00:00
1291,0.958,2026-09-24T08:01:22.011787+00:00
1292,1.085,2026-09-24T08:01:22.014758+00:00
1293,0.885,2026-09-24T08:01:22.017540+00:00
1294,0.625,2026-09-24T08:01:22.020269+00:00
1295,0.751,2026-09-24T08:01:22.023154+00:00
1296,0.6629999999999999,2026-09-24T08:01:22.025800+00:00
1297,0.598,2026-09-24T08:01:22.028332+00:00
1298,0.617,2026-09-24T08:01:22.030874+00:00
1299,0.739,2026-09-24T08:01:22.033609+00:00
1300,0.643,2026-09-24T08:01:22.036072+00:00
1301,0.9179999999999999,2026-09-24T08:01:22.038976+00:00
1302,0.847,2026-09-24T08:01:22.041837+00:00
1303,0.758,2026-09-24T08:01:22.044768+00:00
1304,0.662,2026-09-24T08:01:22.047497+00:00
1305,0.9269999999999999,2026-09-24T08:01:22.050448+00:00
1306,1.009,2026-09-24T08:01:22.053518+00:00
1307,0.799,2026-09-24T08:01:22.056300+00:00
1308,0.937,2026-09-24T08:01:22.059205+00:00
1309,0.865,2026-09-24T08:01:22.062062+00:00
1310,0.846,2026-09-24T08:01:22.064794+00:00
1311,0.587,2026-09-24T08:01:22.067340+00:00
1312,1.059,2026-09-24T08:01:22.070484+00:00
1313,1.078,2026-09-24T08:01:22.073529+00:00
1314,1.198,2026-09-24T08:01:22.076660+00:00
1315,1.1720000000000002,2026-09-24T08:01:22.079939+00:00
1316,1.075,2026-09-24T08:01:22.082907+00:00
1317,0.707,2026-09-24T08:01:22.085557+00:00
1318,0.661,2026-09-24T08:01:22.088156+00:00
1319,0.612,2026-09-24T08:01:22.090721+00:00
1320,0.5820000000000001,2026-09-24T08:01:22.093229+00:00
1321,0.6930000000000001,2026-09-24T08:01:22.095986+00:00
1322,0.482,2026-09-24T08:01:22.098537+00:00
1323,0.5810000000000001,2026-09-24T08:01:22.101188+00:00
1324,0.766,2026-09-24T08:01:22.104002+00:00
1325,0.614,2026-09-24T08:01:22.106560+00:00
1326,0.87,2026-09-24T08:01:22.109385+00:00
1327,0.762,2026-09-24T08:01:22.112173+00:00
1328,0.985,2026-09-24T08:01:22.115106+00:00
1329,0.653,2026-09-24T08:01:22.117586+00:00
1330,0.703,2026-09-24T08:01:22.120331+00:00
1331,0.584,2026-09-24T08:01:22.122887+00:00
1332,0.696,2026-09-24T08:01:22.125525+00:00
1333,1.168,2026-09-24T08:01:22.128625+00:00
1334,0.8130000000000001,2026-09-24T08:01:22.131422+00:00
1335,0.5950000000000001,2026-09-24T08:01:22.133926+00:00
1336,0.655,2026-09-24T08:01:22.136661+00:00
1337,0.618,2026-09-24T08:01:22.139237+00:00
1338,0.7969999999999999,2026-09-24T08:01:22.142047+00:00
1339,0.584,2026-09-24T08:01:22.144463+00:00
1340,0.527,2026-09-24T08:01:22.146912+00:00
1341,0.44,2026-09-24T08:01:22.149333+00:00
1342,0.441,2026-09-24T08:01:22.151783+00:00
1343,0.435,2026-09-24T08:01:22.154206+00:00
1344,0.618,2026-09-24T08:01:22.156839+00:00
1345,0.5479999999999999,2026-09-24T08:01:22.159328+00:00
1346,0.805,2026-09-24T08:01:22.162117+00:00
1347,0.696,2026-09-24T08:01:22.164878+00:00
1348,0.65,2026-09-24T08:01:22.167555+00:00
1349,0.86,2026-09-24T08:01:22.170474+00:00
1350,0.501,2026-09-24T08:01:22.172969+00:00
1351,0.733,2026-09-24T08:01:22.175717+00:00
1352,0.6719999999999999,2026-09-24T08:01:22.178206+00:00
1353,0.49299999999999994,2026-09-24T08:01:22.180645+00:00
1354,0.627,2026-09-24T08:01:22.183266+00:00
1355,0.48700000000000004,2026-09-24T08:01:22.185817+00:00
1356,0.541,2026-09-24T08:01:22.188384+00:00
1357,0.5860000000000001,2026-09-24T08:01:22.190982+00:00
1358,0.494,2026-09-24T08:01:22.193404+00:00
1359,1.0859999999999999,2026-09-24T08:01:22.196502+00:00
1360,0.47600000000000003,2026-09-24T08:01:22.198905+00:00
1361,0.47300000000000003,2026-09-24T08:01:22.201365+00:00
1362,0.41,2026-09-24T08:01:22.203717+00:00
1363,0.415,2026-09-24T08:01:22.206145+00:00
1364,0.57,2026-09-24T08:01:22.208719+00:00
1365,0.522,2026-09-24T08:01:22.211128+00:00
1366,0.771,2026-09-24T08:01:22.213832+00:00
1367,0.76,2026-09-24T08:01:22.216613+00:00
1368,0.465,2026-09-24T08:01:22.218867+00:00
1369,0.414,2026-09-24T08:01:22.221287+00:00
1370,0.444,2026-09-24T08:01:22.223761+00:00
1371,0.731,2026-09-24T08:01:22.226576+00:00
1372,0.712,2026-09-24T08:01:22.229141+00:00
1373,0.5950000000000001,2026-09-24T08:01:22.231642+00:00
1374,0.525,2026-09-24T08:01:22.234125+00:00
1375,0.535,2026-09-24T08:01:22.236615+00:00
1376,0.494,2026-09-24T08:01:22.239072+00:00
1377,0.53,2026-09-24T08:01:22.241591+00:00
1378,0.6589999999999999,2026-09-24T08:01:22.244256+00:00
1379,0.446,2026-09-24T08:01:22.246581+00:00
1380,0.49799999999999994,2026-09-24T08:01:22.249117+00:00
1381,0.555,2026-09-24T08:01:22.251692+00:00
1382,0.45,2026-09-24T08:01:22.254095+00:00
1383,0.455,2026-09-24T08:01:22.256529+00:00
1384,0.5900000000000001,2026-09-24T08:01:22.259103+00:00
1385,0.626,2026-09-24T08:01:22.261736+00:00
1386,0.477,2026-09-24T08:01:22.264202+00:00
1387,0.457,2026-09-24T08:01:22.266661+00:00
1388,0.527,2026-09-24T08:01:22.269200+00:00
1389,0.559,2026-09-24T08:01:22.271735+00:00
1390,0.592,2026-09-24T08:01:22.274252+00:00
1391,0.803,2026-09-24T08:01:22.276982+00:00
1392,0.499,2026-09-24T08:01:22.279458+00:00
1393,0.5469999999999999,2026-09-24T08:01:22.281995+00:00
1394,0.544,2026-09-24T08:01:22.284487+00:00
1395,0.49700000000000005,2026-09-24T08:01:22.286924+00:00
1396,0.502,2026-09-24T08:01:22.289429+00:00
1397,0.535,2026-09-24T08:01:22.291930+00:00
1398,0.596,2026-09-24T08:01:22.294555+00:00
1399,0.494,2026-09-24T08:01:22.297007+00:00
1400,0.522,2026-09-24T08:01:22.299514+00:00
1401,0.522,2026-09-24T08:01:22.302011+00:00
1402,0.494,2026-09-24T08:01:22.304467+00:00
1403,0.47100000000000003,2026-09-24T08:01:22.306911+00:00
1404,0.47600000000000003,2026-09-24T08:01:22.309370+00:00
1405,0.515,2026-09-24T08:01:22.311866+00:00
1406,0.506,2026-09-24T08:01:22.314354+00:00
1407,0.65,2026-09-24T08:01:22.316992+00:00
1408,0.623,2026-09-24T08:01:22.319685+00:00
1409,0.594,2026-09-24T08:01:22.322350+00:00
1410,0.78,2026-09-24T08:01:22.325229+00:00
1411,0.5810000000000001,2026-09-24T08:01:22.327899+00:00
1412,0.5609999999999999,2026-09-24T08:01:22.330562+00:00
1413,0.7649999999999999,2026-09-24T08:01:22.333407+00:00
1414,0.678,2026-09-24T08:01:22.336035+00:00
1415,0.636,2026-09-24T08:01:22.338748+00:00
1416,0.615,2026-09-24T08:01:22.341618+00:00
1417,0.757,2026-09-24T08:01:22.344484+00:00
1418,0.503,2026-09-24T08:01:22.347020+00:00
1419,0.597,2026-09-24T08:01:22.349650+00:00
1420,0.499,2026-09-24T08:01:22.352179+00:00
1421,0.46299999999999997,2026-09-24T08:01:22.354650+00:00
1422,0.53,2026-09-24T08:01:22.357213+00:00
1423,0.6539999999999999,2026-09-24T08:01:22.359996+00:00
1424,0.64,2026-09-24T08:01:22.362768+00:00
1425,0.517,2026-09-24T08:01:22.365348+00:00
1426,0.447,2026-09-24T08:01:22.367833+00:00
1427,0.47800000000000004,2026-09-24T08:01:22.370336+00:00
1428,0.499,2026-09-24T08:01:22.372797+00:00
1429,0.524,2026-09-24T08:01:22.375280+00:00
1430,0.785,2026-09-24T08:01:22.378010+00:00
1431,0.584,2026-09-24T08:01:22.380562+00:00
1432,0.456,2026-09-24T08:01:22.383016+00:00
1433,0.46299999999999997,2026-09-24T08:01:22.385477+00:00
1434,0.428,2026-09-24T08:01:22.387879+00:00
1435,0.45199999999999996,2026-09-24T08:01:22.390341+00:00
1436,0.559,2026-09-24T08:01:22.392887+00:00
1437,0.5860000000000001,2026-09-24T08:01:22.395454+00:00
1438,0.5419999999999999,2026-09-24T08:01:22.397970+00:00
1439,0.475,2026-09-24T08:01:22.400366+00:00
1440,0.521,2026-09-24T08:01:22.402887+00:00
1441,0.6629999999999999,2026-09-24T08:01:22.405502+00:00
1442,0.966,2026-09-24T08:01:22.408603+00:00
1443,0.969,2026-09-24T08:01:22.411654+00:00
1444,1.209,2026-09-24T08:01:22.415001+00:00
1445,0.916,2026-09-24T08:01:22.417860+00:00
1446,0.54,2026-09-24T08:01:22.420330+00:00
1447,0.505,2026-09-24T08:01:22.422836+00:00
1448,0.762,2026-09-24T08:01:22.425632+00:00
1449,0.7,2026-09-24T08:01:22.428150+00:00
1450,0.638,2026-09-24T08:01:22.430812+00:00
1451,0.632,2026-09-24T08:01:22.433364+00:00
1452,0.48500000000000004,2026-09-24T08:01:22.435712+00:00
1453,0.46099999999999997,2026-09-24T08:01:22.438200+00:00
1454,0.501,2026-09-24T08:01:22.440726+00:00
1455,0.517,2026-09-24T08:01:22.443222+00:00
1456,0.562,2026-09-24T08:01:22.445766+00:00
1457,0.93,2026-09-24T08:01:22.448856+00:00
1458,0.728,2026-09-24T08:01:22.451601+00:00
1459,0.483,2026-09-24T08:01:22.454085+00:00
1460,0.6859999999999999,2026-09-24T08:01:22.456865+00:00
1461,0.71,2026-09-24T08:01:22.459648+00:00
1462,0.641,2026-09-24T08:01:22.462141+00:00
1463,0.5950000000000001,2026-09-24T08:01:22.464642+00:00
1464,0.5469999999999999,2026-09-24T08:01:22.467118+00:00
1465,0.481,2026-09-24T08:01:22.469592+00:00
1466,0.488,2026-09-24T08:01:22.472114+00:00
1467,0.5609999999999999,2026-09-24T08:01:22.474680+00:00
1468,0.535,2026-09-24T08:01:22.477179+00:00
1469,0.444,2026-09-24T08:01:22.479665+00:00
1470,0.432,2026-09-24T08:01:22.482177+00:00
1471,0.464,2026-09-24T08:01:22.484700+00:00
1472,0.8099999999999999,2026-09-24T08:01:22.487563+00:00
1473,0.652,2026-09-24T08:01:22.490056+00:00
1474,0.8490000000000001,2026-09-24T08:01:22.492958+00:00
1475,0.652,2026-09-24T08:01:22.495500+00:00
1476,0.57,2026-09-24T08:01:22.498097+00:00
1477,0.555,2026-09-24T08:01:22.500592+00:00
1478,0.6629999999999999,2026-09-24T08:01:22.503209+00:00
1479,0.674,2026-09-24T08:01:22.505816+00:00
1480,0.747,2026-09-24T08:01:22.508523+00:00
1481,0.655,2026-09-24T08:01:22.511234+00:00
1482,0.6819999999999999,2026-09-24T08:01:22.513837+00:00
1483,0.528,2026-09-24T08:01:22.516215+00:00
1484,0.512,2026-09-24T08:01:22.518696+00:00
1485,0.496,2026-09-24T08:01:22.521169+00:00
1486,0.517,2026-09-24T08:01:22.523672+00:00
1487,0.718,2026-09-24T08:01:22.526344+00:00
1488,0.558,2026-09-24T08:01:22.528964+00:00
1489,0.526,2026-09-24T08:01:22.531475+00:00
1490,0.48899999999999993,2026-09-24T08:01:22.533951+00:00
1491,0.637,2026-09-24T08:01:22.536595+00:00
1492,0.6589999999999999,2026-09-24T08:01:22.539108+00:00
1493,1.8370000000000002,2026-09-24T08:01:22.543048+00:00
1494,0.9129999999999999,2026-09-24T08:01:22.545967+00:00
1495,0.751,2026-09-24T08:01:22.548708+00:00
1496,0.48500000000000004,2026-09-24T08:01:22.551207+00:00
1497,0.5810000000000001,2026-09-24T08:01:22.553841+00:00
1498,0.537,2026-09-24T08:01:22.556486+00:00
1499,0.619,2026-09-24T08:01:22.559190+00:00
1500,0.587,2026-09-24T08:01:22.561779+00:00
1501,0.442,2026-09-24T08:01:22.564216+00:00
1502,0.45199999999999996,2026-09-24T08:01:22.566759+00:00
1503,0.41300000000000003,2026-09-24T08:01:22.569209+00:00
1504,0.447,2026-09-24T08:01:22.571753+00:00
1505,0.61,2026-09-24T08:01:22.574444+00:00
1506,1.149,2026-09-24T08:01:22.577537+00:00
1507,0.867,2026-09-24T08:01:22.580450+00:00
1508,0.523,2026-09-24T08:01:22.582947+00:00
1509,0.616,2026-09-24T08:01:22.585564+00:00
1510,0.585,2026-09-24T08:01:22.588208+00:00
1511,0.842,2026-09-24T08:01:22.591158+00:00
1512,0.726,2026-09-24T08:01:22.593922+00:00
1513,0.6970000000000001,2026-09-24T08:01:22.596658+00:00
1514,0.752,2026-09-24T08:01:22.599429+00:00
1515,0.754,2026-09-24T08:01:22.601926+00:00
1516,0.67,2026-09-24T08:01:22.604506+00:00
1517,0.619,2026-09-24T08:01:22.607051+00:00
1518,0.847,2026-09-24T08:01:22.609872+00:00
1519,0.829,2026-09-24T08:01:22.612604+00:00
1520,0.809,2026-09-24T08:01:22.615386+00:00
1521,0.679,2026-09-24T08:01:22.618013+00:00
1522,0.588,2026-09-24T08:01:22.620575+00:00
1523,0.456,2026-09-24T08:01:22.623003+00:00
1524,0.948,2026-09-24T08:01:22.626031+00:00
1525,0.82,2026-09-24T08:01:22.628824+00:00
1526,0.707,2026-09-24T08:01:22.631557+00:00
1527,0.975,2026-09-24T08:01:22.634632+00:00
1528,0.9349999999999999,2026-09-24T08:01:22.637621+00:00
1529,0.8009999999999999,2026-09-24T08:01:22.640451+00:00
1530,1.153,2026-09-24T08:01:22.643593+00:00
1531,1.127,2026-09-24T08:01:22.646522+00:00
1532,0.621,2026-09-24T08:01:22.649164+00:00
1533,0.784,2026-09-24T08:01:22.652010+00:00
1534,0.751,2026-09-24T08:01:22.654696+00:00
1535,0.742,2026-09-24T08:01:22.657424+00:00
1536,0.5630000000000001,2026-09-24T08:01:22.659934+00:00
1537,0.957,2026-09-24T08:01:22.662880+00:00
1538,0.885,2026-09-24T08:01:22.665764+00:00
1539,0.761,2026-09-24T08:01:22.668532+00:00
1540,0.8059999999999999,2026-09-24T08:01:22.671483+00:00
1541,0.754,2026-09-24T08:01:22.674282+00:00
1542,1.0939999999999999,2026-09-24T08:01:22.677390+00:00
1543,0.809,2026-09-24T08:01:22.680338+00:00
1544,0.578,2026-09-24T08:01:22.683065+00:00
1545,0.553,2026-09-24T08:01:22.685704+00:00
1546,0.455,2026-09-24T08:01:22.688232+00:00
1547,0.49,2026-09-24T08:01:22.690790+00:00
1548,0.83,2026-09-24T08:01:22.693664+00:00
1549,0.637,2026-09-24T08:01:22.696168+00:00
1550,0.631,2026-09-24T08:01:22.698734+00:00
1551,0.536,2026-09-24T08:01:22.701236+00:00
1552,0.647,2026-09-24T08:01:22.703897+00:00
1553,0.637,2026-09-24T08:01:22.706491+00:00
1554,0.66,2026-09-24T08:01:22.709102+00:00
1555,0.74,2026-09-24T08:01:22.711753+00:00
1556,0.6449999999999999,2026-09-24T08:01:22.714356+00:00
1557,0.514,2026-09-24T08:01:22.716776+00:00
1558,0.5720000000000001,2026-09-24T08:01:22.719358+00:00
1559,0.48000000000000004,2026-09-24T08:01:22.721741+00:00
1560,0.46900000000000003,2026-09-24T08:01:22.724234+00:00
1561,0.607,2026-09-24T08:01:22.726865+00:00
1562,0.494,2026-09-24T08:01:22.729332+00:00
1563,0.455,2026-09-24T08:01:22.731834+00:00
1564,0.481,2026-09-24T08:01:22.734387+00:00
1565,0.69,2026-09-24T08:01:22.737121+00:00
1566,0.7060000000000001,2026-09-24T08:01:22.739906+00:00
1567,0.841,2026-09-24T08:01:22.742839+00:00
1568,0.611,2026-09-24T08:01:22.745535+00:00
1569,0.648,2026-09-24T08:01:22.748230+00:00
1570,0.824,2026-09-24T08:01:22.750967+00:00
1571,0.619,2026-09-24T08:01:22.753558+00:00
1572,0.44499999999999995,2026-09-24T08:01:22.755883+00:00
1573,0.429,2026-09-24T08:01:22.758344+00:00
1574,0.49700000000000005,2026-09-24T08:01:22.760876+00:00
1575,0.40299999999999997,2026-09-24T08:01:22.763284+00:00
1576,0.41100000000000003,2026-09-24T08:01:22.765719+00:00
1577,0.482,2026-09-24T08:01:22.768228+00:00
1578,0.48899999999999993,2026-09-24T08:01:22.770687+00:00
1579,0.458,2026-09-24T08:01:22.773113+00:00
1580,0.744,2026-09-24T08:01:22.775939+00:00
1581,0.526,2026-09-24T08:01:22.778476+00:00
1582,0.617,2026-09-24T08:01:22.781050+00:00
1583,0.64,2026-09-24T08:01:22.783640+00:00
1584,0.8260000000000001,2026-09-24T08:01:22.786371+00:00
1585,0.656,2026-09-24T08:01:22.789004+00:00
1586,0.7829999999999999,2026-09-24T08:01:22.791760+00:00
1587,0.886,2026-09-24T08:01:22.794639+00:00
1588,0.716,2026-09-24T08:01:22.797382+00:00
1589,0.768,2026-09-24T08:01:22.800228+00:00
1590,0.78,2026-09-24T08:01:22.803067+00:00
1591,0.633,2026-09-24T08:01:22.805835+00:00
1592,0.873,2026-09-24T08:01:22.808818+00:00
1593,0.717,2026-09-24T08:01:22.811614+00:00
1594,0.763,2026-09-24T08:01:22.814506+00:00
1595,0.609,2026-09-24T08:01:22.817180+00:00
1596,0.54,2026-09-24T08:01:22.819774+00:00
1597,0.503,2026-09-24T08:01:22.822317+00:00
1598,0.708,2026-09-24T08:01:22.825091+00:00
1599,0.5630000000000001,2026-09-24T08:01:22.827640+00:00
1600,0.594,2026-09-24T08:01:22.830215+00:00
1601,0.5820000000000001,2026-09-24T08:01:22.832701+00:00
1602,0.415,2026-09-24T08:01:22.835087+00:00
1603,0.428,2026-09-24T08:01:22.837517+00:00
1604,0.4,2026-09-24T08:01:22.839916+00:00
1605,0.458,2026-09-24T08:01:22.842393+00:00
1606,0.727,2026-09-24T08:01:22.845159+00:00
1607,0.5910000000000001,2026-09-24T08:01:22.847745+00:00
1608,0.756,2026-09-24T08:01:22.850535+00:00
1609,0.609,2026-09-24T08:01:22.853119+00:00
1610,0.512,2026-09-24T08:01:22.855645+00:00
1611,0.644,2026-09-24T08:01:22.858280+00:00
1612,0.45399999999999996,2026-09-24T08:01:22.860704+00:00
1613,0.391,2026-09-24T08:01:22.863123+00:00
1614,0.486,2026-09-24T08:01:22.865653+00:00
1615,0.371,2026-09-24T08:01:22.867973+00:00
1616,0.366,2026-09-24T08:01:22.870382+00:00
1617,0.695,2026-09-24T08:01:22.873123+00:00
1618,0.798,2026-09-24T08:01:22.875659+00:00
1619,1.199,2026-09-24T08:01:22.878734+00:00
1620,1.042,2026-09-24T08:01:22.881840+00:00
1621,0.745,2026-09-24T08:01:22.884668+00:00
1622,0.621,2026-09-24T08:01:22.887305+00:00
1623,0.5339999999999999,2026-09-24T08:01:22.889892+00:00
1624,0.823,2026-09-24T08:01:22.892775+00:00
1625,0.6890000000000001,2026-09-24T08:01:22.895486+00:00
1626,0.713,2026-09-24T08:01:22.898146+00:00
1627,0.678,2026-09-24T08:01:22.900886+00:00
1628,0.5109999999999999,2026-09-24T08:01:22.903299+00:00
1629,0.441,2026-09-24T08:01:22.905785+00:00
1630,0.423,2026-09-24T08:01:22.908246+00:00
1631,0.51,2026-09-24T08:01:22.910788+00:00
1632,0.49,2026-09-24T08:01:22.913236+00:00
1633,0.47600000000000003,2026-09-24T08:01:22.915734+00:00
1634,0.453,2026-09-24T08:01:22.918229+00:00
1635,0.39,2026-09-24T08:01:22.920596+00:00
1636,0.589,2026-09-24T08:01:22.923234+00:00
1637,0.382,2026-09-24T08:01:22.925434+00:00
1638,0.598,2026-09-24T08:01:22.928079+00:00
1639,0.694,2026-09-24T08:01:22.930595+00:00
1640,0.518,2026-09-24T08:01:22.932893+00:00
1641,0.501,2026-09-24T08:01:22.935308+00:00
1642,0.6920000000000001,2026-09-24T08:01:22.937922+00:00
1643,0.7200000000000001,2026-09-24T08:01:22.940513+00:00
1644,0.6759999999999999,2026-09-24T08:01:22.943062+00:00
1645,0.608,2026-09-24T08:01:22.945630+00:00
1646,0.536,2026-09-24T08:01:22.948067+00:00
1647,0.531,2026-09-24T08:01:22.950498+00:00
1648,0.488,2026-09-24T08:01:22.952915+00:00
1649,0.448,2026-09-24T08:01:22.955298+00:00
1650,0.46799999999999997,2026-09-24T08:01:22.957758+00:00
1651,0.47300000000000003,2026-09-24T08:01:22.960213+00:00
1652,0.6890000000000001,2026-09-24T08:01:22.962987+00:00
1653,0.513,2026-09-24T08:01:22.965457+00:00
1654,0.438,2026-09-24T08:01:22.967866+00:00
1655,0.397,2026-09-24T08:01:22.970305+00:00
1656,0.429,2026-09-24T08:01:22.972764+00:00
1657,0.421,2026-09-24T08:01:22.975200+00:00
1658,0.5810000000000001,2026-09-24T08:01:22.977800+00:00
1659,0.521,2026-09-24T08:01:22.980363+00:00
1660,0.464,2026-09-24T08:01:22.982819+00:00
1661,0.389,2026-09-24T08:01:22.985222+00:00
1662,0.38699999999999996,2026-09-24T08:01:22.987648+00:00
1663,0.393,2026-09-24T08:01:22.990079+00:00
1664,0.40900000000000003,2026-09-24T08:01:22.992611+00:00
1665,0.382,2026-09-24T08:01:22.995044+00:00
1666,0.472,2026-09-24T08:01:22.997563+00:00
1667,0.5109999999999999,2026-09-24T08:01:23.000145+00:00
1668,0.417,2026-09-24T08:01:23.002615+00:00
1669,0.392,2026-09-24T08:01:23.005045+00:00
1670,0.417,2026-09-24T08:01:23.007710+00:00
1671,0.93,2026-09-24T08:01:23.010781+00:00
1672,0.7110000000000001,2026-09-24T08:01:23.013610+00:00
1673,0.622,2026-09-24T08:01:23.016193+00:00
1674,0.519,2026-09-24T08:01:23.018659+00:00
1675,0.46900000000000003,2026-09-24T08:01:23.021163+00:00
1676,0.486,2026-09-24T08:01:23.023699+00:00
1677,0.541,2026-09-24T08:01:23.026298+00:00
1678,0.5910000000000001,2026-09-24T08:01:23.028916+00:00
1679,0.666,2026-09-24T08:01:23.031602+00:00
1680,0.571,2026-09-24T08:01:23.034111+00:00
1681,0.524,2026-09-24T08:01:23.036660+00:00
1682,0.49,2026-09-24T08:01:23.039250+00:00
1683,0.48500000000000004,2026-09-24T08:01:23.041789+00:00
1684,0.53,2026-09-24T08:01:23.044354+00:00
1685,0.526,2026-09-24T08:01:23.046901+00:00
1686,0.73,2026-09-24T08:01:23.049664+00:00
1687,0.575,2026-09-24T08:01:23.052210+00:00
1688,0.589,2026-09-24T08:01:23.054786+00:00
1689,0.955,2026-09-24T08:01:23.057699+00:00
1690,0.623,2026-09-24T08:01:23.060354+00:00
1691,0.666,2026-09-24T08:01:23.063024+00:00
1692,0.617,2026-09-24T08:01:23.065555+00:00
1693,0.47600000000000003,2026-09-24T08:01:23.067980+00:00
1694,0.501,2026-09-24T08:01:23.070537+00:00
1695,0.727,2026-09-24T08:01:23.073293+00:00
1696,0.6579999999999999,2026-09-24T08:01:23.075737+00:00
1697,0.929,2026-09-24T08:01:23.078580+00:00
1698,0.87,2026-09-24T08:01:23.081451+00:00
1699,0.46900000000000003,2026-09-24T08:01:23.083967+00:00
1700,0.422,2026-09-24T08:01:23.086434+00:00
1701,0.467,2026-09-24T08:01:23.088897+00:00
1702,0.40099999999999997,2026-09-24T08:01:23.091340+00:00
1703,0.49200000000000005,2026-09-24T08:01:23.093858+00:00
1704,0.585,2026-09-24T08:01:23.096403+00:00
1705,0.754,2026-09-24T08:01:23.099013+00:00
1706,0.615,2026-09-24T08:01:23.101491+00:00
1707,0.467,2026-09-24T08:01:23.103890+00:00
1708,0.775,2026-09-24T08:01:23.106648+00:00
1709,0.483,2026-09-24T08:01:23.108787+00:00
1710,0.499,2026-09-24T08:01:23.111267+00:00
1711,0.5599999999999999,2026-09-24T08:01:23.113762+00:00
1712,0.755,2026-09-24T08:01:23.116491+00:00
1713,0.504,2026-09-24T08:01:23.119105+00:00
1714,0.45399999999999996,2026-09-24T08:01:23.121650+00:00
1715,0.46599999999999997,2026-09-24T08:01:23.124198+00:00
1716,0.536,2026-09-24T08:01:23.126810+00:00
1717,0.6980000000000001,2026-09-24T08:01:23.129634+00:00
1718,0.902,2026-09-24T08:01:23.132536+00:00
1719,0.8260000000000001,2026-09-24T08:01:23.135278+00:00
1720,0.87,2026-09-24T08:01:23.138050+00:00
1721,0.841,2026-09-24T08:01:23.140910+00:00
1722,0.6539999999999999,2026-09-24T08:01:23.143605+00:00
1723,0.915,2026-09-24T08:01:23.146613+00:00
1724,0.737,2026-09-24T08:01:23.149071+00:00
1725,0.641,2026-09-24T08:01:23.151722+00:00
1726,0.5,2026-09-24T08:01:23.154224+00:00
1727,0.488,2026-09-24T08:01:23.156741+00:00
1728,0.907,2026-09-24T08:01:23.159913+00:00
1729,0.732,2026-09-24T08:01:23.162548+00:00
1730,0.695,2026-09-24T08:01:23.165195+00:00
1731,0.589,2026-09-24T08:01:23.167799+00:00
1732,0.632,2026-09-24T08:01:23.170520+00:00
1733,0.975,2026-09-24T08:01:23.173645+00:00
1734,0.719,2026-09-24T08:01:23.176491+00:00
1735,0.8140000000000001,2026-09-24T08:01:23.179424+00:00
1736,0.6759999999999999,2026-09-24T08:01:23.182199+00:00
1737,0.6040000000000001,2026-09-24T08:01:23.184807+00:00
1738,0.713,2026-09-24T08:01:23.187646+00:00
1739,1.01,2026-09-24T08:01:23.190714+00:00
1740,0.821,2026-09-24T08:01:23.193525+00:00
1741,0.642,2026-09-24T08:01:23.196239+00:00
1742,0.924,2026-09-24T08:01:23.199254+00:00
1743,0.633,2026-09-24T08:01:23.201776+00:00
1744,0.46599999999999997,2026-09-24T08:01:23.204245+00:00
1745,0.761,2026-09-24T08:01:23.207086+00:00
1746,0.8260000000000001,2026-09-24T08:01:23.209833+00:00
1747,0.82,2026-09-24T08:01:23.212761+00:00
1748,0.5199999999999999,2026-09-24T08:01:23.215230+00:00
1749,0.5379999999999999,2026-09-24T08:01:23.217786+00:00
1750,0.45199999999999996,2026-09-24T08:01:23.220243+00:00
1751,0.587,2026-09-24T08:01:23.222876+00:00
1752,0.518,2026-09-24T08:01:23.225381+00:00
1753,0.8220000000000001,2026-09-24T08:01:23.228214+00:00
1754,0.9420000000000001,2026-09-24T08:01:23.231182+00:00
1755,0.911,2026-09-24T08:01:23.234016+00:00
1756,0.5860000000000001,2026-09-24T08:01:23.236555+00:00
1757,0.687,2026-09-24T08:01:23.239301+00:00
1758,0.499,2026-09-24T08:01:23.241746+00:00
1759,1.028,2026-09-24T08:01:23.244781+00:00
1760,0.662,2026-09-24T08:01:23.247530+00:00
1761,0.8220000000000001,2026-09-24T08:01:23.250462+00:00
1762,0.528,2026-09-24T08:01:23.253085+00:00
1763,0.479,2026-09-24T08:01:23.255676+00:00
1764,0.514,2026-09-24T08:01:23.258298+00:00
1765,1.048,2026-09-24T08:01:23.261478+00:00
1766,0.598,2026-09-24T08:01:23.264027+00:00
1767,0.762,2026-09-24T08:01:23.266851+00:00
1768,0.578,2026-09-24T08:01:23.269536+00:00
1769,0.569,2026-09-24T08:01:23.272111+00:00
1770,0.488,2026-09-24T08:01:23.274588+00:00
1771,0.5670000000000001,2026-09-24T08:01:23.277186+00:00
1772,0.5509999999999999,2026-09-24T08:01:23.279742+00:00
1773,0.717,2026-09-24T08:01:23.282467+00:00
1774,0.479,2026-09-24T08:01:23.285026+00:00
1775,0.488,2026-09-24T08:01:23.287585+00:00
1776,0.587,2026-09-24T08:01:23.290253+00:00
1777,0.5199999999999999,2026-09-24T08:01:23.292741+00:00
1778,0.885,2026-09-24T08:01:23.295735+00:00
1779,1.3010000000000002,2026-09-24T08:01:23.299157+00:00
1780,0.8,2026-09-24T08:01:23.301960+00:00
1781,0.716,2026-09-24T08:01:23.304707+00:00
1782,0.653,2026-09-24T08:01:23.307471+00:00
1783,1.156,2026-09-24T08:01:23.310631+00:00
1784,0.651,2026-09-24T08:01:23.313333+00:00
1785,0.609,2026-09-24T08:01:23.316044+00:00
1786,0.532,2026-09-24T08:01:23.318636+00:00
1787,0.481,2026-09-24T08:01:23.321156+00:00
1788,0.512,2026-09-24T08:01:23.323720+00:00
1789,0.523,2026-09-24T08:01:23.326277+00:00
1790,0.5760000000000001,2026-09-24T08:01:23.328939+00:00
1791,0.588,2026-09-24T08:01:23.331584+00:00
1792,0.5559999999999999,2026-09-24T08:01:23.334092+00:00
1793,0.46,2026-09-24T08:01:23.336553+00:00
1794,0.443,2026-09-24T08:01:23.339064+00:00
1795,0.508,2026-09-24T08:01:23.341705+00:00
1796,0.554,2026-09-24T08:01:23.344322+00:00
1797,0.726,2026-09-24T08:01:23.347073+00:00
1798,0.585,2026-09-24T08:01:23.349780+00:00
1799,0.47800000000000004,2026-09-24T08:01:23.352293+00:00
1800,0.514,2026-09-24T08:01:23.354847+00:00
1801,0.472,2026-09-24T08:01:23.357377+00:00
1802,0.508,2026-09-24T08:01:23.359937+00:00
1803,0.49200000000000005,2026-09-24T08:01:23.362469+00:00
1804,0.7649999999999999,2026-09-24T08:01:23.365284+00:00
1805,0.512,2026-09-24T08:01:23.367744+00:00
1806,0.444,2026-09-24T08:01:23.370235+00:00
1807,0.48700000000000004,2026-09-24T08:01:23.372793+00:00
1808,0.505,2026-09-24T08:01:23.375337+00:00
1809,0.5429999999999999,2026-09-24T08:01:23.377867+00:00
1810,0.426,2026-09-24T08:01:23.380317+00:00
1811,0.55,2026-09-24T08:01:23.382926+00:00
1812,0.483,2026-09-24T08:01:23.385470+00:00
1813,0.484,2026-09-24T08:01:23.388046+00:00
1814,0.505,2026-09-24T08:01:23.390617+00:00
1815,0.712,2026-09-24T08:01:23.393400+00:00
1816,0.535,2026-09-24T08:01:23.396028+00:00
1817,1.242,2026-09-24T08:01:23.399465+00:00
1818,1.1139999999999999,2026-09-24T08:01:23.402658+00:00
1819,0.6589999999999999,2026-09-24T08:01:23.405287+00:00
1820,0.9309999999999999,2026-09-24T08:01:23.408290+00:00
1821,0.609,2026-09-24T08:01:23.410969+00:00
1822,0.655,2026-09-24T08:01:23.413701+00:00
1823,0.5109999999999999,2026-09-24T08:01:23.416150+00:00
1824,0.447,2026-09-24T08:01:23.418708+00:00
1825,0.429,2026-09-24T08:01:23.421198+00:00
1826,0.42700000000000005,2026-09-24T08:01:23.423695+00:00
1827,0.606,2026-09-24T08:01:23.426370+00:00
1828,0.484,2026-09-24T08:01:23.428891+00:00
1829,0.624,2026-09-24T08:01:23.431572+00:00
1830,0.599,2026-09-24T08:01:23.434214+00:00
1831,0.482,2026-09-24T08:01:23.436718+00:00
1832,0.467,2026-09-24T08:01:23.439273+00:00
1833,0.508,2026-09-24T08:01:23.441847+00:00
1834,0.453,2026-09-24T08:01:23.444375+00:00
1835,0.44499999999999995,2026-09-24T08:01:23.446881+00:00
1836,0.437,2026-09-24T08:01:23.449377+00:00
1837,0.472,2026-09-24T08:01:23.451900+00:00
1838,0.444,2026-09-24T08:01:23.454399+00:00
1839,0.429,2026-09-24T08:01:23.456857+00:00
1840,1.14,2026-09-24T08:01:23.460352+00:00
1841,0.615,2026-09-24T08:01:23.463056+00:00
1842,0.709,2026-09-24T08:01:23.465979+00:00
1843,0.578,2026-09-24T08:01:23.468609+00:00
1844,0.464,2026-09-24T08:01:23.471117+00:00
1845,0.694,2026-09-24T08:01:23.473867+00:00
1846,0.633,2026-09-24T08:01:23.476510+00:00
1847,0.757,2026-09-24T08:01:23.479356+00:00
1848,0.655,2026-09-24T08:01:23.482094+00:00
1849,0.5730000000000001,2026-09-24T08:01:23.484734+00:00
1850,0.477,2026-09-24T08:01:23.487252+00:00
1851,0.488,2026-09-24T08:01:23.489811+00:00
1852,0.575,2026-09-24T08:01:23.492455+00:00
1853,0.657,2026-09-24T08:01:23.495210+00:00
1854,0.54,2026-09-24T08:01:23.497845+00:00
1855,0.477,2026-09-24T08:01:23.500397+00:00
1856,0.488,2026-09-24T08:01:23.502929+00:00
1857,0.8140000000000001,2026-09-24T08:01:23.505835+00:00
1858,0.717,2026-09-24T08:01:23.508648+00:00
1859,0.862,2026-09-24T08:01:23.511569+00:00
1860,0.6629999999999999,2026-09-24T08:01:23.514054+00:00
1861,0.5569999999999999,2026-09-24T08:01:23.516730+00:00
1862,0.583,2026-09-24T08:01:23.519523+00:00
1863,0.8630000000000001,2026-09-24T08:01:23.522681+00:00
1864,0.798,2026-09-24T08:01:23.525646+00:00
1865,0.671,2026-09-24T08:01:23.528397+00:00
1866,0.6769999999999999,2026-09-24T08:01:23.531319+00:00
1867,0.63,2026-09-24T08:01:23.534225+00:00
1868,0.5760000000000001,2026-09-24T08:01:23.537025+00:00
1869,0.611,2026-09-24T08:01:23.539869+00:00
1870,0.46099999999999997,2026-09-24T08:01:23.542540+00:00
1871,0.5599999999999999,2026-09-24T08:01:23.545222+00:00
1872,0.747,2026-09-24T08:01:23.548071+00:00
1873,0.583,2026-09-24T08:01:23.550640+00:00
1874,0.6589999999999999,2026-09-24T08:01:23.553404+00:00
1875,0.509,2026-09-24T08:01:23.555895+00:00
1876,0.539,2026-09-24T08:01:23.558499+00:00
1877,0.638,2026-09-24T08:01:23.561198+00:00
1878,0.5910000000000001,2026-09-24T08:01:23.563771+00:00
1879,0.503,2026-09-24T08:01:23.566300+00:00
1880,0.5379999999999999,2026-09-24T08:01:23.568878+00:00
1881,0.47,2026-09-24T08:01:23.571408+00:00
1882,0.603,2026-09-24T08:01:23.574037+00:00
1883,0.57,2026-09-24T08:01:23.576710+00:00
1884,0.516,2026-09-24T08:01:23.579267+00:00
1885,0.751,2026-09-24T08:01:23.582232+00:00
1886,0.656,2026-09-24T08:01:23.585094+00:00
1887,0.642,2026-09-24T08:01:23.587949+00:00
1888,0.679,2026-09-24T08:01:23.590826+00:00
1889,0.775,2026-09-24T08:01:23.593859+00:00
1890,0.958,2026-09-24T08:01:23.596892+00:00
1891,0.5810000000000001,2026-09-24T08:01:23.599460+00:00
1892,0.594,2026-09-24T08:01:23.602172+00:00
1893,0.46,2026-09-24T08:01:23.604687+00:00
1894,0.491,2026-09-24T08:01:23.607222+00:00
1895,0.5910000000000001,2026-09-24T08:01:23.609854+00:00
1896,0.47800000000000004,2026-09-24T08:01:23.612363+00:00
1897,0.449,2026-09-24T08:01:23.614880+00:00
1898,0.515,2026-09-24T08:01:23.617466+00:00
1899,0.491,2026-09-24T08:01:23.619994+00:00
1900,0.501,2026-09-24T08:01:23.622561+00:00
1901,0.515,2026-09-24T08:01:23.625099+00:00
1902,0.753,2026-09-24T08:01:23.627882+00:00
1903,0.778,2026-09-24T08:01:23.630587+00:00
1904,0.703,2026-09-24T08:01:23.633252+00:00
1905,0.553,2026-09-24T08:01:23.635817+00:00
1906,0.467,2026-09-24T08:01:23.638366+00:00
1907,0.45899999999999996,2026-09-24T08:01:23.640963+00:00
1908,0.48000000000000004,2026-09-24T08:01:23.643515+00:00
1909,0.449,2026-09-24T08:01:23.646019+00:00
1910,0.5519999999999999,2026-09-24T08:01:23.648632+00:00
1911,0.555,2026-09-24T08:01:23.651217+00:00
1912,0.679,2026-09-24T08:01:23.653974+00:00
1913,0.518,2026-09-24T08:01:23.656351+00:00
1914,0.541,2026-09-24T08:01:23.658792+00:00
1915,0.519,2026-09-24T08:01:23.661206+00:00
1916,0.5599999999999999,2026-09-24T08:01:23.663667+00:00
1917,0.433,2026-09-24T08:01:23.666051+00:00
1918,0.425,2026-09-24T08:01:23.668515+00:00
1919,0.366,2026-09-24T08:01:23.670895+00:00
1920,0.376,2026-09-24T08:01:23.673309+00:00
1921,0.647,2026-09-24T08:01:23.676038+00:00
1922,0.429,2026-09-24T08:01:23.678370+00:00
1923,0.40499999999999997,2026-09-24T08:01:23.680769+00:00
1924,0.364,2026-09-24T08:01:23.683217+00:00
1925,0.494,2026-09-24T08:01:23.685813+00:00
1926,0.39599999999999996,2026-09-24T08:01:23.688207+00:00
1927,0.49700000000000005,2026-09-24T08:01:23.690766+00:00
1928,0.49700000000000005,2026-09-24T08:01:23.693277+00:00
1929,0.505,2026-09-24T08:01:23.695751+00:00
1930,0.646,2026-09-24T08:01:23.698392+00:00
1931,0.6539999999999999,2026-09-24T08:01:23.701058+00:00
1932,0.699,2026-09-24T08:01:23.704020+00:00
1933,0.726,2026-09-24T08:01:23.706901+00:00
1934,0.767,2026-09-24T08:01:23.709817+00:00
1935,0.6130000000000001,2026-09-24T08:01:23.712524+00:00
1936,0.531,2026-09-24T08:01:23.715189+00:00
1937,0.578,2026-09-24T08:01:23.717942+00:00
1938,0.494,2026-09-24T08:01:23.720573+00:00
1939,0.404,2026-09-24T08:01:23.723079+00:00
1940,0.42000000000000004,2026-09-24T08:01:23.725603+00:00
1941,0.627,2026-09-24T08:01:23.728321+00:00
1942,0.5109999999999999,2026-09-24T08:01:23.730751+00:00
1943,0.41,2026-09-24T08:01:23.733227+00:00
1944,0.404,2026-09-24T08:01:23.735738+00:00
1945,0.39,2026-09-24T08:01:23.738232+00:00
1946,0.433,2026-09-24T08:01:23.740776+00:00
1947,0.491,2026-09-24T08:01:23.743370+00:00
1948,0.475,2026-09-24T08:01:23.745853+00:00
1949,0.41300000000000003,2026-09-24T08:01:23.748296+00:00
1950,0.488,2026-09-24T08:01:23.750877+00:00
1951,1.048,2026-09-24T08:01:23.754053+00:00
1952,0.653,2026-09-24T08:01:23.756808+00:00
1953,0.6880000000000001,2026-09-24T08:01:23.759616+00:00
1954,0.7789999999999999,2026-09-24T08:01:23.762393+00:00
1955,0.7150000000000001,2026-09-24T08:01:23.765121+00:00
1956,0.9650000000000001,2026-09-24T08:01:23.768202+00:00
1957,0.6890000000000001,2026-09-24T08:01:23.771064+00:00
1958,0.712,2026-09-24T08:01:23.774005+00:00
1959,0.5519999999999999,2026-09-24T08:01:23.776745+00:00
1960,0.628,2026-09-24T08:01:23.779435+00:00
1961,0.592,2026-09-24T08:01:23.781922+00:00
1962,0.5950000000000001,2026-09-24T08:01:23.784505+00:00
1963,0.575,2026-09-24T08:01:23.787020+00:00
1964,0.627,2026-09-24T08:01:23.789573+00:00
1965,0.5429999999999999,2026-09-24T08:01:23.792002+00:00
1966,0.536,2026-09-24T08:01:23.794490+00:00
1967,0.566,2026-09-24T08:01:23.797011+00:00
1968,0.743,2026-09-24T08:01:23.799686+00:00
1969,0.587,2026-09-24T08:01:23.802239+00:00
1970,0.629,2026-09-24T08:01:23.804816+00:00
1971,0.559,2026-09-24T08:01:23.807272+00:00
1972,0.574,2026-09-24T08:01:23.809784+00:00
1973,0.859,2026-09-24T08:01:23.812601+00:00
1974,0.569,2026-09-24T08:01:23.814995+00:00
1975,0.47100000000000003,2026-09-24T08:01:23.817380+00:00
1976,0.5519999999999999,2026-09-24T08:01:23.819920+00:00
1977,0.7,2026-09-24T08:01:23.822538+00:00
1978,0.58,2026-09-24T08:01:23.824926+00:00
1979,0.691,2026-09-24T08:01:23.827644+00:00
1980,0.593,2026-09-24T08:01:23.830245+00:00
1981,0.455,2026-09-24T08:01:23.832735+00:00
1982,0.46099999999999997,2026-09-24T08:01:23.835226+00:00
1983,0.47300000000000003,2026-09-24T08:01:23.837721+00:00
1984,0.486,2026-09-24T08:01:23.840218+00:00
1985,0.93,2026-09-24T08:01:23.843164+00:00
1986,0.6539999999999999,2026-09-24T08:01:23.845872+00:00
1987,0.5730000000000001,2026-09-24T08:01:23.848429+00:00
1988,0.6679999999999999,2026-09-24T08:01:23.851068+00:00
1989,0.555,2026-09-24T08:01:23.853534+00:00
1990,0.448,2026-09-24T08:01:23.855965+00:00
1991,0.45399999999999996,2026-09-24T08:01:23.858437+00:00
1992,0.422,2026-09-24T08:01:23.860857+00:00
1993,0.414,2026-09-24T08:01:23.863308+00:00
1994,0.451,2026-09-24T08:01:23.865798+00:00
1995,0.415,2026-09-24T08:01:23.868243+00:00
1996,0.486,2026-09-24T08:01:23.870758+00:00
1997,0.46299999999999997,2026-09-24T08:01:23.873234+00:00
1998,0.665,2026-09-24T08:01:23.875913+00:00
1999,0.625,2026-09-24T08:01:23.878565+00:00
2000,0.502,2026-09-24T08:01:23.881020+00:00
2001,0.5609999999999999,2026-09-24T08:01:23.883604+00:00
2002,0.438,2026-09-24T08:01:23.886076+00:00
2003,0.43600000000000005,2026-09-24T08:01:23.888555+00:00
2004,0.41800000000000004,2026-09-24T08:01:23.891017+00:00
2005,0.40700000000000003,2026-09-24T08:01:23.893479+00:00
2006,0.399,2026-09-24T08:01:23.895939+00:00
2007,0.412,2026-09-24T08:01:23.898398+00:00
2008,0.426,2026-09-24T08:01:23.900853+00:00
2009,0.41,2026-09-24T08:01:23.903313+00:00
2010,0.441,2026-09-24T08:01:23.905792+00:00
2011,0.412,2026-09-24T08:01:23.908241+00:00
2012,0.441,2026-09-24T08:01:23.910727+00:00
2013,0.45199999999999996,2026-09-24T08:01:23.913221+00:00
2014,0.63,2026-09-24T08:01:23.916065+00:00
2015,0.507,2026-09-24T08:01:23.918735+00:00
2016,0.565,2026-09-24T08:01:23.921457+00:00
2017,0.47600000000000003,2026-09-24T08:01:23.924112+00:00
2018,0.578,2026-09-24T08:01:23.926851+00:00
2019,0.6449999999999999,2026-09-24T08:01:23.929652+00:00
2020,0.605,2026-09-24T08:01:23.932344+00:00
2021,0.607,2026-09-24T08:01:23.935060+00:00
2022,0.587,2026-09-24T08:01:23.937752+00:00
2023,0.601,2026-09-24T08:01:23.940467+00:00
2024,0.71,2026-09-24T08:01:23.943292+00:00
2025,0.6930000000000001,2026-09-24T08:01:23.945979+00:00
2026,0.653,2026-09-24T08:01:23.948627+00:00
2027,0.639,2026-09-24T08:01:23.951294+00:00
2028,0.519,2026-09-24T08:01:23.953908+00:00
2029,0.5559999999999999,2026-09-24T08:01:23.956542+00:00
2030,0.509,2026-09-24T08:01:23.959021+00:00
2031,0.49700000000000005,2026-09-24T08:01:23.961546+00:00
2032,0.437,2026-09-24T08:01:23.964017+00:00
2033,0.465,2026-09-24T08:01:23.966553+00:00
2034,0.432,2026-09-24T08:01:23.969043+00:00
2035,0.438,2026-09-24T08:01:23.971536+00:00
2036,0.43600000000000005,2026-09-24T08:01:23.974047+00:00
2037,0.5429999999999999,2026-09-24T08:01:23.976710+00:00
2038,0.6819999999999999,2026-09-24T08:01:23.979483+00:00
2039,0.8180000000000001,2026-09-24T08:01:23.982190+00:00
2040,0.555,2026-09-24T08:01:23.984659+00:00
2041,0.464,2026-09-24T08:01:23.987104+00:00
2042,0.46,2026-09-24T08:01:23.989604+00:00
2043,0.43,2026-09-24T08:01:23.992101+00:00
2044,0.457,2026-09-24T08:01:23.994631+00:00
2045,0.464,2026-09-24T08:01:23.997170+00:00
2046,0.441,2026-09-24T08:01:23.999676+00:00
2047,0.467,2026-09-24T08:01:24.002222+00:00
2048,0.484,2026-09-24T08:01:24.004766+00:00
2049,0.432,2026-09-24T08:01:24.007258+00:00
2050,0.465,2026-09-24T08:01:24.009794+00:00
2051,0.48000000000000004,2026-09-24T08:01:24.012351+00:00
2052,0.5429999999999999,2026-09-24T08:01:24.014935+00:00
2053,0.501,2026-09-24T08:01:24.017491+00:00
2054,0.481,2026-09-24T08:01:24.020005+00:00
2055,0.46799999999999997,2026-09-24T08:01:24.022504+00:00
2056,0.472,2026-09-24T08:01:24.025017+00:00
2057,0.484,2026-09-24T08:01:24.027530+00:00
2058,0.495,2026-09-24T08:01:24.030052+00:00
2059,0.553,2026-09-24T08:01:24.032643+00:00
2060,0.49700000000000005,2026-09-24T08:01:24.035104+00:00
2061,0.496,2026-09-24T08:01:24.037608+00:00
2062,0.433,2026-09-24T08:01:24.040068+00:00
2063,0.45399999999999996,2026-09-24T08:01:24.042602+00:00
2064,0.5810000000000001,2026-09-24T08:01:24.045236+00:00
2065,0.457,2026-09-24T08:01:24.047760+00:00
2066,0.432,2026-09-24T08:01:24.050258+00:00
2067,0.55,2026-09-24T08:01:24.052890+00:00
2068,0.496,2026-09-24T08:01:24.055433+00:00
2069,0.49799999999999994,2026-09-24T08:01:24.057996+00:00
2070,0.5199999999999999,2026-09-24T08:01:24.060630+00:00
2071,0.46900000000000003,2026-09-24T08:01:24.063168+00:00
2072,0.507,2026-09-24T08:01:24.065744+00:00
2073,0.673,2026-09-24T08:01:24.068469+00:00
2074,0.615,2026-09-24T08:01:24.070971+00:00
2075,0.549,2026-09-24T08:01:24.073504+00:00
2076,0.9859999999999999,2026-09-24T08:01:24.076631+00:00
2077,0.954,2026-09-24T08:01:24.079514+00:00
2078,0.617,2026-09-24T08:01:24.082045+00:00
2079,0.8260000000000001,2026-09-24T08:01:24.085078+00:00
2080,0.684,2026-09-24T08:01:24.087842+00:00
2081,0.62,2026-09-24T08:01:24.090428+00:00
2082,0.48700000000000004,2026-09-24T08:01:24.092994+00:00
2083,0.555,2026-09-24T08:01:24.095612+00:00
2084,0.601,2026-09-24T08:01:24.098304+00:00
2085,0.606,2026-09-24T08:01:24.100965+00:00
2086,0.46900000000000003,2026-09-24T08:01:24.103487+00:00
2087,0.431,2026-09-24T08:01:24.105972+00:00
2088,0.661,2026-09-24T08:01:24.108699+00:00
2089,0.778,2026-09-24T08:01:24.111398+00:00
2090,0.67,2026-09-24T08:01:24.113946+00:00
2091,0.657,2026-09-24T08:01:24.116513+00:00
2092,0.507,2026-09-24T08:01:24.118824+00:00
2093,0.509,2026-09-24T08:01:24.121330+00:00
2094,0.699,2026-09-24T08:01:24.124019+00:00
2095,0.588,2026-09-24T08:01:24.126456+00:00
2096,0.578,2026-09-24T08:01:24.129074+00:00
2097,0.593,2026-09-24T08:01:24.131725+00:00
2098,0.583,2026-09-24T08:01:24.134363+00:00
2099,0.65,2026-09-24T08:01:24.137035+00:00
2100,0.605,2026-09-24T08:01:24.139726+00:00
2101,0.589,2026-09-24T08:01:24.142363+00:00
2102,0.587,2026-09-24T08:01:24.144971+00:00
2103,1.14,2026-09-24T08:01:24.148460+00:00
2104,0.821,2026-09-24T08:01:24.151317+00:00
2105,0.805,2026-09-24T08:01:24.154232+00:00
2106,0.929,2026-09-24T08:01:24.157252+00:00
2107,0.673,2026-09-24T08:01:24.159874+00:00
2108,0.766,2026-09-24T08:01:24.162597+00:00
2109,0.718,2026-09-24T08:01:24.165154+00:00
2110,0.883,2026-09-24T08:01:24.167982+00:00
2111,0.6859999999999999,2026-09-24T08:01:24.170631+00:00
2112,0.544,2026-09-24T08:01:24.173173+00:00
2113,0.503,2026-09-24T08:01:24.175685+00:00
2114,0.372,2026-09-24T08:01:24.178077+00:00
2115,0.431,2026-09-24T08:01:24.180543+00:00
2116,0.64,2026-09-24T08:01:24.183369+00:00
2117,0.786,2026-09-24T08:01:24.186215+00:00
2118,1.199,2026-09-24T08:01:24.189586+00:00
2119,0.919,2026-09-24T08:01:24.192304+00:00
2120,0.67,2026-09-24T08:01:24.194744+00:00
2121,0.6579999999999999,2026-09-24T08:01:24.197311+00:00
2122,0.535,2026-09-24T08:01:24.199732+00:00
2123,1.004,2026-09-24T08:01:24.202811+00:00
2124,0.605,2026-09-24T08:01:24.205537+00:00
2125,0.517,2026-09-24T08:01:24.208117+00:00
2126,0.5770000000000001,2026-09-24T08:01:24.210739+00:00
2127,0.46,2026-09-24T08:01:24.213159+00:00
2128,0.592,2026-09-24T08:01:24.215819+00:00
2129,0.892,2026-09-24T08:01:24.218986+00:00
2130,0.638,2026-09-24T08:01:24.221850+00:00
2131,0.622,2026-09-24T08:01:24.224677+00:00
2132,0.6449999999999999,2026-09-24T08:01:24.227529+00:00
2133,0.585,2026-09-24T08:01:24.230267+00:00
2134,0.545,2026-09-24T08:01:24.232911+00:00
2135,0.474,2026-09-24T08:01:24.235458+00:00
2136,0.429,2026-09-24T08:01:24.237953+00:00
2137,0.465,2026-09-24T08:01:24.240520+00:00
2138,0.592,2026-09-24T08:01:24.243270+00:00
2139,0.449,2026-09-24T08:01:24.245764+00:00
2140,0.432,2026-09-24T08:01:24.248261+00:00
2141,0.48000000000000004,2026-09-24T08:01:24.250751+00:00
2142,0.565,2026-09-24T08:01:24.253345+00:00
2143,0.448,2026-09-24T08:01:24.255698+00:00
2144,0.751,2026-09-24T08:01:24.258453+00:00
2145,0.656,2026-09-24T08:01:24.261146+00:00
2146,0.553,2026-09-24T08:01:24.263678+00:00
2147,0.414,2026-09-24T08:01:24.266103+00:00
2148,0.419,2026-09-24T08:01:24.268560+00:00
2149,1.17,2026-09-24T08:01:24.271759+00:00
2150,0.55,2026-09-24T08:01:24.274286+00:00
2151,0.525,2026-09-24T08:01:24.276774+00:00
2152,0.85,2026-09-24T08:01:24.279655+00:00
2153,0.778,2026-09-24T08:01:24.282576+00:00
2154,0.5339999999999999,2026-09-24T08:01:24.284965+00:00
2155,0.5,2026-09-24T08:01:24.287482+00:00
2156,0.49299999999999994,2026-09-24T08:01:24.289987+00:00
2157,0.513,2026-09-24T08:01:24.292506+00:00
2158,0.49200000000000005,2026-09-24T08:01:24.295007+00:00
2159,0.47300000000000003,2026-09-24T08:01:24.297504+00:00
2160,0.467,2026-09-24T08:01:24.300005+00:00
2161,0.475,2026-09-24T08:01:24.302507+00:00
2162,0.949,2026-09-24T08:01:24.305481+00:00
2163,0.787,2026-09-24T08:01:24.308227+00:00
2164,0.5860000000000001,2026-09-24T08:01:24.310860+00:00
2165,0.523,2026-09-24T08:01:24.313407+00:00
2166,0.515,2026-09-24T08:01:24.315953+00:00
2167,0.574,2026-09-24T08:01:24.318551+00:00
2168,0.541,2026-09-24T08:01:24.321083+00:00
2169,0.8059999999999999,2026-09-24T08:01:24.323954+00:00
2170,0.62,2026-09-24T08:01:24.326560+00:00
2171,0.5730000000000001,2026-09-24T08:01:24.329080+00:00
2172,0.607,2026-09-24T08:01:24.331623+00:00
2173,0.558,2026-09-24T08:01:24.334069+00:00
2174,0.58,2026-09-24T08:01:24.336576+00:00
2175,0.537,2026-09-24T08:01:24.339027+00:00
2176,0.554,2026-09-24T08:01:24.341516+00:00
2177,0.43600000000000005,2026-09-24T08:01:24.343866+00:00
2178,0.44499999999999995,2026-09-24T08:01:24.346340+00:00
2179,0.535,2026-09-24T08:01:24.348914+00:00
2180,0.447,2026-09-24T08:01:24.351369+00:00
2181,0.5519999999999999,2026-09-24T08:01:24.353919+00:00
2182,0.377,2026-09-24T08:01:24.356319+00:00
2183,0.378,2026-09-24T08:01:24.358809+00:00
2184,0.746,2026-09-24T08:01:24.361672+00:00
2185,0.479,2026-09-24T08:01:24.364256+00:00
2186,0.428,2026-09-24T08:01:24.366749+00:00
2187,0.408,2026-09-24T08:01:24.369204+00:00
2188,0.415,2026-09-24T08:01:24.371660+00:00
2189,0.439,2026-09-24T08:01:24.374140+00:00
2190,0.8109999999999999,2026-09-24T08:01:24.377049+00:00
2191,0.954,2026-09-24T08:01:24.380071+00:00
2192,0.624,2026-09-24T08:01:24.382772+00:00
2193,0.799,2026-09-24T08:01:24.385844+00:00
2194,0.94,2026-09-24T08:01:24.388741+00:00
2195,0.8989999999999999,2026-09-24T08:01:24.391477+00:00
2196,0.816,2026-09-24T08:01:24.394292+00:00
2197,0.9779999999999999,2026-09-24T08:01:24.397311+00:00
2198,0.8099999999999999,2026-09-24T08:01:24.400071+00:00
2199,0.8400000000000001,2026-09-24T08:01:24.402998+00:00
2200,0.7789999999999999,2026-09-24T08:01:24.405707+00:00
2201,0.69,2026-09-24T08:01:24.408379+00:00
2202,0.856,2026-09-24T08:01:24.411299+00:00
2203,0.5900000000000001,2026-09-24T08:01:24.413750+00:00
2204,0.482,2026-09-24T08:01:24.416153+00:00
2205,0.458,2026-09-24T08:01:24.418561+00:00
2206,0.439,2026-09-24T08:01:24.420978+00:00
2207,0.46799999999999997,2026-09-24T08:01:24.423422+00:00
2208,0.623,2026-09-24T08:01:24.426002+00:00
2209,0.875,2026-09-24T08:01:24.428848+00:00
2210,0.8260000000000001,2026-09-24T08:01:24.431439+00:00
2211,0.7969999999999999,2026-09-24T08:01:24.434151+00:00
2212,0.621,2026-09-24T08:01:24.436629+00:00
2213,0.448,2026-09-24T08:01:24.439001+00:00
2214,0.739,2026-09-24T08:01:24.441733+00:00
2215,0.507,2026-09-24T08:01:24.444120+00:00
2216,0.472,2026-09-24T08:01:24.446556+00:00
2217,0.424,2026-09-24T08:01:24.448948+00:00
2218,0.398,2026-09-24T08:01:24.451361+00:00
2219,0.40299999999999997,2026-09-24T08:01:24.453780+00:00
2220,0.389,2026-09-24T08:01:24.456190+00:00
2221,0.428,2026-09-24T08:01:24.458637+00:00
2222,0.425,2026-09-24T08:01:24.461084+00:00
2223,0.446,2026-09-24T08:01:24.463526+00:00
2224,0.541,2026-09-24T08:01:24.466075+00:00
2225,0.531,2026-09-24T08:01:24.468651+00:00
2226,0.39399999999999996,2026-09-24T08:01:24.471092+00:00
2227,0.5,2026-09-24T08:01:24.473627+00:00
2228,0.607,2026-09-24T08:01:24.476205+00:00
2229,0.5760000000000001,2026-09-24T08:01:24.478755+00:00
2230,0.481,2026-09-24T08:01:24.481177+00:00
2231,0.467,2026-09-24T08:01:24.483611+00:00
2232,0.41300000000000003,2026-09-24T08:01:24.486016+00:00
2233,0.45399999999999996,2026-09-24T08:01:24.488500+00:00
2234,0.426,2026-09-24T08:01:24.490848+00:00
2235,0.605,2026-09-24T08:01:24.493444+00:00
2236,0.766,2026-09-24T08:01:24.496036+00:00
2237,0.592,2026-09-24T08:01:24.498520+00:00
2238,0.8450000000000001,2026-09-24T08:01:24.501341+00:00
2239,0.782,2026-09-24T08:01:24.504220+00:00
2240,0.862,2026-09-24T08:01:24.507172+00:00
2241,0.795,2026-09-24T08:01:24.510049+00:00
2242,0.753,2026-09-24T08:01:24.512817+00:00
2243,0.631,2026-09-24T08:01:24.515489+00:00
2244,0.8099999999999999,2026-09-24T08:01:24.518293+00:00
2245,0.7380000000000001,2026-09-24T08:01:24.520857+00:00
2246,0.587,2026-09-24T08:01:24.523319+00:00
2247,0.7380000000000001,2026-09-24T08:01:24.525960+00:00
2248,0.7739999999999999,2026-09-24T08:01:24.528652+00:00
2249,0.7290000000000001,2026-09-24T08:01:24.531125+00:00
2250,0.588,2026-09-24T08:01:24.533759+00:00
2251,0.443,2026-09-24T08:01:24.536221+00:00
2252,0.48899999999999993,2026-09-24T08:01:24.538698+00:00
2253,0.717,2026-09-24T08:01:24.541359+00:00
2254,0.458,2026-09-24T08:01:24.543575+00:00
2255,0.48899999999999993,2026-09-24T08:01:24.546095+00:00
2256,0.5900000000000001,2026-09-24T08:01:24.548759+00:00
2257,0.512,2026-09-24T08:01:24.551345+00:00
2258,0.7739999999999999,2026-09-24T08:01:24.554249+00:00
2259,0.621,2026-09-24T08:01:24.556892+00:00
2260,0.7200000000000001,2026-09-24T08:01:24.559735+00:00
2261,0.699,2026-09-24T08:01:24.562561+00:00
2262,0.6970000000000001,2026-09-24T08:01:24.565394+00:00
2263,0.9079999999999999,2026-09-24T08:01:24.568441+00:00
2264,1.163,2026-09-24T08:01:24.571794+00:00
2265,0.9460000000000001,2026-09-24T08:01:24.574806+00:00
2266,1.143,2026-09-24T08:01:24.578083+00:00
2267,1.044,2026-09-24T08:01:24.581270+00:00
2268,1.1460000000000001,2026-09-24T08:01:24.584342+00:00
2269,0.933,2026-09-24T08:01:24.587280+00:00
2270,0.544,2026-09-24T08:01:24.589839+00:00
2271,0.887,2026-09-24T08:01:24.592778+00:00
2272,0.843,2026-09-24T08:01:24.595614+00:00
2273,0.627,2026-09-24T08:01:24.598159+00:00
2274,0.535,2026-09-24T08:01:24.600676+00:00
2275,0.5,2026-09-24T08:01:24.603219+00:00
2276,0.495,2026-09-24T08:01:24.605730+00:00
2277,0.51,2026-09-24T08:01:24.608262+00:00
2278,0.535,2026-09-24T08:01:24.610801+00:00
2279,0.465,2026-09-24T08:01:24.613283+00:00
2280,0.475,2026-09-24T08:01:24.615766+00:00
2281,0.479,2026-09-24T08:01:24.618260+00:00
2282,0.486,2026-09-24T08:01:24.620759+00:00
2283,0.8270000000000001,2026-09-24T08:01:24.623783+00:00
2284,0.745,2026-09-24T08:01:24.626601+00:00
2285,0.606,2026-09-24T08:01:24.629192+00:00
2286,0.5289999999999999,2026-09-24T08:01:24.631737+00:00
2287,0.47600000000000003,2026-09-24T08:01:24.634226+00:00
2288,0.745,2026-09-24T08:01:24.637008+00:00
2289,0.815,2026-09-24T08:01:24.639877+00:00
2290,0.6539999999999999,2026-09-24T08:01:24.642697+00:00
2291,0.621,2026-09-24T08:01:24.645521+00:00
2292,0.8540000000000001,2026-09-24T08:01:24.648604+00:00
2293,0.874,2026-09-24T08:01:24.651516+00:00
2294,0.67,2026-09-24T08:01:24.654144+00:00
2295,0.691,2026-09-24T08:01:24.656955+00:00
2296,0.73,2026-09-24T08:01:24.659793+00:00
2297,0.64,2026-09-24T08:01:24.662577+00:00
2298,0.623,2026-09-24T08:01:24.665364+00:00
2299,0.606,2026-09-24T08:01:24.668155+00:00
2300,0.673,2026-09-24T08:01:24.670996+00:00
2301,0.64,2026-09-24T08:01:24.673807+00:00
2302,0.8180000000000001,2026-09-24T08:01:24.676817+00:00
2303,0.955,2026-09-24T08:01:24.679817+00:00
2304,0.873,2026-09-24T08:01:24.682626+00:00
2305,0.687,2026-09-24T08:01:24.685331+00:00
2306,0.6719999999999999,2026-09-24T08:01:24.688097+00:00
2307,0.5820000000000001,2026-09-24T08:01:24.690723+00:00
2308,0.465,2026-09-24T08:01:24.693170+00:00
2309,0.45399999999999996,2026-09-24T08:01:24.695599+00:00
2310,0.518,2026-09-24T08:01:24.698118+00:00
2311,0.528,2026-09-24T08:01:24.700574+00:00
2312,0.51,2026-09-24T08:01:24.703003+00:00
2313,0.44499999999999995,2026-09-24T08:01:24.705364+00:00
2314,0.92,2026-09-24T08:01:24.708281+00:00
2315,0.523,2026-09-24T08:01:24.710371+00:00
2316,0.516,2026-09-24T08:01:24.712832+00:00
2317,0.5,2026-09-24T08:01:24.715254+00:00
2318,0.482,2026-09-24T08:01:24.717644+00:00
2319,0.475,2026-09-24T08:01:24.720049+00:00
2320,0.475,2026-09-24T08:01:24.722453+00:00
2321,0.64,2026-09-24T08:01:24.725020+00:00
2322,0.584,2026-09-24T08:01:24.727749+00:00
2323,0.482,2026-09-24T08:01:24.730374+00:00
2324,0.657,2026-09-24T08:01:24.733165+00:00
2325,0.76,2026-09-24T08:01:24.735911+00:00
2326,0.7150000000000001,2026-09-24T08:01:24.738672+00:00
2327,0.45199999999999996,2026-09-24T08:01:24.741120+00:00
2328,0.397,2026-09-24T08:01:24.743537+00:00
2329,0.914,2026-09-24T08:01:24.746716+00:00
2330,0.834,2026-09-24T08:01:24.749784+00:00
2331,0.6579999999999999,2026-09-24T08:01:24.752601+00:00
2332,0.627,2026-09-24T08:01:24.755383+00:00
2333,0.678,2026-09-24T08:01:24.758220+00:00
2334,0.75,2026-09-24T08:01:24.761056+00:00
2335,0.594,2026-09-24T08:01:24.763592+00:00
2336,0.541,2026-09-24T08:01:24.766045+00:00
2337,0.578,2026-09-24T08:01:24.768546+00:00
2338,0.6819999999999999,2026-09-24T08:01:24.771109+00:00
2339,0.616,2026-09-24T08:01:24.773634+00:00
2340,0.596,2026-09-24T08:01:24.776138+00:00
2341,0.6920000000000001,2026-09-24T08:01:24.778753+00:00
2342,0.565,2026-09-24T08:01:24.781270+00:00
2343,0.43,2026-09-24T08:01:24.783625+00:00
2344,0.412,2026-09-24T08:01:24.786058+00:00
2345,0.47,2026-09-24T08:01:24.788534+00:00
2346,0.439,2026-09-24T08:01:24.791005+00:00
2347,0.467,2026-09-24T08:01:24.793511+00:00
2348,0.545,2026-09-24T08:01:24.796100+00:00
2349,0.562,2026-09-24T08:01:24.798680+00:00
2350,0.495,2026-09-24T08:01:24.801121+00:00
2351,0.69,2026-09-24T08:01:24.803757+00:00
2352,0.5599999999999999,2026-09-24T08:01:24.806128+00:00
2353,0.657,2026-09-24T08:01:24.808670+00:00
2354,0.76,2026-09-24T08:01:24.811226+00:00
2355,0.745,2026-09-24T08:01:24.813818+00:00
2356,0.6819999999999999,2026-09-24T08:01:24.816455+00:00
2357,0.6,2026-09-24T08:01:24.818929+00:00
2358,0.644,2026-09-24T08:01:24.821513+00:00
2359,0.607,2026-09-24T08:01:24.823920+00:00
2360,0.626,2026-09-24T08:01:24.826403+00:00
2361,0.496,2026-09-24T08:01:24.828772+00:00
2362,0.5720000000000001,2026-09-24T08:01:24.831293+00:00
2363,0.5670000000000001,2026-09-24T08:01:24.833748+00:00
2364,0.524,2026-09-24T08:01:24.836148+00:00
2365,0.535,2026-09-24T08:01:24.838574+00:00
2366,0.51,2026-09-24T08:01:24.840951+00:00
2367,0.536,2026-09-24T08:01:24.843374+00:00
2368,0.5559999999999999,2026-09-24T08:01:24.845820+00:00
2369,0.517,2026-09-24T08:01:24.848242+00:00
2370,0.516,2026-09-24T08:01:24.850651+00:00
2371,0.513,2026-09-24T08:01:24.853069+00:00
2372,0.603,2026-09-24T08:01:24.855568+00:00
2373,0.584,2026-09-24T08:01:24.857954+00:00
2374,0.589,2026-09-24T08:01:24.860381+00:00
2375,0.736,2026-09-24T08:01:24.862942+00:00
2376,0.647,2026-09-24T08:01:24.865290+00:00
2377,0.625,2026-09-24T08:01:24.867682+00:00
2378,0.623,2026-09-24T08:01:24.870073+00:00
2379,0.705,2026-09-24T08:01:24.872545+00:00
2380,0.7150000000000001,2026-09-24T08:01:24.874997+00:00
2381,0.5760000000000001,2026-09-24T08:01:24.877391+00:00
2382,0.9380000000000001,2026-09-24T08:01:24.880332+00:00
2383,0.5379999999999999,2026-09-24T08:01:24.882798+00:00
2384,0.486,2026-09-24T08:01:24.885278+00:00
2385,0.784,2026-09-24T08:01:24.888074+00:00
2386,0.794,2026-09-24T08:01:24.890691+00:00
2387,1.01,2026-09-24T08:01:24.893672+00:00
2388,0.695,2026-09-24T08:01:24.896338+00:00
2389,0.832,2026-09-24T08:01:24.899267+00:00
2390,0.646,2026-09-24T08:01:24.901942+00:00
2391,0.537,2026-09-24T08:01:24.904450+00:00
2392,0.484,2026-09-24T08:01:24.906896+00:00
2393,0.46900000000000003,2026-09-24T08:01:24.909345+00:00
2394,0.569,2026-09-24T08:01:24.911883+00:00
2395,0.451,2026-09-24T08:01:24.914301+00:00
2396,0.41100000000000003,2026-09-24T08:01:24.916714+00:00
2397,0.40499999999999997,2026-09-24T08:01:24.919146+00:00
2398,0.39,2026-09-24T08:01:24.921562+00:00
2399,0.399,2026-09-24T08:01:24.924010+00:00
2400,0.482,2026-09-24T08:01:24.926518+00:00
2401,0.569,2026-09-24T08:01:24.929129+00:00
2402,0.525,2026-09-24T08:01:24.931623+00:00
2403,0.504,2026-09-24T08:01:24.934094+00:00
2404,0.48500000000000004,2026-09-24T08:01:24.936529+00:00
2405,0.398,2026-09-24T08:01:24.938918+00:00
2406,0.43600000000000005,2026-09-24T08:01:24.941380+00:00
2407,0.775,2026-09-24T08:01:24.944156+00:00
2408,0.5630000000000001,2026-09-24T08:01:24.946821+00:00
2409,0.47100000000000003,2026-09-24T08:01:24.949364+00:00
2410,0.462,2026-09-24T08:01:24.951899+00:00
2411,0.486,2026-09-24T08:01:24.954446+00:00
2412,0.47100000000000003,2026-09-24T08:01:24.956900+00:00
2413,0.509,2026-09-24T08:01:24.959449+00:00
2414,0.499,2026-09-24T08:01:24.962022+00:00
2415,0.46099999999999997,2026-09-24T08:01:24.964539+00:00
2416,0.9309999999999999,2026-09-24T08:01:24.967521+00:00
2417,0.939,2026-09-24T08:01:24.970392+00:00
2418,0.723,2026-09-24T08:01:24.973163+00:00
2419,0.508,2026-09-24T08:01:24.975749+00:00
2420,0.442,2026-09-24T08:01:24.978250+00:00
2421,0.76,2026-09-24T08:01:24.981066+00:00
2422,0.5599999999999999,2026-09-24T08:01:24.983709+00:00
2423,0.472,2026-09-24T08:01:24.986237+00:00
2424,0.749,2026-09-24T08:01:24.989067+00:00
2425,0.742,2026-09-24T08:01:24.991802+00:00
2426,0.8899999999999999,2026-09-24T08:01:24.994704+00:00
2427,0.49799999999999994,2026-09-24T08:01:24.997148+00:00
2428,0.47300000000000003,2026-09-24T08:01:24.999670+00:00
2429,0.41,2026-09-24T08:01:25.002131+00:00
2430,0.525,2026-09-24T08:01:25.004679+00:00
2431,0.439,2026-09-24T08:01:25.007128+00:00
2432,0.5509999999999999,2026-09-24T08:01:25.009703+00:00
2433,0.815,2026-09-24T08:01:25.012540+00:00
2434,0.47300000000000003,2026-09-24T08:01:25.015006+00:00
2435,0.737,2026-09-24T08:01:25.017771+00:00
2436,0.514,2026-09-24T08:01:25.020150+00:00
2437,0.63,2026-09-24T08:01:25.022715+00:00
2438,0.46599999999999997,2026-09-24T08:01:25.025096+00:00
2439,0.431,2026-09-24T08:01:25.027523+00:00
2440,0.38699999999999996,2026-09-24T08:01:25.029903+00:00
2441,0.531,2026-09-24T08:01:25.032463+00:00
2442,0.527,2026-09-24T08:01:25.034954+00:00
2443,0.48899999999999993,2026-09-24T08:01:25.037469+00:00
2444,0.528,2026-09-24T08:01:25.040156+00:00
2445,0.6130000000000001,2026-09-24T08:01:25.042668+00:00
2446,0.486,2026-09-24T08:01:25.045097+00:00
2447,0.49299999999999994,2026-09-24T08:01:25.047568+00:00
2448,0.41800000000000004,2026-09-24T08:01:25.049943+00:00
2449,0.408,2026-09-24T08:01:25.052386+00:00
2450,0.406,2026-09-24T08:01:25.054825+00:00
2451,0.41300000000000003,2026-09-24T08:01:25.057306+00:00
2452,0.393,2026-09-24T08:01:25.059816+00:00
2453,0.6819999999999999,2026-09-24T08:01:25.062606+00:00
2454,0.8400000000000001,2026-09-24T08:01:25.065575+00:00
2455,0.527,2026-09-24T08:01:25.067950+00:00
2456,0.434,2026-09-24T08:01:25.070407+00:00
2457,1.121,2026-09-24T08:01:25.073567+00:00
2458,0.8130000000000001,2026-09-24T08:01:25.076125+00:00
2459,0.709,2026-09-24T08:01:25.078792+00:00
2460,0.734,2026-09-24T08:01:25.081565+00:00
2461,0.646,2026-09-24T08:01:25.084352+00:00
2462,0.888,2026-09-24T08:01:25.087272+00:00
2463,0.8069999999999999,2026-09-24T08:01:25.090201+00:00
2464,0.599,2026-09-24T08:01:25.092899+00:00
2465,1.029,2026-09-24T08:01:25.095992+00:00
2466,0.8260000000000001,2026-09-24T08:01:25.098955+00:00
2467,0.6539999999999999,2026-09-24T08:01:25.101799+00:00
2468,0.49799999999999994,2026-09-24T08:01:25.104452+00:00
2469,1.1720000000000002,2026-09-24T08:01:25.107714+00:00
2470,0.934,2026-09-24T08:01:25.110815+00:00
2471,0.665,2026-09-24T08:01:25.113601+00:00
2472,0.516,2026-09-24T08:01:25.116267+00:00
2473,0.5,2026-09-24T08:01:25.118867+00:00
2474,0.48700000000000004,2026-09-24T08:01:25.121442+00:00
2475,0.455,2026-09-24T08:01:25.123992+00:00
2476,0.664,2026-09-24T08:01:25.126733+00:00
2477,0.5509999999999999,2026-09-24T08:01:25.129383+00:00
2478,0.501,2026-09-24T08:01:25.131903+00:00
2479,0.433,2026-09-24T08:01:25.134394+00:00
2480,0.629,2026-09-24T08:01:25.137118+00:00
2481,0.5720000000000001,2026-09-24T08:01:25.139732+00:00
2482,0.8140000000000001,2026-09-24T08:01:25.142707+00:00
2483,0.7200000000000001,2026-09-24T08:01:25.145261+00:00
2484,0.5429999999999999,2026-09-24T08:01:25.147732+00:00
2485,0.514,2026-09-24T08:01:25.150263+00:00
2486,0.624,2026-09-24T08:01:25.152929+00:00
2487,0.622,2026-09-24T08:01:25.155552+00:00
2488,0.5339999999999999,2026-09-24T08:01:25.158116+00:00
2489,0.583,2026-09-24T08:01:25.160737+00:00
2490,0.5479999999999999,2026-09-24T08:01:25.163328+00:00
2491,0.805,2026-09-24T08:01:25.166166+00:00
2492,0.7200000000000001,2026-09-24T08:01:25.169104+00:00
2493,0.559,2026-09-24T08:01:25.171640+00:00
2494,0.419,2026-09-24T08:01:25.174115+00:00
2495,0.402,2026-09-24T08:01:25.176627+00:00
2496,0.38499999999999995,2026-09-24T08:01:25.179115+00:00
2497,0.861,2026-09-24T08:01:25.182116+00:00
2498,0.7060000000000001,2026-09-24T08:01:25.185068+00:00
2499,0.522,2026-09-24T08:01:25.187664+00:00
2500,0.484,2026-09-24T08:01:25.190236+00:00
2501,0.48500000000000004,2026-09-24T08:01:25.192831+00:00
2502,0.406,2026-09-24T08:01:25.195305+00:00
2503,0.40900000000000003,2026-09-24T08:01:25.197772+00:00
2504,0.375,2026-09-24T08:01:25.200199+00:00
2505,0.377,2026-09-24T08:01:25.202629+00:00
2506,0.40299999999999997,2026-09-24T08:01:25.205095+00:00
2507,0.425,2026-09-24T08:01:25.207563+00:00
2508,0.513,2026-09-24T08:01:25.210127+00:00
2509,0.416,2026-09-24T08:01:25.212698+00:00
2510,0.363,2026-09-24T08:01:25.215150+00:00
2511,0.388,2026-09-24T08:01:25.217649+00:00
2512,0.357,2026-09-24T08:01:25.220108+00:00
2513,0.458,2026-09-24T08:01:25.222674+00:00
2514,0.53,2026-09-24T08:01:25.225405+00:00
2515,0.458,2026-09-24T08:01:25.228005+00:00
2516,0.441,2026-09-24T08:01:25.230574+00:00
2517,0.453,2026-09-24T08:01:25.233175+00:00
2518,0.45199999999999996,2026-09-24T08:01:25.235762+00:00
2519,0.5379999999999999,2026-09-24T08:01:25.238432+00:00
2520,0.517,2026-09-24T08:01:25.240978+00:00
2521,0.535,2026-09-24T08:01:25.243575+00:00
2522,0.5860000000000001,2026-09-24T08:01:25.246206+00:00
2523,0.597,2026-09-24T08:01:25.248778+00:00
2524,0.631,2026-09-24T08:01:25.251408+00:00
2525,0.467,2026-09-24T08:01:25.253965+00:00
2526,0.44499999999999995,2026-09-24T08:01:25.256463+00:00
2527,0.425,2026-09-24T08:01:25.258948+00:00
2528,0.562,2026-09-24T08:01:25.261579+00:00
2529,0.521,2026-09-24T08:01:25.264118+00:00
2530,0.5379999999999999,2026-09-24T08:01:25.266691+00:00
2531,0.516,2026-09-24T08:01:25.269241+00:00
2532,0.733,2026-09-24T08:01:25.272013+00:00
2533,0.829,2026-09-24T08:01:25.274691+00:00
2534,0.597,2026-09-24T08:01:25.277087+00:00
2535,0.47,2026-09-24T08:01:25.279516+00:00
2536,0.5,2026-09-24T08:01:25.282060+00:00
2537,0.5630000000000001,2026-09-24T08:01:25.284713+00:00
2538,0.502,2026-09-24T08:01:25.287307+00:00
2539,0.518,2026-09-24T08:01:25.289942+00:00
2540,0.55,2026-09-24T08:01:25.292594+00:00
2541,0.5,2026-09-24T08:01:25.295191+00:00
2542,0.546,2026-09-24T08:01:25.297839+00:00
2543,0.58,2026-09-24T08:01:25.300519+00:00
2544,0.772,2026-09-24T08:01:25.303459+00:00
2545,0.643,2026-09-24T08:01:25.306161+00:00
2546,0.517,2026-09-24T08:01:25.308610+00:00
2547,0.589,2026-09-24T08:01:25.311257+00:00
2548,0.588,2026-09-24T08:01:25.313776+00:00
2549,0.524,2026-09-24T08:01:25.316252+00:00
2550,0.496,2026-09-24T08:01:25.318738+00:00
2551,0.484,2026-09-24T08:01:25.321238+00:00
2552,0.505,2026-09-24T08:01:25.323752+00:00
2553,0.467,2026-09-24T08:01:25.326220+00:00
2554,0.48500000000000004,2026-09-24T08:01:25.328728+00:00
2555,0.48899999999999993,2026-09-24T08:01:25.331242+00:00
2556,0.501,2026-09-24T08:01:25.333760+00:00
2557,0.771,2026-09-24T08:01:25.336556+00:00
2558,0.616,2026-09-24T08:01:25.339197+00:00
2559,0.583,2026-09-24T08:01:25.341899+00:00
2560,0.674,2026-09-24T08:01:25.344690+00:00
2561,0.673,2026-09-24T08:01:25.347428+00:00
2562,0.6970000000000001,2026-09-24T08:01:25.350174+00:00
2563,0.8180000000000001,2026-09-24T08:01:25.353192+00:00
2564,0.6890000000000001,2026-09-24T08:01:25.356093+00:00
2565,0.7380000000000001,2026-09-24T08:01:25.358940+00:00
2566,0.647,2026-09-24T08:01:25.361552+00:00
2567,0.589,2026-09-24T08:01:25.364040+00:00
2568,0.592,2026-09-24T08:01:25.366545+00:00
2569,0.5730000000000001,2026-09-24T08:01:25.369018+00:00
2570,0.5900000000000001,2026-09-24T08:01:25.371524+00:00
2571,0.593,2026-09-24T08:01:25.374027+00:00
2572,0.722,2026-09-24T08:01:25.376663+00:00
2573,0.696,2026-09-24T08:01:25.379387+00:00
2574,0.684,2026-09-24T08:01:25.381958+00:00
2575,0.635,2026-09-24T08:01:25.384543+00:00
2576,0.516,2026-09-24T08:01:25.387039+00:00
2577,0.518,2026-09-24T08:01:25.389589+00:00
2578,0.508,2026-09-24T08:01:25.392097+00:00
2579,0.467,2026-09-24T08:01:25.394557+00:00
2580,0.424,2026-09-24T08:01:25.397025+00:00
2581,0.43,2026-09-24T08:01:25.399531+00:00
2582,0.428,2026-09-24T08:01:25.402020+00:00
2583,0.40700000000000003,2026-09-24T08:01:25.404508+00:00
2584,0.491,2026-09-24T08:01:25.407090+00:00
2585,0.541,2026-09-24T08:01:25.409633+00:00
2586,0.43600000000000005,2026-09-24T08:01:25.412032+00:00
2587,0.559,2026-09-24T08:01:25.414650+00:00
2588,0.48899999999999993,2026-09-24T08:01:25.417088+00:00
2589,0.444,2026-09-24T08:01:25.419557+00:00
2590,0.43,2026-09-24T08:01:25.422051+00:00
2591,0.486,2026-09-24T08:01:25.424607+00:00
2592,0.483,2026-09-24T08:01:25.427223+00:00
2593,0.477,2026-09-24T08:01:25.429834+00:00
2594,0.48700000000000004,2026-09-24T08:01:25.432455+00:00
2595,0.647,2026-09-24T08:01:25.435352+00:00
2596,0.566,2026-09-24T08:01:25.438101+00:00
2597,0.482,2026-09-24T08:01:25.440726+00:00
2598,0.456,2026-09-24T08:01:25.443287+00:00
2599,0.494,2026-09-24T08:01:25.445879+00:00
2600,0.635,2026-09-24T08:01:25.448664+00:00
2601,0.617,2026-09-24T08:01:25.451451+00:00
2602,0.594,2026-09-24T08:01:25.454304+00:00
2603,0.442,2026-09-24T08:01:25.456895+00:00
2604,0.415,2026-09-24T08:01:25.459464+00:00
2605,0.40900000000000003,2026-09-24T08:01:25.461990+00:00
2606,0.4,2026-09-24T08:01:25.464476+00:00
2607,0.40099999999999997,2026-09-24T08:01:25.466970+00:00
2608,0.399,2026-09-24T08:01:25.469477+00:00
2609,0.408,2026-09-24T08:01:25.472001+00:00
2610,0.501,2026-09-24T08:01:25.474605+00:00
2611,0.465,2026-09-24T08:01:25.477166+00:00
2612,0.481,2026-09-24T08:01:25.479757+00:00
2613,0.46099999999999997,2026-09-24T08:01:25.482342+00:00
2614,0.491,2026-09-24T08:01:25.484917+00:00
2615,0.477,2026-09-24T08:01:25.487517+00:00
2616,0.462,2026-09-24T08:01:25.490095+00:00
2617,0.486,2026-09-24T08:01:25.492705+00:00
2618,0.443,2026-09-24T08:01:25.495265+00:00
2619,0.434,2026-09-24T08:01:25.497863+00:00
2620,0.47,2026-09-24T08:01:25.500491+00:00
2621,0.46,2026-09-24T08:01:25.503056+00:00
2622,0.47600000000000003,2026-09-24T08:01:25.505654+00:00
2623,0.432,2026-09-24T08:01:25.508212+00:00
2624,0.5609999999999999,2026-09-24T08:01:25.510932+00:00
2625,0.537,2026-09-24T08:01:25.513584+00:00
2626,0.5289999999999999,2026-09-24T08:01:25.516152+00:00
2627,0.5419999999999999,2026-09-24T08:01:25.518736+00:00
2628,1.46,2026-09-24T08:01:25.522491+00:00
2629,1.0230000000000001,2026-09-24T08:01:25.525475+00:00
2630,0.9600000000000001,2026-09-24T08:01:25.528358+00:00
2631,0.851,2026-09-24T08:01:25.531158+00:00
2632,0.976,2026-09-24T08:01:25.534228+00:00
2633,1.2229999999999999,2026-09-24T08:01:25.537497+00:00
2634,0.768,2026-09-24T08:01:25.540133+00:00
2635,0.592,2026-09-24T08:01:25.542775+00:00
2636,0.528,2026-09-24T08:01:25.545380+00:00
2637,0.61,2026-09-24T08:01:25.547971+00:00
2638,0.675,2026-09-24T08:01:25.550601+00:00
2639,1.032,2026-09-24T08:01:25.553712+00:00
2640,0.8170000000000001,2026-09-24T08:01:25.556456+00:00
2641,0.809,2026-09-24T08:01:25.559263+00:00
2642,0.5640000000000001,2026-09-24T08:01:25.561891+00:00
2643,0.8180000000000001,2026-09-24T08:01:25.564728+00:00
2644,0.66,2026-09-24T08:01:25.567473+00:00
2645,0.535,2026-09-24T08:01:25.570037+00:00
2646,0.544,2026-09-24T08:01:25.572691+00:00
2647,0.565,2026-09-24T08:01:25.575305+00:00
2648,0.62,2026-09-24T08:01:25.577958+00:00
2649,0.5289999999999999,2026-09-24T08:01:25.580590+00:00
2650,0.5379999999999999,2026-09-24T08:01:25.583179+00:00
2651,0.481,2026-09-24T08:01:25.585725+00:00
2652,0.465,2026-09-24T08:01:25.588244+00:00
2653,0.49299999999999994,2026-09-24T08:01:25.590812+00:00
2654,0.909,2026-09-24T08:01:25.593783+00:00
2655,0.6769999999999999,2026-09-24T08:01:25.596446+00:00
2656,0.603,2026-09-24T08:01:25.598996+00:00
2657,0.7110000000000001,2026-09-24T08:01:25.601661+00:00
2658,0.767,2026-09-24T08:01:25.604329+00:00
2659,0.523,2026-09-24T08:01:25.606923+00:00
2660,0.428,2026-09-24T08:01:25.609407+00:00
2661,0.441,2026-09-24T08:01:25.611882+00:00
2662,0.423,2026-09-24T08:01:25.614351+00:00
2663,0.671,2026-09-24T08:01:25.617063+00:00
2664,0.517,2026-09-24T08:01:25.619637+00:00
2665,0.433,2026-09-24T08:01:25.622113+00:00
2666,0.419,2026-09-24T08:01:25.624539+00:00
2667,0.374,2026-09-24T08:01:25.626937+00:00
2668,0.40299999999999997,2026-09-24T08:01:25.629365+00:00
2669,0.408,2026-09-24T08:01:25.631778+00:00
2670,0.388,2026-09-24T08:01:25.634176+00:00
2671,0.392,2026-09-24T08:01:25.636572+00:00
2672,0.382,2026-09-24T08:01:25.638991+00:00
2673,0.39,2026-09-24T08:01:25.641398+00:00
2674,0.521,2026-09-24T08:01:25.643935+00:00
2675,0.45399999999999996,2026-09-24T08:01:25.646307+00:00
2676,0.45399999999999996,2026-09-24T08:01:25.648713+00:00
2677,0.535,2026-09-24T08:01:25.651207+00:00
2678,0.54,2026-09-24T08:01:25.653734+00:00
2679,0.531,2026-09-24T08:01:25.656254+00:00
2680,0.596,2026-09-24T08:01:25.658809+00:00
2681,0.596,2026-09-24T08:01:25.661404+00:00
2682,0.428,2026-09-24T08:01:25.663803+00:00
2683,0.39,2026-09-24T08:01:25.666236+00:00
2684,0.428,2026-09-24T08:01:25.668713+00:00
2685,0.392,2026-09-24T08:01:25.671148+00:00
2686,0.40099999999999997,2026-09-24T08:01:25.673591+00:00
2687,0.483,2026-09-24T08:01:25.676159+00:00
2688,0.5910000000000001,2026-09-24T08:01:25.678902+00:00
2689,0.623,2026-09-24T08:01:25.681652+00:00
2690,0.40700000000000003,2026-09-24T08:01:25.684119+00:00
2691,0.421,2026-09-24T08:01:25.686600+00:00
2692,0.54,2026-09-24T08:01:25.689166+00:00
2693,0.514,2026-09-24T08:01:25.691683+00:00
2694,0.423,2026-09-24T08:01:25.694158+00:00
2695,0.379,2026-09-24T08:01:25.696639+00:00
2696,0.462,2026-09-24T08:01:25.699235+00:00
2697,0.419,2026-09-24T08:01:25.701734+00:00
2698,0.38499999999999995,2026-09-24T08:01:25.704142+00:00
2699,0.495,2026-09-24T08:01:25.706675+00:00
2700,0.48500000000000004,2026-09-24T08:01:25.709236+00:00
2701,0.443,2026-09-24T08:01:25.711756+00:00
2702,0.855,2026-09-24T08:01:25.714793+00:00
2703,0.5770000000000001,2026-09-24T08:01:25.717680+00:00
2704,0.47,2026-09-24T08:01:25.720290+00:00
2705,0.51,2026-09-24T08:01:25.722914+00:00
2706,0.583,2026-09-24T08:01:25.725653+00:00
2707,0.462,2026-09-24T08:01:25.728137+00:00
2708,0.8540000000000001,2026-09-24T08:01:25.731110+00:00
2709,0.5760000000000001,2026-09-24T08:01:25.733525+00:00
2710,0.453,2026-09-24T08:01:25.735956+00:00
2711,0.53,2026-09-24T08:01:25.738563+00:00
2712,0.421,2026-09-24T08:01:25.740997+00:00
2713,0.422,2026-09-24T08:01:25.743469+00:00
2714,0.416,2026-09-24T08:01:25.745920+00:00
2715,0.384,2026-09-24T08:01:25.748346+00:00
2716,0.532,2026-09-24T08:01:25.750922+00:00
2717,0.389,2026-09-24T08:01:25.753266+00:00
2718,0.382,2026-09-24T08:01:25.755692+00:00
2719,0.384,2026-09-24T08:01:25.758115+00:00
2720,0.40499999999999997,2026-09-24T08:01:25.760560+00:00
2721,0.38499999999999995,2026-09-24T08:01:25.762983+00:00
2722,0.372,2026-09-24T08:01:25.765394+00:00
2723,0.477,2026-09-24T08:01:25.767907+00:00
2724,0.523,2026-09-24T08:01:25.770388+00:00
2725,0.419,2026-09-24T08:01:25.772796+00:00
2726,0.384,2026-09-24T08:01:25.775218+00:00
2727,0.419,2026-09-24T08:01:25.777674+00:00
2728,0.389,2026-09-24T08:01:25.780101+00:00
2729,0.40499999999999997,2026-09-24T08:01:25.782547+00:00
2730,0.384,2026-09-24T08:01:25.784950+00:00
2731,0.38499999999999995,2026-09-24T08:01:25.787379+00:00
2732,0.513,2026-09-24T08:01:25.789926+00:00
2733,0.6719999999999999,2026-09-24T08:01:25.792778+00:00
2734,0.477,2026-09-24T08:01:25.795350+00:00
2735,0.441,2026-09-24T08:01:25.797870+00:00
2736,0.482,2026-09-24T08:01:25.800431+00:00
2737,0.434,2026-09-24T08:01:25.802941+00:00
2738,0.429,2026-09-24T08:01:25.805424+00:00
2739,0.424,2026-09-24T08:01:25.807919+00:00
2740,0.41800000000000004,2026-09-24T08:01:25.810405+00:00
2741,0.749,2026-09-24T08:01:25.813177+00:00
2742,0.541,2026-09-24T08:01:25.815840+00:00
2743,0.46599999999999997,2026-09-24T08:01:25.818457+00:00
2744,0.447,2026-09-24T08:01:25.821057+00:00
2745,0.46099999999999997,2026-09-24T08:01:25.823668+00:00
2746,0.458,2026-09-24T08:01:25.826268+00:00
2747,0.475,2026-09-24T08:01:25.828883+00:00
2748,0.465,2026-09-24T08:01:25.831498+00:00
2749,0.47,2026-09-24T08:01:25.834095+00:00
2750,0.8270000000000001,2026-09-24T08:01:25.837077+00:00
2751,0.61,2026-09-24T08:01:25.839834+00:00
2752,0.5760000000000001,2026-09-24T08:01:25.842542+00:00
2753,0.46299999999999997,2026-09-24T08:01:25.845108+00:00
2754,0.5519999999999999,2026-09-24T08:01:25.847803+00:00
2755,0.496,2026-09-24T08:01:25.850382+00:00
2756,0.535,2026-09-24T08:01:25.853001+00:00
2757,0.7060000000000001,2026-09-24T08:01:25.855906+00:00
2758,0.494,2026-09-24T08:01:25.858509+00:00
2759,0.673,2026-09-24T08:01:25.861266+00:00
2760,0.488,2026-09-24T08:01:25.863591+00:00
2761,0.614,2026-09-24T08:01:25.866280+00:00
2762,0.522,2026-09-24T08:01:25.868824+00:00
2763,0.441,2026-09-24T08:01:25.871229+00:00
2764,0.47300000000000003,2026-09-24T08:01:25.873676+00:00
2765,0.748,2026-09-24T08:01:25.876381+00:00
2766,0.665,2026-09-24T08:01:25.879003+00:00
2767,0.524,2026-09-24T08:01:25.881489+00:00
2768,0.433,2026-09-24T08:01:25.883884+00:00
2769,0.67,2026-09-24T08:01:25.886543+00:00
2770,0.639,2026-09-24T08:01:25.889256+00:00
2771,0.496,2026-09-24T08:01:25.891739+00:00
2772,0.435,2026-09-24T08:01:25.894156+00:00
2773,0.467,2026-09-24T08:01:25.896606+00:00
2774,0.435,2026-09-24T08:01:25.898996+00:00
2775,0.42000000000000004,2026-09-24T08:01:25.901370+00:00
2776,0.43600000000000005,2026-09-24T08:01:25.903780+00:00
2777,0.425,2026-09-24T08:01:25.906190+00:00
2778,0.442,2026-09-24T08:01:25.908613+00:00
2779,0.63,2026-09-24T08:01:25.911210+00:00
2780,0.809,2026-09-24T08:01:25.914022+00:00
2781,0.8069999999999999,2026-09-24T08:01:25.916753+00:00
2782,0.671,2026-09-24T08:01:25.919358+00:00
2783,0.6849999999999999,2026-09-24T08:01:25.922001+00:00
2784,0.601,2026-09-24T08:01:25.924507+00:00
2785,0.616,2026-09-24T08:01:25.927006+00:00
2786,0.721,2026-09-24T08:01:25.929655+00:00
2787,0.976,2026-09-24T08:01:25.932764+00:00
2788,0.804,2026-09-24T08:01:25.935659+00:00
2789,0.873,2026-09-24T08:01:25.938574+00:00
2790,0.8270000000000001,2026-09-24T08:01:25.941459+00:00
2791,0.69,2026-09-24T08:01:25.944173+00:00
2792,0.776,2026-09-24T08:01:25.947036+00:00
2793,0.635,2026-09-24T08:01:25.949795+00:00
2794,0.47800000000000004,2026-09-24T08:01:25.952326+00:00
2795,0.633,2026-09-24T08:01:25.955043+00:00
2796,0.5599999999999999,2026-09-24T08:01:25.957701+00:00
2797,0.643,2026-09-24T08:01:25.960389+00:00
2798,0.852,2026-09-24T08:01:25.963370+00:00
2799,0.8059999999999999,2026-09-24T08:01:25.966382+00:00
2800,0.5199999999999999,2026-09-24T08:01:25.968962+00:00
2801,0.5670000000000001,2026-09-24T08:01:25.971601+00:00
2802,0.45399999999999996,2026-09-24T08:01:25.974081+00:00
2803,0.505,2026-09-24T08:01:25.976700+00:00
2804,0.995,2026-09-24T08:01:25.979772+00:00
2805,0.587,2026-09-24T08:01:25.982472+00:00
2806,0.47,2026-09-24T08:01:25.985064+00:00
2807,0.67,2026-09-24T08:01:25.987831+00:00
2808,0.57,2026-09-24T08:01:25.990473+00:00
2809,0.448,2026-09-24T08:01:25.992963+00:00
2810,0.442,2026-09-24T08:01:25.995481+00:00
2811,0.614,2026-09-24T08:01:25.998168+00:00
2812,0.504,2026-09-24T08:01:26.000592+00:00
2813,0.545,2026-09-24T08:01:26.003162+00:00
2814,0.5770000000000001,2026-09-24T08:01:26.005758+00:00
2815,0.5,2026-09-24T08:01:26.008189+00:00
2816,0.491,2026-09-24T08:01:26.010678+00:00
2817,0.462,2026-09-24T08:01:26.013154+00:00
2818,0.648,2026-09-24T08:01:26.015822+00:00
2819,0.733,2026-09-24T08:01:26.018581+00:00
2820,0.47,2026-09-24T08:01:26.021017+00:00
2821,0.5429999999999999,2026-09-24T08:01:26.023609+00:00
2822,0.532,2026-09-24T08:01:26.026125+00:00
2823,0.516,2026-09-24T08:01:26.028651+00:00
2824,0.48899999999999993,2026-09-24T08:01:26.031114+00:00
2825,0.462,2026-09-24T08:01:26.033566+00:00
2826,0.416,2026-09-24T08:01:26.036023+00:00
2827,0.5109999999999999,2026-09-24T08:01:26.038591+00:00
2828,0.51,2026-09-24T08:01:26.041084+00:00
2829,0.549,2026-09-24T08:01:26.043632+00:00
2830,0.41,2026-09-24T08:01:26.046127+00:00
2831,0.40700000000000003,2026-09-24T08:01:26.048611+00:00
2832,0.404,2026-09-24T08:01:26.051083+00:00
2833,0.725,2026-09-24T08:01:26.053933+00:00
2834,0.781,2026-09-24T08:01:26.056865+00:00
2835,1.081,2026-09-24T08:01:26.059915+00:00
2836,0.7380000000000001,2026-09-24T08:01:26.062533+00:00
2837,0.566,2026-09-24T08:01:26.064998+00:00
2838,0.6769999999999999,2026-09-24T08:01:26.067742+00:00
2839,0.578,2026-09-24T08:01:26.070303+00:00
2840,0.673,2026-09-24T08:01:26.073044+00:00
2841,0.635,2026-09-24T08:01:26.075766+00:00
2842,0.589,2026-09-24T08:01:26.078353+00:00
2843,0.6679999999999999,2026-09-24T08:01:26.081056+00:00
2844,0.852,2026-09-24T08:01:26.083959+00:00
2845,0.607,2026-09-24T08:01:26.086640+00:00
2846,0.641,2026-09-24T08:01:26.089316+00:00
2847,0.6849999999999999,2026-09-24T08:01:26.092052+00:00
2848,0.481,2026-09-24T08:01:26.094549+00:00
2849,0.42700000000000005,2026-09-24T08:01:26.097018+00:00
2850,0.47,2026-09-24T08:01:26.099528+00:00
2851,0.417,2026-09-24T08:01:26.101993+00:00
2852,0.457,2026-09-24T08:01:26.104480+00:00
2853,0.55,2026-09-24T08:01:26.107071+00:00
2854,0.631,2026-09-24T08:01:26.109714+00:00
2855,0.499,2026-09-24T08:01:26.112252+00:00
2856,0.723,2026-09-24T08:01:26.115182+00:00
2857,0.597,2026-09-24T08:01:26.117942+00:00
2858,0.5599999999999999,2026-09-24T08:01:26.120645+00:00
2859,0.484,2026-09-24T08:01:26.123203+00:00
2860,0.763,2026-09-24T08:01:26.126159+00:00
2861,0.5599999999999999,2026-09-24T08:01:26.128811+00:00
2862,0.632,2026-09-24T08:01:26.131510+00:00
2863,0.628,2026-09-24T08:01:26.134248+00:00
2864,0.9309999999999999,2026-09-24T08:01:26.137245+00:00
2865,0.669,2026-09-24T08:01:26.139854+00:00
2866,0.545,2026-09-24T08:01:26.142482+00:00
2867,0.714,2026-09-24T08:01:26.145258+00:00
2868,0.526,2026-09-24T08:01:26.147858+00:00
2869,0.623,2026-09-24T08:01:26.150556+00:00
2870,0.712,2026-09-24T08:01:26.153336+00:00
2871,1.048,2026-09-24T08:01:26.156602+00:00
2872,0.958,2026-09-24T08:01:26.159654+00:00
2873,0.62,2026-09-24T08:01:26.162226+00:00
2874,0.618,2026-09-24T08:01:26.164858+00:00
2875,0.721,2026-09-24T08:01:26.167686+00:00
2876,0.655,2026-09-24T08:01:26.170425+00:00
2877,0.823,2026-09-24T08:01:26.173266+00:00
2878,0.983,2026-09-24T08:01:26.176404+00:00
2879,0.744,2026-09-24T08:01:26.179253+00:00
2880,0.623,2026-09-24T08:01:26.181932+00:00
2881,0.47300000000000003,2026-09-24T08:01:26.184394+00:00
2882,0.643,2026-09-24T08:01:26.187091+00:00
2883,0.669,2026-09-24T08:01:26.189766+00:00
2884,0.5479999999999999,2026-09-24T08:01:26.192267+00:00
2885,0.6449999999999999,2026-09-24T08:01:26.194909+00:00
2886,0.726,2026-09-24T08:01:26.197674+00:00
2887,0.467,2026-09-24T08:01:26.200103+00:00
2888,0.479,2026-09-24T08:01:26.202598+00:00
2889,0.429,2026-09-24T08:01:26.205035+00:00
2890,0.417,2026-09-24T08:01:26.207484+00:00
2891,0.481,2026-09-24T08:01:26.210015+00:00
2892,0.428,2026-09-24T08:01:26.212502+00:00
2893,0.83,2026-09-24T08:01:26.215389+00:00
2894,0.5720000000000001,2026-09-24T08:01:26.218091+00:00
2895,0.549,2026-09-24T08:01:26.220729+00:00
2896,0.5900000000000001,2026-09-24T08:01:26.223393+00:00
2897,0.5900000000000001,2026-09-24T08:01:26.226103+00:00
2898,0.714,2026-09-24T08:01:26.228903+00:00
2899,0.723,2026-09-24T08:01:26.231599+00:00
2900,0.617,2026-09-24T08:01:26.234152+00:00
2901,0.616,2026-09-24T08:01:26.236764+00:00
2902,0.749,2026-09-24T08:01:26.239551+00:00
2903,0.752,2026-09-24T08:01:26.242288+00:00
2904,0.57,2026-09-24T08:01:26.244908+00:00
2905,0.518,2026-09-24T08:01:26.247477+00:00
2906,0.7789999999999999,2026-09-24T08:01:26.250397+00:00
2907,0.571,2026-09-24T08:01:26.253116+00:00
2908,0.53,2026-09-24T08:01:26.255773+00:00
2909,0.513,2026-09-24T08:01:26.258431+00:00
2910,0.5820000000000001,2026-09-24T08:01:26.261141+00:00
2911,0.5720000000000001,2026-09-24T08:01:26.263798+00:00
2912,0.462,2026-09-24T08:01:26.266348+00:00
2913,0.725,2026-09-24T08:01:26.269165+00:00
2914,0.605,2026-09-24T08:01:26.271613+00:00
2915,0.5640000000000001,2026-09-24T08:01:26.274139+00:00
2916,0.6449999999999999,2026-09-24T08:01:26.276742+00:00
2917,0.621,2026-09-24T08:01:26.279271+00:00
2918,0.554,2026-09-24T08:01:26.281735+00:00
2919,0.45,2026-09-24T08:01:26.284180+00:00
2920,0.5,2026-09-24T08:01:26.286760+00:00
2921,0.5730000000000001,2026-09-24T08:01:26.289433+00:00
2922,0.7200000000000001,2026-09-24T08:01:26.292247+00:00
2923,0.598,2026-09-24T08:01:26.294747+00:00
2924,0.583,2026-09-24T08:01:26.297250+00:00
2925,0.57,2026-09-24T08:01:26.299741+00:00
2926,0.505,2026-09-24T08:01:26.302176+00:00
2927,0.514,2026-09-24T08:01:26.304689+00:00
2928,0.5569999999999999,2026-09-24T08:01:26.307238+00:00
2929,0.5469999999999999,2026-09-24T08:01:26.309748+00:00
2930,0.553,2026-09-24T08:01:26.312261+00:00
2931,0.5559999999999999,2026-09-24T08:01:26.314761+00:00
2932,0.47800000000000004,2026-09-24T08:01:26.317195+00:00
2933,0.482,2026-09-24T08:01:26.319694+00:00
2934,0.46799999999999997,2026-09-24T08:01:26.322199+00:00
2935,0.47,2026-09-24T08:01:26.324702+00:00
2936,0.587,2026-09-24T08:01:26.327331+00:00
2937,0.622,2026-09-24T08:01:26.329857+00:00
2938,0.575,2026-09-24T08:01:26.332360+00:00
2939,0.746,2026-09-24T08:01:26.335003+00:00
2940,0.9039999999999999,2026-09-24T08:01:26.337810+00:00
2941,1.071,2026-09-24T08:01:26.340798+00:00
2942,0.833,2026-09-24T08:01:26.343519+00:00
2943,0.661,2026-09-24T08:01:26.346059+00:00
2944,0.544,2026-09-24T08:01:26.348648+00:00
2945,0.464,2026-09-24T08:01:26.351126+00:00
2946,0.40700000000000003,2026-09-24T08:01:26.353503+00:00
2947,0.399,2026-09-24T08:01:26.355907+00:00
2948,0.508,2026-09-24T08:01:26.358407+00:00
2949,0.803,2026-09-24T08:01:26.361088+00:00
2950,0.651,2026-09-24T08:01:26.363615+00:00
2951,0.8069999999999999,2026-09-24T08:01:26.366582+00:00
2952,0.647,2026-09-24T08:01:26.369366+00:00
2953,0.661,2026-09-24T08:01:26.372237+00:00
2954,0.744,2026-09-24T08:01:26.375184+00:00
2955,0.601,2026-09-24T08:01:26.377930+00:00
2956,0.579,2026-09-24T08:01:26.380587+00:00
2957,0.5820000000000001,2026-09-24T08:01:26.383196+00:00
2958,0.57,2026-09-24T08:01:26.385872+00:00
2959,0.495,2026-09-24T08:01:26.388400+00:00
2960,0.399,2026-09-24T08:01:26.390838+00:00
2961,0.40900000000000003,2026-09-24T08:01:26.393284+00:00
2962,0.48899999999999993,2026-09-24T08:01:26.395787+00:00
2963,0.491,2026-09-24T08:01:26.398239+00:00
2964,0.495,2026-09-24T08:01:26.400685+00:00
2965,0.479,2026-09-24T08:01:26.403130+00:00
2966,0.512,2026-09-24T08:01:26.405597+00:00
2967,0.472,2026-09-24T08:01:26.408031+00:00
2968,0.596,2026-09-24T08:01:26.410596+00:00
2969,0.6920000000000001,2026-09-24T08:01:26.413244+00:00
2970,0.988,2026-09-24T08:01:26.416254+00:00
2971,0.9650000000000001,2026-09-24T08:01:26.419177+00:00
2972,0.909,2026-09-24T08:01:26.422121+00:00
2973,0.764,2026-09-24T08:01:26.424835+00:00
2974,1.057,2026-09-24T08:01:26.427964+00:00
2975,0.924,2026-09-24T08:01:26.430750+00:00
2976,0.753,2026-09-24T08:01:26.433478+00:00
2977,0.5419999999999999,2026-09-24T08:01:26.435933+00:00
2978,0.545,2026-09-24T08:01:26.438428+00:00
2979,0.477,2026-09-24T08:01:26.440843+00:00
2980,0.47,2026-09-24T08:01:26.443267+00:00
2981,0.47300000000000003,2026-09-24T08:01:26.445691+00:00
2982,0.442,2026-09-24T08:01:26.448087+00:00
2983,0.479,2026-09-24T08:01:26.450515+00:00
2984,0.46900000000000003,2026-09-24T08:01:26.452920+00:00
2985,0.525,2026-09-24T08:01:26.455375+00:00
2986,0.54,2026-09-24T08:01:26.457787+00:00
2987,0.5670000000000001,2026-09-24T08:01:26.460292+00:00
2988,0.517,2026-09-24T08:01:26.462709+00:00
2989,0.5770000000000001,2026-09-24T08:01:26.465226+00:00
2990,0.5569999999999999,2026-09-24T08:01:26.467702+00:00
2991,0.546,2026-09-24T08:01:26.470189+00:00
2992,0.565,2026-09-24T08:01:26.472692+00:00
2993,0.727,2026-09-24T08:01:26.475357+00:00
2994,0.66,2026-09-24T08:01:26.477968+00:00
2995,0.597,2026-09-24T08:01:26.480567+00:00
2996,0.533,2026-09-24T08:01:26.483068+00:00
2997,0.5109999999999999,2026-09-24T08:01:26.485530+00:00
2998,0.5379999999999999,2026-09-24T08:01:26.488060+00:00
2999,0.49700000000000005,2026-09-24T08:01:26.490579+00:00
3000,0.48899999999999993,2026-09-24T08:01:26.493064+00:00
3001,0.494,2026-09-24T08:01:26.495552+00:00
3002,0.481,2026-09-24T08:01:26.498050+00:00
3003,0.5599999999999999,2026-09-24T08:01:26.500614+00:00
3004,0.47600000000000003,2026-09-24T08:01:26.503089+00:00
3005,0.5339999999999999,2026-09-24T08:01:26.505631+00:00
3006,0.51,2026-09-24T08:01:26.508057+00:00
3007,0.494,2026-09-24T08:01:26.510481+00:00
3008,0.494,2026-09-24T08:01:26.512907+00:00
3009,0.49299999999999994,2026-09-24T08:01:26.515339+00:00
3010,0.48899999999999993,2026-09-24T08:01:26.517761+00:00
3011,0.474,2026-09-24T08:01:26.520177+00:00
3012,0.578,2026-09-24T08:01:26.522686+00:00
3013,0.532,2026-09-24T08:01:26.525120+00:00
3014,0.9890000000000001,2026-09-24T08:01:26.528033+00:00
3015,0.988,2026-09-24T08:01:26.531054+00:00
3016,0.713,2026-09-24T08:01:26.533613+00:00
3017,0.7,2026-09-24T08:01:26.536232+00:00
3018,0.769,2026-09-24T08:01:26.538894+00:00
3019,0.6669999999999999,2026-09-24T08:01:26.541456+00:00
3020,0.651,2026-09-24T08:01:26.543993+00:00
3021,0.642,2026-09-24T08:01:26.546602+00:00
3022,0.631,2026-09-24T08:01:26.549201+00:00
3023,0.6629999999999999,2026-09-24T08:01:26.551818+00:00
3024,0.631,2026-09-24T08:01:26.554391+00:00
3025,0.596,2026-09-24T08:01:26.556954+00:00
3026,0.5820000000000001,2026-09-24T08:01:26.559533+00:00
3027,0.565,2026-09-24T08:01:26.562123+00:00
3028,0.661,2026-09-24T08:01:26.564815+00:00
3029,0.746,2026-09-24T08:01:26.567588+00:00
3030,0.608,2026-09-24T08:01:26.570071+00:00
3031,0.603,2026-09-24T08:01:26.572644+00:00
3032,0.519,2026-09-24T08:01:26.575123+00:00
3033,0.483,2026-09-24T08:01:26.577551+00:00
3034,0.44499999999999995,2026-09-24T08:01:26.579959+00:00
3035,0.49,2026-09-24T08:01:26.582433+00:00
3036,0.637,2026-09-24T08:01:26.585025+00:00
3037,0.494,2026-09-24T08:01:26.587496+00:00
3038,0.583,2026-09-24T08:01:26.590070+00:00
3039,0.614,2026-09-24T08:01:26.592702+00:00
3040,0.574,2026-09-24T08:01:26.595313+00:00
3041,0.912,2026-09-24T08:01:26.598319+00:00
3042,0.755,2026-09-24T08:01:26.600813+00:00
3043,0.634,2026-09-24T08:01:26.603305+00:00
3044,0.616,2026-09-24T08:01:26.605747+00:00
3045,0.606,2026-09-24T08:01:26.608181+00:00
3046,0.623,2026-09-24T08:01:26.610624+00:00
3047,0.611,2026-09-24T08:01:26.613039+00:00
3048,0.5720000000000001,2026-09-24T08:01:26.615430+00:00
3049,0.502,2026-09-24T08:01:26.617796+00:00
3050,0.46299999999999997,2026-09-24T08:01:26.620196+00:00
3051,0.464,2026-09-24T08:01:26.622622+00:00
3052,0.456,2026-09-24T08:01:26.625041+00:00
3053,0.502,2026-09-24T08:01:26.627496+00:00
3054,0.462,2026-09-24T08:01:26.629880+00:00
3055,0.46599999999999997,2026-09-24T08:01:26.632305+00:00
3056,0.5339999999999999,2026-09-24T08:01:26.634781+00:00
3057,0.496,2026-09-24T08:01:26.637194+00:00
3058,0.501,2026-09-24T08:01:26.639689+00:00
3059,0.42700000000000005,2026-09-24T08:01:26.642058+00:00
3060,0.449,2026-09-24T08:01:26.644458+00:00
3061,0.443,2026-09-24T08:01:26.646852+00:00
3062,0.41800000000000004,2026-09-24T08:01:26.649214+00:00
3063,0.512,2026-09-24T08:01:26.651685+00:00
3064,0.55,2026-09-24T08:01:26.654220+00:00
3065,0.458,2026-09-24T08:01:26.656687+00:00
3066,0.41,2026-09-24T08:01:26.659124+00:00
3067,0.549,2026-09-24T08:01:26.661707+00:00
3068,0.574,2026-09-24T08:01:26.664176+00:00
3069,1.045,2026-09-24T08:01:26.667094+00:00
3070,0.588,2026-09-24T08:01:26.669576+00:00
3071,0.417,2026-09-24T08:01:26.671972+00:00
3072,0.6819999999999999,2026-09-24T08:01:26.674676+00:00
3073,0.522,2026-09-24T08:01:26.677235+00:00
3074,0.465,2026-09-24T08:01:26.679711+00:00
3075,0.434,2026-09-24T08:01:26.682171+00:00
3076,0.455,2026-09-24T08:01:26.684655+00:00
3077,0.48700000000000004,2026-09-24T08:01:26.687161+00:00
3078,0.464,2026-09-24T08:01:26.689643+00:00
3079,0.417,2026-09-24T08:01:26.692085+00:00
3080,0.435,2026-09-24T08:01:26.694550+00:00
3081,0.423,2026-09-24T08:01:26.697001+00:00
3082,0.483,2026-09-24T08:01:26.699516+00:00
3083,0.614,2026-09-24T08:01:26.702153+00:00
3084,0.656,2026-09-24T08:01:26.704812+00:00
3085,0.674,2026-09-24T08:01:26.707602+00:00
3086,0.539,2026-09-24T08:01:26.710193+00:00
3087,0.47800000000000004,2026-09-24T08:01:26.712691+00:00
3088,0.762,2026-09-24T08:01:26.715452+00:00
3089,0.808,2026-09-24T08:01:26.718172+00:00
3090,0.71,2026-09-24T08:01:26.720866+00:00
3091,0.673,2026-09-24T08:01:26.723367+00:00
3092,0.867,2026-09-24T08:01:26.726069+00:00
3093,0.748,2026-09-24T08:01:26.728744+00:00
3094,0.512,2026-09-24T08:01:26.731167+00:00
3095,0.6719999999999999,2026-09-24T08:01:26.733834+00:00
3096,0.8350000000000001,2026-09-24T08:01:26.736499+00:00
3097,0.657,2026-09-24T08:01:26.738944+00:00
3098,0.636,2026-09-24T08:01:26.741511+00:00
3099,0.928,2026-09-24T08:01:26.744384+00:00
3100,0.608,2026-09-24T08:01:26.746989+00:00
3101,0.607,2026-09-24T08:01:26.749593+00:00
3102,0.8180000000000001,2026-09-24T08:01:26.752446+00:00
3103,0.8310000000000001,2026-09-24T08:01:26.755353+00:00
3104,0.5730000000000001,2026-09-24T08:01:26.757944+00:00
3105,1.5839999999999999,2026-09-24T08:01:26.761585+00:00
3106,0.7380000000000001,2026-09-24T08:01:26.763887+00:00
3107,0.6859999999999999,2026-09-24T08:01:26.766557+00:00
3108,0.733,2026-09-24T08:01:26.769287+00:00
3109,0.578,2026-09-24T08:01:26.771638+00:00
3110,0.47800000000000004,2026-09-24T08:01:26.774050+00:00
3111,0.46099999999999997,2026-09-24T08:01:26.776516+00:00
3112,0.5820000000000001,2026-09-24T08:01:26.779129+00:00
3113,0.449,2026-09-24T08:01:26.781650+00:00
3114,0.566,2026-09-24T08:01:26.784277+00:00
3115,0.611,2026-09-24T08:01:26.786986+00:00
3116,0.731,2026-09-24T08:01:26.789832+00:00
3117,0.708,2026-09-24T08:01:26.792601+00:00
3118,0.519,2026-09-24T08:01:26.794958+00:00
3119,0.49,2026-09-24T08:01:26.797432+00:00
3120,0.429,2026-09-24T08:01:26.799862+00:00
3121,0.41,2026-09-24T08:01:26.802302+00:00
3122,0.46299999999999997,2026-09-24T08:01:26.804802+00:00
3123,0.518,2026-09-24T08:01:26.807342+00:00
3124,0.794,2026-09-24T08:01:26.810120+00:00
3125,0.707,2026-09-24T08:01:26.812754+00:00
3126,0.614,2026-09-24T08:01:26.815357+00:00
3127,0.657,2026-09-24T08:01:26.818046+00:00
3128,0.467,2026-09-24T08:01:26.820542+00:00
3129,0.609,2026-09-24T08:01:26.823159+00:00
3130,0.787,2026-09-24T08:01:26.825966+00:00
3131,1.026,2026-09-24T08:01:26.829130+00:00
3132,0.5339999999999999,2026-09-24T08:01:26.831614+00:00
3133,0.45899999999999996,2026-09-24T08:01:26.834093+00:00
3134,0.438,2026-09-24T08:01:26.836567+00:00
3135,0.40299999999999997,2026-09-24T08:01:26.839008+00:00
3136,0.479,2026-09-24T08:01:26.841545+00:00
3137,0.5720000000000001,2026-09-24T08:01:26.844146+00:00
3138,0.587,2026-09-24T08:01:26.846801+00:00
3139,0.7380000000000001,2026-09-24T08:01:26.849683+00:00
3140,0.6539999999999999,2026-09-24T08:01:26.852364+00:00
3141,0.636,2026-09-24T08:01:26.855001+00:00
3142,0.49700000000000005,2026-09-24T08:01:26.857447+00:00
3143,0.51,2026-09-24T08:01:26.859955+00:00
3144,0.558,2026-09-24T08:01:26.862533+00:00
3145,0.8360000000000001,2026-09-24T08:01:26.865496+00:00
3146,0.605,2026-09-24T08:01:26.868038+00:00
3147,0.619,2026-09-24T08:01:26.870560+00:00
3148,0.5509999999999999,2026-09-24T08:01:26.872918+00:00
3149,0.554,2026-09-24T08:01:26.875336+00:00
3150,0.7969999999999999,2026-09-24T08:01:26.877989+00:00
3151,0.546,2026-09-24T08:01:26.880456+00:00
3152,0.546,2026-09-24T08:01:26.882934+00:00
3153,0.512,2026-09-24T08:01:26.885459+00:00
3154,0.472,2026-09-24T08:01:26.887941+00:00
3155,0.47,2026-09-24T08:01:26.890443+00:00
3156,0.545,2026-09-24T08:01:26.892998+00:00
3157,0.526,2026-09-24T08:01:26.895550+00:00
3158,0.833,2026-09-24T08:01:26.898489+00:00
3159,1.1280000000000001,2026-09-24T08:01:26.901672+00:00
3160,0.83,2026-09-24T08:01:26.904261+00:00
3161,0.967,2026-09-24T08:01:26.907242+00:00
3162,1.103,2026-09-24T08:01:26.910359+00:00
3163,0.798,2026-09-24T08:01:26.913127+00:00
3164,0.855,2026-09-24T08:01:26.915904+00:00
3165,0.718,2026-09-24T08:01:26.918497+00:00
3166,0.858,2026-09-24T08:01:26.921214+00:00
3167,0.716,2026-09-24T08:01:26.923928+00:00
3168,0.46799999999999997,2026-09-24T08:01:26.926405+00:00
3169,0.5569999999999999,2026-09-24T08:01:26.928960+00:00
3170,0.49200000000000005,2026-09-24T08:01:26.931366+00:00
3171,0.467,2026-09-24T08:01:26.933789+00:00
3172,0.5630000000000001,2026-09-24T08:01:26.936333+00:00
3173,0.608,2026-09-24T08:01:26.938926+00:00
3174,0.479,2026-09-24T08:01:26.941407+00:00
3175,0.395,2026-09-24T08:01:26.943822+00:00
3176,0.769,2026-09-24T08:01:26.946653+00:00
3177,0.592,2026-09-24T08:01:26.949116+00:00
3178,1.2570000000000001,2026-09-24T08:01:26.952348+00:00
3179,1.07,2026-09-24T08:01:26.955524+00:00
3180,0.6759999999999999,2026-09-24T08:01:26.958210+00:00
3181,0.559,2026-09-24T08:01:26.960829+00:00
3182,0.601,2026-09-24T08:01:26.963469+00:00
3183,0.49200000000000005,2026-09-24T08:01:26.966052+00:00
3184,0.462,2026-09-24T08:01:26.968567+00:00
3185,0.425,2026-09-24T08:01:26.971052+00:00
3186,0.443,2026-09-24T08:01:26.973554+00:00
3187,0.408,2026-09-24T08:01:26.976009+00:00
3188,0.695,2026-09-24T08:01:26.978773+00:00
3189,0.571,2026-09-24T08:01:26.981178+00:00
3190,0.5640000000000001,2026-09-24T08:01:26.983653+00:00
3191,0.5609999999999999,2026-09-24T08:01:26.986125+00:00
3192,0.569,2026-09-24T08:01:26.988607+00:00
3193,0.575,2026-09-24T08:01:26.991103+00:00
3194,0.5770000000000001,2026-09-24T08:01:26.993577+00:00
3195,0.554,2026-09-24T08:01:26.995989+00:00
3196,0.5760000000000001,2026-09-24T08:01:26.998485+00:00
3197,0.636,2026-09-24T08:01:27.001014+00:00
3198,0.5509999999999999,2026-09-24T08:01:27.003400+00:00
3199,0.5609999999999999,2026-09-24T08:01:27.005882+00:00
3200,0.5559999999999999,2026-09-24T08:01:27.008361+00:00
3201,0.646,2026-09-24T08:01:27.010923+00:00
3202,0.734,2026-09-24T08:01:27.013637+00:00
3203,0.5810000000000001,2026-09-24T08:01:27.016171+00:00
3204,0.481,2026-09-24T08:01:27.018607+00:00
3205,0.455,2026-09-24T08:01:27.021030+00:00
3206,0.455,2026-09-24T08:01:27.023450+00:00
3207,0.439,2026-09-24T08:01:27.025837+00:00
3208,0.444,2026-09-24T08:01:27.028249+00:00
3209,0.446,2026-09-24T08:01:27.030650+00:00
3210,0.421,2026-09-24T08:01:27.033029+00:00
3211,0.399,2026-09-24T08:01:27.035405+00:00
3212,0.395,2026-09-24T08:01:27.037818+00:00
3213,0.5900000000000001,2026-09-24T08:01:27.040440+00:00
3214,0.895,2026-09-24T08:01:27.043394+00:00
3215,0.626,2026-09-24T08:01:27.045938+00:00
3216,0.531,2026-09-24T08:01:27.048375+00:00
3217,0.5379999999999999,2026-09-24T08:01:27.050892+00:00
3218,0.408,2026-09-24T08:01:27.053176+00:00
3219,0.45,2026-09-24T08:01:27.055626+00:00
3220,0.382,2026-09-24T08:01:27.057999+00:00
3221,0.383,2026-09-24T08:01:27.060402+00:00
3222,0.477,2026-09-24T08:01:27.062906+00:00
3223,0.48000000000000004,2026-09-24T08:01:27.065381+00:00
3224,0.477,2026-09-24T08:01:27.067778+00:00
3225,0.517,2026-09-24T08:01:27.070223+00:00
3226,0.49200000000000005,2026-09-24T08:01:27.072608+00:00
3227,0.483,2026-09-24T08:01:27.075036+00:00
3228,0.475,2026-09-24T08:01:27.077448+00:00
3229,0.504,2026-09-24T08:01:27.079888+00:00
3230,0.482,2026-09-24T08:01:27.082327+00:00
3231,0.472,2026-09-24T08:01:27.084746+00:00
3232,0.47100000000000003,2026-09-24T08:01:27.087163+00:00
3233,0.47100000000000003,2026-09-24T08:01:27.089575+00:00
3234,0.453,2026-09-24T08:01:27.091980+00:00
3235,0.45199999999999996,2026-09-24T08:01:27.094381+00:00
3236,0.474,2026-09-24T08:01:27.096810+00:00
3237,0.47,2026-09-24T08:01:27.099229+00:00
3238,0.47,2026-09-24T08:01:27.101639+00:00
3239,0.453,2026-09-24T08:01:27.104047+00:00
3240,0.47300000000000003,2026-09-24T08:01:27.106469+00:00
3241,0.47800000000000004,2026-09-24T08:01:27.108879+00:00
3242,0.46,2026-09-24T08:01:27.111291+00:00
3243,0.46,2026-09-24T08:01:27.113697+00:00
3244,0.45399999999999996,2026-09-24T08:01:27.116102+00:00
3245,0.458,2026-09-24T08:01:27.118508+00:00
3246,0.479,2026-09-24T08:01:27.120903+00:00
3247,0.46799999999999997,2026-09-24T08:01:27.123321+00:00
3248,0.646,2026-09-24T08:01:27.125910+00:00
3249,0.526,2026-09-24T08:01:27.128212+00:00
3250,0.528,2026-09-24T08:01:27.130602+00:00
3251,0.509,2026-09-24T08:01:27.132975+00:00
3252,0.51,2026-09-24T08:01:27.135361+00:00
3253,0.527,2026-09-24T08:01:27.137764+00:00
3254,0.53,2026-09-24T08:01:27.140182+00:00
3255,0.553,2026-09-24T08:01:27.142594+00:00
3256,0.5419999999999999,2026-09-24T08:01:27.144974+00:00
3257,0.525,2026-09-24T08:01:27.147373+00:00
3258,0.528,2026-09-24T08:01:27.149781+00:00
3259,0.513,2026-09-24T08:01:27.152188+00:00
3260,0.725,2026-09-24T08:01:27.154799+00:00
3261,0.565,2026-09-24T08:01:27.157227+00:00
3262,0.85,2026-09-24T08:01:27.160115+00:00
3263,0.633,2026-09-24T08:01:27.162710+00:00
3264,0.759,2026-09-24T08:01:27.165447+00:00
3265,0.5810000000000001,2026-09-24T08:01:27.167954+00:00
3266,0.5339999999999999,2026-09-24T08:01:27.170558+00:00
3267,0.506,2026-09-24T08:01:27.173165+00:00
3268,0.596,2026-09-24T08:01:27.175861+00:00
3269,0.49799999999999994,2026-09-24T08:01:27.178406+00:00
3270,0.49299999999999994,2026-09-24T08:01:27.181023+00:00
3271,0.495,2026-09-24T08:01:27.183644+00:00
3272,0.47,2026-09-24T08:01:27.186250+00:00
3273,0.61,2026-09-24T08:01:27.189000+00:00
3274,0.559,2026-09-24T08:01:27.191614+00:00
3275,0.559,2026-09-24T08:01:27.194225+00:00
3276,0.584,2026-09-24T08:01:27.196868+00:00
3277,0.5289999999999999,2026-09-24T08:01:27.199456+00:00
3278,0.49299999999999994,2026-09-24T08:01:27.202052+00:00
3279,0.45399999999999996,2026-09-24T08:01:27.204559+00:00
3280,0.399,2026-09-24T08:01:27.206966+00:00
3281,0.49299999999999994,2026-09-24T08:01:27.209517+00:00
3282,0.617,2026-09-24T08:01:27.212339+00:00
3283,0.683,2026-09-24T08:01:27.215102+00:00
3284,0.5109999999999999,2026-09-24T08:01:27.217669+00:00
3285,0.447,2026-09-24T08:01:27.220151+00:00
3286,0.384,2026-09-24T08:01:27.222572+00:00
3287,0.373,2026-09-24T08:01:27.224982+00:00
3288,0.41,2026-09-24T08:01:27.227428+00:00
3289,0.382,2026-09-24T08:01:27.229813+00:00
3290,0.36000000000000004,2026-09-24T08:01:27.232213+00:00
3291,0.539,2026-09-24T08:01:27.234785+00:00
3292,0.46799999999999997,2026-09-24T08:01:27.237224+00:00
3293,0.41100000000000003,2026-09-24T08:01:27.239657+00:00
3294,0.376,2026-09-24T08:01:27.242063+00:00
3295,0.438,2026-09-24T08:01:27.244536+00:00
3296,0.383,2026-09-24T08:01:27.246930+00:00
3297,0.377,2026-09-24T08:01:27.249337+00:00
3298,0.41800000000000004,2026-09-24T08:01:27.251791+00:00
3299,0.377,2026-09-24T08:01:27.254175+00:00
3300,0.4,2026-09-24T08:01:27.256612+00:00
3301,0.378,2026-09-24T08:01:27.259020+00:00
3302,0.41800000000000004,2026-09-24T08:01:27.261467+00:00
3303,0.374,2026-09-24T08:01:27.263820+00:00
3304,0.372,2026-09-24T08:01:27.266211+00:00
3305,0.383,2026-09-24T08:01:27.268621+00:00
3306,0.36000000000000004,2026-09-24T08:01:27.271013+00:00
3307,0.532,2026-09-24T08:01:27.273594+00:00
3308,0.967,2026-09-24T08:01:27.276807+00:00
3309,0.9840000000000001,2026-09-24T08:01:27.279996+00:00
3310,1.067,2026-09-24T08:01:27.283056+00:00
3311,1.204,2026-09-24T08:01:27.286263+00:00
3312,0.9380000000000001,2026-09-24T08:01:27.289233+00:00
3313,1.06,2026-09-24T08:01:27.292271+00:00
3314,0.8170000000000001,2026-09-24T08:01:27.294977+00:00
3315,0.758,2026-09-24T08:01:27.297739+00:00
3316,0.731,2026-09-24T08:01:27.300406+00:00
3317,0.7150000000000001,2026-09-24T08:01:27.303268+00:00
3318,0.477,2026-09-24T08:01:27.305757+00:00
3319,0.421,2026-09-24T08:01:27.308222+00:00
3320,0.393,2026-09-24T08:01:27.310659+00:00
3321,0.592,2026-09-24T08:01:27.313304+00:00
3322,1.089,2026-09-24T08:01:27.316285+00:00
3323,0.71,2026-09-24T08:01:27.319012+00:00
3324,0.5720000000000001,2026-09-24T08:01:27.321690+00:00
3325,0.61,2026-09-24T08:01:27.324407+00:00
3326,0.848,2026-09-24T08:01:27.327302+00:00
3327,0.784,2026-09-24T08:01:27.330182+00:00
3328,0.758,2026-09-24T08:01:27.333037+00:00
3329,0.665,2026-09-24T08:01:27.335653+00:00
3330,0.669,2026-09-24T08:01:27.338349+00:00
3331,0.5770000000000001,2026-09-24T08:01:27.340889+00:00
3332,1.009,2026-09-24T08:01:27.343895+00:00
3333,0.7060000000000001,2026-09-24T08:01:27.346667+00:00
3334,0.565,2026-09-24T08:01:27.349280+00:00
3335,0.51,2026-09-24T08:01:27.351853+00:00
3336,0.627,2026-09-24T08:01:27.354590+00:00
3337,0.46099999999999997,2026-09-24T08:01:27.357119+00:00
3338,0.456,2026-09-24T08:01:27.359678+00:00
3339,0.439,2026-09-24T08:01:27.362212+00:00
3340,0.457,2026-09-24T08:01:27.364773+00:00
3341,0.467,2026-09-24T08:01:27.367344+00:00
3342,0.439,2026-09-24T08:01:27.369877+00:00
3343,0.46,2026-09-24T08:01:27.372427+00:00
3344,0.525,2026-09-24T08:01:27.375044+00:00
3345,0.7739999999999999,2026-09-24T08:01:27.377842+00:00
3346,0.8490000000000001,2026-09-24T08:01:27.380804+00:00
3347,0.5860000000000001,2026-09-24T08:01:27.383438+00:00
3348,0.597,2026-09-24T08:01:27.386027+00:00
3349,0.516,2026-09-24T08:01:27.388539+00:00
3350,0.5640000000000001,2026-09-24T08:01:27.391172+00:00
3351,0.589,2026-09-24T08:01:27.393965+00:00
3352,0.477,2026-09-24T08:01:27.396458+00:00
3353,0.48000000000000004,2026-09-24T08:01:27.399016+00:00
3354,0.886,2026-09-24T08:01:27.401973+00:00
3355,0.633,2026-09-24T08:01:27.404451+00:00
3356,0.5910000000000001,2026-09-24T08:01:27.407067+00:00
3357,0.472,2026-09-24T08:01:27.409558+00:00
3358,0.5479999999999999,2026-09-24T08:01:27.412159+00:00
3359,0.501,2026-09-24T08:01:27.414621+00:00
3360,0.732,2026-09-24T08:01:27.417351+00:00
3361,0.62,2026-09-24T08:01:27.419938+00:00
3362,0.526,2026-09-24T08:01:27.422427+00:00
3363,0.507,2026-09-24T08:01:27.424937+00:00
3364,0.508,2026-09-24T08:01:27.427439+00:00
3365,0.49700000000000005,2026-09-24T08:01:27.429919+00:00
3366,0.491,2026-09-24T08:01:27.432407+00:00
3367,0.47600000000000003,2026-09-24T08:01:27.434925+00:00
3368,0.45899999999999996,2026-09-24T08:01:27.437407+00:00
3369,0.637,2026-09-24T08:01:27.440043+00:00
3370,0.5760000000000001,2026-09-24T08:01:27.442639+00:00
3371,0.486,2026-09-24T08:01:27.445100+00:00
3372,0.45199999999999996,2026-09-24T08:01:27.447531+00:00
3373,0.447,2026-09-24T08:01:27.449969+00:00
3374,0.456,2026-09-24T08:01:27.452402+00:00
3375,0.575,2026-09-24T08:01:27.454943+00:00
3376,0.46,2026-09-24T08:01:27.457320+00:00
3377,0.45199999999999996,2026-09-24T08:01:27.459735+00:00
3378,0.625,2026-09-24T08:01:27.462332+00:00
3379,0.618,2026-09-24T08:01:27.464857+00:00
3380,0.747,2026-09-24T08:01:27.467614+00:00
3381,0.47800000000000004,2026-09-24T08:01:27.470041+00:00
3382,0.451,2026-09-24T08:01:27.472500+00:00
3383,0.39,2026-09-24T08:01:27.474882+00:00
3384,0.40299999999999997,2026-09-24T08:01:27.477314+00:00
3385,0.99,2026-09-24T08:01:27.480355+00:00
3386,0.823,2026-09-24T08:01:27.483165+00:00
3387,0.607,2026-09-24T08:01:27.485847+00:00
3388,0.691,2026-09-24T08:01:27.488583+00:00
3389,0.754,2026-09-24T08:01:27.491425+00:00
3390,0.876,2026-09-24T08:01:27.494115+00:00
3391,0.5289999999999999,2026-09-24T08:01:27.496623+00:00
3392,0.615,2026-09-24T08:01:27.499267+00:00
3393,0.585,2026-09-24T08:01:27.501980+00:00
3394,0.546,2026-09-24T08:01:27.504582+00:00
3395,0.495,2026-09-24T08:01:27.507189+00:00
3396,0.508,2026-09-24T08:01:27.509786+00:00
3397,0.472,2026-09-24T08:01:27.512325+00:00
3398,0.49799999999999994,2026-09-24T08:01:27.514887+00:00
3399,0.494,2026-09-24T08:01:27.517447+00:00
3400,0.472,2026-09-24T08:01:27.519983+00:00
3401,0.483,2026-09-24T08:01:27.522529+00:00
3402,0.588,2026-09-24T08:01:27.525261+00:00
3403,0.513,2026-09-24T08:01:27.527823+00:00
3404,0.434,2026-09-24T08:01:27.530299+00:00
3405,0.435,2026-09-24T08:01:27.532761+00:00
3406,0.501,2026-09-24T08:01:27.535284+00:00
3407,0.513,2026-09-24T08:01:27.537736+00:00
3408,0.5860000000000001,2026-09-24T08:01:27.540306+00:00
3409,0.5900000000000001,2026-09-24T08:01:27.542911+00:00
3410,0.5609999999999999,2026-09-24T08:01:27.545450+00:00
3411,0.518,2026-09-24T08:01:27.547899+00:00
3412,0.503,2026-09-24T08:01:27.550347+00:00
3413,0.507,2026-09-24T08:01:27.552801+00:00
3414,0.513,2026-09-24T08:01:27.555329+00:00
3415,0.506,2026-09-24T08:01:27.557839+00:00
3416,0.51,2026-09-24T08:01:27.560347+00:00
3417,0.435,2026-09-24T08:01:27.562696+00:00
3418,0.456,2026-09-24T08:01:27.565156+00:00
3419,0.446,2026-09-24T08:01:27.567555+00:00
3420,0.5910000000000001,2026-09-24T08:01:27.570124+00:00
3421,0.531,2026-09-24T08:01:27.572748+00:00
3422,0.578,2026-09-24T08:01:27.575337+00:00
3423,0.428,2026-09-24T08:01:27.577760+00:00
3424,0.372,2026-09-24T08:01:27.580149+00:00
3425,0.428,2026-09-24T08:01:27.582606+00:00
3426,0.925,2026-09-24T08:01:27.585529+00:00
3427,0.758,2026-09-24T08:01:27.588198+00:00
3428,0.778,2026-09-24T08:01:27.590897+00:00
3429,0.555,2026-09-24T08:01:27.593154+00:00
3430,0.541,2026-09-24T08:01:27.595589+00:00
3431,0.618,2026-09-24T08:01:27.598108+00:00
3432,0.653,2026-09-24T08:01:27.600633+00:00
3433,0.6130000000000001,2026-09-24T08:01:27.603061+00:00
3434,0.49299999999999994,2026-09-24T08:01:27.605455+00:00
3435,0.45,2026-09-24T08:01:27.607829+00:00
3436,0.433,2026-09-24T08:01:27.610241+00:00
3437,0.631,2026-09-24T08:01:27.612824+00:00
3438,0.502,2026-09-24T08:01:27.615349+00:00
3439,0.477,2026-09-24T08:01:27.617828+00:00
3440,0.601,2026-09-24T08:01:27.620472+00:00
3441,0.7649999999999999,2026-09-24T08:01:27.623161+00:00
3442,0.687,2026-09-24T08:01:27.625611+00:00
3443,0.69,2026-09-24T08:01:27.628196+00:00
3444,0.635,2026-09-24T08:01:27.630722+00:00
3445,0.479,2026-09-24T08:01:27.633184+00:00
3446,0.8350000000000001,2026-09-24T08:01:27.636036+00:00
3447,0.5770000000000001,2026-09-24T08:01:27.638526+00:00
3448,0.5339999999999999,2026-09-24T08:01:27.640961+00:00
3449,0.521,2026-09-24T08:01:27.643441+00:00
3450,0.465,2026-09-24T08:01:27.645851+00:00
3451,0.516,2026-09-24T08:01:27.648364+00:00
3452,0.549,2026-09-24T08:01:27.650920+00:00
3453,0.48500000000000004,2026-09-24T08:01:27.653387+00:00
3454,0.483,2026-09-24T08:01:27.655877+00:00
3455,0.53,2026-09-24T08:01:27.658438+00:00
3456,0.531,2026-09-24T08:01:27.660935+00:00
3457,0.64,2026-09-24T08:01:27.663567+00:00
3458,0.6539999999999999,2026-09-24T08:01:27.666116+00:00
3459,0.732,2026-09-24T08:01:27.668864+00:00
3460,0.593,2026-09-24T08:01:27.671353+00:00
3461,0.637,2026-09-24T08:01:27.673917+00:00
3462,0.592,2026-09-24T08:01:27.676455+00:00
3463,0.608,2026-09-24T08:01:27.679008+00:00
3464,0.752,2026-09-24T08:01:27.681692+00:00
3465,0.6759999999999999,2026-09-24T08:01:27.684237+00:00
3466,0.628,2026-09-24T08:01:27.686767+00:00
3467,0.674,2026-09-24T08:01:27.689649+00:00
3468,0.506,2026-09-24T08:01:27.692275+00:00
3469,0.425,2026-09-24T08:01:27.694870+00:00
3470,0.395,2026-09-24T08:01:27.697374+00:00
3471,0.389,2026-09-24T08:01:27.699908+00:00
3472,0.48500000000000004,2026-09-24T08:01:27.702496+00:00
3473,0.594,2026-09-24T08:01:27.705088+00:00
3474,0.546,2026-09-24T08:01:27.707619+00:00
3475,0.46599999999999997,2026-09-24T08:01:27.710127+00:00
3476,0.535,2026-09-24T08:01:27.712691+00:00
3477,0.848,2026-09-24T08:01:27.715605+00:00
3478,0.9859999999999999,2026-09-24T08:01:27.718752+00:00
3479,0.833,2026-09-24T08:01:27.721482+00:00
3480,0.787,2026-09-24T08:01:27.724239+00:00
3481,1.315,2026-09-24T08:01:27.727644+00:00
3482,0.909,2026-09-24T08:01:27.730722+00:00
3483,0.9359999999999999,2026-09-24T08:01:27.733797+00:00
3484,0.609,2026-09-24T08:01:27.736536+00:00
3485,0.606,2026-09-24T08:01:27.739318+00:00
3486,0.58,2026-09-24T08:01:27.742044+00:00
3487,0.566,2026-09-24T08:01:27.744756+00:00
3488,0.565,2026-09-24T08:01:27.747442+00:00
3489,0.5519999999999999,2026-09-24T08:01:27.750126+00:00
3490,1.268,2026-09-24T08:01:27.753731+00:00
3491,0.639,2026-09-24T08:01:27.756370+00:00
3492,0.518,2026-09-24T08:01:27.758930+00:00
3493,0.63,2026-09-24T08:01:27.761599+00:00
3494,0.446,2026-09-24T08:01:27.764120+00:00
3495,0.5730000000000001,2026-09-24T08:01:27.766747+00:00
3496,0.528,2026-09-24T08:01:27.769257+00:00
3497,0.501,2026-09-24T08:01:27.771788+00:00
3498,0.45,2026-09-24T08:01:27.774293+00:00
3499,0.442,2026-09-24T08:01:27.776779+00:00
3500,0.424,2026-09-24T08:01:27.779255+00:00
3501,0.449,2026-09-24T08:01:27.781747+00:00
3502,0.435,2026-09-24T08:01:27.784234+00:00
3503,0.44,2026-09-24T08:01:27.786721+00:00
3504,0.431,2026-09-24T08:01:27.789206+00:00
3505,0.43,2026-09-24T08:01:27.791681+00:00
3506,0.44499999999999995,2026-09-24T08:01:27.794184+00:00
3507,0.446,2026-09-24T08:01:27.796687+00:00
3508,0.438,2026-09-24T08:01:27.799181+00:00
3509,0.425,2026-09-24T08:01:27.801654+00:00
3510,0.44499999999999995,2026-09-24T08:01:27.804140+00:00
3511,0.51,2026-09-24T08:01:27.806697+00:00
3512,0.383,2026-09-24T08:01:27.809122+00:00
3513,0.421,2026-09-24T08:01:27.811596+00:00
3514,0.374,2026-09-24T08:01:27.813978+00:00
3515,0.381,2026-09-24T08:01:27.816424+00:00
3516,0.361,2026-09-24T08:01:27.818841+00:00
3517,0.358,2026-09-24T08:01:27.821252+00:00
3518,0.363,2026-09-24T08:01:27.823668+00:00
3519,0.446,2026-09-24T08:01:27.826170+00:00
3520,0.472,2026-09-24T08:01:27.828636+00:00
3521,0.437,2026-09-24T08:01:27.831059+00:00
3522,0.442,2026-09-24T08:01:27.833494+00:00
3523,0.421,2026-09-24T08:01:27.835907+00:00
3524,0.426,2026-09-24T08:01:27.838332+00:00
3525,0.43600000000000005,2026-09-24T08:01:27.840762+00:00
3526,0.429,2026-09-24T08:01:27.843189+00:00
3527,0.435,2026-09-24T08:01:27.845624+00:00
3528,0.42000000000000004,2026-09-24T08:01:27.848028+00:00
3529,0.43,2026-09-24T08:01:27.850461+00:00
3530,0.41800000000000004,2026-09-24T08:01:27.852842+00:00
3531,0.624,2026-09-24T08:01:27.855478+00:00
3532,0.483,2026-09-24T08:01:27.857999+00:00
3533,0.395,2026-09-24T08:01:27.860423+00:00
3534,0.6489999999999999,2026-09-24T08:01:27.863075+00:00
3535,0.607,2026-09-24T08:01:27.865601+00:00
3536,0.588,2026-09-24T08:01:27.868176+00:00
3537,0.607,2026-09-24T08:01:27.870765+00:00
3538,0.5509999999999999,2026-09-24T08:01:27.873313+00:00
3539,0.518,2026-09-24T08:01:27.875836+00:00
3540,1.211,2026-09-24T08:01:27.879084+00:00
3541,1.1900000000000002,2026-09-24T08:01:27.882249+00:00
3542,0.67,2026-09-24T08:01:27.884962+00:00
3543,0.709,2026-09-24T08:01:27.887705+00:00
3544,0.5199999999999999,2026-09-24T08:01:27.890210+00:00
3545,0.982,2026-09-24T08:01:27.893212+00:00
3546,0.647,2026-09-24T08:01:27.895895+00:00
3547,0.488,2026-09-24T08:01:27.898448+00:00
3548,0.949,2026-09-24T08:01:27.901542+00:00
3549,0.973,2026-09-24T08:01:27.904472+00:00
3550,0.735,2026-09-24T08:01:27.907176+00:00
3551,0.47600000000000003,2026-09-24T08:01:27.909686+00:00
3552,0.444,2026-09-24T08:01:27.912200+00:00
3553,0.44499999999999995,2026-09-24T08:01:27.914701+00:00
3554,1.147,2026-09-24T08:01:27.917920+00:00
3555,0.76,2026-09-24T08:01:27.920550+00:00
3556,0.661,2026-09-24T08:01:27.923260+00:00
3557,0.522,2026-09-24T08:01:27.925880+00:00
3558,0.47300000000000003,2026-09-24T08:01:27.928404+00:00
3559,0.45199999999999996,2026-09-24T08:01:27.930884+00:00
3560,0.5339999999999999,2026-09-24T08:01:27.933440+00:00
3561,0.553,2026-09-24T08:01:27.935987+00:00
3562,0.467,2026-09-24T08:01:27.938400+00:00
3563,0.472,2026-09-24T08:01:27.940861+00:00
3564,0.457,2026-09-24T08:01:27.943335+00:00
3565,0.657,2026-09-24T08:01:27.945993+00:00
3566,0.5339999999999999,2026-09-24T08:01:27.948675+00:00
3567,0.562,2026-09-24T08:01:27.951351+00:00
3568,0.506,2026-09-24T08:01:27.953867+00:00
3569,0.447,2026-09-24T08:01:27.956333+00:00
3570,0.467,2026-09-24T08:01:27.958819+00:00
3571,0.45199999999999996,2026-09-24T08:01:27.961297+00:00
3572,0.422,2026-09-24T08:01:27.963734+00:00
3573,0.8109999999999999,2026-09-24T08:01:27.966808+00:00
3574,0.624,2026-09-24T08:01:27.969608+00:00
3575,0.48700000000000004,2026-09-24T08:01:27.972170+00:00
3576,0.5429999999999999,2026-09-24T08:01:27.974764+00:00
3577,0.5820000000000001,2026-09-24T08:01:27.977455+00:00
3578,0.841,2026-09-24T08:01:27.980429+00:00
3579,0.628,2026-09-24T08:01:27.983172+00:00
3580,0.462,2026-09-24T08:01:27.985617+00:00
3581,0.44499999999999995,2026-09-24T08:01:27.988128+00:00
3582,0.424,2026-09-24T08:01:27.990608+00:00
3583,0.421,2026-09-24T08:01:27.993092+00:00
3584,0.5569999999999999,2026-09-24T08:01:27.995757+00:00
3585,0.598,2026-09-24T08:01:27.998482+00:00
3586,0.585,2026-09-24T08:01:28.001274+00:00
3587,0.8109999999999999,2026-09-24T08:01:28.004289+00:00
3588,0.5820000000000001,2026-09-24T08:01:28.007151+00:00
3589,0.431,2026-09-24T08:01:28.009730+00:00
3590,0.371,2026-09-24T08:01:28.012244+00:00
3591,0.739,2026-09-24T08:01:28.015167+00:00
3592,0.678,2026-09-24T08:01:28.017918+00:00
3593,0.842,2026-09-24T08:01:28.020893+00:00
3594,0.603,2026-09-24T08:01:28.023483+00:00
3595,0.451,2026-09-24T08:01:28.025887+00:00
3596,0.422,2026-09-24T08:01:28.028350+00:00
3597,0.449,2026-09-24T08:01:28.030842+00:00
3598,0.421,2026-09-24T08:01:28.033311+00:00
3599,0.48899999999999993,2026-09-24T08:01:28.035832+00:00
3600,0.6579999999999999,2026-09-24T08:01:28.038665+00:00
3601,0.446,2026-09-24T08:01:28.041160+00:00
3602,0.444,2026-09-24T08:01:28.043657+00:00
3603,0.40700000000000003,2026-09-24T08:01:28.046111+00:00
3604,0.416,2026-09-24T08:01:28.048568+00:00
3605,0.383,2026-09-24T08:01:28.051006+00:00
3606,0.6130000000000001,2026-09-24T08:01:28.053720+00:00
3607,0.555,2026-09-24T08:01:28.056502+00:00
3608,1.3719999999999999,2026-09-24T08:01:28.060099+00:00
3609,0.9959999999999999,2026-09-24T08:01:28.063241+00:00
3610,0.6579999999999999,2026-09-24T08:01:28.065859+00:00
3611,0.83,2026-09-24T08:01:28.068895+00:00
3612,0.7380000000000001,2026-09-24T08:01:28.071685+00:00
3613,0.45199999999999996,2026-09-24T08:01:28.074190+00:00
3614,0.416,2026-09-24T08:01:28.076653+00:00
3615,0.379,2026-09-24T08:01:28.079075+00:00
3616,0.40900000000000003,2026-09-24T08:01:28.081525+00:00
3617,0.408,2026-09-24T08:01:28.083986+00:00
3618,0.408,2026-09-24T08:01:28.086444+00:00
3619,0.4,2026-09-24T08:01:28.088896+00:00
3620,0.382,2026-09-24T08:01:28.091342+00:00
3621,0.404,2026-09-24T08:01:28.093798+00:00
3622,0.377,2026-09-24T08:01:28.096225+00:00
3623,0.38499999999999995,2026-09-24T08:01:28.098659+00:00
3624,0.367,2026-09-24T08:01:28.101082+00:00
3625,0.392,2026-09-24T08:01:28.103533+00:00
3626,0.377,2026-09-24T08:01:28.105950+00:00
3627,0.374,2026-09-24T08:01:28.108378+00:00
3628,0.38,2026-09-24T08:01:28.110803+00:00
3629,0.376,2026-09-24T08:01:28.113230+00:00
3630,0.375,2026-09-24T08:01:28.115659+00:00
3631,0.366,2026-09-24T08:01:28.118074+00:00
3632,0.384,2026-09-24T08:01:28.120516+00:00
3633,0.373,2026-09-24T08:01:28.122940+00:00
3634,0.372,2026-09-24T08:01:28.125362+00:00
3635,0.377,2026-09-24T08:01:28.127789+00:00
3636,0.375,2026-09-24T08:01:28.130212+00:00
3637,0.397,2026-09-24T08:01:28.132663+00:00
3638,0.618,2026-09-24T08:01:28.135333+00:00
3639,0.45899999999999996,2026-09-24T08:01:28.137771+00:00
3640,0.391,2026-09-24T08:01:28.140180+00:00
3641,0.40299999999999997,2026-09-24T08:01:28.142625+00:00
3642,0.39,2026-09-24T08:01:28.145054+00:00
3643,0.375,2026-09-24T08:01:28.147474+00:00
3644,0.373,2026-09-24T08:01:28.149900+00:00
3645,0.375,2026-09-24T08:01:28.152324+00:00
3646,0.393,2026-09-24T08:01:28.154771+00:00
3647,0.366,2026-09-24T08:01:28.157191+00:00
3648,0.43,2026-09-24T08:01:28.159673+00:00
3649,0.535,2026-09-24T08:01:28.162249+00:00
3650,1.0679999999999998,2026-09-24T08:01:28.165453+00:00
3651,0.9970000000000001,2026-09-24T08:01:28.168479+00:00
3652,0.846,2026-09-24T08:01:28.171382+00:00
3653,0.846,2026-09-24T08:01:28.174336+00:00
3654,0.95,2026-09-24T08:01:28.177382+00:00
3655,0.699,2026-09-24T08:01:28.180057+00:00
3656,0.6980000000000001,2026-09-24T08:01:28.182762+00:00
3657,0.594,2026-09-24T08:01:28.185465+00:00
3658,0.5109999999999999,2026-09-24T08:01:28.188012+00:00
3659,0.537,2026-09-24T08:01:28.190585+00:00
3660,0.494,2026-09-24T08:01:28.193111+00:00
3661,0.596,2026-09-24T08:01:28.195778+00:00
3662,0.43,2026-09-24T08:01:28.198270+00:00
3663,0.417,2026-09-24T08:01:28.200724+00:00
3664,0.375,2026-09-24T08:01:28.203111+00:00
3665,0.388,2026-09-24T08:01:28.205512+00:00
3666,0.38499999999999995,2026-09-24T08:01:28.207914+00:00
3667,0.379,2026-09-24T08:01:28.210296+00:00
3668,0.382,2026-09-24T08:01:28.212686+00:00
3669,0.7060000000000001,2026-09-24T08:01:28.215437+00:00
3670,0.8260000000000001,2026-09-24T08:01:28.218574+00:00
3671,0.675,2026-09-24T08:01:28.221453+00:00
3672,0.569,2026-09-24T08:01:28.224211+00:00
3673,0.583,2026-09-24T08:01:28.226977+00:00
3674,0.5820000000000001,2026-09-24T08:01:28.229750+00:00
3675,0.559,2026-09-24T08:01:28.232485+00:00
3676,0.5730000000000001,2026-09-24T08:01:28.235249+00:00
3677,0.5479999999999999,2026-09-24T08:01:28.237981+00:00
3678,0.679,2026-09-24T08:01:28.240866+00:00
3679,0.565,2026-09-24T08:01:28.243596+00:00
3680,0.608,2026-09-24T08:01:28.246407+00:00
3681,0.5609999999999999,2026-09-24T08:01:28.249138+00:00
3682,0.762,2026-09-24T08:01:28.252128+00:00
3683,0.753,2026-09-24T08:01:28.255068+00:00
3684,0.782,2026-09-24T08:01:28.257952+00:00
3685,0.7290000000000001,2026-09-24T08:01:28.260734+00:00
3686,0.825,2026-09-24T08:01:28.263703+00:00
3687,0.759,2026-09-24T08:01:28.266453+00:00
3688,0.75,2026-09-24T08:01:28.269194+00:00
3689,0.752,2026-09-24T08:01:28.271952+00:00
3690,0.766,2026-09-24T08:01:28.274727+00:00
3691,0.7649999999999999,2026-09-24T08:01:28.277482+00:00
3692,0.664,2026-09-24T08:01:28.280136+00:00
3693,0.771,2026-09-24T08:01:28.283057+00:00
3694,0.6930000000000001,2026-09-24T08:01:28.285703+00:00
3695,0.691,2026-09-24T08:01:28.288238+00:00
3696,0.554,2026-09-24T08:01:28.290690+00:00
3697,0.545,2026-09-24T08:01:28.293208+00:00
3698,0.49299999999999994,2026-09-24T08:01:28.295682+00:00
3699,0.447,2026-09-24T08:01:28.298105+00:00
3700,0.662,2026-09-24T08:01:28.300750+00:00
3701,0.569,2026-09-24T08:01:28.303080+00:00
3702,0.507,2026-09-24T08:01:28.305527+00:00
3703,0.447,2026-09-24T08:01:28.307944+00:00
3704,0.41,2026-09-24T08:01:28.310334+00:00
3705,0.44499999999999995,2026-09-24T08:01:28.312774+00:00
3706,0.408,2026-09-24T08:01:28.315179+00:00
3707,0.636,2026-09-24T08:01:28.317810+00:00
3708,0.5599999999999999,2026-09-24T08:01:28.320309+00:00
3709,0.546,2026-09-24T08:01:28.322818+00:00
3710,0.549,2026-09-24T08:01:28.325347+00:00
3711,0.535,2026-09-24T08:01:28.327856+00:00
3712,0.437,2026-09-24T08:01:28.330277+00:00
3713,0.647,2026-09-24T08:01:28.332911+00:00
3714,0.5640000000000001,2026-09-24T08:01:28.335480+00:00
3715,0.691,2026-09-24T08:01:28.338122+00:00
3716,0.58,2026-09-24T08:01:28.340770+00:00
3717,0.513,2026-09-24T08:01:28.343310+00:00
3718,0.541,2026-09-24T08:01:28.345871+00:00
3719,0.5469999999999999,2026-09-24T08:01:28.348426+00:00
3720,0.537,2026-09-24T08:01:28.350960+00:00
3721,0.531,2026-09-24T08:01:28.353512+00:00
3722,0.785,2026-09-24T08:01:28.356555+00:00
3723,0.655,2026-09-24T08:01:28.359365+00:00
3724,0.64,2026-09-24T08:01:28.362158+00:00
3725,0.687,2026-09-24T08:01:28.364991+00:00
3726,0.6539999999999999,2026-09-24T08:01:28.367800+00:00
3727,0.647,2026-09-24T08:01:28.370584+00:00
3728,0.639,2026-09-24T08:01:28.373342+00:00
3729,0.632,2026-09-24T08:01:28.376082+00:00
3730,1.11,2026-09-24T08:01:28.379308+00:00
3731,0.993,2026-09-24T08:01:28.382389+00:00
3732,0.9269999999999999,2026-09-24T08:01:28.385315+00:00
3733,0.68,2026-09-24T08:01:28.387751+00:00
3734,0.8720000000000001,2026-09-24T08:01:28.390814+00:00
3735,0.7380000000000001,2026-09-24T08:01:28.393709+00:00
3736,0.985,2026-09-24T08:01:28.396855+00:00
3737,0.805,2026-09-24T08:01:28.399732+00:00
3738,0.748,2026-09-24T08:01:28.402668+00:00
3739,1.059,2026-09-24T08:01:28.405909+00:00
3740,0.7879999999999999,2026-09-24T08:01:28.408862+00:00
3741,0.8019999999999999,2026-09-24T08:01:28.411804+00:00
3742,0.764,2026-09-24T08:01:28.414718+00:00
3743,0.923,2026-09-24T08:01:28.417817+00:00
3744,0.9470000000000001,2026-09-24T08:01:28.420950+00:00
3745,0.844,2026-09-24T08:01:28.423976+00:00
3746,0.718,2026-09-24T08:01:28.426838+00:00
3747,0.6859999999999999,2026-09-24T08:01:28.429728+00:00
3748,0.6809999999999999,2026-09-24T08:01:28.432630+00:00
3749,0.695,2026-09-24T08:01:28.435523+00:00
3750,0.5640000000000001,2026-09-24T08:01:28.438198+00:00
3751,0.5379999999999999,2026-09-24T08:01:28.440851+00:00
3752,0.5730000000000001,2026-09-24T08:01:28.443523+00:00
3753,0.541,2026-09-24T08:01:28.446133+00:00
3754,0.5379999999999999,2026-09-24T08:01:28.448731+00:00
3755,0.505,2026-09-24T08:01:28.451342+00:00
3756,0.53,2026-09-24T08:01:28.453925+00:00
3757,0.526,2026-09-24T08:01:28.456542+00:00
3758,0.761,2026-09-24T08:01:28.459422+00:00
3759,0.6719999999999999,2026-09-24T08:01:28.462449+00:00
3760,0.662,2026-09-24T08:01:28.465226+00:00
3761,0.598,2026-09-24T08:01:28.467932+00:00
3762,1.004,2026-09-24T08:01:28.471074+00:00
3763,0.583,2026-09-24T08:01:28.473708+00:00
3764,0.526,2026-09-24T08:01:28.476287+00:00
3765,0.723,2026-09-24T08:01:28.479000+00:00
3766,0.643,2026-09-24T08:01:28.481584+00:00
3767,0.992,2026-09-24T08:01:28.484611+00:00
3768,0.633,2026-09-24T08:01:28.487318+00:00
3769,0.5469999999999999,2026-09-24T08:01:28.489975+00:00
3770,0.484,2026-09-24T08:01:28.492511+00:00
3771,0.48500000000000004,2026-09-24T08:01:28.495058+00:00
3772,0.596,2026-09-24T08:01:28.497703+00:00
3773,0.877,2026-09-24T08:01:28.500750+00:00
3774,0.63,2026-09-24T08:01:28.503307+00:00
3775,0.506,2026-09-24T08:01:28.505739+00:00
3776,0.40099999999999997,2026-09-24T08:01:28.508137+00:00
3777,0.46,2026-09-24T08:01:28.510610+00:00
3778,0.389,2026-09-24T08:01:28.512988+00:00
3779,0.367,2026-09-24T08:01:28.515371+00:00
3780,0.388,2026-09-24T08:01:28.517782+00:00
3781,0.361,2026-09-24T08:01:28.520163+00:00
3782,0.39599999999999996,2026-09-24T08:01:28.522580+00:00
3783,0.428,2026-09-24T08:01:28.525014+00:00
3784,0.404,2026-09-24T08:01:28.527441+00:00
3785,0.38499999999999995,2026-09-24T08:01:28.529821+00:00
3786,0.372,2026-09-24T08:01:28.532225+00:00
3787,0.397,2026-09-24T08:01:28.534661+00:00
3788,0.47300000000000003,2026-09-24T08:01:28.537175+00:00
3789,0.5,2026-09-24T08:01:28.539626+00:00
3790,0.381,2026-09-24T08:01:28.542014+00:00
3791,0.431,2026-09-24T08:01:28.544481+00:00
3792,0.376,2026-09-24T08:01:28.546844+00:00
3793,0.378,2026-09-24T08:01:28.549265+00:00
3794,0.423,2026-09-24T08:01:28.551719+00:00
3795,0.391,2026-09-24T08:01:28.554146+00:00
3796,0.457,2026-09-24T08:01:28.556630+00:00
3797,0.447,2026-09-24T08:01:28.559036+00:00
3798,0.474,2026-09-24T08:01:28.561466+00:00
3799,0.45199999999999996,2026-09-24T08:01:28.563863+00:00
3800,0.428,2026-09-24T08:01:28.566270+00:00
3801,0.43600000000000005,2026-09-24T08:01:28.568674+00:00
3802,0.424,2026-09-24T08:01:28.571072+00:00
3803,0.421,2026-09-24T08:01:28.573465+00:00
3804,0.443,2026-09-24T08:01:28.575887+00:00
3805,0.428,2026-09-24T08:01:28.578267+00:00
3806,0.46,2026-09-24T08:01:28.580684+00:00
3807,0.42000000000000004,2026-09-24T08:01:28.583072+00:00
3808,0.44,2026-09-24T08:01:28.585480+00:00
3809,0.416,2026-09-24T08:01:28.587849+00:00
3810,0.41800000000000004,2026-09-24T08:01:28.590243+00:00
3811,0.429,2026-09-24T08:01:28.592638+00:00
3812,0.434,2026-09-24T08:01:28.595043+00:00
3813,0.426,2026-09-24T08:01:28.597438+00:00
3814,0.437,2026-09-24T08:01:28.599847+00:00
3815,0.44499999999999995,2026-09-24T08:01:28.602263+00:00
3816,0.438,2026-09-24T08:01:28.604653+00:00
3817,0.42700000000000005,2026-09-24T08:01:28.607047+00:00
3818,0.45,2026-09-24T08:01:28.609466+00:00
3819,0.425,2026-09-24T08:01:28.611849+00:00
3820,0.40900000000000003,2026-09-24T08:01:28.614223+00:00
3821,0.428,2026-09-24T08:01:28.616625+00:00
3822,0.41,2026-09-24T08:01:28.619008+00:00
3823,0.42000000000000004,2026-09-24T08:01:28.621403+00:00
3824,0.54,2026-09-24T08:01:28.623910+00:00
3825,0.428,2026-09-24T08:01:28.626209+00:00
3826,0.441,2026-09-24T08:01:28.628615+00:00
3827,0.8310000000000001,2026-09-24T08:01:28.631425+00:00
3828,0.5760000000000001,2026-09-24T08:01:28.633821+00:00
3829,0.575,2026-09-24T08:01:28.636372+00:00
3830,1.006,2026-09-24T08:01:28.639288+00:00
3831,0.6679999999999999,2026-09-24T08:01:28.641706+00:00
3832,0.6819999999999999,2026-09-24T08:01:28.644227+00:00
3833,0.5289999999999999,2026-09-24T08:01:28.646633+00:00
3834,0.537,2026-09-24T08:01:28.649135+00:00
3835,0.464,2026-09-24T08:01:28.651557+00:00
3836,0.6579999999999999,2026-09-24T08:01:28.654200+00:00
3837,0.8130000000000001,2026-09-24T08:01:28.657080+00:00
3838,0.8140000000000001,2026-09-24T08:01:28.659878+00:00
3839,0.5720000000000001,2026-09-24T08:01:28.662443+00:00
3840,0.539,2026-09-24T08:01:28.664968+00:00
3841,0.499,2026-09-24T08:01:28.667441+00:00
3842,0.773,2026-09-24T08:01:28.670168+00:00
3843,0.79,2026-09-24T08:01:28.672811+00:00
3844,0.647,2026-09-24T08:01:28.675428+00:00
3845,0.587,2026-09-24T08:01:28.678017+00:00
3846,0.7110000000000001,2026-09-24T08:01:28.680680+00:00
3847,0.617,2026-09-24T08:01:28.683211+00:00
3848,0.5429999999999999,2026-09-24T08:01:28.685719+00:00
3849,0.6819999999999999,2026-09-24T08:01:28.688393+00:00
3850,0.593,2026-09-24T08:01:28.690963+00:00
3851,0.58,2026-09-24T08:01:28.693538+00:00
3852,0.555,2026-09-24T08:01:28.696077+00:00
3853,0.821,2026-09-24T08:01:28.698815+00:00
3854,0.634,2026-09-24T08:01:28.701302+00:00
3855,0.643,2026-09-24T08:01:28.703822+00:00
3856,0.6809999999999999,2026-09-24T08:01:28.706373+00:00
3857,0.5770000000000001,2026-09-24T08:01:28.708883+00:00
3858,0.5910000000000001,2026-09-24T08:01:28.711444+00:00
3859,0.599,2026-09-24T08:01:28.713994+00:00
3860,0.5670000000000001,2026-09-24T08:01:28.716561+00:00
3861,0.45399999999999996,2026-09-24T08:01:28.718978+00:00
3862,0.432,2026-09-24T08:01:28.721373+00:00
3863,0.45899999999999996,2026-09-24T08:01:28.723797+00:00
3864,0.6130000000000001,2026-09-24T08:01:28.726356+00:00
3865,0.5469999999999999,2026-09-24T08:01:28.728732+00:00
3866,0.455,2026-09-24T08:01:28.731127+00:00
3867,0.457,2026-09-24T08:01:28.733557+00:00
3868,0.43600000000000005,2026-09-24T08:01:28.735958+00:00
3869,0.438,2026-09-24T08:01:28.738366+00:00
3870,0.432,2026-09-24T08:01:28.740768+00:00
3871,0.428,2026-09-24T08:01:28.743185+00:00
3872,0.509,2026-09-24T08:01:28.745661+00:00
3873,0.481,2026-09-24T08:01:28.748131+00:00
3874,0.55,2026-09-24T08:01:28.750668+00:00
3875,0.5910000000000001,2026-09-24T08:01:28.753199+00:00
3876,0.559,2026-09-24T08:01:28.755778+00:00
3877,0.494,2026-09-24T08:01:28.758319+00:00
3878,0.508,2026-09-24T08:01:28.760878+00:00
3879,0.474,2026-09-24T08:01:28.763431+00:00
3880,0.49799999999999994,2026-09-24T08:01:28.766038+00:00
3881,0.57,2026-09-24T08:01:28.768690+00:00
3882,0.5630000000000001,2026-09-24T08:01:28.771492+00:00
3883,0.48700000000000004,2026-09-24T08:01:28.774202+00:00
3884,0.482,2026-09-24T08:01:28.776905+00:00
3885,0.472,2026-09-24T08:01:28.779588+00:00
3886,0.484,2026-09-24T08:01:28.782336+00:00
3887,0.48000000000000004,2026-09-24T08:01:28.785033+00:00
3888,0.587,2026-09-24T08:01:28.787837+00:00
3889,0.776,2026-09-24T08:01:28.790773+00:00
3890,0.502,2026-09-24T08:01:28.793254+00:00
3891,0.467,2026-09-24T08:01:28.795727+00:00
3892,0.467,2026-09-24T08:01:28.798206+00:00
3893,0.437,2026-09-24T08:01:28.800731+00:00
3894,0.389,2026-09-24T08:01:28.803232+00:00
3895,0.383,2026-09-24T08:01:28.805718+00:00
3896,0.386,2026-09-24T08:01:28.808207+00:00
3897,0.38699999999999996,2026-09-24T08:01:28.810693+00:00
3898,0.371,2026-09-24T08:01:28.813161+00:00
3899,0.372,2026-09-24T08:01:28.815633+00:00
3900,0.382,2026-09-24T08:01:28.818120+00:00
3901,0.38699999999999996,2026-09-24T08:01:28.820611+00:00
3902,0.378,2026-09-24T08:01:28.823090+00:00
3903,0.393,2026-09-24T08:01:28.825587+00:00
3904,0.381,2026-09-24T08:01:28.828069+00:00
3905,0.397,2026-09-24T08:01:28.830567+00:00
3906,0.373,2026-09-24T08:01:28.833019+00:00
3907,0.416,2026-09-24T08:01:28.835534+00:00
3908,0.734,2026-09-24T08:01:28.838652+00:00
3909,0.588,2026-09-24T08:01:28.841453+00:00
3910,0.571,2026-09-24T08:01:28.844252+00:00
3911,0.5760000000000001,2026-09-24T08:01:28.847029+00:00
3912,0.615,2026-09-24T08:01:28.849832+00:00
3913,0.566,2026-09-24T08:01:28.852608+00:00
3914,0.575,2026-09-24T08:01:28.855428+00:00
3915,0.5640000000000001,2026-09-24T08:01:28.858197+00:00
3916,0.598,2026-09-24T08:01:28.860992+00:00
3917,0.785,2026-09-24T08:01:28.863962+00:00
3918,0.583,2026-09-24T08:01:28.866550+00:00
3919,0.45,2026-09-24T08:01:28.869024+00:00
3920,0.40700000000000003,2026-09-24T08:01:28.871463+00:00
3921,0.415,2026-09-24T08:01:28.873908+00:00
3922,0.629,2026-09-24T08:01:28.876563+00:00
3923,0.929,2026-09-24T08:01:28.879730+00:00
3924,0.798,2026-09-24T08:01:28.882734+00:00
3925,1.039,2026-09-24T08:01:28.885887+00:00
3926,0.804,2026-09-24T08:01:28.888640+00:00
3927,0.906,2026-09-24T08:01:28.891673+00:00
3928,0.929,2026-09-24T08:01:28.894708+00:00
3929,0.696,2026-09-24T08:01:28.897339+00:00
3930,0.622,2026-09-24T08:01:28.900000+00:00
3931,0.58,2026-09-24T08:01:28.902592+00:00
3932,0.5289999999999999,2026-09-24T08:01:28.905124+00:00
3933,0.519,2026-09-24T08:01:28.907604+00:00
3934,0.499,2026-09-24T08:01:28.910070+00:00
3935,0.524,2026-09-24T08:01:28.912593+00:00
3936,0.57,2026-09-24T08:01:28.915149+00:00
3937,0.756,2026-09-24T08:01:28.917903+00:00
3938,0.51,2026-09-24T08:01:28.920470+00:00
3939,0.605,2026-09-24T08:01:28.923241+00:00
3940,0.494,2026-09-24T08:01:28.925865+00:00
3941,0.46099999999999997,2026-09-24T08:01:28.928423+00:00
3942,0.443,2026-09-24T08:01:28.931020+00:00
3943,0.516,2026-09-24T08:01:28.933659+00:00
3944,0.94,2026-09-24T08:01:28.936920+00:00
3945,0.8400000000000001,2026-09-24T08:01:28.939974+00:00
3946,0.6539999999999999,2026-09-24T08:01:28.942749+00:00
3947,0.5760000000000001,2026-09-24T08:01:28.945528+00:00
3948,0.624,2026-09-24T08:01:28.948296+00:00
3949,0.894,2026-09-24T08:01:28.951323+00:00
3950,0.6930000000000001,2026-09-24T08:01:28.953972+00:00
3951,0.5609999999999999,2026-09-24T08:01:28.956442+00:00
3952,0.504,2026-09-24T08:01:28.958928+00:00
3953,0.554,2026-09-24T08:01:28.961526+00:00
3954,0.46299999999999997,2026-09-24T08:01:28.964029+00:00
3955,0.618,2026-09-24T08:01:28.966727+00:00
3956,0.501,2026-09-24T08:01:28.969166+00:00
3957,0.501,2026-09-24T08:01:28.971669+00:00
3958,0.462,2026-09-24T08:01:28.974149+00:00
3959,0.499,2026-09-24T08:01:28.976707+00:00
3960,0.462,2026-09-24T08:01:28.979220+00:00
3961,0.51,2026-09-24T08:01:28.981781+00:00
3962,0.5609999999999999,2026-09-24T08:01:28.984390+00:00
3963,0.5479999999999999,2026-09-24T08:01:28.986927+00:00
3964,0.555,2026-09-24T08:01:28.989462+00:00
3965,0.5479999999999999,2026-09-24T08:01:28.991958+00:00
3966,0.531,2026-09-24T08:01:28.994483+00:00
3967,0.5469999999999999,2026-09-24T08:01:28.996971+00:00
3968,0.578,2026-09-24T08:01:28.999534+00:00
3969,0.539,2026-09-24T08:01:29.002044+00:00
3970,0.541,2026-09-24T08:01:29.004576+00:00
3971,0.535,2026-09-24T08:01:29.007108+00:00
3972,0.633,2026-09-24T08:01:29.009726+00:00
3973,0.5820000000000001,2026-09-24T08:01:29.012218+00:00
3974,0.518,2026-09-24T08:01:29.014704+00:00
3975,0.8130000000000001,2026-09-24T08:01:29.017566+00:00
3976,1.1900000000000002,2026-09-24T08:01:29.021012+00:00
3977,1.054,2026-09-24T08:01:29.024111+00:00
3978,0.763,2026-09-24T08:01:29.026744+00:00
3979,0.47300000000000003,2026-09-24T08:01:29.029153+00:00
3980,0.455,2026-09-24T08:01:29.031639+00:00
3981,0.428,2026-09-24T08:01:29.034166+00:00
3982,0.48899999999999993,2026-09-24T08:01:29.036706+00:00
3983,0.5630000000000001,2026-09-24T08:01:29.039363+00:00
3984,0.45199999999999996,2026-09-24T08:01:29.041784+00:00
3985,0.404,2026-09-24T08:01:29.044215+00:00
3986,0.745,2026-09-24T08:01:29.047036+00:00
3987,0.6859999999999999,2026-09-24T08:01:29.049470+00:00
3988,1.077,2026-09-24T08:01:29.052521+00:00
3989,0.973,2026-09-24T08:01:29.055558+00:00
3990,0.916,2026-09-24T08:01:29.058575+00:00
3991,0.6539999999999999,2026-09-24T08:01:29.061215+00:00
3992,0.728,2026-09-24T08:01:29.063988+00:00
3993,0.888,2026-09-24T08:01:29.066834+00:00
3994,0.8099999999999999,2026-09-24T08:01:29.069560+00:00
3995,0.754,2026-09-24T08:01:29.072457+00:00
3996,0.5479999999999999,2026-09-24T08:01:29.075125+00:00
3997,0.508,2026-09-24T08:01:29.077724+00:00
3998,0.545,2026-09-24T08:01:29.080356+00:00
3999,0.846,2026-09-24T08:01:29.083303+00:00
4000,0.9219999999999999,2026-09-24T08:01:29.086361+00:00
4001,0.6859999999999999,2026-09-24T08:01:29.088992+00:00
4002,0.648,2026-09-24T08:01:29.091667+00:00
4003,0.5,2026-09-24T08:01:29.094196+00:00
4004,0.49799999999999994,2026-09-24T08:01:29.096752+00:00
4005,0.477,2026-09-24T08:01:29.099250+00:00
4006,0.483,2026-09-24T08:01:29.101746+00:00
4007,0.426,2026-09-24T08:01:29.104189+00:00
4008,0.438,2026-09-24T08:01:29.106657+00:00
4009,0.421,2026-09-24T08:01:29.109094+00:00
4010,0.443,2026-09-24T08:01:29.111563+00:00
4011,0.40299999999999997,2026-09-24T08:01:29.113985+00:00
4012,0.6849999999999999,2026-09-24T08:01:29.116693+00:00
4013,0.514,2026-09-24T08:01:29.119050+00:00
4014,0.45199999999999996,2026-09-24T08:01:29.121461+00:00
4015,0.393,2026-09-24T08:01:29.123862+00:00
4016,0.46799999999999997,2026-09-24T08:01:29.126368+00:00
4017,0.462,2026-09-24T08:01:29.128871+00:00
4018,0.399,2026-09-24T08:01:29.131304+00:00
4019,0.569,2026-09-24T08:01:29.133909+00:00
4020,0.65,2026-09-24T08:01:29.136625+00:00
4021,0.7919999999999999,2026-09-24T08:01:29.139365+00:00
4022,0.742,2026-09-24T08:01:29.142067+00:00
4023,0.6819999999999999,2026-09-24T08:01:29.144641+00:00
4024,0.579,2026-09-24T08:01:29.147118+00:00
4025,0.57,2026-09-24T08:01:29.149627+00:00
4026,0.8350000000000001,2026-09-24T08:01:29.152546+00:00
4027,0.583,2026-09-24T08:01:29.155204+00:00
4028,0.611,2026-09-24T08:01:29.158041+00:00
4029,0.6449999999999999,2026-09-24T08:01:29.160902+00:00
4030,0.7060000000000001,2026-09-24T08:01:29.163825+00:00
4031,0.665,2026-09-24T08:01:29.166779+00:00
4032,0.651,2026-09-24T08:01:29.169701+00:00
4033,0.867,2026-09-24T08:01:29.172850+00:00
4034,0.6669999999999999,2026-09-24T08:01:29.175546+00:00
4035,0.605,2026-09-24T08:01:29.178155+00:00
4036,0.639,2026-09-24T08:01:29.180808+00:00
4037,0.608,2026-09-24T08:01:29.183368+00:00
4038,0.652,2026-09-24T08:01:29.186009+00:00
4039,0.6629999999999999,2026-09-24T08:01:29.188654+00:00
4040,0.642,2026-09-24T08:01:29.191344+00:00
4041,0.6449999999999999,2026-09-24T08:01:29.193994+00:00
4042,0.623,2026-09-24T08:01:29.196641+00:00
4043,0.528,2026-09-24T08:01:29.199161+00:00
4044,0.537,2026-09-24T08:01:29.201715+00:00
4045,0.7060000000000001,2026-09-24T08:01:29.204470+00:00
4046,0.609,2026-09-24T08:01:29.207009+00:00
4047,0.631,2026-09-24T08:01:29.209592+00:00
4048,0.46099999999999997,2026-09-24T08:01:29.211924+00:00
4049,0.522,2026-09-24T08:01:29.214442+00:00
4050,0.9309999999999999,2026-09-24T08:01:29.217432+00:00
4051,0.7919999999999999,2026-09-24T08:01:29.220184+00:00
4052,0.6629999999999999,2026-09-24T08:01:29.222927+00:00
4053,0.76,2026-09-24T08:01:29.225831+00:00
4054,0.632,2026-09-24T08:01:29.228601+00:00
4055,0.495,2026-09-24T08:01:29.231130+00:00
4056,0.592,2026-09-24T08:01:29.233722+00:00
4057,0.5559999999999999,2026-09-24T08:01:29.236286+00:00
4058,0.512,2026-09-24T08:01:29.238760+00:00
4059,0.435,2026-09-24T08:01:29.241167+00:00
4060,0.45899999999999996,2026-09-24T08:01:29.243608+00:00
4061,0.457,2026-09-24T08:01:29.246030+00:00
4062,0.652,2026-09-24T08:01:29.248755+00:00
4063,0.527,2026-09-24T08:01:29.251246+00:00
4064,0.736,2026-09-24T08:01:29.254241+00:00
4065,0.5730000000000001,2026-09-24T08:01:29.257029+00:00
4066,0.695,2026-09-24T08:01:29.259944+00:00
4067,0.465,2026-09-24T08:01:29.262474+00:00
4068,0.491,2026-09-24T08:01:29.265082+00:00
4069,0.45399999999999996,2026-09-24T08:01:29.267598+00:00
4070,0.366,2026-09-24T08:01:29.269976+00:00
4071,0.35100000000000003,2026-09-24T08:01:29.272371+00:00
4072,0.373,2026-09-24T08:01:29.274800+00:00
4073,0.366,2026-09-24T08:01:29.277206+00:00
4074,0.35,2026-09-24T08:01:29.279607+00:00
4075,0.357,2026-09-24T08:01:29.282014+00:00
4076,0.373,2026-09-24T08:01:29.284437+00:00
4077,0.504,2026-09-24T08:01:29.286932+00:00
4078,0.612,2026-09-24T08:01:29.289606+00:00
4079,0.518,2026-09-24T08:01:29.292220+00:00
4080,0.521,2026-09-24T08:01:29.294750+00:00
4081,0.491,2026-09-24T08:01:29.297328+00:00
4082,0.429,2026-09-24T08:01:29.299892+00:00
4083,0.503,2026-09-24T08:01:29.302479+00:00
4084,0.44,2026-09-24T08:01:29.304961+00:00
4085,0.467,2026-09-24T08:01:29.307569+00:00
4086,0.5,2026-09-24T08:01:29.310212+00:00
4087,0.477,2026-09-24T08:01:29.312816+00:00
4088,0.703,2026-09-24T08:01:29.315622+00:00
4089,0.638,2026-09-24T08:01:29.318252+00:00
4090,0.51,2026-09-24T08:01:29.320882+00:00
4091,0.6130000000000001,2026-09-24T08:01:29.323587+00:00
4092,0.45199999999999996,2026-09-24T08:01:29.326164+00:00
4093,0.46299999999999997,2026-09-24T08:01:29.328769+00:00
4094,0.894,2026-09-24T08:01:29.331798+00:00
4095,0.9610000000000001,2026-09-24T08:01:29.334568+00:00
4096,0.638,2026-09-24T08:01:29.337061+00:00
4097,0.55,2026-09-24T08:01:29.339592+00:00
4098,0.5810000000000001,2026-09-24T08:01:29.342212+00:00
4099,0.522,2026-09-24T08:01:29.344842+00:00
4100,0.5109999999999999,2026-09-24T08:01:29.347435+00:00
4101,0.40299999999999997,2026-09-24T08:01:29.349860+00:00
4102,0.40700000000000003,2026-09-24T08:01:29.352352+00:00
4103,0.40099999999999997,2026-09-24T08:01:29.354844+00:00
4104,0.393,2026-09-24T08:01:29.357330+00:00
4105,0.41,2026-09-24T08:01:29.359842+00:00
4106,0.646,2026-09-24T08:01:29.362618+00:00
4107,0.5289999999999999,2026-09-24T08:01:29.365201+00:00
4108,0.5289999999999999,2026-09-24T08:01:29.367863+00:00
4109,0.6629999999999999,2026-09-24T08:01:29.370677+00:00
4110,0.5730000000000001,2026-09-24T08:01:29.373246+00:00
4111,0.51,2026-09-24T08:01:29.375778+00:00
4112,0.714,2026-09-24T08:01:29.378527+00:00
4113,0.857,2026-09-24T08:01:29.381483+00:00
4114,0.614,2026-09-24T08:01:29.384003+00:00
4115,0.6849999999999999,2026-09-24T08:01:29.386610+00:00
4116,0.5670000000000001,2026-09-24T08:01:29.388950+00:00
4117,0.54,2026-09-24T08:01:29.391380+00:00
4118,0.55,2026-09-24T08:01:29.393833+00:00
4119,0.607,2026-09-24T08:01:29.396373+00:00
4120,0.86,2026-09-24T08:01:29.399238+00:00
4121,0.758,2026-09-24T08:01:29.402036+00:00
4122,0.647,2026-09-24T08:01:29.404680+00:00
4123,0.611,2026-09-24T08:01:29.407289+00:00
4124,0.647,2026-09-24T08:01:29.409895+00:00
4125,0.8180000000000001,2026-09-24T08:01:29.412650+00:00
4126,0.6679999999999999,2026-09-24T08:01:29.415210+00:00
4127,0.5640000000000001,2026-09-24T08:01:29.417745+00:00
4128,0.55,2026-09-24T08:01:29.420337+00:00
4129,0.723,2026-09-24T08:01:29.423096+00:00
4130,0.6890000000000001,2026-09-24T08:01:29.425907+00:00
4131,0.575,2026-09-24T08:01:29.428518+00:00
4132,0.5670000000000001,2026-09-24T08:01:29.431101+00:00
4133,0.721,2026-09-24T08:01:29.433934+00:00
4134,0.66,2026-09-24T08:01:29.436662+00:00
4135,0.665,2026-09-24T08:01:29.439393+00:00
4136,0.622,2026-09-24T08:01:29.442062+00:00
4137,0.488,2026-09-24T08:01:29.444568+00:00
4138,0.45399999999999996,2026-09-24T08:01:29.447106+00:00
4139,0.509,2026-09-24T08:01:29.449696+00:00
4140,0.475,2026-09-24T08:01:29.452160+00:00
4141,0.562,2026-09-24T08:01:29.454757+00:00
4142,0.453,2026-09-24T08:01:29.457243+00:00
4143,0.48000000000000004,2026-09-24T08:01:29.459838+00:00
4144,0.475,2026-09-24T08:01:29.462436+00:00
4145,0.716,2026-09-24T08:01:29.465270+00:00
4146,0.483,2026-09-24T08:01:29.467748+00:00
4147,0.449,2026-09-24T08:01:29.470241+00:00
4148,0.457,2026-09-24T08:01:29.472772+00:00
4149,0.423,2026-09-24T08:01:29.475261+00:00
4150,0.584,2026-09-24T08:01:29.477933+00:00
4151,0.48899999999999993,2026-09-24T08:01:29.480307+00:00
4152,0.458,2026-09-24T08:01:29.482762+00:00
4153,0.865,2026-09-24T08:01:29.485659+00:00
4154,0.8140000000000001,2026-09-24T08:01:29.488551+00:00
4155,0.725,2026-09-24T08:01:29.491161+00:00
4156,0.705,2026-09-24T08:01:29.493864+00:00
4157,0.8140000000000001,2026-09-24T08:01:29.496733+00:00
4158,0.7240000000000001,2026-09-24T08:01:29.499486+00:00
4159,0.9319999999999999,2026-09-24T08:01:29.502404+00:00
4160,0.766,2026-09-24T08:01:29.505099+00:00
4161,0.763,2026-09-24T08:01:29.507820+00:00
4162,0.615,2026-09-24T08:01:29.510299+00:00
4163,0.51,2026-09-24T08:01:29.512770+00:00
4164,0.535,2026-09-24T08:01:29.515293+00:00
4165,0.526,2026-09-24T08:01:29.517785+00:00
4166,0.467,2026-09-24T08:01:29.520249+00:00
4167,0.41300000000000003,2026-09-24T08:01:29.522673+00:00
4168,0.415,2026-09-24T08:01:29.525104+00:00
4169,0.40900000000000003,2026-09-24T08:01:29.527526+00:00
4170,0.39599999999999996,2026-09-24T08:01:29.529947+00:00
4171,0.389,2026-09-24T08:01:29.532353+00:00
4172,0.778,2026-09-24T08:01:29.535133+00:00
4173,0.6859999999999999,2026-09-24T08:01:29.537808+00:00
4174,0.8450000000000001,2026-09-24T08:01:29.540828+00:00
4175,0.666,2026-09-24T08:01:29.543669+00:00
4176,0.633,2026-09-24T08:01:29.546472+00:00
4177,0.617,2026-09-24T08:01:29.549267+00:00
4178,0.85,2026-09-24T08:01:29.552293+00:00
4179,0.541,2026-09-24T08:01:29.554718+00:00
4180,0.49299999999999994,2026-09-24T08:01:29.557312+00:00
4181,0.5,2026-09-24T08:01:29.559938+00:00
4182,0.503,2026-09-24T08:01:29.562536+00:00
4183,0.558,2026-09-24T08:01:29.565214+00:00
4184,0.579,2026-09-24T08:01:29.567840+00:00
4185,0.629,2026-09-24T08:01:29.570513+00:00
4186,0.605,2026-09-24T08:01:29.573062+00:00
4187,0.6579999999999999,2026-09-24T08:01:29.575744+00:00
4188,0.575,2026-09-24T08:01:29.578449+00:00
4189,0.5199999999999999,2026-09-24T08:01:29.581114+00:00
4190,0.40700000000000003,2026-09-24T08:01:29.583642+00:00
4191,0.376,2026-09-24T08:01:29.586128+00:00
4192,0.39599999999999996,2026-09-24T08:01:29.588630+00:00
4193,0.399,2026-09-24T08:01:29.591130+00:00
4194,0.5910000000000001,2026-09-24T08:01:29.593783+00:00
4195,0.69,2026-09-24T08:01:29.596633+00:00
4196,0.555,2026-09-24T08:01:29.599366+00:00
4197,0.49,2026-09-24T08:01:29.602050+00:00
4198,0.531,2026-09-24T08:01:29.604753+00:00
4199,0.762,2026-09-24T08:01:29.607745+00:00
4200,0.49700000000000005,2026-09-24T08:01:29.610361+00:00
4201,0.432,2026-09-24T08:01:29.612871+00:00
4202,0.43,2026-09-24T08:01:29.615372+00:00
4203,0.504,2026-09-24T08:01:29.617930+00:00
4204,0.696,2026-09-24T08:01:29.620781+00:00
4205,0.713,2026-09-24T08:01:29.623626+00:00
4206,0.54,2026-09-24T08:01:29.626277+00:00
4207,0.483,2026-09-24T08:01:29.628836+00:00
4208,0.49,2026-09-24T08:01:29.631461+00:00
4209,0.717,2026-09-24T08:01:29.634281+00:00
4210,0.605,2026-09-24T08:01:29.636959+00:00
4211,0.691,2026-09-24T08:01:29.639731+00:00
4212,0.669,2026-09-24T08:01:29.642380+00:00
4213,0.569,2026-09-24T08:01:29.644878+00:00
4214,0.846,2026-09-24T08:01:29.647735+00:00
4215,0.5760000000000001,2026-09-24T08:01:29.650370+00:00
4216,0.475,2026-09-24T08:01:29.652898+00:00
4217,0.532,2026-09-24T08:01:29.655506+00:00
4218,0.504,2026-09-24T08:01:29.658109+00:00
4219,0.728,2026-09-24T08:01:29.660928+00:00
4220,0.8450000000000001,2026-09-24T08:01:29.663903+00:00
4221,0.627,2026-09-24T08:01:29.666597+00:00
4222,0.553,2026-09-24T08:01:29.669180+00:00
4223,0.539,2026-09-24T08:01:29.671700+00:00
4224,0.447,2026-09-24T08:01:29.674193+00:00
4225,0.553,2026-09-24T08:01:29.676797+00:00
4226,0.46,2026-09-24T08:01:29.679226+00:00
4227,0.475,2026-09-24T08:01:29.681724+00:00
4228,0.49200000000000005,2026-09-24T08:01:29.684282+00:00
4229,0.5720000000000001,2026-09-24T08:01:29.686883+00:00
4230,0.5289999999999999,2026-09-24T08:01:29.689306+00:00
4231,0.451,2026-09-24T08:01:29.691710+00:00
4232,0.41800000000000004,2026-09-24T08:01:29.694118+00:00
4233,0.429,2026-09-24T08:01:29.696537+00:00
4234,0.41,2026-09-24T08:01:29.698929+00:00
4235,0.438,2026-09-24T08:01:29.701362+00:00
4236,0.448,2026-09-24T08:01:29.703793+00:00
4237,0.453,2026-09-24T08:01:29.706235+00:00
4238,0.456,2026-09-24T08:01:29.708661+00:00
4239,0.44,2026-09-24T08:01:29.711094+00:00
4240,0.437,2026-09-24T08:01:29.713519+00:00
4241,0.43600000000000005,2026-09-24T08:01:29.715945+00:00
4242,0.428,2026-09-24T08:01:29.718355+00:00
4243,0.44499999999999995,2026-09-24T08:01:29.720795+00:00
4244,0.565,2026-09-24T08:01:29.723352+00:00
4245,0.527,2026-09-24T08:01:29.725747+00:00
4246,0.501,2026-09-24T08:01:29.728226+00:00
4247,0.632,2026-09-24T08:01:29.730849+00:00
4248,0.703,2026-09-24T08:01:29.733427+00:00
4249,0.7060000000000001,2026-09-24T08:01:29.735930+00:00
4250,0.992,2026-09-24T08:01:29.738811+00:00
4251,0.8360000000000001,2026-09-24T08:01:29.741694+00:00
4252,0.624,2026-09-24T08:01:29.744253+00:00
4253,0.601,2026-09-24T08:01:29.746866+00:00
4254,0.704,2026-09-24T08:01:29.749594+00:00
4255,0.6629999999999999,2026-09-24T08:01:29.752180+00:00
4256,0.651,2026-09-24T08:01:29.754765+00:00
4257,0.502,2026-09-24T08:01:29.757215+00:00
4258,0.475,2026-09-24T08:01:29.759779+00:00
4259,0.46599999999999997,2026-09-24T08:01:29.762399+00:00
4260,0.532,2026-09-24T08:01:29.765065+00:00
4261,0.496,2026-09-24T08:01:29.767689+00:00
4262,0.514,2026-09-24T08:01:29.770374+00:00
4263,0.616,2026-09-24T08:01:29.773206+00:00
4264,0.578,2026-09-24T08:01:29.775951+00:00
4265,0.578,2026-09-24T08:01:29.778633+00:00
4266,0.502,2026-09-24T08:01:29.781220+00:00
4267,0.532,2026-09-24T08:01:29.783861+00:00
4268,0.49,2026-09-24T08:01:29.786434+00:00
4269,0.484,2026-09-24T08:01:29.789016+00:00
4270,0.49200000000000005,2026-09-24T08:01:29.791616+00:00
4271,0.48700000000000004,2026-09-24T08:01:29.794205+00:00
4272,0.716,2026-09-24T08:01:29.797029+00:00
4273,0.759,2026-09-24T08:01:29.799782+00:00
4274,0.513,2026-09-24T08:01:29.802276+00:00
4275,0.513,2026-09-24T08:01:29.804860+00:00
4276,0.515,2026-09-24T08:01:29.807499+00:00
4277,0.514,2026-09-24T08:01:29.810113+00:00
4278,0.516,2026-09-24T08:01:29.812697+00:00
4279,0.45399999999999996,2026-09-24T08:01:29.815247+00:00
4280,0.46799999999999997,2026-09-24T08:01:29.817845+00:00
4281,0.51,2026-09-24T08:01:29.820493+00:00
4282,0.71,2026-09-24T08:01:29.823467+00:00
4283,0.5730000000000001,2026-09-24T08:01:29.826230+00:00
4284,0.892,2026-09-24T08:01:29.829278+00:00
4285,0.65,2026-09-24T08:01:29.831884+00:00
4286,0.612,2026-09-24T08:01:29.834576+00:00
4287,0.601,2026-09-24T08:01:29.837286+00:00
4288,0.599,2026-09-24T08:01:29.839987+00:00
4289,0.596,2026-09-24T08:01:29.842712+00:00
4290,0.6040000000000001,2026-09-24T08:01:29.845441+00:00
4291,0.587,2026-09-24T08:01:29.848156+00:00
4292,0.6040000000000001,2026-09-24T08:01:29.850895+00:00
4293,0.628,2026-09-24T08:01:29.853639+00:00
4294,0.5910000000000001,2026-09-24T08:01:29.856330+00:00
4295,0.601,2026-09-24T08:01:29.859064+00:00
4296,0.592,2026-09-24T08:01:29.861728+00:00
4297,0.636,2026-09-24T08:01:29.864444+00:00
4298,0.651,2026-09-24T08:01:29.867224+00:00
4299,0.66,2026-09-24T08:01:29.869953+00:00
4300,0.67,2026-09-24T08:01:29.872680+00:00
4301,0.803,2026-09-24T08:01:29.875646+00:00
4302,1.218,2026-09-24T08:01:29.878873+00:00
4303,0.87,2026-09-24T08:01:29.881520+00:00
4304,1.02,2026-09-24T08:01:29.884563+00:00
4305,0.746,2026-09-24T08:01:29.887284+00:00
4306,0.753,2026-09-24T08:01:29.889939+00:00
4307,0.8540000000000001,2026-09-24T08:01:29.892857+00:00
4308,1.487,2026-09-24T08:01:29.896243+00:00
4309,1.074,2026-09-24T08:01:29.899299+00:00
4310,3.44,2026-09-24T08:01:29.905369+00:00
4311,1.2930000000000001,2026-09-24T08:01:29.908861+00:00
4312,0.803,2026-09-24T08:01:29.911564+00:00
4313,0.695,2026-09-24T08:01:29.914318+00:00
4314,0.642,2026-09-24T08:01:29.917007+00:00
4315,0.9,2026-09-24T08:01:29.919985+00:00
4316,0.78,2026-09-24T08:01:29.922714+00:00
4317,0.995,2026-09-24T08:01:29.925759+00:00
4318,1.186,2026-09-24T08:01:29.929142+00:00
4319,1.088,2026-09-24T08:01:29.932165+00:00
4320,0.895,2026-09-24T08:01:29.935004+00:00
4321,1.062,2026-09-24T08:01:29.938086+00:00
4322,1.545,2026-09-24T08:01:29.941448+00:00
4323,0.746,2026-09-24T08:01:29.943461+00:00
4324,0.721,2026-09-24T08:01:29.946155+00:00
4325,0.82,2026-09-24T08:01:29.949077+00:00
4326,0.762,2026-09-24T08:01:29.951885+00:00
4327,0.771,2026-09-24T08:01:29.954635+00:00
4328,0.875,2026-09-24T08:01:29.957509+00:00
4329,0.866,2026-09-24T08:01:29.960379+00:00
4330,0.928,2026-09-24T08:01:29.963274+00:00
4331,1.426,2026-09-24T08:01:29.966770+00:00
4332,1.173,2026-09-24T08:01:29.969789+00:00
4333,0.948,2026-09-24T08:01:29.972731+00:00
4334,0.905,2026-09-24T08:01:29.975647+00:00
4335,1.639,2026-09-24T08:01:29.979388+00:00
4336,1.063,2026-09-24T08:01:29.982169+00:00
4337,0.898,2026-09-24T08:01:29.984962+00:00
4338,0.804,2026-09-24T08:01:29.987645+00:00
4339,0.9940000000000001,2026-09-24T08:01:29.990722+00:00
4340,0.87,2026-09-24T08:01:29.993666+00:00
4341,0.8260000000000001,2026-09-24T08:01:29.996549+00:00
4342,0.92,2026-09-24T08:01:29.999548+00:00
4343,0.705,2026-09-24T08:01:30.002320+00:00
4344,1.469,2026-09-24T08:01:30.005848+00:00
4345,1.08,2026-09-24T08:01:30.010134+00:00
4346,0.7829999999999999,2026-09-24T08:01:30.013015+00:00
4347,0.6040000000000001,2026-09-24T08:01:30.015749+00:00
4348,0.623,2026-09-24T08:01:30.018437+00:00
4349,0.479,2026-09-24T08:01:30.020990+00:00
4350,1.065,2026-09-24T08:01:30.024190+00:00
4351,0.559,2026-09-24T08:01:30.026826+00:00
4352,1.0679999999999998,2026-09-24T08:01:30.030024+00:00
4353,1.213,2026-09-24T08:01:30.033319+00:00
4354,0.892,2026-09-24T08:01:30.036130+00:00
4355,1.0790000000000002,2026-09-24T08:01:30.039317+00:00
4356,1.016,2026-09-24T08:01:30.042395+00:00
4357,0.9600000000000001,2026-09-24T08:01:30.045396+00:00
4358,0.748,2026-09-24T08:01:30.048189+00:00
4359,0.7200000000000001,2026-09-24T08:01:30.050965+00:00
4360,0.751,2026-09-24T08:01:30.053741+00:00
4361,0.839,2026-09-24T08:01:30.056549+00:00
4362,0.751,2026-09-24T08:01:30.059395+00:00
4363,0.741,2026-09-24T08:01:30.062169+00:00
4364,0.648,2026-09-24T08:01:30.064900+00:00
4365,0.53,2026-09-24T08:01:30.067450+00:00
4366,1.064,2026-09-24T08:01:30.070501+00:00
4367,0.584,2026-09-24T08:01:30.072992+00:00
4368,0.719,2026-09-24T08:01:30.075732+00:00
4369,0.5599999999999999,2026-09-24T08:01:30.078274+00:00
4370,0.45,2026-09-24T08:01:30.080652+00:00
4371,0.47300000000000003,2026-09-24T08:01:30.083119+00:00
4372,0.957,2026-09-24T08:01:30.086152+00:00
4373,0.841,2026-09-24T08:01:30.089528+00:00
4374,0.634,2026-09-24T08:01:30.092062+00:00
4375,0.621,2026-09-24T08:01:30.094653+00:00
4376,0.5860000000000001,2026-09-24T08:01:30.097256+00:00
4377,0.714,2026-09-24T08:01:30.100096+00:00
4378,0.5670000000000001,2026-09-24T08:01:30.102743+00:00
4379,0.88,2026-09-24T08:01:30.105702+00:00
4380,0.699,2026-09-24T08:01:30.108424+00:00
4381,0.5640000000000001,2026-09-24T08:01:30.111002+00:00
4382,0.5519999999999999,2026-09-24T08:01:30.113710+00:00
4383,0.514,2026-09-24T08:01:30.116320+00:00
4384,0.9359999999999999,2026-09-24T08:01:30.119392+00:00
4385,0.597,2026-09-24T08:01:30.122271+00:00
4386,0.593,2026-09-24T08:01:30.124887+00:00
4387,0.652,2026-09-24T08:01:30.127716+00:00
4388,0.934,2026-09-24T08:01:30.130724+00:00
4389,0.743,2026-09-24T08:01:30.133457+00:00
4390,0.8220000000000001,2026-09-24T08:01:30.136262+00:00
4391,0.5609999999999999,2026-09-24T08:01:30.138886+00:00
4392,0.5730000000000001,2026-09-24T08:01:30.141605+00:00
4393,0.46900000000000003,2026-09-24T08:01:30.144047+00:00
4394,0.47600000000000003,2026-09-24T08:01:30.146543+00:00
4395,0.439,2026-09-24T08:01:30.148978+00:00
4396,0.40499999999999997,2026-09-24T08:01:30.151402+00:00
4397,0.435,2026-09-24T08:01:30.153892+00:00
4398,0.46099999999999997,2026-09-24T08:01:30.156379+00:00
4399,0.49799999999999994,2026-09-24T08:01:30.159033+00:00
4400,0.48700000000000004,2026-09-24T08:01:30.161610+00:00
4401,0.522,2026-09-24T08:01:30.164303+00:00
4402,0.481,2026-09-24T08:01:30.166783+00:00
4403,0.46099999999999997,2026-09-24T08:01:30.169238+00:00
4404,0.671,2026-09-24T08:01:30.171934+00:00
4405,0.7929999999999999,2026-09-24T08:01:30.174935+00:00
4406,0.759,2026-09-24T08:01:30.177699+00:00
4407,0.6930000000000001,2026-09-24T08:01:30.180333+00:00
4408,0.85,2026-09-24T08:01:30.183101+00:00
4409,0.55,2026-09-24T08:01:30.185674+00:00
4410,0.499,2026-09-24T08:01:30.188169+00:00
4411,0.494,2026-09-24T08:01:30.190666+00:00
4412,0.558,2026-09-24T08:01:30.193299+00:00
4413,0.559,2026-09-24T08:01:30.195826+00:00
4414,0.641,2026-09-24T08:01:30.198558+00:00
4415,0.585,2026-09-24T08:01:30.201124+00:00
4416,0.5419999999999999,2026-09-24T08:01:30.203699+00:00
4417,0.535,2026-09-24T08:01:30.206229+00:00
4418,0.9169999999999999,2026-09-24T08:01:30.209145+00:00
4419,0.764,2026-09-24T08:01:30.211818+00:00
4420,0.68,2026-09-24T08:01:30.214507+00:00
4421,0.62,2026-09-24T08:01:30.217049+00:00
4422,0.9959999999999999,2026-09-24T08:01:30.220053+00:00
4423,1.039,2026-09-24T08:01:30.223108+00:00
4424,0.857,2026-09-24T08:01:30.225967+00:00
4425,0.695,2026-09-24T08:01:30.228726+00:00
4426,0.9470000000000001,2026-09-24T08:01:30.231690+00:00
4427,0.714,2026-09-24T08:01:30.234440+00:00
4428,0.635,2026-09-24T08:01:30.237145+00:00
4429,0.907,2026-09-24T08:01:30.240093+00:00
4430,0.839,2026-09-24T08:01:30.242842+00:00
4431,0.873,2026-09-24T08:01:30.245604+00:00
4432,0.673,2026-09-24T08:01:30.248187+00:00
4433,0.9940000000000001,2026-09-24T08:01:30.251092+00:00
4434,0.868,2026-09-24T08:01:30.253866+00:00
4435,0.5599999999999999,2026-09-24T08:01:30.256384+00:00
4436,0.481,2026-09-24T08:01:30.258924+00:00
4437,0.644,2026-09-24T08:01:30.261612+00:00
4438,0.5680000000000001,2026-09-24T08:01:30.263999+00:00
4439,0.47800000000000004,2026-09-24T08:01:30.266397+00:00
4440,0.44499999999999995,2026-09-24T08:01:30.268856+00:00
4441,0.437,2026-09-24T08:01:30.271339+00:00
4442,0.449,2026-09-24T08:01:30.273808+00:00
4443,0.446,2026-09-24T08:01:30.276287+00:00
4444,0.479,2026-09-24T08:01:30.278792+00:00
4445,0.6849999999999999,2026-09-24T08:01:30.281506+00:00
4446,0.643,2026-09-24T08:01:30.284186+00:00
4447,0.488,2026-09-24T08:01:30.286715+00:00
4448,0.451,2026-09-24T08:01:30.289240+00:00
4449,0.475,2026-09-24T08:01:30.291770+00:00
4450,0.533,2026-09-24T08:01:30.294397+00:00
4451,0.716,2026-09-24T08:01:30.297161+00:00
4452,0.839,2026-09-24T08:01:30.299939+00:00
4453,0.6809999999999999,2026-09-24T08:01:30.302593+00:00
4454,0.562,2026-09-24T08:01:30.305093+00:00
4455,0.626,2026-09-24T08:01:30.307664+00:00
4456,0.704,2026-09-24T08:01:30.310341+00:00
4457,0.599,2026-09-24T08:01:30.312878+00:00
4458,0.655,2026-09-24T08:01:30.315504+00:00
4459,0.623,2026-09-24T08:01:30.318063+00:00
4460,0.602,2026-09-24T08:01:30.320695+00:00
4461,0.622,2026-09-24T08:01:30.323330+00:00
4462,0.62,2026-09-24T08:01:30.325928+00:00
4463,0.553,2026-09-24T08:01:30.328451+00:00
4464,0.5820000000000001,2026-09-24T08:01:30.330991+00:00
4465,0.611,2026-09-24T08:01:30.333609+00:00
4466,0.625,2026-09-24T08:01:30.336166+00:00
4467,0.537,2026-09-24T08:01:30.338699+00:00
4468,0.477,2026-09-24T08:01:30.341251+00:00
4469,0.521,2026-09-24T08:01:30.343808+00:00
4470,0.789,2026-09-24T08:01:30.346633+00:00
4471,0.512,2026-09-24T08:01:30.349058+00:00
4472,0.694,2026-09-24T08:01:30.351750+00:00
4473,0.8989999999999999,2026-09-24T08:01:30.354797+00:00
4474,0.598,2026-09-24T08:01:30.357356+00:00
4475,0.528,2026-09-24T08:01:30.359816+00:00
4476,0.51,2026-09-24T08:01:30.362257+00:00
4477,0.755,2026-09-24T08:01:30.364936+00:00
4478,0.652,2026-09-24T08:01:30.367457+00:00
4479,0.48700000000000004,2026-09-24T08:01:30.369875+00:00
4480,0.494,2026-09-24T08:01:30.372364+00:00
4481,0.6759999999999999,2026-09-24T08:01:30.375050+00:00
4482,0.464,2026-09-24T08:01:30.377605+00:00
4483,0.419,2026-09-24T08:01:30.380015+00:00
4484,0.435,2026-09-24T08:01:30.382449+00:00
4485,0.49200000000000005,2026-09-24T08:01:30.384921+00:00
4486,0.462,2026-09-24T08:01:30.387332+00:00
4487,0.488,2026-09-24T08:01:30.389764+00:00
4488,0.472,2026-09-24T08:01:30.392179+00:00
4489,0.496,2026-09-24T08:01:30.394609+00:00
4490,0.504,2026-09-24T08:01:30.397125+00:00
4491,0.888,2026-09-24T08:01:30.399958+00:00
4492,0.8270000000000001,2026-09-24T08:01:30.402884+00:00
4493,0.746,2026-09-24T08:01:30.405671+00:00
4494,0.615,2026-09-24T08:01:30.408323+00:00
4495,0.95,2026-09-24T08:01:30.411339+00:00
4496,1.143,2026-09-24T08:01:30.414523+00:00
4497,0.732,2026-09-24T08:01:30.417196+00:00
4498,0.865,2026-09-24T08:01:30.419995+00:00
4499,0.687,2026-09-24T08:01:30.422651+00:00
4500,1.078,2026-09-24T08:01:30.425779+00:00
4501,0.8220000000000001,2026-09-24T08:01:30.428707+00:00
4502,0.651,2026-09-24T08:01:30.431264+00:00
4503,0.748,2026-09-24T08:01:30.433993+00:00
4504,0.505,2026-09-24T08:01:30.436520+00:00
4505,0.47100000000000003,2026-09-24T08:01:30.439006+00:00
4506,0.675,2026-09-24T08:01:30.441695+00:00
4507,0.524,2026-09-24T08:01:30.444151+00:00
4508,0.519,2026-09-24T08:01:30.446686+00:00
4509,0.48899999999999993,2026-09-24T08:01:30.449189+00:00
4510,0.49200000000000005,2026-09-24T08:01:30.451694+00:00
4511,0.48700000000000004,2026-09-24T08:01:30.454222+00:00
4512,0.5289999999999999,2026-09-24T08:01:30.456857+00:00
4513,0.514,2026-09-24T08:01:30.459451+00:00
4514,0.546,2026-09-24T08:01:30.462216+00:00
4515,0.637,2026-09-24T08:01:30.465008+00:00
4516,0.515,2026-09-24T08:01:30.467653+00:00
4517,0.46,2026-09-24T08:01:30.470205+00:00
4518,0.482,2026-09-24T08:01:30.472770+00:00
4519,0.721,2026-09-24T08:01:30.475565+00:00
4520,0.611,2026-09-24T08:01:30.477995+00:00
4521,0.5640000000000001,2026-09-24T08:01:30.480564+00:00
4522,0.5479999999999999,2026-09-24T08:01:30.483145+00:00
4523,0.751,2026-09-24T08:01:30.485939+00:00
4524,0.519,2026-09-24T08:01:30.488429+00:00
4525,0.531,2026-09-24T08:01:30.490954+00:00
4526,0.505,2026-09-24T08:01:30.493484+00:00
4527,0.486,2026-09-24T08:01:30.496002+00:00
4528,0.512,2026-09-24T08:01:30.498544+00:00
4529,0.48000000000000004,2026-09-24T08:01:30.501077+00:00
4530,0.467,2026-09-24T08:01:30.503577+00:00
4531,0.602,2026-09-24T08:01:30.506259+00:00
4532,0.517,2026-09-24T08:01:30.508806+00:00
4533,0.506,2026-09-24T08:01:30.511316+00:00
4534,0.5289999999999999,2026-09-24T08:01:30.513866+00:00
4535,0.526,2026-09-24T08:01:30.516399+00:00
4536,0.541,2026-09-24T08:01:30.518931+00:00
4537,0.535,2026-09-24T08:01:30.521460+00:00
4538,0.5419999999999999,2026-09-24T08:01:30.523969+00:00
4539,0.612,2026-09-24T08:01:30.526558+00:00
4540,0.491,2026-09-24T08:01:30.528954+00:00
4541,0.495,2026-09-24T08:01:30.531463+00:00
4542,0.44499999999999995,2026-09-24T08:01:30.533939+00:00
4543,0.437,2026-09-24T08:01:30.536441+00:00
4544,0.429,2026-09-24T08:01:30.538952+00:00
4545,0.44499999999999995,2026-09-24T08:01:30.541478+00:00
4546,0.439,2026-09-24T08:01:30.544064+00:00
4547,0.49299999999999994,2026-09-24T08:01:30.546614+00:00
4548,0.434,2026-09-24T08:01:30.549027+00:00
4549,0.439,2026-09-24T08:01:30.551503+00:00
4550,0.43,2026-09-24T08:01:30.553966+00:00
4551,0.446,2026-09-24T08:01:30.556443+00:00
4552,0.423,2026-09-24T08:01:30.558868+00:00
4553,0.421,2026-09-24T08:01:30.561334+00:00
4554,0.5820000000000001,2026-09-24T08:01:30.563963+00:00
4555,0.9430000000000001,2026-09-24T08:01:30.567192+00:00
4556,0.8540000000000001,2026-09-24T08:01:30.570189+00:00
4557,0.6589999999999999,2026-09-24T08:01:30.572920+00:00
4558,0.626,2026-09-24T08:01:30.575613+00:00
4559,0.606,2026-09-24T08:01:30.578268+00:00
4560,0.651,2026-09-24T08:01:30.580985+00:00
4561,0.756,2026-09-24T08:01:30.583886+00:00
4562,0.796,2026-09-24T08:01:30.586816+00:00
4563,0.674,2026-09-24T08:01:30.589621+00:00
4564,0.6970000000000001,2026-09-24T08:01:30.592463+00:00
4565,0.68,2026-09-24T08:01:30.595294+00:00
4566,0.67,2026-09-24T08:01:30.598116+00:00
4567,0.5640000000000001,2026-09-24T08:01:30.600642+00:00
4568,0.536,2026-09-24T08:01:30.603131+00:00
4569,0.559,2026-09-24T08:01:30.605649+00:00
4570,0.756,2026-09-24T08:01:30.608365+00:00
4571,0.7110000000000001,2026-09-24T08:01:30.610882+00:00
4572,0.664,2026-09-24T08:01:30.613360+00:00
4573,0.546,2026-09-24T08:01:30.615724+00:00
4574,0.5429999999999999,2026-09-24T08:01:30.618196+00:00
4575,0.579,2026-09-24T08:01:30.620730+00:00
4576,0.546,2026-09-24T08:01:30.623201+00:00
4577,0.5379999999999999,2026-09-24T08:01:30.625698+00:00
4578,0.531,2026-09-24T08:01:30.628188+00:00
4579,0.546,2026-09-24T08:01:30.630693+00:00
4580,0.526,2026-09-24T08:01:30.633157+00:00
4581,0.642,2026-09-24T08:01:30.635768+00:00
4582,0.611,2026-09-24T08:01:30.638239+00:00
4583,0.623,2026-09-24T08:01:30.640762+00:00
4584,0.588,2026-09-24T08:01:30.643256+00:00
4585,0.588,2026-09-24T08:01:30.645735+00:00
4586,0.921,2026-09-24T08:01:30.648560+00:00
4587,1.019,2026-09-24T08:01:30.651562+00:00
4588,0.735,2026-09-24T08:01:30.654168+00:00
4589,0.837,2026-09-24T08:01:30.657146+00:00
4590,0.7010000000000001,2026-09-24T08:01:30.659863+00:00
4591,0.703,2026-09-24T08:01:30.662460+00:00
4592,0.769,2026-09-24T08:01:30.665202+00:00
4593,0.674,2026-09-24T08:01:30.667764+00:00
4594,0.502,2026-09-24T08:01:30.670250+00:00
4595,0.482,2026-09-24T08:01:30.672718+00:00
4596,0.773,2026-09-24T08:01:30.675488+00:00
4597,0.5559999999999999,2026-09-24T08:01:30.678000+00:00
4598,0.5199999999999999,2026-09-24T08:01:30.680494+00:00
4599,0.5469999999999999,2026-09-24T08:01:30.683042+00:00
4600,0.628,2026-09-24T08:01:30.685740+00:00
4601,0.712,2026-09-24T08:01:30.688523+00:00
4602,0.503,2026-09-24T08:01:30.691051+00:00
4603,0.5730000000000001,2026-09-24T08:01:30.693640+00:00
4604,0.433,2026-09-24T08:01:30.695982+00:00
4605,0.46099999999999997,2026-09-24T08:01:30.698453+00:00
4606,0.414,2026-09-24T08:01:30.700841+00:00
4607,0.392,2026-09-24T08:01:30.703253+00:00
4608,0.458,2026-09-24T08:01:30.705732+00:00
4609,0.546,2026-09-24T08:01:30.708299+00:00
4610,0.472,2026-09-24T08:01:30.710790+00:00
4611,0.41300000000000003,2026-09-24T08:01:30.713215+00:00
4612,0.41100000000000003,2026-09-24T08:01:30.715642+00:00
4613,0.406,2026-09-24T08:01:30.718066+00:00
4614,0.569,2026-09-24T08:01:30.720652+00:00
4615,0.795,2026-09-24T08:01:30.723519+00:00
4616,0.5,2026-09-24T08:01:30.725994+00:00
4617,0.532,2026-09-24T08:01:30.728539+00:00
4618,0.437,2026-09-24T08:01:30.730940+00:00
4619,0.434,2026-09-24T08:01:30.733384+00:00
4620,0.42000000000000004,2026-09-24T08:01:30.735819+00:00
4621,0.41800000000000004,2026-09-24T08:01:30.738252+00:00
4622,0.438,2026-09-24T08:01:30.740701+00:00
4623,0.477,2026-09-24T08:01:30.743227+00:00
4624,0.554,2026-09-24T08:01:30.745853+00:00
4625,0.566,2026-09-24T08:01:30.748543+00:00
4626,0.599,2026-09-24T08:01:30.751291+00:00
4627,0.533,2026-09-24T08:01:30.753864+00:00
4628,0.523,2026-09-24T08:01:30.756400+00:00
4629,0.5640000000000001,2026-09-24T08:01:30.758984+00:00
4630,0.9079999999999999,2026-09-24T08:01:30.761873+00:00
4631,0.6980000000000001,2026-09-24T08:01:30.764539+00:00
4632,0.475,2026-09-24T08:01:30.766908+00:00
4633,0.506,2026-09-24T08:01:30.769393+00:00
4634,0.627,2026-09-24T08:01:30.772052+00:00
4635,0.474,2026-09-24T08:01:30.774536+00:00
4636,0.453,2026-09-24T08:01:30.776995+00:00
4637,0.422,2026-09-24T08:01:30.779402+00:00
4638,0.486,2026-09-24T08:01:30.781879+00:00
4639,0.47100000000000003,2026-09-24T08:01:30.784345+00:00
4640,0.432,2026-09-24T08:01:30.786855+00:00
4641,0.39399999999999996,2026-09-24T08:01:30.789249+00:00
4642,0.683,2026-09-24T08:01:30.791938+00:00
4643,0.628,2026-09-24T08:01:30.794371+00:00
4644,0.518,2026-09-24T08:01:30.796787+00:00
4645,0.494,2026-09-24T08:01:30.799300+00:00
4646,0.54,2026-09-24T08:01:30.801825+00:00
4647,0.786,2026-09-24T08:01:30.804718+00:00
4648,0.745,2026-09-24T08:01:30.807538+00:00
4649,0.522,2026-09-24T08:01:30.810028+00:00
4650,0.519,2026-09-24T08:01:30.812581+00:00
4651,0.464,2026-09-24T08:01:30.815059+00:00
4652,0.549,2026-09-24T08:01:30.817667+00:00
4653,0.955,2026-09-24T08:01:30.820708+00:00
4654,0.87,2026-09-24T08:01:30.823561+00:00
4655,0.585,2026-09-24T08:01:30.826162+00:00
4656,0.513,2026-09-24T08:01:30.828729+00:00
4657,0.589,2026-09-24T08:01:30.831374+00:00
4658,0.516,2026-09-24T08:01:30.833880+00:00
4659,0.494,2026-09-24T08:01:30.836409+00:00
4660,0.47300000000000003,2026-09-24T08:01:30.839038+00:00
4661,0.48700000000000004,2026-09-24T08:01:30.841560+00:00
4662,0.457,2026-09-24T08:01:30.844039+00:00
4663,0.46599999999999997,2026-09-24T08:01:30.846539+00:00
4664,0.47300000000000003,2026-09-24T08:01:30.849090+00:00
4665,0.475,2026-09-24T08:01:30.851597+00:00
4666,0.45899999999999996,2026-09-24T08:01:30.854092+00:00
4667,0.46,2026-09-24T08:01:30.856591+00:00
4668,0.483,2026-09-24T08:01:30.859111+00:00
4669,0.481,2026-09-24T08:01:30.861626+00:00
4670,0.477,2026-09-24T08:01:30.864164+00:00
4671,0.483,2026-09-24T08:01:30.866688+00:00
4672,0.477,2026-09-24T08:01:30.869206+00:00
4673,0.55,2026-09-24T08:01:30.871794+00:00
4674,0.49299999999999994,2026-09-24T08:01:30.874271+00:00
4675,0.924,2026-09-24T08:01:30.877299+00:00
4676,0.958,2026-09-24T08:01:30.880461+00:00
4677,0.7969999999999999,2026-09-24T08:01:30.883349+00:00
4678,1.024,2026-09-24T08:01:30.886541+00:00
4679,0.9779999999999999,2026-09-24T08:01:30.889556+00:00
4680,0.795,2026-09-24T08:01:30.892551+00:00
4681,0.5599999999999999,2026-09-24T08:01:30.894985+00:00
4682,0.638,2026-09-24T08:01:30.897614+00:00
4683,0.509,2026-09-24T08:01:30.900036+00:00
4684,0.803,2026-09-24T08:01:30.902872+00:00
4685,0.63,2026-09-24T08:01:30.905556+00:00
4686,0.768,2026-09-24T08:01:30.908535+00:00
4687,0.593,2026-09-24T08:01:30.911290+00:00
4688,0.5479999999999999,2026-09-24T08:01:30.914006+00:00
4689,0.526,2026-09-24T08:01:30.916666+00:00
4690,0.671,2026-09-24T08:01:30.919557+00:00
4691,0.555,2026-09-24T08:01:30.922259+00:00
4692,0.662,2026-09-24T08:01:30.925053+00:00
4693,0.664,2026-09-24T08:01:30.927909+00:00
4694,0.8,2026-09-24T08:01:30.930825+00:00
4695,0.62,2026-09-24T08:01:30.933552+00:00
4696,1.0790000000000002,2026-09-24T08:01:30.936746+00:00
4697,0.759,2026-09-24T08:01:30.939689+00:00
4698,0.6970000000000001,2026-09-24T08:01:30.942538+00:00
4699,0.648,2026-09-24T08:01:30.945321+00:00
4700,0.5379999999999999,2026-09-24T08:01:30.947860+00:00
4701,0.482,2026-09-24T08:01:30.950299+00:00
4702,0.474,2026-09-24T08:01:30.952741+00:00
4703,0.5670000000000001,2026-09-24T08:01:30.955265+00:00
4704,0.7699999999999999,2026-09-24T08:01:30.957975+00:00
4705,0.5910000000000001,2026-09-24T08:01:30.960452+00:00
4706,0.481,2026-09-24T08:01:30.962853+00:00
4707,0.479,2026-09-24T08:01:30.965281+00:00
4708,0.49799999999999994,2026-09-24T08:01:30.967729+00:00
4709,0.488,2026-09-24T08:01:30.970158+00:00
4710,0.465,2026-09-24T08:01:30.972572+00:00
4711,0.465,2026-09-24T08:01:30.974990+00:00
4712,0.48000000000000004,2026-09-24T08:01:30.977441+00:00
4713,0.474,2026-09-24T08:01:30.979861+00:00
4714,0.46299999999999997,2026-09-24T08:01:30.982274+00:00
4715,0.448,2026-09-24T08:01:30.984676+00:00
4716,0.46,2026-09-24T08:01:30.987111+00:00
4717,0.5609999999999999,2026-09-24T08:01:30.989621+00:00
4718,0.46599999999999997,2026-09-24T08:01:30.992039+00:00
4719,0.46299999999999997,2026-09-24T08:01:30.994454+00:00
4720,0.465,2026-09-24T08:01:30.996863+00:00
4721,0.574,2026-09-24T08:01:30.999392+00:00
4722,0.509,2026-09-24T08:01:31.001912+00:00
4723,0.5509999999999999,2026-09-24T08:01:31.004458+00:00
4724,0.528,2026-09-24T08:01:31.006937+00:00
4725,0.483,2026-09-24T08:01:31.009391+00:00
4726,0.593,2026-09-24T08:01:31.011976+00:00
4727,0.584,2026-09-24T08:01:31.014542+00:00
4728,0.5680000000000001,2026-09-24T08:01:31.017102+00:00
4729,0.45,2026-09-24T08:01:31.019539+00:00
4730,0.378,2026-09-24T08:01:31.021911+00:00
4731,0.376,2026-09-24T08:01:31.024306+00:00
4732,0.465,2026-09-24T08:01:31.026788+00:00
4733,0.5640000000000001,2026-09-24T08:01:31.029452+00:00
4734,0.5509999999999999,2026-09-24T08:01:31.032050+00:00
4735,0.6970000000000001,2026-09-24T08:01:31.034961+00:00
4736,0.844,2026-09-24T08:01:31.037980+00:00
4737,0.675,2026-09-24T08:01:31.040598+00:00
4738,0.6890000000000001,2026-09-24T08:01:31.043469+00:00
4739,0.601,2026-09-24T08:01:31.046317+00:00
4740,0.558,2026-09-24T08:01:31.049102+00:00
4741,0.5810000000000001,2026-09-24T08:01:31.051919+00:00
4742,0.5720000000000001,2026-09-24T08:01:31.054709+00:00
4743,0.741,2026-09-24T08:01:31.057632+00:00
4744,0.618,2026-09-24T08:01:31.060343+00:00
4745,0.558,2026-09-24T08:01:31.062925+00:00
4746,0.5860000000000001,2026-09-24T08:01:31.065485+00:00
4747,0.432,2026-09-24T08:01:31.067825+00:00
4748,0.494,2026-09-24T08:01:31.070778+00:00
4749,0.424,2026-09-24T08:01:31.073293+00:00
4750,0.421,2026-09-24T08:01:31.075745+00:00
4751,0.39599999999999996,2026-09-24T08:01:31.078160+00:00
4752,0.402,2026-09-24T08:01:31.080583+00:00
4753,0.388,2026-09-24T08:01:31.083001+00:00
4754,0.379,2026-09-24T08:01:31.085403+00:00
4755,0.375,2026-09-24T08:01:31.087811+00:00
4756,0.41800000000000004,2026-09-24T08:01:31.090265+00:00
4757,0.39599999999999996,2026-09-24T08:01:31.092670+00:00
4758,0.671,2026-09-24T08:01:31.095590+00:00
4759,0.555,2026-09-24T08:01:31.098371+00:00
4760,0.562,2026-09-24T08:01:31.101179+00:00
4761,0.5910000000000001,2026-09-24T08:01:31.103980+00:00
4762,0.5680000000000001,2026-09-24T08:01:31.106736+00:00
4763,0.583,2026-09-24T08:01:31.109509+00:00
4764,0.43600000000000005,2026-09-24T08:01:31.112037+00:00
4765,0.40900000000000003,2026-09-24T08:01:31.114500+00:00
4766,0.386,2026-09-24T08:01:31.116923+00:00
4767,0.384,2026-09-24T08:01:31.119348+00:00
4768,0.393,2026-09-24T08:01:31.121767+00:00
4769,0.377,2026-09-24T08:01:31.124182+00:00
4770,0.618,2026-09-24T08:01:31.126836+00:00
4771,0.669,2026-09-24T08:01:31.129320+00:00
4772,0.731,2026-09-24T08:01:31.131935+00:00
4773,0.5680000000000001,2026-09-24T08:01:31.134441+00:00
4774,0.796,2026-09-24T08:01:31.137170+00:00
4775,0.569,2026-09-24T08:01:31.139685+00:00
4776,0.539,2026-09-24T08:01:31.142142+00:00
4777,0.545,2026-09-24T08:01:31.144567+00:00
4778,0.523,2026-09-24T08:01:31.146958+00:00
4779,0.8170000000000001,2026-09-24T08:01:31.149699+00:00
4780,0.491,2026-09-24T08:01:31.152168+00:00
4781,0.406,2026-09-24T08:01:31.154568+00:00
4782,0.38699999999999996,2026-09-24T08:01:31.156979+00:00
4783,0.357,2026-09-24T08:01:31.159370+00:00
4784,0.46799999999999997,2026-09-24T08:01:31.161882+00:00
4785,0.367,2026-09-24T08:01:31.164282+00:00
4786,0.386,2026-09-24T08:01:31.166702+00:00
4787,0.36200000000000004,2026-09-24T08:01:31.169106+00:00
4788,0.364,2026-09-24T08:01:31.171492+00:00
4789,0.373,2026-09-24T08:01:31.173893+00:00
4790,0.355,2026-09-24T08:01:31.176285+00:00
4791,0.37,2026-09-24T08:01:31.178701+00:00
4792,0.354,2026-09-24T08:01:31.181083+00:00
4793,0.371,2026-09-24T08:01:31.183491+00:00
4794,0.361,2026-09-24T08:01:31.185884+00:00
4795,0.348,2026-09-24T08:01:31.188259+00:00
4796,0.40099999999999997,2026-09-24T08:01:31.190694+00:00
4797,0.377,2026-09-24T08:01:31.193085+00:00
4798,0.526,2026-09-24T08:01:31.195632+00:00
4799,0.37,2026-09-24T08:01:31.197982+00:00
4800,0.424,2026-09-24T08:01:31.200434+00:00
4801,0.546,2026-09-24T08:01:31.203255+00:00
4802,0.725,2026-09-24T08:01:31.206207+00:00
4803,0.799,2026-09-24T08:01:31.209075+00:00
4804,0.587,2026-09-24T08:01:31.211642+00:00
4805,0.5559999999999999,2026-09-24T08:01:31.214183+00:00
4806,0.55,2026-09-24T08:01:31.216684+00:00
4807,0.5609999999999999,2026-09-24T08:01:31.219238+00:00
4808,0.55,2026-09-24T08:01:31.221725+00:00
4809,0.532,2026-09-24T08:01:31.224186+00:00
4810,0.514,2026-09-24T08:01:31.226631+00:00
4811,0.486,2026-09-24T08:01:31.229110+00:00
4812,0.5109999999999999,2026-09-24T08:01:31.231635+00:00
4813,0.48700000000000004,2026-09-24T08:01:31.234126+00:00
4814,0.49200000000000005,2026-09-24T08:01:31.236626+00:00
4815,0.49200000000000005,2026-09-24T08:01:31.239133+00:00
4816,0.49799999999999994,2026-09-24T08:01:31.241638+00:00
4817,0.49,2026-09-24T08:01:31.244147+00:00
4818,0.504,2026-09-24T08:01:31.246661+00:00
4819,0.491,2026-09-24T08:01:31.249166+00:00
4820,0.527,2026-09-24T08:01:31.251697+00:00
4821,0.594,2026-09-24T08:01:31.254308+00:00
4822,0.571,2026-09-24T08:01:31.256955+00:00
4823,0.627,2026-09-24T08:01:31.259589+00:00
4824,0.588,2026-09-24T08:01:31.262129+00:00
4825,0.691,2026-09-24T08:01:31.264766+00:00
4826,0.622,2026-09-24T08:01:31.267359+00:00
4827,0.718,2026-09-24T08:01:31.270066+00:00
4828,0.9840000000000001,2026-09-24T08:01:31.273298+00:00
4829,0.755,2026-09-24T08:01:31.276300+00:00
4830,0.661,2026-09-24T08:01:31.279217+00:00
4831,0.622,2026-09-24T08:01:31.282052+00:00
4832,0.598,2026-09-24T08:01:31.284840+00:00
4833,0.786,2026-09-24T08:01:31.287801+00:00
4834,1.037,2026-09-24T08:01:31.290841+00:00
4835,0.784,2026-09-24T08:01:31.293424+00:00
4836,0.541,2026-09-24T08:01:31.295880+00:00
4837,0.47300000000000003,2026-09-24T08:01:31.298365+00:00
4838,0.505,2026-09-24T08:01:31.300937+00:00
4839,0.67,2026-09-24T08:01:31.303620+00:00
4840,0.541,2026-09-24T08:01:31.306047+00:00
4841,0.972,2026-09-24T08:01:31.309041+00:00
4842,0.5379999999999999,2026-09-24T08:01:31.311439+00:00
4843,0.5770000000000001,2026-09-24T08:01:31.314052+00:00
4844,0.491,2026-09-24T08:01:31.316492+00:00
4845,0.446,2026-09-24T08:01:31.318967+00:00
4846,0.439,2026-09-24T08:01:31.321460+00:00
4847,0.6449999999999999,2026-09-24T08:01:31.324253+00:00
4848,0.481,2026-09-24T08:01:31.326820+00:00
4849,0.397,2026-09-24T08:01:31.329285+00:00
4850,0.505,2026-09-24T08:01:31.331848+00:00
4851,0.404,2026-09-24T08:01:31.334264+00:00
4852,0.419,2026-09-24T08:01:31.336723+00:00
4853,0.40099999999999997,2026-09-24T08:01:31.339156+00:00
4854,0.464,2026-09-24T08:01:31.341660+00:00
4855,0.45199999999999996,2026-09-24T08:01:31.344147+00:00
4856,0.428,2026-09-24T08:01:31.346659+00:00
4857,0.393,2026-09-24T08:01:31.349104+00:00
4858,0.397,2026-09-24T08:01:31.351542+00:00
4859,0.424,2026-09-24T08:01:31.353995+00:00
4860,0.652,2026-09-24T08:01:31.356705+00:00
4861,0.474,2026-09-24T08:01:31.360041+00:00
4862,0.49200000000000005,2026-09-24T08:01:31.362618+00:00
4863,0.388,2026-09-24T08:01:31.365037+00:00
4864,0.6719999999999999,2026-09-24T08:01:31.367762+00:00
4865,0.48899999999999993,2026-09-24T08:01:31.370100+00:00
4866,0.464,2026-09-24T08:01:31.372535+00:00
4867,0.646,2026-09-24T08:01:31.375160+00:00
4868,0.805,2026-09-24T08:01:31.378016+00:00
4869,0.889,2026-09-24T08:01:31.380932+00:00
4870,0.7879999999999999,2026-09-24T08:01:31.383749+00:00
4871,1.1019999999999999,2026-09-24T08:01:31.386711+00:00
4872,0.735,2026-09-24T08:01:31.389357+00:00
4873,0.616,2026-09-24T08:01:31.392005+00:00
4874,1.428,2026-09-24T08:01:31.395479+00:00
4875,0.9600000000000001,2026-09-24T08:01:31.398312+00:00
4876,0.694,2026-09-24T08:01:31.401031+00:00
4877,0.5289999999999999,2026-09-24T08:01:31.403560+00:00
4878,0.46599999999999997,2026-09-24T08:01:31.406084+00:00
4879,0.393,2026-09-24T08:01:31.408521+00:00
4880,0.393,2026-09-24T08:01:31.410965+00:00
4881,0.386,2026-09-24T08:01:31.413383+00:00
4882,0.393,2026-09-24T08:01:31.415808+00:00
4883,0.372,2026-09-24T08:01:31.418214+00:00
4884,0.397,2026-09-24T08:01:31.420650+00:00
4885,0.382,2026-09-24T08:01:31.423069+00:00
4886,0.379,2026-09-24T08:01:31.425510+00:00
4887,0.38699999999999996,2026-09-24T08:01:31.427941+00:00
4888,0.45,2026-09-24T08:01:31.430448+00:00
4889,0.414,2026-09-24T08:01:31.432836+00:00
4890,0.40499999999999997,2026-09-24T08:01:31.435283+00:00
4891,0.417,2026-09-24T08:01:31.437763+00:00
4892,0.408,2026-09-24T08:01:31.440214+00:00
4893,0.477,2026-09-24T08:01:31.442721+00:00
4894,0.522,2026-09-24T08:01:31.445224+00:00
4895,0.525,2026-09-24T08:01:31.447736+00:00
4896,0.519,2026-09-24T08:01:31.450245+00:00
4897,0.51,2026-09-24T08:01:31.452720+00:00
4898,0.541,2026-09-24T08:01:31.455247+00:00
4899,0.7290000000000001,2026-09-24T08:01:31.458086+00:00
4900,0.46799999999999997,2026-09-24T08:01:31.460636+00:00
4901,0.423,2026-09-24T08:01:31.463119+00:00
4902,0.432,2026-09-24T08:01:31.465597+00:00
4903,0.422,2026-09-24T08:01:31.468055+00:00
4904,0.447,2026-09-24T08:01:31.470546+00:00
4905,0.435,2026-09-24T08:01:31.473081+00:00
4906,0.439,2026-09-24T08:01:31.475572+00:00
4907,0.40299999999999997,2026-09-24T08:01:31.478026+00:00
4908,0.441,2026-09-24T08:01:31.480548+00:00
4909,0.496,2026-09-24T08:01:31.483085+00:00
4910,0.451,2026-09-24T08:01:31.485488+00:00
4911,0.458,2026-09-24T08:01:31.487999+00:00
4912,0.625,2026-09-24T08:01:31.490671+00:00
4913,0.5680000000000001,2026-09-24T08:01:31.493337+00:00
4914,0.516,2026-09-24T08:01:31.496026+00:00
4915,0.518,2026-09-24T08:01:31.498641+00:00
4916,0.501,2026-09-24T08:01:31.501279+00:00
4917,0.462,2026-09-24T08:01:31.503780+00:00
4918,0.643,2026-09-24T08:01:31.506487+00:00
4919,0.49,2026-09-24T08:01:31.509096+00:00
4920,0.45199999999999996,2026-09-24T08:01:31.511616+00:00
4921,0.429,2026-09-24T08:01:31.514110+00:00
4922,0.46799999999999997,2026-09-24T08:01:31.516646+00:00
4923,0.51,2026-09-24T08:01:31.519254+00:00
4924,0.46,2026-09-24T08:01:31.521773+00:00
4925,0.423,2026-09-24T08:01:31.524248+00:00
4926,0.8310000000000001,2026-09-24T08:01:31.527142+00:00
4927,0.625,2026-09-24T08:01:31.529638+00:00
4928,0.842,2026-09-24T08:01:31.532486+00:00
4929,0.655,2026-09-24T08:01:31.535182+00:00
4930,0.5680000000000001,2026-09-24T08:01:31.537845+00:00
4931,0.5609999999999999,2026-09-24T08:01:31.540437+00:00
4932,0.6449999999999999,2026-09-24T08:01:31.543074+00:00
4933,0.6920000000000001,2026-09-24T08:01:31.545854+00:00
4934,0.49200000000000005,2026-09-24T08:01:31.548439+00:00
4935,0.375,2026-09-24T08:01:31.550880+00:00
4936,0.34400000000000003,2026-09-24T08:01:31.553325+00:00
4937,0.375,2026-09-24T08:01:31.555799+00:00
4938,0.347,2026-09-24T08:01:31.558242+00:00
4939,0.34900000000000003,2026-09-24T08:01:31.560700+00:00
4940,0.34400000000000003,2026-09-24T08:01:31.563149+00:00
4941,0.35,2026-09-24T08:01:31.565608+00:00
4942,0.34,2026-09-24T08:01:31.568056+00:00
4943,0.392,2026-09-24T08:01:31.570551+00:00
4944,0.34900000000000003,2026-09-24T08:01:31.572966+00:00
4945,0.347,2026-09-24T08:01:31.575418+00:00
4946,0.34,2026-09-24T08:01:31.577862+00:00
4947,0.33599999999999997,2026-09-24T08:01:31.580302+00:00
4948,0.424,2026-09-24T08:01:31.582838+00:00
4949,0.41300000000000003,2026-09-24T08:01:31.585278+00:00
4950,0.422,2026-09-24T08:01:31.587725+00:00
4951,0.416,2026-09-24T08:01:31.590173+00:00
4952,0.44499999999999995,2026-09-24T08:01:31.592648+00:00
4953,0.47100000000000003,2026-09-24T08:01:31.595142+00:00
4954,0.431,2026-09-24T08:01:31.597586+00:00
4955,0.448,2026-09-24T08:01:31.600069+00:00
4956,0.442,2026-09-24T08:01:31.602539+00:00
4957,0.616,2026-09-24T08:01:31.605191+00:00
4958,0.483,2026-09-24T08:01:31.607611+00:00
4959,0.41100000000000003,2026-09-24T08:01:31.610022+00:00
4960,0.46299999999999997,2026-09-24T08:01:31.612547+00:00
4961,0.438,2026-09-24T08:01:31.615014+00:00
4962,0.5109999999999999,2026-09-24T08:01:31.617553+00:00
4963,0.434,2026-09-24T08:01:31.619964+00:00
4964,0.46099999999999997,2026-09-24T08:01:31.622455+00:00
4965,0.45399999999999996,2026-09-24T08:01:31.624877+00:00
4966,0.43600000000000005,2026-09-24T08:01:31.627337+00:00
4967,0.435,2026-09-24T08:01:31.629802+00:00
4968,0.7200000000000001,2026-09-24T08:01:31.632548+00:00
4969,0.641,2026-09-24T08:01:31.634990+00:00
4970,0.758,2026-09-24T08:01:31.637756+00:00
4971,0.734,2026-09-24T08:01:31.640372+00:00
4972,0.69,2026-09-24T08:01:31.642939+00:00
4973,0.941,2026-09-24T08:01:31.645765+00:00
4974,0.852,2026-09-24T08:01:31.648570+00:00
4975,0.619,2026-09-24T08:01:31.650995+00:00
4976,0.51,2026-09-24T08:01:31.653490+00:00
4977,0.48899999999999993,2026-09-24T08:01:31.656031+00:00
4978,0.509,2026-09-24T08:01:31.658595+00:00
4979,0.45899999999999996,2026-09-24T08:01:31.661089+00:00
4980,0.6980000000000001,2026-09-24T08:01:31.663855+00:00
4981,0.587,2026-09-24T08:01:31.666429+00:00
4982,0.612,2026-09-24T08:01:31.669132+00:00
4983,0.748,2026-09-24T08:01:31.671880+00:00
4984,0.776,2026-09-24T08:01:31.674620+00:00
4985,0.496,2026-09-24T08:01:31.677079+00:00
4986,0.475,2026-09-24T08:01:31.679561+00:00
4987,0.49299999999999994,2026-09-24T08:01:31.682048+00:00
4988,0.449,2026-09-24T08:01:31.684512+00:00
4989,0.417,2026-09-24T08:01:31.686927+00:00
4990,0.42000000000000004,2026-09-24T08:01:31.689363+00:00
4991,0.424,2026-09-24T08:01:31.691793+00:00
4992,0.426,2026-09-24T08:01:31.694221+00:00
4993,0.41800000000000004,2026-09-24T08:01:31.696644+00:00
4994,0.414,2026-09-24T08:01:31.699067+00:00
4995,0.423,2026-09-24T08:01:31.701494+00:00
4996,0.41300000000000003,2026-09-24T08:01:31.703916+00:00
4997,0.417,2026-09-24T08:01:31.706337+00:00
4998,0.46799999999999997,2026-09-24T08:01:31.708808+00:00
4999,0.559,2026-09-24T08:01:31.711404+00:00
5000,0.607,2026-09-24T08:01:31.714014+00:00
5001,0.515,2026-09-24T08:01:31.716536+00:00
5002,0.674,2026-09-24T08:01:31.719254+00:00
5003,0.8490000000000001,2026-09-24T08:01:31.722059+00:00
5004,0.751,2026-09-24T08:01:31.724813+00:00
5005,0.937,2026-09-24T08:01:31.727850+00:00
5006,0.748,2026-09-24T08:01:31.730572+00:00
5007,0.7060000000000001,2026-09-24T08:01:31.733322+00:00
5008,1.004,2026-09-24T08:01:31.736351+00:00
5009,1.3110000000000002,2026-09-24T08:01:31.739596+00:00
5010,0.816,2026-09-24T08:01:31.742349+00:00
5011,0.517,2026-09-24T08:01:31.744827+00:00
5012,0.462,2026-09-24T08:01:31.747273+00:00
5013,0.49200000000000005,2026-09-24T08:01:31.749757+00:00
5014,0.73,2026-09-24T08:01:31.752539+00:00
5015,0.626,2026-09-24T08:01:31.755001+00:00
5016,0.626,2026-09-24T08:01:31.757633+00:00
5017,0.46599999999999997,2026-09-24T08:01:31.760101+00:00
5018,0.453,2026-09-24T08:01:31.762538+00:00
5019,0.48899999999999993,2026-09-24T08:01:31.765013+00:00
5020,0.464,2026-09-24T08:01:31.767598+00:00
5021,0.437,2026-09-24T08:01:31.770119+00:00
5022,0.495,2026-09-24T08:01:31.772688+00:00
5023,0.41300000000000003,2026-09-24T08:01:31.775119+00:00
5024,0.41300000000000003,2026-09-24T08:01:31.777593+00:00
5025,0.46099999999999997,2026-09-24T08:01:31.780139+00:00
5026,0.46599999999999997,2026-09-24T08:01:31.782643+00:00
5027,0.45899999999999996,2026-09-24T08:01:31.785154+00:00
5028,0.47,2026-09-24T08:01:31.787674+00:00
5029,0.453,2026-09-24T08:01:31.790168+00:00
5030,0.46299999999999997,2026-09-24T08:01:31.792669+00:00
5031,0.444,2026-09-24T08:01:31.795164+00:00
5032,0.453,2026-09-24T08:01:31.797657+00:00
5033,0.453,2026-09-24T08:01:31.800204+00:00
5034,0.47800000000000004,2026-09-24T08:01:31.802729+00:00
5035,0.446,2026-09-24T08:01:31.805208+00:00
5036,0.655,2026-09-24T08:01:31.807911+00:00
5037,0.743,2026-09-24T08:01:31.810520+00:00
5038,0.54,2026-09-24T08:01:31.812952+00:00
5039,0.42700000000000005,2026-09-24T08:01:31.815375+00:00
5040,0.41800000000000004,2026-09-24T08:01:31.817900+00:00
5041,0.41100000000000003,2026-09-24T08:01:31.820382+00:00
5042,0.4,2026-09-24T08:01:31.822886+00:00
5043,0.39399999999999996,2026-09-24T08:01:31.825383+00:00
5044,0.522,2026-09-24T08:01:31.828016+00:00
5045,0.74,2026-09-24T08:01:31.830868+00:00
5046,0.504,2026-09-24T08:01:31.833492+00:00
5047,0.40700000000000003,2026-09-24T08:01:31.836022+00:00
5048,0.43600000000000005,2026-09-24T08:01:31.838563+00:00
5049,0.4,2026-09-24T08:01:31.841061+00:00
5050,0.389,2026-09-24T08:01:31.843553+00:00
5051,0.43600000000000005,2026-09-24T08:01:31.846097+00:00
5052,0.587,2026-09-24T08:01:31.848772+00:00
5053,0.523,2026-09-24T08:01:31.851300+00:00
5054,0.525,2026-09-24T08:01:31.853826+00:00
5055,0.504,2026-09-24T08:01:31.856351+00:00
5056,0.423,2026-09-24T08:01:31.858820+00:00
5057,0.41300000000000003,2026-09-24T08:01:31.861274+00:00
5058,0.648,2026-09-24T08:01:31.863973+00:00
5059,0.43600000000000005,2026-09-24T08:01:31.866406+00:00
5060,0.475,2026-09-24T08:01:31.868883+00:00
5061,0.416,2026-09-24T08:01:31.871308+00:00
5062,0.562,2026-09-24T08:01:31.873887+00:00
5063,0.525,2026-09-24T08:01:31.876293+00:00
5064,0.9610000000000001,2026-09-24T08:01:31.879145+00:00
5065,0.8400000000000001,2026-09-24T08:01:31.881646+00:00
5066,0.687,2026-09-24T08:01:31.884185+00:00
5067,0.664,2026-09-24T08:01:31.886795+00:00
5068,0.652,2026-09-24T08:01:31.889318+00:00
5069,0.609,2026-09-24T08:01:31.891806+00:00
5070,0.566,2026-09-24T08:01:31.894340+00:00
5071,1.278,2026-09-24T08:01:31.897586+00:00
5072,0.825,2026-09-24T08:01:31.900396+00:00
5073,0.634,2026-09-24T08:01:31.902931+00:00
5074,0.537,2026-09-24T08:01:31.905454+00:00
5075,0.503,2026-09-24T08:01:31.908006+00:00
5076,0.583,2026-09-24T08:01:31.910605+00:00
5077,0.727,2026-09-24T08:01:31.913179+00:00
5078,0.752,2026-09-24T08:01:31.915998+00:00
5079,0.555,2026-09-24T08:01:31.918511+00:00
5080,0.516,2026-09-24T08:01:31.921043+00:00
5081,0.509,2026-09-24T08:01:31.923535+00:00
5082,0.47800000000000004,2026-09-24T08:01:31.925984+00:00
5083,0.46599999999999997,2026-09-24T08:01:31.928457+00:00
5084,0.545,2026-09-24T08:01:31.931031+00:00
5085,0.903,2026-09-24T08:01:31.933963+00:00
5086,0.5289999999999999,2026-09-24T08:01:31.936341+00:00
5087,0.444,2026-09-24T08:01:31.938797+00:00
5088,0.41300000000000003,2026-09-24T08:01:31.941239+00:00
5089,0.882,2026-09-24T08:01:31.944190+00:00
5090,0.587,2026-09-24T08:01:31.946593+00:00
5091,0.61,2026-09-24T08:01:31.949206+00:00
5092,0.569,2026-09-24T08:01:31.951781+00:00
5093,0.812,2026-09-24T08:01:31.954597+00:00
5094,0.596,2026-09-24T08:01:31.957232+00:00
5095,0.499,2026-09-24T08:01:31.959798+00:00
5096,0.674,2026-09-24T08:01:31.962506+00:00
5097,0.472,2026-09-24T08:01:31.964781+00:00
5098,0.428,2026-09-24T08:01:31.967192+00:00
5099,0.519,2026-09-24T08:01:31.969730+00:00
5100,0.9560000000000001,2026-09-24T08:01:31.972632+00:00
5101,0.8109999999999999,2026-09-24T08:01:31.975357+00:00
5102,0.9179999999999999,2026-09-24T08:01:31.978321+00:00
5103,0.73,2026-09-24T08:01:31.980994+00:00
5104,0.5720000000000001,2026-09-24T08:01:31.983531+00:00
5105,0.589,2026-09-24T08:01:31.986125+00:00
5106,0.499,2026-09-24T08:01:31.988634+00:00
5107,0.472,2026-09-24T08:01:31.991143+00:00
5108,0.472,2026-09-24T08:01:31.993699+00:00
5109,0.46900000000000003,2026-09-24T08:01:31.996276+00:00
5110,0.47100000000000003,2026-09-24T08:01:31.998810+00:00
5111,0.376,2026-09-24T08:01:32.001236+00:00
5112,0.36900000000000005,2026-09-24T08:01:32.003649+00:00
5113,0.35300000000000004,2026-09-24T08:01:32.006068+00:00
5114,0.40900000000000003,2026-09-24T08:01:32.008515+00:00
5115,0.40099999999999997,2026-09-24T08:01:32.010955+00:00
5116,0.367,2026-09-24T08:01:32.013351+00:00
5117,0.40099999999999997,2026-09-24T08:01:32.015790+00:00
5118,0.354,2026-09-24T08:01:32.018168+00:00
5119,0.39,2026-09-24T08:01:32.020618+00:00
5120,0.365,2026-09-24T08:01:32.023016+00:00
5121,0.379,2026-09-24T08:01:32.025434+00:00
5122,0.359,2026-09-24T08:01:32.027810+00:00
5123,0.455,2026-09-24T08:01:32.030306+00:00
5124,0.5680000000000001,2026-09-24T08:01:32.032823+00:00
5125,0.456,2026-09-24T08:01:32.035140+00:00
5126,0.602,2026-09-24T08:01:32.037703+00:00
5127,0.587,2026-09-24T08:01:32.040160+00:00
5128,0.479,2026-09-24T08:01:32.042590+00:00
5129,0.475,2026-09-24T08:01:32.045013+00:00
5130,0.465,2026-09-24T08:01:32.047440+00:00
5131,0.462,2026-09-24T08:01:32.049849+00:00
5132,0.512,2026-09-24T08:01:32.052324+00:00
5133,0.546,2026-09-24T08:01:32.054784+00:00
5134,0.584,2026-09-24T08:01:32.057315+00:00
5135,0.623,2026-09-24T08:01:32.059843+00:00
5136,0.46,2026-09-24T08:01:32.062254+00:00
5137,0.481,2026-09-24T08:01:32.064686+00:00
5138,0.448,2026-09-24T08:01:32.067060+00:00
5139,0.46599999999999997,2026-09-24T08:01:32.069479+00:00
5140,0.46099999999999997,2026-09-24T08:01:32.071871+00:00
5141,0.458,2026-09-24T08:01:32.074279+00:00
5142,0.47800000000000004,2026-09-24T08:01:32.076695+00:00
5143,0.44,2026-09-24T08:01:32.079088+00:00
5144,0.46,2026-09-24T08:01:32.081510+00:00
5145,0.444,2026-09-24T08:01:32.083901+00:00
5146,0.5,2026-09-24T08:01:32.086366+00:00
5147,0.517,2026-09-24T08:01:32.088820+00:00
5148,0.524,2026-09-24T08:01:32.091255+00:00
5149,0.505,2026-09-24T08:01:32.093687+00:00
5150,0.45899999999999996,2026-09-24T08:01:32.096072+00:00
5151,0.46299999999999997,2026-09-24T08:01:32.098479+00:00
5152,0.47800000000000004,2026-09-24T08:01:32.100896+00:00
5153,0.5519999999999999,2026-09-24T08:01:32.103406+00:00
5154,0.451,2026-09-24T08:01:32.105717+00:00
5155,0.398,2026-09-24T08:01:32.108188+00:00
5156,0.43600000000000005,2026-09-24T08:01:32.110700+00:00
5157,0.392,2026-09-24T08:01:32.113184+00:00
5158,0.421,2026-09-24T08:01:32.115694+00:00
5159,0.49200000000000005,2026-09-24T08:01:32.118274+00:00
5160,0.49299999999999994,2026-09-24T08:01:32.120747+00:00
5161,0.477,2026-09-24T08:01:32.123223+00:00
5162,0.449,2026-09-24T08:01:32.125659+00:00
5163,0.47100000000000003,2026-09-24T08:01:32.128151+00:00
5164,0.8989999999999999,2026-09-24T08:01:32.131038+00:00
5165,0.58,2026-09-24T08:01:32.133610+00:00
5166,0.509,2026-09-24T08:01:32.136150+00:00
5167,0.601,2026-09-24T08:01:32.138724+00:00
5168,0.53,2026-09-24T08:01:32.141137+00:00
5169,0.569,2026-09-24T08:01:32.143690+00:00
5170,0.7010000000000001,2026-09-24T08:01:32.146324+00:00
5171,0.87,2026-09-24T08:01:32.149074+00:00
5172,0.732,2026-09-24T08:01:32.151589+00:00
5173,0.619,2026-09-24T08:01:32.153990+00:00
5174,0.505,2026-09-24T08:01:32.156382+00:00
5175,0.458,2026-09-24T08:01:32.158789+00:00
5176,0.632,2026-09-24T08:01:32.161470+00:00
5177,0.513,2026-09-24T08:01:32.163807+00:00
5178,0.867,2026-09-24T08:01:32.166625+00:00
5179,0.629,2026-09-24T08:01:32.169172+00:00
5180,0.5479999999999999,2026-09-24T08:01:32.171603+00:00
5181,0.5379999999999999,2026-09-24T08:01:32.174030+00:00
5182,0.6130000000000001,2026-09-24T08:01:32.176524+00:00
5183,0.549,2026-09-24T08:01:32.178872+00:00
5184,0.524,2026-09-24T08:01:32.181272+00:00
5185,0.533,2026-09-24T08:01:32.183683+00:00
5186,0.5379999999999999,2026-09-24T08:01:32.186114+00:00
5187,0.5599999999999999,2026-09-24T08:01:32.188566+00:00
5188,0.535,2026-09-24T08:01:32.190964+00:00
5189,0.482,2026-09-24T08:01:32.193327+00:00
5190,0.433,2026-09-24T08:01:32.195692+00:00
5191,0.402,2026-09-24T08:01:32.198084+00:00
5192,0.417,2026-09-24T08:01:32.200511+00:00
5193,0.40700000000000003,2026-09-24T08:01:32.202942+00:00
5194,0.392,2026-09-24T08:01:32.205355+00:00
5195,0.606,2026-09-24T08:01:32.207988+00:00
5196,0.844,2026-09-24T08:01:32.210710+00:00
5197,0.833,2026-09-24T08:01:32.213654+00:00
5198,0.609,2026-09-24T08:01:32.216141+00:00
5199,0.5339999999999999,2026-09-24T08:01:32.218725+00:00
5200,0.709,2026-09-24T08:01:32.221517+00:00
5201,0.633,2026-09-24T08:01:32.224034+00:00
5202,0.5770000000000001,2026-09-24T08:01:32.226663+00:00
5203,0.477,2026-09-24T08:01:32.229176+00:00
5204,0.521,2026-09-24T08:01:32.231802+00:00
5205,0.732,2026-09-24T08:01:32.234665+00:00
5206,0.6539999999999999,2026-09-24T08:01:32.237284+00:00
5207,0.8099999999999999,2026-09-24T08:01:32.240124+00:00
5208,0.5630000000000001,2026-09-24T08:01:32.242740+00:00
5209,0.559,2026-09-24T08:01:32.245383+00:00
5210,0.404,2026-09-24T08:01:32.247896+00:00
5211,0.378,2026-09-24T08:01:32.250374+00:00
5212,0.42700000000000005,2026-09-24T08:01:32.252915+00:00
5213,0.392,2026-09-24T08:01:32.255395+00:00
5214,0.367,2026-09-24T08:01:32.257873+00:00
5215,0.428,2026-09-24T08:01:32.260404+00:00
5216,0.354,2026-09-24T08:01:32.262780+00:00
5217,0.397,2026-09-24T08:01:32.265258+00:00
5218,0.406,2026-09-24T08:01:32.267692+00:00
5219,0.373,2026-09-24T08:01:32.270090+00:00
5220,0.475,2026-09-24T08:01:32.272656+00:00
5221,0.433,2026-09-24T08:01:32.275053+00:00
5222,0.45199999999999996,2026-09-24T08:01:32.277478+00:00
5223,0.36900000000000005,2026-09-24T08:01:32.279896+00:00
5224,0.391,2026-09-24T08:01:32.282376+00:00
5225,0.38499999999999995,2026-09-24T08:01:32.284851+00:00
5226,0.504,2026-09-24T08:01:32.287454+00:00
5227,1.01,2026-09-24T08:01:32.290551+00:00
5228,0.747,2026-09-24T08:01:32.293181+00:00
5229,0.545,2026-09-24T08:01:32.295700+00:00
5230,0.491,2026-09-24T08:01:32.298261+00:00
5231,0.499,2026-09-24T08:01:32.300888+00:00
5232,0.488,2026-09-24T08:01:32.303460+00:00
5233,0.606,2026-09-24T08:01:32.306135+00:00
5234,0.5199999999999999,2026-09-24T08:01:32.308613+00:00
5235,0.598,2026-09-24T08:01:32.311243+00:00
5236,0.502,2026-09-24T08:01:32.313739+00:00
5237,0.506,2026-09-24T08:01:32.316324+00:00
5238,0.49200000000000005,2026-09-24T08:01:32.318879+00:00
5239,0.55,2026-09-24T08:01:32.321498+00:00
5240,0.48899999999999993,2026-09-24T08:01:32.324030+00:00
5241,0.494,2026-09-24T08:01:32.326579+00:00
5242,0.47800000000000004,2026-09-24T08:01:32.329125+00:00
5243,0.479,2026-09-24T08:01:32.331671+00:00
5244,0.47,2026-09-24T08:01:32.334203+00:00
5245,0.521,2026-09-24T08:01:32.336787+00:00
5246,0.48899999999999993,2026-09-24T08:01:32.339310+00:00
5247,0.47,2026-09-24T08:01:32.341829+00:00
5248,0.46299999999999997,2026-09-24T08:01:32.344373+00:00
5249,0.464,2026-09-24T08:01:32.346902+00:00
5250,0.47100000000000003,2026-09-24T08:01:32.349451+00:00
5251,0.555,2026-09-24T08:01:32.352082+00:00
5252,0.533,2026-09-24T08:01:32.354606+00:00
5253,0.513,2026-09-24T08:01:32.357179+00:00
5254,0.639,2026-09-24T08:01:32.359812+00:00
5255,0.8540000000000001,2026-09-24T08:01:32.362718+00:00
5256,0.838,2026-09-24T08:01:32.365832+00:00
5257,0.49,2026-09-24T08:01:32.368398+00:00
5258,0.444,2026-09-24T08:01:32.370964+00:00
5259,0.447,2026-09-24T08:01:32.373505+00:00
5260,0.499,2026-09-24T08:01:32.376105+00:00
5261,1.049,2026-09-24T08:01:32.379343+00:00
5262,0.64,2026-09-24T08:01:32.381915+00:00
5263,0.508,2026-09-24T08:01:32.384454+00:00
5264,0.46,2026-09-24T08:01:32.386963+00:00
5265,0.457,2026-09-24T08:01:32.389461+00:00
5266,0.431,2026-09-24T08:01:32.391920+00:00
5267,0.565,2026-09-24T08:01:32.394677+00:00
5268,0.518,2026-09-24T08:01:32.397161+00:00
5269,0.526,2026-09-24T08:01:32.399646+00:00
5270,0.54,2026-09-24T08:01:32.402144+00:00
5271,0.46599999999999997,2026-09-24T08:01:32.404614+00:00
5272,0.6819999999999999,2026-09-24T08:01:32.407328+00:00
5273,0.63,2026-09-24T08:01:32.409762+00:00
5274,0.496,2026-09-24T08:01:32.412116+00:00
5275,0.417,2026-09-24T08:01:32.414526+00:00
5276,0.638,2026-09-24T08:01:32.417172+00:00
5277,0.607,2026-09-24T08:01:32.419701+00:00
5278,0.525,2026-09-24T08:01:32.422214+00:00
5279,0.518,2026-09-24T08:01:32.424701+00:00
5280,0.462,2026-09-24T08:01:32.427173+00:00
5281,0.9890000000000001,2026-09-24T08:01:32.430208+00:00
5282,0.6970000000000001,2026-09-24T08:01:32.432922+00:00
5283,0.45899999999999996,2026-09-24T08:01:32.435353+00:00
5284,0.655,2026-09-24T08:01:32.438035+00:00
5285,0.763,2026-09-24T08:01:32.440608+00:00
5286,0.707,2026-09-24T08:01:32.443053+00:00
5287,0.594,2026-09-24T08:01:32.445486+00:00
5288,0.488,2026-09-24T08:01:32.447911+00:00
5289,0.425,2026-09-24T08:01:32.450289+00:00
5290,0.45399999999999996,2026-09-24T08:01:32.452741+00:00
5291,0.447,2026-09-24T08:01:32.455190+00:00
5292,0.594,2026-09-24T08:01:32.457784+00:00
5293,0.435,2026-09-24T08:01:32.460195+00:00
5294,0.6,2026-09-24T08:01:32.462802+00:00
5295,0.494,2026-09-24T08:01:32.465142+00:00
5296,0.554,2026-09-24T08:01:32.467648+00:00
5297,0.47,2026-09-24T08:01:32.470008+00:00
5298,0.48500000000000004,2026-09-24T08:01:32.472452+00:00
5299,0.47300000000000003,2026-09-24T08:01:32.474853+00:00
5300,0.523,2026-09-24T08:01:32.477335+00:00
5301,0.48000000000000004,2026-09-24T08:01:32.479718+00:00
5302,0.49200000000000005,2026-09-24T08:01:32.482163+00:00
5303,0.578,2026-09-24T08:01:32.484692+00:00
5304,0.49700000000000005,2026-09-24T08:01:32.487035+00:00
5305,0.456,2026-09-24T08:01:32.489422+00:00
5306,0.631,2026-09-24T08:01:32.492001+00:00
5307,0.646,2026-09-24T08:01:32.494497+00:00
5308,0.5770000000000001,2026-09-24T08:01:32.496972+00:00
5309,0.709,2026-09-24T08:01:32.499779+00:00
5310,0.54,2026-09-24T08:01:32.502354+00:00
5311,0.838,2026-09-24T08:01:32.505112+00:00
5312,0.762,2026-09-24T08:01:32.507598+00:00
5313,0.509,2026-09-24T08:01:32.509978+00:00
5314,0.674,2026-09-24T08:01:32.512597+00:00
5315,0.646,2026-09-24T08:01:32.515308+00:00
5316,0.477,2026-09-24T08:01:32.517602+00:00
5317,0.624,2026-09-24T08:01:32.520266+00:00
5318,0.48899999999999993,2026-09-24T08:01:32.522781+00:00
5319,0.602,2026-09-24T08:01:32.525458+00:00
5320,0.483,2026-09-24T08:01:32.527896+00:00
5321,0.504,2026-09-24T08:01:32.530381+00:00
5322,0.467,2026-09-24T08:01:32.532894+00:00
5323,0.5670000000000001,2026-09-24T08:01:32.535474+00:00
5324,0.834,2026-09-24T08:01:32.538283+00:00
5325,0.848,2026-09-24T08:01:32.541157+00:00
5326,0.562,2026-09-24T08:01:32.543760+00:00
5327,0.479,2026-09-24T08:01:32.546260+00:00
5328,0.49299999999999994,2026-09-24T08:01:32.548796+00:00
5329,0.5,2026-09-24T08:01:32.551357+00:00
5330,0.46900000000000003,2026-09-24T08:01:32.553853+00:00
5331,0.594,2026-09-24T08:01:32.556476+00:00
5332,0.62,2026-09-24T08:01:32.559067+00:00
5333,0.5429999999999999,2026-09-24T08:01:32.561646+00:00
5334,0.46099999999999997,2026-09-24T08:01:32.564115+00:00
5335,0.48899999999999993,2026-09-24T08:01:32.566615+00:00
5336,0.38699999999999996,2026-09-24T08:01:32.569057+00:00
5337,0.51,2026-09-24T08:01:32.571619+00:00
5338,0.434,2026-09-24T08:01:32.574014+00:00
5339,0.57,2026-09-24T08:01:32.576617+00:00
5340,0.536,2026-09-24T08:01:32.579114+00:00
5341,0.54,2026-09-24T08:01:32.581627+00:00
5342,0.597,2026-09-24T08:01:32.584270+00:00
5343,0.479,2026-09-24T08:01:32.586780+00:00
5344,0.426,2026-09-24T08:01:32.589212+00:00
5345,0.5559999999999999,2026-09-24T08:01:32.591789+00:00
5346,1.2730000000000001,2026-09-24T08:01:32.595161+00:00
5347,0.764,2026-09-24T08:01:32.597862+00:00
5348,0.771,2026-09-24T08:01:32.600679+00:00
5349,0.5199999999999999,2026-09-24T08:01:32.603064+00:00
5350,0.501,2026-09-24T08:01:32.605598+00:00
5351,0.438,2026-09-24T08:01:32.608085+00:00
5352,0.432,2026-09-24T08:01:32.610558+00:00
5353,0.424,2026-09-24T08:01:32.613051+00:00
5354,0.43600000000000005,2026-09-24T08:01:32.615541+00:00
5355,0.40700000000000003,2026-09-24T08:01:32.617993+00:00
5356,0.416,2026-09-24T08:01:32.620472+00:00
5357,0.41,2026-09-24T08:01:32.622946+00:00
5358,0.499,2026-09-24T08:01:32.625513+00:00
5359,0.5379999999999999,2026-09-24T08:01:32.628162+00:00
5360,0.8360000000000001,2026-09-24T08:01:32.631113+00:00
5361,0.712,2026-09-24T08:01:32.633627+00:00
5362,0.5379999999999999,2026-09-24T08:01:32.635992+00:00
5363,0.549,2026-09-24T08:01:32.638492+00:00
5364,0.531,2026-09-24T08:01:32.641115+00:00
5365,0.481,2026-09-24T08:01:32.643613+00:00
5366,0.575,2026-09-24T08:01:32.646231+00:00
5367,0.5730000000000001,2026-09-24T08:01:32.648869+00:00
5368,0.435,2026-09-24T08:01:32.651394+00:00
5369,0.45,2026-09-24T08:01:32.653947+00:00
5370,0.45,2026-09-24T08:01:32.656503+00:00
5371,0.43600000000000005,2026-09-24T08:01:32.659031+00:00
5372,0.5609999999999999,2026-09-24T08:01:32.661690+00:00
5373,0.749,2026-09-24T08:01:32.664446+00:00
5374,0.6890000000000001,2026-09-24T08:01:32.667068+00:00
5375,0.6679999999999999,2026-09-24T08:01:32.669697+00:00
5376,0.44499999999999995,2026-09-24T08:01:32.672153+00:00
5377,0.6579999999999999,2026-09-24T08:01:32.674871+00:00
5378,0.5860000000000001,2026-09-24T08:01:32.677285+00:00
5379,0.6970000000000001,2026-09-24T08:01:32.679880+00:00
5380,0.5810000000000001,2026-09-24T08:01:32.682330+00:00
5381,0.5730000000000001,2026-09-24T08:01:32.684816+00:00
5382,0.7200000000000001,2026-09-24T08:01:32.687513+00:00
5383,0.763,2026-09-24T08:01:32.690129+00:00
5384,1.01,2026-09-24T08:01:32.693159+00:00
5385,0.937,2026-09-24T08:01:32.695788+00:00
5386,0.5609999999999999,2026-09-24T08:01:32.697985+00:00
5387,0.449,2026-09-24T08:01:32.700342+00:00
5388,0.45199999999999996,2026-09-24T08:01:32.702769+00:00
5389,0.41300000000000003,2026-09-24T08:01:32.705167+00:00
5390,0.42000000000000004,2026-09-24T08:01:32.707590+00:00
5391,0.40499999999999997,2026-09-24T08:01:32.709992+00:00
5392,0.42700000000000005,2026-09-24T08:01:32.712430+00:00
5393,0.525,2026-09-24T08:01:32.714935+00:00
5394,0.456,2026-09-24T08:01:32.717317+00:00
5395,0.462,2026-09-24T08:01:32.719735+00:00
5396,0.45199999999999996,2026-09-24T08:01:32.722155+00:00
5397,0.532,2026-09-24T08:01:32.724641+00:00
5398,0.48000000000000004,2026-09-24T08:01:32.727099+00:00
5399,0.47300000000000003,2026-09-24T08:01:32.729545+00:00
5400,0.457,2026-09-24T08:01:32.731952+00:00
5401,0.54,2026-09-24T08:01:32.734447+00:00
5402,0.544,2026-09-24T08:01:32.736878+00:00
5403,0.5640000000000001,2026-09-24T08:01:32.739396+00:00
5404,0.7739999999999999,2026-09-24T08:01:32.742219+00:00
5405,0.798,2026-09-24T08:01:32.745027+00:00
5406,0.784,2026-09-24T08:01:32.747840+00:00
5407,0.648,2026-09-24T08:01:32.750441+00:00
5408,1.0,2026-09-24T08:01:32.753335+00:00
5409,0.882,2026-09-24T08:01:32.756232+00:00
5410,0.588,2026-09-24T08:01:32.758807+00:00
5411,0.527,2026-09-24T08:01:32.761395+00:00
5412,0.491,2026-09-24T08:01:32.763921+00:00
5413,0.496,2026-09-24T08:01:32.766475+00:00
5414,0.6489999999999999,2026-09-24T08:01:32.769247+00:00
5415,0.505,2026-09-24T08:01:32.771834+00:00
5416,0.441,2026-09-24T08:01:32.774317+00:00
5417,0.464,2026-09-24T08:01:32.776814+00:00
5418,0.502,2026-09-24T08:01:32.779341+00:00
5419,0.554,2026-09-24T08:01:32.781846+00:00
5420,0.502,2026-09-24T08:01:32.784289+00:00
5421,0.503,2026-09-24T08:01:32.786730+00:00
5422,0.519,2026-09-24T08:01:32.789190+00:00
5423,0.521,2026-09-24T08:01:32.791661+00:00
5424,0.49799999999999994,2026-09-24T08:01:32.794097+00:00
5425,0.508,2026-09-24T08:01:32.796544+00:00
5426,0.49,2026-09-24T08:01:32.798961+00:00
5427,0.53,2026-09-24T08:01:32.801432+00:00
5428,0.518,2026-09-24T08:01:32.803880+00:00
5429,0.499,2026-09-24T08:01:32.806315+00:00
5430,0.494,2026-09-24T08:01:32.808753+00:00
5431,0.507,2026-09-24T08:01:32.811205+00:00
5432,0.5,2026-09-24T08:01:32.813644+00:00
5433,0.488,2026-09-24T08:01:32.816072+00:00
5434,0.518,2026-09-24T08:01:32.818533+00:00
5435,0.479,2026-09-24T08:01:32.820925+00:00
5436,0.509,2026-09-24T08:01:32.823373+00:00
5437,0.505,2026-09-24T08:01:32.825815+00:00
5438,0.528,2026-09-24T08:01:32.828282+00:00
5439,0.521,2026-09-24T08:01:32.830756+00:00
5440,0.506,2026-09-24T08:01:32.833201+00:00
5441,0.51,2026-09-24T08:01:32.835650+00:00
5442,0.501,2026-09-24T08:01:32.838093+00:00
5443,0.515,2026-09-24T08:01:32.840548+00:00
5444,0.49200000000000005,2026-09-24T08:01:32.842914+00:00
5445,0.508,2026-09-24T08:01:32.845361+00:00
5446,0.502,2026-09-24T08:01:32.847797+00:00
5447,0.516,2026-09-24T08:01:32.850248+00:00
5448,0.512,2026-09-24T08:01:32.852692+00:00
5449,0.506,2026-09-24T08:01:32.855141+00:00
5450,0.517,2026-09-24T08:01:32.857594+00:00
5451,0.496,2026-09-24T08:01:32.860016+00:00
5452,0.5479999999999999,2026-09-24T08:01:32.862505+00:00
5453,0.507,2026-09-24T08:01:32.864936+00:00
5454,0.611,2026-09-24T08:01:32.867486+00:00
5455,0.648,2026-09-24T08:01:32.870084+00:00
5456,0.481,2026-09-24T08:01:32.872446+00:00
5457,0.444,2026-09-24T08:01:32.874850+00:00
5458,0.41,2026-09-24T08:01:32.877268+00:00
5459,0.66,2026-09-24T08:01:32.879909+00:00
5460,0.5109999999999999,2026-09-24T08:01:32.882250+00:00
5461,0.6130000000000001,2026-09-24T08:01:32.885009+00:00
5462,0.592,2026-09-24T08:01:32.887694+00:00
5463,0.638,2026-09-24T08:01:32.890256+00:00
5464,0.5599999999999999,2026-09-24T08:01:32.892836+00:00
5465,0.47100000000000003,2026-09-24T08:01:32.895267+00:00
5466,0.501,2026-09-24T08:01:32.897786+00:00
5467,0.435,2026-09-24T08:01:32.900299+00:00
5468,0.435,2026-09-24T08:01:32.902816+00:00
5469,0.41100000000000003,2026-09-24T08:01:32.905301+00:00
5470,0.421,2026-09-24T08:01:32.907792+00:00
5471,0.41300000000000003,2026-09-24T08:01:32.910279+00:00
5472,0.49799999999999994,2026-09-24T08:01:32.912854+00:00
5473,0.429,2026-09-24T08:01:32.915311+00:00
5474,0.472,2026-09-24T08:01:32.917826+00:00
5475,0.785,2026-09-24T08:01:32.920856+00:00
5476,0.6809999999999999,2026-09-24T08:01:32.923671+00:00
5477,0.47100000000000003,2026-09-24T08:01:32.926194+00:00
5478,0.578,2026-09-24T08:01:32.928851+00:00
5479,0.45199999999999996,2026-09-24T08:01:32.931248+00:00
5480,0.434,2026-09-24T08:01:32.933731+00:00
5481,0.41300000000000003,2026-09-24T08:01:32.936231+00:00
5482,0.422,2026-09-24T08:01:32.938755+00:00
5483,0.399,2026-09-24T08:01:32.941249+00:00
5484,0.41300000000000003,2026-09-24T08:01:32.943767+00:00
5485,0.484,2026-09-24T08:01:32.946350+00:00
5486,0.508,2026-09-24T08:01:32.948884+00:00
5487,0.47300000000000003,2026-09-24T08:01:32.951372+00:00
5488,0.48899999999999993,2026-09-24T08:01:32.953886+00:00
5489,0.46,2026-09-24T08:01:32.956374+00:00
5490,0.6539999999999999,2026-09-24T08:01:32.959062+00:00
5491,0.666,2026-09-24T08:01:32.962036+00:00
5492,0.5429999999999999,2026-09-24T08:01:32.964670+00:00
5493,0.49700000000000005,2026-09-24T08:01:32.967270+00:00
5494,0.505,2026-09-24T08:01:32.969884+00:00
5495,0.5630000000000001,2026-09-24T08:01:32.972552+00:00
5496,0.6669999999999999,2026-09-24T08:01:32.975248+00:00
5497,0.752,2026-09-24T08:01:32.977890+00:00
5498,0.9650000000000001,2026-09-24T08:01:32.981013+00:00
5499,0.7020000000000001,2026-09-24T08:01:32.983869+00:00
5500,0.6719999999999999,2026-09-24T08:01:32.986755+00:00
5501,0.64,2026-09-24T08:01:32.989625+00:00
5502,0.65,2026-09-24T08:01:32.992477+00:00
5503,0.633,2026-09-24T08:01:32.995341+00:00
5504,0.678,2026-09-24T08:01:32.998366+00:00
5505,1.203,2026-09-24T08:01:33.001769+00:00
5506,0.868,2026-09-24T08:01:33.004334+00:00
5507,0.732,2026-09-24T08:01:33.007097+00:00
5508,0.515,2026-09-24T08:01:33.009677+00:00
5509,0.532,2026-09-24T08:01:33.012254+00:00
5510,0.477,2026-09-24T08:01:33.014773+00:00
5511,0.457,2026-09-24T08:01:33.017270+00:00
5512,0.91,2026-09-24T08:01:33.020239+00:00
5513,0.6809999999999999,2026-09-24T08:01:33.022804+00:00
5514,0.49799999999999994,2026-09-24T08:01:33.025333+00:00
5515,0.57,2026-09-24T08:01:33.027936+00:00
5516,0.509,2026-09-24T08:01:33.030384+00:00
5517,0.631,2026-09-24T08:01:33.033138+00:00
5518,0.49,2026-09-24T08:01:33.035653+00:00
5519,0.47600000000000003,2026-09-24T08:01:33.038201+00:00
5520,0.501,2026-09-24T08:01:33.040775+00:00
5521,0.45899999999999996,2026-09-24T08:01:33.043310+00:00
5522,0.479,2026-09-24T08:01:33.045867+00:00
5523,0.462,2026-09-24T08:01:33.048401+00:00
5524,0.65,2026-09-24T08:01:33.051124+00:00
5525,0.669,2026-09-24T08:01:33.053817+00:00
5526,0.526,2026-09-24T08:01:33.056248+00:00
5527,0.495,2026-09-24T08:01:33.058787+00:00
5528,0.8009999999999999,2026-09-24T08:01:33.061654+00:00
5529,0.725,2026-09-24T08:01:33.064477+00:00
5530,0.63,2026-09-24T08:01:33.067141+00:00
5531,0.85,2026-09-24T08:01:33.069952+00:00
5532,0.626,2026-09-24T08:01:33.072482+00:00
5533,0.621,2026-09-24T08:01:33.075184+00:00
5534,0.5900000000000001,2026-09-24T08:01:33.077850+00:00
5535,0.506,2026-09-24T08:01:33.080345+00:00
5536,0.49799999999999994,2026-09-24T08:01:33.082811+00:00
5537,0.448,2026-09-24T08:01:33.085227+00:00
5538,0.462,2026-09-24T08:01:33.087676+00:00
5539,0.621,2026-09-24T08:01:33.090293+00:00
5540,0.8170000000000001,2026-09-24T08:01:33.092970+00:00
5541,0.5519999999999999,2026-09-24T08:01:33.095502+00:00
5542,0.6769999999999999,2026-09-24T08:01:33.098200+00:00
5543,0.594,2026-09-24T08:01:33.100801+00:00
5544,0.868,2026-09-24T08:01:33.103712+00:00
5545,0.593,2026-09-24T08:01:33.106401+00:00
5546,0.53,2026-09-24T08:01:33.109038+00:00
5547,0.731,2026-09-24T08:01:33.111793+00:00
5548,0.883,2026-09-24T08:01:33.114600+00:00
5549,0.624,2026-09-24T08:01:33.117015+00:00
5550,0.525,2026-09-24T08:01:33.119485+00:00
5551,0.49299999999999994,2026-09-24T08:01:33.122067+00:00
5552,0.513,2026-09-24T08:01:33.124639+00:00
5553,0.48899999999999993,2026-09-24T08:01:33.127187+00:00
5554,0.628,2026-09-24T08:01:33.129882+00:00
5555,0.482,2026-09-24T08:01:33.132401+00:00
5556,0.579,2026-09-24T08:01:33.135043+00:00
5557,0.63,2026-09-24T08:01:33.137670+00:00
5558,0.458,2026-09-24T08:01:33.140080+00:00
5559,0.6589999999999999,2026-09-24T08:01:33.142804+00:00
5560,0.5730000000000001,2026-09-24T08:01:33.145486+00:00
5561,0.513,2026-09-24T08:01:33.148119+00:00
5562,0.501,2026-09-24T08:01:33.150696+00:00
5563,0.484,2026-09-24T08:01:33.153256+00:00
5564,0.6849999999999999,2026-09-24T08:01:33.155999+00:00
5565,0.5519999999999999,2026-09-24T08:01:33.158637+00:00
5566,0.5680000000000001,2026-09-24T08:01:33.161253+00:00
5567,0.505,2026-09-24T08:01:33.163682+00:00
5568,0.417,2026-09-24T08:01:33.166093+00:00
5569,0.446,2026-09-24T08:01:33.168566+00:00
5570,0.416,2026-09-24T08:01:33.171050+00:00
5571,0.421,2026-09-24T08:01:33.173494+00:00
5572,0.5680000000000001,2026-09-24T08:01:33.176106+00:00
5573,0.465,2026-09-24T08:01:33.178628+00:00
5574,0.429,2026-09-24T08:01:33.181103+00:00
5575,0.453,2026-09-24T08:01:33.183585+00:00
5576,0.41100000000000003,2026-09-24T08:01:33.186017+00:00
5577,0.421,2026-09-24T08:01:33.188470+00:00
5578,0.419,2026-09-24T08:01:33.190928+00:00
5579,0.474,2026-09-24T08:01:33.193429+00:00
5580,0.42700000000000005,2026-09-24T08:01:33.195857+00:00
5581,0.408,2026-09-24T08:01:33.198295+00:00
5582,0.426,2026-09-24T08:01:33.200751+00:00
5583,0.662,2026-09-24T08:01:33.203649+00:00
5584,0.65,2026-09-24T08:01:33.206431+00:00
5585,0.521,2026-09-24T08:01:33.209036+00:00
5586,0.455,2026-09-24T08:01:33.211551+00:00
5587,0.54,2026-09-24T08:01:33.214128+00:00
5588,0.5910000000000001,2026-09-24T08:01:33.216838+00:00
5589,0.435,2026-09-24T08:01:33.219296+00:00
5590,0.415,2026-09-24T08:01:33.221726+00:00
5591,0.397,2026-09-24T08:01:33.224139+00:00
5592,0.5770000000000001,2026-09-24T08:01:33.226735+00:00
5593,0.395,2026-09-24T08:01:33.229063+00:00
5594,0.383,2026-09-24T08:01:33.231477+00:00
5595,0.37,2026-09-24T08:01:33.233886+00:00
5596,0.375,2026-09-24T08:01:33.236362+00:00
5597,0.382,2026-09-24T08:01:33.238837+00:00
5598,0.364,2026-09-24T08:01:33.241285+00:00
5599,0.46900000000000003,2026-09-24T08:01:33.243900+00:00
5600,0.41,2026-09-24T08:01:33.246426+00:00
5601,0.386,2026-09-24T08:01:33.248914+00:00
5602,0.5419999999999999,2026-09-24T08:01:33.251582+00:00
5603,0.998,2026-09-24T08:01:33.254681+00:00
5604,0.559,2026-09-24T08:01:33.257250+00:00
5605,0.525,2026-09-24T08:01:33.259916+00:00
5606,0.516,2026-09-24T08:01:33.262541+00:00
5607,0.47,2026-09-24T08:01:33.265099+00:00
5608,0.737,2026-09-24T08:01:33.267981+00:00
5609,0.891,2026-09-24T08:01:33.271093+00:00
5610,0.588,2026-09-24T08:01:33.273785+00:00
5611,0.694,2026-09-24T08:01:33.276532+00:00
5612,0.539,2026-09-24T08:01:33.278942+00:00
5613,0.503,2026-09-24T08:01:33.281471+00:00
5614,0.484,2026-09-24T08:01:33.283996+00:00
5615,0.589,2026-09-24T08:01:33.286666+00:00
5616,0.596,2026-09-24T08:01:33.289357+00:00
5617,0.533,2026-09-24T08:01:33.291908+00:00
5618,0.504,2026-09-24T08:01:33.294447+00:00
5619,0.46299999999999997,2026-09-24T08:01:33.296957+00:00
5620,0.455,2026-09-24T08:01:33.299457+00:00
5621,0.905,2026-09-24T08:01:33.302476+00:00
5622,0.646,2026-09-24T08:01:33.304760+00:00
5623,0.7200000000000001,2026-09-24T08:01:33.307379+00:00
5624,0.6489999999999999,2026-09-24T08:01:33.310034+00:00
5625,0.687,2026-09-24T08:01:33.312631+00:00
5626,0.6539999999999999,2026-09-24T08:01:33.315160+00:00
5627,0.656,2026-09-24T08:01:33.317710+00:00
5628,0.484,2026-09-24T08:01:33.320021+00:00
5629,0.491,2026-09-24T08:01:33.322464+00:00
5630,0.465,2026-09-24T08:01:33.324873+00:00
5631,0.457,2026-09-24T08:01:33.327304+00:00
5632,0.48500000000000004,2026-09-24T08:01:33.329791+00:00
5633,0.482,2026-09-24T08:01:33.332296+00:00
5634,0.455,2026-09-24T08:01:33.334768+00:00
5635,0.446,2026-09-24T08:01:33.337260+00:00
5636,0.66,2026-09-24T08:01:33.339949+00:00
5637,0.9,2026-09-24T08:01:33.342855+00:00
5638,0.48000000000000004,2026-09-24T08:01:33.345309+00:00
5639,0.588,2026-09-24T08:01:33.347921+00:00
5640,0.517,2026-09-24T08:01:33.350537+00:00
5641,0.684,2026-09-24T08:01:33.353375+00:00
5642,0.484,2026-09-24T08:01:33.355878+00:00
5643,0.9179999999999999,2026-09-24T08:01:33.359079+00:00
5644,0.736,2026-09-24T08:01:33.361952+00:00
5645,0.6769999999999999,2026-09-24T08:01:33.364778+00:00
5646,0.709,2026-09-24T08:01:33.367626+00:00
5647,0.6849999999999999,2026-09-24T08:01:33.370481+00:00
5648,0.647,2026-09-24T08:01:33.373359+00:00
5649,0.527,2026-09-24T08:01:33.375929+00:00
5650,0.6980000000000001,2026-09-24T08:01:33.378612+00:00
5651,0.709,2026-09-24T08:01:33.381227+00:00
5652,0.647,2026-09-24T08:01:33.383766+00:00
5653,0.787,2026-09-24T08:01:33.386378+00:00
5654,0.8180000000000001,2026-09-24T08:01:33.389155+00:00
5655,0.75,2026-09-24T08:01:33.391713+00:00
5656,0.7010000000000001,2026-09-24T08:01:33.394441+00:00
5657,1.228,2026-09-24T08:01:33.397596+00:00
5658,1.517,2026-09-24T08:01:33.400900+00:00
5659,0.61,2026-09-24T08:01:33.402532+00:00
5660,0.525,2026-09-24T08:01:33.404948+00:00
5661,0.611,2026-09-24T08:01:33.407523+00:00
5662,0.5109999999999999,2026-09-24T08:01:33.409907+00:00
5663,0.51,2026-09-24T08:01:33.412387+00:00
5664,0.464,2026-09-24T08:01:33.414752+00:00
5665,0.458,2026-09-24T08:01:33.417173+00:00
5666,0.439,2026-09-24T08:01:33.419562+00:00
5667,0.431,2026-09-24T08:01:33.421962+00:00
5668,0.425,2026-09-24T08:01:33.424356+00:00
5669,0.429,2026-09-24T08:01:33.426757+00:00
5670,0.455,2026-09-24T08:01:33.429185+00:00
5671,0.43,2026-09-24T08:01:33.431556+00:00
5672,0.434,2026-09-24T08:01:33.433957+00:00
5673,0.441,2026-09-24T08:01:33.436356+00:00
5674,0.501,2026-09-24T08:01:33.438806+00:00
5675,0.477,2026-09-24T08:01:33.441243+00:00
5676,0.46599999999999997,2026-09-24T08:01:33.443672+00:00
5677,0.44499999999999995,2026-09-24T08:01:33.446087+00:00
5678,0.434,2026-09-24T08:01:33.448457+00:00
5679,0.437,2026-09-24T08:01:33.450839+00:00
5680,0.426,2026-09-24T08:01:33.453204+00:00
5681,0.522,2026-09-24T08:01:33.455666+00:00
5682,0.467,2026-09-24T08:01:33.458026+00:00
5683,0.46299999999999997,2026-09-24T08:01:33.460429+00:00
5684,0.453,2026-09-24T08:01:33.462814+00:00
5685,0.44499999999999995,2026-09-24T08:01:33.465204+00:00
5686,0.384,2026-09-24T08:01:33.467523+00:00
5687,0.395,2026-09-24T08:01:33.469913+00:00
5688,0.38,2026-09-24T08:01:33.472308+00:00
5689,0.422,2026-09-24T08:01:33.474741+00:00
5690,0.544,2026-09-24T08:01:33.477394+00:00
5691,0.5419999999999999,2026-09-24T08:01:33.479979+00:00
5692,0.648,2026-09-24T08:01:33.482568+00:00
5693,0.5199999999999999,2026-09-24T08:01:33.485057+00:00
5694,0.5760000000000001,2026-09-24T08:01:33.487635+00:00
5695,0.49799999999999994,2026-09-24T08:01:33.490069+00:00
5696,0.509,2026-09-24T08:01:33.492581+00:00
5697,0.455,2026-09-24T08:01:33.495054+00:00
5698,0.455,2026-09-24T08:01:33.497526+00:00
5699,0.49200000000000005,2026-09-24T08:01:33.500077+00:00
5700,0.516,2026-09-24T08:01:33.502631+00:00
5701,0.9790000000000001,2026-09-24T08:01:33.505705+00:00
5702,0.787,2026-09-24T08:01:33.508700+00:00
5703,0.754,2026-09-24T08:01:33.511618+00:00
5704,0.65,2026-09-24T08:01:33.514353+00:00
5705,0.574,2026-09-24T08:01:33.516962+00:00
5706,0.537,2026-09-24T08:01:33.519502+00:00
5707,0.525,2026-09-24T08:01:33.522028+00:00
5708,0.531,2026-09-24T08:01:33.524530+00:00
5709,0.49,2026-09-24T08:01:33.527001+00:00
5710,0.48500000000000004,2026-09-24T08:01:33.529481+00:00
5711,0.524,2026-09-24T08:01:33.531987+00:00
5712,0.509,2026-09-24T08:01:33.534501+00:00
5713,0.49700000000000005,2026-09-24T08:01:33.536963+00:00
5714,0.544,2026-09-24T08:01:33.539480+00:00
5715,0.516,2026-09-24T08:01:33.541964+00:00
5716,0.5469999999999999,2026-09-24T08:01:33.544487+00:00
5717,0.532,2026-09-24T08:01:33.546971+00:00
5718,0.524,2026-09-24T08:01:33.549470+00:00
5719,0.6449999999999999,2026-09-24T08:01:33.552127+00:00
5720,0.7879999999999999,2026-09-24T08:01:33.555001+00:00
5721,0.838,2026-09-24T08:01:33.557957+00:00
5722,0.764,2026-09-24T08:01:33.560782+00:00
5723,0.731,2026-09-24T08:01:33.563592+00:00
5724,0.719,2026-09-24T08:01:33.566363+00:00
5725,0.73,2026-09-24T08:01:33.569168+00:00
5726,0.718,2026-09-24T08:01:33.571948+00:00
5727,0.712,2026-09-24T08:01:33.574754+00:00
5728,0.718,2026-09-24T08:01:33.577516+00:00
5729,0.6859999999999999,2026-09-24T08:01:33.580259+00:00
5730,0.703,2026-09-24T08:01:33.583062+00:00
5731,0.678,2026-09-24T08:01:33.585840+00:00
5732,0.7,2026-09-24T08:01:33.588582+00:00
5733,0.6819999999999999,2026-09-24T08:01:33.591315+00:00
5734,0.703,2026-09-24T08:01:33.594085+00:00
5735,0.7150000000000001,2026-09-24T08:01:33.596899+00:00
5736,0.691,2026-09-24T08:01:33.599681+00:00
5737,0.712,2026-09-24T08:01:33.602501+00:00
5738,0.637,2026-09-24T08:01:33.605173+00:00
5739,0.5900000000000001,2026-09-24T08:01:33.607785+00:00
5740,0.518,2026-09-24T08:01:33.610246+00:00
5741,0.507,2026-09-24T08:01:33.612745+00:00
5742,0.491,2026-09-24T08:01:33.615232+00:00
5743,0.523,2026-09-24T08:01:33.617736+00:00
5744,0.48899999999999993,2026-09-24T08:01:33.620198+00:00
5745,0.49799999999999994,2026-09-24T08:01:33.622681+00:00
5746,0.494,2026-09-24T08:01:33.625147+00:00
5747,0.488,2026-09-24T08:01:33.627610+00:00
5748,0.46900000000000003,2026-09-24T08:01:33.630077+00:00
5749,0.747,2026-09-24T08:01:33.632835+00:00
5750,0.5419999999999999,2026-09-24T08:01:33.635298+00:00
5751,0.505,2026-09-24T08:01:33.637743+00:00
5752,0.49,2026-09-24T08:01:33.640193+00:00
5753,0.62,2026-09-24T08:01:33.642796+00:00
5754,0.513,2026-09-24T08:01:33.645168+00:00
5755,0.47300000000000003,2026-09-24T08:01:33.647610+00:00
5756,0.472,2026-09-24T08:01:33.650080+00:00
5757,0.49299999999999994,2026-09-24T08:01:33.652558+00:00
5758,0.501,2026-09-24T08:01:33.655033+00:00
5759,0.446,2026-09-24T08:01:33.657391+00:00
5760,0.5419999999999999,2026-09-24T08:01:33.659891+00:00
5761,0.44499999999999995,2026-09-24T08:01:33.662352+00:00
5762,0.458,2026-09-24T08:01:33.664778+00:00
5763,0.496,2026-09-24T08:01:33.667236+00:00
5764,0.48000000000000004,2026-09-24T08:01:33.669710+00:00
5765,0.6890000000000001,2026-09-24T08:01:33.672492+00:00
5766,0.453,2026-09-24T08:01:33.674816+00:00
5767,0.508,2026-09-24T08:01:33.677324+00:00
5768,0.429,2026-09-24T08:01:33.679811+00:00
5769,0.894,2026-09-24T08:01:33.682747+00:00
5770,0.787,2026-09-24T08:01:33.685663+00:00
5771,0.618,2026-09-24T08:01:33.688303+00:00
5772,0.528,2026-09-24T08:01:33.690987+00:00
5773,0.603,2026-09-24T08:01:33.693678+00:00
5774,0.526,2026-09-24T08:01:33.696252+00:00
5775,0.756,2026-09-24T08:01:33.699138+00:00
5776,0.5630000000000001,2026-09-24T08:01:33.701713+00:00
5777,0.505,2026-09-24T08:01:33.704266+00:00
5778,0.732,2026-09-24T08:01:33.707046+00:00
5779,0.721,2026-09-24T08:01:33.709620+00:00
5780,0.833,2026-09-24T08:01:33.712402+00:00
5781,0.8630000000000001,2026-09-24T08:01:33.715237+00:00
5782,0.8069999999999999,2026-09-24T08:01:33.718166+00:00
5783,0.5670000000000001,2026-09-24T08:01:33.720834+00:00
5784,0.571,2026-09-24T08:01:33.723479+00:00
5785,0.465,2026-09-24T08:01:33.725992+00:00
5786,0.46900000000000003,2026-09-24T08:01:33.728510+00:00
5787,0.421,2026-09-24T08:01:33.730981+00:00
5788,0.441,2026-09-24T08:01:33.733473+00:00
5789,0.439,2026-09-24T08:01:33.735964+00:00
5790,0.429,2026-09-24T08:01:33.738430+00:00
5791,0.40900000000000003,2026-09-24T08:01:33.740838+00:00
5792,0.41,2026-09-24T08:01:33.743297+00:00
5793,0.446,2026-09-24T08:01:33.745801+00:00
5794,0.438,2026-09-24T08:01:33.748284+00:00
5795,0.441,2026-09-24T08:01:33.750762+00:00
5796,0.756,2026-09-24T08:01:33.753591+00:00
5797,0.578,2026-09-24T08:01:33.756145+00:00
5798,0.5640000000000001,2026-09-24T08:01:33.758742+00:00
5799,0.428,2026-09-24T08:01:33.761216+00:00
5800,0.43,2026-09-24T08:01:33.763684+00:00
5801,0.41300000000000003,2026-09-24T08:01:33.766143+00:00
5802,0.7380000000000001,2026-09-24T08:01:33.768925+00:00
5803,0.596,2026-09-24T08:01:33.771630+00:00
5804,0.6489999999999999,2026-09-24T08:01:33.774422+00:00
5805,0.629,2026-09-24T08:01:33.777274+00:00
5806,0.665,2026-09-24T08:01:33.780162+00:00
5807,0.6679999999999999,2026-09-24T08:01:33.783024+00:00
5808,0.93,2026-09-24T08:01:33.786168+00:00
5809,0.949,2026-09-24T08:01:33.789250+00:00
5810,0.83,2026-09-24T08:01:33.792105+00:00
5811,0.8140000000000001,2026-09-24T08:01:33.794983+00:00
5812,0.8270000000000001,2026-09-24T08:01:33.797879+00:00
5813,0.898,2026-09-24T08:01:33.800929+00:00
5814,1.143,2026-09-24T08:01:33.804247+00:00
5815,0.953,2026-09-24T08:01:33.807267+00:00
5816,1.013,2026-09-24T08:01:33.810379+00:00
5817,0.886,2026-09-24T08:01:33.813277+00:00
5818,0.603,2026-09-24T08:01:33.815980+00:00
5819,0.625,2026-09-24T08:01:33.818682+00:00
5820,0.603,2026-09-24T08:01:33.821273+00:00
5821,0.6920000000000001,2026-09-24T08:01:33.824061+00:00
5822,0.609,2026-09-24T08:01:33.826846+00:00
5823,0.499,2026-09-24T08:01:33.829434+00:00
5824,0.45399999999999996,2026-09-24T08:01:33.831951+00:00
5825,0.628,2026-09-24T08:01:33.834690+00:00
5826,0.665,2026-09-24T08:01:33.837552+00:00
5827,0.6449999999999999,2026-09-24T08:01:33.840443+00:00
5828,0.644,2026-09-24T08:01:33.843285+00:00
5829,0.5569999999999999,2026-09-24T08:01:33.846032+00:00
5830,0.8170000000000001,2026-09-24T08:01:33.849056+00:00
5831,0.506,2026-09-24T08:01:33.851508+00:00
5832,0.462,2026-09-24T08:01:33.854018+00:00
5833,0.642,2026-09-24T08:01:33.856726+00:00
5834,0.451,2026-09-24T08:01:33.859273+00:00
5835,0.442,2026-09-24T08:01:33.861779+00:00
5836,0.474,2026-09-24T08:01:33.864320+00:00
5837,0.46,2026-09-24T08:01:33.866791+00:00
5838,0.406,2026-09-24T08:01:33.869246+00:00
5839,0.601,2026-09-24T08:01:33.871911+00:00
5840,0.6970000000000001,2026-09-24T08:01:33.874887+00:00
5841,0.438,2026-09-24T08:01:33.877369+00:00
5842,0.5,2026-09-24T08:01:33.879951+00:00
5843,1.1900000000000002,2026-09-24T08:01:33.883454+00:00
5844,0.859,2026-09-24T08:01:33.886286+00:00
5845,0.558,2026-09-24T08:01:33.888745+00:00
5846,0.608,2026-09-24T08:01:33.891400+00:00
5847,0.539,2026-09-24T08:01:33.893927+00:00
5848,0.491,2026-09-24T08:01:33.896446+00:00
5849,0.565,2026-09-24T08:01:33.899120+00:00
5850,0.628,2026-09-24T08:01:33.901730+00:00
5851,0.475,2026-09-24T08:01:33.904314+00:00
5852,0.512,2026-09-24T08:01:33.906873+00:00
5853,0.46900000000000003,2026-09-24T08:01:33.909377+00:00
5854,0.5559999999999999,2026-09-24T08:01:33.911985+00:00
5855,0.565,2026-09-24T08:01:33.914627+00:00
5856,0.5810000000000001,2026-09-24T08:01:33.917200+00:00
5857,0.509,2026-09-24T08:01:33.919656+00:00
5858,0.514,2026-09-24T08:01:33.922174+00:00
5859,0.504,2026-09-24T08:01:33.924669+00:00
5860,0.5,2026-09-24T08:01:33.927190+00:00
5861,0.49200000000000005,2026-09-24T08:01:33.929680+00:00
5862,0.5509999999999999,2026-09-24T08:01:33.932260+00:00
5863,0.5469999999999999,2026-09-24T08:01:33.934839+00:00
5864,0.731,2026-09-24T08:01:33.937789+00:00
5865,0.531,2026-09-24T08:01:33.940405+00:00
5866,0.484,2026-09-24T08:01:33.943026+00:00
5867,0.6849999999999999,2026-09-24T08:01:33.945850+00:00
5868,0.641,2026-09-24T08:01:33.948546+00:00
5869,0.412,2026-09-24T08:01:33.950851+00:00
5870,0.419,2026-09-24T08:01:33.953312+00:00
5871,0.47600000000000003,2026-09-24T08:01:33.955798+00:00
5872,0.415,2026-09-24T08:01:33.958202+00:00
5873,0.39,2026-09-24T08:01:33.960619+00:00
5874,0.375,2026-09-24T08:01:33.963023+00:00
5875,0.38699999999999996,2026-09-24T08:01:33.965453+00:00
5876,0.483,2026-09-24T08:01:33.967976+00:00
5877,0.5109999999999999,2026-09-24T08:01:33.970436+00:00
5878,0.453,2026-09-24T08:01:33.972882+00:00
5879,0.441,2026-09-24T08:01:33.975343+00:00
5880,0.45399999999999996,2026-09-24T08:01:33.977832+00:00
5881,0.496,2026-09-24T08:01:33.980349+00:00
5882,0.43,2026-09-24T08:01:33.982823+00:00
5883,0.717,2026-09-24T08:01:33.985722+00:00
5884,0.584,2026-09-24T08:01:33.988339+00:00
5885,0.726,2026-09-24T08:01:33.991097+00:00
5886,0.612,2026-09-24T08:01:33.993854+00:00
5887,0.504,2026-09-24T08:01:33.996422+00:00
5888,0.38699999999999996,2026-09-24T08:01:33.998854+00:00
5889,0.535,2026-09-24T08:01:34.001441+00:00
5890,0.392,2026-09-24T08:01:34.003816+00:00
5891,0.46,2026-09-24T08:01:34.006350+00:00
5892,0.737,2026-09-24T08:01:34.009194+00:00
5893,0.559,2026-09-24T08:01:34.011887+00:00
5894,0.47100000000000003,2026-09-24T08:01:34.014453+00:00
5895,0.65,2026-09-24T08:01:34.017185+00:00
5896,0.474,2026-09-24T08:01:34.019807+00:00
5897,0.514,2026-09-24T08:01:34.022475+00:00
5898,0.447,2026-09-24T08:01:34.024957+00:00
5899,0.39399999999999996,2026-09-24T08:01:34.027404+00:00
5900,0.386,2026-09-24T08:01:34.029900+00:00
5901,0.374,2026-09-24T08:01:34.032375+00:00
5902,0.566,2026-09-24T08:01:34.035069+00:00
5903,0.522,2026-09-24T08:01:34.037631+00:00
5904,0.49200000000000005,2026-09-24T08:01:34.040175+00:00
5905,0.491,2026-09-24T08:01:34.042749+00:00
5906,0.448,2026-09-24T08:01:34.045245+00:00
5907,0.442,2026-09-24T08:01:34.047712+00:00
5908,0.443,2026-09-24T08:01:34.050187+00:00
5909,0.472,2026-09-24T08:01:34.052689+00:00
5910,0.776,2026-09-24T08:01:34.055567+00:00
5911,0.9349999999999999,2026-09-24T08:01:34.058290+00:00
5912,0.78,2026-09-24T08:01:34.061017+00:00
5913,0.635,2026-09-24T08:01:34.063563+00:00
5914,0.618,2026-09-24T08:01:34.066007+00:00
5915,0.875,2026-09-24T08:01:34.068706+00:00
5916,0.8540000000000001,2026-09-24T08:01:34.071614+00:00
5917,0.769,2026-09-24T08:01:34.074467+00:00
5918,0.749,2026-09-24T08:01:34.077222+00:00
5919,0.861,2026-09-24T08:01:34.080110+00:00
5920,0.7789999999999999,2026-09-24T08:01:34.082888+00:00
5921,0.846,2026-09-24T08:01:34.085646+00:00
5922,0.618,2026-09-24T08:01:34.088193+00:00
5923,0.648,2026-09-24T08:01:34.090779+00:00
5924,0.446,2026-09-24T08:01:34.093176+00:00
5925,0.45899999999999996,2026-09-24T08:01:34.095674+00:00
5926,0.426,2026-09-24T08:01:34.098138+00:00
5927,0.432,2026-09-24T08:01:34.100617+00:00
5928,0.446,2026-09-24T08:01:34.103106+00:00
5929,0.435,2026-09-24T08:01:34.105557+00:00
5930,0.447,2026-09-24T08:01:34.108060+00:00
5931,0.47600000000000003,2026-09-24T08:01:34.110581+00:00
5932,0.892,2026-09-24T08:01:34.113522+00:00
5933,0.707,2026-09-24T08:01:34.115950+00:00
5934,0.49299999999999994,2026-09-24T08:01:34.118372+00:00
5935,0.666,2026-09-24T08:01:34.121066+00:00
5936,0.6769999999999999,2026-09-24T08:01:34.123585+00:00
5937,0.602,2026-09-24T08:01:34.126037+00:00
5938,0.5289999999999999,2026-09-24T08:01:34.128532+00:00
5939,0.5730000000000001,2026-09-24T08:01:34.131143+00:00
5940,0.76,2026-09-24T08:01:34.133844+00:00
5941,0.648,2026-09-24T08:01:34.136439+00:00
5942,0.794,2026-09-24T08:01:34.139123+00:00
5943,0.598,2026-09-24T08:01:34.141713+00:00
5944,0.515,2026-09-24T08:01:34.144258+00:00
5945,0.6930000000000001,2026-09-24T08:01:34.146967+00:00
5946,0.611,2026-09-24T08:01:34.149432+00:00
5947,0.477,2026-09-24T08:01:34.151977+00:00
5948,0.40299999999999997,2026-09-24T08:01:34.154361+00:00
5949,0.766,2026-09-24T08:01:34.157158+00:00
5950,0.575,2026-09-24T08:01:34.159745+00:00
5951,0.559,2026-09-24T08:01:34.162347+00:00
5952,0.5419999999999999,2026-09-24T08:01:34.164788+00:00
5953,0.733,2026-09-24T08:01:34.167540+00:00
5954,0.5820000000000001,2026-09-24T08:01:34.170016+00:00
5955,0.662,2026-09-24T08:01:34.172588+00:00
5956,0.651,2026-09-24T08:01:34.175034+00:00
5957,0.8009999999999999,2026-09-24T08:01:34.177801+00:00
5958,0.6,2026-09-24T08:01:34.180471+00:00
5959,0.527,2026-09-24T08:01:34.183036+00:00
5960,0.491,2026-09-24T08:01:34.185523+00:00
5961,0.443,2026-09-24T08:01:34.187985+00:00
5962,0.46799999999999997,2026-09-24T08:01:34.190502+00:00
5963,0.5860000000000001,2026-09-24T08:01:34.193101+00:00
5964,0.482,2026-09-24T08:01:34.195617+00:00
5965,0.517,2026-09-24T08:01:34.198130+00:00
5966,0.516,2026-09-24T08:01:34.200714+00:00
5967,0.437,2026-09-24T08:01:34.203183+00:00
5968,0.6579999999999999,2026-09-24T08:01:34.205856+00:00
5969,0.524,2026-09-24T08:01:34.208187+00:00
5970,0.507,2026-09-24T08:01:34.210591+00:00
5971,0.499,2026-09-24T08:01:34.213005+00:00
5972,0.5339999999999999,2026-09-24T08:01:34.215448+00:00
5973,0.54,2026-09-24T08:01:34.217881+00:00
5974,0.509,2026-09-24T08:01:34.220301+00:00
5975,0.5289999999999999,2026-09-24T08:01:34.222734+00:00
5976,0.8069999999999999,2026-09-24T08:01:34.225673+00:00
5977,0.7290000000000001,2026-09-24T08:01:34.228497+00:00
5978,0.787,2026-09-24T08:01:34.231368+00:00
5979,0.636,2026-09-24T08:01:34.233917+00:00
5980,0.537,2026-09-24T08:01:34.236331+00:00
5981,0.5559999999999999,2026-09-24T08:01:34.238802+00:00
5982,0.5289999999999999,2026-09-24T08:01:34.241266+00:00
5983,0.5860000000000001,2026-09-24T08:01:34.243755+00:00
5984,0.605,2026-09-24T08:01:34.246343+00:00
5985,0.723,2026-09-24T08:01:34.249040+00:00
5986,0.768,2026-09-24T08:01:34.251744+00:00
5987,0.609,2026-09-24T08:01:34.254275+00:00
5988,0.49200000000000005,2026-09-24T08:01:34.256762+00:00
5989,0.49200000000000005,2026-09-24T08:01:34.259260+00:00
5990,0.6449999999999999,2026-09-24T08:01:34.261917+00:00
5991,0.559,2026-09-24T08:01:34.264439+00:00
5992,0.5680000000000001,2026-09-24T08:01:34.266898+00:00
5993,0.46,2026-09-24T08:01:34.269331+00:00
5994,0.88,2026-09-24T08:01:34.272227+00:00
5995,0.512,2026-09-24T08:01:34.274673+00:00
5996,0.629,2026-09-24T08:01:34.277300+00:00
5997,0.5950000000000001,2026-09-24T08:01:34.279824+00:00
5998,0.49,2026-09-24T08:01:34.282162+00:00
5999,0.518,2026-09-24T08:01:34.284595+00:00
6000,0.433,2026-09-24T08:01:34.286998+00:00
6001,0.9309999999999999,2026-09-24T08:01:34.289964+00:00
6002,0.621,2026-09-24T08:01:34.292587+00:00
6003,0.6880000000000001,2026-09-24T08:01:34.295213+00:00
6004,0.46799999999999997,2026-09-24T08:01:34.297523+00:00
6005,0.444,2026-09-24T08:01:34.299994+00:00
6006,0.40900000000000003,2026-09-24T08:01:34.302392+00:00
6007,0.526,2026-09-24T08:01:34.304955+00:00
6008,0.417,2026-09-24T08:01:34.307368+00:00
6009,0.426,2026-09-24T08:01:34.309807+00:00
6010,0.374,2026-09-24T08:01:34.312209+00:00
6011,0.513,2026-09-24T08:01:34.314764+00:00
6012,0.366,2026-09-24T08:01:34.317079+00:00
6013,0.453,2026-09-24T08:01:34.319572+00:00
6014,0.805,2026-09-24T08:01:34.322341+00:00
6015,0.878,2026-09-24T08:01:34.325259+00:00
6016,0.5680000000000001,2026-09-24T08:01:34.327636+00:00
6017,0.652,2026-09-24T08:01:34.330287+00:00
6018,0.475,2026-09-24T08:01:34.332571+00:00
6019,0.5730000000000001,2026-09-24T08:01:34.335114+00:00
6020,0.479,2026-09-24T08:01:34.337450+00:00
6021,0.47300000000000003,2026-09-24T08:01:34.339879+00:00
6022,0.683,2026-09-24T08:01:34.342535+00:00
6023,0.58,2026-09-24T08:01:34.345001+00:00
6024,0.449,2026-09-24T08:01:34.347347+00:00
6025,0.49799999999999994,2026-09-24T08:01:34.349842+00:00
6026,0.513,2026-09-24T08:01:34.352341+00:00
6027,0.541,2026-09-24T08:01:34.354852+00:00
6028,0.55,2026-09-24T08:01:34.357431+00:00
6029,1.026,2026-09-24T08:01:34.360693+00:00
6030,0.929,2026-09-24T08:01:34.363592+00:00
6031,0.584,2026-09-24T08:01:34.365964+00:00
6032,0.491,2026-09-24T08:01:34.368364+00:00
6033,0.508,2026-09-24T08:01:34.370817+00:00
6034,0.429,2026-09-24T08:01:34.373210+00:00
6035,0.527,2026-09-24T08:01:34.375748+00:00
6036,0.5,2026-09-24T08:01:34.378170+00:00
6037,0.592,2026-09-24T08:01:34.380711+00:00
6038,0.5339999999999999,2026-09-24T08:01:34.383091+00:00
6039,0.558,2026-09-24T08:01:34.385597+00:00
6040,0.465,2026-09-24T08:01:34.387909+00:00
6041,0.482,2026-09-24T08:01:34.390327+00:00
6042,0.5289999999999999,2026-09-24T08:01:34.392789+00:00
6043,0.456,2026-09-24T08:01:34.395147+00:00
6044,0.5429999999999999,2026-09-24T08:01:34.397619+00:00
6045,0.624,2026-09-24T08:01:34.400267+00:00
6046,0.585,2026-09-24T08:01:34.402822+00:00
6047,0.571,2026-09-24T08:01:34.405270+00:00
6048,0.475,2026-09-24T08:01:34.407706+00:00
6049,0.45,2026-09-24T08:01:34.410118+00:00
6050,0.453,2026-09-24T08:01:34.412542+00:00
6051,0.559,2026-09-24T08:01:34.415065+00:00
6052,0.933,2026-09-24T08:01:34.417998+00:00
6053,0.6920000000000001,2026-09-24T08:01:34.420487+00:00
6054,0.631,2026-09-24T08:01:34.422877+00:00
6055,0.726,2026-09-24T08:01:34.425435+00:00
6056,0.653,2026-09-24T08:01:34.427953+00:00
6057,0.771,2026-09-24T08:01:34.430583+00:00
6058,0.627,2026-09-24T08:01:34.432963+00:00
6059,0.5419999999999999,2026-09-24T08:01:34.435433+00:00
6060,0.501,2026-09-24T08:01:34.437888+00:00
6061,0.754,2026-09-24T08:01:34.440644+00:00
6062,0.5109999999999999,2026-09-24T08:01:34.442952+00:00
6063,0.618,2026-09-24T08:01:34.445577+00:00
6064,0.544,2026-09-24T08:01:34.448136+00:00
6065,0.486,2026-09-24T08:01:34.450639+00:00
6066,0.494,2026-09-24T08:01:34.453170+00:00
6067,0.694,2026-09-24T08:01:34.455925+00:00
6068,0.594,2026-09-24T08:01:34.458561+00:00
6069,0.55,2026-09-24T08:01:34.461201+00:00
6070,0.566,2026-09-24T08:01:34.463790+00:00
6071,0.483,2026-09-24T08:01:34.466331+00:00
6072,0.46099999999999997,2026-09-24T08:01:34.468830+00:00
6073,0.446,2026-09-24T08:01:34.471306+00:00
6074,0.555,2026-09-24T08:01:34.473896+00:00
6075,0.707,2026-09-24T08:01:34.476804+00:00
6076,0.566,2026-09-24T08:01:34.479528+00:00
6077,0.483,2026-09-24T08:01:34.482156+00:00
6078,0.506,2026-09-24T08:01:34.484819+00:00
6079,0.477,2026-09-24T08:01:34.487448+00:00
6080,0.47300000000000003,2026-09-24T08:01:34.490062+00:00
6081,0.6040000000000001,2026-09-24T08:01:34.492794+00:00
6082,0.5670000000000001,2026-09-24T08:01:34.495342+00:00
6083,0.533,2026-09-24T08:01:34.497863+00:00
6084,0.528,2026-09-24T08:01:34.500381+00:00
6085,0.545,2026-09-24T08:01:34.502850+00:00
6086,0.589,2026-09-24T08:01:34.505354+00:00
6087,0.535,2026-09-24T08:01:34.507763+00:00
6088,0.502,2026-09-24T08:01:34.510223+00:00
6089,0.483,2026-09-24T08:01:34.512639+00:00
6090,0.488,2026-09-24T08:01:34.515099+00:00
6091,0.514,2026-09-24T08:01:34.517623+00:00
6092,0.48700000000000004,2026-09-24T08:01:34.520107+00:00
6093,0.496,2026-09-24T08:01:34.522622+00:00
6094,0.48000000000000004,2026-09-24T08:01:34.525123+00:00
6095,0.608,2026-09-24T08:01:34.527726+00:00
6096,0.562,2026-09-24T08:01:34.530175+00:00
6097,0.499,2026-09-24T08:01:34.532735+00:00
6098,0.5339999999999999,2026-09-24T08:01:34.535282+00:00
6099,0.962,2026-09-24T08:01:34.538332+00:00
6100,0.647,2026-09-24T08:01:34.540905+00:00
6101,0.491,2026-09-24T08:01:34.543376+00:00
6102,0.47300000000000003,2026-09-24T08:01:34.545864+00:00
6103,0.516,2026-09-24T08:01:34.548405+00:00
6104,0.51,2026-09-24T08:01:34.550939+00:00
6105,0.514,2026-09-24T08:01:34.553478+00:00
6106,0.49200000000000005,2026-09-24T08:01:34.556017+00:00
6107,0.512,2026-09-24T08:01:34.558590+00:00
6108,0.578,2026-09-24T08:01:34.561219+00:00
6109,0.635,2026-09-24T08:01:34.563955+00:00
6110,0.5860000000000001,2026-09-24T08:01:34.566620+00:00
6111,0.484,2026-09-24T08:01:34.569158+00:00
6112,0.503,2026-09-24T08:01:34.571690+00:00
6113,0.5950000000000001,2026-09-24T08:01:34.574321+00:00
6114,0.603,2026-09-24T08:01:34.576909+00:00
6115,0.599,2026-09-24T08:01:34.579465+00:00
6116,0.601,2026-09-24T08:01:34.582004+00:00
6117,0.587,2026-09-24T08:01:34.584543+00:00
6118,0.588,2026-09-24T08:01:34.587091+00:00
6119,0.624,2026-09-24T08:01:34.589661+00:00
6120,0.703,2026-09-24T08:01:34.592295+00:00
6121,0.627,2026-09-24T08:01:34.594759+00:00
6122,0.632,2026-09-24T08:01:34.597282+00:00
6123,0.665,2026-09-24T08:01:34.599854+00:00
6124,0.559,2026-09-24T08:01:34.602302+00:00
6125,0.46799999999999997,2026-09-24T08:01:34.604744+00:00
6126,0.462,2026-09-24T08:01:34.607243+00:00
6127,0.656,2026-09-24T08:01:34.609945+00:00
6128,0.622,2026-09-24T08:01:34.612443+00:00
6129,0.5109999999999999,2026-09-24T08:01:34.614934+00:00
6130,0.446,2026-09-24T08:01:34.617385+00:00
6131,0.458,2026-09-24T08:01:34.619870+00:00
6132,0.583,2026-09-24T08:01:34.622487+00:00
6133,0.602,2026-09-24T08:01:34.625029+00:00
6134,0.475,2026-09-24T08:01:34.627454+00:00
6135,0.448,2026-09-24T08:01:34.629870+00:00
6136,0.39599999999999996,2026-09-24T08:01:34.632290+00:00
6137,0.417,2026-09-24T08:01:34.634740+00:00
6138,0.398,2026-09-24T08:01:34.637173+00:00
6139,0.415,2026-09-24T08:01:34.639623+00:00
6140,0.624,2026-09-24T08:01:34.642294+00:00
6141,0.47,2026-09-24T08:01:34.644865+00:00
6142,0.438,2026-09-24T08:01:34.647355+00:00
6143,0.422,2026-09-24T08:01:34.649811+00:00
6144,0.40900000000000003,2026-09-24T08:01:34.652259+00:00
6145,0.597,2026-09-24T08:01:34.654893+00:00
6146,0.443,2026-09-24T08:01:34.657178+00:00
6147,0.5820000000000001,2026-09-24T08:01:34.659733+00:00
6148,0.536,2026-09-24T08:01:34.662101+00:00
6149,0.5379999999999999,2026-09-24T08:01:34.664513+00:00
6150,0.545,2026-09-24T08:01:34.666927+00:00
6151,0.523,2026-09-24T08:01:34.669326+00:00
6152,0.732,2026-09-24T08:01:34.671966+00:00
6153,0.7010000000000001,2026-09-24T08:01:34.674564+00:00
6154,0.6769999999999999,2026-09-24T08:01:34.677121+00:00
6155,0.737,2026-09-24T08:01:34.679894+00:00
6156,0.7929999999999999,2026-09-24T08:01:34.682754+00:00
6157,0.8019999999999999,2026-09-24T08:01:34.685691+00:00
6158,0.606,2026-09-24T08:01:34.688363+00:00
6159,0.58,2026-09-24T08:01:34.691022+00:00
6160,0.597,2026-09-24T08:01:34.693735+00:00
6161,0.684,2026-09-24T08:01:34.696526+00:00
6162,0.57,2026-09-24T08:01:34.699076+00:00
6163,0.664,2026-09-24T08:01:34.701818+00:00
6164,0.758,2026-09-24T08:01:34.704681+00:00
6165,0.6769999999999999,2026-09-24T08:01:34.707382+00:00
6166,0.496,2026-09-24T08:01:34.709919+00:00
6167,0.5289999999999999,2026-09-24T08:01:34.712540+00:00
6168,0.435,2026-09-24T08:01:34.715025+00:00
6169,0.419,2026-09-24T08:01:34.717482+00:00
6170,0.509,2026-09-24T08:01:34.720036+00:00
6171,0.625,2026-09-24T08:01:34.722686+00:00
6172,0.652,2026-09-24T08:01:34.725390+00:00
6173,0.536,2026-09-24T08:01:34.727972+00:00
6174,0.5569999999999999,2026-09-24T08:01:34.730591+00:00
6175,0.505,2026-09-24T08:01:34.733142+00:00
6176,0.651,2026-09-24T08:01:34.735817+00:00
6177,0.647,2026-09-24T08:01:34.738369+00:00
6178,0.733,2026-09-24T08:01:34.741029+00:00
6179,0.616,2026-09-24T08:01:34.743632+00:00
6180,0.929,2026-09-24T08:01:34.746690+00:00
6181,0.6679999999999999,2026-09-24T08:01:34.749369+00:00
6182,0.6669999999999999,2026-09-24T08:01:34.751996+00:00
6183,0.903,2026-09-24T08:01:34.754817+00:00
6184,0.794,2026-09-24T08:01:34.757521+00:00
6185,0.5900000000000001,2026-09-24T08:01:34.760093+00:00
6186,0.5900000000000001,2026-09-24T08:01:34.762717+00:00
6187,0.515,2026-09-24T08:01:34.765294+00:00
6188,0.594,2026-09-24T08:01:34.767969+00:00
6189,0.615,2026-09-24T08:01:34.770650+00:00
6190,0.767,2026-09-24T08:01:34.773464+00:00
6191,1.012,2026-09-24T08:01:34.776444+00:00
6192,0.906,2026-09-24T08:01:34.779247+00:00
6193,0.723,2026-09-24T08:01:34.781914+00:00
6194,0.621,2026-09-24T08:01:34.784589+00:00
6195,0.832,2026-09-24T08:01:34.787453+00:00
6196,0.9859999999999999,2026-09-24T08:01:34.790596+00:00
6197,0.703,2026-09-24T08:01:34.793319+00:00
6198,0.713,2026-09-24T08:01:34.796030+00:00
6199,0.642,2026-09-24T08:01:34.798635+00:00
6200,0.5509999999999999,2026-09-24T08:01:34.801151+00:00
6201,0.661,2026-09-24T08:01:34.803914+00:00
6202,1.171,2026-09-24T08:01:34.807172+00:00
6203,0.916,2026-09-24T08:01:34.810140+00:00
6204,0.773,2026-09-24T08:01:34.812969+00:00
6205,0.639,2026-09-24T08:01:34.815677+00:00
6206,0.857,2026-09-24T08:01:34.818582+00:00
6207,0.609,2026-09-24T08:01:34.821044+00:00
6208,0.588,2026-09-24T08:01:34.823611+00:00
6209,0.51,2026-09-24T08:01:34.826123+00:00
6210,0.483,2026-09-24T08:01:34.828634+00:00
6211,0.506,2026-09-24T08:01:34.831175+00:00
6212,0.743,2026-09-24T08:01:34.833927+00:00
6213,0.589,2026-09-24T08:01:34.836441+00:00
6214,0.481,2026-09-24T08:01:34.838880+00:00
6215,0.447,2026-09-24T08:01:34.841355+00:00
6216,0.903,2026-09-24T08:01:34.844343+00:00
6217,0.546,2026-09-24T08:01:34.846925+00:00
6218,0.539,2026-09-24T08:01:34.849514+00:00
6219,0.558,2026-09-24T08:01:34.852089+00:00
6220,0.6,2026-09-24T08:01:34.854685+00:00
6221,1.282,2026-09-24T08:01:34.858038+00:00
6222,0.7020000000000001,2026-09-24T08:01:34.860601+00:00
6223,0.515,2026-09-24T08:01:34.863134+00:00
6224,0.509,2026-09-24T08:01:34.865635+00:00
6225,0.5289999999999999,2026-09-24T08:01:34.868169+00:00
6226,0.505,2026-09-24T08:01:34.870632+00:00
6227,0.963,2026-09-24T08:01:34.873533+00:00
6228,0.945,2026-09-24T08:01:34.876403+00:00
6229,0.871,2026-09-24T08:01:34.879348+00:00
6230,0.846,2026-09-24T08:01:34.882160+00:00
6231,0.782,2026-09-24T08:01:34.884839+00:00
6232,0.5760000000000001,2026-09-24T08:01:34.887457+00:00
6233,0.9510000000000001,2026-09-24T08:01:34.890578+00:00
6234,0.618,2026-09-24T08:01:34.893175+00:00
6235,1.042,2026-09-24T08:01:34.896269+00:00
6236,0.66,2026-09-24T08:01:34.898871+00:00
6237,0.5419999999999999,2026-09-24T08:01:34.901395+00:00
6238,0.842,2026-09-24T08:01:34.904247+00:00
6239,0.838,2026-09-24T08:01:34.907167+00:00
6240,0.598,2026-09-24T08:01:34.909773+00:00
6241,0.5509999999999999,2026-09-24T08:01:34.912368+00:00
6242,0.708,2026-09-24T08:01:34.915106+00:00
6243,0.596,2026-09-24T08:01:34.917795+00:00
6244,0.733,2026-09-24T08:01:34.920622+00:00
6245,0.5379999999999999,2026-09-24T08:01:34.923247+00:00
6246,0.587,2026-09-24T08:01:34.925914+00:00
6247,0.527,2026-09-24T08:01:34.928540+00:00
6248,0.6130000000000001,2026-09-24T08:01:34.931262+00:00
6249,0.6,2026-09-24T08:01:34.933897+00:00
6250,0.625,2026-09-24T08:01:34.936609+00:00
6251,0.523,2026-09-24T08:01:34.939147+00:00
6252,0.484,2026-09-24T08:01:34.941648+00:00
6253,0.488,2026-09-24T08:01:34.944163+00:00
6254,0.619,2026-09-24T08:01:34.946813+00:00
6255,0.527,2026-09-24T08:01:34.949242+00:00
6256,0.5860000000000001,2026-09-24T08:01:34.951892+00:00
6257,0.687,2026-09-24T08:01:34.954684+00:00
6258,0.653,2026-09-24T08:01:34.957420+00:00
6259,0.6849999999999999,2026-09-24T08:01:34.960242+00:00
6260,0.609,2026-09-24T08:01:34.963074+00:00
6261,0.635,2026-09-24T08:01:34.965864+00:00
6262,0.731,2026-09-24T08:01:34.968609+00:00
6263,0.712,2026-09-24T08:01:34.971358+00:00
6264,0.7020000000000001,2026-09-24T08:01:34.974132+00:00
6265,0.55,2026-09-24T08:01:34.976648+00:00
6266,0.5720000000000001,2026-09-24T08:01:34.979232+00:00
6267,0.505,2026-09-24T08:01:34.981717+00:00
6268,0.46299999999999997,2026-09-24T08:01:34.984186+00:00
6269,0.546,2026-09-24T08:01:34.986857+00:00
6270,0.585,2026-09-24T08:01:34.989600+00:00
6271,0.528,2026-09-24T08:01:34.992227+00:00
6272,0.477,2026-09-24T08:01:34.994797+00:00
6273,0.643,2026-09-24T08:01:34.997628+00:00
6274,0.545,2026-09-24T08:01:35.000345+00:00
6275,0.524,2026-09-24T08:01:35.003062+00:00
6276,0.522,2026-09-24T08:01:35.005719+00:00
6277,0.531,2026-09-24T08:01:35.008379+00:00
6278,0.753,2026-09-24T08:01:35.011323+00:00
6279,0.7649999999999999,2026-09-24T08:01:35.014233+00:00
6280,0.61,2026-09-24T08:01:35.016992+00:00
6281,0.58,2026-09-24T08:01:35.019699+00:00
6282,0.616,2026-09-24T08:01:35.022499+00:00
6283,0.6930000000000001,2026-09-24T08:01:35.025369+00:00
6284,0.6040000000000001,2026-09-24T08:01:35.028145+00:00
6285,0.7969999999999999,2026-09-24T08:01:35.031081+00:00
6286,0.751,2026-09-24T08:01:35.034068+00:00
6287,0.8350000000000001,2026-09-24T08:01:35.037049+00:00
6288,0.6719999999999999,2026-09-24T08:01:35.039721+00:00
6289,0.703,2026-09-24T08:01:35.042525+00:00
6290,0.674,2026-09-24T08:01:35.045300+00:00
6291,0.695,2026-09-24T08:01:35.048132+00:00
6292,0.6859999999999999,2026-09-24T08:01:35.050929+00:00
6293,0.6819999999999999,2026-09-24T08:01:35.053741+00:00
6294,0.6769999999999999,2026-09-24T08:01:35.056531+00:00
6295,0.6769999999999999,2026-09-24T08:01:35.059326+00:00
6296,0.638,2026-09-24T08:01:35.062076+00:00
6297,0.709,2026-09-24T08:01:35.064881+00:00
6298,0.626,2026-09-24T08:01:35.067531+00:00
6299,0.62,2026-09-24T08:01:35.070157+00:00
6300,0.5730000000000001,2026-09-24T08:01:35.072649+00:00
6301,0.733,2026-09-24T08:01:35.075362+00:00
6302,0.6579999999999999,2026-09-24T08:01:35.078105+00:00
6303,0.519,2026-09-24T08:01:35.080533+00:00
6304,0.457,2026-09-24T08:01:35.082964+00:00
6305,0.6669999999999999,2026-09-24T08:01:35.085633+00:00
6306,0.695,2026-09-24T08:01:35.088362+00:00
6307,0.5,2026-09-24T08:01:35.090859+00:00
6308,0.444,2026-09-24T08:01:35.093348+00:00
6309,0.679,2026-09-24T08:01:35.096068+00:00
6310,0.777,2026-09-24T08:01:35.098896+00:00
6311,0.776,2026-09-24T08:01:35.101504+00:00
6312,0.566,2026-09-24T08:01:35.103897+00:00
6313,0.455,2026-09-24T08:01:35.106289+00:00
6314,0.652,2026-09-24T08:01:35.108960+00:00
6315,1.03,2026-09-24T08:01:35.112214+00:00
6316,0.736,2026-09-24T08:01:35.115015+00:00
6317,0.874,2026-09-24T08:01:35.117990+00:00
6318,0.546,2026-09-24T08:01:35.120622+00:00
6319,0.606,2026-09-24T08:01:35.123385+00:00
6320,0.5820000000000001,2026-09-24T08:01:35.125994+00:00
6321,0.484,2026-09-24T08:01:35.128508+00:00
6322,0.424,2026-09-24T08:01:35.130922+00:00
6323,0.439,2026-09-24T08:01:35.133385+00:00
6324,0.41800000000000004,2026-09-24T08:01:35.135811+00:00
6325,0.416,2026-09-24T08:01:35.138241+00:00
6326,0.39399999999999996,2026-09-24T08:01:35.140658+00:00
6327,0.43,2026-09-24T08:01:35.143163+00:00
6328,0.456,2026-09-24T08:01:35.145684+00:00
6329,0.41800000000000004,2026-09-24T08:01:35.148162+00:00
6330,0.422,2026-09-24T08:01:35.150639+00:00
6331,0.397,2026-09-24T08:01:35.153092+00:00
6332,0.5109999999999999,2026-09-24T08:01:35.155698+00:00
6333,0.603,2026-09-24T08:01:35.158426+00:00
6334,0.513,2026-09-24T08:01:35.161061+00:00
6335,0.611,2026-09-24T08:01:35.163843+00:00
6336,0.968,2026-09-24T08:01:35.167031+00:00
6337,0.712,2026-09-24T08:01:35.169807+00:00
6338,0.7010000000000001,2026-09-24T08:01:35.172693+00:00
6339,0.8720000000000001,2026-09-24T08:01:35.175701+00:00
6340,0.7020000000000001,2026-09-24T08:01:35.178528+00:00
6341,0.867,2026-09-24T08:01:35.181548+00:00
6342,0.824,2026-09-24T08:01:35.184574+00:00
6343,0.68,2026-09-24T08:01:35.187218+00:00
6344,0.608,2026-09-24T08:01:35.189745+00:00
6345,0.594,2026-09-24T08:01:35.192291+00:00
6346,0.623,2026-09-24T08:01:35.194877+00:00
6347,0.633,2026-09-24T08:01:35.197527+00:00
6348,1.031,2026-09-24T08:01:35.200535+00:00
6349,0.61,2026-09-24T08:01:35.202918+00:00
6350,0.527,2026-09-24T08:01:35.205494+00:00
6351,0.491,2026-09-24T08:01:35.208097+00:00
6352,0.516,2026-09-24T08:01:35.210734+00:00
6353,0.833,2026-09-24T08:01:35.213630+00:00
6354,1.232,2026-09-24T08:01:35.216813+00:00
6355,1.0939999999999999,2026-09-24T08:01:35.219709+00:00
6356,0.928,2026-09-24T08:01:35.222502+00:00
6357,0.6489999999999999,2026-09-24T08:01:35.225097+00:00
6358,0.7060000000000001,2026-09-24T08:01:35.227782+00:00
6359,0.88,2026-09-24T08:01:35.230704+00:00
6360,0.9460000000000001,2026-09-24T08:01:35.233639+00:00
6361,0.851,2026-09-24T08:01:35.236294+00:00
6362,0.598,2026-09-24T08:01:35.239065+00:00
6363,0.687,2026-09-24T08:01:35.241771+00:00
6364,0.523,2026-09-24T08:01:35.244313+00:00
6365,0.45899999999999996,2026-09-24T08:01:35.246787+00:00
6366,0.408,2026-09-24T08:01:35.249240+00:00
6367,0.536,2026-09-24T08:01:35.251837+00:00
6368,0.517,2026-09-24T08:01:35.254457+00:00
6369,0.40099999999999997,2026-09-24T08:01:35.256899+00:00
6370,0.372,2026-09-24T08:01:35.259319+00:00
6371,0.382,2026-09-24T08:01:35.261751+00:00
6372,0.373,2026-09-24T08:01:35.264163+00:00
6373,0.391,2026-09-24T08:01:35.266589+00:00
6374,0.359,2026-09-24T08:01:35.268978+00:00
6375,0.35,2026-09-24T08:01:35.271371+00:00
6376,0.356,2026-09-24T08:01:35.273775+00:00
6377,0.34900000000000003,2026-09-24T08:01:35.276160+00:00
6378,0.40700000000000003,2026-09-24T08:01:35.278608+00:00
6379,0.679,2026-09-24T08:01:35.281326+00:00
6380,1.074,2026-09-24T08:01:35.284605+00:00
6381,0.844,2026-09-24T08:01:35.287468+00:00
6382,0.762,2026-09-24T08:01:35.290193+00:00
6383,0.674,2026-09-24T08:01:35.292764+00:00
6384,0.61,2026-09-24T08:01:35.295262+00:00
6385,0.5599999999999999,2026-09-24T08:01:35.297731+00:00
6386,0.57,2026-09-24T08:01:35.300295+00:00
6387,0.6449999999999999,2026-09-24T08:01:35.302903+00:00
6388,0.671,2026-09-24T08:01:35.305635+00:00
6389,0.6629999999999999,2026-09-24T08:01:35.308437+00:00
6390,0.6040000000000001,2026-09-24T08:01:35.311260+00:00
6391,0.506,2026-09-24T08:01:35.313935+00:00
6392,0.587,2026-09-24T08:01:35.316659+00:00
6393,0.636,2026-09-24T08:01:35.319358+00:00
6394,0.554,2026-09-24T08:01:35.321966+00:00
6395,0.528,2026-09-24T08:01:35.324547+00:00
6396,0.704,2026-09-24T08:01:35.327308+00:00
6397,0.544,2026-09-24T08:01:35.329835+00:00
6398,0.48000000000000004,2026-09-24T08:01:35.332335+00:00
6399,0.537,2026-09-24T08:01:35.334904+00:00
6400,0.433,2026-09-24T08:01:35.337350+00:00
6401,0.453,2026-09-24T08:01:35.339841+00:00
6402,0.42700000000000005,2026-09-24T08:01:35.342298+00:00
6403,0.46299999999999997,2026-09-24T08:01:35.344803+00:00
6404,0.425,2026-09-24T08:01:35.347233+00:00
6405,0.423,2026-09-24T08:01:35.349673+00:00
6406,0.41100000000000003,2026-09-24T08:01:35.352125+00:00
6407,0.425,2026-09-24T08:01:35.354587+00:00
6408,0.431,2026-09-24T08:01:35.357056+00:00
6409,0.67,2026-09-24T08:01:35.359761+00:00
6410,0.71,2026-09-24T08:01:35.362460+00:00
6411,0.5760000000000001,2026-09-24T08:01:35.365011+00:00
6412,0.5,2026-09-24T08:01:35.367502+00:00
6413,0.642,2026-09-24T08:01:35.370297+00:00
6414,0.616,2026-09-24T08:01:35.373060+00:00
6415,0.5479999999999999,2026-09-24T08:01:35.375673+00:00
6416,0.49700000000000005,2026-09-24T08:01:35.378240+00:00
6417,0.79,2026-09-24T08:01:35.381069+00:00
6418,0.751,2026-09-24T08:01:35.383796+00:00
6419,0.781,2026-09-24T08:01:35.386546+00:00
6420,0.5860000000000001,2026-09-24T08:01:35.389106+00:00
6421,0.559,2026-09-24T08:01:35.391722+00:00
6422,0.57,2026-09-24T08:01:35.394357+00:00
6423,0.5339999999999999,2026-09-24T08:01:35.396931+00:00
6424,0.6669999999999999,2026-09-24T08:01:35.399658+00:00
6425,0.648,2026-09-24T08:01:35.402321+00:00
6426,0.622,2026-09-24T08:01:35.404984+00:00
6427,0.5109999999999999,2026-09-24T08:01:35.407531+00:00
6428,0.5199999999999999,2026-09-24T08:01:35.410077+00:00
6429,0.541,2026-09-24T08:01:35.412620+00:00
6430,0.438,2026-09-24T08:01:35.415154+00:00
6431,0.451,2026-09-24T08:01:35.417624+00:00
6432,0.415,2026-09-24T08:01:35.420122+00:00
6433,0.44,2026-09-24T08:01:35.422592+00:00
6434,0.513,2026-09-24T08:01:35.425135+00:00
6435,0.67,2026-09-24T08:01:35.427880+00:00
6436,0.575,2026-09-24T08:01:35.430484+00:00
6437,0.5199999999999999,2026-09-24T08:01:35.433029+00:00
6438,0.651,2026-09-24T08:01:35.435657+00:00
6439,0.911,2026-09-24T08:01:35.438624+00:00
6440,0.739,2026-09-24T08:01:35.441348+00:00
6441,0.68,2026-09-24T08:01:35.444124+00:00
6442,0.592,2026-09-24T08:01:35.446796+00:00
6443,0.5519999999999999,2026-09-24T08:01:35.449409+00:00
6444,0.7969999999999999,2026-09-24T08:01:35.452266+00:00
6445,0.778,2026-09-24T08:01:35.455207+00:00
6446,0.7240000000000001,2026-09-24T08:01:35.458039+00:00
6447,0.628,2026-09-24T08:01:35.460769+00:00
6448,0.7969999999999999,2026-09-24T08:01:35.463623+00:00
6449,0.655,2026-09-24T08:01:35.466168+00:00
6450,0.46299999999999997,2026-09-24T08:01:35.468574+00:00
6451,0.414,2026-09-24T08:01:35.470987+00:00
6452,0.536,2026-09-24T08:01:35.473519+00:00
6453,0.447,2026-09-24T08:01:35.475862+00:00
6454,0.395,2026-09-24T08:01:35.478250+00:00
6455,0.558,2026-09-24T08:01:35.480810+00:00
6456,0.5569999999999999,2026-09-24T08:01:35.483283+00:00
6457,0.6589999999999999,2026-09-24T08:01:35.485999+00:00
6458,0.472,2026-09-24T08:01:35.488489+00:00
6459,0.42700000000000005,2026-09-24T08:01:35.490979+00:00
6460,0.43600000000000005,2026-09-24T08:01:35.493479+00:00
6461,0.437,2026-09-24T08:01:35.495970+00:00
6462,0.415,2026-09-24T08:01:35.498428+00:00
6463,0.417,2026-09-24T08:01:35.500869+00:00
6464,0.425,2026-09-24T08:01:35.503360+00:00
6465,0.627,2026-09-24T08:01:35.506046+00:00
6466,0.449,2026-09-24T08:01:35.508447+00:00
6467,0.412,2026-09-24T08:01:35.510883+00:00
6468,0.446,2026-09-24T08:01:35.513386+00:00
6469,0.606,2026-09-24T08:01:35.516034+00:00
6470,0.439,2026-09-24T08:01:35.518405+00:00
6471,0.601,2026-09-24T08:01:35.521085+00:00
6472,0.674,2026-09-24T08:01:35.523993+00:00
6473,0.625,2026-09-24T08:01:35.526845+00:00
6474,0.764,2026-09-24T08:01:35.529829+00:00
6475,0.6539999999999999,2026-09-24T08:01:35.532548+00:00
6476,0.699,2026-09-24T08:01:35.535263+00:00
6477,0.6,2026-09-24T08:01:35.537922+00:00
6478,0.5730000000000001,2026-09-24T08:01:35.540590+00:00
6479,0.5509999999999999,2026-09-24T08:01:35.543250+00:00
6480,0.569,2026-09-24T08:01:35.545916+00:00
6481,0.598,2026-09-24T08:01:35.548626+00:00
6482,0.5469999999999999,2026-09-24T08:01:35.551226+00:00
6483,0.745,2026-09-24T08:01:35.554101+00:00
6484,0.642,2026-09-24T08:01:35.556874+00:00
6485,0.6579999999999999,2026-09-24T08:01:35.559645+00:00
6486,0.67,2026-09-24T08:01:35.562391+00:00
6487,0.716,2026-09-24T08:01:35.565107+00:00
6488,0.545,2026-09-24T08:01:35.567632+00:00
6489,0.455,2026-09-24T08:01:35.570134+00:00
6490,0.632,2026-09-24T08:01:35.572805+00:00
6491,0.596,2026-09-24T08:01:35.575406+00:00
6492,0.6980000000000001,2026-09-24T08:01:35.578343+00:00
6493,0.665,2026-09-24T08:01:35.581220+00:00
6494,0.629,2026-09-24T08:01:35.584065+00:00
6495,0.596,2026-09-24T08:01:35.586864+00:00
6496,0.691,2026-09-24T08:01:35.589766+00:00
6497,0.8059999999999999,2026-09-24T08:01:35.592765+00:00
6498,0.848,2026-09-24T08:01:35.595810+00:00
6499,0.82,2026-09-24T08:01:35.598752+00:00
6500,0.665,2026-09-24T08:01:35.601471+00:00
6501,0.592,2026-09-24T08:01:35.604093+00:00
6502,0.5419999999999999,2026-09-24T08:01:35.606751+00:00
6503,0.57,2026-09-24T08:01:35.609391+00:00
6504,0.66,2026-09-24T08:01:35.612196+00:00
6505,0.54,2026-09-24T08:01:35.614865+00:00
6506,0.6040000000000001,2026-09-24T08:01:35.617512+00:00
6507,0.5609999999999999,2026-09-24T08:01:35.620035+00:00
6508,0.514,2026-09-24T08:01:35.622568+00:00
6509,0.49200000000000005,2026-09-24T08:01:35.625114+00:00
6510,0.48700000000000004,2026-09-24T08:01:35.627666+00:00
6511,0.481,2026-09-24T08:01:35.630220+00:00
6512,0.593,2026-09-24T08:01:35.632899+00:00
6513,0.627,2026-09-24T08:01:35.635529+00:00
6514,0.5519999999999999,2026-09-24T08:01:35.638173+00:00
6515,0.565,2026-09-24T08:01:35.640782+00:00
6516,0.565,2026-09-24T08:01:35.643357+00:00
6517,0.5680000000000001,2026-09-24T08:01:35.645920+00:00
6518,0.569,2026-09-24T08:01:35.648495+00:00
6519,0.5419999999999999,2026-09-24T08:01:35.651048+00:00
6520,0.549,2026-09-24T08:01:35.653620+00:00
6521,0.5469999999999999,2026-09-24T08:01:35.656178+00:00
6522,0.5469999999999999,2026-09-24T08:01:35.658739+00:00
6523,0.5469999999999999,2026-09-24T08:01:35.661304+00:00
6524,0.713,2026-09-24T08:01:35.664020+00:00
6525,0.868,2026-09-24T08:01:35.667109+00:00
6526,0.7020000000000001,2026-09-24T08:01:35.669975+00:00
6527,0.6679999999999999,2026-09-24T08:01:35.672803+00:00
6528,0.6629999999999999,2026-09-24T08:01:35.675636+00:00
6529,0.666,2026-09-24T08:01:35.678469+00:00
6530,0.628,2026-09-24T08:01:35.681219+00:00
6531,0.623,2026-09-24T08:01:35.683884+00:00
6532,0.518,2026-09-24T08:01:35.686421+00:00
6533,0.5339999999999999,2026-09-24T08:01:35.688964+00:00
6534,0.8140000000000001,2026-09-24T08:01:35.691947+00:00
6535,0.584,2026-09-24T08:01:35.694588+00:00
6536,0.524,2026-09-24T08:01:35.697131+00:00
6537,0.5109999999999999,2026-09-24T08:01:35.699665+00:00
6538,0.5,2026-09-24T08:01:35.702199+00:00
6539,0.503,2026-09-24T08:01:35.704716+00:00
6540,0.482,2026-09-24T08:01:35.707215+00:00
6541,0.502,2026-09-24T08:01:35.709737+00:00
6542,0.494,2026-09-24T08:01:35.712241+00:00
6543,0.503,2026-09-24T08:01:35.714750+00:00
6544,0.49200000000000005,2026-09-24T08:01:35.717261+00:00
6545,0.49799999999999994,2026-09-24T08:01:35.719770+00:00
6546,0.483,2026-09-24T08:01:35.722277+00:00
6547,0.49700000000000005,2026-09-24T08:01:35.724784+00:00
6548,0.48500000000000004,2026-09-24T08:01:35.727287+00:00
6549,0.499,2026-09-24T08:01:35.729793+00:00
6550,0.484,2026-09-24T08:01:35.732297+00:00
6551,0.49299999999999994,2026-09-24T08:01:35.734799+00:00
6552,0.49799999999999994,2026-09-24T08:01:35.737302+00:00
6553,0.503,2026-09-24T08:01:35.739811+00:00
6554,0.486,2026-09-24T08:01:35.742321+00:00
6555,0.502,2026-09-24T08:01:35.744836+00:00
6556,0.48500000000000004,2026-09-24T08:01:35.747337+00:00
6557,0.503,2026-09-24T08:01:35.749851+00:00
6558,0.5289999999999999,2026-09-24T08:01:35.752392+00:00
6559,0.434,2026-09-24T08:01:35.754846+00:00
6560,0.408,2026-09-24T08:01:35.757347+00:00
6561,0.412,2026-09-24T08:01:35.759885+00:00
6562,0.41300000000000003,2026-09-24T08:01:35.762409+00:00
6563,0.392,2026-09-24T08:01:35.764932+00:00
6564,0.42700000000000005,2026-09-24T08:01:35.767472+00:00
6565,0.562,2026-09-24T08:01:35.770166+00:00
6566,0.522,2026-09-24T08:01:35.772838+00:00
6567,0.5509999999999999,2026-09-24T08:01:35.775497+00:00
6568,0.486,2026-09-24T08:01:35.778011+00:00
6569,0.5720000000000001,2026-09-24T08:01:35.780608+00:00
6570,0.5559999999999999,2026-09-24T08:01:35.783124+00:00
6571,0.51,2026-09-24T08:01:35.785628+00:00
6572,0.49,2026-09-24T08:01:35.788109+00:00
6573,0.448,2026-09-24T08:01:35.790550+00:00
6574,0.565,2026-09-24T08:01:35.793179+00:00
6575,0.5860000000000001,2026-09-24T08:01:35.795915+00:00
6576,0.5199999999999999,2026-09-24T08:01:35.798515+00:00
6577,0.655,2026-09-24T08:01:35.801263+00:00
6578,0.934,2026-09-24T08:01:35.804459+00:00
6579,0.638,2026-09-24T08:01:35.807015+00:00
6580,0.5569999999999999,2026-09-24T08:01:35.809632+00:00
6581,0.624,2026-09-24T08:01:35.812313+00:00
6582,0.602,2026-09-24T08:01:35.814953+00:00
6583,0.441,2026-09-24T08:01:35.817390+00:00
6584,0.655,2026-09-24T08:01:35.820332+00:00
6585,0.49700000000000005,2026-09-24T08:01:35.823045+00:00
6586,0.484,2026-09-24T08:01:35.825734+00:00
6587,0.515,2026-09-24T08:01:35.828464+00:00
6588,0.5419999999999999,2026-09-24T08:01:35.831212+00:00
6589,0.585,2026-09-24T08:01:35.834018+00:00
6590,0.643,2026-09-24T08:01:35.836773+00:00
6591,0.533,2026-09-24T08:01:35.839427+00:00
6592,0.514,2026-09-24T08:01:35.842083+00:00
6593,0.6880000000000001,2026-09-24T08:01:35.844895+00:00
6594,0.691,2026-09-24T08:01:35.847802+00:00
6595,0.536,2026-09-24T08:01:35.850401+00:00
6596,0.496,2026-09-24T08:01:35.852924+00:00
6597,0.535,2026-09-24T08:01:35.855563+00:00
6598,0.49799999999999994,2026-09-24T08:01:35.858141+00:00
6599,0.593,2026-09-24T08:01:35.860845+00:00
6600,0.5760000000000001,2026-09-24T08:01:35.863451+00:00
6601,0.5720000000000001,2026-09-24T08:01:35.866041+00:00
6602,0.566,2026-09-24T08:01:35.868636+00:00
6603,0.575,2026-09-24T08:01:35.871284+00:00
6604,0.565,2026-09-24T08:01:35.873874+00:00
6605,0.569,2026-09-24T08:01:35.876494+00:00
6606,1.2630000000000001,2026-09-24T08:01:35.879840+00:00
6607,0.906,2026-09-24T08:01:35.882723+00:00
6608,0.569,2026-09-24T08:01:35.885353+00:00
6609,0.531,2026-09-24T08:01:35.887901+00:00
6610,0.49200000000000005,2026-09-24T08:01:35.890442+00:00
6611,0.482,2026-09-24T08:01:35.892972+00:00
6612,0.488,2026-09-24T08:01:35.895504+00:00
6613,0.683,2026-09-24T08:01:35.898369+00:00
6614,0.5599999999999999,2026-09-24T08:01:35.901087+00:00
6615,0.525,2026-09-24T08:01:35.903722+00:00
6616,0.527,2026-09-24T08:01:35.906367+00:00
6617,0.516,2026-09-24T08:01:35.908995+00:00
6618,0.5469999999999999,2026-09-24T08:01:35.911668+00:00
6619,0.533,2026-09-24T08:01:35.914309+00:00
6620,0.6130000000000001,2026-09-24T08:01:35.917040+00:00
6621,0.656,2026-09-24T08:01:35.919781+00:00
6622,0.5339999999999999,2026-09-24T08:01:35.922363+00:00
6623,0.518,2026-09-24T08:01:35.924988+00:00
6624,0.5199999999999999,2026-09-24T08:01:35.927627+00:00
6625,0.507,2026-09-24T08:01:35.930269+00:00
6626,0.513,2026-09-24T08:01:35.932915+00:00
6627,0.51,2026-09-24T08:01:35.935569+00:00
6628,0.608,2026-09-24T08:01:35.938408+00:00
6629,0.49200000000000005,2026-09-24T08:01:35.941093+00:00
6630,0.417,2026-09-24T08:01:35.943566+00:00
6631,0.399,2026-09-24T08:01:35.946085+00:00
6632,0.41,2026-09-24T08:01:35.948588+00:00
6633,0.395,2026-09-24T08:01:35.951062+00:00
6634,0.40900000000000003,2026-09-24T08:01:35.953569+00:00
6635,0.393,2026-09-24T08:01:35.956043+00:00
6636,0.523,2026-09-24T08:01:35.958655+00:00
6637,0.386,2026-09-24T08:01:35.961032+00:00
6638,0.376,2026-09-24T08:01:35.963510+00:00
6639,0.384,2026-09-24T08:01:35.965986+00:00
6640,0.38699999999999996,2026-09-24T08:01:35.968470+00:00
6641,0.374,2026-09-24T08:01:35.970951+00:00
6642,0.584,2026-09-24T08:01:35.973643+00:00
6643,0.566,2026-09-24T08:01:35.976426+00:00
6644,0.47300000000000003,2026-09-24T08:01:35.978963+00:00
6645,0.47800000000000004,2026-09-24T08:01:35.981451+00:00
6646,0.45199999999999996,2026-09-24T08:01:35.983963+00:00
6647,0.508,2026-09-24T08:01:35.986526+00:00
6648,0.494,2026-09-24T08:01:35.989063+00:00
6649,0.6130000000000001,2026-09-24T08:01:35.991735+00:00
6650,0.46799999999999997,2026-09-24T08:01:35.994199+00:00
6651,0.444,2026-09-24T08:01:35.996662+00:00
6652,0.41800000000000004,2026-09-24T08:01:35.999100+00:00
6653,0.963,2026-09-24T08:01:36.002162+00:00
6654,0.5680000000000001,2026-09-24T08:01:36.004850+00:00
6655,0.821,2026-09-24T08:01:36.007750+00:00
6656,0.968,2026-09-24T08:01:36.010715+00:00
6657,0.592,2026-09-24T08:01:36.013330+00:00
6658,0.48000000000000004,2026-09-24T08:01:36.015866+00:00
6659,0.759,2026-09-24T08:01:36.018683+00:00
6660,0.625,2026-09-24T08:01:36.021436+00:00
6661,0.7829999999999999,2026-09-24T08:01:36.024281+00:00
6662,0.894,2026-09-24T08:01:36.026992+00:00
6663,0.6859999999999999,2026-09-24T08:01:36.029543+00:00
6664,0.641,2026-09-24T08:01:36.032151+00:00
6665,0.587,2026-09-24T08:01:36.034727+00:00
6666,0.465,2026-09-24T08:01:36.037218+00:00
6667,0.495,2026-09-24T08:01:36.039743+00:00
6668,0.544,2026-09-24T08:01:36.042310+00:00
6669,0.504,2026-09-24T08:01:36.044818+00:00
6670,0.444,2026-09-24T08:01:36.047306+00:00
6671,0.467,2026-09-24T08:01:36.049820+00:00
6672,0.45,2026-09-24T08:01:36.052319+00:00
6673,0.6589999999999999,2026-09-24T08:01:36.055026+00:00
6674,0.6489999999999999,2026-09-24T08:01:36.057796+00:00
6675,0.5419999999999999,2026-09-24T08:01:36.060332+00:00
6676,0.49700000000000005,2026-09-24T08:01:36.062835+00:00
6677,0.464,2026-09-24T08:01:36.065324+00:00
6678,0.46900000000000003,2026-09-24T08:01:36.067817+00:00
6679,0.525,2026-09-24T08:01:36.070377+00:00
6680,0.45,2026-09-24T08:01:36.072939+00:00
6681,0.439,2026-09-24T08:01:36.075493+00:00
6682,0.433,2026-09-24T08:01:36.078069+00:00
6683,0.482,2026-09-24T08:01:36.080664+00:00
6684,0.456,2026-09-24T08:01:36.083183+00:00
6685,0.49,2026-09-24T08:01:36.085762+00:00
6686,0.438,2026-09-24T08:01:36.088290+00:00
6687,0.448,2026-09-24T08:01:36.090854+00:00
6688,0.479,2026-09-24T08:01:36.093438+00:00
6689,0.526,2026-09-24T08:01:36.096069+00:00
6690,0.67,2026-09-24T08:01:36.098997+00:00
6691,0.495,2026-09-24T08:01:36.101677+00:00
6692,0.879,2026-09-24T08:01:36.104675+00:00
6693,0.837,2026-09-24T08:01:36.107553+00:00
6694,0.592,2026-09-24T08:01:36.110189+00:00
6695,0.47300000000000003,2026-09-24T08:01:36.112720+00:00
6696,0.439,2026-09-24T08:01:36.115196+00:00
6697,0.46599999999999997,2026-09-24T08:01:36.117713+00:00
6698,0.5640000000000001,2026-09-24T08:01:36.120430+00:00
6699,0.519,2026-09-24T08:01:36.123016+00:00
6700,0.502,2026-09-24T08:01:36.125542+00:00
6701,0.45899999999999996,2026-09-24T08:01:36.128110+00:00
6702,0.678,2026-09-24T08:01:36.130896+00:00
6703,0.616,2026-09-24T08:01:36.133485+00:00
6704,0.509,2026-09-24T08:01:36.136020+00:00
6705,0.504,2026-09-24T08:01:36.138544+00:00
6706,0.48700000000000004,2026-09-24T08:01:36.141059+00:00
6707,0.47800000000000004,2026-09-24T08:01:36.143541+00:00
6708,0.484,2026-09-24T08:01:36.146051+00:00
6709,0.488,2026-09-24T08:01:36.148540+00:00
6710,0.48899999999999993,2026-09-24T08:01:36.151042+00:00
6711,0.69,2026-09-24T08:01:36.153731+00:00
6712,0.57,2026-09-24T08:01:36.156295+00:00
6713,0.523,2026-09-24T08:01:36.158895+00:00
6714,0.535,2026-09-24T08:01:36.161513+00:00
6715,0.49799999999999994,2026-09-24T08:01:36.164106+00:00
6716,0.48899999999999993,2026-09-24T08:01:36.166674+00:00
6717,0.491,2026-09-24T08:01:36.169278+00:00
6718,0.512,2026-09-24T08:01:36.171879+00:00
6719,0.592,2026-09-24T08:01:36.174560+00:00
6720,0.905,2026-09-24T08:01:36.177690+00:00
6721,0.866,2026-09-24T08:01:36.180762+00:00
6722,0.865,2026-09-24T08:01:36.183695+00:00
6723,0.7879999999999999,2026-09-24T08:01:36.186636+00:00
6724,0.6890000000000001,2026-09-24T08:01:36.189471+00:00
6725,0.651,2026-09-24T08:01:36.192278+00:00
6726,0.642,2026-09-24T08:01:36.195080+00:00
6727,0.669,2026-09-24T08:01:36.197913+00:00
6728,0.643,2026-09-24T08:01:36.200722+00:00
6729,0.6579999999999999,2026-09-24T08:01:36.203541+00:00
6730,0.643,2026-09-24T08:01:36.206336+00:00
6731,0.64,2026-09-24T08:01:36.209131+00:00
6732,0.6769999999999999,2026-09-24T08:01:36.211986+00:00
6733,0.6679999999999999,2026-09-24T08:01:36.214800+00:00
6734,0.704,2026-09-24T08:01:36.217687+00:00
6735,0.664,2026-09-24T08:01:36.220530+00:00
6736,0.769,2026-09-24T08:01:36.223474+00:00
6737,0.8069999999999999,2026-09-24T08:01:36.226319+00:00
6738,0.7789999999999999,2026-09-24T08:01:36.229138+00:00
6739,0.717,2026-09-24T08:01:36.231931+00:00
6740,0.6679999999999999,2026-09-24T08:01:36.234731+00:00
6741,0.652,2026-09-24T08:01:36.237507+00:00
6742,0.637,2026-09-24T08:01:36.240284+00:00
6743,0.823,2026-09-24T08:01:36.243256+00:00
6744,0.7919999999999999,2026-09-24T08:01:36.246119+00:00
6745,0.785,2026-09-24T08:01:36.248989+00:00
6746,0.726,2026-09-24T08:01:36.251832+00:00
6747,0.888,2026-09-24T08:01:36.254889+00:00
6748,0.7929999999999999,2026-09-24T08:01:36.257841+00:00
6749,0.703,2026-09-24T08:01:36.260733+00:00
6750,0.7060000000000001,2026-09-24T08:01:36.263728+00:00
6751,0.7380000000000001,2026-09-24T08:01:36.266672+00:00
6752,0.812,2026-09-24T08:01:36.269629+00:00
6753,0.784,2026-09-24T08:01:36.272491+00:00
6754,0.7240000000000001,2026-09-24T08:01:36.275304+00:00
6755,0.773,2026-09-24T08:01:36.278168+00:00
6756,0.756,2026-09-24T08:01:36.280996+00:00
6757,0.749,2026-09-24T08:01:36.283824+00:00
6758,0.867,2026-09-24T08:01:36.286857+00:00
6759,0.6629999999999999,2026-09-24T08:01:36.289662+00:00
6760,0.546,2026-09-24T08:01:36.292229+00:00
6761,0.764,2026-09-24T08:01:36.295006+00:00
6762,0.678,2026-09-24T08:01:36.297710+00:00
6763,0.641,2026-09-24T08:01:36.300340+00:00
6764,0.63,2026-09-24T08:01:36.302966+00:00
6765,0.6579999999999999,2026-09-24T08:01:36.305613+00:00
6766,0.647,2026-09-24T08:01:36.308242+00:00
6767,0.641,2026-09-24T08:01:36.310841+00:00
6768,0.76,2026-09-24T08:01:36.313613+00:00
6769,0.798,2026-09-24T08:01:36.316581+00:00
6770,0.8009999999999999,2026-09-24T08:01:36.319511+00:00
6771,0.777,2026-09-24T08:01:36.322469+00:00
6772,0.65,2026-09-24T08:01:36.325215+00:00
6773,0.662,2026-09-24T08:01:36.327901+00:00
6774,0.644,2026-09-24T08:01:36.330529+00:00
6775,0.584,2026-09-24T08:01:36.333054+00:00
6776,0.7699999999999999,2026-09-24T08:01:36.335815+00:00
6777,0.615,2026-09-24T08:01:36.338309+00:00
6778,0.518,2026-09-24T08:01:36.340835+00:00
6779,0.491,2026-09-24T08:01:36.343336+00:00
6780,0.494,2026-09-24T08:01:36.345821+00:00
6781,0.517,2026-09-24T08:01:36.348349+00:00
6782,0.53,2026-09-24T08:01:36.350850+00:00
6783,0.514,2026-09-24T08:01:36.353333+00:00
6784,0.6769999999999999,2026-09-24T08:01:36.355974+00:00
6785,0.598,2026-09-24T08:01:36.358570+00:00
6786,0.46599999999999997,2026-09-24T08:01:36.361041+00:00
6787,0.746,2026-09-24T08:01:36.363983+00:00
6788,0.6579999999999999,2026-09-24T08:01:36.366789+00:00
6789,0.784,2026-09-24T08:01:36.369759+00:00
6790,0.929,2026-09-24T08:01:36.372775+00:00
6791,0.815,2026-09-24T08:01:36.375635+00:00
6792,0.516,2026-09-24T08:01:36.378363+00:00
6793,0.5509999999999999,2026-09-24T08:01:36.380975+00:00
6794,0.439,2026-09-24T08:01:36.383540+00:00
6795,0.488,2026-09-24T08:01:36.386184+00:00
6796,0.571,2026-09-24T08:01:36.388864+00:00
6797,0.43,2026-09-24T08:01:36.391370+00:00
6798,0.873,2026-09-24T08:01:36.394313+00:00
6799,0.874,2026-09-24T08:01:36.397351+00:00
6800,0.782,2026-09-24T08:01:36.400355+00:00
6801,0.7010000000000001,2026-09-24T08:01:36.403150+00:00
6802,0.5820000000000001,2026-09-24T08:01:36.405769+00:00
6803,0.506,2026-09-24T08:01:36.408318+00:00
6804,0.539,2026-09-24T08:01:36.410941+00:00
6805,0.48700000000000004,2026-09-24T08:01:36.413480+00:00
6806,0.424,2026-09-24T08:01:36.415961+00:00
6807,0.484,2026-09-24T08:01:36.418516+00:00
6808,0.501,2026-09-24T08:01:36.421110+00:00
6809,0.618,2026-09-24T08:01:36.423792+00:00
6810,0.48000000000000004,2026-09-24T08:01:36.426333+00:00
6811,0.644,2026-09-24T08:01:36.429048+00:00
6812,0.494,2026-09-24T08:01:36.431591+00:00
6813,0.455,2026-09-24T08:01:36.434147+00:00
6814,0.809,2026-09-24T08:01:36.437083+00:00
6815,0.601,2026-09-24T08:01:36.439804+00:00
6816,0.484,2026-09-24T08:01:36.442301+00:00
6817,0.562,2026-09-24T08:01:36.444865+00:00
6818,0.451,2026-09-24T08:01:36.447267+00:00
6819,0.754,2026-09-24T08:01:36.450129+00:00
6820,0.559,2026-09-24T08:01:36.452673+00:00
6821,0.481,2026-09-24T08:01:36.455206+00:00
6822,0.424,2026-09-24T08:01:36.457688+00:00
6823,0.40700000000000003,2026-09-24T08:01:36.460132+00:00
6824,0.39399999999999996,2026-09-24T08:01:36.462569+00:00
6825,0.376,2026-09-24T08:01:36.464975+00:00
6826,0.393,2026-09-24T08:01:36.467404+00:00
6827,0.37,2026-09-24T08:01:36.469803+00:00
6828,0.379,2026-09-24T08:01:36.472217+00:00
6829,0.504,2026-09-24T08:01:36.474760+00:00
6830,0.5720000000000001,2026-09-24T08:01:36.477280+00:00
6831,0.622,2026-09-24T08:01:36.479960+00:00
6832,0.5820000000000001,2026-09-24T08:01:36.482576+00:00
6833,0.5559999999999999,2026-09-24T08:01:36.485113+00:00
6834,0.514,2026-09-24T08:01:36.487596+00:00
6835,0.48700000000000004,2026-09-24T08:01:36.490049+00:00
6836,0.505,2026-09-24T08:01:36.492503+00:00
6837,0.48700000000000004,2026-09-24T08:01:36.494918+00:00
6838,0.49700000000000005,2026-09-24T08:01:36.497354+00:00
6839,0.6579999999999999,2026-09-24T08:01:36.499967+00:00
6840,0.585,2026-09-24T08:01:36.502490+00:00
6841,0.678,2026-09-24T08:01:36.505240+00:00
6842,0.5730000000000001,2026-09-24T08:01:36.507844+00:00
6843,0.5609999999999999,2026-09-24T08:01:36.510508+00:00
6844,0.532,2026-09-24T08:01:36.513142+00:00
6845,0.544,2026-09-24T08:01:36.515788+00:00
6846,0.537,2026-09-24T08:01:36.518432+00:00
6847,0.782,2026-09-24T08:01:36.521324+00:00
6848,0.785,2026-09-24T08:01:36.524094+00:00
6849,0.587,2026-09-24T08:01:36.526588+00:00
6850,0.607,2026-09-24T08:01:36.529185+00:00
6851,0.535,2026-09-24T08:01:36.531632+00:00
6852,0.48000000000000004,2026-09-24T08:01:36.534076+00:00
6853,0.438,2026-09-24T08:01:36.536541+00:00
6854,0.425,2026-09-24T08:01:36.538997+00:00
6855,0.458,2026-09-24T08:01:36.541505+00:00
6856,0.435,2026-09-24T08:01:36.543965+00:00
6857,0.442,2026-09-24T08:01:36.546443+00:00
6858,0.388,2026-09-24T08:01:36.548811+00:00
6859,0.593,2026-09-24T08:01:36.551439+00:00
6860,1.059,2026-09-24T08:01:36.554453+00:00
6861,0.795,2026-09-24T08:01:36.557182+00:00
6862,0.875,2026-09-24T08:01:36.560077+00:00
6863,0.894,2026-09-24T08:01:36.563021+00:00
6864,0.521,2026-09-24T08:01:36.565543+00:00
6865,1.034,2026-09-24T08:01:36.568678+00:00
6866,0.9460000000000001,2026-09-24T08:01:36.571759+00:00
6867,0.521,2026-09-24T08:01:36.574254+00:00
6868,0.878,2026-09-24T08:01:36.577226+00:00
6869,1.155,2026-09-24T08:01:36.580540+00:00
6870,1.1460000000000001,2026-09-24T08:01:36.583579+00:00
6871,0.73,2026-09-24T08:01:36.586081+00:00
6872,0.9460000000000001,2026-09-24T08:01:36.589151+00:00
6873,0.714,2026-09-24T08:01:36.591852+00:00
6874,0.5569999999999999,2026-09-24T08:01:36.594434+00:00
6875,0.429,2026-09-24T08:01:36.596862+00:00
6876,0.4,2026-09-24T08:01:36.599308+00:00
6877,0.6980000000000001,2026-09-24T08:01:36.602057+00:00
6878,0.7829999999999999,2026-09-24T08:01:36.604889+00:00
6879,0.504,2026-09-24T08:01:36.607270+00:00
6880,0.9079999999999999,2026-09-24T08:01:36.610193+00:00
6881,0.799,2026-09-24T08:01:36.613006+00:00
6882,1.012,2026-09-24T08:01:36.615935+00:00
6883,0.9460000000000001,2026-09-24T08:01:36.618865+00:00
6884,0.751,2026-09-24T08:01:36.621564+00:00
6885,0.762,2026-09-24T08:01:36.624381+00:00
6886,0.603,2026-09-24T08:01:36.627144+00:00
6887,0.618,2026-09-24T08:01:36.629854+00:00
6888,0.6719999999999999,2026-09-24T08:01:36.632540+00:00
6889,0.734,2026-09-24T08:01:36.635399+00:00
6890,0.671,2026-09-24T08:01:36.638015+00:00
6891,0.565,2026-09-24T08:01:36.640686+00:00
6892,0.509,2026-09-24T08:01:36.643290+00:00
6893,0.5820000000000001,2026-09-24T08:01:36.645897+00:00
6894,0.553,2026-09-24T08:01:36.648543+00:00
6895,0.491,2026-09-24T08:01:36.651101+00:00
6896,0.5,2026-09-24T08:01:36.653664+00:00
6897,0.483,2026-09-24T08:01:36.656172+00:00
6898,0.462,2026-09-24T08:01:36.658658+00:00
6899,0.462,2026-09-24T08:01:36.661198+00:00
6900,0.457,2026-09-24T08:01:36.663683+00:00
6901,0.47300000000000003,2026-09-24T08:01:36.666179+00:00
6902,0.462,2026-09-24T08:01:36.668656+00:00
6903,0.43600000000000005,2026-09-24T08:01:36.671120+00:00
6904,0.46599999999999997,2026-09-24T08:01:36.673618+00:00
6905,0.457,2026-09-24T08:01:36.676146+00:00
6906,0.447,2026-09-24T08:01:36.678655+00:00
6907,0.412,2026-09-24T08:01:36.681097+00:00
6908,0.451,2026-09-24T08:01:36.683571+00:00
6909,0.424,2026-09-24T08:01:36.686057+00:00
6910,0.419,2026-09-24T08:01:36.688554+00:00
6911,0.647,2026-09-24T08:01:36.691409+00:00
6912,0.559,2026-09-24T08:01:36.693998+00:00
6913,0.837,2026-09-24T08:01:36.696760+00:00
6914,0.7789999999999999,2026-09-24T08:01:36.699557+00:00
6915,0.716,2026-09-24T08:01:36.702217+00:00
6916,0.67,2026-09-24T08:01:36.704764+00:00
6917,0.652,2026-09-24T08:01:36.707326+00:00
6918,0.656,2026-09-24T08:01:36.709857+00:00
6919,0.611,2026-09-24T08:01:36.712349+00:00
6920,0.824,2026-09-24T08:01:36.715065+00:00
6921,0.585,2026-09-24T08:01:36.717574+00:00
6922,0.7929999999999999,2026-09-24T08:01:36.720513+00:00
6923,0.6679999999999999,2026-09-24T08:01:36.723277+00:00
6924,0.575,2026-09-24T08:01:36.725890+00:00
6925,0.522,2026-09-24T08:01:36.728480+00:00
6926,0.48700000000000004,2026-09-24T08:01:36.731032+00:00
6927,0.502,2026-09-24T08:01:36.733595+00:00
6928,0.63,2026-09-24T08:01:36.736284+00:00
6929,0.509,2026-09-24T08:01:36.738756+00:00
6930,0.444,2026-09-24T08:01:36.741206+00:00
6931,0.464,2026-09-24T08:01:36.743707+00:00
6932,0.504,2026-09-24T08:01:36.746246+00:00
6933,0.6759999999999999,2026-09-24T08:01:36.748897+00:00
6934,0.798,2026-09-24T08:01:36.751696+00:00
6935,1.2899999999999998,2026-09-24T08:01:36.754959+00:00
6936,0.745,2026-09-24T08:01:36.757397+00:00
6937,0.5339999999999999,2026-09-24T08:01:36.759861+00:00
6938,0.447,2026-09-24T08:01:36.762281+00:00
6939,0.44499999999999995,2026-09-24T08:01:36.764748+00:00
6940,0.528,2026-09-24T08:01:36.767298+00:00
6941,0.457,2026-09-24T08:01:36.769776+00:00
6942,0.435,2026-09-24T08:01:36.772231+00:00
6943,0.433,2026-09-24T08:01:36.774677+00:00
6944,0.46299999999999997,2026-09-24T08:01:36.777164+00:00
6945,0.873,2026-09-24T08:01:36.780060+00:00
6946,0.588,2026-09-24T08:01:36.782656+00:00
6947,0.501,2026-09-24T08:01:36.785215+00:00
6948,0.495,2026-09-24T08:01:36.787762+00:00
6949,0.45399999999999996,2026-09-24T08:01:36.790281+00:00
6950,0.744,2026-09-24T08:01:36.793079+00:00
6951,0.559,2026-09-24T08:01:36.795653+00:00
6952,0.5630000000000001,2026-09-24T08:01:36.798199+00:00
6953,0.508,2026-09-24T08:01:36.800647+00:00
6954,0.734,2026-09-24T08:01:36.803459+00:00
6955,0.451,2026-09-24T08:01:36.805896+00:00
6956,0.6489999999999999,2026-09-24T08:01:36.808601+00:00
6957,0.554,2026-09-24T08:01:36.810983+00:00
6958,0.636,2026-09-24T08:01:36.813588+00:00
6959,0.5680000000000001,2026-09-24T08:01:36.816213+00:00
6960,0.644,2026-09-24T08:01:36.819051+00:00
6961,0.707,2026-09-24T08:01:36.821912+00:00
6962,0.66,2026-09-24T08:01:36.824708+00:00
6963,0.6539999999999999,2026-09-24T08:01:36.827476+00:00
6964,0.65,2026-09-24T08:01:36.830249+00:00
6965,0.7380000000000001,2026-09-24T08:01:36.833125+00:00
6966,0.632,2026-09-24T08:01:36.835842+00:00
6967,0.757,2026-09-24T08:01:36.838731+00:00
6968,0.539,2026-09-24T08:01:36.841317+00:00
6969,0.49799999999999994,2026-09-24T08:01:36.843827+00:00
6970,0.457,2026-09-24T08:01:36.846301+00:00
6971,0.5820000000000001,2026-09-24T08:01:36.848889+00:00
6972,0.46,2026-09-24T08:01:36.851367+00:00
6973,0.491,2026-09-24T08:01:36.853867+00:00
6974,0.448,2026-09-24T08:01:36.856299+00:00
6975,0.5910000000000001,2026-09-24T08:01:36.858942+00:00
6976,0.833,2026-09-24T08:01:36.861860+00:00
6977,0.8059999999999999,2026-09-24T08:01:36.864586+00:00
6978,0.6589999999999999,2026-09-24T08:01:36.867176+00:00
6979,0.612,2026-09-24T08:01:36.869875+00:00
6980,0.6669999999999999,2026-09-24T08:01:36.872687+00:00
6981,0.599,2026-09-24T08:01:36.875401+00:00
6982,0.587,2026-09-24T08:01:36.878159+00:00
6983,0.618,2026-09-24T08:01:36.880948+00:00
6984,0.829,2026-09-24T08:01:36.884064+00:00
6985,1.064,2026-09-24T08:01:36.887279+00:00
6986,0.757,2026-09-24T08:01:36.889837+00:00
6987,0.7380000000000001,2026-09-24T08:01:36.892659+00:00
6988,0.787,2026-09-24T08:01:36.895528+00:00
6989,0.762,2026-09-24T08:01:36.898233+00:00
6990,0.79,2026-09-24T08:01:36.901032+00:00
6991,0.684,2026-09-24T08:01:36.903715+00:00
6992,0.5900000000000001,2026-09-24T08:01:36.906395+00:00
6993,0.5810000000000001,2026-09-24T08:01:36.909137+00:00
6994,0.589,2026-09-24T08:01:36.911763+00:00
6995,0.44,2026-09-24T08:01:36.914200+00:00
6996,0.499,2026-09-24T08:01:36.916732+00:00
6997,0.488,2026-09-24T08:01:36.919224+00:00
6998,0.5760000000000001,2026-09-24T08:01:36.921793+00:00
6999,0.739,2026-09-24T08:01:36.924578+00:00
7000,0.49299999999999994,2026-09-24T08:01:36.927214+00:00
7001,0.47300000000000003,2026-09-24T08:01:36.929771+00:00
7002,0.416,2026-09-24T08:01:36.932264+00:00
7003,0.444,2026-09-24T08:01:36.934777+00:00
7004,0.518,2026-09-24T08:01:36.937335+00:00
7005,0.725,2026-09-24T08:01:36.940149+00:00
7006,0.632,2026-09-24T08:01:36.942601+00:00
7007,0.6819999999999999,2026-09-24T08:01:36.945133+00:00
7008,0.631,2026-09-24T08:01:36.947663+00:00
7009,0.736,2026-09-24T08:01:36.950442+00:00
7010,0.5289999999999999,2026-09-24T08:01:36.952986+00:00
7011,0.525,2026-09-24T08:01:36.955595+00:00
7012,0.5770000000000001,2026-09-24T08:01:36.958260+00:00
7013,0.7010000000000001,2026-09-24T08:01:36.961158+00:00
7014,0.727,2026-09-24T08:01:36.964058+00:00
7015,0.889,2026-09-24T08:01:36.967031+00:00
7016,0.637,2026-09-24T08:01:36.969652+00:00
7017,0.5910000000000001,2026-09-24T08:01:36.972371+00:00
7018,0.57,2026-09-24T08:01:36.975024+00:00
7019,0.526,2026-09-24T08:01:36.977655+00:00
7020,0.723,2026-09-24T08:01:36.980493+00:00
7021,0.601,2026-09-24T08:01:36.982979+00:00
7022,0.5519999999999999,2026-09-24T08:01:36.985592+00:00
7023,0.5289999999999999,2026-09-24T08:01:36.988207+00:00
7024,0.583,2026-09-24T08:01:36.990955+00:00
7025,0.5609999999999999,2026-09-24T08:01:36.993580+00:00
7026,0.5429999999999999,2026-09-24T08:01:36.996183+00:00
7027,0.6679999999999999,2026-09-24T08:01:36.998932+00:00
7028,0.864,2026-09-24T08:01:37.001749+00:00
7029,0.589,2026-09-24T08:01:37.004121+00:00
7030,0.622,2026-09-24T08:01:37.006745+00:00
7031,0.683,2026-09-24T08:01:37.009422+00:00
7032,0.5609999999999999,2026-09-24T08:01:37.012060+00:00
7033,0.49,2026-09-24T08:01:37.014595+00:00
7034,1.072,2026-09-24T08:01:37.017951+00:00
7035,0.9269999999999999,2026-09-24T08:01:37.020944+00:00
7036,0.79,2026-09-24T08:01:37.023655+00:00
7037,0.865,2026-09-24T08:01:37.026491+00:00
7038,1.01,2026-09-24T08:01:37.029809+00:00
7039,0.592,2026-09-24T08:01:37.032370+00:00
7040,0.46,2026-09-24T08:01:37.034870+00:00
7041,0.404,2026-09-24T08:01:37.037301+00:00
7042,0.416,2026-09-24T08:01:37.039741+00:00
7043,0.414,2026-09-24T08:01:37.042186+00:00
7044,0.39399999999999996,2026-09-24T08:01:37.044609+00:00
7045,0.634,2026-09-24T08:01:37.047305+00:00
7046,1.821,2026-09-24T08:01:37.051222+00:00
7047,0.5289999999999999,2026-09-24T08:01:37.052616+00:00
7048,0.458,2026-09-24T08:01:37.055078+00:00
7049,0.9079999999999999,2026-09-24T08:01:37.058097+00:00
7050,0.499,2026-09-24T08:01:37.060541+00:00
7051,0.435,2026-09-24T08:01:37.063013+00:00
7052,0.392,2026-09-24T08:01:37.065408+00:00
7053,0.40900000000000003,2026-09-24T08:01:37.067839+00:00
7054,0.392,2026-09-24T08:01:37.070245+00:00
7055,0.417,2026-09-24T08:01:37.072682+00:00
7056,0.40700000000000003,2026-09-24T08:01:37.075127+00:00
7057,0.42700000000000005,2026-09-24T08:01:37.077558+00:00
7058,0.39599999999999996,2026-09-24T08:01:37.079983+00:00
7059,0.397,2026-09-24T08:01:37.082388+00:00
7060,0.727,2026-09-24T08:01:37.085149+00:00
7061,0.398,2026-09-24T08:01:37.087233+00:00
7062,0.41300000000000003,2026-09-24T08:01:37.089668+00:00
7063,0.39599999999999996,2026-09-24T08:01:37.092076+00:00
7064,0.415,2026-09-24T08:01:37.094504+00:00
7065,0.402,2026-09-24T08:01:37.096926+00:00
7066,0.38699999999999996,2026-09-24T08:01:37.099329+00:00
7067,0.40099999999999997,2026-09-24T08:01:37.101745+00:00
7068,0.569,2026-09-24T08:01:37.104330+00:00
7069,0.527,2026-09-24T08:01:37.106694+00:00
7070,0.451,2026-09-24T08:01:37.109061+00:00
7071,0.45,2026-09-24T08:01:37.111467+00:00
7072,0.441,2026-09-24T08:01:37.113870+00:00
7073,0.537,2026-09-24T08:01:37.116379+00:00
7074,0.506,2026-09-24T08:01:37.118782+00:00
7075,0.49700000000000005,2026-09-24T08:01:37.121180+00:00
7076,0.528,2026-09-24T08:01:37.123613+00:00
7077,0.48500000000000004,2026-09-24T08:01:37.125991+00:00
7078,0.402,2026-09-24T08:01:37.128312+00:00
7079,0.606,2026-09-24T08:01:37.130926+00:00
7080,0.41800000000000004,2026-09-24T08:01:37.133365+00:00
7081,0.8099999999999999,2026-09-24T08:01:37.136212+00:00
7082,0.651,2026-09-24T08:01:37.138869+00:00
7083,0.438,2026-09-24T08:01:37.141235+00:00
7084,0.415,2026-09-24T08:01:37.143617+00:00
7085,0.397,2026-09-24T08:01:37.146012+00:00
7086,0.464,2026-09-24T08:01:37.148484+00:00
7087,0.684,2026-09-24T08:01:37.151091+00:00
7088,0.7929999999999999,2026-09-24T08:01:37.154032+00:00
7089,0.558,2026-09-24T08:01:37.156595+00:00
7090,0.528,2026-09-24T08:01:37.159199+00:00
7091,0.608,2026-09-24T08:01:37.161810+00:00
7092,0.486,2026-09-24T08:01:37.164152+00:00
7093,0.803,2026-09-24T08:01:37.166928+00:00
7094,0.48700000000000004,2026-09-24T08:01:37.169363+00:00
7095,0.7200000000000001,2026-09-24T08:01:37.172107+00:00
7096,1.1199999999999999,2026-09-24T08:01:37.175273+00:00
7097,0.641,2026-09-24T08:01:37.177927+00:00
7098,0.535,2026-09-24T08:01:37.180560+00:00
7099,0.528,2026-09-24T08:01:37.183211+00:00
7100,0.453,2026-09-24T08:01:37.185759+00:00
7101,0.515,2026-09-24T08:01:37.188355+00:00
7102,0.91,2026-09-24T08:01:37.191350+00:00
7103,0.855,2026-09-24T08:01:37.194429+00:00
7104,0.639,2026-09-24T08:01:37.197203+00:00
7105,0.6809999999999999,2026-09-24T08:01:37.200018+00:00
7106,0.571,2026-09-24T08:01:37.202743+00:00
7107,0.596,2026-09-24T08:01:37.205405+00:00
7108,0.5609999999999999,2026-09-24T08:01:37.207927+00:00
7109,0.47100000000000003,2026-09-24T08:01:37.210334+00:00
7110,0.415,2026-09-24T08:01:37.212742+00:00
7111,0.391,2026-09-24T08:01:37.215165+00:00
7112,0.449,2026-09-24T08:01:37.217661+00:00
7113,0.36200000000000004,2026-09-24T08:01:37.220081+00:00
7114,0.384,2026-09-24T08:01:37.222511+00:00
7115,0.36200000000000004,2026-09-24T08:01:37.224930+00:00
7116,0.544,2026-09-24T08:01:37.227506+00:00
7117,0.373,2026-09-24T08:01:37.229880+00:00
7118,0.368,2026-09-24T08:01:37.232295+00:00
7119,0.392,2026-09-24T08:01:37.234729+00:00
7120,0.366,2026-09-24T08:01:37.237131+00:00
7121,0.39399999999999996,2026-09-24T08:01:37.239570+00:00
7122,0.366,2026-09-24T08:01:37.241973+00:00
7123,0.424,2026-09-24T08:01:37.244440+00:00
7124,0.494,2026-09-24T08:01:37.247003+00:00
7125,0.664,2026-09-24T08:01:37.249736+00:00
7126,0.987,2026-09-24T08:01:37.252813+00:00
7127,0.593,2026-09-24T08:01:37.255532+00:00
7128,0.48500000000000004,2026-09-24T08:01:37.258102+00:00
7129,0.782,2026-09-24T08:01:37.261103+00:00
7130,0.673,2026-09-24T08:01:37.263949+00:00
7131,0.48500000000000004,2026-09-24T08:01:37.266558+00:00
7132,0.531,2026-09-24T08:01:37.269183+00:00
7133,0.755,2026-09-24T08:01:37.272026+00:00
7134,1.1640000000000001,2026-09-24T08:01:37.275468+00:00
7135,0.747,2026-09-24T08:01:37.278209+00:00
7136,0.6669999999999999,2026-09-24T08:01:37.280985+00:00
7137,0.54,2026-09-24T08:01:37.283555+00:00
7138,0.474,2026-09-24T08:01:37.286061+00:00
7139,0.49799999999999994,2026-09-24T08:01:37.288586+00:00
7140,0.472,2026-09-24T08:01:37.291086+00:00
7141,1.209,2026-09-24T08:01:37.294339+00:00
7142,0.6859999999999999,2026-09-24T08:01:37.296974+00:00
7143,0.621,2026-09-24T08:01:37.299643+00:00
7144,0.5379999999999999,2026-09-24T08:01:37.302232+00:00
7145,0.5820000000000001,2026-09-24T08:01:37.304876+00:00
7146,0.5109999999999999,2026-09-24T08:01:37.307455+00:00
7147,0.5429999999999999,2026-09-24T08:01:37.310073+00:00
7148,0.518,2026-09-24T08:01:37.312637+00:00
7149,0.451,2026-09-24T08:01:37.315202+00:00
7150,0.439,2026-09-24T08:01:37.317720+00:00
7151,0.808,2026-09-24T08:01:37.320620+00:00
7152,0.506,2026-09-24T08:01:37.323223+00:00
7153,0.481,2026-09-24T08:01:37.325794+00:00
7154,0.524,2026-09-24T08:01:37.328402+00:00
7155,0.48000000000000004,2026-09-24T08:01:37.330867+00:00
7156,0.496,2026-09-24T08:01:37.333400+00:00
7157,0.575,2026-09-24T08:01:37.336001+00:00
7158,0.717,2026-09-24T08:01:37.338660+00:00
7159,0.428,2026-09-24T08:01:37.341031+00:00
7160,0.408,2026-09-24T08:01:37.343477+00:00
7161,0.384,2026-09-24T08:01:37.345904+00:00
7162,0.428,2026-09-24T08:01:37.348373+00:00
7163,0.417,2026-09-24T08:01:37.350793+00:00
7164,0.41300000000000003,2026-09-24T08:01:37.353216+00:00
7165,0.381,2026-09-24T08:01:37.355593+00:00
7166,0.379,2026-09-24T08:01:37.358017+00:00
7167,0.386,2026-09-24T08:01:37.360445+00:00
7168,0.428,2026-09-24T08:01:37.362851+00:00
7169,0.432,2026-09-24T08:01:37.365267+00:00
7170,0.441,2026-09-24T08:01:37.367688+00:00
7171,0.42700000000000005,2026-09-24T08:01:37.370095+00:00
7172,0.508,2026-09-24T08:01:37.372582+00:00
7173,0.483,2026-09-24T08:01:37.374973+00:00
7174,0.49200000000000005,2026-09-24T08:01:37.377497+00:00
7175,0.502,2026-09-24T08:01:37.380037+00:00
7176,0.6539999999999999,2026-09-24T08:01:37.382909+00:00
7177,0.74,2026-09-24T08:01:37.385789+00:00
7178,0.9169999999999999,2026-09-24T08:01:37.388949+00:00
7179,0.514,2026-09-24T08:01:37.391400+00:00
7180,0.48700000000000004,2026-09-24T08:01:37.393915+00:00
7181,0.57,2026-09-24T08:01:37.396457+00:00
7182,0.416,2026-09-24T08:01:37.398822+00:00
7183,0.481,2026-09-24T08:01:37.401361+00:00
7184,0.866,2026-09-24T08:01:37.404297+00:00
7185,0.602,2026-09-24T08:01:37.406868+00:00
7186,0.48700000000000004,2026-09-24T08:01:37.409296+00:00
7187,0.474,2026-09-24T08:01:37.411724+00:00
7188,0.464,2026-09-24T08:01:37.414235+00:00
7189,0.381,2026-09-24T08:01:37.416677+00:00
7190,0.47300000000000003,2026-09-24T08:01:37.419190+00:00
7191,0.421,2026-09-24T08:01:37.421545+00:00
7192,0.44499999999999995,2026-09-24T08:01:37.423979+00:00
7193,0.8099999999999999,2026-09-24T08:01:37.426970+00:00
7194,0.522,2026-09-24T08:01:37.429567+00:00
7195,0.421,2026-09-24T08:01:37.432062+00:00
7196,0.398,2026-09-24T08:01:37.434504+00:00
7197,0.382,2026-09-24T08:01:37.436921+00:00
7198,0.494,2026-09-24T08:01:37.439452+00:00
7199,0.47800000000000004,2026-09-24T08:01:37.442051+00:00
7200,0.513,2026-09-24T08:01:37.444695+00:00
7201,0.48700000000000004,2026-09-24T08:01:37.447293+00:00
7202,0.522,2026-09-24T08:01:37.449946+00:00
7203,0.578,2026-09-24T08:01:37.452603+00:00
7204,0.5569999999999999,2026-09-24T08:01:37.455197+00:00
7205,0.575,2026-09-24T08:01:37.457819+00:00
7206,0.5760000000000001,2026-09-24T08:01:37.460447+00:00
7207,0.555,2026-09-24T08:01:37.462985+00:00
7208,0.53,2026-09-24T08:01:37.465571+00:00
7209,0.549,2026-09-24T08:01:37.468207+00:00
7210,0.526,2026-09-24T08:01:37.470790+00:00
7211,0.516,2026-09-24T08:01:37.473377+00:00
7212,0.58,2026-09-24T08:01:37.476089+00:00
7213,0.562,2026-09-24T08:01:37.478757+00:00
7214,0.513,2026-09-24T08:01:37.481347+00:00
7215,0.532,2026-09-24T08:01:37.483957+00:00
7216,0.584,2026-09-24T08:01:37.486650+00:00
7217,0.5429999999999999,2026-09-24T08:01:37.489247+00:00
7218,0.5289999999999999,2026-09-24T08:01:37.491784+00:00
7219,0.519,2026-09-24T08:01:37.494319+00:00
7220,0.526,2026-09-24T08:01:37.496858+00:00
7221,0.583,2026-09-24T08:01:37.499540+00:00
7222,0.54,2026-09-24T08:01:37.502171+00:00
7223,0.714,2026-09-24T08:01:37.504958+00:00
7224,0.606,2026-09-24T08:01:37.507461+00:00
7225,0.5630000000000001,2026-09-24T08:01:37.509986+00:00
7226,0.609,2026-09-24T08:01:37.512629+00:00
7227,0.574,2026-09-24T08:01:37.515170+00:00
7228,0.554,2026-09-24T08:01:37.517725+00:00
7229,0.57,2026-09-24T08:01:37.520298+00:00
7230,0.565,2026-09-24T08:01:37.522879+00:00
7231,0.504,2026-09-24T08:01:37.525444+00:00
7232,0.763,2026-09-24T08:01:37.528322+00:00
7233,0.754,2026-09-24T08:01:37.531214+00:00
7234,0.621,2026-09-24T08:01:37.533904+00:00
7235,0.518,2026-09-24T08:01:37.536460+00:00
7236,0.632,2026-09-24T08:01:37.539151+00:00
7237,0.486,2026-09-24T08:01:37.541787+00:00
7238,0.465,2026-09-24T08:01:37.544358+00:00
7239,0.457,2026-09-24T08:01:37.546866+00:00
7240,0.44499999999999995,2026-09-24T08:01:37.549344+00:00
7241,0.431,2026-09-24T08:01:37.551805+00:00
7242,0.444,2026-09-24T08:01:37.554282+00:00
7243,0.638,2026-09-24T08:01:37.557009+00:00
7244,0.699,2026-09-24T08:01:37.559688+00:00
7245,0.684,2026-09-24T08:01:37.562309+00:00
7246,0.6130000000000001,2026-09-24T08:01:37.564925+00:00
7247,0.623,2026-09-24T08:01:37.567585+00:00
7248,0.512,2026-09-24T08:01:37.570087+00:00
7249,0.675,2026-09-24T08:01:37.572829+00:00
7250,0.545,2026-09-24T08:01:37.575487+00:00
7251,0.661,2026-09-24T08:01:37.578519+00:00
7252,0.745,2026-09-24T08:01:37.581338+00:00
7253,0.6679999999999999,2026-09-24T08:01:37.584039+00:00
7254,0.588,2026-09-24T08:01:37.586682+00:00
7255,0.596,2026-09-24T08:01:37.589329+00:00
7256,0.583,2026-09-24T08:01:37.591961+00:00
7257,0.63,2026-09-24T08:01:37.594634+00:00
7258,0.434,2026-09-24T08:01:37.597001+00:00
7259,0.45399999999999996,2026-09-24T08:01:37.599506+00:00
7260,0.614,2026-09-24T08:01:37.602195+00:00
7261,0.465,2026-09-24T08:01:37.604661+00:00
7262,0.41800000000000004,2026-09-24T08:01:37.607125+00:00
7263,0.455,2026-09-24T08:01:37.609633+00:00
7264,0.429,2026-09-24T08:01:37.612103+00:00
7265,0.441,2026-09-24T08:01:37.614590+00:00
7266,0.431,2026-09-24T08:01:37.617068+00:00
7267,0.442,2026-09-24T08:01:37.619562+00:00
7268,0.42700000000000005,2026-09-24T08:01:37.622041+00:00
7269,0.554,2026-09-24T08:01:37.624643+00:00
7270,0.721,2026-09-24T08:01:37.627372+00:00
7271,0.5569999999999999,2026-09-24T08:01:37.629946+00:00
7272,0.47300000000000003,2026-09-24T08:01:37.632449+00:00
7273,0.832,2026-09-24T08:01:37.635276+00:00
7274,0.509,2026-09-24T08:01:37.637691+00:00
7275,0.477,2026-09-24T08:01:37.640203+00:00
7276,0.648,2026-09-24T08:01:37.642882+00:00
7277,0.412,2026-09-24T08:01:37.645272+00:00
7278,0.477,2026-09-24T08:01:37.647799+00:00
7279,0.63,2026-09-24T08:01:37.650581+00:00
7280,0.566,2026-09-24T08:01:37.653267+00:00
7281,0.799,2026-09-24T08:01:37.656160+00:00
7282,0.764,2026-09-24T08:01:37.658878+00:00
7283,0.633,2026-09-24T08:01:37.661531+00:00
7284,0.40099999999999997,2026-09-24T08:01:37.663975+00:00
7285,0.402,2026-09-24T08:01:37.666508+00:00
7286,0.388,2026-09-24T08:01:37.668985+00:00
7287,0.395,2026-09-24T08:01:37.671459+00:00
7288,0.36900000000000005,2026-09-24T08:01:37.673929+00:00
7289,0.791,2026-09-24T08:01:37.676846+00:00
7290,0.786,2026-09-24T08:01:37.679633+00:00
7291,0.691,2026-09-24T08:01:37.682101+00:00
7292,0.741,2026-09-24T08:01:37.684632+00:00
7293,0.632,2026-09-24T08:01:37.687055+00:00
7294,0.662,2026-09-24T08:01:37.689526+00:00
7295,0.5569999999999999,2026-09-24T08:01:37.691846+00:00
7296,0.735,2026-09-24T08:01:37.694667+00:00
7297,0.709,2026-09-24T08:01:37.697363+00:00
7298,0.46900000000000003,2026-09-24T08:01:37.699763+00:00
7299,0.614,2026-09-24T08:01:37.702366+00:00
7300,0.723,2026-09-24T08:01:37.705105+00:00
7301,0.5609999999999999,2026-09-24T08:01:37.707647+00:00
7302,0.5109999999999999,2026-09-24T08:01:37.710129+00:00
7303,0.528,2026-09-24T08:01:37.712654+00:00
7304,0.49799999999999994,2026-09-24T08:01:37.715159+00:00
7305,0.48899999999999993,2026-09-24T08:01:37.717647+00:00
7306,0.515,2026-09-24T08:01:37.720175+00:00
7307,0.714,2026-09-24T08:01:37.722983+00:00
7308,0.475,2026-09-24T08:01:37.725361+00:00
7309,0.49299999999999994,2026-09-24T08:01:37.727845+00:00
7310,1.1260000000000001,2026-09-24T08:01:37.731064+00:00
7311,0.657,2026-09-24T08:01:37.733749+00:00
7312,0.602,2026-09-24T08:01:37.736443+00:00
7313,0.521,2026-09-24T08:01:37.739049+00:00
7314,0.621,2026-09-24T08:01:37.741740+00:00
7315,0.718,2026-09-24T08:01:37.744647+00:00
7316,0.559,2026-09-24T08:01:37.747340+00:00
7317,0.713,2026-09-24T08:01:37.750164+00:00
7318,0.661,2026-09-24T08:01:37.752787+00:00
7319,0.874,2026-09-24T08:01:37.755699+00:00
7320,0.6880000000000001,2026-09-24T08:01:37.758310+00:00
7321,0.517,2026-09-24T08:01:37.760704+00:00
7322,0.546,2026-09-24T08:01:37.763259+00:00
7323,0.523,2026-09-24T08:01:37.765734+00:00
7324,0.9610000000000001,2026-09-24T08:01:37.768770+00:00
7325,0.975,2026-09-24T08:01:37.771941+00:00
7326,0.9380000000000001,2026-09-24T08:01:37.775043+00:00
7327,0.7010000000000001,2026-09-24T08:01:37.777825+00:00
7328,0.592,2026-09-24T08:01:37.780496+00:00
7329,0.879,2026-09-24T08:01:37.783538+00:00
7330,0.6769999999999999,2026-09-24T08:01:37.786111+00:00
7331,0.519,2026-09-24T08:01:37.788552+00:00
7332,0.505,2026-09-24T08:01:37.791063+00:00
7333,0.6589999999999999,2026-09-24T08:01:37.793726+00:00
7334,0.608,2026-09-24T08:01:37.796275+00:00
7335,0.824,2026-09-24T08:01:37.799144+00:00
7336,0.549,2026-09-24T08:01:37.801734+00:00
7337,0.537,2026-09-24T08:01:37.804310+00:00
7338,0.526,2026-09-24T08:01:37.806863+00:00
7339,0.6130000000000001,2026-09-24T08:01:37.809462+00:00
7340,0.488,2026-09-24T08:01:37.811852+00:00
7341,0.439,2026-09-24T08:01:37.814319+00:00
7342,0.423,2026-09-24T08:01:37.816787+00:00
7343,0.439,2026-09-24T08:01:37.819285+00:00
7344,0.603,2026-09-24T08:01:37.821948+00:00
7345,0.5289999999999999,2026-09-24T08:01:37.824552+00:00
7346,0.6809999999999999,2026-09-24T08:01:37.827303+00:00
7347,0.559,2026-09-24T08:01:37.829913+00:00
7348,0.621,2026-09-24T08:01:37.832708+00:00
7349,0.549,2026-09-24T08:01:37.835351+00:00
7350,0.778,2026-09-24T08:01:37.838267+00:00
7351,0.969,2026-09-24T08:01:37.841247+00:00
7352,0.728,2026-09-24T08:01:37.844035+00:00
7353,0.545,2026-09-24T08:01:37.846653+00:00
7354,0.495,2026-09-24T08:01:37.849230+00:00
7355,0.589,2026-09-24T08:01:37.851886+00:00
7356,0.5820000000000001,2026-09-24T08:01:37.854565+00:00
7357,0.47800000000000004,2026-09-24T08:01:37.857104+00:00
7358,0.593,2026-09-24T08:01:37.859739+00:00
7359,0.8,2026-09-24T08:01:37.862594+00:00
7360,0.6890000000000001,2026-09-24T08:01:37.865530+00:00
7361,0.8140000000000001,2026-09-24T08:01:37.868627+00:00
7362,0.648,2026-09-24T08:01:37.871489+00:00
7363,0.622,2026-09-24T08:01:37.874326+00:00
7364,0.6449999999999999,2026-09-24T08:01:37.877237+00:00
7365,0.622,2026-09-24T08:01:37.880086+00:00
7366,0.718,2026-09-24T08:01:37.883035+00:00
7367,0.656,2026-09-24T08:01:37.886032+00:00
7368,0.631,2026-09-24T08:01:37.888909+00:00
7369,0.603,2026-09-24T08:01:37.891767+00:00
7370,0.642,2026-09-24T08:01:37.894675+00:00
7371,0.88,2026-09-24T08:01:37.898075+00:00
7372,0.741,2026-09-24T08:01:37.900982+00:00
7373,0.762,2026-09-24T08:01:37.903886+00:00
7374,0.506,2026-09-24T08:01:37.906470+00:00
7375,0.399,2026-09-24T08:01:37.908937+00:00
7376,0.408,2026-09-24T08:01:37.911423+00:00
7377,0.7829999999999999,2026-09-24T08:01:37.914277+00:00
7378,0.804,2026-09-24T08:01:37.916904+00:00
7379,0.705,2026-09-24T08:01:37.919464+00:00
7380,0.7969999999999999,2026-09-24T08:01:37.922168+00:00
7381,0.619,2026-09-24T08:01:37.924653+00:00
7382,0.661,2026-09-24T08:01:37.927212+00:00
7383,0.905,2026-09-24T08:01:37.930188+00:00
7384,0.651,2026-09-24T08:01:37.932917+00:00
7385,0.721,2026-09-24T08:01:37.935644+00:00
7386,0.464,2026-09-24T08:01:37.938015+00:00
7387,0.43,2026-09-24T08:01:37.940433+00:00
7388,0.767,2026-09-24T08:01:37.943222+00:00
7389,0.609,2026-09-24T08:01:37.945943+00:00
7390,0.646,2026-09-24T08:01:37.948671+00:00
7391,0.49299999999999994,2026-09-24T08:01:37.951287+00:00
7392,0.47100000000000003,2026-09-24T08:01:37.953800+00:00
7393,0.53,2026-09-24T08:01:37.956367+00:00
7394,0.782,2026-09-24T08:01:37.959167+00:00
7395,0.592,2026-09-24T08:01:37.961674+00:00
7396,0.515,2026-09-24T08:01:37.964216+00:00
7397,0.587,2026-09-24T08:01:37.966803+00:00
7398,0.516,2026-09-24T08:01:37.969234+00:00
7399,0.48899999999999993,2026-09-24T08:01:37.971725+00:00
7400,0.48700000000000004,2026-09-24T08:01:37.974315+00:00
7401,0.5900000000000001,2026-09-24T08:01:37.976930+00:00
7402,0.509,2026-09-24T08:01:37.979490+00:00
7403,0.484,2026-09-24T08:01:37.982014+00:00
7404,0.726,2026-09-24T08:01:37.984768+00:00
7405,0.759,2026-09-24T08:01:37.987451+00:00
7406,0.558,2026-09-24T08:01:37.989961+00:00
7407,0.516,2026-09-24T08:01:37.992463+00:00
7408,0.49799999999999994,2026-09-24T08:01:37.994942+00:00
7409,0.503,2026-09-24T08:01:37.997449+00:00
7410,0.488,2026-09-24T08:01:37.999922+00:00
7411,0.508,2026-09-24T08:01:38.002431+00:00
7412,0.494,2026-09-24T08:01:38.004940+00:00
7413,0.49,2026-09-24T08:01:38.007429+00:00
7414,0.472,2026-09-24T08:01:38.009899+00:00
7415,0.578,2026-09-24T08:01:38.012479+00:00
7416,0.528,2026-09-24T08:01:38.015018+00:00
7417,0.506,2026-09-24T08:01:38.017516+00:00
7418,0.428,2026-09-24T08:01:38.019952+00:00
7419,0.43,2026-09-24T08:01:38.022440+00:00
7420,0.484,2026-09-24T08:01:38.024976+00:00
7421,0.46599999999999997,2026-09-24T08:01:38.027441+00:00
7422,0.508,2026-09-24T08:01:38.029969+00:00
7423,0.664,2026-09-24T08:01:38.032685+00:00
7424,0.579,2026-09-24T08:01:38.035349+00:00
7425,0.531,2026-09-24T08:01:38.037892+00:00
7426,0.6819999999999999,2026-09-24T08:01:38.040590+00:00
7427,0.635,2026-09-24T08:01:38.043249+00:00
7428,0.575,2026-09-24T08:01:38.045895+00:00
7429,0.7649999999999999,2026-09-24T08:01:38.048658+00:00
7430,0.535,2026-09-24T08:01:38.051070+00:00
7431,0.636,2026-09-24T08:01:38.053705+00:00
7432,0.5509999999999999,2026-09-24T08:01:38.056201+00:00
7433,0.585,2026-09-24T08:01:38.058763+00:00
7434,0.7969999999999999,2026-09-24T08:01:38.061535+00:00
7435,0.6040000000000001,2026-09-24T08:01:38.064231+00:00
7436,1.055,2026-09-24T08:01:38.067353+00:00
7437,0.622,2026-09-24T08:01:38.070057+00:00
7438,0.513,2026-09-24T08:01:38.072640+00:00
7439,0.607,2026-09-24T08:01:38.075373+00:00
7440,0.596,2026-09-24T08:01:38.078040+00:00
7441,0.642,2026-09-24T08:01:38.080738+00:00
7442,0.5630000000000001,2026-09-24T08:01:38.083215+00:00
7443,0.768,2026-09-24T08:01:38.086004+00:00
7444,0.5379999999999999,2026-09-24T08:01:38.088683+00:00
7445,0.49700000000000005,2026-09-24T08:01:38.091206+00:00
7446,0.49,2026-09-24T08:01:38.093757+00:00
7447,0.428,2026-09-24T08:01:38.096272+00:00
7448,0.47300000000000003,2026-09-24T08:01:38.098872+00:00
7449,0.422,2026-09-24T08:01:38.101403+00:00
7450,0.483,2026-09-24T08:01:38.104029+00:00
7451,0.504,2026-09-24T08:01:38.106704+00:00
7452,0.525,2026-09-24T08:01:38.109350+00:00
7453,0.512,2026-09-24T08:01:38.111923+00:00
7454,0.509,2026-09-24T08:01:38.114492+00:00
7455,0.612,2026-09-24T08:01:38.117257+00:00
7456,0.509,2026-09-24T08:01:38.119831+00:00
7457,0.583,2026-09-24T08:01:38.122487+00:00
7458,0.5670000000000001,2026-09-24T08:01:38.125026+00:00
7459,0.579,2026-09-24T08:01:38.127592+00:00
7460,0.596,2026-09-24T08:01:38.130169+00:00
7461,0.609,2026-09-24T08:01:38.132753+00:00
7462,0.5640000000000001,2026-09-24T08:01:38.135321+00:00
7463,0.5379999999999999,2026-09-24T08:01:38.137840+00:00
7464,0.525,2026-09-24T08:01:38.140331+00:00
7465,0.65,2026-09-24T08:01:38.143000+00:00
7466,0.683,2026-09-24T08:01:38.145825+00:00
7467,0.503,2026-09-24T08:01:38.148354+00:00
7468,0.46799999999999997,2026-09-24T08:01:38.150877+00:00
7469,0.38699999999999996,2026-09-24T08:01:38.153308+00:00
7470,0.39399999999999996,2026-09-24T08:01:38.155797+00:00
7471,0.373,2026-09-24T08:01:38.158272+00:00
7472,0.46799999999999997,2026-09-24T08:01:38.160851+00:00
7473,0.472,2026-09-24T08:01:38.163358+00:00
7474,0.41300000000000003,2026-09-24T08:01:38.165750+00:00
7475,0.5810000000000001,2026-09-24T08:01:38.168363+00:00
7476,0.422,2026-09-24T08:01:38.170742+00:00
7477,0.38699999999999996,2026-09-24T08:01:38.173153+00:00
7478,0.404,2026-09-24T08:01:38.175585+00:00
7479,0.366,2026-09-24T08:01:38.178001+00:00
7480,0.379,2026-09-24T08:01:38.180432+00:00
7481,0.398,2026-09-24T08:01:38.182861+00:00
7482,0.365,2026-09-24T08:01:38.185243+00:00
7483,0.38499999999999995,2026-09-24T08:01:38.187665+00:00
7484,0.354,2026-09-24T08:01:38.190045+00:00
7485,0.371,2026-09-24T08:01:38.192468+00:00
7486,0.368,2026-09-24T08:01:38.194885+00:00
7487,0.391,2026-09-24T08:01:38.197323+00:00
7488,0.384,2026-09-24T08:01:38.199727+00:00
7489,0.367,2026-09-24T08:01:38.202134+00:00
7490,0.448,2026-09-24T08:01:38.204625+00:00
7491,0.41300000000000003,2026-09-24T08:01:38.207053+00:00
7492,0.39399999999999996,2026-09-24T08:01:38.209468+00:00
7493,0.398,2026-09-24T08:01:38.211893+00:00
7494,0.363,2026-09-24T08:01:38.214284+00:00
7495,0.49700000000000005,2026-09-24T08:01:38.216808+00:00
7496,1.056,2026-09-24T08:01:38.219905+00:00
7497,0.605,2026-09-24T08:01:38.222370+00:00
7498,0.47300000000000003,2026-09-24T08:01:38.224752+00:00
7499,0.462,2026-09-24T08:01:38.227180+00:00
7500,0.484,2026-09-24T08:01:38.229619+00:00
7501,0.433,2026-09-24T08:01:38.231988+00:00
7502,0.705,2026-09-24T08:01:38.234669+00:00
7503,0.495,2026-09-24T08:01:38.237102+00:00
7504,0.45399999999999996,2026-09-24T08:01:38.239479+00:00
7505,0.674,2026-09-24T08:01:38.242113+00:00
7506,0.705,2026-09-24T08:01:38.244692+00:00
7507,0.502,2026-09-24T08:01:38.247172+00:00
7508,0.5760000000000001,2026-09-24T08:01:38.249746+00:00
7509,0.432,2026-09-24T08:01:38.252151+00:00
7510,0.45399999999999996,2026-09-24T08:01:38.254608+00:00
7511,0.39599999999999996,2026-09-24T08:01:38.257007+00:00
7512,0.438,2026-09-24T08:01:38.259464+00:00
7513,0.39599999999999996,2026-09-24T08:01:38.261818+00:00
7514,0.383,2026-09-24T08:01:38.264212+00:00
7515,0.46900000000000003,2026-09-24T08:01:38.266696+00:00
7516,0.393,2026-09-24T08:01:38.269046+00:00
7517,0.447,2026-09-24T08:01:38.271503+00:00
7518,0.371,2026-09-24T08:01:38.273842+00:00
7519,0.456,2026-09-24T08:01:38.276334+00:00
7520,0.457,2026-09-24T08:01:38.278737+00:00
7521,0.40700000000000003,2026-09-24T08:01:38.281118+00:00
7522,0.397,2026-09-24T08:01:38.283515+00:00
7523,0.6539999999999999,2026-09-24T08:01:38.286174+00:00
7524,0.514,2026-09-24T08:01:38.288834+00:00
7525,0.7699999999999999,2026-09-24T08:01:38.291902+00:00
7526,0.58,2026-09-24T08:01:38.294701+00:00
7527,0.653,2026-09-24T08:01:38.297571+00:00
7528,0.6759999999999999,2026-09-24T08:01:38.300451+00:00
7529,0.5640000000000001,2026-09-24T08:01:38.303101+00:00
7530,0.616,2026-09-24T08:01:38.305804+00:00
7531,0.5469999999999999,2026-09-24T08:01:38.308291+00:00
7532,0.537,2026-09-24T08:01:38.310783+00:00
7533,0.527,2026-09-24T08:01:38.313253+00:00
7534,0.6489999999999999,2026-09-24T08:01:38.315855+00:00
7535,0.606,2026-09-24T08:01:38.318434+00:00
7536,0.638,2026-09-24T08:01:38.321033+00:00
7537,0.864,2026-09-24T08:01:38.323953+00:00
7538,0.661,2026-09-24T08:01:38.326512+00:00
7539,1.606,2026-09-24T08:01:38.330120+00:00
7540,1.1019999999999999,2026-09-24T08:01:38.332943+00:00
7541,0.873,2026-09-24T08:01:38.335856+00:00
7542,0.93,2026-09-24T08:01:38.338843+00:00
7543,0.82,2026-09-24T08:01:38.341749+00:00
7544,0.65,2026-09-24T08:01:38.344596+00:00
7545,0.852,2026-09-24T08:01:38.347570+00:00
7546,0.883,2026-09-24T08:01:38.350474+00:00
7547,0.54,2026-09-24T08:01:38.352984+00:00
7548,0.495,2026-09-24T08:01:38.355489+00:00
7549,0.605,2026-09-24T08:01:38.358122+00:00
7550,0.635,2026-09-24T08:01:38.360779+00:00
7551,0.559,2026-09-24T08:01:38.363378+00:00
7552,0.6930000000000001,2026-09-24T08:01:38.366125+00:00
7553,0.555,2026-09-24T08:01:38.368677+00:00
7554,0.6980000000000001,2026-09-24T08:01:38.371402+00:00
7555,0.743,2026-09-24T08:01:38.374243+00:00
7556,0.648,2026-09-24T08:01:38.376990+00:00
7557,0.507,2026-09-24T08:01:38.379592+00:00
7558,0.54,2026-09-24T08:01:38.382190+00:00
7559,0.617,2026-09-24T08:01:38.384843+00:00
7560,0.877,2026-09-24T08:01:38.388039+00:00
7561,0.596,2026-09-24T08:01:38.390604+00:00
7562,0.484,2026-09-24T08:01:38.393118+00:00
7563,0.993,2026-09-24T08:01:38.396174+00:00
7564,0.778,2026-09-24T08:01:38.399051+00:00
7565,0.639,2026-09-24T08:01:38.401746+00:00
7566,0.585,2026-09-24T08:01:38.404369+00:00
7567,0.537,2026-09-24T08:01:38.406915+00:00
7568,0.707,2026-09-24T08:01:38.409657+00:00
7569,0.535,2026-09-24T08:01:38.412039+00:00
7570,0.51,2026-09-24T08:01:38.414537+00:00
7571,0.631,2026-09-24T08:01:38.417295+00:00
7572,0.501,2026-09-24T08:01:38.419838+00:00
7573,0.508,2026-09-24T08:01:38.422362+00:00
7574,0.533,2026-09-24T08:01:38.424890+00:00
7575,0.434,2026-09-24T08:01:38.427288+00:00
7576,0.408,2026-09-24T08:01:38.429699+00:00
7577,0.457,2026-09-24T08:01:38.432186+00:00
7578,0.455,2026-09-24T08:01:38.434606+00:00
7579,0.5680000000000001,2026-09-24T08:01:38.437160+00:00
7580,0.514,2026-09-24T08:01:38.439597+00:00
7581,0.508,2026-09-24T08:01:38.442010+00:00
7582,0.553,2026-09-24T08:01:38.444477+00:00
7583,0.5559999999999999,2026-09-24T08:01:38.446974+00:00
7584,0.562,2026-09-24T08:01:38.449487+00:00
7585,0.593,2026-09-24T08:01:38.452015+00:00
7586,0.531,2026-09-24T08:01:38.454621+00:00
7587,0.47800000000000004,2026-09-24T08:01:38.457153+00:00
7588,0.502,2026-09-24T08:01:38.459684+00:00
7589,0.519,2026-09-24T08:01:38.462226+00:00
7590,0.49700000000000005,2026-09-24T08:01:38.464688+00:00
7591,0.48000000000000004,2026-09-24T08:01:38.467185+00:00
7592,0.49,2026-09-24T08:01:38.469691+00:00
7593,0.491,2026-09-24T08:01:38.472170+00:00
7594,0.505,2026-09-24T08:01:38.474680+00:00
7595,0.481,2026-09-24T08:01:38.477147+00:00
7596,0.502,2026-09-24T08:01:38.479662+00:00
7597,0.46900000000000003,2026-09-24T08:01:38.482112+00:00
7598,0.49200000000000005,2026-09-24T08:01:38.484623+00:00
7599,0.611,2026-09-24T08:01:38.487244+00:00
7600,0.642,2026-09-24T08:01:38.490060+00:00
7601,0.571,2026-09-24T08:01:38.492648+00:00
7602,0.5609999999999999,2026-09-24T08:01:38.495297+00:00
7603,0.912,2026-09-24T08:01:38.498252+00:00
7604,1.278,2026-09-24T08:01:38.501729+00:00
7605,0.758,2026-09-24T08:01:38.504367+00:00
7606,0.7,2026-09-24T08:01:38.507038+00:00
7607,0.588,2026-09-24T08:01:38.509550+00:00
7608,0.5429999999999999,2026-09-24T08:01:38.512041+00:00
7609,0.5860000000000001,2026-09-24T08:01:38.514589+00:00
7610,0.505,2026-09-24T08:01:38.517041+00:00
7611,0.49200000000000005,2026-09-24T08:01:38.519500+00:00
7612,0.7020000000000001,2026-09-24T08:01:38.522205+00:00
7613,0.618,2026-09-24T08:01:38.524640+00:00
7614,0.63,2026-09-24T08:01:38.527096+00:00
7615,0.607,2026-09-24T08:01:38.529517+00:00
7616,0.5519999999999999,2026-09-24T08:01:38.531922+00:00
7617,0.555,2026-09-24T08:01:38.534377+00:00
7618,0.601,2026-09-24T08:01:38.536880+00:00
7619,0.483,2026-09-24T08:01:38.539306+00:00
7620,0.47800000000000004,2026-09-24T08:01:38.541728+00:00
7621,0.515,2026-09-24T08:01:38.544193+00:00
7622,0.504,2026-09-24T08:01:38.546589+00:00
7623,0.456,2026-09-24T08:01:38.548964+00:00
7624,0.448,2026-09-24T08:01:38.551370+00:00
7625,0.541,2026-09-24T08:01:38.553871+00:00
7626,0.524,2026-09-24T08:01:38.556291+00:00
7627,0.635,2026-09-24T08:01:38.558850+00:00
7628,0.647,2026-09-24T08:01:38.561457+00:00
7629,0.621,2026-09-24T08:01:38.564059+00:00
7630,0.6629999999999999,2026-09-24T08:01:38.566718+00:00
7631,0.626,2026-09-24T08:01:38.569313+00:00
7632,0.745,2026-09-24T08:01:38.572064+00:00
7633,0.6719999999999999,2026-09-24T08:01:38.574675+00:00
7634,0.7200000000000001,2026-09-24T08:01:38.577302+00:00
7635,0.6759999999999999,2026-09-24T08:01:38.579867+00:00
7636,0.812,2026-09-24T08:01:38.582575+00:00
7637,0.955,2026-09-24T08:01:38.585530+00:00
7638,0.968,2026-09-24T08:01:38.588426+00:00
7639,0.8450000000000001,2026-09-24T08:01:38.591217+00:00
7640,0.6930000000000001,2026-09-24T08:01:38.593877+00:00
7641,0.7060000000000001,2026-09-24T08:01:38.596628+00:00
7642,0.789,2026-09-24T08:01:38.599445+00:00
7643,0.841,2026-09-24T08:01:38.602313+00:00
7644,0.601,2026-09-24T08:01:38.604979+00:00
7645,0.566,2026-09-24T08:01:38.607592+00:00
7646,0.481,2026-09-24T08:01:38.610131+00:00
7647,0.449,2026-09-24T08:01:38.612661+00:00
7648,0.416,2026-09-24T08:01:38.615147+00:00
7649,0.53,2026-09-24T08:01:38.617745+00:00
7650,0.467,2026-09-24T08:01:38.620186+00:00
7651,0.5199999999999999,2026-09-24T08:01:38.622728+00:00
7652,0.522,2026-09-24T08:01:38.625230+00:00
7653,0.47600000000000003,2026-09-24T08:01:38.627681+00:00
7654,0.42700000000000005,2026-09-24T08:01:38.630128+00:00
7655,0.43600000000000005,2026-09-24T08:01:38.632622+00:00
7656,0.553,2026-09-24T08:01:38.635230+00:00
7657,0.518,2026-09-24T08:01:38.637667+00:00
7658,0.5199999999999999,2026-09-24T08:01:38.640158+00:00
7659,0.5289999999999999,2026-09-24T08:01:38.642667+00:00
7660,0.488,2026-09-24T08:01:38.645127+00:00
7661,0.58,2026-09-24T08:01:38.647694+00:00
7662,0.625,2026-09-24T08:01:38.650249+00:00
7663,0.506,2026-09-24T08:01:38.652670+00:00
7664,0.584,2026-09-24T08:01:38.655329+00:00
7665,0.664,2026-09-24T08:01:38.658065+00:00
7666,0.66,2026-09-24T08:01:38.660835+00:00
7667,0.632,2026-09-24T08:01:38.663737+00:00
7668,0.621,2026-09-24T08:01:38.666596+00:00
7669,0.796,2026-09-24T08:01:38.669667+00:00
7670,0.7290000000000001,2026-09-24T08:01:38.672548+00:00
7671,0.6930000000000001,2026-09-24T08:01:38.675359+00:00
7672,0.6819999999999999,2026-09-24T08:01:38.678162+00:00
7673,0.7200000000000001,2026-09-24T08:01:38.681002+00:00
7674,0.687,2026-09-24T08:01:38.683807+00:00
7675,0.695,2026-09-24T08:01:38.686617+00:00
7676,0.775,2026-09-24T08:01:38.689493+00:00
7677,0.666,2026-09-24T08:01:38.692321+00:00
7678,0.7200000000000001,2026-09-24T08:01:38.695180+00:00
7679,0.6890000000000001,2026-09-24T08:01:38.697945+00:00
7680,0.7110000000000001,2026-09-24T08:01:38.700741+00:00
7681,0.747,2026-09-24T08:01:38.703567+00:00
7682,0.756,2026-09-24T08:01:38.706441+00:00
7683,0.5599999999999999,2026-09-24T08:01:38.709143+00:00
7684,0.7380000000000001,2026-09-24T08:01:38.712003+00:00
7685,0.657,2026-09-24T08:01:38.714728+00:00
7686,0.674,2026-09-24T08:01:38.717464+00:00
7687,0.536,2026-09-24T08:01:38.719966+00:00
7688,0.5900000000000001,2026-09-24T08:01:38.722547+00:00
7689,0.549,2026-09-24T08:01:38.724988+00:00
7690,0.549,2026-09-24T08:01:38.727459+00:00
7691,0.5609999999999999,2026-09-24T08:01:38.729935+00:00
7692,0.512,2026-09-24T08:01:38.732370+00:00
7693,0.443,2026-09-24T08:01:38.734766+00:00
7694,0.40900000000000003,2026-09-24T08:01:38.737212+00:00
7695,0.40900000000000003,2026-09-24T08:01:38.739678+00:00
7696,0.404,2026-09-24T08:01:38.742142+00:00
7697,0.541,2026-09-24T08:01:38.744744+00:00
7698,0.565,2026-09-24T08:01:38.747462+00:00
7699,0.40299999999999997,2026-09-24T08:01:38.749912+00:00
7700,0.772,2026-09-24T08:01:38.752729+00:00
7701,0.646,2026-09-24T08:01:38.755141+00:00
7702,0.5670000000000001,2026-09-24T08:01:38.757638+00:00
7703,0.517,2026-09-24T08:01:38.760051+00:00
7704,0.519,2026-09-24T08:01:38.762480+00:00
7705,0.558,2026-09-24T08:01:38.764921+00:00
7706,0.5860000000000001,2026-09-24T08:01:38.767407+00:00
7707,0.708,2026-09-24T08:01:38.770030+00:00
7708,1.129,2026-09-24T08:01:38.773101+00:00
7709,0.759,2026-09-24T08:01:38.775792+00:00
7710,0.622,2026-09-24T08:01:38.778405+00:00
7711,0.6539999999999999,2026-09-24T08:01:38.781038+00:00
7712,0.5559999999999999,2026-09-24T08:01:38.783565+00:00
7713,0.519,2026-09-24T08:01:38.786092+00:00
7714,0.5379999999999999,2026-09-24T08:01:38.788554+00:00
7715,0.45399999999999996,2026-09-24T08:01:38.790924+00:00
7716,0.41100000000000003,2026-09-24T08:01:38.793319+00:00
7717,0.451,2026-09-24T08:01:38.795792+00:00
7718,0.40700000000000003,2026-09-24T08:01:38.798212+00:00
7719,0.40499999999999997,2026-09-24T08:01:38.800637+00:00
7720,0.444,2026-09-24T08:01:38.803099+00:00
7721,0.5730000000000001,2026-09-24T08:01:38.805753+00:00
7722,0.433,2026-09-24T08:01:38.808134+00:00
7723,0.381,2026-09-24T08:01:38.810535+00:00
7724,0.377,2026-09-24T08:01:38.812953+00:00
7725,0.477,2026-09-24T08:01:38.815472+00:00
7726,0.516,2026-09-24T08:01:38.818062+00:00
7727,0.495,2026-09-24T08:01:38.820554+00:00
7728,0.42700000000000005,2026-09-24T08:01:38.822966+00:00
7729,0.434,2026-09-24T08:01:38.825428+00:00
7730,0.398,2026-09-24T08:01:38.827870+00:00
7731,0.416,2026-09-24T08:01:38.830327+00:00
7732,0.45399999999999996,2026-09-24T08:01:38.832824+00:00
7733,0.41300000000000003,2026-09-24T08:01:38.835273+00:00
7734,0.642,2026-09-24T08:01:38.837956+00:00
7735,0.796,2026-09-24T08:01:38.840627+00:00
7736,0.533,2026-09-24T08:01:38.843037+00:00
7737,0.787,2026-09-24T08:01:38.846005+00:00
7738,0.514,2026-09-24T08:01:38.848533+00:00
7739,0.735,2026-09-24T08:01:38.851458+00:00
7740,0.5609999999999999,2026-09-24T08:01:38.854133+00:00
7741,0.612,2026-09-24T08:01:38.856815+00:00
7742,0.501,2026-09-24T08:01:38.859376+00:00
7743,0.504,2026-09-24T08:01:38.861930+00:00
7744,0.523,2026-09-24T08:01:38.864467+00:00
7745,0.477,2026-09-24T08:01:38.866971+00:00
7746,0.48500000000000004,2026-09-24T08:01:38.869502+00:00
7747,0.464,2026-09-24T08:01:38.872007+00:00
7748,0.596,2026-09-24T08:01:38.874695+00:00
7749,0.606,2026-09-24T08:01:38.877407+00:00
7750,0.739,2026-09-24T08:01:38.880257+00:00
7751,0.6970000000000001,2026-09-24T08:01:38.882960+00:00
7752,0.8450000000000001,2026-09-24T08:01:38.885872+00:00
7753,0.6589999999999999,2026-09-24T08:01:38.888470+00:00
7754,0.679,2026-09-24T08:01:38.891153+00:00
7755,0.619,2026-09-24T08:01:38.893749+00:00
7756,0.453,2026-09-24T08:01:38.896251+00:00
7757,0.596,2026-09-24T08:01:38.898909+00:00
7758,0.748,2026-09-24T08:01:38.901572+00:00
7759,0.716,2026-09-24T08:01:38.904386+00:00
7760,0.721,2026-09-24T08:01:38.907114+00:00
7761,0.583,2026-09-24T08:01:38.909593+00:00
7762,0.54,2026-09-24T08:01:38.912101+00:00
7763,0.925,2026-09-24T08:01:38.914999+00:00
7764,0.5900000000000001,2026-09-24T08:01:38.917652+00:00
7765,0.5950000000000001,2026-09-24T08:01:38.920324+00:00
7766,0.939,2026-09-24T08:01:38.923313+00:00
7767,0.606,2026-09-24T08:01:38.925897+00:00
7768,0.67,2026-09-24T08:01:38.928597+00:00
7769,0.46799999999999997,2026-09-24T08:01:38.930950+00:00
7770,0.618,2026-09-24T08:01:38.933573+00:00
7771,0.809,2026-09-24T08:01:38.936527+00:00
7772,0.723,2026-09-24T08:01:38.939451+00:00
7773,0.91,2026-09-24T08:01:38.942372+00:00
7774,0.821,2026-09-24T08:01:38.945249+00:00
7775,0.859,2026-09-24T08:01:38.948141+00:00
7776,0.874,2026-09-24T08:01:38.951072+00:00
7777,0.805,2026-09-24T08:01:38.953956+00:00
7778,0.5379999999999999,2026-09-24T08:01:38.956348+00:00
7779,0.505,2026-09-24T08:01:38.958872+00:00
7780,0.652,2026-09-24T08:01:38.961562+00:00
7781,0.457,2026-09-24T08:01:38.964059+00:00
7782,0.438,2026-09-24T08:01:38.966525+00:00
7783,0.412,2026-09-24T08:01:38.968965+00:00
7784,0.40900000000000003,2026-09-24T08:01:38.971392+00:00
7785,0.415,2026-09-24T08:01:38.973828+00:00
7786,0.39599999999999996,2026-09-24T08:01:38.976246+00:00
7787,0.422,2026-09-24T08:01:38.978694+00:00
7788,0.374,2026-09-24T08:01:38.981101+00:00
7789,0.464,2026-09-24T08:01:38.983591+00:00
7790,0.704,2026-09-24T08:01:38.986353+00:00
7791,0.611,2026-09-24T08:01:38.988899+00:00
7792,0.601,2026-09-24T08:01:38.991454+00:00
7793,0.566,2026-09-24T08:01:38.994031+00:00
7794,0.558,2026-09-24T08:01:38.996623+00:00
7795,0.499,2026-09-24T08:01:38.999157+00:00
7796,0.46299999999999997,2026-09-24T08:01:39.001668+00:00
7797,0.47600000000000003,2026-09-24T08:01:39.004185+00:00
7798,0.727,2026-09-24T08:01:39.006959+00:00
7799,0.597,2026-09-24T08:01:39.009473+00:00
7800,0.709,2026-09-24T08:01:39.012243+00:00
7801,0.756,2026-09-24T08:01:39.015000+00:00
7802,0.651,2026-09-24T08:01:39.017539+00:00
7803,0.592,2026-09-24T08:01:39.020269+00:00
7804,0.578,2026-09-24T08:01:39.022923+00:00
7805,0.5770000000000001,2026-09-24T08:01:39.025582+00:00
7806,0.644,2026-09-24T08:01:39.028337+00:00
7807,0.5559999999999999,2026-09-24T08:01:39.030937+00:00
7808,0.5509999999999999,2026-09-24T08:01:39.033575+00:00
7809,0.569,2026-09-24T08:01:39.036319+00:00
7810,0.578,2026-09-24T08:01:39.038916+00:00
7811,0.5670000000000001,2026-09-24T08:01:39.041477+00:00
7812,0.5379999999999999,2026-09-24T08:01:39.043981+00:00
7813,0.571,2026-09-24T08:01:39.046579+00:00
7814,0.5680000000000001,2026-09-24T08:01:39.049231+00:00
7815,0.6,2026-09-24T08:01:39.051912+00:00
7816,0.61,2026-09-24T08:01:39.054514+00:00
7817,0.616,2026-09-24T08:01:39.057119+00:00
7818,0.644,2026-09-24T08:01:39.059751+00:00
7819,0.571,2026-09-24T08:01:39.062281+00:00
7820,0.536,2026-09-24T08:01:39.064800+00:00
7821,0.522,2026-09-24T08:01:39.067335+00:00
7822,0.714,2026-09-24T08:01:39.070070+00:00
7823,0.678,2026-09-24T08:01:39.072882+00:00
7824,0.75,2026-09-24T08:01:39.075769+00:00
7825,0.786,2026-09-24T08:01:39.078539+00:00
7826,0.757,2026-09-24T08:01:39.081190+00:00
7827,0.8630000000000001,2026-09-24T08:01:39.083881+00:00
7828,0.62,2026-09-24T08:01:39.086495+00:00
7829,0.5599999999999999,2026-09-24T08:01:39.089116+00:00
7830,0.449,2026-09-24T08:01:39.091587+00:00
7831,0.5339999999999999,2026-09-24T08:01:39.094161+00:00
7832,0.617,2026-09-24T08:01:39.096708+00:00
7833,0.78,2026-09-24T08:01:39.099456+00:00
7834,0.634,2026-09-24T08:01:39.101999+00:00
7835,0.6629999999999999,2026-09-24T08:01:39.104741+00:00
7836,0.482,2026-09-24T08:01:39.107221+00:00
7837,0.49799999999999994,2026-09-24T08:01:39.109729+00:00
7838,0.48700000000000004,2026-09-24T08:01:39.112188+00:00
7839,0.5109999999999999,2026-09-24T08:01:39.114645+00:00
7840,0.462,2026-09-24T08:01:39.117050+00:00
7841,0.598,2026-09-24T08:01:39.119664+00:00
7842,0.733,2026-09-24T08:01:39.122543+00:00
7843,0.532,2026-09-24T08:01:39.125140+00:00
7844,0.5810000000000001,2026-09-24T08:01:39.127848+00:00
7845,0.617,2026-09-24T08:01:39.130539+00:00
7846,0.415,2026-09-24T08:01:39.133012+00:00
7847,0.652,2026-09-24T08:01:39.135746+00:00
7848,0.499,2026-09-24T08:01:39.138290+00:00
7849,0.537,2026-09-24T08:01:39.140837+00:00
7850,0.48500000000000004,2026-09-24T08:01:39.143303+00:00
7851,0.45899999999999996,2026-09-24T08:01:39.145799+00:00
7852,0.4,2026-09-24T08:01:39.148270+00:00
7853,0.457,2026-09-24T08:01:39.150805+00:00
7854,0.40499999999999997,2026-09-24T08:01:39.153282+00:00
7855,0.44,2026-09-24T08:01:39.155797+00:00
7856,0.46900000000000003,2026-09-24T08:01:39.158351+00:00
7857,0.64,2026-09-24T08:01:39.161006+00:00
7858,0.54,2026-09-24T08:01:39.163639+00:00
7859,0.495,2026-09-24T08:01:39.166250+00:00
7860,0.47,2026-09-24T08:01:39.168731+00:00
7861,0.43600000000000005,2026-09-24T08:01:39.171197+00:00
7862,0.482,2026-09-24T08:01:39.173710+00:00
7863,0.481,2026-09-24T08:01:39.176246+00:00
7864,0.494,2026-09-24T08:01:39.178793+00:00
7865,0.412,2026-09-24T08:01:39.181280+00:00
7866,0.519,2026-09-24T08:01:39.183865+00:00
7867,0.44,2026-09-24T08:01:39.186361+00:00
7868,0.43600000000000005,2026-09-24T08:01:39.188875+00:00
7869,0.5770000000000001,2026-09-24T08:01:39.191518+00:00
7870,0.7290000000000001,2026-09-24T08:01:39.194160+00:00
7871,0.771,2026-09-24T08:01:39.196970+00:00
7872,0.8180000000000001,2026-09-24T08:01:39.199639+00:00
7873,0.578,2026-09-24T08:01:39.202184+00:00
7874,0.743,2026-09-24T08:01:39.204979+00:00
7875,0.5379999999999999,2026-09-24T08:01:39.207336+00:00
7876,0.74,2026-09-24T08:01:39.210063+00:00
7877,1.564,2026-09-24T08:01:39.213750+00:00
7878,1.001,2026-09-24T08:01:39.216303+00:00
7879,0.871,2026-09-24T08:01:39.219207+00:00
7880,0.593,2026-09-24T08:01:39.221840+00:00
7881,0.68,2026-09-24T08:01:39.224554+00:00
7882,0.902,2026-09-24T08:01:39.227519+00:00
7883,0.5,2026-09-24T08:01:39.229930+00:00
7884,0.49700000000000005,2026-09-24T08:01:39.232450+00:00
7885,0.716,2026-09-24T08:01:39.235115+00:00
7886,0.464,2026-09-24T08:01:39.237488+00:00
7887,0.406,2026-09-24T08:01:39.239828+00:00
7888,0.404,2026-09-24T08:01:39.242271+00:00
7889,0.431,2026-09-24T08:01:39.244729+00:00
7890,0.571,2026-09-24T08:01:39.247341+00:00
7891,0.494,2026-09-24T08:01:39.249695+00:00
7892,0.474,2026-09-24T08:01:39.252175+00:00
7893,0.479,2026-09-24T08:01:39.254649+00:00
7894,0.46,2026-09-24T08:01:39.257108+00:00
7895,0.44,2026-09-24T08:01:39.259547+00:00
7896,0.626,2026-09-24T08:01:39.262373+00:00
7897,0.5419999999999999,2026-09-24T08:01:39.265043+00:00
7898,0.535,2026-09-24T08:01:39.267686+00:00
7899,0.5109999999999999,2026-09-24T08:01:39.270310+00:00
7900,0.653,2026-09-24T08:01:39.273082+00:00
7901,0.902,2026-09-24T08:01:39.276092+00:00
7902,0.6980000000000001,2026-09-24T08:01:39.278776+00:00
7903,0.65,2026-09-24T08:01:39.281324+00:00
7904,0.53,2026-09-24T08:01:39.283760+00:00
7905,0.474,2026-09-24T08:01:39.286227+00:00
7906,0.517,2026-09-24T08:01:39.288739+00:00
7907,0.46599999999999997,2026-09-24T08:01:39.291318+00:00
7908,0.45,2026-09-24T08:01:39.293976+00:00
7909,0.5109999999999999,2026-09-24T08:01:39.296703+00:00
7910,0.391,2026-09-24T08:01:39.299234+00:00
7911,0.374,2026-09-24T08:01:39.301712+00:00
7912,0.367,2026-09-24T08:01:39.304171+00:00
7913,0.365,2026-09-24T08:01:39.306619+00:00
7914,0.347,2026-09-24T08:01:39.309068+00:00
7915,0.36200000000000004,2026-09-24T08:01:39.311524+00:00
7916,0.34,2026-09-24T08:01:39.313956+00:00
7917,0.348,2026-09-24T08:01:39.316393+00:00
7918,0.34600000000000003,2026-09-24T08:01:39.318849+00:00
7919,0.34299999999999997,2026-09-24T08:01:39.321285+00:00
7920,0.36000000000000004,2026-09-24T08:01:39.323744+00:00
7921,0.447,2026-09-24T08:01:39.326314+00:00
7922,0.38,2026-09-24T08:01:39.328805+00:00
7923,0.359,2026-09-24T08:01:39.331267+00:00
7924,0.44,2026-09-24T08:01:39.333839+00:00
7925,0.465,2026-09-24T08:01:39.336468+00:00
7926,0.5469999999999999,2026-09-24T08:01:39.339236+00:00
7927,0.47600000000000003,2026-09-24T08:01:39.341832+00:00
7928,0.578,2026-09-24T08:01:39.344622+00:00
7929,0.609,2026-09-24T08:01:39.347313+00:00
7930,0.5910000000000001,2026-09-24T08:01:39.349980+00:00
7931,0.545,2026-09-24T08:01:39.352629+00:00
7932,0.6679999999999999,2026-09-24T08:01:39.355407+00:00
7933,0.5640000000000001,2026-09-24T08:01:39.358107+00:00
7934,0.7150000000000001,2026-09-24T08:01:39.360834+00:00
7935,0.514,2026-09-24T08:01:39.363168+00:00
7936,0.679,2026-09-24T08:01:39.365801+00:00
7937,0.607,2026-09-24T08:01:39.368203+00:00
7938,0.611,2026-09-24T08:01:39.370658+00:00
7939,0.578,2026-09-24T08:01:39.373078+00:00
7940,0.6040000000000001,2026-09-24T08:01:39.375544+00:00
7941,0.602,2026-09-24T08:01:39.377983+00:00
7942,0.8180000000000001,2026-09-24T08:01:39.380646+00:00
7943,0.653,2026-09-24T08:01:39.383007+00:00
7944,0.844,2026-09-24T08:01:39.385663+00:00
7945,0.618,2026-09-24T08:01:39.387978+00:00
7946,0.585,2026-09-24T08:01:39.390391+00:00
7947,0.532,2026-09-24T08:01:39.392781+00:00
7948,0.579,2026-09-24T08:01:39.395301+00:00
7949,0.588,2026-09-24T08:01:39.397746+00:00
7950,0.683,2026-09-24T08:01:39.400318+00:00
7951,0.678,2026-09-24T08:01:39.402913+00:00
7952,0.745,2026-09-24T08:01:39.405612+00:00
7953,0.76,2026-09-24T08:01:39.408199+00:00
7954,0.549,2026-09-24T08:01:39.410700+00:00
7955,0.467,2026-09-24T08:01:39.413160+00:00
7956,0.47600000000000003,2026-09-24T08:01:39.415634+00:00
7957,0.5429999999999999,2026-09-24T08:01:39.418164+00:00
7958,0.8350000000000001,2026-09-24T08:01:39.420910+00:00
7959,0.7010000000000001,2026-09-24T08:01:39.423400+00:00
7960,0.7020000000000001,2026-09-24T08:01:39.426079+00:00
7961,0.68,2026-09-24T08:01:39.428732+00:00
7962,0.675,2026-09-24T08:01:39.431395+00:00
7963,0.7060000000000001,2026-09-24T08:01:39.434084+00:00
7964,0.67,2026-09-24T08:01:39.436746+00:00
7965,0.6890000000000001,2026-09-24T08:01:39.439466+00:00
7966,0.58,2026-09-24T08:01:39.442046+00:00
7967,0.562,2026-09-24T08:01:39.444719+00:00
7968,0.5289999999999999,2026-09-24T08:01:39.447391+00:00
7969,0.5419999999999999,2026-09-24T08:01:39.450109+00:00
7970,0.5509999999999999,2026-09-24T08:01:39.452807+00:00
7971,0.8490000000000001,2026-09-24T08:01:39.455792+00:00
7972,0.8059999999999999,2026-09-24T08:01:39.458640+00:00
7973,0.873,2026-09-24T08:01:39.461546+00:00
7974,0.66,2026-09-24T08:01:39.464055+00:00
7975,0.6130000000000001,2026-09-24T08:01:39.466639+00:00
7976,0.597,2026-09-24T08:01:39.469188+00:00
7977,0.494,2026-09-24T08:01:39.471630+00:00
7978,0.437,2026-09-24T08:01:39.474113+00:00
7979,0.594,2026-09-24T08:01:39.476770+00:00
7980,0.621,2026-09-24T08:01:39.479330+00:00
7981,0.9179999999999999,2026-09-24T08:01:39.482355+00:00
7982,0.553,2026-09-24T08:01:39.484890+00:00
7983,0.446,2026-09-24T08:01:39.487373+00:00
7984,0.554,2026-09-24T08:01:39.489979+00:00
7985,0.63,2026-09-24T08:01:39.492545+00:00
7986,0.5,2026-09-24T08:01:39.495014+00:00
7987,1.2329999999999999,2026-09-24T08:01:39.498310+00:00
7988,0.766,2026-09-24T08:01:39.501018+00:00
7989,0.853,2026-09-24T08:01:39.503816+00:00
7990,0.865,2026-09-24T08:01:39.506452+00:00
7991,0.615,2026-09-24T08:01:39.509043+00:00
7992,0.683,2026-09-24T08:01:39.511663+00:00
7993,0.501,2026-09-24T08:01:39.514176+00:00
7994,0.618,2026-09-24T08:01:39.516791+00:00
7995,0.528,2026-09-24T08:01:39.519207+00:00
7996,1.2429999999999999,2026-09-24T08:01:39.522372+00:00
7997,0.8140000000000001,2026-09-24T08:01:39.525276+00:00
7998,0.8360000000000001,2026-09-24T08:01:39.528160+00:00
7999,0.559,2026-09-24T08:01:39.530677+00:00
8000,0.7739999999999999,2026-09-24T08:01:39.533512+00:00
8001,0.67,2026-09-24T08:01:39.536104+00:00
8002,0.583,2026-09-24T08:01:39.538764+00:00
8003,0.8260000000000001,2026-09-24T08:01:39.541630+00:00
8004,0.554,2026-09-24T08:01:39.543919+00:00
8005,0.734,2026-09-24T08:01:39.546642+00:00
8006,0.9470000000000001,2026-09-24T08:01:39.549530+00:00
8007,0.583,2026-09-24T08:01:39.551848+00:00
8008,0.455,2026-09-24T08:01:39.554276+00:00
8009,0.571,2026-09-24T08:01:39.556900+00:00
8010,0.584,2026-09-24T08:01:39.559455+00:00
8011,0.615,2026-09-24T08:01:39.562281+00:00
8012,0.51,2026-09-24T08:01:39.564804+00:00
8013,0.465,2026-09-24T08:01:39.567280+00:00
8014,0.545,2026-09-24T08:01:39.569843+00:00
8015,0.769,2026-09-24T08:01:39.572671+00:00
8016,0.589,2026-09-24T08:01:39.575162+00:00
8017,0.477,2026-09-24T08:01:39.577582+00:00
8018,0.745,2026-09-24T08:01:39.580376+00:00
8019,0.6539999999999999,2026-09-24T08:01:39.583165+00:00
8020,0.625,2026-09-24T08:01:39.585804+00:00
8021,0.635,2026-09-24T08:01:39.588529+00:00
8022,0.648,2026-09-24T08:01:39.591162+00:00
8023,0.533,2026-09-24T08:01:39.593694+00:00
8024,0.5820000000000001,2026-09-24T08:01:39.596301+00:00
8025,0.545,2026-09-24T08:01:39.598785+00:00
8026,0.9740000000000001,2026-09-24T08:01:39.601905+00:00
8027,0.9259999999999999,2026-09-24T08:01:39.604795+00:00
8028,0.791,2026-09-24T08:01:39.607572+00:00
8029,0.644,2026-09-24T08:01:39.610191+00:00
8030,0.821,2026-09-24T08:01:39.613030+00:00
8031,0.5469999999999999,2026-09-24T08:01:39.615567+00:00
8032,0.465,2026-09-24T08:01:39.618062+00:00
8033,0.587,2026-09-24T08:01:39.620699+00:00
8034,0.862,2026-09-24T08:01:39.623560+00:00
8035,0.5860000000000001,2026-09-24T08:01:39.625994+00:00
8036,0.6819999999999999,2026-09-24T08:01:39.628698+00:00
8037,0.5339999999999999,2026-09-24T08:01:39.631216+00:00
8038,0.68,2026-09-24T08:01:39.633932+00:00
8039,0.856,2026-09-24T08:01:39.636873+00:00
8040,0.627,2026-09-24T08:01:39.639479+00:00
8041,0.5760000000000001,2026-09-24T08:01:39.642013+00:00
8042,0.5559999999999999,2026-09-24T08:01:39.644595+00:00
8043,0.5419999999999999,2026-09-24T08:01:39.647182+00:00
8044,0.451,2026-09-24T08:01:39.649629+00:00
8045,0.6819999999999999,2026-09-24T08:01:39.652376+00:00
8046,0.644,2026-09-24T08:01:39.654858+00:00
8047,0.611,2026-09-24T08:01:39.657399+00:00
8048,1.047,2026-09-24T08:01:39.660374+00:00
8049,0.987,2026-09-24T08:01:39.663361+00:00
8050,1.198,2026-09-24T08:01:39.666502+00:00
8051,1.224,2026-09-24T08:01:39.669750+00:00
8052,1.0839999999999999,2026-09-24T08:01:39.672818+00:00
8053,1.0510000000000002,2026-09-24T08:01:39.675904+00:00
8054,0.744,2026-09-24T08:01:39.678600+00:00
8055,1.063,2026-09-24T08:01:39.681716+00:00
8056,0.784,2026-09-24T08:01:39.684520+00:00
8057,0.8059999999999999,2026-09-24T08:01:39.687355+00:00
8058,0.9520000000000001,2026-09-24T08:01:39.690273+00:00
8059,0.906,2026-09-24T08:01:39.693157+00:00
8060,0.885,2026-09-24T08:01:39.696013+00:00
8061,0.756,2026-09-24T08:01:39.698658+00:00
8062,0.5820000000000001,2026-09-24T08:01:39.701085+00:00
8063,0.58,2026-09-24T08:01:39.703612+00:00
8064,0.549,2026-09-24T08:01:39.706080+00:00
8065,0.499,2026-09-24T08:01:39.708556+00:00
8066,0.608,2026-09-24T08:01:39.711151+00:00
8067,0.609,2026-09-24T08:01:39.713590+00:00
8068,0.53,2026-09-24T08:01:39.716145+00:00
8069,0.583,2026-09-24T08:01:39.718752+00:00
8070,0.488,2026-09-24T08:01:39.721191+00:00
8071,0.535,2026-09-24T08:01:39.723729+00:00
8072,0.46,2026-09-24T08:01:39.726189+00:00
8073,0.85,2026-09-24T08:01:39.729103+00:00
8074,0.8540000000000001,2026-09-24T08:01:39.731914+00:00
8075,0.46599999999999997,2026-09-24T08:01:39.734255+00:00
8076,0.597,2026-09-24T08:01:39.736835+00:00
8077,0.5429999999999999,2026-09-24T08:01:39.739323+00:00
8078,0.775,2026-09-24T08:01:39.742082+00:00
8079,0.674,2026-09-24T08:01:39.744708+00:00
8080,0.508,2026-09-24T08:01:39.747300+00:00
8081,0.504,2026-09-24T08:01:39.749841+00:00
8082,0.48000000000000004,2026-09-24T08:01:39.752327+00:00
8083,0.632,2026-09-24T08:01:39.754943+00:00
8084,0.7110000000000001,2026-09-24T08:01:39.757685+00:00
8085,0.639,2026-09-24T08:01:39.760178+00:00
8086,0.643,2026-09-24T08:01:39.762796+00:00
8087,0.502,2026-09-24T08:01:39.765238+00:00
8088,0.477,2026-09-24T08:01:39.767664+00:00
8089,0.521,2026-09-24T08:01:39.770153+00:00
8090,0.451,2026-09-24T08:01:39.772553+00:00
8091,0.42700000000000005,2026-09-24T08:01:39.775006+00:00
8092,0.574,2026-09-24T08:01:39.777597+00:00
8093,0.517,2026-09-24T08:01:39.780164+00:00
8094,0.424,2026-09-24T08:01:39.782578+00:00
8095,0.40900000000000003,2026-09-24T08:01:39.785010+00:00
8096,0.9359999999999999,2026-09-24T08:01:39.788189+00:00
8097,0.524,2026-09-24T08:01:39.790644+00:00
8098,0.546,2026-09-24T08:01:39.793205+00:00
8099,0.45399999999999996,2026-09-24T08:01:39.795709+00:00
8100,0.382,2026-09-24T08:01:39.798113+00:00
8101,0.38,2026-09-24T08:01:39.800541+00:00
8102,0.522,2026-09-24T08:01:39.803121+00:00
8103,0.475,2026-09-24T08:01:39.805544+00:00
8104,0.448,2026-09-24T08:01:39.807995+00:00
8105,0.708,2026-09-24T08:01:39.810792+00:00
8106,0.621,2026-09-24T08:01:39.813507+00:00
8107,0.45,2026-09-24T08:01:39.816021+00:00
8108,0.426,2026-09-24T08:01:39.818484+00:00
8109,0.621,2026-09-24T08:01:39.821127+00:00
8110,0.458,2026-09-24T08:01:39.823450+00:00
8111,0.392,2026-09-24T08:01:39.825823+00:00
8112,0.47600000000000003,2026-09-24T08:01:39.828316+00:00
8113,0.429,2026-09-24T08:01:39.830666+00:00
8114,0.446,2026-09-24T08:01:39.833131+00:00
8115,0.508,2026-09-24T08:01:39.835602+00:00
8116,0.484,2026-09-24T08:01:39.838047+00:00
8117,0.414,2026-09-24T08:01:39.840433+00:00
8118,0.383,2026-09-24T08:01:39.842824+00:00
8119,0.587,2026-09-24T08:01:39.845446+00:00
8120,0.514,2026-09-24T08:01:39.848053+00:00
8121,0.455,2026-09-24T08:01:39.850543+00:00
8122,0.496,2026-09-24T08:01:39.853076+00:00
8123,0.479,2026-09-24T08:01:39.855570+00:00
8124,0.406,2026-09-24T08:01:39.857978+00:00
8125,0.38699999999999996,2026-09-24T08:01:39.860388+00:00
8126,0.42700000000000005,2026-09-24T08:01:39.862839+00:00
8127,0.384,2026-09-24T08:01:39.865247+00:00
8128,0.47,2026-09-24T08:01:39.867736+00:00
8129,0.414,2026-09-24T08:01:39.870171+00:00
8130,0.5419999999999999,2026-09-24T08:01:39.872731+00:00
8131,0.475,2026-09-24T08:01:39.875109+00:00
8132,0.607,2026-09-24T08:01:39.877675+00:00
8133,0.755,2026-09-24T08:01:39.880453+00:00
8134,0.5469999999999999,2026-09-24T08:01:39.882829+00:00
8135,1.2229999999999999,2026-09-24T08:01:39.885958+00:00
8136,0.883,2026-09-24T08:01:39.888761+00:00
8137,0.593,2026-09-24T08:01:39.891314+00:00
8138,0.541,2026-09-24T08:01:39.893919+00:00
8139,0.446,2026-09-24T08:01:39.896344+00:00
8140,0.47800000000000004,2026-09-24T08:01:39.898827+00:00
8141,0.465,2026-09-24T08:01:39.901310+00:00
8142,0.521,2026-09-24T08:01:39.903851+00:00
8143,0.546,2026-09-24T08:01:39.906395+00:00
8144,0.49799999999999994,2026-09-24T08:01:39.908932+00:00
8145,0.758,2026-09-24T08:01:39.911735+00:00
8146,0.475,2026-09-24T08:01:39.914106+00:00
8147,0.404,2026-09-24T08:01:39.916529+00:00
8148,0.381,2026-09-24T08:01:39.918959+00:00
8149,0.626,2026-09-24T08:01:39.921625+00:00
8150,0.5609999999999999,2026-09-24T08:01:39.924063+00:00
8151,0.488,2026-09-24T08:01:39.926467+00:00
8152,0.733,2026-09-24T08:01:39.929160+00:00
8153,0.6849999999999999,2026-09-24T08:01:39.931801+00:00
8154,0.522,2026-09-24T08:01:39.934316+00:00
8155,0.554,2026-09-24T08:01:39.936868+00:00
8156,0.669,2026-09-24T08:01:39.939546+00:00
8157,0.566,2026-09-24T08:01:39.941957+00:00
8158,0.657,2026-09-24T08:01:39.944544+00:00
8159,0.562,2026-09-24T08:01:39.947112+00:00
8160,0.449,2026-09-24T08:01:39.949520+00:00
8161,0.422,2026-09-24T08:01:39.952003+00:00
8162,0.679,2026-09-24T08:01:39.954726+00:00
8163,0.447,2026-09-24T08:01:39.957198+00:00
8164,0.501,2026-09-24T08:01:39.959703+00:00
8165,0.545,2026-09-24T08:01:39.962222+00:00
8166,0.491,2026-09-24T08:01:39.964636+00:00
8167,0.48500000000000004,2026-09-24T08:01:39.967135+00:00
8168,0.597,2026-09-24T08:01:39.969684+00:00
8169,0.5429999999999999,2026-09-24T08:01:39.972064+00:00
8170,0.5609999999999999,2026-09-24T08:01:39.974505+00:00
8171,0.607,2026-09-24T08:01:39.976984+00:00
8172,0.535,2026-09-24T08:01:39.979388+00:00
8173,0.537,2026-09-24T08:01:39.981806+00:00
8174,0.53,2026-09-24T08:01:39.984232+00:00
8175,0.554,2026-09-24T08:01:39.986666+00:00
8176,0.5599999999999999,2026-09-24T08:01:39.989189+00:00
8177,0.587,2026-09-24T08:01:39.991714+00:00
8178,0.44499999999999995,2026-09-24T08:01:39.994090+00:00
8179,0.49299999999999994,2026-09-24T08:01:39.996595+00:00
8180,0.448,2026-09-24T08:01:39.999108+00:00
8181,0.456,2026-09-24T08:01:40.001688+00:00
8182,0.481,2026-09-24T08:01:40.004250+00:00
8183,0.49200000000000005,2026-09-24T08:01:40.006813+00:00
8184,0.491,2026-09-24T08:01:40.009356+00:00
8185,0.616,2026-09-24T08:01:40.012017+00:00
8186,0.55,2026-09-24T08:01:40.014532+00:00
8187,0.496,2026-09-24T08:01:40.017050+00:00
8188,0.48700000000000004,2026-09-24T08:01:40.019581+00:00
8189,0.481,2026-09-24T08:01:40.022057+00:00
8190,0.455,2026-09-24T08:01:40.024494+00:00
8191,0.412,2026-09-24T08:01:40.026899+00:00
8192,0.395,2026-09-24T08:01:40.029322+00:00
8193,0.601,2026-09-24T08:01:40.031993+00:00
8194,0.635,2026-09-24T08:01:40.034747+00:00
8195,0.628,2026-09-24T08:01:40.037365+00:00
8196,0.933,2026-09-24T08:01:40.040182+00:00
8197,0.832,2026-09-24T08:01:40.042969+00:00
8198,0.753,2026-09-24T08:01:40.045675+00:00
8199,0.537,2026-09-24T08:01:40.048153+00:00
8200,0.486,2026-09-24T08:01:40.050685+00:00
8201,0.479,2026-09-24T08:01:40.053236+00:00
8202,0.46299999999999997,2026-09-24T08:01:40.055783+00:00
8203,0.673,2026-09-24T08:01:40.058539+00:00
8204,0.728,2026-09-24T08:01:40.061156+00:00
8205,0.499,2026-09-24T08:01:40.063558+00:00
8206,0.42700000000000005,2026-09-24T08:01:40.066006+00:00
8207,0.437,2026-09-24T08:01:40.068449+00:00
8208,0.67,2026-09-24T08:01:40.071117+00:00
8209,0.5379999999999999,2026-09-24T08:01:40.073677+00:00
8210,0.539,2026-09-24T08:01:40.076226+00:00
8211,0.9650000000000001,2026-09-24T08:01:40.079197+00:00
8212,0.705,2026-09-24T08:01:40.081705+00:00
8213,0.442,2026-09-24T08:01:40.084119+00:00
8214,0.578,2026-09-24T08:01:40.086697+00:00
8215,0.505,2026-09-24T08:01:40.089155+00:00
8216,0.755,2026-09-24T08:01:40.091965+00:00
8217,1.438,2026-09-24T08:01:40.095473+00:00
8218,0.9269999999999999,2026-09-24T08:01:40.098376+00:00
8219,0.6679999999999999,2026-09-24T08:01:40.100975+00:00
8220,0.646,2026-09-24T08:01:40.103608+00:00
8221,0.417,2026-09-24T08:01:40.106044+00:00
8222,0.55,2026-09-24T08:01:40.108617+00:00
8223,1.2550000000000001,2026-09-24T08:01:40.111883+00:00
8224,0.76,2026-09-24T08:01:40.114522+00:00
8225,0.512,2026-09-24T08:01:40.116900+00:00
8226,0.555,2026-09-24T08:01:40.119439+00:00
8227,0.45399999999999996,2026-09-24T08:01:40.121887+00:00
8228,0.423,2026-09-24T08:01:40.124315+00:00
8229,0.446,2026-09-24T08:01:40.126804+00:00
8230,0.41300000000000003,2026-09-24T08:01:40.129222+00:00
8231,0.443,2026-09-24T08:01:40.131685+00:00
8232,0.421,2026-09-24T08:01:40.134108+00:00
8233,0.5810000000000001,2026-09-24T08:01:40.136691+00:00
8234,0.431,2026-09-24T08:01:40.139023+00:00
8235,0.566,2026-09-24T08:01:40.141593+00:00
8236,0.544,2026-09-24T08:01:40.144068+00:00
8237,0.525,2026-09-24T08:01:40.146624+00:00
8238,0.483,2026-09-24T08:01:40.149128+00:00
8239,0.47800000000000004,2026-09-24T08:01:40.151620+00:00
8240,0.474,2026-09-24T08:01:40.154119+00:00
8241,0.61,2026-09-24T08:01:40.156755+00:00
8242,0.8220000000000001,2026-09-24T08:01:40.159646+00:00
8243,0.7060000000000001,2026-09-24T08:01:40.162358+00:00
8244,0.888,2026-09-24T08:01:40.165282+00:00
8245,0.7649999999999999,2026-09-24T08:01:40.168318+00:00
8246,0.616,2026-09-24T08:01:40.171166+00:00
8247,0.565,2026-09-24T08:01:40.173912+00:00
8248,0.594,2026-09-24T08:01:40.176691+00:00
8249,0.486,2026-09-24T08:01:40.179308+00:00
8250,0.464,2026-09-24T08:01:40.181903+00:00
8251,0.758,2026-09-24T08:01:40.184783+00:00
8252,0.93,2026-09-24T08:01:40.187719+00:00
8253,0.598,2026-09-24T08:01:40.190348+00:00
8254,0.531,2026-09-24T08:01:40.192956+00:00
8255,0.5199999999999999,2026-09-24T08:01:40.195565+00:00
8256,0.62,2026-09-24T08:01:40.198271+00:00
8257,0.764,2026-09-24T08:01:40.201092+00:00
8258,0.664,2026-09-24T08:01:40.203708+00:00
8259,0.575,2026-09-24T08:01:40.206236+00:00
8260,0.8360000000000001,2026-09-24T08:01:40.209020+00:00
8261,0.5609999999999999,2026-09-24T08:01:40.211502+00:00
8262,0.596,2026-09-24T08:01:40.214022+00:00
8263,0.48899999999999993,2026-09-24T08:01:40.216400+00:00
8264,0.488,2026-09-24T08:01:40.218918+00:00
8265,0.575,2026-09-24T08:01:40.221561+00:00
8266,0.605,2026-09-24T08:01:40.224021+00:00
8267,0.448,2026-09-24T08:01:40.226386+00:00
8268,0.457,2026-09-24T08:01:40.228833+00:00
8269,0.448,2026-09-24T08:01:40.231278+00:00
8270,0.549,2026-09-24T08:01:40.233826+00:00
8271,0.578,2026-09-24T08:01:40.236429+00:00
8272,0.7240000000000001,2026-09-24T08:01:40.239159+00:00
8273,0.555,2026-09-24T08:01:40.241735+00:00
8274,0.6589999999999999,2026-09-24T08:01:40.244386+00:00
8275,0.5900000000000001,2026-09-24T08:01:40.246824+00:00
8276,0.958,2026-09-24T08:01:40.249674+00:00
8277,0.838,2026-09-24T08:01:40.252596+00:00
8278,0.474,2026-09-24T08:01:40.255022+00:00
8279,0.421,2026-09-24T08:01:40.257472+00:00
8280,0.389,2026-09-24T08:01:40.259853+00:00
8281,0.388,2026-09-24T08:01:40.262247+00:00
8282,0.45199999999999996,2026-09-24T08:01:40.264707+00:00
8283,0.508,2026-09-24T08:01:40.267201+00:00
8284,0.541,2026-09-24T08:01:40.269641+00:00
8285,0.5680000000000001,2026-09-24T08:01:40.272143+00:00
8286,0.68,2026-09-24T08:01:40.274726+00:00
8287,0.513,2026-09-24T08:01:40.277085+00:00
8288,0.402,2026-09-24T08:01:40.279403+00:00
8289,0.46099999999999997,2026-09-24T08:01:40.281863+00:00
8290,0.40700000000000003,2026-09-24T08:01:40.284274+00:00
8291,0.608,2026-09-24T08:01:40.286943+00:00
8292,0.612,2026-09-24T08:01:40.289435+00:00
8293,0.5680000000000001,2026-09-24T08:01:40.291855+00:00
8294,0.565,2026-09-24T08:01:40.294317+00:00
8295,0.5429999999999999,2026-09-24T08:01:40.296742+00:00
8296,0.5860000000000001,2026-09-24T08:01:40.299259+00:00
8297,0.566,2026-09-24T08:01:40.301724+00:00
8298,0.627,2026-09-24T08:01:40.304254+00:00
8299,0.589,2026-09-24T08:01:40.306704+00:00
8300,0.5730000000000001,2026-09-24T08:01:40.309165+00:00
8301,0.6,2026-09-24T08:01:40.311658+00:00
8302,0.584,2026-09-24T08:01:40.314119+00:00
8303,0.596,2026-09-24T08:01:40.316607+00:00
8304,0.5900000000000001,2026-09-24T08:01:40.319086+00:00
8305,0.625,2026-09-24T08:01:40.321601+00:00
8306,0.593,2026-09-24T08:01:40.324045+00:00
8307,0.617,2026-09-24T08:01:40.326551+00:00
8308,0.6040000000000001,2026-09-24T08:01:40.329015+00:00
8309,0.616,2026-09-24T08:01:40.331513+00:00
8310,0.571,2026-09-24T08:01:40.333951+00:00
8311,0.707,2026-09-24T08:01:40.336567+00:00
8312,0.657,2026-09-24T08:01:40.339171+00:00
8313,0.852,2026-09-24T08:01:40.342100+00:00
8314,0.787,2026-09-24T08:01:40.344777+00:00
8315,0.6679999999999999,2026-09-24T08:01:40.347363+00:00
8316,0.655,2026-09-24T08:01:40.349931+00:00
8317,0.496,2026-09-24T08:01:40.352337+00:00
8318,0.451,2026-09-24T08:01:40.354882+00:00
8319,0.585,2026-09-24T08:01:40.357608+00:00
8320,0.651,2026-09-24T08:01:40.360448+00:00
8321,0.622,2026-09-24T08:01:40.363280+00:00
8322,0.598,2026-09-24T08:01:40.366127+00:00
8323,0.796,2026-09-24T08:01:40.369075+00:00
8324,0.5770000000000001,2026-09-24T08:01:40.371552+00:00
8325,0.49799999999999994,2026-09-24T08:01:40.373995+00:00
8326,0.48500000000000004,2026-09-24T08:01:40.376432+00:00
8327,0.46099999999999997,2026-09-24T08:01:40.378887+00:00
8328,0.864,2026-09-24T08:01:40.381759+00:00
8329,1.1039999999999999,2026-09-24T08:01:40.385141+00:00
8330,0.647,2026-09-24T08:01:40.387810+00:00
8331,0.5559999999999999,2026-09-24T08:01:40.390499+00:00
8332,0.524,2026-09-24T08:01:40.393137+00:00
8333,0.517,2026-09-24T08:01:40.395751+00:00
8334,0.776,2026-09-24T08:01:40.398764+00:00
8335,0.9430000000000001,2026-09-24T08:01:40.401711+00:00
8336,0.6849999999999999,2026-09-24T08:01:40.404241+00:00
8337,0.642,2026-09-24T08:01:40.406870+00:00
8338,0.549,2026-09-24T08:01:40.409328+00:00
8339,0.598,2026-09-24T08:01:40.411877+00:00
8340,0.584,2026-09-24T08:01:40.414352+00:00
8341,0.647,2026-09-24T08:01:40.416891+00:00
8342,0.615,2026-09-24T08:01:40.419355+00:00
8343,0.5900000000000001,2026-09-24T08:01:40.421815+00:00
8344,0.522,2026-09-24T08:01:40.424215+00:00
8345,0.666,2026-09-24T08:01:40.426844+00:00
8346,0.684,2026-09-24T08:01:40.429478+00:00
8347,0.673,2026-09-24T08:01:40.432131+00:00
8348,0.671,2026-09-24T08:01:40.434802+00:00
8349,0.8180000000000001,2026-09-24T08:01:40.437617+00:00
8350,0.679,2026-09-24T08:01:40.440205+00:00
8351,0.5950000000000001,2026-09-24T08:01:40.442692+00:00
8352,0.5760000000000001,2026-09-24T08:01:40.445164+00:00
8353,0.578,2026-09-24T08:01:40.447623+00:00
8354,0.8720000000000001,2026-09-24T08:01:40.450494+00:00
8355,0.5469999999999999,2026-09-24T08:01:40.452913+00:00
8356,0.661,2026-09-24T08:01:40.455618+00:00
8357,0.6819999999999999,2026-09-24T08:01:40.458353+00:00
8358,0.8989999999999999,2026-09-24T08:01:40.461326+00:00
8359,0.773,2026-09-24T08:01:40.464033+00:00
8360,0.5680000000000001,2026-09-24T08:01:40.466699+00:00
8361,0.46299999999999997,2026-09-24T08:01:40.469193+00:00
8362,0.474,2026-09-24T08:01:40.471710+00:00
8363,0.569,2026-09-24T08:01:40.474361+00:00
8364,0.651,2026-09-24T08:01:40.476957+00:00
8365,0.472,2026-09-24T08:01:40.479358+00:00
8366,0.456,2026-09-24T08:01:40.481778+00:00
8367,0.421,2026-09-24T08:01:40.484175+00:00
8368,0.432,2026-09-24T08:01:40.486587+00:00
8369,0.442,2026-09-24T08:01:40.489011+00:00
8370,0.449,2026-09-24T08:01:40.491510+00:00
8371,0.399,2026-09-24T08:01:40.493931+00:00
8372,0.44,2026-09-24T08:01:40.496456+00:00
8373,0.375,2026-09-24T08:01:40.498941+00:00
8374,0.363,2026-09-24T08:01:40.501404+00:00
8375,0.484,2026-09-24T08:01:40.504011+00:00
8376,0.5950000000000001,2026-09-24T08:01:40.506604+00:00
8377,0.502,2026-09-24T08:01:40.509250+00:00
8378,0.535,2026-09-24T08:01:40.511871+00:00
8379,0.5509999999999999,2026-09-24T08:01:40.514565+00:00
8380,0.533,2026-09-24T08:01:40.517236+00:00
8381,0.449,2026-09-24T08:01:40.519812+00:00
8382,0.416,2026-09-24T08:01:40.522330+00:00
8383,0.6489999999999999,2026-09-24T08:01:40.525076+00:00
8384,0.898,2026-09-24T08:01:40.528164+00:00
8385,0.6679999999999999,2026-09-24T08:01:40.530852+00:00
8386,0.54,2026-09-24T08:01:40.533428+00:00
8387,0.39399999999999996,2026-09-24T08:01:40.535814+00:00
8388,0.472,2026-09-24T08:01:40.538376+00:00
8389,0.40499999999999997,2026-09-24T08:01:40.540811+00:00
8390,0.39,2026-09-24T08:01:40.543291+00:00
8391,0.6449999999999999,2026-09-24T08:01:40.546045+00:00
8392,0.442,2026-09-24T08:01:40.548460+00:00
8393,0.389,2026-09-24T08:01:40.550896+00:00
8394,0.374,2026-09-24T08:01:40.553340+00:00
8395,0.377,2026-09-24T08:01:40.555813+00:00
8396,0.373,2026-09-24T08:01:40.558278+00:00
8397,0.402,2026-09-24T08:01:40.560783+00:00
8398,0.393,2026-09-24T08:01:40.563271+00:00
8399,0.627,2026-09-24T08:01:40.566027+00:00
8400,0.598,2026-09-24T08:01:40.568700+00:00
8401,0.544,2026-09-24T08:01:40.571288+00:00
8402,0.544,2026-09-24T08:01:40.573871+00:00
8403,0.594,2026-09-24T08:01:40.576497+00:00
8404,0.536,2026-09-24T08:01:40.578979+00:00
8405,0.453,2026-09-24T08:01:40.581503+00:00
8406,0.435,2026-09-24T08:01:40.584068+00:00
8407,0.438,2026-09-24T08:01:40.586610+00:00
8408,0.521,2026-09-24T08:01:40.589239+00:00
8409,0.423,2026-09-24T08:01:40.591683+00:00
8410,0.462,2026-09-24T08:01:40.594267+00:00
8411,0.41300000000000003,2026-09-24T08:01:40.596758+00:00
8412,0.496,2026-09-24T08:01:40.599372+00:00
8413,0.515,2026-09-24T08:01:40.601919+00:00
8414,0.44499999999999995,2026-09-24T08:01:40.604404+00:00
8415,0.431,2026-09-24T08:01:40.606942+00:00
8416,0.704,2026-09-24T08:01:40.609755+00:00
8417,0.664,2026-09-24T08:01:40.612467+00:00
8418,0.858,2026-09-24T08:01:40.615283+00:00
8419,0.787,2026-09-24T08:01:40.618047+00:00
8420,1.188,2026-09-24T08:01:40.621201+00:00
8421,0.748,2026-09-24T08:01:40.623871+00:00
8422,0.592,2026-09-24T08:01:40.626378+00:00
8423,0.5429999999999999,2026-09-24T08:01:40.628876+00:00
8424,0.516,2026-09-24T08:01:40.631370+00:00
8425,0.546,2026-09-24T08:01:40.633909+00:00
8426,0.7060000000000001,2026-09-24T08:01:40.636569+00:00
8427,0.735,2026-09-24T08:01:40.639355+00:00
8428,0.49,2026-09-24T08:01:40.641872+00:00
8429,0.437,2026-09-24T08:01:40.644331+00:00
8430,0.421,2026-09-24T08:01:40.646764+00:00
8431,0.397,2026-09-24T08:01:40.649173+00:00
8432,0.5910000000000001,2026-09-24T08:01:40.651784+00:00
8433,0.518,2026-09-24T08:01:40.654262+00:00
8434,0.502,2026-09-24T08:01:40.656687+00:00
8435,0.532,2026-09-24T08:01:40.659160+00:00
8436,0.5599999999999999,2026-09-24T08:01:40.661629+00:00
8437,0.589,2026-09-24T08:01:40.664141+00:00
8438,0.495,2026-09-24T08:01:40.666469+00:00
8439,0.967,2026-09-24T08:01:40.669355+00:00
8440,0.655,2026-09-24T08:01:40.671967+00:00
8441,0.5720000000000001,2026-09-24T08:01:40.674495+00:00
8442,0.441,2026-09-24T08:01:40.676813+00:00
8443,0.41800000000000004,2026-09-24T08:01:40.679241+00:00
8444,0.44499999999999995,2026-09-24T08:01:40.681703+00:00
8445,0.5630000000000001,2026-09-24T08:01:40.684289+00:00
8446,0.735,2026-09-24T08:01:40.686942+00:00
8447,0.68,2026-09-24T08:01:40.689496+00:00
8448,0.62,2026-09-24T08:01:40.692046+00:00
8449,0.522,2026-09-24T08:01:40.694495+00:00
8450,0.451,2026-09-24T08:01:40.696875+00:00
8451,0.5509999999999999,2026-09-24T08:01:40.699386+00:00
8452,0.437,2026-09-24T08:01:40.701912+00:00
8453,0.49700000000000005,2026-09-24T08:01:40.704440+00:00
8454,0.5900000000000001,2026-09-24T08:01:40.706982+00:00
8455,0.678,2026-09-24T08:01:40.709720+00:00
8456,0.515,2026-09-24T08:01:40.712146+00:00
8457,0.472,2026-09-24T08:01:40.714639+00:00
8458,0.834,2026-09-24T08:01:40.717599+00:00
8459,0.562,2026-09-24T08:01:40.720244+00:00
8460,0.597,2026-09-24T08:01:40.722888+00:00
8461,0.522,2026-09-24T08:01:40.725448+00:00
8462,0.494,2026-09-24T08:01:40.727951+00:00
8463,0.5609999999999999,2026-09-24T08:01:40.730624+00:00
8464,0.9359999999999999,2026-09-24T08:01:40.733544+00:00
8465,0.594,2026-09-24T08:01:40.736106+00:00
8466,0.762,2026-09-24T08:01:40.738913+00:00
8467,0.648,2026-09-24T08:01:40.741422+00:00
8468,0.6539999999999999,2026-09-24T08:01:40.744009+00:00
8469,0.679,2026-09-24T08:01:40.746694+00:00
8470,0.7929999999999999,2026-09-24T08:01:40.749429+00:00
8471,0.7879999999999999,2026-09-24T08:01:40.752234+00:00
8472,0.7699999999999999,2026-09-24T08:01:40.755068+00:00
8473,0.753,2026-09-24T08:01:40.757922+00:00
8474,0.9309999999999999,2026-09-24T08:01:40.760977+00:00
8475,0.655,2026-09-24T08:01:40.763561+00:00
8476,0.61,2026-09-24T08:01:40.766151+00:00
8477,0.596,2026-09-24T08:01:40.768785+00:00
8478,0.742,2026-09-24T08:01:40.771566+00:00
8479,0.522,2026-09-24T08:01:40.774036+00:00
8480,0.6859999999999999,2026-09-24T08:01:40.776770+00:00
8481,0.749,2026-09-24T08:01:40.779571+00:00
8482,0.8630000000000001,2026-09-24T08:01:40.782562+00:00
8483,0.643,2026-09-24T08:01:40.785208+00:00
8484,0.878,2026-09-24T08:01:40.788078+00:00
8485,0.562,2026-09-24T08:01:40.790395+00:00
8486,0.509,2026-09-24T08:01:40.792942+00:00
8487,0.6130000000000001,2026-09-24T08:01:40.795596+00:00
8488,0.48000000000000004,2026-09-24T08:01:40.798019+00:00
8489,0.528,2026-09-24T08:01:40.800579+00:00
8490,0.82,2026-09-24T08:01:40.803622+00:00
8491,0.63,2026-09-24T08:01:40.806262+00:00
8492,0.574,2026-09-24T08:01:40.808762+00:00
8493,0.49299999999999994,2026-09-24T08:01:40.811284+00:00
8494,0.442,2026-09-24T08:01:40.813717+00:00
8495,0.515,2026-09-24T08:01:40.816288+00:00
8496,0.753,2026-09-24T08:01:40.819050+00:00
8497,0.67,2026-09-24T08:01:40.821791+00:00
8498,0.424,2026-09-24T08:01:40.824286+00:00
8499,0.474,2026-09-24T08:01:40.826809+00:00
8500,0.592,2026-09-24T08:01:40.829450+00:00
8501,0.522,2026-09-24T08:01:40.832111+00:00
8502,0.596,2026-09-24T08:01:40.834741+00:00
8503,0.426,2026-09-24T08:01:40.837153+00:00
8504,0.539,2026-09-24T08:01:40.839719+00:00
8505,0.428,2026-09-24T08:01:40.842040+00:00
8506,0.5609999999999999,2026-09-24T08:01:40.844596+00:00
8507,0.449,2026-09-24T08:01:40.846871+00:00
8508,0.9,2026-09-24T08:01:40.849736+00:00
8509,0.9380000000000001,2026-09-24T08:01:40.852611+00:00
8510,0.519,2026-09-24T08:01:40.855136+00:00
8511,0.451,2026-09-24T08:01:40.857646+00:00
8512,0.45,2026-09-24T08:01:40.860169+00:00
8513,0.43600000000000005,2026-09-24T08:01:40.862650+00:00
8514,0.457,2026-09-24T08:01:40.865172+00:00
8515,0.5569999999999999,2026-09-24T08:01:40.867760+00:00
8516,0.48700000000000004,2026-09-24T08:01:40.870212+00:00
8517,0.46599999999999997,2026-09-24T08:01:40.872731+00:00
8518,0.579,2026-09-24T08:01:40.875365+00:00
8519,0.522,2026-09-24T08:01:40.877797+00:00
8520,0.494,2026-09-24T08:01:40.880281+00:00
8521,0.647,2026-09-24T08:01:40.882920+00:00
8522,0.508,2026-09-24T08:01:40.885311+00:00
8523,0.467,2026-09-24T08:01:40.887779+00:00
8524,0.46,2026-09-24T08:01:40.890281+00:00
8525,0.598,2026-09-24T08:01:40.892934+00:00
8526,0.434,2026-09-24T08:01:40.895270+00:00
8527,0.46299999999999997,2026-09-24T08:01:40.897780+00:00
8528,0.516,2026-09-24T08:01:40.900335+00:00
8529,0.707,2026-09-24T08:01:40.903012+00:00
8530,0.54,2026-09-24T08:01:40.905442+00:00
8531,0.514,2026-09-24T08:01:40.907917+00:00
8532,0.44,2026-09-24T08:01:40.910356+00:00
8533,0.444,2026-09-24T08:01:40.912853+00:00
8534,0.41800000000000004,2026-09-24T08:01:40.915328+00:00
8535,0.816,2026-09-24T08:01:40.918193+00:00
8536,0.553,2026-09-24T08:01:40.920725+00:00
8537,0.531,2026-09-24T08:01:40.923299+00:00
8538,0.433,2026-09-24T08:01:40.925706+00:00
8539,0.519,2026-09-24T08:01:40.928270+00:00
8540,0.629,2026-09-24T08:01:40.930844+00:00
8541,0.937,2026-09-24T08:01:40.933783+00:00
8542,0.61,2026-09-24T08:01:40.936380+00:00
8543,0.46900000000000003,2026-09-24T08:01:40.938761+00:00
8544,0.434,2026-09-24T08:01:40.941205+00:00
8545,0.626,2026-09-24T08:01:40.943848+00:00
8546,0.9959999999999999,2026-09-24T08:01:40.947083+00:00
8547,0.91,2026-09-24T08:01:40.950078+00:00
8548,0.8350000000000001,2026-09-24T08:01:40.953068+00:00
8549,0.593,2026-09-24T08:01:40.955684+00:00
8550,0.432,2026-09-24T08:01:40.958121+00:00
8551,0.5429999999999999,2026-09-24T08:01:40.960712+00:00
8552,0.6980000000000001,2026-09-24T08:01:40.963608+00:00
8553,0.809,2026-09-24T08:01:40.966509+00:00
8554,0.7879999999999999,2026-09-24T08:01:40.969172+00:00
8555,0.6449999999999999,2026-09-24T08:01:40.971685+00:00
8556,0.48700000000000004,2026-09-24T08:01:40.974063+00:00
8557,0.451,2026-09-24T08:01:40.976539+00:00
8558,0.889,2026-09-24T08:01:40.979488+00:00
8559,0.533,2026-09-24T08:01:40.981923+00:00
8560,0.625,2026-09-24T08:01:40.984590+00:00
8561,0.9,2026-09-24T08:01:40.987544+00:00
8562,0.753,2026-09-24T08:01:40.990283+00:00
8563,1.1460000000000001,2026-09-24T08:01:40.993324+00:00
8564,0.713,2026-09-24T08:01:40.995886+00:00
8565,0.444,2026-09-24T08:01:40.998242+00:00
8566,0.507,2026-09-24T08:01:41.000775+00:00
8567,0.424,2026-09-24T08:01:41.003201+00:00
8568,0.431,2026-09-24T08:01:41.005673+00:00
8569,0.415,2026-09-24T08:01:41.008103+00:00
8570,0.395,2026-09-24T08:01:41.010522+00:00
8571,0.382,2026-09-24T08:01:41.013032+00:00
8572,0.393,2026-09-24T08:01:41.015462+00:00
8573,0.628,2026-09-24T08:01:41.018129+00:00
8574,0.433,2026-09-24T08:01:41.020389+00:00
8575,0.451,2026-09-24T08:01:41.022862+00:00
8576,0.392,2026-09-24T08:01:41.025280+00:00
8577,0.456,2026-09-24T08:01:41.027776+00:00
8578,0.384,2026-09-24T08:01:41.030183+00:00
8579,0.673,2026-09-24T08:01:41.032885+00:00
8580,0.49799999999999994,2026-09-24T08:01:41.035288+00:00
8581,0.446,2026-09-24T08:01:41.037771+00:00
8582,0.41,2026-09-24T08:01:41.040276+00:00
8583,0.587,2026-09-24T08:01:41.042960+00:00
8584,0.6679999999999999,2026-09-24T08:01:41.045562+00:00
8585,0.44499999999999995,2026-09-24T08:01:41.048071+00:00
8586,0.515,2026-09-24T08:01:41.050660+00:00
8587,0.5,2026-09-24T08:01:41.053129+00:00
8588,0.449,2026-09-24T08:01:41.055587+00:00
8589,0.395,2026-09-24T08:01:41.058005+00:00
8590,0.46299999999999997,2026-09-24T08:01:41.060509+00:00
8591,0.40900000000000003,2026-09-24T08:01:41.062948+00:00
8592,0.397,2026-09-24T08:01:41.065379+00:00
8593,0.553,2026-09-24T08:01:41.067964+00:00
8594,0.47600000000000003,2026-09-24T08:01:41.070374+00:00
8595,0.506,2026-09-24T08:01:41.072854+00:00
8596,0.41800000000000004,2026-09-24T08:01:41.075244+00:00
8597,0.425,2026-09-24T08:01:41.077677+00:00
8598,0.404,2026-09-24T08:01:41.080104+00:00
8599,0.589,2026-09-24T08:01:41.082713+00:00
8600,0.505,2026-09-24T08:01:41.085068+00:00
8601,0.5950000000000001,2026-09-24T08:01:41.087608+00:00
8602,0.44,2026-09-24T08:01:41.089977+00:00
8603,0.419,2026-09-24T08:01:41.092380+00:00
8604,0.47800000000000004,2026-09-24T08:01:41.094839+00:00
8605,0.422,2026-09-24T08:01:41.097227+00:00
8606,0.528,2026-09-24T08:01:41.099743+00:00
8607,0.434,2026-09-24T08:01:41.102089+00:00
8608,1.037,2026-09-24T08:01:41.105124+00:00
8609,0.6859999999999999,2026-09-24T08:01:41.107353+00:00
8610,0.7110000000000001,2026-09-24T08:01:41.109937+00:00
8611,0.716,2026-09-24T08:01:41.112638+00:00
8612,0.531,2026-09-24T08:01:41.115094+00:00
8613,0.6719999999999999,2026-09-24T08:01:41.117734+00:00
8614,0.6809999999999999,2026-09-24T08:01:41.120534+00:00
8615,0.569,2026-09-24T08:01:41.123260+00:00
8616,0.45,2026-09-24T08:01:41.125759+00:00
8617,0.408,2026-09-24T08:01:41.128216+00:00
8618,0.419,2026-09-24T08:01:41.130679+00:00
8619,0.47,2026-09-24T08:01:41.133186+00:00
8620,0.6589999999999999,2026-09-24T08:01:41.135885+00:00
8621,0.482,2026-09-24T08:01:41.138190+00:00
8622,0.49299999999999994,2026-09-24T08:01:41.140675+00:00
8623,0.545,2026-09-24T08:01:41.143279+00:00
8624,0.494,2026-09-24T08:01:41.145834+00:00
8625,0.516,2026-09-24T08:01:41.148363+00:00
8626,0.433,2026-09-24T08:01:41.150880+00:00
8627,0.417,2026-09-24T08:01:41.153318+00:00
8628,0.44,2026-09-24T08:01:41.155770+00:00
8629,0.47600000000000003,2026-09-24T08:01:41.158259+00:00
8630,0.588,2026-09-24T08:01:41.160863+00:00
8631,0.528,2026-09-24T08:01:41.163311+00:00
8632,0.569,2026-09-24T08:01:41.165824+00:00
8633,0.5630000000000001,2026-09-24T08:01:41.168362+00:00
8634,0.483,2026-09-24T08:01:41.170847+00:00
8635,0.45399999999999996,2026-09-24T08:01:41.173324+00:00
8636,0.514,2026-09-24T08:01:41.175861+00:00
8637,0.641,2026-09-24T08:01:41.178585+00:00
8638,0.664,2026-09-24T08:01:41.181284+00:00
8639,0.608,2026-09-24T08:01:41.183899+00:00
8640,0.656,2026-09-24T08:01:41.186567+00:00
8641,0.549,2026-09-24T08:01:41.189018+00:00
8642,0.5760000000000001,2026-09-24T08:01:41.191611+00:00
8643,0.447,2026-09-24T08:01:41.193944+00:00
8644,0.49799999999999994,2026-09-24T08:01:41.196435+00:00
8645,0.462,2026-09-24T08:01:41.198864+00:00
8646,0.412,2026-09-24T08:01:41.201340+00:00
8647,0.464,2026-09-24T08:01:41.203857+00:00
8648,0.5519999999999999,2026-09-24T08:01:41.206446+00:00
8649,0.42700000000000005,2026-09-24T08:01:41.208859+00:00
8650,0.42000000000000004,2026-09-24T08:01:41.211304+00:00
8651,0.423,2026-09-24T08:01:41.213729+00:00
8652,0.439,2026-09-24T08:01:41.216226+00:00
8653,0.9269999999999999,2026-09-24T08:01:41.219179+00:00
8654,0.9219999999999999,2026-09-24T08:01:41.222228+00:00
8655,0.599,2026-09-24T08:01:41.224835+00:00
8656,0.48700000000000004,2026-09-24T08:01:41.227384+00:00
8657,0.464,2026-09-24T08:01:41.229894+00:00
8658,0.7020000000000001,2026-09-24T08:01:41.232681+00:00
8659,0.5720000000000001,2026-09-24T08:01:41.235300+00:00
8660,0.624,2026-09-24T08:01:41.237948+00:00
8661,0.8130000000000001,2026-09-24T08:01:41.240862+00:00
8662,0.587,2026-09-24T08:01:41.243297+00:00
8663,0.618,2026-09-24T08:01:41.245900+00:00
8664,0.483,2026-09-24T08:01:41.248394+00:00
8665,0.732,2026-09-24T08:01:41.251107+00:00
8666,0.569,2026-09-24T08:01:41.253669+00:00
8667,0.745,2026-09-24T08:01:41.256492+00:00
8668,0.5199999999999999,2026-09-24T08:01:41.259127+00:00
8669,0.5559999999999999,2026-09-24T08:01:41.261755+00:00
8670,0.47300000000000003,2026-09-24T08:01:41.264242+00:00
8671,0.5760000000000001,2026-09-24T08:01:41.266871+00:00
8672,0.769,2026-09-24T08:01:41.269716+00:00
8673,0.752,2026-09-24T08:01:41.272544+00:00
8674,0.515,2026-09-24T08:01:41.275063+00:00
8675,0.718,2026-09-24T08:01:41.277774+00:00
8676,0.509,2026-09-24T08:01:41.280242+00:00
8677,0.553,2026-09-24T08:01:41.282840+00:00
8678,0.509,2026-09-24T08:01:41.285344+00:00
8679,0.694,2026-09-24T08:01:41.288072+00:00
8680,0.514,2026-09-24T08:01:41.290582+00:00
8681,0.444,2026-09-24T08:01:41.293075+00:00
8682,0.428,2026-09-24T08:01:41.295534+00:00
8683,0.414,2026-09-24T08:01:41.297982+00:00
8684,0.416,2026-09-24T08:01:41.300424+00:00
8685,0.47,2026-09-24T08:01:41.302893+00:00
8686,0.398,2026-09-24T08:01:41.305306+00:00
8687,0.435,2026-09-24T08:01:41.307773+00:00
8688,0.41100000000000003,2026-09-24T08:01:41.310198+00:00
8689,0.44,2026-09-24T08:01:41.312653+00:00
8690,0.422,2026-09-24T08:01:41.315100+00:00
8691,0.443,2026-09-24T08:01:41.317565+00:00
8692,0.523,2026-09-24T08:01:41.320122+00:00
8693,0.505,2026-09-24T08:01:41.322650+00:00
8694,0.424,2026-09-24T08:01:41.325048+00:00
8695,0.49299999999999994,2026-09-24T08:01:41.327563+00:00
8696,0.54,2026-09-24T08:01:41.330125+00:00
8697,0.507,2026-09-24T08:01:41.332684+00:00
8698,0.46799999999999997,2026-09-24T08:01:41.335184+00:00
8699,0.481,2026-09-24T08:01:41.337699+00:00
8700,0.47100000000000003,2026-09-24T08:01:41.340202+00:00
8701,0.49,2026-09-24T08:01:41.342721+00:00
8702,0.47,2026-09-24T08:01:41.345224+00:00
8703,0.486,2026-09-24T08:01:41.347740+00:00
8704,0.47,2026-09-24T08:01:41.350231+00:00
8705,0.45899999999999996,2026-09-24T08:01:41.352717+00:00
8706,0.45899999999999996,2026-09-24T08:01:41.355210+00:00
8707,0.678,2026-09-24T08:01:41.357921+00:00
8708,0.472,2026-09-24T08:01:41.360255+00:00
8709,0.491,2026-09-24T08:01:41.362758+00:00
8710,0.46799999999999997,2026-09-24T08:01:41.365267+00:00
8711,0.527,2026-09-24T08:01:41.367829+00:00
8712,0.622,2026-09-24T08:01:41.370592+00:00
8713,0.502,2026-09-24T08:01:41.373191+00:00
8714,0.737,2026-09-24T08:01:41.376014+00:00
8715,0.683,2026-09-24T08:01:41.378601+00:00
8716,0.5950000000000001,2026-09-24T08:01:41.381085+00:00
8717,0.65,2026-09-24T08:01:41.383688+00:00
8718,0.6930000000000001,2026-09-24T08:01:41.386237+00:00
8719,0.507,2026-09-24T08:01:41.388588+00:00
8720,0.47,2026-09-24T08:01:41.391043+00:00
8721,0.7060000000000001,2026-09-24T08:01:41.393836+00:00
8722,0.626,2026-09-24T08:01:41.396325+00:00
8723,0.495,2026-09-24T08:01:41.398767+00:00
8724,0.46900000000000003,2026-09-24T08:01:41.401281+00:00
8725,0.6539999999999999,2026-09-24T08:01:41.403992+00:00
8726,0.6890000000000001,2026-09-24T08:01:41.406637+00:00
8727,0.9610000000000001,2026-09-24T08:01:41.409562+00:00
8728,0.9890000000000001,2026-09-24T08:01:41.412603+00:00
8729,0.622,2026-09-24T08:01:41.415202+00:00
8730,0.539,2026-09-24T08:01:41.417782+00:00
8731,0.5519999999999999,2026-09-24T08:01:41.420392+00:00
8732,0.767,2026-09-24T08:01:41.423191+00:00
8733,0.772,2026-09-24T08:01:41.425834+00:00
8734,0.8180000000000001,2026-09-24T08:01:41.428590+00:00
8735,0.508,2026-09-24T08:01:41.431196+00:00
8736,0.46599999999999997,2026-09-24T08:01:41.433663+00:00
8737,0.416,2026-09-24T08:01:41.436080+00:00
8738,0.507,2026-09-24T08:01:41.438587+00:00
8739,0.45199999999999996,2026-09-24T08:01:41.441032+00:00
8740,0.5379999999999999,2026-09-24T08:01:41.443586+00:00
8741,0.48000000000000004,2026-09-24T08:01:41.446122+00:00
8742,0.527,2026-09-24T08:01:41.448651+00:00
8743,0.408,2026-09-24T08:01:41.451002+00:00
8744,0.46099999999999997,2026-09-24T08:01:41.453464+00:00
8745,0.40499999999999997,2026-09-24T08:01:41.455812+00:00
8746,0.371,2026-09-24T08:01:41.458183+00:00
8747,0.414,2026-09-24T08:01:41.460623+00:00
8748,0.39599999999999996,2026-09-24T08:01:41.463022+00:00
8749,0.384,2026-09-24T08:01:41.465430+00:00
8750,0.358,2026-09-24T08:01:41.467782+00:00
8751,0.366,2026-09-24T08:01:41.470171+00:00
8752,0.414,2026-09-24T08:01:41.472595+00:00
8753,0.5640000000000001,2026-09-24T08:01:41.475194+00:00
8754,0.378,2026-09-24T08:01:41.477588+00:00
8755,0.34099999999999997,2026-09-24T08:01:41.480032+00:00
8756,0.368,2026-09-24T08:01:41.482447+00:00
8757,0.365,2026-09-24T08:01:41.484859+00:00
8758,0.35,2026-09-24T08:01:41.487227+00:00
8759,0.559,2026-09-24T08:01:41.489846+00:00
8760,0.453,2026-09-24T08:01:41.492383+00:00
8761,0.596,2026-09-24T08:01:41.495024+00:00
8762,0.648,2026-09-24T08:01:41.497640+00:00
8763,0.614,2026-09-24T08:01:41.500117+00:00
8764,0.617,2026-09-24T08:01:41.502658+00:00
8765,0.622,2026-09-24T08:01:41.505268+00:00
8766,0.5519999999999999,2026-09-24T08:01:41.507791+00:00
8767,0.525,2026-09-24T08:01:41.510271+00:00
8768,0.524,2026-09-24T08:01:41.512758+00:00
8769,0.40900000000000003,2026-09-24T08:01:41.515183+00:00
8770,0.42700000000000005,2026-09-24T08:01:41.517638+00:00
8771,0.389,2026-09-24T08:01:41.520041+00:00
8772,0.423,2026-09-24T08:01:41.522488+00:00
8773,0.399,2026-09-24T08:01:41.524900+00:00
8774,0.4,2026-09-24T08:01:41.527326+00:00
8775,0.46,2026-09-24T08:01:41.529808+00:00
8776,0.457,2026-09-24T08:01:41.532316+00:00
8777,0.464,2026-09-24T08:01:41.534824+00:00
8778,0.46,2026-09-24T08:01:41.537389+00:00
8779,0.5680000000000001,2026-09-24T08:01:41.539995+00:00
8780,0.579,2026-09-24T08:01:41.542604+00:00
8781,0.421,2026-09-24T08:01:41.545014+00:00
8782,0.447,2026-09-24T08:01:41.547467+00:00
8783,0.451,2026-09-24T08:01:41.549875+00:00
8784,0.449,2026-09-24T08:01:41.552333+00:00
8785,0.458,2026-09-24T08:01:41.554848+00:00
8786,0.448,2026-09-24T08:01:41.557348+00:00
8787,0.462,2026-09-24T08:01:41.559863+00:00
8788,0.45199999999999996,2026-09-24T08:01:41.562366+00:00
8789,0.45899999999999996,2026-09-24T08:01:41.564882+00:00
8790,0.457,2026-09-24T08:01:41.567386+00:00
8791,0.45399999999999996,2026-09-24T08:01:41.569880+00:00
8792,0.45199999999999996,2026-09-24T08:01:41.572384+00:00
8793,0.467,2026-09-24T08:01:41.574894+00:00
8794,0.639,2026-09-24T08:01:41.577601+00:00
8795,0.545,2026-09-24T08:01:41.580053+00:00
8796,0.472,2026-09-24T08:01:41.582491+00:00
8797,0.438,2026-09-24T08:01:41.584967+00:00
8798,0.627,2026-09-24T08:01:41.587755+00:00
8799,0.502,2026-09-24T08:01:41.590348+00:00
8800,0.5630000000000001,2026-09-24T08:01:41.593053+00:00
8801,0.533,2026-09-24T08:01:41.595654+00:00
8802,0.505,2026-09-24T08:01:41.598237+00:00
8803,0.618,2026-09-24T08:01:41.600980+00:00
8804,0.54,2026-09-24T08:01:41.603643+00:00
8805,0.585,2026-09-24T08:01:41.606316+00:00
8806,0.512,2026-09-24T08:01:41.608911+00:00
8807,0.48500000000000004,2026-09-24T08:01:41.611529+00:00
8808,0.484,2026-09-24T08:01:41.614147+00:00
8809,0.653,2026-09-24T08:01:41.616936+00:00
8810,0.7150000000000001,2026-09-24T08:01:41.619873+00:00
8811,0.5509999999999999,2026-09-24T08:01:41.622564+00:00
8812,0.48000000000000004,2026-09-24T08:01:41.625168+00:00
8813,0.553,2026-09-24T08:01:41.627828+00:00
8814,0.482,2026-09-24T08:01:41.630392+00:00
8815,0.482,2026-09-24T08:01:41.632904+00:00
8816,0.5569999999999999,2026-09-24T08:01:41.635595+00:00
8817,0.6819999999999999,2026-09-24T08:01:41.638425+00:00
8818,0.675,2026-09-24T08:01:41.641363+00:00
8819,0.699,2026-09-24T08:01:41.644336+00:00
8820,0.684,2026-09-24T08:01:41.647290+00:00
8821,0.69,2026-09-24T08:01:41.650253+00:00
8822,0.6679999999999999,2026-09-24T08:01:41.653175+00:00
8823,0.67,2026-09-24T08:01:41.656113+00:00
8824,0.919,2026-09-24T08:01:41.659275+00:00
8825,0.7929999999999999,2026-09-24T08:01:41.662293+00:00
8826,0.6980000000000001,2026-09-24T08:01:41.665252+00:00
8827,0.678,2026-09-24T08:01:41.668191+00:00
8828,0.6819999999999999,2026-09-24T08:01:41.671129+00:00
8829,0.691,2026-09-24T08:01:41.674075+00:00
8830,0.766,2026-09-24T08:01:41.677098+00:00
8831,0.5670000000000001,2026-09-24T08:01:41.679813+00:00
8832,0.49299999999999994,2026-09-24T08:01:41.682401+00:00
8833,0.483,2026-09-24T08:01:41.684968+00:00
8834,0.781,2026-09-24T08:01:41.688024+00:00
8835,0.6769999999999999,2026-09-24T08:01:41.690970+00:00
8836,0.7110000000000001,2026-09-24T08:01:41.693964+00:00
8837,0.517,2026-09-24T08:01:41.696582+00:00
8838,0.8109999999999999,2026-09-24T08:01:41.699667+00:00
8839,0.6890000000000001,2026-09-24T08:01:41.702490+00:00
8840,0.617,2026-09-24T08:01:41.705394+00:00
8841,0.5289999999999999,2026-09-24T08:01:41.708145+00:00
8842,0.43,2026-09-24T08:01:41.710628+00:00
8843,0.389,2026-09-24T08:01:41.713059+00:00
8844,0.408,2026-09-24T08:01:41.715502+00:00
8845,0.373,2026-09-24T08:01:41.717922+00:00
8846,0.383,2026-09-24T08:01:41.720353+00:00
8847,0.40299999999999997,2026-09-24T08:01:41.722799+00:00
8848,0.486,2026-09-24T08:01:41.725315+00:00
8849,0.47800000000000004,2026-09-24T08:01:41.727844+00:00
8850,0.426,2026-09-24T08:01:41.730272+00:00
8851,0.428,2026-09-24T08:01:41.732687+00:00
8852,0.41800000000000004,2026-09-24T08:01:41.735107+00:00
8853,0.423,2026-09-24T08:01:41.737526+00:00
8854,0.416,2026-09-24T08:01:41.739950+00:00
8855,0.416,2026-09-24T08:01:41.742358+00:00
8856,0.523,2026-09-24T08:01:41.744872+00:00
8857,0.47,2026-09-24T08:01:41.747446+00:00
8858,0.578,2026-09-24T08:01:41.750081+00:00
8859,0.819,2026-09-24T08:01:41.752990+00:00
8860,0.562,2026-09-24T08:01:41.755638+00:00
8861,0.495,2026-09-24T08:01:41.758209+00:00
8862,0.5109999999999999,2026-09-24T08:01:41.760786+00:00
8863,0.488,2026-09-24T08:01:41.763353+00:00
8864,0.432,2026-09-24T08:01:41.765847+00:00
8865,0.40900000000000003,2026-09-24T08:01:41.768322+00:00
8866,0.419,2026-09-24T08:01:41.770801+00:00
8867,0.408,2026-09-24T08:01:41.773268+00:00
8868,0.4,2026-09-24T08:01:41.775727+00:00
8869,0.423,2026-09-24T08:01:41.778216+00:00
8870,0.527,2026-09-24T08:01:41.780820+00:00
8871,0.644,2026-09-24T08:01:41.783431+00:00
8872,0.584,2026-09-24T08:01:41.785859+00:00
8873,0.712,2026-09-24T08:01:41.788599+00:00
8874,0.611,2026-09-24T08:01:41.791248+00:00
8875,0.614,2026-09-24T08:01:41.793867+00:00
8876,0.5569999999999999,2026-09-24T08:01:41.796441+00:00
8877,0.726,2026-09-24T08:01:41.799154+00:00
8878,0.709,2026-09-24T08:01:41.801750+00:00
8879,0.821,2026-09-24T08:01:41.804445+00:00
8880,0.705,2026-09-24T08:01:41.807173+00:00
8881,0.61,2026-09-24T08:01:41.809836+00:00
8882,0.569,2026-09-24T08:01:41.812313+00:00
8883,0.834,2026-09-24T08:01:41.815100+00:00
8884,0.569,2026-09-24T08:01:41.817612+00:00
8885,0.522,2026-09-24T08:01:41.820127+00:00
8886,0.559,2026-09-24T08:01:41.822714+00:00
8887,0.9039999999999999,2026-09-24T08:01:41.825643+00:00
8888,0.616,2026-09-24T08:01:41.828306+00:00
8889,1.203,2026-09-24T08:01:41.831568+00:00
8890,1.228,2026-09-24T08:01:41.834782+00:00
8891,1.078,2026-09-24T08:01:41.837835+00:00
8892,0.615,2026-09-24T08:01:41.840474+00:00
8893,1.184,2026-09-24T08:01:41.843816+00:00
8894,1.0410000000000001,2026-09-24T08:01:41.846878+00:00
8895,0.805,2026-09-24T08:01:41.849652+00:00
8896,0.627,2026-09-24T08:01:41.852347+00:00
8897,0.825,2026-09-24T08:01:41.855200+00:00
8898,1.3290000000000002,2026-09-24T08:01:41.858638+00:00
8899,8.254,2026-09-24T08:01:41.868902+00:00
8900,2.692,2026-09-24T08:01:41.871839+00:00
8901,1.217,2026-09-24T08:01:41.873896+00:00
8902,0.907,2026-09-24T08:01:41.876848+00:00
8903,0.896,2026-09-24T08:01:41.879730+00:00
8904,0.615,2026-09-24T08:01:41.882231+00:00
8905,1.1540000000000001,2026-09-24T08:01:41.885376+00:00
8906,1.036,2026-09-24T08:01:41.888495+00:00
8907,0.877,2026-09-24T08:01:41.891456+00:00
8908,0.7969999999999999,2026-09-24T08:01:41.894252+00:00
8909,0.796,2026-09-24T08:01:41.897123+00:00
8910,0.759,2026-09-24T08:01:41.899958+00:00
8911,0.732,2026-09-24T08:01:41.902774+00:00
8912,0.757,2026-09-24T08:01:41.905767+00:00
8913,0.758,2026-09-24T08:01:41.908612+00:00
8914,0.74,2026-09-24T08:01:41.911436+00:00
8915,0.717,2026-09-24T08:01:41.914232+00:00
8916,0.861,2026-09-24T08:01:41.917184+00:00
8917,1.111,2026-09-24T08:01:41.920371+00:00
8918,0.824,2026-09-24T08:01:41.923255+00:00
8919,0.823,2026-09-24T08:01:41.926135+00:00
8920,0.804,2026-09-24T08:01:41.929000+00:00
8921,0.803,2026-09-24T08:01:41.931860+00:00
8922,0.796,2026-09-24T08:01:41.934722+00:00
8923,0.781,2026-09-24T08:01:41.937566+00:00
8924,0.7789999999999999,2026-09-24T08:01:41.940396+00:00
8925,0.907,2026-09-24T08:01:41.943345+00:00
8926,0.843,2026-09-24T08:01:41.946130+00:00
8927,0.798,2026-09-24T08:01:41.948908+00:00
8928,0.79,2026-09-24T08:01:41.951701+00:00
8929,0.832,2026-09-24T08:01:41.954548+00:00
8930,0.775,2026-09-24T08:01:41.957333+00:00
8931,0.821,2026-09-24T08:01:41.960178+00:00
8932,0.9359999999999999,2026-09-24T08:01:41.963132+00:00
8933,1.5430000000000001,2026-09-24T08:01:41.966692+00:00
8934,1.339,2026-09-24T08:01:41.969863+00:00
8935,0.7929999999999999,2026-09-24T08:01:41.972738+00:00
8936,0.578,2026-09-24T08:01:41.975213+00:00
8937,0.61,2026-09-24T08:01:41.977851+00:00
8938,0.46799999999999997,2026-09-24T08:01:41.980295+00:00
8939,0.562,2026-09-24T08:01:41.982912+00:00
8940,0.46799999999999997,2026-09-24T08:01:41.985433+00:00
8941,0.45199999999999996,2026-09-24T08:01:41.987943+00:00
8942,0.622,2026-09-24T08:01:41.990624+00:00
8943,0.7060000000000001,2026-09-24T08:01:41.993281+00:00
8944,1.1800000000000002,2026-09-24T08:01:41.996424+00:00
8945,1.161,2026-09-24T08:01:41.999684+00:00
8946,0.655,2026-09-24T08:01:42.002303+00:00
8947,0.638,2026-09-24T08:01:42.004983+00:00
8948,0.619,2026-09-24T08:01:42.007656+00:00
8949,0.584,2026-09-24T08:01:42.010279+00:00
8950,0.823,2026-09-24T08:01:42.013160+00:00
8951,0.941,2026-09-24T08:01:42.016206+00:00
8952,0.5640000000000001,2026-09-24T08:01:42.018834+00:00
8953,0.49700000000000005,2026-09-24T08:01:42.021383+00:00
8954,0.49299999999999994,2026-09-24T08:01:42.023935+00:00
8955,0.544,2026-09-24T08:01:42.026528+00:00
8956,0.47300000000000003,2026-09-24T08:01:42.029005+00:00
8957,0.743,2026-09-24T08:01:42.031803+00:00
8958,0.528,2026-09-24T08:01:42.034429+00:00
8959,0.48700000000000004,2026-09-24T08:01:42.036961+00:00
8960,0.508,2026-09-24T08:01:42.039531+00:00
8961,0.57,2026-09-24T08:01:42.042206+00:00
8962,0.549,2026-09-24T08:01:42.044859+00:00
8963,0.639,2026-09-24T08:01:42.047570+00:00
8964,0.598,2026-09-24T08:01:42.050266+00:00
8965,0.597,2026-09-24T08:01:42.052888+00:00
8966,0.527,2026-09-24T08:01:42.055461+00:00
8967,0.499,2026-09-24T08:01:42.058047+00:00
8968,0.522,2026-09-24T08:01:42.060665+00:00
8969,0.517,2026-09-24T08:01:42.063283+00:00
8970,0.874,2026-09-24T08:01:42.066240+00:00
8971,0.5760000000000001,2026-09-24T08:01:42.068891+00:00
8972,0.522,2026-09-24T08:01:42.071486+00:00
8973,0.48899999999999993,2026-09-24T08:01:42.074050+00:00
8974,0.602,2026-09-24T08:01:42.076760+00:00
8975,0.506,2026-09-24T08:01:42.079406+00:00
8976,0.545,2026-09-24T08:01:42.081996+00:00
8977,0.531,2026-09-24T08:01:42.084502+00:00
8978,0.455,2026-09-24T08:01:42.086997+00:00
8979,0.495,2026-09-24T08:01:42.089551+00:00
8980,0.47300000000000003,2026-09-24T08:01:42.092052+00:00
8981,0.467,2026-09-24T08:01:42.094544+00:00
8982,0.46799999999999997,2026-09-24T08:01:42.097045+00:00
8983,0.45899999999999996,2026-09-24T08:01:42.099525+00:00
8984,0.47,2026-09-24T08:01:42.102022+00:00
8985,0.47300000000000003,2026-09-24T08:01:42.104524+00:00
8986,0.462,2026-09-24T08:01:42.107023+00:00
8987,0.465,2026-09-24T08:01:42.109513+00:00
8988,0.46,2026-09-24T08:01:42.111986+00:00
8989,0.46099999999999997,2026-09-24T08:01:42.114480+00:00
8990,0.533,2026-09-24T08:01:42.117107+00:00
8991,0.503,2026-09-24T08:01:42.119687+00:00
8992,0.612,2026-09-24T08:01:42.122288+00:00
8993,0.882,2026-09-24T08:01:42.125198+00:00
8994,0.662,2026-09-24T08:01:42.127763+00:00
8995,0.643,2026-09-24T08:01:42.130353+00:00
8996,0.7290000000000001,2026-09-24T08:01:42.133041+00:00
8997,0.6539999999999999,2026-09-24T08:01:42.135732+00:00
8998,0.472,2026-09-24T08:01:42.138217+00:00
8999,0.578,2026-09-24T08:01:42.140850+00:00
9000,0.589,2026-09-24T08:01:42.143447+00:00
9001,0.518,2026-09-24T08:01:42.146009+00:00
9002,0.503,2026-09-24T08:01:42.148610+00:00
9003,0.474,2026-09-24T08:01:42.151162+00:00
9004,0.5559999999999999,2026-09-24T08:01:42.153767+00:00
9005,0.47800000000000004,2026-09-24T08:01:42.156213+00:00
9006,0.47800000000000004,2026-09-24T08:01:42.158726+00:00
9007,0.433,2026-09-24T08:01:42.161208+00:00
9008,0.5609999999999999,2026-09-24T08:01:42.163828+00:00
9009,0.7240000000000001,2026-09-24T08:01:42.166704+00:00
9010,0.554,2026-09-24T08:01:42.169233+00:00
9011,0.598,2026-09-24T08:01:42.171899+00:00
9012,0.47800000000000004,2026-09-24T08:01:42.174429+00:00
9013,0.42000000000000004,2026-09-24T08:01:42.176847+00:00
9014,0.41300000000000003,2026-09-24T08:01:42.179295+00:00
9015,0.521,2026-09-24T08:01:42.181857+00:00
9016,0.40900000000000003,2026-09-24T08:01:42.184301+00:00
9017,0.428,2026-09-24T08:01:42.186767+00:00
9018,0.382,2026-09-24T08:01:42.189187+00:00
9019,0.406,2026-09-24T08:01:42.191640+00:00
9020,0.395,2026-09-24T08:01:42.194112+00:00
9021,0.416,2026-09-24T08:01:42.196572+00:00
9022,0.393,2026-09-24T08:01:42.199013+00:00
9023,0.458,2026-09-24T08:01:42.201514+00:00
9024,0.38699999999999996,2026-09-24T08:01:42.203896+00:00
9025,0.392,2026-09-24T08:01:42.206324+00:00
9026,0.402,2026-09-24T08:01:42.208765+00:00
9027,0.446,2026-09-24T08:01:42.211250+00:00
9028,0.49,2026-09-24T08:01:42.213785+00:00
9029,0.45,2026-09-24T08:01:42.216311+00:00
9030,0.419,2026-09-24T08:01:42.218800+00:00
9031,0.381,2026-09-24T08:01:42.221224+00:00
9032,0.36900000000000005,2026-09-24T08:01:42.223623+00:00
9033,0.374,2026-09-24T08:01:42.226044+00:00
9034,0.38499999999999995,2026-09-24T08:01:42.228470+00:00
9035,0.45399999999999996,2026-09-24T08:01:42.230966+00:00
9036,0.368,2026-09-24T08:01:42.233276+00:00
9037,0.395,2026-09-24T08:01:42.235704+00:00
9038,0.482,2026-09-24T08:01:42.238179+00:00
9039,0.412,2026-09-24T08:01:42.240621+00:00
9040,0.40299999999999997,2026-09-24T08:01:42.243062+00:00
9041,0.41800000000000004,2026-09-24T08:01:42.245523+00:00
9042,0.665,2026-09-24T08:01:42.248224+00:00
9043,0.9560000000000001,2026-09-24T08:01:42.251103+00:00
9044,1.042,2026-09-24T08:01:42.254270+00:00
9045,0.726,2026-09-24T08:01:42.256975+00:00
9046,0.82,2026-09-24T08:01:42.259723+00:00
9047,0.579,2026-09-24T08:01:42.262014+00:00
9048,0.5559999999999999,2026-09-24T08:01:42.264499+00:00
9049,0.472,2026-09-24T08:01:42.266900+00:00
9050,0.443,2026-09-24T08:01:42.269386+00:00
9051,0.661,2026-09-24T08:01:42.272110+00:00
9052,0.5900000000000001,2026-09-24T08:01:42.274739+00:00
9053,0.6890000000000001,2026-09-24T08:01:42.277448+00:00
9054,0.723,2026-09-24T08:01:42.280157+00:00
9055,0.6930000000000001,2026-09-24T08:01:42.282850+00:00
9056,0.48700000000000004,2026-09-24T08:01:42.285416+00:00
9057,0.628,2026-09-24T08:01:42.288313+00:00
9058,0.507,2026-09-24T08:01:42.290878+00:00
9059,0.477,2026-09-24T08:01:42.293432+00:00
9060,0.804,2026-09-24T08:01:42.296280+00:00
9061,0.695,2026-09-24T08:01:42.298868+00:00
9062,0.592,2026-09-24T08:01:42.301433+00:00
9063,0.584,2026-09-24T08:01:42.304034+00:00
9064,0.859,2026-09-24T08:01:42.307009+00:00
9065,0.742,2026-09-24T08:01:42.309745+00:00
9066,0.5860000000000001,2026-09-24T08:01:42.312208+00:00
9067,0.58,2026-09-24T08:01:42.314839+00:00
9068,0.609,2026-09-24T08:01:42.317458+00:00
9069,0.609,2026-09-24T08:01:42.320040+00:00
9070,0.969,2026-09-24T08:01:42.323032+00:00
9071,0.6449999999999999,2026-09-24T08:01:42.325618+00:00
9072,0.5469999999999999,2026-09-24T08:01:42.328200+00:00
9073,0.673,2026-09-24T08:01:42.330891+00:00
9074,0.709,2026-09-24T08:01:42.333626+00:00
9075,0.46099999999999997,2026-09-24T08:01:42.336083+00:00
9076,0.45899999999999996,2026-09-24T08:01:42.338575+00:00
9077,0.432,2026-09-24T08:01:42.341000+00:00
9078,0.435,2026-09-24T08:01:42.343444+00:00
9079,0.397,2026-09-24T08:01:42.345820+00:00
9080,0.417,2026-09-24T08:01:42.348254+00:00
9081,0.503,2026-09-24T08:01:42.350779+00:00
9082,0.408,2026-09-24T08:01:42.353215+00:00
9083,0.537,2026-09-24T08:01:42.355787+00:00
9084,0.41,2026-09-24T08:01:42.358220+00:00
9085,0.517,2026-09-24T08:01:42.360812+00:00
9086,0.49299999999999994,2026-09-24T08:01:42.363367+00:00
9087,0.512,2026-09-24T08:01:42.365989+00:00
9088,0.5720000000000001,2026-09-24T08:01:42.368667+00:00
9089,0.57,2026-09-24T08:01:42.371302+00:00
9090,0.5770000000000001,2026-09-24T08:01:42.373894+00:00
9091,0.48700000000000004,2026-09-24T08:01:42.376330+00:00
9092,0.517,2026-09-24T08:01:42.378803+00:00
9093,0.9470000000000001,2026-09-24T08:01:42.381720+00:00
9094,0.9600000000000001,2026-09-24T08:01:42.384668+00:00
9095,0.858,2026-09-24T08:01:42.387498+00:00
9096,0.717,2026-09-24T08:01:42.390069+00:00
9097,0.5519999999999999,2026-09-24T08:01:42.392516+00:00
9098,0.47,2026-09-24T08:01:42.395002+00:00
9099,0.46,2026-09-24T08:01:42.397522+00:00
9100,0.865,2026-09-24T08:01:42.400452+00:00
9101,0.8019999999999999,2026-09-24T08:01:42.403226+00:00
9102,0.856,2026-09-24T08:01:42.406206+00:00
9103,0.544,2026-09-24T08:01:42.408878+00:00
9104,0.768,2026-09-24T08:01:42.411730+00:00
9105,0.63,2026-09-24T08:01:42.414368+00:00
9106,0.598,2026-09-24T08:01:42.416890+00:00
9107,1.046,2026-09-24T08:01:42.419879+00:00
9108,0.449,2026-09-24T08:01:42.422363+00:00
9109,0.721,2026-09-24T08:01:42.425150+00:00
9110,0.608,2026-09-24T08:01:42.427640+00:00
9111,0.512,2026-09-24T08:01:42.430143+00:00
9112,0.491,2026-09-24T08:01:42.432632+00:00
9113,0.513,2026-09-24T08:01:42.435164+00:00
9114,0.513,2026-09-24T08:01:42.437664+00:00
9115,0.679,2026-09-24T08:01:42.440385+00:00
9116,0.648,2026-09-24T08:01:42.442971+00:00
9117,0.634,2026-09-24T08:01:42.445600+00:00
9118,0.5599999999999999,2026-09-24T08:01:42.448103+00:00
9119,0.571,2026-09-24T08:01:42.450737+00:00
9120,0.432,2026-09-24T08:01:42.453223+00:00
9121,0.46299999999999997,2026-09-24T08:01:42.455735+00:00
9122,0.7150000000000001,2026-09-24T08:01:42.458553+00:00
9123,0.453,2026-09-24T08:01:42.461054+00:00
9124,0.553,2026-09-24T08:01:42.463655+00:00
9125,0.446,2026-09-24T08:01:42.466186+00:00
9126,0.43,2026-09-24T08:01:42.468670+00:00
9127,0.426,2026-09-24T08:01:42.471140+00:00
9128,0.417,2026-09-24T08:01:42.473608+00:00
9129,0.40900000000000003,2026-09-24T08:01:42.476068+00:00
9130,0.45199999999999996,2026-09-24T08:01:42.478573+00:00
9131,0.549,2026-09-24T08:01:42.481150+00:00
9132,0.45399999999999996,2026-09-24T08:01:42.483570+00:00
9133,0.496,2026-09-24T08:01:42.486097+00:00
9134,0.483,2026-09-24T08:01:42.488565+00:00
9135,0.5419999999999999,2026-09-24T08:01:42.491103+00:00
9136,0.537,2026-09-24T08:01:42.493599+00:00
9137,0.49299999999999994,2026-09-24T08:01:42.496076+00:00
9138,0.815,2026-09-24T08:01:42.498890+00:00
9139,0.5429999999999999,2026-09-24T08:01:42.501448+00:00
9140,0.48500000000000004,2026-09-24T08:01:42.503868+00:00
9141,0.474,2026-09-24T08:01:42.506300+00:00
9142,0.46599999999999997,2026-09-24T08:01:42.508705+00:00
9143,0.45,2026-09-24T08:01:42.511094+00:00
9144,0.575,2026-09-24T08:01:42.513649+00:00
9145,0.5339999999999999,2026-09-24T08:01:42.516243+00:00
9146,0.562,2026-09-24T08:01:42.518877+00:00
9147,0.5730000000000001,2026-09-24T08:01:42.521505+00:00
9148,0.545,2026-09-24T08:01:42.524158+00:00
9149,0.5609999999999999,2026-09-24T08:01:42.526835+00:00
9150,0.532,2026-09-24T08:01:42.529477+00:00
9151,0.531,2026-09-24T08:01:42.532146+00:00
9152,0.5559999999999999,2026-09-24T08:01:42.534824+00:00
9153,0.532,2026-09-24T08:01:42.537474+00:00
9154,0.513,2026-09-24T08:01:42.540119+00:00
9155,0.5599999999999999,2026-09-24T08:01:42.542810+00:00
9156,0.527,2026-09-24T08:01:42.545457+00:00
9157,0.508,2026-09-24T08:01:42.548107+00:00
9158,0.523,2026-09-24T08:01:42.550777+00:00
9159,0.524,2026-09-24T08:01:42.553449+00:00
9160,0.512,2026-09-24T08:01:42.556096+00:00
9161,0.719,2026-09-24T08:01:42.558953+00:00
9162,0.513,2026-09-24T08:01:42.561602+00:00
9163,0.447,2026-09-24T08:01:42.564123+00:00
9164,0.446,2026-09-24T08:01:42.566637+00:00
9165,0.43,2026-09-24T08:01:42.569129+00:00
9166,0.569,2026-09-24T08:01:42.571759+00:00
9167,0.458,2026-09-24T08:01:42.574202+00:00
9168,0.46599999999999997,2026-09-24T08:01:42.576684+00:00
9169,0.5289999999999999,2026-09-24T08:01:42.579245+00:00
9170,0.475,2026-09-24T08:01:42.581685+00:00
9171,0.457,2026-09-24T08:01:42.584164+00:00
9172,0.474,2026-09-24T08:01:42.586661+00:00
9173,0.626,2026-09-24T08:01:42.589292+00:00
9174,0.522,2026-09-24T08:01:42.591664+00:00
9175,0.5519999999999999,2026-09-24T08:01:42.594177+00:00
9176,0.522,2026-09-24T08:01:42.596685+00:00
9177,0.524,2026-09-24T08:01:42.599227+00:00
9178,0.544,2026-09-24T08:01:42.601775+00:00
9179,0.565,2026-09-24T08:01:42.604343+00:00
9180,0.778,2026-09-24T08:01:42.607137+00:00
9181,0.6489999999999999,2026-09-24T08:01:42.609849+00:00
9182,0.664,2026-09-24T08:01:42.612618+00:00
9183,0.5730000000000001,2026-09-24T08:01:42.615136+00:00
9184,0.55,2026-09-24T08:01:42.617601+00:00
9185,0.694,2026-09-24T08:01:42.620212+00:00
9186,0.5559999999999999,2026-09-24T08:01:42.622543+00:00
9187,0.53,2026-09-24T08:01:42.624964+00:00
9188,0.616,2026-09-24T08:01:42.627489+00:00
9189,0.544,2026-09-24T08:01:42.629862+00:00
9190,0.53,2026-09-24T08:01:42.632288+00:00
9191,0.525,2026-09-24T08:01:42.634722+00:00
9192,0.642,2026-09-24T08:01:42.637277+00:00
9193,0.6,2026-09-24T08:01:42.639812+00:00
9194,0.5339999999999999,2026-09-24T08:01:42.642247+00:00
9195,0.7,2026-09-24T08:01:42.644861+00:00
9196,0.6,2026-09-24T08:01:42.647385+00:00
9197,0.601,2026-09-24T08:01:42.649926+00:00
9198,0.606,2026-09-24T08:01:42.652471+00:00
9199,0.647,2026-09-24T08:01:42.655042+00:00
9200,0.609,2026-09-24T08:01:42.657547+00:00
9201,0.621,2026-09-24T08:01:42.660036+00:00
9202,0.507,2026-09-24T08:01:42.662418+00:00
9203,0.5910000000000001,2026-09-24T08:01:42.664949+00:00
9204,0.5599999999999999,2026-09-24T08:01:42.667524+00:00
9205,0.504,2026-09-24T08:01:42.670069+00:00
9206,0.507,2026-09-24T08:01:42.672639+00:00
9207,0.522,2026-09-24T08:01:42.675208+00:00
9208,0.515,2026-09-24T08:01:42.677760+00:00
9209,0.506,2026-09-24T08:01:42.680306+00:00
9210,0.51,2026-09-24T08:01:42.682879+00:00
9211,0.503,2026-09-24T08:01:42.685423+00:00
9212,0.491,2026-09-24T08:01:42.687940+00:00
9213,0.5,2026-09-24T08:01:42.690481+00:00
9214,0.705,2026-09-24T08:01:42.693395+00:00
9215,0.638,2026-09-24T08:01:42.696176+00:00
9216,0.505,2026-09-24T08:01:42.698802+00:00
9217,0.433,2026-09-24T08:01:42.701302+00:00
9218,0.434,2026-09-24T08:01:42.703812+00:00
9219,0.617,2026-09-24T08:01:42.706490+00:00
9220,0.58,2026-09-24T08:01:42.708965+00:00
9221,0.603,2026-09-24T08:01:42.711680+00:00
9222,0.501,2026-09-24T08:01:42.714266+00:00
9223,0.62,2026-09-24T08:01:42.716966+00:00
9224,0.574,2026-09-24T08:01:42.719675+00:00
9225,0.47600000000000003,2026-09-24T08:01:42.722237+00:00
9226,0.483,2026-09-24T08:01:42.724779+00:00
9227,0.45199999999999996,2026-09-24T08:01:42.727284+00:00
9228,0.8630000000000001,2026-09-24T08:01:42.730241+00:00
9229,0.627,2026-09-24T08:01:42.732780+00:00
9230,0.901,2026-09-24T08:01:42.735816+00:00
9231,0.714,2026-09-24T08:01:42.738597+00:00
9232,1.1019999999999999,2026-09-24T08:01:42.741764+00:00
9233,0.6040000000000001,2026-09-24T08:01:42.744329+00:00
9234,0.625,2026-09-24T08:01:42.747066+00:00
9235,0.49,2026-09-24T08:01:42.749679+00:00
9236,0.47300000000000003,2026-09-24T08:01:42.752280+00:00
9237,0.6669999999999999,2026-09-24T08:01:42.755079+00:00
9238,0.507,2026-09-24T08:01:42.757664+00:00
9239,0.442,2026-09-24T08:01:42.760243+00:00
9240,0.455,2026-09-24T08:01:42.762824+00:00
9241,0.431,2026-09-24T08:01:42.765371+00:00
9242,0.419,2026-09-24T08:01:42.767921+00:00
9243,0.422,2026-09-24T08:01:42.770468+00:00
9244,0.44499999999999995,2026-09-24T08:01:42.773071+00:00
9245,0.5810000000000001,2026-09-24T08:01:42.775759+00:00
9246,0.7649999999999999,2026-09-24T08:01:42.778686+00:00
9247,0.555,2026-09-24T08:01:42.781164+00:00
9248,0.549,2026-09-24T08:01:42.783726+00:00
9249,0.5670000000000001,2026-09-24T08:01:42.786322+00:00
9250,0.5559999999999999,2026-09-24T08:01:42.788883+00:00
9251,0.55,2026-09-24T08:01:42.791449+00:00
9252,0.5379999999999999,2026-09-24T08:01:42.793987+00:00
9253,0.63,2026-09-24T08:01:42.796628+00:00
9254,0.712,2026-09-24T08:01:42.799316+00:00
9255,0.712,2026-09-24T08:01:42.802158+00:00
9256,0.687,2026-09-24T08:01:42.804979+00:00
9257,0.756,2026-09-24T08:01:42.808017+00:00
9258,0.744,2026-09-24T08:01:42.811023+00:00
9259,0.78,2026-09-24T08:01:42.813914+00:00
9260,0.648,2026-09-24T08:01:42.816595+00:00
9261,0.527,2026-09-24T08:01:42.819092+00:00
9262,0.508,2026-09-24T08:01:42.821635+00:00
9263,0.505,2026-09-24T08:01:42.824171+00:00
9264,0.588,2026-09-24T08:01:42.826777+00:00
9265,0.455,2026-09-24T08:01:42.829268+00:00
9266,0.504,2026-09-24T08:01:42.831806+00:00
9267,0.435,2026-09-24T08:01:42.834274+00:00
9268,0.439,2026-09-24T08:01:42.836740+00:00
9269,0.431,2026-09-24T08:01:42.839191+00:00
9270,0.444,2026-09-24T08:01:42.841655+00:00
9271,0.438,2026-09-24T08:01:42.844113+00:00
9272,0.46299999999999997,2026-09-24T08:01:42.846599+00:00
9273,0.433,2026-09-24T08:01:42.849037+00:00
9274,0.43,2026-09-24T08:01:42.851484+00:00
9275,0.428,2026-09-24T08:01:42.853945+00:00
9276,0.42000000000000004,2026-09-24T08:01:42.856383+00:00
9277,0.438,2026-09-24T08:01:42.858850+00:00
9278,0.432,2026-09-24T08:01:42.861311+00:00
9279,0.66,2026-09-24T08:01:42.864035+00:00
9280,0.63,2026-09-24T08:01:42.866753+00:00
9281,0.494,2026-09-24T08:01:42.869244+00:00
9282,0.456,2026-09-24T08:01:42.871750+00:00
9283,0.45,2026-09-24T08:01:42.874218+00:00
9284,0.438,2026-09-24T08:01:42.876673+00:00
9285,0.426,2026-09-24T08:01:42.879143+00:00
9286,0.7929999999999999,2026-09-24T08:01:42.881987+00:00
9287,0.7240000000000001,2026-09-24T08:01:42.884651+00:00
9288,0.7380000000000001,2026-09-24T08:01:42.887383+00:00
9289,0.7649999999999999,2026-09-24T08:01:42.889982+00:00
9290,0.5419999999999999,2026-09-24T08:01:42.892371+00:00
9291,0.505,2026-09-24T08:01:42.894922+00:00
9292,0.46299999999999997,2026-09-24T08:01:42.897485+00:00
9293,0.458,2026-09-24T08:01:42.899988+00:00
9294,0.45,2026-09-24T08:01:42.902503+00:00
9295,0.434,2026-09-24T08:01:42.905029+00:00
9296,0.429,2026-09-24T08:01:42.907558+00:00
9297,0.455,2026-09-24T08:01:42.910115+00:00
9298,0.434,2026-09-24T08:01:42.912607+00:00
9299,0.441,2026-09-24T08:01:42.915132+00:00
9300,0.457,2026-09-24T08:01:42.917671+00:00
9301,0.376,2026-09-24T08:01:42.920121+00:00
9302,0.368,2026-09-24T08:01:42.922538+00:00
9303,0.356,2026-09-24T08:01:42.924938+00:00
9304,0.361,2026-09-24T08:01:42.927345+00:00
9305,0.36900000000000005,2026-09-24T08:01:42.929757+00:00
9306,0.358,2026-09-24T08:01:42.932157+00:00
9307,0.46099999999999997,2026-09-24T08:01:42.934659+00:00
9308,0.37,2026-09-24T08:01:42.936994+00:00
9309,0.36900000000000005,2026-09-24T08:01:42.939399+00:00
9310,0.373,2026-09-24T08:01:42.941797+00:00
9311,0.358,2026-09-24T08:01:42.944191+00:00
9312,0.363,2026-09-24T08:01:42.946596+00:00
9313,0.36000000000000004,2026-09-24T08:01:42.949002+00:00
9314,0.472,2026-09-24T08:01:42.951514+00:00
9315,0.383,2026-09-24T08:01:42.953889+00:00
9316,0.6859999999999999,2026-09-24T08:01:42.956609+00:00
9317,0.524,2026-09-24T08:01:42.959117+00:00
9318,0.46299999999999997,2026-09-24T08:01:42.961578+00:00
9319,0.42700000000000005,2026-09-24T08:01:42.964029+00:00
9320,0.40299999999999997,2026-09-24T08:01:42.966467+00:00
9321,0.391,2026-09-24T08:01:42.968898+00:00
9322,0.376,2026-09-24T08:01:42.971319+00:00
9323,0.397,2026-09-24T08:01:42.973759+00:00
9324,0.7969999999999999,2026-09-24T08:01:42.976618+00:00
9325,0.513,2026-09-24T08:01:42.979196+00:00
9326,0.424,2026-09-24T08:01:42.981645+00:00
9327,0.393,2026-09-24T08:01:42.984084+00:00
9328,0.588,2026-09-24T08:01:42.986718+00:00
9329,0.439,2026-09-24T08:01:42.989087+00:00
9330,0.748,2026-09-24T08:01:42.991908+00:00
9331,0.58,2026-09-24T08:01:42.994313+00:00
9332,0.5640000000000001,2026-09-24T08:01:42.996782+00:00
9333,0.623,2026-09-24T08:01:42.999330+00:00
9334,0.599,2026-09-24T08:01:43.001824+00:00
9335,0.434,2026-09-24T08:01:43.004205+00:00
9336,0.47,2026-09-24T08:01:43.006672+00:00
9337,0.414,2026-09-24T08:01:43.009069+00:00
9338,0.416,2026-09-24T08:01:43.011490+00:00
9339,0.433,2026-09-24T08:01:43.013982+00:00
9340,0.426,2026-09-24T08:01:43.016408+00:00
9341,0.714,2026-09-24T08:01:43.019102+00:00
9342,0.575,2026-09-24T08:01:43.021577+00:00
9343,0.522,2026-09-24T08:01:43.024071+00:00
9344,0.509,2026-09-24T08:01:43.026542+00:00
9345,0.433,2026-09-24T08:01:43.028949+00:00
9346,0.451,2026-09-24T08:01:43.031430+00:00
9347,0.379,2026-09-24T08:01:43.033805+00:00
9348,0.364,2026-09-24T08:01:43.036205+00:00
9349,0.395,2026-09-24T08:01:43.038642+00:00
9350,0.36000000000000004,2026-09-24T08:01:43.041033+00:00
9351,0.384,2026-09-24T08:01:43.043462+00:00
9352,0.374,2026-09-24T08:01:43.045874+00:00
9353,0.36900000000000005,2026-09-24T08:01:43.048282+00:00
9354,0.381,2026-09-24T08:01:43.050714+00:00
9355,0.35300000000000004,2026-09-24T08:01:43.053108+00:00
9356,0.397,2026-09-24T08:01:43.055588+00:00
9357,0.39,2026-09-24T08:01:43.058021+00:00
9358,0.402,2026-09-24T08:01:43.060472+00:00
9359,0.384,2026-09-24T08:01:43.062887+00:00
9360,0.499,2026-09-24T08:01:43.065430+00:00
9361,0.9079999999999999,2026-09-24T08:01:43.068288+00:00
9362,0.868,2026-09-24T08:01:43.071141+00:00
9363,0.784,2026-09-24T08:01:43.073713+00:00
9364,0.527,2026-09-24T08:01:43.076258+00:00
9365,0.745,2026-09-24T08:01:43.079109+00:00
9366,0.5770000000000001,2026-09-24T08:01:43.081775+00:00
9367,0.46099999999999997,2026-09-24T08:01:43.084286+00:00
9368,0.46,2026-09-24T08:01:43.086738+00:00
9369,0.48500000000000004,2026-09-24T08:01:43.089245+00:00
9370,0.447,2026-09-24T08:01:43.091631+00:00
9371,0.419,2026-09-24T08:01:43.094062+00:00
9372,0.531,2026-09-24T08:01:43.096721+00:00
9373,0.503,2026-09-24T08:01:43.099324+00:00
9374,0.49,2026-09-24T08:01:43.101844+00:00
9375,0.448,2026-09-24T08:01:43.104317+00:00
9376,0.46099999999999997,2026-09-24T08:01:43.106806+00:00
9377,0.44,2026-09-24T08:01:43.109342+00:00
9378,0.46,2026-09-24T08:01:43.111860+00:00
9379,0.40499999999999997,2026-09-24T08:01:43.114318+00:00
9380,0.416,2026-09-24T08:01:43.116831+00:00
9381,0.40299999999999997,2026-09-24T08:01:43.119323+00:00
9382,0.423,2026-09-24T08:01:43.121842+00:00
9383,0.40499999999999997,2026-09-24T08:01:43.124304+00:00
9384,0.49799999999999994,2026-09-24T08:01:43.126845+00:00
9385,0.447,2026-09-24T08:01:43.129241+00:00
9386,0.544,2026-09-24T08:01:43.131766+00:00
9387,0.62,2026-09-24T08:01:43.134281+00:00
9388,0.453,2026-09-24T08:01:43.136683+00:00
9389,0.412,2026-09-24T08:01:43.139100+00:00
9390,0.422,2026-09-24T08:01:43.141552+00:00
9391,0.415,2026-09-24T08:01:43.143998+00:00
9392,0.522,2026-09-24T08:01:43.146564+00:00
9393,0.45199999999999996,2026-09-24T08:01:43.148886+00:00
9394,0.628,2026-09-24T08:01:43.151625+00:00
9395,0.449,2026-09-24T08:01:43.154048+00:00
9396,0.521,2026-09-24T08:01:43.156573+00:00
9397,0.421,2026-09-24T08:01:43.158909+00:00
9398,0.494,2026-09-24T08:01:43.161400+00:00
9399,0.444,2026-09-24T08:01:43.163769+00:00
9400,0.608,2026-09-24T08:01:43.166357+00:00
9401,0.5950000000000001,2026-09-24T08:01:43.168863+00:00
9402,0.6449999999999999,2026-09-24T08:01:43.171435+00:00
9403,0.518,2026-09-24T08:01:43.174011+00:00
9404,0.8,2026-09-24T08:01:43.176832+00:00
9405,0.539,2026-09-24T08:01:43.179407+00:00
9406,0.444,2026-09-24T08:01:43.181820+00:00
9407,0.526,2026-09-24T08:01:43.184408+00:00
9408,0.5900000000000001,2026-09-24T08:01:43.186940+00:00
9409,0.517,2026-09-24T08:01:43.189476+00:00
9410,0.597,2026-09-24T08:01:43.192107+00:00
9411,0.599,2026-09-24T08:01:43.194598+00:00
9412,0.745,2026-09-24T08:01:43.197252+00:00
9413,0.54,2026-09-24T08:01:43.199835+00:00
9414,0.41800000000000004,2026-09-24T08:01:43.202344+00:00
9415,0.472,2026-09-24T08:01:43.204894+00:00
9416,0.434,2026-09-24T08:01:43.207385+00:00
9417,0.501,2026-09-24T08:01:43.209930+00:00
9418,0.46299999999999997,2026-09-24T08:01:43.212370+00:00
9419,0.625,2026-09-24T08:01:43.215012+00:00
9420,0.625,2026-09-24T08:01:43.217715+00:00
9421,0.528,2026-09-24T08:01:43.220312+00:00
9422,0.53,2026-09-24T08:01:43.222898+00:00
9423,0.523,2026-09-24T08:01:43.225480+00:00
9424,0.513,2026-09-24T08:01:43.228034+00:00
9425,0.544,2026-09-24T08:01:43.230625+00:00
9426,0.515,2026-09-24T08:01:43.233157+00:00
9427,0.575,2026-09-24T08:01:43.235777+00:00
9428,0.486,2026-09-24T08:01:43.238340+00:00
9429,0.49299999999999994,2026-09-24T08:01:43.240906+00:00
9430,0.5,2026-09-24T08:01:43.243437+00:00
9431,0.465,2026-09-24T08:01:43.245923+00:00
9432,0.475,2026-09-24T08:01:43.248444+00:00
9433,0.449,2026-09-24T08:01:43.250956+00:00
9434,0.49799999999999994,2026-09-24T08:01:43.253507+00:00
9435,0.429,2026-09-24T08:01:43.256104+00:00
9436,0.379,2026-09-24T08:01:43.258544+00:00
9437,0.345,2026-09-24T08:01:43.260984+00:00
9438,0.34900000000000003,2026-09-24T08:01:43.263437+00:00
9439,0.363,2026-09-24T08:01:43.265895+00:00
9440,0.34,2026-09-24T08:01:43.268329+00:00
9441,0.347,2026-09-24T08:01:43.270782+00:00
9442,0.339,2026-09-24T08:01:43.273224+00:00
9443,0.366,2026-09-24T08:01:43.275693+00:00
9444,0.356,2026-09-24T08:01:43.278151+00:00
9445,0.359,2026-09-24T08:01:43.280607+00:00
9446,0.363,2026-09-24T08:01:43.283080+00:00
9447,0.35300000000000004,2026-09-24T08:01:43.285526+00:00
9448,0.337,2026-09-24T08:01:43.287955+00:00
9449,0.333,2026-09-24T08:01:43.290400+00:00
9450,0.35,2026-09-24T08:01:43.292875+00:00
9451,0.505,2026-09-24T08:01:43.295478+00:00
9452,0.507,2026-09-24T08:01:43.298027+00:00
9453,0.6669999999999999,2026-09-24T08:01:43.300728+00:00
9454,0.48899999999999993,2026-09-24T08:01:43.303100+00:00
9455,0.49,2026-09-24T08:01:43.305559+00:00
9456,0.474,2026-09-24T08:01:43.308008+00:00
9457,0.464,2026-09-24T08:01:43.310463+00:00
9458,0.372,2026-09-24T08:01:43.312801+00:00
9459,0.357,2026-09-24T08:01:43.315211+00:00
9460,0.355,2026-09-24T08:01:43.317617+00:00
9461,0.35,2026-09-24T08:01:43.320035+00:00
9462,0.359,2026-09-24T08:01:43.322445+00:00
9463,0.35300000000000004,2026-09-24T08:01:43.324855+00:00
9464,0.361,2026-09-24T08:01:43.327272+00:00
9465,0.365,2026-09-24T08:01:43.329698+00:00
9466,0.34,2026-09-24T08:01:43.332103+00:00
9467,0.378,2026-09-24T08:01:43.334544+00:00
9468,0.33599999999999997,2026-09-24T08:01:43.336915+00:00
9469,0.35100000000000003,2026-09-24T08:01:43.339333+00:00
9470,0.366,2026-09-24T08:01:43.341745+00:00
9471,0.339,2026-09-24T08:01:43.344137+00:00
9472,0.42700000000000005,2026-09-24T08:01:43.346638+00:00
9473,0.355,2026-09-24T08:01:43.349038+00:00
9474,0.363,2026-09-24T08:01:43.351461+00:00
9475,0.6809999999999999,2026-09-24T08:01:43.354334+00:00
9476,0.535,2026-09-24T08:01:43.357030+00:00
9477,0.48500000000000004,2026-09-24T08:01:43.359606+00:00
9478,0.455,2026-09-24T08:01:43.362157+00:00
9479,0.448,2026-09-24T08:01:43.364686+00:00
9480,0.58,2026-09-24T08:01:43.367390+00:00
9481,0.5860000000000001,2026-09-24T08:01:43.370177+00:00
9482,0.773,2026-09-24T08:01:43.373175+00:00
9483,0.633,2026-09-24T08:01:43.375730+00:00
9484,0.655,2026-09-24T08:01:43.378306+00:00
9485,0.725,2026-09-24T08:01:43.380910+00:00
9486,0.6890000000000001,2026-09-24T08:01:43.383681+00:00
9487,0.6809999999999999,2026-09-24T08:01:43.386196+00:00
9488,0.5680000000000001,2026-09-24T08:01:43.388802+00:00
9489,0.509,2026-09-24T08:01:43.391262+00:00
9490,0.839,2026-09-24T08:01:43.394088+00:00
9491,0.733,2026-09-24T08:01:43.396816+00:00
9492,0.603,2026-09-24T08:01:43.399597+00:00
9493,0.425,2026-09-24T08:01:43.402128+00:00
9494,0.382,2026-09-24T08:01:43.404556+00:00
9495,0.5640000000000001,2026-09-24T08:01:43.407176+00:00
9496,0.679,2026-09-24T08:01:43.409720+00:00
9497,0.477,2026-09-24T08:01:43.412028+00:00
9498,0.424,2026-09-24T08:01:43.414408+00:00
9499,0.415,2026-09-24T08:01:43.416818+00:00
9500,0.408,2026-09-24T08:01:43.419238+00:00
9501,0.479,2026-09-24T08:01:43.421724+00:00
9502,0.533,2026-09-24T08:01:43.424269+00:00
9503,0.46099999999999997,2026-09-24T08:01:43.426625+00:00
9504,0.508,2026-09-24T08:01:43.429096+00:00
9505,0.558,2026-09-24T08:01:43.431553+00:00
9506,0.465,2026-09-24T08:01:43.434287+00:00
9507,0.47600000000000003,2026-09-24T08:01:43.436703+00:00
9508,0.467,2026-09-24T08:01:43.439172+00:00
9509,0.395,2026-09-24T08:01:43.441566+00:00
9510,0.357,2026-09-24T08:01:43.444019+00:00
9511,0.374,2026-09-24T08:01:43.446498+00:00
9512,0.356,2026-09-24T08:01:43.448955+00:00
9513,0.363,2026-09-24T08:01:43.451427+00:00
9514,0.377,2026-09-24T08:01:43.453906+00:00
9515,0.611,2026-09-24T08:01:43.456614+00:00
9516,0.985,2026-09-24T08:01:43.459733+00:00
9517,0.662,2026-09-24T08:01:43.462435+00:00
9518,0.705,2026-09-24T08:01:43.465299+00:00
9519,0.743,2026-09-24T08:01:43.468282+00:00
9520,0.714,2026-09-24T08:01:43.471169+00:00
9521,0.687,2026-09-24T08:01:43.474022+00:00
9522,0.722,2026-09-24T08:01:43.476972+00:00
9523,0.74,2026-09-24T08:01:43.479911+00:00
9524,0.696,2026-09-24T08:01:43.482771+00:00
9525,0.673,2026-09-24T08:01:43.485657+00:00
9526,0.6819999999999999,2026-09-24T08:01:43.488496+00:00
9527,0.669,2026-09-24T08:01:43.491363+00:00
9528,0.709,2026-09-24T08:01:43.494302+00:00
9529,0.699,2026-09-24T08:01:43.497214+00:00
9530,0.66,2026-09-24T08:01:43.500090+00:00
9531,0.703,2026-09-24T08:01:43.502979+00:00
9532,0.687,2026-09-24T08:01:43.505859+00:00
9533,0.679,2026-09-24T08:01:43.508766+00:00
9534,0.6930000000000001,2026-09-24T08:01:43.511671+00:00
9535,0.687,2026-09-24T08:01:43.514583+00:00
9536,0.67,2026-09-24T08:01:43.517536+00:00
9537,0.657,2026-09-24T08:01:43.520425+00:00
9538,0.6819999999999999,2026-09-24T08:01:43.523368+00:00
9539,0.684,2026-09-24T08:01:43.526291+00:00
9540,0.7200000000000001,2026-09-24T08:01:43.529305+00:00
9541,0.718,2026-09-24T08:01:43.532295+00:00
9542,0.7200000000000001,2026-09-24T08:01:43.535210+00:00
9543,0.655,2026-09-24T08:01:43.538089+00:00
9544,0.737,2026-09-24T08:01:43.541018+00:00
9545,0.669,2026-09-24T08:01:43.543902+00:00
9546,0.6759999999999999,2026-09-24T08:01:43.546840+00:00
9547,0.5770000000000001,2026-09-24T08:01:43.549632+00:00
9548,0.584,2026-09-24T08:01:43.552422+00:00
9549,0.7789999999999999,2026-09-24T08:01:43.555400+00:00
9550,0.799,2026-09-24T08:01:43.558279+00:00
9551,0.751,2026-09-24T08:01:43.561226+00:00
9552,0.632,2026-09-24T08:01:43.563845+00:00
9553,0.9470000000000001,2026-09-24T08:01:43.566750+00:00
9554,0.6040000000000001,2026-09-24T08:01:43.569241+00:00
9555,0.57,2026-09-24T08:01:43.571754+00:00
9556,0.742,2026-09-24T08:01:43.574408+00:00
9557,0.955,2026-09-24T08:01:43.577319+00:00
9558,0.86,2026-09-24T08:01:43.580299+00:00
9559,0.74,2026-09-24T08:01:43.583019+00:00
9560,0.608,2026-09-24T08:01:43.585650+00:00
9561,0.507,2026-09-24T08:01:43.588196+00:00
9562,1.15,2026-09-24T08:01:43.591403+00:00
9563,0.58,2026-09-24T08:01:43.594013+00:00
9564,0.526,2026-09-24T08:01:43.596646+00:00
9565,0.633,2026-09-24T08:01:43.599443+00:00
9566,1.099,2026-09-24T08:01:43.602504+00:00
9567,0.748,2026-09-24T08:01:43.604830+00:00
9568,0.969,2026-09-24T08:01:43.607812+00:00
9569,0.937,2026-09-24T08:01:43.610723+00:00
9570,0.778,2026-09-24T08:01:43.613486+00:00
9571,0.6859999999999999,2026-09-24T08:01:43.616115+00:00
9572,0.707,2026-09-24T08:01:43.618969+00:00
9573,0.625,2026-09-24T08:01:43.621666+00:00
9574,0.597,2026-09-24T08:01:43.624476+00:00
9575,0.531,2026-09-24T08:01:43.627072+00:00
9576,0.621,2026-09-24T08:01:43.629780+00:00
9577,0.95,2026-09-24T08:01:43.632904+00:00
9578,0.812,2026-09-24T08:01:43.635598+00:00
9579,0.457,2026-09-24T08:01:43.638046+00:00
9580,0.453,2026-09-24T08:01:43.640518+00:00
9581,0.61,2026-09-24T08:01:43.643286+00:00
9582,0.421,2026-09-24T08:01:43.645742+00:00
9583,0.40299999999999997,2026-09-24T08:01:43.648176+00:00
9584,0.421,2026-09-24T08:01:43.650629+00:00
9585,0.395,2026-09-24T08:01:43.653062+00:00
9586,0.612,2026-09-24T08:01:43.655755+00:00
9587,0.733,2026-09-24T08:01:43.658601+00:00
9588,0.653,2026-09-24T08:01:43.661458+00:00
9589,0.48899999999999993,2026-09-24T08:01:43.663998+00:00
9590,0.46799999999999997,2026-09-24T08:01:43.666499+00:00
9591,0.515,2026-09-24T08:01:43.669040+00:00
9592,0.537,2026-09-24T08:01:43.671623+00:00
9593,0.527,2026-09-24T08:01:43.674220+00:00
9594,0.596,2026-09-24T08:01:43.676889+00:00
9595,0.504,2026-09-24T08:01:43.679361+00:00
9596,0.49200000000000005,2026-09-24T08:01:43.681908+00:00
9597,0.397,2026-09-24T08:01:43.684332+00:00
9598,0.40900000000000003,2026-09-24T08:01:43.686791+00:00
9599,0.39,2026-09-24T08:01:43.689227+00:00
9600,0.611,2026-09-24T08:01:43.691934+00:00
9601,0.48500000000000004,2026-09-24T08:01:43.694474+00:00
9602,0.45399999999999996,2026-09-24T08:01:43.696973+00:00
9603,0.448,2026-09-24T08:01:43.699460+00:00
9604,0.406,2026-09-24T08:01:43.701878+00:00
9605,0.428,2026-09-24T08:01:43.704435+00:00
9606,0.527,2026-09-24T08:01:43.707082+00:00
9607,1.103,2026-09-24T08:01:43.710460+00:00
9608,0.507,2026-09-24T08:01:43.712937+00:00
9609,0.45,2026-09-24T08:01:43.715528+00:00
9610,0.416,2026-09-24T08:01:43.718001+00:00
9611,0.389,2026-09-24T08:01:43.720450+00:00
9612,0.566,2026-09-24T08:01:43.723226+00:00
9613,0.458,2026-09-24T08:01:43.725794+00:00
9614,0.504,2026-09-24T08:01:43.728351+00:00
9615,0.464,2026-09-24T08:01:43.730872+00:00
9616,0.7110000000000001,2026-09-24T08:01:43.733649+00:00
9617,0.878,2026-09-24T08:01:43.736705+00:00
9618,0.588,2026-09-24T08:01:43.739314+00:00
9619,0.508,2026-09-24T08:01:43.741867+00:00
9620,0.458,2026-09-24T08:01:43.744323+00:00
9621,0.46299999999999997,2026-09-24T08:01:43.746786+00:00
9622,0.437,2026-09-24T08:01:43.749215+00:00
9623,0.44499999999999995,2026-09-24T08:01:43.751652+00:00
9624,0.433,2026-09-24T08:01:43.754089+00:00
9625,0.75,2026-09-24T08:01:43.756830+00:00
9626,0.647,2026-09-24T08:01:43.759279+00:00
9627,0.45399999999999996,2026-09-24T08:01:43.761607+00:00
9628,0.623,2026-09-24T08:01:43.764281+00:00
9629,0.519,2026-09-24T08:01:43.766818+00:00
9630,0.46099999999999997,2026-09-24T08:01:43.769349+00:00
9631,0.46900000000000003,2026-09-24T08:01:43.771879+00:00
9632,0.368,2026-09-24T08:01:43.774310+00:00
9633,0.373,2026-09-24T08:01:43.776715+00:00
9634,0.378,2026-09-24T08:01:43.779122+00:00
9635,0.373,2026-09-24T08:01:43.781513+00:00
9636,0.381,2026-09-24T08:01:43.783920+00:00
9637,0.368,2026-09-24T08:01:43.786295+00:00
9638,0.378,2026-09-24T08:01:43.788704+00:00
9639,0.364,2026-09-24T08:01:43.791107+00:00
9640,0.379,2026-09-24T08:01:43.793518+00:00
9641,0.377,2026-09-24T08:01:43.795921+00:00
9642,0.522,2026-09-24T08:01:43.798465+00:00
9643,0.532,2026-09-24T08:01:43.800955+00:00
9644,0.46099999999999997,2026-09-24T08:01:43.803344+00:00
9645,0.522,2026-09-24T08:01:43.805810+00:00
9646,0.456,2026-09-24T08:01:43.808158+00:00
9647,0.569,2026-09-24T08:01:43.810679+00:00
9648,0.479,2026-09-24T08:01:43.813016+00:00
9649,0.417,2026-09-24T08:01:43.815466+00:00
9650,0.40099999999999997,2026-09-24T08:01:43.817901+00:00
9651,0.39399999999999996,2026-09-24T08:01:43.820339+00:00
9652,0.383,2026-09-24T08:01:43.822747+00:00
9653,0.377,2026-09-24T08:01:43.825163+00:00
9654,0.373,2026-09-24T08:01:43.827565+00:00
9655,0.375,2026-09-24T08:01:43.829973+00:00
9656,0.628,2026-09-24T08:01:43.832633+00:00
9657,0.541,2026-09-24T08:01:43.834949+00:00
9658,0.512,2026-09-24T08:01:43.837345+00:00
9659,0.501,2026-09-24T08:01:43.839737+00:00
9660,0.5199999999999999,2026-09-24T08:01:43.842154+00:00
9661,0.5339999999999999,2026-09-24T08:01:43.844576+00:00
9662,0.5199999999999999,2026-09-24T08:01:43.846946+00:00
9663,0.558,2026-09-24T08:01:43.849389+00:00
9664,0.49799999999999994,2026-09-24T08:01:43.851794+00:00
9665,0.465,2026-09-24T08:01:43.854206+00:00
9666,0.47,2026-09-24T08:01:43.856621+00:00
9667,0.46299999999999997,2026-09-24T08:01:43.859033+00:00
9668,0.406,2026-09-24T08:01:43.861386+00:00
9669,0.395,2026-09-24T08:01:43.863791+00:00
9670,0.373,2026-09-24T08:01:43.866201+00:00
9671,0.39,2026-09-24T08:01:43.868623+00:00
9672,0.381,2026-09-24T08:01:43.871043+00:00
9673,0.398,2026-09-24T08:01:43.873477+00:00
9674,0.378,2026-09-24T08:01:43.875876+00:00
9675,0.524,2026-09-24T08:01:43.878433+00:00
9676,0.9600000000000001,2026-09-24T08:01:43.881387+00:00
9677,0.791,2026-09-24T08:01:43.884242+00:00
9678,0.578,2026-09-24T08:01:43.886752+00:00
9679,0.479,2026-09-24T08:01:43.889218+00:00
9680,0.575,2026-09-24T08:01:43.891862+00:00
9681,0.429,2026-09-24T08:01:43.894323+00:00
9682,0.448,2026-09-24T08:01:43.896787+00:00
9683,0.423,2026-09-24T08:01:43.899233+00:00
9684,0.426,2026-09-24T08:01:43.901675+00:00
9685,0.39399999999999996,2026-09-24T08:01:43.904081+00:00
9686,0.458,2026-09-24T08:01:43.906563+00:00
9687,0.40700000000000003,2026-09-24T08:01:43.908979+00:00
9688,0.495,2026-09-24T08:01:43.911490+00:00
9689,0.615,2026-09-24T08:01:43.914041+00:00
9690,0.5559999999999999,2026-09-24T08:01:43.916447+00:00
9691,0.525,2026-09-24T08:01:43.918856+00:00
9692,0.514,2026-09-24T08:01:43.921275+00:00
9693,0.507,2026-09-24T08:01:43.923681+00:00
9694,0.505,2026-09-24T08:01:43.926098+00:00
9695,0.544,2026-09-24T08:01:43.928550+00:00
9696,0.509,2026-09-24T08:01:43.930932+00:00
9697,0.6589999999999999,2026-09-24T08:01:43.933498+00:00
9698,0.559,2026-09-24T08:01:43.935982+00:00
9699,0.522,2026-09-24T08:01:43.938399+00:00
9700,0.523,2026-09-24T08:01:43.940808+00:00
9701,0.515,2026-09-24T08:01:43.943212+00:00
9702,0.512,2026-09-24T08:01:43.945608+00:00
9703,0.518,2026-09-24T08:01:43.948023+00:00
9704,0.5820000000000001,2026-09-24T08:01:43.950500+00:00
9705,0.526,2026-09-24T08:01:43.952867+00:00
9706,0.506,2026-09-24T08:01:43.955264+00:00
9707,0.53,2026-09-24T08:01:43.957680+00:00
9708,0.5109999999999999,2026-09-24T08:01:43.960070+00:00
9709,0.503,2026-09-24T08:01:43.962456+00:00
9710,0.467,2026-09-24T08:01:43.964842+00:00
9711,0.402,2026-09-24T08:01:43.967232+00:00
9712,0.412,2026-09-24T08:01:43.969657+00:00
9713,0.392,2026-09-24T08:01:43.972058+00:00
9714,0.40299999999999997,2026-09-24T08:01:43.974483+00:00
9715,0.4,2026-09-24T08:01:43.976907+00:00
9716,0.39399999999999996,2026-09-24T08:01:43.979324+00:00
9717,0.423,2026-09-24T08:01:43.981768+00:00
9718,0.39599999999999996,2026-09-24T08:01:43.984180+00:00
9719,0.419,2026-09-24T08:01:43.986618+00:00
9720,0.41100000000000003,2026-09-24T08:01:43.989089+00:00
9721,0.40700000000000003,2026-09-24T08:01:43.991511+00:00
9722,0.395,2026-09-24T08:01:43.993931+00:00
9723,0.38499999999999995,2026-09-24T08:01:43.996342+00:00
9724,0.422,2026-09-24T08:01:43.998786+00:00
9725,0.40099999999999997,2026-09-24T08:01:44.001196+00:00
9726,0.40900000000000003,2026-09-24T08:01:44.003622+00:00
9727,0.393,2026-09-24T08:01:44.006041+00:00
9728,0.398,2026-09-24T08:01:44.008495+00:00
9729,0.39399999999999996,2026-09-24T08:01:44.010919+00:00
9730,0.39399999999999996,2026-09-24T08:01:44.013339+00:00
9731,0.441,2026-09-24T08:01:44.015800+00:00
9732,0.825,2026-09-24T08:01:44.018678+00:00
9733,1.026,2026-09-24T08:01:44.021597+00:00
9734,0.805,2026-09-24T08:01:44.024497+00:00
9735,0.553,2026-09-24T08:01:44.027114+00:00
9736,0.453,2026-09-24T08:01:44.029596+00:00
9737,0.448,2026-09-24T08:01:44.032048+00:00
9738,0.434,2026-09-24T08:01:44.034475+00:00
9739,0.43600000000000005,2026-09-24T08:01:44.036904+00:00
9740,0.429,2026-09-24T08:01:44.039320+00:00
9741,0.48899999999999993,2026-09-24T08:01:44.041802+00:00
9742,0.432,2026-09-24T08:01:44.044201+00:00
9743,0.7,2026-09-24T08:01:44.046892+00:00
9744,0.712,2026-09-24T08:01:44.049572+00:00
9745,0.589,2026-09-24T08:01:44.052014+00:00
9746,1.149,2026-09-24T08:01:44.055121+00:00
9747,1.176,2026-09-24T08:01:44.058152+00:00
9748,0.945,2026-09-24T08:01:44.061132+00:00
9749,0.958,2026-09-24T08:01:44.064234+00:00
9750,0.6759999999999999,2026-09-24T08:01:44.067001+00:00
9751,0.618,2026-09-24T08:01:44.069641+00:00
9752,0.9840000000000001,2026-09-24T08:01:44.072931+00:00
9753,0.669,2026-09-24T08:01:44.075900+00:00
9754,0.755,2026-09-24T08:01:44.078887+00:00
9755,0.795,2026-09-24T08:01:44.081867+00:00
9756,0.7200000000000001,2026-09-24T08:01:44.084607+00:00
9757,0.545,2026-09-24T08:01:44.087180+00:00
9758,0.687,2026-09-24T08:01:44.090012+00:00
9759,0.614,2026-09-24T08:01:44.092541+00:00
9760,0.675,2026-09-24T08:01:44.095165+00:00
9761,0.5630000000000001,2026-09-24T08:01:44.097605+00:00
9762,0.5559999999999999,2026-09-24T08:01:44.100150+00:00
9763,0.626,2026-09-24T08:01:44.102786+00:00
9764,0.6,2026-09-24T08:01:44.105512+00:00
9765,0.804,2026-09-24T08:01:44.108688+00:00
9766,0.805,2026-09-24T08:01:44.111621+00:00
9767,0.8899999999999999,2026-09-24T08:01:44.114633+00:00
9768,0.7829999999999999,2026-09-24T08:01:44.117525+00:00
9769,0.864,2026-09-24T08:01:44.120518+00:00
9770,0.678,2026-09-24T08:01:44.123104+00:00
9771,0.808,2026-09-24T08:01:44.125962+00:00
9772,0.8989999999999999,2026-09-24T08:01:44.128844+00:00
9773,0.742,2026-09-24T08:01:44.131669+00:00
9774,0.7060000000000001,2026-09-24T08:01:44.134515+00:00
9775,0.638,2026-09-24T08:01:44.137319+00:00
9776,1.073,2026-09-24T08:01:44.140602+00:00
9777,0.749,2026-09-24T08:01:44.143180+00:00
9778,0.5680000000000001,2026-09-24T08:01:44.145695+00:00
9779,0.47600000000000003,2026-09-24T08:01:44.148175+00:00
9780,0.8059999999999999,2026-09-24T08:01:44.151003+00:00
9781,0.75,2026-09-24T08:01:44.153745+00:00
9782,1.062,2026-09-24T08:01:44.156960+00:00
9783,0.898,2026-09-24T08:01:44.159725+00:00
9784,0.6769999999999999,2026-09-24T08:01:44.162382+00:00
9785,0.757,2026-09-24T08:01:44.165120+00:00
9786,0.714,2026-09-24T08:01:44.167803+00:00
9787,0.5950000000000001,2026-09-24T08:01:44.170538+00:00
9788,0.5419999999999999,2026-09-24T08:01:44.173114+00:00
9789,0.712,2026-09-24T08:01:44.175935+00:00
9790,0.71,2026-09-24T08:01:44.178621+00:00
9791,0.638,2026-09-24T08:01:44.181219+00:00
9792,0.737,2026-09-24T08:01:44.184060+00:00
9793,0.5760000000000001,2026-09-24T08:01:44.186670+00:00
9794,0.63,2026-09-24T08:01:44.189333+00:00
9795,0.764,2026-09-24T08:01:44.192044+00:00
9796,0.5199999999999999,2026-09-24T08:01:44.194364+00:00
9797,0.442,2026-09-24T08:01:44.196785+00:00
9798,0.619,2026-09-24T08:01:44.199459+00:00
9799,0.9940000000000001,2026-09-24T08:01:44.202440+00:00
9800,0.616,2026-09-24T08:01:44.204813+00:00
9801,0.524,2026-09-24T08:01:44.207336+00:00
9802,0.523,2026-09-24T08:01:44.209889+00:00
9803,0.517,2026-09-24T08:01:44.212437+00:00
9804,0.5109999999999999,2026-09-24T08:01:44.214973+00:00
9805,0.5,2026-09-24T08:01:44.217491+00:00
9806,0.63,2026-09-24T08:01:44.220230+00:00
9807,0.575,2026-09-24T08:01:44.222840+00:00
9808,0.694,2026-09-24T08:01:44.225724+00:00
9809,0.559,2026-09-24T08:01:44.228504+00:00
9810,0.446,2026-09-24T08:01:44.231014+00:00
9811,0.638,2026-09-24T08:01:44.233764+00:00
9812,0.721,2026-09-24T08:01:44.236634+00:00
9813,0.628,2026-09-24T08:01:44.239361+00:00
9814,0.625,2026-09-24T08:01:44.242155+00:00
9815,0.914,2026-09-24T08:01:44.245226+00:00
9816,0.725,2026-09-24T08:01:44.247860+00:00
9817,0.8059999999999999,2026-09-24T08:01:44.250742+00:00
9818,0.9129999999999999,2026-09-24T08:01:44.253761+00:00
9819,0.866,2026-09-24T08:01:44.256524+00:00
9820,0.636,2026-09-24T08:01:44.259074+00:00
9821,0.6880000000000001,2026-09-24T08:01:44.261979+00:00
9822,0.47800000000000004,2026-09-24T08:01:44.264609+00:00
9823,0.479,2026-09-24T08:01:44.267222+00:00
9824,0.5900000000000001,2026-09-24T08:01:44.270008+00:00
9825,0.627,2026-09-24T08:01:44.272712+00:00
9826,0.708,2026-09-24T08:01:44.275579+00:00
9827,0.763,2026-09-24T08:01:44.278458+00:00
9828,0.554,2026-09-24T08:01:44.281139+00:00
9829,0.475,2026-09-24T08:01:44.283695+00:00
9830,0.521,2026-09-24T08:01:44.286270+00:00
9831,0.462,2026-09-24T08:01:44.288834+00:00
9832,0.481,2026-09-24T08:01:44.291356+00:00
9833,0.448,2026-09-24T08:01:44.293844+00:00
9834,0.481,2026-09-24T08:01:44.296391+00:00
9835,0.618,2026-09-24T08:01:44.299073+00:00
9836,0.442,2026-09-24T08:01:44.301429+00:00
9837,0.5720000000000001,2026-09-24T08:01:44.304091+00:00
9838,0.767,2026-09-24T08:01:44.307041+00:00
9839,0.839,2026-09-24T08:01:44.309924+00:00
9840,0.527,2026-09-24T08:01:44.312369+00:00
9841,0.477,2026-09-24T08:01:44.314887+00:00
9842,0.632,2026-09-24T08:01:44.317567+00:00
9843,0.484,2026-09-24T08:01:44.319919+00:00
9844,0.839,2026-09-24T08:01:44.322863+00:00
9845,0.48500000000000004,2026-09-24T08:01:44.325352+00:00
9846,0.484,2026-09-24T08:01:44.327862+00:00
9847,0.608,2026-09-24T08:01:44.330491+00:00
9848,0.522,2026-09-24T08:01:44.332870+00:00
9849,0.46900000000000003,2026-09-24T08:01:44.335297+00:00
9850,0.5379999999999999,2026-09-24T08:01:44.337792+00:00
9851,0.5670000000000001,2026-09-24T08:01:44.340272+00:00
9852,0.525,2026-09-24T08:01:44.342693+00:00
9853,0.45,2026-09-24T08:01:44.345059+00:00
9854,0.465,2026-09-24T08:01:44.347487+00:00
9855,0.47,2026-09-24T08:01:44.349897+00:00
9856,0.5630000000000001,2026-09-24T08:01:44.352430+00:00
9857,0.522,2026-09-24T08:01:44.354944+00:00
9858,0.522,2026-09-24T08:01:44.357454+00:00
9859,0.5,2026-09-24T08:01:44.359950+00:00
9860,0.512,2026-09-24T08:01:44.362472+00:00
9861,0.505,2026-09-24T08:01:44.364964+00:00
9862,0.506,2026-09-24T08:01:44.367469+00:00
9863,0.496,2026-09-24T08:01:44.369962+00:00
9864,0.521,2026-09-24T08:01:44.372486+00:00
9865,0.616,2026-09-24T08:01:44.375089+00:00
9866,0.9700000000000001,2026-09-24T08:01:44.377982+00:00
9867,0.616,2026-09-24T08:01:44.380542+00:00
9868,0.488,2026-09-24T08:01:44.383042+00:00
9869,0.448,2026-09-24T08:01:44.385507+00:00
9870,0.42700000000000005,2026-09-24T08:01:44.387950+00:00
9871,0.416,2026-09-24T08:01:44.390372+00:00
9872,0.566,2026-09-24T08:01:44.392952+00:00
9873,0.5,2026-09-24T08:01:44.395541+00:00
9874,0.525,2026-09-24T08:01:44.398151+00:00
9875,0.51,2026-09-24T08:01:44.400740+00:00
9876,0.40299999999999997,2026-09-24T08:01:44.403154+00:00
9877,0.588,2026-09-24T08:01:44.405801+00:00
9878,0.509,2026-09-24T08:01:44.408217+00:00
9879,0.40499999999999997,2026-09-24T08:01:44.410587+00:00
9880,0.36900000000000005,2026-09-24T08:01:44.412982+00:00
9881,0.376,2026-09-24T08:01:44.415470+00:00
9882,0.458,2026-09-24T08:01:44.418107+00:00
9883,0.479,2026-09-24T08:01:44.420542+00:00
9884,0.453,2026-09-24T08:01:44.422952+00:00
9885,0.414,2026-09-24T08:01:44.425324+00:00
9886,0.379,2026-09-24T08:01:44.427712+00:00
9887,0.373,2026-09-24T08:01:44.430119+00:00
9888,0.377,2026-09-24T08:01:44.432520+00:00
9889,0.372,2026-09-24T08:01:44.434933+00:00
9890,0.363,2026-09-24T08:01:44.437331+00:00
9891,0.376,2026-09-24T08:01:44.439743+00:00
9892,0.365,2026-09-24T08:01:44.442144+00:00
9893,0.376,2026-09-24T08:01:44.444549+00:00
9894,0.365,2026-09-24T08:01:44.446951+00:00
9895,0.373,2026-09-24T08:01:44.449358+00:00
9896,0.386,2026-09-24T08:01:44.451785+00:00
9897,0.381,2026-09-24T08:01:44.454199+00:00
9898,0.40099999999999997,2026-09-24T08:01:44.456636+00:00
9899,0.373,2026-09-24T08:01:44.459035+00:00
9900,0.412,2026-09-24T08:01:44.461476+00:00
9901,0.375,2026-09-24T08:01:44.463862+00:00
9902,0.434,2026-09-24T08:01:44.466323+00:00
9903,0.381,2026-09-24T08:01:44.468694+00:00
9904,0.373,2026-09-24T08:01:44.471095+00:00
9905,0.383,2026-09-24T08:01:44.473513+00:00
9906,0.37,2026-09-24T08:01:44.475904+00:00
9907,0.36200000000000004,2026-09-24T08:01:44.478301+00:00
9908,0.37,2026-09-24T08:01:44.480701+00:00
9909,0.422,2026-09-24T08:01:44.483158+00:00
9910,0.58,2026-09-24T08:01:44.485720+00:00
9911,0.75,2026-09-24T08:01:44.488485+00:00
9912,0.6449999999999999,2026-09-24T08:01:44.491082+00:00
9913,0.583,2026-09-24T08:01:44.493743+00:00
9914,0.453,2026-09-24T08:01:44.496255+00:00
9915,0.587,2026-09-24T08:01:44.498921+00:00
9916,0.8,2026-09-24T08:01:44.501724+00:00
9917,0.9890000000000001,2026-09-24T08:01:44.504599+00:00
9918,0.8130000000000001,2026-09-24T08:01:44.507350+00:00
9919,0.755,2026-09-24T08:01:44.510198+00:00
9920,0.728,2026-09-24T08:01:44.513006+00:00
9921,0.628,2026-09-24T08:01:44.515649+00:00
9922,0.578,2026-09-24T08:01:44.518263+00:00
9923,0.5609999999999999,2026-09-24T08:01:44.520846+00:00
9924,0.646,2026-09-24T08:01:44.523668+00:00
9925,0.653,2026-09-24T08:01:44.526353+00:00
9926,0.755,2026-09-24T08:01:44.529173+00:00
9927,0.6819999999999999,2026-09-24T08:01:44.531789+00:00
9928,0.598,2026-09-24T08:01:44.534398+00:00
9929,0.5469999999999999,2026-09-24T08:01:44.536965+00:00
9930,0.484,2026-09-24T08:01:44.539507+00:00
9931,0.456,2026-09-24T08:01:44.542093+00:00
9932,0.5860000000000001,2026-09-24T08:01:44.544748+00:00
9933,0.488,2026-09-24T08:01:44.547181+00:00
9934,0.588,2026-09-24T08:01:44.549802+00:00
9935,0.47,2026-09-24T08:01:44.552273+00:00
9936,0.49200000000000005,2026-09-24T08:01:44.554799+00:00
9937,0.448,2026-09-24T08:01:44.557308+00:00
9938,0.879,2026-09-24T08:01:44.560240+00:00
9939,0.678,2026-09-24T08:01:44.562971+00:00
9940,0.5599999999999999,2026-09-24T08:01:44.565513+00:00
9941,0.669,2026-09-24T08:01:44.568255+00:00
9942,0.48000000000000004,2026-09-24T08:01:44.570744+00:00
9943,0.422,2026-09-24T08:01:44.573195+00:00
9944,0.47600000000000003,2026-09-24T08:01:44.575700+00:00
9945,0.442,2026-09-24T08:01:44.578161+00:00
9946,0.474,2026-09-24T08:01:44.580661+00:00
9947,0.588,2026-09-24T08:01:44.583287+00:00
9948,0.732,2026-09-24T08:01:44.586161+00:00
9949,0.5630000000000001,2026-09-24T08:01:44.588831+00:00
9950,0.5519999999999999,2026-09-24T08:01:44.591470+00:00
9951,0.484,2026-09-24T08:01:44.594032+00:00
9952,0.5479999999999999,2026-09-24T08:01:44.596652+00:00
9953,0.457,2026-09-24T08:01:44.599176+00:00
9954,0.51,2026-09-24T08:01:44.601761+00:00
9955,0.562,2026-09-24T08:01:44.604390+00:00
9956,0.51,2026-09-24T08:01:44.606932+00:00
9957,0.808,2026-09-24T08:01:44.609802+00:00
9958,0.661,2026-09-24T08:01:44.612437+00:00
9959,0.514,2026-09-24T08:01:44.614963+00:00
9960,0.5770000000000001,2026-09-24T08:01:44.617602+00:00
9961,0.49700000000000005,2026-09-24T08:01:44.620109+00:00
9962,0.503,2026-09-24T08:01:44.622702+00:00
9963,0.49799999999999994,2026-09-24T08:01:44.625299+00:00
9964,0.687,2026-09-24T08:01:44.628079+00:00
9965,0.601,2026-09-24T08:01:44.630647+00:00
9966,0.5900000000000001,2026-09-24T08:01:44.633262+00:00
9967,1.003,2026-09-24T08:01:44.636343+00:00
9968,0.716,2026-09-24T08:01:44.639197+00:00
9969,0.622,2026-09-24T08:01:44.641828+00:00
9970,0.623,2026-09-24T08:01:44.644495+00:00
9971,0.609,2026-09-24T08:01:44.647135+00:00
9972,0.594,2026-09-24T08:01:44.649759+00:00
9973,0.592,2026-09-24T08:01:44.652387+00:00
9974,0.884,2026-09-24T08:01:44.655299+00:00
9975,0.75,2026-09-24T08:01:44.658068+00:00
9976,0.6669999999999999,2026-09-24T08:01:44.660697+00:00
9977,0.623,2026-09-24T08:01:44.663274+00:00
9978,0.703,2026-09-24T08:01:44.665918+00:00
9979,0.709,2026-09-24T08:01:44.668618+00:00
9980,0.644,2026-09-24T08:01:44.671232+00:00
9981,0.656,2026-09-24T08:01:44.673852+00:00
9982,0.6449999999999999,2026-09-24T08:01:44.676442+00:00
9983,0.625,2026-09-24T08:01:44.679033+00:00
9984,0.6629999999999999,2026-09-24T08:01:44.681681+00:00
9985,0.628,2026-09-24T08:01:44.684236+00:00
9986,0.629,2026-09-24T08:01:44.686801+00:00
9987,0.625,2026-09-24T08:01:44.689343+00:00
9988,0.718,2026-09-24T08:01:44.691995+00:00
9989,0.662,2026-09-24T08:01:44.694580+00:00
9990,0.603,2026-09-24T08:01:44.697117+00:00
9991,0.593,2026-09-24T08:01:44.699769+00:00
9992,0.624,2026-09-24T08:01:44.702389+00:00
9993,0.5559999999999999,2026-09-24T08:01:44.704935+00:00
9994,0.639,2026-09-24T08:01:44.707512+00:00
9995,0.5109999999999999,2026-09-24T08:01:44.709883+00:00
9996,0.424,2026-09-24T08:01:44.712299+00:00
9997,0.601,2026-09-24T08:01:44.714922+00:00
9998,0.501,2026-09-24T08:01:44.717267+00:00
9999,0.585,2026-09-24T08:01:44.719792+00:00
10000,0.41300000000000003,2026-09-24T08:01:44.722181+00:00
10001,0.412,2026-09-24T08:01:44.724621+00:00
10002,0.392,2026-09-24T08:01:44.727043+00:00
10003,0.82,2026-09-24T08:01:44.729940+00:00
10004,0.523,2026-09-24T08:01:44.732548+00:00
10005,0.477,2026-09-24T08:01:44.735096+00:00
10006,0.6130000000000001,2026-09-24T08:01:44.737810+00:00
10007,0.9909999999999999,2026-09-24T08:01:44.740734+00:00
10008,0.855,2026-09-24T08:01:44.743773+00:00
10009,0.7789999999999999,2026-09-24T08:01:44.746687+00:00
10010,0.539,2026-09-24T08:01:44.749357+00:00
