seq,latency_ms,received_at
11,0.483,2026-09-24T08:17:08.783832+00:00
12,0.618,2026-09-24T08:17:08.786327+00:00
13,0.896,2026-09-24T08:17:08.789013+00:00
14,0.593,2026-09-24T08:17:08.791240+00:00
15,0.713,2026-09-24T08:17:08.793775+00:00
16,0.488,2026-09-24T08:17:08.795913+00:00
17,0.5519999999999999,2026-09-24T08:17:08.798427+00:00
18,0.525,2026-09-24T08:17:08.800888+00:00
19,0.5469999999999999,2026-09-24T08:17:08.803363+00:00
20,0.764,2026-09-24T08:17:08.806068+00:00
21,0.944,2026-09-24T08:17:08.808740+00:00
22,0.9510000000000001,2026-09-24T08:17:08.811321+00:00
23,0.58,2026-09-24T08:17:08.813675+00:00
24,0.5900000000000001,2026-09-24T08:17:08.816155+00:00
25,0.5630000000000001,2026-09-24T08:17:08.818589+00:00
26,0.5509999999999999,2026-09-24T08:17:08.820953+00:00
27,0.727,2026-09-24T08:17:08.823562+00:00
28,0.519,2026-09-24T08:17:08.825839+00:00
29,0.507,2026-09-24T08:17:08.828208+00:00
30,0.5419999999999999,2026-09-24T08:17:08.830595+00:00
31,0.506,2026-09-24T08:17:08.832922+00:00
32,0.723,2026-09-24T08:17:08.835499+00:00
33,0.606,2026-09-24T08:17:08.837899+00:00
34,0.5720000000000001,2026-09-24T08:17:08.840303+00:00
35,0.8630000000000001,2026-09-24T08:17:08.843018+00:00
36,0.6489999999999999,2026-09-24T08:17:08.845322+00:00
37,0.605,2026-09-24T08:17:08.847681+00:00
38,0.583,2026-09-24T08:17:08.850066+00:00
39,0.5609999999999999,2026-09-24T08:17:08.852437+00:00
40,0.666,2026-09-24T08:17:08.854907+00:00
41,0.627,2026-09-24T08:17:08.857307+00:00
42,0.5720000000000001,2026-09-24T08:17:08.859675+00:00
43,0.619,2026-09-24T08:17:08.862122+00:00
44,0.484,2026-09-24T08:17:08.864406+00:00
45,0.5720000000000001,2026-09-24T08:17:08.866831+00:00
46,0.537,2026-09-24T08:17:08.869217+00:00
47,0.5630000000000001,2026-09-24T08:17:08.871650+00:00
48,0.636,2026-09-24T08:17:08.874059+00:00
49,0.479,2026-09-24T08:17:08.876302+00:00
50,0.598,2026-09-24T08:17:08.878827+00:00
51,0.5680000000000001,2026-09-24T08:17:08.881273+00:00
52,0.546,2026-09-24T08:17:08.883685+00:00
53,0.6859999999999999,2026-09-24T08:17:08.886267+00:00
54,0.743,2026-09-24T08:17:08.888848+00:00
55,0.776,2026-09-24T08:17:08.891330+00:00
56,0.6759999999999999,2026-09-24T08:17:08.893823+00:00
57,0.8490000000000001,2026-09-24T08:17:08.896588+00:00
58,0.809,2026-09-24T08:17:08.899196+00:00
59,0.812,2026-09-24T08:17:08.901795+00:00
60,0.889,2026-09-24T08:17:08.904288+00:00
61,0.82,2026-09-24T08:17:08.906727+00:00
62,0.62,2026-09-24T08:17:08.909045+00:00
63,0.884,2026-09-24T08:17:08.911750+00:00
64,0.868,2026-09-24T08:17:08.914262+00:00
65,0.823,2026-09-24T08:17:08.916873+00:00
66,0.68,2026-09-24T08:17:08.919298+00:00
67,0.63,2026-09-24T08:17:08.921734+00:00
68,0.707,2026-09-24T08:17:08.924224+00:00
69,0.6449999999999999,2026-09-24T08:17:08.926726+00:00
70,0.67,2026-09-24T08:17:08.929352+00:00
71,0.8220000000000001,2026-09-24T08:17:08.932028+00:00
72,0.717,2026-09-24T08:17:08.934527+00:00
73,0.8540000000000001,2026-09-24T08:17:08.937176+00:00
74,0.628,2026-09-24T08:17:08.939503+00:00
75,0.718,2026-09-24T08:17:08.942039+00:00
76,0.6679999999999999,2026-09-24T08:17:08.944521+00:00
77,0.611,2026-09-24T08:17:08.946971+00:00
78,0.7060000000000001,2026-09-24T08:17:08.949555+00:00
79,0.732,2026-09-24T08:17:08.952067+00:00
80,0.722,2026-09-24T08:17:08.954514+00:00
81,0.6859999999999999,2026-09-24T08:17:08.956966+00:00
82,0.47100000000000003,2026-09-24T08:17:08.959219+00:00
83,0.439,2026-09-24T08:17:08.961623+00:00
84,0.45,2026-09-24T08:17:08.964020+00:00
85,0.517,2026-09-24T08:17:08.966479+00:00
86,0.553,2026-09-24T08:17:08.968867+00:00
87,0.439,2026-09-24T08:17:08.971192+00:00
88,0.44499999999999995,2026-09-24T08:17:08.973574+00:00
89,0.545,2026-09-24T08:17:08.976044+00:00
90,0.49799999999999994,2026-09-24T08:17:08.978432+00:00
91,0.8270000000000001,2026-09-24T08:17:08.981189+00:00
92,0.622,2026-09-24T08:17:08.983606+00:00
93,0.53,2026-09-24T08:17:08.985966+00:00
94,0.514,2026-09-24T08:17:08.988398+00:00
95,0.453,2026-09-24T08:17:08.990749+00:00
96,0.949,2026-09-24T08:17:08.993619+00:00
97,0.94,2026-09-24T08:17:08.996123+00:00
98,0.9520000000000001,2026-09-24T08:17:08.998800+00:00
99,0.948,2026-09-24T08:17:09.001549+00:00
100,0.864,2026-09-24T08:17:09.004102+00:00
101,0.678,2026-09-24T08:17:09.006538+00:00
102,0.7969999999999999,2026-09-24T08:17:09.009226+00:00
103,0.9319999999999999,2026-09-24T08:17:09.012009+00:00
104,0.766,2026-09-24T08:17:09.014476+00:00
105,0.9420000000000001,2026-09-24T08:17:09.017303+00:00
106,0.714,2026-09-24T08:17:09.019770+00:00
107,0.865,2026-09-24T08:17:09.022502+00:00
108,0.732,2026-09-24T08:17:09.025029+00:00
109,0.631,2026-09-24T08:17:09.027512+00:00
110,0.78,2026-09-24T08:17:09.030184+00:00
111,0.741,2026-09-24T08:17:09.032740+00:00
112,0.8809999999999999,2026-09-24T08:17:09.035431+00:00
113,0.812,2026-09-24T08:17:09.038005+00:00
114,0.766,2026-09-24T08:17:09.040571+00:00
115,0.803,2026-09-24T08:17:09.043093+00:00
116,0.5339999999999999,2026-09-24T08:17:09.045434+00:00
117,0.527,2026-09-24T08:17:09.047901+00:00
118,0.585,2026-09-24T08:17:09.050464+00:00
119,0.443,2026-09-24T08:17:09.052850+00:00
120,0.541,2026-09-24T08:17:09.055388+00:00
121,0.683,2026-09-24T08:17:09.058033+00:00
122,0.5429999999999999,2026-09-24T08:17:09.060447+00:00
123,0.678,2026-09-24T08:17:09.063088+00:00
124,0.562,2026-09-24T08:17:09.065419+00:00
125,0.48700000000000004,2026-09-24T08:17:09.067793+00:00
126,0.54,2026-09-24T08:17:09.070290+00:00
127,0.434,2026-09-24T08:17:09.072663+00:00
128,0.8360000000000001,2026-09-24T08:17:09.075486+00:00
129,0.718,2026-09-24T08:17:09.077965+00:00
130,0.5599999999999999,2026-09-24T08:17:09.080358+00:00
131,0.7150000000000001,2026-09-24T08:17:09.083008+00:00
132,0.558,2026-09-24T08:17:09.085444+00:00
133,0.5559999999999999,2026-09-24T08:17:09.087893+00:00
134,0.457,2026-09-24T08:17:09.090243+00:00
135,0.566,2026-09-24T08:17:09.092777+00:00
136,0.6920000000000001,2026-09-24T08:17:09.095366+00:00
137,0.739,2026-09-24T08:17:09.097905+00:00
138,0.578,2026-09-24T08:17:09.100315+00:00
139,0.6930000000000001,2026-09-24T08:17:09.102941+00:00
140,0.878,2026-09-24T08:17:09.105690+00:00
141,0.536,2026-09-24T08:17:09.107966+00:00
142,0.906,2026-09-24T08:17:09.110778+00:00
143,0.575,2026-09-24T08:17:09.113004+00:00
144,0.723,2026-09-24T08:17:09.115639+00:00
145,0.763,2026-09-24T08:17:09.118261+00:00
146,0.781,2026-09-24T08:17:09.120816+00:00
147,0.601,2026-09-24T08:17:09.123131+00:00
148,0.928,2026-09-24T08:17:09.125966+00:00
149,0.5630000000000001,2026-09-24T08:17:09.128310+00:00
150,0.6719999999999999,2026-09-24T08:17:09.130912+00:00
151,0.721,2026-09-24T08:17:09.133598+00:00
152,0.916,2026-09-24T08:17:09.136387+00:00
153,0.6970000000000001,2026-09-24T08:17:09.138871+00:00
154,0.644,2026-09-24T08:17:09.141432+00:00
155,0.796,2026-09-24T08:17:09.144203+00:00
156,0.9309999999999999,2026-09-24T08:17:09.146952+00:00
157,0.5609999999999999,2026-09-24T08:17:09.149286+00:00
158,0.757,2026-09-24T08:17:09.151986+00:00
159,0.664,2026-09-24T08:17:09.154528+00:00
160,0.6819999999999999,2026-09-24T08:17:09.157147+00:00
161,1.1260000000000001,2026-09-24T08:17:09.160182+00:00
162,0.76,2026-09-24T08:17:09.162608+00:00
163,0.8540000000000001,2026-09-24T08:17:09.165304+00:00
164,0.619,2026-09-24T08:17:09.167668+00:00
165,0.5950000000000001,2026-09-24T08:17:09.170129+00:00
166,0.559,2026-09-24T08:17:09.172558+00:00
167,0.599,2026-09-24T08:17:09.175000+00:00
168,0.481,2026-09-24T08:17:09.177335+00:00
169,0.6040000000000001,2026-09-24T08:17:09.179841+00:00
170,0.644,2026-09-24T08:17:09.182347+00:00
171,0.6489999999999999,2026-09-24T08:17:09.184850+00:00
172,0.519,2026-09-24T08:17:09.187145+00:00
173,0.8350000000000001,2026-09-24T08:17:09.189837+00:00
174,0.773,2026-09-24T08:17:09.192394+00:00
175,0.9219999999999999,2026-09-24T08:17:09.195053+00:00
176,0.7879999999999999,2026-09-24T08:17:09.197565+00:00
177,0.864,2026-09-24T08:17:09.200228+00:00
178,0.874,2026-09-24T08:17:09.202815+00:00
179,0.761,2026-09-24T08:17:09.205271+00:00
180,1.001,2026-09-24T08:17:09.208035+00:00
181,0.857,2026-09-24T08:17:09.210752+00:00
182,0.869,2026-09-24T08:17:09.213674+00:00
183,0.759,2026-09-24T08:17:09.216408+00:00
184,0.6890000000000001,2026-09-24T08:17:09.218943+00:00
185,0.6,2026-09-24T08:17:09.221403+00:00
186,0.735,2026-09-24T08:17:09.224069+00:00
187,0.5429999999999999,2026-09-24T08:17:09.226541+00:00
188,0.664,2026-09-24T08:17:09.229108+00:00
189,0.544,2026-09-24T08:17:09.231567+00:00
190,0.612,2026-09-24T08:17:09.234076+00:00
191,0.65,2026-09-24T08:17:09.236609+00:00
192,0.554,2026-09-24T08:17:09.239047+00:00
193,0.515,2026-09-24T08:17:09.241468+00:00
194,0.49700000000000005,2026-09-24T08:17:09.243874+00:00
195,0.539,2026-09-24T08:17:09.246367+00:00
196,0.661,2026-09-24T08:17:09.248926+00:00
197,0.5509999999999999,2026-09-24T08:17:09.251332+00:00
198,0.528,2026-09-24T08:17:09.253785+00:00
199,0.515,2026-09-24T08:17:09.256219+00:00
200,0.562,2026-09-24T08:17:09.258714+00:00
201,0.6489999999999999,2026-09-24T08:17:09.261251+00:00
202,0.786,2026-09-24T08:17:09.263898+00:00
203,0.823,2026-09-24T08:17:09.266585+00:00
204,0.8720000000000001,2026-09-24T08:17:09.269184+00:00
205,0.8,2026-09-24T08:17:09.271738+00:00
206,0.777,2026-09-24T08:17:09.274213+00:00
207,0.784,2026-09-24T08:17:09.276703+00:00
208,0.791,2026-09-24T08:17:09.279225+00:00
209,0.829,2026-09-24T08:17:09.281808+00:00
210,0.739,2026-09-24T08:17:09.284245+00:00
211,1.087,2026-09-24T08:17:09.287087+00:00
212,0.912,2026-09-24T08:17:09.289550+00:00
213,0.8720000000000001,2026-09-24T08:17:09.292132+00:00
214,0.803,2026-09-24T08:17:09.294773+00:00
215,0.75,2026-09-24T08:17:09.297363+00:00
216,0.68,2026-09-24T08:17:09.299889+00:00
217,0.82,2026-09-24T08:17:09.302507+00:00
218,0.7,2026-09-24T08:17:09.304937+00:00
219,0.763,2026-09-24T08:17:09.307508+00:00
220,0.769,2026-09-24T08:17:09.310111+00:00
221,0.732,2026-09-24T08:17:09.312691+00:00
222,0.6669999999999999,2026-09-24T08:17:09.315195+00:00
223,0.992,2026-09-24T08:17:09.318078+00:00
224,2.847,2026-09-24T08:17:09.322613+00:00
225,0.6040000000000001,2026-09-24T08:17:09.325306+00:00
226,0.628,2026-09-24T08:17:09.327786+00:00
227,0.5,2026-09-24T08:17:09.330182+00:00
228,0.47,2026-09-24T08:17:09.332549+00:00
229,0.7879999999999999,2026-09-24T08:17:09.335295+00:00
230,0.675,2026-09-24T08:17:09.337681+00:00
231,0.6579999999999999,2026-09-24T08:17:09.340094+00:00
232,0.712,2026-09-24T08:17:09.342602+00:00
233,0.937,2026-09-24T08:17:09.345373+00:00
234,0.76,2026-09-24T08:17:09.347865+00:00
235,0.5680000000000001,2026-09-24T08:17:09.350194+00:00
236,0.611,2026-09-24T08:17:09.352689+00:00
237,0.47100000000000003,2026-09-24T08:17:09.355053+00:00
238,0.509,2026-09-24T08:17:09.357457+00:00
239,0.643,2026-09-24T08:17:09.359974+00:00
240,0.608,2026-09-24T08:17:09.362376+00:00
241,0.606,2026-09-24T08:17:09.364801+00:00
242,0.508,2026-09-24T08:17:09.367219+00:00
243,0.559,2026-09-24T08:17:09.369675+00:00
244,0.574,2026-09-24T08:17:09.372149+00:00
245,0.526,2026-09-24T08:17:09.374628+00:00
246,0.512,2026-09-24T08:17:09.377038+00:00
247,0.486,2026-09-24T08:17:09.379444+00:00
248,0.626,2026-09-24T08:17:09.382031+00:00
249,0.6980000000000001,2026-09-24T08:17:09.384662+00:00
250,0.636,2026-09-24T08:17:09.387151+00:00
251,0.5910000000000001,2026-09-24T08:17:09.389552+00:00
252,0.45399999999999996,2026-09-24T08:17:09.391878+00:00
253,0.8260000000000001,2026-09-24T08:17:09.394658+00:00
254,0.8350000000000001,2026-09-24T08:17:09.397127+00:00
255,0.5469999999999999,2026-09-24T08:17:09.399388+00:00
256,0.532,2026-09-24T08:17:09.401797+00:00
257,0.798,2026-09-24T08:17:09.404503+00:00
258,0.8310000000000001,2026-09-24T08:17:09.407227+00:00
259,0.61,2026-09-24T08:17:09.409580+00:00
260,0.5339999999999999,2026-09-24T08:17:09.411968+00:00
261,0.486,2026-09-24T08:17:09.414355+00:00
262,0.5,2026-09-24T08:17:09.416753+00:00
263,0.594,2026-09-24T08:17:09.419265+00:00
264,0.5419999999999999,2026-09-24T08:17:09.421722+00:00
265,0.634,2026-09-24T08:17:09.424277+00:00
266,0.555,2026-09-24T08:17:09.426629+00:00
267,0.5109999999999999,2026-09-24T08:17:09.428991+00:00
268,0.51,2026-09-24T08:17:09.431372+00:00
269,0.9420000000000001,2026-09-24T08:17:09.434188+00:00
270,0.519,2026-09-24T08:17:09.436337+00:00
271,0.588,2026-09-24T08:17:09.438770+00:00
272,0.5730000000000001,2026-09-24T08:17:09.441143+00:00
273,0.699,2026-09-24T08:17:09.443678+00:00
274,0.5199999999999999,2026-09-24T08:17:09.445947+00:00
275,0.795,2026-09-24T08:17:09.448591+00:00
276,0.555,2026-09-24T08:17:09.450771+00:00
277,0.7,2026-09-24T08:17:09.453328+00:00
278,0.555,2026-09-24T08:17:09.455628+00:00
279,0.647,2026-09-24T08:17:09.458072+00:00
280,0.42000000000000004,2026-09-24T08:17:09.460311+00:00
281,0.425,2026-09-24T08:17:09.462689+00:00
282,0.434,2026-09-24T08:17:09.465093+00:00
283,0.5770000000000001,2026-09-24T08:17:09.467627+00:00
284,0.414,2026-09-24T08:17:09.469908+00:00
285,0.5109999999999999,2026-09-24T08:17:09.472372+00:00
286,0.48500000000000004,2026-09-24T08:17:09.474816+00:00
287,0.531,2026-09-24T08:17:09.477323+00:00
288,0.502,2026-09-24T08:17:09.479762+00:00
289,0.48500000000000004,2026-09-24T08:17:09.482206+00:00
290,0.503,2026-09-24T08:17:09.484730+00:00
291,0.508,2026-09-24T08:17:09.487190+00:00
292,0.5670000000000001,2026-09-24T08:17:09.489694+00:00
293,0.771,2026-09-24T08:17:09.492454+00:00
294,0.5479999999999999,2026-09-24T08:17:09.494781+00:00
295,0.773,2026-09-24T08:17:09.497488+00:00
296,0.558,2026-09-24T08:17:09.499857+00:00
297,0.477,2026-09-24T08:17:09.502210+00:00
298,0.91,2026-09-24T08:17:09.505011+00:00
299,0.848,2026-09-24T08:17:09.507776+00:00
300,0.516,2026-09-24T08:17:09.510047+00:00
301,0.5199999999999999,2026-09-24T08:17:09.512452+00:00
302,0.839,2026-09-24T08:17:09.515138+00:00
303,0.7200000000000001,2026-09-24T08:17:09.517574+00:00
304,0.65,2026-09-24T08:17:09.519972+00:00
305,0.621,2026-09-24T08:17:09.522384+00:00
306,0.618,2026-09-24T08:17:09.524891+00:00
307,0.6970000000000001,2026-09-24T08:17:09.527429+00:00
308,0.5569999999999999,2026-09-24T08:17:09.529755+00:00
309,0.673,2026-09-24T08:17:09.532263+00:00
310,0.666,2026-09-24T08:17:09.534714+00:00
311,0.753,2026-09-24T08:17:09.537258+00:00
312,0.64,2026-09-24T08:17:09.539635+00:00
313,0.507,2026-09-24T08:17:09.541908+00:00
314,0.5339999999999999,2026-09-24T08:17:09.544397+00:00
315,0.558,2026-09-24T08:17:09.546838+00:00
316,0.43600000000000005,2026-09-24T08:17:09.549172+00:00
317,0.5770000000000001,2026-09-24T08:17:09.551674+00:00
318,0.5199999999999999,2026-09-24T08:17:09.554075+00:00
319,0.574,2026-09-24T08:17:09.556549+00:00
320,0.49200000000000005,2026-09-24T08:17:09.558890+00:00
321,0.41100000000000003,2026-09-24T08:17:09.561182+00:00
322,0.5289999999999999,2026-09-24T08:17:09.563641+00:00
323,0.555,2026-09-24T08:17:09.566057+00:00
324,0.457,2026-09-24T08:17:09.568379+00:00
325,0.683,2026-09-24T08:17:09.570976+00:00
326,0.666,2026-09-24T08:17:09.573562+00:00
327,0.7,2026-09-24T08:17:09.576131+00:00
328,0.519,2026-09-24T08:17:09.578430+00:00
329,0.536,2026-09-24T08:17:09.580832+00:00
330,0.589,2026-09-24T08:17:09.583308+00:00
331,0.626,2026-09-24T08:17:09.585786+00:00
332,0.47600000000000003,2026-09-24T08:17:09.588108+00:00
333,0.641,2026-09-24T08:17:09.590637+00:00
334,0.481,2026-09-24T08:17:09.592903+00:00
335,0.6,2026-09-24T08:17:09.595399+00:00
336,0.518,2026-09-24T08:17:09.597753+00:00
337,0.63,2026-09-24T08:17:09.600228+00:00
338,0.5,2026-09-24T08:17:09.602549+00:00
339,0.5559999999999999,2026-09-24T08:17:09.604968+00:00
340,0.494,2026-09-24T08:17:09.607301+00:00
341,0.727,2026-09-24T08:17:09.609932+00:00
342,0.9,2026-09-24T08:17:09.612705+00:00
343,0.713,2026-09-24T08:17:09.615023+00:00
344,0.7200000000000001,2026-09-24T08:17:09.617493+00:00
345,0.728,2026-09-24T08:17:09.619917+00:00
346,0.662,2026-09-24T08:17:09.622329+00:00
347,0.601,2026-09-24T08:17:09.624775+00:00
348,0.642,2026-09-24T08:17:09.627294+00:00
349,0.6980000000000001,2026-09-24T08:17:09.629801+00:00
350,0.5469999999999999,2026-09-24T08:17:09.632228+00:00
351,0.566,2026-09-24T08:17:09.634645+00:00
352,0.7789999999999999,2026-09-24T08:17:09.637210+00:00
353,0.554,2026-09-24T08:17:09.639598+00:00
354,0.657,2026-09-24T08:17:09.642149+00:00
355,0.513,2026-09-24T08:17:09.644468+00:00
356,0.484,2026-09-24T08:17:09.646916+00:00
357,0.615,2026-09-24T08:17:09.649442+00:00
358,0.763,2026-09-24T08:17:09.652055+00:00
359,0.915,2026-09-24T08:17:09.654693+00:00
360,0.759,2026-09-24T08:17:09.657022+00:00
361,0.652,2026-09-24T08:17:09.659574+00:00
362,0.6970000000000001,2026-09-24T08:17:09.662041+00:00
363,0.971,2026-09-24T08:17:09.664946+00:00
364,0.612,2026-09-24T08:17:09.667313+00:00
365,0.721,2026-09-24T08:17:09.669952+00:00
366,0.62,2026-09-24T08:17:09.672370+00:00
367,0.554,2026-09-24T08:17:09.674800+00:00
368,0.544,2026-09-24T08:17:09.677224+00:00
369,0.58,2026-09-24T08:17:09.679670+00:00
370,0.7200000000000001,2026-09-24T08:17:09.682193+00:00
371,0.69,2026-09-24T08:17:09.684666+00:00
372,0.48000000000000004,2026-09-24T08:17:09.686919+00:00
373,0.6809999999999999,2026-09-24T08:17:09.689516+00:00
374,0.6629999999999999,2026-09-24T08:17:09.691989+00:00
375,0.508,2026-09-24T08:17:09.694335+00:00
376,0.5479999999999999,2026-09-24T08:17:09.696772+00:00
377,0.532,2026-09-24T08:17:09.699207+00:00
378,0.726,2026-09-24T08:17:09.701786+00:00
379,0.53,2026-09-24T08:17:09.704084+00:00
380,0.40700000000000003,2026-09-24T08:17:09.706418+00:00
381,0.612,2026-09-24T08:17:09.709011+00:00
382,0.569,2026-09-24T08:17:09.711446+00:00
383,0.46900000000000003,2026-09-24T08:17:09.713813+00:00
384,0.432,2026-09-24T08:17:09.716184+00:00
385,0.48000000000000004,2026-09-24T08:17:09.718628+00:00
386,0.612,2026-09-24T08:17:09.721173+00:00
387,0.5559999999999999,2026-09-24T08:17:09.723604+00:00
388,0.431,2026-09-24T08:17:09.725853+00:00
389,0.65,2026-09-24T08:17:09.728464+00:00
390,0.5429999999999999,2026-09-24T08:17:09.730883+00:00
391,0.474,2026-09-24T08:17:09.733277+00:00
392,0.465,2026-09-24T08:17:09.735661+00:00
393,0.421,2026-09-24T08:17:09.738001+00:00
394,0.6539999999999999,2026-09-24T08:17:09.740596+00:00
395,0.521,2026-09-24T08:17:09.742951+00:00
396,0.46799999999999997,2026-09-24T08:17:09.745315+00:00
397,0.6589999999999999,2026-09-24T08:17:09.747877+00:00
398,0.512,2026-09-24T08:17:09.750198+00:00
399,0.674,2026-09-24T08:17:09.752735+00:00
400,0.505,2026-09-24T08:17:09.755049+00:00
401,0.49799999999999994,2026-09-24T08:17:09.757450+00:00
402,0.575,2026-09-24T08:17:09.759924+00:00
403,0.514,2026-09-24T08:17:09.762284+00:00
404,0.506,2026-09-24T08:17:09.764654+00:00
405,0.653,2026-09-24T08:17:09.767168+00:00
406,0.5820000000000001,2026-09-24T08:17:09.769528+00:00
407,0.8220000000000001,2026-09-24T08:17:09.772156+00:00
408,0.5950000000000001,2026-09-24T08:17:09.774525+00:00
409,0.5569999999999999,2026-09-24T08:17:09.777003+00:00
410,0.8220000000000001,2026-09-24T08:17:09.779777+00:00
411,0.569,2026-09-24T08:17:09.782067+00:00
412,0.465,2026-09-24T08:17:09.784380+00:00
413,0.531,2026-09-24T08:17:09.786872+00:00
414,0.43,2026-09-24T08:17:09.789211+00:00
415,0.5820000000000001,2026-09-24T08:17:09.791753+00:00
416,0.541,2026-09-24T08:17:09.794151+00:00
417,0.532,2026-09-24T08:17:09.796653+00:00
418,0.7879999999999999,2026-09-24T08:17:09.799302+00:00
419,0.6449999999999999,2026-09-24T08:17:09.801709+00:00
420,0.441,2026-09-24T08:17:09.803998+00:00
421,0.5680000000000001,2026-09-24T08:17:09.806489+00:00
422,0.456,2026-09-24T08:17:09.808802+00:00
423,0.9179999999999999,2026-09-24T08:17:09.811628+00:00
424,0.796,2026-09-24T08:17:09.814380+00:00
425,0.7879999999999999,2026-09-24T08:17:09.817007+00:00
426,0.748,2026-09-24T08:17:09.819744+00:00
427,0.6819999999999999,2026-09-24T08:17:09.822236+00:00
428,0.598,2026-09-24T08:17:09.824531+00:00
429,0.6669999999999999,2026-09-24T08:17:09.827026+00:00
430,0.705,2026-09-24T08:17:09.829549+00:00
431,0.647,2026-09-24T08:17:09.831918+00:00
432,0.49799999999999994,2026-09-24T08:17:09.834229+00:00
433,0.532,2026-09-24T08:17:09.836690+00:00
434,1.064,2026-09-24T08:17:09.839690+00:00
435,0.49299999999999994,2026-09-24T08:17:09.841585+00:00
436,0.518,2026-09-24T08:17:09.843984+00:00
437,0.75,2026-09-24T08:17:09.846606+00:00
438,0.8019999999999999,2026-09-24T08:17:09.849113+00:00
439,0.642,2026-09-24T08:17:09.851487+00:00
440,0.517,2026-09-24T08:17:09.853777+00:00
441,0.594,2026-09-24T08:17:09.856308+00:00
442,0.911,2026-09-24T08:17:09.859078+00:00
443,0.782,2026-09-24T08:17:09.861547+00:00
444,0.6589999999999999,2026-09-24T08:17:09.863885+00:00
445,0.611,2026-09-24T08:17:09.866287+00:00
446,0.812,2026-09-24T08:17:09.868946+00:00
447,0.703,2026-09-24T08:17:09.871537+00:00
448,0.82,2026-09-24T08:17:09.874192+00:00
449,0.5569999999999999,2026-09-24T08:17:09.876608+00:00
450,0.638,2026-09-24T08:17:09.879164+00:00
451,0.415,2026-09-24T08:17:09.881444+00:00
452,0.6880000000000001,2026-09-24T08:17:09.884116+00:00
453,0.832,2026-09-24T08:17:09.886849+00:00
454,0.778,2026-09-24T08:17:09.889482+00:00
455,0.852,2026-09-24T08:17:09.892186+00:00
456,0.924,2026-09-24T08:17:09.894875+00:00
457,0.643,2026-09-24T08:17:09.897316+00:00
458,1.0219999999999998,2026-09-24T08:17:09.900251+00:00
459,0.704,2026-09-24T08:17:09.902629+00:00
460,0.6719999999999999,2026-09-24T08:17:09.905029+00:00
461,1.021,2026-09-24T08:17:09.907890+00:00
462,0.967,2026-09-24T08:17:09.910467+00:00
463,0.795,2026-09-24T08:17:09.913077+00:00
464,0.911,2026-09-24T08:17:09.915841+00:00
465,1.0050000000000001,2026-09-24T08:17:09.918628+00:00
466,0.893,2026-09-24T08:17:09.921159+00:00
467,0.708,2026-09-24T08:17:09.923574+00:00
468,0.924,2026-09-24T08:17:09.926213+00:00
469,0.787,2026-09-24T08:17:09.928616+00:00
470,0.6669999999999999,2026-09-24T08:17:09.931023+00:00
471,0.861,2026-09-24T08:17:09.933720+00:00
472,0.597,2026-09-24T08:17:09.936036+00:00
473,0.612,2026-09-24T08:17:09.938619+00:00
474,0.66,2026-09-24T08:17:09.941150+00:00
475,0.513,2026-09-24T08:17:09.943469+00:00
476,0.803,2026-09-24T08:17:09.946165+00:00
477,0.5730000000000001,2026-09-24T08:17:09.948509+00:00
478,0.462,2026-09-24T08:17:09.950805+00:00
479,0.5810000000000001,2026-09-24T08:17:09.953379+00:00
480,0.43600000000000005,2026-09-24T08:17:09.955712+00:00
481,0.41300000000000003,2026-09-24T08:17:09.958119+00:00
482,0.467,2026-09-24T08:17:09.960571+00:00
483,0.443,2026-09-24T08:17:09.962970+00:00
484,0.579,2026-09-24T08:17:09.965532+00:00
485,0.479,2026-09-24T08:17:09.967875+00:00
486,0.49200000000000005,2026-09-24T08:17:09.970308+00:00
487,0.643,2026-09-24T08:17:09.972860+00:00
488,0.5630000000000001,2026-09-24T08:17:09.975299+00:00
489,0.507,2026-09-24T08:17:09.977690+00:00
490,0.541,2026-09-24T08:17:09.980154+00:00
491,0.532,2026-09-24T08:17:09.982595+00:00
492,0.584,2026-09-24T08:17:09.985074+00:00
493,0.494,2026-09-24T08:17:09.987430+00:00
494,0.6809999999999999,2026-09-24T08:17:09.990014+00:00
495,0.641,2026-09-24T08:17:09.992484+00:00
496,0.637,2026-09-24T08:17:09.994965+00:00
497,0.491,2026-09-24T08:17:09.997311+00:00
498,0.726,2026-09-24T08:17:09.999939+00:00
499,0.465,2026-09-24T08:17:10.002225+00:00
500,0.6930000000000001,2026-09-24T08:17:10.004837+00:00
501,0.5419999999999999,2026-09-24T08:17:10.007258+00:00
502,0.609,2026-09-24T08:17:10.009762+00:00
503,0.656,2026-09-24T08:17:10.012278+00:00
504,0.6629999999999999,2026-09-24T08:17:10.014758+00:00
505,0.622,2026-09-24T08:17:10.017148+00:00
506,0.746,2026-09-24T08:17:10.019738+00:00
507,0.6579999999999999,2026-09-24T08:17:10.022169+00:00
508,0.9890000000000001,2026-09-24T08:17:10.024965+00:00
509,0.597,2026-09-24T08:17:10.027252+00:00
510,0.69,2026-09-24T08:17:10.029820+00:00
511,0.5419999999999999,2026-09-24T08:17:10.032160+00:00
512,0.666,2026-09-24T08:17:10.034791+00:00
513,0.5720000000000001,2026-09-24T08:17:10.037119+00:00
514,0.619,2026-09-24T08:17:10.039622+00:00
515,0.425,2026-09-24T08:17:10.041919+00:00
516,0.48500000000000004,2026-09-24T08:17:10.044358+00:00
517,0.518,2026-09-24T08:17:10.046810+00:00
518,0.594,2026-09-24T08:17:10.049356+00:00
519,0.5599999999999999,2026-09-24T08:17:10.051809+00:00
520,0.455,2026-09-24T08:17:10.054190+00:00
521,0.6130000000000001,2026-09-24T08:17:10.056744+00:00
522,0.804,2026-09-24T08:17:10.059454+00:00
523,0.503,2026-09-24T08:17:10.061768+00:00
524,1.019,2026-09-24T08:17:10.064746+00:00
525,0.909,2026-09-24T08:17:10.067263+00:00
526,0.553,2026-09-24T08:17:10.069578+00:00
527,0.983,2026-09-24T08:17:10.072524+00:00
528,0.733,2026-09-24T08:17:10.074876+00:00
529,0.623,2026-09-24T08:17:10.077322+00:00
530,0.6769999999999999,2026-09-24T08:17:10.079910+00:00
531,0.721,2026-09-24T08:17:10.082519+00:00
532,0.948,2026-09-24T08:17:10.085270+00:00
533,0.6719999999999999,2026-09-24T08:17:10.087659+00:00
534,0.709,2026-09-24T08:17:10.090150+00:00
535,0.73,2026-09-24T08:17:10.092670+00:00
536,0.617,2026-09-24T08:17:10.095078+00:00
537,0.928,2026-09-24T08:17:10.097887+00:00
538,0.79,2026-09-24T08:17:10.100367+00:00
539,0.717,2026-09-24T08:17:10.102861+00:00
540,0.85,2026-09-24T08:17:10.105590+00:00
541,0.532,2026-09-24T08:17:10.107884+00:00
542,0.554,2026-09-24T08:17:10.110304+00:00
543,0.6130000000000001,2026-09-24T08:17:10.112791+00:00
544,0.435,2026-09-24T08:17:10.115022+00:00
545,0.665,2026-09-24T08:17:10.117648+00:00
546,0.46099999999999997,2026-09-24T08:17:10.119961+00:00
547,0.434,2026-09-24T08:17:10.122307+00:00
548,0.42000000000000004,2026-09-24T08:17:10.124658+00:00
549,0.44,2026-09-24T08:17:10.127059+00:00
550,0.5559999999999999,2026-09-24T08:17:10.129515+00:00
551,0.474,2026-09-24T08:17:10.131872+00:00
552,0.419,2026-09-24T08:17:10.134224+00:00
553,0.597,2026-09-24T08:17:10.136756+00:00
554,0.523,2026-09-24T08:17:10.139162+00:00
555,0.5199999999999999,2026-09-24T08:17:10.141573+00:00
556,0.652,2026-09-24T08:17:10.144222+00:00
557,0.48899999999999993,2026-09-24T08:17:10.146569+00:00
558,0.46900000000000003,2026-09-24T08:17:10.148957+00:00
559,0.8270000000000001,2026-09-24T08:17:10.151689+00:00
560,1.011,2026-09-24T08:17:10.154459+00:00
561,1.026,2026-09-24T08:17:10.157272+00:00
562,0.606,2026-09-24T08:17:10.159580+00:00
563,0.695,2026-09-24T08:17:10.162165+00:00
564,0.821,2026-09-24T08:17:10.164827+00:00
565,0.7649999999999999,2026-09-24T08:17:10.167335+00:00
566,0.897,2026-09-24T08:17:10.169898+00:00
567,0.531,2026-09-24T08:17:10.171981+00:00
568,0.644,2026-09-24T08:17:10.174472+00:00
569,0.516,2026-09-24T08:17:10.176761+00:00
570,0.46099999999999997,2026-09-24T08:17:10.179138+00:00
571,0.615,2026-09-24T08:17:10.181657+00:00
572,0.569,2026-09-24T08:17:10.184021+00:00
573,0.607,2026-09-24T08:17:10.186443+00:00
574,0.501,2026-09-24T08:17:10.188727+00:00
575,0.46900000000000003,2026-09-24T08:17:10.191090+00:00
576,0.554,2026-09-24T08:17:10.193529+00:00
577,0.447,2026-09-24T08:17:10.195806+00:00
578,0.47800000000000004,2026-09-24T08:17:10.198277+00:00
579,0.51,2026-09-24T08:17:10.200798+00:00
580,0.5760000000000001,2026-09-24T08:17:10.203324+00:00
581,0.525,2026-09-24T08:17:10.205840+00:00
582,0.522,2026-09-24T08:17:10.208356+00:00
583,0.45199999999999996,2026-09-24T08:17:10.210861+00:00
584,0.553,2026-09-24T08:17:10.213390+00:00
585,0.673,2026-09-24T08:17:10.215918+00:00
586,0.47,2026-09-24T08:17:10.218237+00:00
587,0.541,2026-09-24T08:17:10.220716+00:00
588,0.5289999999999999,2026-09-24T08:17:10.223128+00:00
589,0.49799999999999994,2026-09-24T08:17:10.225533+00:00
590,0.662,2026-09-24T08:17:10.228099+00:00
591,0.714,2026-09-24T08:17:10.230659+00:00
592,0.605,2026-09-24T08:17:10.233037+00:00
593,0.5760000000000001,2026-09-24T08:17:10.235482+00:00
594,0.523,2026-09-24T08:17:10.237893+00:00
595,0.512,2026-09-24T08:17:10.240292+00:00
596,0.8220000000000001,2026-09-24T08:17:10.242988+00:00
597,0.633,2026-09-24T08:17:10.245386+00:00
598,0.5479999999999999,2026-09-24T08:17:10.247716+00:00
599,0.536,2026-09-24T08:17:10.250168+00:00
600,0.642,2026-09-24T08:17:10.252702+00:00
601,0.5509999999999999,2026-09-24T08:17:10.255088+00:00
602,0.5559999999999999,2026-09-24T08:17:10.257506+00:00
603,0.6679999999999999,2026-09-24T08:17:10.260036+00:00
604,0.739,2026-09-24T08:17:10.262691+00:00
605,0.559,2026-09-24T08:17:10.265123+00:00
606,0.65,2026-09-24T08:17:10.267717+00:00
607,0.5429999999999999,2026-09-24T08:17:10.270173+00:00
608,0.7919999999999999,2026-09-24T08:17:10.272908+00:00
609,0.541,2026-09-24T08:17:10.275251+00:00
610,0.449,2026-09-24T08:17:10.277554+00:00
611,0.431,2026-09-24T08:17:10.279943+00:00
612,0.457,2026-09-24T08:17:10.282346+00:00
613,0.415,2026-09-24T08:17:10.284708+00:00
614,0.437,2026-09-24T08:17:10.287094+00:00
615,0.46599999999999997,2026-09-24T08:17:10.289531+00:00
616,0.509,2026-09-24T08:17:10.292001+00:00
617,0.505,2026-09-24T08:17:10.294437+00:00
618,0.507,2026-09-24T08:17:10.296865+00:00
619,0.5419999999999999,2026-09-24T08:17:10.299356+00:00
620,0.423,2026-09-24T08:17:10.301686+00:00
621,0.472,2026-09-24T08:17:10.304126+00:00
622,0.45899999999999996,2026-09-24T08:17:10.306483+00:00
623,0.535,2026-09-24T08:17:10.308938+00:00
624,0.518,2026-09-24T08:17:10.311365+00:00
625,0.516,2026-09-24T08:17:10.313784+00:00
626,0.46099999999999997,2026-09-24T08:17:10.316140+00:00
627,0.603,2026-09-24T08:17:10.318651+00:00
628,0.41800000000000004,2026-09-24T08:17:10.320918+00:00
629,0.528,2026-09-24T08:17:10.323400+00:00
630,0.483,2026-09-24T08:17:10.325750+00:00
631,0.512,2026-09-24T08:17:10.328168+00:00
632,0.5720000000000001,2026-09-24T08:17:10.330604+00:00
633,0.47100000000000003,2026-09-24T08:17:10.332896+00:00
634,0.467,2026-09-24T08:17:10.335260+00:00
635,0.45399999999999996,2026-09-24T08:17:10.337606+00:00
636,0.519,2026-09-24T08:17:10.340057+00:00
637,0.629,2026-09-24T08:17:10.342534+00:00
638,0.526,2026-09-24T08:17:10.344851+00:00
639,0.973,2026-09-24T08:17:10.347692+00:00
640,0.723,2026-09-24T08:17:10.349934+00:00
641,0.771,2026-09-24T08:17:10.352435+00:00
642,0.735,2026-09-24T08:17:10.354859+00:00
643,0.859,2026-09-24T08:17:10.357449+00:00
644,0.513,2026-09-24T08:17:10.359714+00:00
645,0.5640000000000001,2026-09-24T08:17:10.362202+00:00
646,0.49799999999999994,2026-09-24T08:17:10.364572+00:00
647,0.6589999999999999,2026-09-24T08:17:10.367190+00:00
648,0.5479999999999999,2026-09-24T08:17:10.369633+00:00
649,0.571,2026-09-24T08:17:10.372108+00:00
650,0.606,2026-09-24T08:17:10.374586+00:00
651,0.464,2026-09-24T08:17:10.376893+00:00
652,0.565,2026-09-24T08:17:10.379371+00:00
653,0.46099999999999997,2026-09-24T08:17:10.381768+00:00
654,0.483,2026-09-24T08:17:10.384167+00:00
655,0.593,2026-09-24T08:17:10.386671+00:00
656,0.628,2026-09-24T08:17:10.389133+00:00
657,0.5289999999999999,2026-09-24T08:17:10.391500+00:00
658,0.51,2026-09-24T08:17:10.393890+00:00
659,0.525,2026-09-24T08:17:10.396316+00:00
660,0.648,2026-09-24T08:17:10.398838+00:00
661,0.49,2026-09-24T08:17:10.401137+00:00
662,0.501,2026-09-24T08:17:10.403504+00:00
663,0.69,2026-09-24T08:17:10.406055+00:00
664,0.907,2026-09-24T08:17:10.408778+00:00
665,0.62,2026-09-24T08:17:10.411166+00:00
666,0.5599999999999999,2026-09-24T08:17:10.413579+00:00
667,0.544,2026-09-24T08:17:10.415947+00:00
668,0.623,2026-09-24T08:17:10.418406+00:00
669,0.619,2026-09-24T08:17:10.420839+00:00
670,0.48899999999999993,2026-09-24T08:17:10.423166+00:00
671,0.496,2026-09-24T08:17:10.425520+00:00
672,0.861,2026-09-24T08:17:10.428235+00:00
673,0.728,2026-09-24T08:17:10.430673+00:00
674,0.789,2026-09-24T08:17:10.433304+00:00
675,0.841,2026-09-24T08:17:10.435860+00:00
676,0.884,2026-09-24T08:17:10.438598+00:00
677,0.671,2026-09-24T08:17:10.441252+00:00
678,0.5339999999999999,2026-09-24T08:17:10.443652+00:00
679,0.515,2026-09-24T08:17:10.446092+00:00
680,0.638,2026-09-24T08:17:10.448675+00:00
681,0.43,2026-09-24T08:17:10.450986+00:00
682,0.671,2026-09-24T08:17:10.453610+00:00
683,0.787,2026-09-24T08:17:10.456181+00:00
684,0.594,2026-09-24T08:17:10.458571+00:00
685,0.519,2026-09-24T08:17:10.460955+00:00
686,0.491,2026-09-24T08:17:10.463325+00:00
687,0.512,2026-09-24T08:17:10.465733+00:00
688,0.6920000000000001,2026-09-24T08:17:10.468332+00:00
689,0.5720000000000001,2026-09-24T08:17:10.470744+00:00
690,0.68,2026-09-24T08:17:10.473326+00:00
691,0.848,2026-09-24T08:17:10.475985+00:00
692,0.83,2026-09-24T08:17:10.478641+00:00
693,0.8260000000000001,2026-09-24T08:17:10.481219+00:00
694,0.791,2026-09-24T08:17:10.483697+00:00
695,1.088,2026-09-24T08:17:10.486622+00:00
696,0.815,2026-09-24T08:17:10.489075+00:00
697,0.607,2026-09-24T08:17:10.491391+00:00
698,0.719,2026-09-24T08:17:10.494012+00:00
699,0.887,2026-09-24T08:17:10.496688+00:00
700,1.027,2026-09-24T08:17:10.499361+00:00
701,0.786,2026-09-24T08:17:10.501907+00:00
702,0.7969999999999999,2026-09-24T08:17:10.504468+00:00
703,0.9259999999999999,2026-09-24T08:17:10.507038+00:00
704,0.759,2026-09-24T08:17:10.509506+00:00
705,0.95,2026-09-24T08:17:10.512243+00:00
706,0.661,2026-09-24T08:17:10.514491+00:00
707,0.647,2026-09-24T08:17:10.516878+00:00
708,0.615,2026-09-24T08:17:10.519318+00:00
709,0.464,2026-09-24T08:17:10.521588+00:00
710,0.531,2026-09-24T08:17:10.524077+00:00
711,0.565,2026-09-24T08:17:10.526530+00:00
712,0.5199999999999999,2026-09-24T08:17:10.528910+00:00
713,0.467,2026-09-24T08:17:10.531267+00:00
714,0.479,2026-09-24T08:17:10.533684+00:00
715,0.565,2026-09-24T08:17:10.536175+00:00
716,0.481,2026-09-24T08:17:10.538582+00:00
717,0.39,2026-09-24T08:17:10.540900+00:00
718,0.45399999999999996,2026-09-24T08:17:10.543280+00:00
719,0.491,2026-09-24T08:17:10.545693+00:00
720,0.525,2026-09-24T08:17:10.548124+00:00
721,0.494,2026-09-24T08:17:10.550510+00:00
722,0.451,2026-09-24T08:17:10.552843+00:00
723,0.5730000000000001,2026-09-24T08:17:10.555322+00:00
724,0.579,2026-09-24T08:17:10.557775+00:00
725,0.441,2026-09-24T08:17:10.560074+00:00
726,0.5720000000000001,2026-09-24T08:17:10.562536+00:00
727,0.481,2026-09-24T08:17:10.564866+00:00
728,0.642,2026-09-24T08:17:10.567391+00:00
729,0.5680000000000001,2026-09-24T08:17:10.569664+00:00
730,0.525,2026-09-24T08:17:10.571954+00:00
731,0.755,2026-09-24T08:17:10.574526+00:00
732,0.5379999999999999,2026-09-24T08:17:10.576749+00:00
733,0.47300000000000003,2026-09-24T08:17:10.579072+00:00
734,0.6589999999999999,2026-09-24T08:17:10.581610+00:00
735,0.58,2026-09-24T08:17:10.583982+00:00
736,0.549,2026-09-24T08:17:10.586360+00:00
737,0.652,2026-09-24T08:17:10.588847+00:00
738,0.49299999999999994,2026-09-24T08:17:10.591124+00:00
739,0.771,2026-09-24T08:17:10.593765+00:00
740,0.464,2026-09-24T08:17:10.595887+00:00
741,0.483,2026-09-24T08:17:10.598266+00:00
742,0.635,2026-09-24T08:17:10.600747+00:00
743,0.5760000000000001,2026-09-24T08:17:10.603224+00:00
744,0.6759999999999999,2026-09-24T08:17:10.605930+00:00
745,0.465,2026-09-24T08:17:10.608362+00:00
746,0.628,2026-09-24T08:17:10.611026+00:00
747,0.65,2026-09-24T08:17:10.613665+00:00
748,0.527,2026-09-24T08:17:10.616193+00:00
749,0.602,2026-09-24T08:17:10.618822+00:00
750,0.57,2026-09-24T08:17:10.621318+00:00
751,0.731,2026-09-24T08:17:10.624058+00:00
752,0.505,2026-09-24T08:17:10.626442+00:00
753,0.587,2026-09-24T08:17:10.628919+00:00
754,0.4,2026-09-24T08:17:10.631265+00:00
755,0.526,2026-09-24T08:17:10.633742+00:00
756,0.7060000000000001,2026-09-24T08:17:10.636334+00:00
757,0.5429999999999999,2026-09-24T08:17:10.638744+00:00
758,0.43,2026-09-24T08:17:10.641006+00:00
759,0.5900000000000001,2026-09-24T08:17:10.643529+00:00
760,0.694,2026-09-24T08:17:10.646073+00:00
761,0.628,2026-09-24T08:17:10.648526+00:00
762,0.447,2026-09-24T08:17:10.650834+00:00
763,0.969,2026-09-24T08:17:10.653756+00:00
764,0.74,2026-09-24T08:17:10.656165+00:00
765,0.6920000000000001,2026-09-24T08:17:10.658666+00:00
766,0.558,2026-09-24T08:17:10.660981+00:00
767,0.66,2026-09-24T08:17:10.663507+00:00
768,0.541,2026-09-24T08:17:10.665857+00:00
769,0.621,2026-09-24T08:17:10.668318+00:00
770,0.553,2026-09-24T08:17:10.670701+00:00
771,0.574,2026-09-24T08:17:10.673135+00:00
772,0.6920000000000001,2026-09-24T08:17:10.675677+00:00
773,0.629,2026-09-24T08:17:10.678052+00:00
774,0.805,2026-09-24T08:17:10.680676+00:00
775,0.40299999999999997,2026-09-24T08:17:10.682832+00:00
776,0.49299999999999994,2026-09-24T08:17:10.685321+00:00
777,0.5419999999999999,2026-09-24T08:17:10.687782+00:00
778,0.54,2026-09-24T08:17:10.690277+00:00
779,0.46099999999999997,2026-09-24T08:17:10.692630+00:00
780,0.521,2026-09-24T08:17:10.695079+00:00
781,0.531,2026-09-24T08:17:10.697542+00:00
782,0.516,2026-09-24T08:17:10.699940+00:00
783,0.539,2026-09-24T08:17:10.702437+00:00
784,0.597,2026-09-24T08:17:10.704970+00:00
785,0.571,2026-09-24T08:17:10.707544+00:00
786,0.39,2026-09-24T08:17:10.709902+00:00
787,0.665,2026-09-24T08:17:10.712640+00:00
788,0.5609999999999999,2026-09-24T08:17:10.715160+00:00
789,0.751,2026-09-24T08:17:10.717882+00:00
790,0.641,2026-09-24T08:17:10.720365+00:00
791,0.6449999999999999,2026-09-24T08:17:10.722938+00:00
792,0.47,2026-09-24T08:17:10.725272+00:00
793,0.522,2026-09-24T08:17:10.727693+00:00
794,0.5289999999999999,2026-09-24T08:17:10.730117+00:00
795,0.636,2026-09-24T08:17:10.732736+00:00
796,0.585,2026-09-24T08:17:10.735255+00:00
797,0.6920000000000001,2026-09-24T08:17:10.737884+00:00
798,0.79,2026-09-24T08:17:10.740519+00:00
799,0.678,2026-09-24T08:17:10.743039+00:00
800,0.565,2026-09-24T08:17:10.745447+00:00
801,0.553,2026-09-24T08:17:10.747885+00:00
802,0.47300000000000003,2026-09-24T08:17:10.750265+00:00
803,0.524,2026-09-24T08:17:10.752698+00:00
804,0.5339999999999999,2026-09-24T08:17:10.755081+00:00
805,0.601,2026-09-24T08:17:10.757542+00:00
806,0.6819999999999999,2026-09-24T08:17:10.760031+00:00
807,0.5469999999999999,2026-09-24T08:17:10.762374+00:00
808,0.571,2026-09-24T08:17:10.764779+00:00
809,0.425,2026-09-24T08:17:10.767113+00:00
810,0.53,2026-09-24T08:17:10.769651+00:00
811,0.48700000000000004,2026-09-24T08:17:10.772117+00:00
812,0.484,2026-09-24T08:17:10.774520+00:00
813,0.48500000000000004,2026-09-24T08:17:10.776907+00:00
814,0.618,2026-09-24T08:17:10.779490+00:00
815,0.47100000000000003,2026-09-24T08:17:10.781813+00:00
816,0.5720000000000001,2026-09-24T08:17:10.784318+00:00
817,0.447,2026-09-24T08:17:10.786634+00:00
818,0.382,2026-09-24T08:17:10.788942+00:00
819,0.45399999999999996,2026-09-24T08:17:10.791349+00:00
820,0.47800000000000004,2026-09-24T08:17:10.793734+00:00
821,0.46599999999999997,2026-09-24T08:17:10.796109+00:00
822,0.541,2026-09-24T08:17:10.798549+00:00
823,0.47100000000000003,2026-09-24T08:17:10.800871+00:00
824,0.566,2026-09-24T08:17:10.803336+00:00
825,0.64,2026-09-24T08:17:10.805850+00:00
826,0.488,2026-09-24T08:17:10.808234+00:00
827,0.5810000000000001,2026-09-24T08:17:10.810711+00:00
828,0.48899999999999993,2026-09-24T08:17:10.813050+00:00
829,0.443,2026-09-24T08:17:10.815380+00:00
830,0.437,2026-09-24T08:17:10.817722+00:00
831,0.592,2026-09-24T08:17:10.820221+00:00
832,0.68,2026-09-24T08:17:10.822736+00:00
833,0.443,2026-09-24T08:17:10.824963+00:00
834,0.46799999999999997,2026-09-24T08:17:10.827353+00:00
835,0.46299999999999997,2026-09-24T08:17:10.829715+00:00
836,0.456,2026-09-24T08:17:10.832069+00:00
837,0.5419999999999999,2026-09-24T08:17:10.834497+00:00
838,0.48000000000000004,2026-09-24T08:17:10.836850+00:00
839,0.65,2026-09-24T08:17:10.839400+00:00
840,0.464,2026-09-24T08:17:10.841662+00:00
841,0.5760000000000001,2026-09-24T08:17:10.844116+00:00
842,0.43600000000000005,2026-09-24T08:17:10.846330+00:00
843,0.397,2026-09-24T08:17:10.848666+00:00
844,0.373,2026-09-24T08:17:10.851007+00:00
845,0.467,2026-09-24T08:17:10.853443+00:00
846,0.494,2026-09-24T08:17:10.855812+00:00
847,0.634,2026-09-24T08:17:10.858337+00:00
848,0.6629999999999999,2026-09-24T08:17:10.860820+00:00
849,0.5609999999999999,2026-09-24T08:17:10.863187+00:00
850,0.49200000000000005,2026-09-24T08:17:10.865533+00:00
851,0.481,2026-09-24T08:17:10.867852+00:00
852,0.718,2026-09-24T08:17:10.870441+00:00
853,0.47300000000000003,2026-09-24T08:17:10.872668+00:00
854,0.5109999999999999,2026-09-24T08:17:10.875055+00:00
855,0.6449999999999999,2026-09-24T08:17:10.877550+00:00
856,0.7879999999999999,2026-09-24T08:17:10.880105+00:00
857,0.669,2026-09-24T08:17:10.882501+00:00
858,0.773,2026-09-24T08:17:10.885041+00:00
859,0.633,2026-09-24T08:17:10.887295+00:00
860,0.579,2026-09-24T08:17:10.889693+00:00
861,0.494,2026-09-24T08:17:10.892051+00:00
862,0.53,2026-09-24T08:17:10.894429+00:00
863,0.508,2026-09-24T08:17:10.896779+00:00
864,0.505,2026-09-24T08:17:10.899131+00:00
865,0.732,2026-09-24T08:17:10.901702+00:00
866,0.579,2026-09-24T08:17:10.903978+00:00
867,0.859,2026-09-24T08:17:10.906644+00:00
868,0.787,2026-09-24T08:17:10.909224+00:00
869,0.647,2026-09-24T08:17:10.911696+00:00
870,0.733,2026-09-24T08:17:10.914289+00:00
871,0.517,2026-09-24T08:17:10.916694+00:00
872,0.512,2026-09-24T08:17:10.919169+00:00
873,0.758,2026-09-24T08:17:10.921892+00:00
874,0.596,2026-09-24T08:17:10.924372+00:00
875,0.559,2026-09-24T08:17:10.926952+00:00
876,0.5630000000000001,2026-09-24T08:17:10.929506+00:00
877,0.9129999999999999,2026-09-24T08:17:10.932424+00:00
878,0.731,2026-09-24T08:17:10.934918+00:00
879,0.5760000000000001,2026-09-24T08:17:10.937342+00:00
880,0.5479999999999999,2026-09-24T08:17:10.939756+00:00
881,0.49799999999999994,2026-09-24T08:17:10.942119+00:00
882,0.483,2026-09-24T08:17:10.944472+00:00
883,0.588,2026-09-24T08:17:10.946924+00:00
884,0.695,2026-09-24T08:17:10.949440+00:00
885,0.743,2026-09-24T08:17:10.951945+00:00
886,0.501,2026-09-24T08:17:10.954189+00:00
887,0.588,2026-09-24T08:17:10.956627+00:00
888,0.6679999999999999,2026-09-24T08:17:10.959091+00:00
889,0.747,2026-09-24T08:17:10.961721+00:00
890,0.8019999999999999,2026-09-24T08:17:10.964327+00:00
891,0.599,2026-09-24T08:17:10.966603+00:00
892,1.044,2026-09-24T08:17:10.969466+00:00
893,1.077,2026-09-24T08:17:10.971965+00:00
894,0.764,2026-09-24T08:17:10.974313+00:00
895,0.599,2026-09-24T08:17:10.976710+00:00
896,0.723,2026-09-24T08:17:10.979226+00:00
897,0.704,2026-09-24T08:17:10.981659+00:00
898,0.714,2026-09-24T08:17:10.984112+00:00
899,0.757,2026-09-24T08:17:10.986672+00:00
900,0.7969999999999999,2026-09-24T08:17:10.989122+00:00
901,0.566,2026-09-24T08:17:10.991366+00:00
902,0.873,2026-09-24T08:17:10.994071+00:00
903,0.57,2026-09-24T08:17:10.996384+00:00
904,0.775,2026-09-24T08:17:10.999024+00:00
905,0.795,2026-09-24T08:17:11.001516+00:00
906,0.808,2026-09-24T08:17:11.003985+00:00
907,0.515,2026-09-24T08:17:11.006198+00:00
908,0.644,2026-09-24T08:17:11.008725+00:00
909,0.494,2026-09-24T08:17:11.011044+00:00
910,0.734,2026-09-24T08:17:11.013710+00:00
911,0.875,2026-09-24T08:17:11.016390+00:00
912,0.6489999999999999,2026-09-24T08:17:11.018765+00:00
913,0.631,2026-09-24T08:17:11.021230+00:00
914,0.798,2026-09-24T08:17:11.023889+00:00
915,0.767,2026-09-24T08:17:11.026466+00:00
916,0.911,2026-09-24T08:17:11.029211+00:00
917,0.653,2026-09-24T08:17:11.031691+00:00
918,0.5339999999999999,2026-09-24T08:17:11.034173+00:00
919,0.737,2026-09-24T08:17:11.036829+00:00
920,0.949,2026-09-24T08:17:11.039625+00:00
921,0.888,2026-09-24T08:17:11.042109+00:00
922,0.69,2026-09-24T08:17:11.044623+00:00
923,0.64,2026-09-24T08:17:11.047068+00:00
924,0.892,2026-09-24T08:17:11.049802+00:00
925,0.6970000000000001,2026-09-24T08:17:11.052244+00:00
926,0.9740000000000001,2026-09-24T08:17:11.055025+00:00
927,0.829,2026-09-24T08:17:11.057763+00:00
928,0.925,2026-09-24T08:17:11.060567+00:00
929,0.7829999999999999,2026-09-24T08:17:11.063046+00:00
930,0.896,2026-09-24T08:17:11.065666+00:00
931,0.838,2026-09-24T08:17:11.068355+00:00
932,0.925,2026-09-24T08:17:11.071091+00:00
933,0.953,2026-09-24T08:17:11.073793+00:00
934,0.773,2026-09-24T08:17:11.076260+00:00
935,0.772,2026-09-24T08:17:11.078784+00:00
936,0.618,2026-09-24T08:17:11.081140+00:00
937,2.197,2026-09-24T08:17:11.085201+00:00
938,1.294,2026-09-24T08:17:11.088523+00:00
939,0.9940000000000001,2026-09-24T08:17:11.091111+00:00
940,1.165,2026-09-24T08:17:11.093941+00:00
941,0.902,2026-09-24T08:17:11.096509+00:00
942,0.671,2026-09-24T08:17:11.098966+00:00
943,0.8490000000000001,2026-09-24T08:17:11.101706+00:00
944,0.638,2026-09-24T08:17:11.104073+00:00
945,0.605,2026-09-24T08:17:11.106468+00:00
946,0.62,2026-09-24T08:17:11.109052+00:00
947,0.616,2026-09-24T08:17:11.111570+00:00
948,0.602,2026-09-24T08:17:11.114035+00:00
949,0.47600000000000003,2026-09-24T08:17:11.116395+00:00
950,0.545,2026-09-24T08:17:11.118850+00:00
951,0.673,2026-09-24T08:17:11.121383+00:00
952,0.514,2026-09-24T08:17:11.123728+00:00
953,0.694,2026-09-24T08:17:11.126363+00:00
954,0.484,2026-09-24T08:17:11.128705+00:00
955,0.7879999999999999,2026-09-24T08:17:11.131510+00:00
956,0.722,2026-09-24T08:17:11.133983+00:00
957,0.639,2026-09-24T08:17:11.136432+00:00
958,0.657,2026-09-24T08:17:11.138845+00:00
959,0.48500000000000004,2026-09-24T08:17:11.141152+00:00
960,0.472,2026-09-24T08:17:11.143611+00:00
961,0.704,2026-09-24T08:17:11.146240+00:00
962,0.673,2026-09-24T08:17:11.148712+00:00
963,0.5810000000000001,2026-09-24T08:17:11.151075+00:00
964,0.5429999999999999,2026-09-24T08:17:11.153435+00:00
965,0.674,2026-09-24T08:17:11.155974+00:00
966,0.8059999999999999,2026-09-24T08:17:11.158680+00:00
967,0.589,2026-09-24T08:17:11.161114+00:00
968,0.5900000000000001,2026-09-24T08:17:11.163631+00:00
969,0.916,2026-09-24T08:17:11.166478+00:00
970,0.808,2026-09-24T08:17:11.169039+00:00
971,0.934,2026-09-24T08:17:11.171707+00:00
972,0.558,2026-09-24T08:17:11.173905+00:00
973,0.47800000000000004,2026-09-24T08:17:11.176233+00:00
974,0.571,2026-09-24T08:17:11.178732+00:00
975,0.5630000000000001,2026-09-24T08:17:11.181206+00:00
976,0.616,2026-09-24T08:17:11.183698+00:00
977,0.507,2026-09-24T08:17:11.186083+00:00
978,0.618,2026-09-24T08:17:11.188603+00:00
979,0.5,2026-09-24T08:17:11.190995+00:00
980,0.406,2026-09-24T08:17:11.193314+00:00
981,0.48000000000000004,2026-09-24T08:17:11.195726+00:00
982,0.594,2026-09-24T08:17:11.198236+00:00
983,0.5109999999999999,2026-09-24T08:17:11.200619+00:00
984,0.607,2026-09-24T08:17:11.203102+00:00
985,0.499,2026-09-24T08:17:11.205467+00:00
986,0.63,2026-09-24T08:17:11.207985+00:00
987,0.518,2026-09-24T08:17:11.210349+00:00
988,0.41800000000000004,2026-09-24T08:17:11.212658+00:00
989,0.49299999999999994,2026-09-24T08:17:11.215117+00:00
990,0.484,2026-09-24T08:17:11.217488+00:00
991,0.6539999999999999,2026-09-24T08:17:11.220027+00:00
992,0.602,2026-09-24T08:17:11.222431+00:00
993,0.425,2026-09-24T08:17:11.224713+00:00
994,0.5950000000000001,2026-09-24T08:17:11.227229+00:00
995,0.546,2026-09-24T08:17:11.229605+00:00
996,0.446,2026-09-24T08:17:11.231873+00:00
997,0.5,2026-09-24T08:17:11.234280+00:00
998,0.58,2026-09-24T08:17:11.236738+00:00
999,0.707,2026-09-24T08:17:11.239246+00:00
1000,0.719,2026-09-24T08:17:11.241819+00:00
1001,0.46799999999999997,2026-09-24T08:17:11.244128+00:00
1002,0.5680000000000001,2026-09-24T08:17:11.246597+00:00
1003,0.48899999999999993,2026-09-24T08:17:11.248915+00:00
1004,0.464,2026-09-24T08:17:11.251251+00:00
1005,0.661,2026-09-24T08:17:11.253810+00:00
1006,0.48899999999999993,2026-09-24T08:17:11.256110+00:00
1007,0.526,2026-09-24T08:17:11.258642+00:00
1008,0.549,2026-09-24T08:17:11.261122+00:00
1009,0.516,2026-09-24T08:17:11.263607+00:00
1010,0.48000000000000004,2026-09-24T08:17:11.266049+00:00
1011,0.578,2026-09-24T08:17:11.268575+00:00
1012,0.44,2026-09-24T08:17:11.270869+00:00
1013,0.532,2026-09-24T08:17:11.273359+00:00
1014,0.422,2026-09-24T08:17:11.275690+00:00
1015,0.74,2026-09-24T08:17:11.278388+00:00
1016,0.5630000000000001,2026-09-24T08:17:11.280742+00:00
1017,0.477,2026-09-24T08:17:11.283154+00:00
1018,0.549,2026-09-24T08:17:11.285625+00:00
1019,0.527,2026-09-24T08:17:11.288070+00:00
1020,0.47,2026-09-24T08:17:11.290377+00:00
1021,0.5379999999999999,2026-09-24T08:17:11.292835+00:00
1022,0.696,2026-09-24T08:17:11.295438+00:00
1023,0.509,2026-09-24T08:17:11.297761+00:00
1024,0.451,2026-09-24T08:17:11.300124+00:00
1025,0.499,2026-09-24T08:17:11.302547+00:00
1026,0.504,2026-09-24T08:17:11.304931+00:00
1027,0.508,2026-09-24T08:17:11.307374+00:00
1028,0.513,2026-09-24T08:17:11.309811+00:00
1029,0.49799999999999994,2026-09-24T08:17:11.312190+00:00
1030,0.5670000000000001,2026-09-24T08:17:11.314662+00:00
1031,0.5379999999999999,2026-09-24T08:17:11.317030+00:00
1032,0.5680000000000001,2026-09-24T08:17:11.319481+00:00
1033,0.7699999999999999,2026-09-24T08:17:11.322059+00:00
1034,0.555,2026-09-24T08:17:11.324325+00:00
1035,0.46299999999999997,2026-09-24T08:17:11.326684+00:00
1036,0.524,2026-09-24T08:17:11.329117+00:00
1037,0.446,2026-09-24T08:17:11.331430+00:00
1038,0.448,2026-09-24T08:17:11.333878+00:00
1039,0.439,2026-09-24T08:17:11.336316+00:00
1040,0.373,2026-09-24T08:17:11.338655+00:00
1041,0.5379999999999999,2026-09-24T08:17:11.341194+00:00
1042,0.496,2026-09-24T08:17:11.343579+00:00
1043,0.392,2026-09-24T08:17:11.345881+00:00
1044,0.434,2026-09-24T08:17:11.348289+00:00
1045,0.48000000000000004,2026-09-24T08:17:11.350724+00:00
1046,0.44499999999999995,2026-09-24T08:17:11.353100+00:00
1047,0.467,2026-09-24T08:17:11.355524+00:00
1048,0.442,2026-09-24T08:17:11.357865+00:00
1049,0.46299999999999997,2026-09-24T08:17:11.360250+00:00
1050,0.443,2026-09-24T08:17:11.362658+00:00
1051,0.392,2026-09-24T08:17:11.365012+00:00
1052,0.429,2026-09-24T08:17:11.367401+00:00
1053,0.46099999999999997,2026-09-24T08:17:11.369940+00:00
1054,0.642,2026-09-24T08:17:11.372490+00:00
1055,0.481,2026-09-24T08:17:11.374790+00:00
1056,0.49299999999999994,2026-09-24T08:17:11.377213+00:00
1057,0.49299999999999994,2026-09-24T08:17:11.379566+00:00
1058,0.539,2026-09-24T08:17:11.382141+00:00
1059,0.523,2026-09-24T08:17:11.384694+00:00
1060,0.6970000000000001,2026-09-24T08:17:11.387388+00:00
1061,0.535,2026-09-24T08:17:11.389854+00:00
1062,0.664,2026-09-24T08:17:11.392503+00:00
1063,0.704,2026-09-24T08:17:11.395090+00:00
1064,0.726,2026-09-24T08:17:11.397808+00:00
1065,0.964,2026-09-24T08:17:11.400643+00:00
1066,0.6809999999999999,2026-09-24T08:17:11.403016+00:00
1067,0.6859999999999999,2026-09-24T08:17:11.405617+00:00
1068,0.597,2026-09-24T08:17:11.408137+00:00
1069,0.6539999999999999,2026-09-24T08:17:11.410662+00:00
1070,0.629,2026-09-24T08:17:11.413125+00:00
1071,0.5599999999999999,2026-09-24T08:17:11.415532+00:00
1072,0.475,2026-09-24T08:17:11.417888+00:00
1073,0.734,2026-09-24T08:17:11.420569+00:00
1074,0.503,2026-09-24T08:17:11.422848+00:00
1075,0.47300000000000003,2026-09-24T08:17:11.425276+00:00
1076,0.42700000000000005,2026-09-24T08:17:11.427651+00:00
1077,0.442,2026-09-24T08:17:11.430059+00:00
1078,0.6,2026-09-24T08:17:11.432605+00:00
1079,0.49700000000000005,2026-09-24T08:17:11.434923+00:00
1080,0.47600000000000003,2026-09-24T08:17:11.437344+00:00
1081,0.455,2026-09-24T08:17:11.439740+00:00
1082,0.549,2026-09-24T08:17:11.442228+00:00
1083,0.7010000000000001,2026-09-24T08:17:11.444783+00:00
1084,0.733,2026-09-24T08:17:11.447370+00:00
1085,0.515,2026-09-24T08:17:11.449751+00:00
1086,0.553,2026-09-24T08:17:11.452258+00:00
1087,0.6449999999999999,2026-09-24T08:17:11.454774+00:00
1088,0.474,2026-09-24T08:17:11.457018+00:00
1089,0.496,2026-09-24T08:17:11.459439+00:00
1090,0.615,2026-09-24T08:17:11.461916+00:00
1091,0.812,2026-09-24T08:17:11.464551+00:00
1092,0.629,2026-09-24T08:17:11.466883+00:00
1093,0.537,2026-09-24T08:17:11.469215+00:00
1094,0.593,2026-09-24T08:17:11.471655+00:00
1095,0.761,2026-09-24T08:17:11.474278+00:00
1096,0.592,2026-09-24T08:17:11.476592+00:00
1097,0.539,2026-09-24T08:17:11.478941+00:00
1098,0.602,2026-09-24T08:17:11.481393+00:00
1099,0.5770000000000001,2026-09-24T08:17:11.483782+00:00
1100,0.523,2026-09-24T08:17:11.486125+00:00
1101,0.41100000000000003,2026-09-24T08:17:11.488421+00:00
1102,0.666,2026-09-24T08:17:11.491107+00:00
1103,0.535,2026-09-24T08:17:11.493533+00:00
1104,0.467,2026-09-24T08:17:11.495895+00:00
1105,0.408,2026-09-24T08:17:11.498304+00:00
1106,0.423,2026-09-24T08:17:11.500720+00:00
1107,0.441,2026-09-24T08:17:11.503157+00:00
1108,0.442,2026-09-24T08:17:11.505563+00:00
1109,0.5569999999999999,2026-09-24T08:17:11.508090+00:00
1110,0.768,2026-09-24T08:17:11.510667+00:00
1111,0.451,2026-09-24T08:17:11.512880+00:00
1112,0.42700000000000005,2026-09-24T08:17:11.515254+00:00
1113,0.47,2026-09-24T08:17:11.517685+00:00
1114,0.501,2026-09-24T08:17:11.520178+00:00
1115,0.606,2026-09-24T08:17:11.522695+00:00
1116,0.776,2026-09-24T08:17:11.525424+00:00
1117,0.535,2026-09-24T08:17:11.527873+00:00
1118,0.842,2026-09-24T08:17:11.530700+00:00
1119,0.583,2026-09-24T08:17:11.533205+00:00
1120,0.444,2026-09-24T08:17:11.535598+00:00
1121,0.40700000000000003,2026-09-24T08:17:11.537973+00:00
1122,0.46900000000000003,2026-09-24T08:17:11.540399+00:00
1123,0.488,2026-09-24T08:17:11.542825+00:00
1124,0.451,2026-09-24T08:17:11.545189+00:00
1125,0.541,2026-09-24T08:17:11.547659+00:00
1126,0.61,2026-09-24T08:17:11.550076+00:00
1127,0.524,2026-09-24T08:17:11.552446+00:00
1128,0.48700000000000004,2026-09-24T08:17:11.554806+00:00
1129,0.847,2026-09-24T08:17:11.557583+00:00
1130,0.501,2026-09-24T08:17:11.559817+00:00
1131,0.479,2026-09-24T08:17:11.562196+00:00
1132,0.605,2026-09-24T08:17:11.564701+00:00
1133,0.449,2026-09-24T08:17:11.566913+00:00
1134,0.6719999999999999,2026-09-24T08:17:11.569661+00:00
1135,0.589,2026-09-24T08:17:11.572148+00:00
1136,0.488,2026-09-24T08:17:11.574649+00:00
1137,0.5810000000000001,2026-09-24T08:17:11.577299+00:00
1138,0.506,2026-09-24T08:17:11.579723+00:00
1139,0.437,2026-09-24T08:17:11.582074+00:00
1140,0.5950000000000001,2026-09-24T08:17:11.584645+00:00
1141,0.495,2026-09-24T08:17:11.587139+00:00
1142,0.5950000000000001,2026-09-24T08:17:11.589662+00:00
1143,0.525,2026-09-24T08:17:11.592059+00:00
1144,0.414,2026-09-24T08:17:11.594422+00:00
1145,0.449,2026-09-24T08:17:11.596826+00:00
1146,0.43,2026-09-24T08:17:11.599183+00:00
1147,0.606,2026-09-24T08:17:11.601738+00:00
1148,0.915,2026-09-24T08:17:11.604545+00:00
1149,0.515,2026-09-24T08:17:11.606778+00:00
1150,0.643,2026-09-24T08:17:11.609345+00:00
1151,0.5950000000000001,2026-09-24T08:17:11.611828+00:00
1152,0.602,2026-09-24T08:17:11.614306+00:00
1153,0.614,2026-09-24T08:17:11.616812+00:00
1154,0.622,2026-09-24T08:17:11.619435+00:00
1155,0.655,2026-09-24T08:17:11.621978+00:00
1156,0.803,2026-09-24T08:17:11.624637+00:00
1157,0.58,2026-09-24T08:17:11.626957+00:00
1158,0.9169999999999999,2026-09-24T08:17:11.629821+00:00
1159,0.494,2026-09-24T08:17:11.632029+00:00
1160,0.554,2026-09-24T08:17:11.634508+00:00
1161,0.878,2026-09-24T08:17:11.637299+00:00
1162,0.855,2026-09-24T08:17:11.639894+00:00
1163,0.9420000000000001,2026-09-24T08:17:11.642694+00:00
1164,0.9430000000000001,2026-09-24T08:17:11.645313+00:00
1165,0.9909999999999999,2026-09-24T08:17:11.647999+00:00
1166,1.119,2026-09-24T08:17:11.651013+00:00
1167,1.046,2026-09-24T08:17:11.653745+00:00
1168,0.867,2026-09-24T08:17:11.656476+00:00
1169,1.093,2026-09-24T08:17:11.659325+00:00
1170,1.013,2026-09-24T08:17:11.662081+00:00
1171,0.6930000000000001,2026-09-24T08:17:11.664779+00:00
1172,0.847,2026-09-24T08:17:11.667468+00:00
1173,0.5820000000000001,2026-09-24T08:17:11.669766+00:00
1174,0.9840000000000001,2026-09-24T08:17:11.672695+00:00
1175,0.6819999999999999,2026-09-24T08:17:11.675125+00:00
1176,0.944,2026-09-24T08:17:11.678014+00:00
1177,0.632,2026-09-24T08:17:11.680426+00:00
1178,0.614,2026-09-24T08:17:11.682893+00:00
1179,0.723,2026-09-24T08:17:11.685510+00:00
1180,0.875,2026-09-24T08:17:11.688157+00:00
1181,0.545,2026-09-24T08:17:11.690506+00:00
1182,0.754,2026-09-24T08:17:11.693137+00:00
1183,0.5760000000000001,2026-09-24T08:17:11.695496+00:00
1184,0.704,2026-09-24T08:17:11.698059+00:00
1185,0.619,2026-09-24T08:17:11.700470+00:00
1186,0.763,2026-09-24T08:17:11.703069+00:00
1187,0.61,2026-09-24T08:17:11.705460+00:00
1188,0.5950000000000001,2026-09-24T08:17:11.707895+00:00
1189,0.5599999999999999,2026-09-24T08:17:11.710287+00:00
1190,0.602,2026-09-24T08:17:11.712730+00:00
1191,0.6539999999999999,2026-09-24T08:17:11.715233+00:00
1192,0.606,2026-09-24T08:17:11.717686+00:00
1193,0.619,2026-09-24T08:17:11.720140+00:00
1194,0.691,2026-09-24T08:17:11.722642+00:00
1195,0.527,2026-09-24T08:17:11.724955+00:00
1196,0.579,2026-09-24T08:17:11.727393+00:00
1197,0.526,2026-09-24T08:17:11.729720+00:00
1198,0.462,2026-09-24T08:17:11.732088+00:00
1199,0.45899999999999996,2026-09-24T08:17:11.734489+00:00
1200,0.486,2026-09-24T08:17:11.736919+00:00
1201,0.455,2026-09-24T08:17:11.739295+00:00
1202,0.562,2026-09-24T08:17:11.741783+00:00
1203,0.449,2026-09-24T08:17:11.744161+00:00
1204,0.652,2026-09-24T08:17:11.746747+00:00
1205,0.6679999999999999,2026-09-24T08:17:11.749147+00:00
1206,0.46,2026-09-24T08:17:11.751385+00:00
1207,0.515,2026-09-24T08:17:11.753830+00:00
1208,0.5950000000000001,2026-09-24T08:17:11.756317+00:00
1209,0.532,2026-09-24T08:17:11.758735+00:00
1210,0.426,2026-09-24T08:17:11.761094+00:00
1211,0.48500000000000004,2026-09-24T08:17:11.763519+00:00
1212,0.46,2026-09-24T08:17:11.765838+00:00
1213,0.699,2026-09-24T08:17:11.768444+00:00
1214,0.862,2026-09-24T08:17:11.771197+00:00
1215,0.7150000000000001,2026-09-24T08:17:11.773705+00:00
1216,0.621,2026-09-24T08:17:11.776295+00:00
1217,0.646,2026-09-24T08:17:11.778793+00:00
1218,0.48000000000000004,2026-09-24T08:17:11.781120+00:00
1219,0.446,2026-09-24T08:17:11.783474+00:00
1220,0.443,2026-09-24T08:17:11.785827+00:00
1221,0.612,2026-09-24T08:17:11.788358+00:00
1222,0.5379999999999999,2026-09-24T08:17:11.790753+00:00
1223,0.505,2026-09-24T08:17:11.793113+00:00
1224,0.643,2026-09-24T08:17:11.795623+00:00
1225,0.812,2026-09-24T08:17:11.798235+00:00
1226,0.615,2026-09-24T08:17:11.800657+00:00
1227,0.5559999999999999,2026-09-24T08:17:11.802978+00:00
1228,0.546,2026-09-24T08:17:11.805347+00:00
1229,0.37,2026-09-24T08:17:11.807553+00:00
1230,0.549,2026-09-24T08:17:11.810091+00:00
1231,0.383,2026-09-24T08:17:11.812398+00:00
1232,0.467,2026-09-24T08:17:11.814850+00:00
1233,0.49700000000000005,2026-09-24T08:17:11.817280+00:00
1234,0.391,2026-09-24T08:17:11.819567+00:00
1235,0.47100000000000003,2026-09-24T08:17:11.822013+00:00
1236,0.49799999999999994,2026-09-24T08:17:11.824476+00:00
1237,0.42000000000000004,2026-09-24T08:17:11.826812+00:00
1238,0.495,2026-09-24T08:17:11.829278+00:00
1239,0.531,2026-09-24T08:17:11.831767+00:00
1240,0.505,2026-09-24T08:17:11.834258+00:00
1241,0.46299999999999997,2026-09-24T08:17:11.836657+00:00
1242,0.5199999999999999,2026-09-24T08:17:11.839244+00:00
1243,0.5950000000000001,2026-09-24T08:17:11.841861+00:00
1244,0.601,2026-09-24T08:17:11.844460+00:00
1245,0.599,2026-09-24T08:17:11.847022+00:00
1246,0.569,2026-09-24T08:17:11.849588+00:00
1247,0.553,2026-09-24T08:17:11.852077+00:00
1248,0.5429999999999999,2026-09-24T08:17:11.854571+00:00
1249,0.47600000000000003,2026-09-24T08:17:11.856989+00:00
1250,0.484,2026-09-24T08:17:11.859448+00:00
1251,0.5640000000000001,2026-09-24T08:17:11.861976+00:00
1252,0.5670000000000001,2026-09-24T08:17:11.864477+00:00
1253,0.491,2026-09-24T08:17:11.866837+00:00
1254,0.503,2026-09-24T08:17:11.869270+00:00
1255,0.506,2026-09-24T08:17:11.871667+00:00
1256,0.544,2026-09-24T08:17:11.874101+00:00
1257,0.474,2026-09-24T08:17:11.876442+00:00
1258,0.47,2026-09-24T08:17:11.878811+00:00
1259,0.46299999999999997,2026-09-24T08:17:11.881176+00:00
1260,0.5199999999999999,2026-09-24T08:17:11.883596+00:00
1261,0.566,2026-09-24T08:17:11.885989+00:00
1262,0.421,2026-09-24T08:17:11.888335+00:00
1263,0.386,2026-09-24T08:17:11.890681+00:00
1264,0.35300000000000004,2026-09-24T08:17:11.893033+00:00
1265,0.486,2026-09-24T08:17:11.895525+00:00
1266,0.41100000000000003,2026-09-24T08:17:11.897840+00:00
1267,0.434,2026-09-24T08:17:11.900249+00:00
1268,0.558,2026-09-24T08:17:11.902765+00:00
1269,0.364,2026-09-24T08:17:11.905067+00:00
1270,0.5429999999999999,2026-09-24T08:17:11.907609+00:00
1271,0.42700000000000005,2026-09-24T08:17:11.909974+00:00
1272,0.902,2026-09-24T08:17:11.912843+00:00
1273,0.5559999999999999,2026-09-24T08:17:11.915156+00:00
1274,0.778,2026-09-24T08:17:11.917837+00:00
1275,0.5599999999999999,2026-09-24T08:17:11.920107+00:00
1276,0.617,2026-09-24T08:17:11.922559+00:00
1277,0.723,2026-09-24T08:17:11.925094+00:00
1278,0.475,2026-09-24T08:17:11.927320+00:00
1279,0.565,2026-09-24T08:17:11.929760+00:00
1280,0.482,2026-09-24T08:17:11.932061+00:00
1281,0.65,2026-09-24T08:17:11.934588+00:00
1282,0.588,2026-09-24T08:17:11.936967+00:00
1283,0.647,2026-09-24T08:17:11.939552+00:00
1284,0.5559999999999999,2026-09-24T08:17:11.942033+00:00
1285,0.6589999999999999,2026-09-24T08:17:11.944635+00:00
1286,0.541,2026-09-24T08:17:11.947102+00:00
1287,0.736,2026-09-24T08:17:11.949776+00:00
1288,0.63,2026-09-24T08:17:11.952167+00:00
1289,0.6970000000000001,2026-09-24T08:17:11.954687+00:00
1290,0.648,2026-09-24T08:17:11.957071+00:00
1291,0.642,2026-09-24T08:17:11.959437+00:00
1292,0.629,2026-09-24T08:17:11.961790+00:00
1293,0.592,2026-09-24T08:17:11.964193+00:00
1294,0.491,2026-09-24T08:17:11.966550+00:00
1295,0.605,2026-09-24T08:17:11.969088+00:00
1296,0.49,2026-09-24T08:17:11.971532+00:00
1297,0.501,2026-09-24T08:17:11.973986+00:00
1298,0.55,2026-09-24T08:17:11.976468+00:00
1299,0.455,2026-09-24T08:17:11.978808+00:00
1300,0.549,2026-09-24T08:17:11.981299+00:00
1301,0.45399999999999996,2026-09-24T08:17:11.983673+00:00
1302,0.598,2026-09-24T08:17:11.986251+00:00
1303,0.49,2026-09-24T08:17:11.988806+00:00
1304,0.44,2026-09-24T08:17:11.991327+00:00
1305,0.608,2026-09-24T08:17:11.994016+00:00
1306,0.438,2026-09-24T08:17:11.996386+00:00
1307,0.406,2026-09-24T08:17:11.998739+00:00
1308,0.597,2026-09-24T08:17:12.001297+00:00
1309,0.43600000000000005,2026-09-24T08:17:12.003622+00:00
1310,0.451,2026-09-24T08:17:12.006019+00:00
1311,0.49,2026-09-24T08:17:12.008475+00:00
1312,0.435,2026-09-24T08:17:12.010872+00:00
1313,0.501,2026-09-24T08:17:12.013346+00:00
1314,0.6679999999999999,2026-09-24T08:17:12.015940+00:00
1315,0.6719999999999999,2026-09-24T08:17:12.018614+00:00
1316,0.592,2026-09-24T08:17:12.021121+00:00
1317,0.727,2026-09-24T08:17:12.023773+00:00
1318,0.64,2026-09-24T08:17:12.026371+00:00
1319,0.768,2026-09-24T08:17:12.029072+00:00
1320,0.773,2026-09-24T08:17:12.031656+00:00
1321,0.5760000000000001,2026-09-24T08:17:12.033984+00:00
1322,0.55,2026-09-24T08:17:12.036395+00:00
1323,0.566,2026-09-24T08:17:12.038813+00:00
1324,0.47300000000000003,2026-09-24T08:17:12.041127+00:00
1325,0.597,2026-09-24T08:17:12.043622+00:00
1326,0.541,2026-09-24T08:17:12.045947+00:00
1327,0.648,2026-09-24T08:17:12.048475+00:00
1328,0.734,2026-09-24T08:17:12.051166+00:00
1329,0.502,2026-09-24T08:17:12.053552+00:00
1330,0.49200000000000005,2026-09-24T08:17:12.055920+00:00
1331,0.679,2026-09-24T08:17:12.058510+00:00
1332,0.49200000000000005,2026-09-24T08:17:12.060758+00:00
1333,0.528,2026-09-24T08:17:12.063200+00:00
1334,0.467,2026-09-24T08:17:12.065519+00:00
1335,0.598,2026-09-24T08:17:12.068028+00:00
1336,0.748,2026-09-24T08:17:12.070619+00:00
1337,0.5599999999999999,2026-09-24T08:17:12.072940+00:00
1338,0.5469999999999999,2026-09-24T08:17:12.075353+00:00
1339,0.5770000000000001,2026-09-24T08:17:12.077791+00:00
1340,0.522,2026-09-24T08:17:12.080230+00:00
1341,0.54,2026-09-24T08:17:12.082716+00:00
1342,0.516,2026-09-24T08:17:12.085176+00:00
1343,0.6930000000000001,2026-09-24T08:17:12.087979+00:00
1344,0.5670000000000001,2026-09-24T08:17:12.090399+00:00
1345,0.509,2026-09-24T08:17:12.092797+00:00
1346,0.451,2026-09-24T08:17:12.095168+00:00
1347,0.725,2026-09-24T08:17:12.097822+00:00
1348,0.5599999999999999,2026-09-24T08:17:12.100050+00:00
1349,0.574,2026-09-24T08:17:12.102507+00:00
1350,0.6579999999999999,2026-09-24T08:17:12.105042+00:00
1351,0.57,2026-09-24T08:17:12.107408+00:00
1352,0.5770000000000001,2026-09-24T08:17:12.109872+00:00
1353,0.47100000000000003,2026-09-24T08:17:12.112222+00:00
1354,0.474,2026-09-24T08:17:12.114594+00:00
1355,0.481,2026-09-24T08:17:12.116955+00:00
1356,0.49,2026-09-24T08:17:12.119342+00:00
1357,0.448,2026-09-24T08:17:12.121665+00:00
1358,0.366,2026-09-24T08:17:12.123973+00:00
1359,0.433,2026-09-24T08:17:12.126392+00:00
1360,0.423,2026-09-24T08:17:12.128750+00:00
1361,0.42000000000000004,2026-09-24T08:17:12.131111+00:00
1362,0.5199999999999999,2026-09-24T08:17:12.133575+00:00
1363,0.501,2026-09-24T08:17:12.135929+00:00
1364,0.636,2026-09-24T08:17:12.138440+00:00
1365,0.46099999999999997,2026-09-24T08:17:12.140652+00:00
1366,0.533,2026-09-24T08:17:12.143095+00:00
1367,0.6890000000000001,2026-09-24T08:17:12.145653+00:00
1368,0.5519999999999999,2026-09-24T08:17:12.147989+00:00
1369,0.499,2026-09-24T08:17:12.150390+00:00
1370,0.49200000000000005,2026-09-24T08:17:12.152755+00:00
1371,0.523,2026-09-24T08:17:12.155161+00:00
1372,0.795,2026-09-24T08:17:12.157786+00:00
1373,0.902,2026-09-24T08:17:12.160465+00:00
1374,0.6579999999999999,2026-09-24T08:17:12.163041+00:00
1375,0.57,2026-09-24T08:17:12.165514+00:00
1376,0.48899999999999993,2026-09-24T08:17:12.167870+00:00
1377,0.45399999999999996,2026-09-24T08:17:12.170242+00:00
1378,0.48700000000000004,2026-09-24T08:17:12.172657+00:00
1379,0.475,2026-09-24T08:17:12.175058+00:00
1380,0.584,2026-09-24T08:17:12.177531+00:00
1381,0.5640000000000001,2026-09-24T08:17:12.179926+00:00
1382,0.6040000000000001,2026-09-24T08:17:12.182484+00:00
1383,0.696,2026-09-24T08:17:12.185119+00:00
1384,0.5569999999999999,2026-09-24T08:17:12.187511+00:00
1385,0.57,2026-09-24T08:17:12.189958+00:00
1386,0.499,2026-09-24T08:17:12.192369+00:00
1387,0.603,2026-09-24T08:17:12.194874+00:00
1388,0.655,2026-09-24T08:17:12.197400+00:00
1389,0.5640000000000001,2026-09-24T08:17:12.199750+00:00
1390,0.451,2026-09-24T08:17:12.202090+00:00
1391,0.477,2026-09-24T08:17:12.204502+00:00
1392,0.708,2026-09-24T08:17:12.207132+00:00
1393,0.637,2026-09-24T08:17:12.209583+00:00
1394,0.637,2026-09-24T08:17:12.212074+00:00
1395,0.533,2026-09-24T08:17:12.214575+00:00
1396,0.474,2026-09-24T08:17:12.216977+00:00
1397,0.417,2026-09-24T08:17:12.219350+00:00
1398,0.47600000000000003,2026-09-24T08:17:12.221810+00:00
1399,0.9169999999999999,2026-09-24T08:17:12.224696+00:00
1400,0.6859999999999999,2026-09-24T08:17:12.227265+00:00
1401,0.726,2026-09-24T08:17:12.229871+00:00
1402,0.6890000000000001,2026-09-24T08:17:12.232372+00:00
1403,0.7739999999999999,2026-09-24T08:17:12.234980+00:00
1404,1.037,2026-09-24T08:17:12.237855+00:00
1405,0.741,2026-09-24T08:17:12.240478+00:00
1406,0.553,2026-09-24T08:17:12.242867+00:00
1407,0.5680000000000001,2026-09-24T08:17:12.245312+00:00
1408,0.865,2026-09-24T08:17:12.248120+00:00
1409,0.882,2026-09-24T08:17:12.250867+00:00
1410,0.975,2026-09-24T08:17:12.253555+00:00
1411,0.921,2026-09-24T08:17:12.256117+00:00
1412,0.8180000000000001,2026-09-24T08:17:12.258694+00:00
1413,0.731,2026-09-24T08:17:12.261173+00:00
1414,0.887,2026-09-24T08:17:12.263898+00:00
1415,0.988,2026-09-24T08:17:12.266632+00:00
1416,0.9740000000000001,2026-09-24T08:17:12.269290+00:00
1417,0.637,2026-09-24T08:17:12.271661+00:00
1418,0.486,2026-09-24T08:17:12.273974+00:00
1419,0.647,2026-09-24T08:17:12.276520+00:00
1420,0.637,2026-09-24T08:17:12.278949+00:00
1421,0.499,2026-09-24T08:17:12.281221+00:00
1422,0.368,2026-09-24T08:17:12.283540+00:00
1423,0.41300000000000003,2026-09-24T08:17:12.285900+00:00
1424,0.7929999999999999,2026-09-24T08:17:12.288670+00:00
1425,0.423,2026-09-24T08:17:12.290849+00:00
1426,0.528,2026-09-24T08:17:12.293326+00:00
1427,0.662,2026-09-24T08:17:12.295891+00:00
1428,0.46799999999999997,2026-09-24T08:17:12.298248+00:00
1429,0.531,2026-09-24T08:17:12.300704+00:00
1430,0.446,2026-09-24T08:17:12.303048+00:00
1431,0.446,2026-09-24T08:17:12.305427+00:00
1432,0.571,2026-09-24T08:17:12.307924+00:00
1433,0.453,2026-09-24T08:17:12.310320+00:00
1434,0.444,2026-09-24T08:17:12.312716+00:00
1435,0.522,2026-09-24T08:17:12.315186+00:00
1436,0.656,2026-09-24T08:17:12.317728+00:00
1437,0.439,2026-09-24T08:17:12.319876+00:00
1438,0.429,2026-09-24T08:17:12.322230+00:00
1439,0.446,2026-09-24T08:17:12.324594+00:00
1440,0.571,2026-09-24T08:17:12.327079+00:00
1441,0.424,2026-09-24T08:17:12.329364+00:00
1442,0.45199999999999996,2026-09-24T08:17:12.331749+00:00
1443,0.432,2026-09-24T08:17:12.334117+00:00
1444,0.5429999999999999,2026-09-24T08:17:12.336574+00:00
1445,0.637,2026-09-24T08:17:12.339005+00:00
1446,0.518,2026-09-24T08:17:12.341347+00:00
1447,0.643,2026-09-24T08:17:12.343840+00:00
1448,0.661,2026-09-24T08:17:12.346249+00:00
1449,0.49799999999999994,2026-09-24T08:17:12.348545+00:00
1450,0.6589999999999999,2026-09-24T08:17:12.351076+00:00
1451,0.722,2026-09-24T08:17:12.353711+00:00
1452,0.606,2026-09-24T08:17:12.356235+00:00
1453,0.699,2026-09-24T08:17:12.358833+00:00
1454,0.5860000000000001,2026-09-24T08:17:12.361400+00:00
1455,0.516,2026-09-24T08:17:12.363948+00:00
1456,0.569,2026-09-24T08:17:12.366475+00:00
1457,0.49799999999999994,2026-09-24T08:17:12.369017+00:00
1458,0.618,2026-09-24T08:17:12.371592+00:00
1459,0.587,2026-09-24T08:17:12.374154+00:00
1460,0.652,2026-09-24T08:17:12.376761+00:00
1461,0.5860000000000001,2026-09-24T08:17:12.379201+00:00
1462,0.621,2026-09-24T08:17:12.381861+00:00
1463,0.655,2026-09-24T08:17:12.384502+00:00
1464,0.828,2026-09-24T08:17:12.387256+00:00
1465,0.728,2026-09-24T08:17:12.389628+00:00
1466,0.524,2026-09-24T08:17:12.391929+00:00
1467,0.647,2026-09-24T08:17:12.394486+00:00
1468,0.63,2026-09-24T08:17:12.396925+00:00
1469,0.47300000000000003,2026-09-24T08:17:12.399244+00:00
1470,0.502,2026-09-24T08:17:12.401688+00:00
1471,0.488,2026-09-24T08:17:12.404114+00:00
1472,0.5670000000000001,2026-09-24T08:17:12.406610+00:00
1473,0.816,2026-09-24T08:17:12.409244+00:00
1474,0.8540000000000001,2026-09-24T08:17:12.411810+00:00
1475,0.607,2026-09-24T08:17:12.414164+00:00
1476,0.616,2026-09-24T08:17:12.416622+00:00
1477,0.719,2026-09-24T08:17:12.419152+00:00
1478,0.651,2026-09-24T08:17:12.421775+00:00
1479,0.652,2026-09-24T08:17:12.424351+00:00
1480,0.69,2026-09-24T08:17:12.427009+00:00
1481,0.7110000000000001,2026-09-24T08:17:12.429599+00:00
1482,0.61,2026-09-24T08:17:12.432001+00:00
1483,0.5339999999999999,2026-09-24T08:17:12.434383+00:00
1484,0.8059999999999999,2026-09-24T08:17:12.437079+00:00
1485,0.46,2026-09-24T08:17:12.439328+00:00
1486,0.535,2026-09-24T08:17:12.441841+00:00
1487,0.646,2026-09-24T08:17:12.444439+00:00
1488,0.519,2026-09-24T08:17:12.446822+00:00
1489,0.515,2026-09-24T08:17:12.449271+00:00
1490,0.6719999999999999,2026-09-24T08:17:12.451890+00:00
1491,0.558,2026-09-24T08:17:12.454315+00:00
1492,0.584,2026-09-24T08:17:12.456804+00:00
1493,0.537,2026-09-24T08:17:12.459263+00:00
1494,0.5599999999999999,2026-09-24T08:17:12.461716+00:00
1495,0.5,2026-09-24T08:17:12.464154+00:00
1496,0.49299999999999994,2026-09-24T08:17:12.466543+00:00
1497,0.593,2026-09-24T08:17:12.469023+00:00
1498,0.671,2026-09-24T08:17:12.471591+00:00
1499,0.5730000000000001,2026-09-24T08:17:12.473981+00:00
1500,0.592,2026-09-24T08:17:12.476447+00:00
1501,0.524,2026-09-24T08:17:12.478850+00:00
1502,0.494,2026-09-24T08:17:12.481245+00:00
1503,0.53,2026-09-24T08:17:12.483682+00:00
1504,0.49700000000000005,2026-09-24T08:17:12.486053+00:00
1505,0.618,2026-09-24T08:17:12.488572+00:00
1506,0.873,2026-09-24T08:17:12.491302+00:00
1507,0.907,2026-09-24T08:17:12.494086+00:00
1508,0.716,2026-09-24T08:17:12.496501+00:00
1509,0.5910000000000001,2026-09-24T08:17:12.498917+00:00
1510,0.549,2026-09-24T08:17:12.501313+00:00
1511,0.601,2026-09-24T08:17:12.503778+00:00
1512,0.491,2026-09-24T08:17:12.506102+00:00
1513,0.675,2026-09-24T08:17:12.508651+00:00
1514,0.55,2026-09-24T08:17:12.510993+00:00
1515,0.509,2026-09-24T08:17:12.513308+00:00
1516,0.652,2026-09-24T08:17:12.515803+00:00
1517,0.631,2026-09-24T08:17:12.518247+00:00
1518,0.642,2026-09-24T08:17:12.520785+00:00
1519,0.661,2026-09-24T08:17:12.523344+00:00
1520,0.506,2026-09-24T08:17:12.525699+00:00
1521,0.446,2026-09-24T08:17:12.528056+00:00
1522,0.566,2026-09-24T08:17:12.530579+00:00
1523,0.425,2026-09-24T08:17:12.532851+00:00
1524,0.571,2026-09-24T08:17:12.535352+00:00
1525,0.656,2026-09-24T08:17:12.537862+00:00
1526,0.508,2026-09-24T08:17:12.540214+00:00
1527,0.467,2026-09-24T08:17:12.542556+00:00
1528,0.5429999999999999,2026-09-24T08:17:12.544974+00:00
1529,0.512,2026-09-24T08:17:12.547385+00:00
1530,0.6930000000000001,2026-09-24T08:17:12.549986+00:00
1531,0.494,2026-09-24T08:17:12.552322+00:00
1532,0.6880000000000001,2026-09-24T08:17:12.555020+00:00
1533,0.666,2026-09-24T08:17:12.557584+00:00
1534,0.696,2026-09-24T08:17:12.560120+00:00
1535,0.723,2026-09-24T08:17:12.562565+00:00
1536,0.639,2026-09-24T08:17:12.564897+00:00
1537,0.79,2026-09-24T08:17:12.567456+00:00
1538,0.766,2026-09-24T08:17:12.569905+00:00
1539,0.571,2026-09-24T08:17:12.572187+00:00
1540,0.57,2026-09-24T08:17:12.574528+00:00
1541,0.71,2026-09-24T08:17:12.576990+00:00
1542,0.756,2026-09-24T08:17:12.579462+00:00
1543,0.8180000000000001,2026-09-24T08:17:12.581966+00:00
1544,0.5680000000000001,2026-09-24T08:17:12.584147+00:00
1545,0.54,2026-09-24T08:17:12.586477+00:00
1546,0.7240000000000001,2026-09-24T08:17:12.589003+00:00
1547,0.596,2026-09-24T08:17:12.591320+00:00
1548,0.55,2026-09-24T08:17:12.593676+00:00
1549,0.494,2026-09-24T08:17:12.595920+00:00
1550,0.495,2026-09-24T08:17:12.598354+00:00
1551,0.526,2026-09-24T08:17:12.600799+00:00
1552,0.524,2026-09-24T08:17:12.603241+00:00
1553,0.599,2026-09-24T08:17:12.605748+00:00
1554,0.592,2026-09-24T08:17:12.608157+00:00
1555,0.522,2026-09-24T08:17:12.610510+00:00
1556,0.516,2026-09-24T08:17:12.612888+00:00
1557,0.5569999999999999,2026-09-24T08:17:12.615276+00:00
1558,0.51,2026-09-24T08:17:12.617615+00:00
1559,0.5609999999999999,2026-09-24T08:17:12.619988+00:00
1560,0.515,2026-09-24T08:17:12.622322+00:00
1561,0.528,2026-09-24T08:17:12.624686+00:00
1562,0.6930000000000001,2026-09-24T08:17:12.627199+00:00
1563,0.571,2026-09-24T08:17:12.629508+00:00
1564,0.515,2026-09-24T08:17:12.631810+00:00
1565,0.6130000000000001,2026-09-24T08:17:12.634259+00:00
1566,0.71,2026-09-24T08:17:12.636756+00:00
1567,0.753,2026-09-24T08:17:12.639176+00:00
1568,0.6849999999999999,2026-09-24T08:17:12.641497+00:00
1569,0.636,2026-09-24T08:17:12.643844+00:00
1570,0.764,2026-09-24T08:17:12.646388+00:00
1571,0.638,2026-09-24T08:17:12.648734+00:00
1572,0.744,2026-09-24T08:17:12.651325+00:00
1573,0.837,2026-09-24T08:17:12.653988+00:00
1574,0.878,2026-09-24T08:17:12.656585+00:00
1575,1.456,2026-09-24T08:17:12.659668+00:00
1576,1.054,2026-09-24T08:17:12.662253+00:00
1577,1.209,2026-09-24T08:17:12.665113+00:00
1578,1.009,2026-09-24T08:17:12.667729+00:00
1579,0.879,2026-09-24T08:17:12.670246+00:00
1580,0.903,2026-09-24T08:17:12.672871+00:00
1581,0.733,2026-09-24T08:17:12.675308+00:00
1582,0.6819999999999999,2026-09-24T08:17:12.677832+00:00
1583,0.761,2026-09-24T08:17:12.680481+00:00
1584,0.679,2026-09-24T08:17:12.683011+00:00
1585,0.646,2026-09-24T08:17:12.685594+00:00
1586,0.63,2026-09-24T08:17:12.688079+00:00
1587,0.566,2026-09-24T08:17:12.690504+00:00
1588,0.5599999999999999,2026-09-24T08:17:12.692907+00:00
1589,0.6539999999999999,2026-09-24T08:17:12.695405+00:00
1590,0.631,2026-09-24T08:17:12.697829+00:00
1591,0.7,2026-09-24T08:17:12.700357+00:00
1592,0.47800000000000004,2026-09-24T08:17:12.702650+00:00
1593,0.47,2026-09-24T08:17:12.704998+00:00
1594,0.6589999999999999,2026-09-24T08:17:12.707564+00:00
1595,0.486,2026-09-24T08:17:12.709865+00:00
1596,0.444,2026-09-24T08:17:12.712197+00:00
1597,0.6970000000000001,2026-09-24T08:17:12.714804+00:00
1598,0.491,2026-09-24T08:17:12.717096+00:00
1599,0.6930000000000001,2026-09-24T08:17:12.719641+00:00
1600,0.506,2026-09-24T08:17:12.721919+00:00
1601,0.486,2026-09-24T08:17:12.724258+00:00
1602,0.662,2026-09-24T08:17:12.726807+00:00
1603,0.494,2026-09-24T08:17:12.729118+00:00
1604,0.5720000000000001,2026-09-24T08:17:12.731550+00:00
1605,0.594,2026-09-24T08:17:12.733943+00:00
1606,0.587,2026-09-24T08:17:12.736294+00:00
1607,0.734,2026-09-24T08:17:12.738829+00:00
1608,0.636,2026-09-24T08:17:12.741243+00:00
1609,0.5339999999999999,2026-09-24T08:17:12.743562+00:00
1610,0.684,2026-09-24T08:17:12.746107+00:00
1611,0.521,2026-09-24T08:17:12.748397+00:00
1612,0.646,2026-09-24T08:17:12.750885+00:00
1613,0.444,2026-09-24T08:17:12.753171+00:00
1614,0.40299999999999997,2026-09-24T08:17:12.755503+00:00
1615,0.535,2026-09-24T08:17:12.757960+00:00
1616,0.516,2026-09-24T08:17:12.760386+00:00
1617,0.442,2026-09-24T08:17:12.762742+00:00
1618,0.532,2026-09-24T08:17:12.765224+00:00
1619,0.575,2026-09-24T08:17:12.767712+00:00
1620,0.623,2026-09-24T08:17:12.770163+00:00
1621,0.491,2026-09-24T08:17:12.772531+00:00
1622,0.479,2026-09-24T08:17:12.774909+00:00
1623,0.562,2026-09-24T08:17:12.777342+00:00
1624,0.683,2026-09-24T08:17:12.779909+00:00
1625,0.527,2026-09-24T08:17:12.782287+00:00
1626,0.791,2026-09-24T08:17:12.785043+00:00
1627,0.695,2026-09-24T08:17:12.787646+00:00
1628,0.662,2026-09-24T08:17:12.790143+00:00
1629,0.599,2026-09-24T08:17:12.792606+00:00
1630,0.819,2026-09-24T08:17:12.795243+00:00
1631,0.9779999999999999,2026-09-24T08:17:12.797968+00:00
1632,0.7649999999999999,2026-09-24T08:17:12.800463+00:00
1633,0.675,2026-09-24T08:17:12.802935+00:00
1634,0.5630000000000001,2026-09-24T08:17:12.805356+00:00
1635,1.107,2026-09-24T08:17:12.808352+00:00
1636,0.838,2026-09-24T08:17:12.810603+00:00
1637,0.864,2026-09-24T08:17:12.813241+00:00
1638,0.76,2026-09-24T08:17:12.815759+00:00
1639,0.9309999999999999,2026-09-24T08:17:12.818468+00:00
1640,1.1620000000000001,2026-09-24T08:17:12.821372+00:00
1641,0.9859999999999999,2026-09-24T08:17:12.824046+00:00
1642,0.915,2026-09-24T08:17:12.826683+00:00
1643,0.855,2026-09-24T08:17:12.829313+00:00
1644,0.769,2026-09-24T08:17:12.831899+00:00
1645,0.6819999999999999,2026-09-24T08:17:12.834370+00:00
1646,0.5559999999999999,2026-09-24T08:17:12.836755+00:00
1647,1.05,2026-09-24T08:17:12.839702+00:00
1648,0.644,2026-09-24T08:17:12.842175+00:00
1649,0.748,2026-09-24T08:17:12.844844+00:00
1650,0.953,2026-09-24T08:17:12.847697+00:00
1651,0.628,2026-09-24T08:17:12.850063+00:00
1652,0.718,2026-09-24T08:17:12.852648+00:00
1653,0.596,2026-09-24T08:17:12.855035+00:00
1654,0.589,2026-09-24T08:17:12.857512+00:00
1655,0.6,2026-09-24T08:17:12.859996+00:00
1656,0.5109999999999999,2026-09-24T08:17:12.862331+00:00
1657,0.6890000000000001,2026-09-24T08:17:12.864906+00:00
1658,0.8180000000000001,2026-09-24T08:17:12.867527+00:00
1659,0.734,2026-09-24T08:17:12.870067+00:00
1660,0.657,2026-09-24T08:17:12.872571+00:00
1661,0.5469999999999999,2026-09-24T08:17:12.874881+00:00
1662,0.5599999999999999,2026-09-24T08:17:12.877363+00:00
1663,0.5770000000000001,2026-09-24T08:17:12.879835+00:00
1664,0.526,2026-09-24T08:17:12.882230+00:00
1665,0.5509999999999999,2026-09-24T08:17:12.884661+00:00
1666,0.884,2026-09-24T08:17:12.887424+00:00
1667,0.691,2026-09-24T08:17:12.889861+00:00
1668,0.519,2026-09-24T08:17:12.892164+00:00
1669,0.737,2026-09-24T08:17:12.894745+00:00
1670,0.5199999999999999,2026-09-24T08:17:12.897035+00:00
1671,0.6849999999999999,2026-09-24T08:17:12.899586+00:00
1672,0.674,2026-09-24T08:17:12.902017+00:00
1673,0.631,2026-09-24T08:17:12.904432+00:00
1674,0.515,2026-09-24T08:17:12.906738+00:00
1675,0.5199999999999999,2026-09-24T08:17:12.909114+00:00
1676,0.512,2026-09-24T08:17:12.911466+00:00
1677,0.945,2026-09-24T08:17:12.914263+00:00
1678,0.7699999999999999,2026-09-24T08:17:12.916870+00:00
1679,0.737,2026-09-24T08:17:12.919430+00:00
1680,0.626,2026-09-24T08:17:12.921928+00:00
1681,0.5559999999999999,2026-09-24T08:17:12.924406+00:00
1682,0.465,2026-09-24T08:17:12.926826+00:00
1683,0.441,2026-09-24T08:17:12.929221+00:00
1684,0.608,2026-09-24T08:17:12.931786+00:00
1685,0.637,2026-09-24T08:17:12.934319+00:00
1686,0.47100000000000003,2026-09-24T08:17:12.936624+00:00
1687,0.5680000000000001,2026-09-24T08:17:12.939143+00:00
1688,0.608,2026-09-24T08:17:12.941637+00:00
1689,0.477,2026-09-24T08:17:12.943976+00:00
1690,0.6880000000000001,2026-09-24T08:17:12.946601+00:00
1691,0.513,2026-09-24T08:17:12.948892+00:00
1692,0.7240000000000001,2026-09-24T08:17:12.951547+00:00
1693,0.657,2026-09-24T08:17:12.953973+00:00
1694,0.592,2026-09-24T08:17:12.956426+00:00
1695,0.579,2026-09-24T08:17:12.958878+00:00
1696,0.45199999999999996,2026-09-24T08:17:12.961213+00:00
1697,0.609,2026-09-24T08:17:12.963749+00:00
1698,0.579,2026-09-24T08:17:12.966140+00:00
1699,0.752,2026-09-24T08:17:12.968710+00:00
1700,0.605,2026-09-24T08:17:12.970927+00:00
1701,0.517,2026-09-24T08:17:12.973309+00:00
1702,0.5,2026-09-24T08:17:12.975685+00:00
1703,0.664,2026-09-24T08:17:12.978212+00:00
1704,0.7,2026-09-24T08:17:12.980725+00:00
1705,0.49,2026-09-24T08:17:12.983029+00:00
1706,0.46099999999999997,2026-09-24T08:17:12.985368+00:00
1707,0.515,2026-09-24T08:17:12.987780+00:00
1708,0.596,2026-09-24T08:17:12.990248+00:00
1709,0.647,2026-09-24T08:17:12.992720+00:00
1710,0.48700000000000004,2026-09-24T08:17:12.995032+00:00
1711,0.597,2026-09-24T08:17:12.997561+00:00
1712,0.5609999999999999,2026-09-24T08:17:13.000083+00:00
1713,0.611,2026-09-24T08:17:13.002647+00:00
1714,0.713,2026-09-24T08:17:13.005284+00:00
1715,0.665,2026-09-24T08:17:13.007875+00:00
1716,0.5599999999999999,2026-09-24T08:17:13.010358+00:00
1717,0.656,2026-09-24T08:17:13.012991+00:00
1718,0.458,2026-09-24T08:17:13.015340+00:00
1719,0.615,2026-09-24T08:17:13.017888+00:00
1720,0.46900000000000003,2026-09-24T08:17:13.020234+00:00
1721,0.629,2026-09-24T08:17:13.022782+00:00
1722,0.6769999999999999,2026-09-24T08:17:13.025195+00:00
1723,0.6719999999999999,2026-09-24T08:17:13.027678+00:00
1724,0.519,2026-09-24T08:17:13.029943+00:00
1725,0.656,2026-09-24T08:17:13.032554+00:00
1726,0.55,2026-09-24T08:17:13.034932+00:00
1727,0.705,2026-09-24T08:17:13.037542+00:00
1728,0.6669999999999999,2026-09-24T08:17:13.040088+00:00
1729,0.49299999999999994,2026-09-24T08:17:13.042408+00:00
1730,0.533,2026-09-24T08:17:13.044846+00:00
1731,0.46799999999999997,2026-09-24T08:17:13.047220+00:00
1732,0.8720000000000001,2026-09-24T08:17:13.050029+00:00
1733,0.714,2026-09-24T08:17:13.052485+00:00
1734,0.684,2026-09-24T08:17:13.054964+00:00
1735,0.571,2026-09-24T08:17:13.057278+00:00
1736,0.545,2026-09-24T08:17:13.059675+00:00
1737,0.475,2026-09-24T08:17:13.062011+00:00
1738,0.46099999999999997,2026-09-24T08:17:13.064354+00:00
1739,0.482,2026-09-24T08:17:13.066719+00:00
1740,0.684,2026-09-24T08:17:13.069303+00:00
1741,0.526,2026-09-24T08:17:13.071585+00:00
1742,0.517,2026-09-24T08:17:13.074020+00:00
1743,0.596,2026-09-24T08:17:13.076551+00:00
1744,0.593,2026-09-24T08:17:13.078987+00:00
1745,0.605,2026-09-24T08:17:13.081556+00:00
1746,0.736,2026-09-24T08:17:13.084103+00:00
1747,0.627,2026-09-24T08:17:13.086489+00:00
1748,0.6819999999999999,2026-09-24T08:17:13.089022+00:00
1749,0.5519999999999999,2026-09-24T08:17:13.091440+00:00
1750,0.465,2026-09-24T08:17:13.093793+00:00
1751,0.383,2026-09-24T08:17:13.096123+00:00
1752,0.8019999999999999,2026-09-24T08:17:13.098876+00:00
1753,0.787,2026-09-24T08:17:13.101408+00:00
1754,0.592,2026-09-24T08:17:13.103830+00:00
1755,0.603,2026-09-24T08:17:13.106303+00:00
1756,0.612,2026-09-24T08:17:13.108754+00:00
1757,0.513,2026-09-24T08:17:13.111143+00:00
1758,0.48500000000000004,2026-09-24T08:17:13.113574+00:00
1759,0.488,2026-09-24T08:17:13.115918+00:00
1760,0.594,2026-09-24T08:17:13.118396+00:00
1761,0.629,2026-09-24T08:17:13.120853+00:00
1762,0.507,2026-09-24T08:17:13.123179+00:00
1763,0.5860000000000001,2026-09-24T08:17:13.125653+00:00
1764,0.646,2026-09-24T08:17:13.128121+00:00
1765,0.594,2026-09-24T08:17:13.130524+00:00
1766,0.585,2026-09-24T08:17:13.132937+00:00
1767,0.98,2026-09-24T08:17:13.135781+00:00
1768,0.736,2026-09-24T08:17:13.138150+00:00
1769,0.722,2026-09-24T08:17:13.140617+00:00
1770,0.51,2026-09-24T08:17:13.142879+00:00
1771,0.566,2026-09-24T08:17:13.145304+00:00
1772,0.68,2026-09-24T08:17:13.147790+00:00
1773,0.555,2026-09-24T08:17:13.150132+00:00
1774,0.666,2026-09-24T08:17:13.152730+00:00
1775,0.5630000000000001,2026-09-24T08:17:13.155300+00:00
1776,0.5730000000000001,2026-09-24T08:17:13.157784+00:00
1777,1.251,2026-09-24T08:17:13.160958+00:00
1778,1.206,2026-09-24T08:17:13.163616+00:00
1779,0.987,2026-09-24T08:17:13.166187+00:00
1780,0.877,2026-09-24T08:17:13.168936+00:00
1781,0.6970000000000001,2026-09-24T08:17:13.171435+00:00
1782,0.514,2026-09-24T08:17:13.173787+00:00
1783,0.516,2026-09-24T08:17:13.176221+00:00
1784,0.605,2026-09-24T08:17:13.178716+00:00
1785,0.723,2026-09-24T08:17:13.181360+00:00
1786,0.6679999999999999,2026-09-24T08:17:13.183913+00:00
1787,0.6970000000000001,2026-09-24T08:17:13.186476+00:00
1788,0.67,2026-09-24T08:17:13.188926+00:00
1789,0.579,2026-09-24T08:17:13.191346+00:00
1790,0.531,2026-09-24T08:17:13.193723+00:00
1791,0.525,2026-09-24T08:17:13.196107+00:00
1792,0.5559999999999999,2026-09-24T08:17:13.198534+00:00
1793,0.532,2026-09-24T08:17:13.200929+00:00
1794,0.627,2026-09-24T08:17:13.203400+00:00
1795,0.597,2026-09-24T08:17:13.205797+00:00
1796,0.719,2026-09-24T08:17:13.208373+00:00
1797,0.606,2026-09-24T08:17:13.210759+00:00
1798,0.618,2026-09-24T08:17:13.213194+00:00
1799,0.808,2026-09-24T08:17:13.215830+00:00
1800,0.546,2026-09-24T08:17:13.218102+00:00
1801,1.239,2026-09-24T08:17:13.221249+00:00
1802,1.111,2026-09-24T08:17:13.223773+00:00
1803,0.843,2026-09-24T08:17:13.226235+00:00
1804,0.884,2026-09-24T08:17:13.228846+00:00
1805,0.643,2026-09-24T08:17:13.231295+00:00
1806,0.804,2026-09-24T08:17:13.233978+00:00
1807,0.694,2026-09-24T08:17:13.236458+00:00
1808,0.7290000000000001,2026-09-24T08:17:13.239036+00:00
1809,0.601,2026-09-24T08:17:13.241477+00:00
1810,0.8720000000000001,2026-09-24T08:17:13.244292+00:00
1811,0.971,2026-09-24T08:17:13.247061+00:00
1812,0.9959999999999999,2026-09-24T08:17:13.249872+00:00
1813,1.016,2026-09-24T08:17:13.252613+00:00
1814,0.718,2026-09-24T08:17:13.255033+00:00
1815,0.75,2026-09-24T08:17:13.257714+00:00
1816,0.8109999999999999,2026-09-24T08:17:13.260323+00:00
1817,0.891,2026-09-24T08:17:13.263055+00:00
1818,0.7060000000000001,2026-09-24T08:17:13.265519+00:00
1819,0.666,2026-09-24T08:17:13.268053+00:00
1820,0.775,2026-09-24T08:17:13.270727+00:00
1821,0.526,2026-09-24T08:17:13.273108+00:00
1822,0.909,2026-09-24T08:17:13.275937+00:00
1823,0.9779999999999999,2026-09-24T08:17:13.278738+00:00
1824,0.898,2026-09-24T08:17:13.281234+00:00
1825,0.937,2026-09-24T08:17:13.283911+00:00
1826,0.731,2026-09-24T08:17:13.286348+00:00
1827,0.731,2026-09-24T08:17:13.288897+00:00
1828,1.192,2026-09-24T08:17:13.291833+00:00
1829,0.929,2026-09-24T08:17:13.294462+00:00
1830,0.896,2026-09-24T08:17:13.297122+00:00
1831,0.727,2026-09-24T08:17:13.299524+00:00
1832,0.9650000000000001,2026-09-24T08:17:13.302222+00:00
1833,0.8630000000000001,2026-09-24T08:17:13.304877+00:00
1834,0.782,2026-09-24T08:17:13.307395+00:00
1835,0.9520000000000001,2026-09-24T08:17:13.310149+00:00
1836,1.135,2026-09-24T08:17:13.313163+00:00
1837,0.879,2026-09-24T08:17:13.315722+00:00
1838,1.027,2026-09-24T08:17:13.318572+00:00
1839,0.728,2026-09-24T08:17:13.321137+00:00
1840,0.8490000000000001,2026-09-24T08:17:13.323877+00:00
1841,0.655,2026-09-24T08:17:13.326317+00:00
1842,0.713,2026-09-24T08:17:13.328932+00:00
1843,0.758,2026-09-24T08:17:13.331567+00:00
1844,0.5509999999999999,2026-09-24T08:17:13.334053+00:00
1845,0.434,2026-09-24T08:17:13.336374+00:00
1846,0.5609999999999999,2026-09-24T08:17:13.338873+00:00
1847,1.188,2026-09-24T08:17:13.342022+00:00
1848,0.903,2026-09-24T08:17:13.344357+00:00
1849,0.9309999999999999,2026-09-24T08:17:13.347137+00:00
1850,0.916,2026-09-24T08:17:13.349874+00:00
1851,1.042,2026-09-24T08:17:13.352775+00:00
1852,1.101,2026-09-24T08:17:13.355538+00:00
1853,1.026,2026-09-24T08:17:13.358225+00:00
1854,0.905,2026-09-24T08:17:13.360813+00:00
1855,0.992,2026-09-24T08:17:13.363533+00:00
1856,0.939,2026-09-24T08:17:13.366243+00:00
1857,0.776,2026-09-24T08:17:13.368819+00:00
1858,0.799,2026-09-24T08:17:13.371382+00:00
1859,0.9269999999999999,2026-09-24T08:17:13.374127+00:00
1860,1.057,2026-09-24T08:17:13.377039+00:00
1861,0.877,2026-09-24T08:17:13.379730+00:00
1862,1.191,2026-09-24T08:17:13.382760+00:00
1863,0.903,2026-09-24T08:17:13.385340+00:00
1864,1.0070000000000001,2026-09-24T08:17:13.388082+00:00
1865,0.742,2026-09-24T08:17:13.390466+00:00
1866,1.1199999999999999,2026-09-24T08:17:13.393326+00:00
1867,1.361,2026-09-24T08:17:13.396259+00:00
1868,1.213,2026-09-24T08:17:13.399163+00:00
1869,0.789,2026-09-24T08:17:13.401401+00:00
1870,1.195,2026-09-24T08:17:13.404432+00:00
1871,1.077,2026-09-24T08:17:13.407437+00:00
1872,0.912,2026-09-24T08:17:13.410128+00:00
1873,1.118,2026-09-24T08:17:13.413066+00:00
1874,1.059,2026-09-24T08:17:13.415892+00:00
1875,0.664,2026-09-24T08:17:13.418305+00:00
1876,0.678,2026-09-24T08:17:13.420866+00:00
1877,0.9319999999999999,2026-09-24T08:17:13.423677+00:00
1878,0.866,2026-09-24T08:17:13.426468+00:00
1879,1.0330000000000001,2026-09-24T08:17:13.429435+00:00
1880,0.9,2026-09-24T08:17:13.432082+00:00
1881,4.517,2026-09-24T08:17:13.438380+00:00
1882,0.767,2026-09-24T08:17:13.440907+00:00
1883,0.8220000000000001,2026-09-24T08:17:13.443538+00:00
1884,0.627,2026-09-24T08:17:13.445963+00:00
1885,0.62,2026-09-24T08:17:13.448370+00:00
1886,0.891,2026-09-24T08:17:13.451178+00:00
1887,0.851,2026-09-24T08:17:13.453812+00:00
1888,1.303,2026-09-24T08:17:13.456730+00:00
1889,0.751,2026-09-24T08:17:13.458667+00:00
1890,0.733,2026-09-24T08:17:13.461273+00:00
1891,0.775,2026-09-24T08:17:13.463840+00:00
1892,0.8170000000000001,2026-09-24T08:17:13.466560+00:00
1893,0.746,2026-09-24T08:17:13.469113+00:00
1894,0.467,2026-09-24T08:17:13.471375+00:00
1895,0.62,2026-09-24T08:17:13.473929+00:00
1896,0.622,2026-09-24T08:17:13.476360+00:00
1897,0.631,2026-09-24T08:17:13.478836+00:00
1898,0.541,2026-09-24T08:17:13.481253+00:00
1899,0.809,2026-09-24T08:17:13.483954+00:00
1900,0.75,2026-09-24T08:17:13.486545+00:00
1901,0.607,2026-09-24T08:17:13.488944+00:00
1902,0.522,2026-09-24T08:17:13.491376+00:00
1903,0.752,2026-09-24T08:17:13.494038+00:00
1904,0.49,2026-09-24T08:17:13.496350+00:00
1905,0.758,2026-09-24T08:17:13.499049+00:00
1906,0.597,2026-09-24T08:17:13.501564+00:00
1907,0.6849999999999999,2026-09-24T08:17:13.504147+00:00
1908,0.9909999999999999,2026-09-24T08:17:13.507036+00:00
1909,0.683,2026-09-24T08:17:13.509578+00:00
1910,0.911,2026-09-24T08:17:13.512303+00:00
1911,0.777,2026-09-24T08:17:13.514837+00:00
1912,0.704,2026-09-24T08:17:13.517398+00:00
1913,0.824,2026-09-24T08:17:13.520128+00:00
1914,0.5770000000000001,2026-09-24T08:17:13.522513+00:00
1915,0.851,2026-09-24T08:17:13.525188+00:00
1916,0.727,2026-09-24T08:17:13.527744+00:00
1917,0.66,2026-09-24T08:17:13.530158+00:00
1918,0.852,2026-09-24T08:17:13.532768+00:00
1919,1.087,2026-09-24T08:17:13.535778+00:00
1920,0.8140000000000001,2026-09-24T08:17:13.538216+00:00
1921,1.045,2026-09-24T08:17:13.541178+00:00
1922,0.848,2026-09-24T08:17:13.543737+00:00
1923,1.5610000000000002,2026-09-24T08:17:13.547135+00:00
1924,1.2149999999999999,2026-09-24T08:17:13.549508+00:00
1925,0.83,2026-09-24T08:17:13.552047+00:00
1926,0.718,2026-09-24T08:17:13.554644+00:00
1927,0.995,2026-09-24T08:17:13.557389+00:00
1928,0.747,2026-09-24T08:17:13.559805+00:00
1929,0.883,2026-09-24T08:17:13.562586+00:00
1930,0.7739999999999999,2026-09-24T08:17:13.565028+00:00
1931,0.614,2026-09-24T08:17:13.567488+00:00
1932,0.684,2026-09-24T08:17:13.569951+00:00
1933,0.795,2026-09-24T08:17:13.572572+00:00
1934,0.629,2026-09-24T08:17:13.574902+00:00
1935,0.5630000000000001,2026-09-24T08:17:13.577381+00:00
1936,0.94,2026-09-24T08:17:13.580302+00:00
1937,1.11,2026-09-24T08:17:13.583244+00:00
1938,0.726,2026-09-24T08:17:13.585535+00:00
1939,0.627,2026-09-24T08:17:13.587951+00:00
1940,0.919,2026-09-24T08:17:13.590786+00:00
1941,0.594,2026-09-24T08:17:13.593106+00:00
1942,0.588,2026-09-24T08:17:13.595597+00:00
1943,0.522,2026-09-24T08:17:13.598043+00:00
1944,0.798,2026-09-24T08:17:13.600741+00:00
1945,0.619,2026-09-24T08:17:13.603204+00:00
1946,0.8140000000000001,2026-09-24T08:17:13.605919+00:00
1947,0.8809999999999999,2026-09-24T08:17:13.608488+00:00
1948,0.666,2026-09-24T08:17:13.610891+00:00
1949,0.6819999999999999,2026-09-24T08:17:13.613362+00:00
1950,0.816,2026-09-24T08:17:13.616153+00:00
1951,0.696,2026-09-24T08:17:13.618657+00:00
1952,0.705,2026-09-24T08:17:13.621136+00:00
1953,0.6980000000000001,2026-09-24T08:17:13.623624+00:00
1954,0.85,2026-09-24T08:17:13.626212+00:00
1955,0.8170000000000001,2026-09-24T08:17:13.628951+00:00
1956,0.69,2026-09-24T08:17:13.631495+00:00
1957,0.549,2026-09-24T08:17:13.633898+00:00
1958,0.9610000000000001,2026-09-24T08:17:13.636806+00:00
1959,0.565,2026-09-24T08:17:13.639128+00:00
1960,0.747,2026-09-24T08:17:13.641701+00:00
1961,0.755,2026-09-24T08:17:13.644218+00:00
1962,0.768,2026-09-24T08:17:13.646879+00:00
1963,0.838,2026-09-24T08:17:13.649548+00:00
1964,0.734,2026-09-24T08:17:13.652097+00:00
1965,0.555,2026-09-24T08:17:13.654470+00:00
1966,0.5910000000000001,2026-09-24T08:17:13.657039+00:00
1967,0.9520000000000001,2026-09-24T08:17:13.659891+00:00
1968,0.9890000000000001,2026-09-24T08:17:13.662789+00:00
1969,0.525,2026-09-24T08:17:13.665127+00:00
1970,0.628,2026-09-24T08:17:13.667717+00:00
1971,0.673,2026-09-24T08:17:13.670288+00:00
1972,0.48500000000000004,2026-09-24T08:17:13.672678+00:00
1973,0.592,2026-09-24T08:17:13.675231+00:00
1974,0.695,2026-09-24T08:17:13.677833+00:00
1975,0.501,2026-09-24T08:17:13.680233+00:00
1976,0.616,2026-09-24T08:17:13.682834+00:00
1977,0.772,2026-09-24T08:17:13.685537+00:00
1978,0.624,2026-09-24T08:17:13.688000+00:00
1979,0.799,2026-09-24T08:17:13.690686+00:00
1980,0.674,2026-09-24T08:17:13.693253+00:00
1981,0.575,2026-09-24T08:17:13.695666+00:00
1982,0.48700000000000004,2026-09-24T08:17:13.698120+00:00
1983,0.488,2026-09-24T08:17:13.700553+00:00
1984,0.45399999999999996,2026-09-24T08:17:13.702923+00:00
1985,0.741,2026-09-24T08:17:13.705620+00:00
1986,0.76,2026-09-24T08:17:13.708170+00:00
1987,0.674,2026-09-24T08:17:13.710729+00:00
1988,0.519,2026-09-24T08:17:13.713079+00:00
1989,0.602,2026-09-24T08:17:13.715581+00:00
1990,0.7110000000000001,2026-09-24T08:17:13.718245+00:00
1991,0.5720000000000001,2026-09-24T08:17:13.720656+00:00
1992,0.502,2026-09-24T08:17:13.723081+00:00
1993,0.718,2026-09-24T08:17:13.725720+00:00
1994,0.584,2026-09-24T08:17:13.728105+00:00
1995,0.549,2026-09-24T08:17:13.730523+00:00
1996,0.5109999999999999,2026-09-24T08:17:13.732868+00:00
1997,0.754,2026-09-24T08:17:13.735566+00:00
1998,0.665,2026-09-24T08:17:13.738265+00:00
1999,0.435,2026-09-24T08:17:13.740648+00:00
2000,0.669,2026-09-24T08:17:13.743288+00:00
2001,0.651,2026-09-24T08:17:13.745731+00:00
2002,0.5519999999999999,2026-09-24T08:17:13.748155+00:00
2003,0.5379999999999999,2026-09-24T08:17:13.750590+00:00
2004,0.549,2026-09-24T08:17:13.752981+00:00
2005,0.465,2026-09-24T08:17:13.755363+00:00
2006,0.467,2026-09-24T08:17:13.757754+00:00
2007,0.446,2026-09-24T08:17:13.760128+00:00
2008,0.47,2026-09-24T08:17:13.762529+00:00
2009,0.45399999999999996,2026-09-24T08:17:13.764887+00:00
2010,0.49299999999999994,2026-09-24T08:17:13.767311+00:00
2011,0.47300000000000003,2026-09-24T08:17:13.769694+00:00
2012,0.661,2026-09-24T08:17:13.772261+00:00
2013,0.438,2026-09-24T08:17:13.774533+00:00
2014,0.41800000000000004,2026-09-24T08:17:13.776849+00:00
2015,0.447,2026-09-24T08:17:13.779217+00:00
2016,0.472,2026-09-24T08:17:13.781594+00:00
2017,0.46799999999999997,2026-09-24T08:17:13.783962+00:00
2018,0.593,2026-09-24T08:17:13.786454+00:00
2019,0.655,2026-09-24T08:17:13.788995+00:00
2020,0.472,2026-09-24T08:17:13.791383+00:00
2021,0.5810000000000001,2026-09-24T08:17:13.793861+00:00
2022,0.596,2026-09-24T08:17:13.796345+00:00
2023,0.627,2026-09-24T08:17:13.798892+00:00
2024,0.49,2026-09-24T08:17:13.801208+00:00
2025,0.49799999999999994,2026-09-24T08:17:13.803587+00:00
2026,0.535,2026-09-24T08:17:13.805968+00:00
2027,0.641,2026-09-24T08:17:13.808489+00:00
2028,0.5760000000000001,2026-09-24T08:17:13.811005+00:00
2029,0.6890000000000001,2026-09-24T08:17:13.813594+00:00
2030,0.579,2026-09-24T08:17:13.816086+00:00
2031,0.708,2026-09-24T08:17:13.818593+00:00
2032,0.46099999999999997,2026-09-24T08:17:13.820923+00:00
2033,0.40700000000000003,2026-09-24T08:17:13.823288+00:00
2034,0.48500000000000004,2026-09-24T08:17:13.825714+00:00
2035,0.433,2026-09-24T08:17:13.828111+00:00
2036,0.408,2026-09-24T08:17:13.830445+00:00
2037,0.453,2026-09-24T08:17:13.832823+00:00
2038,0.425,2026-09-24T08:17:13.835165+00:00
2039,0.516,2026-09-24T08:17:13.837610+00:00
2040,0.442,2026-09-24T08:17:13.839959+00:00
2041,0.431,2026-09-24T08:17:13.842310+00:00
2042,0.911,2026-09-24T08:17:13.845168+00:00
2043,0.643,2026-09-24T08:17:13.847585+00:00
2044,0.609,2026-09-24T08:17:13.850180+00:00
2045,0.79,2026-09-24T08:17:13.852862+00:00
2046,0.627,2026-09-24T08:17:13.855336+00:00
2047,0.584,2026-09-24T08:17:13.857800+00:00
2048,0.651,2026-09-24T08:17:13.860421+00:00
2049,0.629,2026-09-24T08:17:13.862939+00:00
2050,0.704,2026-09-24T08:17:13.865531+00:00
2051,0.633,2026-09-24T08:17:13.868056+00:00
2052,0.648,2026-09-24T08:17:13.870621+00:00
2053,0.598,2026-09-24T08:17:13.873028+00:00
2054,0.712,2026-09-24T08:17:13.875650+00:00
2055,0.842,2026-09-24T08:17:13.878330+00:00
2056,1.02,2026-09-24T08:17:13.881147+00:00
2057,0.843,2026-09-24T08:17:13.883634+00:00
2058,0.656,2026-09-24T08:17:13.885926+00:00
2059,0.57,2026-09-24T08:17:13.888325+00:00
2060,0.528,2026-09-24T08:17:13.890679+00:00
2061,0.512,2026-09-24T08:17:13.893033+00:00
2062,0.392,2026-09-24T08:17:13.895344+00:00
2063,0.508,2026-09-24T08:17:13.897810+00:00
2064,0.442,2026-09-24T08:17:13.900177+00:00
2065,0.641,2026-09-24T08:17:13.902770+00:00
2066,0.585,2026-09-24T08:17:13.905450+00:00
2067,0.616,2026-09-24T08:17:13.907993+00:00
2068,0.614,2026-09-24T08:17:13.910533+00:00
2069,0.78,2026-09-24T08:17:13.913179+00:00
2070,1.008,2026-09-24T08:17:13.915966+00:00
2071,0.844,2026-09-24T08:17:13.918598+00:00
2072,0.752,2026-09-24T08:17:13.921177+00:00
2073,0.6130000000000001,2026-09-24T08:17:13.923681+00:00
2074,0.622,2026-09-24T08:17:13.926203+00:00
2075,0.6669999999999999,2026-09-24T08:17:13.928796+00:00
2076,0.513,2026-09-24T08:17:13.931182+00:00
2077,0.5109999999999999,2026-09-24T08:17:13.933601+00:00
2078,0.5860000000000001,2026-09-24T08:17:13.936099+00:00
2079,0.596,2026-09-24T08:17:13.938654+00:00
2080,1.013,2026-09-24T08:17:13.941586+00:00
2081,0.9420000000000001,2026-09-24T08:17:13.944287+00:00
2082,0.748,2026-09-24T08:17:13.946832+00:00
2083,0.798,2026-09-24T08:17:13.949482+00:00
2084,0.901,2026-09-24T08:17:13.952198+00:00
2085,0.618,2026-09-24T08:17:13.954576+00:00
2086,0.725,2026-09-24T08:17:13.957160+00:00
2087,0.653,2026-09-24T08:17:13.959534+00:00
2088,0.896,2026-09-24T08:17:13.962305+00:00
2089,0.8360000000000001,2026-09-24T08:17:13.964906+00:00
2090,1.055,2026-09-24T08:17:13.967764+00:00
2091,0.609,2026-09-24T08:17:13.970041+00:00
2092,0.622,2026-09-24T08:17:13.972513+00:00
2093,0.507,2026-09-24T08:17:13.974815+00:00
2094,0.517,2026-09-24T08:17:13.977229+00:00
2095,0.673,2026-09-24T08:17:13.979793+00:00
2096,0.9510000000000001,2026-09-24T08:17:13.982733+00:00
2097,0.605,2026-09-24T08:17:13.985197+00:00
2098,1.176,2026-09-24T08:17:13.988272+00:00
2099,1.047,2026-09-24T08:17:13.991013+00:00
2100,0.9259999999999999,2026-09-24T08:17:13.993703+00:00
2101,0.713,2026-09-24T08:17:13.996086+00:00
2102,0.709,2026-09-24T08:17:13.998616+00:00
2103,0.7020000000000001,2026-09-24T08:17:14.001148+00:00
2104,0.684,2026-09-24T08:17:14.003672+00:00
2105,0.9430000000000001,2026-09-24T08:17:14.006443+00:00
2106,0.911,2026-09-24T08:17:14.008960+00:00
2107,0.646,2026-09-24T08:17:14.011377+00:00
2108,0.958,2026-09-24T08:17:14.014217+00:00
2109,1.039,2026-09-24T08:17:14.017028+00:00
2110,0.785,2026-09-24T08:17:14.019532+00:00
2111,0.778,2026-09-24T08:17:14.022179+00:00
2112,1.072,2026-09-24T08:17:14.025020+00:00
2113,0.933,2026-09-24T08:17:14.027638+00:00
2114,0.617,2026-09-24T08:17:14.030059+00:00
2115,0.6629999999999999,2026-09-24T08:17:14.032579+00:00
2116,0.878,2026-09-24T08:17:14.035239+00:00
2117,0.8180000000000001,2026-09-24T08:17:14.037726+00:00
2118,0.764,2026-09-24T08:17:14.040196+00:00
2119,0.745,2026-09-24T08:17:14.042992+00:00
2120,0.752,2026-09-24T08:17:14.045534+00:00
2121,0.638,2026-09-24T08:17:14.048023+00:00
2122,0.867,2026-09-24T08:17:14.050705+00:00
2123,0.694,2026-09-24T08:17:14.053183+00:00
2124,0.633,2026-09-24T08:17:14.055631+00:00
2125,0.671,2026-09-24T08:17:14.058101+00:00
2126,0.731,2026-09-24T08:17:14.060682+00:00
2127,0.5680000000000001,2026-09-24T08:17:14.063027+00:00
2128,0.549,2026-09-24T08:17:14.065546+00:00
2129,0.45399999999999996,2026-09-24T08:17:14.067941+00:00
2130,0.519,2026-09-24T08:17:14.070511+00:00
2131,0.535,2026-09-24T08:17:14.072965+00:00
2132,0.708,2026-09-24T08:17:14.075586+00:00
2133,0.855,2026-09-24T08:17:14.078408+00:00
2134,0.705,2026-09-24T08:17:14.081053+00:00
2135,0.675,2026-09-24T08:17:14.083647+00:00
2136,0.507,2026-09-24T08:17:14.086046+00:00
2137,0.506,2026-09-24T08:17:14.088502+00:00
2138,0.703,2026-09-24T08:17:14.091154+00:00
2139,0.619,2026-09-24T08:17:14.093624+00:00
2140,0.602,2026-09-24T08:17:14.096099+00:00
2141,0.608,2026-09-24T08:17:14.098531+00:00
2142,0.5509999999999999,2026-09-24T08:17:14.100948+00:00
2143,0.5720000000000001,2026-09-24T08:17:14.103408+00:00
2144,0.5630000000000001,2026-09-24T08:17:14.105846+00:00
2145,0.5770000000000001,2026-09-24T08:17:14.108287+00:00
2146,0.735,2026-09-24T08:17:14.110912+00:00
2147,0.816,2026-09-24T08:17:14.113521+00:00
2148,0.671,2026-09-24T08:17:14.115952+00:00
2149,0.664,2026-09-24T08:17:14.118463+00:00
2150,0.6669999999999999,2026-09-24T08:17:14.120914+00:00
2151,0.6759999999999999,2026-09-24T08:17:14.123427+00:00
2152,0.675,2026-09-24T08:17:14.125963+00:00
2153,0.521,2026-09-24T08:17:14.128384+00:00
2154,0.5339999999999999,2026-09-24T08:17:14.130801+00:00
2155,0.6489999999999999,2026-09-24T08:17:14.133310+00:00
2156,0.61,2026-09-24T08:17:14.135695+00:00
2157,0.501,2026-09-24T08:17:14.138042+00:00
2158,0.722,2026-09-24T08:17:14.140784+00:00
2159,0.587,2026-09-24T08:17:14.143292+00:00
2160,0.519,2026-09-24T08:17:14.145731+00:00
2161,0.596,2026-09-24T08:17:14.148243+00:00
2162,0.619,2026-09-24T08:17:14.150828+00:00
2163,0.559,2026-09-24T08:17:14.153379+00:00
2164,0.451,2026-09-24T08:17:14.155761+00:00
2165,0.483,2026-09-24T08:17:14.158170+00:00
2166,1.242,2026-09-24T08:17:14.161333+00:00
2167,0.7929999999999999,2026-09-24T08:17:14.164082+00:00
2168,0.754,2026-09-24T08:17:14.166626+00:00
2169,0.756,2026-09-24T08:17:14.169110+00:00
2170,0.496,2026-09-24T08:17:14.171435+00:00
2171,0.472,2026-09-24T08:17:14.173829+00:00
2172,0.627,2026-09-24T08:17:14.176386+00:00
2173,0.742,2026-09-24T08:17:14.179120+00:00
2174,0.605,2026-09-24T08:17:14.181509+00:00
2175,0.587,2026-09-24T08:17:14.183991+00:00
2176,0.605,2026-09-24T08:17:14.186433+00:00
2177,0.6849999999999999,2026-09-24T08:17:14.188937+00:00
2178,0.5609999999999999,2026-09-24T08:17:14.191335+00:00
2179,0.695,2026-09-24T08:17:14.193960+00:00
2180,0.545,2026-09-24T08:17:14.196328+00:00
2181,0.699,2026-09-24T08:17:14.198883+00:00
2182,0.673,2026-09-24T08:17:14.201350+00:00
2183,0.634,2026-09-24T08:17:14.203724+00:00
2184,0.5630000000000001,2026-09-24T08:17:14.206084+00:00
2185,0.652,2026-09-24T08:17:14.208613+00:00
2186,0.647,2026-09-24T08:17:14.211067+00:00
2187,0.664,2026-09-24T08:17:14.213499+00:00
2188,0.516,2026-09-24T08:17:14.215754+00:00
2189,0.505,2026-09-24T08:17:14.218132+00:00
2190,0.455,2026-09-24T08:17:14.220507+00:00
2191,0.398,2026-09-24T08:17:14.222826+00:00
2192,0.483,2026-09-24T08:17:14.225292+00:00
2193,0.566,2026-09-24T08:17:14.227868+00:00
2194,0.48700000000000004,2026-09-24T08:17:14.230248+00:00
2195,0.532,2026-09-24T08:17:14.232692+00:00
2196,0.424,2026-09-24T08:17:14.235084+00:00
2197,0.687,2026-09-24T08:17:14.237708+00:00
2198,0.605,2026-09-24T08:17:14.240132+00:00
2199,0.5379999999999999,2026-09-24T08:17:14.242541+00:00
2200,0.528,2026-09-24T08:17:14.244928+00:00
2201,0.759,2026-09-24T08:17:14.247609+00:00
2202,0.755,2026-09-24T08:17:14.250327+00:00
2203,0.5479999999999999,2026-09-24T08:17:14.252710+00:00
2204,0.47300000000000003,2026-09-24T08:17:14.255044+00:00
2205,0.5950000000000001,2026-09-24T08:17:14.257527+00:00
2206,0.776,2026-09-24T08:17:14.260100+00:00
2207,0.508,2026-09-24T08:17:14.262385+00:00
2208,0.521,2026-09-24T08:17:14.264765+00:00
2209,0.6539999999999999,2026-09-24T08:17:14.267371+00:00
2210,0.653,2026-09-24T08:17:14.269841+00:00
2211,0.5640000000000001,2026-09-24T08:17:14.272235+00:00
2212,0.622,2026-09-24T08:17:14.274690+00:00
2213,0.68,2026-09-24T08:17:14.277107+00:00
2214,0.752,2026-09-24T08:17:14.279678+00:00
2215,0.716,2026-09-24T08:17:14.282050+00:00
2216,0.721,2026-09-24T08:17:14.284529+00:00
2217,0.607,2026-09-24T08:17:14.286880+00:00
2218,0.558,2026-09-24T08:17:14.289247+00:00
2219,0.748,2026-09-24T08:17:14.291831+00:00
2220,0.606,2026-09-24T08:17:14.294222+00:00
2221,0.6629999999999999,2026-09-24T08:17:14.296667+00:00
2222,0.46799999999999997,2026-09-24T08:17:14.298984+00:00
2223,0.575,2026-09-24T08:17:14.301507+00:00
2224,0.5640000000000001,2026-09-24T08:17:14.303968+00:00
2225,0.512,2026-09-24T08:17:14.306368+00:00
2226,0.622,2026-09-24T08:17:14.308897+00:00
2227,0.6759999999999999,2026-09-24T08:17:14.311337+00:00
2228,0.503,2026-09-24T08:17:14.313627+00:00
2229,0.566,2026-09-24T08:17:14.316142+00:00
2230,0.643,2026-09-24T08:17:14.318746+00:00
2231,0.627,2026-09-24T08:17:14.321308+00:00
2232,0.853,2026-09-24T08:17:14.324021+00:00
2233,0.644,2026-09-24T08:17:14.326538+00:00
2234,0.5810000000000001,2026-09-24T08:17:14.329047+00:00
2235,0.8490000000000001,2026-09-24T08:17:14.331833+00:00
2236,0.559,2026-09-24T08:17:14.334269+00:00
2237,0.601,2026-09-24T08:17:14.336800+00:00
2238,0.559,2026-09-24T08:17:14.339226+00:00
2239,0.532,2026-09-24T08:17:14.341624+00:00
2240,0.5820000000000001,2026-09-24T08:17:14.344076+00:00
2241,0.62,2026-09-24T08:17:14.346556+00:00
2242,0.708,2026-09-24T08:17:14.349109+00:00
2243,0.555,2026-09-24T08:17:14.351408+00:00
2244,0.537,2026-09-24T08:17:14.353775+00:00
2245,0.66,2026-09-24T08:17:14.356347+00:00
2246,0.664,2026-09-24T08:17:14.358881+00:00
2247,0.6629999999999999,2026-09-24T08:17:14.361377+00:00
2248,0.627,2026-09-24T08:17:14.363855+00:00
2249,0.819,2026-09-24T08:17:14.366509+00:00
2250,0.51,2026-09-24T08:17:14.368756+00:00
2251,0.599,2026-09-24T08:17:14.371237+00:00
2252,0.5509999999999999,2026-09-24T08:17:14.373596+00:00
2253,0.68,2026-09-24T08:17:14.376081+00:00
2254,0.49299999999999994,2026-09-24T08:17:14.378561+00:00
2255,0.431,2026-09-24T08:17:14.380860+00:00
2256,0.55,2026-09-24T08:17:14.383369+00:00
2257,0.773,2026-09-24T08:17:14.386117+00:00
2258,0.707,2026-09-24T08:17:14.388685+00:00
2259,0.504,2026-09-24T08:17:14.391029+00:00
2260,0.47300000000000003,2026-09-24T08:17:14.393402+00:00
2261,0.6679999999999999,2026-09-24T08:17:14.395992+00:00
2262,0.537,2026-09-24T08:17:14.398398+00:00
2263,0.48700000000000004,2026-09-24T08:17:14.400778+00:00
2264,0.521,2026-09-24T08:17:14.403206+00:00
2265,0.647,2026-09-24T08:17:14.405748+00:00
2266,0.503,2026-09-24T08:17:14.408076+00:00
2267,0.625,2026-09-24T08:17:14.410628+00:00
2268,0.555,2026-09-24T08:17:14.412947+00:00
2269,0.6040000000000001,2026-09-24T08:17:14.415417+00:00
2270,0.647,2026-09-24T08:17:14.417973+00:00
2271,0.912,2026-09-24T08:17:14.420799+00:00
2272,0.7,2026-09-24T08:17:14.423192+00:00
2273,0.6809999999999999,2026-09-24T08:17:14.425710+00:00
2274,0.608,2026-09-24T08:17:14.428156+00:00
2275,0.763,2026-09-24T08:17:14.430765+00:00
2276,0.594,2026-09-24T08:17:14.433128+00:00
2277,0.635,2026-09-24T08:17:14.435586+00:00
2278,0.605,2026-09-24T08:17:14.437954+00:00
2279,0.7110000000000001,2026-09-24T08:17:14.440535+00:00
2280,0.746,2026-09-24T08:17:14.443097+00:00
2281,0.532,2026-09-24T08:17:14.445376+00:00
2282,0.664,2026-09-24T08:17:14.447918+00:00
2283,0.647,2026-09-24T08:17:14.450400+00:00
2284,0.549,2026-09-24T08:17:14.452793+00:00
2285,0.449,2026-09-24T08:17:14.455166+00:00
2286,0.61,2026-09-24T08:17:14.457854+00:00
2287,0.687,2026-09-24T08:17:14.460594+00:00
2288,0.57,2026-09-24T08:17:14.463161+00:00
2289,0.554,2026-09-24T08:17:14.465754+00:00
2290,0.639,2026-09-24T08:17:14.468365+00:00
2291,0.61,2026-09-24T08:17:14.470963+00:00
2292,0.609,2026-09-24T08:17:14.473521+00:00
2293,0.664,2026-09-24T08:17:14.476099+00:00
2294,0.636,2026-09-24T08:17:14.478642+00:00
2295,0.5680000000000001,2026-09-24T08:17:14.481094+00:00
2296,0.632,2026-09-24T08:17:14.483716+00:00
2297,0.611,2026-09-24T08:17:14.486342+00:00
2298,0.6819999999999999,2026-09-24T08:17:14.488996+00:00
2299,0.636,2026-09-24T08:17:14.491572+00:00
2300,0.703,2026-09-24T08:17:14.494229+00:00
2301,0.754,2026-09-24T08:17:14.496877+00:00
2302,0.787,2026-09-24T08:17:14.499609+00:00
2303,0.856,2026-09-24T08:17:14.502404+00:00
2304,0.8059999999999999,2026-09-24T08:17:14.504962+00:00
2305,0.537,2026-09-24T08:17:14.507387+00:00
2306,0.73,2026-09-24T08:17:14.510024+00:00
2307,0.64,2026-09-24T08:17:14.512476+00:00
2308,1.066,2026-09-24T08:17:14.515368+00:00
2309,0.5640000000000001,2026-09-24T08:17:14.517342+00:00
2310,0.684,2026-09-24T08:17:14.519848+00:00
2311,0.78,2026-09-24T08:17:14.522391+00:00
2312,0.789,2026-09-24T08:17:14.524903+00:00
2313,0.5820000000000001,2026-09-24T08:17:14.527240+00:00
2314,0.523,2026-09-24T08:17:14.529582+00:00
2315,0.708,2026-09-24T08:17:14.532136+00:00
2316,0.734,2026-09-24T08:17:14.534668+00:00
2317,0.665,2026-09-24T08:17:14.537161+00:00
2318,0.53,2026-09-24T08:17:14.539550+00:00
2319,0.45,2026-09-24T08:17:14.541959+00:00
2320,0.434,2026-09-24T08:17:14.544353+00:00
2321,0.47600000000000003,2026-09-24T08:17:14.546800+00:00
2322,0.598,2026-09-24T08:17:14.549351+00:00
2323,0.632,2026-09-24T08:17:14.552069+00:00
2324,0.671,2026-09-24T08:17:14.554669+00:00
2325,0.5339999999999999,2026-09-24T08:17:14.557151+00:00
2326,0.619,2026-09-24T08:17:14.559756+00:00
2327,0.5519999999999999,2026-09-24T08:17:14.562328+00:00
2328,0.69,2026-09-24T08:17:14.565018+00:00
2329,0.6980000000000001,2026-09-24T08:17:14.567710+00:00
2330,0.7879999999999999,2026-09-24T08:17:14.570462+00:00
2331,0.7110000000000001,2026-09-24T08:17:14.572987+00:00
2332,0.8109999999999999,2026-09-24T08:17:14.575549+00:00
2333,0.8490000000000001,2026-09-24T08:17:14.578169+00:00
2334,0.6759999999999999,2026-09-24T08:17:14.580576+00:00
2335,0.6579999999999999,2026-09-24T08:17:14.583043+00:00
2336,0.83,2026-09-24T08:17:14.585719+00:00
2337,0.583,2026-09-24T08:17:14.588026+00:00
2338,1.165,2026-09-24T08:17:14.591047+00:00
2339,0.653,2026-09-24T08:17:14.593519+00:00
2340,0.866,2026-09-24T08:17:14.596260+00:00
2341,0.717,2026-09-24T08:17:14.598921+00:00
2342,0.589,2026-09-24T08:17:14.601435+00:00
2343,0.756,2026-09-24T08:17:14.604046+00:00
2344,0.798,2026-09-24T08:17:14.606615+00:00
2345,0.6489999999999999,2026-09-24T08:17:14.609054+00:00
2346,0.638,2026-09-24T08:17:14.611473+00:00
2347,0.603,2026-09-24T08:17:14.613856+00:00
2348,0.47100000000000003,2026-09-24T08:17:14.616208+00:00
2349,0.495,2026-09-24T08:17:14.618602+00:00
2350,0.43,2026-09-24T08:17:14.621045+00:00
2351,0.354,2026-09-24T08:17:14.623369+00:00
2352,0.395,2026-09-24T08:17:14.625747+00:00
2353,0.39599999999999996,2026-09-24T08:17:14.628133+00:00
2354,0.47100000000000003,2026-09-24T08:17:14.630566+00:00
2355,0.371,2026-09-24T08:17:14.632870+00:00
2356,0.7060000000000001,2026-09-24T08:17:14.635557+00:00
2357,0.86,2026-09-24T08:17:14.638152+00:00
2358,0.607,2026-09-24T08:17:14.640478+00:00
2359,0.42000000000000004,2026-09-24T08:17:14.642694+00:00
2360,0.5,2026-09-24T08:17:14.645147+00:00
2361,0.635,2026-09-24T08:17:14.647654+00:00
2362,0.541,2026-09-24T08:17:14.650020+00:00
2363,0.6679999999999999,2026-09-24T08:17:14.652594+00:00
2364,0.523,2026-09-24T08:17:14.654896+00:00
2365,0.474,2026-09-24T08:17:14.657240+00:00
2366,0.5,2026-09-24T08:17:14.659636+00:00
2367,0.741,2026-09-24T08:17:14.662272+00:00
2368,0.9269999999999999,2026-09-24T08:17:14.665191+00:00
2369,0.8260000000000001,2026-09-24T08:17:14.667810+00:00
2370,0.833,2026-09-24T08:17:14.670458+00:00
2371,0.6539999999999999,2026-09-24T08:17:14.672900+00:00
2372,0.609,2026-09-24T08:17:14.675439+00:00
2373,0.771,2026-09-24T08:17:14.678046+00:00
2374,0.506,2026-09-24T08:17:14.680321+00:00
2375,0.49,2026-09-24T08:17:14.682672+00:00
2376,0.5479999999999999,2026-09-24T08:17:14.685129+00:00
2377,0.714,2026-09-24T08:17:14.687766+00:00
2378,1.037,2026-09-24T08:17:14.690710+00:00
2379,0.554,2026-09-24T08:17:14.692722+00:00
2380,0.513,2026-09-24T08:17:14.695099+00:00
2381,0.55,2026-09-24T08:17:14.697572+00:00
2382,0.6930000000000001,2026-09-24T08:17:14.700371+00:00
2383,0.49,2026-09-24T08:17:14.702816+00:00
2384,0.399,2026-09-24T08:17:14.705201+00:00
2385,0.602,2026-09-24T08:17:14.707875+00:00
2386,0.597,2026-09-24T08:17:14.710463+00:00
2387,0.539,2026-09-24T08:17:14.712923+00:00
2388,0.433,2026-09-24T08:17:14.715362+00:00
2389,0.565,2026-09-24T08:17:14.717923+00:00
2390,0.479,2026-09-24T08:17:14.720332+00:00
2391,0.433,2026-09-24T08:17:14.722698+00:00
2392,0.399,2026-09-24T08:17:14.725084+00:00
2393,0.585,2026-09-24T08:17:14.727639+00:00
2394,0.58,2026-09-24T08:17:14.730121+00:00
2395,0.434,2026-09-24T08:17:14.732444+00:00
2396,0.559,2026-09-24T08:17:14.734929+00:00
2397,0.5469999999999999,2026-09-24T08:17:14.737388+00:00
2398,0.508,2026-09-24T08:17:14.739762+00:00
2399,0.5379999999999999,2026-09-24T08:17:14.742241+00:00
2400,0.488,2026-09-24T08:17:14.744629+00:00
2401,0.587,2026-09-24T08:17:14.747178+00:00
2402,0.594,2026-09-24T08:17:14.749635+00:00
2403,0.592,2026-09-24T08:17:14.752088+00:00
2404,0.727,2026-09-24T08:17:14.754727+00:00
2405,0.603,2026-09-24T08:17:14.757175+00:00
2406,0.75,2026-09-24T08:17:14.759753+00:00
2407,0.5509999999999999,2026-09-24T08:17:14.762054+00:00
2408,0.545,2026-09-24T08:17:14.764488+00:00
2409,0.6849999999999999,2026-09-24T08:17:14.767035+00:00
2410,0.664,2026-09-24T08:17:14.769469+00:00
2411,0.579,2026-09-24T08:17:14.771847+00:00
2412,0.6539999999999999,2026-09-24T08:17:14.774342+00:00
2413,0.501,2026-09-24T08:17:14.776650+00:00
2414,0.5770000000000001,2026-09-24T08:17:14.779151+00:00
2415,0.48899999999999993,2026-09-24T08:17:14.781526+00:00
2416,0.451,2026-09-24T08:17:14.783882+00:00
2417,0.585,2026-09-24T08:17:14.786442+00:00
2418,0.5640000000000001,2026-09-24T08:17:14.788866+00:00
2419,0.502,2026-09-24T08:17:14.791264+00:00
2420,0.646,2026-09-24T08:17:14.793815+00:00
2421,0.615,2026-09-24T08:17:14.796261+00:00
2422,0.722,2026-09-24T08:17:14.798893+00:00
2423,0.5109999999999999,2026-09-24T08:17:14.801279+00:00
2424,0.443,2026-09-24T08:17:14.803624+00:00
2425,0.6040000000000001,2026-09-24T08:17:14.806213+00:00
2426,0.5900000000000001,2026-09-24T08:17:14.808656+00:00
2427,0.601,2026-09-24T08:17:14.811258+00:00
2428,0.5109999999999999,2026-09-24T08:17:14.813656+00:00
2429,0.499,2026-09-24T08:17:14.816086+00:00
2430,0.49299999999999994,2026-09-24T08:17:14.818478+00:00
2431,0.669,2026-09-24T08:17:14.821061+00:00
2432,0.528,2026-09-24T08:17:14.823563+00:00
2433,0.5289999999999999,2026-09-24T08:17:14.826123+00:00
2434,0.6539999999999999,2026-09-24T08:17:14.828788+00:00
2435,0.528,2026-09-24T08:17:14.831183+00:00
2436,0.516,2026-09-24T08:17:14.833658+00:00
2437,0.627,2026-09-24T08:17:14.836260+00:00
2438,0.512,2026-09-24T08:17:14.838655+00:00
2439,0.616,2026-09-24T08:17:14.841157+00:00
2440,0.62,2026-09-24T08:17:14.843601+00:00
2441,0.457,2026-09-24T08:17:14.845957+00:00
2442,0.41100000000000003,2026-09-24T08:17:14.848285+00:00
2443,0.447,2026-09-24T08:17:14.850659+00:00
2444,0.44,2026-09-24T08:17:14.853027+00:00
2445,0.373,2026-09-24T08:17:14.855335+00:00
2446,0.375,2026-09-24T08:17:14.857693+00:00
2447,0.458,2026-09-24T08:17:14.860140+00:00
2448,0.355,2026-09-24T08:17:14.862432+00:00
2449,0.482,2026-09-24T08:17:14.864881+00:00
2450,0.40499999999999997,2026-09-24T08:17:14.867154+00:00
2451,0.522,2026-09-24T08:17:14.869602+00:00
2452,0.546,2026-09-24T08:17:14.872256+00:00
2453,0.519,2026-09-24T08:17:14.874840+00:00
2454,0.439,2026-09-24T08:17:14.877234+00:00
2455,0.6970000000000001,2026-09-24T08:17:14.880026+00:00
2456,0.482,2026-09-24T08:17:14.882304+00:00
2457,0.558,2026-09-24T08:17:14.884811+00:00
2458,0.458,2026-09-24T08:17:14.887199+00:00
2459,0.545,2026-09-24T08:17:14.889709+00:00
2460,0.38699999999999996,2026-09-24T08:17:14.892013+00:00
2461,0.42000000000000004,2026-09-24T08:17:14.894382+00:00
2462,0.389,2026-09-24T08:17:14.896694+00:00
2463,0.391,2026-09-24T08:17:14.899033+00:00
2464,0.379,2026-09-24T08:17:14.901345+00:00
2465,0.65,2026-09-24T08:17:14.903940+00:00
2466,0.484,2026-09-24T08:17:14.906240+00:00
2467,0.553,2026-09-24T08:17:14.908652+00:00
2468,0.47600000000000003,2026-09-24T08:17:14.910905+00:00
2469,0.502,2026-09-24T08:17:14.913258+00:00
2470,0.535,2026-09-24T08:17:14.915635+00:00
2471,1.0,2026-09-24T08:17:14.918549+00:00
2472,0.637,2026-09-24T08:17:14.920955+00:00
2473,0.584,2026-09-24T08:17:14.923392+00:00
2474,0.5569999999999999,2026-09-24T08:17:14.925806+00:00
2475,0.708,2026-09-24T08:17:14.928353+00:00
2476,0.585,2026-09-24T08:17:14.930710+00:00
2477,0.41800000000000004,2026-09-24T08:17:14.932983+00:00
2478,0.449,2026-09-24T08:17:14.935409+00:00
2479,0.446,2026-09-24T08:17:14.937824+00:00
2480,0.438,2026-09-24T08:17:14.940229+00:00
2481,0.465,2026-09-24T08:17:14.942658+00:00
2482,0.414,2026-09-24T08:17:14.945002+00:00
2483,0.578,2026-09-24T08:17:14.947538+00:00
2484,0.467,2026-09-24T08:17:14.949894+00:00
2485,0.819,2026-09-24T08:17:14.952652+00:00
2486,0.628,2026-09-24T08:17:14.954915+00:00
2487,0.844,2026-09-24T08:17:14.957569+00:00
2488,0.505,2026-09-24T08:17:14.959652+00:00
2489,0.46799999999999997,2026-09-24T08:17:14.962058+00:00
2490,0.49700000000000005,2026-09-24T08:17:14.964489+00:00
2491,0.5289999999999999,2026-09-24T08:17:14.966915+00:00
2492,0.541,2026-09-24T08:17:14.969327+00:00
2493,0.596,2026-09-24T08:17:14.971804+00:00
2494,0.611,2026-09-24T08:17:14.974316+00:00
2495,0.6539999999999999,2026-09-24T08:17:14.976873+00:00
2496,0.655,2026-09-24T08:17:14.979486+00:00
2497,0.633,2026-09-24T08:17:14.982032+00:00
2498,0.632,2026-09-24T08:17:14.984618+00:00
2499,0.636,2026-09-24T08:17:14.987164+00:00
2500,0.651,2026-09-24T08:17:14.989744+00:00
2501,0.641,2026-09-24T08:17:14.992328+00:00
2502,0.671,2026-09-24T08:17:14.994901+00:00
2503,0.656,2026-09-24T08:17:14.997474+00:00
2504,0.6579999999999999,2026-09-24T08:17:15.000010+00:00
2505,0.651,2026-09-24T08:17:15.002571+00:00
2506,0.615,2026-09-24T08:17:15.005083+00:00
2507,0.6849999999999999,2026-09-24T08:17:15.007658+00:00
2508,0.62,2026-09-24T08:17:15.010164+00:00
2509,0.63,2026-09-24T08:17:15.012740+00:00
2510,0.58,2026-09-24T08:17:15.015226+00:00
2511,0.608,2026-09-24T08:17:15.017878+00:00
2512,0.7,2026-09-24T08:17:15.020681+00:00
2513,0.7699999999999999,2026-09-24T08:17:15.023331+00:00
2514,0.815,2026-09-24T08:17:15.026161+00:00
2515,0.5820000000000001,2026-09-24T08:17:15.028577+00:00
2516,0.583,2026-09-24T08:17:15.031197+00:00
2517,0.629,2026-09-24T08:17:15.033804+00:00
2518,0.601,2026-09-24T08:17:15.036348+00:00
2519,1.037,2026-09-24T08:17:15.039327+00:00
2520,0.652,2026-09-24T08:17:15.041650+00:00
2521,0.618,2026-09-24T08:17:15.044109+00:00
2522,0.669,2026-09-24T08:17:15.046675+00:00
2523,0.585,2026-09-24T08:17:15.049202+00:00
2524,0.571,2026-09-24T08:17:15.051678+00:00
2525,0.5910000000000001,2026-09-24T08:17:15.054221+00:00
2526,0.83,2026-09-24T08:17:15.056963+00:00
2527,0.7919999999999999,2026-09-24T08:17:15.059635+00:00
2528,0.74,2026-09-24T08:17:15.062171+00:00
2529,0.798,2026-09-24T08:17:15.064800+00:00
2530,0.763,2026-09-24T08:17:15.067449+00:00
2531,0.9890000000000001,2026-09-24T08:17:15.070344+00:00
2532,0.764,2026-09-24T08:17:15.072898+00:00
2533,0.637,2026-09-24T08:17:15.075349+00:00
2534,0.746,2026-09-24T08:17:15.077984+00:00
2535,0.99,2026-09-24T08:17:15.080846+00:00
2536,0.6890000000000001,2026-09-24T08:17:15.083219+00:00
2537,0.6669999999999999,2026-09-24T08:17:15.085853+00:00
2538,0.6,2026-09-24T08:17:15.088312+00:00
2539,0.782,2026-09-24T08:17:15.090931+00:00
2540,0.593,2026-09-24T08:17:15.093306+00:00
2541,0.596,2026-09-24T08:17:15.095787+00:00
2542,0.627,2026-09-24T08:17:15.098395+00:00
2543,0.902,2026-09-24T08:17:15.101260+00:00
2544,0.675,2026-09-24T08:17:15.103678+00:00
2545,0.54,2026-09-24T08:17:15.106048+00:00
2546,0.777,2026-09-24T08:17:15.108724+00:00
2547,0.6629999999999999,2026-09-24T08:17:15.111303+00:00
2548,0.6819999999999999,2026-09-24T08:17:15.113898+00:00
2549,0.9990000000000001,2026-09-24T08:17:15.116761+00:00
2550,0.8260000000000001,2026-09-24T08:17:15.119355+00:00
2551,0.9,2026-09-24T08:17:15.122150+00:00
2552,0.7240000000000001,2026-09-24T08:17:15.124635+00:00
2553,0.759,2026-09-24T08:17:15.127423+00:00
2554,0.9079999999999999,2026-09-24T08:17:15.130210+00:00
2555,0.8019999999999999,2026-09-24T08:17:15.132766+00:00
2556,0.6679999999999999,2026-09-24T08:17:15.135263+00:00
2557,0.69,2026-09-24T08:17:15.137876+00:00
2558,0.833,2026-09-24T08:17:15.140668+00:00
2559,0.6719999999999999,2026-09-24T08:17:15.143206+00:00
2560,0.9470000000000001,2026-09-24T08:17:15.146057+00:00
2561,0.843,2026-09-24T08:17:15.148655+00:00
2562,0.975,2026-09-24T08:17:15.151404+00:00
2563,1.001,2026-09-24T08:17:15.154237+00:00
2564,0.921,2026-09-24T08:17:15.156922+00:00
2565,1.116,2026-09-24T08:17:15.159878+00:00
2566,1.095,2026-09-24T08:17:15.162763+00:00
2567,0.95,2026-09-24T08:17:15.165636+00:00
2568,1.088,2026-09-24T08:17:15.168605+00:00
2569,0.8140000000000001,2026-09-24T08:17:15.171171+00:00
2570,0.808,2026-09-24T08:17:15.173674+00:00
2571,0.65,2026-09-24T08:17:15.176129+00:00
2572,0.673,2026-09-24T08:17:15.178610+00:00
2573,1.148,2026-09-24T08:17:15.181539+00:00
2574,0.7150000000000001,2026-09-24T08:17:15.184009+00:00
2575,0.5950000000000001,2026-09-24T08:17:15.186504+00:00
2576,0.781,2026-09-24T08:17:15.189185+00:00
2577,0.666,2026-09-24T08:17:15.191593+00:00
2578,0.58,2026-09-24T08:17:15.193924+00:00
2579,0.558,2026-09-24T08:17:15.196342+00:00
2580,0.626,2026-09-24T08:17:15.198812+00:00
2581,0.859,2026-09-24T08:17:15.201729+00:00
2582,0.751,2026-09-24T08:17:15.204343+00:00
2583,0.6669999999999999,2026-09-24T08:17:15.206862+00:00
2584,0.643,2026-09-24T08:17:15.209604+00:00
2585,0.495,2026-09-24T08:17:15.212023+00:00
2586,0.6449999999999999,2026-09-24T08:17:15.214628+00:00
2587,0.736,2026-09-24T08:17:15.217273+00:00
2588,0.5910000000000001,2026-09-24T08:17:15.219651+00:00
2589,0.528,2026-09-24T08:17:15.222091+00:00
2590,0.599,2026-09-24T08:17:15.224638+00:00
2591,0.553,2026-09-24T08:17:15.227113+00:00
2592,0.6539999999999999,2026-09-24T08:17:15.229714+00:00
2593,0.513,2026-09-24T08:17:15.232119+00:00
2594,0.5479999999999999,2026-09-24T08:17:15.234610+00:00
2595,0.856,2026-09-24T08:17:15.237436+00:00
2596,0.679,2026-09-24T08:17:15.239891+00:00
2597,0.671,2026-09-24T08:17:15.242469+00:00
2598,0.7200000000000001,2026-09-24T08:17:15.245018+00:00
2599,0.8059999999999999,2026-09-24T08:17:15.247716+00:00
2600,0.722,2026-09-24T08:17:15.250303+00:00
2601,0.736,2026-09-24T08:17:15.252942+00:00
2602,0.714,2026-09-24T08:17:15.255570+00:00
2603,0.754,2026-09-24T08:17:15.258176+00:00
2604,0.57,2026-09-24T08:17:15.260582+00:00
2605,0.42700000000000005,2026-09-24T08:17:15.262896+00:00
2606,0.416,2026-09-24T08:17:15.265332+00:00
2607,0.42000000000000004,2026-09-24T08:17:15.267765+00:00
2608,0.43,2026-09-24T08:17:15.270209+00:00
2609,0.54,2026-09-24T08:17:15.272732+00:00
2610,0.395,2026-09-24T08:17:15.275097+00:00
2611,0.54,2026-09-24T08:17:15.277641+00:00
2612,0.527,2026-09-24T08:17:15.280149+00:00
2613,0.7010000000000001,2026-09-24T08:17:15.282866+00:00
2614,0.657,2026-09-24T08:17:15.285373+00:00
2615,0.5720000000000001,2026-09-24T08:17:15.287794+00:00
2616,0.429,2026-09-24T08:17:15.290218+00:00
2617,0.5469999999999999,2026-09-24T08:17:15.292766+00:00
2618,0.496,2026-09-24T08:17:15.295223+00:00
2619,0.597,2026-09-24T08:17:15.297795+00:00
2620,0.524,2026-09-24T08:17:15.300223+00:00
2621,0.539,2026-09-24T08:17:15.302656+00:00
2622,0.479,2026-09-24T08:17:15.305032+00:00
2623,0.46799999999999997,2026-09-24T08:17:15.307430+00:00
2624,0.5109999999999999,2026-09-24T08:17:15.309926+00:00
2625,0.6759999999999999,2026-09-24T08:17:15.312524+00:00
2626,0.7380000000000001,2026-09-24T08:17:15.315164+00:00
2627,0.68,2026-09-24T08:17:15.317678+00:00
2628,0.531,2026-09-24T08:17:15.320162+00:00
2629,0.671,2026-09-24T08:17:15.322797+00:00
2630,0.45899999999999996,2026-09-24T08:17:15.325162+00:00
2631,0.571,2026-09-24T08:17:15.327688+00:00
2632,0.482,2026-09-24T08:17:15.330077+00:00
2633,0.482,2026-09-24T08:17:15.332513+00:00
2634,0.545,2026-09-24T08:17:15.334962+00:00
2635,0.5199999999999999,2026-09-24T08:17:15.337353+00:00
2636,0.621,2026-09-24T08:17:15.339931+00:00
2637,0.425,2026-09-24T08:17:15.342288+00:00
2638,0.5670000000000001,2026-09-24T08:17:15.344866+00:00
2639,0.721,2026-09-24T08:17:15.347505+00:00
2640,0.574,2026-09-24T08:17:15.349944+00:00
2641,0.415,2026-09-24T08:17:15.352276+00:00
2642,0.562,2026-09-24T08:17:15.354791+00:00
2643,0.646,2026-09-24T08:17:15.357396+00:00
2644,0.5810000000000001,2026-09-24T08:17:15.359851+00:00
2645,0.504,2026-09-24T08:17:15.362301+00:00
2646,0.5559999999999999,2026-09-24T08:17:15.364788+00:00
2647,0.605,2026-09-24T08:17:15.367293+00:00
2648,0.5820000000000001,2026-09-24T08:17:15.369759+00:00
2649,0.416,2026-09-24T08:17:15.371958+00:00
2650,0.846,2026-09-24T08:17:15.374722+00:00
2651,0.5770000000000001,2026-09-24T08:17:15.377396+00:00
2652,0.66,2026-09-24T08:17:15.379881+00:00
2653,0.857,2026-09-24T08:17:15.382558+00:00
2654,0.851,2026-09-24T08:17:15.385179+00:00
2655,0.624,2026-09-24T08:17:15.387426+00:00
2656,0.764,2026-09-24T08:17:15.390046+00:00
2657,0.49700000000000005,2026-09-24T08:17:15.392346+00:00
2658,0.5770000000000001,2026-09-24T08:17:15.394832+00:00
2659,0.587,2026-09-24T08:17:15.397308+00:00
2660,0.5469999999999999,2026-09-24T08:17:15.399705+00:00
2661,0.5199999999999999,2026-09-24T08:17:15.402137+00:00
2662,0.521,2026-09-24T08:17:15.404548+00:00
2663,0.5109999999999999,2026-09-24T08:17:15.406940+00:00
2664,0.634,2026-09-24T08:17:15.409457+00:00
2665,0.722,2026-09-24T08:17:15.412005+00:00
2666,0.893,2026-09-24T08:17:15.414588+00:00
2667,0.734,2026-09-24T08:17:15.417160+00:00
2668,0.892,2026-09-24T08:17:15.419849+00:00
2669,0.5559999999999999,2026-09-24T08:17:15.422099+00:00
2670,0.575,2026-09-24T08:17:15.424752+00:00
2671,0.46900000000000003,2026-09-24T08:17:15.427144+00:00
2672,0.578,2026-09-24T08:17:15.429622+00:00
2673,0.535,2026-09-24T08:17:15.432074+00:00
2674,0.5479999999999999,2026-09-24T08:17:15.434531+00:00
2675,0.472,2026-09-24T08:17:15.436903+00:00
2676,0.502,2026-09-24T08:17:15.439334+00:00
2677,0.44,2026-09-24T08:17:15.441700+00:00
2678,0.494,2026-09-24T08:17:15.444133+00:00
2679,0.583,2026-09-24T08:17:15.446693+00:00
2680,0.574,2026-09-24T08:17:15.449120+00:00
2681,0.6719999999999999,2026-09-24T08:17:15.451731+00:00
2682,0.507,2026-09-24T08:17:15.454092+00:00
2683,0.47600000000000003,2026-09-24T08:17:15.456481+00:00
2684,0.519,2026-09-24T08:17:15.458900+00:00
2685,0.503,2026-09-24T08:17:15.461333+00:00
2686,0.486,2026-09-24T08:17:15.463735+00:00
2687,0.605,2026-09-24T08:17:15.466270+00:00
2688,0.5429999999999999,2026-09-24T08:17:15.468682+00:00
2689,0.555,2026-09-24T08:17:15.471122+00:00
2690,0.504,2026-09-24T08:17:15.473504+00:00
2691,0.49799999999999994,2026-09-24T08:17:15.475885+00:00
2692,0.5379999999999999,2026-09-24T08:17:15.478318+00:00
2693,0.655,2026-09-24T08:17:15.480821+00:00
2694,0.49299999999999994,2026-09-24T08:17:15.483162+00:00
2695,0.664,2026-09-24T08:17:15.485748+00:00
2696,0.47800000000000004,2026-09-24T08:17:15.488087+00:00
2697,0.58,2026-09-24T08:17:15.490556+00:00
2698,0.509,2026-09-24T08:17:15.492881+00:00
2699,0.472,2026-09-24T08:17:15.495232+00:00
2700,0.5730000000000001,2026-09-24T08:17:15.497687+00:00
2701,0.439,2026-09-24T08:17:15.500094+00:00
2702,0.417,2026-09-24T08:17:15.502486+00:00
2703,0.644,2026-09-24T08:17:15.505067+00:00
2704,0.62,2026-09-24T08:17:15.507710+00:00
2705,0.621,2026-09-24T08:17:15.510388+00:00
2706,0.704,2026-09-24T08:17:15.513130+00:00
2707,0.775,2026-09-24T08:17:15.515823+00:00
2708,0.644,2026-09-24T08:17:15.518309+00:00
2709,0.5509999999999999,2026-09-24T08:17:15.520730+00:00
2710,0.74,2026-09-24T08:17:15.523439+00:00
2711,0.726,2026-09-24T08:17:15.525942+00:00
2712,0.5289999999999999,2026-09-24T08:17:15.528349+00:00
2713,0.47,2026-09-24T08:17:15.530747+00:00
2714,0.54,2026-09-24T08:17:15.533241+00:00
2715,0.5429999999999999,2026-09-24T08:17:15.535694+00:00
2716,0.464,2026-09-24T08:17:15.538083+00:00
2717,0.453,2026-09-24T08:17:15.540467+00:00
2718,0.46299999999999997,2026-09-24T08:17:15.542875+00:00
2719,0.6769999999999999,2026-09-24T08:17:15.545476+00:00
2720,0.453,2026-09-24T08:17:15.547793+00:00
2721,0.816,2026-09-24T08:17:15.550572+00:00
2722,0.6679999999999999,2026-09-24T08:17:15.553030+00:00
2723,0.625,2026-09-24T08:17:15.555509+00:00
2724,0.5760000000000001,2026-09-24T08:17:15.557927+00:00
2725,0.6880000000000001,2026-09-24T08:17:15.560438+00:00
2726,0.5810000000000001,2026-09-24T08:17:15.562812+00:00
2727,0.664,2026-09-24T08:17:15.565302+00:00
2728,0.69,2026-09-24T08:17:15.567786+00:00
2729,0.593,2026-09-24T08:17:15.570141+00:00
2730,0.584,2026-09-24T08:17:15.572521+00:00
2731,0.5519999999999999,2026-09-24T08:17:15.574872+00:00
2732,0.603,2026-09-24T08:17:15.577310+00:00
2733,0.566,2026-09-24T08:17:15.579658+00:00
2734,0.515,2026-09-24T08:17:15.582074+00:00
2735,0.603,2026-09-24T08:17:15.584663+00:00
2736,0.484,2026-09-24T08:17:15.587075+00:00
2737,0.523,2026-09-24T08:17:15.589565+00:00
2738,0.601,2026-09-24T08:17:15.592086+00:00
2739,0.39599999999999996,2026-09-24T08:17:15.594320+00:00
2740,0.46900000000000003,2026-09-24T08:17:15.596792+00:00
2741,0.367,2026-09-24T08:17:15.599148+00:00
2742,0.5630000000000001,2026-09-24T08:17:15.601697+00:00
2743,0.5900000000000001,2026-09-24T08:17:15.604152+00:00
2744,0.42700000000000005,2026-09-24T08:17:15.606473+00:00
2745,0.673,2026-09-24T08:17:15.609076+00:00
2746,0.699,2026-09-24T08:17:15.611602+00:00
2747,0.625,2026-09-24T08:17:15.613932+00:00
2748,0.621,2026-09-24T08:17:15.616346+00:00
2749,0.5820000000000001,2026-09-24T08:17:15.618825+00:00
2750,0.661,2026-09-24T08:17:15.621377+00:00
2751,0.5109999999999999,2026-09-24T08:17:15.623644+00:00
2752,0.41300000000000003,2026-09-24T08:17:15.625923+00:00
2753,0.539,2026-09-24T08:17:15.628387+00:00
2754,0.5519999999999999,2026-09-24T08:17:15.630832+00:00
2755,0.49299999999999994,2026-09-24T08:17:15.633201+00:00
2756,0.5,2026-09-24T08:17:15.635603+00:00
2757,0.431,2026-09-24T08:17:15.637920+00:00
2758,0.442,2026-09-24T08:17:15.640291+00:00
2759,0.424,2026-09-24T08:17:15.642626+00:00
2760,0.475,2026-09-24T08:17:15.645022+00:00
2761,0.9219999999999999,2026-09-24T08:17:15.647837+00:00
2762,0.656,2026-09-24T08:17:15.650212+00:00
2763,0.609,2026-09-24T08:17:15.652642+00:00
2764,0.46299999999999997,2026-09-24T08:17:15.654941+00:00
2765,0.483,2026-09-24T08:17:15.657343+00:00
2766,0.517,2026-09-24T08:17:15.659745+00:00
2767,0.45399999999999996,2026-09-24T08:17:15.662103+00:00
2768,0.85,2026-09-24T08:17:15.664857+00:00
2769,0.861,2026-09-24T08:17:15.667440+00:00
2770,0.71,2026-09-24T08:17:15.669977+00:00
2771,0.502,2026-09-24T08:17:15.672342+00:00
2772,0.47100000000000003,2026-09-24T08:17:15.674717+00:00
2773,0.46599999999999997,2026-09-24T08:17:15.677093+00:00
2774,0.614,2026-09-24T08:17:15.679621+00:00
2775,0.629,2026-09-24T08:17:15.682069+00:00
2776,0.769,2026-09-24T08:17:15.684668+00:00
2777,0.6449999999999999,2026-09-24T08:17:15.687074+00:00
2778,0.467,2026-09-24T08:17:15.689371+00:00
2779,0.46099999999999997,2026-09-24T08:17:15.691716+00:00
2780,0.804,2026-09-24T08:17:15.694426+00:00
2781,0.6579999999999999,2026-09-24T08:17:15.696796+00:00
2782,0.5289999999999999,2026-09-24T08:17:15.699118+00:00
2783,0.5199999999999999,2026-09-24T08:17:15.701489+00:00
2784,0.611,2026-09-24T08:17:15.703950+00:00
2785,0.769,2026-09-24T08:17:15.706570+00:00
2786,0.514,2026-09-24T08:17:15.708868+00:00
2787,0.43600000000000005,2026-09-24T08:17:15.711206+00:00
2788,0.512,2026-09-24T08:17:15.713655+00:00
2789,0.666,2026-09-24T08:17:15.716247+00:00
2790,0.86,2026-09-24T08:17:15.718974+00:00
2791,0.79,2026-09-24T08:17:15.721592+00:00
2792,0.5910000000000001,2026-09-24T08:17:15.723966+00:00
2793,0.6880000000000001,2026-09-24T08:17:15.726515+00:00
2794,0.53,2026-09-24T08:17:15.728833+00:00
2795,0.8270000000000001,2026-09-24T08:17:15.731539+00:00
2796,0.8260000000000001,2026-09-24T08:17:15.734203+00:00
2797,0.7649999999999999,2026-09-24T08:17:15.736732+00:00
2798,0.746,2026-09-24T08:17:15.739367+00:00
2799,0.812,2026-09-24T08:17:15.742045+00:00
2800,0.555,2026-09-24T08:17:15.744468+00:00
2801,0.9520000000000001,2026-09-24T08:17:15.747375+00:00
2802,0.717,2026-09-24T08:17:15.750037+00:00
2803,0.687,2026-09-24T08:17:15.752707+00:00
2804,0.5569999999999999,2026-09-24T08:17:15.755190+00:00
2805,0.8130000000000001,2026-09-24T08:17:15.757949+00:00
2806,0.6489999999999999,2026-09-24T08:17:15.760444+00:00
2807,0.939,2026-09-24T08:17:15.763309+00:00
2808,1.056,2026-09-24T08:17:15.766896+00:00
2809,0.664,2026-09-24T08:17:15.769282+00:00
2810,0.778,2026-09-24T08:17:15.771950+00:00
2811,0.734,2026-09-24T08:17:15.774447+00:00
2812,0.713,2026-09-24T08:17:15.776981+00:00
2813,0.758,2026-09-24T08:17:15.779662+00:00
2814,0.6589999999999999,2026-09-24T08:17:15.782182+00:00
2815,0.763,2026-09-24T08:17:15.784808+00:00
2816,0.609,2026-09-24T08:17:15.787232+00:00
2817,0.632,2026-09-24T08:17:15.789712+00:00
2818,0.467,2026-09-24T08:17:15.792017+00:00
2819,0.47100000000000003,2026-09-24T08:17:15.794392+00:00
2820,0.7110000000000001,2026-09-24T08:17:15.796988+00:00
2821,0.674,2026-09-24T08:17:15.799567+00:00
2822,0.665,2026-09-24T08:17:15.802030+00:00
2823,0.67,2026-09-24T08:17:15.804516+00:00
2824,0.47100000000000003,2026-09-24T08:17:15.806839+00:00
2825,0.479,2026-09-24T08:17:15.809224+00:00
2826,0.638,2026-09-24T08:17:15.811761+00:00
2827,0.699,2026-09-24T08:17:15.814364+00:00
2828,0.612,2026-09-24T08:17:15.816728+00:00
2829,0.46599999999999997,2026-09-24T08:17:15.819091+00:00
2830,0.5770000000000001,2026-09-24T08:17:15.821630+00:00
2831,0.486,2026-09-24T08:17:15.824002+00:00
2832,0.428,2026-09-24T08:17:15.826378+00:00
2833,0.5109999999999999,2026-09-24T08:17:15.828847+00:00
2834,0.379,2026-09-24T08:17:15.831187+00:00
2835,0.536,2026-09-24T08:17:15.833697+00:00
2836,0.402,2026-09-24T08:17:15.835937+00:00
2837,0.482,2026-09-24T08:17:15.838374+00:00
2838,0.44,2026-09-24T08:17:15.840706+00:00
2839,0.465,2026-09-24T08:17:15.843120+00:00
2840,0.515,2026-09-24T08:17:15.845579+00:00
2841,0.48899999999999993,2026-09-24T08:17:15.847993+00:00
2842,0.627,2026-09-24T08:17:15.850532+00:00
2843,0.5720000000000001,2026-09-24T08:17:15.852972+00:00
2844,0.525,2026-09-24T08:17:15.855376+00:00
2845,0.46799999999999997,2026-09-24T08:17:15.857767+00:00
2846,0.627,2026-09-24T08:17:15.860310+00:00
2847,0.42700000000000005,2026-09-24T08:17:15.862549+00:00
2848,0.554,2026-09-24T08:17:15.865031+00:00
2849,0.5630000000000001,2026-09-24T08:17:15.867480+00:00
2850,0.549,2026-09-24T08:17:15.870019+00:00
2851,0.8140000000000001,2026-09-24T08:17:15.872868+00:00
2852,0.608,2026-09-24T08:17:15.875357+00:00
2853,0.799,2026-09-24T08:17:15.878074+00:00
2854,0.919,2026-09-24T08:17:15.880839+00:00
2855,0.636,2026-09-24T08:17:15.883155+00:00
2856,0.8310000000000001,2026-09-24T08:17:15.885794+00:00
2857,0.758,2026-09-24T08:17:15.888402+00:00
2858,0.574,2026-09-24T08:17:15.890823+00:00
2859,0.727,2026-09-24T08:17:15.893406+00:00
2860,0.9259999999999999,2026-09-24T08:17:15.896181+00:00
2861,0.671,2026-09-24T08:17:15.898643+00:00
2862,0.4,2026-09-24T08:17:15.900958+00:00
2863,0.501,2026-09-24T08:17:15.903443+00:00
2864,0.566,2026-09-24T08:17:15.905930+00:00
2865,0.583,2026-09-24T08:17:15.908402+00:00
2866,0.41,2026-09-24T08:17:15.910902+00:00
2867,0.46099999999999997,2026-09-24T08:17:15.913319+00:00
2868,0.5569999999999999,2026-09-24T08:17:15.915847+00:00
2869,0.776,2026-09-24T08:17:15.918575+00:00
2870,0.852,2026-09-24T08:17:15.921174+00:00
2871,0.678,2026-09-24T08:17:15.923654+00:00
2872,0.623,2026-09-24T08:17:15.926048+00:00
2873,0.607,2026-09-24T08:17:15.928499+00:00
2874,0.53,2026-09-24T08:17:15.930867+00:00
2875,0.632,2026-09-24T08:17:15.933466+00:00
2876,0.555,2026-09-24T08:17:15.935898+00:00
2877,0.48700000000000004,2026-09-24T08:17:15.938281+00:00
2878,0.483,2026-09-24T08:17:15.940663+00:00
2879,0.528,2026-09-24T08:17:15.943116+00:00
2880,0.531,2026-09-24T08:17:15.945535+00:00
2881,0.7200000000000001,2026-09-24T08:17:15.948087+00:00
2882,0.585,2026-09-24T08:17:15.950487+00:00
2883,0.5559999999999999,2026-09-24T08:17:15.952855+00:00
2884,0.559,2026-09-24T08:17:15.955269+00:00
2885,0.501,2026-09-24T08:17:15.957620+00:00
2886,0.5670000000000001,2026-09-24T08:17:15.960014+00:00
2887,0.593,2026-09-24T08:17:15.962456+00:00
2888,0.477,2026-09-24T08:17:15.964758+00:00
2889,0.523,2026-09-24T08:17:15.967164+00:00
2890,0.544,2026-09-24T08:17:15.969551+00:00
2891,0.678,2026-09-24T08:17:15.972153+00:00
2892,0.535,2026-09-24T08:17:15.974468+00:00
2893,0.38499999999999995,2026-09-24T08:17:15.976663+00:00
2894,0.566,2026-09-24T08:17:15.979277+00:00
2895,0.66,2026-09-24T08:17:15.981915+00:00
2896,0.687,2026-09-24T08:17:15.984536+00:00
2897,0.55,2026-09-24T08:17:15.987104+00:00
2898,0.578,2026-09-24T08:17:15.989732+00:00
2899,0.65,2026-09-24T08:17:15.992361+00:00
2900,0.555,2026-09-24T08:17:15.994844+00:00
2901,0.524,2026-09-24T08:17:15.997254+00:00
2902,0.599,2026-09-24T08:17:15.999778+00:00
2903,0.475,2026-09-24T08:17:16.002133+00:00
2904,0.47300000000000003,2026-09-24T08:17:16.004572+00:00
2905,0.488,2026-09-24T08:17:16.007018+00:00
2906,0.397,2026-09-24T08:17:16.009370+00:00
2907,0.5950000000000001,2026-09-24T08:17:16.011936+00:00
2908,0.426,2026-09-24T08:17:16.014303+00:00
2909,0.662,2026-09-24T08:17:16.016927+00:00
2910,0.684,2026-09-24T08:17:16.019529+00:00
2911,0.593,2026-09-24T08:17:16.021947+00:00
2912,0.734,2026-09-24T08:17:16.024537+00:00
2913,0.49700000000000005,2026-09-24T08:17:16.026930+00:00
2914,0.644,2026-09-24T08:17:16.029474+00:00
2915,0.593,2026-09-24T08:17:16.031871+00:00
2916,0.662,2026-09-24T08:17:16.034424+00:00
2917,0.651,2026-09-24T08:17:16.036879+00:00
2918,0.601,2026-09-24T08:17:16.039313+00:00
2919,0.629,2026-09-24T08:17:16.041780+00:00
2920,0.484,2026-09-24T08:17:16.044089+00:00
2921,0.48000000000000004,2026-09-24T08:17:16.046454+00:00
2922,0.67,2026-09-24T08:17:16.049065+00:00
2923,0.639,2026-09-24T08:17:16.051670+00:00
2924,0.69,2026-09-24T08:17:16.054271+00:00
2925,0.5519999999999999,2026-09-24T08:17:16.056636+00:00
2926,0.5479999999999999,2026-09-24T08:17:16.059120+00:00
2927,0.549,2026-09-24T08:17:16.061609+00:00
2928,0.40900000000000003,2026-09-24T08:17:16.063981+00:00
2929,0.455,2026-09-24T08:17:16.066424+00:00
2930,0.504,2026-09-24T08:17:16.068827+00:00
2931,0.539,2026-09-24T08:17:16.071253+00:00
2932,0.5630000000000001,2026-09-24T08:17:16.073677+00:00
2933,0.45899999999999996,2026-09-24T08:17:16.076027+00:00
2934,0.5339999999999999,2026-09-24T08:17:16.078434+00:00
2935,0.678,2026-09-24T08:17:16.080935+00:00
2936,0.8009999999999999,2026-09-24T08:17:16.083491+00:00
2937,0.648,2026-09-24T08:17:16.085952+00:00
2938,0.5109999999999999,2026-09-24T08:17:16.088383+00:00
2939,0.535,2026-09-24T08:17:16.090796+00:00
2940,0.5820000000000001,2026-09-24T08:17:16.093285+00:00
2941,0.536,2026-09-24T08:17:16.095703+00:00
2942,0.48700000000000004,2026-09-24T08:17:16.098126+00:00
2943,0.464,2026-09-24T08:17:16.100562+00:00
2944,0.513,2026-09-24T08:17:16.103029+00:00
2945,0.621,2026-09-24T08:17:16.105621+00:00
2946,0.455,2026-09-24T08:17:16.107985+00:00
2947,0.47300000000000003,2026-09-24T08:17:16.110398+00:00
2948,0.643,2026-09-24T08:17:16.112966+00:00
2949,0.527,2026-09-24T08:17:16.115295+00:00
2950,0.45899999999999996,2026-09-24T08:17:16.117669+00:00
2951,0.5469999999999999,2026-09-24T08:17:16.120143+00:00
2952,0.8180000000000001,2026-09-24T08:17:16.122954+00:00
2953,0.6,2026-09-24T08:17:16.125469+00:00
2954,0.606,2026-09-24T08:17:16.128052+00:00
2955,0.597,2026-09-24T08:17:16.130573+00:00
2956,0.657,2026-09-24T08:17:16.133064+00:00
2957,1.0230000000000001,2026-09-24T08:17:16.135927+00:00
2958,0.477,2026-09-24T08:17:16.138368+00:00
2959,0.46,2026-09-24T08:17:16.140798+00:00
2960,0.402,2026-09-24T08:17:16.143167+00:00
2961,0.5730000000000001,2026-09-24T08:17:16.145715+00:00
2962,1.0510000000000002,2026-09-24T08:17:16.148681+00:00
2963,0.7380000000000001,2026-09-24T08:17:16.150993+00:00
2964,0.816,2026-09-24T08:17:16.153617+00:00
2965,0.756,2026-09-24T08:17:16.156055+00:00
2966,0.526,2026-09-24T08:17:16.158343+00:00
2967,0.558,2026-09-24T08:17:16.160827+00:00
2968,0.732,2026-09-24T08:17:16.163481+00:00
2969,0.739,2026-09-24T08:17:16.166062+00:00
2970,0.823,2026-09-24T08:17:16.168850+00:00
2971,0.861,2026-09-24T08:17:16.171465+00:00
2972,0.7699999999999999,2026-09-24T08:17:16.173974+00:00
2973,0.636,2026-09-24T08:17:16.176446+00:00
2974,0.599,2026-09-24T08:17:16.178920+00:00
2975,0.607,2026-09-24T08:17:16.181498+00:00
2976,0.502,2026-09-24T08:17:16.183939+00:00
2977,0.505,2026-09-24T08:17:16.186398+00:00
2978,0.679,2026-09-24T08:17:16.189039+00:00
2979,0.585,2026-09-24T08:17:16.191555+00:00
2980,0.758,2026-09-24T08:17:16.194317+00:00
2981,0.541,2026-09-24T08:17:16.196723+00:00
2982,0.6449999999999999,2026-09-24T08:17:16.199296+00:00
2983,0.5199999999999999,2026-09-24T08:17:16.201667+00:00
2984,0.48899999999999993,2026-09-24T08:17:16.204096+00:00
2985,0.624,2026-09-24T08:17:16.206679+00:00
2986,0.5109999999999999,2026-09-24T08:17:16.208989+00:00
2987,0.518,2026-09-24T08:17:16.211400+00:00
2988,0.727,2026-09-24T08:17:16.214049+00:00
2989,0.40900000000000003,2026-09-24T08:17:16.216219+00:00
2990,0.447,2026-09-24T08:17:16.218647+00:00
2991,0.377,2026-09-24T08:17:16.221026+00:00
2992,0.494,2026-09-24T08:17:16.223516+00:00
2993,0.419,2026-09-24T08:17:16.225850+00:00
2994,0.398,2026-09-24T08:17:16.228243+00:00
2995,0.43600000000000005,2026-09-24T08:17:16.230670+00:00
2996,0.5810000000000001,2026-09-24T08:17:16.233240+00:00
2997,0.433,2026-09-24T08:17:16.235601+00:00
2998,0.41100000000000003,2026-09-24T08:17:16.237975+00:00
2999,0.402,2026-09-24T08:17:16.240351+00:00
3000,0.481,2026-09-24T08:17:16.242781+00:00
3001,0.482,2026-09-24T08:17:16.245263+00:00
3002,0.49299999999999994,2026-09-24T08:17:16.247707+00:00
3003,0.555,2026-09-24T08:17:16.250286+00:00
3004,0.635,2026-09-24T08:17:16.252880+00:00
3005,0.414,2026-09-24T08:17:16.255218+00:00
3006,0.46299999999999997,2026-09-24T08:17:16.257625+00:00
3007,0.41800000000000004,2026-09-24T08:17:16.259980+00:00
3008,0.691,2026-09-24T08:17:16.262602+00:00
3009,0.5289999999999999,2026-09-24T08:17:16.264888+00:00
3010,0.49799999999999994,2026-09-24T08:17:16.267226+00:00
3011,0.5910000000000001,2026-09-24T08:17:16.269763+00:00
3012,0.6539999999999999,2026-09-24T08:17:16.272340+00:00
3013,0.61,2026-09-24T08:17:16.274760+00:00
3014,0.675,2026-09-24T08:17:16.277335+00:00
3015,0.878,2026-09-24T08:17:16.280033+00:00
3016,0.5900000000000001,2026-09-24T08:17:16.282316+00:00
3017,0.6669999999999999,2026-09-24T08:17:16.284870+00:00
3018,0.642,2026-09-24T08:17:16.287338+00:00
3019,0.7290000000000001,2026-09-24T08:17:16.289906+00:00
3020,0.795,2026-09-24T08:17:16.292553+00:00
3021,0.5609999999999999,2026-09-24T08:17:16.294909+00:00
3022,0.447,2026-09-24T08:17:16.297291+00:00
3023,0.798,2026-09-24T08:17:16.300060+00:00
3024,0.7290000000000001,2026-09-24T08:17:16.302499+00:00
3025,0.66,2026-09-24T08:17:16.305048+00:00
3026,0.664,2026-09-24T08:17:16.307629+00:00
3027,0.47800000000000004,2026-09-24T08:17:16.309918+00:00
3028,0.971,2026-09-24T08:17:16.312875+00:00
3029,0.823,2026-09-24T08:17:16.315490+00:00
3030,0.763,2026-09-24T08:17:16.318139+00:00
3031,0.82,2026-09-24T08:17:16.320892+00:00
3032,0.7290000000000001,2026-09-24T08:17:16.323477+00:00
3033,0.603,2026-09-24T08:17:16.326084+00:00
3034,0.923,2026-09-24T08:17:16.328993+00:00
3035,0.517,2026-09-24T08:17:16.331279+00:00
3036,0.54,2026-09-24T08:17:16.333763+00:00
3037,0.674,2026-09-24T08:17:16.336354+00:00
3038,0.7020000000000001,2026-09-24T08:17:16.338937+00:00
3039,0.769,2026-09-24T08:17:16.341544+00:00
3040,0.687,2026-09-24T08:17:16.344076+00:00
3041,0.683,2026-09-24T08:17:16.346636+00:00
3042,0.671,2026-09-24T08:17:16.349415+00:00
3043,0.5950000000000001,2026-09-24T08:17:16.351875+00:00
3044,0.656,2026-09-24T08:17:16.354425+00:00
3045,0.49299999999999994,2026-09-24T08:17:16.356848+00:00
3046,0.583,2026-09-24T08:17:16.359346+00:00
3047,0.524,2026-09-24T08:17:16.361713+00:00
3048,0.475,2026-09-24T08:17:16.364052+00:00
3049,0.49,2026-09-24T08:17:16.366416+00:00
3050,0.513,2026-09-24T08:17:16.368834+00:00
3051,0.435,2026-09-24T08:17:16.371116+00:00
3052,0.507,2026-09-24T08:17:16.373533+00:00
3053,0.376,2026-09-24T08:17:16.375768+00:00
3054,0.378,2026-09-24T08:17:16.378141+00:00
3055,0.456,2026-09-24T08:17:16.380579+00:00
3056,0.429,2026-09-24T08:17:16.382915+00:00
3057,0.642,2026-09-24T08:17:16.385493+00:00
3058,0.5910000000000001,2026-09-24T08:17:16.387978+00:00
3059,0.47800000000000004,2026-09-24T08:17:16.390341+00:00
3060,0.45399999999999996,2026-09-24T08:17:16.392746+00:00
3061,0.5509999999999999,2026-09-24T08:17:16.395275+00:00
3062,0.674,2026-09-24T08:17:16.397927+00:00
3063,0.417,2026-09-24T08:17:16.400224+00:00
3064,0.61,2026-09-24T08:17:16.402786+00:00
3065,0.51,2026-09-24T08:17:16.405186+00:00
3066,0.602,2026-09-24T08:17:16.407729+00:00
3067,0.421,2026-09-24T08:17:16.410001+00:00
3068,0.507,2026-09-24T08:17:16.412463+00:00
3069,0.527,2026-09-24T08:17:16.414868+00:00
3070,0.507,2026-09-24T08:17:16.417326+00:00
3071,0.5569999999999999,2026-09-24T08:17:16.419788+00:00
3072,0.9309999999999999,2026-09-24T08:17:16.422614+00:00
3073,0.699,2026-09-24T08:17:16.425096+00:00
3074,0.5630000000000001,2026-09-24T08:17:16.427567+00:00
3075,0.5559999999999999,2026-09-24T08:17:16.430018+00:00
3076,0.612,2026-09-24T08:17:16.432525+00:00
3077,0.623,2026-09-24T08:17:16.434972+00:00
3078,0.617,2026-09-24T08:17:16.437380+00:00
3079,0.79,2026-09-24T08:17:16.439955+00:00
3080,0.5720000000000001,2026-09-24T08:17:16.442280+00:00
3081,0.703,2026-09-24T08:17:16.444823+00:00
3082,0.63,2026-09-24T08:17:16.447294+00:00
3083,0.536,2026-09-24T08:17:16.449625+00:00
3084,0.592,2026-09-24T08:17:16.452082+00:00
3085,0.475,2026-09-24T08:17:16.454385+00:00
3086,0.414,2026-09-24T08:17:16.456725+00:00
3087,0.5569999999999999,2026-09-24T08:17:16.459262+00:00
3088,0.42000000000000004,2026-09-24T08:17:16.461522+00:00
3089,0.441,2026-09-24T08:17:16.463865+00:00
3090,0.522,2026-09-24T08:17:16.466351+00:00
3091,0.488,2026-09-24T08:17:16.468766+00:00
3092,0.48899999999999993,2026-09-24T08:17:16.471194+00:00
3093,0.566,2026-09-24T08:17:16.473636+00:00
3094,0.509,2026-09-24T08:17:16.475933+00:00
3095,0.553,2026-09-24T08:17:16.478365+00:00
3096,0.44499999999999995,2026-09-24T08:17:16.480710+00:00
3097,0.423,2026-09-24T08:17:16.483061+00:00
3098,0.608,2026-09-24T08:17:16.485640+00:00
3099,0.527,2026-09-24T08:17:16.488092+00:00
3100,0.438,2026-09-24T08:17:16.490437+00:00
3101,0.408,2026-09-24T08:17:16.492753+00:00
3102,0.744,2026-09-24T08:17:16.495447+00:00
3103,0.875,2026-09-24T08:17:16.498072+00:00
3104,0.666,2026-09-24T08:17:16.500437+00:00
3105,0.584,2026-09-24T08:17:16.502841+00:00
3106,0.45399999999999996,2026-09-24T08:17:16.505139+00:00
3107,0.764,2026-09-24T08:17:16.507819+00:00
3108,0.43600000000000005,2026-09-24T08:17:16.510061+00:00
3109,0.762,2026-09-24T08:17:16.512728+00:00
3110,0.527,2026-09-24T08:17:16.515045+00:00
3111,0.578,2026-09-24T08:17:16.517451+00:00
3112,0.48000000000000004,2026-09-24T08:17:16.519778+00:00
3113,0.515,2026-09-24T08:17:16.522203+00:00
3114,0.736,2026-09-24T08:17:16.524797+00:00
3115,0.503,2026-09-24T08:17:16.527108+00:00
3116,0.46599999999999997,2026-09-24T08:17:16.529417+00:00
3117,0.486,2026-09-24T08:17:16.531783+00:00
3118,0.58,2026-09-24T08:17:16.534311+00:00
3119,0.6859999999999999,2026-09-24T08:17:16.536853+00:00
3120,0.455,2026-09-24T08:17:16.539167+00:00
3121,0.6849999999999999,2026-09-24T08:17:16.541835+00:00
3122,0.5559999999999999,2026-09-24T08:17:16.544233+00:00
3123,0.49200000000000005,2026-09-24T08:17:16.546591+00:00
3124,0.477,2026-09-24T08:17:16.548900+00:00
3125,0.75,2026-09-24T08:17:16.551629+00:00
3126,0.605,2026-09-24T08:17:16.554031+00:00
3127,0.7380000000000001,2026-09-24T08:17:16.556700+00:00
3128,0.592,2026-09-24T08:17:16.559194+00:00
3129,0.717,2026-09-24T08:17:16.561957+00:00
3130,0.565,2026-09-24T08:17:16.564467+00:00
3131,0.508,2026-09-24T08:17:16.566916+00:00
3132,0.523,2026-09-24T08:17:16.569397+00:00
3133,0.761,2026-09-24T08:17:16.572163+00:00
3134,0.5820000000000001,2026-09-24T08:17:16.574652+00:00
3135,0.633,2026-09-24T08:17:16.577193+00:00
3136,0.5770000000000001,2026-09-24T08:17:16.579703+00:00
3137,0.579,2026-09-24T08:17:16.582206+00:00
3138,0.506,2026-09-24T08:17:16.584600+00:00
3139,0.541,2026-09-24T08:17:16.587045+00:00
3140,0.5479999999999999,2026-09-24T08:17:16.589488+00:00
3141,0.712,2026-09-24T08:17:16.592139+00:00
3142,0.7110000000000001,2026-09-24T08:17:16.594752+00:00
3143,0.655,2026-09-24T08:17:16.597251+00:00
3144,0.608,2026-09-24T08:17:16.599701+00:00
3145,0.5599999999999999,2026-09-24T08:17:16.602156+00:00
3146,0.495,2026-09-24T08:17:16.604470+00:00
3147,0.527,2026-09-24T08:17:16.606860+00:00
3148,0.477,2026-09-24T08:17:16.609170+00:00
3149,0.5760000000000001,2026-09-24T08:17:16.611678+00:00
3150,0.662,2026-09-24T08:17:16.614377+00:00
3151,0.544,2026-09-24T08:17:16.616834+00:00
3152,0.47,2026-09-24T08:17:16.619247+00:00
3153,0.442,2026-09-24T08:17:16.621641+00:00
3154,0.447,2026-09-24T08:17:16.624041+00:00
3155,0.441,2026-09-24T08:17:16.626434+00:00
3156,0.425,2026-09-24T08:17:16.628792+00:00
3157,0.504,2026-09-24T08:17:16.631302+00:00
3158,0.523,2026-09-24T08:17:16.633760+00:00
3159,0.421,2026-09-24T08:17:16.636119+00:00
3160,0.402,2026-09-24T08:17:16.638460+00:00
3161,0.479,2026-09-24T08:17:16.640873+00:00
3162,0.373,2026-09-24T08:17:16.643150+00:00
3163,0.442,2026-09-24T08:17:16.645551+00:00
3164,0.386,2026-09-24T08:17:16.647812+00:00
3165,0.597,2026-09-24T08:17:16.650361+00:00
3166,0.486,2026-09-24T08:17:16.652682+00:00
3167,0.477,2026-09-24T08:17:16.655081+00:00
3168,0.652,2026-09-24T08:17:16.657685+00:00
3169,0.518,2026-09-24T08:17:16.660089+00:00
3170,0.608,2026-09-24T08:17:16.662618+00:00
3171,0.599,2026-09-24T08:17:16.665025+00:00
3172,0.523,2026-09-24T08:17:16.667346+00:00
3173,0.934,2026-09-24T08:17:16.670337+00:00
3174,0.786,2026-09-24T08:17:16.672882+00:00
3175,0.886,2026-09-24T08:17:16.675584+00:00
3176,0.694,2026-09-24T08:17:16.678037+00:00
3177,0.786,2026-09-24T08:17:16.680674+00:00
3178,0.592,2026-09-24T08:17:16.682976+00:00
3179,0.5900000000000001,2026-09-24T08:17:16.685435+00:00
3180,0.559,2026-09-24T08:17:16.687861+00:00
3181,0.644,2026-09-24T08:17:16.690523+00:00
3182,0.6669999999999999,2026-09-24T08:17:16.693218+00:00
3183,0.6679999999999999,2026-09-24T08:17:16.695767+00:00
3184,0.526,2026-09-24T08:17:16.698190+00:00
3185,0.539,2026-09-24T08:17:16.700742+00:00
3186,0.46900000000000003,2026-09-24T08:17:16.703209+00:00
3187,0.475,2026-09-24T08:17:16.705662+00:00
3188,0.453,2026-09-24T08:17:16.708106+00:00
3189,0.516,2026-09-24T08:17:16.710657+00:00
3190,0.51,2026-09-24T08:17:16.713181+00:00
3191,0.5479999999999999,2026-09-24T08:17:16.715709+00:00
3192,0.5509999999999999,2026-09-24T08:17:16.718245+00:00
3193,0.509,2026-09-24T08:17:16.720732+00:00
3194,0.537,2026-09-24T08:17:16.723301+00:00
3195,0.605,2026-09-24T08:17:16.725931+00:00
3196,0.611,2026-09-24T08:17:16.728525+00:00
3197,0.532,2026-09-24T08:17:16.730970+00:00
3198,0.671,2026-09-24T08:17:16.733589+00:00
3199,0.6130000000000001,2026-09-24T08:17:16.736039+00:00
3200,0.5810000000000001,2026-09-24T08:17:16.738550+00:00
3201,0.536,2026-09-24T08:17:16.740945+00:00
3202,0.462,2026-09-24T08:17:16.743306+00:00
3203,0.5469999999999999,2026-09-24T08:17:16.745777+00:00
3204,0.6,2026-09-24T08:17:16.748209+00:00
3205,0.517,2026-09-24T08:17:16.750544+00:00
3206,0.562,2026-09-24T08:17:16.752943+00:00
3207,0.433,2026-09-24T08:17:16.755222+00:00
3208,0.554,2026-09-24T08:17:16.757692+00:00
3209,0.446,2026-09-24T08:17:16.759999+00:00
3210,0.519,2026-09-24T08:17:16.762434+00:00
3211,0.5379999999999999,2026-09-24T08:17:16.764818+00:00
3212,0.438,2026-09-24T08:17:16.767100+00:00
3213,0.521,2026-09-24T08:17:16.769517+00:00
3214,0.416,2026-09-24T08:17:16.771844+00:00
3215,0.481,2026-09-24T08:17:16.774295+00:00
3216,0.40099999999999997,2026-09-24T08:17:16.776647+00:00
3217,0.373,2026-09-24T08:17:16.779011+00:00
3218,0.5760000000000001,2026-09-24T08:17:16.781574+00:00
3219,0.588,2026-09-24T08:17:16.784027+00:00
3220,0.759,2026-09-24T08:17:16.786709+00:00
3221,0.624,2026-09-24T08:17:16.789184+00:00
3222,0.553,2026-09-24T08:17:16.791653+00:00
3223,0.522,2026-09-24T08:17:16.794084+00:00
3224,0.5,2026-09-24T08:17:16.796528+00:00
3225,0.549,2026-09-24T08:17:16.798941+00:00
3226,0.494,2026-09-24T08:17:16.801365+00:00
3227,0.5770000000000001,2026-09-24T08:17:16.803862+00:00
3228,0.5339999999999999,2026-09-24T08:17:16.806298+00:00
3229,0.47600000000000003,2026-09-24T08:17:16.808686+00:00
3230,0.43,2026-09-24T08:17:16.811039+00:00
3231,0.518,2026-09-24T08:17:16.813497+00:00
3232,0.465,2026-09-24T08:17:16.815873+00:00
3233,0.426,2026-09-24T08:17:16.818236+00:00
3234,0.644,2026-09-24T08:17:16.820811+00:00
3235,0.5379999999999999,2026-09-24T08:17:16.823108+00:00
3236,0.614,2026-09-24T08:17:16.825604+00:00
3237,0.45199999999999996,2026-09-24T08:17:16.827893+00:00
3238,0.634,2026-09-24T08:17:16.830439+00:00
3239,0.6759999999999999,2026-09-24T08:17:16.832932+00:00
3240,0.5109999999999999,2026-09-24T08:17:16.835220+00:00
3241,0.451,2026-09-24T08:17:16.837553+00:00
3242,0.54,2026-09-24T08:17:16.840003+00:00
3243,0.523,2026-09-24T08:17:16.842387+00:00
3244,0.5950000000000001,2026-09-24T08:17:16.844894+00:00
3245,0.365,2026-09-24T08:17:16.847120+00:00
3246,0.496,2026-09-24T08:17:16.849620+00:00
3247,0.40700000000000003,2026-09-24T08:17:16.851965+00:00
3248,0.474,2026-09-24T08:17:16.854400+00:00
3249,0.531,2026-09-24T08:17:16.856858+00:00
3250,0.5109999999999999,2026-09-24T08:17:16.859235+00:00
3251,0.589,2026-09-24T08:17:16.861750+00:00
3252,0.5559999999999999,2026-09-24T08:17:16.864233+00:00
3253,0.652,2026-09-24T08:17:16.866808+00:00
3254,0.7010000000000001,2026-09-24T08:17:16.869349+00:00
3255,0.55,2026-09-24T08:17:16.871778+00:00
3256,0.664,2026-09-24T08:17:16.874401+00:00
3257,0.488,2026-09-24T08:17:16.876837+00:00
3258,0.5860000000000001,2026-09-24T08:17:16.879393+00:00
3259,0.767,2026-09-24T08:17:16.882014+00:00
3260,0.662,2026-09-24T08:17:16.884611+00:00
3261,0.46,2026-09-24T08:17:16.886885+00:00
3262,0.626,2026-09-24T08:17:16.889448+00:00
3263,0.5730000000000001,2026-09-24T08:17:16.891898+00:00
3264,0.744,2026-09-24T08:17:16.894495+00:00
3265,0.588,2026-09-24T08:17:16.897016+00:00
3266,0.657,2026-09-24T08:17:16.899599+00:00
3267,0.522,2026-09-24T08:17:16.901952+00:00
3268,0.745,2026-09-24T08:17:16.904644+00:00
3269,0.596,2026-09-24T08:17:16.907024+00:00
3270,0.757,2026-09-24T08:17:16.909726+00:00
3271,0.483,2026-09-24T08:17:16.912084+00:00
3272,0.884,2026-09-24T08:17:16.914923+00:00
3273,0.523,2026-09-24T08:17:16.917396+00:00
3274,0.787,2026-09-24T08:17:16.920095+00:00
3275,0.764,2026-09-24T08:17:16.922643+00:00
3276,0.708,2026-09-24T08:17:16.925166+00:00
3277,0.773,2026-09-24T08:17:16.927771+00:00
3278,0.643,2026-09-24T08:17:16.930249+00:00
3279,0.6579999999999999,2026-09-24T08:17:16.932861+00:00
3280,0.6130000000000001,2026-09-24T08:17:16.935393+00:00
3281,0.488,2026-09-24T08:17:16.937797+00:00
3282,0.504,2026-09-24T08:17:16.940243+00:00
3283,0.374,2026-09-24T08:17:16.942537+00:00
3284,0.46799999999999997,2026-09-24T08:17:16.944966+00:00
3285,0.35,2026-09-24T08:17:16.947258+00:00
3286,0.47800000000000004,2026-09-24T08:17:16.949700+00:00
3287,0.486,2026-09-24T08:17:16.952126+00:00
3288,0.47600000000000003,2026-09-24T08:17:16.954501+00:00
3289,0.37,2026-09-24T08:17:16.956773+00:00
3290,0.442,2026-09-24T08:17:16.959157+00:00
3291,0.48500000000000004,2026-09-24T08:17:16.961535+00:00
3292,0.41,2026-09-24T08:17:16.963930+00:00
3293,0.43600000000000005,2026-09-24T08:17:16.966324+00:00
3294,0.467,2026-09-24T08:17:16.968737+00:00
3295,0.602,2026-09-24T08:17:16.971286+00:00
3296,0.588,2026-09-24T08:17:16.973753+00:00
3297,0.398,2026-09-24T08:17:16.976156+00:00
3298,0.5559999999999999,2026-09-24T08:17:16.978677+00:00
3299,0.444,2026-09-24T08:17:16.980991+00:00
3300,0.536,2026-09-24T08:17:16.983516+00:00
3301,0.49299999999999994,2026-09-24T08:17:16.985925+00:00
3302,0.602,2026-09-24T08:17:16.988492+00:00
3303,0.647,2026-09-24T08:17:16.991097+00:00
3304,0.699,2026-09-24T08:17:16.993657+00:00
3305,0.465,2026-09-24T08:17:16.995955+00:00
3306,0.46799999999999997,2026-09-24T08:17:16.998345+00:00
3307,0.7060000000000001,2026-09-24T08:17:17.001023+00:00
3308,0.521,2026-09-24T08:17:17.003381+00:00
3309,0.467,2026-09-24T08:17:17.005744+00:00
3310,0.39399999999999996,2026-09-24T08:17:17.008121+00:00
3311,0.406,2026-09-24T08:17:17.010506+00:00
3312,0.416,2026-09-24T08:17:17.012914+00:00
3313,0.438,2026-09-24T08:17:17.015344+00:00
3314,0.637,2026-09-24T08:17:17.017979+00:00
3315,0.5950000000000001,2026-09-24T08:17:17.020450+00:00
3316,0.483,2026-09-24T08:17:17.022789+00:00
3317,0.6579999999999999,2026-09-24T08:17:17.025376+00:00
3318,0.456,2026-09-24T08:17:17.027739+00:00
3319,0.4,2026-09-24T08:17:17.030119+00:00
3320,0.486,2026-09-24T08:17:17.032565+00:00
3321,0.41100000000000003,2026-09-24T08:17:17.034905+00:00
3322,0.41800000000000004,2026-09-24T08:17:17.037274+00:00
3323,0.40700000000000003,2026-09-24T08:17:17.039618+00:00
3324,0.402,2026-09-24T08:17:17.041994+00:00
3325,0.45899999999999996,2026-09-24T08:17:17.044404+00:00
3326,0.477,2026-09-24T08:17:17.046825+00:00
3327,0.406,2026-09-24T08:17:17.049202+00:00
3328,0.5429999999999999,2026-09-24T08:17:17.051724+00:00
3329,0.526,2026-09-24T08:17:17.054155+00:00
3330,0.45399999999999996,2026-09-24T08:17:17.056463+00:00
3331,0.518,2026-09-24T08:17:17.059009+00:00
3332,0.546,2026-09-24T08:17:17.061579+00:00
3333,0.514,2026-09-24T08:17:17.064066+00:00
3334,0.49299999999999994,2026-09-24T08:17:17.066555+00:00
3335,0.44,2026-09-24T08:17:17.068995+00:00
3336,0.732,2026-09-24T08:17:17.071807+00:00
3337,0.508,2026-09-24T08:17:17.074280+00:00
3338,0.58,2026-09-24T08:17:17.076936+00:00
3339,0.621,2026-09-24T08:17:17.079556+00:00
3340,0.691,2026-09-24T08:17:17.082253+00:00
3341,0.585,2026-09-24T08:17:17.084769+00:00
3342,0.49200000000000005,2026-09-24T08:17:17.087228+00:00
3343,0.603,2026-09-24T08:17:17.089828+00:00
3344,0.584,2026-09-24T08:17:17.092333+00:00
3345,0.416,2026-09-24T08:17:17.094763+00:00
3346,0.6539999999999999,2026-09-24T08:17:17.097529+00:00
3347,0.562,2026-09-24T08:17:17.100114+00:00
3348,0.515,2026-09-24T08:17:17.102653+00:00
3349,0.429,2026-09-24T08:17:17.105171+00:00
3350,0.5109999999999999,2026-09-24T08:17:17.107759+00:00
3351,0.507,2026-09-24T08:17:17.110314+00:00
3352,0.5479999999999999,2026-09-24T08:17:17.112930+00:00
3353,0.48000000000000004,2026-09-24T08:17:17.115471+00:00
3354,0.443,2026-09-24T08:17:17.117919+00:00
3355,0.597,2026-09-24T08:17:17.120587+00:00
3356,0.535,2026-09-24T08:17:17.123058+00:00
3357,0.457,2026-09-24T08:17:17.125512+00:00
3358,0.449,2026-09-24T08:17:17.128018+00:00
3359,0.49700000000000005,2026-09-24T08:17:17.130575+00:00
3360,0.479,2026-09-24T08:17:17.133057+00:00
3361,0.549,2026-09-24T08:17:17.135630+00:00
3362,0.458,2026-09-24T08:17:17.138044+00:00
3363,0.545,2026-09-24T08:17:17.140730+00:00
3364,0.53,2026-09-24T08:17:17.143321+00:00
3365,0.739,2026-09-24T08:17:17.146051+00:00
3366,0.488,2026-09-24T08:17:17.148482+00:00
3367,0.467,2026-09-24T08:17:17.150945+00:00
3368,0.598,2026-09-24T08:17:17.153566+00:00
3369,0.475,2026-09-24T08:17:17.156030+00:00
3370,0.488,2026-09-24T08:17:17.158538+00:00
3371,0.46900000000000003,2026-09-24T08:17:17.161015+00:00
3372,0.49299999999999994,2026-09-24T08:17:17.163532+00:00
3373,1.1119999999999999,2026-09-24T08:17:17.166687+00:00
3374,0.545,2026-09-24T08:17:17.169035+00:00
3375,0.47600000000000003,2026-09-24T08:17:17.171455+00:00
3376,0.479,2026-09-24T08:17:17.174011+00:00
3377,0.373,2026-09-24T08:17:17.176450+00:00
3378,0.347,2026-09-24T08:17:17.178769+00:00
3379,0.444,2026-09-24T08:17:17.181223+00:00
3380,0.804,2026-09-24T08:17:17.184098+00:00
3381,0.5429999999999999,2026-09-24T08:17:17.186397+00:00
3382,0.48000000000000004,2026-09-24T08:17:17.188758+00:00
3383,0.5,2026-09-24T08:17:17.191169+00:00
3384,0.5720000000000001,2026-09-24T08:17:17.193621+00:00
3385,0.441,2026-09-24T08:17:17.195931+00:00
3386,0.432,2026-09-24T08:17:17.198269+00:00
3387,0.475,2026-09-24T08:17:17.200651+00:00
3388,0.491,2026-09-24T08:17:17.203057+00:00
3389,0.8170000000000001,2026-09-24T08:17:17.205783+00:00
3390,0.488,2026-09-24T08:17:17.207993+00:00
3391,0.389,2026-09-24T08:17:17.210248+00:00
3392,0.448,2026-09-24T08:17:17.212642+00:00
3393,0.371,2026-09-24T08:17:17.214939+00:00
3394,0.398,2026-09-24T08:17:17.217289+00:00
3395,0.431,2026-09-24T08:17:17.219653+00:00
3396,0.416,2026-09-24T08:17:17.221996+00:00
3397,0.392,2026-09-24T08:17:17.224336+00:00
3398,0.419,2026-09-24T08:17:17.226690+00:00
3399,0.38499999999999995,2026-09-24T08:17:17.229009+00:00
3400,0.442,2026-09-24T08:17:17.231388+00:00
3401,0.417,2026-09-24T08:17:17.233703+00:00
3402,0.451,2026-09-24T08:17:17.236148+00:00
3403,0.46299999999999997,2026-09-24T08:17:17.238531+00:00
3404,0.474,2026-09-24T08:17:17.240896+00:00
3405,0.406,2026-09-24T08:17:17.243206+00:00
3406,0.398,2026-09-24T08:17:17.245556+00:00
3407,0.347,2026-09-24T08:17:17.247969+00:00
3408,0.474,2026-09-24T08:17:17.250554+00:00
3409,0.359,2026-09-24T08:17:17.252927+00:00
3410,0.392,2026-09-24T08:17:17.255367+00:00
3411,0.48700000000000004,2026-09-24T08:17:17.257902+00:00
3412,0.47100000000000003,2026-09-24T08:17:17.260371+00:00
3413,0.434,2026-09-24T08:17:17.262781+00:00
3414,0.356,2026-09-24T08:17:17.265127+00:00
3415,0.444,2026-09-24T08:17:17.267576+00:00
3416,0.395,2026-09-24T08:17:17.269959+00:00
3417,0.438,2026-09-24T08:17:17.272352+00:00
3418,0.475,2026-09-24T08:17:17.274722+00:00
3419,0.496,2026-09-24T08:17:17.277085+00:00
3420,0.46599999999999997,2026-09-24T08:17:17.279417+00:00
3421,0.48000000000000004,2026-09-24T08:17:17.281778+00:00
3422,0.426,2026-09-24T08:17:17.284083+00:00
3423,0.41,2026-09-24T08:17:17.286433+00:00
3424,0.496,2026-09-24T08:17:17.288851+00:00
3425,0.391,2026-09-24T08:17:17.291129+00:00
3426,0.41,2026-09-24T08:17:17.293472+00:00
3427,0.428,2026-09-24T08:17:17.295822+00:00
3428,0.45199999999999996,2026-09-24T08:17:17.298194+00:00
3429,0.41800000000000004,2026-09-24T08:17:17.300514+00:00
3430,0.40499999999999997,2026-09-24T08:17:17.302827+00:00
3431,0.404,2026-09-24T08:17:17.305151+00:00
3432,0.49,2026-09-24T08:17:17.307566+00:00
3433,0.422,2026-09-24T08:17:17.309848+00:00
3434,0.40299999999999997,2026-09-24T08:17:17.312163+00:00
3435,0.45399999999999996,2026-09-24T08:17:17.314532+00:00
3436,0.456,2026-09-24T08:17:17.316871+00:00
3437,0.354,2026-09-24T08:17:17.319120+00:00
3438,0.342,2026-09-24T08:17:17.321442+00:00
3439,0.355,2026-09-24T08:17:17.323779+00:00
3440,0.392,2026-09-24T08:17:17.326140+00:00
3441,0.339,2026-09-24T08:17:17.328439+00:00
3442,0.347,2026-09-24T08:17:17.330769+00:00
3443,0.363,2026-09-24T08:17:17.333113+00:00
3444,0.453,2026-09-24T08:17:17.335532+00:00
3445,0.524,2026-09-24T08:17:17.337948+00:00
3446,0.398,2026-09-24T08:17:17.340276+00:00
3447,0.433,2026-09-24T08:17:17.342672+00:00
3448,0.442,2026-09-24T08:17:17.345069+00:00
3449,0.37,2026-09-24T08:17:17.347371+00:00
3450,0.518,2026-09-24T08:17:17.349838+00:00
3451,0.444,2026-09-24T08:17:17.352147+00:00
3452,0.46599999999999997,2026-09-24T08:17:17.354575+00:00
3453,0.416,2026-09-24T08:17:17.356918+00:00
3454,0.42000000000000004,2026-09-24T08:17:17.359299+00:00
3455,0.421,2026-09-24T08:17:17.361660+00:00
3456,0.47100000000000003,2026-09-24T08:17:17.364078+00:00
3457,0.592,2026-09-24T08:17:17.366582+00:00
3458,0.475,2026-09-24T08:17:17.368898+00:00
3459,0.48000000000000004,2026-09-24T08:17:17.371309+00:00
3460,0.419,2026-09-24T08:17:17.373650+00:00
3461,0.417,2026-09-24T08:17:17.376021+00:00
3462,0.544,2026-09-24T08:17:17.378544+00:00
3463,0.422,2026-09-24T08:17:17.380846+00:00
3464,0.47800000000000004,2026-09-24T08:17:17.383260+00:00
3465,0.718,2026-09-24T08:17:17.385874+00:00
3466,0.694,2026-09-24T08:17:17.388473+00:00
3467,0.5770000000000001,2026-09-24T08:17:17.390955+00:00
3468,0.499,2026-09-24T08:17:17.393334+00:00
3469,0.805,2026-09-24T08:17:17.396047+00:00
3470,0.594,2026-09-24T08:17:17.398402+00:00
3471,0.406,2026-09-24T08:17:17.400689+00:00
3472,0.447,2026-09-24T08:17:17.403191+00:00
3473,0.5199999999999999,2026-09-24T08:17:17.405710+00:00
3474,0.619,2026-09-24T08:17:17.408331+00:00
3475,0.421,2026-09-24T08:17:17.410709+00:00
3476,0.42000000000000004,2026-09-24T08:17:17.413102+00:00
3477,0.5509999999999999,2026-09-24T08:17:17.415651+00:00
3478,0.45,2026-09-24T08:17:17.418082+00:00
3479,0.57,2026-09-24T08:17:17.420639+00:00
3480,0.766,2026-09-24T08:17:17.423409+00:00
3481,0.583,2026-09-24T08:17:17.425914+00:00
3482,0.502,2026-09-24T08:17:17.428385+00:00
3483,0.509,2026-09-24T08:17:17.430860+00:00
3484,0.597,2026-09-24T08:17:17.433432+00:00
3485,0.575,2026-09-24T08:17:17.436001+00:00
3486,0.707,2026-09-24T08:17:17.438729+00:00
3487,0.5469999999999999,2026-09-24T08:17:17.441261+00:00
3488,0.5609999999999999,2026-09-24T08:17:17.443785+00:00
3489,0.671,2026-09-24T08:17:17.446465+00:00
3490,0.605,2026-09-24T08:17:17.449062+00:00
3491,0.455,2026-09-24T08:17:17.451480+00:00
3492,0.494,2026-09-24T08:17:17.453901+00:00
3493,0.6809999999999999,2026-09-24T08:17:17.456517+00:00
3494,0.48899999999999993,2026-09-24T08:17:17.458845+00:00
3495,0.524,2026-09-24T08:17:17.461311+00:00
3496,0.5810000000000001,2026-09-24T08:17:17.463812+00:00
3497,0.8059999999999999,2026-09-24T08:17:17.466510+00:00
3498,0.828,2026-09-24T08:17:17.469149+00:00
3499,0.618,2026-09-24T08:17:17.471603+00:00
3500,0.578,2026-09-24T08:17:17.474007+00:00
3501,0.664,2026-09-24T08:17:17.476569+00:00
3502,0.442,2026-09-24T08:17:17.478935+00:00
3503,0.47,2026-09-24T08:17:17.481382+00:00
3504,0.5630000000000001,2026-09-24T08:17:17.483991+00:00
3505,0.736,2026-09-24T08:17:17.486618+00:00
3506,0.627,2026-09-24T08:17:17.489168+00:00
3507,0.594,2026-09-24T08:17:17.491672+00:00
3508,0.519,2026-09-24T08:17:17.494110+00:00
3509,0.526,2026-09-24T08:17:17.496627+00:00
3510,0.584,2026-09-24T08:17:17.499182+00:00
3511,0.909,2026-09-24T08:17:17.502142+00:00
3512,0.812,2026-09-24T08:17:17.504855+00:00
3513,0.796,2026-09-24T08:17:17.507485+00:00
3514,0.5760000000000001,2026-09-24T08:17:17.509931+00:00
3515,0.48500000000000004,2026-09-24T08:17:17.512324+00:00
3516,0.709,2026-09-24T08:17:17.514968+00:00
3517,0.522,2026-09-24T08:17:17.517362+00:00
3518,0.48700000000000004,2026-09-24T08:17:17.519763+00:00
3519,0.44,2026-09-24T08:17:17.522134+00:00
3520,0.503,2026-09-24T08:17:17.524565+00:00
3521,0.41100000000000003,2026-09-24T08:17:17.526842+00:00
3522,0.49299999999999994,2026-09-24T08:17:17.529296+00:00
3523,0.421,2026-09-24T08:17:17.531616+00:00
3524,0.503,2026-09-24T08:17:17.534071+00:00
3525,0.496,2026-09-24T08:17:17.536466+00:00
3526,0.448,2026-09-24T08:17:17.538812+00:00
3527,0.523,2026-09-24T08:17:17.541255+00:00
3528,0.488,2026-09-24T08:17:17.543642+00:00
3529,0.42700000000000005,2026-09-24T08:17:17.545980+00:00
3530,0.491,2026-09-24T08:17:17.548408+00:00
3531,0.46099999999999997,2026-09-24T08:17:17.550771+00:00
3532,0.514,2026-09-24T08:17:17.553205+00:00
3533,0.391,2026-09-24T08:17:17.555470+00:00
3534,0.376,2026-09-24T08:17:17.557863+00:00
3535,0.433,2026-09-24T08:17:17.560296+00:00
3536,0.366,2026-09-24T08:17:17.562632+00:00
3537,0.352,2026-09-24T08:17:17.564996+00:00
3538,0.384,2026-09-24T08:17:17.567377+00:00
3539,0.365,2026-09-24T08:17:17.569717+00:00
3540,0.472,2026-09-24T08:17:17.572210+00:00
3541,0.47300000000000003,2026-09-24T08:17:17.574678+00:00
3542,0.42000000000000004,2026-09-24T08:17:17.577102+00:00
3543,0.612,2026-09-24T08:17:17.579736+00:00
3544,0.541,2026-09-24T08:17:17.582335+00:00
3545,0.516,2026-09-24T08:17:17.584862+00:00
3546,0.517,2026-09-24T08:17:17.587433+00:00
3547,0.517,2026-09-24T08:17:17.589945+00:00
3548,0.6719999999999999,2026-09-24T08:17:17.592636+00:00
3549,0.513,2026-09-24T08:17:17.595191+00:00
3550,0.5860000000000001,2026-09-24T08:17:17.597720+00:00
3551,0.868,2026-09-24T08:17:17.600503+00:00
3552,0.67,2026-09-24T08:17:17.602911+00:00
3553,0.73,2026-09-24T08:17:17.605442+00:00
3554,0.6769999999999999,2026-09-24T08:17:17.607888+00:00
3555,0.625,2026-09-24T08:17:17.610316+00:00
3556,0.703,2026-09-24T08:17:17.612855+00:00
3557,0.507,2026-09-24T08:17:17.615197+00:00
3558,0.6489999999999999,2026-09-24T08:17:17.617745+00:00
3559,0.626,2026-09-24T08:17:17.620221+00:00
3560,0.501,2026-09-24T08:17:17.622578+00:00
3561,0.5,2026-09-24T08:17:17.624923+00:00
3562,0.535,2026-09-24T08:17:17.627450+00:00
3563,0.583,2026-09-24T08:17:17.630030+00:00
3564,0.737,2026-09-24T08:17:17.632664+00:00
3565,0.8450000000000001,2026-09-24T08:17:17.635239+00:00
3566,0.496,2026-09-24T08:17:17.637311+00:00
3567,0.57,2026-09-24T08:17:17.639747+00:00
3568,0.46,2026-09-24T08:17:17.642128+00:00
3569,0.606,2026-09-24T08:17:17.644669+00:00
3570,0.46099999999999997,2026-09-24T08:17:17.647023+00:00
3571,0.45199999999999996,2026-09-24T08:17:17.649394+00:00
3572,0.592,2026-09-24T08:17:17.651906+00:00
3573,0.46900000000000003,2026-09-24T08:17:17.654284+00:00
3574,0.48000000000000004,2026-09-24T08:17:17.656679+00:00
3575,0.5599999999999999,2026-09-24T08:17:17.659174+00:00
3576,0.482,2026-09-24T08:17:17.661558+00:00
3577,0.565,2026-09-24T08:17:17.663994+00:00
3578,0.447,2026-09-24T08:17:17.666350+00:00
3579,0.6759999999999999,2026-09-24T08:17:17.668979+00:00
3580,0.823,2026-09-24T08:17:17.671581+00:00
3581,0.496,2026-09-24T08:17:17.673879+00:00
3582,0.762,2026-09-24T08:17:17.676555+00:00
3583,0.833,2026-09-24T08:17:17.679184+00:00
3584,0.6449999999999999,2026-09-24T08:17:17.681643+00:00
3585,0.652,2026-09-24T08:17:17.684028+00:00
3586,0.55,2026-09-24T08:17:17.686426+00:00
3587,0.5109999999999999,2026-09-24T08:17:17.688779+00:00
3588,0.6579999999999999,2026-09-24T08:17:17.691325+00:00
3589,0.48000000000000004,2026-09-24T08:17:17.693639+00:00
3590,0.584,2026-09-24T08:17:17.696133+00:00
3591,0.8540000000000001,2026-09-24T08:17:17.698855+00:00
3592,0.665,2026-09-24T08:17:17.701098+00:00
3593,0.679,2026-09-24T08:17:17.703617+00:00
3594,0.51,2026-09-24T08:17:17.705915+00:00
3595,0.675,2026-09-24T08:17:17.708490+00:00
3596,0.562,2026-09-24T08:17:17.710875+00:00
3597,0.374,2026-09-24T08:17:17.713124+00:00
3598,0.508,2026-09-24T08:17:17.715617+00:00
3599,0.554,2026-09-24T08:17:17.718129+00:00
3600,0.417,2026-09-24T08:17:17.720494+00:00
3601,0.397,2026-09-24T08:17:17.722823+00:00
3602,0.419,2026-09-24T08:17:17.725197+00:00
3603,0.575,2026-09-24T08:17:17.727715+00:00
3604,0.472,2026-09-24T08:17:17.730103+00:00
3605,0.45199999999999996,2026-09-24T08:17:17.732491+00:00
3606,0.428,2026-09-24T08:17:17.734851+00:00
3607,0.45899999999999996,2026-09-24T08:17:17.737283+00:00
3608,0.404,2026-09-24T08:17:17.739623+00:00
3609,0.438,2026-09-24T08:17:17.742018+00:00
3610,0.609,2026-09-24T08:17:17.744617+00:00
3611,0.47300000000000003,2026-09-24T08:17:17.746950+00:00
3612,0.549,2026-09-24T08:17:17.749450+00:00
3613,0.412,2026-09-24T08:17:17.751761+00:00
3614,0.379,2026-09-24T08:17:17.754086+00:00
3615,0.477,2026-09-24T08:17:17.756521+00:00
3616,0.5339999999999999,2026-09-24T08:17:17.758961+00:00
3617,0.379,2026-09-24T08:17:17.761265+00:00
3618,0.42000000000000004,2026-09-24T08:17:17.763644+00:00
3619,0.504,2026-09-24T08:17:17.766080+00:00
3620,0.58,2026-09-24T08:17:17.768540+00:00
3621,0.5680000000000001,2026-09-24T08:17:17.770965+00:00
3622,0.395,2026-09-24T08:17:17.773228+00:00
3623,0.475,2026-09-24T08:17:17.775638+00:00
3624,0.481,2026-09-24T08:17:17.778060+00:00
3625,0.41300000000000003,2026-09-24T08:17:17.780382+00:00
3626,0.437,2026-09-24T08:17:17.782731+00:00
3627,0.499,2026-09-24T08:17:17.785118+00:00
3628,0.5950000000000001,2026-09-24T08:17:17.787560+00:00
3629,0.34600000000000003,2026-09-24T08:17:17.789736+00:00
3630,0.335,2026-09-24T08:17:17.792063+00:00
3631,0.36200000000000004,2026-09-24T08:17:17.794408+00:00
3632,0.475,2026-09-24T08:17:17.796856+00:00
3633,0.345,2026-09-24T08:17:17.799161+00:00
3634,0.35300000000000004,2026-09-24T08:17:17.801485+00:00
3635,0.41100000000000003,2026-09-24T08:17:17.803833+00:00
3636,0.472,2026-09-24T08:17:17.806265+00:00
3637,0.38699999999999996,2026-09-24T08:17:17.808588+00:00
3638,0.373,2026-09-24T08:17:17.810911+00:00
3639,0.47600000000000003,2026-09-24T08:17:17.813345+00:00
3640,0.54,2026-09-24T08:17:17.815765+00:00
3641,0.412,2026-09-24T08:17:17.818089+00:00
3642,0.6040000000000001,2026-09-24T08:17:17.820619+00:00
3643,0.426,2026-09-24T08:17:17.822852+00:00
3644,0.439,2026-09-24T08:17:17.825215+00:00
3645,0.465,2026-09-24T08:17:17.827597+00:00
3646,0.425,2026-09-24T08:17:17.829848+00:00
3647,0.377,2026-09-24T08:17:17.832134+00:00
3648,0.519,2026-09-24T08:17:17.834587+00:00
3649,0.474,2026-09-24T08:17:17.836877+00:00
3650,0.5479999999999999,2026-09-24T08:17:17.839472+00:00
3651,0.5910000000000001,2026-09-24T08:17:17.842072+00:00
3652,0.615,2026-09-24T08:17:17.844673+00:00
3653,0.48500000000000004,2026-09-24T08:17:17.847046+00:00
3654,0.423,2026-09-24T08:17:17.849377+00:00
3655,0.40900000000000003,2026-09-24T08:17:17.851704+00:00
3656,0.402,2026-09-24T08:17:17.854017+00:00
3657,0.428,2026-09-24T08:17:17.856376+00:00
3658,0.48899999999999993,2026-09-24T08:17:17.858884+00:00
3659,0.46299999999999997,2026-09-24T08:17:17.861354+00:00
3660,0.6449999999999999,2026-09-24T08:17:17.864020+00:00
3661,0.355,2026-09-24T08:17:17.866240+00:00
3662,0.40900000000000003,2026-09-24T08:17:17.868682+00:00
3663,0.335,2026-09-24T08:17:17.871000+00:00
3664,0.515,2026-09-24T08:17:17.873505+00:00
3665,0.354,2026-09-24T08:17:17.875781+00:00
3666,0.379,2026-09-24T08:17:17.878129+00:00
3667,0.456,2026-09-24T08:17:17.880560+00:00
3668,0.5469999999999999,2026-09-24T08:17:17.883061+00:00
3669,0.537,2026-09-24T08:17:17.885510+00:00
3670,0.5,2026-09-24T08:17:17.887999+00:00
3671,0.39,2026-09-24T08:17:17.890380+00:00
3672,0.388,2026-09-24T08:17:17.892721+00:00
3673,0.36200000000000004,2026-09-24T08:17:17.895071+00:00
3674,0.408,2026-09-24T08:17:17.897450+00:00
3675,0.38699999999999996,2026-09-24T08:17:17.899810+00:00
3676,0.565,2026-09-24T08:17:17.902341+00:00
3677,0.398,2026-09-24T08:17:17.904628+00:00
3678,0.37,2026-09-24T08:17:17.906959+00:00
3679,0.383,2026-09-24T08:17:17.909300+00:00
3680,0.388,2026-09-24T08:17:17.911636+00:00
3681,0.521,2026-09-24T08:17:17.914121+00:00
3682,0.419,2026-09-24T08:17:17.916433+00:00
3683,0.382,2026-09-24T08:17:17.918729+00:00
3684,0.704,2026-09-24T08:17:17.921388+00:00
3685,0.718,2026-09-24T08:17:17.924013+00:00
3686,0.5479999999999999,2026-09-24T08:17:17.926555+00:00
3687,0.8350000000000001,2026-09-24T08:17:17.929384+00:00
3688,0.475,2026-09-24T08:17:17.931739+00:00
3689,0.598,2026-09-24T08:17:17.934356+00:00
3690,0.522,2026-09-24T08:17:17.936842+00:00
3691,0.465,2026-09-24T08:17:17.939307+00:00
3692,0.491,2026-09-24T08:17:17.941815+00:00
3693,0.48700000000000004,2026-09-24T08:17:17.944298+00:00
3694,0.47,2026-09-24T08:17:17.946797+00:00
3695,0.532,2026-09-24T08:17:17.949426+00:00
3696,0.399,2026-09-24T08:17:17.951855+00:00
3697,0.496,2026-09-24T08:17:17.954440+00:00
3698,0.40499999999999997,2026-09-24T08:17:17.956872+00:00
3699,0.392,2026-09-24T08:17:17.959340+00:00
3700,0.513,2026-09-24T08:17:17.961914+00:00
3701,0.472,2026-09-24T08:17:17.964382+00:00
3702,0.374,2026-09-24T08:17:17.966731+00:00
3703,0.447,2026-09-24T08:17:17.969162+00:00
3704,0.40700000000000003,2026-09-24T08:17:17.971514+00:00
3705,0.426,2026-09-24T08:17:17.973853+00:00
3706,0.38499999999999995,2026-09-24T08:17:17.976183+00:00
3707,0.36900000000000005,2026-09-24T08:17:17.978504+00:00
3708,0.5810000000000001,2026-09-24T08:17:17.981004+00:00
3709,0.475,2026-09-24T08:17:17.983215+00:00
3710,0.47300000000000003,2026-09-24T08:17:17.985566+00:00
3711,0.5419999999999999,2026-09-24T08:17:17.987965+00:00
3712,0.444,2026-09-24T08:17:17.990243+00:00
3713,0.531,2026-09-24T08:17:17.992666+00:00
3714,0.47,2026-09-24T08:17:17.994992+00:00
3715,0.443,2026-09-24T08:17:17.997301+00:00
3716,0.621,2026-09-24T08:17:17.999801+00:00
3717,0.508,2026-09-24T08:17:18.002093+00:00
3718,0.708,2026-09-24T08:17:18.004665+00:00
3719,0.638,2026-09-24T08:17:18.007061+00:00
3720,0.514,2026-09-24T08:17:18.009351+00:00
3721,0.62,2026-09-24T08:17:18.011813+00:00
3722,0.533,2026-09-24T08:17:18.014142+00:00
3723,0.959,2026-09-24T08:17:18.016941+00:00
3724,0.5720000000000001,2026-09-24T08:17:18.019252+00:00
3725,0.6629999999999999,2026-09-24T08:17:18.021746+00:00
3726,0.616,2026-09-24T08:17:18.024228+00:00
3727,0.886,2026-09-24T08:17:18.026963+00:00
3728,0.5770000000000001,2026-09-24T08:17:18.029247+00:00
3729,0.675,2026-09-24T08:17:18.031746+00:00
3730,0.48000000000000004,2026-09-24T08:17:18.034008+00:00
3731,0.666,2026-09-24T08:17:18.036596+00:00
3732,0.499,2026-09-24T08:17:18.038977+00:00
3733,0.809,2026-09-24T08:17:18.041734+00:00
3734,0.653,2026-09-24T08:17:18.044193+00:00
3735,0.662,2026-09-24T08:17:18.046754+00:00
3736,0.513,2026-09-24T08:17:18.049064+00:00
3737,0.456,2026-09-24T08:17:18.051418+00:00
3738,0.539,2026-09-24T08:17:18.053866+00:00
3739,0.732,2026-09-24T08:17:18.056532+00:00
3740,0.675,2026-09-24T08:17:18.059064+00:00
3741,0.855,2026-09-24T08:17:18.061793+00:00
3742,0.5730000000000001,2026-09-24T08:17:18.064315+00:00
3743,0.757,2026-09-24T08:17:18.066985+00:00
3744,0.759,2026-09-24T08:17:18.069591+00:00
3745,0.605,2026-09-24T08:17:18.071996+00:00
3746,0.46900000000000003,2026-09-24T08:17:18.074296+00:00
3747,0.53,2026-09-24T08:17:18.076722+00:00
3748,0.8989999999999999,2026-09-24T08:17:18.079506+00:00
3749,0.648,2026-09-24T08:17:18.082022+00:00
3750,0.47600000000000003,2026-09-24T08:17:18.084332+00:00
3751,0.64,2026-09-24T08:17:18.086902+00:00
3752,0.766,2026-09-24T08:17:18.089519+00:00
3753,0.643,2026-09-24T08:17:18.091948+00:00
3754,0.635,2026-09-24T08:17:18.094358+00:00
3755,0.8490000000000001,2026-09-24T08:17:18.096980+00:00
3756,0.628,2026-09-24T08:17:18.099339+00:00
3757,0.553,2026-09-24T08:17:18.101786+00:00
3758,0.6759999999999999,2026-09-24T08:17:18.104308+00:00
3759,0.508,2026-09-24T08:17:18.106726+00:00
3760,0.558,2026-09-24T08:17:18.109211+00:00
3761,0.512,2026-09-24T08:17:18.111604+00:00
3762,0.46799999999999997,2026-09-24T08:17:18.114019+00:00
3763,0.439,2026-09-24T08:17:18.116427+00:00
3764,0.379,2026-09-24T08:17:18.118746+00:00
3765,0.368,2026-09-24T08:17:18.121090+00:00
3766,0.42700000000000005,2026-09-24T08:17:18.123507+00:00
3767,0.424,2026-09-24T08:17:18.125850+00:00
3768,0.433,2026-09-24T08:17:18.128251+00:00
3769,0.434,2026-09-24T08:17:18.130631+00:00
3770,0.45899999999999996,2026-09-24T08:17:18.133040+00:00
3771,0.579,2026-09-24T08:17:18.135544+00:00
3772,0.45199999999999996,2026-09-24T08:17:18.137992+00:00
3773,0.392,2026-09-24T08:17:18.140370+00:00
3774,0.615,2026-09-24T08:17:18.142947+00:00
3775,0.512,2026-09-24T08:17:18.145295+00:00
3776,0.684,2026-09-24T08:17:18.147919+00:00
3777,0.566,2026-09-24T08:17:18.150389+00:00
3778,0.634,2026-09-24T08:17:18.152977+00:00
3779,0.5109999999999999,2026-09-24T08:17:18.155364+00:00
3780,0.424,2026-09-24T08:17:18.157651+00:00
3781,0.40499999999999997,2026-09-24T08:17:18.159983+00:00
3782,0.5429999999999999,2026-09-24T08:17:18.162455+00:00
3783,0.527,2026-09-24T08:17:18.164815+00:00
3784,0.901,2026-09-24T08:17:18.167541+00:00
3785,0.972,2026-09-24T08:17:18.170244+00:00
3786,0.657,2026-09-24T08:17:18.172540+00:00
3787,0.6859999999999999,2026-09-24T08:17:18.175095+00:00
3788,0.7919999999999999,2026-09-24T08:17:18.177742+00:00
3789,0.614,2026-09-24T08:17:18.180148+00:00
3790,0.621,2026-09-24T08:17:18.182579+00:00
3791,0.5760000000000001,2026-09-24T08:17:18.185067+00:00
3792,0.5950000000000001,2026-09-24T08:17:18.187511+00:00
3793,0.444,2026-09-24T08:17:18.189806+00:00
3794,0.588,2026-09-24T08:17:18.192304+00:00
3795,0.643,2026-09-24T08:17:18.194682+00:00
3796,0.526,2026-09-24T08:17:18.196906+00:00
3797,0.5810000000000001,2026-09-24T08:17:18.199381+00:00
3798,0.49200000000000005,2026-09-24T08:17:18.201783+00:00
3799,0.6579999999999999,2026-09-24T08:17:18.204378+00:00
3800,0.48899999999999993,2026-09-24T08:17:18.206762+00:00
3801,0.709,2026-09-24T08:17:18.209526+00:00
3802,0.634,2026-09-24T08:17:18.212009+00:00
3803,0.73,2026-09-24T08:17:18.214591+00:00
3804,0.535,2026-09-24T08:17:18.216936+00:00
3805,0.559,2026-09-24T08:17:18.219362+00:00
3806,0.585,2026-09-24T08:17:18.221837+00:00
3807,0.592,2026-09-24T08:17:18.224266+00:00
3808,0.475,2026-09-24T08:17:18.226584+00:00
3809,0.578,2026-09-24T08:17:18.229002+00:00
3810,0.5479999999999999,2026-09-24T08:17:18.231397+00:00
3811,0.6930000000000001,2026-09-24T08:17:18.233935+00:00
3812,0.5379999999999999,2026-09-24T08:17:18.236297+00:00
3813,0.8270000000000001,2026-09-24T08:17:18.238978+00:00
3814,0.506,2026-09-24T08:17:18.241192+00:00
3815,0.631,2026-09-24T08:17:18.243684+00:00
3816,0.584,2026-09-24T08:17:18.246103+00:00
3817,0.5810000000000001,2026-09-24T08:17:18.248496+00:00
3818,0.562,2026-09-24T08:17:18.250878+00:00
3819,0.48000000000000004,2026-09-24T08:17:18.253244+00:00
3820,0.504,2026-09-24T08:17:18.255666+00:00
3821,0.503,2026-09-24T08:17:18.258069+00:00
3822,0.416,2026-09-24T08:17:18.260391+00:00
3823,0.486,2026-09-24T08:17:18.262814+00:00
3824,0.458,2026-09-24T08:17:18.265206+00:00
3825,0.486,2026-09-24T08:17:18.267633+00:00
3826,0.428,2026-09-24T08:17:18.270007+00:00
3827,0.412,2026-09-24T08:17:18.272363+00:00
3828,0.505,2026-09-24T08:17:18.274808+00:00
3829,0.6040000000000001,2026-09-24T08:17:18.277308+00:00
3830,0.43600000000000005,2026-09-24T08:17:18.279667+00:00
3831,0.48000000000000004,2026-09-24T08:17:18.282074+00:00
3832,0.646,2026-09-24T08:17:18.284683+00:00
3833,0.55,2026-09-24T08:17:18.287151+00:00
3834,0.434,2026-09-24T08:17:18.289466+00:00
3835,0.40900000000000003,2026-09-24T08:17:18.291802+00:00
3836,0.417,2026-09-24T08:17:18.294177+00:00
3837,0.569,2026-09-24T08:17:18.296688+00:00
3838,0.629,2026-09-24T08:17:18.299205+00:00
3839,0.575,2026-09-24T08:17:18.301553+00:00
3840,0.545,2026-09-24T08:17:18.304001+00:00
3841,0.601,2026-09-24T08:17:18.306507+00:00
3842,0.45,2026-09-24T08:17:18.308829+00:00
3843,0.5770000000000001,2026-09-24T08:17:18.311353+00:00
3844,0.635,2026-09-24T08:17:18.313920+00:00
3845,0.458,2026-09-24T08:17:18.316266+00:00
3846,0.531,2026-09-24T08:17:18.318724+00:00
3847,0.508,2026-09-24T08:17:18.321142+00:00
3848,0.5379999999999999,2026-09-24T08:17:18.323591+00:00
3849,0.49200000000000005,2026-09-24T08:17:18.325915+00:00
3850,0.482,2026-09-24T08:17:18.328255+00:00
3851,0.528,2026-09-24T08:17:18.330680+00:00
3852,0.486,2026-09-24T08:17:18.332991+00:00
3853,0.6449999999999999,2026-09-24T08:17:18.335533+00:00
3854,0.513,2026-09-24T08:17:18.338082+00:00
3855,0.502,2026-09-24T08:17:18.340647+00:00
3856,0.5,2026-09-24T08:17:18.343150+00:00
3857,0.46799999999999997,2026-09-24T08:17:18.345659+00:00
3858,0.647,2026-09-24T08:17:18.348356+00:00
3859,0.5379999999999999,2026-09-24T08:17:18.350808+00:00
3860,0.5339999999999999,2026-09-24T08:17:18.353338+00:00
3861,0.509,2026-09-24T08:17:18.355866+00:00
3862,0.51,2026-09-24T08:17:18.358376+00:00
3863,0.5559999999999999,2026-09-24T08:17:18.360910+00:00
3864,0.46900000000000003,2026-09-24T08:17:18.363361+00:00
3865,0.5519999999999999,2026-09-24T08:17:18.365951+00:00
3866,0.539,2026-09-24T08:17:18.368459+00:00
3867,0.5289999999999999,2026-09-24T08:17:18.370955+00:00
3868,0.527,2026-09-24T08:17:18.373447+00:00
3869,0.608,2026-09-24T08:17:18.376026+00:00
3870,0.546,2026-09-24T08:17:18.378542+00:00
3871,0.509,2026-09-24T08:17:18.380997+00:00
3872,0.525,2026-09-24T08:17:18.383513+00:00
3873,0.596,2026-09-24T08:17:18.386096+00:00
3874,0.821,2026-09-24T08:17:18.388849+00:00
3875,0.574,2026-09-24T08:17:18.391295+00:00
3876,0.549,2026-09-24T08:17:18.393778+00:00
3877,0.512,2026-09-24T08:17:18.396267+00:00
3878,0.61,2026-09-24T08:17:18.398855+00:00
3879,0.522,2026-09-24T08:17:18.401303+00:00
3880,0.741,2026-09-24T08:17:18.404000+00:00
3881,0.726,2026-09-24T08:17:18.406490+00:00
3882,0.739,2026-09-24T08:17:18.408999+00:00
3883,0.8130000000000001,2026-09-24T08:17:18.411588+00:00
3884,0.7110000000000001,2026-09-24T08:17:18.414074+00:00
3885,0.737,2026-09-24T08:17:18.416742+00:00
3886,0.587,2026-09-24T08:17:18.419266+00:00
3887,1.3110000000000002,2026-09-24T08:17:18.422537+00:00
3888,0.769,2026-09-24T08:17:18.424939+00:00
3889,0.68,2026-09-24T08:17:18.427485+00:00
3890,0.5680000000000001,2026-09-24T08:17:18.429904+00:00
3891,0.709,2026-09-24T08:17:18.432462+00:00
3892,0.616,2026-09-24T08:17:18.434917+00:00
3893,0.705,2026-09-24T08:17:18.437486+00:00
3894,0.5670000000000001,2026-09-24T08:17:18.439979+00:00
3895,0.634,2026-09-24T08:17:18.442492+00:00
3896,0.523,2026-09-24T08:17:18.444869+00:00
3897,0.507,2026-09-24T08:17:18.447211+00:00
3898,0.55,2026-09-24T08:17:18.449646+00:00
3899,0.528,2026-09-24T08:17:18.452017+00:00
3900,0.46900000000000003,2026-09-24T08:17:18.454374+00:00
3901,0.46099999999999997,2026-09-24T08:17:18.456750+00:00
3902,0.5479999999999999,2026-09-24T08:17:18.459208+00:00
3903,0.584,2026-09-24T08:17:18.461645+00:00
3904,0.514,2026-09-24T08:17:18.463947+00:00
3905,0.483,2026-09-24T08:17:18.466298+00:00
3906,0.634,2026-09-24T08:17:18.468873+00:00
3907,0.558,2026-09-24T08:17:18.471277+00:00
3908,0.626,2026-09-24T08:17:18.473799+00:00
3909,0.49799999999999994,2026-09-24T08:17:18.476088+00:00
3910,0.546,2026-09-24T08:17:18.478551+00:00
3911,0.5289999999999999,2026-09-24T08:17:18.480926+00:00
3912,0.5429999999999999,2026-09-24T08:17:18.483327+00:00
3913,0.481,2026-09-24T08:17:18.485646+00:00
3914,0.703,2026-09-24T08:17:18.488241+00:00
3915,0.584,2026-09-24T08:17:18.490629+00:00
3916,0.49200000000000005,2026-09-24T08:17:18.492915+00:00
3917,0.426,2026-09-24T08:17:18.495225+00:00
3918,0.499,2026-09-24T08:17:18.497693+00:00
3919,0.49299999999999994,2026-09-24T08:17:18.500074+00:00
3920,0.474,2026-09-24T08:17:18.502432+00:00
3921,0.544,2026-09-24T08:17:18.504863+00:00
3922,0.891,2026-09-24T08:17:18.507707+00:00
3923,0.6930000000000001,2026-09-24T08:17:18.510318+00:00
3924,0.641,2026-09-24T08:17:18.512926+00:00
3925,0.605,2026-09-24T08:17:18.515473+00:00
3926,0.616,2026-09-24T08:17:18.518021+00:00
3927,0.652,2026-09-24T08:17:18.520627+00:00
3928,0.5670000000000001,2026-09-24T08:17:18.523143+00:00
3929,0.575,2026-09-24T08:17:18.525687+00:00
3930,0.5630000000000001,2026-09-24T08:17:18.528204+00:00
3931,0.571,2026-09-24T08:17:18.530739+00:00
3932,0.64,2026-09-24T08:17:18.533367+00:00
3933,0.632,2026-09-24T08:17:18.535959+00:00
3934,0.503,2026-09-24T08:17:18.538399+00:00
3935,0.5339999999999999,2026-09-24T08:17:18.540811+00:00
3936,0.63,2026-09-24T08:17:18.543317+00:00
3937,0.589,2026-09-24T08:17:18.545834+00:00
3938,0.579,2026-09-24T08:17:18.548316+00:00
3939,0.62,2026-09-24T08:17:18.550854+00:00
3940,0.5509999999999999,2026-09-24T08:17:18.553336+00:00
3941,0.502,2026-09-24T08:17:18.555700+00:00
3942,0.48500000000000004,2026-09-24T08:17:18.558092+00:00
3943,0.516,2026-09-24T08:17:18.560522+00:00
3944,0.5680000000000001,2026-09-24T08:17:18.562961+00:00
3945,0.501,2026-09-24T08:17:18.565308+00:00
3946,0.545,2026-09-24T08:17:18.567748+00:00
3947,0.5479999999999999,2026-09-24T08:17:18.570160+00:00
3948,0.5479999999999999,2026-09-24T08:17:18.572568+00:00
3949,0.391,2026-09-24T08:17:18.574786+00:00
3950,0.39,2026-09-24T08:17:18.577193+00:00
3951,0.379,2026-09-24T08:17:18.579563+00:00
3952,0.365,2026-09-24T08:17:18.581920+00:00
3953,0.41100000000000003,2026-09-24T08:17:18.584333+00:00
3954,0.435,2026-09-24T08:17:18.586734+00:00
3955,0.594,2026-09-24T08:17:18.589283+00:00
3956,0.39599999999999996,2026-09-24T08:17:18.591645+00:00
3957,0.5429999999999999,2026-09-24T08:17:18.594177+00:00
3958,0.462,2026-09-24T08:17:18.596566+00:00
3959,0.5820000000000001,2026-09-24T08:17:18.599076+00:00
3960,0.652,2026-09-24T08:17:18.601664+00:00
3961,0.523,2026-09-24T08:17:18.604130+00:00
3962,0.804,2026-09-24T08:17:18.606901+00:00
3963,0.544,2026-09-24T08:17:18.609288+00:00
3964,0.6130000000000001,2026-09-24T08:17:18.611898+00:00
3965,0.48500000000000004,2026-09-24T08:17:18.614324+00:00
3966,0.5760000000000001,2026-09-24T08:17:18.616854+00:00
3967,0.5630000000000001,2026-09-24T08:17:18.619308+00:00
3968,0.6719999999999999,2026-09-24T08:17:18.621846+00:00
3969,0.554,2026-09-24T08:17:18.624202+00:00
3970,0.82,2026-09-24T08:17:18.626892+00:00
3971,0.6880000000000001,2026-09-24T08:17:18.629452+00:00
3972,0.588,2026-09-24T08:17:18.631974+00:00
3973,0.503,2026-09-24T08:17:18.634377+00:00
3974,0.767,2026-09-24T08:17:18.637074+00:00
3975,0.584,2026-09-24T08:17:18.639503+00:00
3976,0.6920000000000001,2026-09-24T08:17:18.642110+00:00
3977,0.597,2026-09-24T08:17:18.644479+00:00
3978,0.535,2026-09-24T08:17:18.646815+00:00
3979,0.791,2026-09-24T08:17:18.649500+00:00
3980,0.65,2026-09-24T08:17:18.651818+00:00
3981,0.9259999999999999,2026-09-24T08:17:18.654591+00:00
3982,0.828,2026-09-24T08:17:18.657262+00:00
3983,0.544,2026-09-24T08:17:18.659703+00:00
3984,0.5670000000000001,2026-09-24T08:17:18.662247+00:00
3985,0.741,2026-09-24T08:17:18.664924+00:00
3986,0.6849999999999999,2026-09-24T08:17:18.667370+00:00
3987,0.894,2026-09-24T08:17:18.670183+00:00
3988,1.222,2026-09-24T08:17:18.673347+00:00
3989,0.651,2026-09-24T08:17:18.675987+00:00
3990,0.531,2026-09-24T08:17:18.678466+00:00
3991,0.39599999999999996,2026-09-24T08:17:18.680756+00:00
3992,0.635,2026-09-24T08:17:18.683334+00:00
3993,0.5730000000000001,2026-09-24T08:17:18.685767+00:00
3994,0.506,2026-09-24T08:17:18.688150+00:00
3995,0.48700000000000004,2026-09-24T08:17:18.690526+00:00
3996,0.49,2026-09-24T08:17:18.692879+00:00
3997,0.368,2026-09-24T08:17:18.695142+00:00
3998,0.41100000000000003,2026-09-24T08:17:18.697489+00:00
3999,0.399,2026-09-24T08:17:18.699801+00:00
4000,0.386,2026-09-24T08:17:18.702122+00:00
4001,0.503,2026-09-24T08:17:18.704550+00:00
4002,0.48500000000000004,2026-09-24T08:17:18.706893+00:00
4003,0.47800000000000004,2026-09-24T08:17:18.709257+00:00
4004,0.47,2026-09-24T08:17:18.711608+00:00
4005,0.505,2026-09-24T08:17:18.713959+00:00
4006,0.48700000000000004,2026-09-24T08:17:18.716255+00:00
4007,0.532,2026-09-24T08:17:18.718648+00:00
4008,0.441,2026-09-24T08:17:18.720888+00:00
4009,0.501,2026-09-24T08:17:18.723337+00:00
4010,0.47600000000000003,2026-09-24T08:17:18.725667+00:00
4011,0.47800000000000004,2026-09-24T08:17:18.728029+00:00
4012,0.45899999999999996,2026-09-24T08:17:18.730351+00:00
4013,0.447,2026-09-24T08:17:18.732675+00:00
4014,0.377,2026-09-24T08:17:18.734975+00:00
4015,0.359,2026-09-24T08:17:18.737290+00:00
4016,0.439,2026-09-24T08:17:18.739675+00:00
4017,0.451,2026-09-24T08:17:18.742077+00:00
4018,0.383,2026-09-24T08:17:18.744377+00:00
4019,0.438,2026-09-24T08:17:18.746762+00:00
4020,0.45399999999999996,2026-09-24T08:17:18.749141+00:00
4021,0.377,2026-09-24T08:17:18.751444+00:00
4022,0.464,2026-09-24T08:17:18.753860+00:00
4023,0.41300000000000003,2026-09-24T08:17:18.756223+00:00
4024,0.437,2026-09-24T08:17:18.758611+00:00
4025,0.444,2026-09-24T08:17:18.761000+00:00
4026,0.425,2026-09-24T08:17:18.763335+00:00
4027,0.47300000000000003,2026-09-24T08:17:18.765719+00:00
4028,0.38699999999999996,2026-09-24T08:17:18.768022+00:00
4029,0.383,2026-09-24T08:17:18.770331+00:00
4030,0.46,2026-09-24T08:17:18.772724+00:00
4031,0.441,2026-09-24T08:17:18.775097+00:00
4032,0.48899999999999993,2026-09-24T08:17:18.777512+00:00
4033,0.467,2026-09-24T08:17:18.779868+00:00
4034,0.484,2026-09-24T08:17:18.782236+00:00
4035,0.651,2026-09-24T08:17:18.784816+00:00
4036,0.508,2026-09-24T08:17:18.787251+00:00
4037,0.545,2026-09-24T08:17:18.789704+00:00
4038,0.549,2026-09-24T08:17:18.792139+00:00
4039,0.67,2026-09-24T08:17:18.794732+00:00
4040,0.678,2026-09-24T08:17:18.797104+00:00
4041,0.61,2026-09-24T08:17:18.799614+00:00
4042,0.578,2026-09-24T08:17:18.801956+00:00
4043,0.593,2026-09-24T08:17:18.804339+00:00
4044,0.5760000000000001,2026-09-24T08:17:18.806708+00:00
4045,0.422,2026-09-24T08:17:18.808958+00:00
4046,0.388,2026-09-24T08:17:18.811324+00:00
4047,0.376,2026-09-24T08:17:18.813647+00:00
4048,0.596,2026-09-24T08:17:18.816202+00:00
4049,0.5820000000000001,2026-09-24T08:17:18.818771+00:00
4050,0.7290000000000001,2026-09-24T08:17:18.821490+00:00
4051,0.559,2026-09-24T08:17:18.823972+00:00
4052,0.49799999999999994,2026-09-24T08:17:18.826444+00:00
4053,0.496,2026-09-24T08:17:18.828888+00:00
4054,0.402,2026-09-24T08:17:18.831234+00:00
4055,0.366,2026-09-24T08:17:18.833560+00:00
4056,0.408,2026-09-24T08:17:18.835949+00:00
4057,0.446,2026-09-24T08:17:18.838352+00:00
4058,0.432,2026-09-24T08:17:18.840717+00:00
4059,0.386,2026-09-24T08:17:18.843061+00:00
4060,0.422,2026-09-24T08:17:18.845451+00:00
4061,0.384,2026-09-24T08:17:18.847771+00:00
4062,0.382,2026-09-24T08:17:18.850118+00:00
4063,0.467,2026-09-24T08:17:18.852546+00:00
4064,0.40700000000000003,2026-09-24T08:17:18.854833+00:00
4065,0.5569999999999999,2026-09-24T08:17:18.857353+00:00
4066,0.523,2026-09-24T08:17:18.859725+00:00
4067,0.494,2026-09-24T08:17:18.862104+00:00
4068,0.443,2026-09-24T08:17:18.864503+00:00
4069,0.406,2026-09-24T08:17:18.866841+00:00
4070,0.397,2026-09-24T08:17:18.869180+00:00
4071,0.43,2026-09-24T08:17:18.871549+00:00
4072,0.416,2026-09-24T08:17:18.873883+00:00
4073,0.58,2026-09-24T08:17:18.876386+00:00
4074,0.583,2026-09-24T08:17:18.878835+00:00
4075,0.453,2026-09-24T08:17:18.881088+00:00
4076,0.484,2026-09-24T08:17:18.883473+00:00
4077,0.434,2026-09-24T08:17:18.885784+00:00
4078,0.484,2026-09-24T08:17:18.888285+00:00
4079,0.363,2026-09-24T08:17:18.890598+00:00
4080,0.609,2026-09-24T08:17:18.893194+00:00
4081,0.393,2026-09-24T08:17:18.895522+00:00
4082,0.45199999999999996,2026-09-24T08:17:18.897954+00:00
4083,0.62,2026-09-24T08:17:18.900555+00:00
4084,0.679,2026-09-24T08:17:18.903168+00:00
4085,0.67,2026-09-24T08:17:18.905933+00:00
4086,0.513,2026-09-24T08:17:18.908366+00:00
4087,0.674,2026-09-24T08:17:18.911010+00:00
4088,0.795,2026-09-24T08:17:18.913691+00:00
4089,0.506,2026-09-24T08:17:18.916097+00:00
4090,0.671,2026-09-24T08:17:18.918770+00:00
4091,0.745,2026-09-24T08:17:18.921463+00:00
4092,0.787,2026-09-24T08:17:18.924033+00:00
4093,0.683,2026-09-24T08:17:18.926399+00:00
4094,0.605,2026-09-24T08:17:18.928937+00:00
4095,0.599,2026-09-24T08:17:18.931403+00:00
4096,0.916,2026-09-24T08:17:18.934258+00:00
4097,0.597,2026-09-24T08:17:18.936619+00:00
4098,0.533,2026-09-24T08:17:18.939019+00:00
4099,0.71,2026-09-24T08:17:18.941625+00:00
4100,0.876,2026-09-24T08:17:18.944302+00:00
4101,0.571,2026-09-24T08:17:18.946644+00:00
4102,0.472,2026-09-24T08:17:18.949001+00:00
4103,0.584,2026-09-24T08:17:18.951535+00:00
4104,0.562,2026-09-24T08:17:18.953990+00:00
4105,0.5720000000000001,2026-09-24T08:17:18.956477+00:00
4106,0.57,2026-09-24T08:17:18.958951+00:00
4107,0.627,2026-09-24T08:17:18.961506+00:00
4108,0.5479999999999999,2026-09-24T08:17:18.963893+00:00
4109,0.356,2026-09-24T08:17:18.966100+00:00
4110,0.533,2026-09-24T08:17:18.968741+00:00
4111,0.592,2026-09-24T08:17:18.971405+00:00
4112,0.46,2026-09-24T08:17:18.973804+00:00
4113,0.384,2026-09-24T08:17:18.976146+00:00
4114,0.451,2026-09-24T08:17:18.978581+00:00
4115,0.656,2026-09-24T08:17:18.981262+00:00
4116,0.8360000000000001,2026-09-24T08:17:18.984076+00:00
4117,0.75,2026-09-24T08:17:18.986568+00:00
4118,0.5289999999999999,2026-09-24T08:17:18.988826+00:00
4119,0.5469999999999999,2026-09-24T08:17:18.991341+00:00
4120,0.7879999999999999,2026-09-24T08:17:18.994122+00:00
4121,0.5860000000000001,2026-09-24T08:17:18.996554+00:00
4122,0.574,2026-09-24T08:17:18.998861+00:00
4123,0.6759999999999999,2026-09-24T08:17:19.001320+00:00
4124,0.536,2026-09-24T08:17:19.003742+00:00
4125,0.40700000000000003,2026-09-24T08:17:19.005999+00:00
4126,0.412,2026-09-24T08:17:19.008325+00:00
4127,0.5509999999999999,2026-09-24T08:17:19.010877+00:00
4128,0.5730000000000001,2026-09-24T08:17:19.013371+00:00
4129,0.429,2026-09-24T08:17:19.015645+00:00
4130,0.43,2026-09-24T08:17:19.017979+00:00
4131,0.5519999999999999,2026-09-24T08:17:19.020457+00:00
4132,0.54,2026-09-24T08:17:19.022820+00:00
4133,0.47800000000000004,2026-09-24T08:17:19.025107+00:00
4134,0.54,2026-09-24T08:17:19.027561+00:00
4135,0.49299999999999994,2026-09-24T08:17:19.029899+00:00
4136,0.769,2026-09-24T08:17:19.032606+00:00
4137,0.5429999999999999,2026-09-24T08:17:19.034959+00:00
4138,0.535,2026-09-24T08:17:19.037399+00:00
4139,0.683,2026-09-24T08:17:19.039992+00:00
4140,0.532,2026-09-24T08:17:19.042307+00:00
4141,0.49799999999999994,2026-09-24T08:17:19.044648+00:00
4142,0.42000000000000004,2026-09-24T08:17:19.047012+00:00
4143,0.491,2026-09-24T08:17:19.049426+00:00
4144,0.5760000000000001,2026-09-24T08:17:19.051919+00:00
4145,0.51,2026-09-24T08:17:19.054284+00:00
4146,0.5720000000000001,2026-09-24T08:17:19.056754+00:00
4147,0.518,2026-09-24T08:17:19.059158+00:00
4148,0.554,2026-09-24T08:17:19.061561+00:00
4149,0.5640000000000001,2026-09-24T08:17:19.063904+00:00
4150,0.462,2026-09-24T08:17:19.066214+00:00
4151,0.5599999999999999,2026-09-24T08:17:19.068651+00:00
4152,0.5339999999999999,2026-09-24T08:17:19.071044+00:00
4153,0.569,2026-09-24T08:17:19.073472+00:00
4154,0.504,2026-09-24T08:17:19.075807+00:00
4155,0.575,2026-09-24T08:17:19.078297+00:00
4156,0.514,2026-09-24T08:17:19.080703+00:00
4157,0.5950000000000001,2026-09-24T08:17:19.083202+00:00
4158,0.594,2026-09-24T08:17:19.085718+00:00
4159,0.5569999999999999,2026-09-24T08:17:19.088165+00:00
4160,0.5429999999999999,2026-09-24T08:17:19.090558+00:00
4161,0.5630000000000001,2026-09-24T08:17:19.092993+00:00
4162,0.5770000000000001,2026-09-24T08:17:19.095450+00:00
4163,0.626,2026-09-24T08:17:19.097922+00:00
4164,0.521,2026-09-24T08:17:19.100251+00:00
4165,0.66,2026-09-24T08:17:19.102802+00:00
4166,0.532,2026-09-24T08:17:19.105197+00:00
4167,0.622,2026-09-24T08:17:19.107702+00:00
4168,0.589,2026-09-24T08:17:19.110128+00:00
4169,0.6849999999999999,2026-09-24T08:17:19.112647+00:00
4170,0.589,2026-09-24T08:17:19.115013+00:00
4171,0.539,2026-09-24T08:17:19.117382+00:00
4172,0.537,2026-09-24T08:17:19.119726+00:00
4173,0.47600000000000003,2026-09-24T08:17:19.122051+00:00
4174,0.37,2026-09-24T08:17:19.124354+00:00
4175,0.541,2026-09-24T08:17:19.126857+00:00
4176,0.495,2026-09-24T08:17:19.129199+00:00
4177,0.515,2026-09-24T08:17:19.131633+00:00
4178,0.47600000000000003,2026-09-24T08:17:19.133985+00:00
4179,0.764,2026-09-24T08:17:19.136637+00:00
4180,0.40700000000000003,2026-09-24T08:17:19.138606+00:00
4181,0.475,2026-09-24T08:17:19.141080+00:00
4182,0.419,2026-09-24T08:17:19.143468+00:00
4183,0.5569999999999999,2026-09-24T08:17:19.145982+00:00
4184,0.381,2026-09-24T08:17:19.148151+00:00
4185,0.437,2026-09-24T08:17:19.150532+00:00
4186,0.371,2026-09-24T08:17:19.152799+00:00
4187,0.505,2026-09-24T08:17:19.155257+00:00
4188,0.395,2026-09-24T08:17:19.157544+00:00
4189,0.42700000000000005,2026-09-24T08:17:19.160000+00:00
4190,0.40299999999999997,2026-09-24T08:17:19.162368+00:00
4191,0.763,2026-09-24T08:17:19.165076+00:00
4192,0.421,2026-09-24T08:17:19.167437+00:00
4193,0.505,2026-09-24T08:17:19.169889+00:00
4194,0.503,2026-09-24T08:17:19.172322+00:00
4195,0.876,2026-09-24T08:17:19.175219+00:00
4196,0.579,2026-09-24T08:17:19.177677+00:00
4197,0.549,2026-09-24T08:17:19.180124+00:00
4198,0.47600000000000003,2026-09-24T08:17:19.182431+00:00
4199,0.46799999999999997,2026-09-24T08:17:19.184788+00:00
4200,0.599,2026-09-24T08:17:19.187393+00:00
4201,0.592,2026-09-24T08:17:19.189978+00:00
4202,0.566,2026-09-24T08:17:19.192520+00:00
4203,0.602,2026-09-24T08:17:19.195098+00:00
4204,0.5199999999999999,2026-09-24T08:17:19.197603+00:00
4205,0.605,2026-09-24T08:17:19.200150+00:00
4206,0.742,2026-09-24T08:17:19.202882+00:00
4207,0.507,2026-09-24T08:17:19.205283+00:00
4208,0.5569999999999999,2026-09-24T08:17:19.207755+00:00
4209,0.398,2026-09-24T08:17:19.210080+00:00
4210,0.767,2026-09-24T08:17:19.212874+00:00
4211,0.6130000000000001,2026-09-24T08:17:19.215262+00:00
4212,0.5289999999999999,2026-09-24T08:17:19.217725+00:00
4213,0.6920000000000001,2026-09-24T08:17:19.220371+00:00
4214,0.671,2026-09-24T08:17:19.222940+00:00
4215,0.879,2026-09-24T08:17:19.225801+00:00
4216,0.65,2026-09-24T08:17:19.228357+00:00
4217,0.759,2026-09-24T08:17:19.231048+00:00
4218,0.6,2026-09-24T08:17:19.233468+00:00
4219,0.501,2026-09-24T08:17:19.235856+00:00
4220,0.66,2026-09-24T08:17:19.238402+00:00
4221,0.579,2026-09-24T08:17:19.240817+00:00
4222,0.833,2026-09-24T08:17:19.243513+00:00
4223,0.665,2026-09-24T08:17:19.245976+00:00
4224,0.475,2026-09-24T08:17:19.248299+00:00
4225,0.555,2026-09-24T08:17:19.250758+00:00
4226,0.657,2026-09-24T08:17:19.253305+00:00
4227,0.518,2026-09-24T08:17:19.255688+00:00
4228,0.983,2026-09-24T08:17:19.258588+00:00
4229,1.1219999999999999,2026-09-24T08:17:19.261466+00:00
4230,0.725,2026-09-24T08:17:19.264146+00:00
4231,0.6719999999999999,2026-09-24T08:17:19.266660+00:00
4232,0.596,2026-09-24T08:17:19.269024+00:00
4233,0.624,2026-09-24T08:17:19.271515+00:00
4234,0.5670000000000001,2026-09-24T08:17:19.273927+00:00
4235,0.49200000000000005,2026-09-24T08:17:19.276289+00:00
4236,0.494,2026-09-24T08:17:19.278644+00:00
4237,0.504,2026-09-24T08:17:19.281040+00:00
4238,0.41,2026-09-24T08:17:19.283454+00:00
4239,0.416,2026-09-24T08:17:19.285854+00:00
4240,0.414,2026-09-24T08:17:19.288217+00:00
4241,0.455,2026-09-24T08:17:19.290662+00:00
4242,0.475,2026-09-24T08:17:19.293123+00:00
4243,0.535,2026-09-24T08:17:19.295615+00:00
4244,0.47800000000000004,2026-09-24T08:17:19.298106+00:00
4245,0.465,2026-09-24T08:17:19.300517+00:00
4246,0.482,2026-09-24T08:17:19.302904+00:00
4247,0.512,2026-09-24T08:17:19.305390+00:00
4248,0.593,2026-09-24T08:17:19.307916+00:00
4249,0.64,2026-09-24T08:17:19.310517+00:00
4250,0.5379999999999999,2026-09-24T08:17:19.312885+00:00
4251,0.627,2026-09-24T08:17:19.315386+00:00
4252,0.517,2026-09-24T08:17:19.317748+00:00
4253,0.5479999999999999,2026-09-24T08:17:19.320186+00:00
4254,0.558,2026-09-24T08:17:19.322610+00:00
4255,0.599,2026-09-24T08:17:19.325077+00:00
4256,0.505,2026-09-24T08:17:19.327442+00:00
4257,0.6589999999999999,2026-09-24T08:17:19.329976+00:00
4258,0.526,2026-09-24T08:17:19.332353+00:00
4259,0.6669999999999999,2026-09-24T08:17:19.334882+00:00
4260,0.516,2026-09-24T08:17:19.337222+00:00
4261,0.68,2026-09-24T08:17:19.339761+00:00
4262,0.6719999999999999,2026-09-24T08:17:19.342313+00:00
4263,0.695,2026-09-24T08:17:19.344871+00:00
4264,0.532,2026-09-24T08:17:19.347239+00:00
4265,0.6980000000000001,2026-09-24T08:17:19.349791+00:00
4266,0.606,2026-09-24T08:17:19.352207+00:00
4267,0.7380000000000001,2026-09-24T08:17:19.354766+00:00
4268,0.558,2026-09-24T08:17:19.357067+00:00
4269,0.48000000000000004,2026-09-24T08:17:19.359374+00:00
4270,0.5760000000000001,2026-09-24T08:17:19.361889+00:00
4271,0.5569999999999999,2026-09-24T08:17:19.364344+00:00
4272,0.45399999999999996,2026-09-24T08:17:19.366705+00:00
4273,0.47600000000000003,2026-09-24T08:17:19.369115+00:00
4274,0.5910000000000001,2026-09-24T08:17:19.371634+00:00
4275,0.45899999999999996,2026-09-24T08:17:19.373882+00:00
4276,0.414,2026-09-24T08:17:19.376247+00:00
4277,0.423,2026-09-24T08:17:19.378637+00:00
4278,0.514,2026-09-24T08:17:19.381139+00:00
4279,0.528,2026-09-24T08:17:19.383605+00:00
4280,0.491,2026-09-24T08:17:19.386025+00:00
4281,0.5559999999999999,2026-09-24T08:17:19.388534+00:00
4282,0.46099999999999997,2026-09-24T08:17:19.390883+00:00
4283,0.46799999999999997,2026-09-24T08:17:19.393295+00:00
4284,0.8450000000000001,2026-09-24T08:17:19.396095+00:00
4285,0.6669999999999999,2026-09-24T08:17:19.398633+00:00
4286,0.609,2026-09-24T08:17:19.401107+00:00
4287,0.893,2026-09-24T08:17:19.403928+00:00
4288,0.6719999999999999,2026-09-24T08:17:19.406345+00:00
4289,0.638,2026-09-24T08:17:19.408846+00:00
4290,0.525,2026-09-24T08:17:19.411240+00:00
4291,0.5760000000000001,2026-09-24T08:17:19.413710+00:00
4292,0.571,2026-09-24T08:17:19.416153+00:00
4293,0.847,2026-09-24T08:17:19.418921+00:00
4294,0.726,2026-09-24T08:17:19.421508+00:00
4295,0.747,2026-09-24T08:17:19.424147+00:00
4296,0.762,2026-09-24T08:17:19.426761+00:00
4297,0.7649999999999999,2026-09-24T08:17:19.429353+00:00
4298,0.598,2026-09-24T08:17:19.431762+00:00
4299,0.614,2026-09-24T08:17:19.434307+00:00
4300,0.611,2026-09-24T08:17:19.436887+00:00
4301,0.536,2026-09-24T08:17:19.439349+00:00
4302,0.5419999999999999,2026-09-24T08:17:19.441860+00:00
4303,0.465,2026-09-24T08:17:19.444231+00:00
4304,0.446,2026-09-24T08:17:19.446643+00:00
4305,0.48000000000000004,2026-09-24T08:17:19.449082+00:00
4306,0.439,2026-09-24T08:17:19.451473+00:00
4307,0.496,2026-09-24T08:17:19.453900+00:00
4308,0.383,2026-09-24T08:17:19.456228+00:00
4309,0.47600000000000003,2026-09-24T08:17:19.458661+00:00
4310,0.42700000000000005,2026-09-24T08:17:19.461032+00:00
4311,0.571,2026-09-24T08:17:19.463573+00:00
4312,0.422,2026-09-24T08:17:19.465819+00:00
4313,0.43,2026-09-24T08:17:19.468190+00:00
4314,0.47800000000000004,2026-09-24T08:17:19.470615+00:00
4315,0.458,2026-09-24T08:17:19.472988+00:00
4316,0.439,2026-09-24T08:17:19.475360+00:00
4317,0.524,2026-09-24T08:17:19.477809+00:00
4318,0.472,2026-09-24T08:17:19.480195+00:00
4319,0.457,2026-09-24T08:17:19.482576+00:00
4320,0.431,2026-09-24T08:17:19.484915+00:00
4321,0.447,2026-09-24T08:17:19.487305+00:00
4322,0.499,2026-09-24T08:17:19.489713+00:00
4323,0.47100000000000003,2026-09-24T08:17:19.492080+00:00
4324,0.46,2026-09-24T08:17:19.494456+00:00
4325,0.5910000000000001,2026-09-24T08:17:19.496937+00:00
4326,0.486,2026-09-24T08:17:19.499294+00:00
4327,0.713,2026-09-24T08:17:19.501922+00:00
4328,0.719,2026-09-24T08:17:19.504448+00:00
4329,0.747,2026-09-24T08:17:19.507045+00:00
4330,0.6539999999999999,2026-09-24T08:17:19.509576+00:00
4331,0.5720000000000001,2026-09-24T08:17:19.511959+00:00
4332,0.631,2026-09-24T08:17:19.514482+00:00
4333,0.506,2026-09-24T08:17:19.516823+00:00
4334,0.479,2026-09-24T08:17:19.519268+00:00
4335,0.453,2026-09-24T08:17:19.521642+00:00
4336,0.423,2026-09-24T08:17:19.523994+00:00
4337,0.58,2026-09-24T08:17:19.526563+00:00
4338,0.467,2026-09-24T08:17:19.528891+00:00
4339,0.505,2026-09-24T08:17:19.531303+00:00
4340,0.53,2026-09-24T08:17:19.533727+00:00
4341,0.49,2026-09-24T08:17:19.536131+00:00
4342,0.575,2026-09-24T08:17:19.538606+00:00
4343,0.539,2026-09-24T08:17:19.540967+00:00
4344,0.49200000000000005,2026-09-24T08:17:19.543405+00:00
4345,0.5609999999999999,2026-09-24T08:17:19.545920+00:00
4346,0.429,2026-09-24T08:17:19.548263+00:00
4347,0.505,2026-09-24T08:17:19.550710+00:00
4348,0.536,2026-09-24T08:17:19.553174+00:00
4349,0.45199999999999996,2026-09-24T08:17:19.555529+00:00
4350,0.423,2026-09-24T08:17:19.557847+00:00
4351,0.477,2026-09-24T08:17:19.560260+00:00
4352,0.484,2026-09-24T08:17:19.562672+00:00
4353,0.5429999999999999,2026-09-24T08:17:19.565237+00:00
4354,0.578,2026-09-24T08:17:19.567824+00:00
4355,0.524,2026-09-24T08:17:19.570312+00:00
4356,0.607,2026-09-24T08:17:19.572895+00:00
4357,0.627,2026-09-24T08:17:19.575488+00:00
4358,0.5109999999999999,2026-09-24T08:17:19.577953+00:00
4359,0.664,2026-09-24T08:17:19.580572+00:00
4360,0.633,2026-09-24T08:17:19.582978+00:00
4361,0.5599999999999999,2026-09-24T08:17:19.585375+00:00
4362,0.6769999999999999,2026-09-24T08:17:19.587870+00:00
4363,0.513,2026-09-24T08:17:19.590161+00:00
4364,0.712,2026-09-24T08:17:19.592697+00:00
4365,0.515,2026-09-24T08:17:19.594943+00:00
4366,0.509,2026-09-24T08:17:19.597336+00:00
4367,0.491,2026-09-24T08:17:19.599701+00:00
4368,0.574,2026-09-24T08:17:19.602149+00:00
4369,0.517,2026-09-24T08:17:19.604486+00:00
4370,0.63,2026-09-24T08:17:19.606931+00:00
4371,0.432,2026-09-24T08:17:19.609217+00:00
4372,0.596,2026-09-24T08:17:19.611734+00:00
4373,0.501,2026-09-24T08:17:19.614137+00:00
4374,0.5599999999999999,2026-09-24T08:17:19.616629+00:00
4375,0.46799999999999997,2026-09-24T08:17:19.618984+00:00
4376,0.518,2026-09-24T08:17:19.621382+00:00
4377,0.48500000000000004,2026-09-24T08:17:19.623735+00:00
4378,0.499,2026-09-24T08:17:19.626106+00:00
4379,0.491,2026-09-24T08:17:19.628476+00:00
4380,0.61,2026-09-24T08:17:19.630933+00:00
4381,0.525,2026-09-24T08:17:19.633343+00:00
4382,0.5109999999999999,2026-09-24T08:17:19.635771+00:00
4383,0.45,2026-09-24T08:17:19.638130+00:00
4384,0.53,2026-09-24T08:17:19.640585+00:00
4385,0.464,2026-09-24T08:17:19.643002+00:00
4386,0.7,2026-09-24T08:17:19.645846+00:00
4387,0.472,2026-09-24T08:17:19.648271+00:00
4388,0.809,2026-09-24T08:17:19.651043+00:00
4389,0.614,2026-09-24T08:17:19.653494+00:00
4390,0.544,2026-09-24T08:17:19.655959+00:00
4391,0.5509999999999999,2026-09-24T08:17:19.658488+00:00
4392,0.5509999999999999,2026-09-24T08:17:19.660971+00:00
4393,0.521,2026-09-24T08:17:19.663444+00:00
4394,0.744,2026-09-24T08:17:19.666116+00:00
4395,0.664,2026-09-24T08:17:19.668616+00:00
4396,0.7,2026-09-24T08:17:19.671155+00:00
4397,0.66,2026-09-24T08:17:19.673640+00:00
4398,0.546,2026-09-24T08:17:19.676068+00:00
4399,0.528,2026-09-24T08:17:19.678503+00:00
4400,0.559,2026-09-24T08:17:19.681077+00:00
4401,0.484,2026-09-24T08:17:19.683461+00:00
4402,0.611,2026-09-24T08:17:19.685971+00:00
4403,0.494,2026-09-24T08:17:19.688327+00:00
4404,0.58,2026-09-24T08:17:19.690771+00:00
4405,0.491,2026-09-24T08:17:19.693131+00:00
4406,0.48899999999999993,2026-09-24T08:17:19.695500+00:00
4407,0.48700000000000004,2026-09-24T08:17:19.697842+00:00
4408,0.49200000000000005,2026-09-24T08:17:19.700223+00:00
4409,0.494,2026-09-24T08:17:19.702605+00:00
4410,0.643,2026-09-24T08:17:19.705115+00:00
4411,0.523,2026-09-24T08:17:19.707481+00:00
4412,0.662,2026-09-24T08:17:19.709972+00:00
4413,0.5379999999999999,2026-09-24T08:17:19.712359+00:00
4414,0.584,2026-09-24T08:17:19.714832+00:00
4415,0.506,2026-09-24T08:17:19.717209+00:00
4416,0.5609999999999999,2026-09-24T08:17:19.719629+00:00
4417,0.86,2026-09-24T08:17:19.722398+00:00
4418,0.5670000000000001,2026-09-24T08:17:19.724790+00:00
4419,0.539,2026-09-24T08:17:19.727201+00:00
4420,0.631,2026-09-24T08:17:19.729647+00:00
4421,0.514,2026-09-24T08:17:19.731948+00:00
4422,0.51,2026-09-24T08:17:19.734306+00:00
4423,0.49299999999999994,2026-09-24T08:17:19.736641+00:00
4424,0.5,2026-09-24T08:17:19.739014+00:00
4425,0.657,2026-09-24T08:17:19.741520+00:00
4426,0.5630000000000001,2026-09-24T08:17:19.743875+00:00
4427,0.5670000000000001,2026-09-24T08:17:19.746292+00:00
4428,0.661,2026-09-24T08:17:19.748738+00:00
4429,0.45,2026-09-24T08:17:19.750904+00:00
4430,0.507,2026-09-24T08:17:19.753331+00:00
4431,0.47,2026-09-24T08:17:19.755653+00:00
4432,0.47300000000000003,2026-09-24T08:17:19.758050+00:00
4433,0.585,2026-09-24T08:17:19.760544+00:00
4434,0.575,2026-09-24T08:17:19.762983+00:00
4435,0.6669999999999999,2026-09-24T08:17:19.765536+00:00
4436,0.828,2026-09-24T08:17:19.768058+00:00
4437,0.523,2026-09-24T08:17:19.770308+00:00
4438,0.536,2026-09-24T08:17:19.772710+00:00
4439,0.733,2026-09-24T08:17:19.775394+00:00
4440,0.705,2026-09-24T08:17:19.777877+00:00
4441,0.579,2026-09-24T08:17:19.780340+00:00
4442,0.57,2026-09-24T08:17:19.782828+00:00
4443,0.481,2026-09-24T08:17:19.785233+00:00
4444,0.6040000000000001,2026-09-24T08:17:19.787753+00:00
4445,0.587,2026-09-24T08:17:19.790207+00:00
4446,0.627,2026-09-24T08:17:19.792731+00:00
4447,0.549,2026-09-24T08:17:19.795242+00:00
4448,0.603,2026-09-24T08:17:19.797745+00:00
4449,0.699,2026-09-24T08:17:19.800334+00:00
4450,0.6980000000000001,2026-09-24T08:17:19.802883+00:00
4451,0.6449999999999999,2026-09-24T08:17:19.805402+00:00
4452,0.601,2026-09-24T08:17:19.807877+00:00
4453,0.6719999999999999,2026-09-24T08:17:19.810429+00:00
4454,0.705,2026-09-24T08:17:19.812908+00:00
4455,1.049,2026-09-24T08:17:19.815806+00:00
4456,0.86,2026-09-24T08:17:19.818288+00:00
4457,0.9169999999999999,2026-09-24T08:17:19.821053+00:00
4458,0.634,2026-09-24T08:17:19.823470+00:00
4459,0.759,2026-09-24T08:17:19.826118+00:00
4460,0.745,2026-09-24T08:17:19.828687+00:00
4461,0.559,2026-09-24T08:17:19.831052+00:00
4462,0.41800000000000004,2026-09-24T08:17:19.833392+00:00
4463,0.673,2026-09-24T08:17:19.836050+00:00
4464,0.764,2026-09-24T08:17:19.838731+00:00
4465,0.6579999999999999,2026-09-24T08:17:19.841296+00:00
4466,0.643,2026-09-24T08:17:19.843874+00:00
4467,0.49799999999999994,2026-09-24T08:17:19.846293+00:00
4468,0.40499999999999997,2026-09-24T08:17:19.848622+00:00
4469,0.596,2026-09-24T08:17:19.851233+00:00
4470,0.437,2026-09-24T08:17:19.853595+00:00
4471,0.465,2026-09-24T08:17:19.856030+00:00
4472,0.596,2026-09-24T08:17:19.858545+00:00
4473,0.47800000000000004,2026-09-24T08:17:19.860884+00:00
4474,0.40499999999999997,2026-09-24T08:17:19.863207+00:00
4475,0.393,2026-09-24T08:17:19.865532+00:00
4476,0.38499999999999995,2026-09-24T08:17:19.867870+00:00
4477,0.499,2026-09-24T08:17:19.870322+00:00
4478,0.42000000000000004,2026-09-24T08:17:19.872638+00:00
4479,0.546,2026-09-24T08:17:19.875127+00:00
4480,0.494,2026-09-24T08:17:19.877530+00:00
4481,0.553,2026-09-24T08:17:19.879971+00:00
4482,0.53,2026-09-24T08:17:19.882403+00:00
4483,0.5,2026-09-24T08:17:19.884807+00:00
4484,0.618,2026-09-24T08:17:19.887294+00:00
4485,0.673,2026-09-24T08:17:19.889764+00:00
4486,0.465,2026-09-24T08:17:19.892107+00:00
4487,0.627,2026-09-24T08:17:19.894649+00:00
4488,0.636,2026-09-24T08:17:19.897148+00:00
4489,0.625,2026-09-24T08:17:19.899602+00:00
4490,0.606,2026-09-24T08:17:19.902068+00:00
4491,0.46099999999999997,2026-09-24T08:17:19.904371+00:00
4492,0.621,2026-09-24T08:17:19.906893+00:00
4493,0.45199999999999996,2026-09-24T08:17:19.909189+00:00
4494,0.371,2026-09-24T08:17:19.911528+00:00
4495,0.583,2026-09-24T08:17:19.914104+00:00
4496,0.376,2026-09-24T08:17:19.916395+00:00
4497,0.515,2026-09-24T08:17:19.918876+00:00
4498,0.494,2026-09-24T08:17:19.921307+00:00
4499,33.688,2026-09-24T08:17:19.956963+00:00
4500,1.105,2026-09-24T08:17:19.959763+00:00
4501,0.8270000000000001,2026-09-24T08:17:19.962467+00:00
4502,0.5720000000000001,2026-09-24T08:17:19.964894+00:00
4503,0.651,2026-09-24T08:17:19.967448+00:00
4504,0.42700000000000005,2026-09-24T08:17:19.969732+00:00
4505,0.7020000000000001,2026-09-24T08:17:19.972439+00:00
4506,0.665,2026-09-24T08:17:19.974939+00:00
4507,0.592,2026-09-24T08:17:19.977399+00:00
4508,0.862,2026-09-24T08:17:19.980095+00:00
4509,0.521,2026-09-24T08:17:19.982380+00:00
4510,0.49299999999999994,2026-09-24T08:17:19.984781+00:00
4511,0.5569999999999999,2026-09-24T08:17:19.987243+00:00
4512,0.455,2026-09-24T08:17:19.989594+00:00
4513,0.5509999999999999,2026-09-24T08:17:19.992067+00:00
4514,0.503,2026-09-24T08:17:19.994483+00:00
4515,0.5199999999999999,2026-09-24T08:17:19.996898+00:00
4516,0.8130000000000001,2026-09-24T08:17:19.999661+00:00
4517,0.641,2026-09-24T08:17:20.002129+00:00
4518,0.438,2026-09-24T08:17:20.004427+00:00
4519,0.521,2026-09-24T08:17:20.006871+00:00
4520,0.421,2026-09-24T08:17:20.009197+00:00
4521,0.598,2026-09-24T08:17:20.011736+00:00
4522,0.589,2026-09-24T08:17:20.014203+00:00
4523,0.569,2026-09-24T08:17:20.016629+00:00
4524,0.599,2026-09-24T08:17:20.019154+00:00
4525,0.628,2026-09-24T08:17:20.021665+00:00
4526,0.41100000000000003,2026-09-24T08:17:20.023921+00:00
4527,0.5900000000000001,2026-09-24T08:17:20.026429+00:00
4528,0.472,2026-09-24T08:17:20.028755+00:00
4529,0.611,2026-09-24T08:17:20.031279+00:00
4530,0.559,2026-09-24T08:17:20.033692+00:00
4531,0.588,2026-09-24T08:17:20.036155+00:00
4532,0.619,2026-09-24T08:17:20.038645+00:00
4533,0.49700000000000005,2026-09-24T08:17:20.040922+00:00
4534,0.448,2026-09-24T08:17:20.043241+00:00
4535,0.539,2026-09-24T08:17:20.045660+00:00
4536,0.439,2026-09-24T08:17:20.047961+00:00
4537,0.6629999999999999,2026-09-24T08:17:20.050514+00:00
4538,0.5950000000000001,2026-09-24T08:17:20.052921+00:00
4539,0.541,2026-09-24T08:17:20.055321+00:00
4540,0.501,2026-09-24T08:17:20.057680+00:00
4541,0.502,2026-09-24T08:17:20.060067+00:00
4542,0.48500000000000004,2026-09-24T08:17:20.062398+00:00
4543,0.5770000000000001,2026-09-24T08:17:20.064837+00:00
4544,0.503,2026-09-24T08:17:20.067179+00:00
4545,0.631,2026-09-24T08:17:20.069655+00:00
4546,0.528,2026-09-24T08:17:20.071952+00:00
4547,0.541,2026-09-24T08:17:20.074323+00:00
4548,0.652,2026-09-24T08:17:20.076782+00:00
4549,0.518,2026-09-24T08:17:20.079078+00:00
4550,0.49299999999999994,2026-09-24T08:17:20.081388+00:00
4551,0.579,2026-09-24T08:17:20.083783+00:00
4552,0.5,2026-09-24T08:17:20.086082+00:00
4553,0.6130000000000001,2026-09-24T08:17:20.088557+00:00
4554,0.5680000000000001,2026-09-24T08:17:20.090886+00:00
4555,0.596,2026-09-24T08:17:20.093278+00:00
4556,0.8180000000000001,2026-09-24T08:17:20.095946+00:00
4557,0.539,2026-09-24T08:17:20.098297+00:00
4558,0.5199999999999999,2026-09-24T08:17:20.100776+00:00
4559,0.6130000000000001,2026-09-24T08:17:20.103352+00:00
4560,0.522,2026-09-24T08:17:20.105801+00:00
4561,0.524,2026-09-24T08:17:20.108298+00:00
4562,0.571,2026-09-24T08:17:20.110831+00:00
4563,0.5419999999999999,2026-09-24T08:17:20.113304+00:00
4564,0.657,2026-09-24T08:17:20.115908+00:00
4565,0.443,2026-09-24T08:17:20.118185+00:00
4566,0.462,2026-09-24T08:17:20.120551+00:00
4567,0.488,2026-09-24T08:17:20.122915+00:00
4568,0.423,2026-09-24T08:17:20.125210+00:00
4569,0.496,2026-09-24T08:17:20.127611+00:00
4570,0.49799999999999994,2026-09-24T08:17:20.129972+00:00
4571,0.49799999999999994,2026-09-24T08:17:20.132328+00:00
4572,0.741,2026-09-24T08:17:20.134922+00:00
4573,0.574,2026-09-24T08:17:20.137215+00:00
4574,0.491,2026-09-24T08:17:20.139553+00:00
4575,0.5900000000000001,2026-09-24T08:17:20.141998+00:00
4576,0.44499999999999995,2026-09-24T08:17:20.144267+00:00
4577,0.523,2026-09-24T08:17:20.146671+00:00
4578,0.504,2026-09-24T08:17:20.149011+00:00
4579,0.5419999999999999,2026-09-24T08:17:20.151403+00:00
4580,0.537,2026-09-24T08:17:20.153752+00:00
4581,0.51,2026-09-24T08:17:20.156124+00:00
4582,0.584,2026-09-24T08:17:20.158546+00:00
4583,0.744,2026-09-24T08:17:20.161167+00:00
4584,0.673,2026-09-24T08:17:20.163667+00:00
4585,0.527,2026-09-24T08:17:20.165950+00:00
4586,0.723,2026-09-24T08:17:20.168642+00:00
4587,0.683,2026-09-24T08:17:20.171083+00:00
4588,0.9940000000000001,2026-09-24T08:17:20.173967+00:00
4589,0.506,2026-09-24T08:17:20.176321+00:00
4590,0.695,2026-09-24T08:17:20.179286+00:00
4591,0.8109999999999999,2026-09-24T08:17:20.182202+00:00
4592,0.626,2026-09-24T08:17:20.184802+00:00
4593,0.381,2026-09-24T08:17:20.187180+00:00
4594,0.636,2026-09-24T08:17:20.189820+00:00
4595,0.386,2026-09-24T08:17:20.192149+00:00
4596,0.532,2026-09-24T08:17:20.194666+00:00
4597,0.367,2026-09-24T08:17:20.196943+00:00
4598,0.417,2026-09-24T08:17:20.199352+00:00
4599,0.5,2026-09-24T08:17:20.201832+00:00
4600,0.406,2026-09-24T08:17:20.204208+00:00
4601,0.426,2026-09-24T08:17:20.206598+00:00
4602,0.41300000000000003,2026-09-24T08:17:20.208959+00:00
4603,0.4,2026-09-24T08:17:20.211329+00:00
4604,0.446,2026-09-24T08:17:20.213746+00:00
4605,0.527,2026-09-24T08:17:20.216222+00:00
4606,0.449,2026-09-24T08:17:20.218602+00:00
4607,0.399,2026-09-24T08:17:20.220945+00:00
4608,0.39399999999999996,2026-09-24T08:17:20.223299+00:00
4609,0.437,2026-09-24T08:17:20.225698+00:00
4610,0.392,2026-09-24T08:17:20.228042+00:00
4611,0.425,2026-09-24T08:17:20.230425+00:00
4612,0.46599999999999997,2026-09-24T08:17:20.232823+00:00
4613,0.5429999999999999,2026-09-24T08:17:20.235283+00:00
4614,0.634,2026-09-24T08:17:20.237824+00:00
4615,0.426,2026-09-24T08:17:20.240107+00:00
4616,0.578,2026-09-24T08:17:20.242618+00:00
4617,0.482,2026-09-24T08:17:20.244904+00:00
4618,0.479,2026-09-24T08:17:20.247276+00:00
4619,0.558,2026-09-24T08:17:20.249724+00:00
4620,0.746,2026-09-24T08:17:20.252355+00:00
4621,0.526,2026-09-24T08:17:20.254695+00:00
4622,0.42000000000000004,2026-09-24T08:17:20.257097+00:00
4623,0.458,2026-09-24T08:17:20.259552+00:00
4624,0.512,2026-09-24T08:17:20.262057+00:00
4625,0.433,2026-09-24T08:17:20.264512+00:00
4626,0.395,2026-09-24T08:17:20.266823+00:00
4627,0.425,2026-09-24T08:17:20.269234+00:00
4628,0.41800000000000004,2026-09-24T08:17:20.271610+00:00
4629,0.523,2026-09-24T08:17:20.274106+00:00
4630,0.475,2026-09-24T08:17:20.276512+00:00
4631,0.536,2026-09-24T08:17:20.278961+00:00
4632,0.435,2026-09-24T08:17:20.281306+00:00
4633,0.553,2026-09-24T08:17:20.283830+00:00
4634,0.458,2026-09-24T08:17:20.286213+00:00
4635,0.507,2026-09-24T08:17:20.288647+00:00
4636,0.501,2026-09-24T08:17:20.291067+00:00
4637,0.614,2026-09-24T08:17:20.293573+00:00
4638,0.525,2026-09-24T08:17:20.295936+00:00
4639,0.605,2026-09-24T08:17:20.298425+00:00
4640,0.519,2026-09-24T08:17:20.300793+00:00
4641,0.635,2026-09-24T08:17:20.303334+00:00
4642,0.639,2026-09-24T08:17:20.305849+00:00
4643,0.6,2026-09-24T08:17:20.308403+00:00
4644,0.574,2026-09-24T08:17:20.310930+00:00
4645,0.666,2026-09-24T08:17:20.313491+00:00
4646,0.495,2026-09-24T08:17:20.315790+00:00
4647,0.696,2026-09-24T08:17:20.318403+00:00
4648,0.49700000000000005,2026-09-24T08:17:20.320711+00:00
4649,0.49200000000000005,2026-09-24T08:17:20.323115+00:00
4650,0.477,2026-09-24T08:17:20.325480+00:00
4651,0.508,2026-09-24T08:17:20.327866+00:00
4652,0.477,2026-09-24T08:17:20.330236+00:00
4653,0.41300000000000003,2026-09-24T08:17:20.332623+00:00
4654,0.519,2026-09-24T08:17:20.335254+00:00
4655,0.5630000000000001,2026-09-24T08:17:20.337887+00:00
4656,0.571,2026-09-24T08:17:20.340469+00:00
4657,0.481,2026-09-24T08:17:20.342887+00:00
4658,0.484,2026-09-24T08:17:20.345355+00:00
4659,0.504,2026-09-24T08:17:20.347860+00:00
4660,0.662,2026-09-24T08:17:20.350479+00:00
4661,0.657,2026-09-24T08:17:20.352911+00:00
4662,0.643,2026-09-24T08:17:20.355616+00:00
4663,0.579,2026-09-24T08:17:20.358185+00:00
4664,0.631,2026-09-24T08:17:20.360817+00:00
4665,0.636,2026-09-24T08:17:20.363381+00:00
4666,0.539,2026-09-24T08:17:20.365780+00:00
4667,0.653,2026-09-24T08:17:20.368357+00:00
4668,0.585,2026-09-24T08:17:20.370831+00:00
4669,0.48000000000000004,2026-09-24T08:17:20.373139+00:00
4670,0.453,2026-09-24T08:17:20.375488+00:00
4671,0.8140000000000001,2026-09-24T08:17:20.378248+00:00
4672,0.574,2026-09-24T08:17:20.380661+00:00
4673,0.44499999999999995,2026-09-24T08:17:20.383043+00:00
4674,0.546,2026-09-24T08:17:20.385557+00:00
4675,0.66,2026-09-24T08:17:20.388086+00:00
4676,0.768,2026-09-24T08:17:20.390664+00:00
4677,0.525,2026-09-24T08:17:20.393074+00:00
4678,0.45,2026-09-24T08:17:20.395404+00:00
4679,1.044,2026-09-24T08:17:20.398432+00:00
4680,0.597,2026-09-24T08:17:20.400727+00:00
4681,0.776,2026-09-24T08:17:20.403368+00:00
4682,0.66,2026-09-24T08:17:20.405936+00:00
4683,0.735,2026-09-24T08:17:20.408476+00:00
4684,0.678,2026-09-24T08:17:20.410941+00:00
4685,0.417,2026-09-24T08:17:20.413239+00:00
4686,0.532,2026-09-24T08:17:20.415764+00:00
4687,0.758,2026-09-24T08:17:20.418516+00:00
4688,0.398,2026-09-24T08:17:20.420828+00:00
4689,0.402,2026-09-24T08:17:20.423244+00:00
4690,0.8809999999999999,2026-09-24T08:17:20.426125+00:00
4691,0.5950000000000001,2026-09-24T08:17:20.428656+00:00
4692,0.5,2026-09-24T08:17:20.431077+00:00
4693,0.5770000000000001,2026-09-24T08:17:20.433601+00:00
4694,0.513,2026-09-24T08:17:20.436013+00:00
4695,0.5670000000000001,2026-09-24T08:17:20.438515+00:00
4696,0.744,2026-09-24T08:17:20.441170+00:00
4697,0.6589999999999999,2026-09-24T08:17:20.443709+00:00
4698,0.44,2026-09-24T08:17:20.445998+00:00
4699,0.41800000000000004,2026-09-24T08:17:20.448398+00:00
4700,0.54,2026-09-24T08:17:20.450875+00:00
4701,0.40099999999999997,2026-09-24T08:17:20.453137+00:00
4702,0.415,2026-09-24T08:17:20.455496+00:00
4703,0.389,2026-09-24T08:17:20.457820+00:00
4704,0.503,2026-09-24T08:17:20.460271+00:00
4705,0.40700000000000003,2026-09-24T08:17:20.462558+00:00
4706,0.48700000000000004,2026-09-24T08:17:20.465022+00:00
4707,0.44499999999999995,2026-09-24T08:17:20.467391+00:00
4708,0.42000000000000004,2026-09-24T08:17:20.469731+00:00
4709,0.393,2026-09-24T08:17:20.472068+00:00
4710,0.423,2026-09-24T08:17:20.474428+00:00
4711,0.558,2026-09-24T08:17:20.476912+00:00
4712,0.482,2026-09-24T08:17:20.479287+00:00
4713,0.5519999999999999,2026-09-24T08:17:20.481735+00:00
4714,0.632,2026-09-24T08:17:20.484337+00:00
4715,0.508,2026-09-24T08:17:20.486729+00:00
4716,0.45199999999999996,2026-09-24T08:17:20.489094+00:00
4717,0.662,2026-09-24T08:17:20.491655+00:00
4718,0.46900000000000003,2026-09-24T08:17:20.494152+00:00
4719,0.462,2026-09-24T08:17:20.496682+00:00
4720,0.48899999999999993,2026-09-24T08:17:20.499240+00:00
4721,0.678,2026-09-24T08:17:20.501983+00:00
4722,0.781,2026-09-24T08:17:20.504754+00:00
4723,0.665,2026-09-24T08:17:20.507323+00:00
4724,0.739,2026-09-24T08:17:20.510023+00:00
4725,0.608,2026-09-24T08:17:20.512752+00:00
4726,0.43,2026-09-24T08:17:20.515208+00:00
4727,0.533,2026-09-24T08:17:20.517747+00:00
4728,0.506,2026-09-24T08:17:20.520168+00:00
4729,0.465,2026-09-24T08:17:20.522548+00:00
4730,0.661,2026-09-24T08:17:20.525166+00:00
4731,0.638,2026-09-24T08:17:20.527691+00:00
4732,0.5519999999999999,2026-09-24T08:17:20.530154+00:00
4733,0.537,2026-09-24T08:17:20.532684+00:00
4734,0.51,2026-09-24T08:17:20.535187+00:00
4735,0.5429999999999999,2026-09-24T08:17:20.537735+00:00
4736,0.525,2026-09-24T08:17:20.540237+00:00
4737,0.494,2026-09-24T08:17:20.542695+00:00
4738,0.633,2026-09-24T08:17:20.545340+00:00
4739,0.41800000000000004,2026-09-24T08:17:20.547648+00:00
4740,0.43,2026-09-24T08:17:20.550025+00:00
4741,0.441,2026-09-24T08:17:20.552384+00:00
4742,0.583,2026-09-24T08:17:20.554880+00:00
4743,0.431,2026-09-24T08:17:20.557204+00:00
4744,0.462,2026-09-24T08:17:20.559592+00:00
4745,0.5820000000000001,2026-09-24T08:17:20.562055+00:00
4746,0.603,2026-09-24T08:17:20.564618+00:00
4747,0.583,2026-09-24T08:17:20.567172+00:00
4748,0.554,2026-09-24T08:17:20.569631+00:00
4749,0.46900000000000003,2026-09-24T08:17:20.572039+00:00
4750,0.5670000000000001,2026-09-24T08:17:20.574625+00:00
4751,0.532,2026-09-24T08:17:20.577183+00:00
4752,0.626,2026-09-24T08:17:20.579776+00:00
4753,0.516,2026-09-24T08:17:20.582257+00:00
4754,0.5379999999999999,2026-09-24T08:17:20.584746+00:00
4755,0.46900000000000003,2026-09-24T08:17:20.587237+00:00
4756,0.48899999999999993,2026-09-24T08:17:20.589778+00:00
4757,0.51,2026-09-24T08:17:20.592323+00:00
4758,0.44499999999999995,2026-09-24T08:17:20.594793+00:00
4759,0.51,2026-09-24T08:17:20.597368+00:00
4760,0.7010000000000001,2026-09-24T08:17:20.600085+00:00
4761,0.683,2026-09-24T08:17:20.602808+00:00
4762,0.5680000000000001,2026-09-24T08:17:20.605384+00:00
4763,0.63,2026-09-24T08:17:20.608074+00:00
4764,0.558,2026-09-24T08:17:20.610577+00:00
4765,0.7969999999999999,2026-09-24T08:17:20.613337+00:00
4766,0.5630000000000001,2026-09-24T08:17:20.615757+00:00
4767,0.629,2026-09-24T08:17:20.618357+00:00
4768,0.611,2026-09-24T08:17:20.620873+00:00
4769,0.5599999999999999,2026-09-24T08:17:20.623342+00:00
4770,0.5640000000000001,2026-09-24T08:17:20.625838+00:00
4771,0.575,2026-09-24T08:17:20.628341+00:00
4772,0.596,2026-09-24T08:17:20.630865+00:00
4773,0.674,2026-09-24T08:17:20.633467+00:00
4774,0.759,2026-09-24T08:17:20.636109+00:00
4775,0.7929999999999999,2026-09-24T08:17:20.638870+00:00
4776,0.597,2026-09-24T08:17:20.641391+00:00
4777,0.6,2026-09-24T08:17:20.643907+00:00
4778,0.601,2026-09-24T08:17:20.646432+00:00
4779,0.725,2026-09-24T08:17:20.649058+00:00
4780,0.57,2026-09-24T08:17:20.651465+00:00
4781,0.593,2026-09-24T08:17:20.653892+00:00
4782,0.40900000000000003,2026-09-24T08:17:20.656218+00:00
4783,0.45399999999999996,2026-09-24T08:17:20.658606+00:00
4784,0.465,2026-09-24T08:17:20.660966+00:00
4785,0.535,2026-09-24T08:17:20.663396+00:00
4786,0.388,2026-09-24T08:17:20.665835+00:00
4787,0.414,2026-09-24T08:17:20.668211+00:00
4788,0.381,2026-09-24T08:17:20.670545+00:00
4789,0.67,2026-09-24T08:17:20.673191+00:00
4790,1.099,2026-09-24T08:17:20.676373+00:00
4791,0.717,2026-09-24T08:17:20.679088+00:00
4792,0.631,2026-09-24T08:17:20.681663+00:00
4793,0.47100000000000003,2026-09-24T08:17:20.684093+00:00
4794,0.40700000000000003,2026-09-24T08:17:20.686400+00:00
4795,0.447,2026-09-24T08:17:20.688783+00:00
4796,0.42700000000000005,2026-09-24T08:17:20.691146+00:00
4797,0.691,2026-09-24T08:17:20.693786+00:00
4798,0.505,2026-09-24T08:17:20.696229+00:00
4799,0.515,2026-09-24T08:17:20.698759+00:00
4800,0.508,2026-09-24T08:17:20.701256+00:00
4801,0.709,2026-09-24T08:17:20.703948+00:00
4802,0.6759999999999999,2026-09-24T08:17:20.706468+00:00
4803,0.5609999999999999,2026-09-24T08:17:20.708887+00:00
4804,0.53,2026-09-24T08:17:20.711363+00:00
4805,0.596,2026-09-24T08:17:20.713972+00:00
4806,0.545,2026-09-24T08:17:20.716428+00:00
4807,0.718,2026-09-24T08:17:20.719088+00:00
4808,0.5609999999999999,2026-09-24T08:17:20.721478+00:00
4809,0.633,2026-09-24T08:17:20.724033+00:00
4810,0.517,2026-09-24T08:17:20.726463+00:00
4811,0.565,2026-09-24T08:17:20.728965+00:00
4812,0.532,2026-09-24T08:17:20.731424+00:00
4813,0.491,2026-09-24T08:17:20.733830+00:00
4814,0.35100000000000003,2026-09-24T08:17:20.736157+00:00
4815,0.537,2026-09-24T08:17:20.738676+00:00
4816,0.391,2026-09-24T08:17:20.740884+00:00
4817,0.402,2026-09-24T08:17:20.743256+00:00
4818,0.357,2026-09-24T08:17:20.745588+00:00
4819,0.355,2026-09-24T08:17:20.747934+00:00
4820,0.35300000000000004,2026-09-24T08:17:20.750275+00:00
4821,0.417,2026-09-24T08:17:20.752674+00:00
4822,0.386,2026-09-24T08:17:20.755052+00:00
4823,0.38699999999999996,2026-09-24T08:17:20.757407+00:00
4824,0.366,2026-09-24T08:17:20.759740+00:00
4825,0.41800000000000004,2026-09-24T08:17:20.762137+00:00
4826,0.437,2026-09-24T08:17:20.764519+00:00
4827,0.43600000000000005,2026-09-24T08:17:20.766848+00:00
4828,0.386,2026-09-24T08:17:20.769181+00:00
4829,0.433,2026-09-24T08:17:20.771562+00:00
4830,0.38699999999999996,2026-09-24T08:17:20.773810+00:00
4831,0.456,2026-09-24T08:17:20.776211+00:00
4832,0.641,2026-09-24T08:17:20.778852+00:00
4833,0.495,2026-09-24T08:17:20.781313+00:00
4834,0.522,2026-09-24T08:17:20.783824+00:00
4835,0.488,2026-09-24T08:17:20.786253+00:00
4836,0.464,2026-09-24T08:17:20.788630+00:00
4837,0.5559999999999999,2026-09-24T08:17:20.791123+00:00
4838,0.447,2026-09-24T08:17:20.793451+00:00
4839,0.9890000000000001,2026-09-24T08:17:20.796364+00:00
4840,0.558,2026-09-24T08:17:20.798701+00:00
4841,0.472,2026-09-24T08:17:20.801092+00:00
4842,0.449,2026-09-24T08:17:20.803448+00:00
4843,0.611,2026-09-24T08:17:20.805965+00:00
4844,0.546,2026-09-24T08:17:20.808378+00:00
4845,0.458,2026-09-24T08:17:20.810725+00:00
4846,0.345,2026-09-24T08:17:20.813065+00:00
4847,0.358,2026-09-24T08:17:20.815420+00:00
4848,0.382,2026-09-24T08:17:20.817799+00:00
4849,0.38499999999999995,2026-09-24T08:17:20.820170+00:00
4850,0.38499999999999995,2026-09-24T08:17:20.822518+00:00
4851,0.5379999999999999,2026-09-24T08:17:20.824966+00:00
4852,0.386,2026-09-24T08:17:20.827283+00:00
4853,0.363,2026-09-24T08:17:20.829642+00:00
4854,0.361,2026-09-24T08:17:20.832004+00:00
4855,0.374,2026-09-24T08:17:20.834365+00:00
4856,0.448,2026-09-24T08:17:20.836784+00:00
4857,0.653,2026-09-24T08:17:20.839560+00:00
4858,0.637,2026-09-24T08:17:20.842069+00:00
4859,0.641,2026-09-24T08:17:20.844659+00:00
4860,0.509,2026-09-24T08:17:20.847174+00:00
4861,0.544,2026-09-24T08:17:20.849734+00:00
4862,0.426,2026-09-24T08:17:20.852102+00:00
4863,0.642,2026-09-24T08:17:20.854678+00:00
4864,0.5519999999999999,2026-09-24T08:17:20.856970+00:00
4865,0.474,2026-09-24T08:17:20.859294+00:00
4866,0.6489999999999999,2026-09-24T08:17:20.861817+00:00
4867,0.48700000000000004,2026-09-24T08:17:20.864140+00:00
4868,0.519,2026-09-24T08:17:20.866514+00:00
4869,0.47,2026-09-24T08:17:20.868806+00:00
4870,0.521,2026-09-24T08:17:20.871305+00:00
4871,0.5559999999999999,2026-09-24T08:17:20.873789+00:00
4872,0.448,2026-09-24T08:17:20.876127+00:00
4873,0.43600000000000005,2026-09-24T08:17:20.878510+00:00
4874,0.532,2026-09-24T08:17:20.880941+00:00
4875,0.431,2026-09-24T08:17:20.883265+00:00
4876,0.824,2026-09-24T08:17:20.886016+00:00
4877,0.46,2026-09-24T08:17:20.888275+00:00
4878,0.42700000000000005,2026-09-24T08:17:20.890666+00:00
4879,0.386,2026-09-24T08:17:20.893023+00:00
4880,0.408,2026-09-24T08:17:20.895404+00:00
4881,0.366,2026-09-24T08:17:20.897729+00:00
4882,0.41300000000000003,2026-09-24T08:17:20.900123+00:00
4883,0.404,2026-09-24T08:17:20.902497+00:00
4884,0.533,2026-09-24T08:17:20.904956+00:00
4885,0.474,2026-09-24T08:17:20.907247+00:00
4886,0.417,2026-09-24T08:17:20.909596+00:00
4887,0.359,2026-09-24T08:17:20.911924+00:00
4888,0.392,2026-09-24T08:17:20.914304+00:00
4889,0.402,2026-09-24T08:17:20.916690+00:00
4890,0.444,2026-09-24T08:17:20.919089+00:00
4891,0.389,2026-09-24T08:17:20.921427+00:00
4892,0.414,2026-09-24T08:17:20.923803+00:00
4893,0.583,2026-09-24T08:17:20.926349+00:00
4894,0.745,2026-09-24T08:17:20.929035+00:00
4895,0.46799999999999997,2026-09-24T08:17:20.931453+00:00
4896,0.569,2026-09-24T08:17:20.934009+00:00
4897,0.58,2026-09-24T08:17:20.936554+00:00
4898,0.549,2026-09-24T08:17:20.938939+00:00
4899,0.488,2026-09-24T08:17:20.941323+00:00
4900,0.441,2026-09-24T08:17:20.943700+00:00
4901,0.67,2026-09-24T08:17:20.946316+00:00
4902,0.537,2026-09-24T08:17:20.948735+00:00
4903,0.509,2026-09-24T08:17:20.951121+00:00
4904,0.5820000000000001,2026-09-24T08:17:20.953581+00:00
4905,0.519,2026-09-24T08:17:20.955954+00:00
4906,0.5109999999999999,2026-09-24T08:17:20.958375+00:00
4907,0.531,2026-09-24T08:17:20.960809+00:00
4908,0.617,2026-09-24T08:17:20.963346+00:00
4909,0.41300000000000003,2026-09-24T08:17:20.965605+00:00
4910,0.379,2026-09-24T08:17:20.968005+00:00
4911,0.391,2026-09-24T08:17:20.970387+00:00
4912,0.438,2026-09-24T08:17:20.972847+00:00
4913,0.785,2026-09-24T08:17:20.975607+00:00
4914,0.898,2026-09-24T08:17:20.978176+00:00
4915,0.503,2026-09-24T08:17:20.980475+00:00
4916,0.43600000000000005,2026-09-24T08:17:20.982807+00:00
4917,0.483,2026-09-24T08:17:20.985200+00:00
4918,0.635,2026-09-24T08:17:20.987780+00:00
4919,0.618,2026-09-24T08:17:20.990398+00:00
4920,0.527,2026-09-24T08:17:20.992875+00:00
4921,0.484,2026-09-24T08:17:20.995291+00:00
4922,0.589,2026-09-24T08:17:20.997822+00:00
4923,0.47800000000000004,2026-09-24T08:17:21.000285+00:00
4924,0.45899999999999996,2026-09-24T08:17:21.002672+00:00
4925,0.762,2026-09-24T08:17:21.005362+00:00
4926,0.6449999999999999,2026-09-24T08:17:21.007828+00:00
4927,0.43600000000000005,2026-09-24T08:17:21.010141+00:00
4928,0.523,2026-09-24T08:17:21.012589+00:00
4929,0.5680000000000001,2026-09-24T08:17:21.015111+00:00
4930,0.63,2026-09-24T08:17:21.017653+00:00
4931,0.464,2026-09-24T08:17:21.019988+00:00
4932,0.406,2026-09-24T08:17:21.022303+00:00
4933,0.5860000000000001,2026-09-24T08:17:21.024812+00:00
4934,0.515,2026-09-24T08:17:21.027318+00:00
4935,0.475,2026-09-24T08:17:21.029724+00:00
4936,0.439,2026-09-24T08:17:21.032083+00:00
4937,0.422,2026-09-24T08:17:21.034427+00:00
4938,0.48899999999999993,2026-09-24T08:17:21.036826+00:00
4939,0.48000000000000004,2026-09-24T08:17:21.039201+00:00
4940,0.602,2026-09-24T08:17:21.041686+00:00
4941,0.569,2026-09-24T08:17:21.044193+00:00
4942,0.46900000000000003,2026-09-24T08:17:21.046616+00:00
4943,0.5199999999999999,2026-09-24T08:17:21.049059+00:00
4944,0.39399999999999996,2026-09-24T08:17:21.051387+00:00
4945,0.528,2026-09-24T08:17:21.053872+00:00
4946,0.49200000000000005,2026-09-24T08:17:21.056384+00:00
4947,0.43,2026-09-24T08:17:21.058858+00:00
4948,0.412,2026-09-24T08:17:21.061360+00:00
4949,0.531,2026-09-24T08:17:21.063930+00:00
4950,0.5900000000000001,2026-09-24T08:17:21.066512+00:00
4951,0.5559999999999999,2026-09-24T08:17:21.069028+00:00
4952,0.549,2026-09-24T08:17:21.071569+00:00
4953,0.457,2026-09-24T08:17:21.074038+00:00
4954,0.479,2026-09-24T08:17:21.076527+00:00
4955,0.439,2026-09-24T08:17:21.078955+00:00
4956,0.384,2026-09-24T08:17:21.081343+00:00
4957,0.424,2026-09-24T08:17:21.083736+00:00
4958,0.515,2026-09-24T08:17:21.086213+00:00
4959,0.45199999999999996,2026-09-24T08:17:21.088547+00:00
4960,0.465,2026-09-24T08:17:21.090972+00:00
4961,0.5770000000000001,2026-09-24T08:17:21.093588+00:00
4962,0.515,2026-09-24T08:17:21.096120+00:00
4963,0.5469999999999999,2026-09-24T08:17:21.098698+00:00
4964,0.475,2026-09-24T08:17:21.101224+00:00
4965,0.47,2026-09-24T08:17:21.103720+00:00
4966,0.518,2026-09-24T08:17:21.106277+00:00
4967,0.5479999999999999,2026-09-24T08:17:21.108838+00:00
4968,0.48500000000000004,2026-09-24T08:17:21.111325+00:00
4969,0.484,2026-09-24T08:17:21.113819+00:00
4970,0.54,2026-09-24T08:17:21.116371+00:00
4971,0.544,2026-09-24T08:17:21.118868+00:00
4972,0.516,2026-09-24T08:17:21.121368+00:00
4973,0.7290000000000001,2026-09-24T08:17:21.124070+00:00
4974,0.438,2026-09-24T08:17:21.126436+00:00
4975,0.525,2026-09-24T08:17:21.129073+00:00
4976,0.5199999999999999,2026-09-24T08:17:21.131568+00:00
4977,0.522,2026-09-24T08:17:21.134078+00:00
4978,0.798,2026-09-24T08:17:21.136848+00:00
4979,0.571,2026-09-24T08:17:21.139607+00:00
4980,0.527,2026-09-24T08:17:21.142129+00:00
4981,0.509,2026-09-24T08:17:21.144628+00:00
4982,0.533,2026-09-24T08:17:21.147160+00:00
4983,0.583,2026-09-24T08:17:21.149733+00:00
4984,0.5569999999999999,2026-09-24T08:17:21.152220+00:00
4985,0.559,2026-09-24T08:17:21.154752+00:00
4986,0.683,2026-09-24T08:17:21.157409+00:00
4987,0.565,2026-09-24T08:17:21.159930+00:00
4988,0.495,2026-09-24T08:17:21.162382+00:00
4989,0.565,2026-09-24T08:17:21.164927+00:00
4990,0.426,2026-09-24T08:17:21.167352+00:00
4991,0.624,2026-09-24T08:17:21.170017+00:00
4992,0.883,2026-09-24T08:17:21.172759+00:00
4993,1.049,2026-09-24T08:17:21.175700+00:00
4994,0.607,2026-09-24T08:17:21.178177+00:00
4995,0.558,2026-09-24T08:17:21.180661+00:00
4996,0.494,2026-09-24T08:17:21.183009+00:00
4997,0.606,2026-09-24T08:17:21.185531+00:00
4998,0.46,2026-09-24T08:17:21.187868+00:00
4999,0.435,2026-09-24T08:17:21.190252+00:00
5000,0.44,2026-09-24T08:17:21.192637+00:00
5001,0.434,2026-09-24T08:17:21.195034+00:00
5002,0.486,2026-09-24T08:17:21.197465+00:00
5003,0.48899999999999993,2026-09-24T08:17:21.199880+00:00
5004,0.432,2026-09-24T08:17:21.202250+00:00
5005,0.501,2026-09-24T08:17:21.204717+00:00
5006,0.368,2026-09-24T08:17:21.207103+00:00
5007,0.37,2026-09-24T08:17:21.209489+00:00
5008,0.35300000000000004,2026-09-24T08:17:21.211859+00:00
5009,0.391,2026-09-24T08:17:21.214271+00:00
5010,0.373,2026-09-24T08:17:21.216661+00:00
5011,0.36200000000000004,2026-09-24T08:17:21.219044+00:00
5012,0.435,2026-09-24T08:17:21.221497+00:00
5013,0.522,2026-09-24T08:17:21.223958+00:00
5014,0.425,2026-09-24T08:17:21.226337+00:00
5015,0.425,2026-09-24T08:17:21.228744+00:00
5016,0.367,2026-09-24T08:17:21.231097+00:00
5017,0.404,2026-09-24T08:17:21.233511+00:00
5018,0.455,2026-09-24T08:17:21.235886+00:00
5019,0.361,2026-09-24T08:17:21.238213+00:00
5020,0.426,2026-09-24T08:17:21.240625+00:00
5021,0.519,2026-09-24T08:17:21.243157+00:00
5022,0.569,2026-09-24T08:17:21.245652+00:00
5023,0.504,2026-09-24T08:17:21.247988+00:00
5024,0.5339999999999999,2026-09-24T08:17:21.250400+00:00
5025,0.91,2026-09-24T08:17:21.253175+00:00
5026,0.55,2026-09-24T08:17:21.255518+00:00
5027,0.515,2026-09-24T08:17:21.257902+00:00
5028,0.45,2026-09-24T08:17:21.260245+00:00
5029,0.662,2026-09-24T08:17:21.262788+00:00
5030,0.36000000000000004,2026-09-24T08:17:21.265004+00:00
5031,0.6489999999999999,2026-09-24T08:17:21.267607+00:00
5032,0.49700000000000005,2026-09-24T08:17:21.269857+00:00
5033,0.523,2026-09-24T08:17:21.272281+00:00
5034,0.46599999999999997,2026-09-24T08:17:21.274604+00:00
5035,0.428,2026-09-24T08:17:21.276938+00:00
5036,0.404,2026-09-24T08:17:21.279272+00:00
5037,0.488,2026-09-24T08:17:21.281677+00:00
5038,0.301,2026-09-24T08:17:21.283962+00:00
5039,0.47300000000000003,2026-09-24T08:17:21.286451+00:00
5040,0.382,2026-09-24T08:17:21.288739+00:00
5041,0.388,2026-09-24T08:17:21.291142+00:00
5042,0.342,2026-09-24T08:17:21.293462+00:00
5043,0.34600000000000003,2026-09-24T08:17:21.295820+00:00
5044,0.348,2026-09-24T08:17:21.298162+00:00
5045,0.536,2026-09-24T08:17:21.300683+00:00
5046,0.417,2026-09-24T08:17:21.303033+00:00
5047,0.371,2026-09-24T08:17:21.305355+00:00
5048,0.378,2026-09-24T08:17:21.307699+00:00
5049,0.406,2026-09-24T08:17:21.310096+00:00
5050,0.384,2026-09-24T08:17:21.312426+00:00
5051,0.37,2026-09-24T08:17:21.314760+00:00
5052,0.674,2026-09-24T08:17:21.317400+00:00
5053,0.761,2026-09-24T08:17:21.320055+00:00
5054,0.803,2026-09-24T08:17:21.322733+00:00
5055,0.585,2026-09-24T08:17:21.325078+00:00
5056,0.494,2026-09-24T08:17:21.327437+00:00
5057,0.506,2026-09-24T08:17:21.329830+00:00
5058,0.525,2026-09-24T08:17:21.332230+00:00
5059,0.488,2026-09-24T08:17:21.334624+00:00
5060,0.475,2026-09-24T08:17:21.336991+00:00
5061,0.451,2026-09-24T08:17:21.339351+00:00
5062,0.5469999999999999,2026-09-24T08:17:21.341832+00:00
5063,0.415,2026-09-24T08:17:21.344153+00:00
5064,0.622,2026-09-24T08:17:21.346719+00:00
5065,0.5199999999999999,2026-09-24T08:17:21.348995+00:00
5066,0.434,2026-09-24T08:17:21.351315+00:00
5067,0.5630000000000001,2026-09-24T08:17:21.353812+00:00
5068,0.5199999999999999,2026-09-24T08:17:21.356252+00:00
5069,0.376,2026-09-24T08:17:21.358502+00:00
5070,0.397,2026-09-24T08:17:21.360897+00:00
5071,0.324,2026-09-24T08:17:21.363215+00:00
5072,0.451,2026-09-24T08:17:21.365686+00:00
5073,0.36000000000000004,2026-09-24T08:17:21.368034+00:00
5074,0.32,2026-09-24T08:17:21.370364+00:00
5075,0.364,2026-09-24T08:17:21.372753+00:00
5076,0.32699999999999996,2026-09-24T08:17:21.375085+00:00
5077,0.36200000000000004,2026-09-24T08:17:21.377458+00:00
5078,0.389,2026-09-24T08:17:21.379859+00:00
5079,0.662,2026-09-24T08:17:21.382499+00:00
5080,0.601,2026-09-24T08:17:21.384957+00:00
5081,0.6859999999999999,2026-09-24T08:17:21.387561+00:00
5082,0.622,2026-09-24T08:17:21.390064+00:00
5083,0.6629999999999999,2026-09-24T08:17:21.392560+00:00
5084,0.429,2026-09-24T08:17:21.394840+00:00
5085,0.439,2026-09-24T08:17:21.397228+00:00
5086,0.46799999999999997,2026-09-24T08:17:21.399627+00:00
5087,0.496,2026-09-24T08:17:21.402032+00:00
5088,0.53,2026-09-24T08:17:21.404482+00:00
5089,0.474,2026-09-24T08:17:21.406774+00:00
5090,0.5429999999999999,2026-09-24T08:17:21.409232+00:00
5091,0.545,2026-09-24T08:17:21.411617+00:00
5092,0.516,2026-09-24T08:17:21.413946+00:00
5093,0.47600000000000003,2026-09-24T08:17:21.416313+00:00
5094,0.46,2026-09-24T08:17:21.418683+00:00
5095,0.456,2026-09-24T08:17:21.421026+00:00
5096,0.49200000000000005,2026-09-24T08:17:21.423395+00:00
5097,0.5599999999999999,2026-09-24T08:17:21.425854+00:00
5098,0.7060000000000001,2026-09-24T08:17:21.428519+00:00
5099,0.57,2026-09-24T08:17:21.430907+00:00
5100,0.49700000000000005,2026-09-24T08:17:21.433283+00:00
5101,0.569,2026-09-24T08:17:21.435732+00:00
5102,0.584,2026-09-24T08:17:21.438269+00:00
5103,0.48700000000000004,2026-09-24T08:17:21.440565+00:00
5104,0.34400000000000003,2026-09-24T08:17:21.442878+00:00
5105,0.415,2026-09-24T08:17:21.445312+00:00
5106,0.462,2026-09-24T08:17:21.447720+00:00
5107,0.402,2026-09-24T08:17:21.450065+00:00
5108,0.39,2026-09-24T08:17:21.452441+00:00
5109,0.598,2026-09-24T08:17:21.455022+00:00
5110,0.521,2026-09-24T08:17:21.457553+00:00
5111,0.598,2026-09-24T08:17:21.460237+00:00
5112,0.502,2026-09-24T08:17:21.462734+00:00
5113,0.51,2026-09-24T08:17:21.465323+00:00
5114,0.526,2026-09-24T08:17:21.467850+00:00
5115,0.46099999999999997,2026-09-24T08:17:21.470245+00:00
5116,0.495,2026-09-24T08:17:21.472747+00:00
5117,0.533,2026-09-24T08:17:21.475284+00:00
5118,0.48899999999999993,2026-09-24T08:17:21.477775+00:00
5119,0.48899999999999993,2026-09-24T08:17:21.480241+00:00
5120,0.48899999999999993,2026-09-24T08:17:21.482699+00:00
5121,0.484,2026-09-24T08:17:21.485155+00:00
5122,0.652,2026-09-24T08:17:21.487784+00:00
5123,0.46599999999999997,2026-09-24T08:17:21.490209+00:00
5124,0.502,2026-09-24T08:17:21.492693+00:00
5125,0.525,2026-09-24T08:17:21.495169+00:00
5126,0.49700000000000005,2026-09-24T08:17:21.497577+00:00
5127,0.47,2026-09-24T08:17:21.500008+00:00
5128,0.516,2026-09-24T08:17:21.502474+00:00
5129,0.68,2026-09-24T08:17:21.505076+00:00
5130,0.731,2026-09-24T08:17:21.507700+00:00
5131,0.42000000000000004,2026-09-24T08:17:21.510076+00:00
5132,0.437,2026-09-24T08:17:21.512429+00:00
5133,0.345,2026-09-24T08:17:21.514667+00:00
5134,0.449,2026-09-24T08:17:21.517127+00:00
5135,0.647,2026-09-24T08:17:21.519797+00:00
5136,0.599,2026-09-24T08:17:21.522403+00:00
5137,0.627,2026-09-24T08:17:21.525003+00:00
5138,0.8180000000000001,2026-09-24T08:17:21.527861+00:00
5139,0.62,2026-09-24T08:17:21.530271+00:00
5140,0.571,2026-09-24T08:17:21.532816+00:00
5141,0.512,2026-09-24T08:17:21.535281+00:00
5142,0.635,2026-09-24T08:17:21.537882+00:00
5143,0.546,2026-09-24T08:17:21.540311+00:00
5144,0.522,2026-09-24T08:17:21.542762+00:00
5145,0.657,2026-09-24T08:17:21.545397+00:00
5146,0.669,2026-09-24T08:17:21.548007+00:00
5147,0.6130000000000001,2026-09-24T08:17:21.550533+00:00
5148,0.605,2026-09-24T08:17:21.553042+00:00
5149,0.6930000000000001,2026-09-24T08:17:21.555685+00:00
5150,1.008,2026-09-24T08:17:21.558599+00:00
5151,0.5950000000000001,2026-09-24T08:17:21.560925+00:00
5152,0.533,2026-09-24T08:17:21.563409+00:00
5153,0.966,2026-09-24T08:17:21.566332+00:00
5154,0.652,2026-09-24T08:17:21.568816+00:00
5155,0.9959999999999999,2026-09-24T08:17:21.571721+00:00
5156,0.916,2026-09-24T08:17:21.574284+00:00
5157,0.916,2026-09-24T08:17:21.576999+00:00
5158,0.625,2026-09-24T08:17:21.579374+00:00
5159,1.3470000000000002,2026-09-24T08:17:21.582604+00:00
5160,1.1520000000000001,2026-09-24T08:17:21.585364+00:00
5161,0.902,2026-09-24T08:17:21.588022+00:00
5162,0.82,2026-09-24T08:17:21.590680+00:00
5163,0.687,2026-09-24T08:17:21.593119+00:00
5164,0.7919999999999999,2026-09-24T08:17:21.595785+00:00
5165,0.6130000000000001,2026-09-24T08:17:21.598048+00:00
5166,0.669,2026-09-24T08:17:21.600670+00:00
5167,0.516,2026-09-24T08:17:21.603119+00:00
5168,0.518,2026-09-24T08:17:21.605601+00:00
5169,0.465,2026-09-24T08:17:21.608010+00:00
5170,0.439,2026-09-24T08:17:21.610390+00:00
5171,0.503,2026-09-24T08:17:21.612841+00:00
5172,0.446,2026-09-24T08:17:21.615200+00:00
5173,0.449,2026-09-24T08:17:21.617618+00:00
5174,0.506,2026-09-24T08:17:21.620078+00:00
5175,0.382,2026-09-24T08:17:21.622369+00:00
5176,0.446,2026-09-24T08:17:21.624806+00:00
5177,0.4,2026-09-24T08:17:21.627171+00:00
5178,0.475,2026-09-24T08:17:21.629625+00:00
5179,0.393,2026-09-24T08:17:21.631938+00:00
5180,0.433,2026-09-24T08:17:21.634365+00:00
5181,0.494,2026-09-24T08:17:21.636812+00:00
5182,0.499,2026-09-24T08:17:21.639180+00:00
5183,0.48000000000000004,2026-09-24T08:17:21.641571+00:00
5184,0.45399999999999996,2026-09-24T08:17:21.643997+00:00
5185,0.417,2026-09-24T08:17:21.646358+00:00
5186,0.545,2026-09-24T08:17:21.648853+00:00
5187,0.428,2026-09-24T08:17:21.651204+00:00
5188,0.54,2026-09-24T08:17:21.653732+00:00
5189,0.593,2026-09-24T08:17:21.656296+00:00
5190,0.695,2026-09-24T08:17:21.658895+00:00
5191,0.5509999999999999,2026-09-24T08:17:21.661237+00:00
5192,0.609,2026-09-24T08:17:21.663705+00:00
5193,0.5900000000000001,2026-09-24T08:17:21.666117+00:00
5194,0.5810000000000001,2026-09-24T08:17:21.668497+00:00
5195,0.5289999999999999,2026-09-24T08:17:21.670851+00:00
5196,0.9079999999999999,2026-09-24T08:17:21.673654+00:00
5197,0.6920000000000001,2026-09-24T08:17:21.676335+00:00
5198,0.5289999999999999,2026-09-24T08:17:21.678756+00:00
5199,0.5109999999999999,2026-09-24T08:17:21.681167+00:00
5200,0.55,2026-09-24T08:17:21.683621+00:00
5201,0.5640000000000001,2026-09-24T08:17:21.686072+00:00
5202,0.484,2026-09-24T08:17:21.688422+00:00
5203,0.515,2026-09-24T08:17:21.690812+00:00
5204,0.457,2026-09-24T08:17:21.693165+00:00
5205,0.42000000000000004,2026-09-24T08:17:21.695481+00:00
5206,0.415,2026-09-24T08:17:21.697815+00:00
5207,0.583,2026-09-24T08:17:21.700445+00:00
5208,0.47600000000000003,2026-09-24T08:17:21.702906+00:00
5209,0.62,2026-09-24T08:17:21.705519+00:00
5210,0.5770000000000001,2026-09-24T08:17:21.707980+00:00
5211,0.5860000000000001,2026-09-24T08:17:21.710482+00:00
5212,0.5680000000000001,2026-09-24T08:17:21.712936+00:00
5213,0.53,2026-09-24T08:17:21.715384+00:00
5214,0.575,2026-09-24T08:17:21.717873+00:00
5215,0.612,2026-09-24T08:17:21.720412+00:00
5216,0.554,2026-09-24T08:17:21.722842+00:00
5217,0.571,2026-09-24T08:17:21.725276+00:00
5218,0.566,2026-09-24T08:17:21.727672+00:00
5219,0.5680000000000001,2026-09-24T08:17:21.730057+00:00
5220,0.541,2026-09-24T08:17:21.732442+00:00
5221,0.51,2026-09-24T08:17:21.734789+00:00
5222,0.532,2026-09-24T08:17:21.737225+00:00
5223,0.683,2026-09-24T08:17:21.739824+00:00
5224,0.68,2026-09-24T08:17:21.742388+00:00
5225,0.8310000000000001,2026-09-24T08:17:21.745026+00:00
5226,0.719,2026-09-24T08:17:21.747493+00:00
5227,0.628,2026-09-24T08:17:21.749832+00:00
5228,0.592,2026-09-24T08:17:21.752138+00:00
5229,0.597,2026-09-24T08:17:21.754549+00:00
5230,0.575,2026-09-24T08:17:21.756999+00:00
5231,0.589,2026-09-24T08:17:21.759533+00:00
5232,0.5289999999999999,2026-09-24T08:17:21.761957+00:00
5233,0.627,2026-09-24T08:17:21.764547+00:00
5234,0.514,2026-09-24T08:17:21.766937+00:00
5235,0.749,2026-09-24T08:17:21.769688+00:00
5236,0.474,2026-09-24T08:17:21.772126+00:00
5237,0.441,2026-09-24T08:17:21.774593+00:00
5238,0.49200000000000005,2026-09-24T08:17:21.777123+00:00
5239,0.437,2026-09-24T08:17:21.779584+00:00
5240,0.441,2026-09-24T08:17:21.782071+00:00
5241,0.6130000000000001,2026-09-24T08:17:21.784728+00:00
5242,0.465,2026-09-24T08:17:21.787093+00:00
5243,0.501,2026-09-24T08:17:21.789626+00:00
5244,0.46599999999999997,2026-09-24T08:17:21.792104+00:00
5245,0.46799999999999997,2026-09-24T08:17:21.794583+00:00
5246,0.634,2026-09-24T08:17:21.797167+00:00
5247,0.45899999999999996,2026-09-24T08:17:21.799601+00:00
5248,0.465,2026-09-24T08:17:21.802087+00:00
5249,0.65,2026-09-24T08:17:21.804754+00:00
5250,0.475,2026-09-24T08:17:21.807195+00:00
5251,0.53,2026-09-24T08:17:21.809735+00:00
5252,0.5419999999999999,2026-09-24T08:17:21.812255+00:00
5253,0.739,2026-09-24T08:17:21.815001+00:00
5254,0.673,2026-09-24T08:17:21.817608+00:00
5255,0.509,2026-09-24T08:17:21.820048+00:00
5256,0.513,2026-09-24T08:17:21.822519+00:00
5257,0.507,2026-09-24T08:17:21.824987+00:00
5258,0.49200000000000005,2026-09-24T08:17:21.827459+00:00
5259,0.5429999999999999,2026-09-24T08:17:21.829969+00:00
5260,0.5289999999999999,2026-09-24T08:17:21.832440+00:00
5261,0.5479999999999999,2026-09-24T08:17:21.834944+00:00
5262,0.6579999999999999,2026-09-24T08:17:21.837658+00:00
5263,0.518,2026-09-24T08:17:21.840330+00:00
5264,0.518,2026-09-24T08:17:21.842973+00:00
5265,0.566,2026-09-24T08:17:21.845654+00:00
5266,0.709,2026-09-24T08:17:21.848433+00:00
5267,0.5680000000000001,2026-09-24T08:17:21.850855+00:00
5268,0.636,2026-09-24T08:17:21.853422+00:00
5269,0.703,2026-09-24T08:17:21.856068+00:00
5270,0.61,2026-09-24T08:17:21.858598+00:00
5271,0.585,2026-09-24T08:17:21.861071+00:00
5272,0.657,2026-09-24T08:17:21.863668+00:00
5273,0.661,2026-09-24T08:17:21.866216+00:00
5274,0.653,2026-09-24T08:17:21.868793+00:00
5275,0.5429999999999999,2026-09-24T08:17:21.871261+00:00
5276,0.7150000000000001,2026-09-24T08:17:21.873898+00:00
5277,0.544,2026-09-24T08:17:21.876357+00:00
5278,0.646,2026-09-24T08:17:21.879088+00:00
5279,0.634,2026-09-24T08:17:21.881726+00:00
5280,0.515,2026-09-24T08:17:21.884174+00:00
5281,0.622,2026-09-24T08:17:21.886802+00:00
5282,0.5199999999999999,2026-09-24T08:17:21.889286+00:00
5283,0.736,2026-09-24T08:17:21.892000+00:00
5284,0.852,2026-09-24T08:17:21.894722+00:00
5285,0.675,2026-09-24T08:17:21.897105+00:00
5286,0.495,2026-09-24T08:17:21.899517+00:00
5287,0.7919999999999999,2026-09-24T08:17:21.902447+00:00
5288,0.616,2026-09-24T08:17:21.905021+00:00
5289,0.699,2026-09-24T08:17:21.907679+00:00
5290,0.617,2026-09-24T08:17:21.910290+00:00
5291,0.513,2026-09-24T08:17:21.912738+00:00
5292,0.583,2026-09-24T08:17:21.915204+00:00
5293,0.5760000000000001,2026-09-24T08:17:21.917610+00:00
5294,0.57,2026-09-24T08:17:21.919992+00:00
5295,0.5730000000000001,2026-09-24T08:17:21.922532+00:00
5296,0.6809999999999999,2026-09-24T08:17:21.925282+00:00
5297,0.756,2026-09-24T08:17:21.927784+00:00
5298,0.6130000000000001,2026-09-24T08:17:21.930209+00:00
5299,0.578,2026-09-24T08:17:21.932658+00:00
5300,0.446,2026-09-24T08:17:21.934868+00:00
5301,0.5419999999999999,2026-09-24T08:17:21.937291+00:00
5302,0.63,2026-09-24T08:17:21.939776+00:00
5303,0.61,2026-09-24T08:17:21.942137+00:00
5304,0.5559999999999999,2026-09-24T08:17:21.944519+00:00
5305,0.535,2026-09-24T08:17:21.946888+00:00
5306,0.519,2026-09-24T08:17:21.949241+00:00
5307,0.717,2026-09-24T08:17:21.951784+00:00
5308,0.624,2026-09-24T08:17:21.954186+00:00
5309,0.624,2026-09-24T08:17:21.956623+00:00
5310,0.58,2026-09-24T08:17:21.958987+00:00
5311,0.594,2026-09-24T08:17:21.961384+00:00
5312,0.593,2026-09-24T08:17:21.963780+00:00
5313,0.687,2026-09-24T08:17:21.966292+00:00
5314,0.578,2026-09-24T08:17:21.968617+00:00
5315,0.446,2026-09-24T08:17:21.970830+00:00
5316,0.434,2026-09-24T08:17:21.973185+00:00
5317,0.481,2026-09-24T08:17:21.975598+00:00
5318,0.42700000000000005,2026-09-24T08:17:21.977850+00:00
5319,0.545,2026-09-24T08:17:21.980299+00:00
5320,0.523,2026-09-24T08:17:21.982703+00:00
5321,0.608,2026-09-24T08:17:21.985199+00:00
5322,0.47600000000000003,2026-09-24T08:17:21.987523+00:00
5323,0.486,2026-09-24T08:17:21.989873+00:00
5324,0.477,2026-09-24T08:17:21.992258+00:00
5325,0.58,2026-09-24T08:17:21.994748+00:00
5326,0.43600000000000005,2026-09-24T08:17:21.996996+00:00
5327,0.559,2026-09-24T08:17:21.999443+00:00
5328,0.502,2026-09-24T08:17:22.001840+00:00
5329,0.5339999999999999,2026-09-24T08:17:22.004259+00:00
5330,0.457,2026-09-24T08:17:22.006625+00:00
5331,0.433,2026-09-24T08:17:22.008935+00:00
5332,0.453,2026-09-24T08:17:22.011272+00:00
5333,0.53,2026-09-24T08:17:22.013683+00:00
5334,0.453,2026-09-24T08:17:22.015989+00:00
5335,0.565,2026-09-24T08:17:22.018429+00:00
5336,0.475,2026-09-24T08:17:22.020769+00:00
5337,0.549,2026-09-24T08:17:22.023189+00:00
5338,0.49,2026-09-24T08:17:22.025551+00:00
5339,0.5289999999999999,2026-09-24T08:17:22.027917+00:00
5340,0.479,2026-09-24T08:17:22.030249+00:00
5341,0.49200000000000005,2026-09-24T08:17:22.032608+00:00
5342,0.5429999999999999,2026-09-24T08:17:22.035119+00:00
5343,0.43600000000000005,2026-09-24T08:17:22.037466+00:00
5344,0.375,2026-09-24T08:17:22.039752+00:00
5345,0.496,2026-09-24T08:17:22.042195+00:00
5346,0.425,2026-09-24T08:17:22.044503+00:00
5347,0.408,2026-09-24T08:17:22.046820+00:00
5348,0.426,2026-09-24T08:17:22.049181+00:00
5349,0.462,2026-09-24T08:17:22.051580+00:00
5350,0.553,2026-09-24T08:17:22.053975+00:00
5351,0.503,2026-09-24T08:17:22.056351+00:00
5352,0.5950000000000001,2026-09-24T08:17:22.058873+00:00
5353,0.5469999999999999,2026-09-24T08:17:22.061324+00:00
5354,0.507,2026-09-24T08:17:22.063680+00:00
5355,0.5379999999999999,2026-09-24T08:17:22.066066+00:00
5356,0.479,2026-09-24T08:17:22.068393+00:00
5357,0.456,2026-09-24T08:17:22.070717+00:00
5358,0.6539999999999999,2026-09-24T08:17:22.073324+00:00
5359,0.54,2026-09-24T08:17:22.075649+00:00
5360,0.444,2026-09-24T08:17:22.077893+00:00
5361,0.47800000000000004,2026-09-24T08:17:22.080266+00:00
5362,0.6719999999999999,2026-09-24T08:17:22.082799+00:00
5363,0.46,2026-09-24T08:17:22.085048+00:00
5364,0.5900000000000001,2026-09-24T08:17:22.087502+00:00
5365,0.5509999999999999,2026-09-24T08:17:22.089909+00:00
5366,0.48500000000000004,2026-09-24T08:17:22.092255+00:00
5367,0.406,2026-09-24T08:17:22.094572+00:00
5368,0.383,2026-09-24T08:17:22.096896+00:00
5369,0.5469999999999999,2026-09-24T08:17:22.099433+00:00
5370,0.558,2026-09-24T08:17:22.101862+00:00
5371,0.442,2026-09-24T08:17:22.104108+00:00
5372,0.397,2026-09-24T08:17:22.106428+00:00
5373,0.57,2026-09-24T08:17:22.108921+00:00
5374,0.618,2026-09-24T08:17:22.111440+00:00
5375,0.488,2026-09-24T08:17:22.113818+00:00
5376,0.589,2026-09-24T08:17:22.116327+00:00
5377,0.546,2026-09-24T08:17:22.118721+00:00
5378,0.506,2026-09-24T08:17:22.121035+00:00
5379,0.44,2026-09-24T08:17:22.123373+00:00
5380,0.7380000000000001,2026-09-24T08:17:22.126039+00:00
5381,0.75,2026-09-24T08:17:22.128562+00:00
5382,0.661,2026-09-24T08:17:22.131106+00:00
5383,0.684,2026-09-24T08:17:22.133684+00:00
5384,0.852,2026-09-24T08:17:22.136368+00:00
5385,0.575,2026-09-24T08:17:22.138918+00:00
5386,0.8310000000000001,2026-09-24T08:17:22.141669+00:00
5387,0.696,2026-09-24T08:17:22.144200+00:00
5388,0.71,2026-09-24T08:17:22.146699+00:00
5389,0.506,2026-09-24T08:17:22.148864+00:00
5390,0.705,2026-09-24T08:17:22.151438+00:00
5391,0.456,2026-09-24T08:17:22.153713+00:00
5392,0.6579999999999999,2026-09-24T08:17:22.156320+00:00
5393,0.583,2026-09-24T08:17:22.158774+00:00
5394,0.51,2026-09-24T08:17:22.161228+00:00
5395,0.535,2026-09-24T08:17:22.163692+00:00
5396,0.433,2026-09-24T08:17:22.166050+00:00
5397,0.574,2026-09-24T08:17:22.168586+00:00
5398,0.897,2026-09-24T08:17:22.171332+00:00
5399,0.878,2026-09-24T08:17:22.174042+00:00
5400,0.787,2026-09-24T08:17:22.176783+00:00
5401,0.6579999999999999,2026-09-24T08:17:22.179353+00:00
5402,0.7240000000000001,2026-09-24T08:17:22.182026+00:00
5403,0.768,2026-09-24T08:17:22.184624+00:00
5404,0.716,2026-09-24T08:17:22.187143+00:00
5405,0.7110000000000001,2026-09-24T08:17:22.189596+00:00
5406,0.629,2026-09-24T08:17:22.192023+00:00
5407,0.623,2026-09-24T08:17:22.194497+00:00
5408,0.53,2026-09-24T08:17:22.196880+00:00
5409,0.45399999999999996,2026-09-24T08:17:22.199203+00:00
5410,0.662,2026-09-24T08:17:22.201756+00:00
5411,0.531,2026-09-24T08:17:22.204111+00:00
5412,0.458,2026-09-24T08:17:22.206420+00:00
5413,0.449,2026-09-24T08:17:22.208743+00:00
5414,0.519,2026-09-24T08:17:22.211164+00:00
5415,0.603,2026-09-24T08:17:22.213633+00:00
5416,0.48000000000000004,2026-09-24T08:17:22.215903+00:00
5417,0.44,2026-09-24T08:17:22.218267+00:00
5418,0.629,2026-09-24T08:17:22.220794+00:00
5419,0.5559999999999999,2026-09-24T08:17:22.223200+00:00
5420,0.448,2026-09-24T08:17:22.225468+00:00
5421,0.583,2026-09-24T08:17:22.227940+00:00
5422,0.458,2026-09-24T08:17:22.230217+00:00
5423,0.479,2026-09-24T08:17:22.232602+00:00
5424,0.554,2026-09-24T08:17:22.235077+00:00
5425,0.361,2026-09-24T08:17:22.237232+00:00
5426,0.36900000000000005,2026-09-24T08:17:22.239569+00:00
5427,0.479,2026-09-24T08:17:22.242029+00:00
5428,0.437,2026-09-24T08:17:22.244396+00:00
5429,0.6920000000000001,2026-09-24T08:17:22.247038+00:00
5430,0.5419999999999999,2026-09-24T08:17:22.249304+00:00
5431,0.526,2026-09-24T08:17:22.251684+00:00
5432,0.606,2026-09-24T08:17:22.254162+00:00
5433,0.569,2026-09-24T08:17:22.256584+00:00
5434,0.516,2026-09-24T08:17:22.258946+00:00
5435,0.544,2026-09-24T08:17:22.261379+00:00
5436,0.524,2026-09-24T08:17:22.263749+00:00
5437,0.502,2026-09-24T08:17:22.266102+00:00
5438,0.541,2026-09-24T08:17:22.268544+00:00
5439,0.6819999999999999,2026-09-24T08:17:22.271058+00:00
5440,0.65,2026-09-24T08:17:22.273583+00:00
5441,0.754,2026-09-24T08:17:22.276099+00:00
5442,0.791,2026-09-24T08:17:22.278838+00:00
5443,0.597,2026-09-24T08:17:22.281188+00:00
5444,0.6040000000000001,2026-09-24T08:17:22.283593+00:00
5445,0.5820000000000001,2026-09-24T08:17:22.285967+00:00
5446,0.5469999999999999,2026-09-24T08:17:22.288337+00:00
5447,0.5569999999999999,2026-09-24T08:17:22.290697+00:00
5448,0.605,2026-09-24T08:17:22.293105+00:00
5449,0.546,2026-09-24T08:17:22.295442+00:00
5450,0.6759999999999999,2026-09-24T08:17:22.297939+00:00
5451,0.6,2026-09-24T08:17:22.300341+00:00
5452,0.53,2026-09-24T08:17:22.302630+00:00
5453,0.367,2026-09-24T08:17:22.304792+00:00
5454,0.36900000000000005,2026-09-24T08:17:22.307164+00:00
5455,0.38,2026-09-24T08:17:22.309515+00:00
5456,0.43,2026-09-24T08:17:22.311915+00:00
5457,0.354,2026-09-24T08:17:22.314221+00:00
5458,0.453,2026-09-24T08:17:22.316649+00:00
5459,0.472,2026-09-24T08:17:22.319084+00:00
5460,0.41800000000000004,2026-09-24T08:17:22.321440+00:00
5461,0.638,2026-09-24T08:17:22.324018+00:00
5462,0.494,2026-09-24T08:17:22.326242+00:00
5463,0.483,2026-09-24T08:17:22.328570+00:00
5464,0.559,2026-09-24T08:17:22.330970+00:00
5465,0.447,2026-09-24T08:17:22.333249+00:00
5466,0.513,2026-09-24T08:17:22.335627+00:00
5467,0.68,2026-09-24T08:17:22.338176+00:00
5468,0.519,2026-09-24T08:17:22.340482+00:00
5469,0.528,2026-09-24T08:17:22.342848+00:00
5470,0.483,2026-09-24T08:17:22.345221+00:00
5471,0.433,2026-09-24T08:17:22.347563+00:00
5472,0.6130000000000001,2026-09-24T08:17:22.350100+00:00
5473,0.428,2026-09-24T08:17:22.352434+00:00
5474,0.7200000000000001,2026-09-24T08:17:22.355066+00:00
5475,0.565,2026-09-24T08:17:22.357337+00:00
5476,0.47,2026-09-24T08:17:22.359619+00:00
5477,0.5199999999999999,2026-09-24T08:17:22.362039+00:00
5478,0.5379999999999999,2026-09-24T08:17:22.364425+00:00
5479,0.5609999999999999,2026-09-24T08:17:22.366795+00:00
5480,0.5630000000000001,2026-09-24T08:17:22.369212+00:00
5481,0.522,2026-09-24T08:17:22.371572+00:00
5482,0.5860000000000001,2026-09-24T08:17:22.373975+00:00
5483,0.565,2026-09-24T08:17:22.376387+00:00
5484,0.54,2026-09-24T08:17:22.378717+00:00
5485,0.516,2026-09-24T08:17:22.381059+00:00
5486,0.48899999999999993,2026-09-24T08:17:22.383396+00:00
5487,0.6669999999999999,2026-09-24T08:17:22.385903+00:00
5488,0.6980000000000001,2026-09-24T08:17:22.388501+00:00
5489,0.566,2026-09-24T08:17:22.390906+00:00
5490,0.662,2026-09-24T08:17:22.393447+00:00
5491,0.82,2026-09-24T08:17:22.396062+00:00
5492,0.6539999999999999,2026-09-24T08:17:22.398408+00:00
5493,0.518,2026-09-24T08:17:22.400767+00:00
5494,0.477,2026-09-24T08:17:22.403150+00:00
5495,0.746,2026-09-24T08:17:22.405771+00:00
5496,0.536,2026-09-24T08:17:22.407944+00:00
5497,0.458,2026-09-24T08:17:22.410282+00:00
5498,0.49,2026-09-24T08:17:22.412658+00:00
5499,0.479,2026-09-24T08:17:22.415023+00:00
5500,0.451,2026-09-24T08:17:22.417329+00:00
5501,0.46900000000000003,2026-09-24T08:17:22.419679+00:00
5502,0.505,2026-09-24T08:17:22.422074+00:00
5503,0.483,2026-09-24T08:17:22.424375+00:00
5504,0.49299999999999994,2026-09-24T08:17:22.426722+00:00
5505,0.75,2026-09-24T08:17:22.429356+00:00
5506,0.638,2026-09-24T08:17:22.431811+00:00
5507,0.565,2026-09-24T08:17:22.434212+00:00
5508,0.541,2026-09-24T08:17:22.436562+00:00
5509,0.512,2026-09-24T08:17:22.438887+00:00
5510,0.5670000000000001,2026-09-24T08:17:22.441285+00:00
5511,0.627,2026-09-24T08:17:22.443675+00:00
5512,0.5419999999999999,2026-09-24T08:17:22.445965+00:00
5513,0.507,2026-09-24T08:17:22.448291+00:00
5514,0.532,2026-09-24T08:17:22.450643+00:00
5515,0.565,2026-09-24T08:17:22.453002+00:00
5516,0.517,2026-09-24T08:17:22.455299+00:00
5517,0.41,2026-09-24T08:17:22.457501+00:00
5518,0.398,2026-09-24T08:17:22.459821+00:00
5519,0.442,2026-09-24T08:17:22.462180+00:00
5520,0.616,2026-09-24T08:17:22.464696+00:00
5521,0.451,2026-09-24T08:17:22.466876+00:00
5522,0.437,2026-09-24T08:17:22.469202+00:00
5523,0.49,2026-09-24T08:17:22.471593+00:00
5524,0.428,2026-09-24T08:17:22.473852+00:00
5525,0.417,2026-09-24T08:17:22.476168+00:00
5526,0.608,2026-09-24T08:17:22.478660+00:00
5527,0.444,2026-09-24T08:17:22.480817+00:00
5528,0.415,2026-09-24T08:17:22.483164+00:00
5529,0.39599999999999996,2026-09-24T08:17:22.485490+00:00
5530,0.428,2026-09-24T08:17:22.487851+00:00
5531,0.49200000000000005,2026-09-24T08:17:22.490334+00:00
5532,0.453,2026-09-24T08:17:22.492721+00:00
5533,0.437,2026-09-24T08:17:22.495115+00:00
5534,0.432,2026-09-24T08:17:22.497464+00:00
5535,0.48500000000000004,2026-09-24T08:17:22.499870+00:00
5536,0.408,2026-09-24T08:17:22.502198+00:00
5537,0.442,2026-09-24T08:17:22.504547+00:00
5538,0.453,2026-09-24T08:17:22.506943+00:00
5539,0.442,2026-09-24T08:17:22.509321+00:00
5540,0.419,2026-09-24T08:17:22.511634+00:00
5541,0.455,2026-09-24T08:17:22.513999+00:00
5542,0.441,2026-09-24T08:17:22.516320+00:00
5543,0.491,2026-09-24T08:17:22.518689+00:00
5544,0.432,2026-09-24T08:17:22.520985+00:00
5545,0.443,2026-09-24T08:17:22.523324+00:00
5546,0.441,2026-09-24T08:17:22.525655+00:00
5547,0.546,2026-09-24T08:17:22.528108+00:00
5548,0.434,2026-09-24T08:17:22.530369+00:00
5549,0.602,2026-09-24T08:17:22.532858+00:00
5550,0.5,2026-09-24T08:17:22.535183+00:00
5551,0.507,2026-09-24T08:17:22.537614+00:00
5552,0.45899999999999996,2026-09-24T08:17:22.540006+00:00
5553,0.533,2026-09-24T08:17:22.542486+00:00
5554,0.62,2026-09-24T08:17:22.544980+00:00
5555,0.448,2026-09-24T08:17:22.547321+00:00
5556,0.451,2026-09-24T08:17:22.549702+00:00
5557,0.48000000000000004,2026-09-24T08:17:22.552151+00:00
5558,0.42000000000000004,2026-09-24T08:17:22.554477+00:00
5559,0.713,2026-09-24T08:17:22.557115+00:00
5560,0.45,2026-09-24T08:17:22.559526+00:00
5561,0.495,2026-09-24T08:17:22.561985+00:00
5562,0.522,2026-09-24T08:17:22.564431+00:00
5563,0.558,2026-09-24T08:17:22.566881+00:00
5564,0.472,2026-09-24T08:17:22.569174+00:00
5565,0.499,2026-09-24T08:17:22.571559+00:00
5566,0.446,2026-09-24T08:17:22.573871+00:00
5567,0.48700000000000004,2026-09-24T08:17:22.576256+00:00
5568,0.5,2026-09-24T08:17:22.578651+00:00
5569,0.514,2026-09-24T08:17:22.581028+00:00
5570,0.6040000000000001,2026-09-24T08:17:22.583483+00:00
5571,0.734,2026-09-24T08:17:22.586037+00:00
5572,0.5519999999999999,2026-09-24T08:17:22.588442+00:00
5573,0.491,2026-09-24T08:17:22.590797+00:00
5574,0.47800000000000004,2026-09-24T08:17:22.593133+00:00
5575,0.536,2026-09-24T08:17:22.595543+00:00
5576,0.47600000000000003,2026-09-24T08:17:22.597862+00:00
5577,0.523,2026-09-24T08:17:22.600242+00:00
5578,0.48700000000000004,2026-09-24T08:17:22.602563+00:00
5579,0.5429999999999999,2026-09-24T08:17:22.604956+00:00
5580,0.5609999999999999,2026-09-24T08:17:22.607371+00:00
5581,0.546,2026-09-24T08:17:22.609841+00:00
5582,0.5670000000000001,2026-09-24T08:17:22.612384+00:00
5583,0.47800000000000004,2026-09-24T08:17:22.614905+00:00
5584,0.455,2026-09-24T08:17:22.617323+00:00
5585,0.5760000000000001,2026-09-24T08:17:22.619877+00:00
5586,0.39599999999999996,2026-09-24T08:17:22.622172+00:00
5587,0.537,2026-09-24T08:17:22.624677+00:00
5588,0.435,2026-09-24T08:17:22.627034+00:00
5589,0.402,2026-09-24T08:17:22.629362+00:00
5590,0.48500000000000004,2026-09-24T08:17:22.631775+00:00
5591,0.402,2026-09-24T08:17:22.634187+00:00
5592,0.527,2026-09-24T08:17:22.636683+00:00
5593,0.539,2026-09-24T08:17:22.639381+00:00
5594,0.423,2026-09-24T08:17:22.641772+00:00
5595,0.53,2026-09-24T08:17:22.644280+00:00
5596,0.656,2026-09-24T08:17:22.646878+00:00
5597,0.39599999999999996,2026-09-24T08:17:22.649218+00:00
5598,0.439,2026-09-24T08:17:22.651619+00:00
5599,0.429,2026-09-24T08:17:22.653980+00:00
5600,0.378,2026-09-24T08:17:22.656280+00:00
5601,0.412,2026-09-24T08:17:22.658663+00:00
5602,0.444,2026-09-24T08:17:22.661073+00:00
5603,0.621,2026-09-24T08:17:22.663627+00:00
5604,0.40900000000000003,2026-09-24T08:17:22.665844+00:00
5605,0.541,2026-09-24T08:17:22.668355+00:00
5606,0.46599999999999997,2026-09-24T08:17:22.670727+00:00
5607,0.448,2026-09-24T08:17:22.673116+00:00
5608,0.602,2026-09-24T08:17:22.675653+00:00
5609,0.453,2026-09-24T08:17:22.678045+00:00
5610,0.566,2026-09-24T08:17:22.680526+00:00
5611,0.449,2026-09-24T08:17:22.682877+00:00
5612,0.555,2026-09-24T08:17:22.685383+00:00
5613,0.65,2026-09-24T08:17:22.687974+00:00
5614,0.412,2026-09-24T08:17:22.690300+00:00
5615,0.584,2026-09-24T08:17:22.692841+00:00
5616,0.477,2026-09-24T08:17:22.695288+00:00
5617,0.444,2026-09-24T08:17:22.697690+00:00
5618,0.408,2026-09-24T08:17:22.700014+00:00
5619,0.358,2026-09-24T08:17:22.702311+00:00
5620,0.47600000000000003,2026-09-24T08:17:22.704751+00:00
5621,0.594,2026-09-24T08:17:22.707275+00:00
5622,0.687,2026-09-24T08:17:22.709946+00:00
5623,0.575,2026-09-24T08:17:22.712448+00:00
5624,0.643,2026-09-24T08:17:22.714986+00:00
5625,0.502,2026-09-24T08:17:22.717400+00:00
5626,0.391,2026-09-24T08:17:22.719769+00:00
5627,0.475,2026-09-24T08:17:22.722214+00:00
5628,0.611,2026-09-24T08:17:22.724749+00:00
5629,0.7699999999999999,2026-09-24T08:17:22.727456+00:00
5630,0.587,2026-09-24T08:17:22.729879+00:00
5631,0.985,2026-09-24T08:17:22.732855+00:00
5632,0.8260000000000001,2026-09-24T08:17:22.735254+00:00
5633,1.0510000000000002,2026-09-24T08:17:22.738097+00:00
5634,0.764,2026-09-24T08:17:22.740649+00:00
5635,0.8360000000000001,2026-09-24T08:17:22.743433+00:00
5636,0.735,2026-09-24T08:17:22.746037+00:00
5637,0.589,2026-09-24T08:17:22.748526+00:00
5638,0.656,2026-09-24T08:17:22.751079+00:00
5639,0.6759999999999999,2026-09-24T08:17:22.753633+00:00
5640,0.755,2026-09-24T08:17:22.756250+00:00
5641,0.9470000000000001,2026-09-24T08:17:22.759075+00:00
5642,0.707,2026-09-24T08:17:22.761554+00:00
5643,0.625,2026-09-24T08:17:22.764053+00:00
5644,0.5770000000000001,2026-09-24T08:17:22.766493+00:00
5645,0.657,2026-09-24T08:17:22.768999+00:00
5646,0.515,2026-09-24T08:17:22.771467+00:00
5647,0.503,2026-09-24T08:17:22.773933+00:00
5648,0.47600000000000003,2026-09-24T08:17:22.776290+00:00
5649,0.482,2026-09-24T08:17:22.778710+00:00
5650,0.367,2026-09-24T08:17:22.781039+00:00
5651,0.355,2026-09-24T08:17:22.783365+00:00
5652,0.402,2026-09-24T08:17:22.785730+00:00
5653,0.419,2026-09-24T08:17:22.788097+00:00
5654,0.414,2026-09-24T08:17:22.790472+00:00
5655,0.431,2026-09-24T08:17:22.792826+00:00
5656,0.42000000000000004,2026-09-24T08:17:22.795188+00:00
5657,0.593,2026-09-24T08:17:22.797712+00:00
5658,0.532,2026-09-24T08:17:22.800143+00:00
5659,0.404,2026-09-24T08:17:22.802517+00:00
5660,0.402,2026-09-24T08:17:22.804825+00:00
5661,0.44499999999999995,2026-09-24T08:17:22.807211+00:00
5662,0.426,2026-09-24T08:17:22.809551+00:00
5663,0.402,2026-09-24T08:17:22.811832+00:00
5664,0.46,2026-09-24T08:17:22.814228+00:00
5665,0.444,2026-09-24T08:17:22.816571+00:00
5666,0.45,2026-09-24T08:17:22.818875+00:00
5667,0.40299999999999997,2026-09-24T08:17:22.821179+00:00
5668,0.453,2026-09-24T08:17:22.823543+00:00
5669,0.5569999999999999,2026-09-24T08:17:22.825981+00:00
5670,0.41100000000000003,2026-09-24T08:17:22.828270+00:00
5671,0.53,2026-09-24T08:17:22.830713+00:00
5672,0.532,2026-09-24T08:17:22.833209+00:00
5673,0.432,2026-09-24T08:17:22.835500+00:00
5674,0.447,2026-09-24T08:17:22.837872+00:00
5675,0.495,2026-09-24T08:17:22.840267+00:00
5676,0.45399999999999996,2026-09-24T08:17:22.842592+00:00
5677,0.5680000000000001,2026-09-24T08:17:22.845061+00:00
5678,0.378,2026-09-24T08:17:22.847337+00:00
5679,0.5910000000000001,2026-09-24T08:17:22.849928+00:00
5680,0.40099999999999997,2026-09-24T08:17:22.852099+00:00
5681,0.325,2026-09-24T08:17:22.854375+00:00
5682,0.406,2026-09-24T08:17:22.856769+00:00
5683,0.342,2026-09-24T08:17:22.859089+00:00
5684,0.41100000000000003,2026-09-24T08:17:22.861476+00:00
5685,0.48000000000000004,2026-09-24T08:17:22.863903+00:00
5686,0.34,2026-09-24T08:17:22.866188+00:00
5687,0.42000000000000004,2026-09-24T08:17:22.868578+00:00
5688,0.553,2026-09-24T08:17:22.871071+00:00
5689,0.457,2026-09-24T08:17:22.873335+00:00
5690,0.5770000000000001,2026-09-24T08:17:22.875812+00:00
5691,0.488,2026-09-24T08:17:22.878266+00:00
5692,0.653,2026-09-24T08:17:22.880888+00:00
5693,0.6819999999999999,2026-09-24T08:17:22.883554+00:00
5694,0.6880000000000001,2026-09-24T08:17:22.886183+00:00
5695,0.755,2026-09-24T08:17:22.888826+00:00
5696,0.732,2026-09-24T08:17:22.891337+00:00
5697,0.5860000000000001,2026-09-24T08:17:22.893670+00:00
5698,0.611,2026-09-24T08:17:22.896147+00:00
5699,0.549,2026-09-24T08:17:22.898563+00:00
5700,0.5760000000000001,2026-09-24T08:17:22.901000+00:00
5701,0.815,2026-09-24T08:17:22.903684+00:00
5702,0.728,2026-09-24T08:17:22.906225+00:00
5703,0.569,2026-09-24T08:17:22.908514+00:00
5704,0.678,2026-09-24T08:17:22.911061+00:00
5705,0.574,2026-09-24T08:17:22.913463+00:00
5706,0.624,2026-09-24T08:17:22.915919+00:00
5707,0.553,2026-09-24T08:17:22.918321+00:00
5708,0.587,2026-09-24T08:17:22.920760+00:00
5709,0.648,2026-09-24T08:17:22.923247+00:00
5710,0.537,2026-09-24T08:17:22.925756+00:00
5711,0.47600000000000003,2026-09-24T08:17:22.928209+00:00
5712,0.847,2026-09-24T08:17:22.930987+00:00
5713,0.569,2026-09-24T08:17:22.933488+00:00
5714,0.6,2026-09-24T08:17:22.936167+00:00
5715,0.474,2026-09-24T08:17:22.938669+00:00
5716,0.46,2026-09-24T08:17:22.941123+00:00
5717,0.6880000000000001,2026-09-24T08:17:22.943830+00:00
5718,0.456,2026-09-24T08:17:22.946282+00:00
5719,0.458,2026-09-24T08:17:22.948734+00:00
5720,0.46900000000000003,2026-09-24T08:17:22.951200+00:00
5721,0.475,2026-09-24T08:17:22.953684+00:00
5722,0.46599999999999997,2026-09-24T08:17:22.956125+00:00
5723,0.46099999999999997,2026-09-24T08:17:22.958591+00:00
5724,0.464,2026-09-24T08:17:22.961049+00:00
5725,0.63,2026-09-24T08:17:22.963665+00:00
5726,0.743,2026-09-24T08:17:22.966380+00:00
5727,0.609,2026-09-24T08:17:22.968918+00:00
5728,0.579,2026-09-24T08:17:22.971377+00:00
5729,0.622,2026-09-24T08:17:22.973877+00:00
5730,0.602,2026-09-24T08:17:22.976460+00:00
5731,0.578,2026-09-24T08:17:22.978912+00:00
5732,0.5720000000000001,2026-09-24T08:17:22.981436+00:00
5733,0.594,2026-09-24T08:17:22.983907+00:00
5734,0.583,2026-09-24T08:17:22.986436+00:00
5735,0.524,2026-09-24T08:17:22.988829+00:00
5736,0.515,2026-09-24T08:17:22.991251+00:00
5737,0.553,2026-09-24T08:17:22.993747+00:00
5738,0.523,2026-09-24T08:17:22.996186+00:00
5739,0.694,2026-09-24T08:17:22.998806+00:00
5740,0.541,2026-09-24T08:17:23.001310+00:00
5741,0.49700000000000005,2026-09-24T08:17:23.003725+00:00
5742,0.414,2026-09-24T08:17:23.006155+00:00
5743,0.428,2026-09-24T08:17:23.008564+00:00
5744,0.526,2026-09-24T08:17:23.011163+00:00
5745,0.457,2026-09-24T08:17:23.013679+00:00
5746,0.45399999999999996,2026-09-24T08:17:23.016191+00:00
5747,0.479,2026-09-24T08:17:23.018685+00:00
5748,0.438,2026-09-24T08:17:23.021142+00:00
5749,0.465,2026-09-24T08:17:23.023636+00:00
5750,0.47100000000000003,2026-09-24T08:17:23.026127+00:00
5751,0.5609999999999999,2026-09-24T08:17:23.028703+00:00
5752,0.671,2026-09-24T08:17:23.031346+00:00
5753,0.49700000000000005,2026-09-24T08:17:23.033788+00:00
5754,0.482,2026-09-24T08:17:23.036275+00:00
5755,0.467,2026-09-24T08:17:23.038737+00:00
5756,0.481,2026-09-24T08:17:23.041233+00:00
5757,0.47800000000000004,2026-09-24T08:17:23.043704+00:00
5758,0.508,2026-09-24T08:17:23.046187+00:00
5759,0.5609999999999999,2026-09-24T08:17:23.048742+00:00
5760,0.666,2026-09-24T08:17:23.051379+00:00
5761,0.519,2026-09-24T08:17:23.053814+00:00
5762,0.587,2026-09-24T08:17:23.056372+00:00
5763,0.5820000000000001,2026-09-24T08:17:23.058860+00:00
5764,0.5730000000000001,2026-09-24T08:17:23.061347+00:00
5765,0.61,2026-09-24T08:17:23.063851+00:00
5766,0.75,2026-09-24T08:17:23.066496+00:00
5767,0.61,2026-09-24T08:17:23.068976+00:00
5768,0.8069999999999999,2026-09-24T08:17:23.071754+00:00
5769,0.669,2026-09-24T08:17:23.074208+00:00
5770,0.662,2026-09-24T08:17:23.076803+00:00
5771,0.773,2026-09-24T08:17:23.079537+00:00
5772,0.657,2026-09-24T08:17:23.082014+00:00
5773,0.558,2026-09-24T08:17:23.084468+00:00
5774,0.389,2026-09-24T08:17:23.086787+00:00
5775,0.435,2026-09-24T08:17:23.089218+00:00
5776,0.533,2026-09-24T08:17:23.091735+00:00
5777,0.408,2026-09-24T08:17:23.094113+00:00
5778,0.39,2026-09-24T08:17:23.096472+00:00
5779,0.6890000000000001,2026-09-24T08:17:23.099115+00:00
5780,0.464,2026-09-24T08:17:23.101334+00:00
5781,0.5599999999999999,2026-09-24T08:17:23.103801+00:00
5782,0.592,2026-09-24T08:17:23.106253+00:00
5783,0.61,2026-09-24T08:17:23.108793+00:00
5784,0.601,2026-09-24T08:17:23.111315+00:00
5785,0.633,2026-09-24T08:17:23.113766+00:00
5786,0.5900000000000001,2026-09-24T08:17:23.116188+00:00
5787,0.94,2026-09-24T08:17:23.118962+00:00
5788,0.608,2026-09-24T08:17:23.121260+00:00
5789,0.665,2026-09-24T08:17:23.123745+00:00
5790,0.639,2026-09-24T08:17:23.126227+00:00
5791,0.607,2026-09-24T08:17:23.128701+00:00
5792,0.592,2026-09-24T08:17:23.131111+00:00
5793,0.8260000000000001,2026-09-24T08:17:23.133760+00:00
5794,0.745,2026-09-24T08:17:23.136157+00:00
5795,1.066,2026-09-24T08:17:23.139202+00:00
5796,0.699,2026-09-24T08:17:23.141661+00:00
5797,0.732,2026-09-24T08:17:23.144271+00:00
5798,0.7829999999999999,2026-09-24T08:17:23.146939+00:00
5799,0.63,2026-09-24T08:17:23.149379+00:00
5800,0.618,2026-09-24T08:17:23.151784+00:00
5801,0.619,2026-09-24T08:17:23.154277+00:00
5802,0.5860000000000001,2026-09-24T08:17:23.156787+00:00
5803,0.73,2026-09-24T08:17:23.159406+00:00
5804,0.597,2026-09-24T08:17:23.161842+00:00
5805,0.49799999999999994,2026-09-24T08:17:23.164216+00:00
5806,0.524,2026-09-24T08:17:23.166699+00:00
5807,0.517,2026-09-24T08:17:23.169183+00:00
5808,0.503,2026-09-24T08:17:23.171589+00:00
5809,0.495,2026-09-24T08:17:23.174004+00:00
5810,0.616,2026-09-24T08:17:23.176555+00:00
5811,0.8140000000000001,2026-09-24T08:17:23.179408+00:00
5812,0.773,2026-09-24T08:17:23.182218+00:00
5813,0.539,2026-09-24T08:17:23.184749+00:00
5814,0.453,2026-09-24T08:17:23.187147+00:00
5815,0.40299999999999997,2026-09-24T08:17:23.189524+00:00
5816,0.625,2026-09-24T08:17:23.192115+00:00
5817,0.5509999999999999,2026-09-24T08:17:23.194382+00:00
5818,0.512,2026-09-24T08:17:23.196704+00:00
5819,0.528,2026-09-24T08:17:23.199092+00:00
5820,0.48700000000000004,2026-09-24T08:17:23.201448+00:00
5821,0.49200000000000005,2026-09-24T08:17:23.203813+00:00
5822,0.501,2026-09-24T08:17:23.206293+00:00
5823,0.47800000000000004,2026-09-24T08:17:23.208657+00:00
5824,0.451,2026-09-24T08:17:23.210990+00:00
5825,0.578,2026-09-24T08:17:23.213525+00:00
5826,0.5670000000000001,2026-09-24T08:17:23.215944+00:00
5827,0.5429999999999999,2026-09-24T08:17:23.218380+00:00
5828,0.575,2026-09-24T08:17:23.220859+00:00
5829,0.5630000000000001,2026-09-24T08:17:23.223382+00:00
5830,0.535,2026-09-24T08:17:23.225856+00:00
5831,0.537,2026-09-24T08:17:23.228268+00:00
5832,0.527,2026-09-24T08:17:23.230675+00:00
5833,0.625,2026-09-24T08:17:23.233224+00:00
5834,0.533,2026-09-24T08:17:23.235575+00:00
5835,0.612,2026-09-24T08:17:23.238051+00:00
5836,0.5199999999999999,2026-09-24T08:17:23.240427+00:00
5837,0.45199999999999996,2026-09-24T08:17:23.242706+00:00
5838,0.443,2026-09-24T08:17:23.245104+00:00
5839,0.494,2026-09-24T08:17:23.247491+00:00
5840,0.465,2026-09-24T08:17:23.249878+00:00
5841,0.47800000000000004,2026-09-24T08:17:23.252308+00:00
5842,0.539,2026-09-24T08:17:23.254787+00:00
5843,0.47100000000000003,2026-09-24T08:17:23.257274+00:00
5844,0.504,2026-09-24T08:17:23.259726+00:00
5845,0.501,2026-09-24T08:17:23.262165+00:00
5846,0.512,2026-09-24T08:17:23.264603+00:00
5847,0.517,2026-09-24T08:17:23.267037+00:00
5848,0.554,2026-09-24T08:17:23.269519+00:00
5849,0.756,2026-09-24T08:17:23.272183+00:00
5850,0.7010000000000001,2026-09-24T08:17:23.274728+00:00
5851,0.494,2026-09-24T08:17:23.277015+00:00
5852,0.539,2026-09-24T08:17:23.279523+00:00
5853,0.501,2026-09-24T08:17:23.281928+00:00
5854,0.533,2026-09-24T08:17:23.284431+00:00
5855,0.643,2026-09-24T08:17:23.287008+00:00
5856,0.554,2026-09-24T08:17:23.289433+00:00
5857,0.609,2026-09-24T08:17:23.291977+00:00
5858,0.73,2026-09-24T08:17:23.294647+00:00
5859,0.7150000000000001,2026-09-24T08:17:23.297282+00:00
5860,0.643,2026-09-24T08:17:23.299814+00:00
5861,0.6920000000000001,2026-09-24T08:17:23.302578+00:00
5862,0.57,2026-09-24T08:17:23.305084+00:00
5863,0.669,2026-09-24T08:17:23.307646+00:00
5864,0.531,2026-09-24T08:17:23.310034+00:00
5865,0.5810000000000001,2026-09-24T08:17:23.312501+00:00
5866,0.616,2026-09-24T08:17:23.315178+00:00
5867,0.57,2026-09-24T08:17:23.317606+00:00
5868,0.776,2026-09-24T08:17:23.320233+00:00
5869,0.798,2026-09-24T08:17:23.322888+00:00
5870,0.796,2026-09-24T08:17:23.325620+00:00
5871,0.716,2026-09-24T08:17:23.328044+00:00
5872,0.521,2026-09-24T08:17:23.330481+00:00
5873,0.458,2026-09-24T08:17:23.332871+00:00
5874,0.451,2026-09-24T08:17:23.335276+00:00
5875,0.414,2026-09-24T08:17:23.337648+00:00
5876,1.1789999999999998,2026-09-24T08:17:23.340826+00:00
5877,0.869,2026-09-24T08:17:23.343474+00:00
5878,0.6930000000000001,2026-09-24T08:17:23.345945+00:00
5879,0.6679999999999999,2026-09-24T08:17:23.348442+00:00
5880,0.7789999999999999,2026-09-24T08:17:23.351127+00:00
5881,0.64,2026-09-24T08:17:23.353605+00:00
5882,0.412,2026-09-24T08:17:23.355923+00:00
5883,0.46,2026-09-24T08:17:23.358339+00:00
5884,0.695,2026-09-24T08:17:23.360942+00:00
5885,0.44499999999999995,2026-09-24T08:17:23.363250+00:00
5886,0.408,2026-09-24T08:17:23.365608+00:00
5887,0.518,2026-09-24T08:17:23.368084+00:00
5888,0.496,2026-09-24T08:17:23.370517+00:00
5889,0.421,2026-09-24T08:17:23.372850+00:00
5890,0.434,2026-09-24T08:17:23.375232+00:00
5891,0.45399999999999996,2026-09-24T08:17:23.377631+00:00
5892,0.627,2026-09-24T08:17:23.380176+00:00
5893,0.536,2026-09-24T08:17:23.382605+00:00
5894,0.458,2026-09-24T08:17:23.384972+00:00
5895,0.65,2026-09-24T08:17:23.387515+00:00
5896,0.508,2026-09-24T08:17:23.389882+00:00
5897,0.5339999999999999,2026-09-24T08:17:23.392342+00:00
5898,0.5640000000000001,2026-09-24T08:17:23.394810+00:00
5899,0.455,2026-09-24T08:17:23.397176+00:00
5900,0.7,2026-09-24T08:17:23.399775+00:00
5901,0.45199999999999996,2026-09-24T08:17:23.402051+00:00
5902,0.345,2026-09-24T08:17:23.404360+00:00
5903,0.47600000000000003,2026-09-24T08:17:23.406832+00:00
5904,0.35100000000000003,2026-09-24T08:17:23.409155+00:00
5905,0.467,2026-09-24T08:17:23.411624+00:00
5906,0.444,2026-09-24T08:17:23.414028+00:00
5907,0.352,2026-09-24T08:17:23.416369+00:00
5908,0.518,2026-09-24T08:17:23.418878+00:00
5909,0.48700000000000004,2026-09-24T08:17:23.421326+00:00
5910,0.455,2026-09-24T08:17:23.423674+00:00
5911,0.541,2026-09-24T08:17:23.426108+00:00
5912,0.496,2026-09-24T08:17:23.428488+00:00
5913,1.034,2026-09-24T08:17:23.431394+00:00
5914,0.616,2026-09-24T08:17:23.433795+00:00
5915,0.598,2026-09-24T08:17:23.436380+00:00
5916,0.499,2026-09-24T08:17:23.438847+00:00
5917,0.5640000000000001,2026-09-24T08:17:23.441367+00:00
5918,0.414,2026-09-24T08:17:23.443715+00:00
5919,0.494,2026-09-24T08:17:23.446161+00:00
5920,0.494,2026-09-24T08:17:23.448586+00:00
5921,0.546,2026-09-24T08:17:23.451112+00:00
5922,0.465,2026-09-24T08:17:23.453515+00:00
5923,0.46599999999999997,2026-09-24T08:17:23.455888+00:00
5924,0.782,2026-09-24T08:17:23.458577+00:00
5925,0.6539999999999999,2026-09-24T08:17:23.461005+00:00
5926,0.5469999999999999,2026-09-24T08:17:23.463403+00:00
5927,0.544,2026-09-24T08:17:23.465832+00:00
5928,0.545,2026-09-24T08:17:23.468264+00:00
5929,0.678,2026-09-24T08:17:23.470784+00:00
5930,0.472,2026-09-24T08:17:23.473095+00:00
5931,0.574,2026-09-24T08:17:23.475545+00:00
5932,0.555,2026-09-24T08:17:23.477969+00:00
5933,0.402,2026-09-24T08:17:23.480227+00:00
5934,0.455,2026-09-24T08:17:23.482644+00:00
5935,0.422,2026-09-24T08:17:23.484998+00:00
5936,0.46,2026-09-24T08:17:23.487401+00:00
5937,0.6130000000000001,2026-09-24T08:17:23.489959+00:00
5938,0.46,2026-09-24T08:17:23.492197+00:00
5939,0.503,2026-09-24T08:17:23.494580+00:00
5940,0.48500000000000004,2026-09-24T08:17:23.496913+00:00
5941,0.392,2026-09-24T08:17:23.499174+00:00
5942,0.41100000000000003,2026-09-24T08:17:23.501518+00:00
5943,0.422,2026-09-24T08:17:23.503853+00:00
5944,0.6629999999999999,2026-09-24T08:17:23.506446+00:00
5945,0.745,2026-09-24T08:17:23.509054+00:00
5946,0.5760000000000001,2026-09-24T08:17:23.511572+00:00
5947,0.46900000000000003,2026-09-24T08:17:23.513973+00:00
5948,0.5,2026-09-24T08:17:23.516428+00:00
5949,0.474,2026-09-24T08:17:23.518797+00:00
5950,0.443,2026-09-24T08:17:23.521223+00:00
5951,0.536,2026-09-24T08:17:23.523702+00:00
5952,0.531,2026-09-24T08:17:23.526102+00:00
5953,0.589,2026-09-24T08:17:23.528584+00:00
5954,0.48899999999999993,2026-09-24T08:17:23.530981+00:00
5955,0.424,2026-09-24T08:17:23.533334+00:00
5956,0.5609999999999999,2026-09-24T08:17:23.535852+00:00
5957,0.47800000000000004,2026-09-24T08:17:23.538236+00:00
5958,0.444,2026-09-24T08:17:23.540580+00:00
5959,0.446,2026-09-24T08:17:23.542937+00:00
5960,0.412,2026-09-24T08:17:23.545251+00:00
5961,0.515,2026-09-24T08:17:23.547695+00:00
5962,0.41100000000000003,2026-09-24T08:17:23.549969+00:00
5963,0.585,2026-09-24T08:17:23.552477+00:00
5964,0.569,2026-09-24T08:17:23.554907+00:00
5965,0.501,2026-09-24T08:17:23.557226+00:00
5966,0.439,2026-09-24T08:17:23.559593+00:00
5967,0.48899999999999993,2026-09-24T08:17:23.562013+00:00
5968,0.457,2026-09-24T08:17:23.564370+00:00
5969,0.47300000000000003,2026-09-24T08:17:23.566755+00:00
5970,0.357,2026-09-24T08:17:23.569033+00:00
5971,0.39399999999999996,2026-09-24T08:17:23.571442+00:00
5972,0.382,2026-09-24T08:17:23.573819+00:00
5973,0.388,2026-09-24T08:17:23.576228+00:00
5974,0.388,2026-09-24T08:17:23.578595+00:00
5975,0.43,2026-09-24T08:17:23.581013+00:00
5976,0.632,2026-09-24T08:17:23.583666+00:00
5977,0.785,2026-09-24T08:17:23.586467+00:00
5978,0.439,2026-09-24T08:17:23.588818+00:00
5979,0.448,2026-09-24T08:17:23.591220+00:00
5980,0.517,2026-09-24T08:17:23.593677+00:00
5981,0.45199999999999996,2026-09-24T08:17:23.595976+00:00
5982,0.78,2026-09-24T08:17:23.598639+00:00
5983,0.47300000000000003,2026-09-24T08:17:23.600901+00:00
5984,0.47800000000000004,2026-09-24T08:17:23.603256+00:00
5985,0.638,2026-09-24T08:17:23.605754+00:00
5986,0.46900000000000003,2026-09-24T08:17:23.607969+00:00
5987,0.507,2026-09-24T08:17:23.610355+00:00
5988,0.474,2026-09-24T08:17:23.612675+00:00
5989,0.5339999999999999,2026-09-24T08:17:23.615086+00:00
5990,0.49700000000000005,2026-09-24T08:17:23.617408+00:00
5991,0.665,2026-09-24T08:17:23.619925+00:00
5992,0.623,2026-09-24T08:17:23.622260+00:00
5993,0.637,2026-09-24T08:17:23.624667+00:00
5994,0.53,2026-09-24T08:17:23.626894+00:00
5995,0.499,2026-09-24T08:17:23.629213+00:00
5996,0.526,2026-09-24T08:17:23.631577+00:00
5997,0.45399999999999996,2026-09-24T08:17:23.633887+00:00
5998,0.5339999999999999,2026-09-24T08:17:23.636343+00:00
5999,0.45399999999999996,2026-09-24T08:17:23.638652+00:00
6000,0.406,2026-09-24T08:17:23.640967+00:00
6001,0.453,2026-09-24T08:17:23.643359+00:00
6002,0.5289999999999999,2026-09-24T08:17:23.645804+00:00
6003,0.447,2026-09-24T08:17:23.648183+00:00
6004,0.444,2026-09-24T08:17:23.650545+00:00
6005,0.458,2026-09-24T08:17:23.652886+00:00
6006,0.449,2026-09-24T08:17:23.655234+00:00
6007,0.503,2026-09-24T08:17:23.657645+00:00
6008,0.484,2026-09-24T08:17:23.660041+00:00
6009,0.45199999999999996,2026-09-24T08:17:23.662427+00:00
6010,0.47800000000000004,2026-09-24T08:17:23.664816+00:00
6011,0.518,2026-09-24T08:17:23.667318+00:00
6012,0.51,2026-09-24T08:17:23.669802+00:00
6013,0.49799999999999994,2026-09-24T08:17:23.672244+00:00
6014,0.888,2026-09-24T08:17:23.675085+00:00
6015,0.912,2026-09-24T08:17:23.677801+00:00
6016,0.755,2026-09-24T08:17:23.680346+00:00
6017,0.514,2026-09-24T08:17:23.682626+00:00
6018,0.5289999999999999,2026-09-24T08:17:23.685048+00:00
6019,0.51,2026-09-24T08:17:23.687444+00:00
6020,0.6040000000000001,2026-09-24T08:17:23.689921+00:00
6021,0.429,2026-09-24T08:17:23.692227+00:00
6022,0.41,2026-09-24T08:17:23.694562+00:00
6023,0.443,2026-09-24T08:17:23.696874+00:00
6024,0.49200000000000005,2026-09-24T08:17:23.699270+00:00
6025,0.432,2026-09-24T08:17:23.701591+00:00
6026,0.425,2026-09-24T08:17:23.703926+00:00
6027,0.433,2026-09-24T08:17:23.706268+00:00
6028,0.537,2026-09-24T08:17:23.708709+00:00
6029,0.443,2026-09-24T08:17:23.711021+00:00
6030,0.352,2026-09-24T08:17:23.713337+00:00
6031,0.335,2026-09-24T08:17:23.715656+00:00
6032,0.373,2026-09-24T08:17:23.718031+00:00
6033,0.324,2026-09-24T08:17:23.720337+00:00
6034,0.347,2026-09-24T08:17:23.722695+00:00
6035,0.339,2026-09-24T08:17:23.725029+00:00
6036,0.399,2026-09-24T08:17:23.727433+00:00
6037,0.365,2026-09-24T08:17:23.729753+00:00
6038,0.348,2026-09-24T08:17:23.732084+00:00
6039,0.367,2026-09-24T08:17:23.734429+00:00
6040,0.57,2026-09-24T08:17:23.736967+00:00
6041,0.44,2026-09-24T08:17:23.739202+00:00
6042,0.433,2026-09-24T08:17:23.741535+00:00
6043,0.43,2026-09-24T08:17:23.743858+00:00
6044,0.486,2026-09-24T08:17:23.746240+00:00
6045,0.614,2026-09-24T08:17:23.748713+00:00
6046,0.474,2026-09-24T08:17:23.750922+00:00
6047,0.48899999999999993,2026-09-24T08:17:23.753284+00:00
6048,0.673,2026-09-24T08:17:23.755928+00:00
6049,0.499,2026-09-24T08:17:23.758444+00:00
6050,0.634,2026-09-24T08:17:23.760962+00:00
6051,0.66,2026-09-24T08:17:23.763486+00:00
6052,0.6859999999999999,2026-09-24T08:17:23.765994+00:00
6053,0.431,2026-09-24T08:17:23.768253+00:00
6054,0.505,2026-09-24T08:17:23.770686+00:00
6055,0.428,2026-09-24T08:17:23.773032+00:00
6056,0.429,2026-09-24T08:17:23.775395+00:00
6057,0.464,2026-09-24T08:17:23.777795+00:00
6058,0.425,2026-09-24T08:17:23.780189+00:00
6059,0.611,2026-09-24T08:17:23.782715+00:00
6060,0.723,2026-09-24T08:17:23.785253+00:00
6061,0.5519999999999999,2026-09-24T08:17:23.787529+00:00
6062,0.422,2026-09-24T08:17:23.789739+00:00
6063,0.40499999999999997,2026-09-24T08:17:23.792084+00:00
6064,0.416,2026-09-24T08:17:23.794427+00:00
6065,0.746,2026-09-24T08:17:23.797081+00:00
6066,0.45,2026-09-24T08:17:23.799424+00:00
6067,0.46099999999999997,2026-09-24T08:17:23.801787+00:00
6068,0.5810000000000001,2026-09-24T08:17:23.804260+00:00
6069,0.578,2026-09-24T08:17:23.806760+00:00
6070,0.508,2026-09-24T08:17:23.809262+00:00
6071,0.42700000000000005,2026-09-24T08:17:23.811690+00:00
6072,0.395,2026-09-24T08:17:23.814032+00:00
6073,0.565,2026-09-24T08:17:23.816556+00:00
6074,0.388,2026-09-24T08:17:23.818829+00:00
6075,0.36900000000000005,2026-09-24T08:17:23.821166+00:00
6076,0.5289999999999999,2026-09-24T08:17:23.823662+00:00
6077,0.376,2026-09-24T08:17:23.825952+00:00
6078,0.39599999999999996,2026-09-24T08:17:23.828302+00:00
6079,0.388,2026-09-24T08:17:23.830627+00:00
6080,0.516,2026-09-24T08:17:23.833089+00:00
6081,0.541,2026-09-24T08:17:23.835539+00:00
6082,0.421,2026-09-24T08:17:23.837854+00:00
6083,0.43,2026-09-24T08:17:23.840207+00:00
6084,0.75,2026-09-24T08:17:23.842894+00:00
6085,0.707,2026-09-24T08:17:23.845494+00:00
6086,0.5429999999999999,2026-09-24T08:17:23.847928+00:00
6087,0.47800000000000004,2026-09-24T08:17:23.850380+00:00
6088,0.945,2026-09-24T08:17:23.853330+00:00
6089,0.636,2026-09-24T08:17:23.855731+00:00
6090,0.51,2026-09-24T08:17:23.858038+00:00
6091,0.594,2026-09-24T08:17:23.860483+00:00
6092,0.5419999999999999,2026-09-24T08:17:23.862855+00:00
6093,0.588,2026-09-24T08:17:23.865332+00:00
6094,0.662,2026-09-24T08:17:23.867942+00:00
6095,0.504,2026-09-24T08:17:23.870257+00:00
6096,0.6629999999999999,2026-09-24T08:17:23.872855+00:00
6097,0.41100000000000003,2026-09-24T08:17:23.875171+00:00
6098,0.477,2026-09-24T08:17:23.877608+00:00
6099,0.68,2026-09-24T08:17:23.880250+00:00
6100,0.737,2026-09-24T08:17:23.882862+00:00
6101,1.03,2026-09-24T08:17:23.885664+00:00
6102,0.7,2026-09-24T08:17:23.887830+00:00
6103,0.8180000000000001,2026-09-24T08:17:23.890604+00:00
6104,0.9219999999999999,2026-09-24T08:17:23.893426+00:00
6105,0.763,2026-09-24T08:17:23.895988+00:00
6106,0.536,2026-09-24T08:17:23.898356+00:00
6107,0.94,2026-09-24T08:17:23.901222+00:00
6108,0.912,2026-09-24T08:17:23.904028+00:00
6109,1.109,2026-09-24T08:17:23.906913+00:00
6110,0.717,2026-09-24T08:17:23.909449+00:00
6111,0.451,2026-09-24T08:17:23.911767+00:00
6112,0.781,2026-09-24T08:17:23.914486+00:00
6113,0.722,2026-09-24T08:17:23.916977+00:00
6114,0.5820000000000001,2026-09-24T08:17:23.919491+00:00
6115,0.678,2026-09-24T08:17:23.922119+00:00
6116,0.8310000000000001,2026-09-24T08:17:23.924820+00:00
6117,0.9349999999999999,2026-09-24T08:17:23.927700+00:00
6118,0.857,2026-09-24T08:17:23.930470+00:00
6119,0.648,2026-09-24T08:17:23.932950+00:00
6120,0.808,2026-09-24T08:17:23.935647+00:00
6121,0.919,2026-09-24T08:17:23.938297+00:00
6122,0.522,2026-09-24T08:17:23.940576+00:00
6123,0.721,2026-09-24T08:17:23.943151+00:00
6124,0.569,2026-09-24T08:17:23.945511+00:00
6125,0.5509999999999999,2026-09-24T08:17:23.947894+00:00
6126,0.404,2026-09-24T08:17:23.950232+00:00
6127,0.379,2026-09-24T08:17:23.952603+00:00
6128,0.465,2026-09-24T08:17:23.955050+00:00
6129,0.429,2026-09-24T08:17:23.957402+00:00
6130,0.404,2026-09-24T08:17:23.959771+00:00
6131,0.519,2026-09-24T08:17:23.962243+00:00
6132,0.486,2026-09-24T08:17:23.964652+00:00
6133,0.46799999999999997,2026-09-24T08:17:23.967043+00:00
6134,0.39399999999999996,2026-09-24T08:17:23.969377+00:00
6135,0.384,2026-09-24T08:17:23.971733+00:00
6136,0.5680000000000001,2026-09-24T08:17:23.974273+00:00
6137,0.614,2026-09-24T08:17:23.976770+00:00
6138,0.40299999999999997,2026-09-24T08:17:23.979071+00:00
6139,0.533,2026-09-24T08:17:23.981549+00:00
6140,0.629,2026-09-24T08:17:23.984031+00:00
6141,0.907,2026-09-24T08:17:23.986749+00:00
6142,0.558,2026-09-24T08:17:23.989171+00:00
6143,0.574,2026-09-24T08:17:23.991681+00:00
6144,0.627,2026-09-24T08:17:23.994196+00:00
6145,0.531,2026-09-24T08:17:23.996608+00:00
6146,0.472,2026-09-24T08:17:23.998993+00:00
6147,0.558,2026-09-24T08:17:24.001455+00:00
6148,0.526,2026-09-24T08:17:24.003843+00:00
6149,0.5,2026-09-24T08:17:24.006217+00:00
6150,0.437,2026-09-24T08:17:24.008560+00:00
6151,0.429,2026-09-24T08:17:24.010852+00:00
6152,0.49700000000000005,2026-09-24T08:17:24.013269+00:00
6153,0.5379999999999999,2026-09-24T08:17:24.015667+00:00
6154,0.444,2026-09-24T08:17:24.017995+00:00
6155,0.5569999999999999,2026-09-24T08:17:24.020437+00:00
6156,0.9380000000000001,2026-09-24T08:17:24.023234+00:00
6157,0.519,2026-09-24T08:17:24.025222+00:00
6158,0.494,2026-09-24T08:17:24.027633+00:00
6159,0.458,2026-09-24T08:17:24.030009+00:00
6160,0.41800000000000004,2026-09-24T08:17:24.032366+00:00
6161,0.475,2026-09-24T08:17:24.034783+00:00
6162,0.429,2026-09-24T08:17:24.037122+00:00
6163,0.5,2026-09-24T08:17:24.039549+00:00
6164,0.5109999999999999,2026-09-24T08:17:24.041936+00:00
6165,0.46299999999999997,2026-09-24T08:17:24.044302+00:00
6166,0.44,2026-09-24T08:17:24.046657+00:00
6167,0.423,2026-09-24T08:17:24.049002+00:00
6168,0.416,2026-09-24T08:17:24.051342+00:00
6169,0.5199999999999999,2026-09-24T08:17:24.053789+00:00
6170,0.426,2026-09-24T08:17:24.056079+00:00
6171,0.6579999999999999,2026-09-24T08:17:24.058654+00:00
6172,0.484,2026-09-24T08:17:24.060907+00:00
6173,0.533,2026-09-24T08:17:24.063343+00:00
6174,0.643,2026-09-24T08:17:24.065869+00:00
6175,0.5199999999999999,2026-09-24T08:17:24.068248+00:00
6176,0.633,2026-09-24T08:17:24.070817+00:00
6177,0.456,2026-09-24T08:17:24.073133+00:00
6178,0.521,2026-09-24T08:17:24.075551+00:00
6179,0.554,2026-09-24T08:17:24.077977+00:00
6180,0.46,2026-09-24T08:17:24.080321+00:00
6181,0.5599999999999999,2026-09-24T08:17:24.082785+00:00
6182,0.638,2026-09-24T08:17:24.085311+00:00
6183,0.524,2026-09-24T08:17:24.087697+00:00
6184,0.565,2026-09-24T08:17:24.090118+00:00
6185,0.674,2026-09-24T08:17:24.092631+00:00
6186,0.611,2026-09-24T08:17:24.094955+00:00
6187,0.5569999999999999,2026-09-24T08:17:24.097366+00:00
6188,0.5559999999999999,2026-09-24T08:17:24.099779+00:00
6189,0.5469999999999999,2026-09-24T08:17:24.102178+00:00
6190,0.515,2026-09-24T08:17:24.104661+00:00
6191,0.49799999999999994,2026-09-24T08:17:24.107103+00:00
6192,0.434,2026-09-24T08:17:24.109501+00:00
6193,0.47300000000000003,2026-09-24T08:17:24.111896+00:00
6194,0.45,2026-09-24T08:17:24.114235+00:00
6195,0.483,2026-09-24T08:17:24.116629+00:00
6196,0.6629999999999999,2026-09-24T08:17:24.119307+00:00
6197,0.661,2026-09-24T08:17:24.121945+00:00
6198,0.609,2026-09-24T08:17:24.124452+00:00
6199,0.523,2026-09-24T08:17:24.126842+00:00
6200,0.5609999999999999,2026-09-24T08:17:24.129293+00:00
6201,0.727,2026-09-24T08:17:24.131912+00:00
6202,0.46299999999999997,2026-09-24T08:17:24.134012+00:00
6203,0.791,2026-09-24T08:17:24.136704+00:00
6204,0.49799999999999994,2026-09-24T08:17:24.138923+00:00
6205,0.45,2026-09-24T08:17:24.141339+00:00
6206,0.539,2026-09-24T08:17:24.143861+00:00
6207,0.41800000000000004,2026-09-24T08:17:24.146173+00:00
6208,0.5419999999999999,2026-09-24T08:17:24.148638+00:00
6209,0.6669999999999999,2026-09-24T08:17:24.151373+00:00
6210,0.7829999999999999,2026-09-24T08:17:24.154143+00:00
6211,0.6,2026-09-24T08:17:24.156574+00:00
6212,0.588,2026-09-24T08:17:24.159085+00:00
6213,0.67,2026-09-24T08:17:24.161655+00:00
6214,0.7020000000000001,2026-09-24T08:17:24.164203+00:00
6215,0.728,2026-09-24T08:17:24.166759+00:00
6216,0.647,2026-09-24T08:17:24.169273+00:00
6217,0.643,2026-09-24T08:17:24.171826+00:00
6218,0.716,2026-09-24T08:17:24.174380+00:00
6219,1.01,2026-09-24T08:17:24.177215+00:00
6220,1.019,2026-09-24T08:17:24.180090+00:00
6221,0.537,2026-09-24T08:17:24.182348+00:00
6222,0.5860000000000001,2026-09-24T08:17:24.184944+00:00
6223,0.505,2026-09-24T08:17:24.187344+00:00
6224,0.579,2026-09-24T08:17:24.189841+00:00
6225,0.449,2026-09-24T08:17:24.192193+00:00
6226,0.433,2026-09-24T08:17:24.194535+00:00
6227,0.441,2026-09-24T08:17:24.196869+00:00
6228,0.456,2026-09-24T08:17:24.199275+00:00
6229,0.435,2026-09-24T08:17:24.201619+00:00
6230,0.467,2026-09-24T08:17:24.204002+00:00
6231,0.46099999999999997,2026-09-24T08:17:24.206337+00:00
6232,0.48700000000000004,2026-09-24T08:17:24.208726+00:00
6233,0.453,2026-09-24T08:17:24.211082+00:00
6234,0.464,2026-09-24T08:17:24.213434+00:00
6235,0.42000000000000004,2026-09-24T08:17:24.215733+00:00
6236,0.477,2026-09-24T08:17:24.218142+00:00
6237,0.47,2026-09-24T08:17:24.220493+00:00
6238,0.48000000000000004,2026-09-24T08:17:24.222834+00:00
6239,0.503,2026-09-24T08:17:24.225213+00:00
6240,0.494,2026-09-24T08:17:24.227548+00:00
6241,0.559,2026-09-24T08:17:24.229968+00:00
6242,0.47100000000000003,2026-09-24T08:17:24.232290+00:00
6243,0.47100000000000003,2026-09-24T08:17:24.234633+00:00
6244,0.506,2026-09-24T08:17:24.237022+00:00
6245,0.479,2026-09-24T08:17:24.239352+00:00
6246,0.516,2026-09-24T08:17:24.241728+00:00
6247,0.541,2026-09-24T08:17:24.244100+00:00
6248,0.518,2026-09-24T08:17:24.246433+00:00
6249,0.531,2026-09-24T08:17:24.248794+00:00
6250,0.502,2026-09-24T08:17:24.251133+00:00
6251,0.504,2026-09-24T08:17:24.253477+00:00
6252,0.5429999999999999,2026-09-24T08:17:24.255857+00:00
6253,0.388,2026-09-24T08:17:24.258079+00:00
6254,0.532,2026-09-24T08:17:24.260568+00:00
6255,0.444,2026-09-24T08:17:24.262805+00:00
6256,0.434,2026-09-24T08:17:24.265152+00:00
6257,0.501,2026-09-24T08:17:24.267564+00:00
6258,0.439,2026-09-24T08:17:24.269848+00:00
6259,0.443,2026-09-24T08:17:24.272200+00:00
6260,0.467,2026-09-24T08:17:24.274564+00:00
6261,0.43600000000000005,2026-09-24T08:17:24.276858+00:00
6262,0.439,2026-09-24T08:17:24.279199+00:00
6263,0.47,2026-09-24T08:17:24.281563+00:00
6264,0.448,2026-09-24T08:17:24.283870+00:00
6265,0.46900000000000003,2026-09-24T08:17:24.286234+00:00
6266,0.45,2026-09-24T08:17:24.288568+00:00
6267,0.447,2026-09-24T08:17:24.290875+00:00
6268,0.462,2026-09-24T08:17:24.293229+00:00
6269,0.508,2026-09-24T08:17:24.295646+00:00
6270,0.483,2026-09-24T08:17:24.297992+00:00
6271,0.524,2026-09-24T08:17:24.300375+00:00
6272,0.633,2026-09-24T08:17:24.302842+00:00
6273,0.619,2026-09-24T08:17:24.305311+00:00
6274,0.537,2026-09-24T08:17:24.307712+00:00
6275,0.559,2026-09-24T08:17:24.310169+00:00
6276,0.517,2026-09-24T08:17:24.312555+00:00
6277,0.484,2026-09-24T08:17:24.314889+00:00
6278,0.54,2026-09-24T08:17:24.317287+00:00
6279,0.671,2026-09-24T08:17:24.319757+00:00
6280,0.5910000000000001,2026-09-24T08:17:24.322099+00:00
6281,0.584,2026-09-24T08:17:24.324503+00:00
6282,0.5630000000000001,2026-09-24T08:17:24.326865+00:00
6283,0.594,2026-09-24T08:17:24.329309+00:00
6284,0.5479999999999999,2026-09-24T08:17:24.331700+00:00
6285,0.462,2026-09-24T08:17:24.333974+00:00
6286,0.40499999999999997,2026-09-24T08:17:24.336319+00:00
6287,0.451,2026-09-24T08:17:24.338727+00:00
6288,0.48899999999999993,2026-09-24T08:17:24.341160+00:00
6289,0.472,2026-09-24T08:17:24.343567+00:00
6290,0.633,2026-09-24T08:17:24.346118+00:00
6291,0.5509999999999999,2026-09-24T08:17:24.348541+00:00
6292,0.5770000000000001,2026-09-24T08:17:24.351090+00:00
6293,0.517,2026-09-24T08:17:24.353647+00:00
6294,0.481,2026-09-24T08:17:24.356140+00:00
6295,0.42000000000000004,2026-09-24T08:17:24.358563+00:00
6296,0.743,2026-09-24T08:17:24.361322+00:00
6297,0.633,2026-09-24T08:17:24.363704+00:00
6298,0.61,2026-09-24T08:17:24.366188+00:00
6299,0.501,2026-09-24T08:17:24.368547+00:00
6300,0.535,2026-09-24T08:17:24.370961+00:00
6301,0.506,2026-09-24T08:17:24.373359+00:00
6302,0.6579999999999999,2026-09-24T08:17:24.375913+00:00
6303,0.562,2026-09-24T08:17:24.378251+00:00
6304,0.571,2026-09-24T08:17:24.380680+00:00
6305,0.578,2026-09-24T08:17:24.383122+00:00
6306,0.919,2026-09-24T08:17:24.385884+00:00
6307,0.559,2026-09-24T08:17:24.388285+00:00
6308,0.592,2026-09-24T08:17:24.390692+00:00
6309,0.656,2026-09-24T08:17:24.393163+00:00
6310,0.853,2026-09-24T08:17:24.395820+00:00
6311,0.75,2026-09-24T08:17:24.398321+00:00
6312,0.915,2026-09-24T08:17:24.400984+00:00
6313,0.704,2026-09-24T08:17:24.403384+00:00
6314,0.5670000000000001,2026-09-24T08:17:24.405687+00:00
6315,0.742,2026-09-24T08:17:24.408250+00:00
6316,0.554,2026-09-24T08:17:24.410570+00:00
6317,0.532,2026-09-24T08:17:24.412932+00:00
6318,0.41100000000000003,2026-09-24T08:17:24.415251+00:00
6319,0.46299999999999997,2026-09-24T08:17:24.417658+00:00
6320,0.536,2026-09-24T08:17:24.420150+00:00
6321,0.48500000000000004,2026-09-24T08:17:24.422564+00:00
6322,0.431,2026-09-24T08:17:24.424855+00:00
6323,0.451,2026-09-24T08:17:24.427249+00:00
6324,0.64,2026-09-24T08:17:24.429802+00:00
6325,0.721,2026-09-24T08:17:24.432439+00:00
6326,0.559,2026-09-24T08:17:24.434811+00:00
6327,0.615,2026-09-24T08:17:24.437293+00:00
6328,0.6890000000000001,2026-09-24T08:17:24.439873+00:00
6329,0.623,2026-09-24T08:17:24.442350+00:00
6330,0.525,2026-09-24T08:17:24.444710+00:00
6331,0.565,2026-09-24T08:17:24.447144+00:00
6332,0.721,2026-09-24T08:17:24.449764+00:00
6333,0.6589999999999999,2026-09-24T08:17:24.452274+00:00
6334,0.539,2026-09-24T08:17:24.454696+00:00
6335,0.5469999999999999,2026-09-24T08:17:24.457208+00:00
6336,0.751,2026-09-24T08:17:24.459877+00:00
6337,0.696,2026-09-24T08:17:24.462383+00:00
6338,0.638,2026-09-24T08:17:24.464908+00:00
6339,0.647,2026-09-24T08:17:24.467408+00:00
6340,0.5760000000000001,2026-09-24T08:17:24.469881+00:00
6341,0.592,2026-09-24T08:17:24.472315+00:00
6342,0.7060000000000001,2026-09-24T08:17:24.474820+00:00
6343,0.7879999999999999,2026-09-24T08:17:24.477356+00:00
6344,0.6920000000000001,2026-09-24T08:17:24.479873+00:00
6345,0.648,2026-09-24T08:17:24.482366+00:00
6346,0.733,2026-09-24T08:17:24.484977+00:00
6347,0.6679999999999999,2026-09-24T08:17:24.487506+00:00
6348,0.46,2026-09-24T08:17:24.489807+00:00
6349,0.533,2026-09-24T08:17:24.492241+00:00
6350,0.46799999999999997,2026-09-24T08:17:24.494654+00:00
6351,0.49200000000000005,2026-09-24T08:17:24.497104+00:00
6352,0.8170000000000001,2026-09-24T08:17:24.499919+00:00
6353,0.666,2026-09-24T08:17:24.502481+00:00
6354,0.656,2026-09-24T08:17:24.505061+00:00
6355,0.626,2026-09-24T08:17:24.507548+00:00
6356,0.587,2026-09-24T08:17:24.510012+00:00
6357,0.851,2026-09-24T08:17:24.512740+00:00
6358,1.078,2026-09-24T08:17:24.515793+00:00
6359,0.721,2026-09-24T08:17:24.518355+00:00
6360,0.6890000000000001,2026-09-24T08:17:24.520916+00:00
6361,0.741,2026-09-24T08:17:24.523535+00:00
6362,0.495,2026-09-24T08:17:24.525903+00:00
6363,0.639,2026-09-24T08:17:24.528468+00:00
6364,0.5109999999999999,2026-09-24T08:17:24.530798+00:00
6365,0.484,2026-09-24T08:17:24.533182+00:00
6366,0.443,2026-09-24T08:17:24.535565+00:00
6367,0.42000000000000004,2026-09-24T08:17:24.537851+00:00
6368,0.623,2026-09-24T08:17:24.540385+00:00
6369,0.449,2026-09-24T08:17:24.542671+00:00
6370,0.40700000000000003,2026-09-24T08:17:24.544994+00:00
6371,0.507,2026-09-24T08:17:24.547424+00:00
6372,0.46799999999999997,2026-09-24T08:17:24.549767+00:00
6373,0.423,2026-09-24T08:17:24.552105+00:00
6374,0.467,2026-09-24T08:17:24.554490+00:00
6375,0.428,2026-09-24T08:17:24.556799+00:00
6376,0.412,2026-09-24T08:17:24.559131+00:00
6377,0.488,2026-09-24T08:17:24.561545+00:00
6378,0.44,2026-09-24T08:17:24.563872+00:00
6379,0.519,2026-09-24T08:17:24.566294+00:00
6380,0.597,2026-09-24T08:17:24.568751+00:00
6381,0.53,2026-09-24T08:17:24.571234+00:00
6382,0.531,2026-09-24T08:17:24.573803+00:00
6383,0.448,2026-09-24T08:17:24.576261+00:00
6384,0.392,2026-09-24T08:17:24.578643+00:00
6385,0.41100000000000003,2026-09-24T08:17:24.581038+00:00
6386,0.39399999999999996,2026-09-24T08:17:24.583399+00:00
6387,0.433,2026-09-24T08:17:24.585815+00:00
6388,0.40299999999999997,2026-09-24T08:17:24.588167+00:00
6389,0.40499999999999997,2026-09-24T08:17:24.590530+00:00
6390,0.393,2026-09-24T08:17:24.592883+00:00
6391,0.375,2026-09-24T08:17:24.595244+00:00
6392,0.383,2026-09-24T08:17:24.597589+00:00
6393,0.448,2026-09-24T08:17:24.600005+00:00
6394,0.474,2026-09-24T08:17:24.602395+00:00
6395,0.395,2026-09-24T08:17:24.604913+00:00
6396,0.65,2026-09-24T08:17:24.607536+00:00
6397,0.39,2026-09-24T08:17:24.609781+00:00
6398,0.46,2026-09-24T08:17:24.612219+00:00
6399,0.481,2026-09-24T08:17:24.614651+00:00
6400,0.513,2026-09-24T08:17:24.617097+00:00
6401,0.428,2026-09-24T08:17:24.619446+00:00
6402,0.5820000000000001,2026-09-24T08:17:24.621930+00:00
6403,0.5109999999999999,2026-09-24T08:17:24.624391+00:00
6404,0.5609999999999999,2026-09-24T08:17:24.626870+00:00
6405,0.515,2026-09-24T08:17:24.629253+00:00
6406,0.528,2026-09-24T08:17:24.631685+00:00
6407,0.503,2026-09-24T08:17:24.634080+00:00
6408,0.5680000000000001,2026-09-24T08:17:24.636558+00:00
6409,0.5599999999999999,2026-09-24T08:17:24.638983+00:00
6410,0.565,2026-09-24T08:17:24.641513+00:00
6411,0.484,2026-09-24T08:17:24.643915+00:00
6412,0.559,2026-09-24T08:17:24.646381+00:00
6413,0.43,2026-09-24T08:17:24.648637+00:00
6414,0.41800000000000004,2026-09-24T08:17:24.651119+00:00
6415,0.571,2026-09-24T08:17:24.653684+00:00
6416,0.5559999999999999,2026-09-24T08:17:24.656217+00:00
6417,0.5670000000000001,2026-09-24T08:17:24.658821+00:00
6418,0.61,2026-09-24T08:17:24.661349+00:00
6419,0.634,2026-09-24T08:17:24.663894+00:00
6420,0.5670000000000001,2026-09-24T08:17:24.666381+00:00
6421,0.69,2026-09-24T08:17:24.668978+00:00
6422,0.6,2026-09-24T08:17:24.671472+00:00
6423,0.55,2026-09-24T08:17:24.673948+00:00
6424,0.823,2026-09-24T08:17:24.676736+00:00
6425,0.873,2026-09-24T08:17:24.679295+00:00
6426,0.819,2026-09-24T08:17:24.681815+00:00
6427,0.46299999999999997,2026-09-24T08:17:24.683892+00:00
6428,0.5379999999999999,2026-09-24T08:17:24.686362+00:00
6429,0.47300000000000003,2026-09-24T08:17:24.688723+00:00
6430,0.482,2026-09-24T08:17:24.691174+00:00
6431,0.521,2026-09-24T08:17:24.693638+00:00
6432,0.486,2026-09-24T08:17:24.696011+00:00
6433,0.633,2026-09-24T08:17:24.698598+00:00
6434,0.5419999999999999,2026-09-24T08:17:24.700928+00:00
6435,0.516,2026-09-24T08:17:24.703347+00:00
6436,0.515,2026-09-24T08:17:24.705792+00:00
6437,0.661,2026-09-24T08:17:24.708395+00:00
6438,0.559,2026-09-24T08:17:24.710723+00:00
6439,0.578,2026-09-24T08:17:24.713189+00:00
6440,0.519,2026-09-24T08:17:24.715559+00:00
6441,0.47100000000000003,2026-09-24T08:17:24.717905+00:00
6442,0.46900000000000003,2026-09-24T08:17:24.720292+00:00
6443,0.583,2026-09-24T08:17:24.722788+00:00
6444,0.519,2026-09-24T08:17:24.725254+00:00
6445,0.46,2026-09-24T08:17:24.727628+00:00
6446,0.41800000000000004,2026-09-24T08:17:24.730050+00:00
6447,0.41100000000000003,2026-09-24T08:17:24.732478+00:00
6448,0.446,2026-09-24T08:17:24.734874+00:00
6449,0.398,2026-09-24T08:17:24.737276+00:00
6450,0.379,2026-09-24T08:17:24.739637+00:00
6451,0.448,2026-09-24T08:17:24.742095+00:00
6452,0.545,2026-09-24T08:17:24.744577+00:00
6453,0.46799999999999997,2026-09-24T08:17:24.746896+00:00
6454,0.527,2026-09-24T08:17:24.749331+00:00
6455,0.5599999999999999,2026-09-24T08:17:24.751805+00:00
6456,0.501,2026-09-24T08:17:24.754141+00:00
6457,0.49799999999999994,2026-09-24T08:17:24.756544+00:00
6458,0.46599999999999997,2026-09-24T08:17:24.758892+00:00
6459,0.458,2026-09-24T08:17:24.761259+00:00
6460,0.5469999999999999,2026-09-24T08:17:24.763711+00:00
6461,0.494,2026-09-24T08:17:24.766094+00:00
6462,0.503,2026-09-24T08:17:24.768482+00:00
6463,0.619,2026-09-24T08:17:24.770965+00:00
6464,0.643,2026-09-24T08:17:24.773434+00:00
6465,0.43,2026-09-24T08:17:24.775734+00:00
6466,0.7240000000000001,2026-09-24T08:17:24.778405+00:00
6467,0.6489999999999999,2026-09-24T08:17:24.780893+00:00
6468,0.449,2026-09-24T08:17:24.783199+00:00
6469,0.495,2026-09-24T08:17:24.785626+00:00
6470,0.458,2026-09-24T08:17:24.788007+00:00
6471,0.415,2026-09-24T08:17:24.790327+00:00
6472,0.437,2026-09-24T08:17:24.792708+00:00
6473,0.451,2026-09-24T08:17:24.795096+00:00
6474,0.761,2026-09-24T08:17:24.797775+00:00
6475,0.5860000000000001,2026-09-24T08:17:24.800016+00:00
6476,0.583,2026-09-24T08:17:24.802488+00:00
6477,0.673,2026-09-24T08:17:24.805035+00:00
6478,0.47800000000000004,2026-09-24T08:17:24.807513+00:00
6479,0.501,2026-09-24T08:17:24.809993+00:00
6480,0.736,2026-09-24T08:17:24.812711+00:00
6481,0.64,2026-09-24T08:17:24.815225+00:00
6482,0.578,2026-09-24T08:17:24.817660+00:00
6483,0.505,2026-09-24T08:17:24.820105+00:00
6484,0.5569999999999999,2026-09-24T08:17:24.822624+00:00
6485,0.514,2026-09-24T08:17:24.825052+00:00
6486,0.616,2026-09-24T08:17:24.827615+00:00
6487,0.58,2026-09-24T08:17:24.830103+00:00
6488,0.549,2026-09-24T08:17:24.832514+00:00
6489,0.526,2026-09-24T08:17:24.834933+00:00
6490,0.481,2026-09-24T08:17:24.837319+00:00
6491,0.47600000000000003,2026-09-24T08:17:24.839786+00:00
6492,0.44499999999999995,2026-09-24T08:17:24.842232+00:00
6493,0.441,2026-09-24T08:17:24.844673+00:00
6494,0.428,2026-09-24T08:17:24.847120+00:00
6495,0.559,2026-09-24T08:17:24.849692+00:00
6496,0.554,2026-09-24T08:17:24.852227+00:00
6497,0.5519999999999999,2026-09-24T08:17:24.854743+00:00
6498,0.44,2026-09-24T08:17:24.857033+00:00
6499,0.5599999999999999,2026-09-24T08:17:24.859578+00:00
6500,0.647,2026-09-24T08:17:24.862193+00:00
6501,0.49200000000000005,2026-09-24T08:17:24.864613+00:00
6502,0.509,2026-09-24T08:17:24.867098+00:00
6503,0.519,2026-09-24T08:17:24.869556+00:00
6504,0.5429999999999999,2026-09-24T08:17:24.872106+00:00
6505,0.673,2026-09-24T08:17:24.874829+00:00
6506,0.79,2026-09-24T08:17:24.877586+00:00
6507,0.648,2026-09-24T08:17:24.879967+00:00
6508,0.593,2026-09-24T08:17:24.882378+00:00
6509,0.484,2026-09-24T08:17:24.884675+00:00
6510,0.6589999999999999,2026-09-24T08:17:24.887330+00:00
6511,0.594,2026-09-24T08:17:24.889895+00:00
6512,0.684,2026-09-24T08:17:24.892562+00:00
6513,0.643,2026-09-24T08:17:24.895117+00:00
6514,0.767,2026-09-24T08:17:24.897831+00:00
6515,0.486,2026-09-24T08:17:24.900210+00:00
6516,0.618,2026-09-24T08:17:24.902804+00:00
6517,0.723,2026-09-24T08:17:24.905462+00:00
6518,0.619,2026-09-24T08:17:24.907890+00:00
6519,0.5640000000000001,2026-09-24T08:17:24.910311+00:00
6520,0.48899999999999993,2026-09-24T08:17:24.912702+00:00
6521,0.745,2026-09-24T08:17:24.915371+00:00
6522,0.559,2026-09-24T08:17:24.917743+00:00
6523,0.491,2026-09-24T08:17:24.920124+00:00
6524,0.47300000000000003,2026-09-24T08:17:24.922476+00:00
6525,0.598,2026-09-24T08:17:24.924963+00:00
6526,0.544,2026-09-24T08:17:24.927327+00:00
6527,0.759,2026-09-24T08:17:24.929969+00:00
6528,0.855,2026-09-24T08:17:24.932684+00:00
6529,0.622,2026-09-24T08:17:24.935369+00:00
6530,0.609,2026-09-24T08:17:24.937935+00:00
6531,0.615,2026-09-24T08:17:24.940350+00:00
6532,0.453,2026-09-24T08:17:24.942573+00:00
6533,0.40499999999999997,2026-09-24T08:17:24.944880+00:00
6534,0.41300000000000003,2026-09-24T08:17:24.947242+00:00
6535,0.644,2026-09-24T08:17:24.949895+00:00
6536,0.64,2026-09-24T08:17:24.952527+00:00
6537,0.456,2026-09-24T08:17:24.954851+00:00
6538,0.49200000000000005,2026-09-24T08:17:24.957271+00:00
6539,0.474,2026-09-24T08:17:24.959628+00:00
6540,0.465,2026-09-24T08:17:24.961979+00:00
6541,0.41300000000000003,2026-09-24T08:17:24.964275+00:00
6542,0.40900000000000003,2026-09-24T08:17:24.966645+00:00
6543,0.508,2026-09-24T08:17:24.969092+00:00
6544,0.5289999999999999,2026-09-24T08:17:24.971572+00:00
6545,0.402,2026-09-24T08:17:24.973890+00:00
6546,0.486,2026-09-24T08:17:24.976324+00:00
6547,0.579,2026-09-24T08:17:24.978822+00:00
6548,0.4,2026-09-24T08:17:24.981018+00:00
6549,0.415,2026-09-24T08:17:24.983380+00:00
6550,0.417,2026-09-24T08:17:24.985747+00:00
6551,0.45399999999999996,2026-09-24T08:17:24.988144+00:00
6552,0.623,2026-09-24T08:17:24.990725+00:00
6553,0.431,2026-09-24T08:17:24.992989+00:00
6554,0.526,2026-09-24T08:17:24.995438+00:00
6555,0.598,2026-09-24T08:17:24.997919+00:00
6556,0.528,2026-09-24T08:17:25.000368+00:00
6557,0.513,2026-09-24T08:17:25.002770+00:00
6558,0.449,2026-09-24T08:17:25.005151+00:00
6559,0.597,2026-09-24T08:17:25.007744+00:00
6560,0.5640000000000001,2026-09-24T08:17:25.010218+00:00
6561,0.41300000000000003,2026-09-24T08:17:25.012537+00:00
6562,0.46,2026-09-24T08:17:25.014888+00:00
6563,0.5429999999999999,2026-09-24T08:17:25.017371+00:00
6564,0.5109999999999999,2026-09-24T08:17:25.019728+00:00
6565,0.569,2026-09-24T08:17:25.022150+00:00
6566,0.8360000000000001,2026-09-24T08:17:25.024851+00:00
6567,0.866,2026-09-24T08:17:25.027514+00:00
6568,0.618,2026-09-24T08:17:25.029947+00:00
6569,0.6920000000000001,2026-09-24T08:17:25.032509+00:00
6570,0.615,2026-09-24T08:17:25.034970+00:00
6571,0.803,2026-09-24T08:17:25.037667+00:00
6572,0.8109999999999999,2026-09-24T08:17:25.040330+00:00
6573,0.632,2026-09-24T08:17:25.042830+00:00
6574,0.635,2026-09-24T08:17:25.045457+00:00
6575,0.494,2026-09-24T08:17:25.047903+00:00
6576,0.546,2026-09-24T08:17:25.050408+00:00
6577,0.592,2026-09-24T08:17:25.052955+00:00
6578,0.627,2026-09-24T08:17:25.055510+00:00
6579,0.609,2026-09-24T08:17:25.058025+00:00
6580,0.45899999999999996,2026-09-24T08:17:25.060430+00:00
6581,0.438,2026-09-24T08:17:25.062811+00:00
6582,0.764,2026-09-24T08:17:25.065541+00:00
6583,0.6130000000000001,2026-09-24T08:17:25.067956+00:00
6584,0.777,2026-09-24T08:17:25.070679+00:00
6585,0.907,2026-09-24T08:17:25.073354+00:00
6586,1.054,2026-09-24T08:17:25.076296+00:00
6587,0.852,2026-09-24T08:17:25.079049+00:00
6588,0.7929999999999999,2026-09-24T08:17:25.081773+00:00
6589,0.721,2026-09-24T08:17:25.084310+00:00
6590,0.555,2026-09-24T08:17:25.086607+00:00
6591,0.569,2026-09-24T08:17:25.088992+00:00
6592,0.856,2026-09-24T08:17:25.091737+00:00
6593,0.842,2026-09-24T08:17:25.094407+00:00
6594,0.678,2026-09-24T08:17:25.096938+00:00
6595,0.736,2026-09-24T08:17:25.099525+00:00
6596,0.886,2026-09-24T08:17:25.102223+00:00
6597,0.733,2026-09-24T08:17:25.104855+00:00
6598,0.725,2026-09-24T08:17:25.107459+00:00
6599,0.634,2026-09-24T08:17:25.109902+00:00
6600,0.628,2026-09-24T08:17:25.112350+00:00
6601,0.638,2026-09-24T08:17:25.114802+00:00
6602,0.46599999999999997,2026-09-24T08:17:25.117082+00:00
6603,0.5559999999999999,2026-09-24T08:17:25.119522+00:00
6604,0.541,2026-09-24T08:17:25.121854+00:00
6605,0.40299999999999997,2026-09-24T08:17:25.124103+00:00
6606,0.416,2026-09-24T08:17:25.126482+00:00
6607,0.384,2026-09-24T08:17:25.128807+00:00
6608,0.377,2026-09-24T08:17:25.131144+00:00
6609,0.433,2026-09-24T08:17:25.133547+00:00
6610,0.391,2026-09-24T08:17:25.135815+00:00
6611,0.36900000000000005,2026-09-24T08:17:25.138144+00:00
6612,0.41300000000000003,2026-09-24T08:17:25.140512+00:00
6613,0.438,2026-09-24T08:17:25.142864+00:00
6614,0.392,2026-09-24T08:17:25.145202+00:00
6615,0.6579999999999999,2026-09-24T08:17:25.147803+00:00
6616,0.38499999999999995,2026-09-24T08:17:25.150067+00:00
6617,0.44499999999999995,2026-09-24T08:17:25.152458+00:00
6618,0.446,2026-09-24T08:17:25.154809+00:00
6619,0.412,2026-09-24T08:17:25.157131+00:00
6620,0.519,2026-09-24T08:17:25.159574+00:00
6621,0.5479999999999999,2026-09-24T08:17:25.161972+00:00
6622,0.679,2026-09-24T08:17:25.164637+00:00
6623,0.554,2026-09-24T08:17:25.167071+00:00
6624,0.653,2026-09-24T08:17:25.169706+00:00
6625,0.642,2026-09-24T08:17:25.172125+00:00
6626,0.6589999999999999,2026-09-24T08:17:25.174626+00:00
6627,0.847,2026-09-24T08:17:25.177370+00:00
6628,0.727,2026-09-24T08:17:25.179857+00:00
6629,0.948,2026-09-24T08:17:25.182632+00:00
6630,0.9990000000000001,2026-09-24T08:17:25.185323+00:00
6631,0.778,2026-09-24T08:17:25.187885+00:00
6632,0.7,2026-09-24T08:17:25.190432+00:00
6633,0.656,2026-09-24T08:17:25.192931+00:00
6634,0.6920000000000001,2026-09-24T08:17:25.195478+00:00
6635,0.525,2026-09-24T08:17:25.197885+00:00
6636,0.748,2026-09-24T08:17:25.200580+00:00
6637,0.723,2026-09-24T08:17:25.203114+00:00
6638,0.684,2026-09-24T08:17:25.205749+00:00
6639,0.652,2026-09-24T08:17:25.208311+00:00
6640,0.558,2026-09-24T08:17:25.210845+00:00
6641,0.747,2026-09-24T08:17:25.213642+00:00
6642,0.594,2026-09-24T08:17:25.216330+00:00
6643,0.583,2026-09-24T08:17:25.218929+00:00
6644,0.632,2026-09-24T08:17:25.221675+00:00
6645,0.805,2026-09-24T08:17:25.224444+00:00
6646,0.521,2026-09-24T08:17:25.226775+00:00
6647,0.61,2026-09-24T08:17:25.229322+00:00
6648,0.5609999999999999,2026-09-24T08:17:25.231803+00:00
6649,0.662,2026-09-24T08:17:25.234446+00:00
6650,0.55,2026-09-24T08:17:25.236833+00:00
6651,0.503,2026-09-24T08:17:25.239293+00:00
6652,0.5900000000000001,2026-09-24T08:17:25.241870+00:00
6653,0.598,2026-09-24T08:17:25.244438+00:00
6654,0.477,2026-09-24T08:17:25.246821+00:00
6655,0.46,2026-09-24T08:17:25.249233+00:00
6656,0.565,2026-09-24T08:17:25.251718+00:00
6657,0.588,2026-09-24T08:17:25.254241+00:00
6658,0.565,2026-09-24T08:17:25.256685+00:00
6659,0.537,2026-09-24T08:17:25.259095+00:00
6660,0.62,2026-09-24T08:17:25.261670+00:00
6661,0.5630000000000001,2026-09-24T08:17:25.264110+00:00
6662,0.647,2026-09-24T08:17:25.266725+00:00
6663,0.636,2026-09-24T08:17:25.269223+00:00
6664,0.5720000000000001,2026-09-24T08:17:25.271677+00:00
6665,0.73,2026-09-24T08:17:25.274365+00:00
6666,0.799,2026-09-24T08:17:25.276932+00:00
6667,0.656,2026-09-24T08:17:25.279427+00:00
6668,0.719,2026-09-24T08:17:25.282005+00:00
6669,0.6809999999999999,2026-09-24T08:17:25.284549+00:00
6670,0.502,2026-09-24T08:17:25.286930+00:00
6671,0.5339999999999999,2026-09-24T08:17:25.289334+00:00
6672,0.631,2026-09-24T08:17:25.291830+00:00
6673,0.636,2026-09-24T08:17:25.294317+00:00
6674,0.5820000000000001,2026-09-24T08:17:25.296725+00:00
6675,0.5599999999999999,2026-09-24T08:17:25.299146+00:00
6676,0.5289999999999999,2026-09-24T08:17:25.301533+00:00
6677,0.597,2026-09-24T08:17:25.303961+00:00
6678,0.523,2026-09-24T08:17:25.306309+00:00
6679,0.533,2026-09-24T08:17:25.308694+00:00
6680,0.7290000000000001,2026-09-24T08:17:25.311276+00:00
6681,0.656,2026-09-24T08:17:25.313699+00:00
6682,0.554,2026-09-24T08:17:25.316074+00:00
6683,0.5900000000000001,2026-09-24T08:17:25.318593+00:00
6684,0.61,2026-09-24T08:17:25.321122+00:00
6685,0.519,2026-09-24T08:17:25.323515+00:00
6686,0.496,2026-09-24T08:17:25.325883+00:00
6687,0.424,2026-09-24T08:17:25.328224+00:00
6688,0.612,2026-09-24T08:17:25.330750+00:00
6689,0.532,2026-09-24T08:17:25.333061+00:00
6690,0.5519999999999999,2026-09-24T08:17:25.335477+00:00
6691,0.5599999999999999,2026-09-24T08:17:25.337892+00:00
6692,0.46799999999999997,2026-09-24T08:17:25.340272+00:00
6693,0.5950000000000001,2026-09-24T08:17:25.342756+00:00
6694,0.506,2026-09-24T08:17:25.345188+00:00
6695,0.632,2026-09-24T08:17:25.347719+00:00
6696,0.48899999999999993,2026-09-24T08:17:25.349913+00:00
6697,0.57,2026-09-24T08:17:25.352343+00:00
6698,0.528,2026-09-24T08:17:25.354674+00:00
6699,0.46900000000000003,2026-09-24T08:17:25.357033+00:00
6700,0.5109999999999999,2026-09-24T08:17:25.359404+00:00
6701,0.429,2026-09-24T08:17:25.361655+00:00
6702,0.39399999999999996,2026-09-24T08:17:25.363989+00:00
6703,0.383,2026-09-24T08:17:25.366326+00:00
6704,0.46,2026-09-24T08:17:25.368732+00:00
6705,0.397,2026-09-24T08:17:25.371062+00:00
6706,0.585,2026-09-24T08:17:25.373586+00:00
6707,0.5820000000000001,2026-09-24T08:17:25.376115+00:00
6708,0.673,2026-09-24T08:17:25.378719+00:00
6709,0.6849999999999999,2026-09-24T08:17:25.381283+00:00
6710,0.495,2026-09-24T08:17:25.383648+00:00
6711,0.513,2026-09-24T08:17:25.386081+00:00
6712,0.5720000000000001,2026-09-24T08:17:25.388616+00:00
6713,0.583,2026-09-24T08:17:25.391203+00:00
6714,0.47100000000000003,2026-09-24T08:17:25.393601+00:00
6715,0.446,2026-09-24T08:17:25.395968+00:00
6716,0.49,2026-09-24T08:17:25.398447+00:00
6717,0.632,2026-09-24T08:17:25.400996+00:00
6718,0.589,2026-09-24T08:17:25.403439+00:00
6719,0.49700000000000005,2026-09-24T08:17:25.405808+00:00
6720,0.517,2026-09-24T08:17:25.408257+00:00
6721,0.465,2026-09-24T08:17:25.410615+00:00
6722,0.441,2026-09-24T08:17:25.412949+00:00
6723,0.446,2026-09-24T08:17:25.415287+00:00
6724,0.45199999999999996,2026-09-24T08:17:25.417629+00:00
6725,0.606,2026-09-24T08:17:25.420119+00:00
6726,0.458,2026-09-24T08:17:25.422401+00:00
6727,0.704,2026-09-24T08:17:25.424995+00:00
6728,0.45899999999999996,2026-09-24T08:17:25.427106+00:00
6729,0.588,2026-09-24T08:17:25.429570+00:00
6730,0.888,2026-09-24T08:17:25.432210+00:00
6731,0.524,2026-09-24T08:17:25.434581+00:00
6732,0.47,2026-09-24T08:17:25.436939+00:00
6733,0.53,2026-09-24T08:17:25.439385+00:00
6734,0.518,2026-09-24T08:17:25.441861+00:00
6735,0.36900000000000005,2026-09-24T08:17:25.444096+00:00
6736,0.48700000000000004,2026-09-24T08:17:25.446555+00:00
6737,0.402,2026-09-24T08:17:25.448920+00:00
6738,0.51,2026-09-24T08:17:25.451378+00:00
6739,0.386,2026-09-24T08:17:25.453671+00:00
6740,0.399,2026-09-24T08:17:25.456021+00:00
6741,0.47600000000000003,2026-09-24T08:17:25.458429+00:00
6742,0.42000000000000004,2026-09-24T08:17:25.460783+00:00
6743,0.40900000000000003,2026-09-24T08:17:25.463114+00:00
6744,0.5820000000000001,2026-09-24T08:17:25.465631+00:00
6745,0.40099999999999997,2026-09-24T08:17:25.467894+00:00
6746,0.465,2026-09-24T08:17:25.470300+00:00
6747,0.422,2026-09-24T08:17:25.472600+00:00
6748,0.42700000000000005,2026-09-24T08:17:25.474944+00:00
6749,0.47,2026-09-24T08:17:25.477335+00:00
6750,0.425,2026-09-24T08:17:25.479664+00:00
6751,0.446,2026-09-24T08:17:25.482035+00:00
6752,0.61,2026-09-24T08:17:25.484551+00:00
6753,0.457,2026-09-24T08:17:25.486832+00:00
6754,0.6130000000000001,2026-09-24T08:17:25.489344+00:00
6755,0.464,2026-09-24T08:17:25.491624+00:00
6756,0.455,2026-09-24T08:17:25.493974+00:00
6757,0.447,2026-09-24T08:17:25.496305+00:00
6758,0.45,2026-09-24T08:17:25.498637+00:00
6759,0.474,2026-09-24T08:17:25.500999+00:00
6760,0.46799999999999997,2026-09-24T08:17:25.503337+00:00
6761,0.621,2026-09-24T08:17:25.505822+00:00
6762,0.618,2026-09-24T08:17:25.508160+00:00
6763,0.719,2026-09-24T08:17:25.510727+00:00
6764,0.46299999999999997,2026-09-24T08:17:25.512890+00:00
6765,0.602,2026-09-24T08:17:25.515369+00:00
6766,0.535,2026-09-24T08:17:25.517892+00:00
6767,0.442,2026-09-24T08:17:25.520263+00:00
6768,0.33799999999999997,2026-09-24T08:17:25.522661+00:00
6769,0.392,2026-09-24T08:17:25.525073+00:00
6770,0.45399999999999996,2026-09-24T08:17:25.527480+00:00
6771,0.62,2026-09-24T08:17:25.530130+00:00
6772,0.522,2026-09-24T08:17:25.532599+00:00
6773,0.522,2026-09-24T08:17:25.535021+00:00
6774,0.414,2026-09-24T08:17:25.537368+00:00
6775,0.375,2026-09-24T08:17:25.539703+00:00
6776,0.36900000000000005,2026-09-24T08:17:25.542048+00:00
6777,0.42700000000000005,2026-09-24T08:17:25.544445+00:00
6778,0.458,2026-09-24T08:17:25.546840+00:00
6779,0.364,2026-09-24T08:17:25.549143+00:00
6780,0.415,2026-09-24T08:17:25.551517+00:00
6781,0.5630000000000001,2026-09-24T08:17:25.553988+00:00
6782,0.5509999999999999,2026-09-24T08:17:25.556438+00:00
6783,0.499,2026-09-24T08:17:25.558812+00:00
6784,0.43600000000000005,2026-09-24T08:17:25.561148+00:00
6785,0.429,2026-09-24T08:17:25.563479+00:00
6786,0.412,2026-09-24T08:17:25.565797+00:00
6787,0.414,2026-09-24T08:17:25.568131+00:00
6788,0.437,2026-09-24T08:17:25.570480+00:00
6789,0.526,2026-09-24T08:17:25.572912+00:00
6790,0.7060000000000001,2026-09-24T08:17:25.575453+00:00
6791,0.5469999999999999,2026-09-24T08:17:25.577786+00:00
6792,0.633,2026-09-24T08:17:25.580327+00:00
6793,0.638,2026-09-24T08:17:25.582812+00:00
6794,0.514,2026-09-24T08:17:25.585061+00:00
6795,0.491,2026-09-24T08:17:25.587442+00:00
6796,0.546,2026-09-24T08:17:25.589865+00:00
6797,0.508,2026-09-24T08:17:25.592242+00:00
6798,0.521,2026-09-24T08:17:25.594746+00:00
6799,0.41,2026-09-24T08:17:25.597113+00:00
6800,0.45399999999999996,2026-09-24T08:17:25.599554+00:00
6801,0.48700000000000004,2026-09-24T08:17:25.601910+00:00
6802,0.5720000000000001,2026-09-24T08:17:25.604441+00:00
6803,0.524,2026-09-24T08:17:25.606757+00:00
6804,0.615,2026-09-24T08:17:25.609206+00:00
6805,0.634,2026-09-24T08:17:25.611715+00:00
6806,0.647,2026-09-24T08:17:25.614235+00:00
6807,0.638,2026-09-24T08:17:25.616759+00:00
6808,0.594,2026-09-24T08:17:25.619215+00:00
6809,0.5730000000000001,2026-09-24T08:17:25.621699+00:00
6810,0.477,2026-09-24T08:17:25.624107+00:00
6811,0.458,2026-09-24T08:17:25.626519+00:00
6812,0.7,2026-09-24T08:17:25.629132+00:00
6813,0.8019999999999999,2026-09-24T08:17:25.631815+00:00
6814,0.9269999999999999,2026-09-24T08:17:25.634569+00:00
6815,0.583,2026-09-24T08:17:25.636935+00:00
6816,0.5339999999999999,2026-09-24T08:17:25.639401+00:00
6817,0.503,2026-09-24T08:17:25.641830+00:00
6818,0.709,2026-09-24T08:17:25.644446+00:00
6819,0.49299999999999994,2026-09-24T08:17:25.646746+00:00
6820,0.628,2026-09-24T08:17:25.649274+00:00
6821,0.731,2026-09-24T08:17:25.651871+00:00
6822,0.8989999999999999,2026-09-24T08:17:25.654520+00:00
6823,0.93,2026-09-24T08:17:25.657175+00:00
6824,0.6980000000000001,2026-09-24T08:17:25.659658+00:00
6825,0.5760000000000001,2026-09-24T08:17:25.662061+00:00
6826,0.603,2026-09-24T08:17:25.664548+00:00
6827,0.55,2026-09-24T08:17:25.666929+00:00
6828,0.679,2026-09-24T08:17:25.669465+00:00
6829,0.79,2026-09-24T08:17:25.672086+00:00
6830,0.742,2026-09-24T08:17:25.674737+00:00
6831,0.747,2026-09-24T08:17:25.677306+00:00
6832,0.9259999999999999,2026-09-24T08:17:25.680091+00:00
6833,0.857,2026-09-24T08:17:25.682554+00:00
6834,0.5670000000000001,2026-09-24T08:17:25.684781+00:00
6835,0.35100000000000003,2026-09-24T08:17:25.686949+00:00
6836,0.496,2026-09-24T08:17:25.689407+00:00
6837,0.435,2026-09-24T08:17:25.691855+00:00
6838,0.531,2026-09-24T08:17:25.694354+00:00
6839,0.505,2026-09-24T08:17:25.696772+00:00
6840,0.33599999999999997,2026-09-24T08:17:25.698992+00:00
6841,0.512,2026-09-24T08:17:25.701479+00:00
6842,0.41300000000000003,2026-09-24T08:17:25.703792+00:00
6843,0.37,2026-09-24T08:17:25.706108+00:00
6844,0.464,2026-09-24T08:17:25.708521+00:00
6845,0.406,2026-09-24T08:17:25.710840+00:00
6846,0.43600000000000005,2026-09-24T08:17:25.713238+00:00
6847,0.479,2026-09-24T08:17:25.715659+00:00
6848,0.368,2026-09-24T08:17:25.717917+00:00
6849,0.455,2026-09-24T08:17:25.720347+00:00
6850,0.425,2026-09-24T08:17:25.722718+00:00
6851,0.392,2026-09-24T08:17:25.725069+00:00
6852,0.40099999999999997,2026-09-24T08:17:25.727430+00:00
6853,0.453,2026-09-24T08:17:25.729838+00:00
6854,0.9810000000000001,2026-09-24T08:17:25.732796+00:00
6855,0.532,2026-09-24T08:17:25.735238+00:00
6856,0.46799999999999997,2026-09-24T08:17:25.737555+00:00
6857,0.482,2026-09-24T08:17:25.739911+00:00
6858,0.48000000000000004,2026-09-24T08:17:25.742299+00:00
6859,0.446,2026-09-24T08:17:25.744658+00:00
6860,0.406,2026-09-24T08:17:25.746992+00:00
6861,0.555,2026-09-24T08:17:25.749473+00:00
6862,0.5479999999999999,2026-09-24T08:17:25.751862+00:00
6863,0.488,2026-09-24T08:17:25.754168+00:00
6864,0.462,2026-09-24T08:17:25.756509+00:00
6865,0.434,2026-09-24T08:17:25.758861+00:00
6866,0.434,2026-09-24T08:17:25.761264+00:00
6867,0.505,2026-09-24T08:17:25.763741+00:00
6868,0.732,2026-09-24T08:17:25.766630+00:00
6869,0.6679999999999999,2026-09-24T08:17:25.769381+00:00
6870,0.609,2026-09-24T08:17:25.771949+00:00
6871,0.5900000000000001,2026-09-24T08:17:25.774430+00:00
6872,0.536,2026-09-24T08:17:25.776869+00:00
6873,0.733,2026-09-24T08:17:25.779551+00:00
6874,0.593,2026-09-24T08:17:25.781960+00:00
6875,0.5630000000000001,2026-09-24T08:17:25.784392+00:00
6876,0.565,2026-09-24T08:17:25.786864+00:00
6877,0.6669999999999999,2026-09-24T08:17:25.789449+00:00
6878,0.515,2026-09-24T08:17:25.791782+00:00
6879,0.671,2026-09-24T08:17:25.794379+00:00
6880,0.635,2026-09-24T08:17:25.796853+00:00
6881,0.544,2026-09-24T08:17:25.799290+00:00
6882,0.6040000000000001,2026-09-24T08:17:25.801778+00:00
6883,0.527,2026-09-24T08:17:25.804200+00:00
6884,0.483,2026-09-24T08:17:25.806617+00:00
6885,0.744,2026-09-24T08:17:25.809440+00:00
6886,0.432,2026-09-24T08:17:25.811744+00:00
6887,0.596,2026-09-24T08:17:25.814291+00:00
6888,0.772,2026-09-24T08:17:25.816967+00:00
6889,0.651,2026-09-24T08:17:25.819681+00:00
6890,0.587,2026-09-24T08:17:25.822190+00:00
6891,0.512,2026-09-24T08:17:25.824683+00:00
6892,0.464,2026-09-24T08:17:25.827157+00:00
6893,0.553,2026-09-24T08:17:25.829746+00:00
6894,0.40499999999999997,2026-09-24T08:17:25.832219+00:00
6895,0.46099999999999997,2026-09-24T08:17:25.834775+00:00
6896,0.43,2026-09-24T08:17:25.837301+00:00
6897,0.395,2026-09-24T08:17:25.839787+00:00
6898,0.554,2026-09-24T08:17:25.842408+00:00
6899,0.434,2026-09-24T08:17:25.844866+00:00
6900,0.365,2026-09-24T08:17:25.847216+00:00
6901,0.447,2026-09-24T08:17:25.849658+00:00
6902,0.379,2026-09-24T08:17:25.852010+00:00
6903,0.43,2026-09-24T08:17:25.854406+00:00
6904,0.378,2026-09-24T08:17:25.856755+00:00
6905,0.359,2026-09-24T08:17:25.859098+00:00
6906,0.43,2026-09-24T08:17:25.861516+00:00
6907,0.525,2026-09-24T08:17:25.863960+00:00
6908,0.53,2026-09-24T08:17:25.866327+00:00
6909,0.516,2026-09-24T08:17:25.868753+00:00
6910,0.438,2026-09-24T08:17:25.871054+00:00
6911,0.528,2026-09-24T08:17:25.873490+00:00
6912,0.5109999999999999,2026-09-24T08:17:25.875859+00:00
6913,0.483,2026-09-24T08:17:25.878259+00:00
6914,0.47600000000000003,2026-09-24T08:17:25.880666+00:00
6915,0.477,2026-09-24T08:17:25.883114+00:00
6916,0.553,2026-09-24T08:17:25.885633+00:00
6917,0.47800000000000004,2026-09-24T08:17:25.888092+00:00
6918,0.537,2026-09-24T08:17:25.890667+00:00
6919,0.5720000000000001,2026-09-24T08:17:25.893215+00:00
6920,0.614,2026-09-24T08:17:25.895767+00:00
6921,0.536,2026-09-24T08:17:25.898162+00:00
6922,0.71,2026-09-24T08:17:25.900770+00:00
6923,0.486,2026-09-24T08:17:25.903091+00:00
6924,0.527,2026-09-24T08:17:25.905533+00:00
6925,0.46799999999999997,2026-09-24T08:17:25.907895+00:00
6926,0.47600000000000003,2026-09-24T08:17:25.910389+00:00
6927,0.48500000000000004,2026-09-24T08:17:25.912833+00:00
6928,0.41,2026-09-24T08:17:25.915215+00:00
6929,0.377,2026-09-24T08:17:25.917570+00:00
6930,0.6679999999999999,2026-09-24T08:17:25.920279+00:00
6931,0.472,2026-09-24T08:17:25.922765+00:00
6932,0.5109999999999999,2026-09-24T08:17:25.925302+00:00
6933,0.45399999999999996,2026-09-24T08:17:25.927760+00:00
6934,0.587,2026-09-24T08:17:25.930339+00:00
6935,0.523,2026-09-24T08:17:25.932810+00:00
6936,0.464,2026-09-24T08:17:25.935257+00:00
6937,0.433,2026-09-24T08:17:25.937658+00:00
6938,0.565,2026-09-24T08:17:25.940196+00:00
6939,0.5429999999999999,2026-09-24T08:17:25.942684+00:00
6940,0.488,2026-09-24T08:17:25.945126+00:00
6941,0.5109999999999999,2026-09-24T08:17:25.947601+00:00
6942,0.5289999999999999,2026-09-24T08:17:25.949952+00:00
6943,0.46099999999999997,2026-09-24T08:17:25.952349+00:00
6944,0.467,2026-09-24T08:17:25.954775+00:00
6945,0.393,2026-09-24T08:17:25.957104+00:00
6946,0.431,2026-09-24T08:17:25.959493+00:00
6947,0.5640000000000001,2026-09-24T08:17:25.961980+00:00
6948,0.491,2026-09-24T08:17:25.964264+00:00
6949,0.6130000000000001,2026-09-24T08:17:25.966729+00:00
6950,0.618,2026-09-24T08:17:25.969045+00:00
6951,0.49799999999999994,2026-09-24T08:17:25.971317+00:00
6952,0.532,2026-09-24T08:17:25.973713+00:00
6953,0.495,2026-09-24T08:17:25.976051+00:00
6954,0.5379999999999999,2026-09-24T08:17:25.978451+00:00
6955,0.516,2026-09-24T08:17:25.980782+00:00
6956,0.496,2026-09-24T08:17:25.983128+00:00
6957,0.423,2026-09-24T08:17:25.985403+00:00
6958,0.408,2026-09-24T08:17:25.987739+00:00
6959,0.357,2026-09-24T08:17:25.990049+00:00
6960,0.53,2026-09-24T08:17:25.992567+00:00
6961,0.4,2026-09-24T08:17:25.994924+00:00
6962,0.5820000000000001,2026-09-24T08:17:25.997455+00:00
6963,0.6859999999999999,2026-09-24T08:17:26.000053+00:00
6964,0.424,2026-09-24T08:17:26.002182+00:00
6965,0.458,2026-09-24T08:17:26.004555+00:00
6966,0.444,2026-09-24T08:17:26.006876+00:00
6967,0.42700000000000005,2026-09-24T08:17:26.009209+00:00
6968,0.437,2026-09-24T08:17:26.011554+00:00
6969,0.424,2026-09-24T08:17:26.013851+00:00
6970,0.46799999999999997,2026-09-24T08:17:26.016218+00:00
6971,0.587,2026-09-24T08:17:26.018697+00:00
6972,0.414,2026-09-24T08:17:26.020841+00:00
6973,0.398,2026-09-24T08:17:26.023209+00:00
6974,0.42700000000000005,2026-09-24T08:17:26.025566+00:00
6975,0.5509999999999999,2026-09-24T08:17:26.028061+00:00
6976,0.474,2026-09-24T08:17:26.030516+00:00
6977,0.441,2026-09-24T08:17:26.032935+00:00
6978,0.45399999999999996,2026-09-24T08:17:26.035373+00:00
6979,0.45199999999999996,2026-09-24T08:17:26.037784+00:00
6980,0.458,2026-09-24T08:17:26.040212+00:00
6981,0.458,2026-09-24T08:17:26.042634+00:00
6982,0.446,2026-09-24T08:17:26.045038+00:00
6983,0.465,2026-09-24T08:17:26.047478+00:00
6984,0.449,2026-09-24T08:17:26.049861+00:00
6985,0.458,2026-09-24T08:17:26.052290+00:00
6986,0.49799999999999994,2026-09-24T08:17:26.054752+00:00
6987,0.631,2026-09-24T08:17:26.057325+00:00
6988,0.741,2026-09-24T08:17:26.060005+00:00
6989,0.852,2026-09-24T08:17:26.062884+00:00
6990,0.634,2026-09-24T08:17:26.065468+00:00
6991,0.5609999999999999,2026-09-24T08:17:26.068042+00:00
6992,0.7200000000000001,2026-09-24T08:17:26.070844+00:00
6993,0.9039999999999999,2026-09-24T08:17:26.073680+00:00
6994,0.851,2026-09-24T08:17:26.076464+00:00
6995,0.871,2026-09-24T08:17:26.078998+00:00
6996,0.506,2026-09-24T08:17:26.081292+00:00
6997,0.6679999999999999,2026-09-24T08:17:26.083867+00:00
6998,0.7290000000000001,2026-09-24T08:17:26.086346+00:00
6999,0.744,2026-09-24T08:17:26.088981+00:00
7000,0.523,2026-09-24T08:17:26.091300+00:00
7001,0.421,2026-09-24T08:17:26.093627+00:00
7002,0.379,2026-09-24T08:17:26.095979+00:00
7003,0.453,2026-09-24T08:17:26.098404+00:00
7004,0.437,2026-09-24T08:17:26.100800+00:00
7005,0.578,2026-09-24T08:17:26.103355+00:00
7006,0.585,2026-09-24T08:17:26.105855+00:00
7007,0.546,2026-09-24T08:17:26.108306+00:00
7008,0.5910000000000001,2026-09-24T08:17:26.110758+00:00
7009,0.593,2026-09-24T08:17:26.113239+00:00
7010,0.575,2026-09-24T08:17:26.115713+00:00
7011,0.545,2026-09-24T08:17:26.118170+00:00
7012,0.5640000000000001,2026-09-24T08:17:26.120644+00:00
7013,0.6890000000000001,2026-09-24T08:17:26.123228+00:00
7014,0.8260000000000001,2026-09-24T08:17:26.125939+00:00
7015,0.6930000000000001,2026-09-24T08:17:26.128499+00:00
7016,0.614,2026-09-24T08:17:26.130955+00:00
7017,0.5509999999999999,2026-09-24T08:17:26.133290+00:00
7018,0.53,2026-09-24T08:17:26.135655+00:00
7019,0.612,2026-09-24T08:17:26.138113+00:00
7020,0.867,2026-09-24T08:17:26.140789+00:00
7021,0.5419999999999999,2026-09-24T08:17:26.143126+00:00
7022,0.673,2026-09-24T08:17:26.145767+00:00
7023,0.491,2026-09-24T08:17:26.148126+00:00
7024,0.488,2026-09-24T08:17:26.150548+00:00
7025,0.46599999999999997,2026-09-24T08:17:26.152904+00:00
7026,0.438,2026-09-24T08:17:26.155250+00:00
7027,0.491,2026-09-24T08:17:26.157686+00:00
7028,0.785,2026-09-24T08:17:26.160515+00:00
7029,0.48899999999999993,2026-09-24T08:17:26.162838+00:00
7030,0.435,2026-09-24T08:17:26.165239+00:00
7031,0.5720000000000001,2026-09-24T08:17:26.167818+00:00
7032,0.474,2026-09-24T08:17:26.170299+00:00
7033,0.433,2026-09-24T08:17:26.172791+00:00
7034,0.5820000000000001,2026-09-24T08:17:26.175379+00:00
7035,0.593,2026-09-24T08:17:26.177982+00:00
7036,0.898,2026-09-24T08:17:26.180979+00:00
7037,0.868,2026-09-24T08:17:26.183667+00:00
7038,0.536,2026-09-24T08:17:26.186059+00:00
7039,0.675,2026-09-24T08:17:26.188632+00:00
7040,0.559,2026-09-24T08:17:26.190996+00:00
7041,0.437,2026-09-24T08:17:26.193352+00:00
7042,0.646,2026-09-24T08:17:26.195965+00:00
7043,0.483,2026-09-24T08:17:26.198322+00:00
7044,0.416,2026-09-24T08:17:26.200664+00:00
7045,0.453,2026-09-24T08:17:26.203075+00:00
7046,0.446,2026-09-24T08:17:26.205443+00:00
7047,0.714,2026-09-24T08:17:26.208069+00:00
7048,0.605,2026-09-24T08:17:26.210317+00:00
7049,0.559,2026-09-24T08:17:26.212809+00:00
7050,1.0839999999999999,2026-09-24T08:17:26.215739+00:00
7051,0.731,2026-09-24T08:17:26.218163+00:00
7052,0.533,2026-09-24T08:17:26.220453+00:00
7053,0.5419999999999999,2026-09-24T08:17:26.222851+00:00
7054,0.451,2026-09-24T08:17:26.225203+00:00
7055,0.8310000000000001,2026-09-24T08:17:26.228000+00:00
7056,0.6719999999999999,2026-09-24T08:17:26.230592+00:00
7057,0.674,2026-09-24T08:17:26.233104+00:00
7058,0.6890000000000001,2026-09-24T08:17:26.235664+00:00
7059,0.653,2026-09-24T08:17:26.238088+00:00
7060,0.467,2026-09-24T08:17:26.240523+00:00
7061,0.47300000000000003,2026-09-24T08:17:26.242908+00:00
7062,1.066,2026-09-24T08:17:26.245963+00:00
7063,0.622,2026-09-24T08:17:26.248440+00:00
7064,0.612,2026-09-24T08:17:26.251036+00:00
7065,0.512,2026-09-24T08:17:26.253430+00:00
7066,0.44499999999999995,2026-09-24T08:17:26.255793+00:00
7067,0.508,2026-09-24T08:17:26.258261+00:00
7068,0.537,2026-09-24T08:17:26.260690+00:00
7069,0.5630000000000001,2026-09-24T08:17:26.263202+00:00
7070,0.7060000000000001,2026-09-24T08:17:26.265876+00:00
7071,0.49700000000000005,2026-09-24T08:17:26.268150+00:00
7072,0.484,2026-09-24T08:17:26.270583+00:00
7073,0.8019999999999999,2026-09-24T08:17:26.273327+00:00
7074,0.467,2026-09-24T08:17:26.275559+00:00
7075,0.415,2026-09-24T08:17:26.277846+00:00
7076,0.45199999999999996,2026-09-24T08:17:26.280225+00:00
7077,0.46,2026-09-24T08:17:26.282595+00:00
7078,0.421,2026-09-24T08:17:26.284932+00:00
7079,0.423,2026-09-24T08:17:26.287285+00:00
7080,0.479,2026-09-24T08:17:26.289702+00:00
7081,0.513,2026-09-24T08:17:26.292134+00:00
7082,0.44499999999999995,2026-09-24T08:17:26.294493+00:00
7083,0.44,2026-09-24T08:17:26.296839+00:00
7084,0.49799999999999994,2026-09-24T08:17:26.299253+00:00
7085,0.39599999999999996,2026-09-24T08:17:26.301536+00:00
7086,0.376,2026-09-24T08:17:26.303895+00:00
7087,0.397,2026-09-24T08:17:26.306298+00:00
7088,0.657,2026-09-24T08:17:26.308985+00:00
7089,0.507,2026-09-24T08:17:26.311389+00:00
7090,0.578,2026-09-24T08:17:26.313936+00:00
7091,0.6,2026-09-24T08:17:26.316587+00:00
7092,0.597,2026-09-24T08:17:26.319191+00:00
7093,0.518,2026-09-24T08:17:26.321597+00:00
7094,0.474,2026-09-24T08:17:26.323898+00:00
7095,0.526,2026-09-24T08:17:26.326378+00:00
7096,0.7200000000000001,2026-09-24T08:17:26.329025+00:00
7097,0.536,2026-09-24T08:17:26.331279+00:00
7098,0.5670000000000001,2026-09-24T08:17:26.333744+00:00
7099,0.6449999999999999,2026-09-24T08:17:26.336273+00:00
7100,0.49700000000000005,2026-09-24T08:17:26.338658+00:00
7101,0.555,2026-09-24T08:17:26.341243+00:00
7102,0.477,2026-09-24T08:17:26.343741+00:00
7103,0.438,2026-09-24T08:17:26.346249+00:00
7104,0.596,2026-09-24T08:17:26.348928+00:00
7105,0.465,2026-09-24T08:17:26.351361+00:00
7106,0.477,2026-09-24T08:17:26.353766+00:00
7107,0.502,2026-09-24T08:17:26.356149+00:00
7108,0.707,2026-09-24T08:17:26.358751+00:00
7109,0.625,2026-09-24T08:17:26.361461+00:00
7110,0.634,2026-09-24T08:17:26.364112+00:00
7111,0.653,2026-09-24T08:17:26.366840+00:00
7112,0.756,2026-09-24T08:17:26.369687+00:00
7113,0.8220000000000001,2026-09-24T08:17:26.372512+00:00
7114,0.587,2026-09-24T08:17:26.375052+00:00
7115,0.521,2026-09-24T08:17:26.377439+00:00
7116,0.5599999999999999,2026-09-24T08:17:26.379850+00:00
7117,0.49799999999999994,2026-09-24T08:17:26.382171+00:00
7118,0.521,2026-09-24T08:17:26.384708+00:00
7119,0.791,2026-09-24T08:17:26.387546+00:00
7120,0.441,2026-09-24T08:17:26.389916+00:00
7121,0.705,2026-09-24T08:17:26.392591+00:00
7122,0.7879999999999999,2026-09-24T08:17:26.395219+00:00
7123,0.537,2026-09-24T08:17:26.397683+00:00
7124,0.408,2026-09-24T08:17:26.400033+00:00
7125,0.565,2026-09-24T08:17:26.402582+00:00
7126,0.46900000000000003,2026-09-24T08:17:26.404973+00:00
7127,0.598,2026-09-24T08:17:26.407515+00:00
7128,0.5479999999999999,2026-09-24T08:17:26.409947+00:00
7129,0.521,2026-09-24T08:17:26.412409+00:00
7130,0.673,2026-09-24T08:17:26.415014+00:00
7131,0.458,2026-09-24T08:17:26.417339+00:00
7132,0.458,2026-09-24T08:17:26.419744+00:00
7133,0.531,2026-09-24T08:17:26.422252+00:00
7134,0.48899999999999993,2026-09-24T08:17:26.424655+00:00
7135,0.607,2026-09-24T08:17:26.427186+00:00
7136,0.6759999999999999,2026-09-24T08:17:26.429863+00:00
7137,0.641,2026-09-24T08:17:26.432396+00:00
7138,0.855,2026-09-24T08:17:26.435151+00:00
7139,0.48500000000000004,2026-09-24T08:17:26.437453+00:00
7140,0.664,2026-09-24T08:17:26.440129+00:00
7141,0.771,2026-09-24T08:17:26.442915+00:00
7142,0.536,2026-09-24T08:17:26.445337+00:00
7143,0.448,2026-09-24T08:17:26.447696+00:00
7144,0.42000000000000004,2026-09-24T08:17:26.450046+00:00
7145,0.6759999999999999,2026-09-24T08:17:26.452646+00:00
7146,0.578,2026-09-24T08:17:26.455147+00:00
7147,0.5900000000000001,2026-09-24T08:17:26.457738+00:00
7148,0.513,2026-09-24T08:17:26.460234+00:00
7149,0.776,2026-09-24T08:17:26.463019+00:00
7150,0.40700000000000003,2026-09-24T08:17:26.465249+00:00
7151,0.404,2026-09-24T08:17:26.467663+00:00
7152,0.412,2026-09-24T08:17:26.470044+00:00
7153,0.6719999999999999,2026-09-24T08:17:26.472672+00:00
7154,0.367,2026-09-24T08:17:26.474794+00:00
7155,0.36900000000000005,2026-09-24T08:17:26.477156+00:00
7156,0.395,2026-09-24T08:17:26.479554+00:00
7157,0.521,2026-09-24T08:17:26.482065+00:00
7158,0.41300000000000003,2026-09-24T08:17:26.484401+00:00
7159,0.41300000000000003,2026-09-24T08:17:26.486791+00:00
7160,0.352,2026-09-24T08:17:26.489118+00:00
7161,0.399,2026-09-24T08:17:26.491534+00:00
7162,0.438,2026-09-24T08:17:26.493935+00:00
7163,0.6130000000000001,2026-09-24T08:17:26.496646+00:00
7164,0.496,2026-09-24T08:17:26.499232+00:00
7165,0.494,2026-09-24T08:17:26.501769+00:00
7166,0.481,2026-09-24T08:17:26.504311+00:00
7167,0.853,2026-09-24T08:17:26.507159+00:00
7168,0.5720000000000001,2026-09-24T08:17:26.509736+00:00
7169,0.6040000000000001,2026-09-24T08:17:26.512387+00:00
7170,0.614,2026-09-24T08:17:26.515046+00:00
7171,0.535,2026-09-24T08:17:26.517612+00:00
7172,0.46599999999999997,2026-09-24T08:17:26.520078+00:00
7173,0.46599999999999997,2026-09-24T08:17:26.522541+00:00
7174,0.46799999999999997,2026-09-24T08:17:26.525014+00:00
7175,0.696,2026-09-24T08:17:26.527701+00:00
7176,0.5419999999999999,2026-09-24T08:17:26.530142+00:00
7177,0.5559999999999999,2026-09-24T08:17:26.532670+00:00
7178,0.496,2026-09-24T08:17:26.535105+00:00
7179,0.5479999999999999,2026-09-24T08:17:26.537629+00:00
7180,0.494,2026-09-24T08:17:26.540052+00:00
7181,0.41100000000000003,2026-09-24T08:17:26.542437+00:00
7182,0.442,2026-09-24T08:17:26.544965+00:00
7183,0.429,2026-09-24T08:17:26.547437+00:00
7184,0.642,2026-09-24T08:17:26.550242+00:00
7185,0.5670000000000001,2026-09-24T08:17:26.552928+00:00
7186,0.479,2026-09-24T08:17:26.555383+00:00
7187,0.439,2026-09-24T08:17:26.557813+00:00
7188,0.451,2026-09-24T08:17:26.560298+00:00
7189,0.443,2026-09-24T08:17:26.562788+00:00
7190,0.571,2026-09-24T08:17:26.565408+00:00
7191,0.5569999999999999,2026-09-24T08:17:26.567862+00:00
7192,0.5680000000000001,2026-09-24T08:17:26.570385+00:00
7193,0.655,2026-09-24T08:17:26.572976+00:00
7194,0.6759999999999999,2026-09-24T08:17:26.575516+00:00
7195,0.565,2026-09-24T08:17:26.577945+00:00
7196,0.558,2026-09-24T08:17:26.580479+00:00
7197,0.683,2026-09-24T08:17:26.583093+00:00
7198,0.68,2026-09-24T08:17:26.585785+00:00
7199,0.541,2026-09-24T08:17:26.588280+00:00
7200,0.584,2026-09-24T08:17:26.590810+00:00
7201,0.857,2026-09-24T08:17:26.593621+00:00
7202,0.833,2026-09-24T08:17:26.596322+00:00
7203,0.704,2026-09-24T08:17:26.598905+00:00
7204,0.636,2026-09-24T08:17:26.601456+00:00
7205,0.6629999999999999,2026-09-24T08:17:26.604032+00:00
7206,0.5910000000000001,2026-09-24T08:17:26.606484+00:00
7207,0.671,2026-09-24T08:17:26.609066+00:00
7208,0.64,2026-09-24T08:17:26.611461+00:00
7209,0.732,2026-09-24T08:17:26.613933+00:00
7210,0.65,2026-09-24T08:17:26.616296+00:00
7211,0.592,2026-09-24T08:17:26.618601+00:00
7212,0.655,2026-09-24T08:17:26.620994+00:00
7213,0.673,2026-09-24T08:17:26.623491+00:00
7214,0.6719999999999999,2026-09-24T08:17:26.626015+00:00
7215,0.578,2026-09-24T08:17:26.628457+00:00
7216,0.496,2026-09-24T08:17:26.630732+00:00
7217,0.871,2026-09-24T08:17:26.633701+00:00
7218,0.637,2026-09-24T08:17:26.636256+00:00
7219,0.49299999999999994,2026-09-24T08:17:26.638651+00:00
7220,0.5680000000000001,2026-09-24T08:17:26.641166+00:00
7221,0.5109999999999999,2026-09-24T08:17:26.643613+00:00
7222,0.516,2026-09-24T08:17:26.646106+00:00
7223,0.531,2026-09-24T08:17:26.648611+00:00
7224,0.5109999999999999,2026-09-24T08:17:26.651062+00:00
7225,0.717,2026-09-24T08:17:26.653846+00:00
7226,0.631,2026-09-24T08:17:26.656478+00:00
7227,0.46599999999999997,2026-09-24T08:17:26.659007+00:00
7228,0.488,2026-09-24T08:17:26.661517+00:00
7229,0.46599999999999997,2026-09-24T08:17:26.664009+00:00
7230,0.49799999999999994,2026-09-24T08:17:26.666537+00:00
7231,0.477,2026-09-24T08:17:26.669021+00:00
7232,0.5509999999999999,2026-09-24T08:17:26.671589+00:00
7233,0.609,2026-09-24T08:17:26.674201+00:00
7234,0.55,2026-09-24T08:17:26.676666+00:00
7235,0.841,2026-09-24T08:17:26.679529+00:00
7236,0.603,2026-09-24T08:17:26.681924+00:00
7237,0.532,2026-09-24T08:17:26.684337+00:00
7238,0.6769999999999999,2026-09-24T08:17:26.687020+00:00
7239,0.716,2026-09-24T08:17:26.689671+00:00
7240,0.603,2026-09-24T08:17:26.692025+00:00
7241,0.761,2026-09-24T08:17:26.694721+00:00
7242,0.562,2026-09-24T08:17:26.697326+00:00
7243,0.612,2026-09-24T08:17:26.699913+00:00
7244,0.939,2026-09-24T08:17:26.702844+00:00
7245,0.588,2026-09-24T08:17:26.705247+00:00
7246,0.5419999999999999,2026-09-24T08:17:26.707922+00:00
7247,0.5609999999999999,2026-09-24T08:17:26.710657+00:00
7248,0.47800000000000004,2026-09-24T08:17:26.713291+00:00
7249,0.606,2026-09-24T08:17:26.715970+00:00
7250,0.447,2026-09-24T08:17:26.718370+00:00
7251,0.601,2026-09-24T08:17:26.721028+00:00
7252,0.7060000000000001,2026-09-24T08:17:26.723855+00:00
7253,0.5730000000000001,2026-09-24T08:17:26.726468+00:00
7254,0.504,2026-09-24T08:17:26.729047+00:00
7255,0.605,2026-09-24T08:17:26.731739+00:00
7256,0.626,2026-09-24T08:17:26.734434+00:00
7257,0.6449999999999999,2026-09-24T08:17:26.737125+00:00
7258,0.499,2026-09-24T08:17:26.739591+00:00
7259,0.531,2026-09-24T08:17:26.742117+00:00
7260,0.644,2026-09-24T08:17:26.744782+00:00
7261,0.45399999999999996,2026-09-24T08:17:26.747164+00:00
7262,0.536,2026-09-24T08:17:26.749722+00:00
7263,0.524,2026-09-24T08:17:26.752262+00:00
7264,0.519,2026-09-24T08:17:26.754798+00:00
7265,0.525,2026-09-24T08:17:26.757338+00:00
7266,0.559,2026-09-24T08:17:26.759881+00:00
7267,0.5469999999999999,2026-09-24T08:17:26.762468+00:00
7268,0.509,2026-09-24T08:17:26.765034+00:00
7269,0.516,2026-09-24T08:17:26.767553+00:00
7270,0.5640000000000001,2026-09-24T08:17:26.770118+00:00
7271,0.735,2026-09-24T08:17:26.772850+00:00
7272,0.703,2026-09-24T08:17:26.775369+00:00
7273,0.505,2026-09-24T08:17:26.777779+00:00
7274,0.5469999999999999,2026-09-24T08:17:26.780288+00:00
7275,0.597,2026-09-24T08:17:26.782852+00:00
7276,0.5760000000000001,2026-09-24T08:17:26.785360+00:00
7277,0.486,2026-09-24T08:17:26.787814+00:00
7278,0.519,2026-09-24T08:17:26.790322+00:00
7279,0.661,2026-09-24T08:17:26.792999+00:00
7280,0.6819999999999999,2026-09-24T08:17:26.795619+00:00
7281,0.6980000000000001,2026-09-24T08:17:26.798135+00:00
7282,0.5289999999999999,2026-09-24T08:17:26.800493+00:00
7283,0.5,2026-09-24T08:17:26.802907+00:00
7284,0.393,2026-09-24T08:17:26.805266+00:00
7285,0.5810000000000001,2026-09-24T08:17:26.807862+00:00
7286,0.386,2026-09-24T08:17:26.810186+00:00
7287,0.754,2026-09-24T08:17:26.812918+00:00
7288,0.641,2026-09-24T08:17:26.815405+00:00
7289,0.823,2026-09-24T08:17:26.818170+00:00
7290,1.498,2026-09-24T08:17:26.821494+00:00
7291,0.6539999999999999,2026-09-24T08:17:26.823291+00:00
7292,0.507,2026-09-24T08:17:26.825708+00:00
7293,0.665,2026-09-24T08:17:26.828436+00:00
7294,0.652,2026-09-24T08:17:26.831046+00:00
7295,0.535,2026-09-24T08:17:26.833481+00:00
7296,0.622,2026-09-24T08:17:26.836059+00:00
7297,0.665,2026-09-24T08:17:26.838723+00:00
7298,0.525,2026-09-24T08:17:26.841302+00:00
7299,0.861,2026-09-24T08:17:26.844103+00:00
7300,0.7,2026-09-24T08:17:26.846578+00:00
7301,0.671,2026-09-24T08:17:26.849186+00:00
7302,0.6539999999999999,2026-09-24T08:17:26.852054+00:00
7303,0.453,2026-09-24T08:17:26.854395+00:00
7304,0.703,2026-09-24T08:17:26.857013+00:00
7305,0.5720000000000001,2026-09-24T08:17:26.859433+00:00
7306,0.5730000000000001,2026-09-24T08:17:26.861908+00:00
7307,0.555,2026-09-24T08:17:26.864301+00:00
7308,0.513,2026-09-24T08:17:26.866678+00:00
7309,0.416,2026-09-24T08:17:26.868985+00:00
7310,0.39599999999999996,2026-09-24T08:17:26.871382+00:00
7311,0.371,2026-09-24T08:17:26.873748+00:00
7312,0.446,2026-09-24T08:17:26.876198+00:00
7313,0.40499999999999997,2026-09-24T08:17:26.878560+00:00
7314,0.5419999999999999,2026-09-24T08:17:26.881096+00:00
7315,0.457,2026-09-24T08:17:26.883493+00:00
7316,0.725,2026-09-24T08:17:26.886187+00:00
7317,0.5379999999999999,2026-09-24T08:17:26.888714+00:00
7318,0.45399999999999996,2026-09-24T08:17:26.891158+00:00
7319,0.44,2026-09-24T08:17:26.893624+00:00
7320,0.46299999999999997,2026-09-24T08:17:26.896052+00:00
7321,0.537,2026-09-24T08:17:26.898514+00:00
7322,0.618,2026-09-24T08:17:26.901019+00:00
7323,0.46799999999999997,2026-09-24T08:17:26.903347+00:00
7324,0.484,2026-09-24T08:17:26.905780+00:00
7325,0.42000000000000004,2026-09-24T08:17:26.908154+00:00
7326,0.687,2026-09-24T08:17:26.910800+00:00
7327,0.606,2026-09-24T08:17:26.913113+00:00
7328,0.5820000000000001,2026-09-24T08:17:26.915468+00:00
7329,0.444,2026-09-24T08:17:26.917762+00:00
7330,0.496,2026-09-24T08:17:26.920176+00:00
7331,0.458,2026-09-24T08:17:26.922538+00:00
7332,0.467,2026-09-24T08:17:26.924900+00:00
7333,0.514,2026-09-24T08:17:26.927337+00:00
7334,0.49700000000000005,2026-09-24T08:17:26.929772+00:00
7335,0.491,2026-09-24T08:17:26.932183+00:00
7336,0.8899999999999999,2026-09-24T08:17:26.934992+00:00
7337,0.553,2026-09-24T08:17:26.937241+00:00
7338,0.732,2026-09-24T08:17:26.939854+00:00
7339,0.647,2026-09-24T08:17:26.942287+00:00
7340,0.587,2026-09-24T08:17:26.944710+00:00
7341,0.441,2026-09-24T08:17:26.947022+00:00
7342,0.40700000000000003,2026-09-24T08:17:26.949422+00:00
7343,0.5339999999999999,2026-09-24T08:17:26.951940+00:00
7344,0.395,2026-09-24T08:17:26.954292+00:00
7345,0.5429999999999999,2026-09-24T08:17:26.956859+00:00
7346,0.447,2026-09-24T08:17:26.959288+00:00
7347,0.47100000000000003,2026-09-24T08:17:26.961743+00:00
7348,0.416,2026-09-24T08:17:26.964147+00:00
7349,0.421,2026-09-24T08:17:26.966549+00:00
7350,0.431,2026-09-24T08:17:26.968974+00:00
7351,0.603,2026-09-24T08:17:26.971601+00:00
7352,0.39,2026-09-24T08:17:26.973943+00:00
7353,0.512,2026-09-24T08:17:26.976435+00:00
7354,0.559,2026-09-24T08:17:26.978955+00:00
7355,0.526,2026-09-24T08:17:26.981418+00:00
7356,0.5379999999999999,2026-09-24T08:17:26.983967+00:00
7357,0.48899999999999993,2026-09-24T08:17:26.986466+00:00
7358,0.429,2026-09-24T08:17:26.988868+00:00
7359,0.723,2026-09-24T08:17:26.991598+00:00
7360,0.5770000000000001,2026-09-24T08:17:26.993967+00:00
7361,0.587,2026-09-24T08:17:26.996615+00:00
7362,0.603,2026-09-24T08:17:26.999249+00:00
7363,0.524,2026-09-24T08:17:27.001693+00:00
7364,0.412,2026-09-24T08:17:27.004077+00:00
7365,0.494,2026-09-24T08:17:27.006536+00:00
7366,0.528,2026-09-24T08:17:27.009059+00:00
7367,0.691,2026-09-24T08:17:27.011764+00:00
7368,0.54,2026-09-24T08:17:27.014307+00:00
7369,0.633,2026-09-24T08:17:27.016936+00:00
7370,0.837,2026-09-24T08:17:27.019823+00:00
7371,0.713,2026-09-24T08:17:27.022515+00:00
7372,0.592,2026-09-24T08:17:27.025148+00:00
7373,0.606,2026-09-24T08:17:27.027751+00:00
7374,0.41100000000000003,2026-09-24T08:17:27.030229+00:00
7375,0.6880000000000001,2026-09-24T08:17:27.032984+00:00
7376,0.462,2026-09-24T08:17:27.035367+00:00
7377,0.48700000000000004,2026-09-24T08:17:27.037803+00:00
7378,0.592,2026-09-24T08:17:27.040350+00:00
7379,0.464,2026-09-24T08:17:27.042682+00:00
7380,0.455,2026-09-24T08:17:27.045075+00:00
7381,0.602,2026-09-24T08:17:27.047670+00:00
7382,0.57,2026-09-24T08:17:27.050195+00:00
7383,0.647,2026-09-24T08:17:27.052860+00:00
7384,0.565,2026-09-24T08:17:27.055322+00:00
7385,0.578,2026-09-24T08:17:27.057866+00:00
7386,0.67,2026-09-24T08:17:27.060537+00:00
7387,0.554,2026-09-24T08:17:27.062980+00:00
7388,0.5670000000000001,2026-09-24T08:17:27.065503+00:00
7389,0.545,2026-09-24T08:17:27.067980+00:00
7390,0.618,2026-09-24T08:17:27.070568+00:00
7391,0.6809999999999999,2026-09-24T08:17:27.073246+00:00
7392,0.575,2026-09-24T08:17:27.075730+00:00
7393,0.597,2026-09-24T08:17:27.078277+00:00
7394,0.574,2026-09-24T08:17:27.080787+00:00
7395,0.566,2026-09-24T08:17:27.083302+00:00
7396,0.593,2026-09-24T08:17:27.085833+00:00
7397,0.569,2026-09-24T08:17:27.088332+00:00
7398,0.631,2026-09-24T08:17:27.090901+00:00
7399,0.669,2026-09-24T08:17:27.093502+00:00
7400,0.796,2026-09-24T08:17:27.096183+00:00
7401,0.632,2026-09-24T08:17:27.098743+00:00
7402,0.632,2026-09-24T08:17:27.101372+00:00
7403,0.647,2026-09-24T08:17:27.103973+00:00
7404,0.5479999999999999,2026-09-24T08:17:27.106481+00:00
7405,0.505,2026-09-24T08:17:27.108933+00:00
7406,0.5509999999999999,2026-09-24T08:17:27.111476+00:00
7407,0.491,2026-09-24T08:17:27.113918+00:00
7408,0.6930000000000001,2026-09-24T08:17:27.116676+00:00
7409,0.5860000000000001,2026-09-24T08:17:27.119245+00:00
7410,0.5109999999999999,2026-09-24T08:17:27.121779+00:00
7411,0.524,2026-09-24T08:17:27.124353+00:00
7412,0.553,2026-09-24T08:17:27.126870+00:00
7413,0.46,2026-09-24T08:17:27.129291+00:00
7414,0.47800000000000004,2026-09-24T08:17:27.131789+00:00
7415,0.455,2026-09-24T08:17:27.134261+00:00
7416,0.553,2026-09-24T08:17:27.136832+00:00
7417,0.46299999999999997,2026-09-24T08:17:27.139265+00:00
7418,0.479,2026-09-24T08:17:27.141755+00:00
7419,0.773,2026-09-24T08:17:27.144537+00:00
7420,0.496,2026-09-24T08:17:27.146869+00:00
7421,0.5479999999999999,2026-09-24T08:17:27.149372+00:00
7422,0.5670000000000001,2026-09-24T08:17:27.151858+00:00
7423,0.49200000000000005,2026-09-24T08:17:27.154281+00:00
7424,0.708,2026-09-24T08:17:27.156952+00:00
7425,0.5770000000000001,2026-09-24T08:17:27.159433+00:00
7426,0.559,2026-09-24T08:17:27.161930+00:00
7427,0.486,2026-09-24T08:17:27.164365+00:00
7428,0.596,2026-09-24T08:17:27.166916+00:00
7429,0.734,2026-09-24T08:17:27.169722+00:00
7430,0.669,2026-09-24T08:17:27.172334+00:00
7431,0.627,2026-09-24T08:17:27.174958+00:00
7432,0.8099999999999999,2026-09-24T08:17:27.177742+00:00
7433,0.723,2026-09-24T08:17:27.180347+00:00
7434,0.727,2026-09-24T08:17:27.183131+00:00
7435,0.691,2026-09-24T08:17:27.185829+00:00
7436,0.973,2026-09-24T08:17:27.188700+00:00
7437,0.523,2026-09-24T08:17:27.191048+00:00
7438,0.495,2026-09-24T08:17:27.193529+00:00
7439,0.458,2026-09-24T08:17:27.195989+00:00
7440,0.426,2026-09-24T08:17:27.198339+00:00
7441,0.43600000000000005,2026-09-24T08:17:27.200696+00:00
7442,0.435,2026-09-24T08:17:27.203061+00:00
7443,0.40700000000000003,2026-09-24T08:17:27.205383+00:00
7444,0.45199999999999996,2026-09-24T08:17:27.207774+00:00
7445,0.522,2026-09-24T08:17:27.210238+00:00
7446,0.443,2026-09-24T08:17:27.212624+00:00
7447,0.519,2026-09-24T08:17:27.215037+00:00
7448,0.609,2026-09-24T08:17:27.217608+00:00
7449,0.5199999999999999,2026-09-24T08:17:27.220063+00:00
7450,0.5770000000000001,2026-09-24T08:17:27.222587+00:00
7451,0.508,2026-09-24T08:17:27.225029+00:00
7452,0.536,2026-09-24T08:17:27.227517+00:00
7453,0.54,2026-09-24T08:17:27.229968+00:00
7454,0.515,2026-09-24T08:17:27.232425+00:00
7455,0.65,2026-09-24T08:17:27.235009+00:00
7456,0.5429999999999999,2026-09-24T08:17:27.237463+00:00
7457,0.553,2026-09-24T08:17:27.239928+00:00
7458,0.609,2026-09-24T08:17:27.242460+00:00
7459,0.644,2026-09-24T08:17:27.245068+00:00
7460,0.69,2026-09-24T08:17:27.247742+00:00
7461,0.5770000000000001,2026-09-24T08:17:27.250306+00:00
7462,0.694,2026-09-24T08:17:27.252992+00:00
7463,0.798,2026-09-24T08:17:27.256005+00:00
7464,0.838,2026-09-24T08:17:27.258957+00:00
7465,0.562,2026-09-24T08:17:27.261424+00:00
7466,0.521,2026-09-24T08:17:27.263903+00:00
7467,0.503,2026-09-24T08:17:27.266375+00:00
7468,0.5559999999999999,2026-09-24T08:17:27.268896+00:00
7469,0.419,2026-09-24T08:17:27.271271+00:00
7470,0.477,2026-09-24T08:17:27.273925+00:00
7471,0.546,2026-09-24T08:17:27.276628+00:00
7472,0.447,2026-09-24T08:17:27.279158+00:00
7473,0.505,2026-09-24T08:17:27.281826+00:00
7474,0.482,2026-09-24T08:17:27.284447+00:00
7475,0.464,2026-09-24T08:17:27.287060+00:00
7476,0.7200000000000001,2026-09-24T08:17:27.289921+00:00
7477,0.76,2026-09-24T08:17:27.292859+00:00
7478,0.62,2026-09-24T08:17:27.295448+00:00
7479,0.611,2026-09-24T08:17:27.298018+00:00
7480,0.734,2026-09-24T08:17:27.300690+00:00
7481,0.535,2026-09-24T08:17:27.303188+00:00
7482,0.464,2026-09-24T08:17:27.305606+00:00
7483,0.412,2026-09-24T08:17:27.307973+00:00
7484,0.514,2026-09-24T08:17:27.310446+00:00
7485,0.39599999999999996,2026-09-24T08:17:27.312779+00:00
7486,0.377,2026-09-24T08:17:27.315100+00:00
7487,0.43600000000000005,2026-09-24T08:17:27.317501+00:00
7488,0.475,2026-09-24T08:17:27.319899+00:00
7489,0.43,2026-09-24T08:17:27.322263+00:00
7490,0.47600000000000003,2026-09-24T08:17:27.324679+00:00
7491,0.47600000000000003,2026-09-24T08:17:27.327090+00:00
7492,0.5770000000000001,2026-09-24T08:17:27.329604+00:00
7493,0.47100000000000003,2026-09-24T08:17:27.331983+00:00
7494,0.621,2026-09-24T08:17:27.334544+00:00
7495,0.553,2026-09-24T08:17:27.336854+00:00
7496,0.486,2026-09-24T08:17:27.339312+00:00
7497,0.593,2026-09-24T08:17:27.341831+00:00
7498,0.596,2026-09-24T08:17:27.344296+00:00
7499,0.5910000000000001,2026-09-24T08:17:27.346766+00:00
7500,0.48899999999999993,2026-09-24T08:17:27.349145+00:00
7501,0.6849999999999999,2026-09-24T08:17:27.351740+00:00
7502,0.739,2026-09-24T08:17:27.354472+00:00
7503,0.5760000000000001,2026-09-24T08:17:27.356974+00:00
7504,0.623,2026-09-24T08:17:27.359585+00:00
7505,0.553,2026-09-24T08:17:27.362060+00:00
7506,0.583,2026-09-24T08:17:27.364563+00:00
7507,0.736,2026-09-24T08:17:27.367159+00:00
7508,0.555,2026-09-24T08:17:27.369635+00:00
7509,0.5289999999999999,2026-09-24T08:17:27.372049+00:00
7510,0.516,2026-09-24T08:17:27.374474+00:00
7511,0.67,2026-09-24T08:17:27.377025+00:00
7512,0.767,2026-09-24T08:17:27.379600+00:00
7513,0.575,2026-09-24T08:17:27.382000+00:00
7514,0.633,2026-09-24T08:17:27.384503+00:00
7515,0.519,2026-09-24T08:17:27.386837+00:00
7516,0.554,2026-09-24T08:17:27.389281+00:00
7517,0.638,2026-09-24T08:17:27.391809+00:00
7518,0.759,2026-09-24T08:17:27.394506+00:00
7519,0.758,2026-09-24T08:17:27.397120+00:00
7520,0.631,2026-09-24T08:17:27.399585+00:00
7521,1.0070000000000001,2026-09-24T08:17:27.402477+00:00
7522,0.7060000000000001,2026-09-24T08:17:27.405097+00:00
7523,0.6809999999999999,2026-09-24T08:17:27.407733+00:00
7524,0.8220000000000001,2026-09-24T08:17:27.410380+00:00
7525,0.638,2026-09-24T08:17:27.412751+00:00
7526,0.49700000000000005,2026-09-24T08:17:27.415179+00:00
7527,0.491,2026-09-24T08:17:27.417581+00:00
7528,0.5860000000000001,2026-09-24T08:17:27.420033+00:00
7529,1.264,2026-09-24T08:17:27.423173+00:00
7530,0.92,2026-09-24T08:17:27.425723+00:00
7531,0.726,2026-09-24T08:17:27.428149+00:00
7532,0.759,2026-09-24T08:17:27.430756+00:00
7533,0.694,2026-09-24T08:17:27.433290+00:00
7534,0.855,2026-09-24T08:17:27.436162+00:00
7535,0.696,2026-09-24T08:17:27.438697+00:00
7536,0.397,2026-09-24T08:17:27.440931+00:00
7537,0.517,2026-09-24T08:17:27.443441+00:00
7538,0.611,2026-09-24T08:17:27.446095+00:00
7539,0.449,2026-09-24T08:17:27.448445+00:00
7540,0.474,2026-09-24T08:17:27.450844+00:00
7541,0.443,2026-09-24T08:17:27.453236+00:00
7542,0.434,2026-09-24T08:17:27.455614+00:00
7543,0.392,2026-09-24T08:17:27.457958+00:00
7544,0.363,2026-09-24T08:17:27.460283+00:00
7545,0.541,2026-09-24T08:17:27.462786+00:00
7546,0.494,2026-09-24T08:17:27.465208+00:00
7547,0.49700000000000005,2026-09-24T08:17:27.467597+00:00
7548,0.446,2026-09-24T08:17:27.469870+00:00
7549,0.484,2026-09-24T08:17:27.472313+00:00
7550,0.5720000000000001,2026-09-24T08:17:27.474845+00:00
7551,0.415,2026-09-24T08:17:27.477153+00:00
7552,0.43,2026-09-24T08:17:27.479516+00:00
7553,0.45,2026-09-24T08:17:27.481873+00:00
7554,0.5599999999999999,2026-09-24T08:17:27.484367+00:00
7555,0.524,2026-09-24T08:17:27.486743+00:00
7556,0.441,2026-09-24T08:17:27.489064+00:00
7557,0.47600000000000003,2026-09-24T08:17:27.491484+00:00
7558,0.5670000000000001,2026-09-24T08:17:27.493946+00:00
7559,0.444,2026-09-24T08:17:27.496269+00:00
7560,0.45199999999999996,2026-09-24T08:17:27.498644+00:00
7561,0.5559999999999999,2026-09-24T08:17:27.501098+00:00
7562,0.615,2026-09-24T08:17:27.503553+00:00
7563,0.744,2026-09-24T08:17:27.506058+00:00
7564,0.674,2026-09-24T08:17:27.508644+00:00
7565,0.505,2026-09-24T08:17:27.510928+00:00
7566,0.6980000000000001,2026-09-24T08:17:27.513520+00:00
7567,0.412,2026-09-24T08:17:27.515847+00:00
7568,0.352,2026-09-24T08:17:27.518163+00:00
7569,0.507,2026-09-24T08:17:27.520667+00:00
7570,0.434,2026-09-24T08:17:27.523007+00:00
7571,0.432,2026-09-24T08:17:27.525403+00:00
7572,0.45899999999999996,2026-09-24T08:17:27.527819+00:00
7573,0.46099999999999997,2026-09-24T08:17:27.530278+00:00
7574,0.535,2026-09-24T08:17:27.532769+00:00
7575,0.44499999999999995,2026-09-24T08:17:27.535160+00:00
7576,0.391,2026-09-24T08:17:27.537500+00:00
7577,0.448,2026-09-24T08:17:27.539870+00:00
7578,0.47300000000000003,2026-09-24T08:17:27.542266+00:00
7579,0.5109999999999999,2026-09-24T08:17:27.544669+00:00
7580,0.414,2026-09-24T08:17:27.546936+00:00
7581,0.439,2026-09-24T08:17:27.549330+00:00
7582,0.525,2026-09-24T08:17:27.551784+00:00
7583,0.5469999999999999,2026-09-24T08:17:27.554233+00:00
7584,0.619,2026-09-24T08:17:27.556753+00:00
7585,0.6679999999999999,2026-09-24T08:17:27.559255+00:00
7586,0.5289999999999999,2026-09-24T08:17:27.561666+00:00
7587,0.522,2026-09-24T08:17:27.564176+00:00
7588,0.643,2026-09-24T08:17:27.566816+00:00
7589,0.522,2026-09-24T08:17:27.569328+00:00
7590,0.6890000000000001,2026-09-24T08:17:27.571995+00:00
7591,0.679,2026-09-24T08:17:27.574597+00:00
7592,0.5339999999999999,2026-09-24T08:17:27.577054+00:00
7593,0.633,2026-09-24T08:17:27.579570+00:00
7594,0.718,2026-09-24T08:17:27.582115+00:00
7595,0.501,2026-09-24T08:17:27.584472+00:00
7596,0.509,2026-09-24T08:17:27.586860+00:00
7597,0.337,2026-09-24T08:17:27.589130+00:00
7598,0.609,2026-09-24T08:17:27.591759+00:00
7599,0.47800000000000004,2026-09-24T08:17:27.594205+00:00
7600,0.446,2026-09-24T08:17:27.596618+00:00
7601,0.46,2026-09-24T08:17:27.599058+00:00
7602,0.5630000000000001,2026-09-24T08:17:27.601579+00:00
7603,0.426,2026-09-24T08:17:27.603982+00:00
7604,0.451,2026-09-24T08:17:27.606386+00:00
7605,0.594,2026-09-24T08:17:27.609027+00:00
7606,0.569,2026-09-24T08:17:27.611670+00:00
7607,0.624,2026-09-24T08:17:27.614232+00:00
7608,0.607,2026-09-24T08:17:27.616767+00:00
7609,0.419,2026-09-24T08:17:27.619101+00:00
7610,0.5730000000000001,2026-09-24T08:17:27.621606+00:00
7611,0.439,2026-09-24T08:17:27.623864+00:00
7612,0.63,2026-09-24T08:17:27.626446+00:00
7613,0.46299999999999997,2026-09-24T08:17:27.628793+00:00
7614,0.434,2026-09-24T08:17:27.631143+00:00
7615,0.488,2026-09-24T08:17:27.633558+00:00
7616,0.593,2026-09-24T08:17:27.636020+00:00
7617,0.458,2026-09-24T08:17:27.638350+00:00
7618,0.583,2026-09-24T08:17:27.640849+00:00
7619,0.449,2026-09-24T08:17:27.643187+00:00
7620,0.6,2026-09-24T08:17:27.645710+00:00
7621,0.474,2026-09-24T08:17:27.648082+00:00
7622,0.47300000000000003,2026-09-24T08:17:27.650450+00:00
7623,0.442,2026-09-24T08:17:27.652775+00:00
7624,0.525,2026-09-24T08:17:27.655214+00:00
7625,0.535,2026-09-24T08:17:27.657639+00:00
7626,0.5640000000000001,2026-09-24T08:17:27.660071+00:00
7627,0.462,2026-09-24T08:17:27.662401+00:00
7628,0.64,2026-09-24T08:17:27.664947+00:00
7629,0.474,2026-09-24T08:17:27.667281+00:00
7630,0.42700000000000005,2026-09-24T08:17:27.669595+00:00
7631,0.388,2026-09-24T08:17:27.671904+00:00
7632,0.398,2026-09-24T08:17:27.674249+00:00
7633,0.393,2026-09-24T08:17:27.676600+00:00
7634,0.9460000000000001,2026-09-24T08:17:27.679530+00:00
7635,0.601,2026-09-24T08:17:27.682033+00:00
7636,0.809,2026-09-24T08:17:27.684888+00:00
7637,0.42700000000000005,2026-09-24T08:17:27.687239+00:00
7638,0.457,2026-09-24T08:17:27.689631+00:00
7639,0.5339999999999999,2026-09-24T08:17:27.692221+00:00
7640,0.415,2026-09-24T08:17:27.694622+00:00
7641,0.6,2026-09-24T08:17:27.697158+00:00
7642,0.592,2026-09-24T08:17:27.699670+00:00
7643,0.474,2026-09-24T08:17:27.702000+00:00
7644,0.44,2026-09-24T08:17:27.704372+00:00
7645,0.437,2026-09-24T08:17:27.706743+00:00
7646,0.457,2026-09-24T08:17:27.709141+00:00
7647,0.48000000000000004,2026-09-24T08:17:27.711568+00:00
7648,0.41800000000000004,2026-09-24T08:17:27.713843+00:00
7649,0.42000000000000004,2026-09-24T08:17:27.716189+00:00
7650,0.488,2026-09-24T08:17:27.718669+00:00
7651,0.431,2026-09-24T08:17:27.721046+00:00
7652,0.535,2026-09-24T08:17:27.723512+00:00
7653,0.442,2026-09-24T08:17:27.725829+00:00
7654,0.46799999999999997,2026-09-24T08:17:27.728219+00:00
7655,0.475,2026-09-24T08:17:27.730610+00:00
7656,0.443,2026-09-24T08:17:27.732969+00:00
7657,0.41,2026-09-24T08:17:27.735296+00:00
7658,0.425,2026-09-24T08:17:27.737654+00:00
7659,0.439,2026-09-24T08:17:27.740015+00:00
7660,0.44499999999999995,2026-09-24T08:17:27.742372+00:00
7661,0.368,2026-09-24T08:17:27.744643+00:00
7662,0.363,2026-09-24T08:17:27.747008+00:00
7663,0.525,2026-09-24T08:17:27.749545+00:00
7664,0.431,2026-09-24T08:17:27.751786+00:00
7665,0.424,2026-09-24T08:17:27.754186+00:00
7666,0.381,2026-09-24T08:17:27.756527+00:00
7667,0.386,2026-09-24T08:17:27.758871+00:00
7668,0.398,2026-09-24T08:17:27.761247+00:00
7669,0.406,2026-09-24T08:17:27.763604+00:00
7670,0.467,2026-09-24T08:17:27.766014+00:00
7671,0.388,2026-09-24T08:17:27.768340+00:00
7672,0.555,2026-09-24T08:17:27.770854+00:00
7673,0.48700000000000004,2026-09-24T08:17:27.773330+00:00
7674,0.48700000000000004,2026-09-24T08:17:27.775806+00:00
7675,0.422,2026-09-24T08:17:27.778220+00:00
7676,0.467,2026-09-24T08:17:27.780639+00:00
7677,0.40099999999999997,2026-09-24T08:17:27.782947+00:00
7678,0.42000000000000004,2026-09-24T08:17:27.785294+00:00
7679,0.437,2026-09-24T08:17:27.787642+00:00
7680,0.40299999999999997,2026-09-24T08:17:27.789971+00:00
7681,0.4,2026-09-24T08:17:27.792304+00:00
7682,0.47600000000000003,2026-09-24T08:17:27.794711+00:00
7683,0.45399999999999996,2026-09-24T08:17:27.797047+00:00
7684,0.539,2026-09-24T08:17:27.799561+00:00
7685,0.51,2026-09-24T08:17:27.802021+00:00
7686,0.5770000000000001,2026-09-24T08:17:27.804573+00:00
7687,0.696,2026-09-24T08:17:27.807341+00:00
7688,0.53,2026-09-24T08:17:27.809851+00:00
7689,0.505,2026-09-24T08:17:27.812354+00:00
7690,0.614,2026-09-24T08:17:27.814959+00:00
7691,0.5419999999999999,2026-09-24T08:17:27.817437+00:00
7692,0.508,2026-09-24T08:17:27.819909+00:00
7693,0.48899999999999993,2026-09-24T08:17:27.822383+00:00
7694,0.43600000000000005,2026-09-24T08:17:27.824845+00:00
7695,0.432,2026-09-24T08:17:27.827368+00:00
7696,0.41300000000000003,2026-09-24T08:17:27.829864+00:00
7697,0.45399999999999996,2026-09-24T08:17:27.832405+00:00
7698,0.957,2026-09-24T08:17:27.835390+00:00
7699,0.449,2026-09-24T08:17:27.837372+00:00
7700,0.47300000000000003,2026-09-24T08:17:27.839880+00:00
7701,0.421,2026-09-24T08:17:27.842341+00:00
7702,0.605,2026-09-24T08:17:27.845007+00:00
7703,0.474,2026-09-24T08:17:27.847544+00:00
7704,0.45,2026-09-24T08:17:27.850032+00:00
7705,0.441,2026-09-24T08:17:27.852467+00:00
7706,0.519,2026-09-24T08:17:27.854947+00:00
7707,0.399,2026-09-24T08:17:27.857274+00:00
7708,0.5569999999999999,2026-09-24T08:17:27.859784+00:00
7709,0.509,2026-09-24T08:17:27.862130+00:00
7710,0.5609999999999999,2026-09-24T08:17:27.864642+00:00
7711,0.39599999999999996,2026-09-24T08:17:27.866949+00:00
7712,0.41800000000000004,2026-09-24T08:17:27.869319+00:00
7713,0.45199999999999996,2026-09-24T08:17:27.871706+00:00
7714,0.42700000000000005,2026-09-24T08:17:27.874112+00:00
7715,0.5519999999999999,2026-09-24T08:17:27.876594+00:00
7716,0.691,2026-09-24T08:17:27.879082+00:00
7717,0.517,2026-09-24T08:17:27.881383+00:00
7718,0.632,2026-09-24T08:17:27.883899+00:00
7719,0.518,2026-09-24T08:17:27.886276+00:00
7720,0.625,2026-09-24T08:17:27.888745+00:00
7721,0.494,2026-09-24T08:17:27.891078+00:00
7722,0.523,2026-09-24T08:17:27.893439+00:00
7723,0.509,2026-09-24T08:17:27.895770+00:00
7724,0.628,2026-09-24T08:17:27.898241+00:00
7725,0.46599999999999997,2026-09-24T08:17:27.900474+00:00
7726,0.524,2026-09-24T08:17:27.902916+00:00
7727,0.472,2026-09-24T08:17:27.905323+00:00
7728,0.6849999999999999,2026-09-24T08:17:27.907976+00:00
7729,0.541,2026-09-24T08:17:27.910447+00:00
7730,0.58,2026-09-24T08:17:27.912987+00:00
7731,0.464,2026-09-24T08:17:27.915383+00:00
7732,0.603,2026-09-24T08:17:27.917879+00:00
7733,0.528,2026-09-24T08:17:27.920350+00:00
7734,0.633,2026-09-24T08:17:27.922911+00:00
7735,0.484,2026-09-24T08:17:27.925269+00:00
7736,0.5609999999999999,2026-09-24T08:17:27.927709+00:00
7737,0.515,2026-09-24T08:17:27.930134+00:00
7738,0.522,2026-09-24T08:17:27.932538+00:00
7739,0.76,2026-09-24T08:17:27.935248+00:00
7740,0.819,2026-09-24T08:17:27.938035+00:00
7741,0.5630000000000001,2026-09-24T08:17:27.940401+00:00
7742,0.5429999999999999,2026-09-24T08:17:27.942841+00:00
7743,0.509,2026-09-24T08:17:27.945254+00:00
7744,0.808,2026-09-24T08:17:27.947963+00:00
7745,1.367,2026-09-24T08:17:27.951142+00:00
7746,0.5519999999999999,2026-09-24T08:17:27.953002+00:00
7747,0.6449999999999999,2026-09-24T08:17:27.955549+00:00
7748,0.7699999999999999,2026-09-24T08:17:27.958206+00:00
7749,0.516,2026-09-24T08:17:27.960477+00:00
7750,0.544,2026-09-24T08:17:27.962902+00:00
7751,0.544,2026-09-24T08:17:27.965386+00:00
7752,1.0410000000000001,2026-09-24T08:17:27.968354+00:00
7753,0.6,2026-09-24T08:17:27.970717+00:00
7754,0.562,2026-09-24T08:17:27.973193+00:00
7755,0.502,2026-09-24T08:17:27.975566+00:00
7756,0.636,2026-09-24T08:17:27.978079+00:00
7757,0.639,2026-09-24T08:17:27.980572+00:00
7758,0.47100000000000003,2026-09-24T08:17:27.983012+00:00
7759,0.544,2026-09-24T08:17:27.985531+00:00
7760,0.8130000000000001,2026-09-24T08:17:27.988312+00:00
7761,0.762,2026-09-24T08:17:27.990986+00:00
7762,0.593,2026-09-24T08:17:27.993516+00:00
7763,0.495,2026-09-24T08:17:27.995932+00:00
7764,0.683,2026-09-24T08:17:27.998585+00:00
7765,0.7919999999999999,2026-09-24T08:17:28.001184+00:00
7766,0.7110000000000001,2026-09-24T08:17:28.003797+00:00
7767,0.42700000000000005,2026-09-24T08:17:28.006108+00:00
7768,0.601,2026-09-24T08:17:28.008672+00:00
7769,0.741,2026-09-24T08:17:28.011312+00:00
7770,0.714,2026-09-24T08:17:28.013913+00:00
7771,0.614,2026-09-24T08:17:28.016397+00:00
7772,0.651,2026-09-24T08:17:28.018942+00:00
7773,0.574,2026-09-24T08:17:28.021484+00:00
7774,0.575,2026-09-24T08:17:28.023965+00:00
7775,0.435,2026-09-24T08:17:28.026307+00:00
7776,0.722,2026-09-24T08:17:28.028973+00:00
7777,0.421,2026-09-24T08:17:28.031251+00:00
7778,0.48899999999999993,2026-09-24T08:17:28.033675+00:00
7779,0.43600000000000005,2026-09-24T08:17:28.036044+00:00
7780,0.522,2026-09-24T08:17:28.038477+00:00
7781,0.435,2026-09-24T08:17:28.040772+00:00
7782,0.501,2026-09-24T08:17:28.043196+00:00
7783,0.448,2026-09-24T08:17:28.045525+00:00
7784,0.541,2026-09-24T08:17:28.047963+00:00
7785,0.479,2026-09-24T08:17:28.050291+00:00
7786,0.446,2026-09-24T08:17:28.052631+00:00
7787,0.421,2026-09-24T08:17:28.054964+00:00
7788,0.508,2026-09-24T08:17:28.057384+00:00
7789,0.364,2026-09-24T08:17:28.059607+00:00
7790,0.39599999999999996,2026-09-24T08:17:28.062013+00:00
7791,0.348,2026-09-24T08:17:28.064356+00:00
7792,0.4,2026-09-24T08:17:28.066756+00:00
7793,0.431,2026-09-24T08:17:28.069177+00:00
7794,0.503,2026-09-24T08:17:28.071610+00:00
7795,0.366,2026-09-24T08:17:28.073945+00:00
7796,0.422,2026-09-24T08:17:28.076344+00:00
7797,0.419,2026-09-24T08:17:28.078695+00:00
7798,0.467,2026-09-24T08:17:28.081117+00:00
7799,0.406,2026-09-24T08:17:28.083458+00:00
7800,0.483,2026-09-24T08:17:28.085875+00:00
7801,0.402,2026-09-24T08:17:28.088205+00:00
7802,0.393,2026-09-24T08:17:28.090557+00:00
7803,0.382,2026-09-24T08:17:28.092897+00:00
7804,0.457,2026-09-24T08:17:28.095297+00:00
7805,0.414,2026-09-24T08:17:28.097619+00:00
7806,0.45899999999999996,2026-09-24T08:17:28.100006+00:00
7807,0.41,2026-09-24T08:17:28.102340+00:00
7808,0.539,2026-09-24T08:17:28.104808+00:00
7809,0.458,2026-09-24T08:17:28.107158+00:00
7810,0.5,2026-09-24T08:17:28.109578+00:00
7811,0.424,2026-09-24T08:17:28.111949+00:00
7812,0.474,2026-09-24T08:17:28.114338+00:00
7813,0.453,2026-09-24T08:17:28.116682+00:00
7814,0.491,2026-09-24T08:17:28.119079+00:00
7815,0.44499999999999995,2026-09-24T08:17:28.121429+00:00
7816,0.523,2026-09-24T08:17:28.123858+00:00
7817,0.444,2026-09-24T08:17:28.126190+00:00
7818,0.458,2026-09-24T08:17:28.128563+00:00
7819,0.425,2026-09-24T08:17:28.130850+00:00
7820,0.49799999999999994,2026-09-24T08:17:28.133264+00:00
7821,0.571,2026-09-24T08:17:28.135709+00:00
7822,0.569,2026-09-24T08:17:28.138200+00:00
7823,0.375,2026-09-24T08:17:28.140559+00:00
7824,0.544,2026-09-24T08:17:28.143092+00:00
7825,0.432,2026-09-24T08:17:28.145475+00:00
7826,0.393,2026-09-24T08:17:28.147783+00:00
7827,0.372,2026-09-24T08:17:28.150109+00:00
7828,0.607,2026-09-24T08:17:28.152682+00:00
7829,0.669,2026-09-24T08:17:28.155303+00:00
7830,0.601,2026-09-24T08:17:28.157808+00:00
7831,0.761,2026-09-24T08:17:28.160497+00:00
7832,0.5469999999999999,2026-09-24T08:17:28.162930+00:00
7833,0.5419999999999999,2026-09-24T08:17:28.165401+00:00
7834,0.428,2026-09-24T08:17:28.167734+00:00
7835,0.44499999999999995,2026-09-24T08:17:28.170119+00:00
7836,0.488,2026-09-24T08:17:28.172532+00:00
7837,0.43600000000000005,2026-09-24T08:17:28.174863+00:00
7838,0.381,2026-09-24T08:17:28.177171+00:00
7839,0.6859999999999999,2026-09-24T08:17:28.179792+00:00
7840,0.824,2026-09-24T08:17:28.182311+00:00
7841,0.495,2026-09-24T08:17:28.184552+00:00
7842,0.739,2026-09-24T08:17:28.187166+00:00
7843,0.632,2026-09-24T08:17:28.189617+00:00
7844,0.691,2026-09-24T08:17:28.192113+00:00
7845,0.657,2026-09-24T08:17:28.194640+00:00
7846,0.6629999999999999,2026-09-24T08:17:28.197014+00:00
7847,0.545,2026-09-24T08:17:28.199434+00:00
7848,1.0230000000000001,2026-09-24T08:17:28.202337+00:00
7849,0.515,2026-09-24T08:17:28.204232+00:00
7850,0.47,2026-09-24T08:17:28.206555+00:00
7851,0.482,2026-09-24T08:17:28.208904+00:00
7852,0.555,2026-09-24T08:17:28.211356+00:00
7853,0.5,2026-09-24T08:17:28.213707+00:00
7854,0.553,2026-09-24T08:17:28.216242+00:00
7855,0.5519999999999999,2026-09-24T08:17:28.218614+00:00
7856,0.40700000000000003,2026-09-24T08:17:28.220912+00:00
7857,0.36900000000000005,2026-09-24T08:17:28.223232+00:00
7858,0.439,2026-09-24T08:17:28.225644+00:00
7859,0.528,2026-09-24T08:17:28.228219+00:00
7860,0.6579999999999999,2026-09-24T08:17:28.230872+00:00
7861,0.6920000000000001,2026-09-24T08:17:28.233715+00:00
7862,0.759,2026-09-24T08:17:28.236505+00:00
7863,0.7380000000000001,2026-09-24T08:17:28.239200+00:00
7864,0.5599999999999999,2026-09-24T08:17:28.241606+00:00
7865,0.623,2026-09-24T08:17:28.244047+00:00
7866,0.438,2026-09-24T08:17:28.246382+00:00
7867,0.40700000000000003,2026-09-24T08:17:28.248719+00:00
7868,0.378,2026-09-24T08:17:28.251050+00:00
7869,0.546,2026-09-24T08:17:28.253545+00:00
7870,0.502,2026-09-24T08:17:28.255924+00:00
7871,0.446,2026-09-24T08:17:28.258293+00:00
7872,0.462,2026-09-24T08:17:28.260667+00:00
7873,0.585,2026-09-24T08:17:28.263223+00:00
7874,0.49,2026-09-24T08:17:28.265602+00:00
7875,0.643,2026-09-24T08:17:28.268066+00:00
7876,0.426,2026-09-24T08:17:28.270315+00:00
7877,0.569,2026-09-24T08:17:28.272805+00:00
7878,0.535,2026-09-24T08:17:28.275214+00:00
7879,0.494,2026-09-24T08:17:28.277595+00:00
7880,0.44,2026-09-24T08:17:28.279863+00:00
7881,0.6539999999999999,2026-09-24T08:17:28.282486+00:00
7882,0.566,2026-09-24T08:17:28.284898+00:00
7883,0.638,2026-09-24T08:17:28.287337+00:00
7884,0.48700000000000004,2026-09-24T08:17:28.289625+00:00
7885,0.5630000000000001,2026-09-24T08:17:28.292066+00:00
7886,0.48500000000000004,2026-09-24T08:17:28.294478+00:00
7887,0.45,2026-09-24T08:17:28.296874+00:00
7888,0.428,2026-09-24T08:17:28.299240+00:00
7889,0.532,2026-09-24T08:17:28.301695+00:00
7890,0.448,2026-09-24T08:17:28.304065+00:00
7891,0.616,2026-09-24T08:17:28.306582+00:00
7892,0.41300000000000003,2026-09-24T08:17:28.308843+00:00
7893,0.5509999999999999,2026-09-24T08:17:28.311313+00:00
7894,0.558,2026-09-24T08:17:28.313772+00:00
7895,0.45399999999999996,2026-09-24T08:17:28.316138+00:00
7896,0.47,2026-09-24T08:17:28.318495+00:00
7897,0.617,2026-09-24T08:17:28.321041+00:00
7898,0.484,2026-09-24T08:17:28.323430+00:00
7899,0.608,2026-09-24T08:17:28.325896+00:00
7900,0.446,2026-09-24T08:17:28.328191+00:00
7901,0.642,2026-09-24T08:17:28.330708+00:00
7902,0.536,2026-09-24T08:17:28.333070+00:00
7903,0.527,2026-09-24T08:17:28.335493+00:00
7904,0.48000000000000004,2026-09-24T08:17:28.337792+00:00
7905,0.611,2026-09-24T08:17:28.340360+00:00
7906,0.524,2026-09-24T08:17:28.342772+00:00
7907,0.631,2026-09-24T08:17:28.345240+00:00
7908,0.479,2026-09-24T08:17:28.347528+00:00
7909,0.642,2026-09-24T08:17:28.350042+00:00
7910,0.588,2026-09-24T08:17:28.352446+00:00
7911,0.539,2026-09-24T08:17:28.354826+00:00
7912,0.553,2026-09-24T08:17:28.357220+00:00
7913,0.7110000000000001,2026-09-24T08:17:28.359906+00:00
7914,0.5720000000000001,2026-09-24T08:17:28.362316+00:00
7915,0.8130000000000001,2026-09-24T08:17:28.364959+00:00
7916,0.5559999999999999,2026-09-24T08:17:28.367284+00:00
7917,0.619,2026-09-24T08:17:28.369729+00:00
7918,0.48500000000000004,2026-09-24T08:17:28.372111+00:00
7919,0.453,2026-09-24T08:17:28.374503+00:00
7920,0.443,2026-09-24T08:17:28.376823+00:00
7921,0.48899999999999993,2026-09-24T08:17:28.379225+00:00
7922,0.40900000000000003,2026-09-24T08:17:28.381560+00:00
7923,0.508,2026-09-24T08:17:28.383983+00:00
7924,0.523,2026-09-24T08:17:28.386430+00:00
7925,0.525,2026-09-24T08:17:28.388988+00:00
7926,0.5519999999999999,2026-09-24T08:17:28.391550+00:00
7927,0.574,2026-09-24T08:17:28.394130+00:00
7928,0.776,2026-09-24T08:17:28.396770+00:00
7929,0.569,2026-09-24T08:17:28.399107+00:00
7930,0.42700000000000005,2026-09-24T08:17:28.401395+00:00
7931,0.602,2026-09-24T08:17:28.403983+00:00
7932,0.719,2026-09-24T08:17:28.406606+00:00
7933,0.694,2026-09-24T08:17:28.409238+00:00
7934,0.68,2026-09-24T08:17:28.411951+00:00
7935,0.607,2026-09-24T08:17:28.414541+00:00
7936,0.5820000000000001,2026-09-24T08:17:28.416966+00:00
7937,0.679,2026-09-24T08:17:28.419480+00:00
7938,0.477,2026-09-24T08:17:28.421733+00:00
7939,0.721,2026-09-24T08:17:28.424486+00:00
7940,0.7020000000000001,2026-09-24T08:17:28.427191+00:00
7941,0.675,2026-09-24T08:17:28.429672+00:00
7942,0.642,2026-09-24T08:17:28.432125+00:00
7943,1.145,2026-09-24T08:17:28.435065+00:00
7944,0.744,2026-09-24T08:17:28.437304+00:00
7945,0.7929999999999999,2026-09-24T08:17:28.439858+00:00
7946,0.651,2026-09-24T08:17:28.442277+00:00
7947,0.73,2026-09-24T08:17:28.444788+00:00
7948,0.571,2026-09-24T08:17:28.447131+00:00
7949,0.46599999999999997,2026-09-24T08:17:28.449364+00:00
7950,0.878,2026-09-24T08:17:28.452318+00:00
7951,0.8140000000000001,2026-09-24T08:17:28.455257+00:00
7952,0.566,2026-09-24T08:17:28.457897+00:00
7953,0.671,2026-09-24T08:17:28.460577+00:00
7954,0.475,2026-09-24T08:17:28.463064+00:00
7955,0.7110000000000001,2026-09-24T08:17:28.465855+00:00
7956,0.62,2026-09-24T08:17:28.468442+00:00
7957,0.5770000000000001,2026-09-24T08:17:28.470985+00:00
7958,0.565,2026-09-24T08:17:28.473511+00:00
7959,0.5730000000000001,2026-09-24T08:17:28.476003+00:00
7960,0.48899999999999993,2026-09-24T08:17:28.478434+00:00
7961,0.48500000000000004,2026-09-24T08:17:28.480859+00:00
7962,0.513,2026-09-24T08:17:28.483309+00:00
7963,0.634,2026-09-24T08:17:28.485854+00:00
7964,0.644,2026-09-24T08:17:28.488344+00:00
7965,0.545,2026-09-24T08:17:28.490831+00:00
7966,0.506,2026-09-24T08:17:28.493244+00:00
7967,0.58,2026-09-24T08:17:28.495724+00:00
7968,0.558,2026-09-24T08:17:28.498194+00:00
7969,0.5630000000000001,2026-09-24T08:17:28.500660+00:00
7970,0.484,2026-09-24T08:17:28.503032+00:00
7971,0.705,2026-09-24T08:17:28.505689+00:00
7972,0.583,2026-09-24T08:17:28.508173+00:00
7973,0.585,2026-09-24T08:17:28.510640+00:00
7974,0.522,2026-09-24T08:17:28.513040+00:00
7975,0.527,2026-09-24T08:17:28.515437+00:00
7976,0.49299999999999994,2026-09-24T08:17:28.517838+00:00
7977,0.518,2026-09-24T08:17:28.520267+00:00
7978,0.795,2026-09-24T08:17:28.522947+00:00
7979,0.714,2026-09-24T08:17:28.525392+00:00
7980,1.121,2026-09-24T08:17:28.528280+00:00
7981,0.723,2026-09-24T08:17:28.530615+00:00
7982,0.647,2026-09-24T08:17:28.533050+00:00
7983,0.6759999999999999,2026-09-24T08:17:28.535631+00:00
7984,0.509,2026-09-24T08:17:28.537943+00:00
7985,0.6849999999999999,2026-09-24T08:17:28.540537+00:00
7986,0.712,2026-09-24T08:17:28.543069+00:00
7987,0.638,2026-09-24T08:17:28.545679+00:00
7988,0.798,2026-09-24T08:17:28.548374+00:00
7989,0.949,2026-09-24T08:17:28.551034+00:00
7990,0.583,2026-09-24T08:17:28.553389+00:00
7991,0.5339999999999999,2026-09-24T08:17:28.555829+00:00
7992,0.477,2026-09-24T08:17:28.558225+00:00
7993,0.718,2026-09-24T08:17:28.560836+00:00
7994,0.795,2026-09-24T08:17:28.563462+00:00
7995,0.606,2026-09-24T08:17:28.565868+00:00
7996,0.531,2026-09-24T08:17:28.568283+00:00
7997,0.7290000000000001,2026-09-24T08:17:28.570925+00:00
7998,0.7060000000000001,2026-09-24T08:17:28.573458+00:00
7999,0.773,2026-09-24T08:17:28.576056+00:00
8000,0.587,2026-09-24T08:17:28.578559+00:00
8001,0.626,2026-09-24T08:17:28.581060+00:00
8002,0.712,2026-09-24T08:17:28.583678+00:00
8003,0.5109999999999999,2026-09-24T08:17:28.586054+00:00
8004,0.519,2026-09-24T08:17:28.588483+00:00
8005,1.05,2026-09-24T08:17:28.591457+00:00
8006,0.803,2026-09-24T08:17:28.594158+00:00
8007,0.773,2026-09-24T08:17:28.596818+00:00
8008,0.5760000000000001,2026-09-24T08:17:28.599183+00:00
8009,0.71,2026-09-24T08:17:28.601803+00:00
8010,0.5479999999999999,2026-09-24T08:17:28.604171+00:00
8011,0.5569999999999999,2026-09-24T08:17:28.606647+00:00
8012,0.535,2026-09-24T08:17:28.609092+00:00
8013,0.40700000000000003,2026-09-24T08:17:28.611352+00:00
8014,0.467,2026-09-24T08:17:28.613812+00:00
8015,0.451,2026-09-24T08:17:28.616235+00:00
8016,0.352,2026-09-24T08:17:28.618539+00:00
8017,0.43600000000000005,2026-09-24T08:17:28.621004+00:00
8018,0.425,2026-09-24T08:17:28.623394+00:00
8019,0.5509999999999999,2026-09-24T08:17:28.625920+00:00
8020,0.5339999999999999,2026-09-24T08:17:28.628288+00:00
8021,0.5760000000000001,2026-09-24T08:17:28.630811+00:00
8022,0.47800000000000004,2026-09-24T08:17:28.633218+00:00
8023,0.636,2026-09-24T08:17:28.635791+00:00
8024,0.705,2026-09-24T08:17:28.638305+00:00
8025,0.85,2026-09-24T08:17:28.641092+00:00
8026,0.519,2026-09-24T08:17:28.643514+00:00
8027,0.41,2026-09-24T08:17:28.645838+00:00
8028,0.414,2026-09-24T08:17:28.648218+00:00
8029,0.48700000000000004,2026-09-24T08:17:28.650667+00:00
8030,0.5640000000000001,2026-09-24T08:17:28.653110+00:00
8031,0.51,2026-09-24T08:17:28.655529+00:00
8032,0.486,2026-09-24T08:17:28.657914+00:00
8033,0.593,2026-09-24T08:17:28.660434+00:00
8034,0.526,2026-09-24T08:17:28.662825+00:00
8035,0.526,2026-09-24T08:17:28.665294+00:00
8036,0.537,2026-09-24T08:17:28.667822+00:00
8037,0.447,2026-09-24T08:17:28.670193+00:00
8038,0.5720000000000001,2026-09-24T08:17:28.672686+00:00
8039,0.464,2026-09-24T08:17:28.674957+00:00
8040,0.406,2026-09-24T08:17:28.677252+00:00
8041,0.9650000000000001,2026-09-24T08:17:28.680126+00:00
8042,0.869,2026-09-24T08:17:28.682555+00:00
8043,0.82,2026-09-24T08:17:28.685008+00:00
8044,0.853,2026-09-24T08:17:28.687795+00:00
8045,0.514,2026-09-24T08:17:28.690136+00:00
8046,0.528,2026-09-24T08:17:28.692604+00:00
8047,0.462,2026-09-24T08:17:28.695033+00:00
8048,0.376,2026-09-24T08:17:28.697363+00:00
8049,0.462,2026-09-24T08:17:28.699885+00:00
8050,0.457,2026-09-24T08:17:28.702328+00:00
8051,0.494,2026-09-24T08:17:28.704805+00:00
8052,0.5339999999999999,2026-09-24T08:17:28.707300+00:00
8053,0.404,2026-09-24T08:17:28.709708+00:00
8054,0.441,2026-09-24T08:17:28.712121+00:00
8055,0.406,2026-09-24T08:17:28.714489+00:00
8056,0.38499999999999995,2026-09-24T08:17:28.716839+00:00
8057,0.439,2026-09-24T08:17:28.719250+00:00
8058,0.46599999999999997,2026-09-24T08:17:28.721693+00:00
8059,0.483,2026-09-24T08:17:28.724177+00:00
8060,0.464,2026-09-24T08:17:28.726632+00:00
8061,0.429,2026-09-24T08:17:28.729053+00:00
8062,0.6040000000000001,2026-09-24T08:17:28.731712+00:00
8063,0.495,2026-09-24T08:17:28.734137+00:00
8064,0.45199999999999996,2026-09-24T08:17:28.736525+00:00
8065,0.421,2026-09-24T08:17:28.738874+00:00
8066,0.5509999999999999,2026-09-24T08:17:28.741361+00:00
8067,0.421,2026-09-24T08:17:28.743692+00:00
8068,0.47300000000000003,2026-09-24T08:17:28.746102+00:00
8069,0.544,2026-09-24T08:17:28.748624+00:00
8070,0.623,2026-09-24T08:17:28.751215+00:00
8071,0.5289999999999999,2026-09-24T08:17:28.753680+00:00
8072,0.5569999999999999,2026-09-24T08:17:28.756208+00:00
8073,0.5429999999999999,2026-09-24T08:17:28.758703+00:00
8074,0.503,2026-09-24T08:17:28.761146+00:00
8075,0.456,2026-09-24T08:17:28.763524+00:00
8076,0.44499999999999995,2026-09-24T08:17:28.765878+00:00
8077,0.377,2026-09-24T08:17:28.768179+00:00
8078,0.422,2026-09-24T08:17:28.770587+00:00
8079,0.354,2026-09-24T08:17:28.772945+00:00
8080,0.398,2026-09-24T08:17:28.775353+00:00
8081,0.359,2026-09-24T08:17:28.777691+00:00
8082,0.428,2026-09-24T08:17:28.780171+00:00
8083,0.48500000000000004,2026-09-24T08:17:28.782733+00:00
8084,0.527,2026-09-24T08:17:28.785304+00:00
8085,0.44499999999999995,2026-09-24T08:17:28.787800+00:00
8086,0.5289999999999999,2026-09-24T08:17:28.790396+00:00
8087,0.43,2026-09-24T08:17:28.792791+00:00
8088,0.383,2026-09-24T08:17:28.795162+00:00
8089,0.535,2026-09-24T08:17:28.797669+00:00
8090,0.57,2026-09-24T08:17:28.800274+00:00
8091,0.481,2026-09-24T08:17:28.802704+00:00
8092,0.42000000000000004,2026-09-24T08:17:28.805064+00:00
8093,0.392,2026-09-24T08:17:28.807400+00:00
8094,0.5820000000000001,2026-09-24T08:17:28.809968+00:00
8095,0.48000000000000004,2026-09-24T08:17:28.812353+00:00
8096,0.464,2026-09-24T08:17:28.814731+00:00
8097,0.483,2026-09-24T08:17:28.817152+00:00
8098,0.499,2026-09-24T08:17:28.819528+00:00
8099,0.535,2026-09-24T08:17:28.821931+00:00
8100,0.49299999999999994,2026-09-24T08:17:28.824283+00:00
8101,0.5680000000000001,2026-09-24T08:17:28.826719+00:00
8102,0.643,2026-09-24T08:17:28.829224+00:00
8103,0.624,2026-09-24T08:17:28.831609+00:00
8104,0.635,2026-09-24T08:17:28.834059+00:00
8105,0.549,2026-09-24T08:17:28.836425+00:00
8106,0.5770000000000001,2026-09-24T08:17:28.838809+00:00
8107,0.516,2026-09-24T08:17:28.841168+00:00
8108,0.5199999999999999,2026-09-24T08:17:28.843534+00:00
8109,0.6589999999999999,2026-09-24T08:17:28.846020+00:00
8110,0.501,2026-09-24T08:17:28.848226+00:00
8111,0.55,2026-09-24T08:17:28.850662+00:00
8112,0.416,2026-09-24T08:17:28.852987+00:00
8113,0.502,2026-09-24T08:17:28.855445+00:00
8114,0.398,2026-09-24T08:17:28.857777+00:00
8115,0.4,2026-09-24T08:17:28.860147+00:00
8116,0.451,2026-09-24T08:17:28.862566+00:00
8117,0.395,2026-09-24T08:17:28.864903+00:00
8118,0.41,2026-09-24T08:17:28.867269+00:00
8119,0.528,2026-09-24T08:17:28.869747+00:00
8120,0.424,2026-09-24T08:17:28.872089+00:00
8121,0.443,2026-09-24T08:17:28.874463+00:00
8122,0.447,2026-09-24T08:17:28.876859+00:00
8123,0.502,2026-09-24T08:17:28.879311+00:00
8124,0.505,2026-09-24T08:17:28.881804+00:00
8125,0.642,2026-09-24T08:17:28.884433+00:00
8126,0.771,2026-09-24T08:17:28.887126+00:00
8127,0.42700000000000005,2026-09-24T08:17:28.889429+00:00
8128,0.41,2026-09-24T08:17:28.891760+00:00
8129,0.40099999999999997,2026-09-24T08:17:28.894101+00:00
8130,0.5770000000000001,2026-09-24T08:17:28.896609+00:00
8131,0.453,2026-09-24T08:17:28.898881+00:00
8132,0.442,2026-09-24T08:17:28.901237+00:00
8133,0.47600000000000003,2026-09-24T08:17:28.903620+00:00
8134,0.5720000000000001,2026-09-24T08:17:28.906088+00:00
8135,0.46,2026-09-24T08:17:28.908425+00:00
8136,0.569,2026-09-24T08:17:28.910884+00:00
8137,0.428,2026-09-24T08:17:28.913178+00:00
8138,0.587,2026-09-24T08:17:28.915670+00:00
8139,0.45,2026-09-24T08:17:28.917974+00:00
8140,0.439,2026-09-24T08:17:28.920309+00:00
8141,0.38499999999999995,2026-09-24T08:17:28.922583+00:00
8142,0.46900000000000003,2026-09-24T08:17:28.925023+00:00
8143,0.885,2026-09-24T08:17:28.927788+00:00
8144,0.593,2026-09-24T08:17:28.930021+00:00
8145,0.5559999999999999,2026-09-24T08:17:28.932527+00:00
8146,0.767,2026-09-24T08:17:28.935241+00:00
8147,0.625,2026-09-24T08:17:28.937818+00:00
8148,0.566,2026-09-24T08:17:28.940330+00:00
8149,0.803,2026-09-24T08:17:28.943145+00:00
8150,0.67,2026-09-24T08:17:28.945851+00:00
8151,0.562,2026-09-24T08:17:28.948488+00:00
8152,0.673,2026-09-24T08:17:28.951183+00:00
8153,0.8099999999999999,2026-09-24T08:17:28.954097+00:00
8154,0.5860000000000001,2026-09-24T08:17:28.956709+00:00
8155,0.7200000000000001,2026-09-24T08:17:28.959517+00:00
8156,0.824,2026-09-24T08:17:28.962509+00:00
8157,0.741,2026-09-24T08:17:28.965185+00:00
8158,0.691,2026-09-24T08:17:28.967878+00:00
8159,0.784,2026-09-24T08:17:28.970590+00:00
8160,0.639,2026-09-24T08:17:28.973069+00:00
8161,0.5519999999999999,2026-09-24T08:17:28.975565+00:00
8162,0.519,2026-09-24T08:17:28.978017+00:00
8163,0.533,2026-09-24T08:17:28.980485+00:00
8164,0.5820000000000001,2026-09-24T08:17:28.982985+00:00
8165,0.64,2026-09-24T08:17:28.985583+00:00
8166,0.656,2026-09-24T08:17:28.988082+00:00
8167,0.837,2026-09-24T08:17:28.990696+00:00
8168,0.545,2026-09-24T08:17:28.992967+00:00
8169,0.5519999999999999,2026-09-24T08:17:28.995397+00:00
8170,0.606,2026-09-24T08:17:28.997872+00:00
8171,0.558,2026-09-24T08:17:29.000301+00:00
8172,0.666,2026-09-24T08:17:29.002833+00:00
8173,0.386,2026-09-24T08:17:29.004982+00:00
8174,0.45899999999999996,2026-09-24T08:17:29.007508+00:00
8175,0.424,2026-09-24T08:17:29.009895+00:00
8176,0.404,2026-09-24T08:17:29.012280+00:00
8177,0.457,2026-09-24T08:17:29.014732+00:00
8178,0.446,2026-09-24T08:17:29.017093+00:00
8179,0.414,2026-09-24T08:17:29.019508+00:00
8180,0.43600000000000005,2026-09-24T08:17:29.021950+00:00
8181,0.42000000000000004,2026-09-24T08:17:29.024337+00:00
8182,0.58,2026-09-24T08:17:29.026876+00:00
8183,0.638,2026-09-24T08:17:29.029558+00:00
8184,0.5429999999999999,2026-09-24T08:17:29.032086+00:00
8185,0.5109999999999999,2026-09-24T08:17:29.034593+00:00
8186,0.462,2026-09-24T08:17:29.037093+00:00
8187,0.416,2026-09-24T08:17:29.039439+00:00
8188,0.494,2026-09-24T08:17:29.041885+00:00
8189,0.47,2026-09-24T08:17:29.044290+00:00
8190,0.54,2026-09-24T08:17:29.046742+00:00
8191,0.41100000000000003,2026-09-24T08:17:29.049114+00:00
8192,0.49200000000000005,2026-09-24T08:17:29.051559+00:00
8193,0.39599999999999996,2026-09-24T08:17:29.053819+00:00
8194,0.457,2026-09-24T08:17:29.056230+00:00
8195,0.423,2026-09-24T08:17:29.058575+00:00
8196,0.48000000000000004,2026-09-24T08:17:29.061002+00:00
8197,0.481,2026-09-24T08:17:29.063380+00:00
8198,0.414,2026-09-24T08:17:29.065698+00:00
8199,0.425,2026-09-24T08:17:29.068060+00:00
8200,0.521,2026-09-24T08:17:29.070516+00:00
8201,0.464,2026-09-24T08:17:29.072843+00:00
8202,0.5,2026-09-24T08:17:29.075273+00:00
8203,0.474,2026-09-24T08:17:29.077623+00:00
8204,0.512,2026-09-24T08:17:29.080052+00:00
8205,0.36900000000000005,2026-09-24T08:17:29.082297+00:00
8206,0.372,2026-09-24T08:17:29.084680+00:00
8207,0.326,2026-09-24T08:17:29.087017+00:00
8208,0.536,2026-09-24T08:17:29.089571+00:00
8209,0.55,2026-09-24T08:17:29.091972+00:00
8210,0.578,2026-09-24T08:17:29.094553+00:00
8211,0.45399999999999996,2026-09-24T08:17:29.097075+00:00
8212,0.465,2026-09-24T08:17:29.099540+00:00
8213,0.513,2026-09-24T08:17:29.101936+00:00
8214,0.444,2026-09-24T08:17:29.104382+00:00
8215,0.703,2026-09-24T08:17:29.107066+00:00
8216,0.496,2026-09-24T08:17:29.109429+00:00
8217,0.583,2026-09-24T08:17:29.111907+00:00
8218,0.641,2026-09-24T08:17:29.114461+00:00
8219,0.575,2026-09-24T08:17:29.116875+00:00
8220,0.63,2026-09-24T08:17:29.119368+00:00
8221,0.519,2026-09-24T08:17:29.121682+00:00
8222,0.46900000000000003,2026-09-24T08:17:29.124043+00:00
8223,0.5760000000000001,2026-09-24T08:17:29.126546+00:00
8224,0.6970000000000001,2026-09-24T08:17:29.129071+00:00
8225,0.847,2026-09-24T08:17:29.131910+00:00
8226,0.699,2026-09-24T08:17:29.134456+00:00
8227,0.7060000000000001,2026-09-24T08:17:29.137005+00:00
8228,0.646,2026-09-24T08:17:29.139493+00:00
8229,0.7969999999999999,2026-09-24T08:17:29.142226+00:00
8230,0.716,2026-09-24T08:17:29.144731+00:00
8231,0.832,2026-09-24T08:17:29.147475+00:00
8232,0.891,2026-09-24T08:17:29.150157+00:00
8233,0.768,2026-09-24T08:17:29.152666+00:00
8234,0.5810000000000001,2026-09-24T08:17:29.155210+00:00
8235,0.919,2026-09-24T08:17:29.158102+00:00
8236,0.843,2026-09-24T08:17:29.160944+00:00
8237,0.444,2026-09-24T08:17:29.163221+00:00
8238,0.627,2026-09-24T08:17:29.165863+00:00
8239,0.5770000000000001,2026-09-24T08:17:29.168264+00:00
8240,0.638,2026-09-24T08:17:29.170871+00:00
8241,0.5599999999999999,2026-09-24T08:17:29.173384+00:00
8242,1.201,2026-09-24T08:17:29.176536+00:00
8243,0.853,2026-09-24T08:17:29.179352+00:00
8244,0.808,2026-09-24T08:17:29.182016+00:00
8245,1.1150000000000002,2026-09-24T08:17:29.184918+00:00
8246,0.714,2026-09-24T08:17:29.187496+00:00
8247,0.507,2026-09-24T08:17:29.189938+00:00
8248,0.622,2026-09-24T08:17:29.192499+00:00
8249,0.621,2026-09-24T08:17:29.195027+00:00
8250,0.39399999999999996,2026-09-24T08:17:29.197322+00:00
8251,0.602,2026-09-24T08:17:29.199890+00:00
8252,0.671,2026-09-24T08:17:29.202500+00:00
8253,0.503,2026-09-24T08:17:29.204935+00:00
8254,0.5680000000000001,2026-09-24T08:17:29.207449+00:00
8255,0.47800000000000004,2026-09-24T08:17:29.209818+00:00
8256,0.539,2026-09-24T08:17:29.212304+00:00
8257,0.509,2026-09-24T08:17:29.214720+00:00
8258,0.496,2026-09-24T08:17:29.217144+00:00
8259,0.481,2026-09-24T08:17:29.219542+00:00
8260,0.44499999999999995,2026-09-24T08:17:29.221940+00:00
8261,0.47800000000000004,2026-09-24T08:17:29.224364+00:00
8262,0.5,2026-09-24T08:17:29.226802+00:00
8263,0.444,2026-09-24T08:17:29.229158+00:00
8264,0.553,2026-09-24T08:17:29.231686+00:00
8265,0.5680000000000001,2026-09-24T08:17:29.234154+00:00
8266,0.5760000000000001,2026-09-24T08:17:29.236623+00:00
8267,0.642,2026-09-24T08:17:29.239189+00:00
8268,0.55,2026-09-24T08:17:29.241613+00:00
8269,0.507,2026-09-24T08:17:29.244062+00:00
8270,0.491,2026-09-24T08:17:29.246625+00:00
8271,0.474,2026-09-24T08:17:29.249217+00:00
8272,0.5479999999999999,2026-09-24T08:17:29.251901+00:00
8273,0.522,2026-09-24T08:17:29.254494+00:00
8274,0.525,2026-09-24T08:17:29.257126+00:00
8275,0.593,2026-09-24T08:17:29.259833+00:00
8276,0.477,2026-09-24T08:17:29.262377+00:00
8277,0.527,2026-09-24T08:17:29.264978+00:00
8278,0.587,2026-09-24T08:17:29.267682+00:00
8279,0.522,2026-09-24T08:17:29.270364+00:00
8280,0.603,2026-09-24T08:17:29.273113+00:00
8281,0.6769999999999999,2026-09-24T08:17:29.275911+00:00
8282,0.8109999999999999,2026-09-24T08:17:29.278875+00:00
8283,0.592,2026-09-24T08:17:29.281621+00:00
8284,0.549,2026-09-24T08:17:29.284311+00:00
8285,0.603,2026-09-24T08:17:29.287057+00:00
8286,0.6970000000000001,2026-09-24T08:17:29.289892+00:00
8287,0.58,2026-09-24T08:17:29.292595+00:00
8288,0.623,2026-09-24T08:17:29.295370+00:00
8289,0.544,2026-09-24T08:17:29.298005+00:00
8290,0.647,2026-09-24T08:17:29.300784+00:00
8291,0.628,2026-09-24T08:17:29.303557+00:00
8292,0.722,2026-09-24T08:17:29.306344+00:00
8293,0.657,2026-09-24T08:17:29.309089+00:00
8294,0.585,2026-09-24T08:17:29.311744+00:00
8295,0.585,2026-09-24T08:17:29.314439+00:00
8296,0.666,2026-09-24T08:17:29.317165+00:00
8297,0.7739999999999999,2026-09-24T08:17:29.320026+00:00
8298,0.657,2026-09-24T08:17:29.322752+00:00
8299,0.742,2026-09-24T08:17:29.325584+00:00
8300,0.882,2026-09-24T08:17:29.328445+00:00
8301,0.624,2026-09-24T08:17:29.330993+00:00
8302,0.714,2026-09-24T08:17:29.333839+00:00
8303,0.5730000000000001,2026-09-24T08:17:29.336598+00:00
8304,0.7699999999999999,2026-09-24T08:17:29.339503+00:00
8305,0.755,2026-09-24T08:17:29.342313+00:00
8306,0.5429999999999999,2026-09-24T08:17:29.344888+00:00
8307,0.673,2026-09-24T08:17:29.347609+00:00
8308,0.5720000000000001,2026-09-24T08:17:29.350230+00:00
8309,0.6769999999999999,2026-09-24T08:17:29.353011+00:00
8310,0.554,2026-09-24T08:17:29.355591+00:00
8311,0.58,2026-09-24T08:17:29.358187+00:00
8312,0.536,2026-09-24T08:17:29.360702+00:00
8313,0.479,2026-09-24T08:17:29.363189+00:00
8314,0.584,2026-09-24T08:17:29.365798+00:00
8315,0.747,2026-09-24T08:17:29.368556+00:00
8316,0.5289999999999999,2026-09-24T08:17:29.370933+00:00
8317,0.5599999999999999,2026-09-24T08:17:29.373489+00:00
8318,0.6759999999999999,2026-09-24T08:17:29.376100+00:00
8319,0.6980000000000001,2026-09-24T08:17:29.378755+00:00
8320,0.769,2026-09-24T08:17:29.381457+00:00
8321,0.5289999999999999,2026-09-24T08:17:29.383875+00:00
8322,0.6880000000000001,2026-09-24T08:17:29.386559+00:00
8323,0.607,2026-09-24T08:17:29.389120+00:00
8324,0.536,2026-09-24T08:17:29.391597+00:00
8325,0.6669999999999999,2026-09-24T08:17:29.394244+00:00
8326,0.98,2026-09-24T08:17:29.397184+00:00
8327,0.6819999999999999,2026-09-24T08:17:29.399697+00:00
8328,0.8630000000000001,2026-09-24T08:17:29.402431+00:00
8329,0.744,2026-09-24T08:17:29.404930+00:00
8330,0.6880000000000001,2026-09-24T08:17:29.407623+00:00
8331,0.7020000000000001,2026-09-24T08:17:29.410365+00:00
8332,0.587,2026-09-24T08:17:29.412969+00:00
8333,0.5569999999999999,2026-09-24T08:17:29.415600+00:00
8334,0.6859999999999999,2026-09-24T08:17:29.418438+00:00
8335,0.47800000000000004,2026-09-24T08:17:29.420990+00:00
8336,0.601,2026-09-24T08:17:29.423756+00:00
8337,0.514,2026-09-24T08:17:29.426361+00:00
8338,0.51,2026-09-24T08:17:29.429009+00:00
8339,0.5950000000000001,2026-09-24T08:17:29.431752+00:00
8340,0.486,2026-09-24T08:17:29.434315+00:00
8341,0.888,2026-09-24T08:17:29.437322+00:00
8342,0.7649999999999999,2026-09-24T08:17:29.439911+00:00
8343,0.694,2026-09-24T08:17:29.442492+00:00
8344,0.771,2026-09-24T08:17:29.445212+00:00
8345,0.618,2026-09-24T08:17:29.447739+00:00
8346,0.733,2026-09-24T08:17:29.450463+00:00
8347,0.629,2026-09-24T08:17:29.453008+00:00
8348,0.596,2026-09-24T08:17:29.455555+00:00
8349,0.67,2026-09-24T08:17:29.458150+00:00
8350,0.559,2026-09-24T08:17:29.460603+00:00
8351,0.433,2026-09-24T08:17:29.462986+00:00
8352,0.578,2026-09-24T08:17:29.465550+00:00
8353,0.41,2026-09-24T08:17:29.467843+00:00
8354,0.5730000000000001,2026-09-24T08:17:29.470382+00:00
8355,0.555,2026-09-24T08:17:29.472805+00:00
8356,0.43,2026-09-24T08:17:29.475105+00:00
8357,0.794,2026-09-24T08:17:29.477826+00:00
8358,0.5199999999999999,2026-09-24T08:17:29.480050+00:00
8359,0.522,2026-09-24T08:17:29.482474+00:00
8360,0.605,2026-09-24T08:17:29.484948+00:00
8361,0.447,2026-09-24T08:17:29.487256+00:00
8362,0.539,2026-09-24T08:17:29.489691+00:00
8363,0.571,2026-09-24T08:17:29.492093+00:00
8364,0.611,2026-09-24T08:17:29.494534+00:00
8365,0.513,2026-09-24T08:17:29.496896+00:00
8366,0.373,2026-09-24T08:17:29.499230+00:00
8367,0.495,2026-09-24T08:17:29.501706+00:00
8368,0.532,2026-09-24T08:17:29.504086+00:00
8369,0.609,2026-09-24T08:17:29.506727+00:00
8370,0.40499999999999997,2026-09-24T08:17:29.509104+00:00
8371,0.44499999999999995,2026-09-24T08:17:29.511532+00:00
8372,0.46799999999999997,2026-09-24T08:17:29.513896+00:00
8373,0.462,2026-09-24T08:17:29.516309+00:00
8374,0.437,2026-09-24T08:17:29.518684+00:00
8375,0.39399999999999996,2026-09-24T08:17:29.521067+00:00
8376,0.49799999999999994,2026-09-24T08:17:29.523528+00:00
8377,0.465,2026-09-24T08:17:29.525892+00:00
8378,0.569,2026-09-24T08:17:29.528466+00:00
8379,0.426,2026-09-24T08:17:29.530816+00:00
8380,0.46799999999999997,2026-09-24T08:17:29.533253+00:00
8381,0.435,2026-09-24T08:17:29.535648+00:00
8382,0.412,2026-09-24T08:17:29.538027+00:00
8383,0.431,2026-09-24T08:17:29.540445+00:00
8384,0.518,2026-09-24T08:17:29.542934+00:00
8385,0.443,2026-09-24T08:17:29.545325+00:00
8386,0.426,2026-09-24T08:17:29.547690+00:00
8387,0.433,2026-09-24T08:17:29.550076+00:00
8388,0.47300000000000003,2026-09-24T08:17:29.552506+00:00
8389,0.447,2026-09-24T08:17:29.554864+00:00
8390,0.455,2026-09-24T08:17:29.557246+00:00
8391,0.451,2026-09-24T08:17:29.559633+00:00
8392,0.45,2026-09-24T08:17:29.562004+00:00
8393,0.442,2026-09-24T08:17:29.564379+00:00
8394,0.441,2026-09-24T08:17:29.566735+00:00
8395,0.442,2026-09-24T08:17:29.569110+00:00
8396,0.569,2026-09-24T08:17:29.571607+00:00
8397,0.42000000000000004,2026-09-24T08:17:29.573848+00:00
8398,0.47300000000000003,2026-09-24T08:17:29.576277+00:00
8399,0.449,2026-09-24T08:17:29.578719+00:00
8400,0.406,2026-09-24T08:17:29.581093+00:00
8401,0.4,2026-09-24T08:17:29.583491+00:00
8402,0.37,2026-09-24T08:17:29.585861+00:00
8403,0.453,2026-09-24T08:17:29.588315+00:00
8404,0.43,2026-09-24T08:17:29.590719+00:00
8405,0.367,2026-09-24T08:17:29.593060+00:00
8406,0.41100000000000003,2026-09-24T08:17:29.595464+00:00
8407,0.408,2026-09-24T08:17:29.597875+00:00
8408,0.431,2026-09-24T08:17:29.600303+00:00
8409,0.414,2026-09-24T08:17:29.602680+00:00
8410,0.40299999999999997,2026-09-24T08:17:29.605061+00:00
8411,0.615,2026-09-24T08:17:29.607644+00:00
8412,0.482,2026-09-24T08:17:29.609910+00:00
8413,0.422,2026-09-24T08:17:29.612304+00:00
8414,0.446,2026-09-24T08:17:29.614705+00:00
8415,0.40099999999999997,2026-09-24T08:17:29.617067+00:00
8416,0.575,2026-09-24T08:17:29.619710+00:00
8417,0.465,2026-09-24T08:17:29.622190+00:00
8418,0.503,2026-09-24T08:17:29.624696+00:00
8419,0.625,2026-09-24T08:17:29.627424+00:00
8420,0.47800000000000004,2026-09-24T08:17:29.629775+00:00
8421,0.506,2026-09-24T08:17:29.632213+00:00
8422,0.718,2026-09-24T08:17:29.634807+00:00
8423,0.41800000000000004,2026-09-24T08:17:29.637064+00:00
8424,0.525,2026-09-24T08:17:29.639511+00:00
8425,0.5419999999999999,2026-09-24T08:17:29.641929+00:00
8426,0.7060000000000001,2026-09-24T08:17:29.644499+00:00
8427,0.606,2026-09-24T08:17:29.646856+00:00
8428,0.575,2026-09-24T08:17:29.649277+00:00
8429,0.474,2026-09-24T08:17:29.651686+00:00
8430,0.5469999999999999,2026-09-24T08:17:29.654212+00:00
8431,0.386,2026-09-24T08:17:29.656535+00:00
8432,0.594,2026-09-24T08:17:29.659149+00:00
8433,0.421,2026-09-24T08:17:29.661527+00:00
8434,0.428,2026-09-24T08:17:29.663942+00:00
8435,0.438,2026-09-24T08:17:29.666382+00:00
8436,0.429,2026-09-24T08:17:29.668795+00:00
8437,0.451,2026-09-24T08:17:29.671235+00:00
8438,0.392,2026-09-24T08:17:29.673574+00:00
8439,0.366,2026-09-24T08:17:29.675918+00:00
8440,0.43600000000000005,2026-09-24T08:17:29.678348+00:00
8441,0.603,2026-09-24T08:17:29.680949+00:00
8442,0.6040000000000001,2026-09-24T08:17:29.683552+00:00
8443,0.596,2026-09-24T08:17:29.686050+00:00
8444,0.45,2026-09-24T08:17:29.688470+00:00
8445,0.49700000000000005,2026-09-24T08:17:29.690920+00:00
8446,0.569,2026-09-24T08:17:29.693385+00:00
8447,0.749,2026-09-24T08:17:29.696117+00:00
8448,0.602,2026-09-24T08:17:29.698767+00:00
8449,0.494,2026-09-24T08:17:29.701086+00:00
8450,0.714,2026-09-24T08:17:29.703702+00:00
8451,0.502,2026-09-24T08:17:29.706036+00:00
8452,0.47,2026-09-24T08:17:29.708395+00:00
8453,0.7699999999999999,2026-09-24T08:17:29.711035+00:00
8454,0.8019999999999999,2026-09-24T08:17:29.713755+00:00
8455,0.531,2026-09-24T08:17:29.716046+00:00
8456,0.5519999999999999,2026-09-24T08:17:29.718480+00:00
8457,0.435,2026-09-24T08:17:29.720761+00:00
8458,0.48000000000000004,2026-09-24T08:17:29.723163+00:00
8459,1.391,2026-09-24T08:17:29.726500+00:00
8460,0.638,2026-09-24T08:17:29.728541+00:00
8461,0.695,2026-09-24T08:17:29.731093+00:00
8462,0.687,2026-09-24T08:17:29.733575+00:00
8463,0.95,2026-09-24T08:17:29.736342+00:00
8464,0.629,2026-09-24T08:17:29.738690+00:00
8465,0.47300000000000003,2026-09-24T08:17:29.741077+00:00
8466,0.503,2026-09-24T08:17:29.743529+00:00
8467,0.479,2026-09-24T08:17:29.745905+00:00
8468,0.429,2026-09-24T08:17:29.748242+00:00
8469,0.766,2026-09-24T08:17:29.750971+00:00
8470,0.624,2026-09-24T08:17:29.753429+00:00
8471,0.47100000000000003,2026-09-24T08:17:29.755748+00:00
8472,0.44499999999999995,2026-09-24T08:17:29.758119+00:00
8473,0.638,2026-09-24T08:17:29.760667+00:00
8474,0.594,2026-09-24T08:17:29.763146+00:00
8475,0.605,2026-09-24T08:17:29.765657+00:00
8476,0.617,2026-09-24T08:17:29.768138+00:00
8477,0.519,2026-09-24T08:17:29.770516+00:00
8478,0.554,2026-09-24T08:17:29.772967+00:00
8479,0.48899999999999993,2026-09-24T08:17:29.775373+00:00
8480,0.441,2026-09-24T08:17:29.777725+00:00
8481,0.40499999999999997,2026-09-24T08:17:29.780068+00:00
8482,0.43,2026-09-24T08:17:29.782435+00:00
8483,0.495,2026-09-24T08:17:29.784857+00:00
8484,0.434,2026-09-24T08:17:29.787186+00:00
8485,0.484,2026-09-24T08:17:29.789611+00:00
8486,0.46299999999999997,2026-09-24T08:17:29.791974+00:00
8487,0.505,2026-09-24T08:17:29.794399+00:00
8488,0.46299999999999997,2026-09-24T08:17:29.796749+00:00
8489,0.635,2026-09-24T08:17:29.799294+00:00
8490,0.5109999999999999,2026-09-24T08:17:29.801523+00:00
8491,0.61,2026-09-24T08:17:29.803963+00:00
8492,0.562,2026-09-24T08:17:29.806294+00:00
8493,0.496,2026-09-24T08:17:29.808614+00:00
8494,0.479,2026-09-24T08:17:29.811000+00:00
8495,0.477,2026-09-24T08:17:29.813407+00:00
8496,0.472,2026-09-24T08:17:29.815796+00:00
8497,0.404,2026-09-24T08:17:29.818106+00:00
8498,0.574,2026-09-24T08:17:29.820628+00:00
8499,0.501,2026-09-24T08:17:29.822930+00:00
8500,0.433,2026-09-24T08:17:29.825255+00:00
8501,0.602,2026-09-24T08:17:29.827790+00:00
8502,0.496,2026-09-24T08:17:29.830081+00:00
8503,0.433,2026-09-24T08:17:29.832397+00:00
8504,0.44,2026-09-24T08:17:29.834756+00:00
8505,0.43600000000000005,2026-09-24T08:17:29.837105+00:00
8506,0.549,2026-09-24T08:17:29.839562+00:00
8507,0.775,2026-09-24T08:17:29.842197+00:00
8508,0.558,2026-09-24T08:17:29.844537+00:00
8509,0.629,2026-09-24T08:17:29.847054+00:00
8510,0.615,2026-09-24T08:17:29.849530+00:00
8511,0.5599999999999999,2026-09-24T08:17:29.851951+00:00
8512,0.494,2026-09-24T08:17:29.854291+00:00
8513,0.475,2026-09-24T08:17:29.856667+00:00
8514,0.6769999999999999,2026-09-24T08:17:29.859278+00:00
8515,0.6930000000000001,2026-09-24T08:17:29.861735+00:00
8516,0.655,2026-09-24T08:17:29.864316+00:00
8517,0.541,2026-09-24T08:17:29.866535+00:00
8518,0.625,2026-09-24T08:17:29.868991+00:00
8519,0.653,2026-09-24T08:17:29.871619+00:00
8520,0.848,2026-09-24T08:17:29.874441+00:00
8521,0.7060000000000001,2026-09-24T08:17:29.876852+00:00
8522,0.61,2026-09-24T08:17:29.879346+00:00
8523,0.796,2026-09-24T08:17:29.882043+00:00
8524,0.67,2026-09-24T08:17:29.884496+00:00
8525,0.53,2026-09-24T08:17:29.886929+00:00
8526,0.768,2026-09-24T08:17:29.889683+00:00
8527,0.453,2026-09-24T08:17:29.891875+00:00
8528,0.5640000000000001,2026-09-24T08:17:29.894359+00:00
8529,0.495,2026-09-24T08:17:29.896740+00:00
8530,0.378,2026-09-24T08:17:29.899085+00:00
8531,0.6489999999999999,2026-09-24T08:17:29.901725+00:00
8532,0.502,2026-09-24T08:17:29.904082+00:00
8533,0.45899999999999996,2026-09-24T08:17:29.906435+00:00
8534,0.446,2026-09-24T08:17:29.908771+00:00
8535,0.46799999999999997,2026-09-24T08:17:29.911167+00:00
8536,0.388,2026-09-24T08:17:29.913506+00:00
8537,0.422,2026-09-24T08:17:29.915909+00:00
8538,0.628,2026-09-24T08:17:29.918458+00:00
8539,0.528,2026-09-24T08:17:29.920806+00:00
8540,0.38699999999999996,2026-09-24T08:17:29.923086+00:00
8541,0.462,2026-09-24T08:17:29.925503+00:00
8542,0.47300000000000003,2026-09-24T08:17:29.927895+00:00
8543,0.47300000000000003,2026-09-24T08:17:29.930261+00:00
8544,0.5810000000000001,2026-09-24T08:17:29.932778+00:00
8545,0.623,2026-09-24T08:17:29.935277+00:00
8546,0.5910000000000001,2026-09-24T08:17:29.937760+00:00
8547,0.64,2026-09-24T08:17:29.940266+00:00
8548,0.506,2026-09-24T08:17:29.942615+00:00
8549,0.536,2026-09-24T08:17:29.945043+00:00
8550,0.5,2026-09-24T08:17:29.947449+00:00
8551,0.541,2026-09-24T08:17:29.949875+00:00
8552,0.496,2026-09-24T08:17:29.952265+00:00
8553,0.472,2026-09-24T08:17:29.954623+00:00
8554,0.42000000000000004,2026-09-24T08:17:29.956941+00:00
8555,0.569,2026-09-24T08:17:29.959440+00:00
8556,0.535,2026-09-24T08:17:29.961806+00:00
8557,0.434,2026-09-24T08:17:29.964139+00:00
8558,0.499,2026-09-24T08:17:29.966639+00:00
8559,0.458,2026-09-24T08:17:29.969081+00:00
8560,0.47600000000000003,2026-09-24T08:17:29.971553+00:00
8561,0.46099999999999997,2026-09-24T08:17:29.974000+00:00
8562,0.429,2026-09-24T08:17:29.976400+00:00
8563,0.428,2026-09-24T08:17:29.978817+00:00
8564,0.472,2026-09-24T08:17:29.981253+00:00
8565,0.598,2026-09-24T08:17:29.983804+00:00
8566,0.5379999999999999,2026-09-24T08:17:29.986241+00:00
8567,0.588,2026-09-24T08:17:29.988743+00:00
8568,0.537,2026-09-24T08:17:29.991156+00:00
8569,0.716,2026-09-24T08:17:29.993782+00:00
8570,0.518,2026-09-24T08:17:29.996015+00:00
8571,0.546,2026-09-24T08:17:29.998466+00:00
8572,0.518,2026-09-24T08:17:30.000929+00:00
8573,0.515,2026-09-24T08:17:30.003385+00:00
8574,0.526,2026-09-24T08:17:30.005800+00:00
8575,0.41300000000000003,2026-09-24T08:17:30.008135+00:00
8576,0.488,2026-09-24T08:17:30.010555+00:00
8577,0.406,2026-09-24T08:17:30.012829+00:00
8578,0.382,2026-09-24T08:17:30.015164+00:00
8579,0.49299999999999994,2026-09-24T08:17:30.017616+00:00
8580,0.428,2026-09-24T08:17:30.019932+00:00
8581,0.429,2026-09-24T08:17:30.022278+00:00
8582,0.431,2026-09-24T08:17:30.024638+00:00
8583,0.45,2026-09-24T08:17:30.026998+00:00
8584,0.51,2026-09-24T08:17:30.029441+00:00
8585,0.555,2026-09-24T08:17:30.031869+00:00
8586,0.435,2026-09-24T08:17:30.034125+00:00
8587,0.5820000000000001,2026-09-24T08:17:30.036620+00:00
8588,0.402,2026-09-24T08:17:30.038830+00:00
8589,0.623,2026-09-24T08:17:30.041387+00:00
8590,0.525,2026-09-24T08:17:30.043673+00:00
8591,0.467,2026-09-24T08:17:30.045955+00:00
8592,0.438,2026-09-24T08:17:30.048261+00:00
8593,0.49200000000000005,2026-09-24T08:17:30.050625+00:00
8594,0.451,2026-09-24T08:17:30.052936+00:00
8595,0.555,2026-09-24T08:17:30.055353+00:00
8596,0.588,2026-09-24T08:17:30.057761+00:00
8597,0.428,2026-09-24T08:17:30.059938+00:00
8598,0.398,2026-09-24T08:17:30.062273+00:00
8599,0.395,2026-09-24T08:17:30.064637+00:00
8600,0.55,2026-09-24T08:17:30.067118+00:00
8601,0.39599999999999996,2026-09-24T08:17:30.069429+00:00
8602,0.371,2026-09-24T08:17:30.071745+00:00
8603,0.417,2026-09-24T08:17:30.074139+00:00
8604,0.5950000000000001,2026-09-24T08:17:30.076683+00:00
8605,0.606,2026-09-24T08:17:30.079158+00:00
8606,0.5599999999999999,2026-09-24T08:17:30.081544+00:00
8607,0.508,2026-09-24T08:17:30.083880+00:00
8608,0.491,2026-09-24T08:17:30.086216+00:00
8609,0.703,2026-09-24T08:17:30.088781+00:00
8610,0.438,2026-09-24T08:17:30.091059+00:00
8611,0.5609999999999999,2026-09-24T08:17:30.093515+00:00
8612,0.433,2026-09-24T08:17:30.095752+00:00
8613,0.506,2026-09-24T08:17:30.098172+00:00
8614,0.5860000000000001,2026-09-24T08:17:30.100601+00:00
8615,0.518,2026-09-24T08:17:30.102926+00:00
8616,0.7290000000000001,2026-09-24T08:17:30.105494+00:00
8617,0.496,2026-09-24T08:17:30.107706+00:00
8618,0.6890000000000001,2026-09-24T08:17:30.110289+00:00
8619,0.5730000000000001,2026-09-24T08:17:30.112683+00:00
8620,0.585,2026-09-24T08:17:30.115091+00:00
8621,0.5680000000000001,2026-09-24T08:17:30.117617+00:00
8622,0.622,2026-09-24T08:17:30.120218+00:00
8623,0.5599999999999999,2026-09-24T08:17:30.122794+00:00
8624,0.58,2026-09-24T08:17:30.125368+00:00
8625,0.518,2026-09-24T08:17:30.127835+00:00
8626,0.597,2026-09-24T08:17:30.130471+00:00
8627,0.528,2026-09-24T08:17:30.132983+00:00
8628,0.696,2026-09-24T08:17:30.135638+00:00
8629,0.421,2026-09-24T08:17:30.137959+00:00
8630,0.39599999999999996,2026-09-24T08:17:30.140333+00:00
8631,0.455,2026-09-24T08:17:30.142816+00:00
8632,0.457,2026-09-24T08:17:30.145309+00:00
8633,0.516,2026-09-24T08:17:30.147865+00:00
8634,0.599,2026-09-24T08:17:30.150464+00:00
8635,0.42700000000000005,2026-09-24T08:17:30.152793+00:00
8636,0.47600000000000003,2026-09-24T08:17:30.155282+00:00
8637,0.5109999999999999,2026-09-24T08:17:30.157812+00:00
8638,0.55,2026-09-24T08:17:30.160371+00:00
8639,0.546,2026-09-24T08:17:30.162871+00:00
8640,0.416,2026-09-24T08:17:30.165177+00:00
8641,0.47600000000000003,2026-09-24T08:17:30.167591+00:00
8642,0.499,2026-09-24T08:17:30.170030+00:00
8643,0.429,2026-09-24T08:17:30.172386+00:00
8644,0.46,2026-09-24T08:17:30.174763+00:00
8645,0.569,2026-09-24T08:17:30.177241+00:00
8646,0.5720000000000001,2026-09-24T08:17:30.179678+00:00
8647,0.73,2026-09-24T08:17:30.182327+00:00
8648,0.653,2026-09-24T08:17:30.184813+00:00
8649,0.6040000000000001,2026-09-24T08:17:30.187301+00:00
8650,0.727,2026-09-24T08:17:30.189920+00:00
8651,0.45,2026-09-24T08:17:30.192216+00:00
8652,0.5569999999999999,2026-09-24T08:17:30.194700+00:00
8653,0.6819999999999999,2026-09-24T08:17:30.197262+00:00
8654,0.51,2026-09-24T08:17:30.199670+00:00
8655,0.422,2026-09-24T08:17:30.201972+00:00
8656,0.513,2026-09-24T08:17:30.204433+00:00
8657,0.424,2026-09-24T08:17:30.206731+00:00
8658,0.49,2026-09-24T08:17:30.209158+00:00
8659,0.437,2026-09-24T08:17:30.211487+00:00
8660,0.38699999999999996,2026-09-24T08:17:30.213775+00:00
8661,0.49700000000000005,2026-09-24T08:17:30.216209+00:00
8662,0.38,2026-09-24T08:17:30.218529+00:00
8663,0.419,2026-09-24T08:17:30.220895+00:00
8664,0.38499999999999995,2026-09-24T08:17:30.223223+00:00
8665,0.391,2026-09-24T08:17:30.225579+00:00
8666,0.5479999999999999,2026-09-24T08:17:30.228075+00:00
8667,0.374,2026-09-24T08:17:30.230354+00:00
8668,0.39,2026-09-24T08:17:30.232707+00:00
8669,0.528,2026-09-24T08:17:30.235184+00:00
8670,0.45199999999999996,2026-09-24T08:17:30.237532+00:00
8671,0.42000000000000004,2026-09-24T08:17:30.239861+00:00
8672,0.40299999999999997,2026-09-24T08:17:30.242200+00:00
8673,0.46599999999999997,2026-09-24T08:17:30.244632+00:00
8674,0.566,2026-09-24T08:17:30.247134+00:00
8675,0.40700000000000003,2026-09-24T08:17:30.249424+00:00
8676,0.481,2026-09-24T08:17:30.251855+00:00
8677,0.571,2026-09-24T08:17:30.254362+00:00
8678,0.412,2026-09-24T08:17:30.256644+00:00
8679,0.449,2026-09-24T08:17:30.259021+00:00
8680,0.483,2026-09-24T08:17:30.261422+00:00
8681,0.455,2026-09-24T08:17:30.263777+00:00
8682,0.703,2026-09-24T08:17:30.266486+00:00
8683,0.653,2026-09-24T08:17:30.269078+00:00
8684,0.5820000000000001,2026-09-24T08:17:30.271595+00:00
8685,0.5569999999999999,2026-09-24T08:17:30.274092+00:00
8686,0.49200000000000005,2026-09-24T08:17:30.276622+00:00
8687,0.434,2026-09-24T08:17:30.279087+00:00
8688,0.55,2026-09-24T08:17:30.281625+00:00
8689,0.63,2026-09-24T08:17:30.284167+00:00
8690,0.7020000000000001,2026-09-24T08:17:30.286940+00:00
8691,0.49299999999999994,2026-09-24T08:17:30.289326+00:00
8692,0.571,2026-09-24T08:17:30.291830+00:00
8693,0.664,2026-09-24T08:17:30.294474+00:00
8694,0.6769999999999999,2026-09-24T08:17:30.296979+00:00
8695,0.599,2026-09-24T08:17:30.299450+00:00
8696,0.624,2026-09-24T08:17:30.301955+00:00
8697,0.435,2026-09-24T08:17:30.304294+00:00
8698,0.416,2026-09-24T08:17:30.306670+00:00
8699,0.745,2026-09-24T08:17:30.309383+00:00
8700,0.639,2026-09-24T08:17:30.311874+00:00
8701,1.06,2026-09-24T08:17:30.314969+00:00
8702,0.8,2026-09-24T08:17:30.317578+00:00
8703,0.777,2026-09-24T08:17:30.320213+00:00
8704,1.028,2026-09-24T08:17:30.323032+00:00
8705,0.62,2026-09-24T08:17:30.325453+00:00
8706,0.481,2026-09-24T08:17:30.327777+00:00
8707,0.42700000000000005,2026-09-24T08:17:30.330100+00:00
8708,0.47100000000000003,2026-09-24T08:17:30.332488+00:00
8709,0.768,2026-09-24T08:17:30.335177+00:00
8710,1.618,2026-09-24T08:17:30.338651+00:00
8711,0.821,2026-09-24T08:17:30.340835+00:00
8712,0.666,2026-09-24T08:17:30.343320+00:00
8713,0.665,2026-09-24T08:17:30.345767+00:00
8714,0.717,2026-09-24T08:17:30.348309+00:00
8715,0.656,2026-09-24T08:17:30.350784+00:00
8716,0.57,2026-09-24T08:17:30.353207+00:00
8717,0.435,2026-09-24T08:17:30.355501+00:00
8718,0.446,2026-09-24T08:17:30.357935+00:00
8719,0.398,2026-09-24T08:17:30.360309+00:00
8720,0.38499999999999995,2026-09-24T08:17:30.362664+00:00
8721,0.432,2026-09-24T08:17:30.365075+00:00
8722,0.673,2026-09-24T08:17:30.367708+00:00
8723,0.517,2026-09-24T08:17:30.370057+00:00
8724,0.46299999999999997,2026-09-24T08:17:30.372432+00:00
8725,0.434,2026-09-24T08:17:30.374778+00:00
8726,0.429,2026-09-24T08:17:30.377182+00:00
8727,0.451,2026-09-24T08:17:30.379589+00:00
8728,0.46099999999999997,2026-09-24T08:17:30.381999+00:00
8729,0.5609999999999999,2026-09-24T08:17:30.384500+00:00
8730,0.5630000000000001,2026-09-24T08:17:30.386951+00:00
8731,0.435,2026-09-24T08:17:30.389326+00:00
8732,0.46900000000000003,2026-09-24T08:17:30.391725+00:00
8733,0.762,2026-09-24T08:17:30.394435+00:00
8734,0.756,2026-09-24T08:17:30.397065+00:00
8735,0.603,2026-09-24T08:17:30.399744+00:00
8736,0.574,2026-09-24T08:17:30.402240+00:00
8737,0.781,2026-09-24T08:17:30.404944+00:00
8738,0.74,2026-09-24T08:17:30.407455+00:00
8739,0.477,2026-09-24T08:17:30.409759+00:00
8740,0.46900000000000003,2026-09-24T08:17:30.412158+00:00
8741,0.559,2026-09-24T08:17:30.414665+00:00
8742,0.578,2026-09-24T08:17:30.417211+00:00
8743,0.651,2026-09-24T08:17:30.419814+00:00
8744,0.574,2026-09-24T08:17:30.422159+00:00
8745,0.674,2026-09-24T08:17:30.424701+00:00
8746,0.46299999999999997,2026-09-24T08:17:30.426951+00:00
8747,0.447,2026-09-24T08:17:30.429328+00:00
8748,0.48500000000000004,2026-09-24T08:17:30.431721+00:00
8749,0.40499999999999997,2026-09-24T08:17:30.434058+00:00
8750,0.744,2026-09-24T08:17:30.436818+00:00
8751,0.636,2026-09-24T08:17:30.439316+00:00
8752,0.574,2026-09-24T08:17:30.441742+00:00
8753,0.432,2026-09-24T08:17:30.444002+00:00
8754,0.46799999999999997,2026-09-24T08:17:30.446395+00:00
8755,0.553,2026-09-24T08:17:30.448844+00:00
8756,0.53,2026-09-24T08:17:30.451213+00:00
8757,0.666,2026-09-24T08:17:30.453760+00:00
8758,0.553,2026-09-24T08:17:30.456021+00:00
8759,0.54,2026-09-24T08:17:30.458431+00:00
8760,0.46299999999999997,2026-09-24T08:17:30.460740+00:00
8761,0.603,2026-09-24T08:17:30.463240+00:00
8762,0.544,2026-09-24T08:17:30.465556+00:00
8763,0.46299999999999997,2026-09-24T08:17:30.467859+00:00
8764,0.864,2026-09-24T08:17:30.470622+00:00
8765,0.5599999999999999,2026-09-24T08:17:30.472742+00:00
8766,0.609,2026-09-24T08:17:30.475203+00:00
8767,0.494,2026-09-24T08:17:30.477584+00:00
8768,0.45,2026-09-24T08:17:30.479879+00:00
8769,0.5429999999999999,2026-09-24T08:17:30.482322+00:00
8770,0.5860000000000001,2026-09-24T08:17:30.484724+00:00
8771,0.8360000000000001,2026-09-24T08:17:30.487321+00:00
8772,0.525,2026-09-24T08:17:30.489377+00:00
8773,0.446,2026-09-24T08:17:30.491703+00:00
8774,0.44499999999999995,2026-09-24T08:17:30.494082+00:00
8775,0.5519999999999999,2026-09-24T08:17:30.496553+00:00
8776,0.571,2026-09-24T08:17:30.498954+00:00
8777,0.513,2026-09-24T08:17:30.501360+00:00
8778,0.47100000000000003,2026-09-24T08:17:30.503722+00:00
8779,0.549,2026-09-24T08:17:30.506180+00:00
8780,0.605,2026-09-24T08:17:30.508710+00:00
8781,0.428,2026-09-24T08:17:30.511029+00:00
8782,0.42000000000000004,2026-09-24T08:17:30.513440+00:00
8783,0.42700000000000005,2026-09-24T08:17:30.515822+00:00
8784,0.35,2026-09-24T08:17:30.518179+00:00
8785,0.443,2026-09-24T08:17:30.520730+00:00
8786,0.393,2026-09-24T08:17:30.523088+00:00
8787,0.425,2026-09-24T08:17:30.525483+00:00
8788,0.674,2026-09-24T08:17:30.528097+00:00
8789,0.438,2026-09-24T08:17:30.530468+00:00
8790,0.406,2026-09-24T08:17:30.532823+00:00
8791,0.43600000000000005,2026-09-24T08:17:30.535211+00:00
8792,0.575,2026-09-24T08:17:30.537759+00:00
8793,0.442,2026-09-24T08:17:30.540159+00:00
8794,0.5419999999999999,2026-09-24T08:17:30.542719+00:00
8795,0.621,2026-09-24T08:17:30.545312+00:00
8796,0.415,2026-09-24T08:17:30.547678+00:00
8797,0.508,2026-09-24T08:17:30.550142+00:00
8798,0.633,2026-09-24T08:17:30.552643+00:00
8799,0.594,2026-09-24T08:17:30.555223+00:00
8800,0.61,2026-09-24T08:17:30.557774+00:00
8801,0.482,2026-09-24T08:17:30.560219+00:00
8802,0.55,2026-09-24T08:17:30.562768+00:00
8803,0.41300000000000003,2026-09-24T08:17:30.565116+00:00
8804,0.49700000000000005,2026-09-24T08:17:30.567549+00:00
8805,0.442,2026-09-24T08:17:30.569912+00:00
8806,0.525,2026-09-24T08:17:30.572389+00:00
8807,0.518,2026-09-24T08:17:30.574840+00:00
8808,0.49200000000000005,2026-09-24T08:17:30.577222+00:00
8809,0.507,2026-09-24T08:17:30.579661+00:00
8810,0.5419999999999999,2026-09-24T08:17:30.582178+00:00
8811,0.5519999999999999,2026-09-24T08:17:30.584674+00:00
8812,0.522,2026-09-24T08:17:30.587118+00:00
8813,0.451,2026-09-24T08:17:30.589497+00:00
8814,0.429,2026-09-24T08:17:30.591860+00:00
8815,0.40099999999999997,2026-09-24T08:17:30.594276+00:00
8816,0.45899999999999996,2026-09-24T08:17:30.596755+00:00
8817,0.448,2026-09-24T08:17:30.599202+00:00
8818,0.46,2026-09-24T08:17:30.601676+00:00
8819,0.443,2026-09-24T08:17:30.604136+00:00
8820,0.456,2026-09-24T08:17:30.606600+00:00
8821,0.516,2026-09-24T08:17:30.609132+00:00
8822,0.549,2026-09-24T08:17:30.611574+00:00
8823,0.494,2026-09-24T08:17:30.613982+00:00
8824,0.504,2026-09-24T08:17:30.616408+00:00
8825,0.5339999999999999,2026-09-24T08:17:30.618895+00:00
8826,0.521,2026-09-24T08:17:30.621345+00:00
8827,0.531,2026-09-24T08:17:30.623792+00:00
8828,0.5599999999999999,2026-09-24T08:17:30.626283+00:00
8829,0.49200000000000005,2026-09-24T08:17:30.628654+00:00
8830,0.553,2026-09-24T08:17:30.631115+00:00
8831,0.634,2026-09-24T08:17:30.633649+00:00
8832,0.853,2026-09-24T08:17:30.636329+00:00
8833,0.643,2026-09-24T08:17:30.638876+00:00
8834,0.64,2026-09-24T08:17:30.641494+00:00
8835,0.601,2026-09-24T08:17:30.644009+00:00
8836,0.574,2026-09-24T08:17:30.646554+00:00
8837,0.71,2026-09-24T08:17:30.649150+00:00
8838,0.569,2026-09-24T08:17:30.651649+00:00
8839,0.695,2026-09-24T08:17:30.654356+00:00
8840,0.5419999999999999,2026-09-24T08:17:30.656864+00:00
8841,0.609,2026-09-24T08:17:30.659468+00:00
8842,0.7240000000000001,2026-09-24T08:17:30.662029+00:00
8843,0.571,2026-09-24T08:17:30.664513+00:00
8844,0.558,2026-09-24T08:17:30.666962+00:00
8845,0.601,2026-09-24T08:17:30.669501+00:00
8846,0.496,2026-09-24T08:17:30.671971+00:00
8847,0.507,2026-09-24T08:17:30.674577+00:00
8848,0.46599999999999997,2026-09-24T08:17:30.677116+00:00
8849,0.447,2026-09-24T08:17:30.679571+00:00
8850,0.619,2026-09-24T08:17:30.682265+00:00
8851,0.627,2026-09-24T08:17:30.684869+00:00
8852,0.843,2026-09-24T08:17:30.687599+00:00
8853,0.748,2026-09-24T08:17:30.690188+00:00
8854,0.5730000000000001,2026-09-24T08:17:30.692684+00:00
8855,0.648,2026-09-24T08:17:30.695254+00:00
8856,0.458,2026-09-24T08:17:30.697601+00:00
8857,0.408,2026-09-24T08:17:30.699970+00:00
8858,0.412,2026-09-24T08:17:30.702355+00:00
8859,0.421,2026-09-24T08:17:30.704737+00:00
8860,0.4,2026-09-24T08:17:30.707089+00:00
8861,0.47100000000000003,2026-09-24T08:17:30.709524+00:00
8862,0.39399999999999996,2026-09-24T08:17:30.711819+00:00
8863,0.49799999999999994,2026-09-24T08:17:30.714270+00:00
8864,0.457,2026-09-24T08:17:30.716623+00:00
8865,0.414,2026-09-24T08:17:30.718973+00:00
8866,0.597,2026-09-24T08:17:30.721624+00:00
8867,0.428,2026-09-24T08:17:30.723995+00:00
8868,0.5630000000000001,2026-09-24T08:17:30.726520+00:00
8869,0.472,2026-09-24T08:17:30.728896+00:00
8870,0.46900000000000003,2026-09-24T08:17:30.731274+00:00
8871,0.588,2026-09-24T08:17:30.733794+00:00
8872,0.488,2026-09-24T08:17:30.736067+00:00
8873,0.414,2026-09-24T08:17:30.738347+00:00
8874,0.49299999999999994,2026-09-24T08:17:30.740812+00:00
8875,0.43,2026-09-24T08:17:30.743145+00:00
8876,0.456,2026-09-24T08:17:30.745512+00:00
8877,0.38,2026-09-24T08:17:30.747776+00:00
8878,0.5109999999999999,2026-09-24T08:17:30.750299+00:00
8879,0.453,2026-09-24T08:17:30.752711+00:00
8880,0.404,2026-09-24T08:17:30.755042+00:00
8881,0.38699999999999996,2026-09-24T08:17:30.757366+00:00
8882,0.431,2026-09-24T08:17:30.759749+00:00
8883,0.486,2026-09-24T08:17:30.762253+00:00
8884,0.43,2026-09-24T08:17:30.764694+00:00
8885,0.5519999999999999,2026-09-24T08:17:30.767211+00:00
8886,0.38,2026-09-24T08:17:30.769511+00:00
8887,0.419,2026-09-24T08:17:30.771904+00:00
8888,0.373,2026-09-24T08:17:30.774231+00:00
8889,0.506,2026-09-24T08:17:30.776735+00:00
8890,0.39399999999999996,2026-09-24T08:17:30.779107+00:00
8891,0.393,2026-09-24T08:17:30.781459+00:00
8892,0.391,2026-09-24T08:17:30.783797+00:00
8893,0.45199999999999996,2026-09-24T08:17:30.786202+00:00
8894,0.5419999999999999,2026-09-24T08:17:30.788670+00:00
8895,0.45199999999999996,2026-09-24T08:17:30.791117+00:00
8896,0.408,2026-09-24T08:17:30.793466+00:00
8897,0.397,2026-09-24T08:17:30.795811+00:00
8898,0.638,2026-09-24T08:17:30.798388+00:00
8899,0.518,2026-09-24T08:17:30.800854+00:00
8900,0.41300000000000003,2026-09-24T08:17:30.803167+00:00
8901,0.603,2026-09-24T08:17:30.805691+00:00
8902,0.398,2026-09-24T08:17:30.807821+00:00
8903,0.417,2026-09-24T08:17:30.810161+00:00
8904,0.415,2026-09-24T08:17:30.812482+00:00
8905,0.40299999999999997,2026-09-24T08:17:30.814788+00:00
8906,0.415,2026-09-24T08:17:30.817114+00:00
8907,0.40700000000000003,2026-09-24T08:17:30.819432+00:00
8908,0.42700000000000005,2026-09-24T08:17:30.821765+00:00
8909,0.53,2026-09-24T08:17:30.824197+00:00
8910,0.41300000000000003,2026-09-24T08:17:30.826569+00:00
8911,0.347,2026-09-24T08:17:30.828840+00:00
8912,0.315,2026-09-24T08:17:30.831129+00:00
8913,0.34900000000000003,2026-09-24T08:17:30.833469+00:00
8914,0.365,2026-09-24T08:17:30.835786+00:00
8915,0.332,2026-09-24T08:17:30.838100+00:00
8916,0.386,2026-09-24T08:17:30.840466+00:00
8917,0.49299999999999994,2026-09-24T08:17:30.842902+00:00
8918,0.348,2026-09-24T08:17:30.845197+00:00
8919,0.516,2026-09-24T08:17:30.847699+00:00
8920,0.6880000000000001,2026-09-24T08:17:30.850379+00:00
8921,0.5910000000000001,2026-09-24T08:17:30.852823+00:00
8922,0.611,2026-09-24T08:17:30.855306+00:00
8923,0.535,2026-09-24T08:17:30.857759+00:00
8924,0.679,2026-09-24T08:17:30.860333+00:00
8925,0.7240000000000001,2026-09-24T08:17:30.862834+00:00
8926,0.535,2026-09-24T08:17:30.865191+00:00
8927,0.66,2026-09-24T08:17:30.867691+00:00
8928,0.678,2026-09-24T08:17:30.870217+00:00
8929,0.515,2026-09-24T08:17:30.872585+00:00
8930,0.54,2026-09-24T08:17:30.874964+00:00
8931,0.5720000000000001,2026-09-24T08:17:30.877357+00:00
8932,0.7060000000000001,2026-09-24T08:17:30.879942+00:00
8933,0.664,2026-09-24T08:17:30.882436+00:00
8934,0.517,2026-09-24T08:17:30.884712+00:00
8935,0.763,2026-09-24T08:17:30.887360+00:00
8936,1.0150000000000001,2026-09-24T08:17:30.890098+00:00
8937,0.839,2026-09-24T08:17:30.892796+00:00
8938,0.803,2026-09-24T08:17:30.895239+00:00
8939,0.63,2026-09-24T08:17:30.897620+00:00
8940,0.9600000000000001,2026-09-24T08:17:30.900397+00:00
8941,0.8899999999999999,2026-09-24T08:17:30.903066+00:00
8942,0.515,2026-09-24T08:17:30.905437+00:00
8943,0.484,2026-09-24T08:17:30.907857+00:00
8944,0.5379999999999999,2026-09-24T08:17:30.910399+00:00
8945,0.7,2026-09-24T08:17:30.913066+00:00
8946,0.503,2026-09-24T08:17:30.915487+00:00
8947,0.776,2026-09-24T08:17:30.918202+00:00
8948,0.776,2026-09-24T08:17:30.920681+00:00
8949,0.611,2026-09-24T08:17:30.923166+00:00
8950,0.6589999999999999,2026-09-24T08:17:30.925694+00:00
8951,0.65,2026-09-24T08:17:30.928216+00:00
8952,0.627,2026-09-24T08:17:30.930820+00:00
8953,0.653,2026-09-24T08:17:30.933403+00:00
8954,0.483,2026-09-24T08:17:30.935764+00:00
8955,0.76,2026-09-24T08:17:30.938472+00:00
8956,0.621,2026-09-24T08:17:30.940937+00:00
8957,0.5419999999999999,2026-09-24T08:17:30.943404+00:00
8958,0.607,2026-09-24T08:17:30.945905+00:00
8959,0.412,2026-09-24T08:17:30.948184+00:00
8960,0.63,2026-09-24T08:17:30.950796+00:00
8961,0.5289999999999999,2026-09-24T08:17:30.953251+00:00
8962,0.509,2026-09-24T08:17:30.955625+00:00
8963,0.482,2026-09-24T08:17:30.957973+00:00
8964,0.49299999999999994,2026-09-24T08:17:30.960365+00:00
8965,0.521,2026-09-24T08:17:30.962786+00:00
8966,0.49,2026-09-24T08:17:30.965161+00:00
8967,0.495,2026-09-24T08:17:30.967535+00:00
8968,0.5289999999999999,2026-09-24T08:17:30.970036+00:00
8969,0.615,2026-09-24T08:17:30.972588+00:00
8970,0.541,2026-09-24T08:17:30.974980+00:00
8971,0.503,2026-09-24T08:17:30.977387+00:00
8972,0.607,2026-09-24T08:17:30.979898+00:00
8973,0.571,2026-09-24T08:17:30.982349+00:00
8974,0.443,2026-09-24T08:17:30.984615+00:00
8975,0.348,2026-09-24T08:17:30.986934+00:00
8976,0.371,2026-09-24T08:17:30.989308+00:00
8977,0.465,2026-09-24T08:17:30.991763+00:00
8978,0.6579999999999999,2026-09-24T08:17:30.994364+00:00
8979,0.545,2026-09-24T08:17:30.996869+00:00
8980,0.679,2026-09-24T08:17:30.999751+00:00
8981,0.569,2026-09-24T08:17:31.002448+00:00
8982,0.55,2026-09-24T08:17:31.005025+00:00
8983,0.78,2026-09-24T08:17:31.007883+00:00
8984,0.521,2026-09-24T08:17:31.010496+00:00
8985,0.574,2026-09-24T08:17:31.013014+00:00
8986,0.54,2026-09-24T08:17:31.015476+00:00
8987,0.437,2026-09-24T08:17:31.017788+00:00
8988,0.41,2026-09-24T08:17:31.020135+00:00
8989,0.48500000000000004,2026-09-24T08:17:31.022568+00:00
8990,0.4,2026-09-24T08:17:31.024859+00:00
8991,0.41300000000000003,2026-09-24T08:17:31.027217+00:00
8992,0.705,2026-09-24T08:17:31.029844+00:00
8993,0.594,2026-09-24T08:17:31.032119+00:00
8994,0.532,2026-09-24T08:17:31.034502+00:00
8995,0.47800000000000004,2026-09-24T08:17:31.036855+00:00
8996,0.5680000000000001,2026-09-24T08:17:31.039319+00:00
8997,0.593,2026-09-24T08:17:31.041723+00:00
8998,0.48899999999999993,2026-09-24T08:17:31.044073+00:00
8999,0.45399999999999996,2026-09-24T08:17:31.046385+00:00
9000,0.5379999999999999,2026-09-24T08:17:31.048797+00:00
9001,0.57,2026-09-24T08:17:31.051250+00:00
9002,0.507,2026-09-24T08:17:31.053629+00:00
9003,0.628,2026-09-24T08:17:31.056144+00:00
9004,0.519,2026-09-24T08:17:31.058475+00:00
9005,0.517,2026-09-24T08:17:31.060854+00:00
9006,0.378,2026-09-24T08:17:31.063126+00:00
9007,0.389,2026-09-24T08:17:31.065507+00:00
9008,0.462,2026-09-24T08:17:31.067940+00:00
9009,0.40700000000000003,2026-09-24T08:17:31.070338+00:00
9010,0.46900000000000003,2026-09-24T08:17:31.072766+00:00
9011,0.521,2026-09-24T08:17:31.075171+00:00
9012,0.49700000000000005,2026-09-24T08:17:31.077570+00:00
9013,0.40499999999999997,2026-09-24T08:17:31.079927+00:00
9014,0.40099999999999997,2026-09-24T08:17:31.082283+00:00
9015,0.38499999999999995,2026-09-24T08:17:31.084626+00:00
9016,0.5,2026-09-24T08:17:31.087091+00:00
9017,0.402,2026-09-24T08:17:31.089429+00:00
9018,0.433,2026-09-24T08:17:31.091808+00:00
9019,0.434,2026-09-24T08:17:31.094147+00:00
9020,0.47300000000000003,2026-09-24T08:17:31.096541+00:00
9021,0.40099999999999997,2026-09-24T08:17:31.098889+00:00
9022,0.43600000000000005,2026-09-24T08:17:31.101277+00:00
9023,0.40900000000000003,2026-09-24T08:17:31.103626+00:00
9024,0.40499999999999997,2026-09-24T08:17:31.106014+00:00
9025,0.5569999999999999,2026-09-24T08:17:31.108530+00:00
9026,0.457,2026-09-24T08:17:31.110792+00:00
9027,0.434,2026-09-24T08:17:31.113116+00:00
9028,0.488,2026-09-24T08:17:31.115520+00:00
9029,0.47800000000000004,2026-09-24T08:17:31.117906+00:00
9030,0.612,2026-09-24T08:17:31.120436+00:00
9031,0.44,2026-09-24T08:17:31.122732+00:00
9032,0.42700000000000005,2026-09-24T08:17:31.125069+00:00
9033,0.43600000000000005,2026-09-24T08:17:31.127421+00:00
9034,0.49799999999999994,2026-09-24T08:17:31.129819+00:00
9035,0.48899999999999993,2026-09-24T08:17:31.132145+00:00
9036,0.614,2026-09-24T08:17:31.134696+00:00
9037,0.515,2026-09-24T08:17:31.137312+00:00
9038,0.593,2026-09-24T08:17:31.139976+00:00
9039,0.379,2026-09-24T08:17:31.142328+00:00
9040,0.359,2026-09-24T08:17:31.144676+00:00
9041,0.363,2026-09-24T08:17:31.147032+00:00
9042,0.415,2026-09-24T08:17:31.149429+00:00
9043,0.368,2026-09-24T08:17:31.151735+00:00
9044,0.34600000000000003,2026-09-24T08:17:31.154047+00:00
9045,0.347,2026-09-24T08:17:31.156383+00:00
9046,0.397,2026-09-24T08:17:31.158760+00:00
9047,0.35300000000000004,2026-09-24T08:17:31.161083+00:00
9048,0.393,2026-09-24T08:17:31.163458+00:00
9049,0.365,2026-09-24T08:17:31.165793+00:00
9050,0.375,2026-09-24T08:17:31.168123+00:00
9051,0.372,2026-09-24T08:17:31.170454+00:00
9052,0.40099999999999997,2026-09-24T08:17:31.172801+00:00
9053,0.36200000000000004,2026-09-24T08:17:31.175108+00:00
9054,0.40499999999999997,2026-09-24T08:17:31.177455+00:00
9055,0.519,2026-09-24T08:17:31.179888+00:00
9056,0.47600000000000003,2026-09-24T08:17:31.182362+00:00
9057,1.009,2026-09-24T08:17:31.185370+00:00
9058,0.842,2026-09-24T08:17:31.188035+00:00
9059,0.781,2026-09-24T08:17:31.190483+00:00
9060,0.665,2026-09-24T08:17:31.192945+00:00
9061,0.545,2026-09-24T08:17:31.195382+00:00
9062,0.622,2026-09-24T08:17:31.197926+00:00
9063,0.453,2026-09-24T08:17:31.200242+00:00
9064,0.536,2026-09-24T08:17:31.202744+00:00
9065,0.565,2026-09-24T08:17:31.205209+00:00
9066,0.479,2026-09-24T08:17:31.207540+00:00
9067,0.508,2026-09-24T08:17:31.209894+00:00
9068,0.441,2026-09-24T08:17:31.212219+00:00
9069,0.51,2026-09-24T08:17:31.214616+00:00
9070,0.374,2026-09-24T08:17:31.216871+00:00
9071,0.331,2026-09-24T08:17:31.219174+00:00
9072,0.46299999999999997,2026-09-24T08:17:31.221633+00:00
9073,0.438,2026-09-24T08:17:31.224067+00:00
9074,0.425,2026-09-24T08:17:31.226436+00:00
9075,0.415,2026-09-24T08:17:31.228757+00:00
9076,0.398,2026-09-24T08:17:31.231082+00:00
9077,0.6880000000000001,2026-09-24T08:17:31.233691+00:00
9078,0.477,2026-09-24T08:17:31.235977+00:00
9079,0.444,2026-09-24T08:17:31.238304+00:00
9080,0.47800000000000004,2026-09-24T08:17:31.240680+00:00
9081,0.565,2026-09-24T08:17:31.243111+00:00
9082,0.467,2026-09-24T08:17:31.245438+00:00
9083,0.47300000000000003,2026-09-24T08:17:31.247778+00:00
9084,0.434,2026-09-24T08:17:31.250080+00:00
9085,0.5609999999999999,2026-09-24T08:17:31.252524+00:00
9086,0.47800000000000004,2026-09-24T08:17:31.254796+00:00
9087,0.474,2026-09-24T08:17:31.257146+00:00
9088,0.49700000000000005,2026-09-24T08:17:31.259503+00:00
9089,0.48500000000000004,2026-09-24T08:17:31.261817+00:00
9090,0.47100000000000003,2026-09-24T08:17:31.264135+00:00
9091,0.481,2026-09-24T08:17:31.266474+00:00
9092,0.465,2026-09-24T08:17:31.268768+00:00
9093,0.545,2026-09-24T08:17:31.271167+00:00
9094,0.472,2026-09-24T08:17:31.273426+00:00
9095,0.47100000000000003,2026-09-24T08:17:31.275731+00:00
9096,0.495,2026-09-24T08:17:31.278084+00:00
9097,0.48700000000000004,2026-09-24T08:17:31.280396+00:00
9098,0.499,2026-09-24T08:17:31.282726+00:00
9099,0.519,2026-09-24T08:17:31.285087+00:00
9100,0.513,2026-09-24T08:17:31.287430+00:00
9101,0.397,2026-09-24T08:17:31.289636+00:00
9102,0.325,2026-09-24T08:17:31.291939+00:00
9103,0.306,2026-09-24T08:17:31.294241+00:00
9104,0.33399999999999996,2026-09-24T08:17:31.296572+00:00
9105,0.323,2026-09-24T08:17:31.298894+00:00
9106,0.33599999999999997,2026-09-24T08:17:31.301213+00:00
9107,0.34099999999999997,2026-09-24T08:17:31.303530+00:00
9108,0.335,2026-09-24T08:17:31.305843+00:00
9109,0.375,2026-09-24T08:17:31.308192+00:00
9110,0.352,2026-09-24T08:17:31.310492+00:00
9111,0.34299999999999997,2026-09-24T08:17:31.312795+00:00
9112,0.37,2026-09-24T08:17:31.315134+00:00
9113,0.368,2026-09-24T08:17:31.317458+00:00
9114,0.33799999999999997,2026-09-24T08:17:31.319764+00:00
9115,0.35300000000000004,2026-09-24T08:17:31.322077+00:00
9116,0.366,2026-09-24T08:17:31.324399+00:00
9117,0.453,2026-09-24T08:17:31.326812+00:00
9118,0.365,2026-09-24T08:17:31.329092+00:00
9119,0.39399999999999996,2026-09-24T08:17:31.331436+00:00
9120,0.44499999999999995,2026-09-24T08:17:31.333834+00:00
9121,0.384,2026-09-24T08:17:31.336146+00:00
9122,0.399,2026-09-24T08:17:31.338494+00:00
9123,0.392,2026-09-24T08:17:31.340805+00:00
9124,0.423,2026-09-24T08:17:31.343171+00:00
9125,0.536,2026-09-24T08:17:31.345648+00:00
9126,0.389,2026-09-24T08:17:31.347843+00:00
9127,0.381,2026-09-24T08:17:31.350160+00:00
9128,0.435,2026-09-24T08:17:31.352532+00:00
9129,0.41800000000000004,2026-09-24T08:17:31.354847+00:00
9130,0.38499999999999995,2026-09-24T08:17:31.357141+00:00
9131,0.475,2026-09-24T08:17:31.359529+00:00
9132,0.433,2026-09-24T08:17:31.361820+00:00
9133,0.41800000000000004,2026-09-24T08:17:31.364134+00:00
9134,0.41,2026-09-24T08:17:31.366472+00:00
9135,0.404,2026-09-24T08:17:31.368803+00:00
9136,0.453,2026-09-24T08:17:31.371193+00:00
9137,0.41300000000000003,2026-09-24T08:17:31.373521+00:00
9138,0.414,2026-09-24T08:17:31.375848+00:00
9139,0.41100000000000003,2026-09-24T08:17:31.378165+00:00
9140,0.506,2026-09-24T08:17:31.380576+00:00
9141,0.355,2026-09-24T08:17:31.382802+00:00
9142,0.371,2026-09-24T08:17:31.385154+00:00
9143,0.379,2026-09-24T08:17:31.387510+00:00
9144,0.406,2026-09-24T08:17:31.389835+00:00
9145,0.381,2026-09-24T08:17:31.392158+00:00
9146,0.458,2026-09-24T08:17:31.394581+00:00
9147,0.395,2026-09-24T08:17:31.396857+00:00
9148,0.5419999999999999,2026-09-24T08:17:31.399399+00:00
9149,0.48000000000000004,2026-09-24T08:17:31.401844+00:00
9150,0.46,2026-09-24T08:17:31.404300+00:00
9151,0.46099999999999997,2026-09-24T08:17:31.406715+00:00
9152,0.5680000000000001,2026-09-24T08:17:31.409204+00:00
9153,0.45399999999999996,2026-09-24T08:17:31.411579+00:00
9154,0.437,2026-09-24T08:17:31.413951+00:00
9155,0.455,2026-09-24T08:17:31.416347+00:00
9156,0.404,2026-09-24T08:17:31.418694+00:00
9157,0.406,2026-09-24T08:17:31.421041+00:00
9158,0.386,2026-09-24T08:17:31.423348+00:00
9159,0.39599999999999996,2026-09-24T08:17:31.425681+00:00
9160,0.412,2026-09-24T08:17:31.428036+00:00
9161,0.703,2026-09-24T08:17:31.430669+00:00
9162,0.49799999999999994,2026-09-24T08:17:31.432961+00:00
9163,0.6629999999999999,2026-09-24T08:17:31.435507+00:00
9164,0.5810000000000001,2026-09-24T08:17:31.437949+00:00
9165,0.7240000000000001,2026-09-24T08:17:31.440859+00:00
9166,0.683,2026-09-24T08:17:31.443488+00:00
9167,0.718,2026-09-24T08:17:31.446214+00:00
9168,0.57,2026-09-24T08:17:31.448764+00:00
9169,0.657,2026-09-24T08:17:31.451332+00:00
9170,0.467,2026-09-24T08:17:31.453665+00:00
9171,0.712,2026-09-24T08:17:31.456315+00:00
9172,0.675,2026-09-24T08:17:31.458778+00:00
9173,0.575,2026-09-24T08:17:31.461244+00:00
9174,0.636,2026-09-24T08:17:31.463740+00:00
9175,0.574,2026-09-24T08:17:31.466292+00:00
9176,0.5630000000000001,2026-09-24T08:17:31.468809+00:00
9177,0.756,2026-09-24T08:17:31.471544+00:00
9178,0.524,2026-09-24T08:17:31.473910+00:00
9179,0.9219999999999999,2026-09-24T08:17:31.476768+00:00
9180,0.6589999999999999,2026-09-24T08:17:31.479258+00:00
9181,0.634,2026-09-24T08:17:31.481762+00:00
9182,0.83,2026-09-24T08:17:31.484582+00:00
9183,0.6930000000000001,2026-09-24T08:17:31.487004+00:00
9184,0.509,2026-09-24T08:17:31.489436+00:00
9185,0.444,2026-09-24T08:17:31.491791+00:00
9186,0.43,2026-09-24T08:17:31.494138+00:00
9187,1.0330000000000001,2026-09-24T08:17:31.497106+00:00
9188,0.579,2026-09-24T08:17:31.499549+00:00
9189,0.5680000000000001,2026-09-24T08:17:31.501992+00:00
9190,0.8360000000000001,2026-09-24T08:17:31.504881+00:00
9191,0.731,2026-09-24T08:17:31.507564+00:00
9192,0.755,2026-09-24T08:17:31.510115+00:00
9193,0.5720000000000001,2026-09-24T08:17:31.512542+00:00
9194,0.612,2026-09-24T08:17:31.515046+00:00
9195,0.653,2026-09-24T08:17:31.517535+00:00
9196,0.527,2026-09-24T08:17:31.519882+00:00
9197,0.377,2026-09-24T08:17:31.522140+00:00
9198,0.526,2026-09-24T08:17:31.524644+00:00
9199,0.46299999999999997,2026-09-24T08:17:31.526975+00:00
9200,0.423,2026-09-24T08:17:31.529266+00:00
9201,0.40299999999999997,2026-09-24T08:17:31.531618+00:00
9202,0.36900000000000005,2026-09-24T08:17:31.533916+00:00
9203,0.584,2026-09-24T08:17:31.536464+00:00
9204,0.47300000000000003,2026-09-24T08:17:31.538842+00:00
9205,0.34900000000000003,2026-09-24T08:17:31.541086+00:00
9206,0.41,2026-09-24T08:17:31.543483+00:00
9207,0.404,2026-09-24T08:17:31.545830+00:00
9208,0.384,2026-09-24T08:17:31.548159+00:00
9209,0.378,2026-09-24T08:17:31.550494+00:00
9210,0.495,2026-09-24T08:17:31.552921+00:00
9211,0.541,2026-09-24T08:17:31.555311+00:00
9212,0.47300000000000003,2026-09-24T08:17:31.557622+00:00
9213,0.479,2026-09-24T08:17:31.559974+00:00
9214,0.49,2026-09-24T08:17:31.562320+00:00
9215,0.533,2026-09-24T08:17:31.564708+00:00
9216,0.482,2026-09-24T08:17:31.567037+00:00
9217,0.49700000000000005,2026-09-24T08:17:31.569396+00:00
9218,0.46299999999999997,2026-09-24T08:17:31.571711+00:00
9219,0.57,2026-09-24T08:17:31.574183+00:00
9220,0.425,2026-09-24T08:17:31.576500+00:00
9221,0.416,2026-09-24T08:17:31.578839+00:00
9222,0.419,2026-09-24T08:17:31.581187+00:00
9223,0.42700000000000005,2026-09-24T08:17:31.583544+00:00
9224,0.426,2026-09-24T08:17:31.585852+00:00
9225,0.422,2026-09-24T08:17:31.588199+00:00
9226,0.46,2026-09-24T08:17:31.590588+00:00
9227,0.5339999999999999,2026-09-24T08:17:31.593041+00:00
9228,0.444,2026-09-24T08:17:31.595345+00:00
9229,0.46599999999999997,2026-09-24T08:17:31.597728+00:00
9230,0.494,2026-09-24T08:17:31.600115+00:00
9231,0.456,2026-09-24T08:17:31.602471+00:00
9232,0.455,2026-09-24T08:17:31.604821+00:00
9233,0.562,2026-09-24T08:17:31.607297+00:00
9234,0.434,2026-09-24T08:17:31.609584+00:00
9235,0.41300000000000003,2026-09-24T08:17:31.611921+00:00
9236,0.365,2026-09-24T08:17:31.614237+00:00
9237,0.35,2026-09-24T08:17:31.616549+00:00
9238,0.389,2026-09-24T08:17:31.618924+00:00
9239,0.352,2026-09-24T08:17:31.621230+00:00
9240,0.535,2026-09-24T08:17:31.623738+00:00
9241,0.42700000000000005,2026-09-24T08:17:31.625964+00:00
9242,0.474,2026-09-24T08:17:31.628375+00:00
9243,0.531,2026-09-24T08:17:31.630774+00:00
9244,0.569,2026-09-24T08:17:31.633226+00:00
9245,0.48000000000000004,2026-09-24T08:17:31.635553+00:00
9246,0.479,2026-09-24T08:17:31.637889+00:00
9247,0.528,2026-09-24T08:17:31.640277+00:00
9248,0.594,2026-09-24T08:17:31.642706+00:00
9249,0.928,2026-09-24T08:17:31.645562+00:00
9250,0.6539999999999999,2026-09-24T08:17:31.648068+00:00
9251,0.558,2026-09-24T08:17:31.650475+00:00
9252,0.5339999999999999,2026-09-24T08:17:31.652895+00:00
9253,0.429,2026-09-24T08:17:31.655251+00:00
9254,0.597,2026-09-24T08:17:31.657783+00:00
9255,0.441,2026-09-24T08:17:31.660135+00:00
9256,0.432,2026-09-24T08:17:31.662492+00:00
9257,0.597,2026-09-24T08:17:31.664990+00:00
9258,0.442,2026-09-24T08:17:31.667304+00:00
9259,0.592,2026-09-24T08:17:31.669819+00:00
9260,0.508,2026-09-24T08:17:31.672153+00:00
9261,0.42000000000000004,2026-09-24T08:17:31.674468+00:00
9262,0.694,2026-09-24T08:17:31.677282+00:00
9263,0.49799999999999994,2026-09-24T08:17:31.679879+00:00
9264,0.812,2026-09-24T08:17:31.682836+00:00
9265,0.829,2026-09-24T08:17:31.685543+00:00
9266,0.5950000000000001,2026-09-24T08:17:31.688029+00:00
9267,1.081,2026-09-24T08:17:31.691028+00:00
9268,0.5559999999999999,2026-09-24T08:17:31.693277+00:00
9269,0.5609999999999999,2026-09-24T08:17:31.695848+00:00
9270,0.479,2026-09-24T08:17:31.698312+00:00
9271,0.665,2026-09-24T08:17:31.700896+00:00
9272,0.48700000000000004,2026-09-24T08:17:31.703270+00:00
9273,0.465,2026-09-24T08:17:31.705667+00:00
9274,0.426,2026-09-24T08:17:31.708050+00:00
9275,0.39,2026-09-24T08:17:31.710403+00:00
9276,0.364,2026-09-24T08:17:31.712721+00:00
9277,0.375,2026-09-24T08:17:31.715060+00:00
9278,0.456,2026-09-24T08:17:31.717461+00:00
9279,0.465,2026-09-24T08:17:31.719858+00:00
9280,0.374,2026-09-24T08:17:31.722141+00:00
9281,0.447,2026-09-24T08:17:31.724543+00:00
9282,0.442,2026-09-24T08:17:31.726921+00:00
9283,0.36900000000000005,2026-09-24T08:17:31.729237+00:00
9284,0.47600000000000003,2026-09-24T08:17:31.731661+00:00
9285,0.377,2026-09-24T08:17:31.733878+00:00
9286,0.448,2026-09-24T08:17:31.736273+00:00
9287,0.472,2026-09-24T08:17:31.738687+00:00
9288,0.43,2026-09-24T08:17:31.740997+00:00
9289,0.622,2026-09-24T08:17:31.743656+00:00
9290,0.58,2026-09-24T08:17:31.746223+00:00
9291,0.68,2026-09-24T08:17:31.748880+00:00
9292,0.65,2026-09-24T08:17:31.751425+00:00
9293,0.472,2026-09-24T08:17:31.753782+00:00
9294,0.488,2026-09-24T08:17:31.756195+00:00
9295,0.472,2026-09-24T08:17:31.758588+00:00
9296,0.40299999999999997,2026-09-24T08:17:31.760928+00:00
9297,0.48899999999999993,2026-09-24T08:17:31.763354+00:00
9298,0.7,2026-09-24T08:17:31.766085+00:00
9299,0.598,2026-09-24T08:17:31.768651+00:00
9300,0.5339999999999999,2026-09-24T08:17:31.771103+00:00
9301,0.523,2026-09-24T08:17:31.773575+00:00
9302,0.78,2026-09-24T08:17:31.776329+00:00
9303,0.575,2026-09-24T08:17:31.778782+00:00
9304,0.43600000000000005,2026-09-24T08:17:31.781102+00:00
9305,0.458,2026-09-24T08:17:31.783473+00:00
9306,0.456,2026-09-24T08:17:31.785807+00:00
9307,0.501,2026-09-24T08:17:31.788217+00:00
9308,0.47,2026-09-24T08:17:31.790547+00:00
9309,0.44499999999999995,2026-09-24T08:17:31.792846+00:00
9310,0.602,2026-09-24T08:17:31.795330+00:00
9311,0.57,2026-09-24T08:17:31.797727+00:00
9312,0.439,2026-09-24T08:17:31.799953+00:00
9313,0.45,2026-09-24T08:17:31.802285+00:00
9314,0.44499999999999995,2026-09-24T08:17:31.804600+00:00
9315,0.533,2026-09-24T08:17:31.806959+00:00
9316,0.447,2026-09-24T08:17:31.809224+00:00
9317,0.49,2026-09-24T08:17:31.811575+00:00
9318,0.633,2026-09-24T08:17:31.814041+00:00
9319,0.465,2026-09-24T08:17:31.816306+00:00
9320,0.48700000000000004,2026-09-24T08:17:31.818654+00:00
9321,0.483,2026-09-24T08:17:31.820988+00:00
9322,0.48000000000000004,2026-09-24T08:17:31.823310+00:00
9323,0.58,2026-09-24T08:17:31.825722+00:00
9324,0.496,2026-09-24T08:17:31.827995+00:00
9325,0.40299999999999997,2026-09-24T08:17:31.830240+00:00
9326,0.49799999999999994,2026-09-24T08:17:31.832650+00:00
9327,0.39599999999999996,2026-09-24T08:17:31.834821+00:00
9328,0.383,2026-09-24T08:17:31.837186+00:00
9329,0.483,2026-09-24T08:17:31.839667+00:00
9330,0.34,2026-09-24T08:17:31.841990+00:00
9331,0.359,2026-09-24T08:17:31.844344+00:00
9332,0.348,2026-09-24T08:17:31.846678+00:00
9333,0.374,2026-09-24T08:17:31.849048+00:00
9334,0.35300000000000004,2026-09-24T08:17:31.851361+00:00
9335,0.359,2026-09-24T08:17:31.853698+00:00
9336,0.357,2026-09-24T08:17:31.856040+00:00
9337,0.495,2026-09-24T08:17:31.858514+00:00
9338,0.36200000000000004,2026-09-24T08:17:31.860817+00:00
9339,0.367,2026-09-24T08:17:31.863153+00:00
9340,0.376,2026-09-24T08:17:31.865491+00:00
9341,0.5289999999999999,2026-09-24T08:17:31.867990+00:00
9342,0.437,2026-09-24T08:17:31.870224+00:00
9343,0.45,2026-09-24T08:17:31.872561+00:00
9344,0.451,2026-09-24T08:17:31.874888+00:00
9345,0.641,2026-09-24T08:17:31.877421+00:00
9346,0.598,2026-09-24T08:17:31.879785+00:00
9347,0.48000000000000004,2026-09-24T08:17:31.882153+00:00
9348,0.5770000000000001,2026-09-24T08:17:31.884590+00:00
9349,0.731,2026-09-24T08:17:31.887089+00:00
9350,0.507,2026-09-24T08:17:31.889375+00:00
9351,0.48500000000000004,2026-09-24T08:17:31.891833+00:00
9352,0.5469999999999999,2026-09-24T08:17:31.894368+00:00
9353,0.527,2026-09-24T08:17:31.896859+00:00
9354,0.718,2026-09-24T08:17:31.899546+00:00
9355,0.6930000000000001,2026-09-24T08:17:31.902010+00:00
9356,0.544,2026-09-24T08:17:31.904353+00:00
9357,0.474,2026-09-24T08:17:31.906788+00:00
9358,0.47100000000000003,2026-09-24T08:17:31.909304+00:00
9359,0.444,2026-09-24T08:17:31.911774+00:00
9360,0.631,2026-09-24T08:17:31.914592+00:00
9361,0.7380000000000001,2026-09-24T08:17:31.917407+00:00
9362,0.43,2026-09-24T08:17:31.919885+00:00
9363,0.421,2026-09-24T08:17:31.922371+00:00
9364,0.391,2026-09-24T08:17:31.924793+00:00
9365,0.38699999999999996,2026-09-24T08:17:31.927156+00:00
9366,0.377,2026-09-24T08:17:31.929507+00:00
9367,0.54,2026-09-24T08:17:31.932024+00:00
9368,0.458,2026-09-24T08:17:31.934397+00:00
9369,0.449,2026-09-24T08:17:31.936805+00:00
9370,0.484,2026-09-24T08:17:31.939230+00:00
9371,0.7200000000000001,2026-09-24T08:17:31.941926+00:00
9372,0.714,2026-09-24T08:17:31.944552+00:00
9373,0.626,2026-09-24T08:17:31.947064+00:00
9374,0.5770000000000001,2026-09-24T08:17:31.949556+00:00
9375,0.608,2026-09-24T08:17:31.952096+00:00
9376,0.621,2026-09-24T08:17:31.954705+00:00
9377,0.734,2026-09-24T08:17:31.957397+00:00
9378,0.608,2026-09-24T08:17:31.959932+00:00
9379,0.69,2026-09-24T08:17:31.962558+00:00
9380,0.612,2026-09-24T08:17:31.965039+00:00
9381,0.48899999999999993,2026-09-24T08:17:31.967393+00:00
9382,0.513,2026-09-24T08:17:31.969777+00:00
9383,0.508,2026-09-24T08:17:31.972148+00:00
9384,0.646,2026-09-24T08:17:31.974660+00:00
9385,0.512,2026-09-24T08:17:31.976939+00:00
9386,0.5379999999999999,2026-09-24T08:17:31.979334+00:00
9387,0.48500000000000004,2026-09-24T08:17:31.981685+00:00
9388,0.49700000000000005,2026-09-24T08:17:31.984075+00:00
9389,0.416,2026-09-24T08:17:31.986341+00:00
9390,0.435,2026-09-24T08:17:31.988728+00:00
9391,0.578,2026-09-24T08:17:31.991258+00:00
9392,0.521,2026-09-24T08:17:31.993712+00:00
9393,0.40700000000000003,2026-09-24T08:17:31.996058+00:00
9394,0.426,2026-09-24T08:17:31.998404+00:00
9395,0.42700000000000005,2026-09-24T08:17:32.000738+00:00
9396,0.45899999999999996,2026-09-24T08:17:32.003110+00:00
9397,0.588,2026-09-24T08:17:32.005591+00:00
9398,0.44499999999999995,2026-09-24T08:17:32.007781+00:00
9399,0.722,2026-09-24T08:17:32.010489+00:00
9400,0.585,2026-09-24T08:17:32.013029+00:00
9401,0.623,2026-09-24T08:17:32.015602+00:00
9402,0.5910000000000001,2026-09-24T08:17:32.018223+00:00
9403,0.69,2026-09-24T08:17:32.020797+00:00
9404,0.594,2026-09-24T08:17:32.023249+00:00
9405,0.6920000000000001,2026-09-24T08:17:32.025827+00:00
9406,0.631,2026-09-24T08:17:32.028326+00:00
9407,0.758,2026-09-24T08:17:32.030941+00:00
9408,0.5950000000000001,2026-09-24T08:17:32.033335+00:00
9409,0.525,2026-09-24T08:17:32.035775+00:00
9410,0.484,2026-09-24T08:17:32.038176+00:00
9411,0.6859999999999999,2026-09-24T08:17:32.040791+00:00
9412,0.731,2026-09-24T08:17:32.043355+00:00
9413,0.629,2026-09-24T08:17:32.045963+00:00
9414,0.467,2026-09-24T08:17:32.048290+00:00
9415,0.629,2026-09-24T08:17:32.050814+00:00
9416,0.789,2026-09-24T08:17:32.053469+00:00
9417,0.719,2026-09-24T08:17:32.055913+00:00
9418,0.491,2026-09-24T08:17:32.058222+00:00
9419,0.67,2026-09-24T08:17:32.060797+00:00
9420,0.674,2026-09-24T08:17:32.063272+00:00
9421,0.877,2026-09-24T08:17:32.065966+00:00
9422,0.825,2026-09-24T08:17:32.068663+00:00
9423,0.508,2026-09-24T08:17:32.071117+00:00
9424,0.45199999999999996,2026-09-24T08:17:32.073635+00:00
9425,0.46099999999999997,2026-09-24T08:17:32.076100+00:00
9426,0.8180000000000001,2026-09-24T08:17:32.078914+00:00
9427,0.9510000000000001,2026-09-24T08:17:32.081802+00:00
9428,0.7829999999999999,2026-09-24T08:17:32.084521+00:00
9429,0.662,2026-09-24T08:17:32.086995+00:00
9430,0.628,2026-09-24T08:17:32.089600+00:00
9431,0.5950000000000001,2026-09-24T08:17:32.092044+00:00
9432,0.629,2026-09-24T08:17:32.094553+00:00
9433,0.575,2026-09-24T08:17:32.096934+00:00
9434,0.486,2026-09-24T08:17:32.099388+00:00
9435,0.531,2026-09-24T08:17:32.101871+00:00
9436,0.507,2026-09-24T08:17:32.104299+00:00
9437,0.44,2026-09-24T08:17:32.106662+00:00
9438,0.399,2026-09-24T08:17:32.109009+00:00
9439,0.422,2026-09-24T08:17:32.111378+00:00
9440,0.43,2026-09-24T08:17:32.113730+00:00
9441,0.634,2026-09-24T08:17:32.116306+00:00
9442,0.438,2026-09-24T08:17:32.118599+00:00
9443,0.42000000000000004,2026-09-24T08:17:32.120937+00:00
9444,0.404,2026-09-24T08:17:32.123252+00:00
9445,0.446,2026-09-24T08:17:32.125627+00:00
9446,0.40099999999999997,2026-09-24T08:17:32.127949+00:00
9447,0.449,2026-09-24T08:17:32.130322+00:00
9448,0.509,2026-09-24T08:17:32.132724+00:00
9449,0.48700000000000004,2026-09-24T08:17:32.135123+00:00
9450,0.48899999999999993,2026-09-24T08:17:32.137497+00:00
9451,0.525,2026-09-24T08:17:32.139892+00:00
9452,0.422,2026-09-24T08:17:32.142173+00:00
9453,0.365,2026-09-24T08:17:32.144450+00:00
9454,0.419,2026-09-24T08:17:32.146859+00:00
9455,0.381,2026-09-24T08:17:32.149230+00:00
9456,0.364,2026-09-24T08:17:32.151587+00:00
9457,0.375,2026-09-24T08:17:32.153951+00:00
9458,0.36000000000000004,2026-09-24T08:17:32.156294+00:00
9459,0.517,2026-09-24T08:17:32.158793+00:00
9460,0.389,2026-09-24T08:17:32.161045+00:00
9461,0.425,2026-09-24T08:17:32.163443+00:00
9462,0.472,2026-09-24T08:17:32.165869+00:00
9463,0.449,2026-09-24T08:17:32.168223+00:00
9464,0.414,2026-09-24T08:17:32.170566+00:00
9465,0.402,2026-09-24T08:17:32.172915+00:00
9466,0.57,2026-09-24T08:17:32.175435+00:00
9467,0.5479999999999999,2026-09-24T08:17:32.177864+00:00
9468,0.41100000000000003,2026-09-24T08:17:32.180182+00:00
9469,0.45,2026-09-24T08:17:32.182589+00:00
9470,0.39599999999999996,2026-09-24T08:17:32.184981+00:00
9471,0.441,2026-09-24T08:17:32.187369+00:00
9472,0.42000000000000004,2026-09-24T08:17:32.189706+00:00
9473,0.6769999999999999,2026-09-24T08:17:32.192314+00:00
9474,0.569,2026-09-24T08:17:32.194772+00:00
9475,0.517,2026-09-24T08:17:32.197174+00:00
9476,0.5,2026-09-24T08:17:32.199538+00:00
9477,0.48899999999999993,2026-09-24T08:17:32.201923+00:00
9478,0.47600000000000003,2026-09-24T08:17:32.204318+00:00
9479,0.651,2026-09-24T08:17:32.206907+00:00
9480,0.502,2026-09-24T08:17:32.209295+00:00
9481,0.609,2026-09-24T08:17:32.211846+00:00
9482,0.537,2026-09-24T08:17:32.214259+00:00
9483,0.5289999999999999,2026-09-24T08:17:32.216641+00:00
9484,0.5720000000000001,2026-09-24T08:17:32.219058+00:00
9485,0.431,2026-09-24T08:17:32.221329+00:00
9486,0.537,2026-09-24T08:17:32.223901+00:00
9487,0.49,2026-09-24T08:17:32.226357+00:00
9488,0.406,2026-09-24T08:17:32.228726+00:00
9489,0.47100000000000003,2026-09-24T08:17:32.231171+00:00
9490,0.39,2026-09-24T08:17:32.233517+00:00
9491,0.39,2026-09-24T08:17:32.235879+00:00
9492,0.361,2026-09-24T08:17:32.238204+00:00
9493,0.40099999999999997,2026-09-24T08:17:32.240595+00:00
9494,0.439,2026-09-24T08:17:32.242993+00:00
9495,0.357,2026-09-24T08:17:32.245296+00:00
9496,0.417,2026-09-24T08:17:32.247687+00:00
9497,0.526,2026-09-24T08:17:32.250156+00:00
9498,0.49299999999999994,2026-09-24T08:17:32.252550+00:00
9499,0.46,2026-09-24T08:17:32.254959+00:00
9500,0.48500000000000004,2026-09-24T08:17:32.257374+00:00
9501,0.441,2026-09-24T08:17:32.259741+00:00
9502,0.525,2026-09-24T08:17:32.262211+00:00
9503,0.398,2026-09-24T08:17:32.264501+00:00
9504,0.367,2026-09-24T08:17:32.266790+00:00
9505,0.53,2026-09-24T08:17:32.269260+00:00
9506,0.477,2026-09-24T08:17:32.271614+00:00
9507,0.491,2026-09-24T08:17:32.274001+00:00
9508,0.503,2026-09-24T08:17:32.276396+00:00
9509,0.53,2026-09-24T08:17:32.278827+00:00
9510,0.559,2026-09-24T08:17:32.281267+00:00
9511,0.435,2026-09-24T08:17:32.283570+00:00
9512,0.434,2026-09-24T08:17:32.285857+00:00
9513,0.571,2026-09-24T08:17:32.288338+00:00
9514,0.536,2026-09-24T08:17:32.290725+00:00
9515,0.46900000000000003,2026-09-24T08:17:32.293074+00:00
9516,0.484,2026-09-24T08:17:32.295428+00:00
9517,0.392,2026-09-24T08:17:32.297724+00:00
9518,0.726,2026-09-24T08:17:32.300477+00:00
9519,0.5670000000000001,2026-09-24T08:17:32.302774+00:00
9520,0.618,2026-09-24T08:17:32.305468+00:00
9521,0.6449999999999999,2026-09-24T08:17:32.308082+00:00
9522,0.5910000000000001,2026-09-24T08:17:32.310648+00:00
9523,0.5339999999999999,2026-09-24T08:17:32.313184+00:00
9524,0.46,2026-09-24T08:17:32.315652+00:00
9525,0.46099999999999997,2026-09-24T08:17:32.318123+00:00
9526,0.593,2026-09-24T08:17:32.320750+00:00
9527,0.474,2026-09-24T08:17:32.323201+00:00
9528,0.458,2026-09-24T08:17:32.325633+00:00
9529,0.514,2026-09-24T08:17:32.328106+00:00
9530,0.5900000000000001,2026-09-24T08:17:32.330628+00:00
9531,0.38499999999999995,2026-09-24T08:17:32.332901+00:00
9532,0.391,2026-09-24T08:17:32.335254+00:00
9533,0.438,2026-09-24T08:17:32.337644+00:00
9534,0.513,2026-09-24T08:17:32.340086+00:00
9535,0.408,2026-09-24T08:17:32.342388+00:00
9536,0.421,2026-09-24T08:17:32.344755+00:00
9537,0.531,2026-09-24T08:17:32.347225+00:00
9538,0.588,2026-09-24T08:17:32.349710+00:00
9539,0.397,2026-09-24T08:17:32.351963+00:00
9540,0.417,2026-09-24T08:17:32.354310+00:00
9541,0.424,2026-09-24T08:17:32.356661+00:00
9542,0.482,2026-09-24T08:17:32.359065+00:00
9543,0.412,2026-09-24T08:17:32.361354+00:00
9544,0.48700000000000004,2026-09-24T08:17:32.363760+00:00
9545,0.62,2026-09-24T08:17:32.366281+00:00
9546,0.628,2026-09-24T08:17:32.368751+00:00
9547,0.5910000000000001,2026-09-24T08:17:32.371167+00:00
9548,0.467,2026-09-24T08:17:32.373483+00:00
9549,0.367,2026-09-24T08:17:32.375725+00:00
9550,0.431,2026-09-24T08:17:32.378142+00:00
9551,0.5109999999999999,2026-09-24T08:17:32.380618+00:00
9552,0.34600000000000003,2026-09-24T08:17:32.382919+00:00
9553,0.45899999999999996,2026-09-24T08:17:32.385369+00:00
9554,0.47300000000000003,2026-09-24T08:17:32.387799+00:00
9555,0.416,2026-09-24T08:17:32.390174+00:00
9556,0.388,2026-09-24T08:17:32.392512+00:00
9557,0.444,2026-09-24T08:17:32.394880+00:00
9558,0.684,2026-09-24T08:17:32.397651+00:00
9559,0.6589999999999999,2026-09-24T08:17:32.400161+00:00
9560,0.48899999999999993,2026-09-24T08:17:32.402492+00:00
9561,0.633,2026-09-24T08:17:32.404995+00:00
9562,0.5680000000000001,2026-09-24T08:17:32.407392+00:00
9563,0.598,2026-09-24T08:17:32.409860+00:00
9564,0.63,2026-09-24T08:17:32.412337+00:00
9565,0.758,2026-09-24T08:17:32.414829+00:00
9566,0.687,2026-09-24T08:17:32.417344+00:00
9567,0.616,2026-09-24T08:17:32.419801+00:00
9568,0.65,2026-09-24T08:17:32.422358+00:00
9569,0.606,2026-09-24T08:17:32.424922+00:00
9570,0.609,2026-09-24T08:17:32.427435+00:00
9571,0.78,2026-09-24T08:17:32.430096+00:00
9572,0.6449999999999999,2026-09-24T08:17:32.432543+00:00
9573,0.565,2026-09-24T08:17:32.434973+00:00
9574,0.6589999999999999,2026-09-24T08:17:32.437551+00:00
9575,0.68,2026-09-24T08:17:32.440096+00:00
9576,0.6880000000000001,2026-09-24T08:17:32.442629+00:00
9577,0.6539999999999999,2026-09-24T08:17:32.445100+00:00
9578,0.703,2026-09-24T08:17:32.447726+00:00
9579,0.7060000000000001,2026-09-24T08:17:32.450255+00:00
9580,0.494,2026-09-24T08:17:32.452535+00:00
9581,0.464,2026-09-24T08:17:32.454837+00:00
9582,0.488,2026-09-24T08:17:32.457242+00:00
9583,0.5670000000000001,2026-09-24T08:17:32.459659+00:00
9584,0.455,2026-09-24T08:17:32.462015+00:00
9585,0.47,2026-09-24T08:17:32.464452+00:00
9586,0.522,2026-09-24T08:17:32.466920+00:00
9587,0.433,2026-09-24T08:17:32.469317+00:00
9588,0.4,2026-09-24T08:17:32.471661+00:00
9589,0.449,2026-09-24T08:17:32.474067+00:00
9590,0.377,2026-09-24T08:17:32.476394+00:00
9591,0.48700000000000004,2026-09-24T08:17:32.478836+00:00
9592,0.785,2026-09-24T08:17:32.481555+00:00
9593,0.456,2026-09-24T08:17:32.483726+00:00
9594,0.66,2026-09-24T08:17:32.486342+00:00
9595,0.782,2026-09-24T08:17:32.488908+00:00
9596,0.5820000000000001,2026-09-24T08:17:32.491194+00:00
9597,0.6809999999999999,2026-09-24T08:17:32.493719+00:00
9598,0.615,2026-09-24T08:17:32.496037+00:00
9599,0.719,2026-09-24T08:17:32.498557+00:00
9600,0.503,2026-09-24T08:17:32.500791+00:00
9601,0.455,2026-09-24T08:17:32.503146+00:00
9602,0.6040000000000001,2026-09-24T08:17:32.505657+00:00
9603,0.855,2026-09-24T08:17:32.508700+00:00
9604,0.5289999999999999,2026-09-24T08:17:32.511119+00:00
9605,0.504,2026-09-24T08:17:32.513570+00:00
9606,0.545,2026-09-24T08:17:32.515972+00:00
9607,0.521,2026-09-24T08:17:32.518332+00:00
9608,0.47,2026-09-24T08:17:32.520667+00:00
9609,0.486,2026-09-24T08:17:32.523056+00:00
9610,0.499,2026-09-24T08:17:32.525438+00:00
9611,0.61,2026-09-24T08:17:32.527894+00:00
9612,0.593,2026-09-24T08:17:32.530355+00:00
9613,0.5199999999999999,2026-09-24T08:17:32.532794+00:00
9614,0.457,2026-09-24T08:17:32.535256+00:00
9615,0.374,2026-09-24T08:17:32.537636+00:00
9616,0.386,2026-09-24T08:17:32.540011+00:00
9617,0.375,2026-09-24T08:17:32.542356+00:00
9618,0.38699999999999996,2026-09-24T08:17:32.544711+00:00
9619,0.373,2026-09-24T08:17:32.547043+00:00
9620,0.374,2026-09-24T08:17:32.549368+00:00
9621,0.377,2026-09-24T08:17:32.551690+00:00
9622,0.378,2026-09-24T08:17:32.554054+00:00
9623,0.578,2026-09-24T08:17:32.556610+00:00
9624,0.571,2026-09-24T08:17:32.559138+00:00
9625,0.465,2026-09-24T08:17:32.561480+00:00
9626,0.414,2026-09-24T08:17:32.563784+00:00
9627,0.38699999999999996,2026-09-24T08:17:32.566103+00:00
9628,0.7010000000000001,2026-09-24T08:17:32.568736+00:00
9629,0.399,2026-09-24T08:17:32.570970+00:00
9630,0.532,2026-09-24T08:17:32.573444+00:00
9631,0.785,2026-09-24T08:17:32.576170+00:00
9632,0.5770000000000001,2026-09-24T08:17:32.578623+00:00
9633,0.509,2026-09-24T08:17:32.581049+00:00
9634,0.484,2026-09-24T08:17:32.583485+00:00
9635,0.505,2026-09-24T08:17:32.585905+00:00
9636,0.637,2026-09-24T08:17:32.588458+00:00
9637,0.472,2026-09-24T08:17:32.590799+00:00
9638,0.444,2026-09-24T08:17:32.593151+00:00
9639,0.8099999999999999,2026-09-24T08:17:32.595908+00:00
9640,0.804,2026-09-24T08:17:32.598549+00:00
9641,0.708,2026-09-24T08:17:32.600999+00:00
9642,0.6769999999999999,2026-09-24T08:17:32.603489+00:00
9643,0.769,2026-09-24T08:17:32.606062+00:00
9644,0.593,2026-09-24T08:17:32.608447+00:00
9645,0.509,2026-09-24T08:17:32.610816+00:00
9646,0.5339999999999999,2026-09-24T08:17:32.613317+00:00
9647,0.716,2026-09-24T08:17:32.615878+00:00
9648,0.448,2026-09-24T08:17:32.618159+00:00
9649,0.541,2026-09-24T08:17:32.620654+00:00
9650,0.599,2026-09-24T08:17:32.623155+00:00
9651,0.474,2026-09-24T08:17:32.625520+00:00
9652,0.395,2026-09-24T08:17:32.627820+00:00
9653,0.377,2026-09-24T08:17:32.630173+00:00
9654,0.841,2026-09-24T08:17:32.632987+00:00
9655,0.758,2026-09-24T08:17:32.635614+00:00
9656,0.744,2026-09-24T08:17:32.638193+00:00
9657,0.9810000000000001,2026-09-24T08:17:32.641103+00:00
9658,0.694,2026-09-24T08:17:32.643615+00:00
9659,0.5810000000000001,2026-09-24T08:17:32.646089+00:00
9660,0.703,2026-09-24T08:17:32.648658+00:00
9661,0.7240000000000001,2026-09-24T08:17:32.651182+00:00
9662,0.5670000000000001,2026-09-24T08:17:32.653543+00:00
9663,0.766,2026-09-24T08:17:32.656175+00:00
9664,0.9259999999999999,2026-09-24T08:17:32.658919+00:00
9665,0.6679999999999999,2026-09-24T08:17:32.661619+00:00
9666,0.64,2026-09-24T08:17:32.664065+00:00
9667,0.855,2026-09-24T08:17:32.666908+00:00
9668,0.6669999999999999,2026-09-24T08:17:32.669364+00:00
9669,0.7060000000000001,2026-09-24T08:17:32.672003+00:00
9670,0.616,2026-09-24T08:17:32.674476+00:00
9671,0.566,2026-09-24T08:17:32.677002+00:00
9672,0.474,2026-09-24T08:17:32.679370+00:00
9673,0.533,2026-09-24T08:17:32.681770+00:00
9674,0.5479999999999999,2026-09-24T08:17:32.684128+00:00
9675,0.731,2026-09-24T08:17:32.686718+00:00
9676,0.609,2026-09-24T08:17:32.689158+00:00
9677,0.629,2026-09-24T08:17:32.691739+00:00
9678,0.49200000000000005,2026-09-24T08:17:32.694104+00:00
9679,0.464,2026-09-24T08:17:32.696543+00:00
9680,0.665,2026-09-24T08:17:32.699271+00:00
9681,0.45,2026-09-24T08:17:32.701644+00:00
9682,0.428,2026-09-24T08:17:32.704025+00:00
9683,0.588,2026-09-24T08:17:32.706557+00:00
9684,0.55,2026-09-24T08:17:32.708952+00:00
9685,0.506,2026-09-24T08:17:32.711441+00:00
9686,0.5109999999999999,2026-09-24T08:17:32.713892+00:00
9687,0.555,2026-09-24T08:17:32.716399+00:00
9688,0.861,2026-09-24T08:17:32.719171+00:00
9689,0.569,2026-09-24T08:17:32.721669+00:00
9690,0.481,2026-09-24T08:17:32.724074+00:00
9691,0.522,2026-09-24T08:17:32.726499+00:00
9692,0.499,2026-09-24T08:17:32.728859+00:00
9693,0.51,2026-09-24T08:17:32.731295+00:00
9694,0.521,2026-09-24T08:17:32.733708+00:00
9695,0.57,2026-09-24T08:17:32.736186+00:00
9696,0.559,2026-09-24T08:17:32.738644+00:00
9697,0.544,2026-09-24T08:17:32.741115+00:00
9698,0.507,2026-09-24T08:17:32.743564+00:00
9699,0.608,2026-09-24T08:17:32.746118+00:00
9700,0.608,2026-09-24T08:17:32.748584+00:00
9701,0.583,2026-09-24T08:17:32.751103+00:00
9702,0.67,2026-09-24T08:17:32.753633+00:00
9703,0.5760000000000001,2026-09-24T08:17:32.755999+00:00
9704,0.61,2026-09-24T08:17:32.758482+00:00
9705,0.796,2026-09-24T08:17:32.761147+00:00
9706,0.619,2026-09-24T08:17:32.763451+00:00
9707,0.6,2026-09-24T08:17:32.765845+00:00
9708,0.5429999999999999,2026-09-24T08:17:32.768179+00:00
9709,0.40900000000000003,2026-09-24T08:17:32.770439+00:00
9710,0.45,2026-09-24T08:17:32.772872+00:00
9711,0.48000000000000004,2026-09-24T08:17:32.775331+00:00
9712,0.475,2026-09-24T08:17:32.777813+00:00
9713,0.483,2026-09-24T08:17:32.780316+00:00
9714,0.49799999999999994,2026-09-24T08:17:32.782763+00:00
9715,0.48500000000000004,2026-09-24T08:17:32.785190+00:00
9716,0.523,2026-09-24T08:17:32.787669+00:00
9717,0.48899999999999993,2026-09-24T08:17:32.790069+00:00
9718,0.5950000000000001,2026-09-24T08:17:32.792618+00:00
9719,0.5339999999999999,2026-09-24T08:17:32.794963+00:00
9720,0.513,2026-09-24T08:17:32.797444+00:00
9721,0.45,2026-09-24T08:17:32.799874+00:00
9722,0.442,2026-09-24T08:17:32.802276+00:00
9723,0.393,2026-09-24T08:17:32.804625+00:00
9724,0.384,2026-09-24T08:17:32.806982+00:00
9725,0.5720000000000001,2026-09-24T08:17:32.809520+00:00
9726,0.5599999999999999,2026-09-24T08:17:32.811954+00:00
9727,0.559,2026-09-24T08:17:32.814399+00:00
9728,0.5339999999999999,2026-09-24T08:17:32.816826+00:00
9729,0.40099999999999997,2026-09-24T08:17:32.819126+00:00
9730,0.40499999999999997,2026-09-24T08:17:32.821481+00:00
9731,0.373,2026-09-24T08:17:32.823797+00:00
9732,0.39,2026-09-24T08:17:32.826139+00:00
9733,0.603,2026-09-24T08:17:32.828683+00:00
9734,0.596,2026-09-24T08:17:32.831140+00:00
9735,0.509,2026-09-24T08:17:32.833521+00:00
9736,0.584,2026-09-24T08:17:32.835992+00:00
9737,0.5109999999999999,2026-09-24T08:17:32.838373+00:00
9738,0.48000000000000004,2026-09-24T08:17:32.840750+00:00
9739,0.5,2026-09-24T08:17:32.843166+00:00
9740,0.453,2026-09-24T08:17:32.845509+00:00
9741,0.47600000000000003,2026-09-24T08:17:32.847875+00:00
9742,0.46599999999999997,2026-09-24T08:17:32.850313+00:00
9743,0.414,2026-09-24T08:17:32.852693+00:00
9744,0.46,2026-09-24T08:17:32.855135+00:00
9745,0.364,2026-09-24T08:17:32.857467+00:00
9746,0.339,2026-09-24T08:17:32.859762+00:00
9747,0.34400000000000003,2026-09-24T08:17:32.862122+00:00
9748,0.37,2026-09-24T08:17:32.864472+00:00
9749,0.484,2026-09-24T08:17:32.866910+00:00
9750,0.481,2026-09-24T08:17:32.869335+00:00
9751,0.422,2026-09-24T08:17:32.871701+00:00
9752,0.49200000000000005,2026-09-24T08:17:32.874161+00:00
9753,0.36900000000000005,2026-09-24T08:17:32.876462+00:00
9754,0.364,2026-09-24T08:17:32.878787+00:00
9755,0.365,2026-09-24T08:17:32.881126+00:00
9756,0.662,2026-09-24T08:17:32.883754+00:00
9757,0.833,2026-09-24T08:17:32.886294+00:00
9758,0.593,2026-09-24T08:17:32.888801+00:00
9759,0.474,2026-09-24T08:17:32.891175+00:00
9760,0.798,2026-09-24T08:17:32.893951+00:00
9761,0.574,2026-09-24T08:17:32.896567+00:00
9762,0.506,2026-09-24T08:17:32.899074+00:00
9763,0.5379999999999999,2026-09-24T08:17:32.901575+00:00
9764,0.486,2026-09-24T08:17:32.903995+00:00
9765,0.5730000000000001,2026-09-24T08:17:32.906520+00:00
9766,0.694,2026-09-24T08:17:32.909162+00:00
9767,0.717,2026-09-24T08:17:32.911736+00:00
9768,0.8099999999999999,2026-09-24T08:17:32.914513+00:00
9769,0.578,2026-09-24T08:17:32.916801+00:00
9770,0.61,2026-09-24T08:17:32.919323+00:00
9771,0.705,2026-09-24T08:17:32.921951+00:00
9772,0.821,2026-09-24T08:17:32.924587+00:00
9773,0.589,2026-09-24T08:17:32.926927+00:00
9774,0.509,2026-09-24T08:17:32.929336+00:00
9775,0.435,2026-09-24T08:17:32.931697+00:00
9776,0.5109999999999999,2026-09-24T08:17:32.934105+00:00
9777,0.47100000000000003,2026-09-24T08:17:32.936483+00:00
9778,0.481,2026-09-24T08:17:32.938866+00:00
9779,0.5760000000000001,2026-09-24T08:17:32.941337+00:00
9780,1.026,2026-09-24T08:17:32.944241+00:00
9781,0.6,2026-09-24T08:17:32.946701+00:00
9782,0.636,2026-09-24T08:17:32.949281+00:00
9783,0.615,2026-09-24T08:17:32.951838+00:00
9784,0.62,2026-09-24T08:17:32.954408+00:00
9785,0.6819999999999999,2026-09-24T08:17:32.956996+00:00
9786,0.579,2026-09-24T08:17:32.959445+00:00
9787,0.467,2026-09-24T08:17:32.961763+00:00
9788,0.46299999999999997,2026-09-24T08:17:32.964131+00:00
9789,0.5109999999999999,2026-09-24T08:17:32.966548+00:00
9790,0.444,2026-09-24T08:17:32.968819+00:00
9791,0.545,2026-09-24T08:17:32.971306+00:00
9792,0.594,2026-09-24T08:17:32.973763+00:00
9793,0.611,2026-09-24T08:17:32.976266+00:00
9794,0.5860000000000001,2026-09-24T08:17:32.978692+00:00
9795,0.673,2026-09-24T08:17:32.981218+00:00
9796,0.744,2026-09-24T08:17:32.983876+00:00
9797,0.574,2026-09-24T08:17:32.986309+00:00
9798,0.661,2026-09-24T08:17:32.988885+00:00
9799,0.629,2026-09-24T08:17:32.991398+00:00
9800,0.6849999999999999,2026-09-24T08:17:32.993969+00:00
9801,0.737,2026-09-24T08:17:32.996570+00:00
9802,0.532,2026-09-24T08:17:32.998882+00:00
9803,0.705,2026-09-24T08:17:33.001468+00:00
9804,0.575,2026-09-24T08:17:33.003849+00:00
9805,0.45199999999999996,2026-09-24T08:17:33.006071+00:00
9806,0.46299999999999997,2026-09-24T08:17:33.008428+00:00
9807,0.5289999999999999,2026-09-24T08:17:33.010844+00:00
9808,0.5,2026-09-24T08:17:33.013216+00:00
9809,0.583,2026-09-24T08:17:33.015713+00:00
9810,0.42700000000000005,2026-09-24T08:17:33.018011+00:00
9811,0.504,2026-09-24T08:17:33.020409+00:00
9812,0.425,2026-09-24T08:17:33.022747+00:00
9813,0.457,2026-09-24T08:17:33.025109+00:00
9814,0.618,2026-09-24T08:17:33.027599+00:00
9815,0.8109999999999999,2026-09-24T08:17:33.030354+00:00
9816,0.762,2026-09-24T08:17:33.032970+00:00
9817,0.521,2026-09-24T08:17:33.035291+00:00
9818,0.501,2026-09-24T08:17:33.037737+00:00
9819,0.587,2026-09-24T08:17:33.040258+00:00
9820,0.47,2026-09-24T08:17:33.042586+00:00
9821,0.46799999999999997,2026-09-24T08:17:33.044993+00:00
9822,0.42000000000000004,2026-09-24T08:17:33.047343+00:00
9823,0.47100000000000003,2026-09-24T08:17:33.049751+00:00
9824,0.5109999999999999,2026-09-24T08:17:33.052185+00:00
9825,0.5109999999999999,2026-09-24T08:17:33.054619+00:00
9826,0.416,2026-09-24T08:17:33.056947+00:00
9827,0.5289999999999999,2026-09-24T08:17:33.059433+00:00
9828,0.442,2026-09-24T08:17:33.061783+00:00
9829,0.482,2026-09-24T08:17:33.064213+00:00
9830,0.49,2026-09-24T08:17:33.066627+00:00
9831,0.496,2026-09-24T08:17:33.069035+00:00
9832,0.46299999999999997,2026-09-24T08:17:33.071399+00:00
9833,0.608,2026-09-24T08:17:33.073950+00:00
9834,0.46799999999999997,2026-09-24T08:17:33.076283+00:00
9835,0.532,2026-09-24T08:17:33.078746+00:00
9836,0.432,2026-09-24T08:17:33.081059+00:00
9837,0.435,2026-09-24T08:17:33.083433+00:00
9838,0.424,2026-09-24T08:17:33.085840+00:00
9839,0.40499999999999997,2026-09-24T08:17:33.088258+00:00
9840,0.484,2026-09-24T08:17:33.090741+00:00
9841,0.40299999999999997,2026-09-24T08:17:33.093050+00:00
9842,0.417,2026-09-24T08:17:33.095458+00:00
9843,0.5379999999999999,2026-09-24T08:17:33.097959+00:00
9844,0.41100000000000003,2026-09-24T08:17:33.100388+00:00
9845,0.439,2026-09-24T08:17:33.102799+00:00
9846,0.426,2026-09-24T08:17:33.105205+00:00
9847,0.483,2026-09-24T08:17:33.107661+00:00
9848,0.434,2026-09-24T08:17:33.110064+00:00
9849,0.46599999999999997,2026-09-24T08:17:33.112468+00:00
9850,0.435,2026-09-24T08:17:33.114856+00:00
9851,0.46099999999999997,2026-09-24T08:17:33.117269+00:00
9852,0.417,2026-09-24T08:17:33.119630+00:00
9853,0.39599999999999996,2026-09-24T08:17:33.121987+00:00
9854,0.438,2026-09-24T08:17:33.124392+00:00
9855,0.447,2026-09-24T08:17:33.126787+00:00
9856,0.41,2026-09-24T08:17:33.129149+00:00
9857,0.449,2026-09-24T08:17:33.131538+00:00
9858,0.417,2026-09-24T08:17:33.133884+00:00
9859,0.47,2026-09-24T08:17:33.136298+00:00
9860,0.421,2026-09-24T08:17:33.138622+00:00
9861,0.45399999999999996,2026-09-24T08:17:33.141045+00:00
9862,0.553,2026-09-24T08:17:33.143607+00:00
9863,0.605,2026-09-24T08:17:33.146210+00:00
9864,0.575,2026-09-24T08:17:33.148667+00:00
9865,0.48500000000000004,2026-09-24T08:17:33.151031+00:00
9866,0.446,2026-09-24T08:17:33.153368+00:00
9867,0.531,2026-09-24T08:17:33.155821+00:00
9868,0.566,2026-09-24T08:17:33.158359+00:00
9869,0.32,2026-09-24T08:17:33.160635+00:00
9870,0.33799999999999997,2026-09-24T08:17:33.163003+00:00
9871,0.528,2026-09-24T08:17:33.165553+00:00
9872,0.40299999999999997,2026-09-24T08:17:33.167955+00:00
9873,0.593,2026-09-24T08:17:33.170660+00:00
9874,0.421,2026-09-24T08:17:33.173123+00:00
9875,0.501,2026-09-24T08:17:33.175634+00:00
9876,0.64,2026-09-24T08:17:33.178391+00:00
9877,0.773,2026-09-24T08:17:33.181084+00:00
9878,0.642,2026-09-24T08:17:33.183667+00:00
9879,0.6669999999999999,2026-09-24T08:17:33.186310+00:00
9880,0.628,2026-09-24T08:17:33.188850+00:00
9881,0.92,2026-09-24T08:17:33.191691+00:00
9882,0.583,2026-09-24T08:17:33.193939+00:00
9883,0.755,2026-09-24T08:17:33.196589+00:00
9884,0.728,2026-09-24T08:17:33.199119+00:00
9885,0.858,2026-09-24T08:17:33.201864+00:00
9886,0.63,2026-09-24T08:17:33.204397+00:00
9887,0.531,2026-09-24T08:17:33.206779+00:00
9888,0.45199999999999996,2026-09-24T08:17:33.209131+00:00
9889,0.9169999999999999,2026-09-24T08:17:33.211969+00:00
9890,0.762,2026-09-24T08:17:33.214371+00:00
9891,0.717,2026-09-24T08:17:33.216991+00:00
9892,0.862,2026-09-24T08:17:33.219755+00:00
9893,1.034,2026-09-24T08:17:33.222670+00:00
9894,0.762,2026-09-24T08:17:33.225144+00:00
9895,0.66,2026-09-24T08:17:33.227685+00:00
9896,0.6449999999999999,2026-09-24T08:17:33.230270+00:00
9897,0.566,2026-09-24T08:17:33.232695+00:00
9898,0.823,2026-09-24T08:17:33.235441+00:00
9899,1.004,2026-09-24T08:17:33.238279+00:00
9900,0.884,2026-09-24T08:17:33.240951+00:00
9901,0.629,2026-09-24T08:17:33.243398+00:00
9902,0.915,2026-09-24T08:17:33.246182+00:00
9903,0.661,2026-09-24T08:17:33.248595+00:00
9904,0.408,2026-09-24T08:17:33.250944+00:00
9905,0.696,2026-09-24T08:17:33.253633+00:00
9906,0.8069999999999999,2026-09-24T08:17:33.256360+00:00
9907,0.507,2026-09-24T08:17:33.258563+00:00
9908,0.428,2026-09-24T08:17:33.260962+00:00
9909,0.356,2026-09-24T08:17:33.263295+00:00
9910,0.518,2026-09-24T08:17:33.265809+00:00
9911,0.392,2026-09-24T08:17:33.268210+00:00
9912,0.379,2026-09-24T08:17:33.270568+00:00
9913,0.514,2026-09-24T08:17:33.273054+00:00
9914,0.449,2026-09-24T08:17:33.275371+00:00
9915,0.5820000000000001,2026-09-24T08:17:33.277877+00:00
9916,0.424,2026-09-24T08:17:33.280175+00:00
9917,0.41100000000000003,2026-09-24T08:17:33.282522+00:00
9918,0.474,2026-09-24T08:17:33.284907+00:00
9919,0.442,2026-09-24T08:17:33.287247+00:00
9920,0.425,2026-09-24T08:17:33.289597+00:00
9921,0.472,2026-09-24T08:17:33.291993+00:00
9922,0.486,2026-09-24T08:17:33.294381+00:00
9923,0.514,2026-09-24T08:17:33.296872+00:00
9924,0.447,2026-09-24T08:17:33.299251+00:00
9925,0.47300000000000003,2026-09-24T08:17:33.301666+00:00
9926,0.483,2026-09-24T08:17:33.304086+00:00
9927,0.46299999999999997,2026-09-24T08:17:33.306491+00:00
9928,0.484,2026-09-24T08:17:33.308878+00:00
9929,0.5810000000000001,2026-09-24T08:17:33.311380+00:00
9930,0.539,2026-09-24T08:17:33.313775+00:00
9931,0.506,2026-09-24T08:17:33.316200+00:00
9932,0.482,2026-09-24T08:17:33.318597+00:00
9933,0.348,2026-09-24T08:17:33.320839+00:00
9934,0.41100000000000003,2026-09-24T08:17:33.323266+00:00
9935,0.395,2026-09-24T08:17:33.325672+00:00
9936,0.35300000000000004,2026-09-24T08:17:33.328033+00:00
9937,0.431,2026-09-24T08:17:33.330478+00:00
9938,0.455,2026-09-24T08:17:33.332883+00:00
9939,0.451,2026-09-24T08:17:33.335312+00:00
9940,0.371,2026-09-24T08:17:33.337665+00:00
9941,0.352,2026-09-24T08:17:33.340033+00:00
9942,0.446,2026-09-24T08:17:33.342490+00:00
9943,0.437,2026-09-24T08:17:33.344898+00:00
9944,0.495,2026-09-24T08:17:33.347377+00:00
9945,0.438,2026-09-24T08:17:33.349823+00:00
9946,0.43600000000000005,2026-09-24T08:17:33.352273+00:00
9947,0.578,2026-09-24T08:17:33.354870+00:00
9948,0.433,2026-09-24T08:17:33.357313+00:00
9949,0.432,2026-09-24T08:17:33.359761+00:00
9950,0.46299999999999997,2026-09-24T08:17:33.362192+00:00
9951,0.477,2026-09-24T08:17:33.364628+00:00
9952,0.48000000000000004,2026-09-24T08:17:33.367061+00:00
9953,0.432,2026-09-24T08:17:33.369437+00:00
9954,0.414,2026-09-24T08:17:33.371794+00:00
9955,0.48000000000000004,2026-09-24T08:17:33.374227+00:00
9956,0.453,2026-09-24T08:17:33.376626+00:00
9957,0.48899999999999993,2026-09-24T08:17:33.379064+00:00
9958,0.57,2026-09-24T08:17:33.381530+00:00
9959,0.5429999999999999,2026-09-24T08:17:33.383925+00:00
9960,0.5419999999999999,2026-09-24T08:17:33.386344+00:00
9961,0.49700000000000005,2026-09-24T08:17:33.388716+00:00
9962,0.491,2026-09-24T08:17:33.391097+00:00
9963,0.671,2026-09-24T08:17:33.393651+00:00
9964,0.571,2026-09-24T08:17:33.395964+00:00
9965,0.406,2026-09-24T08:17:33.398255+00:00
9966,0.5429999999999999,2026-09-24T08:17:33.400760+00:00
9967,0.414,2026-09-24T08:17:33.403112+00:00
9968,0.519,2026-09-24T08:17:33.405590+00:00
9969,0.42700000000000005,2026-09-24T08:17:33.407961+00:00
9970,0.416,2026-09-24T08:17:33.410329+00:00
9971,0.617,2026-09-24T08:17:33.412898+00:00
9972,0.442,2026-09-24T08:17:33.415223+00:00
9973,0.426,2026-09-24T08:17:33.417593+00:00
9974,0.528,2026-09-24T08:17:33.420072+00:00
9975,0.45,2026-09-24T08:17:33.422432+00:00
9976,0.535,2026-09-24T08:17:33.424882+00:00
9977,0.47600000000000003,2026-09-24T08:17:33.427270+00:00
9978,0.448,2026-09-24T08:17:33.429620+00:00
9979,0.6920000000000001,2026-09-24T08:17:33.432247+00:00
9980,0.49,2026-09-24T08:17:33.434608+00:00
9981,0.519,2026-09-24T08:17:33.437033+00:00
9982,0.88,2026-09-24T08:17:33.439837+00:00
9983,0.433,2026-09-24T08:17:33.441858+00:00
9984,0.426,2026-09-24T08:17:33.444242+00:00
9985,0.717,2026-09-24T08:17:33.446920+00:00
9986,0.6539999999999999,2026-09-24T08:17:33.449572+00:00
9987,0.8180000000000001,2026-09-24T08:17:33.452222+00:00
9988,0.726,2026-09-24T08:17:33.454842+00:00
9989,0.609,2026-09-24T08:17:33.457294+00:00
9990,0.49299999999999994,2026-09-24T08:17:33.459684+00:00
9991,0.421,2026-09-24T08:17:33.462037+00:00
9992,0.555,2026-09-24T08:17:33.464545+00:00
9993,0.502,2026-09-24T08:17:33.466930+00:00
9994,0.632,2026-09-24T08:17:33.469495+00:00
9995,0.571,2026-09-24T08:17:33.471886+00:00
9996,0.708,2026-09-24T08:17:33.474453+00:00
9997,0.5670000000000001,2026-09-24T08:17:33.476800+00:00
9998,0.5519999999999999,2026-09-24T08:17:33.479330+00:00
9999,0.48899999999999993,2026-09-24T08:17:33.481785+00:00
10000,0.516,2026-09-24T08:17:33.484252+00:00
10001,0.47100000000000003,2026-09-24T08:17:33.486695+00:00
10002,0.49299999999999994,2026-09-24T08:17:33.489148+00:00
10003,0.61,2026-09-24T08:17:33.491643+00:00
10004,0.49299999999999994,2026-09-24T08:17:33.493997+00:00
10005,0.51,2026-09-24T08:17:33.496381+00:00
10006,0.647,2026-09-24T08:17:33.498905+00:00
10007,0.597,2026-09-24T08:17:33.501301+00:00
10008,0.703,2026-09-24T08:17:33.503834+00:00
10009,0.874,2026-09-24T08:17:33.506565+00:00
10010,0.49200000000000005,2026-09-24T08:17:33.508602+00:00
