seq,latency_ms,received_at
11,1.338,2026-09-24T08:27:08.145603+00:00
12,1.0679999999999998,2026-09-24T08:27:08.146886+00:00
13,0.846,2026-09-24T08:27:08.148464+00:00
14,1.018,2026-09-24T08:27:08.150059+00:00
15,0.907,2026-09-24T08:27:08.151331+00:00
16,0.805,2026-09-24T08:27:08.152732+00:00
17,0.816,2026-09-24T08:27:08.154028+00:00
18,1.002,2026-09-24T08:27:08.155686+00:00
19,1.137,2026-09-24T08:27:08.157231+00:00
20,0.885,2026-09-24T08:27:08.158350+00:00
21,0.699,2026-09-24T08:27:08.159507+00:00
22,0.587,2026-09-24T08:27:08.160667+00:00
23,0.622,2026-09-24T08:27:08.161954+00:00
24,0.628,2026-09-24T08:27:08.163098+00:00
25,0.609,2026-09-24T08:27:08.164224+00:00
26,0.539,2026-09-24T08:27:08.165267+00:00
27,0.671,2026-09-24T08:27:08.166442+00:00
28,0.5,2026-09-24T08:27:08.167362+00:00
29,0.569,2026-09-24T08:27:08.168437+00:00
30,0.527,2026-09-24T08:27:08.169473+00:00
31,0.62,2026-09-24T08:27:08.170757+00:00
32,0.5339999999999999,2026-09-24T08:27:08.171830+00:00
33,0.757,2026-09-24T08:27:08.173096+00:00
34,0.741,2026-09-24T08:27:08.174286+00:00
35,0.9810000000000001,2026-09-24T08:27:08.175815+00:00
36,0.901,2026-09-24T08:27:08.176850+00:00
37,0.5379999999999999,2026-09-24T08:27:08.177638+00:00
38,0.464,2026-09-24T08:27:08.178563+00:00
39,0.48899999999999993,2026-09-24T08:27:08.179583+00:00
40,0.465,2026-09-24T08:27:08.180524+00:00
41,0.504,2026-09-24T08:27:08.181556+00:00
42,0.527,2026-09-24T08:27:08.182603+00:00
43,0.553,2026-09-24T08:27:08.183652+00:00
44,0.474,2026-09-24T08:27:08.184673+00:00
45,0.482,2026-09-24T08:27:08.185658+00:00
46,0.8400000000000001,2026-09-24T08:27:08.187295+00:00
47,0.6809999999999999,2026-09-24T08:27:08.188657+00:00
48,0.808,2026-09-24T08:27:08.189979+00:00
49,0.6040000000000001,2026-09-24T08:27:08.191142+00:00
50,0.508,2026-09-24T08:27:08.192145+00:00
51,0.5519999999999999,2026-09-24T08:27:08.193227+00:00
52,0.9420000000000001,2026-09-24T08:27:08.194892+00:00
53,0.815,2026-09-24T08:27:08.197112+00:00
54,0.877,2026-09-24T08:27:08.199061+00:00
55,0.617,2026-09-24T08:27:08.200058+00:00
56,0.499,2026-09-24T08:27:08.201009+00:00
57,0.562,2026-09-24T08:27:08.202062+00:00
58,0.5199999999999999,2026-09-24T08:27:08.203051+00:00
59,0.516,2026-09-24T08:27:08.204086+00:00
60,0.49200000000000005,2026-09-24T08:27:08.205090+00:00
61,0.532,2026-09-24T08:27:08.206391+00:00
62,0.506,2026-09-24T08:27:08.207710+00:00
63,0.507,2026-09-24T08:27:08.208710+00:00
64,0.602,2026-09-24T08:27:08.210004+00:00
65,0.536,2026-09-24T08:27:08.211329+00:00
66,0.516,2026-09-24T08:27:08.212491+00:00
67,0.467,2026-09-24T08:27:08.213492+00:00
68,0.464,2026-09-24T08:27:08.214469+00:00
69,0.496,2026-09-24T08:27:08.215518+00:00
70,0.467,2026-09-24T08:27:08.216475+00:00
71,0.47,2026-09-24T08:27:08.217440+00:00
72,0.467,2026-09-24T08:27:08.218400+00:00
73,0.47800000000000004,2026-09-24T08:27:08.219392+00:00
74,0.49299999999999994,2026-09-24T08:27:08.220377+00:00
75,0.5720000000000001,2026-09-24T08:27:08.221498+00:00
76,0.5429999999999999,2026-09-24T08:27:08.222662+00:00
77,0.5760000000000001,2026-09-24T08:27:08.224018+00:00
78,0.554,2026-09-24T08:27:08.225231+00:00
79,0.532,2026-09-24T08:27:08.226546+00:00
80,0.48899999999999993,2026-09-24T08:27:08.227551+00:00
81,0.47800000000000004,2026-09-24T08:27:08.228550+00:00
82,0.5109999999999999,2026-09-24T08:27:08.229586+00:00
83,0.47100000000000003,2026-09-24T08:27:08.230560+00:00
84,0.47800000000000004,2026-09-24T08:27:08.231516+00:00
85,0.455,2026-09-24T08:27:08.232488+00:00
86,0.48000000000000004,2026-09-24T08:27:08.233478+00:00
87,0.472,2026-09-24T08:27:08.234470+00:00
88,0.47300000000000003,2026-09-24T08:27:08.235446+00:00
89,0.475,2026-09-24T08:27:08.236403+00:00
90,0.46900000000000003,2026-09-24T08:27:08.237379+00:00
91,0.467,2026-09-24T08:27:08.238547+00:00
92,0.504,2026-09-24T08:27:08.239596+00:00
93,0.456,2026-09-24T08:27:08.240558+00:00
94,0.486,2026-09-24T08:27:08.241541+00:00
95,0.48500000000000004,2026-09-24T08:27:08.242495+00:00
96,0.496,2026-09-24T08:27:08.243508+00:00
97,0.482,2026-09-24T08:27:08.244500+00:00
98,0.464,2026-09-24T08:27:08.245495+00:00
99,0.472,2026-09-24T08:27:08.246469+00:00
100,0.465,2026-09-24T08:27:08.247443+00:00
101,0.457,2026-09-24T08:27:08.248396+00:00
102,0.453,2026-09-24T08:27:08.249379+00:00
103,0.45399999999999996,2026-09-24T08:27:08.250351+00:00
104,0.447,2026-09-24T08:27:08.251312+00:00
105,0.447,2026-09-24T08:27:08.252244+00:00
106,0.49299999999999994,2026-09-24T08:27:08.253479+00:00
107,0.47300000000000003,2026-09-24T08:27:08.254506+00:00
108,0.5109999999999999,2026-09-24T08:27:08.255490+00:00
109,0.499,2026-09-24T08:27:08.256480+00:00
110,0.523,2026-09-24T08:27:08.257510+00:00
111,0.48700000000000004,2026-09-24T08:27:08.258514+00:00
112,0.482,2026-09-24T08:27:08.259510+00:00
113,0.48000000000000004,2026-09-24T08:27:08.260478+00:00
114,0.46799999999999997,2026-09-24T08:27:08.261497+00:00
115,0.494,2026-09-24T08:27:08.262497+00:00
116,0.6970000000000001,2026-09-24T08:27:08.263850+00:00
117,0.521,2026-09-24T08:27:08.264937+00:00
118,0.46099999999999997,2026-09-24T08:27:08.265948+00:00
119,0.624,2026-09-24T08:27:08.267168+00:00
120,0.539,2026-09-24T08:27:08.268203+00:00
121,0.521,2026-09-24T08:27:08.269305+00:00
122,0.558,2026-09-24T08:27:08.270350+00:00
123,0.515,2026-09-24T08:27:08.271376+00:00
124,0.5609999999999999,2026-09-24T08:27:08.272443+00:00
125,0.539,2026-09-24T08:27:08.273531+00:00
126,0.544,2026-09-24T08:27:08.274558+00:00
127,0.518,2026-09-24T08:27:08.275559+00:00
128,0.5469999999999999,2026-09-24T08:27:08.276603+00:00
129,0.509,2026-09-24T08:27:08.277598+00:00
130,0.513,2026-09-24T08:27:08.278624+00:00
131,0.49299999999999994,2026-09-24T08:27:08.279594+00:00
132,0.495,2026-09-24T08:27:08.280601+00:00
133,0.523,2026-09-24T08:27:08.281630+00:00
134,0.499,2026-09-24T08:27:08.282622+00:00
135,0.518,2026-09-24T08:27:08.283735+00:00
136,0.515,2026-09-24T08:27:08.284719+00:00
137,0.5379999999999999,2026-09-24T08:27:08.285738+00:00
138,0.49299999999999994,2026-09-24T08:27:08.286710+00:00
139,0.496,2026-09-24T08:27:08.287702+00:00
140,0.48899999999999993,2026-09-24T08:27:08.288680+00:00
141,0.5109999999999999,2026-09-24T08:27:08.289665+00:00
142,0.48700000000000004,2026-09-24T08:27:08.290625+00:00
143,0.5289999999999999,2026-09-24T08:27:08.291637+00:00
144,0.804,2026-09-24T08:27:08.292907+00:00
145,0.6809999999999999,2026-09-24T08:27:08.294215+00:00
146,0.523,2026-09-24T08:27:08.295233+00:00
147,0.5429999999999999,2026-09-24T08:27:08.296352+00:00
148,0.517,2026-09-24T08:27:08.297361+00:00
149,0.49299999999999994,2026-09-24T08:27:08.298383+00:00
150,0.524,2026-09-24T08:27:08.299559+00:00
151,0.531,2026-09-24T08:27:08.300592+00:00
152,0.49,2026-09-24T08:27:08.301582+00:00
153,0.5640000000000001,2026-09-24T08:27:08.302631+00:00
154,0.465,2026-09-24T08:27:08.303587+00:00
155,0.47600000000000003,2026-09-24T08:27:08.304594+00:00
156,0.455,2026-09-24T08:27:08.305553+00:00
157,0.46,2026-09-24T08:27:08.306509+00:00
158,0.48500000000000004,2026-09-24T08:27:08.307512+00:00
159,0.569,2026-09-24T08:27:08.308580+00:00
160,0.47300000000000003,2026-09-24T08:27:08.309573+00:00
161,0.47800000000000004,2026-09-24T08:27:08.310578+00:00
162,0.515,2026-09-24T08:27:08.311630+00:00
163,0.47800000000000004,2026-09-24T08:27:08.312582+00:00
164,0.46599999999999997,2026-09-24T08:27:08.313557+00:00
165,0.49700000000000005,2026-09-24T08:27:08.314712+00:00
166,0.467,2026-09-24T08:27:08.315681+00:00
167,0.49799999999999994,2026-09-24T08:27:08.316672+00:00
168,0.483,2026-09-24T08:27:08.317651+00:00
169,0.5109999999999999,2026-09-24T08:27:08.318665+00:00
170,0.494,2026-09-24T08:27:08.319648+00:00
171,0.524,2026-09-24T08:27:08.320672+00:00
172,0.569,2026-09-24T08:27:08.321916+00:00
173,0.544,2026-09-24T08:27:08.323076+00:00
174,0.514,2026-09-24T08:27:08.324083+00:00
175,0.539,2026-09-24T08:27:08.325101+00:00
176,0.48700000000000004,2026-09-24T08:27:08.326073+00:00
177,0.5339999999999999,2026-09-24T08:27:08.327086+00:00
178,0.5479999999999999,2026-09-24T08:27:08.328173+00:00
179,0.5630000000000001,2026-09-24T08:27:08.329235+00:00
180,0.5429999999999999,2026-09-24T08:27:08.330538+00:00
181,0.509,2026-09-24T08:27:08.331796+00:00
182,0.499,2026-09-24T08:27:08.332896+00:00
183,0.521,2026-09-24T08:27:08.333975+00:00
184,0.47300000000000003,2026-09-24T08:27:08.335013+00:00
185,0.504,2026-09-24T08:27:08.335997+00:00
186,0.47,2026-09-24T08:27:08.336953+00:00
187,0.49299999999999994,2026-09-24T08:27:08.337915+00:00
188,0.499,2026-09-24T08:27:08.338889+00:00
189,0.506,2026-09-24T08:27:08.339863+00:00
190,0.47800000000000004,2026-09-24T08:27:08.340794+00:00
191,0.558,2026-09-24T08:27:08.341841+00:00
192,0.499,2026-09-24T08:27:08.342832+00:00
193,0.48000000000000004,2026-09-24T08:27:08.343778+00:00
194,0.45899999999999996,2026-09-24T08:27:08.344700+00:00
195,0.633,2026-09-24T08:27:08.345930+00:00
196,0.537,2026-09-24T08:27:08.346926+00:00
197,0.516,2026-09-24T08:27:08.347936+00:00
198,0.5519999999999999,2026-09-24T08:27:08.348955+00:00
199,0.501,2026-09-24T08:27:08.349935+00:00
200,0.49700000000000005,2026-09-24T08:27:08.350921+00:00
201,0.519,2026-09-24T08:27:08.351963+00:00
202,0.49299999999999994,2026-09-24T08:27:08.352978+00:00
203,0.494,2026-09-24T08:27:08.354018+00:00
204,0.47800000000000004,2026-09-24T08:27:08.354991+00:00
205,0.488,2026-09-24T08:27:08.355990+00:00
206,0.505,2026-09-24T08:27:08.356971+00:00
207,0.51,2026-09-24T08:27:08.357975+00:00
208,0.5109999999999999,2026-09-24T08:27:08.358969+00:00
209,0.507,2026-09-24T08:27:08.359993+00:00
210,0.45899999999999996,2026-09-24T08:27:08.361037+00:00
211,0.46,2026-09-24T08:27:08.362027+00:00
212,0.486,2026-09-24T08:27:08.363013+00:00
213,0.481,2026-09-24T08:27:08.364005+00:00
214,0.53,2026-09-24T08:27:08.365041+00:00
215,0.475,2026-09-24T08:27:08.365998+00:00
216,0.531,2026-09-24T08:27:08.367018+00:00
217,0.481,2026-09-24T08:27:08.367990+00:00
218,0.518,2026-09-24T08:27:08.369003+00:00
219,0.51,2026-09-24T08:27:08.369995+00:00
220,0.504,2026-09-24T08:27:08.370965+00:00
221,0.479,2026-09-24T08:27:08.371928+00:00
222,0.48700000000000004,2026-09-24T08:27:08.372923+00:00
223,0.49799999999999994,2026-09-24T08:27:08.373920+00:00
224,0.507,2026-09-24T08:27:08.374895+00:00
225,0.45899999999999996,2026-09-24T08:27:08.375901+00:00
226,0.491,2026-09-24T08:27:08.376892+00:00
227,0.47300000000000003,2026-09-24T08:27:08.377838+00:00
228,0.501,2026-09-24T08:27:08.378812+00:00
229,0.49700000000000005,2026-09-24T08:27:08.379793+00:00
230,0.505,2026-09-24T08:27:08.380790+00:00
231,0.47600000000000003,2026-09-24T08:27:08.381737+00:00
232,0.477,2026-09-24T08:27:08.382690+00:00
233,0.46799999999999997,2026-09-24T08:27:08.383650+00:00
234,0.481,2026-09-24T08:27:08.384594+00:00
235,0.78,2026-09-24T08:27:08.385995+00:00
236,0.5609999999999999,2026-09-24T08:27:08.386990+00:00
237,0.514,2026-09-24T08:27:08.387975+00:00
238,0.523,2026-09-24T08:27:08.388964+00:00
239,0.488,2026-09-24T08:27:08.390026+00:00
240,0.49200000000000005,2026-09-24T08:27:08.391013+00:00
241,0.507,2026-09-24T08:27:08.392013+00:00
242,0.486,2026-09-24T08:27:08.393003+00:00
243,0.521,2026-09-24T08:27:08.394004+00:00
244,0.509,2026-09-24T08:27:08.394971+00:00
245,1.0970000000000002,2026-09-24T08:27:08.396600+00:00
246,1.33,2026-09-24T08:27:08.398320+00:00
247,1.047,2026-09-24T08:27:08.399539+00:00
248,0.9790000000000001,2026-09-24T08:27:08.401008+00:00
249,0.8220000000000001,2026-09-24T08:27:08.402128+00:00
250,0.771,2026-09-24T08:27:08.403130+00:00
251,0.771,2026-09-24T08:27:08.404120+00:00
252,0.769,2026-09-24T08:27:08.405098+00:00
253,0.75,2026-09-24T08:27:08.406063+00:00
254,0.7649999999999999,2026-09-24T08:27:08.407301+00:00
255,1.0579999999999998,2026-09-24T08:27:08.408960+00:00
256,0.635,2026-09-24T08:27:08.409854+00:00
257,0.578,2026-09-24T08:27:08.410774+00:00
258,0.5,2026-09-24T08:27:08.411735+00:00
259,0.483,2026-09-24T08:27:08.412641+00:00
260,0.46599999999999997,2026-09-24T08:27:08.413706+00:00
261,0.458,2026-09-24T08:27:08.414704+00:00
262,0.44499999999999995,2026-09-24T08:27:08.415629+00:00
263,0.484,2026-09-24T08:27:08.416567+00:00
264,0.434,2026-09-24T08:27:08.417426+00:00
265,0.514,2026-09-24T08:27:08.418432+00:00
266,0.458,2026-09-24T08:27:08.419374+00:00
267,0.763,2026-09-24T08:27:08.420727+00:00
268,0.626,2026-09-24T08:27:08.421689+00:00
269,0.93,2026-09-24T08:27:08.423275+00:00
270,0.602,2026-09-24T08:27:08.424480+00:00
271,0.508,2026-09-24T08:27:08.425631+00:00
272,0.458,2026-09-24T08:27:08.426588+00:00
273,0.494,2026-09-24T08:27:08.427573+00:00
274,0.44499999999999995,2026-09-24T08:27:08.428530+00:00
275,0.47300000000000003,2026-09-24T08:27:08.429560+00:00
276,0.45,2026-09-24T08:27:08.430525+00:00
277,0.437,2026-09-24T08:27:08.431483+00:00
278,0.46299999999999997,2026-09-24T08:27:08.432480+00:00
279,0.446,2026-09-24T08:27:08.433462+00:00
280,0.472,2026-09-24T08:27:08.434487+00:00
281,0.539,2026-09-24T08:27:08.435593+00:00
282,0.46099999999999997,2026-09-24T08:27:08.436521+00:00
283,0.46799999999999997,2026-09-24T08:27:08.437618+00:00
284,0.46,2026-09-24T08:27:08.438847+00:00
285,1.214,2026-09-24T08:27:08.440897+00:00
286,0.808,2026-09-24T08:27:08.442215+00:00
287,0.522,2026-09-24T08:27:08.443265+00:00
288,0.627,2026-09-24T08:27:08.444569+00:00
289,0.5640000000000001,2026-09-24T08:27:08.445972+00:00
290,0.5609999999999999,2026-09-24T08:27:08.447235+00:00
291,0.521,2026-09-24T08:27:08.448390+00:00
292,0.6,2026-09-24T08:27:08.449529+00:00
293,0.638,2026-09-24T08:27:08.450734+00:00
294,0.5760000000000001,2026-09-24T08:27:08.451785+00:00
295,0.506,2026-09-24T08:27:08.452760+00:00
296,0.571,2026-09-24T08:27:08.453867+00:00
297,0.522,2026-09-24T08:27:08.455005+00:00
298,0.49,2026-09-24T08:27:08.456036+00:00
299,0.494,2026-09-24T08:27:08.457240+00:00
300,0.54,2026-09-24T08:27:08.458280+00:00
301,0.508,2026-09-24T08:27:08.459350+00:00
302,0.49,2026-09-24T08:27:08.460319+00:00
303,0.481,2026-09-24T08:27:08.461475+00:00
304,0.51,2026-09-24T08:27:08.462584+00:00
305,0.503,2026-09-24T08:27:08.463636+00:00
306,0.47800000000000004,2026-09-24T08:27:08.464643+00:00
307,0.503,2026-09-24T08:27:08.465638+00:00
308,0.623,2026-09-24T08:27:08.466795+00:00
309,0.9650000000000001,2026-09-24T08:27:08.468227+00:00
310,0.879,2026-09-24T08:27:08.469286+00:00
311,0.772,2026-09-24T08:27:08.470305+00:00
312,0.8109999999999999,2026-09-24T08:27:08.471347+00:00
313,0.602,2026-09-24T08:27:08.472204+00:00
314,0.735,2026-09-24T08:27:08.473493+00:00
315,0.791,2026-09-24T08:27:08.474567+00:00
316,0.816,2026-09-24T08:27:08.475562+00:00
317,0.536,2026-09-24T08:27:08.476270+00:00
318,0.631,2026-09-24T08:27:08.477333+00:00
319,0.615,2026-09-24T08:27:08.478393+00:00
320,0.589,2026-09-24T08:27:08.479406+00:00
321,0.8720000000000001,2026-09-24T08:27:08.480666+00:00
322,0.837,2026-09-24T08:27:08.482105+00:00
323,0.703,2026-09-24T08:27:08.483346+00:00
324,0.699,2026-09-24T08:27:08.484479+00:00
325,0.625,2026-09-24T08:27:08.485587+00:00
326,0.671,2026-09-24T08:27:08.486752+00:00
327,0.614,2026-09-24T08:27:08.487767+00:00
328,0.82,2026-09-24T08:27:08.489097+00:00
329,0.574,2026-09-24T08:27:08.490017+00:00
330,0.601,2026-09-24T08:27:08.491159+00:00
331,0.503,2026-09-24T08:27:08.492150+00:00
332,0.525,2026-09-24T08:27:08.493191+00:00
333,0.536,2026-09-24T08:27:08.494245+00:00
334,0.522,2026-09-24T08:27:08.495236+00:00
335,0.508,2026-09-24T08:27:08.496230+00:00
336,0.669,2026-09-24T08:27:08.497367+00:00
337,0.5429999999999999,2026-09-24T08:27:08.498326+00:00
338,0.5379999999999999,2026-09-24T08:27:08.499365+00:00
339,0.594,2026-09-24T08:27:08.500574+00:00
340,0.5419999999999999,2026-09-24T08:27:08.501677+00:00
341,0.533,2026-09-24T08:27:08.502756+00:00
342,0.578,2026-09-24T08:27:08.503875+00:00
343,0.6930000000000001,2026-09-24T08:27:08.505560+00:00
344,0.68,2026-09-24T08:27:08.506906+00:00
345,0.49200000000000005,2026-09-24T08:27:08.508003+00:00
346,0.508,2026-09-24T08:27:08.509090+00:00
347,0.554,2026-09-24T08:27:08.510223+00:00
348,0.5199999999999999,2026-09-24T08:27:08.511267+00:00
349,0.7829999999999999,2026-09-24T08:27:08.512570+00:00
350,0.6449999999999999,2026-09-24T08:27:08.513583+00:00
351,0.49799999999999994,2026-09-24T08:27:08.514703+00:00
352,0.496,2026-09-24T08:27:08.515956+00:00
353,0.438,2026-09-24T08:27:08.516930+00:00
354,0.481,2026-09-24T08:27:08.517935+00:00
355,0.474,2026-09-24T08:27:08.519188+00:00
356,0.479,2026-09-24T08:27:08.520251+00:00
357,0.46,2026-09-24T08:27:08.521212+00:00
358,0.47,2026-09-24T08:27:08.522343+00:00
359,0.45199999999999996,2026-09-24T08:27:08.523272+00:00
360,0.719,2026-09-24T08:27:08.524537+00:00
361,0.7020000000000001,2026-09-24T08:27:08.526021+00:00
362,0.546,2026-09-24T08:27:08.527256+00:00
363,0.502,2026-09-24T08:27:08.528284+00:00
364,0.475,2026-09-24T08:27:08.529279+00:00
365,0.518,2026-09-24T08:27:08.530311+00:00
366,0.507,2026-09-24T08:27:08.531347+00:00
367,0.521,2026-09-24T08:27:08.532408+00:00
368,0.502,2026-09-24T08:27:08.533435+00:00
369,0.49,2026-09-24T08:27:08.534440+00:00
370,0.506,2026-09-24T08:27:08.535494+00:00
371,0.494,2026-09-24T08:27:08.536501+00:00
372,0.49700000000000005,2026-09-24T08:27:08.537499+00:00
373,0.513,2026-09-24T08:27:08.538759+00:00
374,0.507,2026-09-24T08:27:08.539795+00:00
375,0.6880000000000001,2026-09-24T08:27:08.541164+00:00
376,0.465,2026-09-24T08:27:08.542163+00:00
377,0.495,2026-09-24T08:27:08.543173+00:00
378,0.48700000000000004,2026-09-24T08:27:08.544150+00:00
379,0.491,2026-09-24T08:27:08.545182+00:00
380,0.49799999999999994,2026-09-24T08:27:08.546168+00:00
381,0.477,2026-09-24T08:27:08.547151+00:00
382,0.5569999999999999,2026-09-24T08:27:08.548221+00:00
383,0.46299999999999997,2026-09-24T08:27:08.549138+00:00
384,0.449,2026-09-24T08:27:08.550087+00:00
385,0.475,2026-09-24T08:27:08.551113+00:00
386,0.46599999999999997,2026-09-24T08:27:08.552144+00:00
387,0.47,2026-09-24T08:27:08.553145+00:00
388,0.465,2026-09-24T08:27:08.554215+00:00
389,0.46799999999999997,2026-09-24T08:27:08.555191+00:00
390,0.484,2026-09-24T08:27:08.556168+00:00
391,0.449,2026-09-24T08:27:08.557132+00:00
392,0.505,2026-09-24T08:27:08.558194+00:00
393,0.46299999999999997,2026-09-24T08:27:08.559166+00:00
394,0.506,2026-09-24T08:27:08.560181+00:00
395,0.5900000000000001,2026-09-24T08:27:08.561258+00:00
396,0.503,2026-09-24T08:27:08.562168+00:00
397,0.545,2026-09-24T08:27:08.563332+00:00
398,0.531,2026-09-24T08:27:08.564385+00:00
399,0.528,2026-09-24T08:27:08.565439+00:00
400,0.587,2026-09-24T08:27:08.566535+00:00
401,0.545,2026-09-24T08:27:08.567644+00:00
402,0.486,2026-09-24T08:27:08.568615+00:00
403,0.502,2026-09-24T08:27:08.569729+00:00
404,0.798,2026-09-24T08:27:08.571086+00:00
405,0.67,2026-09-24T08:27:08.572045+00:00
406,0.911,2026-09-24T08:27:08.573447+00:00
407,0.7290000000000001,2026-09-24T08:27:08.574427+00:00
408,0.963,2026-09-24T08:27:08.575704+00:00
409,0.8099999999999999,2026-09-24T08:27:08.576670+00:00
410,0.691,2026-09-24T08:27:08.577727+00:00
411,0.665,2026-09-24T08:27:08.578791+00:00
412,0.5910000000000001,2026-09-24T08:27:08.579719+00:00
413,0.5479999999999999,2026-09-24T08:27:08.580724+00:00
414,0.642,2026-09-24T08:27:08.581826+00:00
415,0.652,2026-09-24T08:27:08.582830+00:00
416,0.5770000000000001,2026-09-24T08:27:08.583813+00:00
417,0.651,2026-09-24T08:27:08.584928+00:00
418,0.589,2026-09-24T08:27:08.585881+00:00
419,0.598,2026-09-24T08:27:08.586966+00:00
420,1.095,2026-09-24T08:27:08.588810+00:00
421,0.777,2026-09-24T08:27:08.590067+00:00
422,0.8540000000000001,2026-09-24T08:27:08.591433+00:00
423,0.565,2026-09-24T08:27:08.592345+00:00
424,0.671,2026-09-24T08:27:08.593703+00:00
425,0.579,2026-09-24T08:27:08.594728+00:00
426,0.57,2026-09-24T08:27:08.595768+00:00
427,0.639,2026-09-24T08:27:08.596928+00:00
428,0.5469999999999999,2026-09-24T08:27:08.597990+00:00
429,0.6809999999999999,2026-09-24T08:27:08.599848+00:00
430,0.545,2026-09-24T08:27:08.601047+00:00
431,0.5599999999999999,2026-09-24T08:27:08.602093+00:00
432,0.515,2026-09-24T08:27:08.603223+00:00
433,0.635,2026-09-24T08:27:08.604434+00:00
434,0.536,2026-09-24T08:27:08.605486+00:00
435,0.5339999999999999,2026-09-24T08:27:08.606516+00:00
436,0.6759999999999999,2026-09-24T08:27:08.607690+00:00
437,0.885,2026-09-24T08:27:08.609172+00:00
438,0.955,2026-09-24T08:27:08.611279+00:00
439,0.718,2026-09-24T08:27:08.612651+00:00
440,0.5810000000000001,2026-09-24T08:27:08.613690+00:00
441,0.608,2026-09-24T08:27:08.614823+00:00
442,0.584,2026-09-24T08:27:08.615915+00:00
443,0.546,2026-09-24T08:27:08.616975+00:00
444,0.521,2026-09-24T08:27:08.618035+00:00
445,0.554,2026-09-24T08:27:08.619129+00:00
446,0.539,2026-09-24T08:27:08.620205+00:00
447,0.545,2026-09-24T08:27:08.621502+00:00
448,0.562,2026-09-24T08:27:08.622599+00:00
449,0.5379999999999999,2026-09-24T08:27:08.623658+00:00
450,1.2149999999999999,2026-09-24T08:27:08.625386+00:00
451,1.016,2026-09-24T08:27:08.627066+00:00
452,0.794,2026-09-24T08:27:08.628162+00:00
453,0.6890000000000001,2026-09-24T08:27:08.629440+00:00
454,0.639,2026-09-24T08:27:08.630578+00:00
455,0.514,2026-09-24T08:27:08.631620+00:00
456,0.607,2026-09-24T08:27:08.632859+00:00
457,0.5289999999999999,2026-09-24T08:27:08.633916+00:00
458,0.504,2026-09-24T08:27:08.634961+00:00
459,0.65,2026-09-24T08:27:08.636389+00:00
460,0.628,2026-09-24T08:27:08.637546+00:00
461,0.49700000000000005,2026-09-24T08:27:08.638592+00:00
462,0.524,2026-09-24T08:27:08.639929+00:00
463,0.481,2026-09-24T08:27:08.640956+00:00
464,0.48500000000000004,2026-09-24T08:27:08.641973+00:00
465,0.46799999999999997,2026-09-24T08:27:08.642971+00:00
466,0.506,2026-09-24T08:27:08.644009+00:00
467,0.49799999999999994,2026-09-24T08:27:08.645026+00:00
468,0.46799999999999997,2026-09-24T08:27:08.646006+00:00
469,0.465,2026-09-24T08:27:08.646984+00:00
470,0.456,2026-09-24T08:27:08.648141+00:00
471,0.449,2026-09-24T08:27:08.649131+00:00
472,0.46799999999999997,2026-09-24T08:27:08.650122+00:00
473,0.45399999999999996,2026-09-24T08:27:08.651115+00:00
474,0.47800000000000004,2026-09-24T08:27:08.652124+00:00
475,0.481,2026-09-24T08:27:08.653109+00:00
476,0.46799999999999997,2026-09-24T08:27:08.654091+00:00
477,0.48700000000000004,2026-09-24T08:27:08.655254+00:00
478,0.47300000000000003,2026-09-24T08:27:08.656253+00:00
479,0.451,2026-09-24T08:27:08.657226+00:00
480,0.444,2026-09-24T08:27:08.658202+00:00
481,0.475,2026-09-24T08:27:08.659206+00:00
482,0.49,2026-09-24T08:27:08.660194+00:00
483,0.45199999999999996,2026-09-24T08:27:08.661138+00:00
484,0.464,2026-09-24T08:27:08.662117+00:00
485,0.515,2026-09-24T08:27:08.663147+00:00
486,0.474,2026-09-24T08:27:08.664244+00:00
487,0.49299999999999994,2026-09-24T08:27:08.665265+00:00
488,0.472,2026-09-24T08:27:08.666309+00:00
489,0.457,2026-09-24T08:27:08.667301+00:00
490,0.49700000000000005,2026-09-24T08:27:08.668361+00:00
491,0.484,2026-09-24T08:27:08.669396+00:00
492,0.46900000000000003,2026-09-24T08:27:08.670565+00:00
493,0.481,2026-09-24T08:27:08.671572+00:00
494,0.494,2026-09-24T08:27:08.672608+00:00
495,0.48899999999999993,2026-09-24T08:27:08.673614+00:00
496,0.535,2026-09-24T08:27:08.674653+00:00
497,0.555,2026-09-24T08:27:08.675850+00:00
498,0.5429999999999999,2026-09-24T08:27:08.676990+00:00
499,0.53,2026-09-24T08:27:08.678058+00:00
500,0.48500000000000004,2026-09-24T08:27:08.679097+00:00
501,0.525,2026-09-24T08:27:08.680201+00:00
502,0.523,2026-09-24T08:27:08.681235+00:00
503,0.508,2026-09-24T08:27:08.682252+00:00
504,0.536,2026-09-24T08:27:08.683286+00:00
505,0.5,2026-09-24T08:27:08.684307+00:00
506,0.449,2026-09-24T08:27:08.685263+00:00
507,0.46799999999999997,2026-09-24T08:27:08.686405+00:00
508,1.1520000000000001,2026-09-24T08:27:08.688160+00:00
509,0.902,2026-09-24T08:27:08.689634+00:00
510,0.6809999999999999,2026-09-24T08:27:08.691011+00:00
511,0.5630000000000001,2026-09-24T08:27:08.692270+00:00
512,0.8450000000000001,2026-09-24T08:27:08.693934+00:00
513,0.6539999999999999,2026-09-24T08:27:08.695096+00:00
514,0.584,2026-09-24T08:27:08.696208+00:00
515,0.5429999999999999,2026-09-24T08:27:08.697258+00:00
516,0.513,2026-09-24T08:27:08.698288+00:00
517,0.545,2026-09-24T08:27:08.699385+00:00
518,0.503,2026-09-24T08:27:08.700425+00:00
519,0.6130000000000001,2026-09-24T08:27:08.701694+00:00
520,0.597,2026-09-24T08:27:08.702794+00:00
521,0.55,2026-09-24T08:27:08.704097+00:00
522,0.5599999999999999,2026-09-24T08:27:08.705225+00:00
523,0.535,2026-09-24T08:27:08.706271+00:00
524,0.515,2026-09-24T08:27:08.707313+00:00
525,0.519,2026-09-24T08:27:08.708402+00:00
526,0.479,2026-09-24T08:27:08.709404+00:00
527,0.479,2026-09-24T08:27:08.710405+00:00
528,0.523,2026-09-24T08:27:08.711473+00:00
529,0.5509999999999999,2026-09-24T08:27:08.712541+00:00
530,0.57,2026-09-24T08:27:08.713624+00:00
531,0.544,2026-09-24T08:27:08.714694+00:00
532,0.5670000000000001,2026-09-24T08:27:08.715779+00:00
533,0.525,2026-09-24T08:27:08.716818+00:00
534,0.5429999999999999,2026-09-24T08:27:08.717885+00:00
535,0.648,2026-09-24T08:27:08.719031+00:00
536,0.592,2026-09-24T08:27:08.720250+00:00
537,0.562,2026-09-24T08:27:08.721346+00:00
538,0.546,2026-09-24T08:27:08.722425+00:00
539,0.523,2026-09-24T08:27:08.723453+00:00
540,0.512,2026-09-24T08:27:08.724496+00:00
541,0.528,2026-09-24T08:27:08.725532+00:00
542,0.587,2026-09-24T08:27:08.726645+00:00
543,0.531,2026-09-24T08:27:08.727908+00:00
544,0.545,2026-09-24T08:27:08.729055+00:00
545,0.527,2026-09-24T08:27:08.730139+00:00
546,0.541,2026-09-24T08:27:08.731203+00:00
547,0.526,2026-09-24T08:27:08.732290+00:00
548,0.5509999999999999,2026-09-24T08:27:08.733382+00:00
549,0.5469999999999999,2026-09-24T08:27:08.734447+00:00
550,0.53,2026-09-24T08:27:08.735504+00:00
551,0.554,2026-09-24T08:27:08.736806+00:00
552,0.57,2026-09-24T08:27:08.737940+00:00
553,0.5820000000000001,2026-09-24T08:27:08.739138+00:00
554,0.5630000000000001,2026-09-24T08:27:08.740283+00:00
555,0.528,2026-09-24T08:27:08.741388+00:00
556,0.528,2026-09-24T08:27:08.742447+00:00
557,0.554,2026-09-24T08:27:08.743518+00:00
558,0.5429999999999999,2026-09-24T08:27:08.744558+00:00
559,0.554,2026-09-24T08:27:08.745619+00:00
560,0.629,2026-09-24T08:27:08.746961+00:00
561,0.5670000000000001,2026-09-24T08:27:08.748045+00:00
562,0.5429999999999999,2026-09-24T08:27:08.749121+00:00
563,0.504,2026-09-24T08:27:08.750141+00:00
564,0.494,2026-09-24T08:27:08.751171+00:00
565,0.508,2026-09-24T08:27:08.752191+00:00
566,0.49299999999999994,2026-09-24T08:27:08.753362+00:00
567,0.664,2026-09-24T08:27:08.754587+00:00
568,0.584,2026-09-24T08:27:08.755659+00:00
569,0.539,2026-09-24T08:27:08.756693+00:00
570,0.499,2026-09-24T08:27:08.757688+00:00
571,0.515,2026-09-24T08:27:08.758697+00:00
572,0.47600000000000003,2026-09-24T08:27:08.759650+00:00
573,0.484,2026-09-24T08:27:08.760633+00:00
574,0.467,2026-09-24T08:27:08.761589+00:00
575,0.484,2026-09-24T08:27:08.762553+00:00
576,0.48000000000000004,2026-09-24T08:27:08.763524+00:00
577,0.533,2026-09-24T08:27:08.764557+00:00
578,0.47600000000000003,2026-09-24T08:27:08.765543+00:00
579,0.508,2026-09-24T08:27:08.766566+00:00
580,0.503,2026-09-24T08:27:08.767560+00:00
581,0.483,2026-09-24T08:27:08.768615+00:00
582,0.488,2026-09-24T08:27:08.769586+00:00
583,0.479,2026-09-24T08:27:08.770549+00:00
584,0.484,2026-09-24T08:27:08.771517+00:00
585,0.482,2026-09-24T08:27:08.772513+00:00
586,0.482,2026-09-24T08:27:08.773494+00:00
587,0.49,2026-09-24T08:27:08.774513+00:00
588,0.495,2026-09-24T08:27:08.775533+00:00
589,0.565,2026-09-24T08:27:08.776711+00:00
590,0.5,2026-09-24T08:27:08.777724+00:00
591,0.6579999999999999,2026-09-24T08:27:08.778869+00:00
592,0.554,2026-09-24T08:27:08.779942+00:00
593,0.53,2026-09-24T08:27:08.781108+00:00
594,0.546,2026-09-24T08:27:08.782165+00:00
595,0.527,2026-09-24T08:27:08.783194+00:00
596,0.5339999999999999,2026-09-24T08:27:08.784321+00:00
597,0.491,2026-09-24T08:27:08.785319+00:00
598,0.746,2026-09-24T08:27:08.786560+00:00
599,0.565,2026-09-24T08:27:08.787389+00:00
600,0.55,2026-09-24T08:27:08.788374+00:00
601,0.484,2026-09-24T08:27:08.789318+00:00
602,0.455,2026-09-24T08:27:08.790245+00:00
603,0.48000000000000004,2026-09-24T08:27:08.791240+00:00
604,0.46299999999999997,2026-09-24T08:27:08.792210+00:00
605,0.6130000000000001,2026-09-24T08:27:08.793369+00:00
606,0.589,2026-09-24T08:27:08.794538+00:00
607,0.5609999999999999,2026-09-24T08:27:08.795695+00:00
608,0.48000000000000004,2026-09-24T08:27:08.796674+00:00
609,0.48500000000000004,2026-09-24T08:27:08.797645+00:00
610,0.49700000000000005,2026-09-24T08:27:08.798776+00:00
611,0.49200000000000005,2026-09-24T08:27:08.799791+00:00
612,0.909,2026-09-24T08:27:08.801271+00:00
613,0.9420000000000001,2026-09-24T08:27:08.802476+00:00
614,0.639,2026-09-24T08:27:08.803373+00:00
615,0.5419999999999999,2026-09-24T08:27:08.804313+00:00
616,0.488,2026-09-24T08:27:08.805297+00:00
617,0.509,2026-09-24T08:27:08.806286+00:00
618,0.74,2026-09-24T08:27:08.807537+00:00
619,0.494,2026-09-24T08:27:08.808555+00:00
620,0.46599999999999997,2026-09-24T08:27:08.809506+00:00
621,1.388,2026-09-24T08:27:08.811647+00:00
622,0.905,2026-09-24T08:27:08.812748+00:00
623,0.751,2026-09-24T08:27:08.814135+00:00
624,0.754,2026-09-24T08:27:08.815528+00:00
625,0.746,2026-09-24T08:27:08.817072+00:00
626,0.9079999999999999,2026-09-24T08:27:08.818646+00:00
627,0.8220000000000001,2026-09-24T08:27:08.819973+00:00
628,0.786,2026-09-24T08:27:08.821188+00:00
629,0.5950000000000001,2026-09-24T08:27:08.822166+00:00
630,0.502,2026-09-24T08:27:08.823144+00:00
631,0.757,2026-09-24T08:27:08.824657+00:00
632,0.5810000000000001,2026-09-24T08:27:08.825695+00:00
633,0.5680000000000001,2026-09-24T08:27:08.826755+00:00
634,0.593,2026-09-24T08:27:08.827785+00:00
635,0.566,2026-09-24T08:27:08.828828+00:00
636,0.57,2026-09-24T08:27:08.829880+00:00
637,0.523,2026-09-24T08:27:08.830866+00:00
638,0.527,2026-09-24T08:27:08.831845+00:00
639,0.526,2026-09-24T08:27:08.832854+00:00
640,0.527,2026-09-24T08:27:08.834011+00:00
641,0.607,2026-09-24T08:27:08.835162+00:00
642,0.506,2026-09-24T08:27:08.836115+00:00
643,0.491,2026-09-24T08:27:08.837078+00:00
644,0.546,2026-09-24T08:27:08.838080+00:00
645,0.519,2026-09-24T08:27:08.839072+00:00
646,0.524,2026-09-24T08:27:08.840066+00:00
647,0.505,2026-09-24T08:27:08.841330+00:00
648,0.608,2026-09-24T08:27:08.842529+00:00
649,0.596,2026-09-24T08:27:08.843644+00:00
650,0.555,2026-09-24T08:27:08.844690+00:00
651,0.521,2026-09-24T08:27:08.845695+00:00
652,0.527,2026-09-24T08:27:08.846723+00:00
653,0.6130000000000001,2026-09-24T08:27:08.847839+00:00
654,0.554,2026-09-24T08:27:08.848855+00:00
655,0.794,2026-09-24T08:27:08.850287+00:00
656,0.705,2026-09-24T08:27:08.851548+00:00
657,0.647,2026-09-24T08:27:08.852667+00:00
658,0.531,2026-09-24T08:27:08.853716+00:00
659,0.513,2026-09-24T08:27:08.854708+00:00
660,0.484,2026-09-24T08:27:08.855654+00:00
661,0.494,2026-09-24T08:27:08.856611+00:00
662,0.46599999999999997,2026-09-24T08:27:08.857529+00:00
663,0.781,2026-09-24T08:27:08.858894+00:00
664,0.6589999999999999,2026-09-24T08:27:08.860186+00:00
665,0.631,2026-09-24T08:27:08.861441+00:00
666,0.6890000000000001,2026-09-24T08:27:08.862802+00:00
667,0.615,2026-09-24T08:27:08.864013+00:00
668,0.594,2026-09-24T08:27:08.865219+00:00
669,0.762,2026-09-24T08:27:08.866728+00:00
670,0.673,2026-09-24T08:27:08.868120+00:00
671,0.637,2026-09-24T08:27:08.869308+00:00
672,0.639,2026-09-24T08:27:08.870521+00:00
673,0.615,2026-09-24T08:27:08.871644+00:00
674,0.666,2026-09-24T08:27:08.872943+00:00
675,0.787,2026-09-24T08:27:08.874339+00:00
676,0.644,2026-09-24T08:27:08.875586+00:00
677,0.5559999999999999,2026-09-24T08:27:08.876666+00:00
678,0.523,2026-09-24T08:27:08.877675+00:00
679,0.465,2026-09-24T08:27:08.878602+00:00
680,0.47100000000000003,2026-09-24T08:27:08.879547+00:00
681,0.6819999999999999,2026-09-24T08:27:08.880732+00:00
682,0.5820000000000001,2026-09-24T08:27:08.882093+00:00
683,0.5950000000000001,2026-09-24T08:27:08.883373+00:00
684,0.657,2026-09-24T08:27:08.884608+00:00
685,0.735,2026-09-24T08:27:08.886002+00:00
686,0.583,2026-09-24T08:27:08.886983+00:00
687,0.539,2026-09-24T08:27:08.888075+00:00
688,0.541,2026-09-24T08:27:08.889165+00:00
689,0.555,2026-09-24T08:27:08.890231+00:00
690,0.541,2026-09-24T08:27:08.891259+00:00
691,0.5,2026-09-24T08:27:08.892241+00:00
692,0.513,2026-09-24T08:27:08.893252+00:00
693,0.499,2026-09-24T08:27:08.894225+00:00
694,0.523,2026-09-24T08:27:08.895267+00:00
695,0.501,2026-09-24T08:27:08.896280+00:00
696,0.575,2026-09-24T08:27:08.897367+00:00
697,0.742,2026-09-24T08:27:08.898636+00:00
698,0.661,2026-09-24T08:27:08.899871+00:00
699,0.579,2026-09-24T08:27:08.901057+00:00
700,0.545,2026-09-24T08:27:08.902141+00:00
701,0.51,2026-09-24T08:27:08.903145+00:00
702,0.6040000000000001,2026-09-24T08:27:08.904296+00:00
703,0.517,2026-09-24T08:27:08.905287+00:00
704,0.768,2026-09-24T08:27:08.906560+00:00
705,0.7240000000000001,2026-09-24T08:27:08.907594+00:00
706,0.5569999999999999,2026-09-24T08:27:08.908454+00:00
707,0.481,2026-09-24T08:27:08.909353+00:00
708,0.477,2026-09-24T08:27:08.910286+00:00
709,0.457,2026-09-24T08:27:08.911204+00:00
710,0.438,2026-09-24T08:27:08.912082+00:00
711,0.47300000000000003,2026-09-24T08:27:08.913080+00:00
712,0.446,2026-09-24T08:27:08.914060+00:00
713,0.944,2026-09-24T08:27:08.915550+00:00
714,0.578,2026-09-24T08:27:08.916441+00:00
715,0.512,2026-09-24T08:27:08.917437+00:00
716,0.496,2026-09-24T08:27:08.918394+00:00
717,0.5419999999999999,2026-09-24T08:27:08.919439+00:00
718,0.486,2026-09-24T08:27:08.920408+00:00
719,0.514,2026-09-24T08:27:08.921437+00:00
720,0.704,2026-09-24T08:27:08.922638+00:00
721,0.607,2026-09-24T08:27:08.923586+00:00
722,0.5760000000000001,2026-09-24T08:27:08.924599+00:00
723,0.5630000000000001,2026-09-24T08:27:08.925728+00:00
724,0.539,2026-09-24T08:27:08.926704+00:00
725,0.5569999999999999,2026-09-24T08:27:08.927756+00:00
726,0.532,2026-09-24T08:27:08.928799+00:00
727,0.541,2026-09-24T08:27:08.929833+00:00
728,0.7919999999999999,2026-09-24T08:27:08.931069+00:00
729,0.5860000000000001,2026-09-24T08:27:08.932032+00:00
730,0.496,2026-09-24T08:27:08.932970+00:00
731,0.506,2026-09-24T08:27:08.933936+00:00
732,0.482,2026-09-24T08:27:08.934908+00:00
733,0.477,2026-09-24T08:27:08.935883+00:00
734,0.464,2026-09-24T08:27:08.936886+00:00
735,0.49,2026-09-24T08:27:08.937884+00:00
736,0.5419999999999999,2026-09-24T08:27:08.938925+00:00
737,0.482,2026-09-24T08:27:08.939867+00:00
738,0.6579999999999999,2026-09-24T08:27:08.941019+00:00
739,0.518,2026-09-24T08:27:08.941852+00:00
740,0.526,2026-09-24T08:27:08.942810+00:00
741,1.065,2026-09-24T08:27:08.944656+00:00
742,0.713,2026-09-24T08:27:08.945920+00:00
743,1.042,2026-09-24T08:27:08.947728+00:00
744,1.082,2026-09-24T08:27:08.949104+00:00
745,0.998,2026-09-24T08:27:08.950310+00:00
746,1.0330000000000001,2026-09-24T08:27:08.951658+00:00
747,0.9650000000000001,2026-09-24T08:27:08.952872+00:00
748,1.0859999999999999,2026-09-24T08:27:08.954430+00:00
749,0.9610000000000001,2026-09-24T08:27:08.955689+00:00
750,1.016,2026-09-24T08:27:08.957064+00:00
751,0.804,2026-09-24T08:27:08.958134+00:00
752,0.8989999999999999,2026-09-24T08:27:08.959496+00:00
753,1.011,2026-09-24T08:27:08.960774+00:00
754,1.021,2026-09-24T08:27:08.962063+00:00
755,0.8009999999999999,2026-09-24T08:27:08.963156+00:00
756,0.6719999999999999,2026-09-24T08:27:08.964323+00:00
757,0.7020000000000001,2026-09-24T08:27:08.965557+00:00
758,0.68,2026-09-24T08:27:08.966716+00:00
759,0.712,2026-09-24T08:27:08.968037+00:00
760,0.6449999999999999,2026-09-24T08:27:08.969181+00:00
761,0.67,2026-09-24T08:27:08.970378+00:00
762,0.755,2026-09-24T08:27:08.971735+00:00
763,0.558,2026-09-24T08:27:08.972720+00:00
764,0.49799999999999994,2026-09-24T08:27:08.973673+00:00
765,0.503,2026-09-24T08:27:08.974627+00:00
766,0.46299999999999997,2026-09-24T08:27:08.975563+00:00
767,0.526,2026-09-24T08:27:08.976558+00:00
768,0.712,2026-09-24T08:27:08.977738+00:00
769,0.669,2026-09-24T08:27:08.978676+00:00
770,0.5569999999999999,2026-09-24T08:27:08.979658+00:00
771,0.49799999999999994,2026-09-24T08:27:08.980631+00:00
772,0.616,2026-09-24T08:27:08.981716+00:00
773,0.501,2026-09-24T08:27:08.982672+00:00
774,0.5339999999999999,2026-09-24T08:27:08.983766+00:00
775,0.474,2026-09-24T08:27:08.984731+00:00
776,0.48899999999999993,2026-09-24T08:27:08.985679+00:00
777,0.833,2026-09-24T08:27:08.986995+00:00
778,0.841,2026-09-24T08:27:08.987959+00:00
779,0.752,2026-09-24T08:27:08.988905+00:00
780,0.821,2026-09-24T08:27:08.989930+00:00
781,0.7020000000000001,2026-09-24T08:27:08.990823+00:00
782,0.763,2026-09-24T08:27:08.991820+00:00
783,0.964,2026-09-24T08:27:08.993008+00:00
784,0.69,2026-09-24T08:27:08.993761+00:00
785,0.746,2026-09-24T08:27:08.994853+00:00
786,0.743,2026-09-24T08:27:08.995819+00:00
787,0.769,2026-09-24T08:27:08.996846+00:00
788,0.776,2026-09-24T08:27:08.997913+00:00
789,0.712,2026-09-24T08:27:08.998822+00:00
790,0.579,2026-09-24T08:27:08.999634+00:00
791,0.549,2026-09-24T08:27:09.000583+00:00
792,0.6920000000000001,2026-09-24T08:27:09.001673+00:00
793,0.843,2026-09-24T08:27:09.003084+00:00
794,0.642,2026-09-24T08:27:09.004225+00:00
795,0.915,2026-09-24T08:27:09.005623+00:00
796,0.616,2026-09-24T08:27:09.006512+00:00
797,0.633,2026-09-24T08:27:09.007572+00:00
798,0.614,2026-09-24T08:27:09.008615+00:00
799,0.9269999999999999,2026-09-24T08:27:09.009953+00:00
800,0.909,2026-09-24T08:27:09.011143+00:00
801,0.6819999999999999,2026-09-24T08:27:09.012336+00:00
802,0.699,2026-09-24T08:27:09.013619+00:00
803,0.6980000000000001,2026-09-24T08:27:09.014984+00:00
804,0.647,2026-09-24T08:27:09.016182+00:00
805,0.614,2026-09-24T08:27:09.017354+00:00
806,0.696,2026-09-24T08:27:09.018646+00:00
807,0.6489999999999999,2026-09-24T08:27:09.019826+00:00
808,0.632,2026-09-24T08:27:09.021007+00:00
809,0.9309999999999999,2026-09-24T08:27:09.022491+00:00
810,0.594,2026-09-24T08:27:09.023403+00:00
811,0.516,2026-09-24T08:27:09.024715+00:00
812,0.5419999999999999,2026-09-24T08:27:09.025752+00:00
813,0.9779999999999999,2026-09-24T08:27:09.027343+00:00
814,1.0250000000000001,2026-09-24T08:27:09.028715+00:00
815,0.987,2026-09-24T08:27:09.029953+00:00
816,0.876,2026-09-24T08:27:09.031104+00:00
817,0.6920000000000001,2026-09-24T08:27:09.032212+00:00
818,0.597,2026-09-24T08:27:09.033429+00:00
819,0.626,2026-09-24T08:27:09.034543+00:00
820,0.5760000000000001,2026-09-24T08:27:09.035711+00:00
821,0.504,2026-09-24T08:27:09.036721+00:00
822,0.494,2026-09-24T08:27:09.037704+00:00
823,0.46099999999999997,2026-09-24T08:27:09.038678+00:00
824,0.46900000000000003,2026-09-24T08:27:09.039648+00:00
825,0.449,2026-09-24T08:27:09.040602+00:00
826,0.491,2026-09-24T08:27:09.042075+00:00
827,0.526,2026-09-24T08:27:09.043185+00:00
828,0.745,2026-09-24T08:27:09.044472+00:00
829,0.907,2026-09-24T08:27:09.045774+00:00
830,0.871,2026-09-24T08:27:09.046856+00:00
831,0.785,2026-09-24T08:27:09.047915+00:00
832,0.757,2026-09-24T08:27:09.048868+00:00
833,1.131,2026-09-24T08:27:09.050402+00:00
834,0.9259999999999999,2026-09-24T08:27:09.051231+00:00
835,0.635,2026-09-24T08:27:09.052128+00:00
836,0.566,2026-09-24T08:27:09.053218+00:00
837,0.48700000000000004,2026-09-24T08:27:09.054162+00:00
838,0.6679999999999999,2026-09-24T08:27:09.055322+00:00
839,0.5469999999999999,2026-09-24T08:27:09.056194+00:00
840,0.482,2026-09-24T08:27:09.057138+00:00
841,0.769,2026-09-24T08:27:09.058554+00:00
842,0.76,2026-09-24T08:27:09.059914+00:00
843,0.675,2026-09-24T08:27:09.061147+00:00
844,0.579,2026-09-24T08:27:09.062288+00:00
845,0.509,2026-09-24T08:27:09.063289+00:00
846,0.48000000000000004,2026-09-24T08:27:09.064242+00:00
847,0.496,2026-09-24T08:27:09.065259+00:00
848,0.5820000000000001,2026-09-24T08:27:09.066568+00:00
849,0.512,2026-09-24T08:27:09.067543+00:00
850,0.558,2026-09-24T08:27:09.068607+00:00
851,0.707,2026-09-24T08:27:09.069846+00:00
852,0.713,2026-09-24T08:27:09.071184+00:00
853,0.687,2026-09-24T08:27:09.072510+00:00
854,0.8069999999999999,2026-09-24T08:27:09.073950+00:00
855,0.755,2026-09-24T08:27:09.075809+00:00
856,0.95,2026-09-24T08:27:09.077330+00:00
857,0.761,2026-09-24T08:27:09.078505+00:00
858,0.7200000000000001,2026-09-24T08:27:09.079782+00:00
859,0.776,2026-09-24T08:27:09.081039+00:00
860,0.616,2026-09-24T08:27:09.082012+00:00
861,0.761,2026-09-24T08:27:09.083285+00:00
862,0.5810000000000001,2026-09-24T08:27:09.084245+00:00
863,0.5640000000000001,2026-09-24T08:27:09.085539+00:00
864,0.608,2026-09-24T08:27:09.086713+00:00
865,0.553,2026-09-24T08:27:09.087737+00:00
866,0.732,2026-09-24T08:27:09.088976+00:00
867,0.599,2026-09-24T08:27:09.089834+00:00
868,1.018,2026-09-24T08:27:09.091360+00:00
869,0.546,2026-09-24T08:27:09.092379+00:00
870,0.46799999999999997,2026-09-24T08:27:09.093336+00:00
871,0.495,2026-09-24T08:27:09.094323+00:00
872,0.483,2026-09-24T08:27:09.095277+00:00
873,0.49299999999999994,2026-09-24T08:27:09.096246+00:00
874,0.8,2026-09-24T08:27:09.097547+00:00
875,0.669,2026-09-24T08:27:09.098358+00:00
876,0.592,2026-09-24T08:27:09.099474+00:00
877,0.583,2026-09-24T08:27:09.100497+00:00
878,0.5479999999999999,2026-09-24T08:27:09.101577+00:00
879,0.539,2026-09-24T08:27:09.102548+00:00
880,0.514,2026-09-24T08:27:09.103505+00:00
881,0.569,2026-09-24T08:27:09.104533+00:00
882,0.5720000000000001,2026-09-24T08:27:09.105596+00:00
883,0.657,2026-09-24T08:27:09.106724+00:00
884,0.611,2026-09-24T08:27:09.108239+00:00
885,0.537,2026-09-24T08:27:09.109233+00:00
886,0.513,2026-09-24T08:27:09.110180+00:00
887,0.512,2026-09-24T08:27:09.111162+00:00
888,0.5,2026-09-24T08:27:09.112208+00:00
889,0.5379999999999999,2026-09-24T08:27:09.113236+00:00
890,0.7060000000000001,2026-09-24T08:27:09.114405+00:00
891,0.82,2026-09-24T08:27:09.115861+00:00
892,0.735,2026-09-24T08:27:09.117138+00:00
893,0.7010000000000001,2026-09-24T08:27:09.118356+00:00
894,0.695,2026-09-24T08:27:09.120098+00:00
895,0.718,2026-09-24T08:27:09.121303+00:00
896,0.6759999999999999,2026-09-24T08:27:09.122468+00:00
897,0.694,2026-09-24T08:27:09.123630+00:00
898,0.695,2026-09-24T08:27:09.124979+00:00
899,0.723,2026-09-24T08:27:09.126179+00:00
900,0.64,2026-09-24T08:27:09.127299+00:00
901,0.674,2026-09-24T08:27:09.128485+00:00
902,0.647,2026-09-24T08:27:09.129576+00:00
903,0.6449999999999999,2026-09-24T08:27:09.130692+00:00
904,0.637,2026-09-24T08:27:09.131812+00:00
905,0.639,2026-09-24T08:27:09.132892+00:00
906,0.622,2026-09-24T08:27:09.133979+00:00
907,0.641,2026-09-24T08:27:09.135206+00:00
908,0.6809999999999999,2026-09-24T08:27:09.136359+00:00
909,0.69,2026-09-24T08:27:09.137588+00:00
910,0.897,2026-09-24T08:27:09.139046+00:00
911,0.7060000000000001,2026-09-24T08:27:09.139992+00:00
912,0.784,2026-09-24T08:27:09.141712+00:00
913,0.6759999999999999,2026-09-24T08:27:09.142845+00:00
914,1.345,2026-09-24T08:27:09.144671+00:00
915,0.93,2026-09-24T08:27:09.145690+00:00
916,0.8400000000000001,2026-09-24T08:27:09.146727+00:00
917,0.9600000000000001,2026-09-24T08:27:09.148332+00:00
918,0.727,2026-09-24T08:27:09.149590+00:00
919,0.6679999999999999,2026-09-24T08:27:09.150800+00:00
920,0.648,2026-09-24T08:27:09.152091+00:00
921,0.651,2026-09-24T08:27:09.153309+00:00
922,0.876,2026-09-24T08:27:09.154871+00:00
923,1.045,2026-09-24T08:27:09.156773+00:00
924,0.812,2026-09-24T08:27:09.158237+00:00
925,0.786,2026-09-24T08:27:09.159628+00:00
926,0.963,2026-09-24T08:27:09.161204+00:00
927,1.393,2026-09-24T08:27:09.163342+00:00
928,0.982,2026-09-24T08:27:09.165006+00:00
929,1.0510000000000002,2026-09-24T08:27:09.166690+00:00
930,0.719,2026-09-24T08:27:09.167616+00:00
931,0.641,2026-09-24T08:27:09.168694+00:00
932,0.562,2026-09-24T08:27:09.169812+00:00
933,0.716,2026-09-24T08:27:09.171004+00:00
934,0.616,2026-09-24T08:27:09.172127+00:00
935,0.9079999999999999,2026-09-24T08:27:09.173836+00:00
936,1.082,2026-09-24T08:27:09.175634+00:00
937,1.143,2026-09-24T08:27:09.177462+00:00
938,0.708,2026-09-24T08:27:09.178799+00:00
939,0.8140000000000001,2026-09-24T08:27:09.180322+00:00
940,0.743,2026-09-24T08:27:09.181716+00:00
941,0.761,2026-09-24T08:27:09.183252+00:00
942,1.109,2026-09-24T08:27:09.185169+00:00
943,0.945,2026-09-24T08:27:09.186803+00:00
944,0.742,2026-09-24T08:27:09.188005+00:00
945,0.746,2026-09-24T08:27:09.189323+00:00
946,1.33,2026-09-24T08:27:09.191435+00:00
947,1.091,2026-09-24T08:27:09.193150+00:00
948,1.093,2026-09-24T08:27:09.194904+00:00
949,0.906,2026-09-24T08:27:09.196534+00:00
950,0.7010000000000001,2026-09-24T08:27:09.197787+00:00
951,3.696,2026-09-24T08:27:09.202063+00:00
952,0.776,2026-09-24T08:27:09.203907+00:00
953,0.6489999999999999,2026-09-24T08:27:09.205170+00:00
954,0.8109999999999999,2026-09-24T08:27:09.206649+00:00
955,0.626,2026-09-24T08:27:09.207738+00:00
956,0.602,2026-09-24T08:27:09.208973+00:00
957,1.388,2026-09-24T08:27:09.210986+00:00
958,0.92,2026-09-24T08:27:09.212585+00:00
959,0.8140000000000001,2026-09-24T08:27:09.213990+00:00
960,0.76,2026-09-24T08:27:09.215360+00:00
961,0.758,2026-09-24T08:27:09.216761+00:00
962,3.2230000000000003,2026-09-24T08:27:09.220561+00:00
963,0.636,2026-09-24T08:27:09.221841+00:00
964,0.566,2026-09-24T08:27:09.223006+00:00
965,0.5559999999999999,2026-09-24T08:27:09.224126+00:00
966,0.5559999999999999,2026-09-24T08:27:09.225169+00:00
967,0.546,2026-09-24T08:27:09.226374+00:00
968,0.5640000000000001,2026-09-24T08:27:09.227422+00:00
969,0.55,2026-09-24T08:27:09.228435+00:00
970,0.5609999999999999,2026-09-24T08:27:09.229461+00:00
971,0.5429999999999999,2026-09-24T08:27:09.230467+00:00
972,0.54,2026-09-24T08:27:09.231471+00:00
973,0.518,2026-09-24T08:27:09.232457+00:00
974,0.5339999999999999,2026-09-24T08:27:09.233476+00:00
975,0.521,2026-09-24T08:27:09.234452+00:00
976,0.526,2026-09-24T08:27:09.235462+00:00
977,0.5519999999999999,2026-09-24T08:27:09.236482+00:00
978,0.533,2026-09-24T08:27:09.237493+00:00
979,0.555,2026-09-24T08:27:09.238499+00:00
980,0.523,2026-09-24T08:27:09.239508+00:00
981,0.5640000000000001,2026-09-24T08:27:09.240608+00:00
982,0.533,2026-09-24T08:27:09.241604+00:00
983,0.539,2026-09-24T08:27:09.242612+00:00
984,0.565,2026-09-24T08:27:09.243705+00:00
985,0.54,2026-09-24T08:27:09.244713+00:00
986,0.5199999999999999,2026-09-24T08:27:09.245707+00:00
987,0.759,2026-09-24T08:27:09.246974+00:00
988,1.004,2026-09-24T08:27:09.248767+00:00
989,0.732,2026-09-24T08:27:09.249922+00:00
990,1.003,2026-09-24T08:27:09.251736+00:00
991,0.726,2026-09-24T08:27:09.253077+00:00
992,0.703,2026-09-24T08:27:09.254501+00:00
993,0.742,2026-09-24T08:27:09.255943+00:00
994,0.6759999999999999,2026-09-24T08:27:09.257349+00:00
995,0.7739999999999999,2026-09-24T08:27:09.258851+00:00
996,0.694,2026-09-24T08:27:09.260373+00:00
997,0.744,2026-09-24T08:27:09.261842+00:00
998,0.684,2026-09-24T08:27:09.263429+00:00
999,0.605,2026-09-24T08:27:09.264720+00:00
1000,0.589,2026-09-24T08:27:09.265885+00:00
1001,0.55,2026-09-24T08:27:09.267059+00:00
1002,0.526,2026-09-24T08:27:09.268180+00:00
1003,0.747,2026-09-24T08:27:09.269614+00:00
1004,0.74,2026-09-24T08:27:09.270917+00:00
1005,0.57,2026-09-24T08:27:09.272017+00:00
1006,0.554,2026-09-24T08:27:09.273166+00:00
1007,0.536,2026-09-24T08:27:09.274323+00:00
1008,0.528,2026-09-24T08:27:09.275442+00:00
1009,0.523,2026-09-24T08:27:09.276553+00:00
1010,0.527,2026-09-24T08:27:09.277682+00:00
1011,0.6719999999999999,2026-09-24T08:27:09.279212+00:00
1012,0.599,2026-09-24T08:27:09.280398+00:00
1013,0.569,2026-09-24T08:27:09.281461+00:00
1014,0.584,2026-09-24T08:27:09.282555+00:00
1015,0.5630000000000001,2026-09-24T08:27:09.283633+00:00
1016,0.5910000000000001,2026-09-24T08:27:09.284702+00:00
1017,0.508,2026-09-24T08:27:09.285728+00:00
1018,0.712,2026-09-24T08:27:09.286945+00:00
1019,1.026,2026-09-24T08:27:09.288522+00:00
1020,0.768,2026-09-24T08:27:09.289681+00:00
1021,0.643,2026-09-24T08:27:09.290814+00:00
1022,0.521,2026-09-24T08:27:09.291855+00:00
1023,0.597,2026-09-24T08:27:09.292971+00:00
1024,0.7010000000000001,2026-09-24T08:27:09.294224+00:00
1025,0.518,2026-09-24T08:27:09.295235+00:00
1026,0.46799999999999997,2026-09-24T08:27:09.296330+00:00
1027,0.514,2026-09-24T08:27:09.297376+00:00
1028,0.488,2026-09-24T08:27:09.298370+00:00
1029,0.447,2026-09-24T08:27:09.299328+00:00
1030,0.45899999999999996,2026-09-24T08:27:09.300332+00:00
1031,0.47,2026-09-24T08:27:09.301300+00:00
1032,0.46599999999999997,2026-09-24T08:27:09.302301+00:00
1033,0.46799999999999997,2026-09-24T08:27:09.303286+00:00
1034,0.46599999999999997,2026-09-24T08:27:09.304302+00:00
1035,0.484,2026-09-24T08:27:09.305290+00:00
1036,0.46599999999999997,2026-09-24T08:27:09.306248+00:00
1037,0.494,2026-09-24T08:27:09.307228+00:00
1038,0.45399999999999996,2026-09-24T08:27:09.308201+00:00
1039,0.467,2026-09-24T08:27:09.309194+00:00
1040,0.456,2026-09-24T08:27:09.310162+00:00
1041,0.479,2026-09-24T08:27:09.311261+00:00
1042,0.486,2026-09-24T08:27:09.312282+00:00
1043,0.518,2026-09-24T08:27:09.313311+00:00
1044,0.592,2026-09-24T08:27:09.314429+00:00
1045,0.628,2026-09-24T08:27:09.315694+00:00
1046,0.5810000000000001,2026-09-24T08:27:09.316857+00:00
1047,0.512,2026-09-24T08:27:09.317868+00:00
1048,0.519,2026-09-24T08:27:09.318861+00:00
1049,0.49799999999999994,2026-09-24T08:27:09.319867+00:00
1050,0.519,2026-09-24T08:27:09.320876+00:00
1051,0.553,2026-09-24T08:27:09.321957+00:00
1052,0.521,2026-09-24T08:27:09.323069+00:00
1053,0.47,2026-09-24T08:27:09.324078+00:00
1054,0.481,2026-09-24T08:27:09.325110+00:00
1055,0.541,2026-09-24T08:27:09.326249+00:00
1056,0.499,2026-09-24T08:27:09.327277+00:00
1057,0.522,2026-09-24T08:27:09.328315+00:00
1058,0.48500000000000004,2026-09-24T08:27:09.329345+00:00
1059,0.51,2026-09-24T08:27:09.330370+00:00
1060,0.46299999999999997,2026-09-24T08:27:09.331315+00:00
1061,0.483,2026-09-24T08:27:09.332350+00:00
1062,0.48700000000000004,2026-09-24T08:27:09.333346+00:00
1063,0.474,2026-09-24T08:27:09.334352+00:00
1064,0.47,2026-09-24T08:27:09.335354+00:00
1065,0.48899999999999993,2026-09-24T08:27:09.336358+00:00
1066,0.483,2026-09-24T08:27:09.337346+00:00
1067,0.47600000000000003,2026-09-24T08:27:09.338360+00:00
1068,0.5,2026-09-24T08:27:09.339399+00:00
1069,0.5199999999999999,2026-09-24T08:27:09.340457+00:00
1070,0.54,2026-09-24T08:27:09.341613+00:00
1071,0.48700000000000004,2026-09-24T08:27:09.342576+00:00
1072,0.5199999999999999,2026-09-24T08:27:09.343597+00:00
1073,0.49,2026-09-24T08:27:09.344573+00:00
1074,0.465,2026-09-24T08:27:09.345537+00:00
1075,0.484,2026-09-24T08:27:09.346483+00:00
1076,0.5770000000000001,2026-09-24T08:27:09.347641+00:00
1077,0.5339999999999999,2026-09-24T08:27:09.348673+00:00
1078,0.532,2026-09-24T08:27:09.349723+00:00
1079,0.509,2026-09-24T08:27:09.350724+00:00
1080,0.5289999999999999,2026-09-24T08:27:09.351733+00:00
1081,0.717,2026-09-24T08:27:09.352928+00:00
1082,0.616,2026-09-24T08:27:09.353920+00:00
1083,0.796,2026-09-24T08:27:09.355660+00:00
1084,0.722,2026-09-24T08:27:09.357263+00:00
1085,0.714,2026-09-24T08:27:09.358876+00:00
1086,0.549,2026-09-24T08:27:09.360131+00:00
1087,0.491,2026-09-24T08:27:09.361187+00:00
1088,0.482,2026-09-24T08:27:09.362218+00:00
1089,0.483,2026-09-24T08:27:09.363188+00:00
1090,0.49700000000000005,2026-09-24T08:27:09.364206+00:00
1091,0.491,2026-09-24T08:27:09.365233+00:00
1092,0.505,2026-09-24T08:27:09.366260+00:00
1093,0.512,2026-09-24T08:27:09.367295+00:00
1094,0.47,2026-09-24T08:27:09.368283+00:00
1095,0.47800000000000004,2026-09-24T08:27:09.369276+00:00
1096,0.491,2026-09-24T08:27:09.370336+00:00
1097,0.47,2026-09-24T08:27:09.371357+00:00
1098,0.49200000000000005,2026-09-24T08:27:09.372378+00:00
1099,0.512,2026-09-24T08:27:09.373430+00:00
1100,0.502,2026-09-24T08:27:09.374554+00:00
1101,0.495,2026-09-24T08:27:09.375593+00:00
1102,0.475,2026-09-24T08:27:09.376571+00:00
1103,0.491,2026-09-24T08:27:09.377586+00:00
1104,0.47100000000000003,2026-09-24T08:27:09.378551+00:00
1105,0.523,2026-09-24T08:27:09.379583+00:00
1106,0.486,2026-09-24T08:27:09.380555+00:00
1107,0.553,2026-09-24T08:27:09.381607+00:00
1108,0.486,2026-09-24T08:27:09.382608+00:00
1109,0.506,2026-09-24T08:27:09.383613+00:00
1110,0.49799999999999994,2026-09-24T08:27:09.384592+00:00
1111,0.503,2026-09-24T08:27:09.385565+00:00
1112,0.48000000000000004,2026-09-24T08:27:09.386520+00:00
1113,0.49200000000000005,2026-09-24T08:27:09.387515+00:00
1114,0.49299999999999994,2026-09-24T08:27:09.388547+00:00
1115,0.545,2026-09-24T08:27:09.389655+00:00
1116,0.475,2026-09-24T08:27:09.390622+00:00
1117,0.51,2026-09-24T08:27:09.391606+00:00
1118,0.479,2026-09-24T08:27:09.392611+00:00
1119,0.525,2026-09-24T08:27:09.393650+00:00
1120,0.821,2026-09-24T08:27:09.395193+00:00
1121,0.678,2026-09-24T08:27:09.396476+00:00
1122,0.646,2026-09-24T08:27:09.397633+00:00
1123,0.648,2026-09-24T08:27:09.398778+00:00
1124,0.618,2026-09-24T08:27:09.400012+00:00
1125,0.536,2026-09-24T08:27:09.401111+00:00
1126,0.523,2026-09-24T08:27:09.402093+00:00
1127,0.5339999999999999,2026-09-24T08:27:09.403127+00:00
1128,0.574,2026-09-24T08:27:09.404199+00:00
1129,0.5479999999999999,2026-09-24T08:27:09.405464+00:00
1130,0.55,2026-09-24T08:27:09.406503+00:00
1131,0.619,2026-09-24T08:27:09.407572+00:00
1132,0.569,2026-09-24T08:27:09.408599+00:00
1133,0.587,2026-09-24T08:27:09.409656+00:00
1134,0.5820000000000001,2026-09-24T08:27:09.410675+00:00
1135,0.545,2026-09-24T08:27:09.411669+00:00
1136,0.54,2026-09-24T08:27:09.412695+00:00
1137,0.562,2026-09-24T08:27:09.413707+00:00
1138,0.578,2026-09-24T08:27:09.414749+00:00
1139,0.5339999999999999,2026-09-24T08:27:09.415735+00:00
1140,0.566,2026-09-24T08:27:09.416763+00:00
1141,0.594,2026-09-24T08:27:09.417860+00:00
1142,0.8009999999999999,2026-09-24T08:27:09.419452+00:00
1143,0.601,2026-09-24T08:27:09.420581+00:00
1144,0.555,2026-09-24T08:27:09.421986+00:00
1145,0.46799999999999997,2026-09-24T08:27:09.422965+00:00
1146,0.45399999999999996,2026-09-24T08:27:09.423911+00:00
1147,0.46799999999999997,2026-09-24T08:27:09.424873+00:00
1148,0.494,2026-09-24T08:27:09.425859+00:00
1149,0.5199999999999999,2026-09-24T08:27:09.426900+00:00
1150,0.502,2026-09-24T08:27:09.427894+00:00
1151,0.6130000000000001,2026-09-24T08:27:09.429065+00:00
1152,0.615,2026-09-24T08:27:09.430123+00:00
1153,0.5860000000000001,2026-09-24T08:27:09.431164+00:00
1154,0.549,2026-09-24T08:27:09.432191+00:00
1155,0.5519999999999999,2026-09-24T08:27:09.433205+00:00
1156,0.566,2026-09-24T08:27:09.434272+00:00
1157,0.588,2026-09-24T08:27:09.435326+00:00
1158,0.527,2026-09-24T08:27:09.436339+00:00
1159,0.5569999999999999,2026-09-24T08:27:09.437457+00:00
1160,0.554,2026-09-24T08:27:09.438494+00:00
1161,0.5559999999999999,2026-09-24T08:27:09.439509+00:00
1162,0.555,2026-09-24T08:27:09.440525+00:00
1163,0.594,2026-09-24T08:27:09.441651+00:00
1164,0.5860000000000001,2026-09-24T08:27:09.442770+00:00
1165,0.759,2026-09-24T08:27:09.444189+00:00
1166,0.88,2026-09-24T08:27:09.445785+00:00
1167,0.62,2026-09-24T08:27:09.446888+00:00
1168,0.5820000000000001,2026-09-24T08:27:09.447959+00:00
1169,0.611,2026-09-24T08:27:09.449040+00:00
1170,0.55,2026-09-24T08:27:09.450077+00:00
1171,0.558,2026-09-24T08:27:09.451113+00:00
1172,0.5379999999999999,2026-09-24T08:27:09.452124+00:00
1173,0.565,2026-09-24T08:27:09.453148+00:00
1174,0.593,2026-09-24T08:27:09.454538+00:00
1175,0.554,2026-09-24T08:27:09.455587+00:00
1176,0.545,2026-09-24T08:27:09.456629+00:00
1177,0.893,2026-09-24T08:27:09.457979+00:00
1178,0.5609999999999999,2026-09-24T08:27:09.458645+00:00
1179,0.566,2026-09-24T08:27:09.459697+00:00
1180,0.522,2026-09-24T08:27:09.460674+00:00
1181,0.5479999999999999,2026-09-24T08:27:09.461676+00:00
1182,0.516,2026-09-24T08:27:09.462665+00:00
1183,0.528,2026-09-24T08:27:09.463610+00:00
1184,0.495,2026-09-24T08:27:09.464547+00:00
1185,0.514,2026-09-24T08:27:09.465528+00:00
1186,0.558,2026-09-24T08:27:09.466562+00:00
1187,0.588,2026-09-24T08:27:09.467610+00:00
1188,0.975,2026-09-24T08:27:09.469138+00:00
1189,0.643,2026-09-24T08:27:09.470599+00:00
1190,0.5730000000000001,2026-09-24T08:27:09.471711+00:00
1191,1.3370000000000002,2026-09-24T08:27:09.473842+00:00
1192,0.973,2026-09-24T08:27:09.475351+00:00
1193,0.761,2026-09-24T08:27:09.476766+00:00
1194,0.5810000000000001,2026-09-24T08:27:09.477825+00:00
1195,0.578,2026-09-24T08:27:09.478925+00:00
1196,0.507,2026-09-24T08:27:09.479940+00:00
1197,0.565,2026-09-24T08:27:09.481013+00:00
1198,0.558,2026-09-24T08:27:09.482082+00:00
1199,0.546,2026-09-24T08:27:09.483147+00:00
1200,0.523,2026-09-24T08:27:09.484188+00:00
1201,0.5469999999999999,2026-09-24T08:27:09.485278+00:00
1202,0.522,2026-09-24T08:27:09.486331+00:00
1203,0.558,2026-09-24T08:27:09.487661+00:00
1204,0.531,2026-09-24T08:27:09.488719+00:00
1205,0.518,2026-09-24T08:27:09.489750+00:00
1206,0.5419999999999999,2026-09-24T08:27:09.490765+00:00
1207,0.5109999999999999,2026-09-24T08:27:09.491764+00:00
1208,0.5569999999999999,2026-09-24T08:27:09.492817+00:00
1209,0.562,2026-09-24T08:27:09.493901+00:00
1210,0.5569999999999999,2026-09-24T08:27:09.495030+00:00
1211,0.553,2026-09-24T08:27:09.496197+00:00
1212,0.5509999999999999,2026-09-24T08:27:09.497323+00:00
1213,0.5820000000000001,2026-09-24T08:27:09.498559+00:00
1214,0.5910000000000001,2026-09-24T08:27:09.499755+00:00
1215,0.594,2026-09-24T08:27:09.500858+00:00
1216,0.5730000000000001,2026-09-24T08:27:09.501927+00:00
1217,0.536,2026-09-24T08:27:09.502966+00:00
1218,0.5810000000000001,2026-09-24T08:27:09.504263+00:00
1219,0.66,2026-09-24T08:27:09.505560+00:00
1220,0.983,2026-09-24T08:27:09.507104+00:00
1221,0.804,2026-09-24T08:27:09.508627+00:00
1222,0.888,2026-09-24T08:27:09.510095+00:00
1223,0.891,2026-09-24T08:27:09.511776+00:00
1224,0.732,2026-09-24T08:27:09.513194+00:00
1225,0.714,2026-09-24T08:27:09.514528+00:00
1226,0.812,2026-09-24T08:27:09.515938+00:00
1227,0.6920000000000001,2026-09-24T08:27:09.517206+00:00
1228,0.67,2026-09-24T08:27:09.518499+00:00
1229,0.754,2026-09-24T08:27:09.519808+00:00
1230,0.6930000000000001,2026-09-24T08:27:09.521132+00:00
1231,0.934,2026-09-24T08:27:09.522705+00:00
1232,1.072,2026-09-24T08:27:09.524390+00:00
1233,0.7,2026-09-24T08:27:09.525857+00:00
1234,0.7110000000000001,2026-09-24T08:27:09.527187+00:00
1235,0.684,2026-09-24T08:27:09.528473+00:00
1236,0.69,2026-09-24T08:27:09.529699+00:00
1237,0.753,2026-09-24T08:27:09.531043+00:00
1238,0.664,2026-09-24T08:27:09.532346+00:00
1239,0.719,2026-09-24T08:27:09.533681+00:00
1240,0.662,2026-09-24T08:27:09.534849+00:00
1241,0.656,2026-09-24T08:27:09.536085+00:00
1242,0.65,2026-09-24T08:27:09.537380+00:00
1243,0.647,2026-09-24T08:27:09.538608+00:00
1244,0.587,2026-09-24T08:27:09.539751+00:00
1245,0.61,2026-09-24T08:27:09.540886+00:00
1246,0.812,2026-09-24T08:27:09.542213+00:00
1247,0.745,2026-09-24T08:27:09.543581+00:00
1248,0.7150000000000001,2026-09-24T08:27:09.544983+00:00
1249,1.1199999999999999,2026-09-24T08:27:09.546780+00:00
1250,0.8450000000000001,2026-09-24T08:27:09.547936+00:00
1251,0.896,2026-09-24T08:27:09.549184+00:00
1252,0.741,2026-09-24T08:27:09.550254+00:00
1253,0.618,2026-09-24T08:27:09.551402+00:00
1254,0.635,2026-09-24T08:27:09.552539+00:00
1255,0.5820000000000001,2026-09-24T08:27:09.553609+00:00
1256,0.78,2026-09-24T08:27:09.554961+00:00
1257,0.684,2026-09-24T08:27:09.556076+00:00
1258,0.661,2026-09-24T08:27:09.557334+00:00
1259,0.628,2026-09-24T08:27:09.558457+00:00
1260,0.62,2026-09-24T08:27:09.559577+00:00
1261,0.6759999999999999,2026-09-24T08:27:09.560750+00:00
1262,0.5950000000000001,2026-09-24T08:27:09.562059+00:00
1263,0.592,2026-09-24T08:27:09.563302+00:00
1264,0.532,2026-09-24T08:27:09.564372+00:00
1265,0.602,2026-09-24T08:27:09.565494+00:00
1266,0.566,2026-09-24T08:27:09.566595+00:00
1267,0.727,2026-09-24T08:27:09.568267+00:00
1268,0.5720000000000001,2026-09-24T08:27:09.569386+00:00
1269,0.5900000000000001,2026-09-24T08:27:09.570482+00:00
1270,0.5479999999999999,2026-09-24T08:27:09.571502+00:00
1271,0.521,2026-09-24T08:27:09.572517+00:00
1272,0.523,2026-09-24T08:27:09.573532+00:00
1273,0.49700000000000005,2026-09-24T08:27:09.574553+00:00
1274,0.5,2026-09-24T08:27:09.575573+00:00
1275,0.505,2026-09-24T08:27:09.576598+00:00
1276,0.9600000000000001,2026-09-24T08:27:09.578058+00:00
1277,0.752,2026-09-24T08:27:09.579004+00:00
1278,0.6809999999999999,2026-09-24T08:27:09.580042+00:00
1279,0.675,2026-09-24T08:27:09.581115+00:00
1280,0.629,2026-09-24T08:27:09.582192+00:00
1281,0.597,2026-09-24T08:27:09.583186+00:00
1282,0.874,2026-09-24T08:27:09.584464+00:00
1283,0.629,2026-09-24T08:27:09.585199+00:00
1284,0.739,2026-09-24T08:27:09.586292+00:00
1285,0.719,2026-09-24T08:27:09.587596+00:00
1286,0.678,2026-09-24T08:27:09.588751+00:00
1287,0.571,2026-09-24T08:27:09.589702+00:00
1288,0.521,2026-09-24T08:27:09.590656+00:00
1289,0.5,2026-09-24T08:27:09.591593+00:00
1290,0.5,2026-09-24T08:27:09.592594+00:00
1291,0.69,2026-09-24T08:27:09.593719+00:00
1292,0.638,2026-09-24T08:27:09.594896+00:00
1293,0.725,2026-09-24T08:27:09.596059+00:00
1294,0.585,2026-09-24T08:27:09.597049+00:00
1295,0.515,2026-09-24T08:27:09.598006+00:00
1296,0.505,2026-09-24T08:27:09.598961+00:00
1297,0.525,2026-09-24T08:27:09.599964+00:00
1298,0.55,2026-09-24T08:27:09.600958+00:00
1299,0.5479999999999999,2026-09-24T08:27:09.601952+00:00
1300,0.584,2026-09-24T08:27:09.603098+00:00
1301,0.524,2026-09-24T08:27:09.604089+00:00
1302,0.537,2026-09-24T08:27:09.605124+00:00
1303,0.507,2026-09-24T08:27:09.606079+00:00
1304,0.512,2026-09-24T08:27:09.607037+00:00
1305,0.528,2026-09-24T08:27:09.608013+00:00
1306,0.503,2026-09-24T08:27:09.608963+00:00
1307,0.5670000000000001,2026-09-24T08:27:09.610174+00:00
1308,0.622,2026-09-24T08:27:09.611354+00:00
1309,0.655,2026-09-24T08:27:09.612570+00:00
1310,0.622,2026-09-24T08:27:09.613731+00:00
1311,0.973,2026-09-24T08:27:09.615318+00:00
1312,0.7739999999999999,2026-09-24T08:27:09.616796+00:00
1313,0.6669999999999999,2026-09-24T08:27:09.618057+00:00
1314,0.5630000000000001,2026-09-24T08:27:09.619156+00:00
1315,0.8490000000000001,2026-09-24T08:27:09.620646+00:00
1316,0.742,2026-09-24T08:27:09.622172+00:00
1317,0.656,2026-09-24T08:27:09.623404+00:00
1318,0.794,2026-09-24T08:27:09.624794+00:00
1319,0.874,2026-09-24T08:27:09.626277+00:00
1320,0.728,2026-09-24T08:27:09.627664+00:00
1321,0.857,2026-09-24T08:27:09.629208+00:00
1322,0.717,2026-09-24T08:27:09.630702+00:00
1323,0.713,2026-09-24T08:27:09.632081+00:00
1324,0.7110000000000001,2026-09-24T08:27:09.633467+00:00
1325,0.749,2026-09-24T08:27:09.634832+00:00
1326,0.699,2026-09-24T08:27:09.636207+00:00
1327,0.8019999999999999,2026-09-24T08:27:09.637675+00:00
1328,0.691,2026-09-24T08:27:09.639039+00:00
1329,0.704,2026-09-24T08:27:09.640436+00:00
1330,0.732,2026-09-24T08:27:09.641893+00:00
1331,0.732,2026-09-24T08:27:09.643542+00:00
1332,0.7240000000000001,2026-09-24T08:27:09.644992+00:00
1333,0.722,2026-09-24T08:27:09.646401+00:00
1334,0.719,2026-09-24T08:27:09.647764+00:00
1335,0.727,2026-09-24T08:27:09.649176+00:00
1336,0.708,2026-09-24T08:27:09.650843+00:00
1337,0.684,2026-09-24T08:27:09.652233+00:00
1338,0.716,2026-09-24T08:27:09.653681+00:00
1339,0.804,2026-09-24T08:27:09.655125+00:00
1340,0.933,2026-09-24T08:27:09.656906+00:00
1341,0.6880000000000001,2026-09-24T08:27:09.658266+00:00
1342,0.652,2026-09-24T08:27:09.659582+00:00
1343,0.5810000000000001,2026-09-24T08:27:09.660859+00:00
1344,0.544,2026-09-24T08:27:09.661977+00:00
1345,0.533,2026-09-24T08:27:09.663085+00:00
1346,0.634,2026-09-24T08:27:09.664275+00:00
1347,0.521,2026-09-24T08:27:09.665368+00:00
1348,0.532,2026-09-24T08:27:09.666393+00:00
1349,0.661,2026-09-24T08:27:09.667524+00:00
1350,0.669,2026-09-24T08:27:09.668788+00:00
1351,0.5519999999999999,2026-09-24T08:27:09.670054+00:00
1352,0.483,2026-09-24T08:27:09.671076+00:00
1353,0.464,2026-09-24T08:27:09.672046+00:00
1354,0.47300000000000003,2026-09-24T08:27:09.673096+00:00
1355,0.515,2026-09-24T08:27:09.674138+00:00
1356,0.504,2026-09-24T08:27:09.675174+00:00
1357,0.7929999999999999,2026-09-24T08:27:09.676616+00:00
1358,0.7060000000000001,2026-09-24T08:27:09.677932+00:00
1359,0.67,2026-09-24T08:27:09.679198+00:00
1360,0.599,2026-09-24T08:27:09.680381+00:00
1361,0.629,2026-09-24T08:27:09.681634+00:00
1362,0.637,2026-09-24T08:27:09.682835+00:00
1363,0.6539999999999999,2026-09-24T08:27:09.684045+00:00
1364,0.6130000000000001,2026-09-24T08:27:09.685254+00:00
1365,0.695,2026-09-24T08:27:09.686524+00:00
1366,0.739,2026-09-24T08:27:09.688030+00:00
1367,0.603,2026-09-24T08:27:09.689217+00:00
1368,0.9560000000000001,2026-09-24T08:27:09.690854+00:00
1369,0.6859999999999999,2026-09-24T08:27:09.691914+00:00
1370,0.803,2026-09-24T08:27:09.693308+00:00
1371,0.799,2026-09-24T08:27:09.694739+00:00
1372,0.8069999999999999,2026-09-24T08:27:09.696072+00:00
1373,0.612,2026-09-24T08:27:09.697001+00:00
1374,0.544,2026-09-24T08:27:09.697970+00:00
1375,0.624,2026-09-24T08:27:09.699085+00:00
1376,0.545,2026-09-24T08:27:09.700233+00:00
1377,0.5379999999999999,2026-09-24T08:27:09.701222+00:00
1378,0.504,2026-09-24T08:27:09.702188+00:00
1379,0.507,2026-09-24T08:27:09.703187+00:00
1380,0.523,2026-09-24T08:27:09.704186+00:00
1381,0.5680000000000001,2026-09-24T08:27:09.705456+00:00
1382,0.634,2026-09-24T08:27:09.706526+00:00
1383,0.539,2026-09-24T08:27:09.707510+00:00
1384,0.526,2026-09-24T08:27:09.708504+00:00
1385,0.587,2026-09-24T08:27:09.709566+00:00
1386,0.621,2026-09-24T08:27:09.710813+00:00
1387,0.5599999999999999,2026-09-24T08:27:09.711870+00:00
1388,0.816,2026-09-24T08:27:09.713148+00:00
1389,0.68,2026-09-24T08:27:09.714372+00:00
1390,0.856,2026-09-24T08:27:09.715834+00:00
1391,0.753,2026-09-24T08:27:09.717204+00:00
1392,0.88,2026-09-24T08:27:09.719312+00:00
1393,0.713,2026-09-24T08:27:09.720471+00:00
1394,0.705,2026-09-24T08:27:09.721653+00:00
1395,0.736,2026-09-24T08:27:09.722880+00:00
1396,0.828,2026-09-24T08:27:09.724632+00:00
1397,0.9460000000000001,2026-09-24T08:27:09.726633+00:00
1398,0.726,2026-09-24T08:27:09.727861+00:00
1399,0.6890000000000001,2026-09-24T08:27:09.729013+00:00
1400,0.756,2026-09-24T08:27:09.730361+00:00
1401,0.664,2026-09-24T08:27:09.731598+00:00
1402,0.691,2026-09-24T08:27:09.732778+00:00
1403,0.619,2026-09-24T08:27:09.733877+00:00
1404,0.8540000000000001,2026-09-24T08:27:09.735200+00:00
1405,0.7,2026-09-24T08:27:09.736142+00:00
1406,0.58,2026-09-24T08:27:09.737122+00:00
1407,0.5479999999999999,2026-09-24T08:27:09.738125+00:00
1408,0.545,2026-09-24T08:27:09.739160+00:00
1409,0.606,2026-09-24T08:27:09.740265+00:00
1410,0.8,2026-09-24T08:27:09.742027+00:00
1411,3.428,2026-09-24T08:27:09.746063+00:00
1412,1.648,2026-09-24T08:27:09.748745+00:00
1413,1.185,2026-09-24T08:27:09.750656+00:00
1414,0.9520000000000001,2026-09-24T08:27:09.752088+00:00
1415,0.7010000000000001,2026-09-24T08:27:09.753365+00:00
1416,0.883,2026-09-24T08:27:09.754903+00:00
1417,0.906,2026-09-24T08:27:09.756445+00:00
1418,1.272,2026-09-24T08:27:09.758320+00:00
1419,1.078,2026-09-24T08:27:09.759681+00:00
1420,0.721,2026-09-24T08:27:09.760805+00:00
1421,1.014,2026-09-24T08:27:09.762277+00:00
1422,0.8170000000000001,2026-09-24T08:27:09.763747+00:00
1423,1.1219999999999999,2026-09-24T08:27:09.765452+00:00
1424,0.924,2026-09-24T08:27:09.766700+00:00
1425,0.758,2026-09-24T08:27:09.768160+00:00
1426,0.73,2026-09-24T08:27:09.769458+00:00
1427,0.748,2026-09-24T08:27:09.770561+00:00
1428,0.773,2026-09-24T08:27:09.771759+00:00
1429,0.79,2026-09-24T08:27:09.773274+00:00
1430,0.607,2026-09-24T08:27:09.774242+00:00
1431,0.627,2026-09-24T08:27:09.775555+00:00
1432,0.6130000000000001,2026-09-24T08:27:09.776744+00:00
1433,0.555,2026-09-24T08:27:09.777770+00:00
1434,1.108,2026-09-24T08:27:09.779640+00:00
1435,0.851,2026-09-24T08:27:09.781066+00:00
1436,0.601,2026-09-24T08:27:09.782227+00:00
1437,0.589,2026-09-24T08:27:09.783309+00:00
1438,0.555,2026-09-24T08:27:09.784335+00:00
1439,0.8350000000000001,2026-09-24T08:27:09.785649+00:00
1440,0.7240000000000001,2026-09-24T08:27:09.787005+00:00
1441,1.1340000000000001,2026-09-24T08:27:09.788904+00:00
1442,0.786,2026-09-24T08:27:09.790024+00:00
1443,0.589,2026-09-24T08:27:09.790928+00:00
1444,1.036,2026-09-24T08:27:09.793360+00:00
1445,0.68,2026-09-24T08:27:09.794541+00:00
1446,1.13,2026-09-24T08:27:09.796481+00:00
1447,0.902,2026-09-24T08:27:09.798063+00:00
1448,0.67,2026-09-24T08:27:09.799042+00:00
1449,0.644,2026-09-24T08:27:09.800207+00:00
1450,0.571,2026-09-24T08:27:09.801261+00:00
1451,0.622,2026-09-24T08:27:09.802383+00:00
1452,0.923,2026-09-24T08:27:09.803741+00:00
1453,0.891,2026-09-24T08:27:09.804922+00:00
1454,0.664,2026-09-24T08:27:09.805984+00:00
1455,0.6890000000000001,2026-09-24T08:27:09.807351+00:00
1456,0.623,2026-09-24T08:27:09.808406+00:00
1457,0.594,2026-09-24T08:27:09.809475+00:00
1458,0.6679999999999999,2026-09-24T08:27:09.810683+00:00
1459,0.5950000000000001,2026-09-24T08:27:09.811744+00:00
1460,0.5950000000000001,2026-09-24T08:27:09.812821+00:00
1461,0.554,2026-09-24T08:27:09.813888+00:00
1462,0.544,2026-09-24T08:27:09.814971+00:00
1463,0.546,2026-09-24T08:27:09.816049+00:00
1464,0.5720000000000001,2026-09-24T08:27:09.817137+00:00
1465,0.541,2026-09-24T08:27:09.818204+00:00
1466,0.588,2026-09-24T08:27:09.819280+00:00
1467,0.566,2026-09-24T08:27:09.820363+00:00
1468,0.584,2026-09-24T08:27:09.821454+00:00
1469,0.618,2026-09-24T08:27:09.822705+00:00
1470,0.578,2026-09-24T08:27:09.823801+00:00
1471,0.611,2026-09-24T08:27:09.824898+00:00
1472,0.5900000000000001,2026-09-24T08:27:09.826029+00:00
1473,0.537,2026-09-24T08:27:09.827134+00:00
1474,0.528,2026-09-24T08:27:09.828171+00:00
1475,0.535,2026-09-24T08:27:09.829192+00:00
1476,0.5509999999999999,2026-09-24T08:27:09.830228+00:00
1477,0.523,2026-09-24T08:27:09.831248+00:00
1478,0.54,2026-09-24T08:27:09.832257+00:00
1479,0.554,2026-09-24T08:27:09.833283+00:00
1480,0.527,2026-09-24T08:27:09.834290+00:00
1481,0.603,2026-09-24T08:27:09.835368+00:00
1482,0.5860000000000001,2026-09-24T08:27:09.836444+00:00
1483,0.588,2026-09-24T08:27:09.837536+00:00
1484,0.593,2026-09-24T08:27:09.838786+00:00
1485,0.558,2026-09-24T08:27:09.839814+00:00
1486,0.707,2026-09-24T08:27:09.841007+00:00
1487,0.5770000000000001,2026-09-24T08:27:09.842113+00:00
1488,0.54,2026-09-24T08:27:09.843172+00:00
1489,0.54,2026-09-24T08:27:09.844213+00:00
1490,0.55,2026-09-24T08:27:09.845324+00:00
1491,0.569,2026-09-24T08:27:09.846487+00:00
1492,0.5630000000000001,2026-09-24T08:27:09.847549+00:00
1493,0.579,2026-09-24T08:27:09.848595+00:00
1494,0.536,2026-09-24T08:27:09.849586+00:00
1495,0.609,2026-09-24T08:27:09.850649+00:00
1496,0.5760000000000001,2026-09-24T08:27:09.851737+00:00
1497,0.616,2026-09-24T08:27:09.852881+00:00
1498,0.601,2026-09-24T08:27:09.853975+00:00
1499,0.589,2026-09-24T08:27:09.855138+00:00
1500,0.5599999999999999,2026-09-24T08:27:09.856196+00:00
1501,0.587,2026-09-24T08:27:09.857296+00:00
1502,0.575,2026-09-24T08:27:09.858400+00:00
1503,0.571,2026-09-24T08:27:09.859473+00:00
1504,0.5509999999999999,2026-09-24T08:27:09.860514+00:00
1505,0.605,2026-09-24T08:27:09.861582+00:00
1506,0.5469999999999999,2026-09-24T08:27:09.862619+00:00
1507,0.55,2026-09-24T08:27:09.863650+00:00
1508,0.5429999999999999,2026-09-24T08:27:09.864664+00:00
1509,0.883,2026-09-24T08:27:09.866042+00:00
1510,0.8009999999999999,2026-09-24T08:27:09.867046+00:00
1511,0.815,2026-09-24T08:27:09.868114+00:00
1512,0.8720000000000001,2026-09-24T08:27:09.869230+00:00
1513,0.646,2026-09-24T08:27:09.870245+00:00
1514,0.5810000000000001,2026-09-24T08:27:09.871361+00:00
1515,0.634,2026-09-24T08:27:09.872483+00:00
1516,0.593,2026-09-24T08:27:09.873523+00:00
1517,0.61,2026-09-24T08:27:09.874642+00:00
1518,0.588,2026-09-24T08:27:09.875677+00:00
1519,0.559,2026-09-24T08:27:09.876701+00:00
1520,0.592,2026-09-24T08:27:09.877766+00:00
1521,0.587,2026-09-24T08:27:09.878827+00:00
1522,0.579,2026-09-24T08:27:09.879900+00:00
1523,0.578,2026-09-24T08:27:09.880949+00:00
1524,0.587,2026-09-24T08:27:09.882039+00:00
1525,1.032,2026-09-24T08:27:09.883589+00:00
1526,1.1199999999999999,2026-09-24T08:27:09.885143+00:00
1527,0.88,2026-09-24T08:27:09.886683+00:00
1528,0.867,2026-09-24T08:27:09.888106+00:00
1529,0.736,2026-09-24T08:27:09.889383+00:00
1530,0.746,2026-09-24T08:27:09.890561+00:00
1531,0.8540000000000001,2026-09-24T08:27:09.891859+00:00
1532,0.8069999999999999,2026-09-24T08:27:09.893241+00:00
1533,0.794,2026-09-24T08:27:09.894496+00:00
1534,0.759,2026-09-24T08:27:09.895684+00:00
1535,0.828,2026-09-24T08:27:09.897081+00:00
1536,0.615,2026-09-24T08:27:09.898161+00:00
1537,0.8720000000000001,2026-09-24T08:27:09.899727+00:00
1538,0.733,2026-09-24T08:27:09.900956+00:00
1539,0.594,2026-09-24T08:27:09.902102+00:00
1540,0.508,2026-09-24T08:27:09.903137+00:00
1541,0.49700000000000005,2026-09-24T08:27:09.904199+00:00
1542,0.495,2026-09-24T08:27:09.905250+00:00
1543,0.635,2026-09-24T08:27:09.906663+00:00
1544,0.992,2026-09-24T08:27:09.908092+00:00
1545,0.78,2026-09-24T08:27:09.909451+00:00
1546,0.731,2026-09-24T08:27:09.910749+00:00
1547,0.535,2026-09-24T08:27:09.911804+00:00
1548,0.892,2026-09-24T08:27:09.913563+00:00
1549,1.379,2026-09-24T08:27:09.915877+00:00
1550,0.903,2026-09-24T08:27:09.917139+00:00
1551,1.031,2026-09-24T08:27:09.918719+00:00
1552,0.973,2026-09-24T08:27:09.920449+00:00
1553,0.886,2026-09-24T08:27:09.921891+00:00
1554,0.8720000000000001,2026-09-24T08:27:09.923447+00:00
1555,1.195,2026-09-24T08:27:09.925186+00:00
1556,1.045,2026-09-24T08:27:09.927090+00:00
1557,0.992,2026-09-24T08:27:09.928770+00:00
1558,0.7290000000000001,2026-09-24T08:27:09.930195+00:00
1559,0.8099999999999999,2026-09-24T08:27:09.931636+00:00
1560,0.755,2026-09-24T08:27:09.933038+00:00
1561,0.652,2026-09-24T08:27:09.934317+00:00
1562,0.5670000000000001,2026-09-24T08:27:09.935421+00:00
1563,0.625,2026-09-24T08:27:09.936610+00:00
1564,1.038,2026-09-24T08:27:09.938403+00:00
1565,0.707,2026-09-24T08:27:09.939318+00:00
1566,0.479,2026-09-24T08:27:09.940299+00:00
1567,0.5640000000000001,2026-09-24T08:27:09.941443+00:00
1568,0.518,2026-09-24T08:27:09.942576+00:00
1569,0.532,2026-09-24T08:27:09.943594+00:00
1570,0.653,2026-09-24T08:27:09.944858+00:00
1571,1.1219999999999999,2026-09-24T08:27:09.946666+00:00
1572,0.624,2026-09-24T08:27:09.947899+00:00
1573,1.268,2026-09-24T08:27:09.950231+00:00
1574,0.704,2026-09-24T08:27:09.951298+00:00
1575,0.617,2026-09-24T08:27:09.952492+00:00
1576,0.531,2026-09-24T08:27:09.953472+00:00
1577,0.794,2026-09-24T08:27:09.954736+00:00
1578,0.751,2026-09-24T08:27:09.956070+00:00
1579,0.67,2026-09-24T08:27:09.957203+00:00
1580,0.642,2026-09-24T08:27:09.958373+00:00
1581,0.949,2026-09-24T08:27:09.959857+00:00
1582,0.828,2026-09-24T08:27:09.961117+00:00
1583,1.194,2026-09-24T08:27:09.963116+00:00
1584,0.901,2026-09-24T08:27:09.964838+00:00
1585,0.786,2026-09-24T08:27:09.966194+00:00
1586,0.717,2026-09-24T08:27:09.967522+00:00
1587,0.741,2026-09-24T08:27:09.968784+00:00
1588,0.874,2026-09-24T08:27:09.970509+00:00
1589,0.66,2026-09-24T08:27:09.971762+00:00
1590,0.616,2026-09-24T08:27:09.972909+00:00
1591,0.5640000000000001,2026-09-24T08:27:09.973961+00:00
1592,0.7060000000000001,2026-09-24T08:27:09.975273+00:00
1593,0.705,2026-09-24T08:27:09.976506+00:00
1594,0.876,2026-09-24T08:27:09.977925+00:00
1595,0.751,2026-09-24T08:27:09.979905+00:00
1596,0.666,2026-09-24T08:27:09.981113+00:00
1597,0.6539999999999999,2026-09-24T08:27:09.982232+00:00
1598,0.691,2026-09-24T08:27:09.983460+00:00
1599,0.632,2026-09-24T08:27:09.984553+00:00
1600,0.675,2026-09-24T08:27:09.985672+00:00
1601,0.618,2026-09-24T08:27:09.986733+00:00
1602,0.6970000000000001,2026-09-24T08:27:09.987917+00:00
1603,0.5609999999999999,2026-09-24T08:27:09.989136+00:00
1604,0.69,2026-09-24T08:27:09.990310+00:00
1605,0.755,2026-09-24T08:27:09.991640+00:00
1606,0.8,2026-09-24T08:27:09.992976+00:00
1607,0.762,2026-09-24T08:27:09.994258+00:00
1608,0.7110000000000001,2026-09-24T08:27:09.995742+00:00
1609,0.653,2026-09-24T08:27:09.996951+00:00
1610,0.5680000000000001,2026-09-24T08:27:09.998077+00:00
1611,0.646,2026-09-24T08:27:09.999317+00:00
1612,0.671,2026-09-24T08:27:10.000561+00:00
1613,0.828,2026-09-24T08:27:10.002113+00:00
1614,0.6489999999999999,2026-09-24T08:27:10.003357+00:00
1615,0.637,2026-09-24T08:27:10.004527+00:00
1616,0.5379999999999999,2026-09-24T08:27:10.005516+00:00
1617,0.5720000000000001,2026-09-24T08:27:10.006732+00:00
1618,0.539,2026-09-24T08:27:10.007743+00:00
1619,0.5820000000000001,2026-09-24T08:27:10.008891+00:00
1620,0.6890000000000001,2026-09-24T08:27:10.010010+00:00
1621,0.79,2026-09-24T08:27:10.011452+00:00
1622,0.747,2026-09-24T08:27:10.012704+00:00
1623,0.709,2026-09-24T08:27:10.013682+00:00
1624,0.752,2026-09-24T08:27:10.014755+00:00
1625,0.5640000000000001,2026-09-24T08:27:10.015654+00:00
1626,0.512,2026-09-24T08:27:10.016613+00:00
1627,0.528,2026-09-24T08:27:10.017624+00:00
1628,0.5860000000000001,2026-09-24T08:27:10.018710+00:00
1629,0.566,2026-09-24T08:27:10.019765+00:00
1630,0.53,2026-09-24T08:27:10.020733+00:00
1631,0.49299999999999994,2026-09-24T08:27:10.021669+00:00
1632,0.536,2026-09-24T08:27:10.022811+00:00
1633,0.505,2026-09-24T08:27:10.023815+00:00
1634,0.734,2026-09-24T08:27:10.025161+00:00
1635,0.861,2026-09-24T08:27:10.026378+00:00
1636,0.9309999999999999,2026-09-24T08:27:10.027730+00:00
1637,0.9859999999999999,2026-09-24T08:27:10.029596+00:00
1638,0.833,2026-09-24T08:27:10.031039+00:00
1639,0.766,2026-09-24T08:27:10.032383+00:00
1640,0.6449999999999999,2026-09-24T08:27:10.033537+00:00
1641,0.6849999999999999,2026-09-24T08:27:10.034694+00:00
1642,0.67,2026-09-24T08:27:10.035860+00:00
1643,0.656,2026-09-24T08:27:10.036941+00:00
1644,1.17,2026-09-24T08:27:10.038540+00:00
1645,0.767,2026-09-24T08:27:10.039544+00:00
1646,0.7020000000000001,2026-09-24T08:27:10.040609+00:00
1647,0.699,2026-09-24T08:27:10.041904+00:00
1648,0.7110000000000001,2026-09-24T08:27:10.043173+00:00
1649,1.072,2026-09-24T08:27:10.044604+00:00
1650,1.026,2026-09-24T08:27:10.046380+00:00
1651,0.74,2026-09-24T08:27:10.047579+00:00
1652,0.596,2026-09-24T08:27:10.048668+00:00
1653,0.533,2026-09-24T08:27:10.049680+00:00
1654,1.7260000000000002,2026-09-24T08:27:10.051997+00:00
1655,0.6130000000000001,2026-09-24T08:27:10.053145+00:00
1656,0.499,2026-09-24T08:27:10.054137+00:00
1657,0.6809999999999999,2026-09-24T08:27:10.055372+00:00
1658,0.605,2026-09-24T08:27:10.056543+00:00
1659,0.641,2026-09-24T08:27:10.057813+00:00
1660,0.866,2026-09-24T08:27:10.059345+00:00
1661,2.027,2026-09-24T08:27:10.062354+00:00
1662,1.231,2026-09-24T08:27:10.064278+00:00
1663,0.9790000000000001,2026-09-24T08:27:10.065963+00:00
1664,1.285,2026-09-24T08:27:10.067896+00:00
1665,0.819,2026-09-24T08:27:10.069042+00:00
1666,0.624,2026-09-24T08:27:10.070174+00:00
1667,0.57,2026-09-24T08:27:10.071189+00:00
1668,0.5720000000000001,2026-09-24T08:27:10.072259+00:00
1669,0.5950000000000001,2026-09-24T08:27:10.073323+00:00
1670,0.962,2026-09-24T08:27:10.074824+00:00
1671,0.8450000000000001,2026-09-24T08:27:10.076382+00:00
1672,1.019,2026-09-24T08:27:10.078023+00:00
1673,0.785,2026-09-24T08:27:10.079187+00:00
1674,0.717,2026-09-24T08:27:10.080476+00:00
1675,0.6880000000000001,2026-09-24T08:27:10.081646+00:00
1676,0.8180000000000001,2026-09-24T08:27:10.083267+00:00
1677,0.8220000000000001,2026-09-24T08:27:10.084686+00:00
1678,0.846,2026-09-24T08:27:10.086157+00:00
1679,0.74,2026-09-24T08:27:10.087435+00:00
1680,0.728,2026-09-24T08:27:10.088764+00:00
1681,0.661,2026-09-24T08:27:10.089924+00:00
1682,0.8720000000000001,2026-09-24T08:27:10.091326+00:00
1683,0.744,2026-09-24T08:27:10.092721+00:00
1684,0.714,2026-09-24T08:27:10.094065+00:00
1685,0.794,2026-09-24T08:27:10.095452+00:00
1686,0.87,2026-09-24T08:27:10.096997+00:00
1687,0.639,2026-09-24T08:27:10.098144+00:00
1688,0.7969999999999999,2026-09-24T08:27:10.099495+00:00
1689,0.644,2026-09-24T08:27:10.100716+00:00
1690,0.58,2026-09-24T08:27:10.101821+00:00
1691,0.514,2026-09-24T08:27:10.103092+00:00
1692,0.519,2026-09-24T08:27:10.104168+00:00
1693,0.525,2026-09-24T08:27:10.105203+00:00
1694,0.5720000000000001,2026-09-24T08:27:10.106341+00:00
1695,0.8490000000000001,2026-09-24T08:27:10.107774+00:00
1696,0.728,2026-09-24T08:27:10.108978+00:00
1697,0.619,2026-09-24T08:27:10.110178+00:00
1698,0.64,2026-09-24T08:27:10.111424+00:00
1699,0.65,2026-09-24T08:27:10.112633+00:00
1700,0.554,2026-09-24T08:27:10.113795+00:00
1701,0.778,2026-09-24T08:27:10.115164+00:00
1702,0.762,2026-09-24T08:27:10.116607+00:00
1703,0.635,2026-09-24T08:27:10.117761+00:00
1704,0.74,2026-09-24T08:27:10.119031+00:00
1705,0.799,2026-09-24T08:27:10.120371+00:00
1706,0.622,2026-09-24T08:27:10.121737+00:00
1707,0.709,2026-09-24T08:27:10.122982+00:00
1708,0.714,2026-09-24T08:27:10.124362+00:00
1709,0.598,2026-09-24T08:27:10.125509+00:00
1710,0.673,2026-09-24T08:27:10.126714+00:00
1711,0.868,2026-09-24T08:27:10.128246+00:00
1712,0.638,2026-09-24T08:27:10.129462+00:00
1713,0.674,2026-09-24T08:27:10.130656+00:00
1714,0.705,2026-09-24T08:27:10.132024+00:00
1715,0.588,2026-09-24T08:27:10.133234+00:00
1716,0.527,2026-09-24T08:27:10.134253+00:00
1717,0.5599999999999999,2026-09-24T08:27:10.135291+00:00
1718,0.524,2026-09-24T08:27:10.136297+00:00
1719,0.524,2026-09-24T08:27:10.137304+00:00
1720,0.5289999999999999,2026-09-24T08:27:10.138312+00:00
1721,0.6819999999999999,2026-09-24T08:27:10.139989+00:00
1722,0.655,2026-09-24T08:27:10.141252+00:00
1723,0.619,2026-09-24T08:27:10.142663+00:00
1724,0.6849999999999999,2026-09-24T08:27:10.143845+00:00
1725,0.74,2026-09-24T08:27:10.145174+00:00
1726,0.6980000000000001,2026-09-24T08:27:10.146434+00:00
1727,0.7929999999999999,2026-09-24T08:27:10.147788+00:00
1728,0.587,2026-09-24T08:27:10.148950+00:00
1729,0.5680000000000001,2026-09-24T08:27:10.150024+00:00
1730,0.796,2026-09-24T08:27:10.151367+00:00
1731,0.843,2026-09-24T08:27:10.152683+00:00
1732,0.819,2026-09-24T08:27:10.154024+00:00
1733,0.6930000000000001,2026-09-24T08:27:10.155304+00:00
1734,0.712,2026-09-24T08:27:10.156562+00:00
1735,0.6849999999999999,2026-09-24T08:27:10.157722+00:00
1736,0.652,2026-09-24T08:27:10.159051+00:00
1737,0.6040000000000001,2026-09-24T08:27:10.160151+00:00
1738,0.9959999999999999,2026-09-24T08:27:10.162339+00:00
1739,0.752,2026-09-24T08:27:10.163622+00:00
1740,0.972,2026-09-24T08:27:10.165320+00:00
1741,0.906,2026-09-24T08:27:10.166779+00:00
1742,0.874,2026-09-24T08:27:10.168219+00:00
1743,0.825,2026-09-24T08:27:10.169637+00:00
1744,1.2049999999999998,2026-09-24T08:27:10.171537+00:00
1745,0.8809999999999999,2026-09-24T08:27:10.172677+00:00
1746,0.838,2026-09-24T08:27:10.173927+00:00
1747,0.763,2026-09-24T08:27:10.175160+00:00
1748,0.617,2026-09-24T08:27:10.176255+00:00
1749,0.971,2026-09-24T08:27:10.177822+00:00
1750,0.868,2026-09-24T08:27:10.179386+00:00
1751,0.837,2026-09-24T08:27:10.180892+00:00
1752,0.878,2026-09-24T08:27:10.182462+00:00
1753,0.851,2026-09-24T08:27:10.183876+00:00
1754,0.791,2026-09-24T08:27:10.185214+00:00
1755,1.13,2026-09-24T08:27:10.186922+00:00
1756,1.2550000000000001,2026-09-24T08:27:10.190337+00:00
1757,0.9600000000000001,2026-09-24T08:27:10.191791+00:00
1758,0.885,2026-09-24T08:27:10.193326+00:00
1759,1.1900000000000002,2026-09-24T08:27:10.195335+00:00
1760,1.054,2026-09-24T08:27:10.196879+00:00
1761,0.864,2026-09-24T08:27:10.198340+00:00
1762,0.838,2026-09-24T08:27:10.199849+00:00
1763,0.7699999999999999,2026-09-24T08:27:10.201306+00:00
1764,0.8450000000000001,2026-09-24T08:27:10.202800+00:00
1765,1.054,2026-09-24T08:27:10.204796+00:00
1766,1.5510000000000002,2026-09-24T08:27:10.208625+00:00
1767,0.862,2026-09-24T08:27:10.209708+00:00
1768,1.003,2026-09-24T08:27:10.211536+00:00
1769,0.815,2026-09-24T08:27:10.212883+00:00
1770,0.796,2026-09-24T08:27:10.214341+00:00
1771,0.865,2026-09-24T08:27:10.215909+00:00
1772,0.757,2026-09-24T08:27:10.217384+00:00
1773,0.973,2026-09-24T08:27:10.219129+00:00
1774,1.031,2026-09-24T08:27:10.220724+00:00
1775,0.843,2026-09-24T08:27:10.222078+00:00
1776,0.762,2026-09-24T08:27:10.223441+00:00
1777,0.7789999999999999,2026-09-24T08:27:10.224869+00:00
1778,0.7919999999999999,2026-09-24T08:27:10.226347+00:00
1779,1.141,2026-09-24T08:27:10.228162+00:00
1780,1.028,2026-09-24T08:27:10.229853+00:00
1781,0.8220000000000001,2026-09-24T08:27:10.231258+00:00
1782,0.751,2026-09-24T08:27:10.232589+00:00
1783,0.7969999999999999,2026-09-24T08:27:10.234001+00:00
1784,0.776,2026-09-24T08:27:10.235308+00:00
1785,0.864,2026-09-24T08:27:10.236853+00:00
1786,0.799,2026-09-24T08:27:10.238230+00:00
1787,0.795,2026-09-24T08:27:10.239688+00:00
1788,0.886,2026-09-24T08:27:10.241215+00:00
1789,0.891,2026-09-24T08:27:10.242667+00:00
1790,0.9259999999999999,2026-09-24T08:27:10.244228+00:00
1791,0.933,2026-09-24T08:27:10.245722+00:00
1792,0.893,2026-09-24T08:27:10.247154+00:00
1793,0.838,2026-09-24T08:27:10.248542+00:00
1794,1.279,2026-09-24T08:27:10.250388+00:00
1795,1.047,2026-09-24T08:27:10.253613+00:00
1796,0.902,2026-09-24T08:27:10.255157+00:00
1797,0.795,2026-09-24T08:27:10.256662+00:00
1798,0.895,2026-09-24T08:27:10.258208+00:00
1799,0.838,2026-09-24T08:27:10.259630+00:00
1800,0.8019999999999999,2026-09-24T08:27:10.261001+00:00
1801,0.865,2026-09-24T08:27:10.262560+00:00
1802,0.839,2026-09-24T08:27:10.264097+00:00
1803,0.76,2026-09-24T08:27:10.265534+00:00
1804,0.761,2026-09-24T08:27:10.266997+00:00
1805,0.7240000000000001,2026-09-24T08:27:10.268419+00:00
1806,0.75,2026-09-24T08:27:10.269871+00:00
1807,0.722,2026-09-24T08:27:10.271233+00:00
1808,0.728,2026-09-24T08:27:10.272639+00:00
1809,0.877,2026-09-24T08:27:10.274167+00:00
1810,0.94,2026-09-24T08:27:10.276045+00:00
1811,1.1900000000000002,2026-09-24T08:27:10.277913+00:00
1812,0.9359999999999999,2026-09-24T08:27:10.279118+00:00
1813,0.851,2026-09-24T08:27:10.280549+00:00
1814,0.893,2026-09-24T08:27:10.282129+00:00
1815,0.891,2026-09-24T08:27:10.283771+00:00
1816,0.7879999999999999,2026-09-24T08:27:10.285311+00:00
1817,0.8140000000000001,2026-09-24T08:27:10.286868+00:00
1818,0.8,2026-09-24T08:27:10.288325+00:00
1819,0.855,2026-09-24T08:27:10.289811+00:00
1820,1.2260000000000002,2026-09-24T08:27:10.291800+00:00
1821,1.107,2026-09-24T08:27:10.293611+00:00
1822,0.9650000000000001,2026-09-24T08:27:10.295290+00:00
1823,0.753,2026-09-24T08:27:10.296717+00:00
1824,0.8400000000000001,2026-09-24T08:27:10.298436+00:00
1825,0.837,2026-09-24T08:27:10.300018+00:00
1826,0.744,2026-09-24T08:27:10.301475+00:00
1827,0.747,2026-09-24T08:27:10.302860+00:00
1828,1.131,2026-09-24T08:27:10.304727+00:00
1829,0.906,2026-09-24T08:27:10.305993+00:00
1830,0.973,2026-09-24T08:27:10.307730+00:00
1831,0.803,2026-09-24T08:27:10.309085+00:00
1832,0.704,2026-09-24T08:27:10.310394+00:00
1833,0.884,2026-09-24T08:27:10.311970+00:00
1834,1.077,2026-09-24T08:27:10.313613+00:00
1835,0.977,2026-09-24T08:27:10.314798+00:00
1836,1.264,2026-09-24T08:27:10.316638+00:00
1837,0.9890000000000001,2026-09-24T08:27:10.317937+00:00
1838,1.214,2026-09-24T08:27:10.319693+00:00
1839,0.8099999999999999,2026-09-24T08:27:10.321095+00:00
1840,0.661,2026-09-24T08:27:10.322288+00:00
1841,0.772,2026-09-24T08:27:10.323769+00:00
1842,0.889,2026-09-24T08:27:10.325349+00:00
1843,0.773,2026-09-24T08:27:10.326717+00:00
1844,0.758,2026-09-24T08:27:10.328081+00:00
1845,0.934,2026-09-24T08:27:10.329635+00:00
1846,0.745,2026-09-24T08:27:10.330686+00:00
1847,0.749,2026-09-24T08:27:10.332017+00:00
1848,1.173,2026-09-24T08:27:10.333750+00:00
1849,0.781,2026-09-24T08:27:10.335093+00:00
1850,0.6629999999999999,2026-09-24T08:27:10.336264+00:00
1851,0.9269999999999999,2026-09-24T08:27:10.337973+00:00
1852,1.064,2026-09-24T08:27:10.339583+00:00
1853,0.65,2026-09-24T08:27:10.340740+00:00
1854,1.279,2026-09-24T08:27:10.342923+00:00
1855,0.7919999999999999,2026-09-24T08:27:10.343936+00:00
1856,1.0510000000000002,2026-09-24T08:27:10.345566+00:00
1857,1.61,2026-09-24T08:27:10.347808+00:00
1858,0.851,2026-09-24T08:27:10.349314+00:00
1859,0.661,2026-09-24T08:27:10.350454+00:00
1860,0.657,2026-09-24T08:27:10.351617+00:00
1861,0.648,2026-09-24T08:27:10.352710+00:00
1862,0.798,2026-09-24T08:27:10.354153+00:00
1863,1.047,2026-09-24T08:27:10.355720+00:00
1864,0.87,2026-09-24T08:27:10.356894+00:00
1865,1.341,2026-09-24T08:27:10.359128+00:00
1866,1.038,2026-09-24T08:27:10.360881+00:00
1867,0.968,2026-09-24T08:27:10.362401+00:00
1868,0.869,2026-09-24T08:27:10.363897+00:00
1869,0.755,2026-09-24T08:27:10.365534+00:00
1870,0.723,2026-09-24T08:27:10.366952+00:00
1871,0.7060000000000001,2026-09-24T08:27:10.368289+00:00
1872,1.4120000000000001,2026-09-24T08:27:10.370546+00:00
1873,1.003,2026-09-24T08:27:10.371998+00:00
1874,0.753,2026-09-24T08:27:10.373314+00:00
1875,0.915,2026-09-24T08:27:10.374735+00:00
1876,0.895,2026-09-24T08:27:10.376275+00:00
1877,0.6489999999999999,2026-09-24T08:27:10.377439+00:00
1878,1.1789999999999998,2026-09-24T08:27:10.379162+00:00
1879,0.9840000000000001,2026-09-24T08:27:10.380650+00:00
1880,0.6679999999999999,2026-09-24T08:27:10.381703+00:00
1881,0.71,2026-09-24T08:27:10.382921+00:00
1882,0.87,2026-09-24T08:27:10.385529+00:00
1883,1.0219999999999998,2026-09-24T08:27:10.387578+00:00
1884,0.9259999999999999,2026-09-24T08:27:10.389113+00:00
1885,0.742,2026-09-24T08:27:10.390231+00:00
1886,0.714,2026-09-24T08:27:10.391489+00:00
1887,0.824,2026-09-24T08:27:10.392837+00:00
1888,0.721,2026-09-24T08:27:10.394095+00:00
1889,0.861,2026-09-24T08:27:10.395513+00:00
1890,0.6970000000000001,2026-09-24T08:27:10.396775+00:00
1891,0.6930000000000001,2026-09-24T08:27:10.397969+00:00
1892,0.639,2026-09-24T08:27:10.399113+00:00
1893,0.732,2026-09-24T08:27:10.400329+00:00
1894,0.64,2026-09-24T08:27:10.401401+00:00
1895,0.696,2026-09-24T08:27:10.402573+00:00
1896,0.8450000000000001,2026-09-24T08:27:10.403960+00:00
1897,0.7240000000000001,2026-09-24T08:27:10.405241+00:00
1898,0.823,2026-09-24T08:27:10.406795+00:00
1899,0.736,2026-09-24T08:27:10.408084+00:00
1900,0.6930000000000001,2026-09-24T08:27:10.409357+00:00
1901,0.751,2026-09-24T08:27:10.410680+00:00
1902,0.74,2026-09-24T08:27:10.412001+00:00
1903,0.517,2026-09-24T08:27:10.413038+00:00
1904,0.494,2026-09-24T08:27:10.414016+00:00
1905,0.7150000000000001,2026-09-24T08:27:10.415255+00:00
1906,0.612,2026-09-24T08:27:10.416313+00:00
1907,0.5860000000000001,2026-09-24T08:27:10.417338+00:00
1908,0.5810000000000001,2026-09-24T08:27:10.418405+00:00
1909,0.747,2026-09-24T08:27:10.419739+00:00
1910,0.574,2026-09-24T08:27:10.420775+00:00
1911,0.623,2026-09-24T08:27:10.421862+00:00
1912,0.641,2026-09-24T08:27:10.422906+00:00
1913,0.603,2026-09-24T08:27:10.424179+00:00
1914,0.5810000000000001,2026-09-24T08:27:10.425275+00:00
1915,0.912,2026-09-24T08:27:10.426774+00:00
1916,0.796,2026-09-24T08:27:10.428236+00:00
1917,0.746,2026-09-24T08:27:10.429687+00:00
1918,1.201,2026-09-24T08:27:10.431770+00:00
1919,0.987,2026-09-24T08:27:10.433349+00:00
1920,1.2049999999999998,2026-09-24T08:27:10.435231+00:00
1921,0.858,2026-09-24T08:27:10.436825+00:00
1922,0.944,2026-09-24T08:27:10.438521+00:00
1923,0.892,2026-09-24T08:27:10.440019+00:00
1924,0.789,2026-09-24T08:27:10.441308+00:00
1925,1.07,2026-09-24T08:27:10.442902+00:00
1926,1.05,2026-09-24T08:27:10.444664+00:00
1927,1.054,2026-09-24T08:27:10.446512+00:00
1928,0.889,2026-09-24T08:27:10.448293+00:00
1929,0.696,2026-09-24T08:27:10.449628+00:00
1930,1.501,2026-09-24T08:27:10.451646+00:00
1931,0.64,2026-09-24T08:27:10.452932+00:00
1932,0.592,2026-09-24T08:27:10.454074+00:00
1933,0.5379999999999999,2026-09-24T08:27:10.455127+00:00
1934,0.539,2026-09-24T08:27:10.456191+00:00
1935,0.565,2026-09-24T08:27:10.457312+00:00
1936,0.8130000000000001,2026-09-24T08:27:10.458635+00:00
1937,0.874,2026-09-24T08:27:10.460189+00:00
1938,0.982,2026-09-24T08:27:10.462570+00:00
1939,0.782,2026-09-24T08:27:10.463939+00:00
1940,0.571,2026-09-24T08:27:10.465074+00:00
1941,0.5900000000000001,2026-09-24T08:27:10.466258+00:00
1942,0.609,2026-09-24T08:27:10.467536+00:00
1943,0.554,2026-09-24T08:27:10.468887+00:00
1944,0.5720000000000001,2026-09-24T08:27:10.470049+00:00
1945,0.903,2026-09-24T08:27:10.471668+00:00
1946,1.085,2026-09-24T08:27:10.473639+00:00
1947,0.91,2026-09-24T08:27:10.475221+00:00
1948,0.6980000000000001,2026-09-24T08:27:10.476520+00:00
1949,0.799,2026-09-24T08:27:10.477951+00:00
1950,0.944,2026-09-24T08:27:10.480214+00:00
1951,0.9970000000000001,2026-09-24T08:27:10.481701+00:00
1952,1.108,2026-09-24T08:27:10.483012+00:00
1953,0.624,2026-09-24T08:27:10.484047+00:00
1954,0.536,2026-09-24T08:27:10.485036+00:00
1955,0.55,2026-09-24T08:27:10.486229+00:00
1956,0.533,2026-09-24T08:27:10.487230+00:00
1957,0.643,2026-09-24T08:27:10.488528+00:00
1958,0.988,2026-09-24T08:27:10.490066+00:00
1959,1.064,2026-09-24T08:27:10.491906+00:00
1960,0.941,2026-09-24T08:27:10.493536+00:00
1961,0.748,2026-09-24T08:27:10.494844+00:00
1962,0.903,2026-09-24T08:27:10.496286+00:00
1963,0.786,2026-09-24T08:27:10.497348+00:00
1964,1.035,2026-09-24T08:27:10.498919+00:00
1965,0.755,2026-09-24T08:27:10.500110+00:00
1966,0.673,2026-09-24T08:27:10.501321+00:00
1967,0.616,2026-09-24T08:27:10.502483+00:00
1968,0.6849999999999999,2026-09-24T08:27:10.503688+00:00
1969,0.6759999999999999,2026-09-24T08:27:10.504914+00:00
1970,0.8360000000000001,2026-09-24T08:27:10.506509+00:00
1971,0.749,2026-09-24T08:27:10.507997+00:00
1972,0.643,2026-09-24T08:27:10.509502+00:00
1973,0.615,2026-09-24T08:27:10.510755+00:00
1974,0.599,2026-09-24T08:27:10.512020+00:00
1975,0.571,2026-09-24T08:27:10.513257+00:00
1976,0.605,2026-09-24T08:27:10.514504+00:00
1977,0.6040000000000001,2026-09-24T08:27:10.515674+00:00
1978,0.603,2026-09-24T08:27:10.516885+00:00
1979,0.6040000000000001,2026-09-24T08:27:10.518149+00:00
1980,0.566,2026-09-24T08:27:10.519347+00:00
1981,0.596,2026-09-24T08:27:10.520598+00:00
1982,0.6130000000000001,2026-09-24T08:27:10.521841+00:00
1983,0.65,2026-09-24T08:27:10.523113+00:00
1984,0.583,2026-09-24T08:27:10.524299+00:00
1985,0.596,2026-09-24T08:27:10.525486+00:00
1986,0.599,2026-09-24T08:27:10.526700+00:00
1987,0.5680000000000001,2026-09-24T08:27:10.528050+00:00
1988,0.544,2026-09-24T08:27:10.529221+00:00
1989,0.627,2026-09-24T08:27:10.530510+00:00
1990,0.641,2026-09-24T08:27:10.531749+00:00
1991,0.5760000000000001,2026-09-24T08:27:10.532949+00:00
1992,0.5910000000000001,2026-09-24T08:27:10.534168+00:00
1993,0.583,2026-09-24T08:27:10.535385+00:00
1994,0.865,2026-09-24T08:27:10.536867+00:00
1995,0.821,2026-09-24T08:27:10.538033+00:00
1996,0.8180000000000001,2026-09-24T08:27:10.540101+00:00
1997,0.616,2026-09-24T08:27:10.541255+00:00
1998,0.546,2026-09-24T08:27:10.542409+00:00
1999,0.55,2026-09-24T08:27:10.543484+00:00
2000,0.584,2026-09-24T08:27:10.544579+00:00
2001,0.504,2026-09-24T08:27:10.545617+00:00
2002,0.5720000000000001,2026-09-24T08:27:10.547108+00:00
2003,0.504,2026-09-24T08:27:10.548138+00:00
2004,0.507,2026-09-24T08:27:10.549198+00:00
2005,0.515,2026-09-24T08:27:10.550207+00:00
2006,0.47800000000000004,2026-09-24T08:27:10.551189+00:00
2007,0.5569999999999999,2026-09-24T08:27:10.552222+00:00
2008,0.525,2026-09-24T08:27:10.553248+00:00
2009,0.528,2026-09-24T08:27:10.554267+00:00
2010,0.486,2026-09-24T08:27:10.555222+00:00
2011,0.481,2026-09-24T08:27:10.556214+00:00
2012,0.516,2026-09-24T08:27:10.557221+00:00
2013,0.495,2026-09-24T08:27:10.558182+00:00
2014,0.527,2026-09-24T08:27:10.559201+00:00
2015,0.51,2026-09-24T08:27:10.560204+00:00
2016,0.484,2026-09-24T08:27:10.561177+00:00
2017,0.531,2026-09-24T08:27:10.562298+00:00
2018,0.483,2026-09-24T08:27:10.563264+00:00
2019,0.472,2026-09-24T08:27:10.564250+00:00
2020,0.519,2026-09-24T08:27:10.565388+00:00
2021,0.535,2026-09-24T08:27:10.566499+00:00
2022,0.525,2026-09-24T08:27:10.567516+00:00
2023,0.535,2026-09-24T08:27:10.568530+00:00
2024,0.49700000000000005,2026-09-24T08:27:10.569528+00:00
2025,0.555,2026-09-24T08:27:10.570586+00:00
2026,0.506,2026-09-24T08:27:10.571556+00:00
2027,0.503,2026-09-24T08:27:10.572567+00:00
2028,0.5559999999999999,2026-09-24T08:27:10.573645+00:00
2029,0.5509999999999999,2026-09-24T08:27:10.574774+00:00
2030,0.527,2026-09-24T08:27:10.575782+00:00
2031,0.526,2026-09-24T08:27:10.576925+00:00
2032,0.748,2026-09-24T08:27:10.578153+00:00
2033,0.9470000000000001,2026-09-24T08:27:10.579977+00:00
2034,0.6579999999999999,2026-09-24T08:27:10.581209+00:00
2035,0.584,2026-09-24T08:27:10.582359+00:00
2036,0.536,2026-09-24T08:27:10.583455+00:00
2037,0.5599999999999999,2026-09-24T08:27:10.584579+00:00
2038,0.522,2026-09-24T08:27:10.585678+00:00
2039,0.5509999999999999,2026-09-24T08:27:10.586789+00:00
2040,0.539,2026-09-24T08:27:10.587866+00:00
2041,0.751,2026-09-24T08:27:10.589144+00:00
2042,0.611,2026-09-24T08:27:10.590378+00:00
2043,0.49799999999999994,2026-09-24T08:27:10.591435+00:00
2044,0.48899999999999993,2026-09-24T08:27:10.592469+00:00
2045,0.475,2026-09-24T08:27:10.593488+00:00
2046,0.525,2026-09-24T08:27:10.594805+00:00
2047,0.5,2026-09-24T08:27:10.595845+00:00
2048,0.518,2026-09-24T08:27:10.596899+00:00
2049,0.46900000000000003,2026-09-24T08:27:10.597902+00:00
2050,0.449,2026-09-24T08:27:10.598908+00:00
2051,0.439,2026-09-24T08:27:10.599908+00:00
2052,0.474,2026-09-24T08:27:10.600957+00:00
2053,0.455,2026-09-24T08:27:10.601951+00:00
2054,0.477,2026-09-24T08:27:10.602991+00:00
2055,0.47100000000000003,2026-09-24T08:27:10.603964+00:00
2056,0.45199999999999996,2026-09-24T08:27:10.604949+00:00
2057,0.49700000000000005,2026-09-24T08:27:10.605971+00:00
2058,0.46,2026-09-24T08:27:10.606953+00:00
2059,0.457,2026-09-24T08:27:10.607963+00:00
2060,0.623,2026-09-24T08:27:10.609483+00:00
2061,0.6769999999999999,2026-09-24T08:27:10.611002+00:00
2062,0.495,2026-09-24T08:27:10.612037+00:00
2063,0.486,2026-09-24T08:27:10.613066+00:00
2064,0.501,2026-09-24T08:27:10.614143+00:00
2065,0.46799999999999997,2026-09-24T08:27:10.615327+00:00
2066,0.462,2026-09-24T08:27:10.616324+00:00
2067,0.448,2026-09-24T08:27:10.617336+00:00
2068,0.725,2026-09-24T08:27:10.618600+00:00
2069,0.748,2026-09-24T08:27:10.619954+00:00
2070,0.5820000000000001,2026-09-24T08:27:10.621056+00:00
2071,0.503,2026-09-24T08:27:10.622072+00:00
2072,0.429,2026-09-24T08:27:10.623018+00:00
2073,0.48500000000000004,2026-09-24T08:27:10.623995+00:00
2074,0.438,2026-09-24T08:27:10.624945+00:00
2075,0.45,2026-09-24T08:27:10.625920+00:00
2076,0.525,2026-09-24T08:27:10.627117+00:00
2077,0.48000000000000004,2026-09-24T08:27:10.628140+00:00
2078,0.456,2026-09-24T08:27:10.629100+00:00
2079,0.442,2026-09-24T08:27:10.630055+00:00
2080,0.449,2026-09-24T08:27:10.631055+00:00
2081,0.434,2026-09-24T08:27:10.632005+00:00
2082,0.456,2026-09-24T08:27:10.632949+00:00
2083,0.482,2026-09-24T08:27:10.633937+00:00
2084,0.521,2026-09-24T08:27:10.635015+00:00
2085,0.481,2026-09-24T08:27:10.635996+00:00
2086,0.46,2026-09-24T08:27:10.636967+00:00
2087,0.45,2026-09-24T08:27:10.637978+00:00
2088,0.449,2026-09-24T08:27:10.639060+00:00
2089,0.435,2026-09-24T08:27:10.640027+00:00
2090,0.45899999999999996,2026-09-24T08:27:10.641128+00:00
2091,0.48899999999999993,2026-09-24T08:27:10.642165+00:00
2092,0.599,2026-09-24T08:27:10.643336+00:00
2093,0.501,2026-09-24T08:27:10.644351+00:00
2094,0.653,2026-09-24T08:27:10.645563+00:00
2095,0.607,2026-09-24T08:27:10.646614+00:00
2096,0.64,2026-09-24T08:27:10.647786+00:00
2097,0.583,2026-09-24T08:27:10.648845+00:00
2098,0.559,2026-09-24T08:27:10.649924+00:00
2099,0.633,2026-09-24T08:27:10.651114+00:00
2100,0.519,2026-09-24T08:27:10.652131+00:00
2101,0.546,2026-09-24T08:27:10.653205+00:00
2102,0.521,2026-09-24T08:27:10.654239+00:00
2103,0.496,2026-09-24T08:27:10.655254+00:00
2104,0.486,2026-09-24T08:27:10.656247+00:00
2105,0.49700000000000005,2026-09-24T08:27:10.657342+00:00
2106,0.5670000000000001,2026-09-24T08:27:10.658440+00:00
2107,0.558,2026-09-24T08:27:10.659513+00:00
2108,0.565,2026-09-24T08:27:10.660571+00:00
2109,0.532,2026-09-24T08:27:10.661593+00:00
2110,0.48899999999999993,2026-09-24T08:27:10.662580+00:00
2111,0.494,2026-09-24T08:27:10.663606+00:00
2112,0.673,2026-09-24T08:27:10.664777+00:00
2113,0.6669999999999999,2026-09-24T08:27:10.666005+00:00
2114,0.656,2026-09-24T08:27:10.667211+00:00
2115,0.518,2026-09-24T08:27:10.668241+00:00
2116,0.5519999999999999,2026-09-24T08:27:10.669287+00:00
2117,0.519,2026-09-24T08:27:10.670317+00:00
2118,0.507,2026-09-24T08:27:10.671349+00:00
2119,0.5720000000000001,2026-09-24T08:27:10.672503+00:00
2120,0.549,2026-09-24T08:27:10.673878+00:00
2121,0.933,2026-09-24T08:27:10.675696+00:00
2122,0.6589999999999999,2026-09-24T08:27:10.676875+00:00
2123,0.761,2026-09-24T08:27:10.678271+00:00
2124,0.731,2026-09-24T08:27:10.679656+00:00
2125,0.5640000000000001,2026-09-24T08:27:10.680767+00:00
2126,1.332,2026-09-24T08:27:10.682660+00:00
2127,1.014,2026-09-24T08:27:10.684239+00:00
2128,0.7739999999999999,2026-09-24T08:27:10.685586+00:00
2129,0.735,2026-09-24T08:27:10.686906+00:00
2130,0.7380000000000001,2026-09-24T08:27:10.688168+00:00
2131,0.766,2026-09-24T08:27:10.689489+00:00
2132,0.9790000000000001,2026-09-24T08:27:10.690968+00:00
2133,0.912,2026-09-24T08:27:10.692458+00:00
2134,0.777,2026-09-24T08:27:10.693787+00:00
2135,0.838,2026-09-24T08:27:10.695458+00:00
2136,0.699,2026-09-24T08:27:10.696712+00:00
2137,0.945,2026-09-24T08:27:10.698283+00:00
2138,0.869,2026-09-24T08:27:10.699743+00:00
2139,0.856,2026-09-24T08:27:10.701454+00:00
2140,0.7649999999999999,2026-09-24T08:27:10.702762+00:00
2141,0.893,2026-09-24T08:27:10.704190+00:00
2142,0.837,2026-09-24T08:27:10.705612+00:00
2143,0.839,2026-09-24T08:27:10.707097+00:00
2144,0.9470000000000001,2026-09-24T08:27:10.708676+00:00
2145,0.8009999999999999,2026-09-24T08:27:10.709854+00:00
2146,0.781,2026-09-24T08:27:10.711116+00:00
2147,0.669,2026-09-24T08:27:10.712306+00:00
2148,0.694,2026-09-24T08:27:10.713629+00:00
2149,0.641,2026-09-24T08:27:10.714843+00:00
2150,0.643,2026-09-24T08:27:10.716323+00:00
2151,0.9430000000000001,2026-09-24T08:27:10.718077+00:00
2152,0.8720000000000001,2026-09-24T08:27:10.719786+00:00
2153,0.749,2026-09-24T08:27:10.721100+00:00
2154,0.62,2026-09-24T08:27:10.722268+00:00
2155,0.524,2026-09-24T08:27:10.723281+00:00
2156,0.515,2026-09-24T08:27:10.724325+00:00
2157,0.9970000000000001,2026-09-24T08:27:10.726021+00:00
2158,0.7200000000000001,2026-09-24T08:27:10.726860+00:00
2159,0.646,2026-09-24T08:27:10.728021+00:00
2160,0.592,2026-09-24T08:27:10.729161+00:00
2161,0.9349999999999999,2026-09-24T08:27:10.730999+00:00
2162,1.101,2026-09-24T08:27:10.732649+00:00
2163,1.166,2026-09-24T08:27:10.734456+00:00
2164,0.8360000000000001,2026-09-24T08:27:10.736069+00:00
2165,0.651,2026-09-24T08:27:10.737422+00:00
2166,0.5900000000000001,2026-09-24T08:27:10.738578+00:00
2167,0.597,2026-09-24T08:27:10.739745+00:00
2168,0.897,2026-09-24T08:27:10.741184+00:00
2169,0.888,2026-09-24T08:27:10.742464+00:00
2170,0.812,2026-09-24T08:27:10.743822+00:00
2171,1.09,2026-09-24T08:27:10.745714+00:00
2172,0.8350000000000001,2026-09-24T08:27:10.746948+00:00
2173,0.75,2026-09-24T08:27:10.748229+00:00
2174,0.833,2026-09-24T08:27:10.749692+00:00
2175,0.796,2026-09-24T08:27:10.751164+00:00
2176,0.851,2026-09-24T08:27:10.752717+00:00
2177,1.165,2026-09-24T08:27:10.754450+00:00
2178,0.812,2026-09-24T08:27:10.755511+00:00
2179,0.7380000000000001,2026-09-24T08:27:10.756954+00:00
2180,1.075,2026-09-24T08:27:10.758530+00:00
2181,0.9,2026-09-24T08:27:10.759930+00:00
2182,0.902,2026-09-24T08:27:10.761624+00:00
2183,0.739,2026-09-24T08:27:10.763100+00:00
2184,0.6849999999999999,2026-09-24T08:27:10.764408+00:00
2185,0.778,2026-09-24T08:27:10.765803+00:00
2186,1.0679999999999998,2026-09-24T08:27:10.767471+00:00
2187,0.8180000000000001,2026-09-24T08:27:10.768664+00:00
2188,0.725,2026-09-24T08:27:10.769881+00:00
2189,0.721,2026-09-24T08:27:10.771171+00:00
2190,0.679,2026-09-24T08:27:10.772457+00:00
2191,0.6759999999999999,2026-09-24T08:27:10.773684+00:00
2192,0.7829999999999999,2026-09-24T08:27:10.775167+00:00
2193,0.758,2026-09-24T08:27:10.776684+00:00
2194,0.909,2026-09-24T08:27:10.778603+00:00
2195,0.764,2026-09-24T08:27:10.779851+00:00
2196,0.903,2026-09-24T08:27:10.781226+00:00
2197,1.0399999999999998,2026-09-24T08:27:10.782775+00:00
2198,0.98,2026-09-24T08:27:10.784089+00:00
2199,0.752,2026-09-24T08:27:10.785300+00:00
2200,0.755,2026-09-24T08:27:10.786602+00:00
2201,0.671,2026-09-24T08:27:10.787792+00:00
2202,0.733,2026-09-24T08:27:10.789096+00:00
2203,0.661,2026-09-24T08:27:10.790397+00:00
2204,0.973,2026-09-24T08:27:10.792074+00:00
2205,0.963,2026-09-24T08:27:10.793777+00:00
2206,0.85,2026-09-24T08:27:10.795210+00:00
2207,0.803,2026-09-24T08:27:10.796689+00:00
2208,0.816,2026-09-24T08:27:10.798087+00:00
2209,0.888,2026-09-24T08:27:10.799786+00:00
2210,0.777,2026-09-24T08:27:10.801149+00:00
2211,0.781,2026-09-24T08:27:10.802522+00:00
2212,1.0510000000000002,2026-09-24T08:27:10.804381+00:00
2213,0.777,2026-09-24T08:27:10.805842+00:00
2214,0.707,2026-09-24T08:27:10.807157+00:00
2215,0.6669999999999999,2026-09-24T08:27:10.808469+00:00
2216,0.856,2026-09-24T08:27:10.810102+00:00
2217,0.747,2026-09-24T08:27:10.811498+00:00
2218,0.646,2026-09-24T08:27:10.812741+00:00
2219,0.76,2026-09-24T08:27:10.814106+00:00
2220,0.687,2026-09-24T08:27:10.815390+00:00
2221,0.8400000000000001,2026-09-24T08:27:10.816823+00:00
2222,0.829,2026-09-24T08:27:10.818395+00:00
2223,0.596,2026-09-24T08:27:10.819668+00:00
2224,0.743,2026-09-24T08:27:10.821366+00:00
2225,0.6719999999999999,2026-09-24T08:27:10.822698+00:00
2226,0.66,2026-09-24T08:27:10.823941+00:00
2227,0.945,2026-09-24T08:27:10.825627+00:00
2228,0.856,2026-09-24T08:27:10.827143+00:00
2229,1.017,2026-09-24T08:27:10.828921+00:00
2230,0.751,2026-09-24T08:27:10.830248+00:00
2231,0.696,2026-09-24T08:27:10.831448+00:00
2232,0.858,2026-09-24T08:27:10.833076+00:00
2233,0.988,2026-09-24T08:27:10.834829+00:00
2234,0.866,2026-09-24T08:27:10.836155+00:00
2235,0.843,2026-09-24T08:27:10.837572+00:00
2236,0.8069999999999999,2026-09-24T08:27:10.839168+00:00
2237,0.754,2026-09-24T08:27:10.840510+00:00
2238,0.9169999999999999,2026-09-24T08:27:10.842488+00:00
2239,0.9380000000000001,2026-09-24T08:27:10.843967+00:00
2240,0.8809999999999999,2026-09-24T08:27:10.845336+00:00
2241,0.816,2026-09-24T08:27:10.846771+00:00
2242,0.868,2026-09-24T08:27:10.848157+00:00
2243,0.832,2026-09-24T08:27:10.849601+00:00
2244,0.742,2026-09-24T08:27:10.850898+00:00
2245,0.74,2026-09-24T08:27:10.852160+00:00
2246,0.748,2026-09-24T08:27:10.853484+00:00
2247,0.68,2026-09-24T08:27:10.854638+00:00
2248,0.6880000000000001,2026-09-24T08:27:10.855803+00:00
2249,0.6849999999999999,2026-09-24T08:27:10.857055+00:00
2250,0.883,2026-09-24T08:27:10.858477+00:00
2251,1.21,2026-09-24T08:27:10.860164+00:00
2252,1.163,2026-09-24T08:27:10.861989+00:00
2253,0.794,2026-09-24T08:27:10.863501+00:00
2254,0.6890000000000001,2026-09-24T08:27:10.864714+00:00
2255,0.963,2026-09-24T08:27:10.866367+00:00
2256,0.864,2026-09-24T08:27:10.867913+00:00
2257,0.6970000000000001,2026-09-24T08:27:10.869173+00:00
2258,0.7150000000000001,2026-09-24T08:27:10.870408+00:00
2259,0.758,2026-09-24T08:27:10.871816+00:00
2260,0.644,2026-09-24T08:27:10.872936+00:00
2261,0.699,2026-09-24T08:27:10.874160+00:00
2262,1.17,2026-09-24T08:27:10.875860+00:00
2263,0.671,2026-09-24T08:27:10.876739+00:00
2264,0.891,2026-09-24T08:27:10.878377+00:00
2265,0.7380000000000001,2026-09-24T08:27:10.879793+00:00
2266,0.6980000000000001,2026-09-24T08:27:10.881164+00:00
2267,0.8809999999999999,2026-09-24T08:27:10.882741+00:00
2268,0.86,2026-09-24T08:27:10.884375+00:00
2269,0.9700000000000001,2026-09-24T08:27:10.886102+00:00
2270,0.662,2026-09-24T08:27:10.887307+00:00
2271,0.593,2026-09-24T08:27:10.888377+00:00
2272,0.615,2026-09-24T08:27:10.889442+00:00
2273,0.5680000000000001,2026-09-24T08:27:10.890439+00:00
2274,0.9779999999999999,2026-09-24T08:27:10.891968+00:00
2275,0.893,2026-09-24T08:27:10.893289+00:00
2276,0.893,2026-09-24T08:27:10.894885+00:00
2277,0.909,2026-09-24T08:27:10.896468+00:00
2278,0.869,2026-09-24T08:27:10.897943+00:00
2279,0.83,2026-09-24T08:27:10.899347+00:00
2280,0.883,2026-09-24T08:27:10.900825+00:00
2281,1.012,2026-09-24T08:27:10.902516+00:00
2282,0.875,2026-09-24T08:27:10.903972+00:00
2283,0.852,2026-09-24T08:27:10.905547+00:00
2284,0.7919999999999999,2026-09-24T08:27:10.906899+00:00
2285,0.85,2026-09-24T08:27:10.908310+00:00
2286,0.884,2026-09-24T08:27:10.909915+00:00
2287,0.8180000000000001,2026-09-24T08:27:10.911320+00:00
2288,0.8140000000000001,2026-09-24T08:27:10.912720+00:00
2289,0.888,2026-09-24T08:27:10.914185+00:00
2290,0.8490000000000001,2026-09-24T08:27:10.915612+00:00
2291,0.8099999999999999,2026-09-24T08:27:10.916959+00:00
2292,0.9600000000000001,2026-09-24T08:27:10.918540+00:00
2293,0.891,2026-09-24T08:27:10.920119+00:00
2294,0.864,2026-09-24T08:27:10.921602+00:00
2295,0.912,2026-09-24T08:27:10.923061+00:00
2296,0.862,2026-09-24T08:27:10.924582+00:00
2297,0.819,2026-09-24T08:27:10.925998+00:00
2298,0.83,2026-09-24T08:27:10.927548+00:00
2299,0.879,2026-09-24T08:27:10.928989+00:00
2300,1.21,2026-09-24T08:27:10.931197+00:00
2301,0.885,2026-09-24T08:27:10.932862+00:00
2302,1.055,2026-09-24T08:27:10.934773+00:00
2303,0.916,2026-09-24T08:27:10.936286+00:00
2304,0.841,2026-09-24T08:27:10.937721+00:00
2305,0.969,2026-09-24T08:27:10.939308+00:00
2306,0.857,2026-09-24T08:27:10.940891+00:00
2307,0.839,2026-09-24T08:27:10.942344+00:00
2308,0.857,2026-09-24T08:27:10.943796+00:00
2309,0.892,2026-09-24T08:27:10.945232+00:00
2310,0.883,2026-09-24T08:27:10.946899+00:00
2311,0.844,2026-09-24T08:27:10.948367+00:00
2312,0.839,2026-09-24T08:27:10.949936+00:00
2313,1.021,2026-09-24T08:27:10.951636+00:00
2314,0.964,2026-09-24T08:27:10.952997+00:00
2315,0.8019999999999999,2026-09-24T08:27:10.954311+00:00
2316,0.747,2026-09-24T08:27:10.955607+00:00
2317,0.721,2026-09-24T08:27:10.956894+00:00
2318,0.713,2026-09-24T08:27:10.958171+00:00
2319,0.708,2026-09-24T08:27:10.959461+00:00
2320,0.696,2026-09-24T08:27:10.960703+00:00
2321,0.812,2026-09-24T08:27:10.962054+00:00
2322,0.7739999999999999,2026-09-24T08:27:10.963359+00:00
2323,0.644,2026-09-24T08:27:10.964459+00:00
2324,0.766,2026-09-24T08:27:10.965847+00:00
2325,0.636,2026-09-24T08:27:10.966955+00:00
2326,0.869,2026-09-24T08:27:10.968433+00:00
2327,0.782,2026-09-24T08:27:10.969937+00:00
2328,0.7879999999999999,2026-09-24T08:27:10.971360+00:00
2329,0.8220000000000001,2026-09-24T08:27:10.972712+00:00
2330,0.741,2026-09-24T08:27:10.974017+00:00
2331,0.726,2026-09-24T08:27:10.975512+00:00
2332,0.6980000000000001,2026-09-24T08:27:10.976862+00:00
2333,0.665,2026-09-24T08:27:10.978139+00:00
2334,0.664,2026-09-24T08:27:10.979470+00:00
2335,0.7010000000000001,2026-09-24T08:27:10.980763+00:00
2336,0.641,2026-09-24T08:27:10.981963+00:00
2337,0.665,2026-09-24T08:27:10.983209+00:00
2338,0.696,2026-09-24T08:27:10.984533+00:00
2339,0.684,2026-09-24T08:27:10.985774+00:00
2340,0.64,2026-09-24T08:27:10.986985+00:00
2341,0.644,2026-09-24T08:27:10.988201+00:00
2342,0.666,2026-09-24T08:27:10.989586+00:00
2343,0.66,2026-09-24T08:27:10.990803+00:00
2344,0.6880000000000001,2026-09-24T08:27:10.992125+00:00
2345,0.643,2026-09-24T08:27:10.993362+00:00
2346,0.725,2026-09-24T08:27:10.994731+00:00
2347,0.69,2026-09-24T08:27:10.995987+00:00
2348,0.631,2026-09-24T08:27:10.997263+00:00
2349,0.7060000000000001,2026-09-24T08:27:10.998735+00:00
2350,0.634,2026-09-24T08:27:10.999928+00:00
2351,0.647,2026-09-24T08:27:11.001221+00:00
2352,0.66,2026-09-24T08:27:11.002498+00:00
2353,0.6719999999999999,2026-09-24T08:27:11.003791+00:00
2354,0.6759999999999999,2026-09-24T08:27:11.005047+00:00
2355,0.626,2026-09-24T08:27:11.006266+00:00
2356,0.718,2026-09-24T08:27:11.007597+00:00
2357,0.687,2026-09-24T08:27:11.008941+00:00
2358,0.638,2026-09-24T08:27:11.010165+00:00
2359,0.642,2026-09-24T08:27:11.011392+00:00
2360,0.646,2026-09-24T08:27:11.012636+00:00
2361,0.653,2026-09-24T08:27:11.013839+00:00
2362,0.653,2026-09-24T08:27:11.015159+00:00
2363,0.6539999999999999,2026-09-24T08:27:11.016383+00:00
2364,0.64,2026-09-24T08:27:11.017600+00:00
2365,0.696,2026-09-24T08:27:11.018877+00:00
2366,0.634,2026-09-24T08:27:11.020102+00:00
2367,0.683,2026-09-24T08:27:11.021422+00:00
2368,0.6629999999999999,2026-09-24T08:27:11.022683+00:00
2369,0.699,2026-09-24T08:27:11.023947+00:00
2370,0.644,2026-09-24T08:27:11.025194+00:00
2371,0.9990000000000001,2026-09-24T08:27:11.026850+00:00
2372,0.816,2026-09-24T08:27:11.027936+00:00
2373,0.6849999999999999,2026-09-24T08:27:11.029257+00:00
2374,0.647,2026-09-24T08:27:11.030530+00:00
2375,0.716,2026-09-24T08:27:11.031838+00:00
2376,0.7010000000000001,2026-09-24T08:27:11.033124+00:00
2377,1.1260000000000001,2026-09-24T08:27:11.034808+00:00
2378,1.05,2026-09-24T08:27:11.035964+00:00
2379,1.037,2026-09-24T08:27:11.037284+00:00
2380,1.029,2026-09-24T08:27:11.038617+00:00
2381,1.006,2026-09-24T08:27:11.039935+00:00
2382,0.977,2026-09-24T08:27:11.041482+00:00
2383,0.8540000000000001,2026-09-24T08:27:11.042804+00:00
2384,0.809,2026-09-24T08:27:11.044293+00:00
2385,0.7110000000000001,2026-09-24T08:27:11.045594+00:00
2386,0.775,2026-09-24T08:27:11.047095+00:00
2387,0.7240000000000001,2026-09-24T08:27:11.048370+00:00
2388,0.7150000000000001,2026-09-24T08:27:11.049601+00:00
2389,0.68,2026-09-24T08:27:11.050795+00:00
2390,0.6769999999999999,2026-09-24T08:27:11.052060+00:00
2391,0.694,2026-09-24T08:27:11.053240+00:00
2392,0.666,2026-09-24T08:27:11.054371+00:00
2393,0.6859999999999999,2026-09-24T08:27:11.055572+00:00
2394,0.707,2026-09-24T08:27:11.056767+00:00
2395,0.662,2026-09-24T08:27:11.057925+00:00
2396,1.704,2026-09-24T08:27:11.060139+00:00
2397,0.756,2026-09-24T08:27:11.061508+00:00
2398,0.737,2026-09-24T08:27:11.062758+00:00
2399,0.752,2026-09-24T08:27:11.064020+00:00
2400,0.966,2026-09-24T08:27:11.065562+00:00
2401,0.8400000000000001,2026-09-24T08:27:11.066866+00:00
2402,1.125,2026-09-24T08:27:11.068692+00:00
2403,1.074,2026-09-24T08:27:11.070642+00:00
2404,0.842,2026-09-24T08:27:11.072146+00:00
2405,0.862,2026-09-24T08:27:11.073784+00:00
2406,0.977,2026-09-24T08:27:11.075380+00:00
2407,0.853,2026-09-24T08:27:11.076875+00:00
2408,1.101,2026-09-24T08:27:11.078695+00:00
2409,0.821,2026-09-24T08:27:11.080062+00:00
2410,0.73,2026-09-24T08:27:11.081279+00:00
2411,0.626,2026-09-24T08:27:11.082379+00:00
2412,0.687,2026-09-24T08:27:11.083561+00:00
2413,0.6449999999999999,2026-09-24T08:27:11.084650+00:00
2414,0.7240000000000001,2026-09-24T08:27:11.085862+00:00
2415,0.633,2026-09-24T08:27:11.086944+00:00
2416,0.605,2026-09-24T08:27:11.088175+00:00
2417,0.6130000000000001,2026-09-24T08:27:11.089257+00:00
2418,0.603,2026-09-24T08:27:11.090341+00:00
2419,0.921,2026-09-24T08:27:11.091771+00:00
2420,0.764,2026-09-24T08:27:11.092827+00:00
2421,1.3539999999999999,2026-09-24T08:27:11.094830+00:00
2422,1.137,2026-09-24T08:27:11.096144+00:00
2423,0.9650000000000001,2026-09-24T08:27:11.097405+00:00
2424,0.726,2026-09-24T08:27:11.098442+00:00
2425,0.6859999999999999,2026-09-24T08:27:11.099620+00:00
2426,0.696,2026-09-24T08:27:11.100848+00:00
2427,0.749,2026-09-24T08:27:11.102114+00:00
2428,0.6769999999999999,2026-09-24T08:27:11.103351+00:00
2429,0.664,2026-09-24T08:27:11.104583+00:00
2430,0.6130000000000001,2026-09-24T08:27:11.105755+00:00
2431,0.751,2026-09-24T08:27:11.107249+00:00
2432,0.803,2026-09-24T08:27:11.108713+00:00
2433,0.883,2026-09-24T08:27:11.110544+00:00
2434,0.757,2026-09-24T08:27:11.112004+00:00
2435,0.699,2026-09-24T08:27:11.113381+00:00
2436,0.6809999999999999,2026-09-24T08:27:11.114651+00:00
2437,0.6489999999999999,2026-09-24T08:27:11.115844+00:00
2438,0.65,2026-09-24T08:27:11.117124+00:00
2439,0.617,2026-09-24T08:27:11.118359+00:00
2440,0.575,2026-09-24T08:27:11.119514+00:00
2441,0.638,2026-09-24T08:27:11.120749+00:00
2442,0.622,2026-09-24T08:27:11.121993+00:00
2443,0.628,2026-09-24T08:27:11.123211+00:00
2444,0.6880000000000001,2026-09-24T08:27:11.124493+00:00
2445,0.739,2026-09-24T08:27:11.126010+00:00
2446,0.857,2026-09-24T08:27:11.127828+00:00
2447,0.7919999999999999,2026-09-24T08:27:11.129440+00:00
2448,0.812,2026-09-24T08:27:11.130963+00:00
2449,0.703,2026-09-24T08:27:11.132398+00:00
2450,0.6449999999999999,2026-09-24T08:27:11.133618+00:00
2451,0.941,2026-09-24T08:27:11.135124+00:00
2452,0.694,2026-09-24T08:27:11.136136+00:00
2453,0.621,2026-09-24T08:27:11.137286+00:00
2454,0.6040000000000001,2026-09-24T08:27:11.138482+00:00
2455,0.592,2026-09-24T08:27:11.139624+00:00
2456,0.594,2026-09-24T08:27:11.140793+00:00
2457,0.6589999999999999,2026-09-24T08:27:11.142061+00:00
2458,0.6719999999999999,2026-09-24T08:27:11.143390+00:00
2459,0.721,2026-09-24T08:27:11.144848+00:00
2460,0.716,2026-09-24T08:27:11.146459+00:00
2461,0.86,2026-09-24T08:27:11.147845+00:00
2462,0.637,2026-09-24T08:27:11.148873+00:00
2463,0.5950000000000001,2026-09-24T08:27:11.149924+00:00
2464,0.553,2026-09-24T08:27:11.150948+00:00
2465,0.501,2026-09-24T08:27:11.151951+00:00
2466,0.509,2026-09-24T08:27:11.152964+00:00
2467,0.509,2026-09-24T08:27:11.154009+00:00
2468,0.5,2026-09-24T08:27:11.155025+00:00
2469,0.523,2026-09-24T08:27:11.156024+00:00
2470,0.512,2026-09-24T08:27:11.157041+00:00
2471,0.559,2026-09-24T08:27:11.158105+00:00
2472,0.773,2026-09-24T08:27:11.159490+00:00
2473,0.805,2026-09-24T08:27:11.160904+00:00
2474,0.749,2026-09-24T08:27:11.162286+00:00
2475,0.6980000000000001,2026-09-24T08:27:11.163789+00:00
2476,0.74,2026-09-24T08:27:11.165247+00:00
2477,0.728,2026-09-24T08:27:11.166631+00:00
2478,0.6759999999999999,2026-09-24T08:27:11.167909+00:00
2479,0.601,2026-09-24T08:27:11.169140+00:00
2480,0.5760000000000001,2026-09-24T08:27:11.170350+00:00
2481,0.585,2026-09-24T08:27:11.171568+00:00
2482,0.6809999999999999,2026-09-24T08:27:11.172910+00:00
2483,1.0679999999999998,2026-09-24T08:27:11.174644+00:00
2484,0.9700000000000001,2026-09-24T08:27:11.175800+00:00
2485,0.924,2026-09-24T08:27:11.177172+00:00
2486,0.743,2026-09-24T08:27:11.178464+00:00
2487,0.705,2026-09-24T08:27:11.179801+00:00
2488,0.82,2026-09-24T08:27:11.181206+00:00
2489,0.641,2026-09-24T08:27:11.182367+00:00
2490,0.6880000000000001,2026-09-24T08:27:11.183774+00:00
2491,0.678,2026-09-24T08:27:11.185050+00:00
2492,0.68,2026-09-24T08:27:11.186327+00:00
2493,1.003,2026-09-24T08:27:11.188046+00:00
2494,0.646,2026-09-24T08:27:11.189053+00:00
2495,0.488,2026-09-24T08:27:11.190045+00:00
2496,1.234,2026-09-24T08:27:11.192036+00:00
2497,1.281,2026-09-24T08:27:11.194040+00:00
2498,1.009,2026-09-24T08:27:11.195358+00:00
2499,0.695,2026-09-24T08:27:11.196546+00:00
2500,0.914,2026-09-24T08:27:11.197958+00:00
2501,0.6669999999999999,2026-09-24T08:27:11.198879+00:00
2502,0.5479999999999999,2026-09-24T08:27:11.199850+00:00
2503,1.261,2026-09-24T08:27:11.201708+00:00
2504,0.8310000000000001,2026-09-24T08:27:11.202678+00:00
2505,0.705,2026-09-24T08:27:11.203916+00:00
2506,0.553,2026-09-24T08:27:11.204898+00:00
2507,0.524,2026-09-24T08:27:11.205902+00:00
2508,0.513,2026-09-24T08:27:11.206873+00:00
2509,0.7969999999999999,2026-09-24T08:27:11.208144+00:00
2510,0.828,2026-09-24T08:27:11.209456+00:00
2511,0.906,2026-09-24T08:27:11.210651+00:00
2512,0.894,2026-09-24T08:27:11.212260+00:00
2513,0.8069999999999999,2026-09-24T08:27:11.213628+00:00
2514,1.2570000000000001,2026-09-24T08:27:11.215252+00:00
2515,0.6759999999999999,2026-09-24T08:27:11.216261+00:00
2516,0.633,2026-09-24T08:27:11.217315+00:00
2517,0.737,2026-09-24T08:27:11.218486+00:00
2518,0.5680000000000001,2026-09-24T08:27:11.219326+00:00
2519,0.578,2026-09-24T08:27:11.220626+00:00
2520,0.521,2026-09-24T08:27:11.221683+00:00
2521,0.5569999999999999,2026-09-24T08:27:11.222858+00:00
2522,0.6769999999999999,2026-09-24T08:27:11.224177+00:00
2523,1.8760000000000001,2026-09-24T08:27:11.226922+00:00
2524,1.0070000000000001,2026-09-24T08:27:11.228240+00:00
2525,0.78,2026-09-24T08:27:11.229521+00:00
2526,0.878,2026-09-24T08:27:11.231086+00:00
2527,0.789,2026-09-24T08:27:11.232573+00:00
2528,0.65,2026-09-24T08:27:11.233813+00:00
2529,0.9269999999999999,2026-09-24T08:27:11.235536+00:00
2530,0.744,2026-09-24T08:27:11.236846+00:00
2531,0.707,2026-09-24T08:27:11.238019+00:00
2532,0.679,2026-09-24T08:27:11.239154+00:00
2533,0.639,2026-09-24T08:27:11.240253+00:00
2534,0.713,2026-09-24T08:27:11.241666+00:00
2535,0.767,2026-09-24T08:27:11.242882+00:00
2536,0.838,2026-09-24T08:27:11.244387+00:00
2537,0.9510000000000001,2026-09-24T08:27:11.246056+00:00
2538,0.9600000000000001,2026-09-24T08:27:11.247622+00:00
2539,0.708,2026-09-24T08:27:11.248897+00:00
2540,0.725,2026-09-24T08:27:11.250214+00:00
2541,0.713,2026-09-24T08:27:11.251440+00:00
2542,0.723,2026-09-24T08:27:11.252752+00:00
2543,0.708,2026-09-24T08:27:11.254002+00:00
2544,0.865,2026-09-24T08:27:11.255560+00:00
2545,1.0759999999999998,2026-09-24T08:27:11.257244+00:00
2546,0.8140000000000001,2026-09-24T08:27:11.258509+00:00
2547,1.089,2026-09-24T08:27:11.260787+00:00
2548,0.748,2026-09-24T08:27:11.262192+00:00
2549,0.771,2026-09-24T08:27:11.263632+00:00
2550,0.891,2026-09-24T08:27:11.265097+00:00
2551,0.6759999999999999,2026-09-24T08:27:11.266310+00:00
2552,0.674,2026-09-24T08:27:11.267459+00:00
2553,0.614,2026-09-24T08:27:11.268548+00:00
2554,0.614,2026-09-24T08:27:11.269629+00:00
2555,0.598,2026-09-24T08:27:11.270666+00:00
2556,0.6859999999999999,2026-09-24T08:27:11.271780+00:00
2557,0.737,2026-09-24T08:27:11.272917+00:00
2558,0.751,2026-09-24T08:27:11.274120+00:00
2559,0.7380000000000001,2026-09-24T08:27:11.275392+00:00
2560,0.972,2026-09-24T08:27:11.277027+00:00
2561,1.002,2026-09-24T08:27:11.278831+00:00
2562,1.07,2026-09-24T08:27:11.280706+00:00
2563,0.982,2026-09-24T08:27:11.282543+00:00
2564,0.945,2026-09-24T08:27:11.284258+00:00
2565,0.9269999999999999,2026-09-24T08:27:11.285949+00:00
2566,0.762,2026-09-24T08:27:11.287355+00:00
2567,0.6759999999999999,2026-09-24T08:27:11.288666+00:00
2568,0.648,2026-09-24T08:27:11.289837+00:00
2569,0.671,2026-09-24T08:27:11.290974+00:00
2570,0.944,2026-09-24T08:27:11.292550+00:00
2571,1.03,2026-09-24T08:27:11.295057+00:00
2572,0.759,2026-09-24T08:27:11.296251+00:00
2573,0.7010000000000001,2026-09-24T08:27:11.297457+00:00
2574,0.7200000000000001,2026-09-24T08:27:11.298902+00:00
2575,0.675,2026-09-24T08:27:11.300061+00:00
2576,0.605,2026-09-24T08:27:11.301134+00:00
2577,0.619,2026-09-24T08:27:11.302275+00:00
2578,0.69,2026-09-24T08:27:11.303560+00:00
2579,0.626,2026-09-24T08:27:11.304616+00:00
2580,0.675,2026-09-24T08:27:11.305735+00:00
2581,0.642,2026-09-24T08:27:11.306798+00:00
2582,0.973,2026-09-24T08:27:11.308402+00:00
2583,0.888,2026-09-24T08:27:11.309771+00:00
2584,0.731,2026-09-24T08:27:11.310896+00:00
2585,0.539,2026-09-24T08:27:11.311869+00:00
2586,0.5379999999999999,2026-09-24T08:27:11.312965+00:00
2587,0.544,2026-09-24T08:27:11.314007+00:00
2588,0.679,2026-09-24T08:27:11.315184+00:00
2589,0.717,2026-09-24T08:27:11.316257+00:00
2590,0.6759999999999999,2026-09-24T08:27:11.317428+00:00
2591,0.636,2026-09-24T08:27:11.318528+00:00
2592,0.63,2026-09-24T08:27:11.319580+00:00
2593,0.6449999999999999,2026-09-24T08:27:11.320765+00:00
2594,0.608,2026-09-24T08:27:11.321831+00:00
2595,0.673,2026-09-24T08:27:11.322950+00:00
2596,0.606,2026-09-24T08:27:11.323993+00:00
2597,0.71,2026-09-24T08:27:11.325239+00:00
2598,1.564,2026-09-24T08:27:11.327271+00:00
2599,0.772,2026-09-24T08:27:11.328622+00:00
2600,0.784,2026-09-24T08:27:11.329957+00:00
2601,0.73,2026-09-24T08:27:11.331242+00:00
2602,0.8019999999999999,2026-09-24T08:27:11.332634+00:00
2603,0.719,2026-09-24T08:27:11.333888+00:00
2604,0.64,2026-09-24T08:27:11.334989+00:00
2605,0.644,2026-09-24T08:27:11.336138+00:00
2606,0.626,2026-09-24T08:27:11.337232+00:00
2607,0.655,2026-09-24T08:27:11.338339+00:00
2608,0.609,2026-09-24T08:27:11.339602+00:00
2609,0.671,2026-09-24T08:27:11.340792+00:00
2610,0.6040000000000001,2026-09-24T08:27:11.342027+00:00
2611,0.823,2026-09-24T08:27:11.343801+00:00
2612,0.6629999999999999,2026-09-24T08:27:11.344963+00:00
2613,0.6539999999999999,2026-09-24T08:27:11.346074+00:00
2614,0.612,2026-09-24T08:27:11.347140+00:00
2615,0.828,2026-09-24T08:27:11.348419+00:00
2616,0.632,2026-09-24T08:27:11.349249+00:00
2617,0.519,2026-09-24T08:27:11.350218+00:00
2618,0.46,2026-09-24T08:27:11.351191+00:00
2619,0.513,2026-09-24T08:27:11.352228+00:00
2620,0.45899999999999996,2026-09-24T08:27:11.353209+00:00
2621,0.439,2026-09-24T08:27:11.354195+00:00
2622,0.447,2026-09-24T08:27:11.355160+00:00
2623,0.447,2026-09-24T08:27:11.356240+00:00
2624,0.48899999999999993,2026-09-24T08:27:11.357265+00:00
2625,0.515,2026-09-24T08:27:11.358340+00:00
2626,0.521,2026-09-24T08:27:11.359459+00:00
2627,0.615,2026-09-24T08:27:11.360686+00:00
2628,0.458,2026-09-24T08:27:11.361669+00:00
2629,0.439,2026-09-24T08:27:11.362631+00:00
2630,0.44,2026-09-24T08:27:11.363577+00:00
2631,0.435,2026-09-24T08:27:11.364517+00:00
2632,0.416,2026-09-24T08:27:11.365422+00:00
2633,0.532,2026-09-24T08:27:11.366504+00:00
2634,0.451,2026-09-24T08:27:11.367486+00:00
2635,0.47800000000000004,2026-09-24T08:27:11.368507+00:00
2636,0.838,2026-09-24T08:27:11.370023+00:00
2637,0.648,2026-09-24T08:27:11.371356+00:00
2638,0.763,2026-09-24T08:27:11.372891+00:00
2639,0.794,2026-09-24T08:27:11.374294+00:00
2640,0.906,2026-09-24T08:27:11.375732+00:00
2641,0.76,2026-09-24T08:27:11.377270+00:00
2642,0.6579999999999999,2026-09-24T08:27:11.378612+00:00
2643,0.644,2026-09-24T08:27:11.379910+00:00
2644,0.6130000000000001,2026-09-24T08:27:11.381161+00:00
2645,0.66,2026-09-24T08:27:11.382486+00:00
2646,0.637,2026-09-24T08:27:11.383737+00:00
2647,0.678,2026-09-24T08:27:11.385029+00:00
2648,0.6849999999999999,2026-09-24T08:27:11.386384+00:00
2649,0.51,2026-09-24T08:27:11.387557+00:00
2650,0.45,2026-09-24T08:27:11.388562+00:00
2651,0.6759999999999999,2026-09-24T08:27:11.389928+00:00
2652,0.628,2026-09-24T08:27:11.391214+00:00
2653,1.0839999999999999,2026-09-24T08:27:11.393008+00:00
2654,0.9039999999999999,2026-09-24T08:27:11.394659+00:00
2655,0.7699999999999999,2026-09-24T08:27:11.396120+00:00
2656,0.7380000000000001,2026-09-24T08:27:11.397485+00:00
2657,0.678,2026-09-24T08:27:11.398769+00:00
2658,0.906,2026-09-24T08:27:11.400262+00:00
2659,0.887,2026-09-24T08:27:11.401702+00:00
2660,0.735,2026-09-24T08:27:11.403014+00:00
2661,0.62,2026-09-24T08:27:11.404285+00:00
2662,0.634,2026-09-24T08:27:11.405483+00:00
2663,0.653,2026-09-24T08:27:11.406716+00:00
2664,0.583,2026-09-24T08:27:11.407774+00:00
2665,0.606,2026-09-24T08:27:11.408906+00:00
2666,0.731,2026-09-24T08:27:11.410330+00:00
2667,0.897,2026-09-24T08:27:11.412099+00:00
2668,0.855,2026-09-24T08:27:11.413777+00:00
2669,0.78,2026-09-24T08:27:11.415347+00:00
2670,0.771,2026-09-24T08:27:11.416958+00:00
2671,0.728,2026-09-24T08:27:11.418434+00:00
2672,0.747,2026-09-24T08:27:11.419875+00:00
2673,0.712,2026-09-24T08:27:11.421295+00:00
2674,0.718,2026-09-24T08:27:11.422730+00:00
2675,0.905,2026-09-24T08:27:11.424281+00:00
2676,0.7020000000000001,2026-09-24T08:27:11.425504+00:00
2677,0.742,2026-09-24T08:27:11.426926+00:00
2678,0.6579999999999999,2026-09-24T08:27:11.428270+00:00
2679,0.643,2026-09-24T08:27:11.429561+00:00
2680,0.643,2026-09-24T08:27:11.430812+00:00
2681,0.905,2026-09-24T08:27:11.432329+00:00
2682,0.611,2026-09-24T08:27:11.433696+00:00
2683,0.477,2026-09-24T08:27:11.434728+00:00
2684,0.555,2026-09-24T08:27:11.435834+00:00
2685,0.525,2026-09-24T08:27:11.436905+00:00
2686,0.47600000000000003,2026-09-24T08:27:11.437977+00:00
2687,0.48500000000000004,2026-09-24T08:27:11.439008+00:00
2688,0.43600000000000005,2026-09-24T08:27:11.439978+00:00
2689,0.494,2026-09-24T08:27:11.440990+00:00
2690,0.619,2026-09-24T08:27:11.442297+00:00
2691,0.753,2026-09-24T08:27:11.443799+00:00
2692,0.9129999999999999,2026-09-24T08:27:11.445362+00:00
2693,0.876,2026-09-24T08:27:11.446594+00:00
2694,0.91,2026-09-24T08:27:11.448112+00:00
2695,0.6629999999999999,2026-09-24T08:27:11.449336+00:00
2696,0.7240000000000001,2026-09-24T08:27:11.450654+00:00
2697,0.687,2026-09-24T08:27:11.452275+00:00
2698,0.6819999999999999,2026-09-24T08:27:11.453618+00:00
2699,0.64,2026-09-24T08:27:11.454806+00:00
2700,0.5680000000000001,2026-09-24T08:27:11.455884+00:00
2701,0.5559999999999999,2026-09-24T08:27:11.456932+00:00
2702,0.57,2026-09-24T08:27:11.458051+00:00
2703,0.553,2026-09-24T08:27:11.459106+00:00
2704,0.704,2026-09-24T08:27:11.460483+00:00
2705,0.5910000000000001,2026-09-24T08:27:11.461695+00:00
2706,0.535,2026-09-24T08:27:11.462737+00:00
2707,0.553,2026-09-24T08:27:11.463789+00:00
2708,0.58,2026-09-24T08:27:11.464904+00:00
2709,0.585,2026-09-24T08:27:11.466012+00:00
2710,0.541,2026-09-24T08:27:11.467036+00:00
2711,0.512,2026-09-24T08:27:11.468060+00:00
2712,0.521,2026-09-24T08:27:11.469371+00:00
2713,0.857,2026-09-24T08:27:11.470750+00:00
2714,1.1340000000000001,2026-09-24T08:27:11.472741+00:00
2715,1.177,2026-09-24T08:27:11.475003+00:00
2716,1.052,2026-09-24T08:27:11.476661+00:00
2717,1.623,2026-09-24T08:27:11.479462+00:00
2718,1.0430000000000001,2026-09-24T08:27:11.481325+00:00
2719,0.896,2026-09-24T08:27:11.483140+00:00
2720,1.075,2026-09-24T08:27:11.485078+00:00
2721,1.3370000000000002,2026-09-24T08:27:11.486938+00:00
2722,1.232,2026-09-24T08:27:11.488882+00:00
2723,1.1509999999999998,2026-09-24T08:27:11.490944+00:00
2724,1.256,2026-09-24T08:27:11.492895+00:00
2725,2.227,2026-09-24T08:27:11.498600+00:00
2726,1.665,2026-09-24T08:27:11.501906+00:00
2727,1.137,2026-09-24T08:27:11.503684+00:00
2728,1.462,2026-09-24T08:27:11.505828+00:00
2729,1.4909999999999999,2026-09-24T08:27:11.507980+00:00
2730,1.028,2026-09-24T08:27:11.509700+00:00
2731,1.818,2026-09-24T08:27:11.512223+00:00
2732,1.099,2026-09-24T08:27:11.513563+00:00
2733,1.032,2026-09-24T08:27:11.515174+00:00
2734,0.925,2026-09-24T08:27:11.516812+00:00
2735,1.056,2026-09-24T08:27:11.518584+00:00
2736,0.875,2026-09-24T08:27:11.519993+00:00
2737,0.825,2026-09-24T08:27:11.521462+00:00
2738,1.1620000000000001,2026-09-24T08:27:11.523258+00:00
2739,1.2429999999999999,2026-09-24T08:27:11.525355+00:00
2740,0.9420000000000001,2026-09-24T08:27:11.527069+00:00
2741,1.341,2026-09-24T08:27:11.529641+00:00
2742,2.572,2026-09-24T08:27:11.532684+00:00
2743,1.546,2026-09-24T08:27:11.535384+00:00
2744,1.013,2026-09-24T08:27:11.536813+00:00
2745,0.858,2026-09-24T08:27:11.538357+00:00
2746,0.92,2026-09-24T08:27:11.539855+00:00
2747,0.882,2026-09-24T08:27:11.541182+00:00
2748,1.073,2026-09-24T08:27:11.543088+00:00
2749,0.716,2026-09-24T08:27:11.544507+00:00
2750,1.317,2026-09-24T08:27:11.546542+00:00
2751,1.277,2026-09-24T08:27:11.548444+00:00
2752,0.911,2026-09-24T08:27:11.550058+00:00
2753,2.261,2026-09-24T08:27:11.553003+00:00
2754,1.143,2026-09-24T08:27:11.554600+00:00
2755,0.8360000000000001,2026-09-24T08:27:11.555815+00:00
2756,0.902,2026-09-24T08:27:11.557390+00:00
2757,2.277,2026-09-24T08:27:11.560253+00:00
2758,1.271,2026-09-24T08:27:11.562327+00:00
2759,1.141,2026-09-24T08:27:11.563987+00:00
2760,0.9890000000000001,2026-09-24T08:27:11.565792+00:00
2761,0.896,2026-09-24T08:27:11.567487+00:00
2762,1.06,2026-09-24T08:27:11.569047+00:00
2763,0.983,2026-09-24T08:27:11.570512+00:00
2764,0.732,2026-09-24T08:27:11.571542+00:00
2765,0.945,2026-09-24T08:27:11.573156+00:00
2766,1.213,2026-09-24T08:27:11.574876+00:00
2767,0.6980000000000001,2026-09-24T08:27:11.576217+00:00
2768,0.775,2026-09-24T08:27:11.577656+00:00
2769,1.095,2026-09-24T08:27:11.579269+00:00
2770,1.06,2026-09-24T08:27:11.580770+00:00
2771,0.923,2026-09-24T08:27:11.582108+00:00
2772,0.614,2026-09-24T08:27:11.583285+00:00
2773,0.5900000000000001,2026-09-24T08:27:11.584321+00:00
2774,0.575,2026-09-24T08:27:11.585534+00:00
2775,0.5519999999999999,2026-09-24T08:27:11.586619+00:00
2776,0.7919999999999999,2026-09-24T08:27:11.587862+00:00
2777,0.6669999999999999,2026-09-24T08:27:11.588865+00:00
2778,0.626,2026-09-24T08:27:11.590010+00:00
2779,1.31,2026-09-24T08:27:11.591905+00:00
2780,0.7919999999999999,2026-09-24T08:27:11.592949+00:00
2781,0.742,2026-09-24T08:27:11.594194+00:00
2782,0.605,2026-09-24T08:27:11.595354+00:00
2783,0.54,2026-09-24T08:27:11.596370+00:00
2784,0.62,2026-09-24T08:27:11.597464+00:00
2785,0.5640000000000001,2026-09-24T08:27:11.598684+00:00
2786,0.53,2026-09-24T08:27:11.599641+00:00
2787,0.535,2026-09-24T08:27:11.600622+00:00
2788,0.528,2026-09-24T08:27:11.601572+00:00
2789,0.673,2026-09-24T08:27:11.602667+00:00
2790,0.874,2026-09-24T08:27:11.603880+00:00
2791,0.7829999999999999,2026-09-24T08:27:11.604982+00:00
2792,0.6719999999999999,2026-09-24T08:27:11.606076+00:00
2793,0.638,2026-09-24T08:27:11.607172+00:00
2794,0.7699999999999999,2026-09-24T08:27:11.608457+00:00
2795,0.7380000000000001,2026-09-24T08:27:11.609694+00:00
2796,0.6920000000000001,2026-09-24T08:27:11.610869+00:00
2797,0.727,2026-09-24T08:27:11.612177+00:00
2798,0.6809999999999999,2026-09-24T08:27:11.613619+00:00
2799,0.636,2026-09-24T08:27:11.614723+00:00
2800,0.6629999999999999,2026-09-24T08:27:11.616110+00:00
2801,0.662,2026-09-24T08:27:11.617271+00:00
2802,0.791,2026-09-24T08:27:11.618556+00:00
2803,0.789,2026-09-24T08:27:11.619939+00:00
2804,0.712,2026-09-24T08:27:11.621227+00:00
2805,0.632,2026-09-24T08:27:11.622310+00:00
2806,0.633,2026-09-24T08:27:11.623421+00:00
2807,0.876,2026-09-24T08:27:11.624795+00:00
2808,0.669,2026-09-24T08:27:11.625985+00:00
2809,0.844,2026-09-24T08:27:11.627331+00:00
2810,0.726,2026-09-24T08:27:11.628462+00:00
2811,0.58,2026-09-24T08:27:11.629475+00:00
2812,0.593,2026-09-24T08:27:11.630532+00:00
2813,0.535,2026-09-24T08:27:11.631604+00:00
2814,0.535,2026-09-24T08:27:11.632651+00:00
2815,0.955,2026-09-24T08:27:11.634797+00:00
2816,0.749,2026-09-24T08:27:11.636302+00:00
2817,0.664,2026-09-24T08:27:11.637618+00:00
2818,0.593,2026-09-24T08:27:11.638786+00:00
2819,0.559,2026-09-24T08:27:11.639863+00:00
2820,0.639,2026-09-24T08:27:11.641019+00:00
2821,0.958,2026-09-24T08:27:11.642591+00:00
2822,0.993,2026-09-24T08:27:11.644397+00:00
2823,0.656,2026-09-24T08:27:11.645741+00:00
2824,0.722,2026-09-24T08:27:11.647114+00:00
2825,0.6679999999999999,2026-09-24T08:27:11.648277+00:00
2826,0.6980000000000001,2026-09-24T08:27:11.649611+00:00
2827,0.642,2026-09-24T08:27:11.650695+00:00
2828,0.544,2026-09-24T08:27:11.651693+00:00
2829,0.574,2026-09-24T08:27:11.652730+00:00
2830,0.5199999999999999,2026-09-24T08:27:11.653988+00:00
2831,0.5289999999999999,2026-09-24T08:27:11.655073+00:00
2832,0.9169999999999999,2026-09-24T08:27:11.656527+00:00
2833,0.9269999999999999,2026-09-24T08:27:11.657599+00:00
2834,0.91,2026-09-24T08:27:11.659155+00:00
2835,0.7699999999999999,2026-09-24T08:27:11.660517+00:00
2836,0.628,2026-09-24T08:27:11.661655+00:00
2837,0.655,2026-09-24T08:27:11.662784+00:00
2838,0.5609999999999999,2026-09-24T08:27:11.663825+00:00
2839,0.695,2026-09-24T08:27:11.664967+00:00
2840,0.909,2026-09-24T08:27:11.666352+00:00
2841,1.675,2026-09-24T08:27:11.668684+00:00
2842,1.254,2026-09-24T08:27:11.670532+00:00
2843,1.2630000000000001,2026-09-24T08:27:11.672612+00:00
2844,1.1820000000000002,2026-09-24T08:27:11.674209+00:00
2845,1.521,2026-09-24T08:27:11.676698+00:00
2846,1.217,2026-09-24T08:27:11.678669+00:00
2847,0.954,2026-09-24T08:27:11.680684+00:00
2848,1.2429999999999999,2026-09-24T08:27:11.682674+00:00
2849,1.213,2026-09-24T08:27:11.684699+00:00
2850,0.98,2026-09-24T08:27:11.686300+00:00
2851,0.841,2026-09-24T08:27:11.687767+00:00
2852,0.775,2026-09-24T08:27:11.689116+00:00
2853,0.7969999999999999,2026-09-24T08:27:11.690428+00:00
2854,3.364,2026-09-24T08:27:11.694606+00:00
2855,1.443,2026-09-24T08:27:11.696842+00:00
2856,1.0859999999999999,2026-09-24T08:27:11.698681+00:00
2857,0.834,2026-09-24T08:27:11.700054+00:00
2858,0.745,2026-09-24T08:27:11.701366+00:00
2859,1.3780000000000001,2026-09-24T08:27:11.703721+00:00
2860,0.9740000000000001,2026-09-24T08:27:11.705256+00:00
2861,0.91,2026-09-24T08:27:11.706754+00:00
2862,0.9959999999999999,2026-09-24T08:27:11.708560+00:00
2863,0.798,2026-09-24T08:27:11.709911+00:00
2864,0.731,2026-09-24T08:27:11.711179+00:00
2865,0.7290000000000001,2026-09-24T08:27:11.712508+00:00
2866,0.804,2026-09-24T08:27:11.713911+00:00
2867,0.744,2026-09-24T08:27:11.715261+00:00
2868,0.784,2026-09-24T08:27:11.716599+00:00
2869,0.748,2026-09-24T08:27:11.717868+00:00
2870,0.742,2026-09-24T08:27:11.719183+00:00
2871,0.707,2026-09-24T08:27:11.720473+00:00
2872,0.8059999999999999,2026-09-24T08:27:11.722000+00:00
2873,0.664,2026-09-24T08:27:11.723058+00:00
2874,1.296,2026-09-24T08:27:11.725325+00:00
2875,0.958,2026-09-24T08:27:11.726581+00:00
2876,0.751,2026-09-24T08:27:11.727746+00:00
2877,0.7110000000000001,2026-09-24T08:27:11.729201+00:00
2878,0.5820000000000001,2026-09-24T08:27:11.730405+00:00
2879,1.003,2026-09-24T08:27:11.732097+00:00
2880,0.789,2026-09-24T08:27:11.733565+00:00
2881,0.75,2026-09-24T08:27:11.734946+00:00
2882,0.718,2026-09-24T08:27:11.736301+00:00
2883,0.891,2026-09-24T08:27:11.737936+00:00
2884,0.675,2026-09-24T08:27:11.739222+00:00
2885,0.49299999999999994,2026-09-24T08:27:11.740238+00:00
2886,0.5910000000000001,2026-09-24T08:27:11.741356+00:00
2887,0.611,2026-09-24T08:27:11.742436+00:00
2888,0.5429999999999999,2026-09-24T08:27:11.743390+00:00
2889,0.652,2026-09-24T08:27:11.744827+00:00
2890,0.714,2026-09-24T08:27:11.746292+00:00
2891,0.666,2026-09-24T08:27:11.747382+00:00
2892,0.593,2026-09-24T08:27:11.748407+00:00
2893,0.64,2026-09-24T08:27:11.749554+00:00
2894,1.009,2026-09-24T08:27:11.751328+00:00
2895,0.71,2026-09-24T08:27:11.752550+00:00
2896,0.6759999999999999,2026-09-24T08:27:11.753706+00:00
2897,0.674,2026-09-24T08:27:11.754849+00:00
2898,0.669,2026-09-24T08:27:11.755979+00:00
2899,0.612,2026-09-24T08:27:11.757013+00:00
2900,0.8180000000000001,2026-09-24T08:27:11.758395+00:00
2901,0.821,2026-09-24T08:27:11.759881+00:00
2902,0.6539999999999999,2026-09-24T08:27:11.761020+00:00
2903,0.636,2026-09-24T08:27:11.762264+00:00
2904,0.91,2026-09-24T08:27:11.764157+00:00
2905,0.657,2026-09-24T08:27:11.765468+00:00
2906,0.569,2026-09-24T08:27:11.766612+00:00
2907,0.57,2026-09-24T08:27:11.767783+00:00
2908,0.544,2026-09-24T08:27:11.768852+00:00
2909,0.7240000000000001,2026-09-24T08:27:11.770118+00:00
2910,0.643,2026-09-24T08:27:11.771324+00:00
2911,0.695,2026-09-24T08:27:11.772588+00:00
2912,0.914,2026-09-24T08:27:11.774168+00:00
2913,0.878,2026-09-24T08:27:11.775456+00:00
2914,1.28,2026-09-24T08:27:11.777358+00:00
2915,0.856,2026-09-24T08:27:11.778515+00:00
2916,0.964,2026-09-24T08:27:11.780113+00:00
2917,0.725,2026-09-24T08:27:11.781380+00:00
2918,0.705,2026-09-24T08:27:11.782569+00:00
2919,0.717,2026-09-24T08:27:11.783919+00:00
2920,0.742,2026-09-24T08:27:11.785172+00:00
2921,0.644,2026-09-24T08:27:11.786321+00:00
2922,0.665,2026-09-24T08:27:11.787493+00:00
2923,0.6849999999999999,2026-09-24T08:27:11.788639+00:00
2924,0.643,2026-09-24T08:27:11.789729+00:00
2925,0.6809999999999999,2026-09-24T08:27:11.790844+00:00
2926,0.7879999999999999,2026-09-24T08:27:11.792296+00:00
2927,0.886,2026-09-24T08:27:11.793769+00:00
2928,0.992,2026-09-24T08:27:11.795560+00:00
2929,0.748,2026-09-24T08:27:11.796902+00:00
2930,1.367,2026-09-24T08:27:11.799589+00:00
2931,0.857,2026-09-24T08:27:11.800964+00:00
2932,0.643,2026-09-24T08:27:11.802345+00:00
2933,0.7699999999999999,2026-09-24T08:27:11.804257+00:00
2934,0.699,2026-09-24T08:27:11.805662+00:00
2935,0.9940000000000001,2026-09-24T08:27:11.807514+00:00
2936,0.7829999999999999,2026-09-24T08:27:11.808967+00:00
2937,0.833,2026-09-24T08:27:11.810402+00:00
2938,1.176,2026-09-24T08:27:11.812439+00:00
2939,1.093,2026-09-24T08:27:11.814132+00:00
2940,0.9840000000000001,2026-09-24T08:27:11.815469+00:00
2941,1.107,2026-09-24T08:27:11.817144+00:00
2942,0.9990000000000001,2026-09-24T08:27:11.818554+00:00
2943,0.873,2026-09-24T08:27:11.819815+00:00
2944,0.7060000000000001,2026-09-24T08:27:11.821111+00:00
2945,0.699,2026-09-24T08:27:11.822384+00:00
2946,0.629,2026-09-24T08:27:11.823598+00:00
2947,0.778,2026-09-24T08:27:11.825016+00:00
2948,0.949,2026-09-24T08:27:11.826772+00:00
2949,0.8140000000000001,2026-09-24T08:27:11.828207+00:00
2950,0.92,2026-09-24T08:27:11.829688+00:00
2951,0.73,2026-09-24T08:27:11.831159+00:00
2952,0.633,2026-09-24T08:27:11.832317+00:00
2953,0.5599999999999999,2026-09-24T08:27:11.833396+00:00
2954,0.594,2026-09-24T08:27:11.834503+00:00
2955,0.555,2026-09-24T08:27:11.835597+00:00
2956,0.6539999999999999,2026-09-24T08:27:11.837029+00:00
2957,0.6,2026-09-24T08:27:11.838352+00:00
2958,0.737,2026-09-24T08:27:11.839667+00:00
2959,0.666,2026-09-24T08:27:11.840864+00:00
2960,0.8260000000000001,2026-09-24T08:27:11.842360+00:00
2961,1.21,2026-09-24T08:27:11.844094+00:00
2962,1.371,2026-09-24T08:27:11.845950+00:00
2963,1.003,2026-09-24T08:27:11.848033+00:00
2964,0.8019999999999999,2026-09-24T08:27:11.849366+00:00
2965,1.1509999999999998,2026-09-24T08:27:11.851168+00:00
2966,0.776,2026-09-24T08:27:11.852373+00:00
2967,0.6539999999999999,2026-09-24T08:27:11.853577+00:00
2968,0.606,2026-09-24T08:27:11.854753+00:00
2969,0.597,2026-09-24T08:27:11.855924+00:00
2970,0.565,2026-09-24T08:27:11.857123+00:00
2971,1.147,2026-09-24T08:27:11.858905+00:00
2972,1.537,2026-09-24T08:27:11.861032+00:00
2973,1.284,2026-09-24T08:27:11.862919+00:00
2974,1.3290000000000002,2026-09-24T08:27:11.864808+00:00
2975,0.6449999999999999,2026-09-24T08:27:11.865818+00:00
2976,0.889,2026-09-24T08:27:11.867475+00:00
2977,1.0859999999999999,2026-09-24T08:27:11.869269+00:00
2978,0.739,2026-09-24T08:27:11.870436+00:00
2979,0.6859999999999999,2026-09-24T08:27:11.871665+00:00
2980,0.642,2026-09-24T08:27:11.872792+00:00
2981,4.023,2026-09-24T08:27:11.877353+00:00
2982,1.258,2026-09-24T08:27:11.879524+00:00
2983,1.075,2026-09-24T08:27:11.881780+00:00
2984,1.645,2026-09-24T08:27:11.884375+00:00
2985,1.322,2026-09-24T08:27:11.886405+00:00
2986,0.906,2026-09-24T08:27:11.887827+00:00
2987,0.8540000000000001,2026-09-24T08:27:11.889287+00:00
2988,0.962,2026-09-24T08:27:11.890862+00:00
2989,1.048,2026-09-24T08:27:11.892824+00:00
2990,1.295,2026-09-24T08:27:11.895112+00:00
2991,1.193,2026-09-24T08:27:11.896893+00:00
2992,0.982,2026-09-24T08:27:11.898350+00:00
2993,1.365,2026-09-24T08:27:11.900623+00:00
2994,1.036,2026-09-24T08:27:11.902028+00:00
2995,0.7020000000000001,2026-09-24T08:27:11.903272+00:00
2996,0.763,2026-09-24T08:27:11.904608+00:00
2997,0.671,2026-09-24T08:27:11.905738+00:00
2998,0.8,2026-09-24T08:27:11.907013+00:00
2999,3.154,2026-09-24T08:27:11.911197+00:00
3000,1.373,2026-09-24T08:27:11.913228+00:00
3001,1.105,2026-09-24T08:27:11.914972+00:00
3002,1.063,2026-09-24T08:27:11.916740+00:00
3003,0.753,2026-09-24T08:27:11.917989+00:00
3004,1.142,2026-09-24T08:27:11.919768+00:00
3005,0.911,2026-09-24T08:27:11.921034+00:00
3006,1.361,2026-09-24T08:27:11.923104+00:00
3007,4.385,2026-09-24T08:27:11.928220+00:00
3008,1.2049999999999998,2026-09-24T08:27:11.929890+00:00
3009,1.117,2026-09-24T08:27:11.931451+00:00
3010,0.83,2026-09-24T08:27:11.932789+00:00
3011,0.674,2026-09-24T08:27:11.933928+00:00
3012,0.723,2026-09-24T08:27:11.935119+00:00
3013,1.048,2026-09-24T08:27:11.936867+00:00
3014,0.757,2026-09-24T08:27:11.937917+00:00
3015,0.768,2026-09-24T08:27:11.939311+00:00
3016,0.687,2026-09-24T08:27:11.940561+00:00
3017,1.155,2026-09-24T08:27:11.943973+00:00
3018,0.864,2026-09-24T08:27:11.945228+00:00
3019,1.21,2026-09-24T08:27:11.947004+00:00
3020,0.898,2026-09-24T08:27:11.948180+00:00
3021,1.05,2026-09-24T08:27:11.949865+00:00
3022,1.261,2026-09-24T08:27:11.951974+00:00
3023,1.0939999999999999,2026-09-24T08:27:11.953818+00:00
3024,0.684,2026-09-24T08:27:11.955247+00:00
3025,0.8270000000000001,2026-09-24T08:27:11.956866+00:00
3026,1.127,2026-09-24T08:27:11.958806+00:00
3027,1.142,2026-09-24T08:27:11.960327+00:00
3028,1.2910000000000001,2026-09-24T08:27:11.962526+00:00
3029,1.1869999999999998,2026-09-24T08:27:11.964391+00:00
3030,0.868,2026-09-24T08:27:11.965690+00:00
3031,0.864,2026-09-24T08:27:11.967241+00:00
3032,0.921,2026-09-24T08:27:11.968863+00:00
3033,0.925,2026-09-24T08:27:11.970354+00:00
3034,0.988,2026-09-24T08:27:11.971829+00:00
3035,0.919,2026-09-24T08:27:11.973397+00:00
3036,1.009,2026-09-24T08:27:11.975092+00:00
3037,0.9840000000000001,2026-09-24T08:27:11.976824+00:00
3038,0.957,2026-09-24T08:27:11.978561+00:00
3039,0.9859999999999999,2026-09-24T08:27:11.980297+00:00
3040,0.699,2026-09-24T08:27:11.981566+00:00
3041,0.766,2026-09-24T08:27:11.982934+00:00
3042,0.62,2026-09-24T08:27:11.984203+00:00
3043,0.558,2026-09-24T08:27:11.985354+00:00
3044,0.75,2026-09-24T08:27:11.986716+00:00
3045,0.838,2026-09-24T08:27:11.988392+00:00
3046,1.0939999999999999,2026-09-24T08:27:11.990107+00:00
3047,1.07,2026-09-24T08:27:11.991620+00:00
3048,0.879,2026-09-24T08:27:11.993124+00:00
3049,0.864,2026-09-24T08:27:11.994730+00:00
3050,1.052,2026-09-24T08:27:11.996743+00:00
3051,1.0690000000000002,2026-09-24T08:27:11.998823+00:00
3052,1.009,2026-09-24T08:27:12.000823+00:00
3053,1.132,2026-09-24T08:27:12.002784+00:00
3054,1.065,2026-09-24T08:27:12.004360+00:00
3055,0.923,2026-09-24T08:27:12.005897+00:00
3056,0.6890000000000001,2026-09-24T08:27:12.007153+00:00
3057,0.799,2026-09-24T08:27:12.008567+00:00
3058,0.78,2026-09-24T08:27:12.009916+00:00
3059,0.972,2026-09-24T08:27:12.011618+00:00
3060,0.861,2026-09-24T08:27:12.013312+00:00
3061,0.8630000000000001,2026-09-24T08:27:12.014829+00:00
3062,0.739,2026-09-24T08:27:12.016103+00:00
3063,1.0330000000000001,2026-09-24T08:27:12.017651+00:00
3064,0.778,2026-09-24T08:27:12.018627+00:00
3065,0.7290000000000001,2026-09-24T08:27:12.019939+00:00
3066,0.842,2026-09-24T08:27:12.021762+00:00
3067,0.6890000000000001,2026-09-24T08:27:12.023020+00:00
3068,0.752,2026-09-24T08:27:12.024386+00:00
3069,1.174,2026-09-24T08:27:12.026203+00:00
3070,0.727,2026-09-24T08:27:12.027276+00:00
3071,0.74,2026-09-24T08:27:12.028717+00:00
3072,0.696,2026-09-24T08:27:12.029944+00:00
3073,0.6,2026-09-24T08:27:12.031056+00:00
3074,0.669,2026-09-24T08:27:12.032237+00:00
3075,0.592,2026-09-24T08:27:12.033286+00:00
3076,0.736,2026-09-24T08:27:12.034492+00:00
3077,0.636,2026-09-24T08:27:12.035502+00:00
3078,0.61,2026-09-24T08:27:12.036683+00:00
3079,0.603,2026-09-24T08:27:12.037758+00:00
3080,0.602,2026-09-24T08:27:12.038859+00:00
3081,0.627,2026-09-24T08:27:12.040126+00:00
3082,1.012,2026-09-24T08:27:12.041637+00:00
3083,0.895,2026-09-24T08:27:12.042784+00:00
3084,0.6880000000000001,2026-09-24T08:27:12.043833+00:00
3085,0.7,2026-09-24T08:27:12.045001+00:00
3086,0.708,2026-09-24T08:27:12.046156+00:00
3087,0.9219999999999999,2026-09-24T08:27:12.047639+00:00
3088,0.8170000000000001,2026-09-24T08:27:12.049109+00:00
3089,0.719,2026-09-24T08:27:12.050342+00:00
3090,0.843,2026-09-24T08:27:12.051736+00:00
3091,0.743,2026-09-24T08:27:12.053034+00:00
3092,0.753,2026-09-24T08:27:12.054332+00:00
3093,0.709,2026-09-24T08:27:12.055613+00:00
3094,0.799,2026-09-24T08:27:12.056926+00:00
3095,0.764,2026-09-24T08:27:12.058246+00:00
3096,0.785,2026-09-24T08:27:12.059764+00:00
3097,0.8069999999999999,2026-09-24T08:27:12.061163+00:00
3098,0.757,2026-09-24T08:27:12.062592+00:00
3099,0.784,2026-09-24T08:27:12.063869+00:00
3100,0.748,2026-09-24T08:27:12.065105+00:00
3101,0.7290000000000001,2026-09-24T08:27:12.066337+00:00
3102,0.733,2026-09-24T08:27:12.067574+00:00
3103,0.6930000000000001,2026-09-24T08:27:12.068750+00:00
3104,0.705,2026-09-24T08:27:12.069984+00:00
3105,0.722,2026-09-24T08:27:12.071201+00:00
3106,0.708,2026-09-24T08:27:12.072426+00:00
3107,0.773,2026-09-24T08:27:12.073683+00:00
3108,0.892,2026-09-24T08:27:12.075102+00:00
3109,1.001,2026-09-24T08:27:12.076656+00:00
3110,1.1509999999999998,2026-09-24T08:27:12.078259+00:00
3111,1.611,2026-09-24T08:27:12.080615+00:00
3112,0.914,2026-09-24T08:27:12.082077+00:00
3113,0.8350000000000001,2026-09-24T08:27:12.083707+00:00
3114,0.79,2026-09-24T08:27:12.085133+00:00
3115,0.957,2026-09-24T08:27:12.086823+00:00
3116,0.834,2026-09-24T08:27:12.088361+00:00
3117,1.001,2026-09-24T08:27:12.089892+00:00
3118,0.998,2026-09-24T08:27:12.091486+00:00
3119,0.861,2026-09-24T08:27:12.092980+00:00
3120,0.725,2026-09-24T08:27:12.094261+00:00
3121,0.743,2026-09-24T08:27:12.095731+00:00
3122,0.6629999999999999,2026-09-24T08:27:12.096927+00:00
3123,0.636,2026-09-24T08:27:12.098074+00:00
3124,0.725,2026-09-24T08:27:12.099455+00:00
3125,1.27,2026-09-24T08:27:12.101340+00:00
3126,0.933,2026-09-24T08:27:12.103011+00:00
3127,1.004,2026-09-24T08:27:12.104523+00:00
3128,0.894,2026-09-24T08:27:12.105836+00:00
3129,0.707,2026-09-24T08:27:12.106947+00:00
3130,0.719,2026-09-24T08:27:12.108259+00:00
3131,0.68,2026-09-24T08:27:12.109531+00:00
3132,1.325,2026-09-24T08:27:12.111588+00:00
3133,0.878,2026-09-24T08:27:12.112651+00:00
3134,0.719,2026-09-24T08:27:12.113745+00:00
3135,0.7150000000000001,2026-09-24T08:27:12.114970+00:00
3136,0.9790000000000001,2026-09-24T08:27:12.116474+00:00
3137,0.691,2026-09-24T08:27:12.117764+00:00
3138,0.933,2026-09-24T08:27:12.119481+00:00
3139,0.9219999999999999,2026-09-24T08:27:12.120927+00:00
3140,1.258,2026-09-24T08:27:12.122922+00:00
3141,0.875,2026-09-24T08:27:12.124313+00:00
3142,0.896,2026-09-24T08:27:12.125868+00:00
3143,1.1540000000000001,2026-09-24T08:27:12.127598+00:00
3144,1.1280000000000001,2026-09-24T08:27:12.129293+00:00
3145,0.897,2026-09-24T08:27:12.130942+00:00
3146,0.9219999999999999,2026-09-24T08:27:12.132492+00:00
3147,0.808,2026-09-24T08:27:12.133669+00:00
3148,0.968,2026-09-24T08:27:12.135048+00:00
3149,1.0070000000000001,2026-09-24T08:27:12.136837+00:00
3150,0.878,2026-09-24T08:27:12.138358+00:00
3151,0.834,2026-09-24T08:27:12.139752+00:00
3152,0.805,2026-09-24T08:27:12.141068+00:00
3153,0.755,2026-09-24T08:27:12.142391+00:00
3154,0.754,2026-09-24T08:27:12.143742+00:00
3155,0.7789999999999999,2026-09-24T08:27:12.145490+00:00
3156,0.8140000000000001,2026-09-24T08:27:12.146877+00:00
3157,0.839,2026-09-24T08:27:12.148280+00:00
3158,0.8270000000000001,2026-09-24T08:27:12.149701+00:00
3159,0.937,2026-09-24T08:27:12.151257+00:00
3160,0.68,2026-09-24T08:27:12.152578+00:00
3161,0.623,2026-09-24T08:27:12.153746+00:00
3162,0.674,2026-09-24T08:27:12.155082+00:00
3163,0.6970000000000001,2026-09-24T08:27:12.156296+00:00
3164,0.8180000000000001,2026-09-24T08:27:12.157685+00:00
3165,1.09,2026-09-24T08:27:12.160783+00:00
3166,0.8220000000000001,2026-09-24T08:27:12.162371+00:00
3167,0.7290000000000001,2026-09-24T08:27:12.163642+00:00
3168,0.683,2026-09-24T08:27:12.164911+00:00
3169,0.63,2026-09-24T08:27:12.166085+00:00
3170,0.8260000000000001,2026-09-24T08:27:12.167740+00:00
3171,0.7,2026-09-24T08:27:12.169020+00:00
3172,0.662,2026-09-24T08:27:12.170236+00:00
3173,0.684,2026-09-24T08:27:12.171456+00:00
3174,0.656,2026-09-24T08:27:12.172677+00:00
3175,0.6719999999999999,2026-09-24T08:27:12.173868+00:00
3176,0.9700000000000001,2026-09-24T08:27:12.175670+00:00
3177,0.874,2026-09-24T08:27:12.177430+00:00
3178,0.88,2026-09-24T08:27:12.178908+00:00
3179,0.884,2026-09-24T08:27:12.180097+00:00
3180,0.7919999999999999,2026-09-24T08:27:12.181295+00:00
3181,0.885,2026-09-24T08:27:12.182750+00:00
3182,0.99,2026-09-24T08:27:12.184170+00:00
3183,0.6819999999999999,2026-09-24T08:27:12.185181+00:00
3184,0.631,2026-09-24T08:27:12.186353+00:00
3185,0.746,2026-09-24T08:27:12.187888+00:00
3186,0.751,2026-09-24T08:27:12.189259+00:00
3187,1.0399999999999998,2026-09-24T08:27:12.191085+00:00
3188,1.024,2026-09-24T08:27:12.192551+00:00
3189,0.893,2026-09-24T08:27:12.193805+00:00
3190,1.333,2026-09-24T08:27:12.195863+00:00
3191,0.8450000000000001,2026-09-24T08:27:12.197071+00:00
3192,0.69,2026-09-24T08:27:12.198260+00:00
3193,0.584,2026-09-24T08:27:12.199364+00:00
3194,0.643,2026-09-24T08:27:12.200514+00:00
3195,0.6489999999999999,2026-09-24T08:27:12.201681+00:00
3196,0.596,2026-09-24T08:27:12.202778+00:00
3197,0.656,2026-09-24T08:27:12.203950+00:00
3198,0.585,2026-09-24T08:27:12.205056+00:00
3199,0.621,2026-09-24T08:27:12.206219+00:00
3200,0.993,2026-09-24T08:27:12.207945+00:00
3201,0.784,2026-09-24T08:27:12.208893+00:00
3202,0.905,2026-09-24T08:27:12.210377+00:00
3203,0.661,2026-09-24T08:27:12.211550+00:00
3204,0.6890000000000001,2026-09-24T08:27:12.212699+00:00
3205,0.714,2026-09-24T08:27:12.213885+00:00
3206,0.636,2026-09-24T08:27:12.215003+00:00
3207,0.628,2026-09-24T08:27:12.216175+00:00
3208,0.625,2026-09-24T08:27:12.217355+00:00
3209,1.057,2026-09-24T08:27:12.218982+00:00
3210,0.777,2026-09-24T08:27:12.219929+00:00
3211,0.812,2026-09-24T08:27:12.221357+00:00
3212,1.0970000000000002,2026-09-24T08:27:12.223305+00:00
3213,0.859,2026-09-24T08:27:12.224769+00:00
3214,0.6809999999999999,2026-09-24T08:27:12.226182+00:00
3215,0.694,2026-09-24T08:27:12.227473+00:00
3216,0.7789999999999999,2026-09-24T08:27:12.228735+00:00
3217,0.9359999999999999,2026-09-24T08:27:12.230075+00:00
3218,0.919,2026-09-24T08:27:12.231291+00:00
3219,0.6579999999999999,2026-09-24T08:27:12.232203+00:00
3220,0.585,2026-09-24T08:27:12.233378+00:00
3221,0.621,2026-09-24T08:27:12.234620+00:00
3222,0.599,2026-09-24T08:27:12.235791+00:00
3223,0.5910000000000001,2026-09-24T08:27:12.236952+00:00
3224,0.647,2026-09-24T08:27:12.238165+00:00
3225,0.6,2026-09-24T08:27:12.239335+00:00
3226,0.549,2026-09-24T08:27:12.240442+00:00
3227,0.617,2026-09-24T08:27:12.241616+00:00
3228,0.544,2026-09-24T08:27:12.242700+00:00
3229,0.588,2026-09-24T08:27:12.244019+00:00
3230,0.587,2026-09-24T08:27:12.245178+00:00
3231,0.5720000000000001,2026-09-24T08:27:12.246337+00:00
3232,0.853,2026-09-24T08:27:12.247928+00:00
3233,0.6930000000000001,2026-09-24T08:27:12.249286+00:00
3234,0.731,2026-09-24T08:27:12.250721+00:00
3235,0.79,2026-09-24T08:27:12.252303+00:00
3236,0.733,2026-09-24T08:27:12.253696+00:00
3237,0.7020000000000001,2026-09-24T08:27:12.254922+00:00
3238,0.583,2026-09-24T08:27:12.256140+00:00
3239,0.553,2026-09-24T08:27:12.257276+00:00
3240,0.626,2026-09-24T08:27:12.258473+00:00
3241,0.5670000000000001,2026-09-24T08:27:12.259544+00:00
3242,0.5630000000000001,2026-09-24T08:27:12.260664+00:00
3243,0.494,2026-09-24T08:27:12.261695+00:00
3244,0.5109999999999999,2026-09-24T08:27:12.262879+00:00
3245,0.494,2026-09-24T08:27:12.263919+00:00
3246,0.531,2026-09-24T08:27:12.265010+00:00
3247,0.544,2026-09-24T08:27:12.266107+00:00
3248,0.537,2026-09-24T08:27:12.267229+00:00
3249,0.545,2026-09-24T08:27:12.268339+00:00
3250,0.501,2026-09-24T08:27:12.269396+00:00
3251,0.565,2026-09-24T08:27:12.270522+00:00
3252,0.533,2026-09-24T08:27:12.271583+00:00
3253,0.585,2026-09-24T08:27:12.272691+00:00
3254,0.6040000000000001,2026-09-24T08:27:12.273838+00:00
3255,0.5820000000000001,2026-09-24T08:27:12.274918+00:00
3256,0.541,2026-09-24T08:27:12.276019+00:00
3257,0.6130000000000001,2026-09-24T08:27:12.277430+00:00
3258,0.539,2026-09-24T08:27:12.278555+00:00
3259,0.587,2026-09-24T08:27:12.279836+00:00
3260,0.539,2026-09-24T08:27:12.280940+00:00
3261,0.5630000000000001,2026-09-24T08:27:12.282054+00:00
3262,0.501,2026-09-24T08:27:12.283164+00:00
3263,0.519,2026-09-24T08:27:12.284207+00:00
3264,0.49200000000000005,2026-09-24T08:27:12.285184+00:00
3265,0.46599999999999997,2026-09-24T08:27:12.286206+00:00
3266,0.43600000000000005,2026-09-24T08:27:12.287165+00:00
3267,0.5109999999999999,2026-09-24T08:27:12.288214+00:00
3268,0.512,2026-09-24T08:27:12.289275+00:00
3269,0.598,2026-09-24T08:27:12.290531+00:00
3270,0.575,2026-09-24T08:27:12.291695+00:00
3271,0.5640000000000001,2026-09-24T08:27:12.292846+00:00
3272,0.9779999999999999,2026-09-24T08:27:12.294750+00:00
3273,0.6819999999999999,2026-09-24T08:27:12.296149+00:00
3274,0.657,2026-09-24T08:27:12.297449+00:00
3275,0.6579999999999999,2026-09-24T08:27:12.298772+00:00
3276,0.837,2026-09-24T08:27:12.300374+00:00
3277,0.7739999999999999,2026-09-24T08:27:12.301885+00:00
3278,0.5630000000000001,2026-09-24T08:27:12.303100+00:00
3279,0.502,2026-09-24T08:27:12.304160+00:00
3280,0.6589999999999999,2026-09-24T08:27:12.305516+00:00
3281,0.7739999999999999,2026-09-24T08:27:12.307223+00:00
3282,0.625,2026-09-24T08:27:12.308563+00:00
3283,0.578,2026-09-24T08:27:12.309747+00:00
3284,0.5680000000000001,2026-09-24T08:27:12.310886+00:00
3285,0.541,2026-09-24T08:27:12.311997+00:00
3286,0.504,2026-09-24T08:27:12.313094+00:00
3287,0.5109999999999999,2026-09-24T08:27:12.314162+00:00
3288,0.687,2026-09-24T08:27:12.315658+00:00
3289,0.6849999999999999,2026-09-24T08:27:12.316928+00:00
3290,0.571,2026-09-24T08:27:12.318099+00:00
3291,0.544,2026-09-24T08:27:12.319263+00:00
3292,0.5339999999999999,2026-09-24T08:27:12.320438+00:00
3293,0.537,2026-09-24T08:27:12.321573+00:00
3294,0.902,2026-09-24T08:27:12.323180+00:00
3295,0.7010000000000001,2026-09-24T08:27:12.324541+00:00
3296,0.869,2026-09-24T08:27:12.326115+00:00
3297,0.791,2026-09-24T08:27:12.327651+00:00
3298,0.699,2026-09-24T08:27:12.328949+00:00
3299,0.6489999999999999,2026-09-24T08:27:12.330206+00:00
3300,0.8109999999999999,2026-09-24T08:27:12.331865+00:00
3301,0.758,2026-09-24T08:27:12.333287+00:00
3302,0.92,2026-09-24T08:27:12.335062+00:00
3303,0.728,2026-09-24T08:27:12.336625+00:00
3304,0.5640000000000001,2026-09-24T08:27:12.337794+00:00
3305,0.588,2026-09-24T08:27:12.339047+00:00
3306,0.541,2026-09-24T08:27:12.340198+00:00
3307,0.87,2026-09-24T08:27:12.341788+00:00
3308,0.757,2026-09-24T08:27:12.343243+00:00
3309,0.716,2026-09-24T08:27:12.344624+00:00
3310,0.731,2026-09-24T08:27:12.345952+00:00
3311,0.707,2026-09-24T08:27:12.347331+00:00
3312,0.761,2026-09-24T08:27:12.348930+00:00
3313,0.9810000000000001,2026-09-24T08:27:12.351002+00:00
3314,0.756,2026-09-24T08:27:12.352499+00:00
3315,0.8109999999999999,2026-09-24T08:27:12.354091+00:00
3316,0.919,2026-09-24T08:27:12.355889+00:00
3317,0.664,2026-09-24T08:27:12.357203+00:00
3318,0.58,2026-09-24T08:27:12.358539+00:00
3319,0.5419999999999999,2026-09-24T08:27:12.359662+00:00
3320,0.53,2026-09-24T08:27:12.360972+00:00
3321,0.516,2026-09-24T08:27:12.362087+00:00
3322,0.704,2026-09-24T08:27:12.363473+00:00
3323,0.624,2026-09-24T08:27:12.364758+00:00
3324,1.147,2026-09-24T08:27:12.366603+00:00
3325,1.013,2026-09-24T08:27:12.368080+00:00
3326,0.853,2026-09-24T08:27:12.369391+00:00
3327,1.0859999999999999,2026-09-24T08:27:12.372350+00:00
3328,0.924,2026-09-24T08:27:12.373883+00:00
3329,0.977,2026-09-24T08:27:12.375582+00:00
3330,0.749,2026-09-24T08:27:12.376930+00:00
3331,0.575,2026-09-24T08:27:12.378127+00:00
3332,0.5730000000000001,2026-09-24T08:27:12.379331+00:00
3333,0.559,2026-09-24T08:27:12.380731+00:00
3334,0.847,2026-09-24T08:27:12.382185+00:00
3335,0.795,2026-09-24T08:27:12.383669+00:00
3336,0.718,2026-09-24T08:27:12.385032+00:00
3337,0.73,2026-09-24T08:27:12.386525+00:00
3338,0.741,2026-09-24T08:27:12.388067+00:00
3339,0.6449999999999999,2026-09-24T08:27:12.389354+00:00
3340,0.656,2026-09-24T08:27:12.390673+00:00
3341,0.721,2026-09-24T08:27:12.392161+00:00
3342,0.6449999999999999,2026-09-24T08:27:12.393490+00:00
3343,0.6719999999999999,2026-09-24T08:27:12.394793+00:00
3344,0.637,2026-09-24T08:27:12.396001+00:00
3345,0.679,2026-09-24T08:27:12.397273+00:00
3346,0.683,2026-09-24T08:27:12.398589+00:00
3347,2.0,2026-09-24T08:27:12.401518+00:00
3348,1.188,2026-09-24T08:27:12.403377+00:00
3349,0.985,2026-09-24T08:27:12.405210+00:00
3350,0.6859999999999999,2026-09-24T08:27:12.406553+00:00
3351,0.734,2026-09-24T08:27:12.407963+00:00
3352,0.6579999999999999,2026-09-24T08:27:12.409262+00:00
3353,0.671,2026-09-24T08:27:12.410545+00:00
3354,0.63,2026-09-24T08:27:12.411737+00:00
3355,0.662,2026-09-24T08:27:12.413049+00:00
3356,0.615,2026-09-24T08:27:12.414294+00:00
3357,0.776,2026-09-24T08:27:12.415927+00:00
3358,1.103,2026-09-24T08:27:12.417794+00:00
3359,1.156,2026-09-24T08:27:12.419830+00:00
3360,0.914,2026-09-24T08:27:12.421146+00:00
3361,0.823,2026-09-24T08:27:12.422734+00:00
3362,1.082,2026-09-24T08:27:12.424590+00:00
3363,0.928,2026-09-24T08:27:12.426616+00:00
3364,0.867,2026-09-24T08:27:12.428099+00:00
3365,0.777,2026-09-24T08:27:12.429588+00:00
3366,0.775,2026-09-24T08:27:12.431030+00:00
3367,0.9179999999999999,2026-09-24T08:27:12.432655+00:00
3368,1.056,2026-09-24T08:27:12.434535+00:00
3369,0.865,2026-09-24T08:27:12.435791+00:00
3370,0.941,2026-09-24T08:27:12.437235+00:00
3371,0.657,2026-09-24T08:27:12.438385+00:00
3372,0.569,2026-09-24T08:27:12.439504+00:00
3373,0.602,2026-09-24T08:27:12.440605+00:00
3374,0.6980000000000001,2026-09-24T08:27:12.441678+00:00
3375,0.737,2026-09-24T08:27:12.442796+00:00
3376,0.643,2026-09-24T08:27:12.443876+00:00
3377,0.671,2026-09-24T08:27:12.445125+00:00
3378,0.714,2026-09-24T08:27:12.446374+00:00
3379,0.722,2026-09-24T08:27:12.447742+00:00
3380,0.741,2026-09-24T08:27:12.448999+00:00
3381,0.713,2026-09-24T08:27:12.450262+00:00
3382,0.791,2026-09-24T08:27:12.451709+00:00
3383,0.601,2026-09-24T08:27:12.452766+00:00
3384,0.597,2026-09-24T08:27:12.453886+00:00
3385,0.585,2026-09-24T08:27:12.454980+00:00
3386,0.546,2026-09-24T08:27:12.456054+00:00
3387,0.517,2026-09-24T08:27:12.457107+00:00
3388,0.521,2026-09-24T08:27:12.458128+00:00
3389,0.5720000000000001,2026-09-24T08:27:12.459359+00:00
3390,0.523,2026-09-24T08:27:12.460379+00:00
3391,0.486,2026-09-24T08:27:12.461369+00:00
3392,0.611,2026-09-24T08:27:12.462708+00:00
3393,0.536,2026-09-24T08:27:12.463723+00:00
3394,0.516,2026-09-24T08:27:12.464734+00:00
3395,0.516,2026-09-24T08:27:12.465735+00:00
3396,0.744,2026-09-24T08:27:12.467022+00:00
3397,0.531,2026-09-24T08:27:12.468069+00:00
3398,0.533,2026-09-24T08:27:12.469101+00:00
3399,0.496,2026-09-24T08:27:12.470137+00:00
3400,0.55,2026-09-24T08:27:12.471182+00:00
3401,0.48899999999999993,2026-09-24T08:27:12.472187+00:00
3402,0.894,2026-09-24T08:27:12.473564+00:00
3403,1.1800000000000002,2026-09-24T08:27:12.475547+00:00
3404,0.7739999999999999,2026-09-24T08:27:12.477013+00:00
3405,0.675,2026-09-24T08:27:12.478200+00:00
3406,0.574,2026-09-24T08:27:12.479346+00:00
3407,0.911,2026-09-24T08:27:12.481121+00:00
3408,1.6139999999999999,2026-09-24T08:27:12.483635+00:00
3409,1.272,2026-09-24T08:27:12.485448+00:00
3410,0.905,2026-09-24T08:27:12.487049+00:00
3411,0.823,2026-09-24T08:27:12.488509+00:00
3412,0.664,2026-09-24T08:27:12.489717+00:00
3413,0.815,2026-09-24T08:27:12.491069+00:00
3414,0.741,2026-09-24T08:27:12.492253+00:00
3415,0.67,2026-09-24T08:27:12.493450+00:00
3416,0.628,2026-09-24T08:27:12.494585+00:00
3417,0.5950000000000001,2026-09-24T08:27:12.495663+00:00
3418,0.579,2026-09-24T08:27:12.496751+00:00
3419,0.603,2026-09-24T08:27:12.497820+00:00
3420,0.599,2026-09-24T08:27:12.499122+00:00
3421,0.666,2026-09-24T08:27:12.500565+00:00
3422,0.634,2026-09-24T08:27:12.501822+00:00
3423,0.66,2026-09-24T08:27:12.503025+00:00
3424,0.5910000000000001,2026-09-24T08:27:12.504134+00:00
3425,0.588,2026-09-24T08:27:12.505401+00:00
3426,0.641,2026-09-24T08:27:12.506765+00:00
3427,0.6449999999999999,2026-09-24T08:27:12.508119+00:00
3428,0.5910000000000001,2026-09-24T08:27:12.509217+00:00
3429,0.714,2026-09-24T08:27:12.510455+00:00
3430,0.9650000000000001,2026-09-24T08:27:12.511885+00:00
3431,0.971,2026-09-24T08:27:12.513182+00:00
3432,0.6970000000000001,2026-09-24T08:27:12.514336+00:00
3433,0.785,2026-09-24T08:27:12.515713+00:00
3434,0.795,2026-09-24T08:27:12.517056+00:00
3435,1.031,2026-09-24T08:27:12.518684+00:00
3436,1.088,2026-09-24T08:27:12.520216+00:00
3437,0.6890000000000001,2026-09-24T08:27:12.521257+00:00
3438,1.389,2026-09-24T08:27:12.523172+00:00
3439,0.795,2026-09-24T08:27:12.524062+00:00
3440,0.898,2026-09-24T08:27:12.525347+00:00
3441,0.6890000000000001,2026-09-24T08:27:12.526505+00:00
3442,0.625,2026-09-24T08:27:12.527742+00:00
3443,0.5559999999999999,2026-09-24T08:27:12.528790+00:00
3444,0.57,2026-09-24T08:27:12.529902+00:00
3445,0.633,2026-09-24T08:27:12.531115+00:00
3446,0.555,2026-09-24T08:27:12.532244+00:00
3447,0.636,2026-09-24T08:27:12.533405+00:00
3448,0.593,2026-09-24T08:27:12.534518+00:00
3449,0.5469999999999999,2026-09-24T08:27:12.535595+00:00
3450,0.536,2026-09-24T08:27:12.536664+00:00
3451,0.5599999999999999,2026-09-24T08:27:12.537998+00:00
3452,0.578,2026-09-24T08:27:12.539170+00:00
3453,0.555,2026-09-24T08:27:12.540263+00:00
3454,0.6040000000000001,2026-09-24T08:27:12.541528+00:00
3455,0.575,2026-09-24T08:27:12.542658+00:00
3456,0.842,2026-09-24T08:27:12.544039+00:00
3457,0.5289999999999999,2026-09-24T08:27:12.545101+00:00
3458,0.518,2026-09-24T08:27:12.546251+00:00
3459,0.554,2026-09-24T08:27:12.547446+00:00
3460,0.5479999999999999,2026-09-24T08:27:12.548516+00:00
3461,0.675,2026-09-24T08:27:12.549768+00:00
3462,0.728,2026-09-24T08:27:12.551001+00:00
3463,0.914,2026-09-24T08:27:12.552520+00:00
3464,1.181,2026-09-24T08:27:12.554299+00:00
3465,0.9349999999999999,2026-09-24T08:27:12.555701+00:00
3466,0.6679999999999999,2026-09-24T08:27:12.557182+00:00
3467,0.6629999999999999,2026-09-24T08:27:12.558583+00:00
3468,0.584,2026-09-24T08:27:12.559639+00:00
3469,0.614,2026-09-24T08:27:12.560996+00:00
3470,0.558,2026-09-24T08:27:12.562123+00:00
3471,0.587,2026-09-24T08:27:12.563214+00:00
3472,0.615,2026-09-24T08:27:12.564469+00:00
3473,0.6930000000000001,2026-09-24T08:27:12.565666+00:00
3474,0.612,2026-09-24T08:27:12.566751+00:00
3475,0.616,2026-09-24T08:27:12.567808+00:00
3476,0.772,2026-09-24T08:27:12.569150+00:00
3477,0.598,2026-09-24T08:27:12.570266+00:00
3478,0.597,2026-09-24T08:27:12.571379+00:00
3479,0.61,2026-09-24T08:27:12.572459+00:00
3480,0.747,2026-09-24T08:27:12.573789+00:00
3481,1.2489999999999999,2026-09-24T08:27:12.575610+00:00
3482,0.886,2026-09-24T08:27:12.577189+00:00
3483,0.669,2026-09-24T08:27:12.578254+00:00
3484,0.65,2026-09-24T08:27:12.579682+00:00
3485,1.057,2026-09-24T08:27:12.581457+00:00
3486,0.886,2026-09-24T08:27:12.583086+00:00
3487,0.885,2026-09-24T08:27:12.584633+00:00
3488,0.911,2026-09-24T08:27:12.586295+00:00
3489,0.767,2026-09-24T08:27:12.587782+00:00
3490,0.718,2026-09-24T08:27:12.589169+00:00
3491,0.919,2026-09-24T08:27:12.590689+00:00
3492,0.8989999999999999,2026-09-24T08:27:12.591992+00:00
3493,0.896,2026-09-24T08:27:12.593288+00:00
3494,1.067,2026-09-24T08:27:12.595002+00:00
3495,0.867,2026-09-24T08:27:12.596628+00:00
3496,0.82,2026-09-24T08:27:12.597990+00:00
3497,0.912,2026-09-24T08:27:12.599436+00:00
3498,0.691,2026-09-24T08:27:12.601545+00:00
3499,0.756,2026-09-24T08:27:12.602957+00:00
3500,0.608,2026-09-24T08:27:12.604085+00:00
3501,0.6880000000000001,2026-09-24T08:27:12.605355+00:00
3502,0.5910000000000001,2026-09-24T08:27:12.606428+00:00
3503,0.588,2026-09-24T08:27:12.607573+00:00
3504,0.674,2026-09-24T08:27:12.608774+00:00
3505,0.583,2026-09-24T08:27:12.609826+00:00
3506,0.618,2026-09-24T08:27:12.610948+00:00
3507,0.5760000000000001,2026-09-24T08:27:12.612040+00:00
3508,0.588,2026-09-24T08:27:12.613205+00:00
3509,0.569,2026-09-24T08:27:12.614287+00:00
3510,0.5569999999999999,2026-09-24T08:27:12.615593+00:00
3511,0.657,2026-09-24T08:27:12.616758+00:00
3512,0.646,2026-09-24T08:27:12.617983+00:00
3513,0.6489999999999999,2026-09-24T08:27:12.619133+00:00
3514,0.554,2026-09-24T08:27:12.620211+00:00
3515,0.569,2026-09-24T08:27:12.621328+00:00
3516,0.559,2026-09-24T08:27:12.622407+00:00
3517,0.627,2026-09-24T08:27:12.623514+00:00
3518,0.684,2026-09-24T08:27:12.624672+00:00
3519,0.614,2026-09-24T08:27:12.625760+00:00
3520,0.589,2026-09-24T08:27:12.626891+00:00
3521,0.579,2026-09-24T08:27:12.628038+00:00
3522,0.599,2026-09-24T08:27:12.629185+00:00
3523,0.609,2026-09-24T08:27:12.630292+00:00
3524,0.5950000000000001,2026-09-24T08:27:12.631533+00:00
3525,0.8009999999999999,2026-09-24T08:27:12.633914+00:00
3526,0.669,2026-09-24T08:27:12.635142+00:00
3527,0.624,2026-09-24T08:27:12.636301+00:00
3528,0.671,2026-09-24T08:27:12.637478+00:00
3529,0.601,2026-09-24T08:27:12.638569+00:00
3530,0.6130000000000001,2026-09-24T08:27:12.639665+00:00
3531,0.578,2026-09-24T08:27:12.640723+00:00
3532,0.6489999999999999,2026-09-24T08:27:12.641847+00:00
3533,0.592,2026-09-24T08:27:12.642958+00:00
3534,0.597,2026-09-24T08:27:12.644079+00:00
3535,0.5720000000000001,2026-09-24T08:27:12.645147+00:00
3536,0.58,2026-09-24T08:27:12.646238+00:00
3537,0.596,2026-09-24T08:27:12.647325+00:00
3538,0.617,2026-09-24T08:27:12.648439+00:00
3539,0.5810000000000001,2026-09-24T08:27:12.649538+00:00
3540,1.03,2026-09-24T08:27:12.651519+00:00
3541,1.138,2026-09-24T08:27:12.653130+00:00
3542,0.937,2026-09-24T08:27:12.654555+00:00
3543,0.92,2026-09-24T08:27:12.655871+00:00
3544,0.914,2026-09-24T08:27:12.657451+00:00
3545,0.7010000000000001,2026-09-24T08:27:12.658629+00:00
3546,0.621,2026-09-24T08:27:12.659909+00:00
3547,0.594,2026-09-24T08:27:12.661034+00:00
3548,0.583,2026-09-24T08:27:12.662139+00:00
3549,0.5419999999999999,2026-09-24T08:27:12.663195+00:00
3550,0.524,2026-09-24T08:27:12.664270+00:00
3551,0.516,2026-09-24T08:27:12.665346+00:00
3552,0.6040000000000001,2026-09-24T08:27:12.666477+00:00
3553,0.5469999999999999,2026-09-24T08:27:12.667664+00:00
3554,0.565,2026-09-24T08:27:12.668921+00:00
3555,0.839,2026-09-24T08:27:12.670345+00:00
3556,0.675,2026-09-24T08:27:12.671292+00:00
3557,0.7649999999999999,2026-09-24T08:27:12.672460+00:00
3558,1.477,2026-09-24T08:27:12.674501+00:00
3559,1.089,2026-09-24T08:27:12.675892+00:00
3560,1.077,2026-09-24T08:27:12.677592+00:00
3561,1.1119999999999999,2026-09-24T08:27:12.679604+00:00
3562,0.74,2026-09-24T08:27:12.680916+00:00
3563,0.885,2026-09-24T08:27:12.682285+00:00
3564,0.752,2026-09-24T08:27:12.683675+00:00
3565,0.675,2026-09-24T08:27:12.684924+00:00
3566,0.747,2026-09-24T08:27:12.686206+00:00
3567,0.734,2026-09-24T08:27:12.687596+00:00
3568,0.847,2026-09-24T08:27:12.689054+00:00
3569,0.675,2026-09-24T08:27:12.690527+00:00
3570,1.833,2026-09-24T08:27:12.693039+00:00
3571,1.3519999999999999,2026-09-24T08:27:12.694980+00:00
3572,1.089,2026-09-24T08:27:12.696680+00:00
3573,0.853,2026-09-24T08:27:12.697835+00:00
3574,0.643,2026-09-24T08:27:12.699010+00:00
3575,0.578,2026-09-24T08:27:12.700075+00:00
3576,0.594,2026-09-24T08:27:12.701190+00:00
3577,0.575,2026-09-24T08:27:12.702261+00:00
3578,0.526,2026-09-24T08:27:12.703302+00:00
3579,0.536,2026-09-24T08:27:12.704346+00:00
3580,0.496,2026-09-24T08:27:12.705344+00:00
3581,0.603,2026-09-24T08:27:12.706428+00:00
3582,0.9909999999999999,2026-09-24T08:27:12.708022+00:00
3583,0.8490000000000001,2026-09-24T08:27:12.709073+00:00
3584,0.665,2026-09-24T08:27:12.710339+00:00
3585,1.351,2026-09-24T08:27:12.712433+00:00
3586,0.755,2026-09-24T08:27:12.713834+00:00
3587,0.7110000000000001,2026-09-24T08:27:12.715188+00:00
3588,0.71,2026-09-24T08:27:12.716518+00:00
3589,0.769,2026-09-24T08:27:12.717790+00:00
3590,0.739,2026-09-24T08:27:12.719130+00:00
3591,0.8270000000000001,2026-09-24T08:27:12.720845+00:00
3592,1.064,2026-09-24T08:27:12.722442+00:00
3593,0.816,2026-09-24T08:27:12.723828+00:00
3594,1.047,2026-09-24T08:27:12.726403+00:00
3595,0.762,2026-09-24T08:27:12.727876+00:00
3596,0.687,2026-09-24T08:27:12.729153+00:00
3597,0.703,2026-09-24T08:27:12.730433+00:00
3598,0.636,2026-09-24T08:27:12.731597+00:00
3599,0.704,2026-09-24T08:27:12.733077+00:00
3600,0.629,2026-09-24T08:27:12.734282+00:00
3601,0.851,2026-09-24T08:27:12.735739+00:00
3602,0.664,2026-09-24T08:27:12.736895+00:00
3603,0.6489999999999999,2026-09-24T08:27:12.738085+00:00
3604,0.6040000000000001,2026-09-24T08:27:12.739209+00:00
3605,1.206,2026-09-24T08:27:12.741153+00:00
3606,0.775,2026-09-24T08:27:12.742284+00:00
3607,0.705,2026-09-24T08:27:12.743543+00:00
3608,0.611,2026-09-24T08:27:12.744644+00:00
3609,0.773,2026-09-24T08:27:12.746011+00:00
3610,0.8009999999999999,2026-09-24T08:27:12.747474+00:00
3611,4.243,2026-09-24T08:27:12.752236+00:00
3612,1.0410000000000001,2026-09-24T08:27:12.755051+00:00
3613,0.7010000000000001,2026-09-24T08:27:12.756286+00:00
3614,0.722,2026-09-24T08:27:12.757940+00:00
3615,0.7010000000000001,2026-09-24T08:27:12.759329+00:00
3616,0.8899999999999999,2026-09-24T08:27:12.760839+00:00
3617,0.901,2026-09-24T08:27:12.762229+00:00
3618,0.642,2026-09-24T08:27:12.763730+00:00
3619,0.5900000000000001,2026-09-24T08:27:12.764926+00:00
3620,0.593,2026-09-24T08:27:12.766114+00:00
3621,0.559,2026-09-24T08:27:12.767245+00:00
3622,0.737,2026-09-24T08:27:12.768647+00:00
3623,0.815,2026-09-24T08:27:12.770038+00:00
3624,1.1540000000000001,2026-09-24T08:27:12.772109+00:00
3625,0.92,2026-09-24T08:27:12.773856+00:00
3626,0.977,2026-09-24T08:27:12.775834+00:00
3627,1.001,2026-09-24T08:27:12.777717+00:00
3628,1.05,2026-09-24T08:27:12.779823+00:00
3629,0.995,2026-09-24T08:27:12.781648+00:00
3630,0.941,2026-09-24T08:27:12.783541+00:00
3631,0.839,2026-09-24T08:27:12.785105+00:00
3632,0.953,2026-09-24T08:27:12.786642+00:00
3633,0.9,2026-09-24T08:27:12.788210+00:00
3634,0.9510000000000001,2026-09-24T08:27:12.789922+00:00
3635,0.775,2026-09-24T08:27:12.791466+00:00
3636,0.69,2026-09-24T08:27:12.792660+00:00
3637,0.755,2026-09-24T08:27:12.794076+00:00
3638,0.5910000000000001,2026-09-24T08:27:12.795215+00:00
3639,0.603,2026-09-24T08:27:12.796376+00:00
3640,0.601,2026-09-24T08:27:12.797546+00:00
3641,0.799,2026-09-24T08:27:12.798860+00:00
3642,0.665,2026-09-24T08:27:12.800126+00:00
3643,0.7789999999999999,2026-09-24T08:27:12.801783+00:00
3644,0.796,2026-09-24T08:27:12.803171+00:00
3645,0.628,2026-09-24T08:27:12.804347+00:00
3646,0.647,2026-09-24T08:27:12.805557+00:00
3647,0.925,2026-09-24T08:27:12.812967+00:00
3648,0.9129999999999999,2026-09-24T08:27:12.814528+00:00
3649,0.853,2026-09-24T08:27:12.815991+00:00
3650,0.757,2026-09-24T08:27:12.817534+00:00
3651,0.766,2026-09-24T08:27:12.818933+00:00
3652,0.7789999999999999,2026-09-24T08:27:12.820400+00:00
3653,0.871,2026-09-24T08:27:12.821929+00:00
3654,0.855,2026-09-24T08:27:12.823465+00:00
3655,0.9430000000000001,2026-09-24T08:27:12.825028+00:00
3656,0.773,2026-09-24T08:27:12.826371+00:00
3657,0.721,2026-09-24T08:27:12.827676+00:00
3658,0.679,2026-09-24T08:27:12.829082+00:00
3659,0.5910000000000001,2026-09-24T08:27:12.830183+00:00
3660,0.6679999999999999,2026-09-24T08:27:12.831369+00:00
3661,0.7,2026-09-24T08:27:12.832612+00:00
3662,0.596,2026-09-24T08:27:12.833712+00:00
3663,0.648,2026-09-24T08:27:12.834848+00:00
3664,0.58,2026-09-24T08:27:12.835925+00:00
3665,0.578,2026-09-24T08:27:12.837032+00:00
3666,0.5820000000000001,2026-09-24T08:27:12.838144+00:00
3667,0.5860000000000001,2026-09-24T08:27:12.839236+00:00
3668,0.569,2026-09-24T08:27:12.840302+00:00
3669,0.6489999999999999,2026-09-24T08:27:12.841474+00:00
3670,0.592,2026-09-24T08:27:12.842553+00:00
3671,0.5680000000000001,2026-09-24T08:27:12.843642+00:00
3672,0.634,2026-09-24T08:27:12.844767+00:00
3673,0.601,2026-09-24T08:27:12.845931+00:00
3674,0.648,2026-09-24T08:27:12.847098+00:00
3675,0.616,2026-09-24T08:27:12.848245+00:00
3676,0.638,2026-09-24T08:27:12.849548+00:00
3677,0.5730000000000001,2026-09-24T08:27:12.850635+00:00
3678,0.579,2026-09-24T08:27:12.851800+00:00
3679,0.7200000000000001,2026-09-24T08:27:12.853091+00:00
3680,0.937,2026-09-24T08:27:12.854799+00:00
3681,0.9319999999999999,2026-09-24T08:27:12.856367+00:00
3682,0.8720000000000001,2026-09-24T08:27:12.857856+00:00
3683,0.705,2026-09-24T08:27:12.859135+00:00
3684,0.643,2026-09-24T08:27:12.860292+00:00
3685,0.58,2026-09-24T08:27:12.861379+00:00
3686,0.629,2026-09-24T08:27:12.862584+00:00
3687,0.8170000000000001,2026-09-24T08:27:12.864382+00:00
3688,0.704,2026-09-24T08:27:12.865664+00:00
3689,0.644,2026-09-24T08:27:12.870690+00:00
3690,0.594,2026-09-24T08:27:12.871792+00:00
3691,0.5760000000000001,2026-09-24T08:27:12.872853+00:00
3692,0.621,2026-09-24T08:27:12.874025+00:00
3693,0.639,2026-09-24T08:27:12.875247+00:00
3694,0.6130000000000001,2026-09-24T08:27:12.876463+00:00
3695,0.653,2026-09-24T08:27:12.877591+00:00
3696,0.598,2026-09-24T08:27:12.878639+00:00
3697,0.61,2026-09-24T08:27:12.879749+00:00
3698,0.64,2026-09-24T08:27:12.880933+00:00
3699,0.754,2026-09-24T08:27:12.882289+00:00
3700,0.665,2026-09-24T08:27:12.883491+00:00
3701,0.635,2026-09-24T08:27:12.884611+00:00
3702,0.67,2026-09-24T08:27:12.885915+00:00
3703,0.7969999999999999,2026-09-24T08:27:12.887226+00:00
3704,0.906,2026-09-24T08:27:12.888643+00:00
3705,1.034,2026-09-24T08:27:12.890504+00:00
3706,0.9970000000000001,2026-09-24T08:27:12.891974+00:00
3707,0.9970000000000001,2026-09-24T08:27:12.893491+00:00
3708,0.8180000000000001,2026-09-24T08:27:12.894829+00:00
3709,0.871,2026-09-24T08:27:12.896198+00:00
3710,0.78,2026-09-24T08:27:12.897476+00:00
3711,0.6880000000000001,2026-09-24T08:27:12.898653+00:00
3712,0.8490000000000001,2026-09-24T08:27:12.900292+00:00
3713,0.704,2026-09-24T08:27:12.901527+00:00
3714,0.635,2026-09-24T08:27:12.902634+00:00
3715,0.634,2026-09-24T08:27:12.903759+00:00
3716,0.621,2026-09-24T08:27:12.904803+00:00
3717,0.616,2026-09-24T08:27:12.906114+00:00
3718,0.648,2026-09-24T08:27:12.907236+00:00
3719,0.876,2026-09-24T08:27:12.908736+00:00
3720,0.767,2026-09-24T08:27:12.910044+00:00
3721,0.636,2026-09-24T08:27:12.911181+00:00
3722,0.594,2026-09-24T08:27:12.912266+00:00
3723,0.841,2026-09-24T08:27:12.913772+00:00
3724,0.993,2026-09-24T08:27:12.915667+00:00
3725,0.8170000000000001,2026-09-24T08:27:12.917061+00:00
3726,0.815,2026-09-24T08:27:12.918449+00:00
3727,0.861,2026-09-24T08:27:12.919880+00:00
3728,0.763,2026-09-24T08:27:12.921225+00:00
3729,0.8140000000000001,2026-09-24T08:27:12.922595+00:00
3730,0.762,2026-09-24T08:27:12.923912+00:00
3731,0.895,2026-09-24T08:27:12.925291+00:00
3732,0.812,2026-09-24T08:27:12.926685+00:00
3733,0.873,2026-09-24T08:27:12.928140+00:00
3734,1.0579999999999998,2026-09-24T08:27:12.929771+00:00
3735,2.473,2026-09-24T08:27:12.933446+00:00
3736,1.0839999999999999,2026-09-24T08:27:12.935024+00:00
3737,0.948,2026-09-24T08:27:12.936482+00:00
3738,1.07,2026-09-24T08:27:12.938002+00:00
3739,0.958,2026-09-24T08:27:12.939470+00:00
3740,0.9129999999999999,2026-09-24T08:27:12.940902+00:00
3741,0.7699999999999999,2026-09-24T08:27:12.942258+00:00
3742,0.7380000000000001,2026-09-24T08:27:12.943531+00:00
3743,0.6769999999999999,2026-09-24T08:27:12.944782+00:00
3744,0.646,2026-09-24T08:27:12.946022+00:00
3745,0.86,2026-09-24T08:27:12.947565+00:00
3746,0.903,2026-09-24T08:27:12.949483+00:00
3747,0.876,2026-09-24T08:27:12.951276+00:00
3748,0.632,2026-09-24T08:27:12.952505+00:00
3749,0.662,2026-09-24T08:27:12.953729+00:00
3750,0.607,2026-09-24T08:27:12.954844+00:00
3751,0.536,2026-09-24T08:27:12.955961+00:00
3752,0.559,2026-09-24T08:27:12.957091+00:00
3753,0.525,2026-09-24T08:27:12.958289+00:00
3754,0.608,2026-09-24T08:27:12.959550+00:00
3755,0.705,2026-09-24T08:27:12.960756+00:00
3756,0.5720000000000001,2026-09-24T08:27:12.961772+00:00
3757,0.555,2026-09-24T08:27:12.962820+00:00
3758,0.707,2026-09-24T08:27:12.964028+00:00
3759,1.496,2026-09-24T08:27:12.966065+00:00
3760,0.607,2026-09-24T08:27:12.967368+00:00
3761,0.528,2026-09-24T08:27:12.968683+00:00
3762,0.5429999999999999,2026-09-24T08:27:12.969734+00:00
3763,0.51,2026-09-24T08:27:12.970724+00:00
3764,0.522,2026-09-24T08:27:12.971726+00:00
3765,0.502,2026-09-24T08:27:12.972720+00:00
3766,0.515,2026-09-24T08:27:12.973743+00:00
3767,0.521,2026-09-24T08:27:12.974740+00:00
3768,0.5479999999999999,2026-09-24T08:27:12.975777+00:00
3769,0.5339999999999999,2026-09-24T08:27:12.976827+00:00
3770,0.606,2026-09-24T08:27:12.977926+00:00
3771,0.5860000000000001,2026-09-24T08:27:12.979077+00:00
3772,1.08,2026-09-24T08:27:12.980914+00:00
3773,0.851,2026-09-24T08:27:12.983299+00:00
3774,0.637,2026-09-24T08:27:12.984497+00:00
3775,0.5519999999999999,2026-09-24T08:27:12.985559+00:00
3776,0.875,2026-09-24T08:27:12.987221+00:00
3777,0.796,2026-09-24T08:27:12.988574+00:00
3778,0.8270000000000001,2026-09-24T08:27:12.989974+00:00
3779,0.622,2026-09-24T08:27:12.991237+00:00
3780,0.5419999999999999,2026-09-24T08:27:12.992311+00:00
3781,0.517,2026-09-24T08:27:12.993397+00:00
3782,0.565,2026-09-24T08:27:12.994600+00:00
3783,0.757,2026-09-24T08:27:12.995899+00:00
3784,1.032,2026-09-24T08:27:12.997651+00:00
3785,1.034,2026-09-24T08:27:12.999358+00:00
3786,0.966,2026-09-24T08:27:13.000966+00:00
3787,0.837,2026-09-24T08:27:13.002432+00:00
3788,0.7150000000000001,2026-09-24T08:27:13.003635+00:00
3789,0.6769999999999999,2026-09-24T08:27:13.004773+00:00
3790,1.032,2026-09-24T08:27:13.006323+00:00
3791,0.709,2026-09-24T08:27:13.007429+00:00
3792,0.605,2026-09-24T08:27:13.008341+00:00
3793,0.584,2026-09-24T08:27:13.009362+00:00
3794,0.5630000000000001,2026-09-24T08:27:13.010394+00:00
3795,0.6890000000000001,2026-09-24T08:27:13.011617+00:00
3796,0.617,2026-09-24T08:27:13.012767+00:00
3797,0.975,2026-09-24T08:27:13.014467+00:00
3798,0.7380000000000001,2026-09-24T08:27:13.015618+00:00
3799,0.627,2026-09-24T08:27:13.016723+00:00
3800,0.5730000000000001,2026-09-24T08:27:13.017803+00:00
3801,0.624,2026-09-24T08:27:13.018978+00:00
3802,0.606,2026-09-24T08:27:13.020144+00:00
3803,0.5419999999999999,2026-09-24T08:27:13.021223+00:00
3804,0.578,2026-09-24T08:27:13.022305+00:00
3805,0.541,2026-09-24T08:27:13.023340+00:00
3806,0.632,2026-09-24T08:27:13.024668+00:00
3807,0.611,2026-09-24T08:27:13.025783+00:00
3808,0.5379999999999999,2026-09-24T08:27:13.026798+00:00
3809,0.61,2026-09-24T08:27:13.027910+00:00
3810,0.889,2026-09-24T08:27:13.029365+00:00
3811,1.116,2026-09-24T08:27:13.030978+00:00
3812,0.732,2026-09-24T08:27:13.032212+00:00
3813,0.714,2026-09-24T08:27:13.033495+00:00
3814,0.526,2026-09-24T08:27:13.034499+00:00
3815,0.494,2026-09-24T08:27:13.035519+00:00
3816,0.46799999999999997,2026-09-24T08:27:13.036518+00:00
3817,0.517,2026-09-24T08:27:13.037726+00:00
3818,0.517,2026-09-24T08:27:13.038780+00:00
3819,0.501,2026-09-24T08:27:13.039798+00:00
3820,0.44499999999999995,2026-09-24T08:27:13.040733+00:00
3821,0.47100000000000003,2026-09-24T08:27:13.041901+00:00
3822,0.431,2026-09-24T08:27:13.042860+00:00
3823,0.491,2026-09-24T08:27:13.043863+00:00
3824,0.467,2026-09-24T08:27:13.044851+00:00
3825,0.457,2026-09-24T08:27:13.045847+00:00
3826,0.866,2026-09-24T08:27:13.047516+00:00
3827,0.62,2026-09-24T08:27:13.048613+00:00
3828,0.833,2026-09-24T08:27:13.050183+00:00
3829,0.635,2026-09-24T08:27:13.051385+00:00
3830,4.154,2026-09-24T08:27:13.056140+00:00
3831,1.444,2026-09-24T08:27:13.058325+00:00
3832,0.912,2026-09-24T08:27:13.060008+00:00
3833,0.842,2026-09-24T08:27:13.061522+00:00
3834,0.825,2026-09-24T08:27:13.063004+00:00
3835,0.643,2026-09-24T08:27:13.064404+00:00
3836,0.736,2026-09-24T08:27:13.065693+00:00
3837,0.61,2026-09-24T08:27:13.066820+00:00
3838,0.524,2026-09-24T08:27:13.067905+00:00
3839,0.58,2026-09-24T08:27:13.069066+00:00
3840,0.51,2026-09-24T08:27:13.070172+00:00
3841,0.541,2026-09-24T08:27:13.071272+00:00
3842,0.494,2026-09-24T08:27:13.072334+00:00
3843,0.5720000000000001,2026-09-24T08:27:13.073459+00:00
3844,0.61,2026-09-24T08:27:13.074630+00:00
3845,0.5479999999999999,2026-09-24T08:27:13.075697+00:00
3846,0.49799999999999994,2026-09-24T08:27:13.076967+00:00
3847,0.526,2026-09-24T08:27:13.078199+00:00
3848,0.664,2026-09-24T08:27:13.079693+00:00
3849,0.907,2026-09-24T08:27:13.081170+00:00
3850,0.911,2026-09-24T08:27:13.082857+00:00
3851,0.7110000000000001,2026-09-24T08:27:13.084140+00:00
3852,0.925,2026-09-24T08:27:13.085702+00:00
3853,0.739,2026-09-24T08:27:13.086784+00:00
3854,0.713,2026-09-24T08:27:13.088053+00:00
3855,0.6920000000000001,2026-09-24T08:27:13.089333+00:00
3856,0.9039999999999999,2026-09-24T08:27:13.091116+00:00
3857,0.761,2026-09-24T08:27:13.092355+00:00
3858,0.641,2026-09-24T08:27:13.093531+00:00
3859,0.588,2026-09-24T08:27:13.094691+00:00
3860,0.832,2026-09-24T08:27:13.096324+00:00
3861,0.637,2026-09-24T08:27:13.097633+00:00
3862,0.8059999999999999,2026-09-24T08:27:13.099096+00:00
3863,0.6589999999999999,2026-09-24T08:27:13.100450+00:00
3864,0.617,2026-09-24T08:27:13.101686+00:00
3865,0.6040000000000001,2026-09-24T08:27:13.103060+00:00
3866,0.558,2026-09-24T08:27:13.104224+00:00
3867,0.519,2026-09-24T08:27:13.105333+00:00
3868,0.55,2026-09-24T08:27:13.106522+00:00
3869,0.532,2026-09-24T08:27:13.107639+00:00
3870,0.603,2026-09-24T08:27:13.108846+00:00
3871,0.545,2026-09-24T08:27:13.109982+00:00
3872,0.555,2026-09-24T08:27:13.111133+00:00
3873,0.5599999999999999,2026-09-24T08:27:13.112265+00:00
3874,0.704,2026-09-24T08:27:13.113546+00:00
3875,0.634,2026-09-24T08:27:13.114672+00:00
3876,0.559,2026-09-24T08:27:13.115771+00:00
3877,0.619,2026-09-24T08:27:13.117041+00:00
3878,0.526,2026-09-24T08:27:13.118191+00:00
3879,0.607,2026-09-24T08:27:13.119385+00:00
3880,0.5379999999999999,2026-09-24T08:27:13.120720+00:00
3881,1.031,2026-09-24T08:27:13.122657+00:00
3882,0.722,2026-09-24T08:27:13.124114+00:00
3883,0.67,2026-09-24T08:27:13.125378+00:00
3884,0.748,2026-09-24T08:27:13.126791+00:00
3885,0.819,2026-09-24T08:27:13.128191+00:00
3886,0.9890000000000001,2026-09-24T08:27:13.129854+00:00
3887,0.7969999999999999,2026-09-24T08:27:13.131033+00:00
3888,0.821,2026-09-24T08:27:13.132446+00:00
3889,0.7060000000000001,2026-09-24T08:27:13.133780+00:00
3890,0.603,2026-09-24T08:27:13.134899+00:00
3891,0.709,2026-09-24T08:27:13.136318+00:00
3892,0.553,2026-09-24T08:27:13.137427+00:00
3893,0.508,2026-09-24T08:27:13.138449+00:00
3894,0.537,2026-09-24T08:27:13.139548+00:00
3895,0.713,2026-09-24T08:27:13.140991+00:00
3896,0.5609999999999999,2026-09-24T08:27:13.141886+00:00
3897,0.522,2026-09-24T08:27:13.142911+00:00
3898,0.865,2026-09-24T08:27:13.144257+00:00
3899,0.544,2026-09-24T08:27:13.145018+00:00
3900,0.5419999999999999,2026-09-24T08:27:13.146114+00:00
3901,0.486,2026-09-24T08:27:13.147119+00:00
3902,0.628,2026-09-24T08:27:13.148340+00:00
3903,0.656,2026-09-24T08:27:13.149506+00:00
3904,0.578,2026-09-24T08:27:13.150512+00:00
3905,0.644,2026-09-24T08:27:13.151564+00:00
3906,0.6859999999999999,2026-09-24T08:27:13.152661+00:00
3907,0.725,2026-09-24T08:27:13.153943+00:00
3908,0.7699999999999999,2026-09-24T08:27:13.155557+00:00
3909,0.8490000000000001,2026-09-24T08:27:13.157192+00:00
3910,0.683,2026-09-24T08:27:13.158471+00:00
3911,0.607,2026-09-24T08:27:13.159572+00:00
3912,0.553,2026-09-24T08:27:13.160656+00:00
3913,0.5109999999999999,2026-09-24T08:27:13.161741+00:00
3914,0.67,2026-09-24T08:27:13.162884+00:00
3915,0.678,2026-09-24T08:27:13.163946+00:00
3916,0.673,2026-09-24T08:27:13.165135+00:00
3917,0.733,2026-09-24T08:27:13.166509+00:00
3918,0.9779999999999999,2026-09-24T08:27:13.168148+00:00
3919,0.7060000000000001,2026-09-24T08:27:13.169471+00:00
3920,0.639,2026-09-24T08:27:13.170684+00:00
3921,0.7110000000000001,2026-09-24T08:27:13.171991+00:00
3922,0.6849999999999999,2026-09-24T08:27:13.173277+00:00
3923,0.713,2026-09-24T08:27:13.174559+00:00
3924,0.626,2026-09-24T08:27:13.175857+00:00
3925,2.084,2026-09-24T08:27:13.178535+00:00
3926,0.898,2026-09-24T08:27:13.180184+00:00
3927,0.962,2026-09-24T08:27:13.181917+00:00
3928,0.708,2026-09-24T08:27:13.183034+00:00
3929,0.554,2026-09-24T08:27:13.184044+00:00
3930,0.64,2026-09-24T08:27:13.185336+00:00
3931,0.744,2026-09-24T08:27:13.186600+00:00
3932,0.727,2026-09-24T08:27:13.187872+00:00
3933,0.776,2026-09-24T08:27:13.189235+00:00
3934,0.695,2026-09-24T08:27:13.190533+00:00
3935,0.626,2026-09-24T08:27:13.191793+00:00
3936,0.8170000000000001,2026-09-24T08:27:13.193159+00:00
3937,1.117,2026-09-24T08:27:13.194935+00:00
3938,1.163,2026-09-24T08:27:13.196768+00:00
3939,0.778,2026-09-24T08:27:13.198179+00:00
3940,0.603,2026-09-24T08:27:13.199309+00:00
3941,0.506,2026-09-24T08:27:13.200312+00:00
3942,0.526,2026-09-24T08:27:13.201377+00:00
3943,0.784,2026-09-24T08:27:13.202676+00:00
3944,0.841,2026-09-24T08:27:13.203959+00:00
3945,0.7,2026-09-24T08:27:13.204984+00:00
3946,0.5429999999999999,2026-09-24T08:27:13.206026+00:00
3947,0.464,2026-09-24T08:27:13.207010+00:00
3948,0.524,2026-09-24T08:27:13.208117+00:00
3949,0.517,2026-09-24T08:27:13.209240+00:00
3950,0.94,2026-09-24T08:27:13.211046+00:00
3951,0.69,2026-09-24T08:27:13.212398+00:00
3952,0.631,2026-09-24T08:27:13.213577+00:00
3953,0.735,2026-09-24T08:27:13.214978+00:00
3954,0.708,2026-09-24T08:27:13.216503+00:00
3955,0.5469999999999999,2026-09-24T08:27:13.217661+00:00
3956,0.6859999999999999,2026-09-24T08:27:13.219052+00:00
3957,0.781,2026-09-24T08:27:13.220461+00:00
3958,0.63,2026-09-24T08:27:13.221714+00:00
3959,0.522,2026-09-24T08:27:13.222830+00:00
3960,0.8270000000000001,2026-09-24T08:27:13.224480+00:00
3961,0.618,2026-09-24T08:27:13.225810+00:00
3962,0.695,2026-09-24T08:27:13.227131+00:00
3963,0.539,2026-09-24T08:27:13.228305+00:00
3964,0.605,2026-09-24T08:27:13.229486+00:00
3965,0.597,2026-09-24T08:27:13.230603+00:00
3966,0.8130000000000001,2026-09-24T08:27:13.232207+00:00
3967,0.519,2026-09-24T08:27:13.233282+00:00
3968,0.756,2026-09-24T08:27:13.234710+00:00
3969,0.61,2026-09-24T08:27:13.235959+00:00
3970,0.49299999999999994,2026-09-24T08:27:13.237056+00:00
3971,0.46900000000000003,2026-09-24T08:27:13.238052+00:00
3972,0.506,2026-09-24T08:27:13.239105+00:00
3973,0.488,2026-09-24T08:27:13.240078+00:00
3974,0.574,2026-09-24T08:27:13.241198+00:00
3975,0.579,2026-09-24T08:27:13.242351+00:00
3976,0.545,2026-09-24T08:27:13.243483+00:00
3977,0.491,2026-09-24T08:27:13.244550+00:00
3978,0.562,2026-09-24T08:27:13.245651+00:00
3979,0.718,2026-09-24T08:27:13.246862+00:00
3980,0.666,2026-09-24T08:27:13.248166+00:00
3981,0.646,2026-09-24T08:27:13.249540+00:00
3982,0.725,2026-09-24T08:27:13.250931+00:00
3983,0.6980000000000001,2026-09-24T08:27:13.252479+00:00
3984,0.739,2026-09-24T08:27:13.253960+00:00
3985,0.7290000000000001,2026-09-24T08:27:13.255521+00:00
3986,0.6579999999999999,2026-09-24T08:27:13.256940+00:00
3987,0.828,2026-09-24T08:27:13.258327+00:00
3988,0.749,2026-09-24T08:27:13.259551+00:00
3989,0.6980000000000001,2026-09-24T08:27:13.260733+00:00
3990,0.593,2026-09-24T08:27:13.261853+00:00
3991,1.477,2026-09-24T08:27:13.263866+00:00
3992,1.229,2026-09-24T08:27:13.266012+00:00
3993,0.985,2026-09-24T08:27:13.267556+00:00
3994,0.916,2026-09-24T08:27:13.269001+00:00
3995,0.812,2026-09-24T08:27:13.270397+00:00
3996,0.8,2026-09-24T08:27:13.271729+00:00
3997,0.8180000000000001,2026-09-24T08:27:13.273128+00:00
3998,0.832,2026-09-24T08:27:13.274762+00:00
3999,3.078,2026-09-24T08:27:13.278591+00:00
4000,1.032,2026-09-24T08:27:13.280315+00:00
4001,1.3159999999999998,2026-09-24T08:27:13.282315+00:00
4002,0.9970000000000001,2026-09-24T08:27:13.283685+00:00
4003,0.9740000000000001,2026-09-24T08:27:13.285251+00:00
4004,0.9460000000000001,2026-09-24T08:27:13.286727+00:00
4005,1.048,2026-09-24T08:27:13.288527+00:00
4006,1.201,2026-09-24T08:27:13.290469+00:00
4007,1.0859999999999999,2026-09-24T08:27:13.292089+00:00
4008,1.011,2026-09-24T08:27:13.293797+00:00
4009,0.9700000000000001,2026-09-24T08:27:13.295576+00:00
4010,0.9959999999999999,2026-09-24T08:27:13.297279+00:00
4011,1.3960000000000001,2026-09-24T08:27:13.299338+00:00
4012,0.95,2026-09-24T08:27:13.301125+00:00
4013,0.737,2026-09-24T08:27:13.302777+00:00
4014,0.646,2026-09-24T08:27:13.304045+00:00
4015,0.9269999999999999,2026-09-24T08:27:13.305707+00:00
4016,0.86,2026-09-24T08:27:13.307205+00:00
4017,0.8899999999999999,2026-09-24T08:27:13.308736+00:00
4018,0.8140000000000001,2026-09-24T08:27:13.310222+00:00
4019,0.795,2026-09-24T08:27:13.311789+00:00
4020,1.237,2026-09-24T08:27:13.314169+00:00
4021,1.0430000000000001,2026-09-24T08:27:13.316122+00:00
4022,0.94,2026-09-24T08:27:13.317868+00:00
4023,0.714,2026-09-24T08:27:13.319301+00:00
4024,0.696,2026-09-24T08:27:13.320671+00:00
4025,0.651,2026-09-24T08:27:13.321913+00:00
4026,0.673,2026-09-24T08:27:13.323282+00:00
4027,0.744,2026-09-24T08:27:13.324793+00:00
4028,0.662,2026-09-24T08:27:13.326379+00:00
4029,0.6970000000000001,2026-09-24T08:27:13.327687+00:00
4030,0.695,2026-09-24T08:27:13.328997+00:00
4031,0.7699999999999999,2026-09-24T08:27:13.330367+00:00
4032,0.732,2026-09-24T08:27:13.331733+00:00
4033,0.998,2026-09-24T08:27:13.333481+00:00
4034,0.653,2026-09-24T08:27:13.334790+00:00
4035,0.531,2026-09-24T08:27:13.335928+00:00
4036,0.5109999999999999,2026-09-24T08:27:13.337067+00:00
4037,0.537,2026-09-24T08:27:13.338183+00:00
4038,1.003,2026-09-24T08:27:13.339974+00:00
4039,0.9420000000000001,2026-09-24T08:27:13.341716+00:00
4040,0.743,2026-09-24T08:27:13.343067+00:00
4041,1.089,2026-09-24T08:27:13.344970+00:00
4042,0.748,2026-09-24T08:27:13.346582+00:00
4043,0.575,2026-09-24T08:27:13.347919+00:00
4044,0.517,2026-09-24T08:27:13.349065+00:00
4045,0.45899999999999996,2026-09-24T08:27:13.350074+00:00
4046,0.579,2026-09-24T08:27:13.351327+00:00
4047,0.599,2026-09-24T08:27:13.352521+00:00
4048,0.629,2026-09-24T08:27:13.353605+00:00
4049,0.5289999999999999,2026-09-24T08:27:13.354623+00:00
4050,0.49799999999999994,2026-09-24T08:27:13.355703+00:00
4051,0.6859999999999999,2026-09-24T08:27:13.357047+00:00
4052,0.853,2026-09-24T08:27:13.358681+00:00
4053,0.7290000000000001,2026-09-24T08:27:13.359956+00:00
4054,0.593,2026-09-24T08:27:13.361035+00:00
4055,0.49700000000000005,2026-09-24T08:27:13.362118+00:00
4056,0.5680000000000001,2026-09-24T08:27:13.363536+00:00
4057,0.579,2026-09-24T08:27:13.364876+00:00
4058,0.5599999999999999,2026-09-24T08:27:13.365928+00:00
4059,0.587,2026-09-24T08:27:13.366985+00:00
4060,0.5429999999999999,2026-09-24T08:27:13.368063+00:00
4061,0.5109999999999999,2026-09-24T08:27:13.369132+00:00
4062,0.525,2026-09-24T08:27:13.370149+00:00
4063,0.503,2026-09-24T08:27:13.371171+00:00
4064,0.505,2026-09-24T08:27:13.372154+00:00
4065,0.494,2026-09-24T08:27:13.373136+00:00
4066,0.5559999999999999,2026-09-24T08:27:13.374165+00:00
4067,0.5479999999999999,2026-09-24T08:27:13.375338+00:00
4068,0.506,2026-09-24T08:27:13.376315+00:00
4069,0.501,2026-09-24T08:27:13.377273+00:00
4070,0.541,2026-09-24T08:27:13.378474+00:00
4071,0.47600000000000003,2026-09-24T08:27:13.379398+00:00
4072,0.541,2026-09-24T08:27:13.380589+00:00
4073,0.5,2026-09-24T08:27:13.381560+00:00
4074,0.553,2026-09-24T08:27:13.382568+00:00
4075,0.504,2026-09-24T08:27:13.383524+00:00
4076,0.503,2026-09-24T08:27:13.384504+00:00
4077,1.119,2026-09-24T08:27:13.386286+00:00
4078,0.747,2026-09-24T08:27:13.387450+00:00
4079,0.599,2026-09-24T08:27:13.388509+00:00
4080,0.786,2026-09-24T08:27:13.391808+00:00
4081,0.6819999999999999,2026-09-24T08:27:13.393015+00:00
4082,0.5770000000000001,2026-09-24T08:27:13.394381+00:00
4083,0.533,2026-09-24T08:27:13.395583+00:00
4084,0.494,2026-09-24T08:27:13.396627+00:00
4085,0.47300000000000003,2026-09-24T08:27:13.397670+00:00
4086,0.467,2026-09-24T08:27:13.398685+00:00
4087,0.504,2026-09-24T08:27:13.399900+00:00
4088,0.45,2026-09-24T08:27:13.400876+00:00
4089,0.5559999999999999,2026-09-24T08:27:13.401952+00:00
4090,0.516,2026-09-24T08:27:13.403017+00:00
4091,0.48500000000000004,2026-09-24T08:27:13.404040+00:00
4092,0.45399999999999996,2026-09-24T08:27:13.404985+00:00
4093,0.456,2026-09-24T08:27:13.406025+00:00
4094,0.512,2026-09-24T08:27:13.407053+00:00
4095,0.48700000000000004,2026-09-24T08:27:13.408081+00:00
4096,0.512,2026-09-24T08:27:13.409120+00:00
4097,0.453,2026-09-24T08:27:13.410091+00:00
4098,0.804,2026-09-24T08:27:13.411469+00:00
4099,0.46299999999999997,2026-09-24T08:27:13.412476+00:00
4100,0.455,2026-09-24T08:27:13.413504+00:00
4101,0.456,2026-09-24T08:27:13.414545+00:00
4102,0.5519999999999999,2026-09-24T08:27:13.415889+00:00
4103,0.496,2026-09-24T08:27:13.416937+00:00
4104,0.49,2026-09-24T08:27:13.418000+00:00
4105,0.5950000000000001,2026-09-24T08:27:13.419259+00:00
4106,0.5640000000000001,2026-09-24T08:27:13.420404+00:00
4107,0.523,2026-09-24T08:27:13.421464+00:00
4108,0.535,2026-09-24T08:27:13.422485+00:00
4109,0.516,2026-09-24T08:27:13.423511+00:00
4110,0.593,2026-09-24T08:27:13.424631+00:00
4111,0.566,2026-09-24T08:27:13.425676+00:00
4112,0.5609999999999999,2026-09-24T08:27:13.426859+00:00
4113,0.527,2026-09-24T08:27:13.427853+00:00
4114,0.545,2026-09-24T08:27:13.428922+00:00
4115,0.5109999999999999,2026-09-24T08:27:13.429934+00:00
4116,0.535,2026-09-24T08:27:13.431043+00:00
4117,0.508,2026-09-24T08:27:13.432022+00:00
4118,0.53,2026-09-24T08:27:13.433034+00:00
4119,0.545,2026-09-24T08:27:13.434050+00:00
4120,0.541,2026-09-24T08:27:13.435061+00:00
4121,0.545,2026-09-24T08:27:13.436141+00:00
4122,0.533,2026-09-24T08:27:13.437198+00:00
4123,0.515,2026-09-24T08:27:13.438217+00:00
4124,0.5469999999999999,2026-09-24T08:27:13.439254+00:00
4125,0.5199999999999999,2026-09-24T08:27:13.440261+00:00
4126,0.54,2026-09-24T08:27:13.441291+00:00
4127,0.536,2026-09-24T08:27:13.442339+00:00
4128,0.505,2026-09-24T08:27:13.443362+00:00
4129,0.53,2026-09-24T08:27:13.444366+00:00
4130,0.621,2026-09-24T08:27:13.445467+00:00
4131,0.963,2026-09-24T08:27:13.447182+00:00
4132,0.583,2026-09-24T08:27:13.448375+00:00
4133,0.49799999999999994,2026-09-24T08:27:13.449383+00:00
4134,0.6040000000000001,2026-09-24T08:27:13.450510+00:00
4135,0.673,2026-09-24T08:27:13.452054+00:00
4136,0.5760000000000001,2026-09-24T08:27:13.453190+00:00
4137,0.5720000000000001,2026-09-24T08:27:13.454280+00:00
4138,0.5419999999999999,2026-09-24T08:27:13.455339+00:00
4139,0.5640000000000001,2026-09-24T08:27:13.456384+00:00
4140,0.53,2026-09-24T08:27:13.457384+00:00
4141,0.579,2026-09-24T08:27:13.458429+00:00
4142,0.514,2026-09-24T08:27:13.459381+00:00
4143,0.512,2026-09-24T08:27:13.460423+00:00
4144,0.76,2026-09-24T08:27:13.462049+00:00
4145,0.714,2026-09-24T08:27:13.463609+00:00
4146,0.68,2026-09-24T08:27:13.465048+00:00
4147,0.53,2026-09-24T08:27:13.466160+00:00
4148,0.49799999999999994,2026-09-24T08:27:13.467182+00:00
4149,0.491,2026-09-24T08:27:13.468206+00:00
4150,0.504,2026-09-24T08:27:13.469241+00:00
4151,0.48899999999999993,2026-09-24T08:27:13.470297+00:00
4152,0.531,2026-09-24T08:27:13.471369+00:00
4153,0.508,2026-09-24T08:27:13.472408+00:00
4154,0.559,2026-09-24T08:27:13.473479+00:00
4155,0.962,2026-09-24T08:27:13.474965+00:00
4156,0.8180000000000001,2026-09-24T08:27:13.476225+00:00
4157,0.707,2026-09-24T08:27:13.477284+00:00
4158,0.598,2026-09-24T08:27:13.478638+00:00
4159,0.5,2026-09-24T08:27:13.479545+00:00
4160,0.571,2026-09-24T08:27:13.480579+00:00
4161,0.5199999999999999,2026-09-24T08:27:13.481696+00:00
4162,0.521,2026-09-24T08:27:13.482662+00:00
4163,0.477,2026-09-24T08:27:13.483582+00:00
4164,0.513,2026-09-24T08:27:13.484551+00:00
4165,0.495,2026-09-24T08:27:13.485490+00:00
4166,0.48500000000000004,2026-09-24T08:27:13.486477+00:00
4167,0.46900000000000003,2026-09-24T08:27:13.487424+00:00
4168,0.5609999999999999,2026-09-24T08:27:13.488445+00:00
4169,0.5,2026-09-24T08:27:13.489361+00:00
4170,0.477,2026-09-24T08:27:13.490304+00:00
4171,0.5,2026-09-24T08:27:13.491280+00:00
4172,0.481,2026-09-24T08:27:13.492205+00:00
4173,0.501,2026-09-24T08:27:13.493169+00:00
4174,0.592,2026-09-24T08:27:13.494247+00:00
4175,0.531,2026-09-24T08:27:13.495227+00:00
4176,0.523,2026-09-24T08:27:13.496224+00:00
4177,0.482,2026-09-24T08:27:13.497150+00:00
4178,1.171,2026-09-24T08:27:13.498802+00:00
4179,0.523,2026-09-24T08:27:13.499866+00:00
4180,0.515,2026-09-24T08:27:13.500852+00:00
4181,0.527,2026-09-24T08:27:13.501839+00:00
4182,0.535,2026-09-24T08:27:13.502826+00:00
4183,0.508,2026-09-24T08:27:13.503810+00:00
4184,0.747,2026-09-24T08:27:13.505042+00:00
4185,0.5640000000000001,2026-09-24T08:27:13.505982+00:00
4186,0.53,2026-09-24T08:27:13.506983+00:00
4187,0.502,2026-09-24T08:27:13.507924+00:00
4188,0.517,2026-09-24T08:27:13.508903+00:00
4189,0.5109999999999999,2026-09-24T08:27:13.509880+00:00
4190,0.5109999999999999,2026-09-24T08:27:13.511052+00:00
4191,0.5199999999999999,2026-09-24T08:27:13.512041+00:00
4192,0.494,2026-09-24T08:27:13.512997+00:00
4193,0.49799999999999994,2026-09-24T08:27:13.513966+00:00
4194,0.64,2026-09-24T08:27:13.515168+00:00
4195,0.609,2026-09-24T08:27:13.516496+00:00
4196,0.549,2026-09-24T08:27:13.517608+00:00
4197,0.5509999999999999,2026-09-24T08:27:13.518687+00:00
4198,0.524,2026-09-24T08:27:13.519720+00:00
4199,0.509,2026-09-24T08:27:13.520709+00:00
4200,0.528,2026-09-24T08:27:13.521714+00:00
4201,0.5630000000000001,2026-09-24T08:27:13.522771+00:00
4202,0.504,2026-09-24T08:27:13.523718+00:00
4203,0.754,2026-09-24T08:27:13.524968+00:00
4204,0.732,2026-09-24T08:27:13.526234+00:00
4205,0.513,2026-09-24T08:27:13.527355+00:00
4206,0.53,2026-09-24T08:27:13.528350+00:00
4207,0.505,2026-09-24T08:27:13.529331+00:00
4208,0.47,2026-09-24T08:27:13.530281+00:00
4209,0.47600000000000003,2026-09-24T08:27:13.531223+00:00
4210,0.6849999999999999,2026-09-24T08:27:13.532430+00:00
4211,0.5599999999999999,2026-09-24T08:27:13.533459+00:00
4212,0.521,2026-09-24T08:27:13.534446+00:00
4213,0.46299999999999997,2026-09-24T08:27:13.535374+00:00
4214,0.521,2026-09-24T08:27:13.536387+00:00
4215,0.49299999999999994,2026-09-24T08:27:13.537363+00:00
4216,0.45399999999999996,2026-09-24T08:27:13.538279+00:00
4217,0.46099999999999997,2026-09-24T08:27:13.539208+00:00
4218,0.47800000000000004,2026-09-24T08:27:13.540187+00:00
4219,0.761,2026-09-24T08:27:13.541564+00:00
4220,0.6539999999999999,2026-09-24T08:27:13.542856+00:00
4221,0.637,2026-09-24T08:27:13.543963+00:00
4222,0.584,2026-09-24T08:27:13.545012+00:00
4223,0.607,2026-09-24T08:27:13.546095+00:00
4224,0.7200000000000001,2026-09-24T08:27:13.547337+00:00
4225,0.75,2026-09-24T08:27:13.548600+00:00
4226,0.856,2026-09-24T08:27:13.550061+00:00
4227,0.636,2026-09-24T08:27:13.551222+00:00
4228,0.6,2026-09-24T08:27:13.552310+00:00
4229,0.628,2026-09-24T08:27:13.553422+00:00
4230,0.606,2026-09-24T08:27:13.554516+00:00
4231,0.612,2026-09-24T08:27:13.555567+00:00
4232,0.588,2026-09-24T08:27:13.556634+00:00
4233,0.5910000000000001,2026-09-24T08:27:13.557737+00:00
4234,0.636,2026-09-24T08:27:13.558841+00:00
4235,0.626,2026-09-24T08:27:13.560092+00:00
4236,0.602,2026-09-24T08:27:13.561164+00:00
4237,0.5950000000000001,2026-09-24T08:27:13.562256+00:00
4238,0.578,2026-09-24T08:27:13.563335+00:00
4239,0.578,2026-09-24T08:27:13.564401+00:00
4240,0.6,2026-09-24T08:27:13.565493+00:00
4241,0.6849999999999999,2026-09-24T08:27:13.566657+00:00
4242,0.616,2026-09-24T08:27:13.567759+00:00
4243,0.596,2026-09-24T08:27:13.568833+00:00
4244,0.648,2026-09-24T08:27:13.570008+00:00
4245,0.637,2026-09-24T08:27:13.571228+00:00
4246,0.646,2026-09-24T08:27:13.572374+00:00
4247,0.634,2026-09-24T08:27:13.573545+00:00
4248,0.628,2026-09-24T08:27:13.574695+00:00
4249,0.673,2026-09-24T08:27:13.576034+00:00
4250,0.602,2026-09-24T08:27:13.577171+00:00
4251,0.6449999999999999,2026-09-24T08:27:13.578346+00:00
4252,0.713,2026-09-24T08:27:13.579616+00:00
4253,0.647,2026-09-24T08:27:13.580717+00:00
4254,0.618,2026-09-24T08:27:13.581827+00:00
4255,0.608,2026-09-24T08:27:13.582927+00:00
4256,0.618,2026-09-24T08:27:13.584018+00:00
4257,0.587,2026-09-24T08:27:13.585124+00:00
4258,0.5900000000000001,2026-09-24T08:27:13.586201+00:00
4259,0.5820000000000001,2026-09-24T08:27:13.587288+00:00
4260,0.618,2026-09-24T08:27:13.588392+00:00
4261,0.616,2026-09-24T08:27:13.589478+00:00
4262,0.592,2026-09-24T08:27:13.590503+00:00
4263,0.611,2026-09-24T08:27:13.591591+00:00
4264,0.612,2026-09-24T08:27:13.592903+00:00
4265,0.625,2026-09-24T08:27:13.594027+00:00
4266,0.5760000000000001,2026-09-24T08:27:13.595092+00:00
4267,0.5469999999999999,2026-09-24T08:27:13.596136+00:00
4268,0.622,2026-09-24T08:27:13.597259+00:00
4269,0.589,2026-09-24T08:27:13.598310+00:00
4270,0.639,2026-09-24T08:27:13.599444+00:00
4271,0.574,2026-09-24T08:27:13.600480+00:00
4272,0.569,2026-09-24T08:27:13.601529+00:00
4273,0.629,2026-09-24T08:27:13.602647+00:00
4274,0.63,2026-09-24T08:27:13.603758+00:00
4275,0.61,2026-09-24T08:27:13.604829+00:00
4276,0.621,2026-09-24T08:27:13.605935+00:00
4277,0.585,2026-09-24T08:27:13.607026+00:00
4278,0.593,2026-09-24T08:27:13.608107+00:00
4279,0.6,2026-09-24T08:27:13.609347+00:00
4280,0.5479999999999999,2026-09-24T08:27:13.610386+00:00
4281,0.7200000000000001,2026-09-24T08:27:13.611620+00:00
4282,1.229,2026-09-24T08:27:13.613435+00:00
4283,0.895,2026-09-24T08:27:13.614519+00:00
4284,0.757,2026-09-24T08:27:13.615621+00:00
4285,0.723,2026-09-24T08:27:13.616679+00:00
4286,0.6920000000000001,2026-09-24T08:27:13.617713+00:00
4287,0.671,2026-09-24T08:27:13.618737+00:00
4288,0.6589999999999999,2026-09-24T08:27:13.619774+00:00
4289,0.653,2026-09-24T08:27:13.620720+00:00
4290,0.669,2026-09-24T08:27:13.621708+00:00
4291,0.669,2026-09-24T08:27:13.622670+00:00
4292,0.7060000000000001,2026-09-24T08:27:13.623652+00:00
4293,0.526,2026-09-24T08:27:13.624461+00:00
4294,0.525,2026-09-24T08:27:13.625535+00:00
4295,0.47100000000000003,2026-09-24T08:27:13.626494+00:00
4296,0.46599999999999997,2026-09-24T08:27:13.627444+00:00
4297,0.47100000000000003,2026-09-24T08:27:13.628401+00:00
4298,0.484,2026-09-24T08:27:13.629356+00:00
4299,0.456,2026-09-24T08:27:13.630299+00:00
4300,0.523,2026-09-24T08:27:13.631312+00:00
4301,0.501,2026-09-24T08:27:13.632311+00:00
4302,0.45399999999999996,2026-09-24T08:27:13.633253+00:00
4303,0.488,2026-09-24T08:27:13.634237+00:00
4304,0.8720000000000001,2026-09-24T08:27:13.636092+00:00
4305,0.626,2026-09-24T08:27:13.637266+00:00
4306,0.5569999999999999,2026-09-24T08:27:13.638306+00:00
4307,0.515,2026-09-24T08:27:13.639322+00:00
4308,0.528,2026-09-24T08:27:13.640363+00:00
4309,0.513,2026-09-24T08:27:13.641558+00:00
4310,0.509,2026-09-24T08:27:13.642549+00:00
4311,0.504,2026-09-24T08:27:13.643520+00:00
4312,0.507,2026-09-24T08:27:13.644527+00:00
4313,0.48899999999999993,2026-09-24T08:27:13.645513+00:00
4314,0.528,2026-09-24T08:27:13.646546+00:00
4315,0.51,2026-09-24T08:27:13.647573+00:00
4316,0.49700000000000005,2026-09-24T08:27:13.648551+00:00
4317,0.507,2026-09-24T08:27:13.649543+00:00
4318,0.496,2026-09-24T08:27:13.650539+00:00
4319,0.518,2026-09-24T08:27:13.651538+00:00
4320,0.49200000000000005,2026-09-24T08:27:13.652557+00:00
4321,0.5519999999999999,2026-09-24T08:27:13.653614+00:00
4322,0.525,2026-09-24T08:27:13.654625+00:00
4323,0.503,2026-09-24T08:27:13.655674+00:00
4324,0.491,2026-09-24T08:27:13.656618+00:00
4325,0.49799999999999994,2026-09-24T08:27:13.657640+00:00
4326,0.46900000000000003,2026-09-24T08:27:13.658588+00:00
4327,0.48899999999999993,2026-09-24T08:27:13.659554+00:00
4328,0.48700000000000004,2026-09-24T08:27:13.660571+00:00
4329,0.5720000000000001,2026-09-24T08:27:13.661637+00:00
4330,0.48500000000000004,2026-09-24T08:27:13.662579+00:00
4331,0.482,2026-09-24T08:27:13.663544+00:00
4332,0.519,2026-09-24T08:27:13.664550+00:00
4333,0.518,2026-09-24T08:27:13.665552+00:00
4334,0.503,2026-09-24T08:27:13.666525+00:00
4335,0.5609999999999999,2026-09-24T08:27:13.667670+00:00
4336,1.1440000000000001,2026-09-24T08:27:13.669677+00:00
4337,0.8450000000000001,2026-09-24T08:27:13.671120+00:00
4338,0.7649999999999999,2026-09-24T08:27:13.672691+00:00
4339,0.76,2026-09-24T08:27:13.674112+00:00
4340,0.739,2026-09-24T08:27:13.675703+00:00
4341,0.744,2026-09-24T08:27:13.677080+00:00
4342,0.617,2026-09-24T08:27:13.678267+00:00
4343,0.764,2026-09-24T08:27:13.679655+00:00
4344,0.669,2026-09-24T08:27:13.680872+00:00
4345,0.651,2026-09-24T08:27:13.682131+00:00
4346,0.748,2026-09-24T08:27:13.683558+00:00
4347,0.8270000000000001,2026-09-24T08:27:13.685136+00:00
4348,0.8,2026-09-24T08:27:13.686612+00:00
4349,0.851,2026-09-24T08:27:13.688058+00:00
4350,0.643,2026-09-24T08:27:13.689318+00:00
4351,0.6539999999999999,2026-09-24T08:27:13.690562+00:00
4352,0.6669999999999999,2026-09-24T08:27:13.691820+00:00
4353,0.847,2026-09-24T08:27:13.693596+00:00
4354,0.823,2026-09-24T08:27:13.695470+00:00
4355,1.034,2026-09-24T08:27:13.697154+00:00
4356,0.8109999999999999,2026-09-24T08:27:13.698633+00:00
4357,0.964,2026-09-24T08:27:13.700268+00:00
4358,0.574,2026-09-24T08:27:13.701297+00:00
4359,0.523,2026-09-24T08:27:13.702333+00:00
4360,0.525,2026-09-24T08:27:13.703389+00:00
4361,0.524,2026-09-24T08:27:13.704457+00:00
4362,0.509,2026-09-24T08:27:13.705451+00:00
4363,0.536,2026-09-24T08:27:13.706479+00:00
4364,0.532,2026-09-24T08:27:13.707534+00:00
4365,0.482,2026-09-24T08:27:13.708545+00:00
4366,0.5569999999999999,2026-09-24T08:27:13.709611+00:00
4367,0.479,2026-09-24T08:27:13.710494+00:00
4368,0.5640000000000001,2026-09-24T08:27:13.711632+00:00
4369,0.514,2026-09-24T08:27:13.712593+00:00
4370,0.472,2026-09-24T08:27:13.713561+00:00
4371,0.579,2026-09-24T08:27:13.714604+00:00
4372,0.565,2026-09-24T08:27:13.715674+00:00
4373,0.516,2026-09-24T08:27:13.716783+00:00
4374,0.527,2026-09-24T08:27:13.717796+00:00
4375,0.503,2026-09-24T08:27:13.718741+00:00
4376,0.5519999999999999,2026-09-24T08:27:13.719740+00:00
4377,0.506,2026-09-24T08:27:13.720726+00:00
4378,0.5199999999999999,2026-09-24T08:27:13.721698+00:00
4379,0.5479999999999999,2026-09-24T08:27:13.722699+00:00
4380,0.513,2026-09-24T08:27:13.723716+00:00
4381,0.527,2026-09-24T08:27:13.724698+00:00
4382,0.512,2026-09-24T08:27:13.725677+00:00
4383,0.521,2026-09-24T08:27:13.726741+00:00
4384,0.504,2026-09-24T08:27:13.727703+00:00
4385,0.501,2026-09-24T08:27:13.728643+00:00
4386,0.47600000000000003,2026-09-24T08:27:13.729562+00:00
4387,0.507,2026-09-24T08:27:13.730528+00:00
4388,0.5,2026-09-24T08:27:13.731502+00:00
4389,0.54,2026-09-24T08:27:13.732486+00:00
4390,0.5519999999999999,2026-09-24T08:27:13.733482+00:00
4391,0.5640000000000001,2026-09-24T08:27:13.734480+00:00
4392,0.535,2026-09-24T08:27:13.735449+00:00
4393,0.524,2026-09-24T08:27:13.736403+00:00
4394,0.526,2026-09-24T08:27:13.737394+00:00
4395,0.575,2026-09-24T08:27:13.738446+00:00
4396,0.587,2026-09-24T08:27:13.739469+00:00
4397,0.5730000000000001,2026-09-24T08:27:13.740526+00:00
4398,0.535,2026-09-24T08:27:13.741524+00:00
4399,0.515,2026-09-24T08:27:13.742518+00:00
4400,0.518,2026-09-24T08:27:13.743467+00:00
4401,0.495,2026-09-24T08:27:13.744424+00:00
4402,0.491,2026-09-24T08:27:13.745335+00:00
4403,1.03,2026-09-24T08:27:13.746817+00:00
4404,0.832,2026-09-24T08:27:13.747733+00:00
4405,0.7380000000000001,2026-09-24T08:27:13.748740+00:00
4406,0.657,2026-09-24T08:27:13.749775+00:00
4407,0.5720000000000001,2026-09-24T08:27:13.750729+00:00
4408,0.555,2026-09-24T08:27:13.751663+00:00
4409,0.545,2026-09-24T08:27:13.752568+00:00
4410,0.524,2026-09-24T08:27:13.753476+00:00
4411,0.5599999999999999,2026-09-24T08:27:13.754450+00:00
4412,0.5569999999999999,2026-09-24T08:27:13.755538+00:00
4413,0.6130000000000001,2026-09-24T08:27:13.756643+00:00
4414,0.5429999999999999,2026-09-24T08:27:13.757599+00:00
4415,0.5599999999999999,2026-09-24T08:27:13.758560+00:00
4416,0.5519999999999999,2026-09-24T08:27:13.759527+00:00
4417,0.559,2026-09-24T08:27:13.760484+00:00
4418,0.562,2026-09-24T08:27:13.761421+00:00
4419,0.5640000000000001,2026-09-24T08:27:13.762339+00:00
4420,0.5339999999999999,2026-09-24T08:27:13.763306+00:00
4421,0.588,2026-09-24T08:27:13.764365+00:00
4422,0.5910000000000001,2026-09-24T08:27:13.765434+00:00
4423,0.747,2026-09-24T08:27:13.766618+00:00
4424,0.607,2026-09-24T08:27:13.767531+00:00
4425,0.661,2026-09-24T08:27:13.768659+00:00
4426,0.747,2026-09-24T08:27:13.770107+00:00
4427,0.615,2026-09-24T08:27:13.771369+00:00
4428,0.6449999999999999,2026-09-24T08:27:13.772585+00:00
4429,0.66,2026-09-24T08:27:13.773715+00:00
4430,0.5630000000000001,2026-09-24T08:27:13.774770+00:00
4431,0.621,2026-09-24T08:27:13.775878+00:00
4432,0.594,2026-09-24T08:27:13.776984+00:00
4433,0.539,2026-09-24T08:27:13.778019+00:00
4434,0.5569999999999999,2026-09-24T08:27:13.779059+00:00
4435,0.522,2026-09-24T08:27:13.780095+00:00
4436,0.521,2026-09-24T08:27:13.781134+00:00
4437,0.571,2026-09-24T08:27:13.782204+00:00
4438,0.514,2026-09-24T08:27:13.783211+00:00
4439,0.5569999999999999,2026-09-24T08:27:13.784245+00:00
4440,0.524,2026-09-24T08:27:13.785248+00:00
4441,0.569,2026-09-24T08:27:13.786310+00:00
4442,0.5599999999999999,2026-09-24T08:27:13.787452+00:00
4443,0.533,2026-09-24T08:27:13.788458+00:00
4444,0.549,2026-09-24T08:27:13.789464+00:00
4445,0.574,2026-09-24T08:27:13.790499+00:00
4446,0.5760000000000001,2026-09-24T08:27:13.791519+00:00
4447,0.569,2026-09-24T08:27:13.792513+00:00
4448,0.629,2026-09-24T08:27:13.793618+00:00
4449,0.733,2026-09-24T08:27:13.794974+00:00
4450,0.6130000000000001,2026-09-24T08:27:13.796117+00:00
4451,0.545,2026-09-24T08:27:13.797178+00:00
4452,0.5720000000000001,2026-09-24T08:27:13.798243+00:00
4453,0.5109999999999999,2026-09-24T08:27:13.799235+00:00
4454,0.544,2026-09-24T08:27:13.800272+00:00
4455,0.5720000000000001,2026-09-24T08:27:13.801316+00:00
4456,0.642,2026-09-24T08:27:13.802571+00:00
4457,0.594,2026-09-24T08:27:13.803669+00:00
4458,0.55,2026-09-24T08:27:13.804714+00:00
4459,0.571,2026-09-24T08:27:13.805739+00:00
4460,0.707,2026-09-24T08:27:13.806911+00:00
4461,1.074,2026-09-24T08:27:13.808703+00:00
4462,0.8899999999999999,2026-09-24T08:27:13.809875+00:00
4463,0.937,2026-09-24T08:27:13.811558+00:00
4464,0.846,2026-09-24T08:27:13.813047+00:00
4465,0.791,2026-09-24T08:27:13.814421+00:00
4466,0.734,2026-09-24T08:27:13.815757+00:00
4467,0.763,2026-09-24T08:27:13.817082+00:00
4468,1.0610000000000002,2026-09-24T08:27:13.818716+00:00
4469,0.8170000000000001,2026-09-24T08:27:13.819755+00:00
4470,0.6849999999999999,2026-09-24T08:27:13.820975+00:00
4471,0.673,2026-09-24T08:27:13.822304+00:00
4472,0.7290000000000001,2026-09-24T08:27:13.823638+00:00
4473,0.679,2026-09-24T08:27:13.824970+00:00
4474,0.68,2026-09-24T08:27:13.826256+00:00
4475,0.6679999999999999,2026-09-24T08:27:13.827508+00:00
4476,0.71,2026-09-24T08:27:13.828819+00:00
4477,0.694,2026-09-24T08:27:13.830100+00:00
4478,0.623,2026-09-24T08:27:13.831329+00:00
4479,0.651,2026-09-24T08:27:13.832576+00:00
4480,0.6449999999999999,2026-09-24T08:27:13.833867+00:00
4481,0.713,2026-09-24T08:27:13.835226+00:00
4482,0.648,2026-09-24T08:27:13.836471+00:00
4483,0.71,2026-09-24T08:27:13.837765+00:00
4484,0.6449999999999999,2026-09-24T08:27:13.838988+00:00
4485,0.626,2026-09-24T08:27:13.840219+00:00
4486,0.646,2026-09-24T08:27:13.841603+00:00
4487,0.805,2026-09-24T08:27:13.843046+00:00
4488,0.662,2026-09-24T08:27:13.844335+00:00
4489,0.675,2026-09-24T08:27:13.845602+00:00
4490,0.773,2026-09-24T08:27:13.846951+00:00
4491,0.763,2026-09-24T08:27:13.848221+00:00
4492,0.787,2026-09-24T08:27:13.849608+00:00
4493,0.803,2026-09-24T08:27:13.851086+00:00
4494,0.624,2026-09-24T08:27:13.852332+00:00
4495,0.635,2026-09-24T08:27:13.853790+00:00
4496,0.639,2026-09-24T08:27:13.855091+00:00
4497,0.5910000000000001,2026-09-24T08:27:13.856152+00:00
4498,0.661,2026-09-24T08:27:13.857459+00:00
4499,1.36,2026-09-24T08:27:13.859672+00:00
4500,0.874,2026-09-24T08:27:13.861277+00:00
4501,0.85,2026-09-24T08:27:13.863061+00:00
4502,0.762,2026-09-24T08:27:13.864461+00:00
4503,0.7789999999999999,2026-09-24T08:27:13.865902+00:00
4504,0.804,2026-09-24T08:27:13.867401+00:00
4505,0.7200000000000001,2026-09-24T08:27:13.868815+00:00
4506,0.723,2026-09-24T08:27:13.870171+00:00
4507,0.721,2026-09-24T08:27:13.871476+00:00
4508,0.755,2026-09-24T08:27:13.872814+00:00
4509,0.909,2026-09-24T08:27:13.874379+00:00
4510,0.851,2026-09-24T08:27:13.875883+00:00
4511,0.666,2026-09-24T08:27:13.877112+00:00
4512,0.9269999999999999,2026-09-24T08:27:13.878733+00:00
4513,0.755,2026-09-24T08:27:13.880064+00:00
4514,0.7,2026-09-24T08:27:13.881372+00:00
4515,0.655,2026-09-24T08:27:13.882571+00:00
4516,0.7,2026-09-24T08:27:13.883974+00:00
4517,0.614,2026-09-24T08:27:13.885143+00:00
4518,0.6930000000000001,2026-09-24T08:27:13.886524+00:00
4519,1.105,2026-09-24T08:27:13.888193+00:00
4520,1.0690000000000002,2026-09-24T08:27:13.889982+00:00
4521,1.029,2026-09-24T08:27:13.891879+00:00
4522,0.92,2026-09-24T08:27:13.893470+00:00
4523,0.868,2026-09-24T08:27:13.895087+00:00
4524,0.8220000000000001,2026-09-24T08:27:13.896619+00:00
4525,0.8720000000000001,2026-09-24T08:27:13.898103+00:00
4526,0.8009999999999999,2026-09-24T08:27:13.899484+00:00
4527,0.761,2026-09-24T08:27:13.900757+00:00
4528,0.789,2026-09-24T08:27:13.902149+00:00
4529,1.153,2026-09-24T08:27:13.903869+00:00
4530,1.231,2026-09-24T08:27:13.906371+00:00
4531,0.92,2026-09-24T08:27:13.907873+00:00
4532,0.8170000000000001,2026-09-24T08:27:13.909080+00:00
4533,0.821,2026-09-24T08:27:13.910373+00:00
4534,0.9610000000000001,2026-09-24T08:27:13.911887+00:00
4535,1.044,2026-09-24T08:27:13.913370+00:00
4536,1.0250000000000001,2026-09-24T08:27:13.914960+00:00
4537,0.9169999999999999,2026-09-24T08:27:13.916446+00:00
4538,0.6890000000000001,2026-09-24T08:27:13.917670+00:00
4539,0.633,2026-09-24T08:27:13.918772+00:00
4540,0.569,2026-09-24T08:27:13.919787+00:00
4541,0.58,2026-09-24T08:27:13.920817+00:00
4542,1.3010000000000002,2026-09-24T08:27:13.922638+00:00
4543,0.954,2026-09-24T08:27:13.924206+00:00
4544,1.307,2026-09-24T08:27:13.926475+00:00
4545,1.052,2026-09-24T08:27:13.929148+00:00
4546,0.803,2026-09-24T08:27:13.930517+00:00
4547,1.204,2026-09-24T08:27:13.932467+00:00
4548,0.7020000000000001,2026-09-24T08:27:13.933306+00:00
4549,0.621,2026-09-24T08:27:13.934342+00:00
4550,0.8540000000000001,2026-09-24T08:27:13.935969+00:00
4551,0.614,2026-09-24T08:27:13.937168+00:00
4552,0.699,2026-09-24T08:27:13.939351+00:00
4553,0.48700000000000004,2026-09-24T08:27:13.940349+00:00
4554,0.517,2026-09-24T08:27:13.941375+00:00
4555,0.481,2026-09-24T08:27:13.942350+00:00
4556,0.47300000000000003,2026-09-24T08:27:13.943320+00:00
4557,0.443,2026-09-24T08:27:13.944222+00:00
4558,0.467,2026-09-24T08:27:13.945204+00:00
4559,0.517,2026-09-24T08:27:13.946161+00:00
4560,0.696,2026-09-24T08:27:13.947676+00:00
4561,0.6489999999999999,2026-09-24T08:27:13.948845+00:00
4562,0.47600000000000003,2026-09-24T08:27:13.949790+00:00
4563,0.512,2026-09-24T08:27:13.950772+00:00
4564,0.48000000000000004,2026-09-24T08:27:13.951718+00:00
4565,0.453,2026-09-24T08:27:13.952632+00:00
4566,0.46599999999999997,2026-09-24T08:27:13.953567+00:00
4567,0.516,2026-09-24T08:27:13.954571+00:00
4568,0.47600000000000003,2026-09-24T08:27:13.955491+00:00
4569,0.429,2026-09-24T08:27:13.956386+00:00
4570,0.47,2026-09-24T08:27:13.957324+00:00
4571,0.516,2026-09-24T08:27:13.958422+00:00
4572,0.428,2026-09-24T08:27:13.959314+00:00
4573,0.434,2026-09-24T08:27:13.960225+00:00
4574,0.483,2026-09-24T08:27:13.961258+00:00
4575,0.479,2026-09-24T08:27:13.962373+00:00
4576,0.51,2026-09-24T08:27:13.963435+00:00
4577,0.444,2026-09-24T08:27:13.964334+00:00
4578,0.651,2026-09-24T08:27:13.965560+00:00
4579,0.545,2026-09-24T08:27:13.966632+00:00
4580,0.583,2026-09-24T08:27:13.967747+00:00
4581,0.665,2026-09-24T08:27:13.968981+00:00
4582,0.599,2026-09-24T08:27:13.969997+00:00
4583,0.532,2026-09-24T08:27:13.970956+00:00
4584,0.5770000000000001,2026-09-24T08:27:13.972004+00:00
4585,0.549,2026-09-24T08:27:13.973022+00:00
4586,0.513,2026-09-24T08:27:13.974017+00:00
4587,0.5199999999999999,2026-09-24T08:27:13.975022+00:00
4588,0.508,2026-09-24T08:27:13.975999+00:00
4589,0.5429999999999999,2026-09-24T08:27:13.977009+00:00
4590,0.517,2026-09-24T08:27:13.978144+00:00
4591,0.541,2026-09-24T08:27:13.979160+00:00
4592,0.5109999999999999,2026-09-24T08:27:13.980157+00:00
4593,0.526,2026-09-24T08:27:13.981193+00:00
4594,0.503,2026-09-24T08:27:13.982161+00:00
4595,0.516,2026-09-24T08:27:13.983188+00:00
4596,0.526,2026-09-24T08:27:13.984221+00:00
4597,0.539,2026-09-24T08:27:13.985229+00:00
4598,0.5419999999999999,2026-09-24T08:27:13.986454+00:00
4599,0.5630000000000001,2026-09-24T08:27:13.987511+00:00
4600,0.5569999999999999,2026-09-24T08:27:13.988559+00:00
4601,0.5519999999999999,2026-09-24T08:27:13.989604+00:00
4602,0.532,2026-09-24T08:27:13.990668+00:00
4603,0.5730000000000001,2026-09-24T08:27:13.991741+00:00
4604,0.603,2026-09-24T08:27:13.992935+00:00
4605,0.554,2026-09-24T08:27:13.993987+00:00
4606,0.616,2026-09-24T08:27:13.995145+00:00
4607,0.522,2026-09-24T08:27:13.996180+00:00
4608,0.484,2026-09-24T08:27:13.997183+00:00
4609,0.5469999999999999,2026-09-24T08:27:13.998278+00:00
4610,0.5379999999999999,2026-09-24T08:27:13.999436+00:00
4611,0.67,2026-09-24T08:27:14.000971+00:00
4612,0.643,2026-09-24T08:27:14.002118+00:00
4613,0.778,2026-09-24T08:27:14.003497+00:00
4614,0.625,2026-09-24T08:27:14.004657+00:00
4615,0.5419999999999999,2026-09-24T08:27:14.005720+00:00
4616,0.519,2026-09-24T08:27:14.006727+00:00
4617,0.5519999999999999,2026-09-24T08:27:14.007766+00:00
4618,0.522,2026-09-24T08:27:14.008778+00:00
4619,0.588,2026-09-24T08:27:14.009934+00:00
4620,0.5630000000000001,2026-09-24T08:27:14.011024+00:00
4621,0.546,2026-09-24T08:27:14.012081+00:00
4622,0.533,2026-09-24T08:27:14.013122+00:00
4623,0.513,2026-09-24T08:27:14.014105+00:00
4624,0.495,2026-09-24T08:27:14.015086+00:00
4625,0.519,2026-09-24T08:27:14.016068+00:00
4626,0.51,2026-09-24T08:27:14.017088+00:00
4627,0.48899999999999993,2026-09-24T08:27:14.018076+00:00
4628,0.5289999999999999,2026-09-24T08:27:14.019143+00:00
4629,0.532,2026-09-24T08:27:14.020207+00:00
4630,0.53,2026-09-24T08:27:14.021224+00:00
4631,0.495,2026-09-24T08:27:14.022169+00:00
4632,0.558,2026-09-24T08:27:14.023230+00:00
4633,0.49799999999999994,2026-09-24T08:27:14.024196+00:00
4634,0.522,2026-09-24T08:27:14.025324+00:00
4635,0.508,2026-09-24T08:27:14.026320+00:00
4636,0.535,2026-09-24T08:27:14.027375+00:00
4637,0.53,2026-09-24T08:27:14.028446+00:00
4638,0.531,2026-09-24T08:27:14.029450+00:00
4639,0.559,2026-09-24T08:27:14.030472+00:00
4640,0.5,2026-09-24T08:27:14.031449+00:00
4641,0.553,2026-09-24T08:27:14.032488+00:00
4642,0.522,2026-09-24T08:27:14.033481+00:00
4643,0.7739999999999999,2026-09-24T08:27:14.034779+00:00
4644,0.856,2026-09-24T08:27:14.036151+00:00
4645,0.7919999999999999,2026-09-24T08:27:14.037689+00:00
4646,0.617,2026-09-24T08:27:14.038828+00:00
4647,0.558,2026-09-24T08:27:14.039859+00:00
4648,0.602,2026-09-24T08:27:14.040922+00:00
4649,0.5810000000000001,2026-09-24T08:27:14.042185+00:00
4650,0.796,2026-09-24T08:27:14.043518+00:00
4651,0.7929999999999999,2026-09-24T08:27:14.044818+00:00
4652,0.615,2026-09-24T08:27:14.045787+00:00
4653,0.5429999999999999,2026-09-24T08:27:14.046766+00:00
4654,0.533,2026-09-24T08:27:14.047747+00:00
4655,0.5109999999999999,2026-09-24T08:27:14.048714+00:00
4656,0.5519999999999999,2026-09-24T08:27:14.049704+00:00
4657,1.109,2026-09-24T08:27:14.051304+00:00
4658,0.746,2026-09-24T08:27:14.052200+00:00
4659,0.615,2026-09-24T08:27:14.053124+00:00
4660,0.5599999999999999,2026-09-24T08:27:14.054059+00:00
4661,0.5609999999999999,2026-09-24T08:27:14.054981+00:00
4662,0.731,2026-09-24T08:27:14.056104+00:00
4663,0.621,2026-09-24T08:27:14.057103+00:00
4664,0.593,2026-09-24T08:27:14.058136+00:00
4665,0.9740000000000001,2026-09-24T08:27:14.059613+00:00
4666,0.638,2026-09-24T08:27:14.060319+00:00
4667,0.768,2026-09-24T08:27:14.061504+00:00
4668,0.739,2026-09-24T08:27:14.062409+00:00
4669,0.763,2026-09-24T08:27:14.063386+00:00
4670,0.7290000000000001,2026-09-24T08:27:14.064329+00:00
4671,0.716,2026-09-24T08:27:14.065267+00:00
4672,0.79,2026-09-24T08:27:14.066253+00:00
4673,0.743,2026-09-24T08:27:14.067276+00:00
4674,0.8109999999999999,2026-09-24T08:27:14.068759+00:00
4675,0.657,2026-09-24T08:27:14.069735+00:00
4676,0.629,2026-09-24T08:27:14.070857+00:00
4677,0.976,2026-09-24T08:27:14.072262+00:00
4678,0.5730000000000001,2026-09-24T08:27:14.073208+00:00
4679,0.587,2026-09-24T08:27:14.074228+00:00
4680,0.752,2026-09-24T08:27:14.075634+00:00
4681,0.5640000000000001,2026-09-24T08:27:14.076609+00:00
4682,0.5720000000000001,2026-09-24T08:27:14.077630+00:00
4683,0.54,2026-09-24T08:27:14.078594+00:00
4684,0.61,2026-09-24T08:27:14.079715+00:00
4685,0.5720000000000001,2026-09-24T08:27:14.080711+00:00
4686,0.555,2026-09-24T08:27:14.081682+00:00
4687,0.671,2026-09-24T08:27:14.082716+00:00
4688,0.588,2026-09-24T08:27:14.083763+00:00
4689,0.526,2026-09-24T08:27:14.084725+00:00
4690,0.5,2026-09-24T08:27:14.085691+00:00
4691,0.526,2026-09-24T08:27:14.086643+00:00
4692,0.513,2026-09-24T08:27:14.087573+00:00
4693,0.569,2026-09-24T08:27:14.088667+00:00
4694,0.515,2026-09-24T08:27:14.089681+00:00
4695,0.482,2026-09-24T08:27:14.090605+00:00
4696,0.47100000000000003,2026-09-24T08:27:14.091517+00:00
4697,0.5,2026-09-24T08:27:14.092460+00:00
4698,0.46799999999999997,2026-09-24T08:27:14.093362+00:00
4699,0.602,2026-09-24T08:27:14.094390+00:00
4700,0.601,2026-09-24T08:27:14.095519+00:00
4701,0.526,2026-09-24T08:27:14.096450+00:00
4702,0.535,2026-09-24T08:27:14.097433+00:00
4703,0.522,2026-09-24T08:27:14.098365+00:00
4704,0.633,2026-09-24T08:27:14.099513+00:00
4705,0.48700000000000004,2026-09-24T08:27:14.100395+00:00
4706,0.5509999999999999,2026-09-24T08:27:14.101438+00:00
4707,0.505,2026-09-24T08:27:14.102332+00:00
4708,0.477,2026-09-24T08:27:14.103329+00:00
4709,0.518,2026-09-24T08:27:14.104331+00:00
4710,0.55,2026-09-24T08:27:14.105319+00:00
4711,0.484,2026-09-24T08:27:14.106342+00:00
4712,0.49700000000000005,2026-09-24T08:27:14.107383+00:00
4713,0.47100000000000003,2026-09-24T08:27:14.108324+00:00
4714,0.541,2026-09-24T08:27:14.109322+00:00
4715,0.5,2026-09-24T08:27:14.110275+00:00
4716,0.482,2026-09-24T08:27:14.111197+00:00
4717,0.482,2026-09-24T08:27:14.112141+00:00
4718,0.491,2026-09-24T08:27:14.113165+00:00
4719,0.502,2026-09-24T08:27:14.114137+00:00
4720,0.5810000000000001,2026-09-24T08:27:14.115291+00:00
4721,0.769,2026-09-24T08:27:14.116557+00:00
4722,0.6980000000000001,2026-09-24T08:27:14.117498+00:00
4723,0.614,2026-09-24T08:27:14.118661+00:00
4724,0.517,2026-09-24T08:27:14.119636+00:00
4725,0.502,2026-09-24T08:27:14.120611+00:00
4726,0.479,2026-09-24T08:27:14.121555+00:00
4727,0.49,2026-09-24T08:27:14.122542+00:00
4728,0.482,2026-09-24T08:27:14.123470+00:00
4729,0.44,2026-09-24T08:27:14.124391+00:00
4730,0.47300000000000003,2026-09-24T08:27:14.125382+00:00
4731,0.464,2026-09-24T08:27:14.126343+00:00
4732,0.467,2026-09-24T08:27:14.127314+00:00
4733,0.457,2026-09-24T08:27:14.128240+00:00
4734,0.465,2026-09-24T08:27:14.129237+00:00
4735,0.46099999999999997,2026-09-24T08:27:14.130229+00:00
4736,0.54,2026-09-24T08:27:14.131330+00:00
4737,0.475,2026-09-24T08:27:14.132395+00:00
4738,0.6040000000000001,2026-09-24T08:27:14.133596+00:00
4739,0.7380000000000001,2026-09-24T08:27:14.134925+00:00
4740,0.569,2026-09-24T08:27:14.136065+00:00
4741,0.49799999999999994,2026-09-24T08:27:14.137104+00:00
4742,0.509,2026-09-24T08:27:14.138115+00:00
4743,0.508,2026-09-24T08:27:14.139120+00:00
4744,0.5109999999999999,2026-09-24T08:27:14.140102+00:00
4745,0.47300000000000003,2026-09-24T08:27:14.141072+00:00
4746,0.441,2026-09-24T08:27:14.141978+00:00
4747,0.49200000000000005,2026-09-24T08:27:14.142983+00:00
4748,0.483,2026-09-24T08:27:14.143962+00:00
4749,1.013,2026-09-24T08:27:14.151459+00:00
4750,0.8899999999999999,2026-09-24T08:27:14.152845+00:00
4751,0.99,2026-09-24T08:27:14.154319+00:00
4752,0.853,2026-09-24T08:27:14.155920+00:00
4753,0.7110000000000001,2026-09-24T08:27:14.157297+00:00
4754,0.691,2026-09-24T08:27:14.158641+00:00
4755,0.643,2026-09-24T08:27:14.160244+00:00
4756,0.638,2026-09-24T08:27:14.161520+00:00
4757,0.646,2026-09-24T08:27:14.162833+00:00
4758,0.633,2026-09-24T08:27:14.164141+00:00
4759,0.6679999999999999,2026-09-24T08:27:14.165507+00:00
4760,0.643,2026-09-24T08:27:14.166759+00:00
4761,1.075,2026-09-24T08:27:14.168920+00:00
4762,0.9079999999999999,2026-09-24T08:27:14.170504+00:00
4763,0.652,2026-09-24T08:27:14.171786+00:00
4764,0.57,2026-09-24T08:27:14.172853+00:00
4765,0.5289999999999999,2026-09-24T08:27:14.173883+00:00
4766,0.53,2026-09-24T08:27:14.175092+00:00
4767,0.5519999999999999,2026-09-24T08:27:14.176431+00:00
4768,0.5289999999999999,2026-09-24T08:27:14.177470+00:00
4769,0.5379999999999999,2026-09-24T08:27:14.178556+00:00
4770,0.522,2026-09-24T08:27:14.179613+00:00
4771,0.517,2026-09-24T08:27:14.180695+00:00
4772,0.7150000000000001,2026-09-24T08:27:14.181916+00:00
4773,0.647,2026-09-24T08:27:14.182973+00:00
4774,0.5630000000000001,2026-09-24T08:27:14.184389+00:00
4775,0.5479999999999999,2026-09-24T08:27:14.185481+00:00
4776,0.7,2026-09-24T08:27:14.186671+00:00
4777,0.728,2026-09-24T08:27:14.187958+00:00
4778,0.607,2026-09-24T08:27:14.189091+00:00
4779,0.647,2026-09-24T08:27:14.190225+00:00
4780,0.627,2026-09-24T08:27:14.191337+00:00
4781,0.565,2026-09-24T08:27:14.192356+00:00
4782,0.598,2026-09-24T08:27:14.193605+00:00
4783,1.116,2026-09-24T08:27:14.195268+00:00
4784,0.8,2026-09-24T08:27:14.196331+00:00
4785,0.838,2026-09-24T08:27:14.197860+00:00
4786,0.669,2026-09-24T08:27:14.199177+00:00
4787,0.73,2026-09-24T08:27:14.200519+00:00
4788,0.637,2026-09-24T08:27:14.201767+00:00
4789,0.699,2026-09-24T08:27:14.203156+00:00
4790,0.848,2026-09-24T08:27:14.204618+00:00
4791,0.632,2026-09-24T08:27:14.205585+00:00
4792,0.546,2026-09-24T08:27:14.206645+00:00
4793,0.526,2026-09-24T08:27:14.207676+00:00
4794,0.5479999999999999,2026-09-24T08:27:14.208728+00:00
4795,0.559,2026-09-24T08:27:14.209772+00:00
4796,0.719,2026-09-24T08:27:14.210975+00:00
4797,0.544,2026-09-24T08:27:14.212108+00:00
4798,0.51,2026-09-24T08:27:14.213172+00:00
4799,0.488,2026-09-24T08:27:14.214203+00:00
4800,0.531,2026-09-24T08:27:14.215252+00:00
4801,0.495,2026-09-24T08:27:14.216272+00:00
4802,0.5609999999999999,2026-09-24T08:27:14.217352+00:00
4803,0.508,2026-09-24T08:27:14.218382+00:00
4804,0.633,2026-09-24T08:27:14.219547+00:00
4805,0.516,2026-09-24T08:27:14.220568+00:00
4806,0.48899999999999993,2026-09-24T08:27:14.221636+00:00
4807,0.522,2026-09-24T08:27:14.222694+00:00
4808,0.506,2026-09-24T08:27:14.223700+00:00
4809,0.589,2026-09-24T08:27:14.224775+00:00
4810,0.636,2026-09-24T08:27:14.225912+00:00
4811,0.584,2026-09-24T08:27:14.227216+00:00
4812,0.805,2026-09-24T08:27:14.228546+00:00
4813,0.8270000000000001,2026-09-24T08:27:14.229900+00:00
4814,0.628,2026-09-24T08:27:14.231225+00:00
4815,0.884,2026-09-24T08:27:14.232769+00:00
4816,0.784,2026-09-24T08:27:14.233824+00:00
4817,1.885,2026-09-24T08:27:14.236118+00:00
4818,0.8360000000000001,2026-09-24T08:27:14.237496+00:00
4819,0.634,2026-09-24T08:27:14.238662+00:00
4820,0.593,2026-09-24T08:27:14.239786+00:00
4821,0.5760000000000001,2026-09-24T08:27:14.240885+00:00
4822,0.766,2026-09-24T08:27:14.242352+00:00
4823,0.643,2026-09-24T08:27:14.243614+00:00
4824,0.54,2026-09-24T08:27:14.244737+00:00
4825,0.483,2026-09-24T08:27:14.245778+00:00
4826,0.54,2026-09-24T08:27:14.246967+00:00
4827,0.48500000000000004,2026-09-24T08:27:14.247965+00:00
4828,0.491,2026-09-24T08:27:14.248969+00:00
4829,0.558,2026-09-24T08:27:14.250053+00:00
4830,0.486,2026-09-24T08:27:14.251011+00:00
4831,0.46099999999999997,2026-09-24T08:27:14.251996+00:00
4832,0.484,2026-09-24T08:27:14.253036+00:00
4833,0.505,2026-09-24T08:27:14.254025+00:00
4834,0.512,2026-09-24T08:27:14.255072+00:00
4835,0.46599999999999997,2026-09-24T08:27:14.256065+00:00
4836,0.421,2026-09-24T08:27:14.257013+00:00
4837,0.579,2026-09-24T08:27:14.258152+00:00
4838,0.44499999999999995,2026-09-24T08:27:14.259134+00:00
4839,0.481,2026-09-24T08:27:14.260143+00:00
4840,0.443,2026-09-24T08:27:14.261088+00:00
4841,0.495,2026-09-24T08:27:14.262216+00:00
4842,0.481,2026-09-24T08:27:14.263235+00:00
4843,0.442,2026-09-24T08:27:14.264185+00:00
4844,0.584,2026-09-24T08:27:14.265285+00:00
4845,0.626,2026-09-24T08:27:14.266518+00:00
4846,0.704,2026-09-24T08:27:14.267860+00:00
4847,0.83,2026-09-24T08:27:14.269403+00:00
4848,0.707,2026-09-24T08:27:14.270573+00:00
4849,0.5469999999999999,2026-09-24T08:27:14.271544+00:00
4850,0.472,2026-09-24T08:27:14.272520+00:00
4851,0.499,2026-09-24T08:27:14.273530+00:00
4852,0.457,2026-09-24T08:27:14.274472+00:00
4853,0.44499999999999995,2026-09-24T08:27:14.275432+00:00
4854,0.5339999999999999,2026-09-24T08:27:14.276521+00:00
4855,0.481,2026-09-24T08:27:14.277535+00:00
4856,0.477,2026-09-24T08:27:14.278584+00:00
4857,0.45,2026-09-24T08:27:14.279518+00:00
4858,0.527,2026-09-24T08:27:14.280551+00:00
4859,0.494,2026-09-24T08:27:14.281554+00:00
4860,0.456,2026-09-24T08:27:14.282588+00:00
4861,0.443,2026-09-24T08:27:14.283534+00:00
4862,0.43600000000000005,2026-09-24T08:27:14.284521+00:00
4863,0.491,2026-09-24T08:27:14.285521+00:00
4864,0.451,2026-09-24T08:27:14.286489+00:00
4865,0.502,2026-09-24T08:27:14.287523+00:00
4866,0.465,2026-09-24T08:27:14.288482+00:00
4867,0.453,2026-09-24T08:27:14.289438+00:00
4868,0.442,2026-09-24T08:27:14.290390+00:00
4869,0.5109999999999999,2026-09-24T08:27:14.291469+00:00
4870,0.44,2026-09-24T08:27:14.292532+00:00
4871,0.45399999999999996,2026-09-24T08:27:14.293493+00:00
4872,0.549,2026-09-24T08:27:14.294746+00:00
4873,0.5559999999999999,2026-09-24T08:27:14.295824+00:00
4874,0.531,2026-09-24T08:27:14.296855+00:00
4875,0.524,2026-09-24T08:27:14.297853+00:00
4876,0.5509999999999999,2026-09-24T08:27:14.298951+00:00
4877,0.5429999999999999,2026-09-24T08:27:14.300127+00:00
4878,0.523,2026-09-24T08:27:14.301242+00:00
4879,0.606,2026-09-24T08:27:14.302439+00:00
4880,0.516,2026-09-24T08:27:14.303473+00:00
4881,0.51,2026-09-24T08:27:14.304494+00:00
4882,0.49200000000000005,2026-09-24T08:27:14.305571+00:00
4883,0.483,2026-09-24T08:27:14.306587+00:00
4884,0.513,2026-09-24T08:27:14.307646+00:00
4885,0.47600000000000003,2026-09-24T08:27:14.308747+00:00
4886,0.47800000000000004,2026-09-24T08:27:14.309756+00:00
4887,0.46799999999999997,2026-09-24T08:27:14.310720+00:00
4888,0.481,2026-09-24T08:27:14.311696+00:00
4889,0.499,2026-09-24T08:27:14.312672+00:00
4890,0.45899999999999996,2026-09-24T08:27:14.313604+00:00
4891,0.443,2026-09-24T08:27:14.314551+00:00
4892,0.456,2026-09-24T08:27:14.315514+00:00
4893,0.475,2026-09-24T08:27:14.316493+00:00
4894,0.441,2026-09-24T08:27:14.317428+00:00
4895,0.464,2026-09-24T08:27:14.318393+00:00
4896,0.455,2026-09-24T08:27:14.319351+00:00
4897,0.44499999999999995,2026-09-24T08:27:14.320287+00:00
4898,0.442,2026-09-24T08:27:14.321236+00:00
4899,0.451,2026-09-24T08:27:14.322210+00:00
4900,0.453,2026-09-24T08:27:14.323299+00:00
4901,0.439,2026-09-24T08:27:14.324248+00:00
4902,0.49200000000000005,2026-09-24T08:27:14.325329+00:00
4903,0.448,2026-09-24T08:27:14.326282+00:00
4904,0.626,2026-09-24T08:27:14.327628+00:00
4905,0.842,2026-09-24T08:27:14.329043+00:00
4906,0.723,2026-09-24T08:27:14.330571+00:00
4907,0.558,2026-09-24T08:27:14.331764+00:00
4908,2.7920000000000003,2026-09-24T08:27:14.335169+00:00
4909,0.637,2026-09-24T08:27:14.336345+00:00
4910,0.65,2026-09-24T08:27:14.337706+00:00
4911,0.745,2026-09-24T08:27:14.339261+00:00
4912,0.5950000000000001,2026-09-24T08:27:14.340464+00:00
4913,0.644,2026-09-24T08:27:14.341672+00:00
4914,0.521,2026-09-24T08:27:14.342778+00:00
4915,0.504,2026-09-24T08:27:14.343953+00:00
4916,0.48899999999999993,2026-09-24T08:27:14.344954+00:00
4917,0.494,2026-09-24T08:27:14.345993+00:00
4918,0.491,2026-09-24T08:27:14.347000+00:00
4919,0.467,2026-09-24T08:27:14.347981+00:00
4920,0.48000000000000004,2026-09-24T08:27:14.348951+00:00
4921,0.449,2026-09-24T08:27:14.349927+00:00
4922,0.6759999999999999,2026-09-24T08:27:14.351134+00:00
4923,0.6880000000000001,2026-09-24T08:27:14.352199+00:00
4924,0.641,2026-09-24T08:27:14.353294+00:00
4925,0.611,2026-09-24T08:27:14.354408+00:00
4926,0.626,2026-09-24T08:27:14.355543+00:00
4927,0.585,2026-09-24T08:27:14.356572+00:00
4928,0.941,2026-09-24T08:27:14.358039+00:00
4929,0.949,2026-09-24T08:27:14.359073+00:00
4930,0.805,2026-09-24T08:27:14.360300+00:00
4931,0.7649999999999999,2026-09-24T08:27:14.361299+00:00
4932,0.7789999999999999,2026-09-24T08:27:14.362328+00:00
4933,0.798,2026-09-24T08:27:14.363387+00:00
4934,0.642,2026-09-24T08:27:14.364353+00:00
4935,0.592,2026-09-24T08:27:14.365334+00:00
4936,0.6679999999999999,2026-09-24T08:27:14.366560+00:00
4937,0.6970000000000001,2026-09-24T08:27:14.367899+00:00
4938,0.6769999999999999,2026-09-24T08:27:14.369185+00:00
4939,0.5339999999999999,2026-09-24T08:27:14.370294+00:00
4940,0.516,2026-09-24T08:27:14.371404+00:00
4941,0.535,2026-09-24T08:27:14.372524+00:00
4942,0.5469999999999999,2026-09-24T08:27:14.373665+00:00
4943,0.559,2026-09-24T08:27:14.374770+00:00
4944,0.494,2026-09-24T08:27:14.375969+00:00
4945,0.46599999999999997,2026-09-24T08:27:14.376947+00:00
4946,0.48700000000000004,2026-09-24T08:27:14.377962+00:00
4947,0.57,2026-09-24T08:27:14.379069+00:00
4948,0.475,2026-09-24T08:27:14.380068+00:00
4949,0.456,2026-09-24T08:27:14.381068+00:00
4950,0.447,2026-09-24T08:27:14.382069+00:00
4951,0.615,2026-09-24T08:27:14.383210+00:00
4952,0.621,2026-09-24T08:27:14.384280+00:00
4953,0.675,2026-09-24T08:27:14.385448+00:00
4954,0.66,2026-09-24T08:27:14.386593+00:00
4955,0.612,2026-09-24T08:27:14.387684+00:00
4956,0.579,2026-09-24T08:27:14.388746+00:00
4957,0.63,2026-09-24T08:27:14.389948+00:00
4958,0.569,2026-09-24T08:27:14.391023+00:00
4959,0.629,2026-09-24T08:27:14.392374+00:00
4960,0.61,2026-09-24T08:27:14.393500+00:00
4961,0.599,2026-09-24T08:27:14.394612+00:00
4962,0.745,2026-09-24T08:27:14.396124+00:00
4963,0.625,2026-09-24T08:27:14.397191+00:00
4964,0.748,2026-09-24T08:27:14.398438+00:00
4965,0.784,2026-09-24T08:27:14.399821+00:00
4966,0.709,2026-09-24T08:27:14.401097+00:00
4967,0.67,2026-09-24T08:27:14.402359+00:00
4968,0.631,2026-09-24T08:27:14.403530+00:00
4969,0.855,2026-09-24T08:27:14.404818+00:00
4970,0.637,2026-09-24T08:27:14.405830+00:00
4971,0.7739999999999999,2026-09-24T08:27:14.407097+00:00
4972,0.7010000000000001,2026-09-24T08:27:14.408156+00:00
4973,0.598,2026-09-24T08:27:14.409232+00:00
4974,0.63,2026-09-24T08:27:14.410669+00:00
4975,0.7919999999999999,2026-09-24T08:27:14.411996+00:00
4976,0.622,2026-09-24T08:27:14.412898+00:00
4977,0.61,2026-09-24T08:27:14.413996+00:00
4978,0.594,2026-09-24T08:27:14.415104+00:00
4979,0.636,2026-09-24T08:27:14.416206+00:00
4980,0.575,2026-09-24T08:27:14.417256+00:00
4981,0.5630000000000001,2026-09-24T08:27:14.418296+00:00
4982,0.5469999999999999,2026-09-24T08:27:14.419332+00:00
4983,0.605,2026-09-24T08:27:14.420463+00:00
4984,0.619,2026-09-24T08:27:14.421551+00:00
4985,0.5950000000000001,2026-09-24T08:27:14.422562+00:00
4986,0.6759999999999999,2026-09-24T08:27:14.423765+00:00
4987,0.6930000000000001,2026-09-24T08:27:14.424944+00:00
4988,0.592,2026-09-24T08:27:14.425962+00:00
4989,0.5760000000000001,2026-09-24T08:27:14.427162+00:00
4990,0.5770000000000001,2026-09-24T08:27:14.428214+00:00
4991,0.5630000000000001,2026-09-24T08:27:14.429313+00:00
4992,0.598,2026-09-24T08:27:14.430499+00:00
4993,0.5670000000000001,2026-09-24T08:27:14.431563+00:00
4994,0.7929999999999999,2026-09-24T08:27:14.432881+00:00
4995,0.76,2026-09-24T08:27:14.434218+00:00
4996,0.603,2026-09-24T08:27:14.435401+00:00
4997,0.687,2026-09-24T08:27:14.436819+00:00
4998,0.666,2026-09-24T08:27:14.438174+00:00
4999,0.625,2026-09-24T08:27:14.439334+00:00
5000,0.617,2026-09-24T08:27:14.440534+00:00
5001,0.695,2026-09-24T08:27:14.441761+00:00
5002,0.639,2026-09-24T08:27:14.442848+00:00
5003,0.584,2026-09-24T08:27:14.443912+00:00
5004,0.723,2026-09-24T08:27:14.445397+00:00
5005,0.589,2026-09-24T08:27:14.446370+00:00
5006,1.236,2026-09-24T08:27:14.454074+00:00
5007,0.9940000000000001,2026-09-24T08:27:14.455744+00:00
5008,1.173,2026-09-24T08:27:14.457621+00:00
5009,0.9610000000000001,2026-09-24T08:27:14.459023+00:00
5010,0.6669999999999999,2026-09-24T08:27:14.460133+00:00
5011,0.5950000000000001,2026-09-24T08:27:14.461274+00:00
5012,0.643,2026-09-24T08:27:14.462492+00:00
5013,0.905,2026-09-24T08:27:14.463968+00:00
5014,1.158,2026-09-24T08:27:14.465705+00:00
5015,1.02,2026-09-24T08:27:14.467234+00:00
5016,0.644,2026-09-24T08:27:14.468435+00:00
5017,0.86,2026-09-24T08:27:14.469942+00:00
5018,1.131,2026-09-24T08:27:14.472261+00:00
5019,0.7200000000000001,2026-09-24T08:27:14.473213+00:00
5020,0.639,2026-09-24T08:27:14.474317+00:00
5021,0.558,2026-09-24T08:27:14.475317+00:00
5022,1.1869999999999998,2026-09-24T08:27:14.477258+00:00
5023,1.027,2026-09-24T08:27:14.479065+00:00
5024,0.742,2026-09-24T08:27:14.480673+00:00
5025,0.714,2026-09-24T08:27:14.481967+00:00
5026,0.804,2026-09-24T08:27:14.483298+00:00
5027,0.9700000000000001,2026-09-24T08:27:14.485197+00:00
5028,0.778,2026-09-24T08:27:14.486602+00:00
5029,0.5770000000000001,2026-09-24T08:27:14.487636+00:00
5030,0.5900000000000001,2026-09-24T08:27:14.488688+00:00
5031,0.5379999999999999,2026-09-24T08:27:14.489653+00:00
5032,0.869,2026-09-24T08:27:14.491040+00:00
5033,0.7649999999999999,2026-09-24T08:27:14.492385+00:00
5034,0.958,2026-09-24T08:27:14.493708+00:00
5035,0.921,2026-09-24T08:27:14.494812+00:00
5036,0.757,2026-09-24T08:27:14.496385+00:00
5037,0.634,2026-09-24T08:27:14.497473+00:00
5038,1.099,2026-09-24T08:27:14.500311+00:00
5039,0.878,2026-09-24T08:27:14.501848+00:00
5040,0.896,2026-09-24T08:27:14.503458+00:00
5041,0.6539999999999999,2026-09-24T08:27:14.504575+00:00
5042,0.7969999999999999,2026-09-24T08:27:14.505974+00:00
5043,0.784,2026-09-24T08:27:14.507165+00:00
5044,0.553,2026-09-24T08:27:14.508392+00:00
5045,0.6759999999999999,2026-09-24T08:27:14.509765+00:00
5046,0.648,2026-09-24T08:27:14.511239+00:00
5047,0.53,2026-09-24T08:27:14.512245+00:00
5048,0.6579999999999999,2026-09-24T08:27:14.513630+00:00
5049,1.459,2026-09-24T08:27:14.520656+00:00
5050,0.6980000000000001,2026-09-24T08:27:14.522001+00:00
5051,0.5609999999999999,2026-09-24T08:27:14.523140+00:00
5052,0.53,2026-09-24T08:27:14.524216+00:00
5053,1.327,2026-09-24T08:27:14.526260+00:00
5054,0.57,2026-09-24T08:27:14.527166+00:00
5055,0.481,2026-09-24T08:27:14.528135+00:00
5056,0.453,2026-09-24T08:27:14.529096+00:00
5057,0.448,2026-09-24T08:27:14.530042+00:00
5058,1.0150000000000001,2026-09-24T08:27:14.531892+00:00
5059,0.754,2026-09-24T08:27:14.532783+00:00
5060,0.566,2026-09-24T08:27:14.533775+00:00
5061,0.599,2026-09-24T08:27:14.534851+00:00
5062,1.0959999999999999,2026-09-24T08:27:14.536577+00:00
5063,0.791,2026-09-24T08:27:14.537768+00:00
5064,0.9650000000000001,2026-09-24T08:27:14.539390+00:00
5065,0.828,2026-09-24T08:27:14.540904+00:00
5066,0.734,2026-09-24T08:27:14.542391+00:00
5067,0.62,2026-09-24T08:27:14.543556+00:00
5068,0.673,2026-09-24T08:27:14.544807+00:00
5069,0.6629999999999999,2026-09-24T08:27:14.546260+00:00
5070,0.599,2026-09-24T08:27:14.547475+00:00
5071,0.546,2026-09-24T08:27:14.548592+00:00
5072,0.532,2026-09-24T08:27:14.549686+00:00
5073,0.776,2026-09-24T08:27:14.551006+00:00
5074,0.742,2026-09-24T08:27:14.552165+00:00
5075,0.7,2026-09-24T08:27:14.553484+00:00
5076,0.553,2026-09-24T08:27:14.554613+00:00
5077,0.54,2026-09-24T08:27:14.556007+00:00
5078,0.5339999999999999,2026-09-24T08:27:14.557118+00:00
5079,0.651,2026-09-24T08:27:14.558489+00:00
5080,0.523,2026-09-24T08:27:14.559567+00:00
5081,0.528,2026-09-24T08:27:14.560599+00:00
5082,0.516,2026-09-24T08:27:14.561616+00:00
5083,0.696,2026-09-24T08:27:14.562836+00:00
5084,0.583,2026-09-24T08:27:14.563724+00:00
5085,0.5109999999999999,2026-09-24T08:27:14.564614+00:00
5086,0.587,2026-09-24T08:27:14.565649+00:00
5087,0.559,2026-09-24T08:27:14.566699+00:00
5088,0.8260000000000001,2026-09-24T08:27:14.568223+00:00
5089,1.0150000000000001,2026-09-24T08:27:14.569800+00:00
5090,0.721,2026-09-24T08:27:14.571149+00:00
5091,0.615,2026-09-24T08:27:14.572556+00:00
5092,0.5900000000000001,2026-09-24T08:27:14.573955+00:00
5093,0.7380000000000001,2026-09-24T08:27:14.575336+00:00
5094,0.808,2026-09-24T08:27:14.576667+00:00
5095,0.63,2026-09-24T08:27:14.577882+00:00
5096,0.5670000000000001,2026-09-24T08:27:14.578889+00:00
5097,0.546,2026-09-24T08:27:14.579878+00:00
5098,0.521,2026-09-24T08:27:14.580863+00:00
5099,0.523,2026-09-24T08:27:14.581843+00:00
5100,0.5519999999999999,2026-09-24T08:27:14.582876+00:00
5101,0.5339999999999999,2026-09-24T08:27:14.583860+00:00
5102,0.53,2026-09-24T08:27:14.584832+00:00
5103,0.531,2026-09-24T08:27:14.585798+00:00
5104,0.816,2026-09-24T08:27:14.587162+00:00
5105,0.527,2026-09-24T08:27:14.588106+00:00
5106,0.486,2026-09-24T08:27:14.589053+00:00
5107,0.49200000000000005,2026-09-24T08:27:14.590168+00:00
5108,0.522,2026-09-24T08:27:14.591136+00:00
5109,0.49700000000000005,2026-09-24T08:27:14.592088+00:00
5110,0.683,2026-09-24T08:27:14.593432+00:00
5111,0.5419999999999999,2026-09-24T08:27:14.594491+00:00
5112,0.657,2026-09-24T08:27:14.595675+00:00
5113,0.589,2026-09-24T08:27:14.596705+00:00
5114,0.639,2026-09-24T08:27:14.597892+00:00
5115,0.651,2026-09-24T08:27:14.599081+00:00
5116,0.588,2026-09-24T08:27:14.600104+00:00
5117,0.696,2026-09-24T08:27:14.601285+00:00
5118,0.612,2026-09-24T08:27:14.602284+00:00
5119,0.9740000000000001,2026-09-24T08:27:14.603748+00:00
5120,0.775,2026-09-24T08:27:14.604971+00:00
5121,0.79,2026-09-24T08:27:14.606350+00:00
5122,0.68,2026-09-24T08:27:14.607811+00:00
5123,0.5950000000000001,2026-09-24T08:27:14.609004+00:00
5124,0.494,2026-09-24T08:27:14.610155+00:00
5125,0.475,2026-09-24T08:27:14.611177+00:00
5126,0.5339999999999999,2026-09-24T08:27:14.612262+00:00
5127,0.509,2026-09-24T08:27:14.613272+00:00
5128,0.462,2026-09-24T08:27:14.614241+00:00
5129,0.46599999999999997,2026-09-24T08:27:14.615234+00:00
5130,0.49799999999999994,2026-09-24T08:27:14.616231+00:00
5131,0.46599999999999997,2026-09-24T08:27:14.617208+00:00
5132,0.48899999999999993,2026-09-24T08:27:14.618202+00:00
5133,0.517,2026-09-24T08:27:14.619239+00:00
5134,0.519,2026-09-24T08:27:14.620301+00:00
5135,0.5630000000000001,2026-09-24T08:27:14.621435+00:00
5136,0.491,2026-09-24T08:27:14.622399+00:00
5137,0.49700000000000005,2026-09-24T08:27:14.623619+00:00
5138,0.518,2026-09-24T08:27:14.624654+00:00
5139,0.48500000000000004,2026-09-24T08:27:14.625634+00:00
5140,0.474,2026-09-24T08:27:14.626656+00:00
5141,0.495,2026-09-24T08:27:14.627637+00:00
5142,0.486,2026-09-24T08:27:14.628617+00:00
5143,0.481,2026-09-24T08:27:14.629601+00:00
5144,0.458,2026-09-24T08:27:14.630568+00:00
5145,0.477,2026-09-24T08:27:14.631560+00:00
5146,0.507,2026-09-24T08:27:14.632647+00:00
5147,0.513,2026-09-24T08:27:14.633659+00:00
5148,0.536,2026-09-24T08:27:14.634719+00:00
5149,0.916,2026-09-24T08:27:14.636508+00:00
5150,0.569,2026-09-24T08:27:14.637626+00:00
5151,0.6489999999999999,2026-09-24T08:27:14.638980+00:00
5152,0.746,2026-09-24T08:27:14.640129+00:00
5153,0.527,2026-09-24T08:27:14.641038+00:00
5154,0.494,2026-09-24T08:27:14.642099+00:00
5155,0.546,2026-09-24T08:27:14.643208+00:00
5156,0.519,2026-09-24T08:27:14.644250+00:00
5157,0.505,2026-09-24T08:27:14.645405+00:00
5158,0.49299999999999994,2026-09-24T08:27:14.646384+00:00
5159,0.49,2026-09-24T08:27:14.647397+00:00
5160,0.457,2026-09-24T08:27:14.648381+00:00
5161,0.465,2026-09-24T08:27:14.649372+00:00
5162,0.509,2026-09-24T08:27:14.650401+00:00
5163,0.526,2026-09-24T08:27:14.651433+00:00
5164,0.509,2026-09-24T08:27:14.652449+00:00
5165,0.48899999999999993,2026-09-24T08:27:14.653438+00:00
5166,0.528,2026-09-24T08:27:14.654595+00:00
5167,0.566,2026-09-24T08:27:14.655786+00:00
5168,0.5559999999999999,2026-09-24T08:27:14.656861+00:00
5169,0.571,2026-09-24T08:27:14.657920+00:00
5170,0.53,2026-09-24T08:27:14.659141+00:00
5171,0.477,2026-09-24T08:27:14.660160+00:00
5172,0.48000000000000004,2026-09-24T08:27:14.661171+00:00
5173,0.504,2026-09-24T08:27:14.662172+00:00
5174,0.48000000000000004,2026-09-24T08:27:14.663138+00:00
5175,0.5199999999999999,2026-09-24T08:27:14.664178+00:00
5176,0.48899999999999993,2026-09-24T08:27:14.665180+00:00
5177,0.45899999999999996,2026-09-24T08:27:14.666145+00:00
5178,1.017,2026-09-24T08:27:14.667677+00:00
5179,0.9909999999999999,2026-09-24T08:27:14.668993+00:00
5180,0.644,2026-09-24T08:27:14.670111+00:00
5181,0.5820000000000001,2026-09-24T08:27:14.671282+00:00
5182,0.6679999999999999,2026-09-24T08:27:14.672380+00:00
5183,0.602,2026-09-24T08:27:14.673372+00:00
5184,0.5720000000000001,2026-09-24T08:27:14.674420+00:00
5185,0.566,2026-09-24T08:27:14.675489+00:00
5186,0.609,2026-09-24T08:27:14.676641+00:00
5187,0.622,2026-09-24T08:27:14.677781+00:00
5188,0.625,2026-09-24T08:27:14.678890+00:00
5189,0.594,2026-09-24T08:27:14.679942+00:00
5190,0.571,2026-09-24T08:27:14.681018+00:00
5191,0.5559999999999999,2026-09-24T08:27:14.682096+00:00
5192,0.5630000000000001,2026-09-24T08:27:14.683192+00:00
5193,0.559,2026-09-24T08:27:14.684237+00:00
5194,0.5509999999999999,2026-09-24T08:27:14.685270+00:00
5195,0.606,2026-09-24T08:27:14.686534+00:00
5196,0.618,2026-09-24T08:27:14.687843+00:00
5197,0.569,2026-09-24T08:27:14.688874+00:00
5198,0.5630000000000001,2026-09-24T08:27:14.689896+00:00
5199,0.8540000000000001,2026-09-24T08:27:14.691489+00:00
5200,0.571,2026-09-24T08:27:14.692600+00:00
5201,0.496,2026-09-24T08:27:14.693619+00:00
5202,0.636,2026-09-24T08:27:14.694762+00:00
5203,0.68,2026-09-24T08:27:14.696284+00:00
5204,0.785,2026-09-24T08:27:14.697587+00:00
5205,1.1540000000000001,2026-09-24T08:27:14.699285+00:00
5206,1.184,2026-09-24T08:27:14.701288+00:00
5207,0.977,2026-09-24T08:27:14.702707+00:00
5208,1.0690000000000002,2026-09-24T08:27:14.704374+00:00
5209,0.804,2026-09-24T08:27:14.705858+00:00
5210,0.7929999999999999,2026-09-24T08:27:14.707259+00:00
5211,0.5810000000000001,2026-09-24T08:27:14.708481+00:00
5212,0.54,2026-09-24T08:27:14.709453+00:00
5213,0.515,2026-09-24T08:27:14.710389+00:00
5214,0.541,2026-09-24T08:27:14.711375+00:00
5215,0.7739999999999999,2026-09-24T08:27:14.712517+00:00
5216,0.54,2026-09-24T08:27:14.713467+00:00
5217,0.46299999999999997,2026-09-24T08:27:14.714359+00:00
5218,0.524,2026-09-24T08:27:14.715368+00:00
5219,0.501,2026-09-24T08:27:14.716345+00:00
5220,0.512,2026-09-24T08:27:14.717293+00:00
5221,0.48000000000000004,2026-09-24T08:27:14.718196+00:00
5222,0.513,2026-09-24T08:27:14.719138+00:00
5223,0.528,2026-09-24T08:27:14.720097+00:00
5224,0.611,2026-09-24T08:27:14.721225+00:00
5225,0.63,2026-09-24T08:27:14.722398+00:00
5226,0.5760000000000001,2026-09-24T08:27:14.723583+00:00
5227,0.727,2026-09-24T08:27:14.725187+00:00
5228,0.57,2026-09-24T08:27:14.726341+00:00
5229,0.539,2026-09-24T08:27:14.727360+00:00
5230,0.517,2026-09-24T08:27:14.728345+00:00
5231,0.553,2026-09-24T08:27:14.729381+00:00
5232,0.49299999999999994,2026-09-24T08:27:14.730342+00:00
5233,0.5770000000000001,2026-09-24T08:27:14.731480+00:00
5234,0.653,2026-09-24T08:27:14.732760+00:00
5235,0.559,2026-09-24T08:27:14.733858+00:00
5236,0.566,2026-09-24T08:27:14.734972+00:00
5237,0.925,2026-09-24T08:27:14.736596+00:00
5238,1.264,2026-09-24T08:27:14.738534+00:00
5239,0.9990000000000001,2026-09-24T08:27:14.740015+00:00
5240,1.059,2026-09-24T08:27:14.741534+00:00
5241,0.728,2026-09-24T08:27:14.742287+00:00
5242,0.746,2026-09-24T08:27:14.743663+00:00
5243,0.565,2026-09-24T08:27:14.744650+00:00
5244,0.544,2026-09-24T08:27:14.745616+00:00
5245,0.641,2026-09-24T08:27:14.746670+00:00
5246,0.589,2026-09-24T08:27:14.747727+00:00
5247,0.527,2026-09-24T08:27:14.748692+00:00
5248,0.507,2026-09-24T08:27:14.749647+00:00
5249,0.544,2026-09-24T08:27:14.750639+00:00
5250,0.519,2026-09-24T08:27:14.751568+00:00
5251,0.545,2026-09-24T08:27:14.752575+00:00
5252,0.6880000000000001,2026-09-24T08:27:14.753690+00:00
5253,0.642,2026-09-24T08:27:14.754676+00:00
5254,0.5860000000000001,2026-09-24T08:27:14.755710+00:00
5255,0.5820000000000001,2026-09-24T08:27:14.756911+00:00
5256,0.574,2026-09-24T08:27:14.758008+00:00
5257,0.508,2026-09-24T08:27:14.759016+00:00
5258,0.539,2026-09-24T08:27:14.760038+00:00
5259,0.622,2026-09-24T08:27:14.761128+00:00
5260,0.9520000000000001,2026-09-24T08:27:14.762443+00:00
5261,0.914,2026-09-24T08:27:14.763761+00:00
5262,0.651,2026-09-24T08:27:14.765022+00:00
5263,0.5199999999999999,2026-09-24T08:27:14.766128+00:00
5264,0.5379999999999999,2026-09-24T08:27:14.767246+00:00
5265,0.842,2026-09-24T08:27:14.768660+00:00
5266,0.893,2026-09-24T08:27:14.769876+00:00
5267,0.805,2026-09-24T08:27:14.771252+00:00
5268,0.691,2026-09-24T08:27:14.772474+00:00
5269,0.669,2026-09-24T08:27:14.773625+00:00
5270,0.732,2026-09-24T08:27:14.775099+00:00
5271,0.675,2026-09-24T08:27:14.776334+00:00
5272,0.6629999999999999,2026-09-24T08:27:14.777493+00:00
5273,0.726,2026-09-24T08:27:14.778672+00:00
5274,0.7150000000000001,2026-09-24T08:27:14.779791+00:00
5275,0.6719999999999999,2026-09-24T08:27:14.780922+00:00
5276,0.675,2026-09-24T08:27:14.782070+00:00
5277,0.618,2026-09-24T08:27:14.783151+00:00
5278,0.63,2026-09-24T08:27:14.784261+00:00
5279,0.593,2026-09-24T08:27:14.785320+00:00
5280,0.6040000000000001,2026-09-24T08:27:14.786396+00:00
5281,0.644,2026-09-24T08:27:14.787544+00:00
5282,0.78,2026-09-24T08:27:14.788947+00:00
5283,0.695,2026-09-24T08:27:14.790193+00:00
5284,0.695,2026-09-24T08:27:14.791395+00:00
5285,0.6970000000000001,2026-09-24T08:27:14.792670+00:00
5286,0.7200000000000001,2026-09-24T08:27:14.793873+00:00
5287,0.833,2026-09-24T08:27:14.795399+00:00
5288,0.8170000000000001,2026-09-24T08:27:14.796679+00:00
5289,0.61,2026-09-24T08:27:14.797726+00:00
5290,0.795,2026-09-24T08:27:14.798985+00:00
5291,0.995,2026-09-24T08:27:14.800288+00:00
5292,0.705,2026-09-24T08:27:14.801208+00:00
5293,0.6719999999999999,2026-09-24T08:27:14.802256+00:00
5294,0.9460000000000001,2026-09-24T08:27:14.803825+00:00
5295,1.224,2026-09-24T08:27:14.805824+00:00
5296,0.8360000000000001,2026-09-24T08:27:14.807363+00:00
5297,1.0150000000000001,2026-09-24T08:27:14.809223+00:00
5298,0.953,2026-09-24T08:27:14.810941+00:00
5299,0.7699999999999999,2026-09-24T08:27:14.812491+00:00
5300,0.743,2026-09-24T08:27:14.813822+00:00
5301,0.707,2026-09-24T08:27:14.815198+00:00
5302,0.79,2026-09-24T08:27:14.816633+00:00
5303,0.9420000000000001,2026-09-24T08:27:14.818203+00:00
5304,0.7,2026-09-24T08:27:14.819456+00:00
5305,0.593,2026-09-24T08:27:14.820605+00:00
5306,0.555,2026-09-24T08:27:14.821668+00:00
5307,0.549,2026-09-24T08:27:14.822694+00:00
5308,0.558,2026-09-24T08:27:14.823710+00:00
5309,0.61,2026-09-24T08:27:14.824758+00:00
5310,0.5720000000000001,2026-09-24T08:27:14.825740+00:00
5311,0.514,2026-09-24T08:27:14.826683+00:00
5312,0.544,2026-09-24T08:27:14.827650+00:00
5313,0.483,2026-09-24T08:27:14.828567+00:00
5314,0.53,2026-09-24T08:27:14.829755+00:00
5315,0.5509999999999999,2026-09-24T08:27:14.830821+00:00
5316,0.6970000000000001,2026-09-24T08:27:14.832022+00:00
5317,0.734,2026-09-24T08:27:14.833095+00:00
5318,0.808,2026-09-24T08:27:14.834282+00:00
5319,1.0,2026-09-24T08:27:14.835953+00:00
5320,1.65,2026-09-24T08:27:14.838153+00:00
5321,0.772,2026-09-24T08:27:14.839512+00:00
5322,0.648,2026-09-24T08:27:14.840637+00:00
5323,0.5429999999999999,2026-09-24T08:27:14.841612+00:00
5324,0.596,2026-09-24T08:27:14.842691+00:00
5325,0.5569999999999999,2026-09-24T08:27:14.843703+00:00
5326,0.601,2026-09-24T08:27:14.844719+00:00
5327,0.9269999999999999,2026-09-24T08:27:14.846059+00:00
5328,0.742,2026-09-24T08:27:14.846817+00:00
5329,0.62,2026-09-24T08:27:14.847841+00:00
5330,0.5609999999999999,2026-09-24T08:27:14.848763+00:00
5331,0.562,2026-09-24T08:27:14.849687+00:00
5332,0.537,2026-09-24T08:27:14.850660+00:00
5333,0.5469999999999999,2026-09-24T08:27:14.851644+00:00
5334,0.756,2026-09-24T08:27:14.852815+00:00
5335,0.921,2026-09-24T08:27:14.854341+00:00
5336,0.627,2026-09-24T08:27:14.855186+00:00
5337,0.841,2026-09-24T08:27:14.856441+00:00
5338,0.566,2026-09-24T08:27:14.857203+00:00
5339,0.673,2026-09-24T08:27:14.858277+00:00
5340,0.5820000000000001,2026-09-24T08:27:14.859259+00:00
5341,0.545,2026-09-24T08:27:14.860226+00:00
5342,0.5479999999999999,2026-09-24T08:27:14.861201+00:00
5343,0.512,2026-09-24T08:27:14.862091+00:00
5344,0.5379999999999999,2026-09-24T08:27:14.863204+00:00
5345,0.522,2026-09-24T08:27:14.864147+00:00
5346,1.009,2026-09-24T08:27:14.865589+00:00
5347,0.756,2026-09-24T08:27:14.866526+00:00
5348,0.868,2026-09-24T08:27:14.867897+00:00
5349,1.529,2026-09-24T08:27:14.869872+00:00
5350,0.695,2026-09-24T08:27:14.871170+00:00
5351,0.5950000000000001,2026-09-24T08:27:14.872265+00:00
5352,0.565,2026-09-24T08:27:14.873283+00:00
5353,0.54,2026-09-24T08:27:14.874241+00:00
5354,0.516,2026-09-24T08:27:14.875193+00:00
5355,0.499,2026-09-24T08:27:14.876096+00:00
5356,0.562,2026-09-24T08:27:14.877051+00:00
5357,0.5519999999999999,2026-09-24T08:27:14.878008+00:00
5358,0.5289999999999999,2026-09-24T08:27:14.879057+00:00
5359,0.528,2026-09-24T08:27:14.880011+00:00
5360,0.516,2026-09-24T08:27:14.880964+00:00
5361,0.521,2026-09-24T08:27:14.881944+00:00
5362,0.666,2026-09-24T08:27:14.883021+00:00
5363,0.5509999999999999,2026-09-24T08:27:14.883982+00:00
5364,0.6040000000000001,2026-09-24T08:27:14.884981+00:00
5365,0.5680000000000001,2026-09-24T08:27:14.885991+00:00
5366,0.53,2026-09-24T08:27:14.886965+00:00
5367,0.5429999999999999,2026-09-24T08:27:14.887950+00:00
5368,0.516,2026-09-24T08:27:14.888917+00:00
5369,0.5810000000000001,2026-09-24T08:27:14.889918+00:00
5370,0.5509999999999999,2026-09-24T08:27:14.890971+00:00
5371,0.571,2026-09-24T08:27:14.892011+00:00
5372,0.723,2026-09-24T08:27:14.893158+00:00
5373,0.5770000000000001,2026-09-24T08:27:14.894196+00:00
5374,0.537,2026-09-24T08:27:14.895186+00:00
5375,0.505,2026-09-24T08:27:14.896140+00:00
5376,0.528,2026-09-24T08:27:14.897131+00:00
5377,0.499,2026-09-24T08:27:14.898066+00:00
5378,0.515,2026-09-24T08:27:14.899098+00:00
5379,0.55,2026-09-24T08:27:14.900136+00:00
5380,0.5289999999999999,2026-09-24T08:27:14.901104+00:00
5381,2.002,2026-09-24T08:27:14.903626+00:00
5382,0.86,2026-09-24T08:27:14.905007+00:00
5383,0.647,2026-09-24T08:27:14.906175+00:00
5384,0.7010000000000001,2026-09-24T08:27:14.907327+00:00
5385,0.532,2026-09-24T08:27:14.908314+00:00
5386,0.53,2026-09-24T08:27:14.909328+00:00
5387,0.527,2026-09-24T08:27:14.910255+00:00
5388,0.513,2026-09-24T08:27:14.911294+00:00
5389,0.558,2026-09-24T08:27:14.912276+00:00
5390,0.5419999999999999,2026-09-24T08:27:14.913233+00:00
5391,0.541,2026-09-24T08:27:14.914194+00:00
5392,0.54,2026-09-24T08:27:14.915202+00:00
5393,0.75,2026-09-24T08:27:14.916401+00:00
5394,0.602,2026-09-24T08:27:14.917203+00:00
5395,0.51,2026-09-24T08:27:14.918140+00:00
5396,0.521,2026-09-24T08:27:14.919123+00:00
5397,0.499,2026-09-24T08:27:14.920090+00:00
5398,0.47800000000000004,2026-09-24T08:27:14.921061+00:00
5399,0.467,2026-09-24T08:27:14.922006+00:00
5400,0.528,2026-09-24T08:27:14.923092+00:00
5401,0.46299999999999997,2026-09-24T08:27:14.924050+00:00
5402,0.562,2026-09-24T08:27:14.925155+00:00
5403,0.527,2026-09-24T08:27:14.926259+00:00
5404,0.509,2026-09-24T08:27:14.927237+00:00
5405,0.486,2026-09-24T08:27:14.928190+00:00
5406,0.475,2026-09-24T08:27:14.929167+00:00
5407,0.48000000000000004,2026-09-24T08:27:14.930135+00:00
5408,0.5289999999999999,2026-09-24T08:27:14.931173+00:00
5409,0.699,2026-09-24T08:27:14.932404+00:00
5410,0.6819999999999999,2026-09-24T08:27:14.933577+00:00
5411,1.073,2026-09-24T08:27:14.935219+00:00
5412,0.758,2026-09-24T08:27:14.936240+00:00
5413,0.625,2026-09-24T08:27:14.937192+00:00
5414,0.69,2026-09-24T08:27:14.938395+00:00
5415,0.5720000000000001,2026-09-24T08:27:14.939377+00:00
5416,0.54,2026-09-24T08:27:14.940374+00:00
5417,0.5730000000000001,2026-09-24T08:27:14.941381+00:00
5418,0.5559999999999999,2026-09-24T08:27:14.942465+00:00
5419,0.562,2026-09-24T08:27:14.943436+00:00
5420,0.48700000000000004,2026-09-24T08:27:14.944337+00:00
5421,0.49700000000000005,2026-09-24T08:27:14.945300+00:00
5422,0.54,2026-09-24T08:27:14.946315+00:00
5423,0.5910000000000001,2026-09-24T08:27:14.947322+00:00
5424,0.526,2026-09-24T08:27:14.948305+00:00
5425,0.629,2026-09-24T08:27:14.949401+00:00
5426,0.76,2026-09-24T08:27:14.950710+00:00
5427,0.766,2026-09-24T08:27:14.951988+00:00
5428,0.55,2026-09-24T08:27:14.952766+00:00
5429,0.5339999999999999,2026-09-24T08:27:14.953703+00:00
5430,0.5820000000000001,2026-09-24T08:27:14.954803+00:00
5431,0.508,2026-09-24T08:27:14.955763+00:00
5432,0.507,2026-09-24T08:27:14.956967+00:00
5433,0.57,2026-09-24T08:27:14.958051+00:00
5434,0.47800000000000004,2026-09-24T08:27:14.959015+00:00
5435,0.46599999999999997,2026-09-24T08:27:14.960014+00:00
5436,0.456,2026-09-24T08:27:14.960986+00:00
5437,0.5339999999999999,2026-09-24T08:27:14.962026+00:00
5438,0.516,2026-09-24T08:27:14.963068+00:00
5439,0.544,2026-09-24T08:27:14.964235+00:00
5440,0.449,2026-09-24T08:27:14.965185+00:00
5441,0.629,2026-09-24T08:27:14.966320+00:00
5442,0.598,2026-09-24T08:27:14.967499+00:00
5443,0.8899999999999999,2026-09-24T08:27:14.969016+00:00
5444,0.629,2026-09-24T08:27:14.969915+00:00
5445,0.68,2026-09-24T08:27:14.971050+00:00
5446,0.642,2026-09-24T08:27:14.972151+00:00
5447,0.618,2026-09-24T08:27:14.973315+00:00
5448,0.634,2026-09-24T08:27:14.974505+00:00
5449,0.536,2026-09-24T08:27:14.975434+00:00
5450,0.516,2026-09-24T08:27:14.976393+00:00
5451,0.49700000000000005,2026-09-24T08:27:14.977311+00:00
5452,0.524,2026-09-24T08:27:14.978289+00:00
5453,0.623,2026-09-24T08:27:14.979331+00:00
5454,0.539,2026-09-24T08:27:14.980293+00:00
5455,0.483,2026-09-24T08:27:14.981218+00:00
5456,0.499,2026-09-24T08:27:14.982178+00:00
5457,0.504,2026-09-24T08:27:14.983141+00:00
5458,0.518,2026-09-24T08:27:14.984113+00:00
5459,0.503,2026-09-24T08:27:14.985029+00:00
5460,0.522,2026-09-24T08:27:14.985987+00:00
5461,0.571,2026-09-24T08:27:14.987067+00:00
5462,0.514,2026-09-24T08:27:14.988126+00:00
5463,0.536,2026-09-24T08:27:14.989111+00:00
5464,0.49299999999999994,2026-09-24T08:27:14.990051+00:00
5465,0.5509999999999999,2026-09-24T08:27:14.991046+00:00
5466,0.575,2026-09-24T08:27:14.992079+00:00
5467,0.525,2026-09-24T08:27:14.993046+00:00
5468,0.574,2026-09-24T08:27:14.994060+00:00
5469,0.637,2026-09-24T08:27:14.995141+00:00
5470,0.519,2026-09-24T08:27:14.996094+00:00
5471,0.518,2026-09-24T08:27:14.997077+00:00
5472,0.521,2026-09-24T08:27:14.998014+00:00
5473,0.627,2026-09-24T08:27:14.999076+00:00
5474,0.528,2026-09-24T08:27:15.000058+00:00
5475,0.574,2026-09-24T08:27:15.001096+00:00
5476,0.963,2026-09-24T08:27:15.002507+00:00
5477,0.736,2026-09-24T08:27:15.003702+00:00
5478,0.565,2026-09-24T08:27:15.004786+00:00
5479,0.5469999999999999,2026-09-24T08:27:15.005863+00:00
5480,0.555,2026-09-24T08:27:15.006950+00:00
5481,0.503,2026-09-24T08:27:15.008051+00:00
5482,0.47300000000000003,2026-09-24T08:27:15.009054+00:00
5483,0.45,2026-09-24T08:27:15.010011+00:00
5484,0.7929999999999999,2026-09-24T08:27:15.011430+00:00
5485,0.589,2026-09-24T08:27:15.012325+00:00
5486,0.819,2026-09-24T08:27:15.013586+00:00
5487,0.635,2026-09-24T08:27:15.014365+00:00
5488,0.525,2026-09-24T08:27:15.015253+00:00
5489,0.495,2026-09-24T08:27:15.016194+00:00
5490,0.465,2026-09-24T08:27:15.017109+00:00
5491,0.488,2026-09-24T08:27:15.018086+00:00
5492,0.541,2026-09-24T08:27:15.019245+00:00
5493,0.49,2026-09-24T08:27:15.020231+00:00
5494,0.524,2026-09-24T08:27:15.021463+00:00
5495,0.616,2026-09-24T08:27:15.022533+00:00
5496,0.47800000000000004,2026-09-24T08:27:15.023492+00:00
5497,0.587,2026-09-24T08:27:15.024564+00:00
5498,0.525,2026-09-24T08:27:15.025613+00:00
5499,0.587,2026-09-24T08:27:15.026658+00:00
5500,0.475,2026-09-24T08:27:15.027596+00:00
5501,0.484,2026-09-24T08:27:15.028554+00:00
5502,0.46299999999999997,2026-09-24T08:27:15.029495+00:00
5503,0.46799999999999997,2026-09-24T08:27:15.030423+00:00
5504,0.829,2026-09-24T08:27:15.033444+00:00
5505,0.805,2026-09-24T08:27:15.035047+00:00
5506,0.868,2026-09-24T08:27:15.036594+00:00
5507,0.876,2026-09-24T08:27:15.038067+00:00
5508,0.637,2026-09-24T08:27:15.039310+00:00
5509,0.5680000000000001,2026-09-24T08:27:15.040395+00:00
5510,0.502,2026-09-24T08:27:15.041391+00:00
5511,0.656,2026-09-24T08:27:15.042545+00:00
5512,0.718,2026-09-24T08:27:15.043870+00:00
5513,0.565,2026-09-24T08:27:15.044990+00:00
5514,0.57,2026-09-24T08:27:15.046073+00:00
5515,0.506,2026-09-24T08:27:15.047067+00:00
5516,0.5289999999999999,2026-09-24T08:27:15.048060+00:00
5517,0.525,2026-09-24T08:27:15.049061+00:00
5518,0.488,2026-09-24T08:27:15.050029+00:00
5519,0.53,2026-09-24T08:27:15.051096+00:00
5520,0.472,2026-09-24T08:27:15.052019+00:00
5521,0.49299999999999994,2026-09-24T08:27:15.053139+00:00
5522,0.48000000000000004,2026-09-24T08:27:15.054128+00:00
5523,0.521,2026-09-24T08:27:15.055124+00:00
5524,0.46599999999999997,2026-09-24T08:27:15.056058+00:00
5525,0.475,2026-09-24T08:27:15.057040+00:00
5526,1.137,2026-09-24T08:27:15.059003+00:00
5527,1.101,2026-09-24T08:27:15.060699+00:00
5528,1.427,2026-09-24T08:27:15.062700+00:00
5529,0.747,2026-09-24T08:27:15.063802+00:00
5530,0.588,2026-09-24T08:27:15.065062+00:00
5531,0.585,2026-09-24T08:27:15.066213+00:00
5532,0.5820000000000001,2026-09-24T08:27:15.067352+00:00
5533,0.515,2026-09-24T08:27:15.068440+00:00
5534,0.83,2026-09-24T08:27:15.069838+00:00
5535,0.653,2026-09-24T08:27:15.070846+00:00
5536,0.6629999999999999,2026-09-24T08:27:15.072289+00:00
5537,0.615,2026-09-24T08:27:15.073315+00:00
5538,0.5950000000000001,2026-09-24T08:27:15.074396+00:00
5539,0.674,2026-09-24T08:27:15.075882+00:00
5540,0.637,2026-09-24T08:27:15.077092+00:00
5541,1.091,2026-09-24T08:27:15.079203+00:00
5542,0.623,2026-09-24T08:27:15.080187+00:00
5543,0.562,2026-09-24T08:27:15.081260+00:00
5544,0.585,2026-09-24T08:27:15.082366+00:00
5545,0.6809999999999999,2026-09-24T08:27:15.083674+00:00
5546,0.562,2026-09-24T08:27:15.084798+00:00
5547,0.541,2026-09-24T08:27:15.085914+00:00
5548,0.544,2026-09-24T08:27:15.087038+00:00
5549,0.772,2026-09-24T08:27:15.088604+00:00
5550,0.6130000000000001,2026-09-24T08:27:15.089878+00:00
5551,0.877,2026-09-24T08:27:15.091731+00:00
5552,1.1969999999999998,2026-09-24T08:27:15.093701+00:00
5553,3.839,2026-09-24T08:27:15.098180+00:00
5554,1.065,2026-09-24T08:27:15.099971+00:00
5555,0.781,2026-09-24T08:27:15.101430+00:00
5556,0.749,2026-09-24T08:27:15.102857+00:00
5557,0.768,2026-09-24T08:27:15.104247+00:00
5558,0.837,2026-09-24T08:27:15.105795+00:00
5559,0.816,2026-09-24T08:27:15.107342+00:00
5560,0.777,2026-09-24T08:27:15.108861+00:00
5561,0.851,2026-09-24T08:27:15.110321+00:00
5562,0.771,2026-09-24T08:27:15.111784+00:00
5563,0.841,2026-09-24T08:27:15.113427+00:00
5564,1.1329999999999998,2026-09-24T08:27:15.115352+00:00
5565,1.303,2026-09-24T08:27:15.118292+00:00
5566,1.0759999999999998,2026-09-24T08:27:15.119611+00:00
5567,1.368,2026-09-24T08:27:15.122100+00:00
5568,0.847,2026-09-24T08:27:15.123478+00:00
5569,1.0679999999999998,2026-09-24T08:27:15.125105+00:00
5570,0.752,2026-09-24T08:27:15.126085+00:00
5571,0.896,2026-09-24T08:27:15.127295+00:00
5572,0.651,2026-09-24T08:27:15.128448+00:00
5573,0.597,2026-09-24T08:27:15.129472+00:00
5574,0.553,2026-09-24T08:27:15.130449+00:00
5575,0.625,2026-09-24T08:27:15.131560+00:00
5576,0.566,2026-09-24T08:27:15.132589+00:00
5577,0.8310000000000001,2026-09-24T08:27:15.133882+00:00
5578,0.732,2026-09-24T08:27:15.134931+00:00
5579,0.641,2026-09-24T08:27:15.136002+00:00
5580,0.546,2026-09-24T08:27:15.137166+00:00
5581,0.553,2026-09-24T08:27:15.138232+00:00
5582,0.5730000000000001,2026-09-24T08:27:15.139313+00:00
5583,1.178,2026-09-24T08:27:15.141341+00:00
5584,0.71,2026-09-24T08:27:15.142526+00:00
5585,0.656,2026-09-24T08:27:15.143725+00:00
5586,0.618,2026-09-24T08:27:15.144812+00:00
5587,0.589,2026-09-24T08:27:15.145855+00:00
5588,0.629,2026-09-24T08:27:15.147009+00:00
5589,0.611,2026-09-24T08:27:15.148088+00:00
5590,0.566,2026-09-24T08:27:15.149147+00:00
5591,0.6,2026-09-24T08:27:15.150241+00:00
5592,0.605,2026-09-24T08:27:15.151312+00:00
5593,0.559,2026-09-24T08:27:15.152338+00:00
5594,0.539,2026-09-24T08:27:15.153379+00:00
5595,0.66,2026-09-24T08:27:15.154770+00:00
5596,0.6849999999999999,2026-09-24T08:27:15.155947+00:00
5597,0.569,2026-09-24T08:27:15.157328+00:00
5598,0.508,2026-09-24T08:27:15.158372+00:00
5599,0.57,2026-09-24T08:27:15.159482+00:00
5600,0.5559999999999999,2026-09-24T08:27:15.160567+00:00
5601,0.8140000000000001,2026-09-24T08:27:15.161917+00:00
5602,0.9610000000000001,2026-09-24T08:27:15.163500+00:00
5603,0.998,2026-09-24T08:27:15.165386+00:00
5604,0.888,2026-09-24T08:27:15.166654+00:00
5605,0.8,2026-09-24T08:27:15.167851+00:00
5606,0.705,2026-09-24T08:27:15.169097+00:00
5607,1.127,2026-09-24T08:27:15.170779+00:00
5608,0.757,2026-09-24T08:27:15.171781+00:00
5609,0.8180000000000001,2026-09-24T08:27:15.173195+00:00
5610,0.7879999999999999,2026-09-24T08:27:15.175017+00:00
5611,0.704,2026-09-24T08:27:15.176301+00:00
5612,0.687,2026-09-24T08:27:15.177478+00:00
5613,0.725,2026-09-24T08:27:15.178862+00:00
5614,0.773,2026-09-24T08:27:15.180074+00:00
5615,0.7200000000000001,2026-09-24T08:27:15.181369+00:00
5616,0.63,2026-09-24T08:27:15.182547+00:00
5617,0.619,2026-09-24T08:27:15.183736+00:00
5618,0.593,2026-09-24T08:27:15.184798+00:00
5619,0.544,2026-09-24T08:27:15.185750+00:00
5620,0.527,2026-09-24T08:27:15.186708+00:00
5621,0.523,2026-09-24T08:27:15.187639+00:00
5622,0.491,2026-09-24T08:27:15.188563+00:00
5623,0.5429999999999999,2026-09-24T08:27:15.189537+00:00
5624,0.5289999999999999,2026-09-24T08:27:15.190474+00:00
5625,0.569,2026-09-24T08:27:15.191639+00:00
5626,0.5609999999999999,2026-09-24T08:27:15.192658+00:00
5627,0.5289999999999999,2026-09-24T08:27:15.193608+00:00
5628,0.531,2026-09-24T08:27:15.194586+00:00
5629,0.5519999999999999,2026-09-24T08:27:15.195601+00:00
5630,0.5609999999999999,2026-09-24T08:27:15.196629+00:00
5631,0.726,2026-09-24T08:27:15.197896+00:00
5632,0.7919999999999999,2026-09-24T08:27:15.199488+00:00
5633,0.656,2026-09-24T08:27:15.200946+00:00
5634,0.57,2026-09-24T08:27:15.202020+00:00
5635,0.637,2026-09-24T08:27:15.203220+00:00
5636,0.5730000000000001,2026-09-24T08:27:15.204255+00:00
5637,0.566,2026-09-24T08:27:15.205237+00:00
5638,0.623,2026-09-24T08:27:15.206352+00:00
5639,0.834,2026-09-24T08:27:15.207986+00:00
5640,0.7060000000000001,2026-09-24T08:27:15.209307+00:00
5641,0.674,2026-09-24T08:27:15.210590+00:00
5642,0.6679999999999999,2026-09-24T08:27:15.211716+00:00
5643,0.671,2026-09-24T08:27:15.212814+00:00
5644,0.79,2026-09-24T08:27:15.214035+00:00
5645,0.753,2026-09-24T08:27:15.215257+00:00
5646,0.5680000000000001,2026-09-24T08:27:15.216272+00:00
5647,0.533,2026-09-24T08:27:15.217241+00:00
5648,0.514,2026-09-24T08:27:15.218199+00:00
5649,0.5429999999999999,2026-09-24T08:27:15.219222+00:00
5650,0.55,2026-09-24T08:27:15.220221+00:00
5651,0.533,2026-09-24T08:27:15.221197+00:00
5652,0.503,2026-09-24T08:27:15.222145+00:00
5653,0.515,2026-09-24T08:27:15.223118+00:00
5654,0.526,2026-09-24T08:27:15.224243+00:00
5655,0.54,2026-09-24T08:27:15.225272+00:00
5656,0.515,2026-09-24T08:27:15.226262+00:00
5657,0.5479999999999999,2026-09-24T08:27:15.227249+00:00
5658,0.49700000000000005,2026-09-24T08:27:15.228215+00:00
5659,0.5760000000000001,2026-09-24T08:27:15.229267+00:00
5660,0.528,2026-09-24T08:27:15.230234+00:00
5661,0.508,2026-09-24T08:27:15.231218+00:00
5662,0.5609999999999999,2026-09-24T08:27:15.232318+00:00
5663,0.5379999999999999,2026-09-24T08:27:15.233378+00:00
5664,0.532,2026-09-24T08:27:15.234390+00:00
5665,0.6890000000000001,2026-09-24T08:27:15.235616+00:00
5666,0.617,2026-09-24T08:27:15.236738+00:00
5667,0.65,2026-09-24T08:27:15.237909+00:00
5668,0.742,2026-09-24T08:27:15.239296+00:00
5669,0.675,2026-09-24T08:27:15.240656+00:00
5670,0.664,2026-09-24T08:27:15.241815+00:00
5671,0.648,2026-09-24T08:27:15.242970+00:00
5672,0.589,2026-09-24T08:27:15.244044+00:00
5673,0.571,2026-09-24T08:27:15.245101+00:00
5674,0.575,2026-09-24T08:27:15.246199+00:00
5675,0.62,2026-09-24T08:27:15.247318+00:00
5676,0.618,2026-09-24T08:27:15.248480+00:00
5677,0.5900000000000001,2026-09-24T08:27:15.249547+00:00
5678,0.646,2026-09-24T08:27:15.250722+00:00
5679,0.588,2026-09-24T08:27:15.251830+00:00
5680,0.623,2026-09-24T08:27:15.252945+00:00
5681,0.714,2026-09-24T08:27:15.254205+00:00
5682,0.5379999999999999,2026-09-24T08:27:15.255319+00:00
5683,0.5760000000000001,2026-09-24T08:27:15.256375+00:00
5684,0.5680000000000001,2026-09-24T08:27:15.257520+00:00
5685,0.578,2026-09-24T08:27:15.258544+00:00
5686,0.523,2026-09-24T08:27:15.259523+00:00
5687,0.54,2026-09-24T08:27:15.260555+00:00
5688,0.514,2026-09-24T08:27:15.261601+00:00
5689,0.506,2026-09-24T08:27:15.262638+00:00
5690,0.5289999999999999,2026-09-24T08:27:15.263666+00:00
5691,0.506,2026-09-24T08:27:15.264636+00:00
5692,0.5609999999999999,2026-09-24T08:27:15.265740+00:00
5693,0.558,2026-09-24T08:27:15.266766+00:00
5694,0.549,2026-09-24T08:27:15.267813+00:00
5695,0.847,2026-09-24T08:27:15.269149+00:00
5696,0.921,2026-09-24T08:27:15.271030+00:00
5697,0.7,2026-09-24T08:27:15.272503+00:00
5698,0.622,2026-09-24T08:27:15.273715+00:00
5699,0.616,2026-09-24T08:27:15.275009+00:00
5700,0.61,2026-09-24T08:27:15.276192+00:00
5701,0.544,2026-09-24T08:27:15.277304+00:00
5702,0.531,2026-09-24T08:27:15.278322+00:00
5703,0.546,2026-09-24T08:27:15.279349+00:00
5704,0.517,2026-09-24T08:27:15.280349+00:00
5705,0.48700000000000004,2026-09-24T08:27:15.281352+00:00
5706,0.539,2026-09-24T08:27:15.282404+00:00
5707,0.558,2026-09-24T08:27:15.283436+00:00
5708,0.522,2026-09-24T08:27:15.284443+00:00
5709,0.545,2026-09-24T08:27:15.285473+00:00
5710,0.544,2026-09-24T08:27:15.286518+00:00
5711,0.504,2026-09-24T08:27:15.287475+00:00
5712,0.519,2026-09-24T08:27:15.288455+00:00
5713,0.49700000000000005,2026-09-24T08:27:15.289602+00:00
5714,0.472,2026-09-24T08:27:15.290584+00:00
5715,0.505,2026-09-24T08:27:15.291572+00:00
5716,0.5109999999999999,2026-09-24T08:27:15.292535+00:00
5717,0.495,2026-09-24T08:27:15.293479+00:00
5718,0.6880000000000001,2026-09-24T08:27:15.295210+00:00
5719,0.5379999999999999,2026-09-24T08:27:15.296214+00:00
5720,0.5599999999999999,2026-09-24T08:27:15.297402+00:00
5721,0.523,2026-09-24T08:27:15.298437+00:00
5722,0.516,2026-09-24T08:27:15.299431+00:00
5723,0.545,2026-09-24T08:27:15.300450+00:00
5724,0.574,2026-09-24T08:27:15.301466+00:00
5725,0.569,2026-09-24T08:27:15.302486+00:00
5726,0.6930000000000001,2026-09-24T08:27:15.303672+00:00
5727,0.734,2026-09-24T08:27:15.304972+00:00
5728,0.559,2026-09-24T08:27:15.306158+00:00
5729,0.506,2026-09-24T08:27:15.307141+00:00
5730,0.47300000000000003,2026-09-24T08:27:15.308103+00:00
5731,0.532,2026-09-24T08:27:15.309123+00:00
5732,0.574,2026-09-24T08:27:15.310281+00:00
5733,0.5339999999999999,2026-09-24T08:27:15.311354+00:00
5734,0.521,2026-09-24T08:27:15.312380+00:00
5735,0.777,2026-09-24T08:27:15.313717+00:00
5736,0.741,2026-09-24T08:27:15.314703+00:00
5737,0.866,2026-09-24T08:27:15.316174+00:00
5738,0.679,2026-09-24T08:27:15.317132+00:00
5739,0.7020000000000001,2026-09-24T08:27:15.318153+00:00
5740,0.669,2026-09-24T08:27:15.319198+00:00
5741,0.644,2026-09-24T08:27:15.320223+00:00
5742,0.653,2026-09-24T08:27:15.321270+00:00
5743,0.687,2026-09-24T08:27:15.322401+00:00
5744,0.661,2026-09-24T08:27:15.323405+00:00
5745,0.643,2026-09-24T08:27:15.324392+00:00
5746,0.8720000000000001,2026-09-24T08:27:15.325605+00:00
5747,0.9079999999999999,2026-09-24T08:27:15.326607+00:00
5748,0.9,2026-09-24T08:27:15.327686+00:00
5749,0.768,2026-09-24T08:27:15.329004+00:00
5750,0.634,2026-09-24T08:27:15.330139+00:00
5751,0.553,2026-09-24T08:27:15.331226+00:00
5752,0.535,2026-09-24T08:27:15.332288+00:00
5753,0.515,2026-09-24T08:27:15.333338+00:00
5754,0.54,2026-09-24T08:27:15.334470+00:00
5755,0.799,2026-09-24T08:27:15.335869+00:00
5756,1.056,2026-09-24T08:27:15.337463+00:00
5757,0.787,2026-09-24T08:27:15.338900+00:00
5758,0.602,2026-09-24T08:27:15.340311+00:00
5759,0.5559999999999999,2026-09-24T08:27:15.341431+00:00
5760,0.549,2026-09-24T08:27:15.342523+00:00
5761,0.614,2026-09-24T08:27:15.343805+00:00
5762,0.92,2026-09-24T08:27:15.345321+00:00
5763,0.8490000000000001,2026-09-24T08:27:15.346948+00:00
5764,0.769,2026-09-24T08:27:15.348432+00:00
5765,0.838,2026-09-24T08:27:15.349975+00:00
5766,0.712,2026-09-24T08:27:15.351262+00:00
5767,0.734,2026-09-24T08:27:15.352612+00:00
5768,0.7919999999999999,2026-09-24T08:27:15.354012+00:00
5769,0.6819999999999999,2026-09-24T08:27:15.355340+00:00
5770,0.747,2026-09-24T08:27:15.356716+00:00
5771,0.747,2026-09-24T08:27:15.358015+00:00
5772,0.6890000000000001,2026-09-24T08:27:15.359461+00:00
5773,0.678,2026-09-24T08:27:15.360747+00:00
5774,0.785,2026-09-24T08:27:15.362113+00:00
5775,0.78,2026-09-24T08:27:15.363584+00:00
5776,0.7380000000000001,2026-09-24T08:27:15.364967+00:00
5777,0.695,2026-09-24T08:27:15.366303+00:00
5778,0.699,2026-09-24T08:27:15.367620+00:00
5779,1.073,2026-09-24T08:27:15.369261+00:00
5780,1.125,2026-09-24T08:27:15.370608+00:00
5781,0.838,2026-09-24T08:27:15.371701+00:00
5782,0.8260000000000001,2026-09-24T08:27:15.373086+00:00
5783,0.7,2026-09-24T08:27:15.374282+00:00
5784,0.6719999999999999,2026-09-24T08:27:15.375444+00:00
5785,0.683,2026-09-24T08:27:15.376615+00:00
5786,0.6819999999999999,2026-09-24T08:27:15.377774+00:00
5787,0.684,2026-09-24T08:27:15.378984+00:00
5788,0.657,2026-09-24T08:27:15.380128+00:00
5789,0.6489999999999999,2026-09-24T08:27:15.381247+00:00
5790,0.632,2026-09-24T08:27:15.382350+00:00
5791,0.735,2026-09-24T08:27:15.383540+00:00
5792,0.823,2026-09-24T08:27:15.384721+00:00
5793,0.742,2026-09-24T08:27:15.385744+00:00
5794,0.6930000000000001,2026-09-24T08:27:15.386743+00:00
5795,0.6819999999999999,2026-09-24T08:27:15.387872+00:00
5796,0.7060000000000001,2026-09-24T08:27:15.388917+00:00
5797,0.716,2026-09-24T08:27:15.389982+00:00
5798,0.865,2026-09-24T08:27:15.391217+00:00
5799,0.773,2026-09-24T08:27:15.392552+00:00
5800,0.733,2026-09-24T08:27:15.393726+00:00
5801,0.6970000000000001,2026-09-24T08:27:15.394823+00:00
5802,0.894,2026-09-24T08:27:15.396376+00:00
5803,0.798,2026-09-24T08:27:15.397687+00:00
5804,0.7919999999999999,2026-09-24T08:27:15.398911+00:00
5805,0.6849999999999999,2026-09-24T08:27:15.400032+00:00
5806,0.718,2026-09-24T08:27:15.401337+00:00
5807,0.6769999999999999,2026-09-24T08:27:15.402535+00:00
5808,0.707,2026-09-24T08:27:15.403727+00:00
5809,0.6130000000000001,2026-09-24T08:27:15.404648+00:00
5810,0.527,2026-09-24T08:27:15.405617+00:00
5811,0.49,2026-09-24T08:27:15.406602+00:00
5812,0.515,2026-09-24T08:27:15.407625+00:00
5813,0.526,2026-09-24T08:27:15.408673+00:00
5814,0.499,2026-09-24T08:27:15.409697+00:00
5815,0.49700000000000005,2026-09-24T08:27:15.410695+00:00
5816,0.514,2026-09-24T08:27:15.411687+00:00
5817,0.562,2026-09-24T08:27:15.412790+00:00
5818,0.513,2026-09-24T08:27:15.413766+00:00
5819,0.481,2026-09-24T08:27:15.414739+00:00
5820,0.455,2026-09-24T08:27:15.415710+00:00
5821,0.48000000000000004,2026-09-24T08:27:15.416690+00:00
5822,0.475,2026-09-24T08:27:15.417644+00:00
5823,0.46599999999999997,2026-09-24T08:27:15.418622+00:00
5824,0.483,2026-09-24T08:27:15.419565+00:00
5825,0.46599999999999997,2026-09-24T08:27:15.420524+00:00
5826,0.453,2026-09-24T08:27:15.421468+00:00
5827,0.46299999999999997,2026-09-24T08:27:15.422447+00:00
5828,0.45199999999999996,2026-09-24T08:27:15.423378+00:00
5829,0.45399999999999996,2026-09-24T08:27:15.424328+00:00
5830,0.441,2026-09-24T08:27:15.425265+00:00
5831,0.709,2026-09-24T08:27:15.426491+00:00
5832,0.8540000000000001,2026-09-24T08:27:15.428069+00:00
5833,0.559,2026-09-24T08:27:15.429347+00:00
5834,0.509,2026-09-24T08:27:15.430372+00:00
5835,0.6679999999999999,2026-09-24T08:27:15.431563+00:00
5836,0.735,2026-09-24T08:27:15.432817+00:00
5837,0.661,2026-09-24T08:27:15.433931+00:00
5838,0.662,2026-09-24T08:27:15.435062+00:00
5839,0.66,2026-09-24T08:27:15.436153+00:00
5840,0.606,2026-09-24T08:27:15.437206+00:00
5841,0.48500000000000004,2026-09-24T08:27:15.438096+00:00
5842,0.475,2026-09-24T08:27:15.439067+00:00
5843,0.46099999999999997,2026-09-24T08:27:15.440036+00:00
5844,0.439,2026-09-24T08:27:15.441004+00:00
5845,0.475,2026-09-24T08:27:15.441983+00:00
5846,0.438,2026-09-24T08:27:15.443258+00:00
5847,0.656,2026-09-24T08:27:15.444583+00:00
5848,0.653,2026-09-24T08:27:15.445712+00:00
5849,0.646,2026-09-24T08:27:15.446836+00:00
5850,0.565,2026-09-24T08:27:15.447852+00:00
5851,0.666,2026-09-24T08:27:15.449126+00:00
5852,0.8899999999999999,2026-09-24T08:27:15.450699+00:00
5853,0.671,2026-09-24T08:27:15.451912+00:00
5854,0.612,2026-09-24T08:27:15.452998+00:00
5855,0.937,2026-09-24T08:27:15.454402+00:00
5856,0.696,2026-09-24T08:27:15.455234+00:00
5857,0.5680000000000001,2026-09-24T08:27:15.456178+00:00
5858,0.609,2026-09-24T08:27:15.457243+00:00
5859,0.5199999999999999,2026-09-24T08:27:15.458118+00:00
5860,0.49299999999999994,2026-09-24T08:27:15.459140+00:00
5861,0.502,2026-09-24T08:27:15.460382+00:00
5862,0.516,2026-09-24T08:27:15.461444+00:00
5863,0.456,2026-09-24T08:27:15.462387+00:00
5864,0.49299999999999994,2026-09-24T08:27:15.463360+00:00
5865,0.477,2026-09-24T08:27:15.464331+00:00
5866,0.481,2026-09-24T08:27:15.465374+00:00
5867,0.47,2026-09-24T08:27:15.466355+00:00
5868,0.455,2026-09-24T08:27:15.467375+00:00
5869,0.5680000000000001,2026-09-24T08:27:15.468498+00:00
5870,0.509,2026-09-24T08:27:15.469543+00:00
5871,0.532,2026-09-24T08:27:15.470640+00:00
5872,0.515,2026-09-24T08:27:15.471661+00:00
5873,0.47800000000000004,2026-09-24T08:27:15.472657+00:00
5874,0.694,2026-09-24T08:27:15.473937+00:00
5875,0.771,2026-09-24T08:27:15.475206+00:00
5876,0.8140000000000001,2026-09-24T08:27:15.476857+00:00
5877,0.7969999999999999,2026-09-24T08:27:15.478108+00:00
5878,0.678,2026-09-24T08:27:15.479376+00:00
5879,0.848,2026-09-24T08:27:15.480788+00:00
5880,1.0399999999999998,2026-09-24T08:27:15.482610+00:00
5881,0.624,2026-09-24T08:27:15.483700+00:00
5882,0.5599999999999999,2026-09-24T08:27:15.484750+00:00
5883,0.6589999999999999,2026-09-24T08:27:15.485946+00:00
5884,0.522,2026-09-24T08:27:15.486960+00:00
5885,0.555,2026-09-24T08:27:15.488137+00:00
5886,0.5339999999999999,2026-09-24T08:27:15.489230+00:00
5887,0.517,2026-09-24T08:27:15.490268+00:00
5888,0.6819999999999999,2026-09-24T08:27:15.491650+00:00
5889,0.635,2026-09-24T08:27:15.492954+00:00
5890,0.998,2026-09-24T08:27:15.494676+00:00
5891,0.8,2026-09-24T08:27:15.496179+00:00
5892,0.756,2026-09-24T08:27:15.497569+00:00
5893,0.768,2026-09-24T08:27:15.498970+00:00
5894,0.762,2026-09-24T08:27:15.500366+00:00
5895,0.709,2026-09-24T08:27:15.501699+00:00
5896,1.1789999999999998,2026-09-24T08:27:15.503498+00:00
5897,1.095,2026-09-24T08:27:15.504744+00:00
5898,1.153,2026-09-24T08:27:15.506229+00:00
5899,0.9700000000000001,2026-09-24T08:27:15.507680+00:00
5900,1.01,2026-09-24T08:27:15.509068+00:00
5901,1.0939999999999999,2026-09-24T08:27:15.510743+00:00
5902,0.657,2026-09-24T08:27:15.511717+00:00
5903,0.734,2026-09-24T08:27:15.512961+00:00
5904,0.8809999999999999,2026-09-24T08:27:15.514398+00:00
5905,0.771,2026-09-24T08:27:15.515512+00:00
5906,0.712,2026-09-24T08:27:15.516893+00:00
5907,0.65,2026-09-24T08:27:15.518144+00:00
5908,0.622,2026-09-24T08:27:15.519380+00:00
5909,0.6769999999999999,2026-09-24T08:27:15.520628+00:00
5910,0.64,2026-09-24T08:27:15.521980+00:00
5911,0.62,2026-09-24T08:27:15.523230+00:00
5912,0.623,2026-09-24T08:27:15.524447+00:00
5913,0.703,2026-09-24T08:27:15.525731+00:00
5914,0.7240000000000001,2026-09-24T08:27:15.527015+00:00
5915,0.638,2026-09-24T08:27:15.528310+00:00
5916,0.756,2026-09-24T08:27:15.529652+00:00
5917,0.7110000000000001,2026-09-24T08:27:15.530938+00:00
5918,1.1119999999999999,2026-09-24T08:27:15.532635+00:00
5919,0.906,2026-09-24T08:27:15.533712+00:00
5920,0.773,2026-09-24T08:27:15.535039+00:00
5921,0.602,2026-09-24T08:27:15.536093+00:00
5922,0.619,2026-09-24T08:27:15.537209+00:00
5923,0.571,2026-09-24T08:27:15.538231+00:00
5924,0.741,2026-09-24T08:27:15.539534+00:00
5925,0.601,2026-09-24T08:27:15.540816+00:00
5926,0.594,2026-09-24T08:27:15.541898+00:00
5927,0.629,2026-09-24T08:27:15.543090+00:00
5928,0.736,2026-09-24T08:27:15.544440+00:00
5929,0.816,2026-09-24T08:27:15.545720+00:00
5930,1.0330000000000001,2026-09-24T08:27:15.547097+00:00
5931,0.7739999999999999,2026-09-24T08:27:15.548046+00:00
5932,0.624,2026-09-24T08:27:15.549112+00:00
5933,0.5519999999999999,2026-09-24T08:27:15.550120+00:00
5934,0.525,2026-09-24T08:27:15.551193+00:00
5935,0.499,2026-09-24T08:27:15.552364+00:00
5936,0.539,2026-09-24T08:27:15.553395+00:00
5937,0.671,2026-09-24T08:27:15.554547+00:00
5938,0.6769999999999999,2026-09-24T08:27:15.555565+00:00
5939,0.708,2026-09-24T08:27:15.556681+00:00
5940,0.804,2026-09-24T08:27:15.557824+00:00
5941,0.744,2026-09-24T08:27:15.559146+00:00
5942,0.6920000000000001,2026-09-24T08:27:15.560407+00:00
5943,0.652,2026-09-24T08:27:15.561603+00:00
5944,0.616,2026-09-24T08:27:15.562691+00:00
5945,0.696,2026-09-24T08:27:15.563989+00:00
5946,0.611,2026-09-24T08:27:15.565245+00:00
5947,0.6759999999999999,2026-09-24T08:27:15.566481+00:00
5948,0.897,2026-09-24T08:27:15.567867+00:00
5949,0.7200000000000001,2026-09-24T08:27:15.569040+00:00
5950,0.614,2026-09-24T08:27:15.570296+00:00
5951,1.009,2026-09-24T08:27:15.571879+00:00
5952,0.778,2026-09-24T08:27:15.572891+00:00
5953,0.673,2026-09-24T08:27:15.573957+00:00
5954,0.644,2026-09-24T08:27:15.574996+00:00
5955,0.597,2026-09-24T08:27:15.576033+00:00
5956,0.643,2026-09-24T08:27:15.577477+00:00
5957,0.583,2026-09-24T08:27:15.578471+00:00
5958,0.6,2026-09-24T08:27:15.579545+00:00
5959,0.611,2026-09-24T08:27:15.580634+00:00
5960,0.594,2026-09-24T08:27:15.581723+00:00
5961,0.5860000000000001,2026-09-24T08:27:15.582757+00:00
5962,0.562,2026-09-24T08:27:15.583779+00:00
5963,0.5950000000000001,2026-09-24T08:27:15.584872+00:00
5964,0.603,2026-09-24T08:27:15.585944+00:00
5965,0.673,2026-09-24T08:27:15.587301+00:00
5966,0.599,2026-09-24T08:27:15.588402+00:00
5967,0.6130000000000001,2026-09-24T08:27:15.589474+00:00
5968,0.566,2026-09-24T08:27:15.590478+00:00
5969,0.865,2026-09-24T08:27:15.591796+00:00
5970,0.578,2026-09-24T08:27:15.592807+00:00
5971,0.579,2026-09-24T08:27:15.593815+00:00
5972,0.558,2026-09-24T08:27:15.594811+00:00
5973,0.603,2026-09-24T08:27:15.595873+00:00
5974,0.637,2026-09-24T08:27:15.597034+00:00
5975,0.57,2026-09-24T08:27:15.598069+00:00
5976,0.565,2026-09-24T08:27:15.599136+00:00
5977,0.553,2026-09-24T08:27:15.600144+00:00
5978,0.605,2026-09-24T08:27:15.601213+00:00
5979,0.588,2026-09-24T08:27:15.602252+00:00
5980,0.6920000000000001,2026-09-24T08:27:15.603608+00:00
5981,0.597,2026-09-24T08:27:15.604620+00:00
5982,0.579,2026-09-24T08:27:15.605659+00:00
5983,0.5509999999999999,2026-09-24T08:27:15.606656+00:00
5984,0.579,2026-09-24T08:27:15.607667+00:00
5985,0.544,2026-09-24T08:27:15.608635+00:00
5986,0.5730000000000001,2026-09-24T08:27:15.609685+00:00
5987,0.92,2026-09-24T08:27:15.611056+00:00
5988,0.755,2026-09-24T08:27:15.611890+00:00
5989,0.615,2026-09-24T08:27:15.612796+00:00
5990,0.605,2026-09-24T08:27:15.613825+00:00
5991,0.5519999999999999,2026-09-24T08:27:15.614800+00:00
5992,0.598,2026-09-24T08:27:15.615823+00:00
5993,0.58,2026-09-24T08:27:15.616779+00:00
5994,0.616,2026-09-24T08:27:15.617935+00:00
5995,0.592,2026-09-24T08:27:15.618966+00:00
5996,0.6930000000000001,2026-09-24T08:27:15.620214+00:00
5997,0.771,2026-09-24T08:27:15.621449+00:00
5998,0.823,2026-09-24T08:27:15.622632+00:00
5999,1.382,2026-09-24T08:27:15.624691+00:00
6000,1.129,2026-09-24T08:27:15.626274+00:00
6001,1.0859999999999999,2026-09-24T08:27:15.628133+00:00
6002,1.3159999999999998,2026-09-24T08:27:15.630315+00:00
6003,0.9319999999999999,2026-09-24T08:27:15.632027+00:00
6004,0.893,2026-09-24T08:27:15.633781+00:00
6005,1.017,2026-09-24T08:27:15.635400+00:00
6006,1.137,2026-09-24T08:27:15.637054+00:00
6007,1.077,2026-09-24T08:27:15.638882+00:00
6008,0.874,2026-09-24T08:27:15.640441+00:00
6009,1.276,2026-09-24T08:27:15.642493+00:00
6010,1.204,2026-09-24T08:27:15.644385+00:00
6011,1.118,2026-09-24T08:27:15.646225+00:00
6012,0.968,2026-09-24T08:27:15.647841+00:00
6013,0.964,2026-09-24T08:27:15.649441+00:00
6014,1.077,2026-09-24T08:27:15.651129+00:00
6015,1.527,2026-09-24T08:27:15.653299+00:00
6016,0.988,2026-09-24T08:27:15.655053+00:00
6017,0.905,2026-09-24T08:27:15.656599+00:00
6018,0.745,2026-09-24T08:27:15.657843+00:00
6019,0.79,2026-09-24T08:27:15.659193+00:00
6020,0.6769999999999999,2026-09-24T08:27:15.660278+00:00
6021,0.752,2026-09-24T08:27:15.661544+00:00
6022,0.8170000000000001,2026-09-24T08:27:15.662671+00:00
6023,0.757,2026-09-24T08:27:15.663651+00:00
6024,1.0,2026-09-24T08:27:15.665333+00:00
6025,1.163,2026-09-24T08:27:15.666661+00:00
6026,1.405,2026-09-24T08:27:15.669280+00:00
6027,1.014,2026-09-24T08:27:15.671062+00:00
6028,0.987,2026-09-24T08:27:15.672729+00:00
6029,0.929,2026-09-24T08:27:15.674292+00:00
6030,1.221,2026-09-24T08:27:15.676363+00:00
6031,1.123,2026-09-24T08:27:15.678093+00:00
6032,0.9309999999999999,2026-09-24T08:27:15.679503+00:00
6033,0.752,2026-09-24T08:27:15.680581+00:00
6034,1.234,2026-09-24T08:27:15.682619+00:00
6035,3.195,2026-09-24T08:27:15.686464+00:00
6036,1.1520000000000001,2026-09-24T08:27:15.688506+00:00
6037,0.9380000000000001,2026-09-24T08:27:15.690110+00:00
6038,1.165,2026-09-24T08:27:15.691990+00:00
6039,1.171,2026-09-24T08:27:15.693970+00:00
6040,1.192,2026-09-24T08:27:15.696577+00:00
6041,1.338,2026-09-24T08:27:15.699285+00:00
6042,1.185,2026-09-24T08:27:15.701624+00:00
6043,1.05,2026-09-24T08:27:15.703641+00:00
6044,0.919,2026-09-24T08:27:15.705227+00:00
6045,1.05,2026-09-24T08:27:15.707599+00:00
6046,1.056,2026-09-24T08:27:15.709437+00:00
6047,1.184,2026-09-24T08:27:15.711239+00:00
6048,0.9909999999999999,2026-09-24T08:27:15.712476+00:00
6049,0.737,2026-09-24T08:27:15.713520+00:00
6050,0.707,2026-09-24T08:27:15.714674+00:00
6051,0.623,2026-09-24T08:27:15.715934+00:00
6052,0.602,2026-09-24T08:27:15.717109+00:00
6053,0.618,2026-09-24T08:27:15.718580+00:00
6054,1.138,2026-09-24T08:27:15.721041+00:00
6055,0.857,2026-09-24T08:27:15.722029+00:00
6056,0.907,2026-09-24T08:27:15.723430+00:00
6057,0.877,2026-09-24T08:27:15.724849+00:00
6058,0.684,2026-09-24T08:27:15.726154+00:00
6059,0.712,2026-09-24T08:27:15.727478+00:00
6060,0.799,2026-09-24T08:27:15.729014+00:00
6061,0.791,2026-09-24T08:27:15.730463+00:00
6062,0.8069999999999999,2026-09-24T08:27:15.731869+00:00
6063,0.751,2026-09-24T08:27:15.733250+00:00
6064,0.7240000000000001,2026-09-24T08:27:15.734587+00:00
6065,0.687,2026-09-24T08:27:15.735960+00:00
6066,0.782,2026-09-24T08:27:15.737324+00:00
6067,0.888,2026-09-24T08:27:15.738717+00:00
6068,1.0219999999999998,2026-09-24T08:27:15.740662+00:00
6069,0.9079999999999999,2026-09-24T08:27:15.742138+00:00
6070,0.876,2026-09-24T08:27:15.743721+00:00
6071,0.743,2026-09-24T08:27:15.745055+00:00
6072,0.763,2026-09-24T08:27:15.746399+00:00
6073,0.993,2026-09-24T08:27:15.748288+00:00
6074,0.728,2026-09-24T08:27:15.749604+00:00
6075,0.9959999999999999,2026-09-24T08:27:15.751225+00:00
6076,0.808,2026-09-24T08:27:15.752651+00:00
6077,0.937,2026-09-24T08:27:15.754155+00:00
6078,1.156,2026-09-24T08:27:15.755979+00:00
6079,0.99,2026-09-24T08:27:15.757573+00:00
6080,0.847,2026-09-24T08:27:15.758888+00:00
6081,0.855,2026-09-24T08:27:15.760229+00:00
6082,0.7200000000000001,2026-09-24T08:27:15.761374+00:00
6083,0.694,2026-09-24T08:27:15.762721+00:00
6084,0.8450000000000001,2026-09-24T08:27:15.764184+00:00
6085,1.0250000000000001,2026-09-24T08:27:15.766092+00:00
6086,0.683,2026-09-24T08:27:15.767459+00:00
6087,0.634,2026-09-24T08:27:15.768612+00:00
6088,0.64,2026-09-24T08:27:15.769719+00:00
6089,0.6719999999999999,2026-09-24T08:27:15.770923+00:00
6090,0.9779999999999999,2026-09-24T08:27:15.772656+00:00
6091,0.761,2026-09-24T08:27:15.774351+00:00
6092,0.739,2026-09-24T08:27:15.775754+00:00
6093,0.6849999999999999,2026-09-24T08:27:15.777066+00:00
6094,0.9219999999999999,2026-09-24T08:27:15.778562+00:00
6095,0.937,2026-09-24T08:27:15.780191+00:00
6096,0.972,2026-09-24T08:27:15.782085+00:00
6097,0.883,2026-09-24T08:27:15.783847+00:00
6098,0.924,2026-09-24T08:27:15.785629+00:00
6099,1.4580000000000002,2026-09-24T08:27:15.787752+00:00
6100,1.085,2026-09-24T08:27:15.789559+00:00
6101,0.911,2026-09-24T08:27:15.791131+00:00
6102,0.741,2026-09-24T08:27:15.792420+00:00
6103,0.937,2026-09-24T08:27:15.793927+00:00
6104,1.1219999999999999,2026-09-24T08:27:15.796279+00:00
6105,3.111,2026-09-24T08:27:15.800336+00:00
6106,0.8220000000000001,2026-09-24T08:27:15.801747+00:00
6107,0.9079999999999999,2026-09-24T08:27:15.803379+00:00
6108,1.221,2026-09-24T08:27:15.805494+00:00
6109,0.941,2026-09-24T08:27:15.807083+00:00
6110,0.798,2026-09-24T08:27:15.808471+00:00
6111,0.728,2026-09-24T08:27:15.809777+00:00
6112,1.203,2026-09-24T08:27:15.811706+00:00
6113,0.866,2026-09-24T08:27:15.813511+00:00
6114,0.85,2026-09-24T08:27:15.814912+00:00
6115,1.019,2026-09-24T08:27:15.816575+00:00
6116,0.941,2026-09-24T08:27:15.818126+00:00
6117,0.833,2026-09-24T08:27:15.819603+00:00
6118,0.742,2026-09-24T08:27:15.820908+00:00
6119,0.735,2026-09-24T08:27:15.822167+00:00
6120,1.183,2026-09-24T08:27:15.823897+00:00
6121,0.915,2026-09-24T08:27:15.825062+00:00
6122,0.757,2026-09-24T08:27:15.826287+00:00
6123,0.705,2026-09-24T08:27:15.827561+00:00
6124,0.647,2026-09-24T08:27:15.828720+00:00
6125,0.61,2026-09-24T08:27:15.829880+00:00
6126,0.869,2026-09-24T08:27:15.831264+00:00
6127,1.024,2026-09-24T08:27:15.834954+00:00
6128,1.25,2026-09-24T08:27:15.836747+00:00
6129,0.8059999999999999,2026-09-24T08:27:15.838229+00:00
6130,0.754,2026-09-24T08:27:15.839571+00:00
6131,0.764,2026-09-24T08:27:15.840967+00:00
6132,1.214,2026-09-24T08:27:15.842717+00:00
6133,0.9359999999999999,2026-09-24T08:27:15.843875+00:00
6134,0.885,2026-09-24T08:27:15.845350+00:00
6135,0.751,2026-09-24T08:27:15.846587+00:00
6136,0.907,2026-09-24T08:27:15.848164+00:00
6137,0.8170000000000001,2026-09-24T08:27:15.849612+00:00
6138,1.105,2026-09-24T08:27:15.851253+00:00
6139,0.8360000000000001,2026-09-24T08:27:15.852802+00:00
6140,0.753,2026-09-24T08:27:15.854109+00:00
6141,0.755,2026-09-24T08:27:15.855429+00:00
6142,0.7200000000000001,2026-09-24T08:27:15.856950+00:00
6143,1.158,2026-09-24T08:27:15.858723+00:00
6144,1.153,2026-09-24T08:27:15.860459+00:00
6145,0.8220000000000001,2026-09-24T08:27:15.861718+00:00
6146,0.736,2026-09-24T08:27:15.862945+00:00
6147,0.694,2026-09-24T08:27:15.864158+00:00
6148,3.391,2026-09-24T08:27:15.868114+00:00
6149,0.869,2026-09-24T08:27:15.869562+00:00
6150,0.745,2026-09-24T08:27:15.870877+00:00
6151,0.714,2026-09-24T08:27:15.872177+00:00
6152,0.855,2026-09-24T08:27:15.873579+00:00
6153,0.903,2026-09-24T08:27:15.875118+00:00
6154,1.248,2026-09-24T08:27:15.876890+00:00
6155,1.0959999999999999,2026-09-24T08:27:15.878143+00:00
6156,0.867,2026-09-24T08:27:15.879566+00:00
6157,0.808,2026-09-24T08:27:15.880950+00:00
6158,0.758,2026-09-24T08:27:15.882040+00:00
6159,0.782,2026-09-24T08:27:15.883184+00:00
6160,0.708,2026-09-24T08:27:15.884305+00:00
6161,1.73,2026-09-24T08:27:15.886510+00:00
6162,0.87,2026-09-24T08:27:15.887811+00:00
6163,0.812,2026-09-24T08:27:15.889019+00:00
6164,0.757,2026-09-24T08:27:15.890093+00:00
6165,1.145,2026-09-24T08:27:15.891681+00:00
6166,0.9909999999999999,2026-09-24T08:27:15.893179+00:00
6167,0.998,2026-09-24T08:27:15.894687+00:00
6168,0.742,2026-09-24T08:27:15.895801+00:00
6169,0.585,2026-09-24T08:27:15.896810+00:00
6170,0.546,2026-09-24T08:27:15.897834+00:00
6171,0.824,2026-09-24T08:27:15.899178+00:00
6172,2.267,2026-09-24T08:27:15.902504+00:00
6173,0.756,2026-09-24T08:27:15.903925+00:00
6174,0.6759999999999999,2026-09-24T08:27:15.905163+00:00
6175,0.815,2026-09-24T08:27:15.906575+00:00
6176,0.877,2026-09-24T08:27:15.908228+00:00
6177,0.851,2026-09-24T08:27:15.909715+00:00
6178,0.763,2026-09-24T08:27:15.911026+00:00
6179,1.046,2026-09-24T08:27:15.913092+00:00
6180,0.6809999999999999,2026-09-24T08:27:15.914459+00:00
6181,0.79,2026-09-24T08:27:15.915873+00:00
6182,0.585,2026-09-24T08:27:15.916854+00:00
6183,0.875,2026-09-24T08:27:15.918242+00:00
6184,0.86,2026-09-24T08:27:15.919799+00:00
6185,0.791,2026-09-24T08:27:15.921485+00:00
6186,0.75,2026-09-24T08:27:15.923000+00:00
6187,1.037,2026-09-24T08:27:15.927600+00:00
6188,0.7010000000000001,2026-09-24T08:27:15.928913+00:00
6189,0.5820000000000001,2026-09-24T08:27:15.930082+00:00
6190,0.894,2026-09-24T08:27:15.931987+00:00
6191,0.665,2026-09-24T08:27:15.933214+00:00
6192,0.5670000000000001,2026-09-24T08:27:15.934403+00:00
6193,0.5429999999999999,2026-09-24T08:27:15.935513+00:00
6194,0.633,2026-09-24T08:27:15.936739+00:00
6195,0.603,2026-09-24T08:27:15.937862+00:00
6196,0.852,2026-09-24T08:27:15.939427+00:00
6197,0.6759999999999999,2026-09-24T08:27:15.940718+00:00
6198,0.628,2026-09-24T08:27:15.941872+00:00
6199,1.14,2026-09-24T08:27:15.943844+00:00
6200,1.039,2026-09-24T08:27:15.945272+00:00
6201,1.021,2026-09-24T08:27:15.946899+00:00
6202,0.885,2026-09-24T08:27:15.948510+00:00
6203,1.135,2026-09-24T08:27:15.950172+00:00
6204,1.26,2026-09-24T08:27:15.951927+00:00
6205,0.993,2026-09-24T08:27:15.953640+00:00
6206,1.1150000000000002,2026-09-24T08:27:15.955501+00:00
6207,0.766,2026-09-24T08:27:15.956897+00:00
6208,0.6970000000000001,2026-09-24T08:27:15.958209+00:00
6209,0.79,2026-09-24T08:27:15.959595+00:00
6210,0.868,2026-09-24T08:27:15.961046+00:00
6211,1.065,2026-09-24T08:27:15.962700+00:00
6212,0.903,2026-09-24T08:27:15.964364+00:00
6213,0.754,2026-09-24T08:27:15.965761+00:00
6214,0.794,2026-09-24T08:27:15.967129+00:00
6215,1.095,2026-09-24T08:27:15.968913+00:00
6216,0.873,2026-09-24T08:27:15.970628+00:00
6217,0.8490000000000001,2026-09-24T08:27:15.972215+00:00
6218,0.791,2026-09-24T08:27:15.973828+00:00
6219,1.168,2026-09-24T08:27:15.975834+00:00
6220,1.111,2026-09-24T08:27:15.977629+00:00
6221,1.3010000000000002,2026-09-24T08:27:15.979644+00:00
6222,0.982,2026-09-24T08:27:15.981289+00:00
6223,0.781,2026-09-24T08:27:15.982685+00:00
6224,0.679,2026-09-24T08:27:15.983878+00:00
6225,0.8989999999999999,2026-09-24T08:27:15.985265+00:00
6226,1.296,2026-09-24T08:27:15.987312+00:00
6227,0.934,2026-09-24T08:27:15.988852+00:00
6228,0.7,2026-09-24T08:27:15.990074+00:00
6229,1.105,2026-09-24T08:27:15.991731+00:00
6230,0.875,2026-09-24T08:27:15.993052+00:00
6231,0.7929999999999999,2026-09-24T08:27:15.994382+00:00
6232,0.71,2026-09-24T08:27:15.995496+00:00
6233,0.8059999999999999,2026-09-24T08:27:15.996859+00:00
6234,0.754,2026-09-24T08:27:15.997954+00:00
6235,0.64,2026-09-24T08:27:15.999008+00:00
6236,0.622,2026-09-24T08:27:16.000132+00:00
6237,0.6809999999999999,2026-09-24T08:27:16.001395+00:00
6238,1.0,2026-09-24T08:27:16.003568+00:00
6239,1.305,2026-09-24T08:27:16.005574+00:00
6240,0.808,2026-09-24T08:27:16.006941+00:00
6241,1.213,2026-09-24T08:27:16.008965+00:00
6242,0.8310000000000001,2026-09-24T08:27:16.010219+00:00
6243,0.8490000000000001,2026-09-24T08:27:16.011786+00:00
6244,0.754,2026-09-24T08:27:16.013254+00:00
6245,0.641,2026-09-24T08:27:16.014403+00:00
6246,0.622,2026-09-24T08:27:16.015825+00:00
6247,0.638,2026-09-24T08:27:16.016906+00:00
6248,0.8260000000000001,2026-09-24T08:27:16.018152+00:00
6249,1.186,2026-09-24T08:27:16.020015+00:00
6250,0.992,2026-09-24T08:27:16.021760+00:00
6251,0.891,2026-09-24T08:27:16.023337+00:00
6252,1.101,2026-09-24T08:27:16.025032+00:00
6253,0.757,2026-09-24T08:27:16.026444+00:00
6254,0.7699999999999999,2026-09-24T08:27:16.027713+00:00
6255,0.873,2026-09-24T08:27:16.029180+00:00
6256,0.9560000000000001,2026-09-24T08:27:16.031127+00:00
6257,0.6980000000000001,2026-09-24T08:27:16.032552+00:00
6258,0.93,2026-09-24T08:27:16.034390+00:00
6259,0.8630000000000001,2026-09-24T08:27:16.035941+00:00
6260,0.769,2026-09-24T08:27:16.037687+00:00
6261,0.898,2026-09-24T08:27:16.039191+00:00
6262,1.012,2026-09-24T08:27:16.040860+00:00
6263,0.8490000000000001,2026-09-24T08:27:16.042033+00:00
6264,0.8109999999999999,2026-09-24T08:27:16.043375+00:00
6265,0.718,2026-09-24T08:27:16.044681+00:00
6266,0.714,2026-09-24T08:27:16.046055+00:00
6267,0.653,2026-09-24T08:27:16.047349+00:00
6268,0.6930000000000001,2026-09-24T08:27:16.048574+00:00
6269,0.6859999999999999,2026-09-24T08:27:16.049760+00:00
6270,0.892,2026-09-24T08:27:16.051189+00:00
6271,0.8019999999999999,2026-09-24T08:27:16.052587+00:00
6272,0.762,2026-09-24T08:27:16.054014+00:00
6273,0.746,2026-09-24T08:27:16.055358+00:00
6274,0.852,2026-09-24T08:27:16.056943+00:00
6275,0.775,2026-09-24T08:27:16.058489+00:00
6276,0.873,2026-09-24T08:27:16.059913+00:00
6277,0.755,2026-09-24T08:27:16.061197+00:00
6278,0.675,2026-09-24T08:27:16.062387+00:00
6279,0.69,2026-09-24T08:27:16.063627+00:00
6280,0.637,2026-09-24T08:27:16.064772+00:00
6281,0.679,2026-09-24T08:27:16.065960+00:00
6282,0.809,2026-09-24T08:27:16.067320+00:00
6283,0.893,2026-09-24T08:27:16.068623+00:00
6284,0.8140000000000001,2026-09-24T08:27:16.069818+00:00
6285,0.7200000000000001,2026-09-24T08:27:16.071153+00:00
6286,0.756,2026-09-24T08:27:16.072518+00:00
6287,0.757,2026-09-24T08:27:16.073751+00:00
6288,0.736,2026-09-24T08:27:16.074984+00:00
6289,0.9600000000000001,2026-09-24T08:27:16.076763+00:00
6290,0.903,2026-09-24T08:27:16.078688+00:00
6291,0.761,2026-09-24T08:27:16.080006+00:00
6292,0.888,2026-09-24T08:27:16.081473+00:00
6293,0.875,2026-09-24T08:27:16.083115+00:00
6294,0.8490000000000001,2026-09-24T08:27:16.084692+00:00
6295,0.877,2026-09-24T08:27:16.086231+00:00
6296,0.8170000000000001,2026-09-24T08:27:16.087664+00:00
6297,0.76,2026-09-24T08:27:16.089051+00:00
6298,0.767,2026-09-24T08:27:16.090487+00:00
6299,0.9970000000000001,2026-09-24T08:27:16.092106+00:00
6300,0.87,2026-09-24T08:27:16.093644+00:00
6301,0.804,2026-09-24T08:27:16.095074+00:00
6302,0.7240000000000001,2026-09-24T08:27:16.096346+00:00
6303,0.716,2026-09-24T08:27:16.097589+00:00
6304,0.726,2026-09-24T08:27:16.098819+00:00
6305,0.726,2026-09-24T08:27:16.100338+00:00
6306,0.755,2026-09-24T08:27:16.101756+00:00
6307,0.859,2026-09-24T08:27:16.103318+00:00
6308,0.812,2026-09-24T08:27:16.104664+00:00
6309,0.848,2026-09-24T08:27:16.106171+00:00
6310,0.865,2026-09-24T08:27:16.107717+00:00
6311,0.794,2026-09-24T08:27:16.109112+00:00
6312,0.763,2026-09-24T08:27:16.110492+00:00
6313,1.046,2026-09-24T08:27:16.112154+00:00
6314,0.99,2026-09-24T08:27:16.113798+00:00
6315,1.1199999999999999,2026-09-24T08:27:16.115431+00:00
6316,0.8310000000000001,2026-09-24T08:27:16.116460+00:00
6317,0.733,2026-09-24T08:27:16.117565+00:00
6318,0.7010000000000001,2026-09-24T08:27:16.118796+00:00
6319,0.761,2026-09-24T08:27:16.120134+00:00
6320,0.73,2026-09-24T08:27:16.121623+00:00
6321,0.775,2026-09-24T08:27:16.122977+00:00
6322,0.657,2026-09-24T08:27:16.124142+00:00
6323,0.594,2026-09-24T08:27:16.125244+00:00
6324,0.648,2026-09-24T08:27:16.126404+00:00
6325,0.8490000000000001,2026-09-24T08:27:16.127753+00:00
6326,0.68,2026-09-24T08:27:16.128750+00:00
6327,0.584,2026-09-24T08:27:16.129798+00:00
6328,0.617,2026-09-24T08:27:16.130950+00:00
6329,0.5599999999999999,2026-09-24T08:27:16.132020+00:00
6330,0.5599999999999999,2026-09-24T08:27:16.133181+00:00
6331,0.554,2026-09-24T08:27:16.134296+00:00
6332,0.85,2026-09-24T08:27:16.135708+00:00
6333,0.982,2026-09-24T08:27:16.137288+00:00
6334,0.91,2026-09-24T08:27:16.138922+00:00
6335,0.893,2026-09-24T08:27:16.140428+00:00
6336,0.603,2026-09-24T08:27:16.141370+00:00
6337,0.5469999999999999,2026-09-24T08:27:16.142476+00:00
6338,0.549,2026-09-24T08:27:16.143586+00:00
6339,0.5509999999999999,2026-09-24T08:27:16.144614+00:00
6340,0.506,2026-09-24T08:27:16.145617+00:00
6341,0.5289999999999999,2026-09-24T08:27:16.146630+00:00
6342,0.51,2026-09-24T08:27:16.147678+00:00
6343,0.49,2026-09-24T08:27:16.148748+00:00
6344,0.526,2026-09-24T08:27:16.149819+00:00
6345,0.532,2026-09-24T08:27:16.150879+00:00
6346,0.68,2026-09-24T08:27:16.152069+00:00
6347,0.6759999999999999,2026-09-24T08:27:16.153358+00:00
6348,0.618,2026-09-24T08:27:16.154490+00:00
6349,0.5820000000000001,2026-09-24T08:27:16.155796+00:00
6350,0.95,2026-09-24T08:27:16.157257+00:00
6351,0.894,2026-09-24T08:27:16.158831+00:00
6352,0.65,2026-09-24T08:27:16.160041+00:00
6353,0.601,2026-09-24T08:27:16.161220+00:00
6354,0.5680000000000001,2026-09-24T08:27:16.162358+00:00
6355,0.587,2026-09-24T08:27:16.163580+00:00
6356,0.549,2026-09-24T08:27:16.164646+00:00
6357,0.523,2026-09-24T08:27:16.165726+00:00
6358,0.5339999999999999,2026-09-24T08:27:16.166827+00:00
6359,0.5760000000000001,2026-09-24T08:27:16.167910+00:00
6360,0.622,2026-09-24T08:27:16.169137+00:00
6361,0.593,2026-09-24T08:27:16.170269+00:00
6362,0.587,2026-09-24T08:27:16.171372+00:00
6363,0.596,2026-09-24T08:27:16.172564+00:00
6364,0.6040000000000001,2026-09-24T08:27:16.173925+00:00
6365,0.571,2026-09-24T08:27:16.175013+00:00
6366,0.544,2026-09-24T08:27:16.176106+00:00
6367,0.569,2026-09-24T08:27:16.177207+00:00
6368,0.7020000000000001,2026-09-24T08:27:16.178407+00:00
6369,0.9179999999999999,2026-09-24T08:27:16.179687+00:00
6370,0.745,2026-09-24T08:27:16.180619+00:00
6371,0.5950000000000001,2026-09-24T08:27:16.181596+00:00
6372,0.558,2026-09-24T08:27:16.182601+00:00
6373,0.565,2026-09-24T08:27:16.183619+00:00
6374,0.578,2026-09-24T08:27:16.184637+00:00
6375,0.617,2026-09-24T08:27:16.185701+00:00
6376,0.5680000000000001,2026-09-24T08:27:16.186680+00:00
6377,0.5479999999999999,2026-09-24T08:27:16.187699+00:00
6378,0.536,2026-09-24T08:27:16.188719+00:00
6379,0.755,2026-09-24T08:27:16.190056+00:00
6380,0.903,2026-09-24T08:27:16.191640+00:00
6381,0.8009999999999999,2026-09-24T08:27:16.193043+00:00
6382,0.8009999999999999,2026-09-24T08:27:16.194451+00:00
6383,0.8540000000000001,2026-09-24T08:27:16.195939+00:00
6384,0.769,2026-09-24T08:27:16.197475+00:00
6385,0.9510000000000001,2026-09-24T08:27:16.199070+00:00
6386,0.9269999999999999,2026-09-24T08:27:16.200509+00:00
6387,0.903,2026-09-24T08:27:16.202139+00:00
6388,0.7699999999999999,2026-09-24T08:27:16.203532+00:00
6389,0.642,2026-09-24T08:27:16.204747+00:00
6390,0.574,2026-09-24T08:27:16.205846+00:00
6391,0.5479999999999999,2026-09-24T08:27:16.206915+00:00
6392,0.525,2026-09-24T08:27:16.207997+00:00
6393,0.513,2026-09-24T08:27:16.209069+00:00
6394,0.741,2026-09-24T08:27:16.210631+00:00
6395,0.571,2026-09-24T08:27:16.211495+00:00
6396,0.598,2026-09-24T08:27:16.212543+00:00
6397,0.578,2026-09-24T08:27:16.213595+00:00
6398,0.5509999999999999,2026-09-24T08:27:16.214590+00:00
6399,0.537,2026-09-24T08:27:16.215604+00:00
6400,0.565,2026-09-24T08:27:16.216649+00:00
6401,0.53,2026-09-24T08:27:16.217629+00:00
6402,0.5429999999999999,2026-09-24T08:27:16.218665+00:00
6403,0.628,2026-09-24T08:27:16.219832+00:00
6404,0.5670000000000001,2026-09-24T08:27:16.221009+00:00
6405,0.61,2026-09-24T08:27:16.222119+00:00
6406,0.539,2026-09-24T08:27:16.223140+00:00
6407,0.579,2026-09-24T08:27:16.224216+00:00
6408,0.675,2026-09-24T08:27:16.225809+00:00
6409,0.5810000000000001,2026-09-24T08:27:16.226877+00:00
6410,0.607,2026-09-24T08:27:16.227975+00:00
6411,0.5760000000000001,2026-09-24T08:27:16.229046+00:00
6412,0.537,2026-09-24T08:27:16.230061+00:00
6413,0.539,2026-09-24T08:27:16.231162+00:00
6414,0.508,2026-09-24T08:27:16.232166+00:00
6415,0.513,2026-09-24T08:27:16.233158+00:00
6416,0.49700000000000005,2026-09-24T08:27:16.234148+00:00
6417,0.537,2026-09-24T08:27:16.235121+00:00
6418,0.7699999999999999,2026-09-24T08:27:16.236352+00:00
6419,1.203,2026-09-24T08:27:16.238121+00:00
6420,0.86,2026-09-24T08:27:16.239333+00:00
6421,0.678,2026-09-24T08:27:16.240553+00:00
6422,0.5860000000000001,2026-09-24T08:27:16.241698+00:00
6423,0.614,2026-09-24T08:27:16.242966+00:00
6424,0.5900000000000001,2026-09-24T08:27:16.244016+00:00
6425,0.5900000000000001,2026-09-24T08:27:16.245081+00:00
6426,0.571,2026-09-24T08:27:16.246158+00:00
6427,0.5559999999999999,2026-09-24T08:27:16.247180+00:00
6428,0.769,2026-09-24T08:27:16.248428+00:00
6429,1.15,2026-09-24T08:27:16.250406+00:00
6430,0.825,2026-09-24T08:27:16.251764+00:00
6431,0.742,2026-09-24T08:27:16.253067+00:00
6432,0.612,2026-09-24T08:27:16.254266+00:00
6433,0.5730000000000001,2026-09-24T08:27:16.255307+00:00
6434,0.5680000000000001,2026-09-24T08:27:16.256439+00:00
6435,0.882,2026-09-24T08:27:16.257929+00:00
6436,0.733,2026-09-24T08:27:16.259194+00:00
6437,0.714,2026-09-24T08:27:16.260431+00:00
6438,0.769,2026-09-24T08:27:16.261852+00:00
6439,1.1340000000000001,2026-09-24T08:27:16.263465+00:00
6440,0.8540000000000001,2026-09-24T08:27:16.264903+00:00
6441,0.63,2026-09-24T08:27:16.266088+00:00
6442,0.544,2026-09-24T08:27:16.267172+00:00
6443,0.5109999999999999,2026-09-24T08:27:16.268223+00:00
6444,0.555,2026-09-24T08:27:16.269342+00:00
6445,0.815,2026-09-24T08:27:16.270832+00:00
6446,0.734,2026-09-24T08:27:16.272245+00:00
6447,0.7110000000000001,2026-09-24T08:27:16.273641+00:00
6448,0.719,2026-09-24T08:27:16.275025+00:00
6449,0.731,2026-09-24T08:27:16.276434+00:00
6450,1.3339999999999999,2026-09-24T08:27:16.278486+00:00
6451,1.1150000000000002,2026-09-24T08:27:16.280164+00:00
6452,0.882,2026-09-24T08:27:16.281874+00:00
6453,0.828,2026-09-24T08:27:16.283573+00:00
6454,0.8130000000000001,2026-09-24T08:27:16.285094+00:00
6455,0.8170000000000001,2026-09-24T08:27:16.286657+00:00
6456,0.718,2026-09-24T08:27:16.288058+00:00
6457,0.796,2026-09-24T08:27:16.289628+00:00
6458,0.737,2026-09-24T08:27:16.291171+00:00
6459,0.665,2026-09-24T08:27:16.292528+00:00
6460,0.608,2026-09-24T08:27:16.293715+00:00
6461,0.794,2026-09-24T08:27:16.295701+00:00
6462,0.696,2026-09-24T08:27:16.297005+00:00
6463,0.656,2026-09-24T08:27:16.298191+00:00
6464,0.63,2026-09-24T08:27:16.299390+00:00
6465,0.611,2026-09-24T08:27:16.300584+00:00
6466,0.607,2026-09-24T08:27:16.301791+00:00
6467,0.9,2026-09-24T08:27:16.303800+00:00
6468,0.603,2026-09-24T08:27:16.305043+00:00
6469,0.55,2026-09-24T08:27:16.306178+00:00
6470,0.546,2026-09-24T08:27:16.307265+00:00
6471,0.522,2026-09-24T08:27:16.308311+00:00
6472,0.49299999999999994,2026-09-24T08:27:16.309337+00:00
6473,0.546,2026-09-24T08:27:16.310430+00:00
6474,0.549,2026-09-24T08:27:16.311604+00:00
6475,0.544,2026-09-24T08:27:16.312703+00:00
6476,0.5720000000000001,2026-09-24T08:27:16.313816+00:00
6477,0.5760000000000001,2026-09-24T08:27:16.314913+00:00
6478,0.559,2026-09-24T08:27:16.316024+00:00
6479,0.517,2026-09-24T08:27:16.317075+00:00
6480,0.521,2026-09-24T08:27:16.318118+00:00
6481,0.7010000000000001,2026-09-24T08:27:16.319530+00:00
6482,0.647,2026-09-24T08:27:16.320933+00:00
6483,0.5379999999999999,2026-09-24T08:27:16.322046+00:00
6484,0.523,2026-09-24T08:27:16.323106+00:00
6485,0.5469999999999999,2026-09-24T08:27:16.324185+00:00
6486,0.512,2026-09-24T08:27:16.325226+00:00
6487,0.465,2026-09-24T08:27:16.326195+00:00
6488,0.47,2026-09-24T08:27:16.327192+00:00
6489,0.481,2026-09-24T08:27:16.328142+00:00
6490,0.46799999999999997,2026-09-24T08:27:16.329123+00:00
6491,0.45899999999999996,2026-09-24T08:27:16.330090+00:00
6492,0.48500000000000004,2026-09-24T08:27:16.331102+00:00
6493,0.491,2026-09-24T08:27:16.332125+00:00
6494,0.486,2026-09-24T08:27:16.333171+00:00
6495,0.49200000000000005,2026-09-24T08:27:16.334170+00:00
6496,0.5339999999999999,2026-09-24T08:27:16.335252+00:00
6497,0.642,2026-09-24T08:27:16.336701+00:00
6498,0.546,2026-09-24T08:27:16.337788+00:00
6499,0.5569999999999999,2026-09-24T08:27:16.338913+00:00
6500,0.512,2026-09-24T08:27:16.339971+00:00
6501,0.539,2026-09-24T08:27:16.341060+00:00
6502,0.495,2026-09-24T08:27:16.342091+00:00
6503,0.509,2026-09-24T08:27:16.343111+00:00
6504,0.481,2026-09-24T08:27:16.344101+00:00
6505,0.494,2026-09-24T08:27:16.345116+00:00
6506,0.501,2026-09-24T08:27:16.346214+00:00
6507,0.5,2026-09-24T08:27:16.347251+00:00
6508,0.49,2026-09-24T08:27:16.348226+00:00
6509,0.475,2026-09-24T08:27:16.349186+00:00
6510,0.828,2026-09-24T08:27:16.350515+00:00
6511,0.652,2026-09-24T08:27:16.351327+00:00
6512,0.614,2026-09-24T08:27:16.352452+00:00
6513,0.962,2026-09-24T08:27:16.354012+00:00
6514,0.683,2026-09-24T08:27:16.355180+00:00
6515,0.621,2026-09-24T08:27:16.356347+00:00
6516,0.589,2026-09-24T08:27:16.357625+00:00
6517,0.554,2026-09-24T08:27:16.358810+00:00
6518,0.8109999999999999,2026-09-24T08:27:16.360280+00:00
6519,0.745,2026-09-24T08:27:16.361725+00:00
6520,1.1440000000000001,2026-09-24T08:27:16.363516+00:00
6521,0.73,2026-09-24T08:27:16.364475+00:00
6522,0.772,2026-09-24T08:27:16.365840+00:00
6523,0.743,2026-09-24T08:27:16.367071+00:00
6524,0.739,2026-09-24T08:27:16.368345+00:00
6525,0.7929999999999999,2026-09-24T08:27:16.369688+00:00
6526,0.759,2026-09-24T08:27:16.371123+00:00
6527,1.138,2026-09-24T08:27:16.373430+00:00
6528,1.1540000000000001,2026-09-24T08:27:16.375533+00:00
6529,0.874,2026-09-24T08:27:16.377157+00:00
6530,0.871,2026-09-24T08:27:16.378678+00:00
6531,1.239,2026-09-24T08:27:16.380433+00:00
6532,0.803,2026-09-24T08:27:16.381321+00:00
6533,0.821,2026-09-24T08:27:16.382682+00:00
6534,0.734,2026-09-24T08:27:16.383887+00:00
6535,0.744,2026-09-24T08:27:16.385326+00:00
6536,0.9990000000000001,2026-09-24T08:27:16.387133+00:00
6537,0.883,2026-09-24T08:27:16.388734+00:00
6538,0.8059999999999999,2026-09-24T08:27:16.390141+00:00
6539,0.7789999999999999,2026-09-24T08:27:16.391507+00:00
6540,0.718,2026-09-24T08:27:16.392772+00:00
6541,0.744,2026-09-24T08:27:16.394311+00:00
6542,0.912,2026-09-24T08:27:16.395980+00:00
6543,0.786,2026-09-24T08:27:16.397543+00:00
6544,0.7649999999999999,2026-09-24T08:27:16.398929+00:00
6545,0.771,2026-09-24T08:27:16.400382+00:00
6546,0.782,2026-09-24T08:27:16.401712+00:00
6547,0.794,2026-09-24T08:27:16.403135+00:00
6548,0.768,2026-09-24T08:27:16.404558+00:00
6549,0.7739999999999999,2026-09-24T08:27:16.406088+00:00
6550,0.798,2026-09-24T08:27:16.407714+00:00
6551,0.823,2026-09-24T08:27:16.409266+00:00
6552,0.751,2026-09-24T08:27:16.410704+00:00
6553,0.912,2026-09-24T08:27:16.412257+00:00
6554,0.955,2026-09-24T08:27:16.413925+00:00
6555,0.859,2026-09-24T08:27:16.415491+00:00
6556,0.853,2026-09-24T08:27:16.417145+00:00
6557,0.856,2026-09-24T08:27:16.418806+00:00
6558,0.852,2026-09-24T08:27:16.420352+00:00
6559,0.8009999999999999,2026-09-24T08:27:16.421845+00:00
6560,0.718,2026-09-24T08:27:16.423246+00:00
6561,0.799,2026-09-24T08:27:16.424741+00:00
6562,0.829,2026-09-24T08:27:16.426195+00:00
6563,0.844,2026-09-24T08:27:16.427689+00:00
6564,0.8170000000000001,2026-09-24T08:27:16.429152+00:00
6565,0.773,2026-09-24T08:27:16.430564+00:00
6566,1.011,2026-09-24T08:27:16.432361+00:00
6567,0.9510000000000001,2026-09-24T08:27:16.434081+00:00
6568,0.861,2026-09-24T08:27:16.435700+00:00
6569,1.05,2026-09-24T08:27:16.437622+00:00
6570,0.944,2026-09-24T08:27:16.439315+00:00
6571,0.937,2026-09-24T08:27:16.441209+00:00
6572,0.894,2026-09-24T08:27:16.442857+00:00
6573,0.88,2026-09-24T08:27:16.444530+00:00
6574,0.933,2026-09-24T08:27:16.446225+00:00
6575,0.91,2026-09-24T08:27:16.447937+00:00
6576,0.893,2026-09-24T08:27:16.449608+00:00
6577,1.1440000000000001,2026-09-24T08:27:16.451532+00:00
6578,0.909,2026-09-24T08:27:16.453205+00:00
6579,0.861,2026-09-24T08:27:16.454731+00:00
6580,0.812,2026-09-24T08:27:16.456139+00:00
6581,0.795,2026-09-24T08:27:16.457559+00:00
6582,0.8170000000000001,2026-09-24T08:27:16.458991+00:00
6583,0.9810000000000001,2026-09-24T08:27:16.460579+00:00
6584,0.9269999999999999,2026-09-24T08:27:16.462060+00:00
6585,0.869,2026-09-24T08:27:16.463566+00:00
6586,0.782,2026-09-24T08:27:16.465119+00:00
6587,0.8009999999999999,2026-09-24T08:27:16.466533+00:00
6588,0.798,2026-09-24T08:27:16.467974+00:00
6589,0.73,2026-09-24T08:27:16.469255+00:00
6590,0.85,2026-09-24T08:27:16.470739+00:00
6591,0.8009999999999999,2026-09-24T08:27:16.472150+00:00
6592,0.789,2026-09-24T08:27:16.473498+00:00
6593,0.767,2026-09-24T08:27:16.474857+00:00
6594,0.743,2026-09-24T08:27:16.476208+00:00
6595,0.887,2026-09-24T08:27:16.477728+00:00
6596,0.7969999999999999,2026-09-24T08:27:16.479250+00:00
6597,0.841,2026-09-24T08:27:16.480873+00:00
6598,0.758,2026-09-24T08:27:16.482476+00:00
6599,0.873,2026-09-24T08:27:16.483987+00:00
6600,0.804,2026-09-24T08:27:16.485365+00:00
6601,0.8540000000000001,2026-09-24T08:27:16.487050+00:00
6602,0.761,2026-09-24T08:27:16.488426+00:00
6603,0.787,2026-09-24T08:27:16.489785+00:00
6604,0.743,2026-09-24T08:27:16.491121+00:00
6605,0.747,2026-09-24T08:27:16.492455+00:00
6606,0.769,2026-09-24T08:27:16.493737+00:00
6607,1.17,2026-09-24T08:27:16.495482+00:00
6608,0.864,2026-09-24T08:27:16.496745+00:00
6609,0.838,2026-09-24T08:27:16.498237+00:00
6610,0.6890000000000001,2026-09-24T08:27:16.499522+00:00
6611,0.7699999999999999,2026-09-24T08:27:16.500856+00:00
6612,0.776,2026-09-24T08:27:16.502210+00:00
6613,0.843,2026-09-24T08:27:16.503612+00:00
6614,1.108,2026-09-24T08:27:16.505383+00:00
6615,1.168,2026-09-24T08:27:16.507364+00:00
6616,1.36,2026-09-24T08:27:16.509489+00:00
6617,0.987,2026-09-24T08:27:16.510782+00:00
6618,1.013,2026-09-24T08:27:16.512371+00:00
6619,0.799,2026-09-24T08:27:16.513486+00:00
6620,0.8130000000000001,2026-09-24T08:27:16.514834+00:00
6621,0.795,2026-09-24T08:27:16.516164+00:00
6622,0.771,2026-09-24T08:27:16.517532+00:00
6623,0.772,2026-09-24T08:27:16.518837+00:00
6624,0.7380000000000001,2026-09-24T08:27:16.520288+00:00
6625,0.756,2026-09-24T08:27:16.521613+00:00
6626,0.7829999999999999,2026-09-24T08:27:16.523009+00:00
6627,0.753,2026-09-24T08:27:16.524288+00:00
6628,0.6920000000000001,2026-09-24T08:27:16.525552+00:00
6629,0.694,2026-09-24T08:27:16.526780+00:00
6630,0.618,2026-09-24T08:27:16.528150+00:00
6631,0.684,2026-09-24T08:27:16.529383+00:00
6632,0.616,2026-09-24T08:27:16.530582+00:00
6633,0.662,2026-09-24T08:27:16.531829+00:00
6634,0.7649999999999999,2026-09-24T08:27:16.533172+00:00
6635,0.6449999999999999,2026-09-24T08:27:16.534324+00:00
6636,0.8220000000000001,2026-09-24T08:27:16.535709+00:00
6637,0.9470000000000001,2026-09-24T08:27:16.537301+00:00
6638,0.948,2026-09-24T08:27:16.539065+00:00
6639,0.9470000000000001,2026-09-24T08:27:16.540624+00:00
6640,0.8809999999999999,2026-09-24T08:27:16.542148+00:00
6641,0.9460000000000001,2026-09-24T08:27:16.543759+00:00
6642,0.809,2026-09-24T08:27:16.545110+00:00
6643,0.708,2026-09-24T08:27:16.546403+00:00
6644,0.7699999999999999,2026-09-24T08:27:16.547773+00:00
6645,0.651,2026-09-24T08:27:16.549320+00:00
6646,0.7010000000000001,2026-09-24T08:27:16.550766+00:00
6647,0.717,2026-09-24T08:27:16.552083+00:00
6648,0.6719999999999999,2026-09-24T08:27:16.553401+00:00
6649,0.9079999999999999,2026-09-24T08:27:16.554990+00:00
6650,1.338,2026-09-24T08:27:16.557195+00:00
6651,1.0759999999999998,2026-09-24T08:27:16.559051+00:00
6652,1.021,2026-09-24T08:27:16.560999+00:00
6653,0.873,2026-09-24T08:27:16.562657+00:00
6654,0.919,2026-09-24T08:27:16.564310+00:00
6655,0.7789999999999999,2026-09-24T08:27:16.565615+00:00
6656,0.906,2026-09-24T08:27:16.567280+00:00
6657,0.732,2026-09-24T08:27:16.568539+00:00
6658,0.719,2026-09-24T08:27:16.569847+00:00
6659,0.644,2026-09-24T08:27:16.571107+00:00
6660,0.722,2026-09-24T08:27:16.572700+00:00
6661,0.6930000000000001,2026-09-24T08:27:16.574100+00:00
6662,1.018,2026-09-24T08:27:16.576084+00:00
6663,0.966,2026-09-24T08:27:16.577887+00:00
6664,1.002,2026-09-24T08:27:16.579515+00:00
6665,0.8899999999999999,2026-09-24T08:27:16.580725+00:00
6666,0.7969999999999999,2026-09-24T08:27:16.581947+00:00
6667,0.69,2026-09-24T08:27:16.583129+00:00
6668,0.678,2026-09-24T08:27:16.584287+00:00
6669,0.6880000000000001,2026-09-24T08:27:16.585483+00:00
6670,0.747,2026-09-24T08:27:16.586738+00:00
6671,0.6859999999999999,2026-09-24T08:27:16.587873+00:00
6672,1.196,2026-09-24T08:27:16.589721+00:00
6673,1.07,2026-09-24T08:27:16.591070+00:00
6674,0.9890000000000001,2026-09-24T08:27:16.593192+00:00
6675,0.803,2026-09-24T08:27:16.594550+00:00
6676,0.785,2026-09-24T08:27:16.595901+00:00
6677,0.753,2026-09-24T08:27:16.597206+00:00
6678,0.705,2026-09-24T08:27:16.598478+00:00
6679,0.791,2026-09-24T08:27:16.599785+00:00
6680,0.7200000000000001,2026-09-24T08:27:16.601126+00:00
6681,0.769,2026-09-24T08:27:16.602426+00:00
6682,0.7829999999999999,2026-09-24T08:27:16.603785+00:00
6683,0.9129999999999999,2026-09-24T08:27:16.605455+00:00
6684,0.846,2026-09-24T08:27:16.606956+00:00
6685,1.1900000000000002,2026-09-24T08:27:16.608738+00:00
6686,1.119,2026-09-24T08:27:16.610462+00:00
6687,0.862,2026-09-24T08:27:16.611921+00:00
6688,0.799,2026-09-24T08:27:16.613307+00:00
6689,0.819,2026-09-24T08:27:16.614887+00:00
6690,0.687,2026-09-24T08:27:16.616242+00:00
6691,0.695,2026-09-24T08:27:16.617487+00:00
6692,0.732,2026-09-24T08:27:16.618878+00:00
6693,0.712,2026-09-24T08:27:16.620167+00:00
6694,1.203,2026-09-24T08:27:16.621970+00:00
6695,1.148,2026-09-24T08:27:16.623701+00:00
6696,0.9940000000000001,2026-09-24T08:27:16.625087+00:00
6697,0.777,2026-09-24T08:27:16.626338+00:00
6698,0.733,2026-09-24T08:27:16.627675+00:00
6699,0.761,2026-09-24T08:27:16.628934+00:00
6700,0.735,2026-09-24T08:27:16.630252+00:00
6701,0.7060000000000001,2026-09-24T08:27:16.631610+00:00
6702,0.66,2026-09-24T08:27:16.632876+00:00
6703,0.646,2026-09-24T08:27:16.634081+00:00
6704,0.616,2026-09-24T08:27:16.635401+00:00
6705,0.992,2026-09-24T08:27:16.637367+00:00
6706,0.745,2026-09-24T08:27:16.638797+00:00
6707,0.909,2026-09-24T08:27:16.640402+00:00
6708,1.289,2026-09-24T08:27:16.642555+00:00
6709,1.17,2026-09-24T08:27:16.644551+00:00
6710,0.889,2026-09-24T08:27:16.646224+00:00
6711,0.796,2026-09-24T08:27:16.647683+00:00
6712,1.072,2026-09-24T08:27:16.649394+00:00
6713,0.968,2026-09-24T08:27:16.650789+00:00
6714,0.8400000000000001,2026-09-24T08:27:16.652191+00:00
6715,0.787,2026-09-24T08:27:16.653636+00:00
6716,0.759,2026-09-24T08:27:16.655032+00:00
6717,0.964,2026-09-24T08:27:16.657043+00:00
6718,0.969,2026-09-24T08:27:16.658724+00:00
6719,0.91,2026-09-24T08:27:16.660346+00:00
6720,0.8,2026-09-24T08:27:16.661761+00:00
6721,0.8450000000000001,2026-09-24T08:27:16.663197+00:00
6722,0.653,2026-09-24T08:27:16.664469+00:00
6723,1.2229999999999999,2026-09-24T08:27:16.666525+00:00
6724,1.536,2026-09-24T08:27:16.669668+00:00
6725,0.8109999999999999,2026-09-24T08:27:16.671254+00:00
6726,0.655,2026-09-24T08:27:16.672681+00:00
6727,0.78,2026-09-24T08:27:16.674078+00:00
6728,1.177,2026-09-24T08:27:16.676037+00:00
6729,0.768,2026-09-24T08:27:16.677457+00:00
6730,0.627,2026-09-24T08:27:16.678622+00:00
6731,0.559,2026-09-24T08:27:16.679641+00:00
6732,0.571,2026-09-24T08:27:16.680750+00:00
6733,0.545,2026-09-24T08:27:16.681826+00:00
6734,0.754,2026-09-24T08:27:16.684121+00:00
6735,0.611,2026-09-24T08:27:16.685328+00:00
6736,0.594,2026-09-24T08:27:16.686468+00:00
6737,0.646,2026-09-24T08:27:16.687591+00:00
6738,0.772,2026-09-24T08:27:16.689005+00:00
6739,1.252,2026-09-24T08:27:16.690966+00:00
6740,0.869,2026-09-24T08:27:16.692308+00:00
6741,1.178,2026-09-24T08:27:16.693900+00:00
6742,0.662,2026-09-24T08:27:16.695110+00:00
6743,0.614,2026-09-24T08:27:16.696251+00:00
6744,0.6809999999999999,2026-09-24T08:27:16.697450+00:00
6745,0.752,2026-09-24T08:27:16.698707+00:00
6746,0.861,2026-09-24T08:27:16.701227+00:00
6747,0.8720000000000001,2026-09-24T08:27:16.702690+00:00
6748,0.7929999999999999,2026-09-24T08:27:16.704476+00:00
6749,0.691,2026-09-24T08:27:16.705747+00:00
6750,1.9480000000000002,2026-09-24T08:27:16.708237+00:00
6751,0.945,2026-09-24T08:27:16.709895+00:00
6752,0.752,2026-09-24T08:27:16.711335+00:00
6753,0.673,2026-09-24T08:27:16.712622+00:00
6754,0.641,2026-09-24T08:27:16.713792+00:00
6755,0.726,2026-09-24T08:27:16.715042+00:00
6756,0.611,2026-09-24T08:27:16.716271+00:00
6757,0.601,2026-09-24T08:27:16.717401+00:00
6758,0.566,2026-09-24T08:27:16.718472+00:00
6759,0.6669999999999999,2026-09-24T08:27:16.719632+00:00
6760,0.58,2026-09-24T08:27:16.720695+00:00
6761,0.6769999999999999,2026-09-24T08:27:16.721877+00:00
6762,0.747,2026-09-24T08:27:16.723139+00:00
6763,0.7110000000000001,2026-09-24T08:27:16.724780+00:00
6764,0.919,2026-09-24T08:27:16.726238+00:00
6765,0.9940000000000001,2026-09-24T08:27:16.727885+00:00
6766,0.763,2026-09-24T08:27:16.729262+00:00
6767,0.7879999999999999,2026-09-24T08:27:16.730614+00:00
6768,0.772,2026-09-24T08:27:16.731896+00:00
6769,0.739,2026-09-24T08:27:16.733146+00:00
6770,0.6719999999999999,2026-09-24T08:27:16.734363+00:00
6771,0.841,2026-09-24T08:27:16.735943+00:00
6772,0.7929999999999999,2026-09-24T08:27:16.737392+00:00
6773,0.892,2026-09-24T08:27:16.738926+00:00
6774,1.183,2026-09-24T08:27:16.740848+00:00
6775,1.1789999999999998,2026-09-24T08:27:16.742460+00:00
6776,0.754,2026-09-24T08:27:16.743860+00:00
6777,0.679,2026-09-24T08:27:16.745152+00:00
6778,0.909,2026-09-24T08:27:16.746975+00:00
6779,1.168,2026-09-24T08:27:16.748817+00:00
6780,0.878,2026-09-24T08:27:16.750132+00:00
6781,0.725,2026-09-24T08:27:16.751290+00:00
6782,0.671,2026-09-24T08:27:16.752552+00:00
6783,0.755,2026-09-24T08:27:16.753825+00:00
6784,0.963,2026-09-24T08:27:16.755258+00:00
6785,0.787,2026-09-24T08:27:16.756444+00:00
6786,0.7020000000000001,2026-09-24T08:27:16.757608+00:00
6787,0.8170000000000001,2026-09-24T08:27:16.759039+00:00
6788,0.7380000000000001,2026-09-24T08:27:16.760530+00:00
6789,0.626,2026-09-24T08:27:16.761667+00:00
6790,0.55,2026-09-24T08:27:16.762671+00:00
6791,0.589,2026-09-24T08:27:16.763741+00:00
6792,0.6579999999999999,2026-09-24T08:27:16.764929+00:00
6793,0.505,2026-09-24T08:27:16.766135+00:00
6794,0.503,2026-09-24T08:27:16.767142+00:00
6795,0.516,2026-09-24T08:27:16.768161+00:00
6796,0.796,2026-09-24T08:27:16.769440+00:00
6797,0.575,2026-09-24T08:27:16.770525+00:00
6798,0.6849999999999999,2026-09-24T08:27:16.771758+00:00
6799,0.6,2026-09-24T08:27:16.772871+00:00
6800,0.5950000000000001,2026-09-24T08:27:16.773963+00:00
6801,0.598,2026-09-24T08:27:16.775140+00:00
6802,0.5469999999999999,2026-09-24T08:27:16.776292+00:00
6803,0.541,2026-09-24T08:27:16.777453+00:00
6804,0.5479999999999999,2026-09-24T08:27:16.778484+00:00
6805,0.544,2026-09-24T08:27:16.779517+00:00
6806,0.517,2026-09-24T08:27:16.780527+00:00
6807,0.721,2026-09-24T08:27:16.781731+00:00
6808,0.594,2026-09-24T08:27:16.782851+00:00
6809,0.526,2026-09-24T08:27:16.783842+00:00
6810,0.5770000000000001,2026-09-24T08:27:16.784912+00:00
6811,0.6449999999999999,2026-09-24T08:27:16.786027+00:00
6812,0.574,2026-09-24T08:27:16.787081+00:00
6813,0.527,2026-09-24T08:27:16.788122+00:00
6814,1.109,2026-09-24T08:27:16.789805+00:00
6815,1.062,2026-09-24T08:27:16.791430+00:00
6816,0.861,2026-09-24T08:27:16.792997+00:00
6817,1.3539999999999999,2026-09-24T08:27:16.794909+00:00
6818,1.357,2026-09-24T08:27:16.797016+00:00
6819,1.276,2026-09-24T08:27:16.799242+00:00
6820,0.907,2026-09-24T08:27:16.800494+00:00
6821,0.8,2026-09-24T08:27:16.801786+00:00
6822,1.675,2026-09-24T08:27:16.804586+00:00
6823,1.261,2026-09-24T08:27:16.806363+00:00
6824,1.256,2026-09-24T08:27:16.809339+00:00
6825,0.888,2026-09-24T08:27:16.810793+00:00
6826,1.17,2026-09-24T08:27:16.812533+00:00
6827,1.032,2026-09-24T08:27:16.814175+00:00
6828,0.929,2026-09-24T08:27:16.815515+00:00
6829,0.712,2026-09-24T08:27:16.816783+00:00
6830,1.1360000000000001,2026-09-24T08:27:16.818512+00:00
6831,1.356,2026-09-24T08:27:16.821064+00:00
6832,0.98,2026-09-24T08:27:16.822895+00:00
6833,1.486,2026-09-24T08:27:16.825218+00:00
6834,1.1199999999999999,2026-09-24T08:27:16.826857+00:00
6835,1.1440000000000001,2026-09-24T08:27:16.828582+00:00
6836,0.7200000000000001,2026-09-24T08:27:16.829844+00:00
6837,0.637,2026-09-24T08:27:16.831238+00:00
6838,0.879,2026-09-24T08:27:16.832743+00:00
6839,1.08,2026-09-24T08:27:16.834664+00:00
6840,0.939,2026-09-24T08:27:16.836214+00:00
6841,0.815,2026-09-24T08:27:16.837692+00:00
6842,1.264,2026-09-24T08:27:16.841050+00:00
6843,1.196,2026-09-24T08:27:16.843086+00:00
6844,1.553,2026-09-24T08:27:16.845587+00:00
6845,1.019,2026-09-24T08:27:16.846998+00:00
6846,1.145,2026-09-24T08:27:16.848735+00:00
6847,1.1340000000000001,2026-09-24T08:27:16.851085+00:00
6848,1.055,2026-09-24T08:27:16.852879+00:00
6849,0.864,2026-09-24T08:27:16.854629+00:00
6850,0.782,2026-09-24T08:27:16.856044+00:00
6851,1.15,2026-09-24T08:27:16.857814+00:00
6852,1.3719999999999999,2026-09-24T08:27:16.859985+00:00
6853,0.879,2026-09-24T08:27:16.861538+00:00
6854,0.675,2026-09-24T08:27:16.862767+00:00
6855,3.955,2026-09-24T08:27:16.867221+00:00
6856,0.9,2026-09-24T08:27:16.868792+00:00
6857,1.053,2026-09-24T08:27:16.870680+00:00
6858,1.036,2026-09-24T08:27:16.872340+00:00
6859,1.486,2026-09-24T08:27:16.876060+00:00
6860,0.9840000000000001,2026-09-24T08:27:16.877557+00:00
6861,0.829,2026-09-24T08:27:16.878971+00:00
6862,1.2249999999999999,2026-09-24T08:27:16.880770+00:00
6863,0.9990000000000001,2026-09-24T08:27:16.882090+00:00
6864,1.201,2026-09-24T08:27:16.884158+00:00
6865,1.597,2026-09-24T08:27:16.886705+00:00
6866,1.121,2026-09-24T08:27:16.888496+00:00
6867,1.189,2026-09-24T08:27:16.890577+00:00
6868,1.1720000000000002,2026-09-24T08:27:16.892312+00:00
6869,0.761,2026-09-24T08:27:16.893717+00:00
6870,0.632,2026-09-24T08:27:16.894857+00:00
6871,0.618,2026-09-24T08:27:16.895962+00:00
6872,0.588,2026-09-24T08:27:16.897088+00:00
6873,0.924,2026-09-24T08:27:16.898617+00:00
6874,0.7290000000000001,2026-09-24T08:27:16.900114+00:00
6875,0.598,2026-09-24T08:27:16.901276+00:00
6876,0.5860000000000001,2026-09-24T08:27:16.902375+00:00
6877,0.763,2026-09-24T08:27:16.903893+00:00
6878,0.65,2026-09-24T08:27:16.905261+00:00
6879,1.039,2026-09-24T08:27:16.906876+00:00
6880,1.048,2026-09-24T08:27:16.908693+00:00
6881,0.953,2026-09-24T08:27:16.910296+00:00
6882,1.103,2026-09-24T08:27:16.912397+00:00
6883,0.611,2026-09-24T08:27:16.913466+00:00
6884,1.091,2026-09-24T08:27:16.915200+00:00
6885,0.809,2026-09-24T08:27:16.916691+00:00
6886,0.7879999999999999,2026-09-24T08:27:16.918081+00:00
6887,0.949,2026-09-24T08:27:16.919637+00:00
6888,0.865,2026-09-24T08:27:16.921143+00:00
6889,0.851,2026-09-24T08:27:16.922638+00:00
6890,0.941,2026-09-24T08:27:16.924116+00:00
6891,0.9380000000000001,2026-09-24T08:27:16.925748+00:00
6892,0.838,2026-09-24T08:27:16.927208+00:00
6893,0.88,2026-09-24T08:27:16.928801+00:00
6894,0.762,2026-09-24T08:27:16.930213+00:00
6895,0.737,2026-09-24T08:27:16.931547+00:00
6896,0.791,2026-09-24T08:27:16.933115+00:00
6897,0.6719999999999999,2026-09-24T08:27:16.934346+00:00
6898,0.704,2026-09-24T08:27:16.935614+00:00
6899,0.73,2026-09-24T08:27:16.936905+00:00
6900,0.772,2026-09-24T08:27:16.938358+00:00
6901,0.91,2026-09-24T08:27:16.939873+00:00
6902,2.251,2026-09-24T08:27:16.942997+00:00
6903,0.8450000000000001,2026-09-24T08:27:16.944438+00:00
6904,0.808,2026-09-24T08:27:16.945832+00:00
6905,0.675,2026-09-24T08:27:16.947128+00:00
6906,0.623,2026-09-24T08:27:16.948288+00:00
6907,0.718,2026-09-24T08:27:16.949571+00:00
6908,0.616,2026-09-24T08:27:16.950701+00:00
6909,0.652,2026-09-24T08:27:16.951852+00:00
6910,1.188,2026-09-24T08:27:16.953721+00:00
6911,0.924,2026-09-24T08:27:16.955160+00:00
6912,0.789,2026-09-24T08:27:16.956499+00:00
6913,0.721,2026-09-24T08:27:16.957805+00:00
6914,0.847,2026-09-24T08:27:16.959382+00:00
6915,0.9319999999999999,2026-09-24T08:27:16.961004+00:00
6916,0.717,2026-09-24T08:27:16.962163+00:00
6917,1.053,2026-09-24T08:27:16.963963+00:00
6918,0.808,2026-09-24T08:27:16.965396+00:00
6919,0.8109999999999999,2026-09-24T08:27:16.966849+00:00
6920,0.758,2026-09-24T08:27:16.968265+00:00
6921,0.944,2026-09-24T08:27:16.969885+00:00
6922,0.787,2026-09-24T08:27:16.971304+00:00
6923,0.8180000000000001,2026-09-24T08:27:16.972842+00:00
6924,1.181,2026-09-24T08:27:16.975024+00:00
6925,1.0859999999999999,2026-09-24T08:27:16.976622+00:00
6926,1.281,2026-09-24T08:27:16.978601+00:00
6927,1.087,2026-09-24T08:27:16.979970+00:00
6928,0.78,2026-09-24T08:27:16.981091+00:00
6929,0.704,2026-09-24T08:27:16.982205+00:00
6930,1.017,2026-09-24T08:27:16.983741+00:00
6931,0.985,2026-09-24T08:27:16.985709+00:00
6932,0.9890000000000001,2026-09-24T08:27:16.987395+00:00
6933,0.9810000000000001,2026-09-24T08:27:16.989003+00:00
6934,0.975,2026-09-24T08:27:16.990574+00:00
6935,0.833,2026-09-24T08:27:16.992018+00:00
6936,0.7,2026-09-24T08:27:16.993428+00:00
6937,0.648,2026-09-24T08:27:16.994559+00:00
6938,0.695,2026-09-24T08:27:16.995946+00:00
6939,0.614,2026-09-24T08:27:16.997199+00:00
6940,1.1640000000000001,2026-09-24T08:27:16.999128+00:00
6941,0.745,2026-09-24T08:27:17.000524+00:00
6942,1.01,2026-09-24T08:27:17.002707+00:00
6943,1.4009999999999998,2026-09-24T08:27:17.004948+00:00
6944,1.673,2026-09-24T08:27:17.010194+00:00
6945,1.1969999999999998,2026-09-24T08:27:17.012291+00:00
6946,1.397,2026-09-24T08:27:17.014604+00:00
6947,1.088,2026-09-24T08:27:17.016211+00:00
6948,1.2069999999999999,2026-09-24T08:27:17.018236+00:00
6949,1.236,2026-09-24T08:27:17.020332+00:00
6950,1.2910000000000001,2026-09-24T08:27:17.022302+00:00
6951,0.9740000000000001,2026-09-24T08:27:17.023550+00:00
6952,0.964,2026-09-24T08:27:17.025050+00:00
6953,0.7,2026-09-24T08:27:17.026274+00:00
6954,0.6809999999999999,2026-09-24T08:27:17.027554+00:00
6955,0.635,2026-09-24T08:27:17.028979+00:00
6956,0.901,2026-09-24T08:27:17.030401+00:00
6957,0.9940000000000001,2026-09-24T08:27:17.031956+00:00
6958,0.892,2026-09-24T08:27:17.033486+00:00
6959,1.158,2026-09-24T08:27:17.035353+00:00
6960,1.39,2026-09-24T08:27:17.037552+00:00
6961,1.21,2026-09-24T08:27:17.039334+00:00
6962,1.107,2026-09-24T08:27:17.041216+00:00
6963,0.895,2026-09-24T08:27:17.042911+00:00
6964,0.941,2026-09-24T08:27:17.044833+00:00
6965,1.049,2026-09-24T08:27:17.046714+00:00
6966,0.883,2026-09-24T08:27:17.048344+00:00
6967,0.732,2026-09-24T08:27:17.049611+00:00
6968,1.328,2026-09-24T08:27:17.051602+00:00
6969,1.3179999999999998,2026-09-24T08:27:17.053440+00:00
6970,1.24,2026-09-24T08:27:17.055536+00:00
6971,1.0759999999999998,2026-09-24T08:27:17.057296+00:00
6972,1.001,2026-09-24T08:27:17.059024+00:00
6973,0.7929999999999999,2026-09-24T08:27:17.060549+00:00
6974,0.7879999999999999,2026-09-24T08:27:17.062050+00:00
6975,0.717,2026-09-24T08:27:17.063310+00:00
6976,0.6849999999999999,2026-09-24T08:27:17.064525+00:00
6977,0.9349999999999999,2026-09-24T08:27:17.066115+00:00
6978,1.1139999999999999,2026-09-24T08:27:17.067946+00:00
6979,0.9700000000000001,2026-09-24T08:27:17.069622+00:00
6980,0.8220000000000001,2026-09-24T08:27:17.071092+00:00
6981,0.9309999999999999,2026-09-24T08:27:17.072772+00:00
6982,0.8350000000000001,2026-09-24T08:27:17.074346+00:00
6983,1.787,2026-09-24T08:27:17.076842+00:00
6984,0.771,2026-09-24T08:27:17.078233+00:00
6985,0.742,2026-09-24T08:27:17.079790+00:00
6986,0.862,2026-09-24T08:27:17.081357+00:00
6987,0.878,2026-09-24T08:27:17.082907+00:00
6988,0.717,2026-09-24T08:27:17.084274+00:00
6989,0.761,2026-09-24T08:27:17.085633+00:00
6990,0.767,2026-09-24T08:27:17.086891+00:00
6991,0.722,2026-09-24T08:27:17.088097+00:00
6992,0.6819999999999999,2026-09-24T08:27:17.089289+00:00
6993,0.656,2026-09-24T08:27:17.090426+00:00
6994,0.824,2026-09-24T08:27:17.091838+00:00
6995,0.7829999999999999,2026-09-24T08:27:17.093135+00:00
6996,0.699,2026-09-24T08:27:17.094379+00:00
6997,0.749,2026-09-24T08:27:17.095608+00:00
6998,0.79,2026-09-24T08:27:17.096893+00:00
6999,0.778,2026-09-24T08:27:17.098281+00:00
7000,0.7020000000000001,2026-09-24T08:27:17.099623+00:00
7001,0.612,2026-09-24T08:27:17.100713+00:00
7002,0.776,2026-09-24T08:27:17.101998+00:00
7003,1.064,2026-09-24T08:27:17.103902+00:00
7004,1.145,2026-09-24T08:27:17.105966+00:00
7005,1.0,2026-09-24T08:27:17.107956+00:00
7006,0.743,2026-09-24T08:27:17.109422+00:00
7007,1.036,2026-09-24T08:27:17.111052+00:00
7008,0.8270000000000001,2026-09-24T08:27:17.112465+00:00
7009,0.776,2026-09-24T08:27:17.113824+00:00
7010,0.992,2026-09-24T08:27:17.115424+00:00
7011,0.834,2026-09-24T08:27:17.116621+00:00
7012,0.782,2026-09-24T08:27:17.117950+00:00
7013,0.669,2026-09-24T08:27:17.119073+00:00
7014,0.642,2026-09-24T08:27:17.120216+00:00
7015,0.9079999999999999,2026-09-24T08:27:17.121910+00:00
7016,0.775,2026-09-24T08:27:17.123272+00:00
7017,0.5910000000000001,2026-09-24T08:27:17.124358+00:00
7018,0.608,2026-09-24T08:27:17.125525+00:00
7019,0.5950000000000001,2026-09-24T08:27:17.126606+00:00
7020,0.527,2026-09-24T08:27:17.127617+00:00
7021,0.517,2026-09-24T08:27:17.128608+00:00
7022,0.5199999999999999,2026-09-24T08:27:17.129640+00:00
7023,0.587,2026-09-24T08:27:17.130736+00:00
7024,0.5419999999999999,2026-09-24T08:27:17.131828+00:00
7025,0.5569999999999999,2026-09-24T08:27:17.132886+00:00
7026,0.7010000000000001,2026-09-24T08:27:17.134123+00:00
7027,0.773,2026-09-24T08:27:17.135494+00:00
7028,0.722,2026-09-24T08:27:17.136933+00:00
7029,0.7969999999999999,2026-09-24T08:27:17.138598+00:00
7030,0.9,2026-09-24T08:27:17.140356+00:00
7031,0.9269999999999999,2026-09-24T08:27:17.142096+00:00
7032,0.837,2026-09-24T08:27:17.143661+00:00
7033,0.767,2026-09-24T08:27:17.145198+00:00
7034,0.7150000000000001,2026-09-24T08:27:17.146512+00:00
7035,0.742,2026-09-24T08:27:17.147881+00:00
7036,0.851,2026-09-24T08:27:17.149389+00:00
7037,0.617,2026-09-24T08:27:17.150680+00:00
7038,0.5910000000000001,2026-09-24T08:27:17.151819+00:00
7039,0.605,2026-09-24T08:27:17.152945+00:00
7040,0.5630000000000001,2026-09-24T08:27:17.154087+00:00
7041,0.8009999999999999,2026-09-24T08:27:17.155794+00:00
7042,0.554,2026-09-24T08:27:17.156997+00:00
7043,0.587,2026-09-24T08:27:17.158115+00:00
7044,0.528,2026-09-24T08:27:17.159390+00:00
7045,0.502,2026-09-24T08:27:17.160449+00:00
7046,0.503,2026-09-24T08:27:17.161457+00:00
7047,0.571,2026-09-24T08:27:17.162534+00:00
7048,0.54,2026-09-24T08:27:17.163588+00:00
7049,0.512,2026-09-24T08:27:17.164612+00:00
7050,0.488,2026-09-24T08:27:17.165611+00:00
7051,0.48700000000000004,2026-09-24T08:27:17.166594+00:00
7052,0.6920000000000001,2026-09-24T08:27:17.167862+00:00
7053,0.7929999999999999,2026-09-24T08:27:17.169230+00:00
7054,0.7649999999999999,2026-09-24T08:27:17.170575+00:00
7055,0.794,2026-09-24T08:27:17.172177+00:00
7056,0.64,2026-09-24T08:27:17.173523+00:00
7057,0.57,2026-09-24T08:27:17.174662+00:00
7058,0.589,2026-09-24T08:27:17.175823+00:00
7059,0.554,2026-09-24T08:27:17.177099+00:00
7060,0.521,2026-09-24T08:27:17.178159+00:00
7061,0.5479999999999999,2026-09-24T08:27:17.179342+00:00
7062,0.562,2026-09-24T08:27:17.180427+00:00
7063,0.512,2026-09-24T08:27:17.181578+00:00
7064,0.703,2026-09-24T08:27:17.182840+00:00
7065,0.635,2026-09-24T08:27:17.183855+00:00
7066,0.614,2026-09-24T08:27:17.184905+00:00
7067,0.626,2026-09-24T08:27:17.185990+00:00
7068,0.643,2026-09-24T08:27:17.187373+00:00
7069,0.617,2026-09-24T08:27:17.188651+00:00
7070,0.742,2026-09-24T08:27:17.189979+00:00
7071,0.637,2026-09-24T08:27:17.191121+00:00
7072,0.585,2026-09-24T08:27:17.192254+00:00
7073,0.648,2026-09-24T08:27:17.193546+00:00
7074,0.6759999999999999,2026-09-24T08:27:17.194987+00:00
7075,0.578,2026-09-24T08:27:17.196160+00:00
7076,0.9460000000000001,2026-09-24T08:27:17.197960+00:00
7077,0.745,2026-09-24T08:27:17.199456+00:00
7078,0.71,2026-09-24T08:27:17.200788+00:00
7079,0.9039999999999999,2026-09-24T08:27:17.202296+00:00
7080,1.276,2026-09-24T08:27:17.204335+00:00
7081,0.891,2026-09-24T08:27:17.206054+00:00
7082,0.732,2026-09-24T08:27:17.207608+00:00
7083,0.5910000000000001,2026-09-24T08:27:17.208783+00:00
7084,1.675,2026-09-24T08:27:17.211013+00:00
7085,0.625,2026-09-24T08:27:17.212296+00:00
7086,0.5559999999999999,2026-09-24T08:27:17.213453+00:00
7087,0.5810000000000001,2026-09-24T08:27:17.214632+00:00
7088,0.546,2026-09-24T08:27:17.215766+00:00
7089,0.593,2026-09-24T08:27:17.217184+00:00
7090,0.609,2026-09-24T08:27:17.218423+00:00
7091,0.616,2026-09-24T08:27:17.219552+00:00
7092,0.592,2026-09-24T08:27:17.220707+00:00
7093,0.64,2026-09-24T08:27:17.221943+00:00
7094,0.5559999999999999,2026-09-24T08:27:17.223100+00:00
7095,0.5469999999999999,2026-09-24T08:27:17.224284+00:00
7096,0.571,2026-09-24T08:27:17.225455+00:00
7097,0.5760000000000001,2026-09-24T08:27:17.226621+00:00
7098,0.583,2026-09-24T08:27:17.227757+00:00
7099,0.559,2026-09-24T08:27:17.228882+00:00
7100,0.757,2026-09-24T08:27:17.230298+00:00
7101,0.629,2026-09-24T08:27:17.231632+00:00
7102,0.632,2026-09-24T08:27:17.232957+00:00
7103,0.6629999999999999,2026-09-24T08:27:17.234440+00:00
7104,0.8059999999999999,2026-09-24T08:27:17.235747+00:00
7105,0.9129999999999999,2026-09-24T08:27:17.237190+00:00
7106,1.116,2026-09-24T08:27:17.238789+00:00
7107,0.726,2026-09-24T08:27:17.240215+00:00
7108,0.636,2026-09-24T08:27:17.241389+00:00
7109,0.615,2026-09-24T08:27:17.242505+00:00
7110,0.575,2026-09-24T08:27:17.243604+00:00
7111,0.583,2026-09-24T08:27:17.244642+00:00
7112,0.558,2026-09-24T08:27:17.245680+00:00
7113,0.5730000000000001,2026-09-24T08:27:17.246666+00:00
7114,0.546,2026-09-24T08:27:17.247664+00:00
7115,0.539,2026-09-24T08:27:17.248665+00:00
7116,0.544,2026-09-24T08:27:17.249660+00:00
7117,0.541,2026-09-24T08:27:17.250683+00:00
7118,0.585,2026-09-24T08:27:17.251883+00:00
7119,0.708,2026-09-24T08:27:17.253066+00:00
7120,1.067,2026-09-24T08:27:17.254691+00:00
7121,0.9470000000000001,2026-09-24T08:27:17.255811+00:00
7122,0.5630000000000001,2026-09-24T08:27:17.256800+00:00
7123,0.6769999999999999,2026-09-24T08:27:17.258015+00:00
7124,0.62,2026-09-24T08:27:17.259154+00:00
7125,0.5950000000000001,2026-09-24T08:27:17.260373+00:00
7126,0.622,2026-09-24T08:27:17.261519+00:00
7127,0.628,2026-09-24T08:27:17.262608+00:00
7128,0.597,2026-09-24T08:27:17.263696+00:00
7129,0.569,2026-09-24T08:27:17.264734+00:00
7130,0.544,2026-09-24T08:27:17.265750+00:00
7131,0.5509999999999999,2026-09-24T08:27:17.266771+00:00
7132,0.5950000000000001,2026-09-24T08:27:17.267837+00:00
7133,0.643,2026-09-24T08:27:17.269036+00:00
7134,0.641,2026-09-24T08:27:17.270114+00:00
7135,0.875,2026-09-24T08:27:17.271485+00:00
7136,0.804,2026-09-24T08:27:17.272589+00:00
7137,0.605,2026-09-24T08:27:17.273687+00:00
7138,0.574,2026-09-24T08:27:17.274755+00:00
7139,0.5900000000000001,2026-09-24T08:27:17.275798+00:00
7140,0.544,2026-09-24T08:27:17.276864+00:00
7141,0.671,2026-09-24T08:27:17.277978+00:00
7142,0.508,2026-09-24T08:27:17.278955+00:00
7143,0.523,2026-09-24T08:27:17.279930+00:00
7144,0.606,2026-09-24T08:27:17.280993+00:00
7145,0.583,2026-09-24T08:27:17.282017+00:00
7146,0.5680000000000001,2026-09-24T08:27:17.283116+00:00
7147,0.544,2026-09-24T08:27:17.284130+00:00
7148,0.5860000000000001,2026-09-24T08:27:17.285333+00:00
7149,0.5860000000000001,2026-09-24T08:27:17.286425+00:00
7150,0.718,2026-09-24T08:27:17.287656+00:00
7151,0.745,2026-09-24T08:27:17.289119+00:00
7152,0.5429999999999999,2026-09-24T08:27:17.290196+00:00
7153,0.5950000000000001,2026-09-24T08:27:17.291386+00:00
7154,0.7829999999999999,2026-09-24T08:27:17.292881+00:00
7155,0.735,2026-09-24T08:27:17.294155+00:00
7156,0.705,2026-09-24T08:27:17.295356+00:00
7157,0.669,2026-09-24T08:27:17.296497+00:00
7158,0.632,2026-09-24T08:27:17.297602+00:00
7159,0.707,2026-09-24T08:27:17.298767+00:00
7160,0.622,2026-09-24T08:27:17.299923+00:00
7161,0.646,2026-09-24T08:27:17.301030+00:00
7162,0.627,2026-09-24T08:27:17.302343+00:00
7163,0.744,2026-09-24T08:27:17.303621+00:00
7164,1.048,2026-09-24T08:27:17.305222+00:00
7165,1.029,2026-09-24T08:27:17.306920+00:00
7166,0.71,2026-09-24T08:27:17.308204+00:00
7167,0.622,2026-09-24T08:27:17.309387+00:00
7168,0.5860000000000001,2026-09-24T08:27:17.310474+00:00
7169,0.652,2026-09-24T08:27:17.311518+00:00
7170,0.6489999999999999,2026-09-24T08:27:17.312517+00:00
7171,0.509,2026-09-24T08:27:17.313399+00:00
7172,0.705,2026-09-24T08:27:17.314552+00:00
7173,0.666,2026-09-24T08:27:17.316284+00:00
7174,0.618,2026-09-24T08:27:17.317376+00:00
7175,0.608,2026-09-24T08:27:17.318463+00:00
7176,0.6449999999999999,2026-09-24T08:27:17.319593+00:00
7177,0.614,2026-09-24T08:27:17.320833+00:00
7178,0.92,2026-09-24T08:27:17.322286+00:00
7179,0.651,2026-09-24T08:27:17.323477+00:00
7180,0.574,2026-09-24T08:27:17.324544+00:00
7181,0.509,2026-09-24T08:27:17.325510+00:00
7182,0.475,2026-09-24T08:27:17.326489+00:00
7183,0.49299999999999994,2026-09-24T08:27:17.327465+00:00
7184,0.472,2026-09-24T08:27:17.328433+00:00
7185,0.457,2026-09-24T08:27:17.329372+00:00
7186,0.455,2026-09-24T08:27:17.330313+00:00
7187,0.432,2026-09-24T08:27:17.331274+00:00
7188,0.45199999999999996,2026-09-24T08:27:17.332236+00:00
7189,0.46299999999999997,2026-09-24T08:27:17.333187+00:00
7190,0.47600000000000003,2026-09-24T08:27:17.334170+00:00
7191,0.525,2026-09-24T08:27:17.335194+00:00
7192,0.528,2026-09-24T08:27:17.336460+00:00
7193,0.669,2026-09-24T08:27:17.337705+00:00
7194,0.861,2026-09-24T08:27:17.340094+00:00
7195,0.852,2026-09-24T08:27:17.341602+00:00
7196,0.6539999999999999,2026-09-24T08:27:17.342640+00:00
7197,0.5419999999999999,2026-09-24T08:27:17.343603+00:00
7198,0.566,2026-09-24T08:27:17.344623+00:00
7199,0.57,2026-09-24T08:27:17.345675+00:00
7200,0.68,2026-09-24T08:27:17.346982+00:00
7201,0.5289999999999999,2026-09-24T08:27:17.348078+00:00
7202,0.48500000000000004,2026-09-24T08:27:17.349187+00:00
7203,0.484,2026-09-24T08:27:17.350199+00:00
7204,0.46299999999999997,2026-09-24T08:27:17.351172+00:00
7205,0.482,2026-09-24T08:27:17.352138+00:00
7206,0.47300000000000003,2026-09-24T08:27:17.353122+00:00
7207,0.921,2026-09-24T08:27:17.354754+00:00
7208,0.812,2026-09-24T08:27:17.355765+00:00
7209,0.6589999999999999,2026-09-24T08:27:17.356847+00:00
7210,0.626,2026-09-24T08:27:17.357963+00:00
7211,0.622,2026-09-24T08:27:17.359020+00:00
7212,0.5910000000000001,2026-09-24T08:27:17.359976+00:00
7213,0.5569999999999999,2026-09-24T08:27:17.360945+00:00
7214,0.5730000000000001,2026-09-24T08:27:17.361940+00:00
7215,0.5429999999999999,2026-09-24T08:27:17.362891+00:00
7216,0.635,2026-09-24T08:27:17.363928+00:00
7217,0.545,2026-09-24T08:27:17.364861+00:00
7218,0.513,2026-09-24T08:27:17.365805+00:00
7219,0.507,2026-09-24T08:27:17.366727+00:00
7220,0.521,2026-09-24T08:27:17.367681+00:00
7221,0.559,2026-09-24T08:27:17.368685+00:00
7222,0.78,2026-09-24T08:27:17.370052+00:00
7223,0.9319999999999999,2026-09-24T08:27:17.371217+00:00
7224,1.012,2026-09-24T08:27:17.372694+00:00
7225,0.7010000000000001,2026-09-24T08:27:17.373848+00:00
7226,0.647,2026-09-24T08:27:17.374963+00:00
7227,0.537,2026-09-24T08:27:17.376156+00:00
7228,0.514,2026-09-24T08:27:17.377172+00:00
7229,0.525,2026-09-24T08:27:17.378164+00:00
7230,0.514,2026-09-24T08:27:17.379164+00:00
7231,0.528,2026-09-24T08:27:17.380171+00:00
7232,0.522,2026-09-24T08:27:17.381218+00:00
7233,0.54,2026-09-24T08:27:17.382173+00:00
7234,0.524,2026-09-24T08:27:17.383133+00:00
7235,0.49299999999999994,2026-09-24T08:27:17.384064+00:00
7236,0.846,2026-09-24T08:27:17.385557+00:00
7237,0.695,2026-09-24T08:27:17.386370+00:00
7238,0.583,2026-09-24T08:27:17.387401+00:00
7239,0.5509999999999999,2026-09-24T08:27:17.388377+00:00
7240,0.588,2026-09-24T08:27:17.389451+00:00
7241,0.545,2026-09-24T08:27:17.390533+00:00
7242,0.612,2026-09-24T08:27:17.391624+00:00
7243,0.639,2026-09-24T08:27:17.392827+00:00
7244,0.638,2026-09-24T08:27:17.394004+00:00
7245,0.71,2026-09-24T08:27:17.395259+00:00
7246,0.713,2026-09-24T08:27:17.396476+00:00
7247,0.8260000000000001,2026-09-24T08:27:17.397864+00:00
7248,0.616,2026-09-24T08:27:17.399332+00:00
7249,0.7150000000000001,2026-09-24T08:27:17.400669+00:00
7250,0.625,2026-09-24T08:27:17.401726+00:00
7251,0.6629999999999999,2026-09-24T08:27:17.403072+00:00
7252,1.1440000000000001,2026-09-24T08:27:17.404983+00:00
7253,1.053,2026-09-24T08:27:17.406501+00:00
7254,0.778,2026-09-24T08:27:17.407906+00:00
7255,0.6920000000000001,2026-09-24T08:27:17.409141+00:00
7256,0.605,2026-09-24T08:27:17.410268+00:00
7257,0.673,2026-09-24T08:27:17.411433+00:00
7258,0.64,2026-09-24T08:27:17.412589+00:00
7259,0.669,2026-09-24T08:27:17.413748+00:00
7260,0.618,2026-09-24T08:27:17.414808+00:00
7261,0.618,2026-09-24T08:27:17.415913+00:00
7262,0.6,2026-09-24T08:27:17.416991+00:00
7263,0.588,2026-09-24T08:27:17.418090+00:00
7264,0.553,2026-09-24T08:27:17.419131+00:00
7265,0.741,2026-09-24T08:27:17.420450+00:00
7266,0.655,2026-09-24T08:27:17.421774+00:00
7267,0.734,2026-09-24T08:27:17.422984+00:00
7268,0.6970000000000001,2026-09-24T08:27:17.424581+00:00
7269,0.857,2026-09-24T08:27:17.426079+00:00
7270,0.992,2026-09-24T08:27:17.427604+00:00
7271,0.868,2026-09-24T08:27:17.429094+00:00
7272,0.846,2026-09-24T08:27:17.430677+00:00
7273,0.736,2026-09-24T08:27:17.431972+00:00
7274,0.665,2026-09-24T08:27:17.433366+00:00
7275,1.532,2026-09-24T08:27:17.435823+00:00
7276,1.591,2026-09-24T08:27:17.438147+00:00
7277,1.389,2026-09-24T08:27:17.440081+00:00
7278,1.542,2026-09-24T08:27:17.442307+00:00
7279,1.174,2026-09-24T08:27:17.444145+00:00
7280,1.6039999999999999,2026-09-24T08:27:17.446635+00:00
7281,1.1260000000000001,2026-09-24T08:27:17.448680+00:00
7282,1.212,2026-09-24T08:27:17.450655+00:00
7283,1.067,2026-09-24T08:27:17.452131+00:00
7284,1.348,2026-09-24T08:27:17.454079+00:00
7285,1.201,2026-09-24T08:27:17.455822+00:00
7286,0.958,2026-09-24T08:27:17.457176+00:00
7287,1.452,2026-09-24T08:27:17.459368+00:00
7288,0.985,2026-09-24T08:27:17.460702+00:00
7289,0.995,2026-09-24T08:27:17.462222+00:00
7290,0.891,2026-09-24T08:27:17.463496+00:00
7291,0.7110000000000001,2026-09-24T08:27:17.464631+00:00
7292,0.6040000000000001,2026-09-24T08:27:17.465721+00:00
7293,0.585,2026-09-24T08:27:17.466875+00:00
7294,1.155,2026-09-24T08:27:17.468848+00:00
7295,1.15,2026-09-24T08:27:17.470473+00:00
7296,1.317,2026-09-24T08:27:17.472793+00:00
7297,1.411,2026-09-24T08:27:17.475037+00:00
7298,1.014,2026-09-24T08:27:17.476598+00:00
7299,0.9319999999999999,2026-09-24T08:27:17.478196+00:00
7300,0.897,2026-09-24T08:27:17.479779+00:00
7301,1.145,2026-09-24T08:27:17.481760+00:00
7302,0.756,2026-09-24T08:27:17.483104+00:00
7303,0.664,2026-09-24T08:27:17.484285+00:00
7304,0.705,2026-09-24T08:27:17.485526+00:00
7305,0.977,2026-09-24T08:27:17.487161+00:00
7306,0.798,2026-09-24T08:27:17.488539+00:00
7307,1.16,2026-09-24T08:27:17.490976+00:00
7308,0.812,2026-09-24T08:27:17.492155+00:00
7309,0.6859999999999999,2026-09-24T08:27:17.493385+00:00
7310,0.647,2026-09-24T08:27:17.494728+00:00
7311,0.847,2026-09-24T08:27:17.496123+00:00
7312,0.728,2026-09-24T08:27:17.497395+00:00
7313,0.726,2026-09-24T08:27:17.499203+00:00
7314,0.644,2026-09-24T08:27:17.500399+00:00
7315,0.855,2026-09-24T08:27:17.501870+00:00
7316,0.8490000000000001,2026-09-24T08:27:17.503244+00:00
7317,0.8400000000000001,2026-09-24T08:27:17.504591+00:00
7318,0.9079999999999999,2026-09-24T08:27:17.506133+00:00
7319,0.971,2026-09-24T08:27:17.508266+00:00
7320,0.6930000000000001,2026-09-24T08:27:17.509569+00:00
7321,0.6930000000000001,2026-09-24T08:27:17.510792+00:00
7322,0.874,2026-09-24T08:27:17.512316+00:00
7323,0.695,2026-09-24T08:27:17.513551+00:00
7324,0.745,2026-09-24T08:27:17.514832+00:00
7325,0.6809999999999999,2026-09-24T08:27:17.516269+00:00
7326,0.684,2026-09-24T08:27:17.517549+00:00
7327,0.696,2026-09-24T08:27:17.518745+00:00
7328,0.6769999999999999,2026-09-24T08:27:17.519956+00:00
7329,0.728,2026-09-24T08:27:17.521204+00:00
7330,0.855,2026-09-24T08:27:17.522713+00:00
7331,0.766,2026-09-24T08:27:17.524021+00:00
7332,0.9179999999999999,2026-09-24T08:27:17.525787+00:00
7333,0.656,2026-09-24T08:27:17.527041+00:00
7334,0.5640000000000001,2026-09-24T08:27:17.528179+00:00
7335,0.569,2026-09-24T08:27:17.529252+00:00
7336,0.554,2026-09-24T08:27:17.530296+00:00
7337,0.5760000000000001,2026-09-24T08:27:17.531353+00:00
7338,0.612,2026-09-24T08:27:17.532460+00:00
7339,0.5640000000000001,2026-09-24T08:27:17.533479+00:00
7340,0.751,2026-09-24T08:27:17.534878+00:00
7341,0.656,2026-09-24T08:27:17.535855+00:00
7342,0.608,2026-09-24T08:27:17.536892+00:00
7343,0.9129999999999999,2026-09-24T08:27:17.538444+00:00
7344,0.894,2026-09-24T08:27:17.539976+00:00
7345,0.9309999999999999,2026-09-24T08:27:17.541449+00:00
7346,0.891,2026-09-24T08:27:17.542976+00:00
7347,0.799,2026-09-24T08:27:17.544454+00:00
7348,0.643,2026-09-24T08:27:17.545578+00:00
7349,0.625,2026-09-24T08:27:17.546663+00:00
7350,0.611,2026-09-24T08:27:17.547735+00:00
7351,0.625,2026-09-24T08:27:17.548847+00:00
7352,0.6539999999999999,2026-09-24T08:27:17.549948+00:00
7353,0.6,2026-09-24T08:27:17.550983+00:00
7354,0.805,2026-09-24T08:27:17.552334+00:00
7355,1.027,2026-09-24T08:27:17.554024+00:00
7356,0.638,2026-09-24T08:27:17.554756+00:00
7357,0.766,2026-09-24T08:27:17.556201+00:00
7358,0.762,2026-09-24T08:27:17.557366+00:00
7359,0.7150000000000001,2026-09-24T08:27:17.558605+00:00
7360,0.54,2026-09-24T08:27:17.559580+00:00
7361,0.6040000000000001,2026-09-24T08:27:17.560736+00:00
7362,0.5339999999999999,2026-09-24T08:27:17.561705+00:00
7363,0.513,2026-09-24T08:27:17.562642+00:00
7364,0.518,2026-09-24T08:27:17.563572+00:00
7365,0.541,2026-09-24T08:27:17.564539+00:00
7366,0.516,2026-09-24T08:27:17.565737+00:00
7367,0.504,2026-09-24T08:27:17.566668+00:00
7368,0.5730000000000001,2026-09-24T08:27:17.567699+00:00
7369,0.5519999999999999,2026-09-24T08:27:17.568839+00:00
7370,0.878,2026-09-24T08:27:17.570586+00:00
7371,0.8260000000000001,2026-09-24T08:27:17.572264+00:00
7372,1.048,2026-09-24T08:27:17.574383+00:00
7373,0.8540000000000001,2026-09-24T08:27:17.575958+00:00
7374,0.897,2026-09-24T08:27:17.577616+00:00
7375,0.824,2026-09-24T08:27:17.578953+00:00
7376,0.703,2026-09-24T08:27:17.580260+00:00
7377,0.589,2026-09-24T08:27:17.581276+00:00
7378,0.522,2026-09-24T08:27:17.582376+00:00
7379,0.5419999999999999,2026-09-24T08:27:17.583350+00:00
7380,0.49200000000000005,2026-09-24T08:27:17.584276+00:00
7381,0.486,2026-09-24T08:27:17.585214+00:00
7382,0.533,2026-09-24T08:27:17.586208+00:00
7383,0.928,2026-09-24T08:27:17.587688+00:00
7384,0.646,2026-09-24T08:27:17.588573+00:00
7385,0.541,2026-09-24T08:27:17.589497+00:00
7386,0.503,2026-09-24T08:27:17.590472+00:00
7387,0.5950000000000001,2026-09-24T08:27:17.591725+00:00
7388,0.496,2026-09-24T08:27:17.592693+00:00
7389,0.48899999999999993,2026-09-24T08:27:17.593670+00:00
7390,0.494,2026-09-24T08:27:17.594660+00:00
7391,0.472,2026-09-24T08:27:17.595615+00:00
7392,0.49200000000000005,2026-09-24T08:27:17.596602+00:00
7393,0.491,2026-09-24T08:27:17.597603+00:00
7394,0.45199999999999996,2026-09-24T08:27:17.598523+00:00
7395,0.49,2026-09-24T08:27:17.599525+00:00
7396,0.744,2026-09-24T08:27:17.600820+00:00
7397,0.7150000000000001,2026-09-24T08:27:17.602102+00:00
7398,0.812,2026-09-24T08:27:17.603508+00:00
7399,0.884,2026-09-24T08:27:17.604840+00:00
7400,1.276,2026-09-24T08:27:17.606726+00:00
7401,1.089,2026-09-24T08:27:17.608090+00:00
7402,1.1039999999999999,2026-09-24T08:27:17.610089+00:00
7403,0.842,2026-09-24T08:27:17.611591+00:00
7404,0.7010000000000001,2026-09-24T08:27:17.612744+00:00
7405,0.7240000000000001,2026-09-24T08:27:17.613934+00:00
7406,0.733,2026-09-24T08:27:17.615064+00:00
7407,0.6880000000000001,2026-09-24T08:27:17.616227+00:00
7408,0.5810000000000001,2026-09-24T08:27:17.617243+00:00
7409,0.609,2026-09-24T08:27:17.618276+00:00
7410,0.5810000000000001,2026-09-24T08:27:17.619291+00:00
7411,0.585,2026-09-24T08:27:17.620312+00:00
7412,0.5810000000000001,2026-09-24T08:27:17.621325+00:00
7413,0.553,2026-09-24T08:27:17.622335+00:00
7414,0.608,2026-09-24T08:27:17.623578+00:00
7415,0.66,2026-09-24T08:27:17.624666+00:00
7416,0.6040000000000001,2026-09-24T08:27:17.625709+00:00
7417,0.597,2026-09-24T08:27:17.626747+00:00
7418,0.558,2026-09-24T08:27:17.627761+00:00
7419,0.599,2026-09-24T08:27:17.628794+00:00
7420,0.5770000000000001,2026-09-24T08:27:17.629772+00:00
7421,0.574,2026-09-24T08:27:17.633675+00:00
7422,0.587,2026-09-24T08:27:17.634700+00:00
7423,1.675,2026-09-24T08:27:17.636788+00:00
7424,0.636,2026-09-24T08:27:17.637265+00:00
7425,0.9890000000000001,2026-09-24T08:27:17.638972+00:00
7426,0.907,2026-09-24T08:27:17.640609+00:00
7427,0.751,2026-09-24T08:27:17.641965+00:00
7428,0.759,2026-09-24T08:27:17.643257+00:00
7429,0.609,2026-09-24T08:27:17.644333+00:00
7430,0.559,2026-09-24T08:27:17.645290+00:00
7431,0.465,2026-09-24T08:27:17.646195+00:00
7432,0.465,2026-09-24T08:27:17.647177+00:00
7433,0.509,2026-09-24T08:27:17.648205+00:00
7434,0.457,2026-09-24T08:27:17.649200+00:00
7435,0.44,2026-09-24T08:27:17.650124+00:00
7436,0.526,2026-09-24T08:27:17.651183+00:00
7437,0.517,2026-09-24T08:27:17.652215+00:00
7438,0.455,2026-09-24T08:27:17.653151+00:00
7439,0.456,2026-09-24T08:27:17.654123+00:00
7440,0.456,2026-09-24T08:27:17.655102+00:00
7441,0.46099999999999997,2026-09-24T08:27:17.656063+00:00
7442,0.453,2026-09-24T08:27:17.657047+00:00
7443,0.726,2026-09-24T08:27:17.658476+00:00
7444,0.694,2026-09-24T08:27:17.659605+00:00
7445,0.569,2026-09-24T08:27:17.660518+00:00
7446,0.545,2026-09-24T08:27:17.661548+00:00
7447,0.522,2026-09-24T08:27:17.662532+00:00
7448,0.517,2026-09-24T08:27:17.663499+00:00
7449,0.55,2026-09-24T08:27:17.664526+00:00
7450,0.522,2026-09-24T08:27:17.665470+00:00
7451,0.513,2026-09-24T08:27:17.666435+00:00
7452,0.503,2026-09-24T08:27:17.667398+00:00
7453,0.809,2026-09-24T08:27:17.668990+00:00
7454,0.746,2026-09-24T08:27:17.670481+00:00
7455,0.6890000000000001,2026-09-24T08:27:17.671725+00:00
7456,0.7649999999999999,2026-09-24T08:27:17.673084+00:00
7457,0.798,2026-09-24T08:27:17.674463+00:00
7458,0.628,2026-09-24T08:27:17.675750+00:00
7459,0.57,2026-09-24T08:27:17.676807+00:00
7460,0.53,2026-09-24T08:27:17.677804+00:00
7461,0.515,2026-09-24T08:27:17.678820+00:00
7462,0.522,2026-09-24T08:27:17.679826+00:00
7463,0.524,2026-09-24T08:27:17.680838+00:00
7464,0.517,2026-09-24T08:27:17.681882+00:00
7465,0.555,2026-09-24T08:27:17.682953+00:00
7466,0.515,2026-09-24T08:27:17.683994+00:00
7467,0.48500000000000004,2026-09-24T08:27:17.684981+00:00
7468,0.495,2026-09-24T08:27:17.685948+00:00
7469,0.499,2026-09-24T08:27:17.686928+00:00
7470,0.53,2026-09-24T08:27:17.687933+00:00
7471,0.48899999999999993,2026-09-24T08:27:17.688882+00:00
7472,0.51,2026-09-24T08:27:17.689877+00:00
7473,0.491,2026-09-24T08:27:17.691023+00:00
7474,0.518,2026-09-24T08:27:17.692059+00:00
7475,1.166,2026-09-24T08:27:17.694038+00:00
7476,1.1900000000000002,2026-09-24T08:27:17.695534+00:00
7477,1.065,2026-09-24T08:27:17.696944+00:00
7478,1.2260000000000002,2026-09-24T08:27:17.698799+00:00
7479,0.9309999999999999,2026-09-24T08:27:17.699949+00:00
7480,0.889,2026-09-24T08:27:17.701407+00:00
7481,0.928,2026-09-24T08:27:17.702884+00:00
7482,0.9380000000000001,2026-09-24T08:27:17.704258+00:00
7483,0.794,2026-09-24T08:27:17.705460+00:00
7484,0.809,2026-09-24T08:27:17.706941+00:00
7485,0.8,2026-09-24T08:27:17.708249+00:00
7486,0.76,2026-09-24T08:27:17.709522+00:00
7487,0.748,2026-09-24T08:27:17.710993+00:00
7488,0.6859999999999999,2026-09-24T08:27:17.712400+00:00
7489,0.6980000000000001,2026-09-24T08:27:17.713637+00:00
7490,0.763,2026-09-24T08:27:17.714860+00:00
7491,0.71,2026-09-24T08:27:17.716046+00:00
7492,0.7060000000000001,2026-09-24T08:27:17.717336+00:00
7493,0.8490000000000001,2026-09-24T08:27:17.718722+00:00
7494,0.71,2026-09-24T08:27:17.719818+00:00
7495,1.063,2026-09-24T08:27:17.721368+00:00
7496,0.675,2026-09-24T08:27:17.722260+00:00
7497,0.657,2026-09-24T08:27:17.723510+00:00
7498,0.8360000000000001,2026-09-24T08:27:17.724936+00:00
7499,0.862,2026-09-24T08:27:17.726313+00:00
7500,0.7969999999999999,2026-09-24T08:27:17.727621+00:00
7501,0.703,2026-09-24T08:27:17.728817+00:00
7502,0.651,2026-09-24T08:27:17.729933+00:00
7503,0.596,2026-09-24T08:27:17.731131+00:00
7504,0.5770000000000001,2026-09-24T08:27:17.732190+00:00
7505,0.602,2026-09-24T08:27:17.733280+00:00
7506,0.647,2026-09-24T08:27:17.734458+00:00
7507,0.647,2026-09-24T08:27:17.735722+00:00
7508,0.76,2026-09-24T08:27:17.736998+00:00
7509,0.6539999999999999,2026-09-24T08:27:17.738163+00:00
7510,0.6629999999999999,2026-09-24T08:27:17.739459+00:00
7511,0.6629999999999999,2026-09-24T08:27:17.740586+00:00
7512,0.864,2026-09-24T08:27:17.741983+00:00
7513,0.9129999999999999,2026-09-24T08:27:17.743531+00:00
7514,0.856,2026-09-24T08:27:17.744883+00:00
7515,0.746,2026-09-24T08:27:17.746111+00:00
7516,0.673,2026-09-24T08:27:17.747504+00:00
7517,0.694,2026-09-24T08:27:17.748886+00:00
7518,0.65,2026-09-24T08:27:17.750162+00:00
7519,0.617,2026-09-24T08:27:17.751408+00:00
7520,0.665,2026-09-24T08:27:17.752672+00:00
7521,0.666,2026-09-24T08:27:17.753937+00:00
7522,0.907,2026-09-24T08:27:17.755488+00:00
7523,0.7200000000000001,2026-09-24T08:27:17.756556+00:00
7524,0.6890000000000001,2026-09-24T08:27:17.757762+00:00
7525,0.704,2026-09-24T08:27:17.759030+00:00
7526,0.657,2026-09-24T08:27:17.760274+00:00
7527,0.62,2026-09-24T08:27:17.761461+00:00
7528,0.637,2026-09-24T08:27:17.762680+00:00
7529,0.644,2026-09-24T08:27:17.763922+00:00
7530,0.622,2026-09-24T08:27:17.765172+00:00
7531,0.634,2026-09-24T08:27:17.766378+00:00
7532,0.6449999999999999,2026-09-24T08:27:17.767852+00:00
7533,0.647,2026-09-24T08:27:17.769073+00:00
7534,1.009,2026-09-24T08:27:17.770719+00:00
7535,0.888,2026-09-24T08:27:17.771942+00:00
7536,0.714,2026-09-24T08:27:17.773218+00:00
7537,0.885,2026-09-24T08:27:17.774916+00:00
7538,0.762,2026-09-24T08:27:17.776401+00:00
7539,0.758,2026-09-24T08:27:17.777841+00:00
7540,0.705,2026-09-24T08:27:17.779289+00:00
7541,0.73,2026-09-24T08:27:17.780723+00:00
7542,0.747,2026-09-24T08:27:17.782208+00:00
7543,0.707,2026-09-24T08:27:17.783659+00:00
7544,0.7150000000000001,2026-09-24T08:27:17.785082+00:00
7545,1.174,2026-09-24T08:27:17.787014+00:00
7546,0.967,2026-09-24T08:27:17.788292+00:00
7547,0.865,2026-09-24T08:27:17.789867+00:00
7548,0.79,2026-09-24T08:27:17.791362+00:00
7549,0.787,2026-09-24T08:27:17.792780+00:00
7550,0.722,2026-09-24T08:27:17.794188+00:00
7551,0.853,2026-09-24T08:27:17.795749+00:00
7552,0.69,2026-09-24T08:27:17.797146+00:00
7553,0.679,2026-09-24T08:27:17.798465+00:00
7554,0.741,2026-09-24T08:27:17.799799+00:00
7555,0.703,2026-09-24T08:27:17.801053+00:00
7556,0.6809999999999999,2026-09-24T08:27:17.802304+00:00
7557,0.78,2026-09-24T08:27:17.803730+00:00
7558,0.921,2026-09-24T08:27:17.805321+00:00
7559,1.1019999999999999,2026-09-24T08:27:17.807108+00:00
7560,1.105,2026-09-24T08:27:17.808820+00:00
7561,0.823,2026-09-24T08:27:17.810089+00:00
7562,0.791,2026-09-24T08:27:17.811861+00:00
7563,0.8019999999999999,2026-09-24T08:27:17.813363+00:00
7564,0.852,2026-09-24T08:27:17.814854+00:00
7565,0.7699999999999999,2026-09-24T08:27:17.816221+00:00
7566,0.7290000000000001,2026-09-24T08:27:17.817616+00:00
7567,1.188,2026-09-24T08:27:17.819499+00:00
7568,0.921,2026-09-24T08:27:17.820817+00:00
7569,0.885,2026-09-24T08:27:17.822214+00:00
7570,0.85,2026-09-24T08:27:17.823741+00:00
7571,0.993,2026-09-24T08:27:17.825357+00:00
7572,1.0510000000000002,2026-09-24T08:27:17.826964+00:00
7573,0.948,2026-09-24T08:27:17.828342+00:00
7574,0.915,2026-09-24T08:27:17.829721+00:00
7575,0.86,2026-09-24T08:27:17.831046+00:00
7576,0.977,2026-09-24T08:27:17.832795+00:00
7577,0.945,2026-09-24T08:27:17.834262+00:00
7578,0.896,2026-09-24T08:27:17.835679+00:00
7579,0.949,2026-09-24T08:27:17.837237+00:00
7580,0.871,2026-09-24T08:27:17.838624+00:00
7581,0.924,2026-09-24T08:27:17.840118+00:00
7582,1.059,2026-09-24T08:27:17.841875+00:00
7583,0.843,2026-09-24T08:27:17.843333+00:00
7584,0.809,2026-09-24T08:27:17.844920+00:00
7585,0.819,2026-09-24T08:27:17.846478+00:00
7586,1.017,2026-09-24T08:27:17.848122+00:00
7587,0.75,2026-09-24T08:27:17.849229+00:00
7588,0.8009999999999999,2026-09-24T08:27:17.850669+00:00
7589,0.728,2026-09-24T08:27:17.852003+00:00
7590,0.8360000000000001,2026-09-24T08:27:17.853533+00:00
7591,0.821,2026-09-24T08:27:17.855265+00:00
7592,0.745,2026-09-24T08:27:17.856666+00:00
7593,0.752,2026-09-24T08:27:17.858041+00:00
7594,0.74,2026-09-24T08:27:17.859509+00:00
7595,0.722,2026-09-24T08:27:17.860880+00:00
7596,0.7240000000000001,2026-09-24T08:27:17.862324+00:00
7597,0.776,2026-09-24T08:27:17.863779+00:00
7598,0.742,2026-09-24T08:27:17.865173+00:00
7599,0.794,2026-09-24T08:27:17.866622+00:00
7600,0.7919999999999999,2026-09-24T08:27:17.868069+00:00
7601,0.749,2026-09-24T08:27:17.869528+00:00
7602,0.716,2026-09-24T08:27:17.870914+00:00
7603,0.719,2026-09-24T08:27:17.872337+00:00
7604,1.158,2026-09-24T08:27:17.874626+00:00
7605,0.733,2026-09-24T08:27:17.876076+00:00
7606,0.673,2026-09-24T08:27:17.877665+00:00
7607,0.892,2026-09-24T08:27:17.879230+00:00
7608,0.696,2026-09-24T08:27:17.880532+00:00
7609,0.7,2026-09-24T08:27:17.881866+00:00
7610,0.694,2026-09-24T08:27:17.883152+00:00
7611,0.6449999999999999,2026-09-24T08:27:17.884379+00:00
7612,0.73,2026-09-24T08:27:17.885689+00:00
7613,0.8360000000000001,2026-09-24T08:27:17.887192+00:00
7614,0.773,2026-09-24T08:27:17.888673+00:00
7615,0.79,2026-09-24T08:27:17.890108+00:00
7616,0.8809999999999999,2026-09-24T08:27:17.891653+00:00
7617,1.323,2026-09-24T08:27:17.893590+00:00
7618,0.8260000000000001,2026-09-24T08:27:17.894738+00:00
7619,0.73,2026-09-24T08:27:17.896148+00:00
7620,0.6849999999999999,2026-09-24T08:27:17.897434+00:00
7621,0.6859999999999999,2026-09-24T08:27:17.898916+00:00
7622,0.634,2026-09-24T08:27:17.900157+00:00
7623,0.671,2026-09-24T08:27:17.901455+00:00
7624,0.6589999999999999,2026-09-24T08:27:17.902719+00:00
7625,0.879,2026-09-24T08:27:17.904331+00:00
7626,0.815,2026-09-24T08:27:17.905701+00:00
7627,0.876,2026-09-24T08:27:17.907116+00:00
7628,0.9079999999999999,2026-09-24T08:27:17.908493+00:00
7629,0.805,2026-09-24T08:27:17.909754+00:00
7630,0.7290000000000001,2026-09-24T08:27:17.910993+00:00
7631,0.809,2026-09-24T08:27:17.912357+00:00
7632,0.703,2026-09-24T08:27:17.913511+00:00
7633,0.6679999999999999,2026-09-24T08:27:17.914630+00:00
7634,0.671,2026-09-24T08:27:17.915821+00:00
7635,0.643,2026-09-24T08:27:17.916989+00:00
7636,0.925,2026-09-24T08:27:17.918592+00:00
7637,0.958,2026-09-24T08:27:17.919861+00:00
7638,0.778,2026-09-24T08:27:17.920971+00:00
7639,0.664,2026-09-24T08:27:17.922274+00:00
7640,0.664,2026-09-24T08:27:17.923545+00:00
7641,0.66,2026-09-24T08:27:17.924777+00:00
7642,0.675,2026-09-24T08:27:17.926056+00:00
7643,0.647,2026-09-24T08:27:17.927296+00:00
7644,0.612,2026-09-24T08:27:17.928487+00:00
7645,0.7010000000000001,2026-09-24T08:27:17.929768+00:00
7646,0.666,2026-09-24T08:27:17.931020+00:00
7647,0.635,2026-09-24T08:27:17.932237+00:00
7648,0.632,2026-09-24T08:27:17.933427+00:00
7649,0.673,2026-09-24T08:27:17.934699+00:00
7650,0.6920000000000001,2026-09-24T08:27:17.936117+00:00
7651,0.65,2026-09-24T08:27:17.937389+00:00
7652,0.678,2026-09-24T08:27:17.938672+00:00
7653,0.739,2026-09-24T08:27:17.940127+00:00
7654,0.651,2026-09-24T08:27:17.941353+00:00
7655,0.633,2026-09-24T08:27:17.942577+00:00
7656,0.903,2026-09-24T08:27:17.944080+00:00
7657,0.73,2026-09-24T08:27:17.945161+00:00
7658,0.6669999999999999,2026-09-24T08:27:17.946334+00:00
7659,0.673,2026-09-24T08:27:17.947539+00:00
7660,0.678,2026-09-24T08:27:17.948787+00:00
7661,0.6980000000000001,2026-09-24T08:27:17.950066+00:00
7662,0.612,2026-09-24T08:27:17.951297+00:00
7663,0.597,2026-09-24T08:27:17.952479+00:00
7664,0.777,2026-09-24T08:27:17.953920+00:00
7665,0.867,2026-09-24T08:27:17.955729+00:00
7666,1.0579999999999998,2026-09-24T08:27:17.957297+00:00
7667,0.966,2026-09-24T08:27:17.958985+00:00
7668,0.714,2026-09-24T08:27:17.960275+00:00
7669,0.713,2026-09-24T08:27:17.961587+00:00
7670,0.655,2026-09-24T08:27:17.962835+00:00
7671,0.707,2026-09-24T08:27:17.964160+00:00
7672,0.628,2026-09-24T08:27:17.965365+00:00
7673,0.717,2026-09-24T08:27:17.966683+00:00
7674,0.662,2026-09-24T08:27:17.967879+00:00
7675,0.764,2026-09-24T08:27:17.969254+00:00
7676,0.791,2026-09-24T08:27:17.970590+00:00
7677,0.739,2026-09-24T08:27:17.971838+00:00
7678,0.704,2026-09-24T08:27:17.973240+00:00
7679,0.6819999999999999,2026-09-24T08:27:17.974511+00:00
7680,0.695,2026-09-24T08:27:17.976042+00:00
7681,0.6769999999999999,2026-09-24T08:27:17.977467+00:00
7682,0.8170000000000001,2026-09-24T08:27:17.978969+00:00
7683,0.647,2026-09-24T08:27:17.980246+00:00
7684,0.745,2026-09-24T08:27:17.981617+00:00
7685,0.683,2026-09-24T08:27:17.982809+00:00
7686,0.709,2026-09-24T08:27:17.984074+00:00
7687,0.638,2026-09-24T08:27:17.985270+00:00
7688,0.906,2026-09-24T08:27:17.986730+00:00
7689,0.937,2026-09-24T08:27:17.988334+00:00
7690,0.6880000000000001,2026-09-24T08:27:17.989606+00:00
7691,1.0679999999999998,2026-09-24T08:27:17.991305+00:00
7692,0.799,2026-09-24T08:27:17.992295+00:00
7693,0.713,2026-09-24T08:27:17.993493+00:00
7694,0.8130000000000001,2026-09-24T08:27:17.994841+00:00
7695,0.859,2026-09-24T08:27:17.996322+00:00
7696,0.998,2026-09-24T08:27:17.998001+00:00
7697,0.803,2026-09-24T08:27:17.999242+00:00
7698,0.754,2026-09-24T08:27:18.000545+00:00
7699,0.722,2026-09-24T08:27:18.001771+00:00
7700,0.91,2026-09-24T08:27:18.003381+00:00
7701,1.66,2026-09-24T08:27:18.005750+00:00
7702,0.898,2026-09-24T08:27:18.007135+00:00
7703,0.781,2026-09-24T08:27:18.008626+00:00
7704,0.617,2026-09-24T08:27:18.010084+00:00
7705,0.865,2026-09-24T08:27:18.011952+00:00
7706,0.633,2026-09-24T08:27:18.013226+00:00
7707,0.5820000000000001,2026-09-24T08:27:18.014316+00:00
7708,0.851,2026-09-24T08:27:18.015850+00:00
7709,0.757,2026-09-24T08:27:18.017277+00:00
7710,0.699,2026-09-24T08:27:18.018784+00:00
7711,0.787,2026-09-24T08:27:18.020121+00:00
7712,1.369,2026-09-24T08:27:18.025506+00:00
7713,1.02,2026-09-24T08:27:18.027316+00:00
7714,0.897,2026-09-24T08:27:18.029051+00:00
7715,1.254,2026-09-24T08:27:18.031065+00:00
7716,1.2489999999999999,2026-09-24T08:27:18.032869+00:00
7717,1.013,2026-09-24T08:27:18.034637+00:00
7718,1.089,2026-09-24T08:27:18.036407+00:00
7719,1.373,2026-09-24T08:27:18.040593+00:00
7720,1.593,2026-09-24T08:27:18.042933+00:00
7721,1.313,2026-09-24T08:27:18.044581+00:00
7722,0.987,2026-09-24T08:27:18.046074+00:00
7723,1.443,2026-09-24T08:27:18.048334+00:00
7724,0.809,2026-09-24T08:27:18.049967+00:00
7725,0.734,2026-09-24T08:27:18.051291+00:00
7726,0.737,2026-09-24T08:27:18.052523+00:00
7727,0.7879999999999999,2026-09-24T08:27:18.053999+00:00
7728,0.6769999999999999,2026-09-24T08:27:18.055176+00:00
7729,0.678,2026-09-24T08:27:18.056430+00:00
7730,1.583,2026-09-24T08:27:18.058652+00:00
7731,0.7969999999999999,2026-09-24T08:27:18.060083+00:00
7732,0.722,2026-09-24T08:27:18.061358+00:00
7733,0.6809999999999999,2026-09-24T08:27:18.062607+00:00
7734,0.71,2026-09-24T08:27:18.063892+00:00
7735,0.883,2026-09-24T08:27:18.065339+00:00
7736,1.239,2026-09-24T08:27:18.067369+00:00
7737,1.38,2026-09-24T08:27:18.069952+00:00
7738,0.9600000000000001,2026-09-24T08:27:18.071440+00:00
7739,1.0430000000000001,2026-09-24T08:27:18.074076+00:00
7740,0.91,2026-09-24T08:27:18.075916+00:00
7741,0.772,2026-09-24T08:27:18.077289+00:00
7742,1.118,2026-09-24T08:27:18.079046+00:00
7743,0.949,2026-09-24T08:27:18.080560+00:00
7744,0.837,2026-09-24T08:27:18.082101+00:00
7745,0.647,2026-09-24T08:27:18.083504+00:00
7746,0.5910000000000001,2026-09-24T08:27:18.084601+00:00
7747,0.526,2026-09-24T08:27:18.085589+00:00
7748,0.524,2026-09-24T08:27:18.086590+00:00
7749,0.635,2026-09-24T08:27:18.087798+00:00
7750,0.614,2026-09-24T08:27:18.088985+00:00
7751,0.71,2026-09-24T08:27:18.090183+00:00
7752,0.66,2026-09-24T08:27:18.091269+00:00
7753,0.5609999999999999,2026-09-24T08:27:18.092293+00:00
7754,0.49799999999999994,2026-09-24T08:27:18.093463+00:00
7755,0.506,2026-09-24T08:27:18.094480+00:00
7756,0.47300000000000003,2026-09-24T08:27:18.095458+00:00
7757,0.505,2026-09-24T08:27:18.096488+00:00
7758,0.464,2026-09-24T08:27:18.097495+00:00
7759,0.508,2026-09-24T08:27:18.098532+00:00
7760,0.512,2026-09-24T08:27:18.099610+00:00
7761,0.46900000000000003,2026-09-24T08:27:18.100597+00:00
7762,0.503,2026-09-24T08:27:18.101627+00:00
7763,1.054,2026-09-24T08:27:18.103552+00:00
7764,1.322,2026-09-24T08:27:18.105539+00:00
7765,1.0859999999999999,2026-09-24T08:27:18.107186+00:00
7766,0.844,2026-09-24T08:27:18.108755+00:00
7767,0.9560000000000001,2026-09-24T08:27:18.110267+00:00
7768,0.839,2026-09-24T08:27:18.111770+00:00
7769,0.6040000000000001,2026-09-24T08:27:18.113069+00:00
7770,0.584,2026-09-24T08:27:18.114209+00:00
7771,0.684,2026-09-24T08:27:18.115462+00:00
7772,0.619,2026-09-24T08:27:18.116593+00:00
7773,0.596,2026-09-24T08:27:18.117724+00:00
7774,0.541,2026-09-24T08:27:18.118960+00:00
7775,0.57,2026-09-24T08:27:18.120105+00:00
7776,0.633,2026-09-24T08:27:18.121311+00:00
7777,0.786,2026-09-24T08:27:18.122636+00:00
7778,0.642,2026-09-24T08:27:18.123943+00:00
7779,0.6130000000000001,2026-09-24T08:27:18.125056+00:00
7780,0.509,2026-09-24T08:27:18.126030+00:00
7781,0.504,2026-09-24T08:27:18.126969+00:00
7782,0.5429999999999999,2026-09-24T08:27:18.127948+00:00
7783,0.674,2026-09-24T08:27:18.129126+00:00
7784,0.7020000000000001,2026-09-24T08:27:18.130477+00:00
7785,0.6539999999999999,2026-09-24T08:27:18.131512+00:00
7786,0.61,2026-09-24T08:27:18.132555+00:00
7787,0.8,2026-09-24T08:27:18.133801+00:00
7788,0.795,2026-09-24T08:27:18.134836+00:00
7789,1.285,2026-09-24T08:27:18.136766+00:00
7790,1.044,2026-09-24T08:27:18.138681+00:00
7791,0.9219999999999999,2026-09-24T08:27:18.140116+00:00
7792,0.971,2026-09-24T08:27:18.141980+00:00
7793,0.86,2026-09-24T08:27:18.143397+00:00
7794,0.76,2026-09-24T08:27:18.144751+00:00
7795,0.726,2026-09-24T08:27:18.146021+00:00
7796,0.762,2026-09-24T08:27:18.147322+00:00
7797,0.712,2026-09-24T08:27:18.148631+00:00
7798,0.7150000000000001,2026-09-24T08:27:18.150169+00:00
7799,1.044,2026-09-24T08:27:18.151770+00:00
7800,0.855,2026-09-24T08:27:18.153310+00:00
7801,0.92,2026-09-24T08:27:18.154808+00:00
7802,0.876,2026-09-24T08:27:18.156070+00:00
7803,0.629,2026-09-24T08:27:18.157024+00:00
7804,0.627,2026-09-24T08:27:18.158154+00:00
7805,0.515,2026-09-24T08:27:18.159191+00:00
7806,0.502,2026-09-24T08:27:18.160262+00:00
7807,0.491,2026-09-24T08:27:18.161331+00:00
7808,0.68,2026-09-24T08:27:18.162608+00:00
7809,0.5720000000000001,2026-09-24T08:27:18.163624+00:00
7810,0.535,2026-09-24T08:27:18.164689+00:00
7811,0.62,2026-09-24T08:27:18.165863+00:00
7812,0.9959999999999999,2026-09-24T08:27:18.167370+00:00
7813,0.867,2026-09-24T08:27:18.168951+00:00
7814,0.884,2026-09-24T08:27:18.170138+00:00
7815,1.0679999999999998,2026-09-24T08:27:18.171931+00:00
7816,0.773,2026-09-24T08:27:18.173382+00:00
7817,0.7240000000000001,2026-09-24T08:27:18.174706+00:00
7818,0.6679999999999999,2026-09-24T08:27:18.175930+00:00
7819,0.674,2026-09-24T08:27:18.177235+00:00
7820,0.618,2026-09-24T08:27:18.178394+00:00
7821,0.665,2026-09-24T08:27:18.179634+00:00
7822,0.6589999999999999,2026-09-24T08:27:18.180847+00:00
7823,0.653,2026-09-24T08:27:18.182682+00:00
7824,0.639,2026-09-24T08:27:18.183888+00:00
7825,0.633,2026-09-24T08:27:18.185086+00:00
7826,0.857,2026-09-24T08:27:18.186548+00:00
7827,0.895,2026-09-24T08:27:18.188114+00:00
7828,0.6629999999999999,2026-09-24T08:27:18.189528+00:00
7829,0.592,2026-09-24T08:27:18.190603+00:00
7830,0.54,2026-09-24T08:27:18.191662+00:00
7831,0.545,2026-09-24T08:27:18.192689+00:00
7832,0.533,2026-09-24T08:27:18.193709+00:00
7833,0.571,2026-09-24T08:27:18.194831+00:00
7834,0.536,2026-09-24T08:27:18.195919+00:00
7835,0.533,2026-09-24T08:27:18.196910+00:00
7836,0.515,2026-09-24T08:27:18.197903+00:00
7837,0.5900000000000001,2026-09-24T08:27:18.199279+00:00
7838,0.522,2026-09-24T08:27:18.200428+00:00
7839,0.506,2026-09-24T08:27:18.201517+00:00
7840,0.764,2026-09-24T08:27:18.202794+00:00
7841,1.3159999999999998,2026-09-24T08:27:18.205899+00:00
7842,1.067,2026-09-24T08:27:18.207762+00:00
7843,0.851,2026-09-24T08:27:18.209400+00:00
7844,0.852,2026-09-24T08:27:18.210870+00:00
7845,0.786,2026-09-24T08:27:18.212275+00:00
7846,0.766,2026-09-24T08:27:18.213594+00:00
7847,0.8270000000000001,2026-09-24T08:27:18.214983+00:00
7848,0.763,2026-09-24T08:27:18.216321+00:00
7849,0.7649999999999999,2026-09-24T08:27:18.217679+00:00
7850,0.8350000000000001,2026-09-24T08:27:18.219219+00:00
7851,0.837,2026-09-24T08:27:18.220764+00:00
7852,0.762,2026-09-24T08:27:18.222215+00:00
7853,0.767,2026-09-24T08:27:18.223687+00:00
7854,0.8109999999999999,2026-09-24T08:27:18.225242+00:00
7855,0.846,2026-09-24T08:27:18.226681+00:00
7856,0.734,2026-09-24T08:27:18.228006+00:00
7857,0.6669999999999999,2026-09-24T08:27:18.229401+00:00
7858,0.657,2026-09-24T08:27:18.230741+00:00
7859,0.699,2026-09-24T08:27:18.231992+00:00
7860,0.624,2026-09-24T08:27:18.233197+00:00
7861,0.63,2026-09-24T08:27:18.234391+00:00
7862,0.8140000000000001,2026-09-24T08:27:18.235871+00:00
7863,1.142,2026-09-24T08:27:18.237744+00:00
7864,0.8899999999999999,2026-09-24T08:27:18.239110+00:00
7865,0.57,2026-09-24T08:27:18.240188+00:00
7866,0.481,2026-09-24T08:27:18.241228+00:00
7867,0.496,2026-09-24T08:27:18.242300+00:00
7868,0.484,2026-09-24T08:27:18.243307+00:00
7869,0.46599999999999997,2026-09-24T08:27:18.244298+00:00
7870,0.49,2026-09-24T08:27:18.245307+00:00
7871,0.433,2026-09-24T08:27:18.246269+00:00
7872,0.46,2026-09-24T08:27:18.247463+00:00
7873,0.453,2026-09-24T08:27:18.248436+00:00
7874,0.5479999999999999,2026-09-24T08:27:18.249541+00:00
7875,0.5720000000000001,2026-09-24T08:27:18.250592+00:00
7876,0.491,2026-09-24T08:27:18.251576+00:00
7877,0.496,2026-09-24T08:27:18.252594+00:00
7878,0.47300000000000003,2026-09-24T08:27:18.253610+00:00
7879,0.46099999999999997,2026-09-24T08:27:18.254577+00:00
7880,0.45,2026-09-24T08:27:18.255555+00:00
7881,0.49200000000000005,2026-09-24T08:27:18.256579+00:00
7882,0.504,2026-09-24T08:27:18.257625+00:00
7883,0.5379999999999999,2026-09-24T08:27:18.258631+00:00
7884,0.47300000000000003,2026-09-24T08:27:18.259581+00:00
7885,0.514,2026-09-24T08:27:18.260638+00:00
7886,0.48899999999999993,2026-09-24T08:27:18.261632+00:00
7887,0.53,2026-09-24T08:27:18.262846+00:00
7888,0.482,2026-09-24T08:27:18.263826+00:00
7889,0.501,2026-09-24T08:27:18.264860+00:00
7890,0.484,2026-09-24T08:27:18.265837+00:00
7891,0.5339999999999999,2026-09-24T08:27:18.266919+00:00
7892,0.579,2026-09-24T08:27:18.268033+00:00
7893,0.503,2026-09-24T08:27:18.269003+00:00
7894,0.637,2026-09-24T08:27:18.270243+00:00
7895,0.876,2026-09-24T08:27:18.271663+00:00
7896,0.546,2026-09-24T08:27:18.272827+00:00
7897,0.554,2026-09-24T08:27:18.273913+00:00
7898,0.5730000000000001,2026-09-24T08:27:18.275065+00:00
7899,0.515,2026-09-24T08:27:18.276143+00:00
7900,0.481,2026-09-24T08:27:18.277185+00:00
7901,0.46900000000000003,2026-09-24T08:27:18.278180+00:00
7902,0.46900000000000003,2026-09-24T08:27:18.279230+00:00
7903,0.521,2026-09-24T08:27:18.280286+00:00
7904,0.479,2026-09-24T08:27:18.281292+00:00
7905,0.491,2026-09-24T08:27:18.282330+00:00
7906,0.515,2026-09-24T08:27:18.283364+00:00
7907,0.512,2026-09-24T08:27:18.284426+00:00
7908,0.47,2026-09-24T08:27:18.285394+00:00
7909,0.513,2026-09-24T08:27:18.286428+00:00
7910,0.479,2026-09-24T08:27:18.287407+00:00
7911,0.48899999999999993,2026-09-24T08:27:18.288450+00:00
7912,0.479,2026-09-24T08:27:18.289445+00:00
7913,0.5770000000000001,2026-09-24T08:27:18.290526+00:00
7914,0.5559999999999999,2026-09-24T08:27:18.291618+00:00
7915,0.495,2026-09-24T08:27:18.292620+00:00
7916,0.46299999999999997,2026-09-24T08:27:18.293572+00:00
7917,0.46900000000000003,2026-09-24T08:27:18.294655+00:00
7918,0.873,2026-09-24T08:27:18.296067+00:00
7919,0.662,2026-09-24T08:27:18.296981+00:00
7920,0.546,2026-09-24T08:27:18.297968+00:00
7921,0.6890000000000001,2026-09-24T08:27:18.299199+00:00
7922,0.5770000000000001,2026-09-24T08:27:18.300288+00:00
7923,0.533,2026-09-24T08:27:18.301305+00:00
7924,0.525,2026-09-24T08:27:18.302312+00:00
7925,0.5569999999999999,2026-09-24T08:27:18.303382+00:00
7926,0.49299999999999994,2026-09-24T08:27:18.304379+00:00
7927,0.584,2026-09-24T08:27:18.305546+00:00
7928,0.62,2026-09-24T08:27:18.306672+00:00
7929,0.5479999999999999,2026-09-24T08:27:18.307779+00:00
7930,0.5429999999999999,2026-09-24T08:27:18.308854+00:00
7931,0.751,2026-09-24T08:27:18.310263+00:00
7932,0.7,2026-09-24T08:27:18.311584+00:00
7933,0.7020000000000001,2026-09-24T08:27:18.312961+00:00
7934,0.5339999999999999,2026-09-24T08:27:18.314023+00:00
7935,0.5599999999999999,2026-09-24T08:27:18.315171+00:00
7936,0.57,2026-09-24T08:27:18.316249+00:00
7937,0.618,2026-09-24T08:27:18.317383+00:00
7938,0.5609999999999999,2026-09-24T08:27:18.318428+00:00
7939,0.558,2026-09-24T08:27:18.319473+00:00
7940,0.905,2026-09-24T08:27:18.320926+00:00
7941,0.7290000000000001,2026-09-24T08:27:18.321954+00:00
7942,0.584,2026-09-24T08:27:18.323022+00:00
7943,0.5339999999999999,2026-09-24T08:27:18.324059+00:00
7944,0.503,2026-09-24T08:27:18.325132+00:00
7945,0.488,2026-09-24T08:27:18.326148+00:00
7946,0.853,2026-09-24T08:27:18.327652+00:00
7947,0.5760000000000001,2026-09-24T08:27:18.328828+00:00
7948,0.5,2026-09-24T08:27:18.329874+00:00
7949,0.554,2026-09-24T08:27:18.330999+00:00
7950,0.5109999999999999,2026-09-24T08:27:18.332047+00:00
7951,0.484,2026-09-24T08:27:18.333122+00:00
7952,0.898,2026-09-24T08:27:18.334528+00:00
7953,0.655,2026-09-24T08:27:18.335294+00:00
7954,0.596,2026-09-24T08:27:18.336262+00:00
7955,0.525,2026-09-24T08:27:18.337224+00:00
7956,0.507,2026-09-24T08:27:18.338189+00:00
7957,0.58,2026-09-24T08:27:18.339356+00:00
7958,0.544,2026-09-24T08:27:18.340343+00:00
7959,0.578,2026-09-24T08:27:18.341406+00:00
7960,0.477,2026-09-24T08:27:18.342348+00:00
7961,0.501,2026-09-24T08:27:18.343464+00:00
7962,0.483,2026-09-24T08:27:18.344498+00:00
7963,0.486,2026-09-24T08:27:18.345490+00:00
7964,0.5680000000000001,2026-09-24T08:27:18.346576+00:00
7965,0.521,2026-09-24T08:27:18.347762+00:00
7966,0.501,2026-09-24T08:27:18.348794+00:00
7967,0.47800000000000004,2026-09-24T08:27:18.349777+00:00
7968,0.462,2026-09-24T08:27:18.350761+00:00
7969,0.518,2026-09-24T08:27:18.351779+00:00
7970,0.505,2026-09-24T08:27:18.352803+00:00
7971,0.49700000000000005,2026-09-24T08:27:18.353882+00:00
7972,0.554,2026-09-24T08:27:18.355045+00:00
7973,1.0859999999999999,2026-09-24T08:27:18.357026+00:00
7974,0.914,2026-09-24T08:27:18.358834+00:00
7975,0.7060000000000001,2026-09-24T08:27:18.360207+00:00
7976,0.734,2026-09-24T08:27:18.361673+00:00
7977,0.768,2026-09-24T08:27:18.363037+00:00
7978,0.6489999999999999,2026-09-24T08:27:18.364342+00:00
7979,0.671,2026-09-24T08:27:18.365607+00:00
7980,0.695,2026-09-24T08:27:18.366891+00:00
7981,0.6719999999999999,2026-09-24T08:27:18.368149+00:00
7982,0.638,2026-09-24T08:27:18.369401+00:00
7983,0.876,2026-09-24T08:27:18.370931+00:00
7984,0.741,2026-09-24T08:27:18.372366+00:00
7985,0.6930000000000001,2026-09-24T08:27:18.373645+00:00
7986,0.653,2026-09-24T08:27:18.374876+00:00
7987,0.6449999999999999,2026-09-24T08:27:18.376127+00:00
7988,0.626,2026-09-24T08:27:18.377387+00:00
7989,0.618,2026-09-24T08:27:18.378574+00:00
7990,0.619,2026-09-24T08:27:18.379741+00:00
7991,0.696,2026-09-24T08:27:18.381088+00:00
7992,0.714,2026-09-24T08:27:18.382567+00:00
7993,0.739,2026-09-24T08:27:18.384025+00:00
7994,0.678,2026-09-24T08:27:18.385408+00:00
7995,0.726,2026-09-24T08:27:18.387051+00:00
7996,0.69,2026-09-24T08:27:18.388437+00:00
7997,0.725,2026-09-24T08:27:18.389837+00:00
7998,0.7010000000000001,2026-09-24T08:27:18.391247+00:00
7999,0.7060000000000001,2026-09-24T08:27:18.392670+00:00
8000,0.8989999999999999,2026-09-24T08:27:18.394255+00:00
8001,0.7060000000000001,2026-09-24T08:27:18.395705+00:00
8002,0.78,2026-09-24T08:27:18.397158+00:00
8003,0.719,2026-09-24T08:27:18.398581+00:00
8004,0.7,2026-09-24T08:27:18.399900+00:00
8005,0.679,2026-09-24T08:27:18.401394+00:00
8006,0.712,2026-09-24T08:27:18.402808+00:00
8007,0.71,2026-09-24T08:27:18.404141+00:00
8008,0.73,2026-09-24T08:27:18.405549+00:00
8009,0.839,2026-09-24T08:27:18.407026+00:00
8010,0.695,2026-09-24T08:27:18.408433+00:00
8011,0.712,2026-09-24T08:27:18.409851+00:00
8012,0.812,2026-09-24T08:27:18.411488+00:00
8013,0.789,2026-09-24T08:27:18.412974+00:00
8014,0.647,2026-09-24T08:27:18.414260+00:00
8015,0.64,2026-09-24T08:27:18.415570+00:00
8016,0.598,2026-09-24T08:27:18.416822+00:00
8017,0.631,2026-09-24T08:27:18.418183+00:00
8018,0.662,2026-09-24T08:27:18.419527+00:00
8019,0.656,2026-09-24T08:27:18.420833+00:00
8020,0.619,2026-09-24T08:27:18.422253+00:00
8021,0.632,2026-09-24T08:27:18.423591+00:00
8022,0.655,2026-09-24T08:27:18.424917+00:00
8023,0.633,2026-09-24T08:27:18.426227+00:00
8024,0.878,2026-09-24T08:27:18.427968+00:00
8025,0.79,2026-09-24T08:27:18.429425+00:00
8026,0.754,2026-09-24T08:27:18.430844+00:00
8027,0.631,2026-09-24T08:27:18.432088+00:00
8028,0.6040000000000001,2026-09-24T08:27:18.433389+00:00
8029,0.666,2026-09-24T08:27:18.434707+00:00
8030,0.656,2026-09-24T08:27:18.436030+00:00
8031,0.8360000000000001,2026-09-24T08:27:18.437526+00:00
8032,0.9460000000000001,2026-09-24T08:27:18.439422+00:00
8033,0.725,2026-09-24T08:27:18.440953+00:00
8034,1.188,2026-09-24T08:27:18.442954+00:00
8035,1.0,2026-09-24T08:27:18.444639+00:00
8036,0.716,2026-09-24T08:27:18.445901+00:00
8037,0.7649999999999999,2026-09-24T08:27:18.447127+00:00
8038,0.699,2026-09-24T08:27:18.448313+00:00
8039,0.7380000000000001,2026-09-24T08:27:18.449782+00:00
8040,0.737,2026-09-24T08:27:18.450926+00:00
8041,0.719,2026-09-24T08:27:18.452115+00:00
8042,0.737,2026-09-24T08:27:18.453301+00:00
8043,0.8360000000000001,2026-09-24T08:27:18.454663+00:00
8044,0.923,2026-09-24T08:27:18.456215+00:00
8045,0.6809999999999999,2026-09-24T08:27:18.457318+00:00
8046,0.933,2026-09-24T08:27:18.458803+00:00
8047,0.893,2026-09-24T08:27:18.460244+00:00
8048,0.759,2026-09-24T08:27:18.461554+00:00
8049,0.6930000000000001,2026-09-24T08:27:18.462719+00:00
8050,0.691,2026-09-24T08:27:18.464028+00:00
8051,0.643,2026-09-24T08:27:18.465097+00:00
8052,0.635,2026-09-24T08:27:18.466150+00:00
8053,0.894,2026-09-24T08:27:18.467664+00:00
8054,0.8809999999999999,2026-09-24T08:27:18.469178+00:00
8055,0.8450000000000001,2026-09-24T08:27:18.470588+00:00
8056,0.695,2026-09-24T08:27:18.471827+00:00
8057,0.6970000000000001,2026-09-24T08:27:18.473166+00:00
8058,0.8059999999999999,2026-09-24T08:27:18.474501+00:00
8059,0.86,2026-09-24T08:27:18.475713+00:00
8060,0.611,2026-09-24T08:27:18.476705+00:00
8061,0.524,2026-09-24T08:27:18.477737+00:00
8062,0.597,2026-09-24T08:27:18.478854+00:00
8063,0.569,2026-09-24T08:27:18.479894+00:00
8064,0.575,2026-09-24T08:27:18.481121+00:00
8065,0.8809999999999999,2026-09-24T08:27:18.482504+00:00
8066,0.6809999999999999,2026-09-24T08:27:18.483275+00:00
8067,0.713,2026-09-24T08:27:18.484323+00:00
8068,0.7290000000000001,2026-09-24T08:27:18.485296+00:00
8069,0.7380000000000001,2026-09-24T08:27:18.486287+00:00
8070,0.716,2026-09-24T08:27:18.487244+00:00
8071,0.846,2026-09-24T08:27:18.488324+00:00
8072,0.741,2026-09-24T08:27:18.489298+00:00
8073,0.73,2026-09-24T08:27:18.490259+00:00
8074,0.744,2026-09-24T08:27:18.491223+00:00
8075,0.5770000000000001,2026-09-24T08:27:18.492047+00:00
8076,0.491,2026-09-24T08:27:18.492972+00:00
8077,0.482,2026-09-24T08:27:18.493943+00:00
8078,0.48899999999999993,2026-09-24T08:27:18.494925+00:00
8079,0.482,2026-09-24T08:27:18.496039+00:00
8080,0.437,2026-09-24T08:27:18.496971+00:00
8081,0.44499999999999995,2026-09-24T08:27:18.497906+00:00
8082,0.5910000000000001,2026-09-24T08:27:18.499063+00:00
8083,0.483,2026-09-24T08:27:18.500024+00:00
8084,0.47100000000000003,2026-09-24T08:27:18.500980+00:00
8085,0.48500000000000004,2026-09-24T08:27:18.501961+00:00
8086,0.439,2026-09-24T08:27:18.502931+00:00
8087,0.46,2026-09-24T08:27:18.503892+00:00
8088,0.47100000000000003,2026-09-24T08:27:18.504894+00:00
8089,0.5509999999999999,2026-09-24T08:27:18.506318+00:00
8090,0.8720000000000001,2026-09-24T08:27:18.507991+00:00
8091,0.643,2026-09-24T08:27:18.509021+00:00
8092,0.5419999999999999,2026-09-24T08:27:18.510091+00:00
8093,0.61,2026-09-24T08:27:18.511279+00:00
8094,0.536,2026-09-24T08:27:18.512485+00:00
8095,0.518,2026-09-24T08:27:18.513467+00:00
8096,0.516,2026-09-24T08:27:18.514481+00:00
8097,0.5519999999999999,2026-09-24T08:27:18.515573+00:00
8098,0.5670000000000001,2026-09-24T08:27:18.516623+00:00
8099,0.539,2026-09-24T08:27:18.517617+00:00
8100,0.514,2026-09-24T08:27:18.518598+00:00
8101,0.516,2026-09-24T08:27:18.519633+00:00
8102,0.5109999999999999,2026-09-24T08:27:18.520615+00:00
8103,0.491,2026-09-24T08:27:18.521568+00:00
8104,0.585,2026-09-24T08:27:18.522618+00:00
8105,0.5199999999999999,2026-09-24T08:27:18.523587+00:00
8106,0.494,2026-09-24T08:27:18.524574+00:00
8107,0.536,2026-09-24T08:27:18.525588+00:00
8108,0.824,2026-09-24T08:27:18.526925+00:00
8109,0.7739999999999999,2026-09-24T08:27:18.527936+00:00
8110,0.751,2026-09-24T08:27:18.528907+00:00
8111,0.767,2026-09-24T08:27:18.529873+00:00
8112,0.743,2026-09-24T08:27:18.530797+00:00
8113,0.7829999999999999,2026-09-24T08:27:18.531817+00:00
8114,0.75,2026-09-24T08:27:18.532803+00:00
8115,0.8059999999999999,2026-09-24T08:27:18.533812+00:00
8116,0.758,2026-09-24T08:27:18.534763+00:00
8117,0.754,2026-09-24T08:27:18.535703+00:00
8118,0.777,2026-09-24T08:27:18.536676+00:00
8119,0.832,2026-09-24T08:27:18.537687+00:00
8120,0.766,2026-09-24T08:27:18.538608+00:00
8121,0.791,2026-09-24T08:27:18.539591+00:00
8122,0.541,2026-09-24T08:27:18.540327+00:00
8123,0.5379999999999999,2026-09-24T08:27:18.541492+00:00
8124,0.518,2026-09-24T08:27:18.542738+00:00
8125,0.486,2026-09-24T08:27:18.543750+00:00
8126,0.53,2026-09-24T08:27:18.544831+00:00
8127,0.49,2026-09-24T08:27:18.545855+00:00
8128,0.486,2026-09-24T08:27:18.546868+00:00
8129,0.46599999999999997,2026-09-24T08:27:18.547860+00:00
8130,0.46099999999999997,2026-09-24T08:27:18.548908+00:00
8131,0.47600000000000003,2026-09-24T08:27:18.549882+00:00
8132,0.453,2026-09-24T08:27:18.550882+00:00
8133,0.9600000000000001,2026-09-24T08:27:18.552399+00:00
8134,0.731,2026-09-24T08:27:18.553244+00:00
8135,0.5910000000000001,2026-09-24T08:27:18.554169+00:00
8136,0.541,2026-09-24T08:27:18.555149+00:00
8137,0.559,2026-09-24T08:27:18.556142+00:00
8138,0.513,2026-09-24T08:27:18.557167+00:00
8139,0.592,2026-09-24T08:27:18.558223+00:00
8140,0.521,2026-09-24T08:27:18.559167+00:00
8141,0.525,2026-09-24T08:27:18.560155+00:00
8142,0.504,2026-09-24T08:27:18.561087+00:00
8143,0.5289999999999999,2026-09-24T08:27:18.562023+00:00
8144,0.509,2026-09-24T08:27:18.562947+00:00
8145,0.53,2026-09-24T08:27:18.563935+00:00
8146,0.54,2026-09-24T08:27:18.564894+00:00
8147,0.508,2026-09-24T08:27:18.565783+00:00
8148,0.537,2026-09-24T08:27:18.566734+00:00
8149,0.483,2026-09-24T08:27:18.567625+00:00
8150,0.512,2026-09-24T08:27:18.568570+00:00
8151,0.537,2026-09-24T08:27:18.569518+00:00
8152,0.5289999999999999,2026-09-24T08:27:18.570461+00:00
8153,0.606,2026-09-24T08:27:18.571547+00:00
8154,0.524,2026-09-24T08:27:18.572529+00:00
8155,0.47100000000000003,2026-09-24T08:27:18.573459+00:00
8156,0.465,2026-09-24T08:27:18.574460+00:00
8157,0.47,2026-09-24T08:27:18.575441+00:00
8158,0.46299999999999997,2026-09-24T08:27:18.576463+00:00
8159,0.5339999999999999,2026-09-24T08:27:18.577554+00:00
8160,0.49700000000000005,2026-09-24T08:27:18.578616+00:00
8161,0.519,2026-09-24T08:27:18.579661+00:00
8162,0.47600000000000003,2026-09-24T08:27:18.580653+00:00
8163,0.494,2026-09-24T08:27:18.581735+00:00
8164,0.47800000000000004,2026-09-24T08:27:18.582743+00:00
8165,0.477,2026-09-24T08:27:18.583722+00:00
8166,0.451,2026-09-24T08:27:18.584694+00:00
8167,0.588,2026-09-24T08:27:18.585832+00:00
8168,3.9659999999999997,2026-09-24T08:27:18.590306+00:00
8169,0.844,2026-09-24T08:27:18.591834+00:00
8170,0.679,2026-09-24T08:27:18.593121+00:00
8171,0.69,2026-09-24T08:27:18.594404+00:00
8172,1.0399999999999998,2026-09-24T08:27:18.596142+00:00
8173,0.732,2026-09-24T08:27:18.597235+00:00
8174,0.733,2026-09-24T08:27:18.598514+00:00
8175,0.772,2026-09-24T08:27:18.599765+00:00
8176,0.6769999999999999,2026-09-24T08:27:18.600882+00:00
8177,0.804,2026-09-24T08:27:18.602156+00:00
8178,0.71,2026-09-24T08:27:18.603372+00:00
8179,1.07,2026-09-24T08:27:18.604999+00:00
8180,0.869,2026-09-24T08:27:18.605969+00:00
8181,0.7649999999999999,2026-09-24T08:27:18.607220+00:00
8182,0.6489999999999999,2026-09-24T08:27:18.608398+00:00
8183,0.683,2026-09-24T08:27:18.609709+00:00
8184,0.6859999999999999,2026-09-24T08:27:18.610892+00:00
8185,0.747,2026-09-24T08:27:18.612179+00:00
8186,0.695,2026-09-24T08:27:18.613383+00:00
8187,0.9169999999999999,2026-09-24T08:27:18.615013+00:00
8188,0.748,2026-09-24T08:27:18.616238+00:00
8189,0.767,2026-09-24T08:27:18.617504+00:00
8190,0.8019999999999999,2026-09-24T08:27:18.618799+00:00
8191,0.734,2026-09-24T08:27:18.620086+00:00
8192,0.615,2026-09-24T08:27:18.621187+00:00
8193,0.638,2026-09-24T08:27:18.622311+00:00
8194,0.725,2026-09-24T08:27:18.623555+00:00
8195,0.769,2026-09-24T08:27:18.624872+00:00
8196,0.58,2026-09-24T08:27:18.626047+00:00
8197,0.74,2026-09-24T08:27:18.627336+00:00
8198,0.67,2026-09-24T08:27:18.628646+00:00
8199,1.209,2026-09-24T08:27:18.630296+00:00
8200,0.954,2026-09-24T08:27:18.631735+00:00
8201,0.861,2026-09-24T08:27:18.633158+00:00
8202,0.847,2026-09-24T08:27:18.634541+00:00
8203,0.737,2026-09-24T08:27:18.635838+00:00
8204,0.731,2026-09-24T08:27:18.637016+00:00
8205,0.554,2026-09-24T08:27:18.638005+00:00
8206,0.6130000000000001,2026-09-24T08:27:18.639185+00:00
8207,0.638,2026-09-24T08:27:18.640333+00:00
8208,0.585,2026-09-24T08:27:18.641289+00:00
8209,0.944,2026-09-24T08:27:18.642719+00:00
8210,0.862,2026-09-24T08:27:18.644009+00:00
8211,1.484,2026-09-24T08:27:18.645744+00:00
8212,0.944,2026-09-24T08:27:18.647283+00:00
8213,0.7150000000000001,2026-09-24T08:27:18.648251+00:00
8214,0.628,2026-09-24T08:27:18.649183+00:00
8215,0.608,2026-09-24T08:27:18.650175+00:00
8216,0.605,2026-09-24T08:27:18.651242+00:00
8217,0.597,2026-09-24T08:27:18.652249+00:00
8218,0.8360000000000001,2026-09-24T08:27:18.653693+00:00
8219,0.794,2026-09-24T08:27:18.657594+00:00
8220,1.028,2026-09-24T08:27:18.659073+00:00
8221,0.6890000000000001,2026-09-24T08:27:18.660015+00:00
8222,0.594,2026-09-24T08:27:18.661027+00:00
8223,0.5599999999999999,2026-09-24T08:27:18.661987+00:00
8224,0.762,2026-09-24T08:27:18.663155+00:00
8225,0.638,2026-09-24T08:27:18.664089+00:00
8226,0.9319999999999999,2026-09-24T08:27:18.666357+00:00
8227,0.7739999999999999,2026-09-24T08:27:18.667904+00:00
8228,0.704,2026-09-24T08:27:18.669132+00:00
8229,0.631,2026-09-24T08:27:18.670281+00:00
8230,0.637,2026-09-24T08:27:18.671489+00:00
8231,0.6849999999999999,2026-09-24T08:27:18.672843+00:00
8232,0.699,2026-09-24T08:27:18.674095+00:00
8233,0.624,2026-09-24T08:27:18.675299+00:00
8234,0.592,2026-09-24T08:27:18.676479+00:00
8235,0.628,2026-09-24T08:27:18.677641+00:00
8236,0.5950000000000001,2026-09-24T08:27:18.678859+00:00
8237,0.54,2026-09-24T08:27:18.679891+00:00
8238,0.512,2026-09-24T08:27:18.680893+00:00
8239,0.515,2026-09-24T08:27:18.681885+00:00
8240,0.799,2026-09-24T08:27:18.683303+00:00
8241,0.583,2026-09-24T08:27:18.684257+00:00
8242,0.549,2026-09-24T08:27:18.685466+00:00
8243,0.562,2026-09-24T08:27:18.686458+00:00
8244,0.5599999999999999,2026-09-24T08:27:18.687444+00:00
8245,0.527,2026-09-24T08:27:18.688372+00:00
8246,0.5,2026-09-24T08:27:18.689308+00:00
8247,0.6769999999999999,2026-09-24T08:27:18.690474+00:00
8248,0.5469999999999999,2026-09-24T08:27:18.691295+00:00
8249,0.494,2026-09-24T08:27:18.692227+00:00
8250,0.477,2026-09-24T08:27:18.693207+00:00
8251,0.474,2026-09-24T08:27:18.694227+00:00
8252,0.464,2026-09-24T08:27:18.695194+00:00
8253,0.467,2026-09-24T08:27:18.696178+00:00
8254,0.49200000000000005,2026-09-24T08:27:18.697173+00:00
8255,0.46900000000000003,2026-09-24T08:27:18.698159+00:00
8256,0.46599999999999997,2026-09-24T08:27:18.699124+00:00
8257,0.574,2026-09-24T08:27:18.700483+00:00
8258,0.504,2026-09-24T08:27:18.701547+00:00
8259,0.587,2026-09-24T08:27:18.702661+00:00
8260,1.312,2026-09-24T08:27:18.704643+00:00
8261,0.707,2026-09-24T08:27:18.705990+00:00
8262,0.67,2026-09-24T08:27:18.707252+00:00
8263,0.611,2026-09-24T08:27:18.708381+00:00
8264,0.5910000000000001,2026-09-24T08:27:18.709484+00:00
8265,0.624,2026-09-24T08:27:18.710631+00:00
8266,0.599,2026-09-24T08:27:18.711737+00:00
8267,0.5910000000000001,2026-09-24T08:27:18.712808+00:00
8268,0.5810000000000001,2026-09-24T08:27:18.713895+00:00
8269,0.58,2026-09-24T08:27:18.715012+00:00
8270,0.578,2026-09-24T08:27:18.716115+00:00
8271,0.717,2026-09-24T08:27:18.717619+00:00
8272,0.696,2026-09-24T08:27:18.718832+00:00
8273,0.6,2026-09-24T08:27:18.720004+00:00
8274,0.597,2026-09-24T08:27:18.721116+00:00
8275,0.575,2026-09-24T08:27:18.722187+00:00
8276,0.593,2026-09-24T08:27:18.723282+00:00
8277,0.5640000000000001,2026-09-24T08:27:18.724367+00:00
8278,0.5609999999999999,2026-09-24T08:27:18.725441+00:00
8279,0.571,2026-09-24T08:27:18.726568+00:00
8280,0.5860000000000001,2026-09-24T08:27:18.727738+00:00
8281,0.5860000000000001,2026-09-24T08:27:18.728852+00:00
8282,0.5670000000000001,2026-09-24T08:27:18.729937+00:00
8283,0.558,2026-09-24T08:27:18.731008+00:00
8284,0.566,2026-09-24T08:27:18.732119+00:00
8285,0.571,2026-09-24T08:27:18.733221+00:00
8286,0.593,2026-09-24T08:27:18.734498+00:00
8287,0.625,2026-09-24T08:27:18.735665+00:00
8288,0.5599999999999999,2026-09-24T08:27:18.736717+00:00
8289,0.553,2026-09-24T08:27:18.737849+00:00
8290,0.7699999999999999,2026-09-24T08:27:18.739593+00:00
8291,0.708,2026-09-24T08:27:18.741100+00:00
8292,0.637,2026-09-24T08:27:18.742392+00:00
8293,0.643,2026-09-24T08:27:18.743678+00:00
8294,0.629,2026-09-24T08:27:18.744940+00:00
8295,0.6970000000000001,2026-09-24T08:27:18.746315+00:00
8296,0.63,2026-09-24T08:27:18.747551+00:00
8297,0.631,2026-09-24T08:27:18.748824+00:00
8298,0.6669999999999999,2026-09-24T08:27:18.750163+00:00
8299,0.648,2026-09-24T08:27:18.751453+00:00
8300,0.647,2026-09-24T08:27:18.752721+00:00
8301,0.653,2026-09-24T08:27:18.754154+00:00
8302,0.6449999999999999,2026-09-24T08:27:18.755493+00:00
8303,0.652,2026-09-24T08:27:18.756788+00:00
8304,0.647,2026-09-24T08:27:18.758079+00:00
8305,0.615,2026-09-24T08:27:18.759366+00:00
8306,0.623,2026-09-24T08:27:18.760692+00:00
8307,0.65,2026-09-24T08:27:18.761990+00:00
8308,0.728,2026-09-24T08:27:18.763423+00:00
8309,0.735,2026-09-24T08:27:18.764788+00:00
8310,0.626,2026-09-24T08:27:18.766056+00:00
8311,0.536,2026-09-24T08:27:18.767153+00:00
8312,0.49299999999999994,2026-09-24T08:27:18.768167+00:00
8313,0.496,2026-09-24T08:27:18.769229+00:00
8314,0.526,2026-09-24T08:27:18.770310+00:00
8315,0.483,2026-09-24T08:27:18.771331+00:00
8316,0.536,2026-09-24T08:27:18.772516+00:00
8317,0.539,2026-09-24T08:27:18.773620+00:00
8318,0.527,2026-09-24T08:27:18.774679+00:00
8319,0.499,2026-09-24T08:27:18.775699+00:00
8320,0.528,2026-09-24T08:27:18.776748+00:00
8321,0.506,2026-09-24T08:27:18.777787+00:00
8322,0.526,2026-09-24T08:27:18.778856+00:00
8323,0.532,2026-09-24T08:27:18.779888+00:00
8324,0.513,2026-09-24T08:27:18.780977+00:00
8325,0.505,2026-09-24T08:27:18.782004+00:00
8326,0.507,2026-09-24T08:27:18.783041+00:00
8327,0.483,2026-09-24T08:27:18.784030+00:00
8328,0.458,2026-09-24T08:27:18.785049+00:00
8329,0.6849999999999999,2026-09-24T08:27:18.786277+00:00
8330,0.642,2026-09-24T08:27:18.787488+00:00
8331,0.635,2026-09-24T08:27:18.788870+00:00
8332,0.748,2026-09-24T08:27:18.790253+00:00
8333,0.694,2026-09-24T08:27:18.791580+00:00
8334,0.621,2026-09-24T08:27:18.792897+00:00
8335,0.5519999999999999,2026-09-24T08:27:18.794128+00:00
8336,0.587,2026-09-24T08:27:18.795331+00:00
8337,0.6040000000000001,2026-09-24T08:27:18.796514+00:00
8338,0.5519999999999999,2026-09-24T08:27:18.797611+00:00
8339,0.6,2026-09-24T08:27:18.798770+00:00
8340,0.5569999999999999,2026-09-24T08:27:18.799798+00:00
8341,0.579,2026-09-24T08:27:18.800865+00:00
8342,0.617,2026-09-24T08:27:18.802001+00:00
8343,0.554,2026-09-24T08:27:18.803069+00:00
8344,0.544,2026-09-24T08:27:18.804153+00:00
8345,0.656,2026-09-24T08:27:18.805528+00:00
8346,0.967,2026-09-24T08:27:18.807016+00:00
8347,0.8310000000000001,2026-09-24T08:27:18.807958+00:00
8348,0.6859999999999999,2026-09-24T08:27:18.808972+00:00
8349,0.6859999999999999,2026-09-24T08:27:18.810082+00:00
8350,0.609,2026-09-24T08:27:18.811126+00:00
8351,0.583,2026-09-24T08:27:18.812189+00:00
8352,1.138,2026-09-24T08:27:18.814093+00:00
8353,1.6869999999999998,2026-09-24T08:27:18.816655+00:00
8354,1.1440000000000001,2026-09-24T08:27:18.818680+00:00
8355,1.1139999999999999,2026-09-24T08:27:18.820304+00:00
8356,1.081,2026-09-24T08:27:18.822216+00:00
8357,0.8899999999999999,2026-09-24T08:27:18.823848+00:00
8358,0.9359999999999999,2026-09-24T08:27:18.825568+00:00
8359,0.8220000000000001,2026-09-24T08:27:18.827012+00:00
8360,0.755,2026-09-24T08:27:18.828465+00:00
8361,0.687,2026-09-24T08:27:18.829671+00:00
8362,0.637,2026-09-24T08:27:18.830863+00:00
8363,0.694,2026-09-24T08:27:18.832203+00:00
8364,0.644,2026-09-24T08:27:18.833389+00:00
8365,0.713,2026-09-24T08:27:18.834640+00:00
8366,0.694,2026-09-24T08:27:18.835882+00:00
8367,0.662,2026-09-24T08:27:18.837025+00:00
8368,0.657,2026-09-24T08:27:18.838279+00:00
8369,0.687,2026-09-24T08:27:18.839476+00:00
8370,0.875,2026-09-24T08:27:18.840891+00:00
8371,0.655,2026-09-24T08:27:18.841836+00:00
8372,0.545,2026-09-24T08:27:18.842817+00:00
8373,0.7929999999999999,2026-09-24T08:27:18.844224+00:00
8374,0.785,2026-09-24T08:27:18.845766+00:00
8375,0.661,2026-09-24T08:27:18.847189+00:00
8376,0.708,2026-09-24T08:27:18.848479+00:00
8377,0.749,2026-09-24T08:27:18.849841+00:00
8378,0.633,2026-09-24T08:27:18.850981+00:00
8379,0.635,2026-09-24T08:27:18.852153+00:00
8380,0.574,2026-09-24T08:27:18.853215+00:00
8381,0.575,2026-09-24T08:27:18.854267+00:00
8382,0.638,2026-09-24T08:27:18.855367+00:00
8383,0.664,2026-09-24T08:27:18.856510+00:00
8384,0.5860000000000001,2026-09-24T08:27:18.857626+00:00
8385,0.617,2026-09-24T08:27:18.858706+00:00
8386,0.611,2026-09-24T08:27:18.859818+00:00
8387,0.6,2026-09-24T08:27:18.860851+00:00
8388,0.651,2026-09-24T08:27:18.861959+00:00
8389,0.632,2026-09-24T08:27:18.863052+00:00
8390,0.634,2026-09-24T08:27:18.864313+00:00
8391,0.661,2026-09-24T08:27:18.865435+00:00
8392,0.652,2026-09-24T08:27:18.866580+00:00
8393,0.8069999999999999,2026-09-24T08:27:18.867948+00:00
8394,0.746,2026-09-24T08:27:18.869331+00:00
8395,0.8170000000000001,2026-09-24T08:27:18.870792+00:00
8396,2.54,2026-09-24T08:27:18.873978+00:00
8397,0.755,2026-09-24T08:27:18.875327+00:00
8398,0.8490000000000001,2026-09-24T08:27:18.876701+00:00
8399,0.694,2026-09-24T08:27:18.877906+00:00
8400,0.6819999999999999,2026-09-24T08:27:18.879036+00:00
8401,0.5860000000000001,2026-09-24T08:27:18.880118+00:00
8402,0.596,2026-09-24T08:27:18.881214+00:00
8403,0.618,2026-09-24T08:27:18.882305+00:00
8404,0.609,2026-09-24T08:27:18.883346+00:00
8405,0.5670000000000001,2026-09-24T08:27:18.884504+00:00
8406,0.5599999999999999,2026-09-24T08:27:18.885538+00:00
8407,0.5810000000000001,2026-09-24T08:27:18.886605+00:00
8408,0.554,2026-09-24T08:27:18.887672+00:00
8409,0.55,2026-09-24T08:27:18.888685+00:00
8410,0.5339999999999999,2026-09-24T08:27:18.889671+00:00
8411,0.732,2026-09-24T08:27:18.890887+00:00
8412,0.5910000000000001,2026-09-24T08:27:18.891989+00:00
8413,0.5559999999999999,2026-09-24T08:27:18.893157+00:00
8414,0.594,2026-09-24T08:27:18.894338+00:00
8415,0.5559999999999999,2026-09-24T08:27:18.895449+00:00
8416,0.5339999999999999,2026-09-24T08:27:18.896540+00:00
8417,0.5630000000000001,2026-09-24T08:27:18.897630+00:00
8418,0.541,2026-09-24T08:27:18.898658+00:00
8419,0.579,2026-09-24T08:27:18.899856+00:00
8420,0.58,2026-09-24T08:27:18.900918+00:00
8421,0.559,2026-09-24T08:27:18.901945+00:00
8422,0.599,2026-09-24T08:27:18.903080+00:00
8423,0.555,2026-09-24T08:27:18.904216+00:00
8424,0.532,2026-09-24T08:27:18.905304+00:00
8425,0.959,2026-09-24T08:27:18.907154+00:00
8426,0.9430000000000001,2026-09-24T08:27:18.908884+00:00
8427,1.075,2026-09-24T08:27:18.910792+00:00
8428,0.91,2026-09-24T08:27:18.912542+00:00
8429,0.64,2026-09-24T08:27:18.913731+00:00
8430,0.587,2026-09-24T08:27:18.914855+00:00
8431,0.616,2026-09-24T08:27:18.916006+00:00
8432,0.525,2026-09-24T08:27:18.917109+00:00
8433,0.5559999999999999,2026-09-24T08:27:18.918196+00:00
8434,0.531,2026-09-24T08:27:18.919458+00:00
8435,0.853,2026-09-24T08:27:18.920919+00:00
8436,0.741,2026-09-24T08:27:18.922039+00:00
8437,0.6759999999999999,2026-09-24T08:27:18.923212+00:00
8438,0.858,2026-09-24T08:27:18.924581+00:00
8439,0.772,2026-09-24T08:27:18.925693+00:00
8440,0.639,2026-09-24T08:27:18.926713+00:00
8441,0.639,2026-09-24T08:27:18.927772+00:00
8442,0.615,2026-09-24T08:27:18.928786+00:00
8443,0.608,2026-09-24T08:27:18.929771+00:00
8444,0.642,2026-09-24T08:27:18.930810+00:00
8445,0.635,2026-09-24T08:27:18.931832+00:00
8446,0.627,2026-09-24T08:27:18.933062+00:00
8447,0.609,2026-09-24T08:27:18.934047+00:00
8448,0.657,2026-09-24T08:27:18.935079+00:00
8449,0.709,2026-09-24T08:27:18.936349+00:00
8450,0.67,2026-09-24T08:27:18.937511+00:00
8451,0.909,2026-09-24T08:27:18.938926+00:00
8452,0.99,2026-09-24T08:27:18.940460+00:00
8453,0.744,2026-09-24T08:27:18.941723+00:00
8454,0.748,2026-09-24T08:27:18.942926+00:00
8455,0.739,2026-09-24T08:27:18.944004+00:00
8456,0.634,2026-09-24T08:27:18.945111+00:00
8457,0.61,2026-09-24T08:27:18.946175+00:00
8458,0.5730000000000001,2026-09-24T08:27:18.947269+00:00
8459,0.565,2026-09-24T08:27:18.948330+00:00
8460,0.63,2026-09-24T08:27:18.949704+00:00
8461,0.621,2026-09-24T08:27:18.950791+00:00
8462,0.628,2026-09-24T08:27:18.951892+00:00
8463,0.629,2026-09-24T08:27:18.952991+00:00
8464,1.013,2026-09-24T08:27:18.954604+00:00
8465,1.269,2026-09-24T08:27:18.956506+00:00
8466,0.88,2026-09-24T08:27:18.958064+00:00
8467,0.734,2026-09-24T08:27:18.959342+00:00
8468,0.6589999999999999,2026-09-24T08:27:18.960525+00:00
8469,0.62,2026-09-24T08:27:18.961647+00:00
8470,0.628,2026-09-24T08:27:18.962835+00:00
8471,0.639,2026-09-24T08:27:18.963997+00:00
8472,0.74,2026-09-24T08:27:18.965447+00:00
8473,0.6489999999999999,2026-09-24T08:27:18.966614+00:00
8474,0.584,2026-09-24T08:27:18.967677+00:00
8475,0.5860000000000001,2026-09-24T08:27:18.968709+00:00
8476,0.5900000000000001,2026-09-24T08:27:18.969774+00:00
8477,0.647,2026-09-24T08:27:18.970999+00:00
8478,0.5770000000000001,2026-09-24T08:27:18.972117+00:00
8479,0.7929999999999999,2026-09-24T08:27:18.973862+00:00
8480,0.874,2026-09-24T08:27:18.975358+00:00
8481,1.024,2026-09-24T08:27:18.977260+00:00
8482,0.733,2026-09-24T08:27:18.978586+00:00
8483,0.6890000000000001,2026-09-24T08:27:18.979795+00:00
8484,0.842,2026-09-24T08:27:18.981093+00:00
8485,0.699,2026-09-24T08:27:18.982178+00:00
8486,0.648,2026-09-24T08:27:18.983375+00:00
8487,0.731,2026-09-24T08:27:18.984621+00:00
8488,0.652,2026-09-24T08:27:18.985738+00:00
8489,0.6719999999999999,2026-09-24T08:27:18.986912+00:00
8490,0.6449999999999999,2026-09-24T08:27:18.988064+00:00
8491,0.683,2026-09-24T08:27:18.989269+00:00
8492,0.632,2026-09-24T08:27:18.990368+00:00
8493,0.767,2026-09-24T08:27:18.991750+00:00
8494,0.642,2026-09-24T08:27:18.992892+00:00
8495,0.684,2026-09-24T08:27:18.994085+00:00
8496,0.635,2026-09-24T08:27:18.995243+00:00
8497,0.625,2026-09-24T08:27:18.996378+00:00
8498,0.631,2026-09-24T08:27:18.997520+00:00
8499,0.587,2026-09-24T08:27:18.998620+00:00
8500,1.643,2026-09-24T08:27:19.000738+00:00
8501,0.828,2026-09-24T08:27:19.001935+00:00
8502,0.752,2026-09-24T08:27:19.003292+00:00
8503,1.048,2026-09-24T08:27:19.005037+00:00
8504,0.928,2026-09-24T08:27:19.006694+00:00
8505,0.877,2026-09-24T08:27:19.008183+00:00
8506,0.968,2026-09-24T08:27:19.009793+00:00
8507,0.82,2026-09-24T08:27:19.011073+00:00
8508,0.7200000000000001,2026-09-24T08:27:19.012464+00:00
8509,0.671,2026-09-24T08:27:19.013630+00:00
8510,0.665,2026-09-24T08:27:19.014827+00:00
8511,0.6489999999999999,2026-09-24T08:27:19.015968+00:00
8512,0.621,2026-09-24T08:27:19.017114+00:00
8513,0.642,2026-09-24T08:27:19.018264+00:00
8514,0.656,2026-09-24T08:27:19.019446+00:00
8515,0.6819999999999999,2026-09-24T08:27:19.020612+00:00
8516,0.6849999999999999,2026-09-24T08:27:19.021771+00:00
8517,0.674,2026-09-24T08:27:19.022949+00:00
8518,0.834,2026-09-24T08:27:19.024267+00:00
8519,0.756,2026-09-24T08:27:19.025631+00:00
8520,0.6759999999999999,2026-09-24T08:27:19.026822+00:00
8521,0.65,2026-09-24T08:27:19.027984+00:00
8522,0.626,2026-09-24T08:27:19.029116+00:00
8523,0.611,2026-09-24T08:27:19.030331+00:00
8524,0.6579999999999999,2026-09-24T08:27:19.031466+00:00
8525,0.6449999999999999,2026-09-24T08:27:19.032573+00:00
8526,0.623,2026-09-24T08:27:19.033666+00:00
8527,0.631,2026-09-24T08:27:19.034783+00:00
8528,0.656,2026-09-24T08:27:19.035928+00:00
8529,0.666,2026-09-24T08:27:19.037069+00:00
8530,0.73,2026-09-24T08:27:19.038297+00:00
8531,0.727,2026-09-24T08:27:19.039653+00:00
8532,0.651,2026-09-24T08:27:19.040858+00:00
8533,0.669,2026-09-24T08:27:19.042028+00:00
8534,0.575,2026-09-24T08:27:19.043184+00:00
8535,0.569,2026-09-24T08:27:19.044278+00:00
8536,0.599,2026-09-24T08:27:19.045404+00:00
8537,0.5820000000000001,2026-09-24T08:27:19.046451+00:00
8538,0.605,2026-09-24T08:27:19.047624+00:00
8539,0.641,2026-09-24T08:27:19.048772+00:00
8540,0.63,2026-09-24T08:27:19.049868+00:00
8541,0.605,2026-09-24T08:27:19.050931+00:00
8542,0.57,2026-09-24T08:27:19.051998+00:00
8543,0.622,2026-09-24T08:27:19.053185+00:00
8544,0.639,2026-09-24T08:27:19.054277+00:00
8545,0.596,2026-09-24T08:27:19.055316+00:00
8546,0.603,2026-09-24T08:27:19.056396+00:00
8547,0.6629999999999999,2026-09-24T08:27:19.057586+00:00
8548,1.057,2026-09-24T08:27:19.059109+00:00
8549,0.661,2026-09-24T08:27:19.060288+00:00
8550,0.687,2026-09-24T08:27:19.061455+00:00
8551,0.634,2026-09-24T08:27:19.062590+00:00
8552,0.626,2026-09-24T08:27:19.063750+00:00
8553,0.608,2026-09-24T08:27:19.064805+00:00
8554,0.5900000000000001,2026-09-24T08:27:19.065900+00:00
8555,0.725,2026-09-24T08:27:19.067072+00:00
8556,0.637,2026-09-24T08:27:19.068158+00:00
8557,0.634,2026-09-24T08:27:19.069247+00:00
8558,0.597,2026-09-24T08:27:19.070339+00:00
8559,0.945,2026-09-24T08:27:19.071981+00:00
8560,0.7060000000000001,2026-09-24T08:27:19.073269+00:00
8561,0.983,2026-09-24T08:27:19.074826+00:00
8562,0.787,2026-09-24T08:27:19.075951+00:00
8563,0.6970000000000001,2026-09-24T08:27:19.077077+00:00
8564,0.6769999999999999,2026-09-24T08:27:19.078219+00:00
8565,0.6629999999999999,2026-09-24T08:27:19.079342+00:00
8566,0.8,2026-09-24T08:27:19.080554+00:00
8567,0.66,2026-09-24T08:27:19.081561+00:00
8568,0.6579999999999999,2026-09-24T08:27:19.082618+00:00
8569,0.632,2026-09-24T08:27:19.083705+00:00
8570,0.5910000000000001,2026-09-24T08:27:19.084750+00:00
8571,0.5760000000000001,2026-09-24T08:27:19.085761+00:00
8572,0.569,2026-09-24T08:27:19.086810+00:00
8573,0.5509999999999999,2026-09-24T08:27:19.087803+00:00
8574,0.53,2026-09-24T08:27:19.088784+00:00
8575,0.541,2026-09-24T08:27:19.089820+00:00
8576,0.641,2026-09-24T08:27:19.090981+00:00
8577,0.555,2026-09-24T08:27:19.092018+00:00
8578,0.562,2026-09-24T08:27:19.093049+00:00
8579,0.592,2026-09-24T08:27:19.094110+00:00
8580,0.544,2026-09-24T08:27:19.095126+00:00
8581,0.518,2026-09-24T08:27:19.096109+00:00
8582,0.546,2026-09-24T08:27:19.097274+00:00
8583,0.544,2026-09-24T08:27:19.098336+00:00
8584,0.588,2026-09-24T08:27:19.099436+00:00
8585,0.554,2026-09-24T08:27:19.100433+00:00
8586,0.691,2026-09-24T08:27:19.101678+00:00
8587,0.958,2026-09-24T08:27:19.103311+00:00
8588,0.888,2026-09-24T08:27:19.104856+00:00
8589,0.812,2026-09-24T08:27:19.106334+00:00
8590,1.074,2026-09-24T08:27:19.108058+00:00
8591,0.933,2026-09-24T08:27:19.109490+00:00
8592,0.906,2026-09-24T08:27:19.110986+00:00
8593,0.9179999999999999,2026-09-24T08:27:19.112496+00:00
8594,0.929,2026-09-24T08:27:19.113988+00:00
8595,0.909,2026-09-24T08:27:19.115501+00:00
8596,0.903,2026-09-24T08:27:19.116969+00:00
8597,0.962,2026-09-24T08:27:19.118684+00:00
8598,0.964,2026-09-24T08:27:19.120224+00:00
8599,0.895,2026-09-24T08:27:19.121744+00:00
8600,0.969,2026-09-24T08:27:19.123287+00:00
8601,0.9840000000000001,2026-09-24T08:27:19.124871+00:00
8602,0.921,2026-09-24T08:27:19.126321+00:00
8603,0.9610000000000001,2026-09-24T08:27:19.127864+00:00
8604,0.893,2026-09-24T08:27:19.129357+00:00
8605,0.914,2026-09-24T08:27:19.130871+00:00
8606,0.8310000000000001,2026-09-24T08:27:19.132288+00:00
8607,0.747,2026-09-24T08:27:19.133602+00:00
8608,0.8019999999999999,2026-09-24T08:27:19.135070+00:00
8609,0.7290000000000001,2026-09-24T08:27:19.136507+00:00
8610,1.315,2026-09-24T08:27:19.138510+00:00
8611,0.9420000000000001,2026-09-24T08:27:19.139884+00:00
8612,0.9079999999999999,2026-09-24T08:27:19.141631+00:00
8613,0.865,2026-09-24T08:27:19.143092+00:00
8614,0.82,2026-09-24T08:27:19.144541+00:00
8615,0.823,2026-09-24T08:27:19.145968+00:00
8616,0.837,2026-09-24T08:27:19.147453+00:00
8617,0.861,2026-09-24T08:27:19.148905+00:00
8618,0.8130000000000001,2026-09-24T08:27:19.150323+00:00
8619,0.878,2026-09-24T08:27:19.151825+00:00
8620,0.855,2026-09-24T08:27:19.153428+00:00
8621,1.0690000000000002,2026-09-24T08:27:19.155292+00:00
8622,0.694,2026-09-24T08:27:19.156487+00:00
8623,0.644,2026-09-24T08:27:19.157727+00:00
8624,0.616,2026-09-24T08:27:19.158952+00:00
8625,0.5950000000000001,2026-09-24T08:27:19.160144+00:00
8626,0.587,2026-09-24T08:27:19.161471+00:00
8627,0.607,2026-09-24T08:27:19.162680+00:00
8628,0.585,2026-09-24T08:27:19.163845+00:00
8629,0.5670000000000001,2026-09-24T08:27:19.165015+00:00
8630,0.603,2026-09-24T08:27:19.166271+00:00
8631,0.583,2026-09-24T08:27:19.167459+00:00
8632,0.539,2026-09-24T08:27:19.168565+00:00
8633,0.562,2026-09-24T08:27:19.169701+00:00
8634,0.954,2026-09-24T08:27:19.171267+00:00
8635,0.954,2026-09-24T08:27:19.172899+00:00
8636,1.145,2026-09-24T08:27:19.174639+00:00
8637,0.982,2026-09-24T08:27:19.175860+00:00
8638,0.8260000000000001,2026-09-24T08:27:19.177323+00:00
8639,0.6980000000000001,2026-09-24T08:27:19.178567+00:00
8640,0.648,2026-09-24T08:27:19.179730+00:00
8641,0.716,2026-09-24T08:27:19.181091+00:00
8642,0.592,2026-09-24T08:27:19.182220+00:00
8643,0.61,2026-09-24T08:27:19.183366+00:00
8644,0.587,2026-09-24T08:27:19.184470+00:00
8645,0.593,2026-09-24T08:27:19.185603+00:00
8646,0.598,2026-09-24T08:27:19.186706+00:00
8647,0.632,2026-09-24T08:27:19.187866+00:00
8648,0.735,2026-09-24T08:27:19.189270+00:00
8649,0.6679999999999999,2026-09-24T08:27:19.190526+00:00
8650,0.624,2026-09-24T08:27:19.191690+00:00
8651,0.615,2026-09-24T08:27:19.192855+00:00
8652,0.666,2026-09-24T08:27:19.194039+00:00
8653,0.611,2026-09-24T08:27:19.195192+00:00
8654,0.623,2026-09-24T08:27:19.196375+00:00
8655,1.188,2026-09-24T08:27:19.198296+00:00
8656,0.99,2026-09-24T08:27:19.199787+00:00
8657,0.905,2026-09-24T08:27:19.201261+00:00
8658,1.02,2026-09-24T08:27:19.202904+00:00
8659,1.3159999999999998,2026-09-24T08:27:19.204652+00:00
8660,1.08,2026-09-24T08:27:19.206356+00:00
8661,0.725,2026-09-24T08:27:19.207539+00:00
8662,0.593,2026-09-24T08:27:19.208714+00:00
8663,0.848,2026-09-24T08:27:19.210208+00:00
8664,0.669,2026-09-24T08:27:19.211472+00:00
8665,0.674,2026-09-24T08:27:19.212820+00:00
8666,0.6679999999999999,2026-09-24T08:27:19.214107+00:00
8667,0.6539999999999999,2026-09-24T08:27:19.215424+00:00
8668,0.647,2026-09-24T08:27:19.216661+00:00
8669,0.627,2026-09-24T08:27:19.217882+00:00
8670,0.794,2026-09-24T08:27:19.219267+00:00
8671,0.9890000000000001,2026-09-24T08:27:19.221058+00:00
8672,0.891,2026-09-24T08:27:19.222718+00:00
8673,0.896,2026-09-24T08:27:19.224231+00:00
8674,0.8360000000000001,2026-09-24T08:27:19.225728+00:00
8675,0.739,2026-09-24T08:27:19.227282+00:00
8676,0.789,2026-09-24T08:27:19.228747+00:00
8677,0.808,2026-09-24T08:27:19.230262+00:00
8678,1.253,2026-09-24T08:27:19.232238+00:00
8679,1.185,2026-09-24T08:27:19.233905+00:00
8680,0.9909999999999999,2026-09-24T08:27:19.235652+00:00
8681,0.757,2026-09-24T08:27:19.236961+00:00
8682,0.769,2026-09-24T08:27:19.238353+00:00
8683,0.661,2026-09-24T08:27:19.239555+00:00
8684,0.9909999999999999,2026-09-24T08:27:19.241142+00:00
8685,0.664,2026-09-24T08:27:19.242208+00:00
8686,0.647,2026-09-24T08:27:19.243630+00:00
8687,0.601,2026-09-24T08:27:19.244761+00:00
8688,0.611,2026-09-24T08:27:19.245931+00:00
8689,0.594,2026-09-24T08:27:19.247140+00:00
8690,0.5339999999999999,2026-09-24T08:27:19.248164+00:00
8691,0.5559999999999999,2026-09-24T08:27:19.249205+00:00
8692,1.671,2026-09-24T08:27:19.251568+00:00
8693,1.012,2026-09-24T08:27:19.252896+00:00
8694,0.764,2026-09-24T08:27:19.254153+00:00
8695,0.656,2026-09-24T08:27:19.255341+00:00
8696,0.607,2026-09-24T08:27:19.256407+00:00
8697,0.629,2026-09-24T08:27:19.257617+00:00
8698,0.766,2026-09-24T08:27:19.258879+00:00
8699,0.687,2026-09-24T08:27:19.259888+00:00
8700,0.6130000000000001,2026-09-24T08:27:19.261119+00:00
8701,0.61,2026-09-24T08:27:19.262183+00:00
8702,0.648,2026-09-24T08:27:19.263352+00:00
8703,0.722,2026-09-24T08:27:19.264622+00:00
8704,0.585,2026-09-24T08:27:19.265635+00:00
8705,0.5760000000000001,2026-09-24T08:27:19.266632+00:00
8706,0.554,2026-09-24T08:27:19.267642+00:00
8707,0.611,2026-09-24T08:27:19.268693+00:00
8708,0.5770000000000001,2026-09-24T08:27:19.269712+00:00
8709,0.57,2026-09-24T08:27:19.270729+00:00
8710,0.574,2026-09-24T08:27:19.271741+00:00
8711,0.5810000000000001,2026-09-24T08:27:19.272806+00:00
8712,0.71,2026-09-24T08:27:19.273991+00:00
8713,1.139,2026-09-24T08:27:19.275825+00:00
8714,0.7879999999999999,2026-09-24T08:27:19.277265+00:00
8715,0.7739999999999999,2026-09-24T08:27:19.279043+00:00
8716,0.628,2026-09-24T08:27:19.280255+00:00
8717,0.624,2026-09-24T08:27:19.281449+00:00
8718,0.894,2026-09-24T08:27:19.282879+00:00
8719,0.9380000000000001,2026-09-24T08:27:19.284227+00:00
8720,0.773,2026-09-24T08:27:19.285656+00:00
8721,0.851,2026-09-24T08:27:19.287034+00:00
8722,0.68,2026-09-24T08:27:19.288306+00:00
8723,0.66,2026-09-24T08:27:19.289488+00:00
8724,0.6579999999999999,2026-09-24T08:27:19.290622+00:00
8725,0.819,2026-09-24T08:27:19.291903+00:00
8726,0.971,2026-09-24T08:27:19.293335+00:00
8727,0.949,2026-09-24T08:27:19.294671+00:00
8728,0.727,2026-09-24T08:27:19.295753+00:00
8729,0.9959999999999999,2026-09-24T08:27:19.297445+00:00
8730,0.699,2026-09-24T08:27:19.298776+00:00
8731,0.647,2026-09-24T08:27:19.299984+00:00
8732,0.5670000000000001,2026-09-24T08:27:19.301051+00:00
8733,0.565,2026-09-24T08:27:19.302142+00:00
8734,0.545,2026-09-24T08:27:19.303144+00:00
8735,0.5479999999999999,2026-09-24T08:27:19.304161+00:00
8736,0.55,2026-09-24T08:27:19.305155+00:00
8737,0.535,2026-09-24T08:27:19.306185+00:00
8738,0.5519999999999999,2026-09-24T08:27:19.307208+00:00
8739,0.609,2026-09-24T08:27:19.308257+00:00
8740,0.643,2026-09-24T08:27:19.309347+00:00
8741,0.602,2026-09-24T08:27:19.310433+00:00
8742,0.63,2026-09-24T08:27:19.311537+00:00
8743,0.93,2026-09-24T08:27:19.313002+00:00
8744,0.619,2026-09-24T08:27:19.314160+00:00
8745,0.587,2026-09-24T08:27:19.315318+00:00
8746,0.5770000000000001,2026-09-24T08:27:19.316358+00:00
8747,0.536,2026-09-24T08:27:19.317350+00:00
8748,0.525,2026-09-24T08:27:19.318380+00:00
8749,0.554,2026-09-24T08:27:19.319401+00:00
8750,0.575,2026-09-24T08:27:19.320443+00:00
8751,0.647,2026-09-24T08:27:19.321534+00:00
8752,0.5569999999999999,2026-09-24T08:27:19.322495+00:00
8753,0.5860000000000001,2026-09-24T08:27:19.323525+00:00
8754,0.5680000000000001,2026-09-24T08:27:19.324550+00:00
8755,0.746,2026-09-24T08:27:19.325788+00:00
8756,0.6539999999999999,2026-09-24T08:27:19.326965+00:00
8757,0.962,2026-09-24T08:27:19.328614+00:00
8758,0.73,2026-09-24T08:27:19.329846+00:00
8759,0.646,2026-09-24T08:27:19.331113+00:00
8760,0.5910000000000001,2026-09-24T08:27:19.332206+00:00
8761,0.5720000000000001,2026-09-24T08:27:19.333277+00:00
8762,0.588,2026-09-24T08:27:19.334317+00:00
8763,0.575,2026-09-24T08:27:19.335335+00:00
8764,0.5760000000000001,2026-09-24T08:27:19.336366+00:00
8765,0.614,2026-09-24T08:27:19.337499+00:00
8766,0.51,2026-09-24T08:27:19.338465+00:00
8767,0.5670000000000001,2026-09-24T08:27:19.339522+00:00
8768,0.483,2026-09-24T08:27:19.340493+00:00
8769,0.508,2026-09-24T08:27:19.341523+00:00
8770,0.546,2026-09-24T08:27:19.342623+00:00
8771,0.618,2026-09-24T08:27:19.343834+00:00
8772,0.584,2026-09-24T08:27:19.345098+00:00
8773,0.912,2026-09-24T08:27:19.346794+00:00
8774,0.719,2026-09-24T08:27:19.348855+00:00
8775,0.68,2026-09-24T08:27:19.350144+00:00
8776,0.699,2026-09-24T08:27:19.351443+00:00
8777,0.707,2026-09-24T08:27:19.352768+00:00
8778,0.678,2026-09-24T08:27:19.354039+00:00
8779,0.6629999999999999,2026-09-24T08:27:19.355302+00:00
8780,0.644,2026-09-24T08:27:19.356523+00:00
8781,0.798,2026-09-24T08:27:19.357983+00:00
8782,0.819,2026-09-24T08:27:19.359452+00:00
8783,0.9859999999999999,2026-09-24T08:27:19.361037+00:00
8784,0.92,2026-09-24T08:27:19.362738+00:00
8785,0.749,2026-09-24T08:27:19.364141+00:00
8786,0.527,2026-09-24T08:27:19.365301+00:00
8787,0.521,2026-09-24T08:27:19.366528+00:00
8788,0.524,2026-09-24T08:27:19.367661+00:00
8789,0.517,2026-09-24T08:27:19.368960+00:00
8790,0.507,2026-09-24T08:27:19.370065+00:00
8791,0.506,2026-09-24T08:27:19.371139+00:00
8792,0.509,2026-09-24T08:27:19.372256+00:00
8793,0.47800000000000004,2026-09-24T08:27:19.373282+00:00
8794,0.49200000000000005,2026-09-24T08:27:19.374326+00:00
8795,0.584,2026-09-24T08:27:19.375497+00:00
8796,0.569,2026-09-24T08:27:19.376689+00:00
8797,0.7739999999999999,2026-09-24T08:27:19.378079+00:00
8798,0.535,2026-09-24T08:27:19.379214+00:00
8799,0.54,2026-09-24T08:27:19.380488+00:00
8800,0.518,2026-09-24T08:27:19.381575+00:00
8801,0.569,2026-09-24T08:27:19.382707+00:00
8802,0.5569999999999999,2026-09-24T08:27:19.383787+00:00
8803,0.603,2026-09-24T08:27:19.384947+00:00
8804,0.625,2026-09-24T08:27:19.386430+00:00
8805,0.546,2026-09-24T08:27:19.387480+00:00
8806,0.5730000000000001,2026-09-24T08:27:19.388568+00:00
8807,0.527,2026-09-24T08:27:19.389617+00:00
8808,0.502,2026-09-24T08:27:19.390627+00:00
8809,0.5339999999999999,2026-09-24T08:27:19.391672+00:00
8810,0.517,2026-09-24T08:27:19.392765+00:00
8811,0.628,2026-09-24T08:27:19.393925+00:00
8812,0.768,2026-09-24T08:27:19.395274+00:00
8813,0.553,2026-09-24T08:27:19.396385+00:00
8814,0.559,2026-09-24T08:27:19.397547+00:00
8815,0.531,2026-09-24T08:27:19.398650+00:00
8816,0.5640000000000001,2026-09-24T08:27:19.399850+00:00
8817,0.544,2026-09-24T08:27:19.401031+00:00
8818,0.504,2026-09-24T08:27:19.402078+00:00
8819,0.513,2026-09-24T08:27:19.403296+00:00
8820,0.5820000000000001,2026-09-24T08:27:19.404450+00:00
8821,0.55,2026-09-24T08:27:19.405589+00:00
8822,0.539,2026-09-24T08:27:19.406636+00:00
8823,0.5670000000000001,2026-09-24T08:27:19.407695+00:00
8824,0.5770000000000001,2026-09-24T08:27:19.408791+00:00
8825,0.5509999999999999,2026-09-24T08:27:19.409879+00:00
8826,0.737,2026-09-24T08:27:19.411189+00:00
8827,0.651,2026-09-24T08:27:19.412455+00:00
8828,0.623,2026-09-24T08:27:19.413596+00:00
8829,0.562,2026-09-24T08:27:19.414647+00:00
8830,0.5419999999999999,2026-09-24T08:27:19.415702+00:00
8831,0.527,2026-09-24T08:27:19.416731+00:00
8832,0.533,2026-09-24T08:27:19.417785+00:00
8833,0.5199999999999999,2026-09-24T08:27:19.418907+00:00
8834,0.507,2026-09-24T08:27:19.419975+00:00
8835,0.519,2026-09-24T08:27:19.421011+00:00
8836,0.503,2026-09-24T08:27:19.422100+00:00
8837,0.514,2026-09-24T08:27:19.423129+00:00
8838,0.546,2026-09-24T08:27:19.424221+00:00
8839,0.5630000000000001,2026-09-24T08:27:19.425290+00:00
8840,0.494,2026-09-24T08:27:19.426296+00:00
8841,0.5339999999999999,2026-09-24T08:27:19.427355+00:00
8842,0.766,2026-09-24T08:27:19.428735+00:00
8843,0.571,2026-09-24T08:27:19.429878+00:00
8844,0.6040000000000001,2026-09-24T08:27:19.431012+00:00
8845,0.555,2026-09-24T08:27:19.432029+00:00
8846,0.5720000000000001,2026-09-24T08:27:19.433125+00:00
8847,0.533,2026-09-24T08:27:19.434212+00:00
8848,0.536,2026-09-24T08:27:19.435312+00:00
8849,0.508,2026-09-24T08:27:19.436313+00:00
8850,0.554,2026-09-24T08:27:19.437385+00:00
8851,0.513,2026-09-24T08:27:19.438396+00:00
8852,0.555,2026-09-24T08:27:19.439426+00:00
8853,0.562,2026-09-24T08:27:19.440484+00:00
8854,0.58,2026-09-24T08:27:19.441571+00:00
8855,0.555,2026-09-24T08:27:19.442613+00:00
8856,1.0679999999999998,2026-09-24T08:27:19.444220+00:00
8857,0.803,2026-09-24T08:27:19.445404+00:00
8858,0.607,2026-09-24T08:27:19.446434+00:00
8859,0.584,2026-09-24T08:27:19.447418+00:00
8860,0.5559999999999999,2026-09-24T08:27:19.448376+00:00
8861,0.549,2026-09-24T08:27:19.449371+00:00
8862,0.519,2026-09-24T08:27:19.450345+00:00
8863,0.51,2026-09-24T08:27:19.451448+00:00
8864,0.499,2026-09-24T08:27:19.452401+00:00
8865,0.656,2026-09-24T08:27:19.453690+00:00
8866,0.5609999999999999,2026-09-24T08:27:19.454731+00:00
8867,0.565,2026-09-24T08:27:19.455733+00:00
8868,0.8490000000000001,2026-09-24T08:27:19.457045+00:00
8869,0.769,2026-09-24T08:27:19.458463+00:00
8870,0.6589999999999999,2026-09-24T08:27:19.459608+00:00
8871,0.852,2026-09-24T08:27:19.460920+00:00
8872,0.708,2026-09-24T08:27:19.462181+00:00
8873,0.584,2026-09-24T08:27:19.463270+00:00
8874,0.536,2026-09-24T08:27:19.464330+00:00
8875,0.536,2026-09-24T08:27:19.465322+00:00
8876,0.545,2026-09-24T08:27:19.466339+00:00
8877,0.566,2026-09-24T08:27:19.467354+00:00
8878,0.5680000000000001,2026-09-24T08:27:19.468537+00:00
8879,0.55,2026-09-24T08:27:19.469575+00:00
8880,0.5289999999999999,2026-09-24T08:27:19.470608+00:00
8881,0.916,2026-09-24T08:27:19.472213+00:00
8882,0.635,2026-09-24T08:27:19.473609+00:00
8883,0.69,2026-09-24T08:27:19.474919+00:00
8884,0.566,2026-09-24T08:27:19.476007+00:00
8885,0.8109999999999999,2026-09-24T08:27:19.477332+00:00
8886,0.644,2026-09-24T08:27:19.478704+00:00
8887,0.565,2026-09-24T08:27:19.479847+00:00
8888,1.159,2026-09-24T08:27:19.481550+00:00
8889,0.8220000000000001,2026-09-24T08:27:19.483166+00:00
8890,0.571,2026-09-24T08:27:19.484326+00:00
8891,0.5730000000000001,2026-09-24T08:27:19.485456+00:00
8892,0.54,2026-09-24T08:27:19.486478+00:00
8893,0.5559999999999999,2026-09-24T08:27:19.487681+00:00
8894,0.643,2026-09-24T08:27:19.488799+00:00
8895,0.621,2026-09-24T08:27:19.489896+00:00
8896,0.5670000000000001,2026-09-24T08:27:19.490921+00:00
8897,0.5820000000000001,2026-09-24T08:27:19.491970+00:00
8898,0.584,2026-09-24T08:27:19.493084+00:00
8899,0.745,2026-09-24T08:27:19.494384+00:00
8900,0.6539999999999999,2026-09-24T08:27:19.495691+00:00
8901,0.55,2026-09-24T08:27:19.496789+00:00
8902,0.559,2026-09-24T08:27:19.497860+00:00
8903,0.5479999999999999,2026-09-24T08:27:19.498874+00:00
8904,0.562,2026-09-24T08:27:19.499933+00:00
8905,0.5640000000000001,2026-09-24T08:27:19.500994+00:00
8906,0.517,2026-09-24T08:27:19.502019+00:00
8907,0.509,2026-09-24T08:27:19.503092+00:00
8908,0.51,2026-09-24T08:27:19.504144+00:00
8909,0.8109999999999999,2026-09-24T08:27:19.505657+00:00
8910,0.5599999999999999,2026-09-24T08:27:19.506595+00:00
8911,0.558,2026-09-24T08:27:19.507601+00:00
8912,0.726,2026-09-24T08:27:19.508903+00:00
8913,1.1869999999999998,2026-09-24T08:27:19.510660+00:00
8914,0.851,2026-09-24T08:27:19.512018+00:00
8915,0.578,2026-09-24T08:27:19.513034+00:00
8916,0.747,2026-09-24T08:27:19.514231+00:00
8917,0.507,2026-09-24T08:27:19.515138+00:00
8918,0.5,2026-09-24T08:27:19.516149+00:00
8919,0.48000000000000004,2026-09-24T08:27:19.517132+00:00
8920,0.472,2026-09-24T08:27:19.518148+00:00
8921,0.46299999999999997,2026-09-24T08:27:19.519128+00:00
8922,0.458,2026-09-24T08:27:19.520304+00:00
8923,0.465,2026-09-24T08:27:19.521256+00:00
8924,0.467,2026-09-24T08:27:19.522284+00:00
8925,0.47300000000000003,2026-09-24T08:27:19.523262+00:00
8926,0.474,2026-09-24T08:27:19.524213+00:00
8927,0.928,2026-09-24T08:27:19.525866+00:00
8928,1.501,2026-09-24T08:27:19.528098+00:00
8929,0.9460000000000001,2026-09-24T08:27:19.529701+00:00
8930,0.662,2026-09-24T08:27:19.530944+00:00
8931,0.589,2026-09-24T08:27:19.532037+00:00
8932,0.569,2026-09-24T08:27:19.533032+00:00
8933,0.537,2026-09-24T08:27:19.534004+00:00
8934,0.53,2026-09-24T08:27:19.535022+00:00
8935,0.53,2026-09-24T08:27:19.536015+00:00
8936,0.491,2026-09-24T08:27:19.536931+00:00
8937,0.509,2026-09-24T08:27:19.538111+00:00
8938,0.618,2026-09-24T08:27:19.539207+00:00
8939,0.532,2026-09-24T08:27:19.540206+00:00
8940,0.536,2026-09-24T08:27:19.541182+00:00
8941,0.54,2026-09-24T08:27:19.542202+00:00
8942,0.9520000000000001,2026-09-24T08:27:19.543679+00:00
8943,0.7290000000000001,2026-09-24T08:27:19.544860+00:00
8944,0.601,2026-09-24T08:27:19.545860+00:00
8945,0.5730000000000001,2026-09-24T08:27:19.546905+00:00
8946,0.518,2026-09-24T08:27:19.547947+00:00
8947,0.5,2026-09-24T08:27:19.548937+00:00
8948,0.504,2026-09-24T08:27:19.549958+00:00
8949,0.509,2026-09-24T08:27:19.550948+00:00
8950,0.7879999999999999,2026-09-24T08:27:19.552233+00:00
8951,0.5670000000000001,2026-09-24T08:27:19.552988+00:00
8952,0.457,2026-09-24T08:27:19.554032+00:00
8953,0.48899999999999993,2026-09-24T08:27:19.555086+00:00
8954,0.47600000000000003,2026-09-24T08:27:19.556081+00:00
8955,0.521,2026-09-24T08:27:19.557105+00:00
8956,0.558,2026-09-24T08:27:19.558182+00:00
8957,0.9359999999999999,2026-09-24T08:27:19.559812+00:00
8958,1.188,2026-09-24T08:27:19.561781+00:00
8959,0.6489999999999999,2026-09-24T08:27:19.562963+00:00
8960,0.578,2026-09-24T08:27:19.564183+00:00
8961,0.481,2026-09-24T08:27:19.565155+00:00
8962,0.482,2026-09-24T08:27:19.566126+00:00
8963,0.46799999999999997,2026-09-24T08:27:19.567079+00:00
8964,0.673,2026-09-24T08:27:19.568282+00:00
8965,0.775,2026-09-24T08:27:19.569450+00:00
8966,0.6579999999999999,2026-09-24T08:27:19.570737+00:00
8967,0.599,2026-09-24T08:27:19.571893+00:00
8968,0.5569999999999999,2026-09-24T08:27:19.572902+00:00
8969,0.569,2026-09-24T08:27:19.573921+00:00
8970,0.651,2026-09-24T08:27:19.575083+00:00
8971,0.662,2026-09-24T08:27:19.576276+00:00
8972,1.143,2026-09-24T08:27:19.578202+00:00
8973,0.871,2026-09-24T08:27:19.579725+00:00
8974,0.6890000000000001,2026-09-24T08:27:19.581128+00:00
8975,0.6769999999999999,2026-09-24T08:27:19.582479+00:00
8976,0.643,2026-09-24T08:27:19.583707+00:00
8977,0.626,2026-09-24T08:27:19.584910+00:00
8978,0.699,2026-09-24T08:27:19.586198+00:00
8979,0.6859999999999999,2026-09-24T08:27:19.587494+00:00
8980,0.6579999999999999,2026-09-24T08:27:19.588706+00:00
8981,0.684,2026-09-24T08:27:19.590148+00:00
8982,0.771,2026-09-24T08:27:19.591442+00:00
8983,0.703,2026-09-24T08:27:19.592697+00:00
8984,1.034,2026-09-24T08:27:19.594344+00:00
8985,0.8899999999999999,2026-09-24T08:27:19.595939+00:00
8986,0.733,2026-09-24T08:27:19.597327+00:00
8987,0.755,2026-09-24T08:27:19.598651+00:00
8988,0.6980000000000001,2026-09-24T08:27:19.599818+00:00
8989,0.7060000000000001,2026-09-24T08:27:19.601043+00:00
8990,0.671,2026-09-24T08:27:19.602294+00:00
8991,0.6930000000000001,2026-09-24T08:27:19.603551+00:00
8992,0.669,2026-09-24T08:27:19.604761+00:00
8993,0.726,2026-09-24T08:27:19.606035+00:00
8994,0.617,2026-09-24T08:27:19.607203+00:00
8995,0.6769999999999999,2026-09-24T08:27:19.608460+00:00
8996,0.705,2026-09-24T08:27:19.609865+00:00
8997,0.661,2026-09-24T08:27:19.611107+00:00
8998,1.0679999999999998,2026-09-24T08:27:19.612832+00:00
8999,0.856,2026-09-24T08:27:19.614319+00:00
9000,0.743,2026-09-24T08:27:19.615672+00:00
9001,0.708,2026-09-24T08:27:19.617021+00:00
9002,0.6809999999999999,2026-09-24T08:27:19.618294+00:00
9003,0.665,2026-09-24T08:27:19.619484+00:00
9004,0.73,2026-09-24T08:27:19.620756+00:00
9005,0.731,2026-09-24T08:27:19.622065+00:00
9006,0.644,2026-09-24T08:27:19.623279+00:00
9007,0.6819999999999999,2026-09-24T08:27:19.624523+00:00
9008,0.6809999999999999,2026-09-24T08:27:19.625786+00:00
9009,0.6629999999999999,2026-09-24T08:27:19.626990+00:00
9010,0.612,2026-09-24T08:27:19.628185+00:00
9011,0.625,2026-09-24T08:27:19.629618+00:00
9012,0.606,2026-09-24T08:27:19.630865+00:00
9013,0.7699999999999999,2026-09-24T08:27:19.632289+00:00
9014,0.619,2026-09-24T08:27:19.633476+00:00
9015,0.631,2026-09-24T08:27:19.634608+00:00
9016,0.5479999999999999,2026-09-24T08:27:19.635678+00:00
9017,0.5469999999999999,2026-09-24T08:27:19.636734+00:00
9018,0.539,2026-09-24T08:27:19.637738+00:00
9019,0.5599999999999999,2026-09-24T08:27:19.638800+00:00
9020,0.585,2026-09-24T08:27:19.639891+00:00
9021,0.684,2026-09-24T08:27:19.641049+00:00
9022,0.585,2026-09-24T08:27:19.642033+00:00
9023,0.555,2026-09-24T08:27:19.643175+00:00
9024,0.536,2026-09-24T08:27:19.644231+00:00
9025,0.731,2026-09-24T08:27:19.645522+00:00
9026,0.757,2026-09-24T08:27:19.647041+00:00
9027,0.589,2026-09-24T08:27:19.648180+00:00
9028,0.9269999999999999,2026-09-24T08:27:19.649751+00:00
9029,0.574,2026-09-24T08:27:19.650532+00:00
9030,0.886,2026-09-24T08:27:19.652168+00:00
9031,0.699,2026-09-24T08:27:19.653474+00:00
9032,0.651,2026-09-24T08:27:19.654713+00:00
9033,0.651,2026-09-24T08:27:19.655964+00:00
9034,0.626,2026-09-24T08:27:19.657256+00:00
9035,0.642,2026-09-24T08:27:19.658492+00:00
9036,0.6539999999999999,2026-09-24T08:27:19.659753+00:00
9037,0.713,2026-09-24T08:27:19.661052+00:00
9038,0.628,2026-09-24T08:27:19.662283+00:00
9039,0.6489999999999999,2026-09-24T08:27:19.663517+00:00
9040,0.637,2026-09-24T08:27:19.664823+00:00
9041,1.003,2026-09-24T08:27:19.666447+00:00
9042,0.626,2026-09-24T08:27:19.667388+00:00
9043,0.651,2026-09-24T08:27:19.668620+00:00
9044,0.607,2026-09-24T08:27:19.669820+00:00
9045,0.64,2026-09-24T08:27:19.671091+00:00
9046,0.674,2026-09-24T08:27:19.672443+00:00
9047,0.644,2026-09-24T08:27:19.673623+00:00
9048,0.787,2026-09-24T08:27:19.674976+00:00
9049,0.704,2026-09-24T08:27:19.676298+00:00
9050,0.6629999999999999,2026-09-24T08:27:19.677551+00:00
9051,0.662,2026-09-24T08:27:19.678812+00:00
9052,1.193,2026-09-24T08:27:19.680911+00:00
9053,1.0050000000000001,2026-09-24T08:27:19.682876+00:00
9054,0.767,2026-09-24T08:27:19.684059+00:00
9055,0.8019999999999999,2026-09-24T08:27:19.685493+00:00
9056,0.704,2026-09-24T08:27:19.686605+00:00
9057,0.6759999999999999,2026-09-24T08:27:19.687670+00:00
9058,0.6859999999999999,2026-09-24T08:27:19.688796+00:00
9059,0.718,2026-09-24T08:27:19.689957+00:00
9060,0.76,2026-09-24T08:27:19.691156+00:00
9061,0.705,2026-09-24T08:27:19.692348+00:00
9062,0.712,2026-09-24T08:27:19.693548+00:00
9063,0.675,2026-09-24T08:27:19.694644+00:00
9064,0.643,2026-09-24T08:27:19.695692+00:00
9065,0.629,2026-09-24T08:27:19.696746+00:00
9066,0.553,2026-09-24T08:27:19.697730+00:00
9067,0.7110000000000001,2026-09-24T08:27:19.698969+00:00
9068,0.7739999999999999,2026-09-24T08:27:19.700476+00:00
9069,0.988,2026-09-24T08:27:19.702103+00:00
9070,0.929,2026-09-24T08:27:19.703810+00:00
9071,0.8180000000000001,2026-09-24T08:27:19.705342+00:00
9072,0.993,2026-09-24T08:27:19.707051+00:00
9073,0.873,2026-09-24T08:27:19.708515+00:00
9074,0.714,2026-09-24T08:27:19.709849+00:00
9075,0.9940000000000001,2026-09-24T08:27:19.711455+00:00
9076,1.178,2026-09-24T08:27:19.713496+00:00
9077,1.156,2026-09-24T08:27:19.715282+00:00
9078,0.655,2026-09-24T08:27:19.716349+00:00
9079,0.5720000000000001,2026-09-24T08:27:19.717494+00:00
9080,0.512,2026-09-24T08:27:19.718520+00:00
9081,0.5479999999999999,2026-09-24T08:27:19.719587+00:00
9082,0.505,2026-09-24T08:27:19.720599+00:00
9083,0.504,2026-09-24T08:27:19.721624+00:00
9084,0.536,2026-09-24T08:27:19.722709+00:00
9085,0.5469999999999999,2026-09-24T08:27:19.724076+00:00
9086,0.7240000000000001,2026-09-24T08:27:19.725364+00:00
9087,0.623,2026-09-24T08:27:19.726333+00:00
9088,0.8400000000000001,2026-09-24T08:27:19.727611+00:00
9089,0.8109999999999999,2026-09-24T08:27:19.729055+00:00
9090,0.566,2026-09-24T08:27:19.730153+00:00
9091,0.526,2026-09-24T08:27:19.731210+00:00
9092,0.506,2026-09-24T08:27:19.732215+00:00
9093,0.477,2026-09-24T08:27:19.733201+00:00
9094,0.464,2026-09-24T08:27:19.734171+00:00
9095,0.45899999999999996,2026-09-24T08:27:19.735127+00:00
9096,0.491,2026-09-24T08:27:19.736213+00:00
9097,0.46599999999999997,2026-09-24T08:27:19.737176+00:00
9098,0.47800000000000004,2026-09-24T08:27:19.738154+00:00
9099,0.515,2026-09-24T08:27:19.739168+00:00
9100,0.49200000000000005,2026-09-24T08:27:19.740322+00:00
9101,0.656,2026-09-24T08:27:19.741487+00:00
9102,0.65,2026-09-24T08:27:19.742504+00:00
9103,0.675,2026-09-24T08:27:19.743592+00:00
9104,0.847,2026-09-24T08:27:19.745124+00:00
9105,0.6,2026-09-24T08:27:19.746262+00:00
9106,0.587,2026-09-24T08:27:19.747323+00:00
9107,0.507,2026-09-24T08:27:19.748370+00:00
9108,0.474,2026-09-24T08:27:19.749331+00:00
9109,0.46900000000000003,2026-09-24T08:27:19.750304+00:00
9110,0.49,2026-09-24T08:27:19.751286+00:00
9111,0.433,2026-09-24T08:27:19.752225+00:00
9112,0.424,2026-09-24T08:27:19.753160+00:00
9113,0.451,2026-09-24T08:27:19.754119+00:00
9114,0.53,2026-09-24T08:27:19.755255+00:00
9115,0.46900000000000003,2026-09-24T08:27:19.756182+00:00
9116,0.45899999999999996,2026-09-24T08:27:19.757135+00:00
9117,0.643,2026-09-24T08:27:19.758245+00:00
9118,0.633,2026-09-24T08:27:19.759294+00:00
9119,0.747,2026-09-24T08:27:19.760538+00:00
9120,0.733,2026-09-24T08:27:19.761890+00:00
9121,0.787,2026-09-24T08:27:19.763293+00:00
9122,0.571,2026-09-24T08:27:19.764249+00:00
9123,0.513,2026-09-24T08:27:19.765217+00:00
9124,0.48500000000000004,2026-09-24T08:27:19.766197+00:00
9125,0.518,2026-09-24T08:27:19.767215+00:00
9126,0.46299999999999997,2026-09-24T08:27:19.768182+00:00
9127,0.46099999999999997,2026-09-24T08:27:19.769155+00:00
9128,0.443,2026-09-24T08:27:19.770096+00:00
9129,0.516,2026-09-24T08:27:19.771268+00:00
9130,0.474,2026-09-24T08:27:19.772336+00:00
9131,0.45199999999999996,2026-09-24T08:27:19.773283+00:00
9132,0.455,2026-09-24T08:27:19.774235+00:00
9133,0.717,2026-09-24T08:27:19.775650+00:00
9134,0.718,2026-09-24T08:27:19.776849+00:00
9135,0.85,2026-09-24T08:27:19.778303+00:00
9136,0.7829999999999999,2026-09-24T08:27:19.779807+00:00
9137,0.621,2026-09-24T08:27:19.780989+00:00
9138,1.531,2026-09-24T08:27:19.783121+00:00
9139,0.507,2026-09-24T08:27:19.784175+00:00
9140,0.46299999999999997,2026-09-24T08:27:19.785181+00:00
9141,0.481,2026-09-24T08:27:19.786172+00:00
9142,0.506,2026-09-24T08:27:19.787204+00:00
9143,0.48000000000000004,2026-09-24T08:27:19.788174+00:00
9144,0.48500000000000004,2026-09-24T08:27:19.789474+00:00
9145,0.553,2026-09-24T08:27:19.790564+00:00
9146,1.088,2026-09-24T08:27:19.792104+00:00
9147,1.4,2026-09-24T08:27:19.794385+00:00
9148,1.035,2026-09-24T08:27:19.795722+00:00
9149,0.79,2026-09-24T08:27:19.797109+00:00
9150,0.832,2026-09-24T08:27:19.798518+00:00
9151,0.718,2026-09-24T08:27:19.799813+00:00
9152,0.5910000000000001,2026-09-24T08:27:19.800901+00:00
9153,0.603,2026-09-24T08:27:19.801967+00:00
9154,0.601,2026-09-24T08:27:19.803023+00:00
9155,0.524,2026-09-24T08:27:19.804004+00:00
9156,0.867,2026-09-24T08:27:19.805372+00:00
9157,0.789,2026-09-24T08:27:19.806507+00:00
9158,0.7699999999999999,2026-09-24T08:27:19.807997+00:00
9159,0.598,2026-09-24T08:27:19.809398+00:00
9160,0.49200000000000005,2026-09-24T08:27:19.810405+00:00
9161,0.592,2026-09-24T08:27:19.811571+00:00
9162,0.948,2026-09-24T08:27:19.813225+00:00
9163,0.6579999999999999,2026-09-24T08:27:19.814564+00:00
9164,0.771,2026-09-24T08:27:19.815931+00:00
9165,1.202,2026-09-24T08:27:19.818079+00:00
9166,0.889,2026-09-24T08:27:19.820081+00:00
9167,0.73,2026-09-24T08:27:19.821612+00:00
9168,0.709,2026-09-24T08:27:19.823001+00:00
9169,0.68,2026-09-24T08:27:19.824297+00:00
9170,0.704,2026-09-24T08:27:19.825729+00:00
9171,0.795,2026-09-24T08:27:19.827392+00:00
9172,0.8099999999999999,2026-09-24T08:27:19.828967+00:00
9173,0.9079999999999999,2026-09-24T08:27:19.830878+00:00
9174,0.754,2026-09-24T08:27:19.832391+00:00
9175,0.6880000000000001,2026-09-24T08:27:19.833731+00:00
9176,0.603,2026-09-24T08:27:19.834969+00:00
9177,0.597,2026-09-24T08:27:19.836210+00:00
9178,0.5730000000000001,2026-09-24T08:27:19.837389+00:00
9179,0.615,2026-09-24T08:27:19.838609+00:00
9180,0.714,2026-09-24T08:27:19.839954+00:00
9181,0.601,2026-09-24T08:27:19.841180+00:00
9182,0.9890000000000001,2026-09-24T08:27:19.843921+00:00
9183,1.315,2026-09-24T08:27:19.846061+00:00
9184,0.8360000000000001,2026-09-24T08:27:19.847190+00:00
9185,0.85,2026-09-24T08:27:19.848565+00:00
9186,0.871,2026-09-24T08:27:19.849984+00:00
9187,0.876,2026-09-24T08:27:19.851592+00:00
9188,0.7969999999999999,2026-09-24T08:27:19.853248+00:00
9189,0.803,2026-09-24T08:27:19.854637+00:00
9190,0.597,2026-09-24T08:27:19.855651+00:00
9191,0.63,2026-09-24T08:27:19.856723+00:00
9192,0.57,2026-09-24T08:27:19.857734+00:00
9193,0.832,2026-09-24T08:27:19.859099+00:00
9194,0.7739999999999999,2026-09-24T08:27:19.860490+00:00
9195,0.976,2026-09-24T08:27:19.862023+00:00
9196,0.5429999999999999,2026-09-24T08:27:19.863188+00:00
9197,0.5289999999999999,2026-09-24T08:27:19.864228+00:00
9198,0.518,2026-09-24T08:27:19.865255+00:00
9199,0.8220000000000001,2026-09-24T08:27:19.866782+00:00
9200,0.7020000000000001,2026-09-24T08:27:19.868029+00:00
9201,0.637,2026-09-24T08:27:19.869253+00:00
9202,0.669,2026-09-24T08:27:19.870464+00:00
9203,0.638,2026-09-24T08:27:19.871820+00:00
9204,0.611,2026-09-24T08:27:19.872954+00:00
9205,0.664,2026-09-24T08:27:19.874167+00:00
9206,0.6539999999999999,2026-09-24T08:27:19.875401+00:00
9207,0.623,2026-09-24T08:27:19.876543+00:00
9208,0.725,2026-09-24T08:27:19.877794+00:00
9209,0.657,2026-09-24T08:27:19.879146+00:00
9210,0.7010000000000001,2026-09-24T08:27:19.880517+00:00
9211,0.619,2026-09-24T08:27:19.881721+00:00
9212,0.603,2026-09-24T08:27:19.882847+00:00
9213,0.675,2026-09-24T08:27:19.884001+00:00
9214,0.695,2026-09-24T08:27:19.885297+00:00
9215,0.6629999999999999,2026-09-24T08:27:19.886581+00:00
9216,0.66,2026-09-24T08:27:19.887766+00:00
9217,0.7060000000000001,2026-09-24T08:27:19.889028+00:00
9218,0.6449999999999999,2026-09-24T08:27:19.890352+00:00
9219,0.664,2026-09-24T08:27:19.891570+00:00
9220,0.627,2026-09-24T08:27:19.892761+00:00
9221,0.6819999999999999,2026-09-24T08:27:19.893996+00:00
9222,0.789,2026-09-24T08:27:19.895367+00:00
9223,0.851,2026-09-24T08:27:19.896832+00:00
9224,0.812,2026-09-24T08:27:19.898209+00:00
9225,0.763,2026-09-24T08:27:19.899477+00:00
9226,0.736,2026-09-24T08:27:19.900851+00:00
9227,0.734,2026-09-24T08:27:19.902094+00:00
9228,0.674,2026-09-24T08:27:19.903356+00:00
9229,0.664,2026-09-24T08:27:19.904547+00:00
9230,0.651,2026-09-24T08:27:19.905731+00:00
9231,0.674,2026-09-24T08:27:19.906926+00:00
9232,0.662,2026-09-24T08:27:19.908165+00:00
9233,0.7150000000000001,2026-09-24T08:27:19.909541+00:00
9234,0.665,2026-09-24T08:27:19.910741+00:00
9235,0.726,2026-09-24T08:27:19.912012+00:00
9236,0.6719999999999999,2026-09-24T08:27:19.913247+00:00
9237,0.705,2026-09-24T08:27:19.914434+00:00
9238,0.695,2026-09-24T08:27:19.915696+00:00
9239,0.705,2026-09-24T08:27:19.916981+00:00
9240,0.717,2026-09-24T08:27:19.918277+00:00
9241,0.6579999999999999,2026-09-24T08:27:19.919452+00:00
9242,0.647,2026-09-24T08:27:19.920619+00:00
9243,0.6769999999999999,2026-09-24T08:27:19.921875+00:00
9244,0.662,2026-09-24T08:27:19.923065+00:00
9245,0.647,2026-09-24T08:27:19.924259+00:00
9246,0.713,2026-09-24T08:27:19.925617+00:00
9247,0.694,2026-09-24T08:27:19.926936+00:00
9248,0.75,2026-09-24T08:27:19.928341+00:00
9249,0.6920000000000001,2026-09-24T08:27:19.929559+00:00
9250,0.748,2026-09-24T08:27:19.930888+00:00
9251,0.71,2026-09-24T08:27:19.932139+00:00
9252,0.6539999999999999,2026-09-24T08:27:19.933335+00:00
9253,0.6880000000000001,2026-09-24T08:27:19.934564+00:00
9254,0.6769999999999999,2026-09-24T08:27:19.935814+00:00
9255,0.699,2026-09-24T08:27:19.937084+00:00
9256,0.6579999999999999,2026-09-24T08:27:19.938330+00:00
9257,0.696,2026-09-24T08:27:19.939564+00:00
9258,0.674,2026-09-24T08:27:19.940803+00:00
9259,0.713,2026-09-24T08:27:19.942024+00:00
9260,0.679,2026-09-24T08:27:19.943247+00:00
9261,0.759,2026-09-24T08:27:19.944552+00:00
9262,0.675,2026-09-24T08:27:19.945880+00:00
9263,0.666,2026-09-24T08:27:19.947150+00:00
9264,0.671,2026-09-24T08:27:19.948367+00:00
9265,1.1119999999999999,2026-09-24T08:27:19.950154+00:00
9266,0.821,2026-09-24T08:27:19.951149+00:00
9267,0.743,2026-09-24T08:27:19.952399+00:00
9268,0.752,2026-09-24T08:27:19.953634+00:00
9269,0.737,2026-09-24T08:27:19.954870+00:00
9270,0.703,2026-09-24T08:27:19.956052+00:00
9271,1.099,2026-09-24T08:27:19.957805+00:00
9272,0.829,2026-09-24T08:27:19.959113+00:00
9273,0.734,2026-09-24T08:27:19.960361+00:00
9274,0.726,2026-09-24T08:27:19.961602+00:00
9275,0.773,2026-09-24T08:27:19.962878+00:00
9276,0.703,2026-09-24T08:27:19.964060+00:00
9277,0.732,2026-09-24T08:27:19.965475+00:00
9278,0.694,2026-09-24T08:27:19.966654+00:00
9279,0.7200000000000001,2026-09-24T08:27:19.967862+00:00
9280,0.726,2026-09-24T08:27:19.969039+00:00
9281,0.772,2026-09-24T08:27:19.970796+00:00
9282,0.7380000000000001,2026-09-24T08:27:19.972011+00:00
9283,0.683,2026-09-24T08:27:19.973152+00:00
9284,0.662,2026-09-24T08:27:19.974270+00:00
9285,0.708,2026-09-24T08:27:19.975472+00:00
9286,0.8,2026-09-24T08:27:19.976738+00:00
9287,0.6980000000000001,2026-09-24T08:27:19.977857+00:00
9288,0.746,2026-09-24T08:27:19.979069+00:00
9289,0.7060000000000001,2026-09-24T08:27:19.980261+00:00
9290,0.709,2026-09-24T08:27:19.981491+00:00
9291,0.703,2026-09-24T08:27:19.982686+00:00
9292,0.709,2026-09-24T08:27:19.984012+00:00
9293,0.68,2026-09-24T08:27:19.985181+00:00
9294,0.6769999999999999,2026-09-24T08:27:19.986388+00:00
9295,0.74,2026-09-24T08:27:19.987627+00:00
9296,0.6669999999999999,2026-09-24T08:27:19.988708+00:00
9297,0.714,2026-09-24T08:27:19.989896+00:00
9298,0.704,2026-09-24T08:27:19.991063+00:00
9299,0.949,2026-09-24T08:27:19.992545+00:00
9300,0.924,2026-09-24T08:27:19.993882+00:00
9301,0.642,2026-09-24T08:27:19.994977+00:00
9302,0.587,2026-09-24T08:27:19.996032+00:00
9303,0.553,2026-09-24T08:27:19.997085+00:00
9304,0.553,2026-09-24T08:27:19.998192+00:00
9305,0.515,2026-09-24T08:27:19.999246+00:00
9306,0.584,2026-09-24T08:27:20.000356+00:00
9307,0.5670000000000001,2026-09-24T08:27:20.001767+00:00
9308,0.609,2026-09-24T08:27:20.002868+00:00
9309,0.5419999999999999,2026-09-24T08:27:20.003921+00:00
9310,0.539,2026-09-24T08:27:20.004969+00:00
9311,0.544,2026-09-24T08:27:20.006002+00:00
9312,0.502,2026-09-24T08:27:20.007022+00:00
9313,0.68,2026-09-24T08:27:20.008326+00:00
9314,0.91,2026-09-24T08:27:20.009743+00:00
9315,0.897,2026-09-24T08:27:20.011277+00:00
9316,0.7919999999999999,2026-09-24T08:27:20.012536+00:00
9317,0.7,2026-09-24T08:27:20.013659+00:00
9318,0.589,2026-09-24T08:27:20.014719+00:00
9319,0.66,2026-09-24T08:27:20.015920+00:00
9320,0.621,2026-09-24T08:27:20.016997+00:00
9321,0.55,2026-09-24T08:27:20.018190+00:00
9322,0.537,2026-09-24T08:27:20.019245+00:00
9323,0.535,2026-09-24T08:27:20.020352+00:00
9324,0.509,2026-09-24T08:27:20.021371+00:00
9325,0.499,2026-09-24T08:27:20.022379+00:00
9326,0.505,2026-09-24T08:27:20.023398+00:00
9327,0.6970000000000001,2026-09-24T08:27:20.024638+00:00
9328,0.714,2026-09-24T08:27:20.025875+00:00
9329,0.691,2026-09-24T08:27:20.027049+00:00
9330,0.99,2026-09-24T08:27:20.028668+00:00
9331,1.211,2026-09-24T08:27:20.030443+00:00
9332,1.055,2026-09-24T08:27:20.031669+00:00
9333,0.9740000000000001,2026-09-24T08:27:20.032931+00:00
9334,1.026,2026-09-24T08:27:20.034650+00:00
9335,1.006,2026-09-24T08:27:20.035846+00:00
9336,0.768,2026-09-24T08:27:20.036989+00:00
9337,0.769,2026-09-24T08:27:20.038235+00:00
9338,0.8350000000000001,2026-09-24T08:27:20.039615+00:00
9339,0.8720000000000001,2026-09-24T08:27:20.040929+00:00
9340,0.699,2026-09-24T08:27:20.042036+00:00
9341,0.735,2026-09-24T08:27:20.043442+00:00
9342,0.644,2026-09-24T08:27:20.044797+00:00
9343,0.8400000000000001,2026-09-24T08:27:20.046290+00:00
9344,0.653,2026-09-24T08:27:20.047570+00:00
9345,0.541,2026-09-24T08:27:20.048601+00:00
9346,0.48899999999999993,2026-09-24T08:27:20.049585+00:00
9347,0.486,2026-09-24T08:27:20.050616+00:00
9348,0.54,2026-09-24T08:27:20.051645+00:00
9349,0.47600000000000003,2026-09-24T08:27:20.052594+00:00
9350,0.477,2026-09-24T08:27:20.053561+00:00
9351,0.477,2026-09-24T08:27:20.054708+00:00
9352,0.503,2026-09-24T08:27:20.055697+00:00
9353,0.46900000000000003,2026-09-24T08:27:20.056632+00:00
9354,0.447,2026-09-24T08:27:20.057558+00:00
9355,0.784,2026-09-24T08:27:20.059785+00:00
9356,0.766,2026-09-24T08:27:20.060922+00:00
9357,1.0219999999999998,2026-09-24T08:27:20.062648+00:00
9358,0.95,2026-09-24T08:27:20.064236+00:00
9359,0.868,2026-09-24T08:27:20.065682+00:00
9360,0.733,2026-09-24T08:27:20.066941+00:00
9361,0.6589999999999999,2026-09-24T08:27:20.068076+00:00
9362,0.634,2026-09-24T08:27:20.069174+00:00
9363,0.73,2026-09-24T08:27:20.070358+00:00
9364,0.643,2026-09-24T08:27:20.071489+00:00
9365,0.65,2026-09-24T08:27:20.072598+00:00
9366,0.612,2026-09-24T08:27:20.073821+00:00
9367,0.647,2026-09-24T08:27:20.074944+00:00
9368,0.615,2026-09-24T08:27:20.075998+00:00
9369,0.617,2026-09-24T08:27:20.077059+00:00
9370,1.037,2026-09-24T08:27:20.078731+00:00
9371,0.9470000000000001,2026-09-24T08:27:20.080491+00:00
9372,0.819,2026-09-24T08:27:20.081900+00:00
9373,0.7969999999999999,2026-09-24T08:27:20.083289+00:00
9374,0.684,2026-09-24T08:27:20.084495+00:00
9375,0.664,2026-09-24T08:27:20.085650+00:00
9376,0.636,2026-09-24T08:27:20.086755+00:00
9377,0.641,2026-09-24T08:27:20.087840+00:00
9378,0.642,2026-09-24T08:27:20.088959+00:00
9379,0.64,2026-09-24T08:27:20.090046+00:00
9380,0.617,2026-09-24T08:27:20.091113+00:00
9381,0.6579999999999999,2026-09-24T08:27:20.092395+00:00
9382,0.7110000000000001,2026-09-24T08:27:20.093724+00:00
9383,0.768,2026-09-24T08:27:20.095010+00:00
9384,0.69,2026-09-24T08:27:20.096223+00:00
9385,2.148,2026-09-24T08:27:20.098925+00:00
9386,0.627,2026-09-24T08:27:20.100073+00:00
9387,0.635,2026-09-24T08:27:20.101174+00:00
9388,0.642,2026-09-24T08:27:20.102289+00:00
9389,0.632,2026-09-24T08:27:20.103374+00:00
9390,0.6130000000000001,2026-09-24T08:27:20.104467+00:00
9391,0.627,2026-09-24T08:27:20.105547+00:00
9392,0.656,2026-09-24T08:27:20.106678+00:00
9393,0.6539999999999999,2026-09-24T08:27:20.107805+00:00
9394,0.6,2026-09-24T08:27:20.108846+00:00
9395,0.6539999999999999,2026-09-24T08:27:20.110073+00:00
9396,0.608,2026-09-24T08:27:20.111191+00:00
9397,0.615,2026-09-24T08:27:20.112262+00:00
9398,0.605,2026-09-24T08:27:20.113328+00:00
9399,1.044,2026-09-24T08:27:20.115039+00:00
9400,0.739,2026-09-24T08:27:20.116241+00:00
9401,0.691,2026-09-24T08:27:20.117507+00:00
9402,0.621,2026-09-24T08:27:20.118722+00:00
9403,0.639,2026-09-24T08:27:20.119979+00:00
9404,0.5820000000000001,2026-09-24T08:27:20.121179+00:00
9405,0.777,2026-09-24T08:27:20.122580+00:00
9406,0.7739999999999999,2026-09-24T08:27:20.124002+00:00
9407,0.9319999999999999,2026-09-24T08:27:20.125712+00:00
9408,0.812,2026-09-24T08:27:20.127198+00:00
9409,0.743,2026-09-24T08:27:20.128547+00:00
9410,0.727,2026-09-24T08:27:20.129877+00:00
9411,0.856,2026-09-24T08:27:20.131439+00:00
9412,0.678,2026-09-24T08:27:20.132668+00:00
9413,0.637,2026-09-24T08:27:20.133797+00:00
9414,0.699,2026-09-24T08:27:20.134950+00:00
9415,0.8270000000000001,2026-09-24T08:27:20.136436+00:00
9416,0.662,2026-09-24T08:27:20.137627+00:00
9417,0.63,2026-09-24T08:27:20.138731+00:00
9418,0.629,2026-09-24T08:27:20.139870+00:00
9419,0.623,2026-09-24T08:27:20.140927+00:00
9420,0.62,2026-09-24T08:27:20.141983+00:00
9421,0.911,2026-09-24T08:27:20.143358+00:00
9422,0.764,2026-09-24T08:27:20.144740+00:00
9423,0.6719999999999999,2026-09-24T08:27:20.145885+00:00
9424,0.627,2026-09-24T08:27:20.146995+00:00
9425,0.833,2026-09-24T08:27:20.148565+00:00
9426,0.648,2026-09-24T08:27:20.149715+00:00
9427,0.619,2026-09-24T08:27:20.150779+00:00
9428,0.606,2026-09-24T08:27:20.151843+00:00
9429,0.633,2026-09-24T08:27:20.152954+00:00
9430,0.624,2026-09-24T08:27:20.154018+00:00
9431,0.5910000000000001,2026-09-24T08:27:20.155063+00:00
9432,0.541,2026-09-24T08:27:20.156058+00:00
9433,0.5730000000000001,2026-09-24T08:27:20.157141+00:00
9434,0.63,2026-09-24T08:27:20.158194+00:00
9435,0.614,2026-09-24T08:27:20.159349+00:00
9436,0.972,2026-09-24T08:27:20.160793+00:00
9437,1.071,2026-09-24T08:27:20.162497+00:00
9438,0.762,2026-09-24T08:27:20.163851+00:00
9439,0.662,2026-09-24T08:27:20.164997+00:00
9440,0.5950000000000001,2026-09-24T08:27:20.166187+00:00
9441,0.559,2026-09-24T08:27:20.167239+00:00
9442,0.536,2026-09-24T08:27:20.168223+00:00
9443,0.598,2026-09-24T08:27:20.169278+00:00
9444,0.566,2026-09-24T08:27:20.170308+00:00
9445,0.6130000000000001,2026-09-24T08:27:20.171378+00:00
9446,0.605,2026-09-24T08:27:20.172443+00:00
9447,0.637,2026-09-24T08:27:20.173527+00:00
9448,0.599,2026-09-24T08:27:20.174562+00:00
9449,0.646,2026-09-24T08:27:20.175760+00:00
9450,0.683,2026-09-24T08:27:20.176933+00:00
9451,0.612,2026-09-24T08:27:20.178053+00:00
9452,0.5630000000000001,2026-09-24T08:27:20.179121+00:00
9453,0.524,2026-09-24T08:27:20.180142+00:00
9454,0.549,2026-09-24T08:27:20.181292+00:00
9455,0.509,2026-09-24T08:27:20.182275+00:00
9456,0.522,2026-09-24T08:27:20.183270+00:00
9457,0.509,2026-09-24T08:27:20.184209+00:00
9458,0.53,2026-09-24T08:27:20.185248+00:00
9459,0.5199999999999999,2026-09-24T08:27:20.186254+00:00
9460,0.513,2026-09-24T08:27:20.187252+00:00
9461,0.49200000000000005,2026-09-24T08:27:20.188220+00:00
9462,0.499,2026-09-24T08:27:20.189226+00:00
9463,0.571,2026-09-24T08:27:20.190301+00:00
9464,0.55,2026-09-24T08:27:20.191321+00:00
9465,0.535,2026-09-24T08:27:20.192333+00:00
9466,0.5640000000000001,2026-09-24T08:27:20.193722+00:00
9467,0.959,2026-09-24T08:27:20.195206+00:00
9468,0.912,2026-09-24T08:27:20.196388+00:00
9469,0.7739999999999999,2026-09-24T08:27:20.197803+00:00
9470,0.7060000000000001,2026-09-24T08:27:20.199139+00:00
9471,0.704,2026-09-24T08:27:20.200489+00:00
9472,0.662,2026-09-24T08:27:20.201807+00:00
9473,0.626,2026-09-24T08:27:20.203087+00:00
9474,0.618,2026-09-24T08:27:20.204276+00:00
9475,0.6679999999999999,2026-09-24T08:27:20.205459+00:00
9476,0.9349999999999999,2026-09-24T08:27:20.206902+00:00
9477,1.077,2026-09-24T08:27:20.208862+00:00
9478,0.91,2026-09-24T08:27:20.210343+00:00
9479,0.8099999999999999,2026-09-24T08:27:20.211661+00:00
9480,0.878,2026-09-24T08:27:20.213189+00:00
9481,0.6539999999999999,2026-09-24T08:27:20.214499+00:00
9482,0.6449999999999999,2026-09-24T08:27:20.215754+00:00
9483,0.655,2026-09-24T08:27:20.216978+00:00
9484,0.611,2026-09-24T08:27:20.218343+00:00
9485,0.624,2026-09-24T08:27:20.219532+00:00
9486,0.597,2026-09-24T08:27:20.220693+00:00
9487,0.607,2026-09-24T08:27:20.221842+00:00
9488,0.624,2026-09-24T08:27:20.223104+00:00
9489,0.583,2026-09-24T08:27:20.224265+00:00
9490,0.559,2026-09-24T08:27:20.225377+00:00
9491,1.042,2026-09-24T08:27:20.227038+00:00
9492,0.8170000000000001,2026-09-24T08:27:20.228059+00:00
9493,0.714,2026-09-24T08:27:20.229345+00:00
9494,0.67,2026-09-24T08:27:20.230536+00:00
9495,0.7,2026-09-24T08:27:20.231760+00:00
9496,0.656,2026-09-24T08:27:20.232897+00:00
9497,0.7060000000000001,2026-09-24T08:27:20.234091+00:00
9498,0.639,2026-09-24T08:27:20.235259+00:00
9499,0.665,2026-09-24T08:27:20.236611+00:00
9500,0.656,2026-09-24T08:27:20.237752+00:00
9501,0.687,2026-09-24T08:27:20.238931+00:00
9502,0.732,2026-09-24T08:27:20.240180+00:00
9503,0.68,2026-09-24T08:27:20.241368+00:00
9504,0.733,2026-09-24T08:27:20.242625+00:00
9505,0.82,2026-09-24T08:27:20.244039+00:00
9506,0.661,2026-09-24T08:27:20.245451+00:00
9507,0.638,2026-09-24T08:27:20.246693+00:00
9508,0.642,2026-09-24T08:27:20.247923+00:00
9509,0.621,2026-09-24T08:27:20.249131+00:00
9510,0.605,2026-09-24T08:27:20.250368+00:00
9511,0.627,2026-09-24T08:27:20.251562+00:00
9512,0.629,2026-09-24T08:27:20.252719+00:00
9513,0.675,2026-09-24T08:27:20.253870+00:00
9514,0.618,2026-09-24T08:27:20.255158+00:00
9515,0.598,2026-09-24T08:27:20.256301+00:00
9516,0.628,2026-09-24T08:27:20.257467+00:00
9517,0.838,2026-09-24T08:27:20.258876+00:00
9518,0.838,2026-09-24T08:27:20.260174+00:00
9519,0.8,2026-09-24T08:27:20.261472+00:00
9520,0.848,2026-09-24T08:27:20.262815+00:00
9521,0.757,2026-09-24T08:27:20.264351+00:00
9522,0.795,2026-09-24T08:27:20.265732+00:00
9523,0.791,2026-09-24T08:27:20.267057+00:00
9524,0.794,2026-09-24T08:27:20.268385+00:00
9525,0.8310000000000001,2026-09-24T08:27:20.269806+00:00
9526,0.844,2026-09-24T08:27:20.271196+00:00
9527,0.8109999999999999,2026-09-24T08:27:20.272577+00:00
9528,0.8,2026-09-24T08:27:20.274041+00:00
9529,0.784,2026-09-24T08:27:20.275377+00:00
9530,0.7829999999999999,2026-09-24T08:27:20.276731+00:00
9531,0.808,2026-09-24T08:27:20.278080+00:00
9532,0.7969999999999999,2026-09-24T08:27:20.279407+00:00
9533,0.8099999999999999,2026-09-24T08:27:20.280806+00:00
9534,0.83,2026-09-24T08:27:20.282181+00:00
9535,0.824,2026-09-24T08:27:20.283604+00:00
9536,0.78,2026-09-24T08:27:20.284902+00:00
9537,0.8180000000000001,2026-09-24T08:27:20.286285+00:00
9538,0.808,2026-09-24T08:27:20.287662+00:00
9539,0.785,2026-09-24T08:27:20.289004+00:00
9540,0.8,2026-09-24T08:27:20.290387+00:00
9541,0.9859999999999999,2026-09-24T08:27:20.291905+00:00
9542,0.876,2026-09-24T08:27:20.293095+00:00
9543,0.93,2026-09-24T08:27:20.294763+00:00
9544,0.763,2026-09-24T08:27:20.296082+00:00
9545,0.691,2026-09-24T08:27:20.297367+00:00
9546,0.753,2026-09-24T08:27:20.298712+00:00
9547,0.746,2026-09-24T08:27:20.299946+00:00
9548,0.761,2026-09-24T08:27:20.301459+00:00
9549,0.805,2026-09-24T08:27:20.302906+00:00
9550,0.741,2026-09-24T08:27:20.304166+00:00
9551,0.6980000000000001,2026-09-24T08:27:20.305408+00:00
9552,0.9319999999999999,2026-09-24T08:27:20.306844+00:00
9553,0.8220000000000001,2026-09-24T08:27:20.307921+00:00
9554,0.721,2026-09-24T08:27:20.309196+00:00
9555,0.812,2026-09-24T08:27:20.310600+00:00
9556,0.739,2026-09-24T08:27:20.311949+00:00
9557,0.73,2026-09-24T08:27:20.313283+00:00
9558,0.7699999999999999,2026-09-24T08:27:20.314782+00:00
9559,0.725,2026-09-24T08:27:20.315989+00:00
9560,0.796,2026-09-24T08:27:20.317351+00:00
9561,0.725,2026-09-24T08:27:20.318631+00:00
9562,0.713,2026-09-24T08:27:20.319870+00:00
9563,0.732,2026-09-24T08:27:20.321129+00:00
9564,0.851,2026-09-24T08:27:20.322535+00:00
9565,0.833,2026-09-24T08:27:20.323829+00:00
9566,0.747,2026-09-24T08:27:20.325019+00:00
9567,0.772,2026-09-24T08:27:20.326353+00:00
9568,0.683,2026-09-24T08:27:20.327598+00:00
9569,0.678,2026-09-24T08:27:20.328866+00:00
9570,0.716,2026-09-24T08:27:20.330116+00:00
9571,0.8009999999999999,2026-09-24T08:27:20.331572+00:00
9572,0.732,2026-09-24T08:27:20.332855+00:00
9573,0.6890000000000001,2026-09-24T08:27:20.334215+00:00
9574,0.6980000000000001,2026-09-24T08:27:20.335458+00:00
9575,0.768,2026-09-24T08:27:20.336756+00:00
9576,0.726,2026-09-24T08:27:20.337996+00:00
9577,0.755,2026-09-24T08:27:20.339361+00:00
9578,0.7020000000000001,2026-09-24T08:27:20.340608+00:00
9579,0.834,2026-09-24T08:27:20.342095+00:00
9580,0.9700000000000001,2026-09-24T08:27:20.343796+00:00
9581,0.732,2026-09-24T08:27:20.344987+00:00
9582,0.772,2026-09-24T08:27:20.346318+00:00
9583,0.748,2026-09-24T08:27:20.347647+00:00
9584,0.665,2026-09-24T08:27:20.348885+00:00
9585,0.638,2026-09-24T08:27:20.350191+00:00
9586,0.6920000000000001,2026-09-24T08:27:20.351524+00:00
9587,0.648,2026-09-24T08:27:20.352764+00:00
9588,0.638,2026-09-24T08:27:20.354152+00:00
9589,0.684,2026-09-24T08:27:20.355514+00:00
9590,0.653,2026-09-24T08:27:20.356819+00:00
9591,0.737,2026-09-24T08:27:20.358139+00:00
9592,0.8899999999999999,2026-09-24T08:27:20.360771+00:00
9593,0.757,2026-09-24T08:27:20.362201+00:00
9594,1.127,2026-09-24T08:27:20.363992+00:00
9595,0.699,2026-09-24T08:27:20.365333+00:00
9596,0.641,2026-09-24T08:27:20.366591+00:00
9597,0.6970000000000001,2026-09-24T08:27:20.367881+00:00
9598,0.6719999999999999,2026-09-24T08:27:20.369171+00:00
9599,1.011,2026-09-24T08:27:20.370782+00:00
9600,1.284,2026-09-24T08:27:20.372809+00:00
9601,0.916,2026-09-24T08:27:20.373926+00:00
9602,0.8260000000000001,2026-09-24T08:27:20.375723+00:00
9603,0.747,2026-09-24T08:27:20.377029+00:00
9604,0.7969999999999999,2026-09-24T08:27:20.378450+00:00
9605,0.83,2026-09-24T08:27:20.380002+00:00
9606,0.6759999999999999,2026-09-24T08:27:20.381248+00:00
9607,0.772,2026-09-24T08:27:20.382609+00:00
9608,0.6629999999999999,2026-09-24T08:27:20.383855+00:00
9609,1.1150000000000002,2026-09-24T08:27:20.385564+00:00
9610,1.41,2026-09-24T08:27:20.387651+00:00
9611,0.9560000000000001,2026-09-24T08:27:20.389005+00:00
9612,0.7060000000000001,2026-09-24T08:27:20.390292+00:00
9613,0.73,2026-09-24T08:27:20.391598+00:00
9614,0.6849999999999999,2026-09-24T08:27:20.392834+00:00
9615,1.044,2026-09-24T08:27:20.394434+00:00
9616,0.725,2026-09-24T08:27:20.395605+00:00
9617,0.699,2026-09-24T08:27:20.396965+00:00
9618,0.6970000000000001,2026-09-24T08:27:20.398262+00:00
9619,0.6809999999999999,2026-09-24T08:27:20.399554+00:00
9620,0.634,2026-09-24T08:27:20.400725+00:00
9621,0.648,2026-09-24T08:27:20.401937+00:00
9622,0.619,2026-09-24T08:27:20.403071+00:00
9623,0.626,2026-09-24T08:27:20.404288+00:00
9624,0.755,2026-09-24T08:27:20.405593+00:00
9625,0.749,2026-09-24T08:27:20.406757+00:00
9626,1.2229999999999999,2026-09-24T08:27:20.408982+00:00
9627,0.91,2026-09-24T08:27:20.410207+00:00
9628,0.8069999999999999,2026-09-24T08:27:20.411555+00:00
9629,0.9359999999999999,2026-09-24T08:27:20.413102+00:00
9630,0.791,2026-09-24T08:27:20.414561+00:00
9631,0.934,2026-09-24T08:27:20.416093+00:00
9632,0.7290000000000001,2026-09-24T08:27:20.417636+00:00
9633,0.703,2026-09-24T08:27:20.418975+00:00
9634,0.9990000000000001,2026-09-24T08:27:20.420718+00:00
9635,0.767,2026-09-24T08:27:20.421956+00:00
9636,0.6819999999999999,2026-09-24T08:27:20.423200+00:00
9637,0.759,2026-09-24T08:27:20.424529+00:00
9638,0.6849999999999999,2026-09-24T08:27:20.425876+00:00
9639,0.629,2026-09-24T08:27:20.427097+00:00
9640,0.771,2026-09-24T08:27:20.428493+00:00
9641,0.725,2026-09-24T08:27:20.429726+00:00
9642,0.82,2026-09-24T08:27:20.431169+00:00
9643,0.716,2026-09-24T08:27:20.432621+00:00
9644,0.6679999999999999,2026-09-24T08:27:20.433925+00:00
9645,0.62,2026-09-24T08:27:20.435195+00:00
9646,0.705,2026-09-24T08:27:20.436497+00:00
9647,0.9970000000000001,2026-09-24T08:27:20.438175+00:00
9648,1.105,2026-09-24T08:27:20.440376+00:00
9649,1.026,2026-09-24T08:27:20.441845+00:00
9650,0.892,2026-09-24T08:27:20.443380+00:00
9651,0.816,2026-09-24T08:27:20.444943+00:00
9652,0.795,2026-09-24T08:27:20.446482+00:00
9653,0.787,2026-09-24T08:27:20.447869+00:00
9654,0.728,2026-09-24T08:27:20.449231+00:00
9655,1.0,2026-09-24T08:27:20.450995+00:00
9656,0.839,2026-09-24T08:27:20.452384+00:00
9657,0.775,2026-09-24T08:27:20.453821+00:00
9658,0.695,2026-09-24T08:27:20.455024+00:00
9659,0.722,2026-09-24T08:27:20.456206+00:00
9660,0.708,2026-09-24T08:27:20.457479+00:00
9661,1.087,2026-09-24T08:27:20.459329+00:00
9662,0.842,2026-09-24T08:27:20.460802+00:00
9663,0.9790000000000001,2026-09-24T08:27:20.462344+00:00
9664,0.8099999999999999,2026-09-24T08:27:20.463258+00:00
9665,0.565,2026-09-24T08:27:20.464131+00:00
9666,0.516,2026-09-24T08:27:20.465035+00:00
9667,0.474,2026-09-24T08:27:20.465918+00:00
9668,0.5640000000000001,2026-09-24T08:27:20.466915+00:00
9669,0.618,2026-09-24T08:27:20.468088+00:00
9670,0.554,2026-09-24T08:27:20.469138+00:00
9671,0.554,2026-09-24T08:27:20.470393+00:00
9672,0.47,2026-09-24T08:27:20.471389+00:00
9673,0.444,2026-09-24T08:27:20.472354+00:00
9674,0.524,2026-09-24T08:27:20.473544+00:00
9675,0.51,2026-09-24T08:27:20.474688+00:00
9676,0.618,2026-09-24T08:27:20.476168+00:00
9677,0.593,2026-09-24T08:27:20.477380+00:00
9678,0.549,2026-09-24T08:27:20.478566+00:00
9679,1.2149999999999999,2026-09-24T08:27:20.480458+00:00
9680,0.727,2026-09-24T08:27:20.481536+00:00
9681,0.9129999999999999,2026-09-24T08:27:20.484649+00:00
9682,0.743,2026-09-24T08:27:20.485971+00:00
9683,0.626,2026-09-24T08:27:20.487135+00:00
9684,0.566,2026-09-24T08:27:20.488224+00:00
9685,0.5419999999999999,2026-09-24T08:27:20.489295+00:00
9686,0.526,2026-09-24T08:27:20.490319+00:00
9687,0.6859999999999999,2026-09-24T08:27:20.491620+00:00
9688,0.602,2026-09-24T08:27:20.492673+00:00
9689,0.594,2026-09-24T08:27:20.493964+00:00
9690,0.562,2026-09-24T08:27:20.495058+00:00
9691,0.5419999999999999,2026-09-24T08:27:20.496214+00:00
9692,0.546,2026-09-24T08:27:20.497251+00:00
9693,0.5339999999999999,2026-09-24T08:27:20.498276+00:00
9694,0.53,2026-09-24T08:27:20.499314+00:00
9695,0.644,2026-09-24T08:27:20.500458+00:00
9696,0.545,2026-09-24T08:27:20.501473+00:00
9697,0.506,2026-09-24T08:27:20.502479+00:00
9698,0.483,2026-09-24T08:27:20.503462+00:00
9699,0.504,2026-09-24T08:27:20.504475+00:00
9700,0.5339999999999999,2026-09-24T08:27:20.505710+00:00
9701,0.491,2026-09-24T08:27:20.506722+00:00
9702,0.5419999999999999,2026-09-24T08:27:20.507754+00:00
9703,0.719,2026-09-24T08:27:20.508916+00:00
9704,0.5469999999999999,2026-09-24T08:27:20.510038+00:00
9705,0.535,2026-09-24T08:27:20.511100+00:00
9706,0.593,2026-09-24T08:27:20.512477+00:00
9707,0.6130000000000001,2026-09-24T08:27:20.513663+00:00
9708,0.593,2026-09-24T08:27:20.514774+00:00
9709,0.574,2026-09-24T08:27:20.515867+00:00
9710,0.791,2026-09-24T08:27:20.517163+00:00
9711,0.5469999999999999,2026-09-24T08:27:20.518027+00:00
9712,0.545,2026-09-24T08:27:20.519097+00:00
9713,0.608,2026-09-24T08:27:20.520204+00:00
9714,0.597,2026-09-24T08:27:20.521337+00:00
9715,0.5509999999999999,2026-09-24T08:27:20.522392+00:00
9716,0.553,2026-09-24T08:27:20.523599+00:00
9717,0.602,2026-09-24T08:27:20.524686+00:00
9718,0.5419999999999999,2026-09-24T08:27:20.525741+00:00
9719,0.514,2026-09-24T08:27:20.526738+00:00
9720,0.5760000000000001,2026-09-24T08:27:20.527827+00:00
9721,0.544,2026-09-24T08:27:20.529017+00:00
9722,0.528,2026-09-24T08:27:20.530081+00:00
9723,0.54,2026-09-24T08:27:20.531133+00:00
9724,0.565,2026-09-24T08:27:20.532257+00:00
9725,0.933,2026-09-24T08:27:20.533747+00:00
9726,0.5730000000000001,2026-09-24T08:27:20.534569+00:00
9727,0.555,2026-09-24T08:27:20.535640+00:00
9728,0.579,2026-09-24T08:27:20.536879+00:00
9729,0.5599999999999999,2026-09-24T08:27:20.538089+00:00
9730,0.559,2026-09-24T08:27:20.539231+00:00
9731,0.5630000000000001,2026-09-24T08:27:20.540335+00:00
9732,0.622,2026-09-24T08:27:20.541480+00:00
9733,0.61,2026-09-24T08:27:20.542800+00:00
9734,0.647,2026-09-24T08:27:20.543982+00:00
9735,0.629,2026-09-24T08:27:20.545321+00:00
9736,0.614,2026-09-24T08:27:20.546406+00:00
9737,0.629,2026-09-24T08:27:20.547548+00:00
9738,0.62,2026-09-24T08:27:20.548708+00:00
9739,0.5720000000000001,2026-09-24T08:27:20.549780+00:00
9740,0.608,2026-09-24T08:27:20.550915+00:00
9741,0.554,2026-09-24T08:27:20.551926+00:00
9742,0.587,2026-09-24T08:27:20.552982+00:00
9743,0.571,2026-09-24T08:27:20.554059+00:00
9744,0.587,2026-09-24T08:27:20.555217+00:00
9745,0.5810000000000001,2026-09-24T08:27:20.556285+00:00
9746,0.5720000000000001,2026-09-24T08:27:20.557339+00:00
9747,0.603,2026-09-24T08:27:20.558426+00:00
9748,0.587,2026-09-24T08:27:20.559610+00:00
9749,1.08,2026-09-24T08:27:20.561195+00:00
9750,2.064,2026-09-24T08:27:20.563698+00:00
9751,0.967,2026-09-24T08:27:20.565281+00:00
9752,0.756,2026-09-24T08:27:20.566823+00:00
9753,0.653,2026-09-24T08:27:20.568093+00:00
9754,0.6759999999999999,2026-09-24T08:27:20.569344+00:00
9755,0.608,2026-09-24T08:27:20.570443+00:00
9756,0.603,2026-09-24T08:27:20.571540+00:00
9757,0.621,2026-09-24T08:27:20.572696+00:00
9758,0.875,2026-09-24T08:27:20.574043+00:00
9759,0.6849999999999999,2026-09-24T08:27:20.574995+00:00
9760,0.757,2026-09-24T08:27:20.576233+00:00
9761,0.617,2026-09-24T08:27:20.577327+00:00
9762,0.592,2026-09-24T08:27:20.578452+00:00
9763,0.967,2026-09-24T08:27:20.580261+00:00
9764,0.74,2026-09-24T08:27:20.581713+00:00
9765,1.261,2026-09-24T08:27:20.583846+00:00
9766,0.7020000000000001,2026-09-24T08:27:20.585006+00:00
9767,0.5419999999999999,2026-09-24T08:27:20.586113+00:00
9768,0.532,2026-09-24T08:27:20.587177+00:00
9769,0.5599999999999999,2026-09-24T08:27:20.588224+00:00
9770,0.5429999999999999,2026-09-24T08:27:20.589267+00:00
9771,0.512,2026-09-24T08:27:20.590257+00:00
9772,0.505,2026-09-24T08:27:20.591248+00:00
9773,0.523,2026-09-24T08:27:20.592292+00:00
9774,0.513,2026-09-24T08:27:20.593314+00:00
9775,0.494,2026-09-24T08:27:20.594390+00:00
9776,0.503,2026-09-24T08:27:20.595390+00:00
9777,0.521,2026-09-24T08:27:20.596445+00:00
9778,0.522,2026-09-24T08:27:20.597482+00:00
9779,0.53,2026-09-24T08:27:20.598477+00:00
9780,0.648,2026-09-24T08:27:20.599851+00:00
9781,0.593,2026-09-24T08:27:20.600975+00:00
9782,0.517,2026-09-24T08:27:20.601968+00:00
9783,0.5289999999999999,2026-09-24T08:27:20.603038+00:00
9784,0.519,2026-09-24T08:27:20.604066+00:00
9785,0.506,2026-09-24T08:27:20.605044+00:00
9786,0.515,2026-09-24T08:27:20.606049+00:00
9787,0.5109999999999999,2026-09-24T08:27:20.607065+00:00
9788,0.491,2026-09-24T08:27:20.608081+00:00
9789,0.484,2026-09-24T08:27:20.609087+00:00
9790,0.507,2026-09-24T08:27:20.610106+00:00
9791,0.535,2026-09-24T08:27:20.611135+00:00
9792,0.516,2026-09-24T08:27:20.612161+00:00
9793,0.501,2026-09-24T08:27:20.613152+00:00
9794,0.525,2026-09-24T08:27:20.614167+00:00
9795,0.517,2026-09-24T08:27:20.615315+00:00
9796,0.524,2026-09-24T08:27:20.616403+00:00
9797,0.5630000000000001,2026-09-24T08:27:20.617462+00:00
9798,0.509,2026-09-24T08:27:20.618423+00:00
9799,0.5,2026-09-24T08:27:20.619490+00:00
9800,0.53,2026-09-24T08:27:20.620488+00:00
9801,0.46900000000000003,2026-09-24T08:27:20.621434+00:00
9802,0.521,2026-09-24T08:27:20.622435+00:00
9803,0.48000000000000004,2026-09-24T08:27:20.623371+00:00
9804,0.879,2026-09-24T08:27:20.624719+00:00
9805,0.8059999999999999,2026-09-24T08:27:20.625621+00:00
9806,0.638,2026-09-24T08:27:20.626553+00:00
9807,0.5730000000000001,2026-09-24T08:27:20.627482+00:00
9808,0.596,2026-09-24T08:27:20.628587+00:00
9809,0.687,2026-09-24T08:27:20.629896+00:00
9810,0.5720000000000001,2026-09-24T08:27:20.631077+00:00
9811,0.6880000000000001,2026-09-24T08:27:20.632231+00:00
9812,0.545,2026-09-24T08:27:20.633202+00:00
9813,0.617,2026-09-24T08:27:20.634244+00:00
9814,1.042,2026-09-24T08:27:20.635773+00:00
9815,0.705,2026-09-24T08:27:20.637048+00:00
9816,0.775,2026-09-24T08:27:20.638558+00:00
9817,0.611,2026-09-24T08:27:20.639640+00:00
9818,0.65,2026-09-24T08:27:20.640856+00:00
9819,0.6449999999999999,2026-09-24T08:27:20.641978+00:00
9820,0.633,2026-09-24T08:27:20.643109+00:00
9821,0.625,2026-09-24T08:27:20.644292+00:00
9822,0.5810000000000001,2026-09-24T08:27:20.645341+00:00
9823,0.627,2026-09-24T08:27:20.646471+00:00
9824,0.723,2026-09-24T08:27:20.647897+00:00
9825,0.619,2026-09-24T08:27:20.648950+00:00
9826,0.583,2026-09-24T08:27:20.650003+00:00
9827,0.636,2026-09-24T08:27:20.651133+00:00
9828,0.592,2026-09-24T08:27:20.652220+00:00
9829,0.5900000000000001,2026-09-24T08:27:20.653295+00:00
9830,0.585,2026-09-24T08:27:20.654353+00:00
9831,0.599,2026-09-24T08:27:20.655432+00:00
9832,0.5950000000000001,2026-09-24T08:27:20.656508+00:00
9833,0.609,2026-09-24T08:27:20.657554+00:00
9834,0.6880000000000001,2026-09-24T08:27:20.658767+00:00
9835,0.655,2026-09-24T08:27:20.659924+00:00
9836,0.615,2026-09-24T08:27:20.661002+00:00
9837,0.68,2026-09-24T08:27:20.662145+00:00
9838,0.646,2026-09-24T08:27:20.663301+00:00
9839,0.723,2026-09-24T08:27:20.664664+00:00
9840,0.6629999999999999,2026-09-24T08:27:20.665971+00:00
9841,0.804,2026-09-24T08:27:20.667299+00:00
9842,0.5770000000000001,2026-09-24T08:27:20.668353+00:00
9843,0.6040000000000001,2026-09-24T08:27:20.669532+00:00
9844,0.5609999999999999,2026-09-24T08:27:20.670636+00:00
9845,0.655,2026-09-24T08:27:20.671924+00:00
9846,0.624,2026-09-24T08:27:20.672987+00:00
9847,0.592,2026-09-24T08:27:20.674116+00:00
9848,0.553,2026-09-24T08:27:20.675203+00:00
9849,0.5670000000000001,2026-09-24T08:27:20.676329+00:00
9850,0.562,2026-09-24T08:27:20.677562+00:00
9851,0.5519999999999999,2026-09-24T08:27:20.678691+00:00
9852,0.525,2026-09-24T08:27:20.679733+00:00
9853,0.558,2026-09-24T08:27:20.680762+00:00
9854,0.5680000000000001,2026-09-24T08:27:20.681929+00:00
9855,0.5609999999999999,2026-09-24T08:27:20.682995+00:00
9856,0.619,2026-09-24T08:27:20.684146+00:00
9857,0.5900000000000001,2026-09-24T08:27:20.685262+00:00
9858,0.5509999999999999,2026-09-24T08:27:20.686345+00:00
9859,0.585,2026-09-24T08:27:20.687457+00:00
9860,0.6040000000000001,2026-09-24T08:27:20.688563+00:00
9861,0.5609999999999999,2026-09-24T08:27:20.689681+00:00
9862,0.555,2026-09-24T08:27:20.690803+00:00
9863,0.5760000000000001,2026-09-24T08:27:20.691879+00:00
9864,0.539,2026-09-24T08:27:20.692963+00:00
9865,0.664,2026-09-24T08:27:20.694192+00:00
9866,0.592,2026-09-24T08:27:20.695330+00:00
9867,0.599,2026-09-24T08:27:20.696461+00:00
9868,0.65,2026-09-24T08:27:20.697703+00:00
9869,0.5950000000000001,2026-09-24T08:27:20.698766+00:00
9870,0.5910000000000001,2026-09-24T08:27:20.699827+00:00
9871,0.8630000000000001,2026-09-24T08:27:20.701169+00:00
9872,0.6130000000000001,2026-09-24T08:27:20.702326+00:00
9873,0.639,2026-09-24T08:27:20.703477+00:00
9874,1.099,2026-09-24T08:27:20.705280+00:00
9875,0.929,2026-09-24T08:27:20.706880+00:00
9876,0.733,2026-09-24T08:27:20.708254+00:00
9877,0.589,2026-09-24T08:27:20.709459+00:00
9878,0.829,2026-09-24T08:27:20.710786+00:00
9879,0.619,2026-09-24T08:27:20.711925+00:00
9880,0.527,2026-09-24T08:27:20.712966+00:00
9881,0.499,2026-09-24T08:27:20.713970+00:00
9882,0.653,2026-09-24T08:27:20.715328+00:00
9883,0.5860000000000001,2026-09-24T08:27:20.716776+00:00
9884,0.559,2026-09-24T08:27:20.717868+00:00
9885,0.5109999999999999,2026-09-24T08:27:20.718862+00:00
9886,0.47800000000000004,2026-09-24T08:27:20.719825+00:00
9887,0.491,2026-09-24T08:27:20.720843+00:00
9888,0.49,2026-09-24T08:27:20.721801+00:00
9889,0.5,2026-09-24T08:27:20.722750+00:00
9890,0.508,2026-09-24T08:27:20.723750+00:00
9891,0.46299999999999997,2026-09-24T08:27:20.724725+00:00
9892,0.482,2026-09-24T08:27:20.725721+00:00
9893,0.503,2026-09-24T08:27:20.726722+00:00
9894,0.592,2026-09-24T08:27:20.727936+00:00
9895,0.504,2026-09-24T08:27:20.729117+00:00
9896,0.475,2026-09-24T08:27:20.730115+00:00
9897,0.49700000000000005,2026-09-24T08:27:20.731186+00:00
9898,0.48700000000000004,2026-09-24T08:27:20.732433+00:00
9899,0.488,2026-09-24T08:27:20.733501+00:00
9900,0.481,2026-09-24T08:27:20.734520+00:00
9901,0.71,2026-09-24T08:27:20.735756+00:00
9902,0.644,2026-09-24T08:27:20.736772+00:00
9903,0.612,2026-09-24T08:27:20.737846+00:00
9904,0.6669999999999999,2026-09-24T08:27:20.738985+00:00
9905,0.614,2026-09-24T08:27:20.740130+00:00
9906,0.6719999999999999,2026-09-24T08:27:20.741327+00:00
9907,0.601,2026-09-24T08:27:20.742318+00:00
9908,0.536,2026-09-24T08:27:20.743331+00:00
9909,0.48700000000000004,2026-09-24T08:27:20.744290+00:00
9910,0.47800000000000004,2026-09-24T08:27:20.745269+00:00
9911,0.608,2026-09-24T08:27:20.746362+00:00
9912,0.618,2026-09-24T08:27:20.747460+00:00
9913,0.617,2026-09-24T08:27:20.748732+00:00
9914,0.5860000000000001,2026-09-24T08:27:20.749786+00:00
9915,0.608,2026-09-24T08:27:20.750883+00:00
9916,0.5770000000000001,2026-09-24T08:27:20.752001+00:00
9917,0.575,2026-09-24T08:27:20.753070+00:00
9918,0.554,2026-09-24T08:27:20.754122+00:00
9919,0.578,2026-09-24T08:27:20.755233+00:00
9920,0.57,2026-09-24T08:27:20.756337+00:00
9921,0.5730000000000001,2026-09-24T08:27:20.757403+00:00
9922,0.5640000000000001,2026-09-24T08:27:20.758461+00:00
9923,0.623,2026-09-24T08:27:20.759566+00:00
9924,0.939,2026-09-24T08:27:20.760972+00:00
9925,0.771,2026-09-24T08:27:20.761824+00:00
9926,0.683,2026-09-24T08:27:20.762812+00:00
9927,0.883,2026-09-24T08:27:20.763990+00:00
9928,0.76,2026-09-24T08:27:20.765082+00:00
9929,0.734,2026-09-24T08:27:20.765998+00:00
9930,0.7739999999999999,2026-09-24T08:27:20.766950+00:00
9931,0.775,2026-09-24T08:27:20.767943+00:00
9932,0.764,2026-09-24T08:27:20.768889+00:00
9933,0.776,2026-09-24T08:27:20.769879+00:00
9934,0.694,2026-09-24T08:27:20.770763+00:00
9935,0.808,2026-09-24T08:27:20.771897+00:00
9936,0.732,2026-09-24T08:27:20.772813+00:00
9937,0.7699999999999999,2026-09-24T08:27:20.773821+00:00
9938,0.764,2026-09-24T08:27:20.774797+00:00
9939,0.9890000000000001,2026-09-24T08:27:20.775989+00:00
9940,0.719,2026-09-24T08:27:20.776762+00:00
9941,0.718,2026-09-24T08:27:20.777826+00:00
9942,0.592,2026-09-24T08:27:20.778998+00:00
9943,0.592,2026-09-24T08:27:20.779992+00:00
9944,0.846,2026-09-24T08:27:20.781252+00:00
9945,0.769,2026-09-24T08:27:20.782160+00:00
9946,0.637,2026-09-24T08:27:20.783113+00:00
9947,0.64,2026-09-24T08:27:20.784090+00:00
9948,0.65,2026-09-24T08:27:20.785071+00:00
9949,0.634,2026-09-24T08:27:20.786061+00:00
9950,0.902,2026-09-24T08:27:20.787329+00:00
9951,1.075,2026-09-24T08:27:20.788920+00:00
9952,0.957,2026-09-24T08:27:20.789998+00:00
9953,0.805,2026-09-24T08:27:20.791048+00:00
9954,0.749,2026-09-24T08:27:20.792039+00:00
9955,0.939,2026-09-24T08:27:20.793565+00:00
9956,0.8310000000000001,2026-09-24T08:27:20.794610+00:00
9957,1.008,2026-09-24T08:27:20.796027+00:00
9958,1.0250000000000001,2026-09-24T08:27:20.797478+00:00
9959,0.79,2026-09-24T08:27:20.798883+00:00
9960,0.7010000000000001,2026-09-24T08:27:20.800139+00:00
9961,0.726,2026-09-24T08:27:20.801423+00:00
9962,0.731,2026-09-24T08:27:20.802716+00:00
9963,0.775,2026-09-24T08:27:20.804306+00:00
9964,0.9079999999999999,2026-09-24T08:27:20.805872+00:00
9965,1.0250000000000001,2026-09-24T08:27:20.807655+00:00
9966,0.8059999999999999,2026-09-24T08:27:20.808946+00:00
9967,0.882,2026-09-24T08:27:20.810509+00:00
9968,0.782,2026-09-24T08:27:20.811929+00:00
9969,1.105,2026-09-24T08:27:20.813931+00:00
9970,0.8899999999999999,2026-09-24T08:27:20.815516+00:00
9971,0.734,2026-09-24T08:27:20.816858+00:00
9972,0.787,2026-09-24T08:27:20.818469+00:00
9973,1.087,2026-09-24T08:27:20.820015+00:00
9974,1.077,2026-09-24T08:27:20.821377+00:00
9975,0.884,2026-09-24T08:27:20.822578+00:00
9976,0.879,2026-09-24T08:27:20.823997+00:00
9977,0.664,2026-09-24T08:27:20.825263+00:00
9978,0.727,2026-09-24T08:27:20.826555+00:00
9979,0.624,2026-09-24T08:27:20.827583+00:00
9980,0.61,2026-09-24T08:27:20.828687+00:00
9981,0.6449999999999999,2026-09-24T08:27:20.829826+00:00
9982,0.7919999999999999,2026-09-24T08:27:20.831137+00:00
9983,0.7380000000000001,2026-09-24T08:27:20.832430+00:00
9984,0.825,2026-09-24T08:27:20.833831+00:00
9985,0.646,2026-09-24T08:27:20.834965+00:00
9986,0.608,2026-09-24T08:27:20.836048+00:00
9987,0.532,2026-09-24T08:27:20.837178+00:00
9988,0.5640000000000001,2026-09-24T08:27:20.838181+00:00
9989,0.518,2026-09-24T08:27:20.839140+00:00
9990,0.514,2026-09-24T08:27:20.840091+00:00
9991,0.48700000000000004,2026-09-24T08:27:20.841007+00:00
9992,0.5910000000000001,2026-09-24T08:27:20.842034+00:00
9993,0.562,2026-09-24T08:27:20.843050+00:00
9994,0.51,2026-09-24T08:27:20.844057+00:00
9995,0.664,2026-09-24T08:27:20.845144+00:00
9996,0.5109999999999999,2026-09-24T08:27:20.846124+00:00
9997,0.486,2026-09-24T08:27:20.847049+00:00
9998,0.49299999999999994,2026-09-24T08:27:20.848000+00:00
9999,0.482,2026-09-24T08:27:20.848943+00:00
10000,0.519,2026-09-24T08:27:20.849980+00:00
10001,0.597,2026-09-24T08:27:20.851065+00:00
10002,0.49799999999999994,2026-09-24T08:27:20.852176+00:00
10003,0.639,2026-09-24T08:27:20.853288+00:00
10004,0.49200000000000005,2026-09-24T08:27:20.854226+00:00
10005,0.491,2026-09-24T08:27:20.855176+00:00
10006,0.48899999999999993,2026-09-24T08:27:20.856125+00:00
10007,0.48700000000000004,2026-09-24T08:27:20.857102+00:00
10008,0.48700000000000004,2026-09-24T08:27:20.858051+00:00
10009,0.475,2026-09-24T08:27:20.859018+00:00
10010,0.474,2026-09-24T08:27:20.859976+00:00
