Linux 7.2.6-200.fc44.x86_64 (fedora.fritz.box) 	09/26/2026 	_x86_64_	(16 CPU)

avg-cpu:  %user   %nice %system %iowait  %steal   %idle
           0.65    0.01    0.66    2.42    0.00   96.25

Device            r/s     rkB/s   rrqm/s  %rrqm r_await rareq-sz     w/s     wkB/s   wrqm/s  %wrqm w_await wareq-sz     d/s     dkB/s   drqm/s  %drqm d_await dareq-sz     f/s f_await  aqu-sz  %util
nvme0n1         12.55    383.20     1.55  10.97    2.42    30.54 1389.87  15646.26     0.28   0.02    0.35    11.26    0.14     40.90     0.00   0.00    1.88   290.25  135.07    1.92    0.78  39.09


avg-cpu:  %user   %nice %system %iowait  %steal   %idle
           1.18    0.00    0.93    1.99    0.00   95.89

Device            r/s     rkB/s   rrqm/s  %rrqm r_await rareq-sz     w/s     wkB/s   wrqm/s  %wrqm w_await wareq-sz     d/s     dkB/s   drqm/s  %drqm d_await dareq-sz     f/s f_await  aqu-sz  %util
nvme0n1          0.00      0.00     0.00   0.00    0.00     0.00 1422.00  17996.00     0.00   0.00    0.28    12.66    0.00      0.00     0.00   0.00    0.00     0.00  115.00    1.95    0.62  33.10


avg-cpu:  %user   %nice %system %iowait  %steal   %idle
           0.12    0.00    0.50    5.96    0.00   93.42

Device            r/s     rkB/s   rrqm/s  %rrqm r_await rareq-sz     w/s     wkB/s   wrqm/s  %wrqm w_await wareq-sz     d/s     dkB/s   drqm/s  %drqm d_await dareq-sz     f/s f_await  aqu-sz  %util
nvme0n1          0.00      0.00     0.00   0.00    0.00     0.00 4341.00  56136.00     0.00   0.00    0.27    12.93    0.00      0.00     0.00   0.00    0.00     0.00  333.00    1.98    1.84  97.60


avg-cpu:  %user   %nice %system %iowait  %steal   %idle
           0.25    0.00    0.50    5.94    0.00   93.31

Device            r/s     rkB/s   rrqm/s  %rrqm r_await rareq-sz     w/s     wkB/s   wrqm/s  %wrqm w_await wareq-sz     d/s     dkB/s   drqm/s  %drqm d_await dareq-sz     f/s f_await  aqu-sz  %util
nvme0n1          1.00     16.00     0.00   0.00    1.00    16.00 4228.00  54328.00     0.00   0.00    0.28    12.85    0.00      0.00     0.00   0.00    0.00     0.00  333.00    1.97    1.83  97.70


avg-cpu:  %user   %nice %system %iowait  %steal   %idle
           0.25    0.00    0.56    5.90    0.00   93.29

Device            r/s     rkB/s   rrqm/s  %rrqm r_await rareq-sz     w/s     wkB/s   wrqm/s  %wrqm w_await wareq-sz     d/s     dkB/s   drqm/s  %drqm d_await dareq-sz     f/s f_await  aqu-sz  %util
nvme0n1          0.00      0.00     0.00   0.00    0.00     0.00 4202.00  53856.00     0.00   0.00    0.27    12.82    0.00      0.00     0.00   0.00    0.00     0.00  335.00    1.95    1.80  97.30


avg-cpu:  %user   %nice %system %iowait  %steal   %idle
           0.25    0.00    0.56    5.94    0.00   93.25

Device            r/s     rkB/s   rrqm/s  %rrqm r_await rareq-sz     w/s     wkB/s   wrqm/s  %wrqm w_await wareq-sz     d/s     dkB/s   drqm/s  %drqm d_await dareq-sz     f/s f_await  aqu-sz  %util
nvme0n1          0.00      0.00     0.00   0.00    0.00     0.00 4380.00  56616.00     0.00   0.00    0.27    12.93    0.00      0.00     0.00   0.00    0.00     0.00  336.00    1.96    1.83  97.40


avg-cpu:  %user   %nice %system %iowait  %steal   %idle
           0.19    0.00    0.43    5.90    0.00   93.48

Device            r/s     rkB/s   rrqm/s  %rrqm r_await rareq-sz     w/s     wkB/s   wrqm/s  %wrqm w_await wareq-sz     d/s     dkB/s   drqm/s  %drqm d_await dareq-sz     f/s f_await  aqu-sz  %util
nvme0n1          0.00      0.00     0.00   0.00    0.00     0.00 4304.00  55608.00     0.00   0.00    0.27    12.92    0.00      0.00     0.00   0.00    0.00     0.00  332.00    1.99    1.83  96.50


avg-cpu:  %user   %nice %system %iowait  %steal   %idle
           0.12    0.00    0.50    6.01    0.00   93.37

Device            r/s     rkB/s   rrqm/s  %rrqm r_await rareq-sz     w/s     wkB/s   wrqm/s  %wrqm w_await wareq-sz     d/s     dkB/s   drqm/s  %drqm d_await dareq-sz     f/s f_await  aqu-sz  %util
nvme0n1          0.00      0.00     0.00   0.00    0.00     0.00 4387.00  56712.00     0.00   0.00    0.27    12.93    0.00      0.00     0.00   0.00    0.00     0.00  337.00    1.93    1.83  98.10


avg-cpu:  %user   %nice %system %iowait  %steal   %idle
           0.19    0.00    0.43    5.82    0.00   93.56

Device            r/s     rkB/s   rrqm/s  %rrqm r_await rareq-sz     w/s     wkB/s   wrqm/s  %wrqm w_await wareq-sz     d/s     dkB/s   drqm/s  %drqm d_await dareq-sz     f/s f_await  aqu-sz  %util
nvme0n1          1.00     16.00     0.00   0.00    1.00    16.00 4256.00  55032.00     0.00   0.00    0.28    12.93    0.00      0.00     0.00   0.00    0.00     0.00  326.00    2.03    1.84  96.00


avg-cpu:  %user   %nice %system %iowait  %steal   %idle
           0.19    0.00    0.56    5.90    0.00   93.36

Device            r/s     rkB/s   rrqm/s  %rrqm r_await rareq-sz     w/s     wkB/s   wrqm/s  %wrqm w_await wareq-sz     d/s     dkB/s   drqm/s  %drqm d_await dareq-sz     f/s f_await  aqu-sz  %util
nvme0n1          0.00      0.00     0.00   0.00    0.00     0.00 4292.00  55472.00     0.00   0.00    0.27    12.92    0.00      0.00     0.00   0.00    0.00     0.00  330.00    2.00    1.84  97.80


avg-cpu:  %user   %nice %system %iowait  %steal   %idle
           0.25    0.00    0.56    5.93    0.00   93.27

Device            r/s     rkB/s   rrqm/s  %rrqm r_await rareq-sz     w/s     wkB/s   wrqm/s  %wrqm w_await wareq-sz     d/s     dkB/s   drqm/s  %drqm d_await dareq-sz     f/s f_await  aqu-sz  %util
nvme0n1          0.00      0.00     0.00   0.00    0.00     0.00 4296.00  55536.00     0.00   0.00    0.27    12.93    0.00      0.00     0.00   0.00    0.00     0.00  330.00    1.98    1.83  97.20


avg-cpu:  %user   %nice %system %iowait  %steal   %idle
           0.19    0.00    0.43    5.95    0.00   93.43

Device            r/s     rkB/s   rrqm/s  %rrqm r_await rareq-sz     w/s     wkB/s   wrqm/s  %wrqm w_await wareq-sz     d/s     dkB/s   drqm/s  %drqm d_await dareq-sz     f/s f_await  aqu-sz  %util
nvme0n1          0.00      0.00     0.00   0.00    0.00     0.00 4293.00  55472.00     0.00   0.00    0.27    12.92    0.00      0.00     0.00   0.00    0.00     0.00  331.00    2.00    1.84  97.50


avg-cpu:  %user   %nice %system %iowait  %steal   %idle
           0.19    0.00    0.56    5.88    0.00   93.38

Device            r/s     rkB/s   rrqm/s  %rrqm r_await rareq-sz     w/s     wkB/s   wrqm/s  %wrqm w_await wareq-sz     d/s     dkB/s   drqm/s  %drqm d_await dareq-sz     f/s f_await  aqu-sz  %util
nvme0n1          0.00      0.00     0.00   0.00    0.00     0.00 4356.00  56336.00     0.00   0.00    0.27    12.93    0.00      0.00     0.00   0.00    0.00     0.00  334.00    1.95    1.83  97.20


avg-cpu:  %user   %nice %system %iowait  %steal   %idle
           0.12    0.00    0.43    5.95    0.00   93.49

Device            r/s     rkB/s   rrqm/s  %rrqm r_await rareq-sz     w/s     wkB/s   wrqm/s  %wrqm w_await wareq-sz     d/s     dkB/s   drqm/s  %drqm d_await dareq-sz     f/s f_await  aqu-sz  %util
nvme0n1          0.00      0.00     0.00   0.00    0.00     0.00 4264.00  55104.00     0.00   0.00    0.27    12.92    0.00      0.00     0.00   0.00    0.00     0.00  328.00    2.02    1.83  97.40


avg-cpu:  %user   %nice %system %iowait  %steal   %idle
           0.19    0.00    0.50    5.90    0.00   93.42

Device            r/s     rkB/s   rrqm/s  %rrqm r_await rareq-sz     w/s     wkB/s   wrqm/s  %wrqm w_await wareq-sz     d/s     dkB/s   drqm/s  %drqm d_await dareq-sz     f/s f_await  aqu-sz  %util
nvme0n1          0.00      0.00     0.00   0.00    0.00     0.00 4254.00  55000.00     0.00   0.00    0.28    12.93    0.00      0.00     0.00   0.00    0.00     0.00  326.00    2.03    1.83  97.40


avg-cpu:  %user   %nice %system %iowait  %steal   %idle
           0.19    0.00    0.43    5.94    0.00   93.44

Device            r/s     rkB/s   rrqm/s  %rrqm r_await rareq-sz     w/s     wkB/s   wrqm/s  %wrqm w_await wareq-sz     d/s     dkB/s   drqm/s  %drqm d_await dareq-sz     f/s f_await  aqu-sz  %util
nvme0n1          1.00     16.00     0.00   0.00    1.00    16.00 4304.00  55608.00     0.00   0.00    0.27    12.92    0.00      0.00     0.00   0.00    0.00     0.00  332.00    1.99    1.84  96.60


avg-cpu:  %user   %nice %system %iowait  %steal   %idle
           0.19    0.00    0.50    5.94    0.00   93.38

Device            r/s     rkB/s   rrqm/s  %rrqm r_await rareq-sz     w/s     wkB/s   wrqm/s  %wrqm w_await wareq-sz     d/s     dkB/s   drqm/s  %drqm d_await dareq-sz     f/s f_await  aqu-sz  %util
nvme0n1          0.00      0.00     0.00   0.00    0.00     0.00 4362.00  56408.00     0.00   0.00    0.27    12.93    0.00      0.00     0.00   0.00    0.00     0.00  334.00    1.96    1.82  97.50


avg-cpu:  %user   %nice %system %iowait  %steal   %idle
           0.19    0.00    0.50    5.88    0.00   93.44

Device            r/s     rkB/s   rrqm/s  %rrqm r_await rareq-sz     w/s     wkB/s   wrqm/s  %wrqm w_await wareq-sz     d/s     dkB/s   drqm/s  %drqm d_await dareq-sz     f/s f_await  aqu-sz  %util
nvme0n1          0.00      0.00     0.00   0.00    0.00     0.00 4307.00  55672.00     0.00   0.00    0.27    12.93    0.00      0.00     0.00   0.00    0.00     0.00  331.00    1.99    1.82  96.60


avg-cpu:  %user   %nice %system %iowait  %steal   %idle
           0.25    0.00    0.49    5.94    0.00   93.32

Device            r/s     rkB/s   rrqm/s  %rrqm r_await rareq-sz     w/s     wkB/s   wrqm/s  %wrqm w_await wareq-sz     d/s     dkB/s   drqm/s  %drqm d_await dareq-sz     f/s f_await  aqu-sz  %util
nvme0n1          0.00      0.00     0.00   0.00    0.00     0.00 4291.00  55440.00     0.00   0.00    0.27    12.92    0.00      0.00     0.00   0.00    0.00     0.00  331.00    1.98    1.82  97.80


avg-cpu:  %user   %nice %system %iowait  %steal   %idle
           0.19    0.00    0.31    6.07    0.00   93.44

Device            r/s     rkB/s   rrqm/s  %rrqm r_await rareq-sz     w/s     wkB/s   wrqm/s  %wrqm w_await wareq-sz     d/s     dkB/s   drqm/s  %drqm d_await dareq-sz     f/s f_await  aqu-sz  %util
nvme0n1          0.00      0.00     0.00   0.00    0.00     0.00 4371.00  56512.00     0.00   0.00    0.27    12.93    0.00      0.00     0.00   0.00    0.00     0.00  335.00    1.97    1.83  98.20


avg-cpu:  %user   %nice %system %iowait  %steal   %idle
           0.19    0.00    0.62    5.81    0.00   93.39

Device            r/s     rkB/s   rrqm/s  %rrqm r_await rareq-sz     w/s     wkB/s   wrqm/s  %wrqm w_await wareq-sz     d/s     dkB/s   drqm/s  %drqm d_await dareq-sz     f/s f_await  aqu-sz  %util
nvme0n1          0.00      0.00     0.00   0.00    0.00     0.00 4334.00  56008.00     0.00   0.00    0.27    12.92    0.00      0.00     0.00   0.00    0.00     0.00  334.00    1.97    1.83  96.50


avg-cpu:  %user   %nice %system %iowait  %steal   %idle
           0.12    0.00    0.56    6.00    0.00   93.33

Device            r/s     rkB/s   rrqm/s  %rrqm r_await rareq-sz     w/s     wkB/s   wrqm/s  %wrqm w_await wareq-sz     d/s     dkB/s   drqm/s  %drqm d_await dareq-sz     f/s f_await  aqu-sz  %util
nvme0n1          0.00      0.00     0.00   0.00    0.00     0.00 4285.00  55456.00     0.00   0.00    0.27    12.94    0.00      0.00     0.00   0.00    0.00     0.00  327.00    2.01    1.82  98.40


avg-cpu:  %user   %nice %system %iowait  %steal   %idle
           0.19    0.00    0.37    5.95    0.00   93.49

Device            r/s     rkB/s   rrqm/s  %rrqm r_await rareq-sz     w/s     wkB/s   wrqm/s  %wrqm w_await wareq-sz     d/s     dkB/s   drqm/s  %drqm d_await dareq-sz     f/s f_await  aqu-sz  %util
nvme0n1          0.00      0.00     0.00   0.00    0.00     0.00 4389.00  56744.00     0.00   0.00    0.27    12.93    0.00      0.00     0.00   0.00    0.00     0.00  337.00    1.96    1.83  97.40


avg-cpu:  %user   %nice %system %iowait  %steal   %idle
           0.19    0.00    0.56    5.93    0.00   93.33

Device            r/s     rkB/s   rrqm/s  %rrqm r_await rareq-sz     w/s     wkB/s   wrqm/s  %wrqm w_await wareq-sz     d/s     dkB/s   drqm/s  %drqm d_await dareq-sz     f/s f_await  aqu-sz  %util
nvme0n1          0.00      0.00     0.00   0.00    0.00     0.00 4383.00  56672.00     0.00   0.00    0.27    12.93    0.00      0.00     0.00   0.00    0.00     0.00  337.00    1.95    1.82  97.30


avg-cpu:  %user   %nice %system %iowait  %steal   %idle
           0.25    0.00    0.43    5.99    0.00   93.33

Device            r/s     rkB/s   rrqm/s  %rrqm r_await rareq-sz     w/s     wkB/s   wrqm/s  %wrqm w_await wareq-sz     d/s     dkB/s   drqm/s  %drqm d_await dareq-sz     f/s f_await  aqu-sz  %util
nvme0n1          0.00      0.00     0.00   0.00    0.00     0.00 4381.00  56672.00     0.00   0.00    0.27    12.94    0.00      0.00     0.00   0.00    0.00     0.00  335.00    1.96    1.82  97.20


avg-cpu:  %user   %nice %system %iowait  %steal   %idle
           0.19    0.00    0.50    5.89    0.00   93.43

Device            r/s     rkB/s   rrqm/s  %rrqm r_await rareq-sz     w/s     wkB/s   wrqm/s  %wrqm w_await wareq-sz     d/s     dkB/s   drqm/s  %drqm d_await dareq-sz     f/s f_await  aqu-sz  %util
nvme0n1          0.00      0.00     0.00   0.00    0.00     0.00 4305.00  55720.00     0.00   0.00    0.27    12.94    0.00      0.00     0.00   0.00    0.00     0.00  329.00    2.01    1.83  97.10


avg-cpu:  %user   %nice %system %iowait  %steal   %idle
           0.19    0.00    0.43    5.95    0.00   93.43

Device            r/s     rkB/s   rrqm/s  %rrqm r_await rareq-sz     w/s     wkB/s   wrqm/s  %wrqm w_await wareq-sz     d/s     dkB/s   drqm/s  %drqm d_await dareq-sz     f/s f_await  aqu-sz  %util
nvme0n1          0.00      0.00     0.00   0.00    0.00     0.00 4388.00  56712.00     0.00   0.00    0.27    12.92    0.00      0.00     0.00   0.00    0.00     0.00  338.00    1.93    1.83  97.60


avg-cpu:  %user   %nice %system %iowait  %steal   %idle
           0.19    0.00    0.87    6.13    0.00   92.81

Device            r/s     rkB/s   rrqm/s  %rrqm r_await rareq-sz     w/s     wkB/s   wrqm/s  %wrqm w_await wareq-sz     d/s     dkB/s   drqm/s  %drqm d_await dareq-sz     f/s f_await  aqu-sz  %util
nvme0n1         38.00    608.00     0.00   0.00    0.87    16.00 7537.00 104528.00     3.00   0.04    3.11    13.87    0.00      0.00     0.00   0.00    0.00     0.00  333.00    1.92   24.10  97.70


avg-cpu:  %user   %nice %system %iowait  %steal   %idle
           0.25    0.00    0.50    5.95    0.00   93.31

Device            r/s     rkB/s   rrqm/s  %rrqm r_await rareq-sz     w/s     wkB/s   wrqm/s  %wrqm w_await wareq-sz     d/s     dkB/s   drqm/s  %drqm d_await dareq-sz     f/s f_await  aqu-sz  %util
nvme0n1          0.00      0.00     0.00   0.00    0.00     0.00 3178.00  37168.00     0.00   0.00    0.33    11.70    0.00      0.00     0.00   0.00    0.00     0.00  342.00    1.90    1.70  97.00


avg-cpu:  %user   %nice %system %iowait  %steal   %idle
           0.25    0.00    0.37    6.01    0.00   93.37

Device            r/s     rkB/s   rrqm/s  %rrqm r_await rareq-sz     w/s     wkB/s   wrqm/s  %wrqm w_await wareq-sz     d/s     dkB/s   drqm/s  %drqm d_await dareq-sz     f/s f_await  aqu-sz  %util
nvme0n1          0.00      0.00     0.00   0.00    0.00     0.00 3670.00  45360.00     0.00   0.00    0.30    12.36    0.00      0.00     0.00   0.00    0.00     0.00  334.00    1.92    1.74  98.10


avg-cpu:  %user   %nice %system %iowait  %steal   %idle
           0.12    0.00    0.56    6.01    0.00   93.31

Device            r/s     rkB/s   rrqm/s  %rrqm r_await rareq-sz     w/s     wkB/s   wrqm/s  %wrqm w_await wareq-sz     d/s     dkB/s   drqm/s  %drqm d_await dareq-sz     f/s f_await  aqu-sz  %util
nvme0n1          0.00      0.00     0.00   0.00    0.00     0.00 3820.00  47576.00     0.00   0.00    0.29    12.45    0.00      0.00     0.00   0.00    0.00     0.00  338.00    1.91    1.76  97.60


avg-cpu:  %user   %nice %system %iowait  %steal   %idle
           0.19    0.00    0.37    5.88    0.00   93.57

Device            r/s     rkB/s   rrqm/s  %rrqm r_await rareq-sz     w/s     wkB/s   wrqm/s  %wrqm w_await wareq-sz     d/s     dkB/s   drqm/s  %drqm d_await dareq-sz     f/s f_await  aqu-sz  %util
nvme0n1          0.00      0.00     0.00   0.00    0.00     0.00 4280.00  55304.00     0.00   0.00    0.27    12.92    0.00      0.00     0.00   0.00    0.00     0.00  330.00    2.01    1.83  97.00


avg-cpu:  %user   %nice %system %iowait  %steal   %idle
           0.25    0.00    0.56    5.99    0.00   93.21

Device            r/s     rkB/s   rrqm/s  %rrqm r_await rareq-sz     w/s     wkB/s   wrqm/s  %wrqm w_await wareq-sz     d/s     dkB/s   drqm/s  %drqm d_await dareq-sz     f/s f_await  aqu-sz  %util
nvme0n1          0.00      0.00     0.00   0.00    0.00     0.00 4800.00  63416.00     0.00   0.00    0.60    13.21    0.00      0.00     0.00   0.00    0.00     0.00  334.00    1.94    3.54  97.50


avg-cpu:  %user   %nice %system %iowait  %steal   %idle
           0.25    0.00    0.43    5.88    0.00   93.44

Device            r/s     rkB/s   rrqm/s  %rrqm r_await rareq-sz     w/s     wkB/s   wrqm/s  %wrqm w_await wareq-sz     d/s     dkB/s   drqm/s  %drqm d_await dareq-sz     f/s f_await  aqu-sz  %util
nvme0n1          0.00      0.00     0.00   0.00    0.00     0.00 4435.00  57320.00     0.00   0.00    0.27    12.92    0.00      0.00     0.00   0.00    0.00     0.00  341.00    1.89    1.83  97.10


avg-cpu:  %user   %nice %system %iowait  %steal   %idle
           0.12    0.00    0.62    5.88    0.00   93.37

Device            r/s     rkB/s   rrqm/s  %rrqm r_await rareq-sz     w/s     wkB/s   wrqm/s  %wrqm w_await wareq-sz     d/s     dkB/s   drqm/s  %drqm d_await dareq-sz     f/s f_await  aqu-sz  %util
nvme0n1          0.00      0.00     0.00   0.00    0.00     0.00 4312.00  55716.00     0.00   0.00    0.27    12.92    0.00      0.00     0.00   0.00    0.00     0.00  331.00    1.97    1.83  96.80


avg-cpu:  %user   %nice %system %iowait  %steal   %idle
           0.25    0.00    0.43    5.96    0.00   93.36

Device            r/s     rkB/s   rrqm/s  %rrqm r_await rareq-sz     w/s     wkB/s   wrqm/s  %wrqm w_await wareq-sz     d/s     dkB/s   drqm/s  %drqm d_await dareq-sz     f/s f_await  aqu-sz  %util
nvme0n1          0.00      0.00     0.00   0.00    0.00     0.00 4299.00  55648.00     0.00   0.00    0.27    12.94    0.00      0.00     0.00   0.00    0.00     0.00  329.00    1.99    1.84  97.00


avg-cpu:  %user   %nice %system %iowait  %steal   %idle
           0.19    0.00    0.37    5.89    0.00   93.55

Device            r/s     rkB/s   rrqm/s  %rrqm r_await rareq-sz     w/s     wkB/s   wrqm/s  %wrqm w_await wareq-sz     d/s     dkB/s   drqm/s  %drqm d_await dareq-sz     f/s f_await  aqu-sz  %util
nvme0n1          0.00      0.00     0.00   0.00    0.00     0.00 4363.00  56464.00     0.00   0.00    0.27    12.94    0.00      0.00     0.00   0.00    0.00     0.00  333.00    1.97    1.84  97.40


avg-cpu:  %user   %nice %system %iowait  %steal   %idle
           0.19    0.00    0.50    5.94    0.00   93.38

Device            r/s     rkB/s   rrqm/s  %rrqm r_await rareq-sz     w/s     wkB/s   wrqm/s  %wrqm w_await wareq-sz     d/s     dkB/s   drqm/s  %drqm d_await dareq-sz     f/s f_await  aqu-sz  %util
nvme0n1          0.00      0.00     0.00   0.00    0.00     0.00 4379.00  56664.00     0.00   0.00    0.27    12.94    0.00      0.00     0.00   0.00    0.00     0.00  335.00    1.94    1.84  97.40


avg-cpu:  %user   %nice %system %iowait  %steal   %idle
           0.25    0.00    0.43    5.88    0.00   93.44

Device            r/s     rkB/s   rrqm/s  %rrqm r_await rareq-sz     w/s     wkB/s   wrqm/s  %wrqm w_await wareq-sz     d/s     dkB/s   drqm/s  %drqm d_await dareq-sz     f/s f_await  aqu-sz  %util
nvme0n1          0.00      0.00     0.00   0.00    0.00     0.00 4335.00  56040.00     0.00   0.00    0.27    12.93    0.00      0.00     0.00   0.00    0.00     0.00  333.00    1.96    1.84  97.40


avg-cpu:  %user   %nice %system %iowait  %steal   %idle
           0.25    0.00    0.50    5.95    0.00   93.31

Device            r/s     rkB/s   rrqm/s  %rrqm r_await rareq-sz     w/s     wkB/s   wrqm/s  %wrqm w_await wareq-sz     d/s     dkB/s   drqm/s  %drqm d_await dareq-sz     f/s f_await  aqu-sz  %util
nvme0n1          0.00      0.00     0.00   0.00    0.00     0.00 4424.00  57184.00     0.00   0.00    0.27    12.93    0.00      0.00     0.00   0.00    0.00     0.00  340.00    1.91    1.85  97.30


avg-cpu:  %user   %nice %system %iowait  %steal   %idle
           0.19    0.00    0.50    6.01    0.00   93.31

Device            r/s     rkB/s   rrqm/s  %rrqm r_await rareq-sz     w/s     wkB/s   wrqm/s  %wrqm w_await wareq-sz     d/s     dkB/s   drqm/s  %drqm d_await dareq-sz     f/s f_await  aqu-sz  %util
nvme0n1          0.00      0.00     0.00   0.00    0.00     0.00 4319.00  55808.00     0.00   0.00    0.27    12.92    0.00      0.00     0.00   0.00    0.00     0.00  333.00    1.98    1.84  97.80


avg-cpu:  %user   %nice %system %iowait  %steal   %idle
           0.25    0.00    0.44    5.97    0.00   93.35

Device            r/s     rkB/s   rrqm/s  %rrqm r_await rareq-sz     w/s     wkB/s   wrqm/s  %wrqm w_await wareq-sz     d/s     dkB/s   drqm/s  %drqm d_await dareq-sz     f/s f_await  aqu-sz  %util
nvme0n1          0.00      0.00     0.00   0.00    0.00     0.00 4237.00  54768.00     0.00   0.00    0.28    12.93    0.00      0.00     0.00   0.00    0.00     0.00  325.00    2.03    1.84  97.00


avg-cpu:  %user   %nice %system %iowait  %steal   %idle
           0.25    0.00    0.43    5.94    0.00   93.37

Device            r/s     rkB/s   rrqm/s  %rrqm r_await rareq-sz     w/s     wkB/s   wrqm/s  %wrqm w_await wareq-sz     d/s     dkB/s   drqm/s  %drqm d_await dareq-sz     f/s f_await  aqu-sz  %util
nvme0n1          0.00      0.00     0.00   0.00    0.00     0.00 4372.00  56512.00     0.00   0.00    0.27    12.93    0.00      0.00     0.00   0.00    0.00     0.00  336.00    1.94    1.84  97.70


avg-cpu:  %user   %nice %system %iowait  %steal   %idle
           0.06    0.00    0.50    6.01    0.00   93.43

Device            r/s     rkB/s   rrqm/s  %rrqm r_await rareq-sz     w/s     wkB/s   wrqm/s  %wrqm w_await wareq-sz     d/s     dkB/s   drqm/s  %drqm d_await dareq-sz     f/s f_await  aqu-sz  %util
nvme0n1          0.00      0.00     0.00   0.00    0.00     0.00 4201.00  54296.00     0.00   0.00    0.28    12.92    0.00      0.00     0.00   0.00    0.00     0.00  323.00    2.05    1.84  97.90


avg-cpu:  %user   %nice %system %iowait  %steal   %idle
           0.19    0.00    0.56    5.94    0.00   93.31

Device            r/s     rkB/s   rrqm/s  %rrqm r_await rareq-sz     w/s     wkB/s   wrqm/s  %wrqm w_await wareq-sz     d/s     dkB/s   drqm/s  %drqm d_await dareq-sz     f/s f_await  aqu-sz  %util
nvme0n1          0.00      0.00     0.00   0.00    0.00     0.00 4219.00  54528.00     0.00   0.00    0.28    12.92    0.00      0.00     0.00   0.00    0.00     0.00  325.00    2.05    1.84  97.40


avg-cpu:  %user   %nice %system %iowait  %steal   %idle
           0.19    0.00    0.37    5.95    0.00   93.49

Device            r/s     rkB/s   rrqm/s  %rrqm r_await rareq-sz     w/s     wkB/s   wrqm/s  %wrqm w_await wareq-sz     d/s     dkB/s   drqm/s  %drqm d_await dareq-sz     f/s f_await  aqu-sz  %util
nvme0n1          0.00      0.00     0.00   0.00    0.00     0.00 4533.00  58704.00     0.00   0.00    0.26    12.95    0.00      0.00     0.00   0.00    0.00     0.00  345.00    1.86    1.84  98.20


avg-cpu:  %user   %nice %system %iowait  %steal   %idle
           0.19    0.00    0.56    5.93    0.00   93.33

Device            r/s     rkB/s   rrqm/s  %rrqm r_await rareq-sz     w/s     wkB/s   wrqm/s  %wrqm w_await wareq-sz     d/s     dkB/s   drqm/s  %drqm d_await dareq-sz     f/s f_await  aqu-sz  %util
nvme0n1          0.00      0.00     0.00   0.00    0.00     0.00 4406.00  57136.00     0.00   0.00    0.27    12.97    0.00      0.00     0.00   0.00    0.00     0.00  334.00    1.94    1.84  97.00


avg-cpu:  %user   %nice %system %iowait  %steal   %idle
           0.25    0.00    0.43    5.88    0.00   93.44

Device            r/s     rkB/s   rrqm/s  %rrqm r_await rareq-sz     w/s     wkB/s   wrqm/s  %wrqm w_await wareq-sz     d/s     dkB/s   drqm/s  %drqm d_await dareq-sz     f/s f_await  aqu-sz  %util
nvme0n1          0.00      0.00     0.00   0.00    0.00     0.00 4421.00  57176.00     0.00   0.00    0.27    12.93    0.00      0.00     0.00   0.00    0.00     0.00  339.00    1.90    1.83  96.60


avg-cpu:  %user   %nice %system %iowait  %steal   %idle
           0.19    0.00    0.50    5.88    0.00   93.44

Device            r/s     rkB/s   rrqm/s  %rrqm r_await rareq-sz     w/s     wkB/s   wrqm/s  %wrqm w_await wareq-sz     d/s     dkB/s   drqm/s  %drqm d_await dareq-sz     f/s f_await  aqu-sz  %util
nvme0n1          0.00      0.00     0.00   0.00    0.00     0.00 4369.00  56480.00     0.00   0.00    0.27    12.93    0.00      0.00     0.00   0.00    0.00     0.00  335.00    1.95    1.83  97.30


avg-cpu:  %user   %nice %system %iowait  %steal   %idle
           0.25    0.00    0.37    5.90    0.00   93.48

Device            r/s     rkB/s   rrqm/s  %rrqm r_await rareq-sz     w/s     wkB/s   wrqm/s  %wrqm w_await wareq-sz     d/s     dkB/s   drqm/s  %drqm d_await dareq-sz     f/s f_await  aqu-sz  %util
nvme0n1          0.00      0.00     0.00   0.00    0.00     0.00 4360.00  56400.00     0.00   0.00    0.27    12.94    0.00      0.00     0.00   0.00    0.00     0.00  334.00    1.95    1.84  96.80


avg-cpu:  %user   %nice %system %iowait  %steal   %idle
           0.19    0.00    0.49    5.87    0.00   93.45

Device            r/s     rkB/s   rrqm/s  %rrqm r_await rareq-sz     w/s     wkB/s   wrqm/s  %wrqm w_await wareq-sz     d/s     dkB/s   drqm/s  %drqm d_await dareq-sz     f/s f_await  aqu-sz  %util
nvme0n1          0.00      0.00     0.00   0.00    0.00     0.00 4354.00  56384.00     0.00   0.00    0.27    12.95    0.00      0.00     0.00   0.00    0.00     0.00  332.00    1.98    1.85  96.50


avg-cpu:  %user   %nice %system %iowait  %steal   %idle
           0.12    0.00    0.44    5.97    0.00   93.47

Device            r/s     rkB/s   rrqm/s  %rrqm r_await rareq-sz     w/s     wkB/s   wrqm/s  %wrqm w_await wareq-sz     d/s     dkB/s   drqm/s  %drqm d_await dareq-sz     f/s f_await  aqu-sz  %util
nvme0n1          0.00      0.00     0.00   0.00    0.00     0.00 4348.00  56288.00     0.00   0.00    0.27    12.95    0.00      0.00     0.00   0.00    0.00     0.00  332.00    1.97    1.85  97.30


avg-cpu:  %user   %nice %system %iowait  %steal   %idle
           0.19    0.00    0.56    5.95    0.00   93.31

Device            r/s     rkB/s   rrqm/s  %rrqm r_await rareq-sz     w/s     wkB/s   wrqm/s  %wrqm w_await wareq-sz     d/s     dkB/s   drqm/s  %drqm d_await dareq-sz     f/s f_await  aqu-sz  %util
nvme0n1          0.00      0.00     0.00   0.00    0.00     0.00 4357.00  56312.00     0.00   0.00    0.27    12.92    0.00      0.00     0.00   0.00    0.00     0.00  335.00    1.94    1.82  97.60


avg-cpu:  %user   %nice %system %iowait  %steal   %idle
           0.19    0.00    0.43    5.81    0.00   93.58

Device            r/s     rkB/s   rrqm/s  %rrqm r_await rareq-sz     w/s     wkB/s   wrqm/s  %wrqm w_await wareq-sz     d/s     dkB/s   drqm/s  %drqm d_await dareq-sz     f/s f_await  aqu-sz  %util
nvme0n1          0.00      0.00     0.00   0.00    0.00     0.00 4381.00  56616.00     0.00   0.00    0.27    12.92    0.00      0.00     0.00   0.00    0.00     0.00  337.00    1.91    1.81  96.50


avg-cpu:  %user   %nice %system %iowait  %steal   %idle
           0.19    0.00    0.43    5.86    0.00   93.52

Device            r/s     rkB/s   rrqm/s  %rrqm r_await rareq-sz     w/s     wkB/s   wrqm/s  %wrqm w_await wareq-sz     d/s     dkB/s   drqm/s  %drqm d_await dareq-sz     f/s f_await  aqu-sz  %util
nvme0n1          0.00      0.00     0.00   0.00    0.00     0.00 4360.00  56344.00     0.00   0.00    0.27    12.92    0.00      0.00     0.00   0.00    0.00     0.00  336.00    1.89    1.80  95.70


avg-cpu:  %user   %nice %system %iowait  %steal   %idle
           0.19    0.00    0.49    5.68    0.00   93.64

Device            r/s     rkB/s   rrqm/s  %rrqm r_await rareq-sz     w/s     wkB/s   wrqm/s  %wrqm w_await wareq-sz     d/s     dkB/s   drqm/s  %drqm d_await dareq-sz     f/s f_await  aqu-sz  %util
nvme0n1          1.00     16.00     0.00   0.00    0.00    16.00 4267.00  55168.00     0.00   0.00    0.27    12.93    0.00      0.00     0.00   0.00    0.00     0.00  327.00    1.94    1.79  95.10


avg-cpu:  %user   %nice %system %iowait  %steal   %idle
           0.12    0.00    0.49    5.87    0.00   93.51

Device            r/s     rkB/s   rrqm/s  %rrqm r_await rareq-sz     w/s     wkB/s   wrqm/s  %wrqm w_await wareq-sz     d/s     dkB/s   drqm/s  %drqm d_await dareq-sz     f/s f_await  aqu-sz  %util
nvme0n1          0.00      0.00     0.00   0.00    0.00     0.00 4292.00  55472.00     0.00   0.00    0.27    12.92    0.00      0.00     0.00   0.00    0.00     0.00  330.00    1.94    1.80  96.90


avg-cpu:  %user   %nice %system %iowait  %steal   %idle
           0.12    0.00    0.87    6.00    0.00   93.01

Device            r/s     rkB/s   rrqm/s  %rrqm r_await rareq-sz     w/s     wkB/s   wrqm/s  %wrqm w_await wareq-sz     d/s     dkB/s   drqm/s  %drqm d_await dareq-sz     f/s f_await  aqu-sz  %util
nvme0n1         37.00    592.00     0.00   0.00    1.14    16.00 6131.00  85124.00     0.00   0.00    2.98    13.88    0.00      0.00     0.00   0.00    0.00     0.00  324.00    1.93   18.96  96.50


avg-cpu:  %user   %nice %system %iowait  %steal   %idle
           0.12    0.00    0.37    5.95    0.00   93.56

Device            r/s     rkB/s   rrqm/s  %rrqm r_await rareq-sz     w/s     wkB/s   wrqm/s  %wrqm w_await wareq-sz     d/s     dkB/s   drqm/s  %drqm d_await dareq-sz     f/s f_await  aqu-sz  %util
nvme0n1          1.00     16.00     0.00   0.00    3.00    16.00 2603.00  27860.00     0.00   0.00    0.38    10.70    0.00      0.00     0.00   0.00    0.00     0.00  341.00    1.89    1.64  95.90


avg-cpu:  %user   %nice %system %iowait  %steal   %idle
           0.19    0.00    0.43    5.82    0.00   93.56

Device            r/s     rkB/s   rrqm/s  %rrqm r_await rareq-sz     w/s     wkB/s   wrqm/s  %wrqm w_await wareq-sz     d/s     dkB/s   drqm/s  %drqm d_await dareq-sz     f/s f_await  aqu-sz  %util
nvme0n1          0.00      0.00     0.00   0.00    0.00     0.00 3621.00  44748.00     0.00   0.00    0.30    12.36    0.00      0.00     0.00   0.00    0.00     0.00  330.00    1.91    1.71  95.10


avg-cpu:  %user   %nice %system %iowait  %steal   %idle
           0.19    0.00    0.43    5.86    0.00   93.52

Device            r/s     rkB/s   rrqm/s  %rrqm r_await rareq-sz     w/s     wkB/s   wrqm/s  %wrqm w_await wareq-sz     d/s     dkB/s   drqm/s  %drqm d_await dareq-sz     f/s f_await  aqu-sz  %util
nvme0n1          0.00      0.00     0.00   0.00    0.00     0.00 3658.00  45276.00     0.00   0.00    0.29    12.38    0.00      0.00     0.00   0.00    0.00     0.00  331.00    1.92    1.71  96.30


avg-cpu:  %user   %nice %system %iowait  %steal   %idle
           0.19    0.00    0.43    5.87    0.00   93.51

Device            r/s     rkB/s   rrqm/s  %rrqm r_await rareq-sz     w/s     wkB/s   wrqm/s  %wrqm w_await wareq-sz     d/s     dkB/s   drqm/s  %drqm d_await dareq-sz     f/s f_await  aqu-sz  %util
nvme0n1          1.00     16.00     0.00   0.00    0.00    16.00 3624.00  44864.00     0.00   0.00    0.30    12.38    0.00      0.00     0.00   0.00    0.00     0.00  328.00    1.92    1.71  96.30


avg-cpu:  %user   %nice %system %iowait  %steal   %idle
           0.12    0.00    0.43    5.86    0.00   93.59

Device            r/s     rkB/s   rrqm/s  %rrqm r_await rareq-sz     w/s     wkB/s   wrqm/s  %wrqm w_await wareq-sz     d/s     dkB/s   drqm/s  %drqm d_await dareq-sz     f/s f_await  aqu-sz  %util
nvme0n1          0.00      0.00     0.00   0.00    0.00     0.00 3665.00  45320.00     0.00   0.00    0.30    12.37    0.00      0.00     0.00   0.00    0.00     0.00  333.00    1.91    1.72  96.40


avg-cpu:  %user   %nice %system %iowait  %steal   %idle
           0.12    0.00    0.49    5.79    0.00   93.59

Device            r/s     rkB/s   rrqm/s  %rrqm r_await rareq-sz     w/s     wkB/s   wrqm/s  %wrqm w_await wareq-sz     d/s     dkB/s   drqm/s  %drqm d_await dareq-sz     f/s f_await  aqu-sz  %util
nvme0n1          0.00      0.00     0.00   0.00    0.00     0.00 4501.00  58856.00     0.00   0.00    0.51    13.08    0.00      0.00     0.00   0.00    0.00     0.00  329.00    1.95    2.92  95.50


avg-cpu:  %user   %nice %system %iowait  %steal   %idle
           0.18    0.00    0.43    5.78    0.00   93.60

Device            r/s     rkB/s   rrqm/s  %rrqm r_await rareq-sz     w/s     wkB/s   wrqm/s  %wrqm w_await wareq-sz     d/s     dkB/s   drqm/s  %drqm d_await dareq-sz     f/s f_await  aqu-sz  %util
nvme0n1          0.00      0.00     0.00   0.00    0.00     0.00 4305.00  55640.00     0.00   0.00    0.27    12.92    0.00      0.00     0.00   0.00    0.00     0.00  331.00    1.92    1.79  95.40


avg-cpu:  %user   %nice %system %iowait  %steal   %idle
           0.12    0.00    0.49    5.75    0.00   93.63

Device            r/s     rkB/s   rrqm/s  %rrqm r_await rareq-sz     w/s     wkB/s   wrqm/s  %wrqm w_await wareq-sz     d/s     dkB/s   drqm/s  %drqm d_await dareq-sz     f/s f_await  aqu-sz  %util
nvme0n1          0.00      0.00     0.00   0.00    0.00     0.00 4248.00  54952.00     0.00   0.00    0.27    12.94    0.00      0.00     0.00   0.00    0.00     0.00  326.00    1.98    1.81  95.40


avg-cpu:  %user   %nice %system %iowait  %steal   %idle
           0.12    0.00    0.43    5.91    0.00   93.53

Device            r/s     rkB/s   rrqm/s  %rrqm r_await rareq-sz     w/s     wkB/s   wrqm/s  %wrqm w_await wareq-sz     d/s     dkB/s   drqm/s  %drqm d_await dareq-sz     f/s f_await  aqu-sz  %util
nvme0n1          0.00      0.00     0.00   0.00    0.00     0.00 4349.00  56248.00     0.00   0.00    0.27    12.93    0.00      0.00     0.00   0.00    0.00     0.00  331.00    1.93    1.81  97.50


avg-cpu:  %user   %nice %system %iowait  %steal   %idle
           0.19    0.00    0.50    5.82    0.00   93.50

Device            r/s     rkB/s   rrqm/s  %rrqm r_await rareq-sz     w/s     wkB/s   wrqm/s  %wrqm w_await wareq-sz     d/s     dkB/s   drqm/s  %drqm d_await dareq-sz     f/s f_await  aqu-sz  %util
nvme0n1          1.00     16.00     0.00   0.00    1.00    16.00 4264.00  55128.00     0.00   0.00    0.27    12.93    0.00      0.00     0.00   0.00    0.00     0.00  328.00    1.95    1.81  95.20


avg-cpu:  %user   %nice %system %iowait  %steal   %idle
           0.12    0.00    0.43    5.82    0.00   93.63

Device            r/s     rkB/s   rrqm/s  %rrqm r_await rareq-sz     w/s     wkB/s   wrqm/s  %wrqm w_await wareq-sz     d/s     dkB/s   drqm/s  %drqm d_await dareq-sz     f/s f_await  aqu-sz  %util
nvme0n1          0.00      0.00     0.00   0.00    0.00     0.00 4174.00  53960.00     0.00   0.00    0.28    12.93    0.00      0.00     0.00   0.00    0.00     0.00  320.00    2.02    1.81  96.10


avg-cpu:  %user   %nice %system %iowait  %steal   %idle
           0.19    0.00    0.31    5.88    0.00   93.62

Device            r/s     rkB/s   rrqm/s  %rrqm r_await rareq-sz     w/s     wkB/s   wrqm/s  %wrqm w_await wareq-sz     d/s     dkB/s   drqm/s  %drqm d_await dareq-sz     f/s f_await  aqu-sz  %util
nvme0n1          0.00      0.00     0.00   0.00    0.00     0.00 4359.00  56544.00     0.00   0.00    0.27    12.97    0.00      0.00     0.00   0.00    0.00     0.00  330.00    1.94    1.82  96.80


avg-cpu:  %user   %nice %system %iowait  %steal   %idle
           0.18    0.00    0.49    5.85    0.00   93.47

Device            r/s     rkB/s   rrqm/s  %rrqm r_await rareq-sz     w/s     wkB/s   wrqm/s  %wrqm w_await wareq-sz     d/s     dkB/s   drqm/s  %drqm d_await dareq-sz     f/s f_await  aqu-sz  %util
nvme0n1          0.00      0.00     0.00   0.00    0.00     0.00 4225.00  54612.00     0.00   0.00    0.27    12.93    0.00      0.00     0.00   0.00    0.00     0.00  325.00    1.96    1.79  95.30


avg-cpu:  %user   %nice %system %iowait  %steal   %idle
           0.68    0.25    0.74    3.15    0.00   95.18

Device            r/s     rkB/s   rrqm/s  %rrqm r_await rareq-sz     w/s     wkB/s   wrqm/s  %wrqm w_await wareq-sz     d/s     dkB/s   drqm/s  %drqm d_await dareq-sz     f/s f_await  aqu-sz  %util
nvme0n1          0.00      0.00     0.00   0.00    0.00     0.00 2245.00  28624.00     3.00   0.13    0.28    12.75    0.00      0.00     0.00   0.00    0.00     0.00  180.00    1.92    0.97  52.30


avg-cpu:  %user   %nice %system %iowait  %steal   %idle
           0.25    0.06    0.56    4.58    0.00   94.56

Device            r/s     rkB/s   rrqm/s  %rrqm r_await rareq-sz     w/s     wkB/s   wrqm/s  %wrqm w_await wareq-sz     d/s     dkB/s   drqm/s  %drqm d_await dareq-sz     f/s f_await  aqu-sz  %util
nvme0n1          0.00      0.00     0.00   0.00    0.00     0.00 3354.00  43372.00     0.00   0.00    0.27    12.93    0.00      0.00     0.00   0.00    0.00     0.00  257.00    1.96    1.41  74.70


avg-cpu:  %user   %nice %system %iowait  %steal   %idle
           0.12    0.00    0.37    5.95    0.00   93.55

Device            r/s     rkB/s   rrqm/s  %rrqm r_await rareq-sz     w/s     wkB/s   wrqm/s  %wrqm w_await wareq-sz     d/s     dkB/s   drqm/s  %drqm d_await dareq-sz     f/s f_await  aqu-sz  %util
nvme0n1          1.00     16.00     0.00   0.00    0.00    16.00 4320.00  55840.00     0.00   0.00    0.27    12.93    0.00      0.00     0.00   0.00    0.00     0.00  332.00    1.99    1.82  98.10


avg-cpu:  %user   %nice %system %iowait  %steal   %idle
           0.25    0.00    0.62    5.95    0.00   93.18

Device            r/s     rkB/s   rrqm/s  %rrqm r_await rareq-sz     w/s     wkB/s   wrqm/s  %wrqm w_await wareq-sz     d/s     dkB/s   drqm/s  %drqm d_await dareq-sz     f/s f_await  aqu-sz  %util
nvme0n1          0.00      0.00     0.00   0.00    0.00     0.00 4407.00  56952.00     0.00   0.00    0.27    12.92    0.00      0.00     0.00   0.00    0.00     0.00  339.00    1.94    1.83  97.60


avg-cpu:  %user   %nice %system %iowait  %steal   %idle
           0.19    0.00    0.56    5.89    0.00   93.37

Device            r/s     rkB/s   rrqm/s  %rrqm r_await rareq-sz     w/s     wkB/s   wrqm/s  %wrqm w_await wareq-sz     d/s     dkB/s   drqm/s  %drqm d_await dareq-sz     f/s f_await  aqu-sz  %util
nvme0n1          0.00      0.00     0.00   0.00    0.00     0.00 4372.00  56592.00     0.00   0.00    0.27    12.94    0.00      0.00     0.00   0.00    0.00     0.00  334.00    1.96    1.83  96.60


avg-cpu:  %user   %nice %system %iowait  %steal   %idle
           0.19    0.00    0.50    5.88    0.00   93.44

Device            r/s     rkB/s   rrqm/s  %rrqm r_await rareq-sz     w/s     wkB/s   wrqm/s  %wrqm w_await wareq-sz     d/s     dkB/s   drqm/s  %drqm d_await dareq-sz     f/s f_await  aqu-sz  %util
nvme0n1          0.00      0.00     0.00   0.00    0.00     0.00 4483.00  58088.00     0.00   0.00    0.26    12.96    0.00      0.00     0.00   0.00    0.00     0.00  341.00    1.90    1.82  96.50


avg-cpu:  %user   %nice %system %iowait  %steal   %idle
           0.25    0.00    0.50    5.96    0.00   93.30

Device            r/s     rkB/s   rrqm/s  %rrqm r_await rareq-sz     w/s     wkB/s   wrqm/s  %wrqm w_await wareq-sz     d/s     dkB/s   drqm/s  %drqm d_await dareq-sz     f/s f_await  aqu-sz  %util
nvme0n1          0.00      0.00     0.00   0.00    0.00     0.00 4331.00  55976.00     0.00   0.00    0.27    12.92    0.00      0.00     0.00   0.00    0.00     0.00  333.00    1.97    1.82  97.00


avg-cpu:  %user   %nice %system %iowait  %steal   %idle
           0.12    0.00    0.43    5.89    0.00   93.55

Device            r/s     rkB/s   rrqm/s  %rrqm r_await rareq-sz     w/s     wkB/s   wrqm/s  %wrqm w_await wareq-sz     d/s     dkB/s   drqm/s  %drqm d_await dareq-sz     f/s f_await  aqu-sz  %util
nvme0n1          0.00      0.00     0.00   0.00    0.00     0.00 4387.00  56816.00     0.00   0.00    0.27    12.95    0.00      0.00     0.00   0.00    0.00     0.00  335.00    1.95    1.84  97.40


avg-cpu:  %user   %nice %system %iowait  %steal   %idle
           0.25    0.00    0.50    5.89    0.00   93.37

Device            r/s     rkB/s   rrqm/s  %rrqm r_await rareq-sz     w/s     wkB/s   wrqm/s  %wrqm w_await wareq-sz     d/s     dkB/s   drqm/s  %drqm d_await dareq-sz     f/s f_await  aqu-sz  %util
nvme0n1          0.00      0.00     0.00   0.00    0.00     0.00 4378.00  56744.00     0.00   0.00    0.27    12.96    0.00      0.00     0.00   0.00    0.00     0.00  332.00    1.96    1.83  97.10


avg-cpu:  %user   %nice %system %iowait  %steal   %idle
           0.25    0.00    0.37    5.89    0.00   93.49

Device            r/s     rkB/s   rrqm/s  %rrqm r_await rareq-sz     w/s     wkB/s   wrqm/s  %wrqm w_await wareq-sz     d/s     dkB/s   drqm/s  %drqm d_await dareq-sz     f/s f_await  aqu-sz  %util
nvme0n1          1.00     16.00     0.00   0.00    1.00    16.00 4438.00  57408.00     0.00   0.00    0.26    12.94    0.00      0.00     0.00   0.00    0.00     0.00  340.00    1.92    1.83  97.30


avg-cpu:  %user   %nice %system %iowait  %steal   %idle
           0.12    0.00    0.62    5.94    0.00   93.32

Device            r/s     rkB/s   rrqm/s  %rrqm r_await rareq-sz     w/s     wkB/s   wrqm/s  %wrqm w_await wareq-sz     d/s     dkB/s   drqm/s  %drqm d_await dareq-sz     f/s f_await  aqu-sz  %util
nvme0n1          1.00     16.00     0.00   0.00    0.00    16.00 4266.00  55136.00     0.00   0.00    0.27    12.92    0.00      0.00     0.00   0.00    0.00     0.00  328.00    2.01    1.82  96.90


avg-cpu:  %user   %nice %system %iowait  %steal   %idle
           0.19    0.00    0.43    5.89    0.00   93.49

Device            r/s     rkB/s   rrqm/s  %rrqm r_await rareq-sz     w/s     wkB/s   wrqm/s  %wrqm w_await wareq-sz     d/s     dkB/s   drqm/s  %drqm d_await dareq-sz     f/s f_await  aqu-sz  %util
nvme0n1          1.00     16.00     0.00   0.00    0.00    16.00 4278.00  55272.00     0.00   0.00    0.27    12.92    0.00      0.00     0.00   0.00    0.00     0.00  330.00    1.99    1.82  97.20


avg-cpu:  %user   %nice %system %iowait  %steal   %idle
           0.12    0.00    0.50    6.01    0.00   93.37

Device            r/s     rkB/s   rrqm/s  %rrqm r_await rareq-sz     w/s     wkB/s   wrqm/s  %wrqm w_await wareq-sz     d/s     dkB/s   drqm/s  %drqm d_await dareq-sz     f/s f_await  aqu-sz  %util
nvme0n1          0.00      0.00     0.00   0.00    0.00     0.00 4241.00  54832.00     0.00   0.00    0.28    12.93    0.00      0.00     0.00   0.00    0.00     0.00  325.00    2.03    1.83  97.70


avg-cpu:  %user   %nice %system %iowait  %steal   %idle
           0.31    0.00    0.56    5.89    0.00   93.24

Device            r/s     rkB/s   rrqm/s  %rrqm r_await rareq-sz     w/s     wkB/s   wrqm/s  %wrqm w_await wareq-sz     d/s     dkB/s   drqm/s  %drqm d_await dareq-sz     f/s f_await  aqu-sz  %util
nvme0n1          0.00      0.00     0.00   0.00    0.00     0.00 4252.00  54992.00     0.00   0.00    0.27    12.93    0.00      0.00     0.00   0.00    0.00     0.00  326.00    2.04    1.83  98.20


avg-cpu:  %user   %nice %system %iowait  %steal   %idle
           0.19    0.00    0.43    5.95    0.00   93.43

Device            r/s     rkB/s   rrqm/s  %rrqm r_await rareq-sz     w/s     wkB/s   wrqm/s  %wrqm w_await wareq-sz     d/s     dkB/s   drqm/s  %drqm d_await dareq-sz     f/s f_await  aqu-sz  %util
nvme0n1          0.00      0.00     0.00   0.00    0.00     0.00 4393.00  56888.00     0.00   0.00    0.27    12.95    0.00      0.00     0.00   0.00    0.00     0.00  335.00    1.96    1.83  96.90


avg-cpu:  %user   %nice %system %iowait  %steal   %idle
           0.12    0.00    0.43    6.01    0.00   93.43

Device            r/s     rkB/s   rrqm/s  %rrqm r_await rareq-sz     w/s     wkB/s   wrqm/s  %wrqm w_await wareq-sz     d/s     dkB/s   drqm/s  %drqm d_await dareq-sz     f/s f_await  aqu-sz  %util
nvme0n1          0.00      0.00     0.00   0.00    0.00     0.00 4293.00  55528.00     0.00   0.00    0.27    12.93    0.00      0.00     0.00   0.00    0.00     0.00  329.00    2.01    1.82  97.80


avg-cpu:  %user   %nice %system %iowait  %steal   %idle
           0.19    0.00    0.81    6.20    0.00   92.81

Device            r/s     rkB/s   rrqm/s  %rrqm r_await rareq-sz     w/s     wkB/s   wrqm/s  %wrqm w_await wareq-sz     d/s     dkB/s   drqm/s  %drqm d_await dareq-sz     f/s f_await  aqu-sz  %util
nvme0n1         37.00    592.00     0.00   0.00    1.19    16.00 6713.00  94356.00     0.00   0.00    2.99    14.06    0.00      0.00     0.00   0.00    0.00     0.00  326.00    1.94   20.74  98.10


avg-cpu:  %user   %nice %system %iowait  %steal   %idle
           0.25    0.00    0.50    5.94    0.00   93.31

Device            r/s     rkB/s   rrqm/s  %rrqm r_await rareq-sz     w/s     wkB/s   wrqm/s  %wrqm w_await wareq-sz     d/s     dkB/s   drqm/s  %drqm d_await dareq-sz     f/s f_await  aqu-sz  %util
nvme0n1          0.00      0.00     0.00   0.00    0.00     0.00 2542.00  26672.00     0.00   0.00    0.39    10.49    0.00      0.00     0.00   0.00    0.00     0.00  350.00    1.88    1.66  96.90


avg-cpu:  %user   %nice %system %iowait  %steal   %idle
           0.19    0.00    0.31    6.08    0.00   93.43

Device            r/s     rkB/s   rrqm/s  %rrqm r_await rareq-sz     w/s     wkB/s   wrqm/s  %wrqm w_await wareq-sz     d/s     dkB/s   drqm/s  %drqm d_await dareq-sz     f/s f_await  aqu-sz  %util
nvme0n1          0.00      0.00     0.00   0.00    0.00     0.00 3464.00  41848.00     0.00   0.00    0.31    12.08    0.00      0.00     0.00   0.00    0.00     0.00  340.00    1.91    1.73  97.50


avg-cpu:  %user   %nice %system %iowait  %steal   %idle
           0.19    0.00    0.56    5.95    0.00   93.31

Device            r/s     rkB/s   rrqm/s  %rrqm r_await rareq-sz     w/s     wkB/s   wrqm/s  %wrqm w_await wareq-sz     d/s     dkB/s   drqm/s  %drqm d_await dareq-sz     f/s f_await  aqu-sz  %util
nvme0n1          0.00      0.00     0.00   0.00    0.00     0.00 3743.00  46304.00     0.00   0.00    0.29    12.37    0.00      0.00     0.00   0.00    0.00     0.00  339.00    1.90    1.75  97.90


avg-cpu:  %user   %nice %system %iowait  %steal   %idle
           0.19    0.00    0.37    6.09    0.00   93.35

Device            r/s     rkB/s   rrqm/s  %rrqm r_await rareq-sz     w/s     wkB/s   wrqm/s  %wrqm w_await wareq-sz     d/s     dkB/s   drqm/s  %drqm d_await dareq-sz     f/s f_await  aqu-sz  %util
nvme0n1          0.00      0.00     0.00   0.00    0.00     0.00 3867.00  48392.00     0.00   0.00    0.29    12.51    0.00      0.00     0.00   0.00    0.00     0.00  337.00    1.93    1.77  98.40


avg-cpu:  %user   %nice %system %iowait  %steal   %idle
           0.19    0.00    0.50    5.95    0.00   93.37

Device            r/s     rkB/s   rrqm/s  %rrqm r_await rareq-sz     w/s     wkB/s   wrqm/s  %wrqm w_await wareq-sz     d/s     dkB/s   drqm/s  %drqm d_await dareq-sz     f/s f_await  aqu-sz  %util
nvme0n1          0.00      0.00     0.00   0.00    0.00     0.00 4376.00  56576.00     0.00   0.00    0.27    12.93    0.00      0.00     0.00   0.00    0.00     0.00  336.00    1.95    1.84  97.70


avg-cpu:  %user   %nice %system %iowait  %steal   %idle
           0.12    0.00    0.37    5.95    0.00   93.55

Device            r/s     rkB/s   rrqm/s  %rrqm r_await rareq-sz     w/s     wkB/s   wrqm/s  %wrqm w_await wareq-sz     d/s     dkB/s   drqm/s  %drqm d_await dareq-sz     f/s f_await  aqu-sz  %util
nvme0n1          0.00      0.00     0.00   0.00    0.00     0.00 4763.00  62888.00     0.00   0.00    0.43    13.20    0.00      0.00     0.00   0.00    0.00     0.00  333.00    1.97    2.70  97.40


avg-cpu:  %user   %nice %system %iowait  %steal   %idle
           0.19    0.00    0.56    5.88    0.00   93.38

Device            r/s     rkB/s   rrqm/s  %rrqm r_await rareq-sz     w/s     wkB/s   wrqm/s  %wrqm w_await wareq-sz     d/s     dkB/s   drqm/s  %drqm d_await dareq-sz     f/s f_await  aqu-sz  %util
nvme0n1          0.00      0.00     0.00   0.00    0.00     0.00 4365.00  56520.00     0.00   0.00    0.27    12.95    0.00      0.00     0.00   0.00    0.00     0.00  333.00    1.95    1.84  97.10


avg-cpu:  %user   %nice %system %iowait  %steal   %idle
           0.12    0.00    0.37    6.01    0.00   93.49

Device            r/s     rkB/s   rrqm/s  %rrqm r_await rareq-sz     w/s     wkB/s   wrqm/s  %wrqm w_await wareq-sz     d/s     dkB/s   drqm/s  %drqm d_await dareq-sz     f/s f_await  aqu-sz  %util
nvme0n1          0.00      0.00     0.00   0.00    0.00     0.00 4362.00  56512.00     0.00   0.00    0.27    12.96    0.00      0.00     0.00   0.00    0.00     0.00  332.00    1.97    1.85  97.90


avg-cpu:  %user   %nice %system %iowait  %steal   %idle
           0.19    0.00    0.43    5.94    0.00   93.44

Device            r/s     rkB/s   rrqm/s  %rrqm r_await rareq-sz     w/s     wkB/s   wrqm/s  %wrqm w_await wareq-sz     d/s     dkB/s   drqm/s  %drqm d_await dareq-sz     f/s f_await  aqu-sz  %util
nvme0n1          0.00      0.00     0.00   0.00    0.00     0.00 4395.00  56840.00     0.00   0.00    0.27    12.93    0.00      0.00     0.00   0.00    0.00     0.00  337.00    1.93    1.84  96.90


avg-cpu:  %user   %nice %system %iowait  %steal   %idle
           0.12    0.00    0.68    5.82    0.00   93.37

Device            r/s     rkB/s   rrqm/s  %rrqm r_await rareq-sz     w/s     wkB/s   wrqm/s  %wrqm w_await wareq-sz     d/s     dkB/s   drqm/s  %drqm d_await dareq-sz     f/s f_await  aqu-sz  %util
nvme0n1          0.00      0.00     0.00   0.00    0.00     0.00 4342.00  56196.00     0.00   0.00    0.27    12.94    0.00      0.00     0.00   0.00    0.00     0.00  331.00    1.97    1.84  97.30


avg-cpu:  %user   %nice %system %iowait  %steal   %idle
           0.12    0.00    0.31    6.03    0.00   93.53

Device            r/s     rkB/s   rrqm/s  %rrqm r_await rareq-sz     w/s     wkB/s   wrqm/s  %wrqm w_await wareq-sz     d/s     dkB/s   drqm/s  %drqm d_await dareq-sz     f/s f_await  aqu-sz  %util
nvme0n1          0.00      0.00     0.00   0.00    0.00     0.00 4551.00  59416.00     0.00   0.00    0.30    13.06    0.00      0.00     0.00   0.00    0.00     0.00  335.00    1.94    2.01  98.20


avg-cpu:  %user   %nice %system %iowait  %steal   %idle
           0.19    0.00    0.62    5.94    0.00   93.25

Device            r/s     rkB/s   rrqm/s  %rrqm r_await rareq-sz     w/s     wkB/s   wrqm/s  %wrqm w_await wareq-sz     d/s     dkB/s   drqm/s  %drqm d_await dareq-sz     f/s f_await  aqu-sz  %util
nvme0n1          0.00      0.00     0.00   0.00    0.00     0.00 4331.00  55976.00     0.00   0.00    0.27    12.92    0.00      0.00     0.00   0.00    0.00     0.00  333.00    1.95    1.84  97.40


avg-cpu:  %user   %nice %system %iowait  %steal   %idle
           0.12    0.00    0.37    5.96    0.00   93.55

Device            r/s     rkB/s   rrqm/s  %rrqm r_await rareq-sz     w/s     wkB/s   wrqm/s  %wrqm w_await wareq-sz     d/s     dkB/s   drqm/s  %drqm d_await dareq-sz     f/s f_await  aqu-sz  %util
nvme0n1          0.00      0.00     0.00   0.00    0.00     0.00 4263.00  55088.00     0.00   0.00    0.28    12.92    0.00      0.00     0.00   0.00    0.00     0.00  328.00    2.03    1.85  97.60


avg-cpu:  %user   %nice %system %iowait  %steal   %idle
           0.19    0.00    0.56    6.00    0.00   93.26

Device            r/s     rkB/s   rrqm/s  %rrqm r_await rareq-sz     w/s     wkB/s   wrqm/s  %wrqm w_await wareq-sz     d/s     dkB/s   drqm/s  %drqm d_await dareq-sz     f/s f_await  aqu-sz  %util
nvme0n1          0.00      0.00     0.00   0.00    0.00     0.00 4368.00  56488.00     0.00   0.00    0.27    12.93    0.00      0.00     0.00   0.00    0.00     0.00  335.00    1.94    1.84  98.30


avg-cpu:  %user   %nice %system %iowait  %steal   %idle
           0.12    0.00    0.44    5.91    0.00   93.53

Device            r/s     rkB/s   rrqm/s  %rrqm r_await rareq-sz     w/s     wkB/s   wrqm/s  %wrqm w_await wareq-sz     d/s     dkB/s   drqm/s  %drqm d_await dareq-sz     f/s f_await  aqu-sz  %util
nvme0n1          0.00      0.00     0.00   0.00    0.00     0.00 4569.00  57896.00    10.00   0.22    0.29    12.67    0.00      0.00     0.00   0.00    0.00     0.00  340.00    1.91    1.98  97.10


avg-cpu:  %user   %nice %system %iowait  %steal   %idle
           0.25    0.00    0.50    6.01    0.00   93.25

Device            r/s     rkB/s   rrqm/s  %rrqm r_await rareq-sz     w/s     wkB/s   wrqm/s  %wrqm w_await wareq-sz     d/s     dkB/s   drqm/s  %drqm d_await dareq-sz     f/s f_await  aqu-sz  %util
nvme0n1          0.00      0.00     0.00   0.00    0.00     0.00 4304.00  55640.00     0.00   0.00    0.28    12.93    0.00      0.00     0.00   0.00    0.00     0.00  330.00    1.98    1.84  97.00


avg-cpu:  %user   %nice %system %iowait  %steal   %idle
           0.19    0.00    0.43    5.95    0.00   93.43

Device            r/s     rkB/s   rrqm/s  %rrqm r_await rareq-sz     w/s     wkB/s   wrqm/s  %wrqm w_await wareq-sz     d/s     dkB/s   drqm/s  %drqm d_await dareq-sz     f/s f_await  aqu-sz  %util
nvme0n1          0.00      0.00     0.00   0.00    0.00     0.00 4346.00  56176.00     0.00   0.00    0.27    12.93    0.00      0.00     0.00   0.00    0.00     0.00  334.00    1.97    1.84  97.90


avg-cpu:  %user   %nice %system %iowait  %steal   %idle
           0.19    0.00    0.56    5.88    0.00   93.37

Device            r/s     rkB/s   rrqm/s  %rrqm r_await rareq-sz     w/s     wkB/s   wrqm/s  %wrqm w_await wareq-sz     d/s     dkB/s   drqm/s  %drqm d_await dareq-sz     f/s f_await  aqu-sz  %util
nvme0n1          0.00      0.00     0.00   0.00    0.00     0.00 4372.00  56512.00     0.00   0.00    0.27    12.93    0.00      0.00     0.00   0.00    0.00     0.00  336.00    1.93    1.84  96.60


avg-cpu:  %user   %nice %system %iowait  %steal   %idle
           0.19    0.00    0.43    5.87    0.00   93.51

Device            r/s     rkB/s   rrqm/s  %rrqm r_await rareq-sz     w/s     wkB/s   wrqm/s  %wrqm w_await wareq-sz     d/s     dkB/s   drqm/s  %drqm d_await dareq-sz     f/s f_await  aqu-sz  %util
nvme0n1          0.00      0.00     0.00   0.00    0.00     0.00 4372.00  56512.00     0.00   0.00    0.27    12.93    0.00      0.00     0.00   0.00    0.00     0.00  336.00    1.94    1.84  97.40


avg-cpu:  %user   %nice %system %iowait  %steal   %idle
           0.19    0.00    0.43    5.96    0.00   93.42

Device            r/s     rkB/s   rrqm/s  %rrqm r_await rareq-sz     w/s     wkB/s   wrqm/s  %wrqm w_await wareq-sz     d/s     dkB/s   drqm/s  %drqm d_await dareq-sz     f/s f_await  aqu-sz  %util
nvme0n1          0.00      0.00     0.00   0.00    0.00     0.00 4414.00  57104.00     0.00   0.00    0.27    12.94    0.00      0.00     0.00   0.00    0.00     0.00  338.00    1.91    1.84  97.20


avg-cpu:  %user   %nice %system %iowait  %steal   %idle
           0.25    0.00    0.56    5.81    0.00   93.39

Device            r/s     rkB/s   rrqm/s  %rrqm r_await rareq-sz     w/s     wkB/s   wrqm/s  %wrqm w_await wareq-sz     d/s     dkB/s   drqm/s  %drqm d_await dareq-sz     f/s f_await  aqu-sz  %util
nvme0n1          0.00      0.00     0.00   0.00    0.00     0.00 4335.00  56120.00     0.00   0.00    0.27    12.95    0.00      0.00     0.00   0.00    0.00     0.00  331.00    1.97    1.84  96.20


avg-cpu:  %user   %nice %system %iowait  %steal   %idle
           0.19    0.00    0.37    5.95    0.00   93.49

Device            r/s     rkB/s   rrqm/s  %rrqm r_await rareq-sz     w/s     wkB/s   wrqm/s  %wrqm w_await wareq-sz     d/s     dkB/s   drqm/s  %drqm d_await dareq-sz     f/s f_await  aqu-sz  %util
nvme0n1          0.00      0.00     0.00   0.00    0.00     0.00 4477.00  57992.00     0.00   0.00    0.27    12.95    0.00      0.00     0.00   0.00    0.00     0.00  341.00    1.90    1.84  97.40


avg-cpu:  %user   %nice %system %iowait  %steal   %idle
           0.12    0.00    0.56    5.94    0.00   93.38

Device            r/s     rkB/s   rrqm/s  %rrqm r_await rareq-sz     w/s     wkB/s   wrqm/s  %wrqm w_await wareq-sz     d/s     dkB/s   drqm/s  %drqm d_await dareq-sz     f/s f_await  aqu-sz  %util
nvme0n1          0.00      0.00     0.00   0.00    0.00     0.00 4403.00  56968.00     0.00   0.00    0.27    12.94    0.00      0.00     0.00   0.00    0.00     0.00  337.00    1.92    1.84  97.20


avg-cpu:  %user   %nice %system %iowait  %steal   %idle
           0.12    0.00    0.37    6.01    0.00   93.49

Device            r/s     rkB/s   rrqm/s  %rrqm r_await rareq-sz     w/s     wkB/s   wrqm/s  %wrqm w_await wareq-sz     d/s     dkB/s   drqm/s  %drqm d_await dareq-sz     f/s f_await  aqu-sz  %util
nvme0n1          0.00      0.00     0.00   0.00    0.00     0.00 4346.00  56176.00     0.00   0.00    0.27    12.93    0.00      0.00     0.00   0.00    0.00     0.00  334.00    1.96    1.84  97.30


avg-cpu:  %user   %nice %system %iowait  %steal   %idle
           0.19    0.00    0.50    5.94    0.00   93.37

Device            r/s     rkB/s   rrqm/s  %rrqm r_await rareq-sz     w/s     wkB/s   wrqm/s  %wrqm w_await wareq-sz     d/s     dkB/s   drqm/s  %drqm d_await dareq-sz     f/s f_await  aqu-sz  %util
nvme0n1          0.00      0.00     0.00   0.00    0.00     0.00 4337.00  56072.00     0.00   0.00    0.28    12.93    0.00      0.00     0.00   0.00    0.00     0.00  333.00    1.97    1.85  98.10


avg-cpu:  %user   %nice %system %iowait  %steal   %idle
           0.12    0.00    0.37    5.95    0.00   93.55

Device            r/s     rkB/s   rrqm/s  %rrqm r_await rareq-sz     w/s     wkB/s   wrqm/s  %wrqm w_await wareq-sz     d/s     dkB/s   drqm/s  %drqm d_await dareq-sz     f/s f_await  aqu-sz  %util
nvme0n1          0.00      0.00     0.00   0.00    0.00     0.00 4394.00  57024.00     0.00   0.00    0.27    12.98    0.00      0.00     0.00   0.00    0.00     0.00  332.00    1.96    1.84  97.70


avg-cpu:  %user   %nice %system %iowait  %steal   %idle
           0.19    0.00    0.56    5.94    0.00   93.31

Device            r/s     rkB/s   rrqm/s  %rrqm r_await rareq-sz     w/s     wkB/s   wrqm/s  %wrqm w_await wareq-sz     d/s     dkB/s   drqm/s  %drqm d_await dareq-sz     f/s f_await  aqu-sz  %util
nvme0n1          0.00      0.00     0.00   0.00    0.00     0.00 4434.00  57584.00     0.00   0.00    0.27    12.99    0.00      0.00     0.00   0.00    0.00     0.00  334.00    1.96    1.86  97.20


avg-cpu:  %user   %nice %system %iowait  %steal   %idle
           0.25    0.00    0.43    5.95    0.00   93.37

Device            r/s     rkB/s   rrqm/s  %rrqm r_await rareq-sz     w/s     wkB/s   wrqm/s  %wrqm w_await wareq-sz     d/s     dkB/s   drqm/s  %drqm d_await dareq-sz     f/s f_await  aqu-sz  %util
nvme0n1          0.00      0.00     0.00   0.00    0.00     0.00 4442.00  57712.00     0.00   0.00    0.27    12.99    2.00  19732.00     0.00   0.00    3.50  9866.00  334.00    1.94    1.86  97.70


avg-cpu:  %user   %nice %system %iowait  %steal   %idle
           0.19    0.00    0.50    5.94    0.00   93.38

Device            r/s     rkB/s   rrqm/s  %rrqm r_await rareq-sz     w/s     wkB/s   wrqm/s  %wrqm w_await wareq-sz     d/s     dkB/s   drqm/s  %drqm d_await dareq-sz     f/s f_await  aqu-sz  %util
nvme0n1          0.00      0.00     0.00   0.00    0.00     0.00 4165.00  53824.00     0.00   0.00    0.28    12.92    0.00      0.00     0.00   0.00    0.00     0.00  321.00    2.07    1.84  97.20


avg-cpu:  %user   %nice %system %iowait  %steal   %idle
           0.19    0.00    0.87    5.94    0.00   93.00

Device            r/s     rkB/s   rrqm/s  %rrqm r_await rareq-sz     w/s     wkB/s   wrqm/s  %wrqm w_await wareq-sz     d/s     dkB/s   drqm/s  %drqm d_await dareq-sz     f/s f_await  aqu-sz  %util
nvme0n1         14.00    224.00     0.00   0.00    1.07    16.00 6848.00  96132.00     0.00   0.00    2.41    14.04    0.00      0.00     0.00   0.00    0.00     0.00  335.00    1.90   17.14  97.10


avg-cpu:  %user   %nice %system %iowait  %steal   %idle
           0.19    0.00    0.37    5.88    0.00   93.56

Device            r/s     rkB/s   rrqm/s  %rrqm r_await rareq-sz     w/s     wkB/s   wrqm/s  %wrqm w_await wareq-sz     d/s     dkB/s   drqm/s  %drqm d_await dareq-sz     f/s f_await  aqu-sz  %util
nvme0n1          0.00      0.00     0.00   0.00    0.00     0.00 2457.00  25272.00     0.00   0.00    0.40    10.29    0.00      0.00     0.00   0.00    0.00     0.00  351.00    1.88    1.66  97.20


avg-cpu:  %user   %nice %system %iowait  %steal   %idle
           0.25    0.00    0.50    6.02    0.00   93.24

Device            r/s     rkB/s   rrqm/s  %rrqm r_await rareq-sz     w/s     wkB/s   wrqm/s  %wrqm w_await wareq-sz     d/s     dkB/s   drqm/s  %drqm d_await dareq-sz     f/s f_await  aqu-sz  %util
nvme0n1          0.00      0.00     0.00   0.00    0.00     0.00 3601.00  43916.00     0.00   0.00    0.30    12.20    0.00      0.00     0.00   0.00    0.00     0.00  338.00    1.91    1.74  97.00


avg-cpu:  %user   %nice %system %iowait  %steal   %idle
           0.19    0.00    0.37    5.96    0.00   93.49

Device            r/s     rkB/s   rrqm/s  %rrqm r_await rareq-sz     w/s     wkB/s   wrqm/s  %wrqm w_await wareq-sz     d/s     dkB/s   drqm/s  %drqm d_await dareq-sz     f/s f_await  aqu-sz  %util
nvme0n1          0.00      0.00     0.00   0.00    0.00     0.00 3704.00  45796.00     0.00   0.00    0.30    12.36    0.00      0.00     0.00   0.00    0.00     0.00  337.00    1.92    1.75  97.10


avg-cpu:  %user   %nice %system %iowait  %steal   %idle
           0.19    0.00    0.56    5.94    0.00   93.32

Device            r/s     rkB/s   rrqm/s  %rrqm r_await rareq-sz     w/s     wkB/s   wrqm/s  %wrqm w_await wareq-sz     d/s     dkB/s   drqm/s  %drqm d_await dareq-sz     f/s f_await  aqu-sz  %util
nvme0n1          0.00      0.00     0.00   0.00    0.00     0.00 3856.00  48124.00     0.00   0.00    0.29    12.48    0.00      0.00     0.00   0.00    0.00     0.00  339.00    1.90    1.76  97.50


avg-cpu:  %user   %nice %system %iowait  %steal   %idle
           0.12    0.00    0.37    5.96    0.00   93.54

Device            r/s     rkB/s   rrqm/s  %rrqm r_await rareq-sz     w/s     wkB/s   wrqm/s  %wrqm w_await wareq-sz     d/s     dkB/s   drqm/s  %drqm d_await dareq-sz     f/s f_await  aqu-sz  %util
nvme0n1          0.00      0.00     0.00   0.00    0.00     0.00 4309.00  55704.00     0.00   0.00    0.27    12.93    0.00      0.00     0.00   0.00    0.00     0.00  331.00    1.99    1.83  97.30


avg-cpu:  %user   %nice %system %iowait  %steal   %idle
           0.25    0.00    0.62    5.76    0.00   93.37

Device            r/s     rkB/s   rrqm/s  %rrqm r_await rareq-sz     w/s     wkB/s   wrqm/s  %wrqm w_await wareq-sz     d/s     dkB/s   drqm/s  %drqm d_await dareq-sz     f/s f_await  aqu-sz  %util
nvme0n1          0.00      0.00     0.00   0.00    0.00     0.00 4291.00  55496.00     0.00   0.00    0.27    12.93    0.00      0.00     0.00   0.00    0.00     0.00  329.00    1.96    1.80  95.80


avg-cpu:  %user   %nice %system %iowait  %steal   %idle
           0.19    0.00    0.43    5.75    0.00   93.63

Device            r/s     rkB/s   rrqm/s  %rrqm r_await rareq-sz     w/s     wkB/s   wrqm/s  %wrqm w_await wareq-sz     d/s     dkB/s   drqm/s  %drqm d_await dareq-sz     f/s f_await  aqu-sz  %util
nvme0n1          1.00     16.00     0.00   0.00    0.00    16.00 4247.00  54952.00     0.00   0.00    0.27    12.94    0.00      0.00     0.00   0.00    0.00     0.00  325.00    1.97    1.79  94.70


avg-cpu:  %user   %nice %system %iowait  %steal   %idle
           0.12    0.00    0.43    5.83    0.00   93.61

Device            r/s     rkB/s   rrqm/s  %rrqm r_await rareq-sz     w/s     wkB/s   wrqm/s  %wrqm w_await wareq-sz     d/s     dkB/s   drqm/s  %drqm d_await dareq-sz     f/s f_await  aqu-sz  %util
nvme0n1          0.00      0.00     0.00   0.00    0.00     0.00 4164.00  53824.00     0.00   0.00    0.27    12.93    0.00      0.00     0.00   0.00    0.00     0.00  320.00    1.99    1.78  95.20


avg-cpu:  %user   %nice %system %iowait  %steal   %idle
           0.19    0.00    0.49    5.69    0.00   93.63

Device            r/s     rkB/s   rrqm/s  %rrqm r_await rareq-sz     w/s     wkB/s   wrqm/s  %wrqm w_await wareq-sz     d/s     dkB/s   drqm/s  %drqm d_await dareq-sz     f/s f_await  aqu-sz  %util
nvme0n1          0.00      0.00     0.00   0.00    0.00     0.00 4302.00  55656.00     0.00   0.00    0.27    12.94    0.00      0.00     0.00   0.00    0.00     0.00  330.00    1.90    1.78  93.70


avg-cpu:  %user   %nice %system %iowait  %steal   %idle
           0.19    0.00    0.43    5.82    0.00   93.56

Device            r/s     rkB/s   rrqm/s  %rrqm r_await rareq-sz     w/s     wkB/s   wrqm/s  %wrqm w_await wareq-sz     d/s     dkB/s   drqm/s  %drqm d_await dareq-sz     f/s f_await  aqu-sz  %util
nvme0n1          0.00      0.00     0.00   0.00    0.00     0.00 4301.00  55632.00     0.00   0.00    0.27    12.93    0.00      0.00     0.00   0.00    0.00     0.00  329.00    1.92    1.79  95.70


avg-cpu:  %user   %nice %system %iowait  %steal   %idle
           0.12    0.00    0.43    5.81    0.00   93.63

Device            r/s     rkB/s   rrqm/s  %rrqm r_await rareq-sz     w/s     wkB/s   wrqm/s  %wrqm w_await wareq-sz     d/s     dkB/s   drqm/s  %drqm d_await dareq-sz     f/s f_await  aqu-sz  %util
nvme0n1          0.00      0.00     0.00   0.00    0.00     0.00 4184.00  54068.00     0.00   0.00    0.27    12.92    0.00      0.00     0.00   0.00    0.00     0.00  321.00    2.01    1.80  95.90


avg-cpu:  %user   %nice %system %iowait  %steal   %idle
           0.19    0.00    0.43    5.88    0.00   93.51

Device            r/s     rkB/s   rrqm/s  %rrqm r_await rareq-sz     w/s     wkB/s   wrqm/s  %wrqm w_await wareq-sz     d/s     dkB/s   drqm/s  %drqm d_await dareq-sz     f/s f_await  aqu-sz  %util
nvme0n1          0.00      0.00     0.00   0.00    0.00     0.00 4982.00  66832.00     0.00   0.00    0.94    13.41    0.00      0.00     0.00   0.00    0.00     0.00  322.00    1.99    5.34  95.60


avg-cpu:  %user   %nice %system %iowait  %steal   %idle
           0.18    0.00    0.55    5.67    0.00   93.59

Device            r/s     rkB/s   rrqm/s  %rrqm r_await rareq-sz     w/s     wkB/s   wrqm/s  %wrqm w_await wareq-sz     d/s     dkB/s   drqm/s  %drqm d_await dareq-sz     f/s f_await  aqu-sz  %util
nvme0n1          1.00     16.00     0.00   0.00    1.00    16.00 4304.00  55624.00     0.00   0.00    0.27    12.92    0.00      0.00     0.00   0.00    0.00     0.00  331.00    1.94    1.80  94.20


avg-cpu:  %user   %nice %system %iowait  %steal   %idle
           0.12    0.00    0.55    5.78    0.00   93.54

Device            r/s     rkB/s   rrqm/s  %rrqm r_await rareq-sz     w/s     wkB/s   wrqm/s  %wrqm w_await wareq-sz     d/s     dkB/s   drqm/s  %drqm d_await dareq-sz     f/s f_await  aqu-sz  %util
nvme0n1          0.00      0.00     0.00   0.00    0.00     0.00 4310.00  55720.00     0.00   0.00    0.27    12.93    0.00      0.00     0.00   0.00    0.00     0.00  331.00    1.92    1.80  95.80


avg-cpu:  %user   %nice %system %iowait  %steal   %idle
           0.06    0.00    0.37    5.81    0.00   93.76

Device            r/s     rkB/s   rrqm/s  %rrqm r_await rareq-sz     w/s     wkB/s   wrqm/s  %wrqm w_await wareq-sz     d/s     dkB/s   drqm/s  %drqm d_await dareq-sz     f/s f_await  aqu-sz  %util
nvme0n1          0.00      0.00     0.00   0.00    0.00     0.00 4212.00  54432.00     0.00   0.00    0.28    12.92    0.00      0.00     0.00   0.00    0.00     0.00  324.00    2.01    1.81  96.30


avg-cpu:  %user   %nice %system %iowait  %steal   %idle
           0.31    0.00    0.62    5.79    0.00   93.29

Device            r/s     rkB/s   rrqm/s  %rrqm r_await rareq-sz     w/s     wkB/s   wrqm/s  %wrqm w_await wareq-sz     d/s     dkB/s   drqm/s  %drqm d_await dareq-sz     f/s f_await  aqu-sz  %util
nvme0n1          0.00      0.00     0.00   0.00    0.00     0.00 4292.00  55432.00     0.00   0.00    0.27    12.92    0.00      0.00     0.00   0.00    0.00     0.00  330.00    1.95    1.81  96.20


avg-cpu:  %user   %nice %system %iowait  %steal   %idle
           0.12    0.00    0.37    5.81    0.00   93.70

Device            r/s     rkB/s   rrqm/s  %rrqm r_await rareq-sz     w/s     wkB/s   wrqm/s  %wrqm w_await wareq-sz     d/s     dkB/s   drqm/s  %drqm d_await dareq-sz     f/s f_await  aqu-sz  %util
nvme0n1          0.00      0.00     0.00   0.00    0.00     0.00 4263.00  55104.00     0.00   0.00    0.27    12.93    0.00      0.00     0.00   0.00    0.00     0.00  327.00    1.95    1.79  95.60


avg-cpu:  %user   %nice %system %iowait  %steal   %idle
           0.19    0.00    0.56    5.69    0.00   93.57

Device            r/s     rkB/s   rrqm/s  %rrqm r_await rareq-sz     w/s     wkB/s   wrqm/s  %wrqm w_await wareq-sz     d/s     dkB/s   drqm/s  %drqm d_await dareq-sz     f/s f_await  aqu-sz  %util
nvme0n1          0.00      0.00     0.00   0.00    0.00     0.00 4284.00  55424.00     0.00   0.00    0.27    12.94    0.00      0.00     0.00   0.00    0.00     0.00  328.00    1.93    1.79  93.80


avg-cpu:  %user   %nice %system %iowait  %steal   %idle
           0.19    0.00    0.37    5.75    0.00   93.69

Device            r/s     rkB/s   rrqm/s  %rrqm r_await rareq-sz     w/s     wkB/s   wrqm/s  %wrqm w_await wareq-sz     d/s     dkB/s   drqm/s  %drqm d_await dareq-sz     f/s f_await  aqu-sz  %util
nvme0n1          1.00     16.00     0.00   0.00    1.00    16.00 4243.00  54912.00     0.00   0.00    0.27    12.94    0.00      0.00     0.00   0.00    0.00     0.00  325.00    1.98    1.80  95.50


avg-cpu:  %user   %nice %system %iowait  %steal   %idle
           0.18    0.00    0.49    5.86    0.00   93.46

Device            r/s     rkB/s   rrqm/s  %rrqm r_await rareq-sz     w/s     wkB/s   wrqm/s  %wrqm w_await wareq-sz     d/s     dkB/s   drqm/s  %drqm d_await dareq-sz     f/s f_await  aqu-sz  %util
nvme0n1          0.00      0.00     0.00   0.00    0.00     0.00 4250.00  55016.00     0.00   0.00    0.27    12.94    0.00      0.00     0.00   0.00    0.00     0.00  324.00    1.99    1.80  96.10


avg-cpu:  %user   %nice %system %iowait  %steal   %idle
           0.12    0.00    0.55    5.73    0.00   93.59

Device            r/s     rkB/s   rrqm/s  %rrqm r_await rareq-sz     w/s     wkB/s   wrqm/s  %wrqm w_await wareq-sz     d/s     dkB/s   drqm/s  %drqm d_await dareq-sz     f/s f_await  aqu-sz  %util
nvme0n1          0.00      0.00     0.00   0.00    0.00     0.00 4267.00  55136.00     0.00   0.00    0.27    12.92    0.00      0.00     0.00   0.00    0.00     0.00  329.00    1.93    1.79  94.90


avg-cpu:  %user   %nice %system %iowait  %steal   %idle
           0.12    0.00    0.43    5.85    0.00   93.59

Device            r/s     rkB/s   rrqm/s  %rrqm r_await rareq-sz     w/s     wkB/s   wrqm/s  %wrqm w_await wareq-sz     d/s     dkB/s   drqm/s  %drqm d_await dareq-sz     f/s f_await  aqu-sz  %util
nvme0n1          0.00      0.00     0.00   0.00    0.00     0.00 4232.00  54728.00     0.00   0.00    0.28    12.93    0.00      0.00     0.00   0.00    0.00     0.00  324.00    1.99    1.81  96.80


avg-cpu:  %user   %nice %system %iowait  %steal   %idle
           0.19    0.00    0.49    5.74    0.00   93.58

Device            r/s     rkB/s   rrqm/s  %rrqm r_await rareq-sz     w/s     wkB/s   wrqm/s  %wrqm w_await wareq-sz     d/s     dkB/s   drqm/s  %drqm d_await dareq-sz     f/s f_await  aqu-sz  %util
nvme0n1          0.00      0.00     0.00   0.00    0.00     0.00 4342.00  56112.00     0.00   0.00    0.27    12.92    0.00      0.00     0.00   0.00    0.00     0.00  334.00    1.91    1.79  95.30


avg-cpu:  %user   %nice %system %iowait  %steal   %idle
           0.62    0.25    0.80    4.58    0.00   93.75

Device            r/s     rkB/s   rrqm/s  %rrqm r_await rareq-sz     w/s     wkB/s   wrqm/s  %wrqm w_await wareq-sz     d/s     dkB/s   drqm/s  %drqm d_await dareq-sz     f/s f_await  aqu-sz  %util
nvme0n1          0.00      0.00     0.00   0.00    0.00     0.00 3515.00  45232.00     1.00   0.03    0.27    12.87    0.00      0.00     0.00   0.00    0.00     0.00  272.00    1.84    1.44  75.10


avg-cpu:  %user   %nice %system %iowait  %steal   %idle
           0.25    0.06    0.50    3.23    0.00   95.96

Device            r/s     rkB/s   rrqm/s  %rrqm r_await rareq-sz     w/s     wkB/s   wrqm/s  %wrqm w_await wareq-sz     d/s     dkB/s   drqm/s  %drqm d_await dareq-sz     f/s f_await  aqu-sz  %util
nvme0n1          0.00      0.00     0.00   0.00    0.00     0.00 2357.00  30500.00     0.00   0.00    0.27    12.94    0.00      0.00     0.00   0.00    0.00     0.00  180.00    1.99    1.00  53.10


avg-cpu:  %user   %nice %system %iowait  %steal   %idle
           0.12    0.00    0.50    5.94    0.00   93.44

Device            r/s     rkB/s   rrqm/s  %rrqm r_await rareq-sz     w/s     wkB/s   wrqm/s  %wrqm w_await wareq-sz     d/s     dkB/s   drqm/s  %drqm d_await dareq-sz     f/s f_await  aqu-sz  %util
nvme0n1          1.00     16.00     0.00   0.00    0.00    16.00 4382.00  56672.00     0.00   0.00    0.27    12.93    0.00      0.00     0.00   0.00    0.00     0.00  336.00    1.95    1.83  97.30


avg-cpu:  %user   %nice %system %iowait  %steal   %idle
           0.25    0.00    0.37    5.94    0.00   93.44

Device            r/s     rkB/s   rrqm/s  %rrqm r_await rareq-sz     w/s     wkB/s   wrqm/s  %wrqm w_await wareq-sz     d/s     dkB/s   drqm/s  %drqm d_await dareq-sz     f/s f_await  aqu-sz  %util
nvme0n1          1.00     16.00     0.00   0.00    1.00    16.00 4387.00  56792.00     0.00   0.00    0.27    12.95    0.00      0.00     0.00   0.00    0.00     0.00  335.00    1.96    1.84  97.20


avg-cpu:  %user   %nice %system %iowait  %steal   %idle
           0.19    0.00    0.68    5.93    0.00   93.21

Device            r/s     rkB/s   rrqm/s  %rrqm r_await rareq-sz     w/s     wkB/s   wrqm/s  %wrqm w_await wareq-sz     d/s     dkB/s   drqm/s  %drqm d_await dareq-sz     f/s f_await  aqu-sz  %util
nvme0n1          2.00     32.00     0.00   0.00    0.50    16.00 4382.00  56672.00     0.00   0.00    0.27    12.93    0.00      0.00     0.00   0.00    0.00     0.00  336.00    1.96    1.83  97.30


avg-cpu:  %user   %nice %system %iowait  %steal   %idle
           0.19    0.00    0.43    5.95    0.00   93.43

Device            r/s     rkB/s   rrqm/s  %rrqm r_await rareq-sz     w/s     wkB/s   wrqm/s  %wrqm w_await wareq-sz     d/s     dkB/s   drqm/s  %drqm d_await dareq-sz     f/s f_await  aqu-sz  %util
nvme0n1          4.00     64.00     0.00   0.00    0.50    16.00 4394.00  56784.00     0.00   0.00    0.27    12.92    0.00      0.00     0.00   0.00    0.00     0.00  338.00    1.93    1.83  97.40


avg-cpu:  %user   %nice %system %iowait  %steal   %idle
           0.19    0.00    0.43    5.90    0.00   93.48

Device            r/s     rkB/s   rrqm/s  %rrqm r_await rareq-sz     w/s     wkB/s   wrqm/s  %wrqm w_await wareq-sz     d/s     dkB/s   drqm/s  %drqm d_await dareq-sz     f/s f_await  aqu-sz  %util
nvme0n1          1.00     16.00     0.00   0.00    1.00    16.00 4261.00  55068.00     0.00   0.00    0.27    12.92    0.00      0.00     0.00   0.00    0.00     0.00  328.00    2.02    1.83  96.70


avg-cpu:  %user   %nice %system %iowait  %steal   %idle
           0.25    0.00    0.87    6.06    0.00   92.83

Device            r/s     rkB/s   rrqm/s  %rrqm r_await rareq-sz     w/s     wkB/s   wrqm/s  %wrqm w_await wareq-sz     d/s     dkB/s   drqm/s  %drqm d_await dareq-sz     f/s f_await  aqu-sz  %util
nvme0n1         34.00    544.00     0.00   0.00    1.09    16.00 5666.00  77216.00     0.00   0.00    3.62    13.63    0.00      0.00     0.00   0.00    0.00     0.00  336.00    1.90   21.17  96.50


avg-cpu:  %user   %nice %system %iowait  %steal   %idle
           0.19    0.00    0.37    6.01    0.00   93.43

Device            r/s     rkB/s   rrqm/s  %rrqm r_await rareq-sz     w/s     wkB/s   wrqm/s  %wrqm w_await wareq-sz     d/s     dkB/s   drqm/s  %drqm d_await dareq-sz     f/s f_await  aqu-sz  %util
nvme0n1          0.00      0.00     0.00   0.00    0.00     0.00 3022.00  34568.00     0.00   0.00    0.34    11.44    0.00      0.00     0.00   0.00    0.00     0.00  344.00    1.90    1.69  98.20


avg-cpu:  %user   %nice %system %iowait  %steal   %idle
           0.19    0.00    0.56    5.93    0.00   93.33

Device            r/s     rkB/s   rrqm/s  %rrqm r_await rareq-sz     w/s     wkB/s   wrqm/s  %wrqm w_await wareq-sz     d/s     dkB/s   drqm/s  %drqm d_await dareq-sz     f/s f_await  aqu-sz  %util
nvme0n1          0.00      0.00     0.00   0.00    0.00     0.00 3633.00  44568.00     0.00   0.00    0.30    12.27    0.00      0.00     0.00   0.00    0.00     0.00  339.00    1.91    1.74  96.90


avg-cpu:  %user   %nice %system %iowait  %steal   %idle
           0.25    0.00    0.43    5.88    0.00   93.44

Device            r/s     rkB/s   rrqm/s  %rrqm r_await rareq-sz     w/s     wkB/s   wrqm/s  %wrqm w_await wareq-sz     d/s     dkB/s   drqm/s  %drqm d_await dareq-sz     f/s f_await  aqu-sz  %util
nvme0n1          0.00      0.00     0.00   0.00    0.00     0.00 3762.00  46672.00     0.00   0.00    0.29    12.41    0.00      0.00     0.00   0.00    0.00     0.00  338.00    1.90    1.75  96.70


avg-cpu:  %user   %nice %system %iowait  %steal   %idle
           0.19    0.00    0.50    5.96    0.00   93.35

Device            r/s     rkB/s   rrqm/s  %rrqm r_await rareq-sz     w/s     wkB/s   wrqm/s  %wrqm w_await wareq-sz     d/s     dkB/s   drqm/s  %drqm d_await dareq-sz     f/s f_await  aqu-sz  %util
nvme0n1          1.00     16.00     0.00   0.00    0.00    16.00 4355.00  56280.00     0.00   0.00    0.27    12.92    0.00      0.00     0.00   0.00    0.00     0.00  335.00    1.94    1.82  97.70


avg-cpu:  %user   %nice %system %iowait  %steal   %idle
           0.25    0.00    0.37    5.95    0.00   93.43

Device            r/s     rkB/s   rrqm/s  %rrqm r_await rareq-sz     w/s     wkB/s   wrqm/s  %wrqm w_await wareq-sz     d/s     dkB/s   drqm/s  %drqm d_await dareq-sz     f/s f_await  aqu-sz  %util
nvme0n1          0.00      0.00     0.00   0.00    0.00     0.00 4290.00  55396.00     0.00   0.00    0.27    12.91    0.00      0.00     0.00   0.00    0.00     0.00  330.00    2.00    1.84  97.30


avg-cpu:  %user   %nice %system %iowait  %steal   %idle
           0.12    0.00    0.56    5.94    0.00   93.37

Device            r/s     rkB/s   rrqm/s  %rrqm r_await rareq-sz     w/s     wkB/s   wrqm/s  %wrqm w_await wareq-sz     d/s     dkB/s   drqm/s  %drqm d_await dareq-sz     f/s f_await  aqu-sz  %util
nvme0n1          0.00      0.00     0.00   0.00    0.00     0.00 4380.00  56612.00     0.00   0.00    0.27    12.93    0.00      0.00     0.00   0.00    0.00     0.00  337.00    1.93    1.83  98.00


avg-cpu:  %user   %nice %system %iowait  %steal   %idle
           0.25    0.00    0.37    5.94    0.00   93.44

Device            r/s     rkB/s   rrqm/s  %rrqm r_await rareq-sz     w/s     wkB/s   wrqm/s  %wrqm w_await wareq-sz     d/s     dkB/s   drqm/s  %drqm d_await dareq-sz     f/s f_await  aqu-sz  %util
nvme0n1          0.00      0.00     0.00   0.00    0.00     0.00 4408.00  57088.00     0.00   0.00    0.27    12.95    0.00      0.00     0.00   0.00    0.00     0.00  336.00    1.93    1.84  97.80


avg-cpu:  %user   %nice %system %iowait  %steal   %idle
           0.19    0.00    0.56    5.89    0.00   93.37

Device            r/s     rkB/s   rrqm/s  %rrqm r_await rareq-sz     w/s     wkB/s   wrqm/s  %wrqm w_await wareq-sz     d/s     dkB/s   drqm/s  %drqm d_await dareq-sz     f/s f_await  aqu-sz  %util
nvme0n1          1.00     16.00     0.00   0.00    1.00    16.00 4317.00  55808.00     0.00   0.00    0.27    12.93    0.00      0.00     0.00   0.00    0.00     0.00  331.00    1.98    1.84  97.00


avg-cpu:  %user   %nice %system %iowait  %steal   %idle
           0.25    0.00    0.43    5.94    0.00   93.38

Device            r/s     rkB/s   rrqm/s  %rrqm r_await rareq-sz     w/s     wkB/s   wrqm/s  %wrqm w_await wareq-sz     d/s     dkB/s   drqm/s  %drqm d_await dareq-sz     f/s f_await  aqu-sz  %util
nvme0n1          0.00      0.00     0.00   0.00    0.00     0.00 4330.00  56000.00     0.00   0.00    0.28    12.93    0.00      0.00     0.00   0.00    0.00     0.00  332.00    1.98    1.85  96.80


avg-cpu:  %user   %nice %system %iowait  %steal   %idle
           0.31    0.00    0.68    5.87    0.00   93.14

Device            r/s     rkB/s   rrqm/s  %rrqm r_await rareq-sz     w/s     wkB/s   wrqm/s  %wrqm w_await wareq-sz     d/s     dkB/s   drqm/s  %drqm d_await dareq-sz     f/s f_await  aqu-sz  %util
nvme0n1          0.00      0.00     0.00   0.00    0.00     0.00 4340.00  56112.00     0.00   0.00    0.28    12.93    0.00      0.00     0.00   0.00    0.00     0.00  332.00    1.97    1.85  97.80


avg-cpu:  %user   %nice %system %iowait  %steal   %idle
           0.12    0.00    0.50    6.01    0.00   93.37

Device            r/s     rkB/s   rrqm/s  %rrqm r_await rareq-sz     w/s     wkB/s   wrqm/s  %wrqm w_await wareq-sz     d/s     dkB/s   drqm/s  %drqm d_await dareq-sz     f/s f_await  aqu-sz  %util
nvme0n1          0.00      0.00     0.00   0.00    0.00     0.00 4376.00  56680.00     0.00   0.00    0.27    12.95    0.00      0.00     0.00   0.00    0.00     0.00  334.00    1.96    1.85  97.90


avg-cpu:  %user   %nice %system %iowait  %steal   %idle
           0.19    0.00    0.43    6.01    0.00   93.37

Device            r/s     rkB/s   rrqm/s  %rrqm r_await rareq-sz     w/s     wkB/s   wrqm/s  %wrqm w_await wareq-sz     d/s     dkB/s   drqm/s  %drqm d_await dareq-sz     f/s f_await  aqu-sz  %util
nvme0n1          1.00     16.00     0.00   0.00    1.00    16.00 4910.00  65440.00     0.00   0.00    0.79    13.33    0.00      0.00     0.00   0.00    0.00     0.00  328.00    2.00    4.55  98.20


avg-cpu:  %user   %nice %system %iowait  %steal   %idle
           0.25    0.00    0.56    5.95    0.00   93.25

Device            r/s     rkB/s   rrqm/s  %rrqm r_await rareq-sz     w/s     wkB/s   wrqm/s  %wrqm w_await wareq-sz     d/s     dkB/s   drqm/s  %drqm d_await dareq-sz     f/s f_await  aqu-sz  %util
nvme0n1          0.00      0.00     0.00   0.00    0.00     0.00 4310.00  55736.00     0.00   0.00    0.27    12.93    0.00      0.00     0.00   0.00    0.00     0.00  330.00    2.00    1.84  97.90


avg-cpu:  %user   %nice %system %iowait  %steal   %idle
           0.19    0.00    0.43    5.88    0.00   93.50

Device            r/s     rkB/s   rrqm/s  %rrqm r_await rareq-sz     w/s     wkB/s   wrqm/s  %wrqm w_await wareq-sz     d/s     dkB/s   drqm/s  %drqm d_await dareq-sz     f/s f_await  aqu-sz  %util
nvme0n1          0.00      0.00     0.00   0.00    0.00     0.00 4329.00  55944.00     0.00   0.00    0.27    12.92    0.00      0.00     0.00   0.00    0.00     0.00  333.00    1.97    1.84  97.60


avg-cpu:  %user   %nice %system %iowait  %steal   %idle
           0.12    0.00    0.50    5.95    0.00   93.43

Device            r/s     rkB/s   rrqm/s  %rrqm r_await rareq-sz     w/s     wkB/s   wrqm/s  %wrqm w_await wareq-sz     d/s     dkB/s   drqm/s  %drqm d_await dareq-sz     f/s f_await  aqu-sz  %util
nvme0n1          0.00      0.00     0.00   0.00    0.00     0.00 4387.00  56688.00     0.00   0.00    0.27    12.92    0.00      0.00     0.00   0.00    0.00     0.00  337.00    1.92    1.83  97.30


avg-cpu:  %user   %nice %system %iowait  %steal   %idle
           0.19    0.00    0.37    5.94    0.00   93.50

Device            r/s     rkB/s   rrqm/s  %rrqm r_await rareq-sz     w/s     wkB/s   wrqm/s  %wrqm w_await wareq-sz     d/s     dkB/s   drqm/s  %drqm d_await dareq-sz     f/s f_await  aqu-sz  %util
nvme0n1          0.00      0.00     0.00   0.00    0.00     0.00 4574.00  58408.00     0.00   0.00    0.35    12.77    0.00      0.00     0.00   0.00    0.00     0.00  333.00    1.96    2.26  97.30


avg-cpu:  %user   %nice %system %iowait  %steal   %idle
           0.12    0.00    0.50    6.00    0.00   93.38

Device            r/s     rkB/s   rrqm/s  %rrqm r_await rareq-sz     w/s     wkB/s   wrqm/s  %wrqm w_await wareq-sz     d/s     dkB/s   drqm/s  %drqm d_await dareq-sz     f/s f_await  aqu-sz  %util
nvme0n1          1.00     16.00     0.00   0.00    0.00    16.00 4318.00  55780.00     0.00   0.00    0.27    12.92    0.00      0.00     0.00   0.00    0.00     0.00  333.00    1.97    1.83  97.30


avg-cpu:  %user   %nice %system %iowait  %steal   %idle
           0.25    0.00    0.56    5.82    0.00   93.38

Device            r/s     rkB/s   rrqm/s  %rrqm r_await rareq-sz     w/s     wkB/s   wrqm/s  %wrqm w_await wareq-sz     d/s     dkB/s   drqm/s  %drqm d_await dareq-sz     f/s f_await  aqu-sz  %util
nvme0n1          0.00      0.00     0.00   0.00    0.00     0.00 4334.00  56092.00     0.00   0.00    0.27    12.94    0.00      0.00     0.00   0.00    0.00     0.00  331.00    1.96    1.84  97.20


avg-cpu:  %user   %nice %system %iowait  %steal   %idle
           0.19    0.00    0.43    5.95    0.00   93.43

Device            r/s     rkB/s   rrqm/s  %rrqm r_await rareq-sz     w/s     wkB/s   wrqm/s  %wrqm w_await wareq-sz     d/s     dkB/s   drqm/s  %drqm d_await dareq-sz     f/s f_await  aqu-sz  %util
nvme0n1          0.00      0.00     0.00   0.00    0.00     0.00 4378.00  56688.00     0.00   0.00    0.27    12.95    0.00      0.00     0.00   0.00    0.00     0.00  334.00    1.96    1.84  97.60


avg-cpu:  %user   %nice %system %iowait  %steal   %idle
           0.12    0.00    0.50    6.00    0.00   93.38

Device            r/s     rkB/s   rrqm/s  %rrqm r_await rareq-sz     w/s     wkB/s   wrqm/s  %wrqm w_await wareq-sz     d/s     dkB/s   drqm/s  %drqm d_await dareq-sz     f/s f_await  aqu-sz  %util
nvme0n1          0.00      0.00     0.00   0.00    0.00     0.00 4442.00  57472.00     0.00   0.00    0.27    12.94    0.00      0.00     0.00   0.00    0.00     0.00  340.00    1.91    1.85  97.90


avg-cpu:  %user   %nice %system %iowait  %steal   %idle
           0.25    0.00    0.43    5.94    0.00   93.38

Device            r/s     rkB/s   rrqm/s  %rrqm r_await rareq-sz     w/s     wkB/s   wrqm/s  %wrqm w_await wareq-sz     d/s     dkB/s   drqm/s  %drqm d_await dareq-sz     f/s f_await  aqu-sz  %util
nvme0n1          1.00     16.00     0.00   0.00    1.00    16.00 4331.00  55976.00     0.00   0.00    0.27    12.92    0.00      0.00     0.00   0.00    0.00     0.00  333.00    1.98    1.84  96.60


avg-cpu:  %user   %nice %system %iowait  %steal   %idle
           0.12    0.00    0.56    5.88    0.00   93.44

Device            r/s     rkB/s   rrqm/s  %rrqm r_await rareq-sz     w/s     wkB/s   wrqm/s  %wrqm w_await wareq-sz     d/s     dkB/s   drqm/s  %drqm d_await dareq-sz     f/s f_await  aqu-sz  %util
nvme0n1          0.00      0.00     0.00   0.00    0.00     0.00 4388.00  56688.00     0.00   0.00    0.27    12.92    0.00      0.00     0.00   0.00    0.00     0.00  338.00    1.93    1.84  97.30


avg-cpu:  %user   %nice %system %iowait  %steal   %idle
           0.25    0.00    0.43    5.96    0.00   93.36

Device            r/s     rkB/s   rrqm/s  %rrqm r_await rareq-sz     w/s     wkB/s   wrqm/s  %wrqm w_await wareq-sz     d/s     dkB/s   drqm/s  %drqm d_await dareq-sz     f/s f_await  aqu-sz  %util
nvme0n1          0.00      0.00     0.00   0.00    0.00     0.00 4333.00  56032.00     0.00   0.00    0.27    12.93    0.00      0.00     0.00   0.00    0.00     0.00  333.00    1.96    1.84  97.40


avg-cpu:  %user   %nice %system %iowait  %steal   %idle
           0.19    0.00    0.56    5.95    0.00   93.30

Device            r/s     rkB/s   rrqm/s  %rrqm r_await rareq-sz     w/s     wkB/s   wrqm/s  %wrqm w_await wareq-sz     d/s     dkB/s   drqm/s  %drqm d_await dareq-sz     f/s f_await  aqu-sz  %util
nvme0n1          0.00      0.00     0.00   0.00    0.00     0.00 4399.00  56944.00     0.00   0.00    0.27    12.94    0.00      0.00     0.00   0.00    0.00     0.00  335.00    1.94    1.84  97.90


avg-cpu:  %user   %nice %system %iowait  %steal   %idle
           0.25    0.00    0.49    5.88    0.00   93.38

Device            r/s     rkB/s   rrqm/s  %rrqm r_await rareq-sz     w/s     wkB/s   wrqm/s  %wrqm w_await wareq-sz     d/s     dkB/s   drqm/s  %drqm d_await dareq-sz     f/s f_await  aqu-sz  %util
nvme0n1          0.00      0.00     0.00   0.00    0.00     0.00 4318.00  55808.00     0.00   0.00    0.27    12.92    0.00      0.00     0.00   0.00    0.00     0.00  332.00    1.97    1.83  96.80


avg-cpu:  %user   %nice %system %iowait  %steal   %idle
           0.19    0.00    0.43    5.95    0.00   93.43

Device            r/s     rkB/s   rrqm/s  %rrqm r_await rareq-sz     w/s     wkB/s   wrqm/s  %wrqm w_await wareq-sz     d/s     dkB/s   drqm/s  %drqm d_await dareq-sz     f/s f_await  aqu-sz  %util
nvme0n1          1.00     16.00     0.00   0.00    0.00    16.00 4469.00  56588.00     4.00   0.09    0.29    12.66    0.00      0.00     0.00   0.00    0.00     0.00  333.00    1.96    1.94  97.80


avg-cpu:  %user   %nice %system %iowait  %steal   %idle
           0.19    0.00    0.43    5.94    0.00   93.44

Device            r/s     rkB/s   rrqm/s  %rrqm r_await rareq-sz     w/s     wkB/s   wrqm/s  %wrqm w_await wareq-sz     d/s     dkB/s   drqm/s  %drqm d_await dareq-sz     f/s f_await  aqu-sz  %util
nvme0n1          0.00      0.00     0.00   0.00    0.00     0.00 4414.00  57104.00     0.00   0.00    0.27    12.94    0.00      0.00     0.00   0.00    0.00     0.00  338.00    1.93    1.84  97.50


avg-cpu:  %user   %nice %system %iowait  %steal   %idle
           0.19    0.00    0.43    5.95    0.00   93.43

Device            r/s     rkB/s   rrqm/s  %rrqm r_await rareq-sz     w/s     wkB/s   wrqm/s  %wrqm w_await wareq-sz     d/s     dkB/s   drqm/s  %drqm d_await dareq-sz     f/s f_await  aqu-sz  %util
nvme0n1          1.00     16.00     0.00   0.00    1.00    16.00 4384.00  56680.00     0.00   0.00    0.27    12.93    0.00      0.00     0.00   0.00    0.00     0.00  336.00    1.94    1.83  96.40


avg-cpu:  %user   %nice %system %iowait  %steal   %idle
           0.25    0.00    0.62    5.88    0.00   93.25

Device            r/s     rkB/s   rrqm/s  %rrqm r_await rareq-sz     w/s     wkB/s   wrqm/s  %wrqm w_await wareq-sz     d/s     dkB/s   drqm/s  %drqm d_await dareq-sz     f/s f_await  aqu-sz  %util
nvme0n1          1.00     16.00     0.00   0.00    0.00    16.00 4342.00  56136.00     0.00   0.00    0.27    12.93    0.00      0.00     0.00   0.00    0.00     0.00  334.00    1.95    1.84  96.70


avg-cpu:  %user   %nice %system %iowait  %steal   %idle
           0.19    0.00    0.81    6.15    0.00   92.86

Device            r/s     rkB/s   rrqm/s  %rrqm r_await rareq-sz     w/s     wkB/s   wrqm/s  %wrqm w_await wareq-sz     d/s     dkB/s   drqm/s  %drqm d_await dareq-sz     f/s f_await  aqu-sz  %util
nvme0n1         27.00    432.00     0.00   0.00    1.33    16.00 6469.00  90052.00     0.00   0.00    3.78    13.92    0.00      0.00     0.00   0.00    0.00     0.00  336.00    1.90   25.12  97.80


avg-cpu:  %user   %nice %system %iowait  %steal   %idle
           0.19    0.00    0.50    5.90    0.00   93.42

Device            r/s     rkB/s   rrqm/s  %rrqm r_await rareq-sz     w/s     wkB/s   wrqm/s  %wrqm w_await wareq-sz     d/s     dkB/s   drqm/s  %drqm d_await dareq-sz     f/s f_await  aqu-sz  %util
nvme0n1          0.00      0.00     0.00   0.00    0.00     0.00 2966.00  33672.00     0.00   0.00    0.35    11.35    0.00      0.00     0.00   0.00    0.00     0.00  344.00    1.90    1.69  96.20


avg-cpu:  %user   %nice %system %iowait  %steal   %idle
           0.19    0.00    0.50    5.94    0.00   93.38

Device            r/s     rkB/s   rrqm/s  %rrqm r_await rareq-sz     w/s     wkB/s   wrqm/s  %wrqm w_await wareq-sz     d/s     dkB/s   drqm/s  %drqm d_await dareq-sz     f/s f_await  aqu-sz  %util
nvme0n1          0.00      0.00     0.00   0.00    0.00     0.00 3588.00  43968.00     0.00   0.00    0.30    12.25    0.00      0.00     0.00   0.00    0.00     0.00  336.00    1.91    1.73  96.50


avg-cpu:  %user   %nice %system %iowait  %steal   %idle
           0.19    0.00    0.37    5.90    0.00   93.54

Device            r/s     rkB/s   rrqm/s  %rrqm r_await rareq-sz     w/s     wkB/s   wrqm/s  %wrqm w_await wareq-sz     d/s     dkB/s   drqm/s  %drqm d_await dareq-sz     f/s f_await  aqu-sz  %util
nvme0n1          0.00      0.00     0.00   0.00    0.00     0.00 3611.00  44296.00     0.00   0.00    0.30    12.27    0.00      0.00     0.00   0.00    0.00     0.00  337.00    1.91    1.74  96.50


avg-cpu:  %user   %nice %system %iowait  %steal   %idle
           0.25    0.00    0.56    5.93    0.00   93.26

Device            r/s     rkB/s   rrqm/s  %rrqm r_await rareq-sz     w/s     wkB/s   wrqm/s  %wrqm w_await wareq-sz     d/s     dkB/s   drqm/s  %drqm d_await dareq-sz     f/s f_await  aqu-sz  %util
nvme0n1          0.00      0.00     0.00   0.00    0.00     0.00 4223.00  54008.00     0.00   0.00    0.27    12.79    0.00      0.00     0.00   0.00    0.00     0.00  339.00    1.91    1.80  97.10


avg-cpu:  %user   %nice %system %iowait  %steal   %idle
           0.19    0.00    0.43    5.84    0.00   93.54

Device            r/s     rkB/s   rrqm/s  %rrqm r_await rareq-sz     w/s     wkB/s   wrqm/s  %wrqm w_await wareq-sz     d/s     dkB/s   drqm/s  %drqm d_await dareq-sz     f/s f_await  aqu-sz  %util
nvme0n1          0.00      0.00     0.00   0.00    0.00     0.00 4305.00  55640.00     0.00   0.00    0.27    12.92    0.00      0.00     0.00   0.00    0.00     0.00  331.00    1.98    1.83  97.60


avg-cpu:  %user   %nice %system %iowait  %steal   %idle
           0.19    0.00    0.56    5.88    0.00   93.38

Device            r/s     rkB/s   rrqm/s  %rrqm r_await rareq-sz     w/s     wkB/s   wrqm/s  %wrqm w_await wareq-sz     d/s     dkB/s   drqm/s  %drqm d_await dareq-sz     f/s f_await  aqu-sz  %util
nvme0n1          0.00      0.00     0.00   0.00    0.00     0.00 4396.00  56840.00     0.00   0.00    0.27    12.93    0.00      0.00     0.00   0.00    0.00     0.00  338.00    1.93    1.84  96.40


avg-cpu:  %user   %nice %system %iowait  %steal   %idle
           0.19    0.00    0.37    5.95    0.00   93.49

Device            r/s     rkB/s   rrqm/s  %rrqm r_await rareq-sz     w/s     wkB/s   wrqm/s  %wrqm w_await wareq-sz     d/s     dkB/s   drqm/s  %drqm d_await dareq-sz     f/s f_await  aqu-sz  %util
nvme0n1          0.00      0.00     0.00   0.00    0.00     0.00 4222.00  54168.00     0.00   0.00    0.28    12.83    0.00      0.00     0.00   0.00    0.00     0.00  334.00    1.95    1.82  97.40


avg-cpu:  %user   %nice %system %iowait  %steal   %idle
           0.37    0.00    0.56    5.94    0.00   93.13

Device            r/s     rkB/s   rrqm/s  %rrqm r_await rareq-sz     w/s     wkB/s   wrqm/s  %wrqm w_await wareq-sz     d/s     dkB/s   drqm/s  %drqm d_await dareq-sz     f/s f_await  aqu-sz  %util
nvme0n1          0.00      0.00     0.00   0.00    0.00     0.00 3731.00  46136.00     0.00   0.00    0.30    12.37    0.00      0.00     0.00   0.00    0.00     0.00  339.00    1.91    1.75  97.10


avg-cpu:  %user   %nice %system %iowait  %steal   %idle
           0.19    0.00    0.37    5.96    0.00   93.49

Device            r/s     rkB/s   rrqm/s  %rrqm r_await rareq-sz     w/s     wkB/s   wrqm/s  %wrqm w_await wareq-sz     d/s     dkB/s   drqm/s  %drqm d_await dareq-sz     f/s f_await  aqu-sz  %util
nvme0n1          1.00     16.00     0.00   0.00    1.00    16.00 3776.00  46760.00     0.00   0.00    0.29    12.38    0.00      0.00     0.00   0.00    0.00     0.00  342.00    1.89    1.76  97.60


avg-cpu:  %user   %nice %system %iowait  %steal   %idle
           0.31    0.00    0.56    5.88    0.00   93.25

Device            r/s     rkB/s   rrqm/s  %rrqm r_await rareq-sz     w/s     wkB/s   wrqm/s  %wrqm w_await wareq-sz     d/s     dkB/s   drqm/s  %drqm d_await dareq-sz     f/s f_await  aqu-sz  %util
nvme0n1          0.00      0.00     0.00   0.00    0.00     0.00 3774.00  46760.00     0.00   0.00    0.29    12.39    0.00      0.00     0.00   0.00    0.00     0.00  340.00    1.90    1.75  96.90


avg-cpu:  %user   %nice %system %iowait  %steal   %idle
           0.19    0.00    0.43    5.96    0.00   93.42

Device            r/s     rkB/s   rrqm/s  %rrqm r_await rareq-sz     w/s     wkB/s   wrqm/s  %wrqm w_await wareq-sz     d/s     dkB/s   drqm/s  %drqm d_await dareq-sz     f/s f_await  aqu-sz  %util
nvme0n1          0.00      0.00     0.00   0.00    0.00     0.00 3882.00  48620.00     0.00   0.00    0.29    12.52    0.00      0.00     0.00   0.00    0.00     0.00  337.00    1.91    1.77  97.10


avg-cpu:  %user   %nice %system %iowait  %steal   %idle
           0.19    0.00    0.37    5.89    0.00   93.55

Device            r/s     rkB/s   rrqm/s  %rrqm r_await rareq-sz     w/s     wkB/s   wrqm/s  %wrqm w_await wareq-sz     d/s     dkB/s   drqm/s  %drqm d_await dareq-sz     f/s f_await  aqu-sz  %util
nvme0n1          0.00      0.00     0.00   0.00    0.00     0.00 4328.00  55968.00     0.00   0.00    0.27    12.93    0.00      0.00     0.00   0.00    0.00     0.00  332.00    1.98    1.84  97.70


avg-cpu:  %user   %nice %system %iowait  %steal   %idle
           0.12    0.00    0.43    5.96    0.00   93.49

Device            r/s     rkB/s   rrqm/s  %rrqm r_await rareq-sz     w/s     wkB/s   wrqm/s  %wrqm w_await wareq-sz     d/s     dkB/s   drqm/s  %drqm d_await dareq-sz     f/s f_await  aqu-sz  %util
nvme0n1          1.00     16.00     0.00   0.00    0.00    16.00 4890.00  65120.00     0.00   0.00    0.71    13.32    0.00      0.00     0.00   0.00    0.00     0.00  328.00    1.99    4.12  98.20


avg-cpu:  %user   %nice %system %iowait  %steal   %idle
           0.25    0.00    0.50    5.94    0.00   93.32

Device            r/s     rkB/s   rrqm/s  %rrqm r_await rareq-sz     w/s     wkB/s   wrqm/s  %wrqm w_await wareq-sz     d/s     dkB/s   drqm/s  %drqm d_await dareq-sz     f/s f_await  aqu-sz  %util
nvme0n1          0.00      0.00     0.00   0.00    0.00     0.00 4241.00  54856.00     0.00   0.00    0.28    12.93    0.00      0.00     0.00   0.00    0.00     0.00  325.00    2.03    1.83  97.80


avg-cpu:  %user   %nice %system %iowait  %steal   %idle
           0.19    0.00    0.56    5.88    0.00   93.37

Device            r/s     rkB/s   rrqm/s  %rrqm r_await rareq-sz     w/s     wkB/s   wrqm/s  %wrqm w_await wareq-sz     d/s     dkB/s   drqm/s  %drqm d_await dareq-sz     f/s f_await  aqu-sz  %util
nvme0n1          2.00     32.00     0.00   0.00    0.50    16.00 4385.00  56680.00     0.00   0.00    0.27    12.93    0.00      0.00     0.00   0.00    0.00     0.00  337.00    1.92    1.83  97.00


avg-cpu:  %user   %nice %system %iowait  %steal   %idle
           0.12    0.00    0.56    5.74    0.00   93.58

Device            r/s     rkB/s   rrqm/s  %rrqm r_await rareq-sz     w/s     wkB/s   wrqm/s  %wrqm w_await wareq-sz     d/s     dkB/s   drqm/s  %drqm d_await dareq-sz     f/s f_await  aqu-sz  %util
nvme0n1          0.00      0.00     0.00   0.00    0.00     0.00 4319.00  55840.00     0.00   0.00    0.27    12.93    0.00      0.00     0.00   0.00    0.00     0.00  331.00    1.95    1.81  95.40


avg-cpu:  %user   %nice %system %iowait  %steal   %idle
           0.18    0.00    0.49    5.78    0.00   93.54

Device            r/s     rkB/s   rrqm/s  %rrqm r_await rareq-sz     w/s     wkB/s   wrqm/s  %wrqm w_await wareq-sz     d/s     dkB/s   drqm/s  %drqm d_await dareq-sz     f/s f_await  aqu-sz  %util
nvme0n1          1.00     16.00     0.00   0.00    0.00    16.00 4390.00  56296.00     1.00   0.02    0.33    12.82    0.00      0.00     0.00   0.00    0.00     0.00  324.00    2.00    2.10  95.50


avg-cpu:  %user   %nice %system %iowait  %steal   %idle
           0.19    0.00    0.43    5.80    0.00   93.58

Device            r/s     rkB/s   rrqm/s  %rrqm r_await rareq-sz     w/s     wkB/s   wrqm/s  %wrqm w_await wareq-sz     d/s     dkB/s   drqm/s  %drqm d_await dareq-sz     f/s f_await  aqu-sz  %util
nvme0n1          0.00      0.00     0.00   0.00    0.00     0.00 4239.00  54800.00     0.00   0.00    0.27    12.93    0.00      0.00     0.00   0.00    0.00     0.00  325.00    1.97    1.80  95.40


avg-cpu:  %user   %nice %system %iowait  %steal   %idle
           0.19    0.00    0.49    5.75    0.00   93.57

Device            r/s     rkB/s   rrqm/s  %rrqm r_await rareq-sz     w/s     wkB/s   wrqm/s  %wrqm w_await wareq-sz     d/s     dkB/s   drqm/s  %drqm d_await dareq-sz     f/s f_await  aqu-sz  %util
nvme0n1          0.00      0.00     0.00   0.00    0.00     0.00 4338.00  56128.00     0.00   0.00    0.27    12.94    0.00      0.00     0.00   0.00    0.00     0.00  332.00    1.92    1.80  94.70


avg-cpu:  %user   %nice %system %iowait  %steal   %idle
           0.12    0.00    0.43    5.74    0.00   93.70

Device            r/s     rkB/s   rrqm/s  %rrqm r_await rareq-sz     w/s     wkB/s   wrqm/s  %wrqm w_await wareq-sz     d/s     dkB/s   drqm/s  %drqm d_await dareq-sz     f/s f_await  aqu-sz  %util
nvme0n1          1.00     16.00     0.00   0.00    1.00    16.00 4251.00  54936.00     0.00   0.00    0.27    12.92    0.00      0.00     0.00   0.00    0.00     0.00  327.00    1.95    1.79  95.30


avg-cpu:  %user   %nice %system %iowait  %steal   %idle
           0.18    0.00    0.43    5.86    0.00   93.53

Device            r/s     rkB/s   rrqm/s  %rrqm r_await rareq-sz     w/s     wkB/s   wrqm/s  %wrqm w_await wareq-sz     d/s     dkB/s   drqm/s  %drqm d_await dareq-sz     f/s f_await  aqu-sz  %util
nvme0n1          0.00      0.00     0.00   0.00    0.00     0.00 4236.00  54816.00     0.00   0.00    0.28    12.94    0.00      0.00     0.00   0.00    0.00     0.00  324.00    1.99    1.81  95.90


avg-cpu:  %user   %nice %system %iowait  %steal   %idle
           0.18    0.00    0.49    5.73    0.00   93.59

Device            r/s     rkB/s   rrqm/s  %rrqm r_await rareq-sz     w/s     wkB/s   wrqm/s  %wrqm w_await wareq-sz     d/s     dkB/s   drqm/s  %drqm d_await dareq-sz     f/s f_await  aqu-sz  %util
nvme0n1          0.00      0.00     0.00   0.00    0.00     0.00 4206.00  54416.00     0.00   0.00    0.27    12.94    0.00      0.00     0.00   0.00    0.00     0.00  322.00    1.99    1.80  95.90


avg-cpu:  %user   %nice %system %iowait  %steal   %idle
           0.19    0.00    0.49    5.74    0.00   93.58

Device            r/s     rkB/s   rrqm/s  %rrqm r_await rareq-sz     w/s     wkB/s   wrqm/s  %wrqm w_await wareq-sz     d/s     dkB/s   drqm/s  %drqm d_await dareq-sz     f/s f_await  aqu-sz  %util
nvme0n1          0.00      0.00     0.00   0.00    0.00     0.00 4124.00  53288.00     0.00   0.00    0.28    12.92    0.00      0.00     0.00   0.00    0.00     0.00  318.00    2.02    1.78  94.80


avg-cpu:  %user   %nice %system %iowait  %steal   %idle
           0.12    0.00    0.49    5.81    0.00   93.57

Device            r/s     rkB/s   rrqm/s  %rrqm r_await rareq-sz     w/s     wkB/s   wrqm/s  %wrqm w_await wareq-sz     d/s     dkB/s   drqm/s  %drqm d_await dareq-sz     f/s f_await  aqu-sz  %util
nvme0n1          0.00      0.00     0.00   0.00    0.00     0.00 4254.00  55000.00     0.00   0.00    0.27    12.93    0.00      0.00     0.00   0.00    0.00     0.00  326.00    1.96    1.80  95.10


avg-cpu:  %user   %nice %system %iowait  %steal   %idle
           0.18    0.00    0.49    5.73    0.00   93.59

Device            r/s     rkB/s   rrqm/s  %rrqm r_await rareq-sz     w/s     wkB/s   wrqm/s  %wrqm w_await wareq-sz     d/s     dkB/s   drqm/s  %drqm d_await dareq-sz     f/s f_await  aqu-sz  %util
nvme0n1          0.00      0.00     0.00   0.00    0.00     0.00 4257.00  55032.00     0.00   0.00    0.27    12.93    0.00      0.00     0.00   0.00    0.00     0.00  327.00    1.96    1.80  95.80


avg-cpu:  %user   %nice %system %iowait  %steal   %idle
           0.12    0.00    0.49    5.78    0.00   93.60

Device            r/s     rkB/s   rrqm/s  %rrqm r_await rareq-sz     w/s     wkB/s   wrqm/s  %wrqm w_await wareq-sz     d/s     dkB/s   drqm/s  %drqm d_await dareq-sz     f/s f_await  aqu-sz  %util
nvme0n1          1.00     16.00     0.00   0.00    0.00    16.00 4386.00  56736.00     0.00   0.00    0.27    12.94    0.00      0.00     0.00   0.00    0.00     0.00  336.00    1.88    1.80  96.10


avg-cpu:  %user   %nice %system %iowait  %steal   %idle
           0.18    0.00    0.49    5.79    0.00   93.53

Device            r/s     rkB/s   rrqm/s  %rrqm r_await rareq-sz     w/s     wkB/s   wrqm/s  %wrqm w_await wareq-sz     d/s     dkB/s   drqm/s  %drqm d_await dareq-sz     f/s f_await  aqu-sz  %util
nvme0n1          0.00      0.00     0.00   0.00    0.00     0.00 4333.00  56088.00     0.00   0.00    0.27    12.94    0.00      0.00     0.00   0.00    0.00     0.00  331.00    1.92    1.80  95.10


avg-cpu:  %user   %nice %system %iowait  %steal   %idle
           0.12    0.00    0.37    5.81    0.00   93.70

Device            r/s     rkB/s   rrqm/s  %rrqm r_await rareq-sz     w/s     wkB/s   wrqm/s  %wrqm w_await wareq-sz     d/s     dkB/s   drqm/s  %drqm d_await dareq-sz     f/s f_await  aqu-sz  %util
nvme0n1          0.00      0.00     0.00   0.00    0.00     0.00 4349.00  56284.00     0.00   0.00    0.27    12.94    0.00      0.00     0.00   0.00    0.00     0.00  330.00    1.95    1.82  96.10


avg-cpu:  %user   %nice %system %iowait  %steal   %idle
           0.12    0.00    0.55    5.89    0.00   93.43

Device            r/s     rkB/s   rrqm/s  %rrqm r_await rareq-sz     w/s     wkB/s   wrqm/s  %wrqm w_await wareq-sz     d/s     dkB/s   drqm/s  %drqm d_await dareq-sz     f/s f_await  aqu-sz  %util
nvme0n1          0.00      0.00     0.00   0.00    0.00     0.00 4261.00  55152.00     0.00   0.00    0.27    12.94    0.00      0.00     0.00   0.00    0.00     0.00  325.00    1.99    1.80  96.40


avg-cpu:  %user   %nice %system %iowait  %steal   %idle
           0.12    0.00    0.74    5.75    0.00   93.38

Device            r/s     rkB/s   rrqm/s  %rrqm r_await rareq-sz     w/s     wkB/s   wrqm/s  %wrqm w_await wareq-sz     d/s     dkB/s   drqm/s  %drqm d_await dareq-sz     f/s f_await  aqu-sz  %util
nvme0n1          5.00     80.00     0.00   0.00    1.40    16.00 6315.00  88068.00     0.00   0.00    2.65    13.95    0.00      0.00     0.00   0.00    0.00     0.00  324.00    1.95   17.39  95.60


avg-cpu:  %user   %nice %system %iowait  %steal   %idle
           0.18    0.00    0.55    5.80    0.00   93.46

Device            r/s     rkB/s   rrqm/s  %rrqm r_await rareq-sz     w/s     wkB/s   wrqm/s  %wrqm w_await wareq-sz     d/s     dkB/s   drqm/s  %drqm d_await dareq-sz     f/s f_await  aqu-sz  %util
nvme0n1          0.00      0.00     0.00   0.00    0.00     0.00 2507.00  26656.00     0.00   0.00    0.39    10.63    0.00      0.00     0.00   0.00    0.00     0.00  337.00    1.89    1.62  94.90


avg-cpu:  %user   %nice %system %iowait  %steal   %idle
           0.18    0.00    0.31    5.85    0.00   93.66

Device            r/s     rkB/s   rrqm/s  %rrqm r_await rareq-sz     w/s     wkB/s   wrqm/s  %wrqm w_await wareq-sz     d/s     dkB/s   drqm/s  %drqm d_await dareq-sz     f/s f_await  aqu-sz  %util
nvme0n1          0.00      0.00     0.00   0.00    0.00     0.00 3493.00  42488.00     0.00   0.00    0.31    12.16    0.00      0.00     0.00   0.00    0.00     0.00  335.00    1.90    1.70  95.90


avg-cpu:  %user   %nice %system %iowait  %steal   %idle
           0.31    0.00    0.62    5.68    0.00   93.39

Device            r/s     rkB/s   rrqm/s  %rrqm r_await rareq-sz     w/s     wkB/s   wrqm/s  %wrqm w_await wareq-sz     d/s     dkB/s   drqm/s  %drqm d_await dareq-sz     f/s f_await  aqu-sz  %util
nvme0n1          0.00      0.00     0.00   0.00    0.00     0.00 3318.00  40028.00     0.00   0.00    0.31    12.06    0.00      0.00     0.00   0.00    0.00     0.00  325.00    1.91    1.65  93.20


avg-cpu:  %user   %nice %system %iowait  %steal   %idle
           0.62    0.25    0.56    2.30    0.00   96.26

Device            r/s     rkB/s   rrqm/s  %rrqm r_await rareq-sz     w/s     wkB/s   wrqm/s  %wrqm w_await wareq-sz     d/s     dkB/s   drqm/s  %drqm d_await dareq-sz     f/s f_await  aqu-sz  %util
nvme0n1          0.00      0.00     0.00   0.00    0.00     0.00 1413.00  17460.00     0.00   0.00    0.29    12.36    0.00      0.00     0.00   0.00    0.00     0.00  126.00    1.91    0.66  37.10


avg-cpu:  %user   %nice %system %iowait  %steal   %idle
           0.25    0.00    0.50    5.94    0.00   93.32

Device            r/s     rkB/s   rrqm/s  %rrqm r_await rareq-sz     w/s     wkB/s   wrqm/s  %wrqm w_await wareq-sz     d/s     dkB/s   drqm/s  %drqm d_await dareq-sz     f/s f_await  aqu-sz  %util
nvme0n1          0.00      0.00     0.00   0.00    0.00     0.00 3742.00  46272.00     0.00   0.00    0.30    12.37    0.00      0.00     0.00   0.00    0.00     0.00  340.00    1.89    1.75  97.70


avg-cpu:  %user   %nice %system %iowait  %steal   %idle
           0.19    0.00    0.56    5.94    0.00   93.32

Device            r/s     rkB/s   rrqm/s  %rrqm r_await rareq-sz     w/s     wkB/s   wrqm/s  %wrqm w_await wareq-sz     d/s     dkB/s   drqm/s  %drqm d_await dareq-sz     f/s f_await  aqu-sz  %util
nvme0n1          0.00      0.00     0.00   0.00    0.00     0.00 4237.00  54152.00     0.00   0.00    0.28    12.78    0.00      0.00     0.00   0.00    0.00     0.00  341.00    1.92    1.82  97.40


avg-cpu:  %user   %nice %system %iowait  %steal   %idle
           0.19    0.00    0.56    5.87    0.00   93.39

Device            r/s     rkB/s   rrqm/s  %rrqm r_await rareq-sz     w/s     wkB/s   wrqm/s  %wrqm w_await wareq-sz     d/s     dkB/s   drqm/s  %drqm d_await dareq-sz     f/s f_await  aqu-sz  %util
nvme0n1          0.00      0.00     0.00   0.00    0.00     0.00 4440.00  57440.00     0.00   0.00    0.27    12.94    0.00      0.00     0.00   0.00    0.00     0.00  340.00    1.92    1.85  97.30


avg-cpu:  %user   %nice %system %iowait  %steal   %idle
           0.19    0.00    0.56    5.99    0.00   93.27

Device            r/s     rkB/s   rrqm/s  %rrqm r_await rareq-sz     w/s     wkB/s   wrqm/s  %wrqm w_await wareq-sz     d/s     dkB/s   drqm/s  %drqm d_await dareq-sz     f/s f_await  aqu-sz  %util
nvme0n1          0.00      0.00     0.00   0.00    0.00     0.00 4376.00  56576.00     0.00   0.00    0.27    12.93    0.00      0.00     0.00   0.00    0.00     0.00  336.00    1.94    1.84  98.10


avg-cpu:  %user   %nice %system %iowait  %steal   %idle
           0.31    0.00    0.37    5.94    0.00   93.38

Device            r/s     rkB/s   rrqm/s  %rrqm r_await rareq-sz     w/s     wkB/s   wrqm/s  %wrqm w_await wareq-sz     d/s     dkB/s   drqm/s  %drqm d_await dareq-sz     f/s f_await  aqu-sz  %util
nvme0n1          0.00      0.00     0.00   0.00    0.00     0.00 4377.00  56552.00     0.00   0.00    0.27    12.92    0.00      0.00     0.00   0.00    0.00     0.00  337.00    1.94    1.84  98.40


avg-cpu:  %user   %nice %system %iowait  %steal   %idle
           0.19    0.00    0.56    5.93    0.00   93.33

Device            r/s     rkB/s   rrqm/s  %rrqm r_await rareq-sz     w/s     wkB/s   wrqm/s  %wrqm w_await wareq-sz     d/s     dkB/s   drqm/s  %drqm d_await dareq-sz     f/s f_await  aqu-sz  %util
nvme0n1          0.00      0.00     0.00   0.00    0.00     0.00 4506.00  58440.00     0.00   0.00    0.27    12.97    0.00      0.00     0.00   0.00    0.00     0.00  342.00    1.88    1.84  97.70


avg-cpu:  %user   %nice %system %iowait  %steal   %idle
           0.12    0.00    0.43    5.94    0.00   93.50

Device            r/s     rkB/s   rrqm/s  %rrqm r_await rareq-sz     w/s     wkB/s   wrqm/s  %wrqm w_await wareq-sz     d/s     dkB/s   drqm/s  %drqm d_await dareq-sz     f/s f_await  aqu-sz  %util
nvme0n1          1.00     16.00     0.00   0.00    0.00    16.00 4515.00  58496.00     0.00   0.00    0.27    12.96    0.00      0.00     0.00   0.00    0.00     0.00  343.00    1.87    1.84  97.50


avg-cpu:  %user   %nice %system %iowait  %steal   %idle
           0.12    0.00    0.43    5.94    0.00   93.50

Device            r/s     rkB/s   rrqm/s  %rrqm r_await rareq-sz     w/s     wkB/s   wrqm/s  %wrqm w_await wareq-sz     d/s     dkB/s   drqm/s  %drqm d_await dareq-sz     f/s f_await  aqu-sz  %util
nvme0n1          0.00      0.00     0.00   0.00    0.00     0.00 4387.00  56684.00     0.00   0.00    0.27    12.92    0.00      0.00     0.00   0.00    0.00     0.00  338.00    1.93    1.84  97.40


avg-cpu:  %user   %nice %system %iowait  %steal   %idle
           0.19    0.00    0.56    5.88    0.00   93.37

Device            r/s     rkB/s   rrqm/s  %rrqm r_await rareq-sz     w/s     wkB/s   wrqm/s  %wrqm w_await wareq-sz     d/s     dkB/s   drqm/s  %drqm d_await dareq-sz     f/s f_await  aqu-sz  %util
nvme0n1          0.00      0.00     0.00   0.00    0.00     0.00 4993.00  66544.00     0.00   0.00    0.58    13.33    0.00      0.00     0.00   0.00    0.00     0.00  333.00    1.95    3.54  97.30


avg-cpu:  %user   %nice %system %iowait  %steal   %idle
           0.19    0.00    0.49    5.93    0.00   93.39

Device            r/s     rkB/s   rrqm/s  %rrqm r_await rareq-sz     w/s     wkB/s   wrqm/s  %wrqm w_await wareq-sz     d/s     dkB/s   drqm/s  %drqm d_await dareq-sz     f/s f_await  aqu-sz  %util
nvme0n1          0.00      0.00     0.00   0.00    0.00     0.00 4285.00  55400.00     0.00   0.00    0.28    12.93    0.00      0.00     0.00   0.00    0.00     0.00  329.00    2.00    1.84  97.00


avg-cpu:  %user   %nice %system %iowait  %steal   %idle
           0.19    0.00    0.50    5.94    0.00   93.37

Device            r/s     rkB/s   rrqm/s  %rrqm r_await rareq-sz     w/s     wkB/s   wrqm/s  %wrqm w_await wareq-sz     d/s     dkB/s   drqm/s  %drqm d_await dareq-sz     f/s f_await  aqu-sz  %util
nvme0n1          0.00      0.00     0.00   0.00    0.00     0.00 4332.00  56032.00     0.00   0.00    0.27    12.93    0.00      0.00     0.00   0.00    0.00     0.00  332.00    1.98    1.84  96.90


avg-cpu:  %user   %nice %system %iowait  %steal   %idle
           0.31    0.00    0.50    5.89    0.00   93.30

Device            r/s     rkB/s   rrqm/s  %rrqm r_await rareq-sz     w/s     wkB/s   wrqm/s  %wrqm w_await wareq-sz     d/s     dkB/s   drqm/s  %drqm d_await dareq-sz     f/s f_await  aqu-sz  %util
nvme0n1          0.00      0.00     0.00   0.00    0.00     0.00 4387.00  56712.00     0.00   0.00    0.27    12.93    0.00      0.00     0.00   0.00    0.00     0.00  337.00    1.93    1.83  97.10


avg-cpu:  %user   %nice %system %iowait  %steal   %idle
           0.12    0.00    0.50    5.96    0.00   93.42

Device            r/s     rkB/s   rrqm/s  %rrqm r_await rareq-sz     w/s     wkB/s   wrqm/s  %wrqm w_await wareq-sz     d/s     dkB/s   drqm/s  %drqm d_await dareq-sz     f/s f_await  aqu-sz  %util
nvme0n1          0.00      0.00     0.00   0.00    0.00     0.00 4167.00  53832.00     0.00   0.00    0.28    12.92    0.00      0.00     0.00   0.00    0.00     0.00  321.00    2.08    1.84  96.90


avg-cpu:  %user   %nice %system %iowait  %steal   %idle
           0.19    0.00    0.37    5.94    0.00   93.51

Device            r/s     rkB/s   rrqm/s  %rrqm r_await rareq-sz     w/s     wkB/s   wrqm/s  %wrqm w_await wareq-sz     d/s     dkB/s   drqm/s  %drqm d_await dareq-sz     f/s f_await  aqu-sz  %util
nvme0n1          0.00      0.00     0.00   0.00    0.00     0.00 4161.00  53792.00     0.00   0.00    0.28    12.93    0.00      0.00     0.00   0.00    0.00     0.00  319.00    2.09    1.84  97.50


avg-cpu:  %user   %nice %system %iowait  %steal   %idle
           0.12    0.00    0.50    5.94    0.00   93.44

Device            r/s     rkB/s   rrqm/s  %rrqm r_await rareq-sz     w/s     wkB/s   wrqm/s  %wrqm w_await wareq-sz     d/s     dkB/s   drqm/s  %drqm d_await dareq-sz     f/s f_await  aqu-sz  %util
nvme0n1          0.00      0.00     0.00   0.00    0.00     0.00 4235.00  54760.00     0.00   0.00    0.28    12.93    0.00      0.00     0.00   0.00    0.00     0.00  325.00    2.00    1.83  97.20


avg-cpu:  %user   %nice %system %iowait  %steal   %idle
           0.12    0.00    0.37    5.95    0.00   93.56

Device            r/s     rkB/s   rrqm/s  %rrqm r_await rareq-sz     w/s     wkB/s   wrqm/s  %wrqm w_await wareq-sz     d/s     dkB/s   drqm/s  %drqm d_await dareq-sz     f/s f_await  aqu-sz  %util
nvme0n1          0.00      0.00     0.00   0.00    0.00     0.00 4439.00  57384.00     0.00   0.00    0.27    12.93    0.00      0.00     0.00   0.00    0.00     0.00  341.00    1.91    1.84  98.20


avg-cpu:  %user   %nice %system %iowait  %steal   %idle
           0.12    0.00    0.56    6.00    0.00   93.33

Device            r/s     rkB/s   rrqm/s  %rrqm r_await rareq-sz     w/s     wkB/s   wrqm/s  %wrqm w_await wareq-sz     d/s     dkB/s   drqm/s  %drqm d_await dareq-sz     f/s f_await  aqu-sz  %util
nvme0n1          1.00     16.00     0.00   0.00    1.00    16.00 4296.00  55536.00     0.00   0.00    0.27    12.93    0.00      0.00     0.00   0.00    0.00     0.00  330.00    2.00    1.84  97.40


avg-cpu:  %user   %nice %system %iowait  %steal   %idle
           0.25    0.00    0.43    5.93    0.00   93.39

Device            r/s     rkB/s   rrqm/s  %rrqm r_await rareq-sz     w/s     wkB/s   wrqm/s  %wrqm w_await wareq-sz     d/s     dkB/s   drqm/s  %drqm d_await dareq-sz     f/s f_await  aqu-sz  %util
nvme0n1          0.00      0.00     0.00   0.00    0.00     0.00 4298.00  55648.00     0.00   0.00    0.28    12.95    0.00      0.00     0.00   0.00    0.00     0.00  328.00    2.01    1.84  97.90


avg-cpu:  %user   %nice %system %iowait  %steal   %idle
           0.25    0.00    0.50    5.95    0.00   93.30

Device            r/s     rkB/s   rrqm/s  %rrqm r_await rareq-sz     w/s     wkB/s   wrqm/s  %wrqm w_await wareq-sz     d/s     dkB/s   drqm/s  %drqm d_await dareq-sz     f/s f_await  aqu-sz  %util
nvme0n1          1.00     16.00     0.00   0.00    0.00    16.00 4342.00  56136.00     0.00   0.00    0.27    12.93    0.00      0.00     0.00   0.00    0.00     0.00  334.00    1.98    1.85  97.80


avg-cpu:  %user   %nice %system %iowait  %steal   %idle
           0.19    0.00    0.50    5.94    0.00   93.37

Device            r/s     rkB/s   rrqm/s  %rrqm r_await rareq-sz     w/s     wkB/s   wrqm/s  %wrqm w_await wareq-sz     d/s     dkB/s   drqm/s  %drqm d_await dareq-sz     f/s f_await  aqu-sz  %util
nvme0n1          0.00      0.00     0.00   0.00    0.00     0.00 4338.00  56104.00     0.00   0.00    0.27    12.93    0.00      0.00     0.00   0.00    0.00     0.00  332.00    1.97    1.83  97.00


avg-cpu:  %user   %nice %system %iowait  %steal   %idle
           0.25    0.00    0.37    5.94    0.00   93.44

Device            r/s     rkB/s   rrqm/s  %rrqm r_await rareq-sz     w/s     wkB/s   wrqm/s  %wrqm w_await wareq-sz     d/s     dkB/s   drqm/s  %drqm d_await dareq-sz     f/s f_await  aqu-sz  %util
nvme0n1          1.00     16.00     0.00   0.00    1.00    16.00 4359.00  56344.00     0.00   0.00    0.27    12.93    0.00      0.00     0.00   0.00    0.00     0.00  335.00    1.94    1.83  96.90


avg-cpu:  %user   %nice %system %iowait  %steal   %idle
           0.19    0.00    0.50    5.94    0.00   93.37

Device            r/s     rkB/s   rrqm/s  %rrqm r_await rareq-sz     w/s     wkB/s   wrqm/s  %wrqm w_await wareq-sz     d/s     dkB/s   drqm/s  %drqm d_await dareq-sz     f/s f_await  aqu-sz  %util
nvme0n1          0.00      0.00     0.00   0.00    0.00     0.00 4295.00  55584.00     0.00   0.00    0.27    12.94    0.00      0.00     0.00   0.00    0.00     0.00  329.00    2.00    1.84  97.00


avg-cpu:  %user   %nice %system %iowait  %steal   %idle
           0.12    0.00    0.56    6.13    0.00   93.19

Device            r/s     rkB/s   rrqm/s  %rrqm r_await rareq-sz     w/s     wkB/s   wrqm/s  %wrqm w_await wareq-sz     d/s     dkB/s   drqm/s  %drqm d_await dareq-sz     f/s f_await  aqu-sz  %util
nvme0n1          0.00      0.00     0.00   0.00    0.00     0.00 4265.00  55136.00     0.00   0.00    0.28    12.93   16.00    984.00     0.00   0.00    2.31    61.50  327.00    1.93    1.85  97.50


avg-cpu:  %user   %nice %system %iowait  %steal   %idle
           0.19    0.00    0.50    5.88    0.00   93.44

Device            r/s     rkB/s   rrqm/s  %rrqm r_await rareq-sz     w/s     wkB/s   wrqm/s  %wrqm w_await wareq-sz     d/s     dkB/s   drqm/s  %drqm d_await dareq-sz     f/s f_await  aqu-sz  %util
nvme0n1          0.00      0.00     0.00   0.00    0.00     0.00 4325.00  55960.00     0.00   0.00    0.27    12.94    0.00      0.00     0.00   0.00    0.00     0.00  331.00    1.98    1.84  96.80


avg-cpu:  %user   %nice %system %iowait  %steal   %idle
           0.19    0.00    0.43    5.95    0.00   93.43

Device            r/s     rkB/s   rrqm/s  %rrqm r_await rareq-sz     w/s     wkB/s   wrqm/s  %wrqm w_await wareq-sz     d/s     dkB/s   drqm/s  %drqm d_await dareq-sz     f/s f_await  aqu-sz  %util
nvme0n1          0.00      0.00     0.00   0.00    0.00     0.00 4350.00  56320.00     0.00   0.00    0.27    12.95    0.00      0.00     0.00   0.00    0.00     0.00  332.00    1.98    1.84  97.60


avg-cpu:  %user   %nice %system %iowait  %steal   %idle
           0.19    0.00    0.99    6.08    0.00   92.75

Device            r/s     rkB/s   rrqm/s  %rrqm r_await rareq-sz     w/s     wkB/s   wrqm/s  %wrqm w_await wareq-sz     d/s     dkB/s   drqm/s  %drqm d_await dareq-sz     f/s f_await  aqu-sz  %util
nvme0n1         33.00    528.00     0.00   0.00    1.21    16.00 7385.00 105212.00     0.00   0.00    2.80    14.25    0.00      0.00     0.00   0.00    0.00     0.00  324.00    1.95   21.36  96.90


avg-cpu:  %user   %nice %system %iowait  %steal   %idle
           0.25    0.00    0.43    5.94    0.00   93.37

Device            r/s     rkB/s   rrqm/s  %rrqm r_await rareq-sz     w/s     wkB/s   wrqm/s  %wrqm w_await wareq-sz     d/s     dkB/s   drqm/s  %drqm d_await dareq-sz     f/s f_await  aqu-sz  %util
nvme0n1          0.00      0.00     0.00   0.00    0.00     0.00 2552.00  26808.00     0.00   0.00    0.39    10.50    0.00      0.00     0.00   0.00    0.00     0.00  350.00    1.88    1.66  96.40


avg-cpu:  %user   %nice %system %iowait  %steal   %idle
           0.25    0.00    0.43    5.95    0.00   93.37

Device            r/s     rkB/s   rrqm/s  %rrqm r_await rareq-sz     w/s     wkB/s   wrqm/s  %wrqm w_await wareq-sz     d/s     dkB/s   drqm/s  %drqm d_await dareq-sz     f/s f_await  aqu-sz  %util
nvme0n1          0.00      0.00     0.00   0.00    0.00     0.00 3553.00  43312.00     0.00   0.00    0.31    12.19    0.00      0.00     0.00   0.00    0.00     0.00  339.00    1.91    1.73  97.90


avg-cpu:  %user   %nice %system %iowait  %steal   %idle
           0.19    0.00    0.43    6.00    0.00   93.38

Device            r/s     rkB/s   rrqm/s  %rrqm r_await rareq-sz     w/s     wkB/s   wrqm/s  %wrqm w_await wareq-sz     d/s     dkB/s   drqm/s  %drqm d_await dareq-sz     f/s f_await  aqu-sz  %util
nvme0n1          1.00     16.00     0.00   0.00    1.00    16.00 3659.00  44960.00     0.00   0.00    0.30    12.29    0.00      0.00     0.00   0.00    0.00     0.00  339.00    1.90    1.74  97.80


avg-cpu:  %user   %nice %system %iowait  %steal   %idle
           0.25    0.00    0.56    5.95    0.00   93.25

Device            r/s     rkB/s   rrqm/s  %rrqm r_await rareq-sz     w/s     wkB/s   wrqm/s  %wrqm w_await wareq-sz     d/s     dkB/s   drqm/s  %drqm d_await dareq-sz     f/s f_await  aqu-sz  %util
nvme0n1          0.00      0.00     0.00   0.00    0.00     0.00 3979.00  48600.00     4.00   0.10    0.31    12.21    0.00      0.00     0.00   0.00    0.00     0.00  335.00    1.94    1.89  97.20


avg-cpu:  %user   %nice %system %iowait  %steal   %idle
           0.19    0.00    0.56    5.89    0.00   93.36

Device            r/s     rkB/s   rrqm/s  %rrqm r_await rareq-sz     w/s     wkB/s   wrqm/s  %wrqm w_await wareq-sz     d/s     dkB/s   drqm/s  %drqm d_await dareq-sz     f/s f_await  aqu-sz  %util
nvme0n1          0.00      0.00     0.00   0.00    0.00     0.00 4336.00  56024.00     0.00   0.00    0.27    12.92    0.00      0.00     0.00   0.00    0.00     0.00  333.00    1.98    1.85  97.30


avg-cpu:  %user   %nice %system %iowait  %steal   %idle
           0.12    0.00    0.49    6.00    0.00   93.39

Device            r/s     rkB/s   rrqm/s  %rrqm r_await rareq-sz     w/s     wkB/s   wrqm/s  %wrqm w_await wareq-sz     d/s     dkB/s   drqm/s  %drqm d_await dareq-sz     f/s f_await  aqu-sz  %util
nvme0n1          0.00      0.00     0.00   0.00    0.00     0.00 4385.00  56680.00     0.00   0.00    0.27    12.93    0.00      0.00     0.00   0.00    0.00     0.00  337.00    1.93    1.83  98.60


avg-cpu:  %user   %nice %system %iowait  %steal   %idle
           0.19    0.00    0.50    5.95    0.00   93.37

Device            r/s     rkB/s   rrqm/s  %rrqm r_await rareq-sz     w/s     wkB/s   wrqm/s  %wrqm w_await wareq-sz     d/s     dkB/s   drqm/s  %drqm d_await dareq-sz     f/s f_await  aqu-sz  %util
nvme0n1          1.00     16.00     0.00   0.00    0.00    16.00 4343.00  56116.00     0.00   0.00    0.27    12.92    0.00      0.00     0.00   0.00    0.00     0.00  334.00    1.96    1.85  97.90


avg-cpu:  %user   %nice %system %iowait  %steal   %idle
           0.12    0.00    0.43    6.00    0.00   93.44

Device            r/s     rkB/s   rrqm/s  %rrqm r_await rareq-sz     w/s     wkB/s   wrqm/s  %wrqm w_await wareq-sz     d/s     dkB/s   drqm/s  %drqm d_await dareq-sz     f/s f_await  aqu-sz  %util
nvme0n1          0.00      0.00     0.00   0.00    0.00     0.00 4437.00  57300.00     0.00   0.00    0.27    12.91    0.00      0.00     0.00   0.00    0.00     0.00  340.00    1.91    1.84  97.20


avg-cpu:  %user   %nice %system %iowait  %steal   %idle
           0.25    0.00    0.55    5.86    0.00   93.34

Device            r/s     rkB/s   rrqm/s  %rrqm r_await rareq-sz     w/s     wkB/s   wrqm/s  %wrqm w_await wareq-sz     d/s     dkB/s   drqm/s  %drqm d_await dareq-sz     f/s f_await  aqu-sz  %util
nvme0n1          0.00      0.00     0.00   0.00    0.00     0.00 4523.00  57964.00     1.00   0.02    0.30    12.82    0.00      0.00     0.00   0.00    0.00     0.00  330.00    1.98    1.99  97.10


avg-cpu:  %user   %nice %system %iowait  %steal   %idle
           0.12    0.00    0.43    5.96    0.00   93.48

Device            r/s     rkB/s   rrqm/s  %rrqm r_await rareq-sz     w/s     wkB/s   wrqm/s  %wrqm w_await wareq-sz     d/s     dkB/s   drqm/s  %drqm d_await dareq-sz     f/s f_await  aqu-sz  %util
nvme0n1          0.00      0.00     0.00   0.00    0.00     0.00 4337.00  56152.00     0.00   0.00    0.27    12.95    0.00      0.00     0.00   0.00    0.00     0.00  331.00    1.99    1.84  97.40


avg-cpu:  %user   %nice %system %iowait  %steal   %idle
           0.19    0.00    0.50    5.90    0.00   93.42

Device            r/s     rkB/s   rrqm/s  %rrqm r_await rareq-sz     w/s     wkB/s   wrqm/s  %wrqm w_await wareq-sz     d/s     dkB/s   drqm/s  %drqm d_await dareq-sz     f/s f_await  aqu-sz  %util
nvme0n1          0.00      0.00     0.00   0.00    0.00     0.00 4400.00  56880.00     0.00   0.00    0.27    12.93    0.00      0.00     0.00   0.00    0.00     0.00  338.00    1.92    1.83  96.70


avg-cpu:  %user   %nice %system %iowait  %steal   %idle
           0.19    0.00    0.43    5.99    0.00   93.39

Device            r/s     rkB/s   rrqm/s  %rrqm r_await rareq-sz     w/s     wkB/s   wrqm/s  %wrqm w_await wareq-sz     d/s     dkB/s   drqm/s  %drqm d_await dareq-sz     f/s f_await  aqu-sz  %util
nvme0n1          1.00     16.00     0.00   0.00    1.00    16.00 4322.00  55872.00     0.00   0.00    0.27    12.93    0.00      0.00     0.00   0.00    0.00     0.00  332.00    1.97    1.83  97.80


avg-cpu:  %user   %nice %system %iowait  %steal   %idle
           0.25    0.00    0.49    5.93    0.00   93.33

Device            r/s     rkB/s   rrqm/s  %rrqm r_await rareq-sz     w/s     wkB/s   wrqm/s  %wrqm w_await wareq-sz     d/s     dkB/s   drqm/s  %drqm d_await dareq-sz     f/s f_await  aqu-sz  %util
nvme0n1          0.00      0.00     0.00   0.00    0.00     0.00 4268.00  55168.00     0.00   0.00    0.28    12.93    0.00      0.00     0.00   0.00    0.00     0.00  328.00    2.01    1.84  96.90


avg-cpu:  %user   %nice %system %iowait  %steal   %idle
           0.31    0.00    0.43    5.96    0.00   93.30

Device            r/s     rkB/s   rrqm/s  %rrqm r_await rareq-sz     w/s     wkB/s   wrqm/s  %wrqm w_await wareq-sz     d/s     dkB/s   drqm/s  %drqm d_await dareq-sz     f/s f_await  aqu-sz  %util
nvme0n1          0.00      0.00     0.00   0.00    0.00     0.00 5009.00  66824.00     0.00   0.00    0.63    13.34    0.00      0.00     0.00   0.00    0.00     0.00  333.00    1.97    3.79  97.00


avg-cpu:  %user   %nice %system %iowait  %steal   %idle
           0.19    0.00    0.50    5.88    0.00   93.44

Device            r/s     rkB/s   rrqm/s  %rrqm r_await rareq-sz     w/s     wkB/s   wrqm/s  %wrqm w_await wareq-sz     d/s     dkB/s   drqm/s  %drqm d_await dareq-sz     f/s f_await  aqu-sz  %util
nvme0n1          0.00      0.00     0.00   0.00    0.00     0.00 4180.00  54024.00     0.00   0.00    0.28    12.92    0.00      0.00     0.00   0.00    0.00     0.00  322.00    2.06    1.83  97.70


avg-cpu:  %user   %nice %system %iowait  %steal   %idle
           0.19    0.00    0.50    6.01    0.00   93.30

Device            r/s     rkB/s   rrqm/s  %rrqm r_await rareq-sz     w/s     wkB/s   wrqm/s  %wrqm w_await wareq-sz     d/s     dkB/s   drqm/s  %drqm d_await dareq-sz     f/s f_await  aqu-sz  %util
nvme0n1          1.00     16.00     0.00   0.00    1.00    16.00 4499.00  58160.00     0.00   0.00    0.26    12.93    0.00      0.00     0.00   0.00    0.00     0.00  345.00    1.87    1.82  98.00


avg-cpu:  %user   %nice %system %iowait  %steal   %idle
           0.19    0.00    0.43    6.00    0.00   93.38

Device            r/s     rkB/s   rrqm/s  %rrqm r_await rareq-sz     w/s     wkB/s   wrqm/s  %wrqm w_await wareq-sz     d/s     dkB/s   drqm/s  %drqm d_await dareq-sz     f/s f_await  aqu-sz  %util
nvme0n1          1.00     16.00     0.00   0.00    0.00    16.00 4240.00  54800.00     0.00   0.00    0.28    12.92    0.00      0.00     0.00   0.00    0.00     0.00  326.00    2.04    1.84  97.50


avg-cpu:  %user   %nice %system %iowait  %steal   %idle
           0.19    0.00    0.43    6.00    0.00   93.38

Device            r/s     rkB/s   rrqm/s  %rrqm r_await rareq-sz     w/s     wkB/s   wrqm/s  %wrqm w_await wareq-sz     d/s     dkB/s   drqm/s  %drqm d_await dareq-sz     f/s f_await  aqu-sz  %util
nvme0n1          0.00      0.00     0.00   0.00    0.00     0.00 4200.00  54248.00     0.00   0.00    0.28    12.92    0.00      0.00     0.00   0.00    0.00     0.00  322.00    2.06    1.84  98.50


avg-cpu:  %user   %nice %system %iowait  %steal   %idle
           0.19    0.00    0.49    5.93    0.00   93.39

Device            r/s     rkB/s   rrqm/s  %rrqm r_await rareq-sz     w/s     wkB/s   wrqm/s  %wrqm w_await wareq-sz     d/s     dkB/s   drqm/s  %drqm d_await dareq-sz     f/s f_await  aqu-sz  %util
nvme0n1          0.00      0.00     0.00   0.00    0.00     0.00 4318.00  55808.00     0.00   0.00    0.27    12.92    0.00      0.00     0.00   0.00    0.00     0.00  332.00    1.97    1.83  97.30


avg-cpu:  %user   %nice %system %iowait  %steal   %idle
           0.19    0.00    0.50    5.88    0.00   93.44

Device            r/s     rkB/s   rrqm/s  %rrqm r_await rareq-sz     w/s     wkB/s   wrqm/s  %wrqm w_await wareq-sz     d/s     dkB/s   drqm/s  %drqm d_await dareq-sz     f/s f_await  aqu-sz  %util
nvme0n1          0.00      0.00     0.00   0.00    0.00     0.00 4343.00  56128.00     0.00   0.00    0.27    12.92    0.00      0.00     0.00   0.00    0.00     0.00  334.00    1.97    1.83  97.20


avg-cpu:  %user   %nice %system %iowait  %steal   %idle
           0.12    0.00    0.50    5.94    0.00   93.44

Device            r/s     rkB/s   rrqm/s  %rrqm r_await rareq-sz     w/s     wkB/s   wrqm/s  %wrqm w_await wareq-sz     d/s     dkB/s   drqm/s  %drqm d_await dareq-sz     f/s f_await  aqu-sz  %util
nvme0n1          1.00     16.00     0.00   0.00    1.00    16.00 4303.00  55648.00     0.00   0.00    0.27    12.93    0.00      0.00     0.00   0.00    0.00     0.00  330.00    1.99    1.83  97.40


avg-cpu:  %user   %nice %system %iowait  %steal   %idle
           0.19    0.00    0.43    6.02    0.00   93.36

Device            r/s     rkB/s   rrqm/s  %rrqm r_await rareq-sz     w/s     wkB/s   wrqm/s  %wrqm w_await wareq-sz     d/s     dkB/s   drqm/s  %drqm d_await dareq-sz     f/s f_await  aqu-sz  %util
nvme0n1          0.00      0.00     0.00   0.00    0.00     0.00 4320.00  55840.00     0.00   0.00    0.27    12.93    0.00      0.00     0.00   0.00    0.00     0.00  332.00    1.98    1.84  98.10


avg-cpu:  %user   %nice %system %iowait  %steal   %idle
           0.19    0.00    0.49    5.93    0.00   93.39

Device            r/s     rkB/s   rrqm/s  %rrqm r_await rareq-sz     w/s     wkB/s   wrqm/s  %wrqm w_await wareq-sz     d/s     dkB/s   drqm/s  %drqm d_await dareq-sz     f/s f_await  aqu-sz  %util
nvme0n1          0.00      0.00     0.00   0.00    0.00     0.00 4376.00  56576.00     0.00   0.00    0.27    12.93    0.00      0.00     0.00   0.00    0.00     0.00  336.00    1.94    1.82  97.90


avg-cpu:  %user   %nice %system %iowait  %steal   %idle
           0.25    0.00    0.56    5.89    0.00   93.30

Device            r/s     rkB/s   rrqm/s  %rrqm r_await rareq-sz     w/s     wkB/s   wrqm/s  %wrqm w_await wareq-sz     d/s     dkB/s   drqm/s  %drqm d_await dareq-sz     f/s f_await  aqu-sz  %util
nvme0n1          0.00      0.00     0.00   0.00    0.00     0.00 4348.00  56224.00     0.00   0.00    0.28    12.93    0.00      0.00     0.00   0.00    0.00     0.00  333.00    1.97    1.86  97.20


avg-cpu:  %user   %nice %system %iowait  %steal   %idle
           0.19    0.00    0.50    5.94    0.00   93.37

Device            r/s     rkB/s   rrqm/s  %rrqm r_await rareq-sz     w/s     wkB/s   wrqm/s  %wrqm w_await wareq-sz     d/s     dkB/s   drqm/s  %drqm d_await dareq-sz     f/s f_await  aqu-sz  %util
nvme0n1          0.00      0.00     0.00   0.00    0.00     0.00 4363.00  56460.00     0.00   0.00    0.27    12.94    0.00      0.00     0.00   0.00    0.00     0.00  334.00    1.96    1.85  97.10


avg-cpu:  %user   %nice %system %iowait  %steal   %idle
           0.25    0.00    0.43    5.91    0.00   93.41

Device            r/s     rkB/s   rrqm/s  %rrqm r_await rareq-sz     w/s     wkB/s   wrqm/s  %wrqm w_await wareq-sz     d/s     dkB/s   drqm/s  %drqm d_await dareq-sz     f/s f_await  aqu-sz  %util
nvme0n1          0.00      0.00     0.00   0.00    0.00     0.00 4291.00  55472.00     0.00   0.00    0.27    12.93    0.00      0.00     0.00   0.00    0.00     0.00  329.00    1.96    1.81  96.40


avg-cpu:  %user   %nice %system %iowait  %steal   %idle
           0.12    0.00    0.49    5.79    0.00   93.59

Device            r/s     rkB/s   rrqm/s  %rrqm r_await rareq-sz     w/s     wkB/s   wrqm/s  %wrqm w_await wareq-sz     d/s     dkB/s   drqm/s  %drqm d_await dareq-sz     f/s f_await  aqu-sz  %util
nvme0n1          0.00      0.00     0.00   0.00    0.00     0.00 4369.00  56504.00     0.00   0.00    0.27    12.93    0.00      0.00     0.00   0.00    0.00     0.00  335.00    1.91    1.80  95.70


avg-cpu:  %user   %nice %system %iowait  %steal   %idle
           0.25    0.00    0.43    5.76    0.00   93.56

Device            r/s     rkB/s   rrqm/s  %rrqm r_await rareq-sz     w/s     wkB/s   wrqm/s  %wrqm w_await wareq-sz     d/s     dkB/s   drqm/s  %drqm d_await dareq-sz     f/s f_await  aqu-sz  %util
nvme0n1          0.00      0.00     0.00   0.00    0.00     0.00 4250.00  54960.00     0.00   0.00    0.27    12.93    0.00      0.00     0.00   0.00    0.00     0.00  326.00    1.97    1.79  94.90


avg-cpu:  %user   %nice %system %iowait  %steal   %idle
           0.25    0.00    0.49    5.98    0.00   93.28

Device            r/s     rkB/s   rrqm/s  %rrqm r_await rareq-sz     w/s     wkB/s   wrqm/s  %wrqm w_await wareq-sz     d/s     dkB/s   drqm/s  %drqm d_await dareq-sz     f/s f_await  aqu-sz  %util
nvme0n1          0.00      0.00     0.00   0.00    0.00     0.00 4146.00  53616.00     0.00   0.00    0.28    12.93   15.00   5700.00     0.00   0.00    2.67   380.00  318.00    1.96    1.81  95.20


avg-cpu:  %user   %nice %system %iowait  %steal   %idle
           0.19    0.00    0.93    5.75    0.00   93.14

Device            r/s     rkB/s   rrqm/s  %rrqm r_await rareq-sz     w/s     wkB/s   wrqm/s  %wrqm w_await wareq-sz     d/s     dkB/s   drqm/s  %drqm d_await dareq-sz     f/s f_await  aqu-sz  %util
nvme0n1          7.00    112.00     0.00   0.00    1.14    16.00 7589.00 108476.00     0.00   0.00    2.76    14.29    0.00      0.00     0.00   0.00    0.00     0.00  324.00    1.91   21.56  95.20


avg-cpu:  %user   %nice %system %iowait  %steal   %idle
           0.25    0.00    0.43    5.81    0.00   93.51

Device            r/s     rkB/s   rrqm/s  %rrqm r_await rareq-sz     w/s     wkB/s   wrqm/s  %wrqm w_await wareq-sz     d/s     dkB/s   drqm/s  %drqm d_await dareq-sz     f/s f_await  aqu-sz  %util
nvme0n1          0.00      0.00     0.00   0.00    0.00     0.00 2380.00  24480.00     0.00   0.00    0.41    10.29    0.00      0.00     0.00   0.00    0.00     0.00  340.00    1.89    1.61  94.70


avg-cpu:  %user   %nice %system %iowait  %steal   %idle
           0.19    0.00    0.37    5.86    0.00   93.58

Device            r/s     rkB/s   rrqm/s  %rrqm r_await rareq-sz     w/s     wkB/s   wrqm/s  %wrqm w_await wareq-sz     d/s     dkB/s   drqm/s  %drqm d_await dareq-sz     f/s f_await  aqu-sz  %util
nvme0n1          0.00      0.00     0.00   0.00    0.00     0.00 3057.00  35648.00     0.00   0.00    0.34    11.66    0.00      0.00     0.00   0.00    0.00     0.00  331.00    1.91    1.66  95.90


avg-cpu:  %user   %nice %system %iowait  %steal   %idle
           0.12    0.00    0.31    5.94    0.00   93.62

Device            r/s     rkB/s   rrqm/s  %rrqm r_await rareq-sz     w/s     wkB/s   wrqm/s  %wrqm w_await wareq-sz     d/s     dkB/s   drqm/s  %drqm d_await dareq-sz     f/s f_await  aqu-sz  %util
nvme0n1          0.00      0.00     0.00   0.00    0.00     0.00 3543.00  43288.00     0.00   0.00    0.30    12.22    0.00      0.00     0.00   0.00    0.00     0.00  335.00    1.90    1.71  96.60


avg-cpu:  %user   %nice %system %iowait  %steal   %idle
           0.19    0.00    0.43    5.81    0.00   93.57

Device            r/s     rkB/s   rrqm/s  %rrqm r_await rareq-sz     w/s     wkB/s   wrqm/s  %wrqm w_await wareq-sz     d/s     dkB/s   drqm/s  %drqm d_await dareq-sz     f/s f_await  aqu-sz  %util
nvme0n1          0.00      0.00     0.00   0.00    0.00     0.00 3689.00  45612.00     0.00   0.00    0.29    12.36    0.00      0.00     0.00   0.00    0.00     0.00  332.00    1.92    1.73  95.00


avg-cpu:  %user   %nice %system %iowait  %steal   %idle
           0.12    0.00    0.49    5.81    0.00   93.58

Device            r/s     rkB/s   rrqm/s  %rrqm r_await rareq-sz     w/s     wkB/s   wrqm/s  %wrqm w_await wareq-sz     d/s     dkB/s   drqm/s  %drqm d_await dareq-sz     f/s f_await  aqu-sz  %util
nvme0n1          0.00      0.00     0.00   0.00    0.00     0.00 3553.00  43552.00     0.00   0.00    0.30    12.26    0.00      0.00     0.00   0.00    0.00     0.00  333.00    1.92    1.71  95.30


avg-cpu:  %user   %nice %system %iowait  %steal   %idle
           0.12    0.00    0.37    5.79    0.00   93.72

Device            r/s     rkB/s   rrqm/s  %rrqm r_await rareq-sz     w/s     wkB/s   wrqm/s  %wrqm w_await wareq-sz     d/s     dkB/s   drqm/s  %drqm d_await dareq-sz     f/s f_await  aqu-sz  %util
nvme0n1          0.00      0.00     0.00   0.00    0.00     0.00 4130.00  52856.00     0.00   0.00    0.28    12.80    0.00      0.00     0.00   0.00    0.00     0.00  330.00    1.94    1.78  95.90


avg-cpu:  %user   %nice %system %iowait  %steal   %idle
           0.12    0.00    0.43    5.81    0.00   93.64

Device            r/s     rkB/s   rrqm/s  %rrqm r_await rareq-sz     w/s     wkB/s   wrqm/s  %wrqm w_await wareq-sz     d/s     dkB/s   drqm/s  %drqm d_await dareq-sz     f/s f_await  aqu-sz  %util
nvme0n1          0.00      0.00     0.00   0.00    0.00     0.00 4243.00  54832.00     0.00   0.00    0.27    12.92    0.00      0.00     0.00   0.00    0.00     0.00  327.00    1.98    1.81  96.10


avg-cpu:  %user   %nice %system %iowait  %steal   %idle
           0.12    0.00    0.49    5.87    0.00   93.51

Device            r/s     rkB/s   rrqm/s  %rrqm r_await rareq-sz     w/s     wkB/s   wrqm/s  %wrqm w_await wareq-sz     d/s     dkB/s   drqm/s  %drqm d_await dareq-sz     f/s f_await  aqu-sz  %util
nvme0n1          0.00      0.00     0.00   0.00    0.00     0.00 4295.00  55536.00     0.00   0.00    0.27    12.93    0.00      0.00     0.00   0.00    0.00     0.00  329.00    1.95    1.80  96.20


avg-cpu:  %user   %nice %system %iowait  %steal   %idle
           0.12    0.00    0.49    5.73    0.00   93.65

Device            r/s     rkB/s   rrqm/s  %rrqm r_await rareq-sz     w/s     wkB/s   wrqm/s  %wrqm w_await wareq-sz     d/s     dkB/s   drqm/s  %drqm d_await dareq-sz     f/s f_await  aqu-sz  %util
nvme0n1          0.00      0.00     0.00   0.00    0.00     0.00 4358.00  56272.00     0.00   0.00    0.27    12.91    0.00      0.00     0.00   0.00    0.00     0.00  335.00    1.90    1.80  95.20


avg-cpu:  %user   %nice %system %iowait  %steal   %idle
           0.19    0.00    0.37    5.80    0.00   93.64

Device            r/s     rkB/s   rrqm/s  %rrqm r_await rareq-sz     w/s     wkB/s   wrqm/s  %wrqm w_await wareq-sz     d/s     dkB/s   drqm/s  %drqm d_await dareq-sz     f/s f_await  aqu-sz  %util
nvme0n1          0.00      0.00     0.00   0.00    0.00     0.00 4178.00  54020.00     0.00   0.00    0.28    12.93    0.00      0.00     0.00   0.00    0.00     0.00  321.00    2.01    1.80  95.90


avg-cpu:  %user   %nice %system %iowait  %steal   %idle
           0.19    0.00    0.62    5.74    0.00   93.46

Device            r/s     rkB/s   rrqm/s  %rrqm r_await rareq-sz     w/s     wkB/s   wrqm/s  %wrqm w_await wareq-sz     d/s     dkB/s   drqm/s  %drqm d_await dareq-sz     f/s f_await  aqu-sz  %util
nvme0n1          0.00      0.00     0.00   0.00    0.00     0.00 4213.00  54464.00     0.00   0.00    0.27    12.93    0.00      0.00     0.00   0.00    0.00     0.00  323.00    1.96    1.78  95.00


avg-cpu:  %user   %nice %system %iowait  %steal   %idle
           0.19    0.00    0.49    5.80    0.00   93.52

Device            r/s     rkB/s   rrqm/s  %rrqm r_await rareq-sz     w/s     wkB/s   wrqm/s  %wrqm w_await wareq-sz     d/s     dkB/s   drqm/s  %drqm d_await dareq-sz     f/s f_await  aqu-sz  %util
nvme0n1          0.00      0.00     0.00   0.00    0.00     0.00 4178.00  54048.00     0.00   0.00    0.28    12.94    0.00      0.00     0.00   0.00    0.00     0.00  320.00    2.01    1.80  95.00


avg-cpu:  %user   %nice %system %iowait  %steal   %idle
           0.18    0.00    0.43    5.84    0.00   93.54

Device            r/s     rkB/s   rrqm/s  %rrqm r_await rareq-sz     w/s     wkB/s   wrqm/s  %wrqm w_await wareq-sz     d/s     dkB/s   drqm/s  %drqm d_await dareq-sz     f/s f_await  aqu-sz  %util
nvme0n1          0.00      0.00     0.00   0.00    0.00     0.00 4272.00  55232.00     0.00   0.00    0.27    12.93    0.00      0.00     0.00   0.00    0.00     0.00  328.00    1.97    1.81  96.90


avg-cpu:  %user   %nice %system %iowait  %steal   %idle
           0.87    0.31    0.74    2.36    0.00   95.72

Device            r/s     rkB/s   rrqm/s  %rrqm r_await rareq-sz     w/s     wkB/s   wrqm/s  %wrqm w_await wareq-sz     d/s     dkB/s   drqm/s  %drqm d_await dareq-sz     f/s f_await  aqu-sz  %util
nvme0n1          0.00      0.00     0.00   0.00    0.00     0.00 1696.00  21552.00     0.00   0.00    0.29    12.71    0.00      0.00     0.00   0.00    0.00     0.00  136.00    1.93    0.76  38.70


avg-cpu:  %user   %nice %system %iowait  %steal   %idle
           0.19    0.00    0.56    5.59    0.00   93.67

Device            r/s     rkB/s   rrqm/s  %rrqm r_await rareq-sz     w/s     wkB/s   wrqm/s  %wrqm w_await wareq-sz     d/s     dkB/s   drqm/s  %drqm d_await dareq-sz     f/s f_await  aqu-sz  %util
nvme0n1          0.00      0.00     0.00   0.00    0.00     0.00 4180.00  54452.00     0.00   0.00    0.60    13.03    0.00      0.00     0.00   0.00    0.00     0.00  311.00    1.92    3.10  91.10


avg-cpu:  %user   %nice %system %iowait  %steal   %idle
           0.19    0.00    0.43    5.94    0.00   93.44

Device            r/s     rkB/s   rrqm/s  %rrqm r_await rareq-sz     w/s     wkB/s   wrqm/s  %wrqm w_await wareq-sz     d/s     dkB/s   drqm/s  %drqm d_await dareq-sz     f/s f_await  aqu-sz  %util
nvme0n1          0.00      0.00     0.00   0.00    0.00     0.00 3971.00  49872.00     0.00   0.00    0.28    12.56    0.00      0.00     0.00   0.00    0.00     0.00  341.00    1.89    1.77  97.30


avg-cpu:  %user   %nice %system %iowait  %steal   %idle
           0.31    0.00    0.49    5.87    0.00   93.33

Device            r/s     rkB/s   rrqm/s  %rrqm r_await rareq-sz     w/s     wkB/s   wrqm/s  %wrqm w_await wareq-sz     d/s     dkB/s   drqm/s  %drqm d_await dareq-sz     f/s f_await  aqu-sz  %util
nvme0n1          0.00      0.00     0.00   0.00    0.00     0.00 4337.00  56072.00     0.00   0.00    0.27    12.93    0.00      0.00     0.00   0.00    0.00     0.00  333.00    1.97    1.83  97.20


avg-cpu:  %user   %nice %system %iowait  %steal   %idle
           0.19    0.00    0.49    6.00    0.00   93.32

Device            r/s     rkB/s   rrqm/s  %rrqm r_await rareq-sz     w/s     wkB/s   wrqm/s  %wrqm w_await wareq-sz     d/s     dkB/s   drqm/s  %drqm d_await dareq-sz     f/s f_await  aqu-sz  %util
nvme0n1          0.00      0.00     0.00   0.00    0.00     0.00 4333.00  56008.00     0.00   0.00    0.27    12.93    0.00      0.00     0.00   0.00    0.00     0.00  333.00    1.97    1.83  97.60


avg-cpu:  %user   %nice %system %iowait  %steal   %idle
           0.12    0.00    0.31    5.98    0.00   93.59

Device            r/s     rkB/s   rrqm/s  %rrqm r_await rareq-sz     w/s     wkB/s   wrqm/s  %wrqm w_await wareq-sz     d/s     dkB/s   drqm/s  %drqm d_await dareq-sz     f/s f_await  aqu-sz  %util
nvme0n1          0.00      0.00     0.00   0.00    0.00     0.00 4348.00  56156.00     0.00   0.00    0.27    12.92    0.00      0.00     0.00   0.00    0.00     0.00  335.00    1.96    1.84  97.20


avg-cpu:  %user   %nice %system %iowait  %steal   %idle
           0.12    0.00    0.62    5.93    0.00   93.33

Device            r/s     rkB/s   rrqm/s  %rrqm r_await rareq-sz     w/s     wkB/s   wrqm/s  %wrqm w_await wareq-sz     d/s     dkB/s   drqm/s  %drqm d_await dareq-sz     f/s f_await  aqu-sz  %util
nvme0n1          0.00      0.00     0.00   0.00    0.00     0.00 4369.00  56480.00     0.00   0.00    0.27    12.93    0.00      0.00     0.00   0.00    0.00     0.00  335.00    1.95    1.83  97.00


avg-cpu:  %user   %nice %system %iowait  %steal   %idle
           0.19    0.00    0.37    5.90    0.00   93.54

Device            r/s     rkB/s   rrqm/s  %rrqm r_await rareq-sz     w/s     wkB/s   wrqm/s  %wrqm w_await wareq-sz     d/s     dkB/s   drqm/s  %drqm d_await dareq-sz     f/s f_await  aqu-sz  %util
nvme0n1          0.00      0.00     0.00   0.00    0.00     0.00 4311.00  55736.00     0.00   0.00    0.27    12.93    0.00      0.00     0.00   0.00    0.00     0.00  331.00    1.98    1.84  96.70


avg-cpu:  %user   %nice %system %iowait  %steal   %idle
           0.19    0.00    0.50    5.94    0.00   93.38

Device            r/s     rkB/s   rrqm/s  %rrqm r_await rareq-sz     w/s     wkB/s   wrqm/s  %wrqm w_await wareq-sz     d/s     dkB/s   drqm/s  %drqm d_await dareq-sz     f/s f_await  aqu-sz  %util
nvme0n1          0.00      0.00     0.00   0.00    0.00     0.00 4410.00  57120.00     0.00   0.00    0.27    12.95    0.00      0.00     0.00   0.00    0.00     0.00  336.00    1.95    1.84  98.10


avg-cpu:  %user   %nice %system %iowait  %steal   %idle
           0.19    0.00    0.43    5.96    0.00   93.42

Device            r/s     rkB/s   rrqm/s  %rrqm r_await rareq-sz     w/s     wkB/s   wrqm/s  %wrqm w_await wareq-sz     d/s     dkB/s   drqm/s  %drqm d_await dareq-sz     f/s f_await  aqu-sz  %util
nvme0n1          0.00      0.00     0.00   0.00    0.00     0.00 4339.00  56104.00     0.00   0.00    0.27    12.93    0.00      0.00     0.00   0.00    0.00     0.00  333.00    1.95    1.82  97.70


avg-cpu:  %user   %nice %system %iowait  %steal   %idle
           0.25    0.00    0.49    5.87    0.00   93.39

Device            r/s     rkB/s   rrqm/s  %rrqm r_await rareq-sz     w/s     wkB/s   wrqm/s  %wrqm w_await wareq-sz     d/s     dkB/s   drqm/s  %drqm d_await dareq-sz     f/s f_await  aqu-sz  %util
nvme0n1          0.00      0.00     0.00   0.00    0.00     0.00 4322.00  55872.00     0.00   0.00    0.27    12.93    0.00      0.00     0.00   0.00    0.00     0.00  332.00    1.99    1.84  96.50


avg-cpu:  %user   %nice %system %iowait  %steal   %idle
           0.19    0.00    0.50    5.88    0.00   93.44

Device            r/s     rkB/s   rrqm/s  %rrqm r_await rareq-sz     w/s     wkB/s   wrqm/s  %wrqm w_await wareq-sz     d/s     dkB/s   drqm/s  %drqm d_await dareq-sz     f/s f_await  aqu-sz  %util
nvme0n1          0.00      0.00     0.00   0.00    0.00     0.00 4501.00  57180.00     1.00   0.02    0.27    12.70    0.00      0.00     0.00   0.00    0.00     0.00  336.00    1.95    1.87  96.90


avg-cpu:  %user   %nice %system %iowait  %steal   %idle
           0.12    0.00    0.50    5.96    0.00   93.42

Device            r/s     rkB/s   rrqm/s  %rrqm r_await rareq-sz     w/s     wkB/s   wrqm/s  %wrqm w_await wareq-sz     d/s     dkB/s   drqm/s  %drqm d_await dareq-sz     f/s f_await  aqu-sz  %util
nvme0n1          0.00      0.00     0.00   0.00    0.00     0.00 4461.00  57736.00     0.00   0.00    0.27    12.94    0.00      0.00     0.00   0.00    0.00     0.00  341.00    1.89    1.84  98.00


avg-cpu:  %user   %nice %system %iowait  %steal   %idle
           0.25    0.00    0.62    5.87    0.00   93.27

Device            r/s     rkB/s   rrqm/s  %rrqm r_await rareq-sz     w/s     wkB/s   wrqm/s  %wrqm w_await wareq-sz     d/s     dkB/s   drqm/s  %drqm d_await dareq-sz     f/s f_await  aqu-sz  %util
nvme0n1          0.00      0.00     0.00   0.00    0.00     0.00 4414.00  57104.00     0.00   0.00    0.27    12.94    0.00      0.00     0.00   0.00    0.00     0.00  338.00    1.93    1.83  97.20


avg-cpu:  %user   %nice %system %iowait  %steal   %idle
           0.25    0.00    0.37    5.96    0.00   93.42

Device            r/s     rkB/s   rrqm/s  %rrqm r_await rareq-sz     w/s     wkB/s   wrqm/s  %wrqm w_await wareq-sz     d/s     dkB/s   drqm/s  %drqm d_await dareq-sz     f/s f_await  aqu-sz  %util
nvme0n1          0.00      0.00     0.00   0.00    0.00     0.00 4469.00  57784.00     0.00   0.00    0.27    12.93    0.00      0.00     0.00   0.00    0.00     0.00  343.00    1.87    1.84  98.00


avg-cpu:  %user   %nice %system %iowait  %steal   %idle
           0.12    0.00    0.56    5.94    0.00   93.38

Device            r/s     rkB/s   rrqm/s  %rrqm r_await rareq-sz     w/s     wkB/s   wrqm/s  %wrqm w_await wareq-sz     d/s     dkB/s   drqm/s  %drqm d_await dareq-sz     f/s f_await  aqu-sz  %util
nvme0n1          0.00      0.00     0.00   0.00    0.00     0.00 4409.00  57092.00     0.00   0.00    0.27    12.95    0.00      0.00     0.00   0.00    0.00     0.00  336.00    1.94    1.84  97.40


avg-cpu:  %user   %nice %system %iowait  %steal   %idle
           0.19    0.00    0.37    5.90    0.00   93.54

Device            r/s     rkB/s   rrqm/s  %rrqm r_await rareq-sz     w/s     wkB/s   wrqm/s  %wrqm w_await wareq-sz     d/s     dkB/s   drqm/s  %drqm d_await dareq-sz     f/s f_await  aqu-sz  %util
nvme0n1          0.00      0.00     0.00   0.00    0.00     0.00 4456.00  57696.00     0.00   0.00    0.27    12.95    0.00      0.00     0.00   0.00    0.00     0.00  340.00    1.91    1.84  97.80


avg-cpu:  %user   %nice %system %iowait  %steal   %idle
           0.12    0.00    0.87    5.94    0.00   93.07

Device            r/s     rkB/s   rrqm/s  %rrqm r_await rareq-sz     w/s     wkB/s   wrqm/s  %wrqm w_await wareq-sz     d/s     dkB/s   drqm/s  %drqm d_await dareq-sz     f/s f_await  aqu-sz  %util
nvme0n1          2.00     32.00     0.00   0.00    2.00    16.00 6058.00  83196.00     0.00   0.00    3.14    13.73    0.00      0.00     0.00   0.00    0.00     0.00  343.00    1.88   19.64  97.50


avg-cpu:  %user   %nice %system %iowait  %steal   %idle
           0.19    0.00    0.43    5.95    0.00   93.43

Device            r/s     rkB/s   rrqm/s  %rrqm r_await rareq-sz     w/s     wkB/s   wrqm/s  %wrqm w_await wareq-sz     d/s     dkB/s   drqm/s  %drqm d_await dareq-sz     f/s f_await  aqu-sz  %util
nvme0n1          0.00      0.00     0.00   0.00    0.00     0.00 3111.00  36136.00     0.00   0.00    0.34    11.62    0.00      0.00     0.00   0.00    0.00     0.00  341.00    1.90    1.70  97.40


avg-cpu:  %user   %nice %system %iowait  %steal   %idle
           0.12    0.00    0.43    6.01    0.00   93.43

Device            r/s     rkB/s   rrqm/s  %rrqm r_await rareq-sz     w/s     wkB/s   wrqm/s  %wrqm w_await wareq-sz     d/s     dkB/s   drqm/s  %drqm d_await dareq-sz     f/s f_await  aqu-sz  %util
nvme0n1          0.00      0.00     0.00   0.00    0.00     0.00 3687.00  45296.00     0.00   0.00    0.30    12.29    0.00      0.00     0.00   0.00    0.00     0.00  343.00    1.89    1.75  98.40


avg-cpu:  %user   %nice %system %iowait  %steal   %idle
           0.12    0.00    0.43    5.90    0.00   93.54

Device            r/s     rkB/s   rrqm/s  %rrqm r_await rareq-sz     w/s     wkB/s   wrqm/s  %wrqm w_await wareq-sz     d/s     dkB/s   drqm/s  %drqm d_await dareq-sz     f/s f_await  aqu-sz  %util
nvme0n1          0.00      0.00     0.00   0.00    0.00     0.00 3784.00  46920.00     0.00   0.00    0.29    12.40    0.00      0.00     0.00   0.00    0.00     0.00  340.00    1.90    1.76  97.70


avg-cpu:  %user   %nice %system %iowait  %steal   %idle
           0.19    0.00    0.56    5.93    0.00   93.33

Device            r/s     rkB/s   rrqm/s  %rrqm r_await rareq-sz     w/s     wkB/s   wrqm/s  %wrqm w_await wareq-sz     d/s     dkB/s   drqm/s  %drqm d_await dareq-sz     f/s f_await  aqu-sz  %util
nvme0n1          0.00      0.00     0.00   0.00    0.00     0.00 4181.00  53280.00     0.00   0.00    0.28    12.74    0.00      0.00     0.00   0.00    0.00     0.00  341.00    1.89    1.81  97.60


avg-cpu:  %user   %nice %system %iowait  %steal   %idle
           0.25    0.00    0.56    5.88    0.00   93.32

Device            r/s     rkB/s   rrqm/s  %rrqm r_await rareq-sz     w/s     wkB/s   wrqm/s  %wrqm w_await wareq-sz     d/s     dkB/s   drqm/s  %drqm d_await dareq-sz     f/s f_await  aqu-sz  %util
nvme0n1          0.00      0.00     0.00   0.00    0.00     0.00 4124.00  52652.00     0.00   0.00    0.28    12.77    0.00      0.00     0.00   0.00    0.00     0.00  333.00    1.95    1.81  96.80


avg-cpu:  %user   %nice %system %iowait  %steal   %idle
           0.19    0.00    0.37    5.95    0.00   93.49

Device            r/s     rkB/s   rrqm/s  %rrqm r_await rareq-sz     w/s     wkB/s   wrqm/s  %wrqm w_await wareq-sz     d/s     dkB/s   drqm/s  %drqm d_await dareq-sz     f/s f_await  aqu-sz  %util
nvme0n1          0.00      0.00     0.00   0.00    0.00     0.00 4321.00  55868.00     0.00   0.00    0.27    12.93    0.00      0.00     0.00   0.00    0.00     0.00  332.00    1.98    1.83  97.80


avg-cpu:  %user   %nice %system %iowait  %steal   %idle
           0.12    0.00    0.50    6.00    0.00   93.38

Device            r/s     rkB/s   rrqm/s  %rrqm r_await rareq-sz     w/s     wkB/s   wrqm/s  %wrqm w_await wareq-sz     d/s     dkB/s   drqm/s  %drqm d_await dareq-sz     f/s f_await  aqu-sz  %util
nvme0n1          0.00      0.00     0.00   0.00    0.00     0.00 4247.00  54928.00     0.00   0.00    0.28    12.93    0.00      0.00     0.00   0.00    0.00     0.00  325.00    2.02    1.84  98.30


avg-cpu:  %user   %nice %system %iowait  %steal   %idle
           0.19    0.00    0.37    5.96    0.00   93.49

Device            r/s     rkB/s   rrqm/s  %rrqm r_await rareq-sz     w/s     wkB/s   wrqm/s  %wrqm w_await wareq-sz     d/s     dkB/s   drqm/s  %drqm d_await dareq-sz     f/s f_await  aqu-sz  %util
nvme0n1          0.00      0.00     0.00   0.00    0.00     0.00 4316.00  55800.00     0.00   0.00    0.28    12.93    0.00      0.00     0.00   0.00    0.00     0.00  332.00    1.98    1.85  97.90


avg-cpu:  %user   %nice %system %iowait  %steal   %idle
           0.19    0.00    0.62    5.87    0.00   93.33

Device            r/s     rkB/s   rrqm/s  %rrqm r_await rareq-sz     w/s     wkB/s   wrqm/s  %wrqm w_await wareq-sz     d/s     dkB/s   drqm/s  %drqm d_await dareq-sz     f/s f_await  aqu-sz  %util
nvme0n1          0.00      0.00     0.00   0.00    0.00     0.00 4439.00  57384.00     0.00   0.00    0.27    12.93    0.00      0.00     0.00   0.00    0.00     0.00  341.00    1.89    1.84  96.40


avg-cpu:  %user   %nice %system %iowait  %steal   %idle
           0.12    0.00    0.43    5.95    0.00   93.49

Device            r/s     rkB/s   rrqm/s  %rrqm r_await rareq-sz     w/s     wkB/s   wrqm/s  %wrqm w_await wareq-sz     d/s     dkB/s   drqm/s  %drqm d_await dareq-sz     f/s f_await  aqu-sz  %util
nvme0n1          0.00      0.00     0.00   0.00    0.00     0.00 4267.00  55168.00     0.00   0.00    0.28    12.93    0.00      0.00     0.00   0.00    0.00     0.00  327.00    2.00    1.84  97.60


avg-cpu:  %user   %nice %system %iowait  %steal   %idle
           0.25    0.00    0.43    5.95    0.00   93.37

Device            r/s     rkB/s   rrqm/s  %rrqm r_await rareq-sz     w/s     wkB/s   wrqm/s  %wrqm w_await wareq-sz     d/s     dkB/s   drqm/s  %drqm d_await dareq-sz     f/s f_await  aqu-sz  %util
nvme0n1          0.00      0.00     0.00   0.00    0.00     0.00 4357.00  56392.00     0.00   0.00    0.27    12.94    0.00      0.00     0.00   0.00    0.00     0.00  333.00    1.96    1.84  97.30


avg-cpu:  %user   %nice %system %iowait  %steal   %idle
           0.19    0.00    0.56    5.89    0.00   93.37

Device            r/s     rkB/s   rrqm/s  %rrqm r_await rareq-sz     w/s     wkB/s   wrqm/s  %wrqm w_await wareq-sz     d/s     dkB/s   drqm/s  %drqm d_await dareq-sz     f/s f_await  aqu-sz  %util
nvme0n1          0.00      0.00     0.00   0.00    0.00     0.00 4359.00  56448.00     0.00   0.00    0.28    12.95    0.00      0.00     0.00   0.00    0.00     0.00  333.00    1.98    1.86  97.20


avg-cpu:  %user   %nice %system %iowait  %steal   %idle
           0.19    0.00    0.50    5.94    0.00   93.38

Device            r/s     rkB/s   rrqm/s  %rrqm r_await rareq-sz     w/s     wkB/s   wrqm/s  %wrqm w_await wareq-sz     d/s     dkB/s   drqm/s  %drqm d_await dareq-sz     f/s f_await  aqu-sz  %util
nvme0n1          0.00      0.00     0.00   0.00    0.00     0.00 4263.00  55212.00     0.00   0.00    0.28    12.95    0.00      0.00     0.00   0.00    0.00     0.00  324.00    2.04    1.84  97.70


avg-cpu:  %user   %nice %system %iowait  %steal   %idle
           0.25    0.00    0.56    5.87    0.00   93.33

Device            r/s     rkB/s   rrqm/s  %rrqm r_await rareq-sz     w/s     wkB/s   wrqm/s  %wrqm w_await wareq-sz     d/s     dkB/s   drqm/s  %drqm d_await dareq-sz     f/s f_await  aqu-sz  %util
nvme0n1          0.00      0.00     0.00   0.00    0.00     0.00 5090.00  67656.00     0.00   0.00    0.73    13.29    0.00      0.00     0.00   0.00    0.00     0.00  344.00    1.85    4.36  97.30


avg-cpu:  %user   %nice %system %iowait  %steal   %idle
           0.19    0.00    0.37    6.02    0.00   93.42

Device            r/s     rkB/s   rrqm/s  %rrqm r_await rareq-sz     w/s     wkB/s   wrqm/s  %wrqm w_await wareq-sz     d/s     dkB/s   drqm/s  %drqm d_await dareq-sz     f/s f_await  aqu-sz  %util
nvme0n1          0.00      0.00     0.00   0.00    0.00     0.00 4277.00  55112.00     1.00   0.02    0.28    12.89    0.00      0.00     0.00   0.00    0.00     0.00  326.00    2.01    1.83  97.80


avg-cpu:  %user   %nice %system %iowait  %steal   %idle
           0.25    0.00    0.56    6.00    0.00   93.20

Device            r/s     rkB/s   rrqm/s  %rrqm r_await rareq-sz     w/s     wkB/s   wrqm/s  %wrqm w_await wareq-sz     d/s     dkB/s   drqm/s  %drqm d_await dareq-sz     f/s f_await  aqu-sz  %util
nvme0n1          0.00      0.00     0.00   0.00    0.00     0.00 4282.00  55336.00     0.00   0.00    0.28    12.92    0.00      0.00     0.00   0.00    0.00     0.00  330.00    2.01    1.84  97.60


avg-cpu:  %user   %nice %system %iowait  %steal   %idle
           0.19    0.00    0.43    5.89    0.00   93.49

Device            r/s     rkB/s   rrqm/s  %rrqm r_await rareq-sz     w/s     wkB/s   wrqm/s  %wrqm w_await wareq-sz     d/s     dkB/s   drqm/s  %drqm d_await dareq-sz     f/s f_await  aqu-sz  %util
nvme0n1          0.00      0.00     0.00   0.00    0.00     0.00 4321.00  55872.00     0.00   0.00    0.27    12.93    0.00      0.00     0.00   0.00    0.00     0.00  331.00    1.98    1.83  97.40


avg-cpu:  %user   %nice %system %iowait  %steal   %idle
           0.25    0.00    0.50    5.94    0.00   93.31

Device            r/s     rkB/s   rrqm/s  %rrqm r_await rareq-sz     w/s     wkB/s   wrqm/s  %wrqm w_await wareq-sz     d/s     dkB/s   drqm/s  %drqm d_await dareq-sz     f/s f_await  aqu-sz  %util
nvme0n1          0.00      0.00     0.00   0.00    0.00     0.00 4359.00  56316.00     0.00   0.00    0.27    12.92    0.00      0.00     0.00   0.00    0.00     0.00  336.00    1.93    1.84  96.90


avg-cpu:  %user   %nice %system %iowait  %steal   %idle
           0.12    0.00    0.37    5.89    0.00   93.62

Device            r/s     rkB/s   rrqm/s  %rrqm r_await rareq-sz     w/s     wkB/s   wrqm/s  %wrqm w_await wareq-sz     d/s     dkB/s   drqm/s  %drqm d_await dareq-sz     f/s f_await  aqu-sz  %util
nvme0n1          0.00      0.00     0.00   0.00    0.00     0.00 4358.00  56344.00     0.00   0.00    0.27    12.93    0.00      0.00     0.00   0.00    0.00     0.00  334.00    1.96    1.84  97.00


avg-cpu:  %user   %nice %system %iowait  %steal   %idle
           0.19    0.00    0.56    6.00    0.00   93.26

Device            r/s     rkB/s   rrqm/s  %rrqm r_await rareq-sz     w/s     wkB/s   wrqm/s  %wrqm w_await wareq-sz     d/s     dkB/s   drqm/s  %drqm d_await dareq-sz     f/s f_await  aqu-sz  %util
nvme0n1          0.00      0.00     0.00   0.00    0.00     0.00 4293.00  55472.00     0.00   0.00    0.28    12.92    0.00      0.00     0.00   0.00    0.00     0.00  331.00    1.98    1.84  97.30


avg-cpu:  %user   %nice %system %iowait  %steal   %idle
           0.19    0.00    0.37    5.95    0.00   93.49

Device            r/s     rkB/s   rrqm/s  %rrqm r_await rareq-sz     w/s     wkB/s   wrqm/s  %wrqm w_await wareq-sz     d/s     dkB/s   drqm/s  %drqm d_await dareq-sz     f/s f_await  aqu-sz  %util
nvme0n1          0.00      0.00     0.00   0.00    0.00     0.00 4369.00  56504.00     0.00   0.00    0.27    12.93    0.00      0.00     0.00   0.00    0.00     0.00  335.00    1.95    1.84  98.20


avg-cpu:  %user   %nice %system %iowait  %steal   %idle
           0.19    0.00    0.56    5.95    0.00   93.31

Device            r/s     rkB/s   rrqm/s  %rrqm r_await rareq-sz     w/s     wkB/s   wrqm/s  %wrqm w_await wareq-sz     d/s     dkB/s   drqm/s  %drqm d_await dareq-sz     f/s f_await  aqu-sz  %util
nvme0n1          0.00      0.00     0.00   0.00    0.00     0.00 4334.00  56120.00     0.00   0.00    0.27    12.95    0.00      0.00     0.00   0.00    0.00     0.00  330.00    1.98    1.84  97.60


avg-cpu:  %user   %nice %system %iowait  %steal   %idle
           0.12    0.00    0.43    5.89    0.00   93.55

Device            r/s     rkB/s   rrqm/s  %rrqm r_await rareq-sz     w/s     wkB/s   wrqm/s  %wrqm w_await wareq-sz     d/s     dkB/s   drqm/s  %drqm d_await dareq-sz     f/s f_await  aqu-sz  %util
nvme0n1          0.00      0.00     0.00   0.00    0.00     0.00 4295.00  55504.00     0.00   0.00    0.28    12.92    0.00      0.00     0.00   0.00    0.00     0.00  331.00    1.98    1.85  97.30


avg-cpu:  %user   %nice %system %iowait  %steal   %idle
           0.25    0.00    0.56    5.95    0.00   93.25

Device            r/s     rkB/s   rrqm/s  %rrqm r_await rareq-sz     w/s     wkB/s   wrqm/s  %wrqm w_await wareq-sz     d/s     dkB/s   drqm/s  %drqm d_await dareq-sz     f/s f_await  aqu-sz  %util
nvme0n1          0.00      0.00     0.00   0.00    0.00     0.00 4283.00  55344.00     0.00   0.00    0.28    12.92    0.00      0.00     0.00   0.00    0.00     0.00  329.00    1.99    1.83  97.30


avg-cpu:  %user   %nice %system %iowait  %steal   %idle
           0.19    0.00    0.50    5.88    0.00   93.44

Device            r/s     rkB/s   rrqm/s  %rrqm r_await rareq-sz     w/s     wkB/s   wrqm/s  %wrqm w_await wareq-sz     d/s     dkB/s   drqm/s  %drqm d_await dareq-sz     f/s f_await  aqu-sz  %util
nvme0n1          0.00      0.00     0.00   0.00    0.00     0.00 4371.00  56536.00     0.00   0.00    0.27    12.93    0.00      0.00     0.00   0.00    0.00     0.00  335.00    1.95    1.84  97.00


avg-cpu:  %user   %nice %system %iowait  %steal   %idle
           0.12    0.00    0.50    5.95    0.00   93.43

Device            r/s     rkB/s   rrqm/s  %rrqm r_await rareq-sz     w/s     wkB/s   wrqm/s  %wrqm w_await wareq-sz     d/s     dkB/s   drqm/s  %drqm d_await dareq-sz     f/s f_await  aqu-sz  %util
nvme0n1          0.00      0.00     0.00   0.00    0.00     0.00 4254.00  55160.00     0.00   0.00    0.28    12.97    0.00      0.00     0.00   0.00    0.00     0.00  322.00    2.06    1.84  98.00


avg-cpu:  %user   %nice %system %iowait  %steal   %idle
           0.12    0.00    0.43    6.01    0.00   93.43

Device            r/s     rkB/s   rrqm/s  %rrqm r_await rareq-sz     w/s     wkB/s   wrqm/s  %wrqm w_await wareq-sz     d/s     dkB/s   drqm/s  %drqm d_await dareq-sz     f/s f_await  aqu-sz  %util
nvme0n1          0.00      0.00     0.00   0.00    0.00     0.00 4346.00  56256.00     0.00   0.00    0.27    12.94    0.00      0.00     0.00   0.00    0.00     0.00  332.00    1.96    1.85  98.20


avg-cpu:  %user   %nice %system %iowait  %steal   %idle
           0.12    0.00    0.50    5.89    0.00   93.49

Device            r/s     rkB/s   rrqm/s  %rrqm r_await rareq-sz     w/s     wkB/s   wrqm/s  %wrqm w_await wareq-sz     d/s     dkB/s   drqm/s  %drqm d_await dareq-sz     f/s f_await  aqu-sz  %util
nvme0n1          0.00      0.00     0.00   0.00    0.00     0.00 4321.00  55840.00     0.00   0.00    0.27    12.92    0.00      0.00     0.00   0.00    0.00     0.00  333.00    1.98    1.84  97.10


avg-cpu:  %user   %nice %system %iowait  %steal   %idle
           0.19    0.00    0.56    5.88    0.00   93.37

Device            r/s     rkB/s   rrqm/s  %rrqm r_await rareq-sz     w/s     wkB/s   wrqm/s  %wrqm w_await wareq-sz     d/s     dkB/s   drqm/s  %drqm d_await dareq-sz     f/s f_await  aqu-sz  %util
nvme0n1          0.00      0.00     0.00   0.00    0.00     0.00 4383.00  56704.00     0.00   0.00    0.27    12.94    0.00      0.00     0.00   0.00    0.00     0.00  335.00    1.93    1.84  97.80


avg-cpu:  %user   %nice %system %iowait  %steal   %idle
           0.25    0.00    0.80    6.01    0.00   92.94

Device            r/s     rkB/s   rrqm/s  %rrqm r_await rareq-sz     w/s     wkB/s   wrqm/s  %wrqm w_await wareq-sz     d/s     dkB/s   drqm/s  %drqm d_await dareq-sz     f/s f_await  aqu-sz  %util
nvme0n1         13.00    208.00     0.00   0.00    1.23    16.00 6737.00  94420.00     0.00   0.00    3.07    14.02    0.00      0.00     0.00   0.00    0.00     0.00  334.00    1.91   21.37  97.20


avg-cpu:  %user   %nice %system %iowait  %steal   %idle
           0.12    0.00    0.56    5.94    0.00   93.38

Device            r/s     rkB/s   rrqm/s  %rrqm r_await rareq-sz     w/s     wkB/s   wrqm/s  %wrqm w_await wareq-sz     d/s     dkB/s   drqm/s  %drqm d_await dareq-sz     f/s f_await  aqu-sz  %util
nvme0n1          0.00      0.00     0.00   0.00    0.00     0.00 2932.00  33152.00     0.00   0.00    0.35    11.31    0.00      0.00     0.00   0.00    0.00     0.00  344.00    1.90    1.68  97.80


avg-cpu:  %user   %nice %system %iowait  %steal   %idle
           0.25    0.00    0.37    5.88    0.00   93.51

Device            r/s     rkB/s   rrqm/s  %rrqm r_await rareq-sz     w/s     wkB/s   wrqm/s  %wrqm w_await wareq-sz     d/s     dkB/s   drqm/s  %drqm d_await dareq-sz     f/s f_await  aqu-sz  %util
nvme0n1          0.00      0.00     0.00   0.00    0.00     0.00 3495.00  42544.00     0.00   0.00    0.31    12.17    0.00      0.00     0.00   0.00    0.00     0.00  335.00    1.92    1.73  97.20


avg-cpu:  %user   %nice %system %iowait  %steal   %idle
           0.12    0.00    0.43    6.02    0.00   93.42

Device            r/s     rkB/s   rrqm/s  %rrqm r_await rareq-sz     w/s     wkB/s   wrqm/s  %wrqm w_await wareq-sz     d/s     dkB/s   drqm/s  %drqm d_await dareq-sz     f/s f_await  aqu-sz  %util
nvme0n1          0.00      0.00     0.00   0.00    0.00     0.00 3706.00  45632.00     0.00   0.00    0.30    12.31    0.00      0.00     0.00   0.00    0.00     0.00  341.00    1.89    1.75  97.40


avg-cpu:  %user   %nice %system %iowait  %steal   %idle
           0.25    0.00    0.43    5.88    0.00   93.44

Device            r/s     rkB/s   rrqm/s  %rrqm r_await rareq-sz     w/s     wkB/s   wrqm/s  %wrqm w_await wareq-sz     d/s     dkB/s   drqm/s  %drqm d_await dareq-sz     f/s f_await  aqu-sz  %util
nvme0n1          0.00      0.00     0.00   0.00    0.00     0.00 4000.00  50520.00     0.00   0.00    0.29    12.63    0.00      0.00     0.00   0.00    0.00     0.00  337.00    1.93    1.79  97.20


avg-cpu:  %user   %nice %system %iowait  %steal   %idle
           0.25    0.00    0.49    5.88    0.00   93.38

Device            r/s     rkB/s   rrqm/s  %rrqm r_await rareq-sz     w/s     wkB/s   wrqm/s  %wrqm w_await wareq-sz     d/s     dkB/s   drqm/s  %drqm d_await dareq-sz     f/s f_await  aqu-sz  %util
nvme0n1          0.00      0.00     0.00   0.00    0.00     0.00 4237.00  54736.00     0.00   0.00    0.28    12.92    0.00      0.00     0.00   0.00    0.00     0.00  327.00    2.01    1.83  96.30


avg-cpu:  %user   %nice %system %iowait  %steal   %idle
           0.12    0.00    0.43    5.74    0.00   93.71

Device            r/s     rkB/s   rrqm/s  %rrqm r_await rareq-sz     w/s     wkB/s   wrqm/s  %wrqm w_await wareq-sz     d/s     dkB/s   drqm/s  %drqm d_await dareq-sz     f/s f_await  aqu-sz  %util
nvme0n1          0.00      0.00     0.00   0.00    0.00     0.00 4241.00  54804.00     0.00   0.00    0.27    12.92    0.00      0.00     0.00   0.00    0.00     0.00  326.00    1.95    1.80  93.80


avg-cpu:  %user   %nice %system %iowait  %steal   %idle
           0.25    0.00    0.43    5.80    0.00   93.52

Device            r/s     rkB/s   rrqm/s  %rrqm r_await rareq-sz     w/s     wkB/s   wrqm/s  %wrqm w_await wareq-sz     d/s     dkB/s   drqm/s  %drqm d_await dareq-sz     f/s f_await  aqu-sz  %util
nvme0n1          0.00      0.00     0.00   0.00    0.00     0.00 4317.00  55860.00     0.00   0.00    0.27    12.94    0.00      0.00     0.00   0.00    0.00     0.00  330.00    1.93    1.80  95.60


avg-cpu:  %user   %nice %system %iowait  %steal   %idle
           0.19    0.00    0.43    5.80    0.00   93.58

Device            r/s     rkB/s   rrqm/s  %rrqm r_await rareq-sz     w/s     wkB/s   wrqm/s  %wrqm w_await wareq-sz     d/s     dkB/s   drqm/s  %drqm d_await dareq-sz     f/s f_await  aqu-sz  %util
nvme0n1          0.00      0.00     0.00   0.00    0.00     0.00 4212.00  54432.00     0.00   0.00    0.27    12.92    0.00      0.00     0.00   0.00    0.00     0.00  324.00    1.98    1.80  95.50


avg-cpu:  %user   %nice %system %iowait  %steal   %idle
           0.12    0.00    0.37    5.81    0.00   93.70

Device            r/s     rkB/s   rrqm/s  %rrqm r_await rareq-sz     w/s     wkB/s   wrqm/s  %wrqm w_await wareq-sz     d/s     dkB/s   drqm/s  %drqm d_await dareq-sz     f/s f_await  aqu-sz  %util
nvme0n1          0.00      0.00     0.00   0.00    0.00     0.00 4257.00  55032.00     0.00   0.00    0.27    12.93    0.00      0.00     0.00   0.00    0.00     0.00  327.00    1.95    1.80  95.60


avg-cpu:  %user   %nice %system %iowait  %steal   %idle
           0.12    0.00    0.56    5.81    0.00   93.51

Device            r/s     rkB/s   rrqm/s  %rrqm r_await rareq-sz     w/s     wkB/s   wrqm/s  %wrqm w_await wareq-sz     d/s     dkB/s   drqm/s  %drqm d_await dareq-sz     f/s f_await  aqu-sz  %util
nvme0n1          0.00      0.00     0.00   0.00    0.00     0.00 4234.00  54728.00     0.00   0.00    0.27    12.93    0.00      0.00     0.00   0.00    0.00     0.00  326.00    1.96    1.80  95.30


avg-cpu:  %user   %nice %system %iowait  %steal   %idle
           0.18    0.00    0.43    5.92    0.00   93.46

Device            r/s     rkB/s   rrqm/s  %rrqm r_await rareq-sz     w/s     wkB/s   wrqm/s  %wrqm w_await wareq-sz     d/s     dkB/s   drqm/s  %drqm d_await dareq-sz     f/s f_await  aqu-sz  %util
nvme0n1          0.00      0.00     0.00   0.00    0.00     0.00 4191.09  54241.58     0.00   0.00    0.27    12.94    0.00      0.00     0.00   0.00    0.00     0.00  319.80    2.01    1.80  95.84


avg-cpu:  %user   %nice %system %iowait  %steal   %idle
           0.12    0.00    0.43    5.74    0.00   93.70

Device            r/s     rkB/s   rrqm/s  %rrqm r_await rareq-sz     w/s     wkB/s   wrqm/s  %wrqm w_await wareq-sz     d/s     dkB/s   drqm/s  %drqm d_await dareq-sz     f/s f_await  aqu-sz  %util
nvme0n1          0.00      0.00     0.00   0.00    0.00     0.00 4290.00  55440.00     0.00   0.00    0.27    12.92    0.00      0.00     0.00   0.00    0.00     0.00  330.00    1.94    1.80  95.20


avg-cpu:  %user   %nice %system %iowait  %steal   %idle
           0.12    0.00    0.49    5.80    0.00   93.58

Device            r/s     rkB/s   rrqm/s  %rrqm r_await rareq-sz     w/s     wkB/s   wrqm/s  %wrqm w_await wareq-sz     d/s     dkB/s   drqm/s  %drqm d_await dareq-sz     f/s f_await  aqu-sz  %util
nvme0n1          0.00      0.00     0.00   0.00    0.00     0.00 4214.00  54544.00     0.00   0.00    0.28    12.94    0.00      0.00     0.00   0.00    0.00     0.00  322.00    2.02    1.82  95.50


avg-cpu:  %user   %nice %system %iowait  %steal   %idle
           0.19    0.00    0.43    5.68    0.00   93.70

Device            r/s     rkB/s   rrqm/s  %rrqm r_await rareq-sz     w/s     wkB/s   wrqm/s  %wrqm w_await wareq-sz     d/s     dkB/s   drqm/s  %drqm d_await dareq-sz     f/s f_await  aqu-sz  %util
nvme0n1          0.00      0.00     0.00   0.00    0.00     0.00 4247.00  54952.00     0.00   0.00    0.27    12.94    0.00      0.00     0.00   0.00    0.00     0.00  325.00    1.97    1.80  95.10


avg-cpu:  %user   %nice %system %iowait  %steal   %idle
           0.19    0.00    0.49    5.86    0.00   93.46

Device            r/s     rkB/s   rrqm/s  %rrqm r_await rareq-sz     w/s     wkB/s   wrqm/s  %wrqm w_await wareq-sz     d/s     dkB/s   drqm/s  %drqm d_await dareq-sz     f/s f_await  aqu-sz  %util
nvme0n1          0.00      0.00     0.00   0.00    0.00     0.00 4932.00  65672.00     0.00   0.00    0.55    13.32    0.00      0.00     0.00   0.00    0.00     0.00  331.00    1.94    3.35  97.30


avg-cpu:  %user   %nice %system %iowait  %steal   %idle
           0.12    0.00    0.37    5.76    0.00   93.75

Device            r/s     rkB/s   rrqm/s  %rrqm r_await rareq-sz     w/s     wkB/s   wrqm/s  %wrqm w_await wareq-sz     d/s     dkB/s   drqm/s  %drqm d_await dareq-sz     f/s f_await  aqu-sz  %util
nvme0n1          0.00      0.00     0.00   0.00    0.00     0.00 4263.00  55028.00     0.00   0.00    0.27    12.91    0.00      0.00     0.00   0.00    0.00     0.00  326.00    1.95    1.81  94.40


avg-cpu:  %user   %nice %system %iowait  %steal   %idle
           0.19    0.00    0.56    5.86    0.00   93.40

Device            r/s     rkB/s   rrqm/s  %rrqm r_await rareq-sz     w/s     wkB/s   wrqm/s  %wrqm w_await wareq-sz     d/s     dkB/s   drqm/s  %drqm d_await dareq-sz     f/s f_await  aqu-sz  %util
nvme0n1          0.00      0.00     0.00   0.00    0.00     0.00 4271.00  55200.00     0.00   0.00    0.27    12.92    0.00      0.00     0.00   0.00    0.00     0.00  329.00    1.99    1.82  96.40


avg-cpu:  %user   %nice %system %iowait  %steal   %idle
           0.19    0.00    0.49    5.81    0.00   93.51

Device            r/s     rkB/s   rrqm/s  %rrqm r_await rareq-sz     w/s     wkB/s   wrqm/s  %wrqm w_await wareq-sz     d/s     dkB/s   drqm/s  %drqm d_await dareq-sz     f/s f_await  aqu-sz  %util
nvme0n1          0.00      0.00     0.00   0.00    0.00     0.00 4265.00  55136.00     0.00   0.00    0.27    12.93    0.00      0.00     0.00   0.00    0.00     0.00  327.00    1.97    1.80  95.70


avg-cpu:  %user   %nice %system %iowait  %steal   %idle
           0.19    0.00    0.43    5.81    0.00   93.57

Device            r/s     rkB/s   rrqm/s  %rrqm r_await rareq-sz     w/s     wkB/s   wrqm/s  %wrqm w_await wareq-sz     d/s     dkB/s   drqm/s  %drqm d_await dareq-sz     f/s f_await  aqu-sz  %util
nvme0n1          0.00      0.00     0.00   0.00    0.00     0.00 4292.00  55472.00     0.00   0.00    0.27    12.92    0.00      0.00     0.00   0.00    0.00     0.00  330.00    1.94    1.80  95.70


avg-cpu:  %user   %nice %system %iowait  %steal   %idle
           0.12    0.00    0.49    5.74    0.00   93.65

Device            r/s     rkB/s   rrqm/s  %rrqm r_await rareq-sz     w/s     wkB/s   wrqm/s  %wrqm w_await wareq-sz     d/s     dkB/s   drqm/s  %drqm d_await dareq-sz     f/s f_await  aqu-sz  %util
nvme0n1          0.00      0.00     0.00   0.00    0.00     0.00 4216.00  54496.00     0.00   0.00    0.28    12.93    0.00      0.00     0.00   0.00    0.00     0.00  324.00    1.99    1.80  95.20


avg-cpu:  %user   %nice %system %iowait  %steal   %idle
           0.19    0.00    0.43    5.81    0.00   93.58

Device            r/s     rkB/s   rrqm/s  %rrqm r_await rareq-sz     w/s     wkB/s   wrqm/s  %wrqm w_await wareq-sz     d/s     dkB/s   drqm/s  %drqm d_await dareq-sz     f/s f_await  aqu-sz  %util
nvme0n1          0.00      0.00     0.00   0.00    0.00     0.00 4330.00  56024.00     0.00   0.00    0.27    12.94    0.00      0.00     0.00   0.00    0.00     0.00  332.00    1.93    1.81  95.80


avg-cpu:  %user   %nice %system %iowait  %steal   %idle
           0.06    0.00    0.49    5.80    0.00   93.64

Device            r/s     rkB/s   rrqm/s  %rrqm r_await rareq-sz     w/s     wkB/s   wrqm/s  %wrqm w_await wareq-sz     d/s     dkB/s   drqm/s  %drqm d_await dareq-sz     f/s f_await  aqu-sz  %util
nvme0n1          0.00      0.00     0.00   0.00    0.00     0.00 4299.00  55600.00     0.00   0.00    0.27    12.93    0.00      0.00     0.00   0.00    0.00     0.00  329.00    1.94    1.81  95.90


