Linux 7.2.6-200.fc44.x86_64 (fedora.fritz.box) 	09/26/2026 	_x86_64_	(16 CPU)

avg-cpu:  %user   %nice %system %iowait  %steal   %idle
           0.63    0.01    0.65    2.60    0.00   96.10

Device            r/s     rkB/s   rrqm/s  %rrqm r_await rareq-sz     w/s     wkB/s   wrqm/s  %wrqm w_await wareq-sz     d/s     dkB/s   drqm/s  %drqm d_await dareq-sz     f/s f_await  aqu-sz  %util
nvme0n1         11.92    363.34     1.46  10.94    2.42    30.49 1543.89  17754.57     0.27   0.02    0.36    11.50    0.14     42.74     0.00   0.00    1.91   308.83  145.51    1.93    0.87  42.14


avg-cpu:  %user   %nice %system %iowait  %steal   %idle
           1.12    0.31    1.06    1.99    0.00   95.52

Device            r/s     rkB/s   rrqm/s  %rrqm r_await rareq-sz     w/s     wkB/s   wrqm/s  %wrqm w_await wareq-sz     d/s     dkB/s   drqm/s  %drqm d_await dareq-sz     f/s f_await  aqu-sz  %util
nvme0n1          0.00      0.00     0.00   0.00    0.00     0.00 1440.00  18284.00     0.00   0.00    0.27    12.70    0.00      0.00     0.00   0.00    0.00     0.00  115.00    1.91    0.61  32.50


avg-cpu:  %user   %nice %system %iowait  %steal   %idle
           0.19    0.00    0.37    5.88    0.00   93.56

Device            r/s     rkB/s   rrqm/s  %rrqm r_await rareq-sz     w/s     wkB/s   wrqm/s  %wrqm w_await wareq-sz     d/s     dkB/s   drqm/s  %drqm d_await dareq-sz     f/s f_await  aqu-sz  %util
nvme0n1          0.00      0.00     0.00   0.00    0.00     0.00 4352.00  56248.00     0.00   0.00    0.27    12.92    0.00      0.00     0.00   0.00    0.00     0.00  334.00    1.96    1.82  97.00


avg-cpu:  %user   %nice %system %iowait  %steal   %idle
           0.31    0.00    0.68    5.80    0.00   93.21

Device            r/s     rkB/s   rrqm/s  %rrqm r_await rareq-sz     w/s     wkB/s   wrqm/s  %wrqm w_await wareq-sz     d/s     dkB/s   drqm/s  %drqm d_await dareq-sz     f/s f_await  aqu-sz  %util
nvme0n1          0.00      0.00     0.00   0.00    0.00     0.00 4364.00  56440.00     0.00   0.00    0.27    12.93    0.00      0.00     0.00   0.00    0.00     0.00  334.00    1.94    1.81  96.40


avg-cpu:  %user   %nice %system %iowait  %steal   %idle
           0.31    0.00    0.50    5.97    0.00   93.23

Device            r/s     rkB/s   rrqm/s  %rrqm r_await rareq-sz     w/s     wkB/s   wrqm/s  %wrqm w_await wareq-sz     d/s     dkB/s   drqm/s  %drqm d_await dareq-sz     f/s f_await  aqu-sz  %util
nvme0n1          0.00      0.00     0.00   0.00    0.00     0.00 4253.00  54968.00     0.00   0.00    0.27    12.92    0.00      0.00     0.00   0.00    0.00     0.00  327.00    2.01    1.81  97.00


avg-cpu:  %user   %nice %system %iowait  %steal   %idle
           0.19    0.00    0.43    5.89    0.00   93.49

Device            r/s     rkB/s   rrqm/s  %rrqm r_await rareq-sz     w/s     wkB/s   wrqm/s  %wrqm w_await wareq-sz     d/s     dkB/s   drqm/s  %drqm d_await dareq-sz     f/s f_await  aqu-sz  %util
nvme0n1          0.00      0.00     0.00   0.00    0.00     0.00 4313.00  55768.00     0.00   0.00    0.27    12.93    0.00      0.00     0.00   0.00    0.00     0.00  331.00    1.96    1.81  96.90


avg-cpu:  %user   %nice %system %iowait  %steal   %idle
           0.25    0.00    0.56    5.86    0.00   93.33

Device            r/s     rkB/s   rrqm/s  %rrqm r_await rareq-sz     w/s     wkB/s   wrqm/s  %wrqm w_await wareq-sz     d/s     dkB/s   drqm/s  %drqm d_await dareq-sz     f/s f_await  aqu-sz  %util
nvme0n1          0.00      0.00     0.00   0.00    0.00     0.00 4265.00  55104.00     0.00   0.00    0.27    12.92    0.00      0.00     0.00   0.00    0.00     0.00  329.00    2.00    1.81  96.30


avg-cpu:  %user   %nice %system %iowait  %steal   %idle
           0.25    0.00    0.87    5.82    0.00   93.07

Device            r/s     rkB/s   rrqm/s  %rrqm r_await rareq-sz     w/s     wkB/s   wrqm/s  %wrqm w_await wareq-sz     d/s     dkB/s   drqm/s  %drqm d_await dareq-sz     f/s f_await  aqu-sz  %util
nvme0n1          0.00      0.00     0.00   0.00    0.00     0.00 7429.00 105656.00     0.00   0.00    2.79    14.22    0.00      0.00     0.00   0.00    0.00     0.00  329.00    1.92   21.37  96.00


avg-cpu:  %user   %nice %system %iowait  %steal   %idle
           0.12    0.00    0.50    6.01    0.00   93.37

Device            r/s     rkB/s   rrqm/s  %rrqm r_await rareq-sz     w/s     wkB/s   wrqm/s  %wrqm w_await wareq-sz     d/s     dkB/s   drqm/s  %drqm d_await dareq-sz     f/s f_await  aqu-sz  %util
nvme0n1          0.00      0.00     0.00   0.00    0.00     0.00 2435.00  25052.00     0.00   0.00    0.41    10.29    0.00      0.00     0.00   0.00    0.00     0.00  348.00    1.89    1.65  97.50


avg-cpu:  %user   %nice %system %iowait  %steal   %idle
           0.25    0.00    0.31    5.96    0.00   93.49

Device            r/s     rkB/s   rrqm/s  %rrqm r_await rareq-sz     w/s     wkB/s   wrqm/s  %wrqm w_await wareq-sz     d/s     dkB/s   drqm/s  %drqm d_await dareq-sz     f/s f_await  aqu-sz  %util
nvme0n1          0.00      0.00     0.00   0.00    0.00     0.00 3260.00  38720.00     0.00   0.00    0.32    11.88    0.00      0.00     0.00   0.00    0.00     0.00  336.00    1.92    1.70  97.20


avg-cpu:  %user   %nice %system %iowait  %steal   %idle
           0.25    0.00    0.43    6.01    0.00   93.31

Device            r/s     rkB/s   rrqm/s  %rrqm r_await rareq-sz     w/s     wkB/s   wrqm/s  %wrqm w_await wareq-sz     d/s     dkB/s   drqm/s  %drqm d_await dareq-sz     f/s f_await  aqu-sz  %util
nvme0n1          0.00      0.00     0.00   0.00    0.00     0.00 3614.00  44304.00     0.00   0.00    0.30    12.26    0.00      0.00     0.00   0.00    0.00     0.00  338.00    1.91    1.74  97.90


avg-cpu:  %user   %nice %system %iowait  %steal   %idle
           0.12    0.00    0.43    5.95    0.00   93.49

Device            r/s     rkB/s   rrqm/s  %rrqm r_await rareq-sz     w/s     wkB/s   wrqm/s  %wrqm w_await wareq-sz     d/s     dkB/s   drqm/s  %drqm d_await dareq-sz     f/s f_await  aqu-sz  %util
nvme0n1          0.00      0.00     0.00   0.00    0.00     0.00 3747.00  46472.00     0.00   0.00    0.29    12.40    0.00      0.00     0.00   0.00    0.00     0.00  337.00    1.92    1.75  97.20


avg-cpu:  %user   %nice %system %iowait  %steal   %idle
           0.25    0.00    0.37    5.89    0.00   93.49

Device            r/s     rkB/s   rrqm/s  %rrqm r_await rareq-sz     w/s     wkB/s   wrqm/s  %wrqm w_await wareq-sz     d/s     dkB/s   drqm/s  %drqm d_await dareq-sz     f/s f_await  aqu-sz  %util
nvme0n1          0.00      0.00     0.00   0.00    0.00     0.00 4252.00  54752.00     0.00   0.00    0.27    12.88    0.00      0.00     0.00   0.00    0.00     0.00  332.00    1.95    1.81  97.00


avg-cpu:  %user   %nice %system %iowait  %steal   %idle
           0.06    0.00    0.56    5.94    0.00   93.44

Device            r/s     rkB/s   rrqm/s  %rrqm r_await rareq-sz     w/s     wkB/s   wrqm/s  %wrqm w_await wareq-sz     d/s     dkB/s   drqm/s  %drqm d_await dareq-sz     f/s f_await  aqu-sz  %util
nvme0n1          0.00      0.00     0.00   0.00    0.00     0.00 4371.00  56512.00     0.00   0.00    0.27    12.93    0.00      0.00     0.00   0.00    0.00     0.00  335.00    1.93    1.82  97.30


avg-cpu:  %user   %nice %system %iowait  %steal   %idle
           0.25    0.00    0.37    5.89    0.00   93.49

Device            r/s     rkB/s   rrqm/s  %rrqm r_await rareq-sz     w/s     wkB/s   wrqm/s  %wrqm w_await wareq-sz     d/s     dkB/s   drqm/s  %drqm d_await dareq-sz     f/s f_await  aqu-sz  %util
nvme0n1          0.00      0.00     0.00   0.00    0.00     0.00 4351.00  56296.00     0.00   0.00    0.27    12.94    0.00      0.00     0.00   0.00    0.00     0.00  333.00    1.94    1.82  96.30


avg-cpu:  %user   %nice %system %iowait  %steal   %idle
           0.19    0.00    0.50    5.90    0.00   93.42

Device            r/s     rkB/s   rrqm/s  %rrqm r_await rareq-sz     w/s     wkB/s   wrqm/s  %wrqm w_await wareq-sz     d/s     dkB/s   drqm/s  %drqm d_await dareq-sz     f/s f_await  aqu-sz  %util
nvme0n1          0.00      0.00     0.00   0.00    0.00     0.00 4392.00  56776.00     0.00   0.00    0.27    12.93    0.00      0.00     0.00   0.00    0.00     0.00  338.00    1.90    1.82  96.90


avg-cpu:  %user   %nice %system %iowait  %steal   %idle
           0.12    0.00    0.37    5.90    0.00   93.61

Device            r/s     rkB/s   rrqm/s  %rrqm r_await rareq-sz     w/s     wkB/s   wrqm/s  %wrqm w_await wareq-sz     d/s     dkB/s   drqm/s  %drqm d_await dareq-sz     f/s f_await  aqu-sz  %util
nvme0n1          0.00      0.00     0.00   0.00    0.00     0.00 4330.00  55976.00     0.00   0.00    0.27    12.93    0.00      0.00     0.00   0.00    0.00     0.00  332.00    1.96    1.82  96.90


avg-cpu:  %user   %nice %system %iowait  %steal   %idle
           0.19    0.00    0.56    5.82    0.00   93.44

Device            r/s     rkB/s   rrqm/s  %rrqm r_await rareq-sz     w/s     wkB/s   wrqm/s  %wrqm w_await wareq-sz     d/s     dkB/s   drqm/s  %drqm d_await dareq-sz     f/s f_await  aqu-sz  %util
nvme0n1          0.00      0.00     0.00   0.00    0.00     0.00 4349.00  56264.00     0.00   0.00    0.27    12.94    0.00      0.00     0.00   0.00    0.00     0.00  333.00    1.95    1.82  95.40


avg-cpu:  %user   %nice %system %iowait  %steal   %idle
           0.19    0.00    0.43    5.89    0.00   93.49

Device            r/s     rkB/s   rrqm/s  %rrqm r_await rareq-sz     w/s     wkB/s   wrqm/s  %wrqm w_await wareq-sz     d/s     dkB/s   drqm/s  %drqm d_await dareq-sz     f/s f_await  aqu-sz  %util
nvme0n1          0.00      0.00     0.00   0.00    0.00     0.00 4316.00  55936.00     0.00   0.00    0.27    12.96    0.00      0.00     0.00   0.00    0.00     0.00  328.00    1.99    1.82  96.80


avg-cpu:  %user   %nice %system %iowait  %steal   %idle
           0.19    0.00    0.50    5.94    0.00   93.38

Device            r/s     rkB/s   rrqm/s  %rrqm r_await rareq-sz     w/s     wkB/s   wrqm/s  %wrqm w_await wareq-sz     d/s     dkB/s   drqm/s  %drqm d_await dareq-sz     f/s f_await  aqu-sz  %util
nvme0n1          0.00      0.00     0.00   0.00    0.00     0.00 4293.00  55472.00     0.00   0.00    0.27    12.92    0.00      0.00     0.00   0.00    0.00     0.00  331.00    1.98    1.82  97.10


avg-cpu:  %user   %nice %system %iowait  %steal   %idle
           0.19    0.00    0.37    5.89    0.00   93.55

Device            r/s     rkB/s   rrqm/s  %rrqm r_await rareq-sz     w/s     wkB/s   wrqm/s  %wrqm w_await wareq-sz     d/s     dkB/s   drqm/s  %drqm d_await dareq-sz     f/s f_await  aqu-sz  %util
nvme0n1          0.00      0.00     0.00   0.00    0.00     0.00 4239.00  54880.00     0.00   0.00    0.28    12.95    0.00      0.00     0.00   0.00    0.00     0.00  323.00    2.04    1.83  96.70


avg-cpu:  %user   %nice %system %iowait  %steal   %idle
           0.12    0.00    0.50    5.94    0.00   93.44

Device            r/s     rkB/s   rrqm/s  %rrqm r_await rareq-sz     w/s     wkB/s   wrqm/s  %wrqm w_await wareq-sz     d/s     dkB/s   drqm/s  %drqm d_await dareq-sz     f/s f_await  aqu-sz  %util
nvme0n1          0.00      0.00     0.00   0.00    0.00     0.00 4336.00  56096.00     0.00   0.00    0.27    12.94    0.00      0.00     0.00   0.00    0.00     0.00  332.00    1.96    1.81  96.70


avg-cpu:  %user   %nice %system %iowait  %steal   %idle
           0.19    0.00    0.56    5.83    0.00   93.43

Device            r/s     rkB/s   rrqm/s  %rrqm r_await rareq-sz     w/s     wkB/s   wrqm/s  %wrqm w_await wareq-sz     d/s     dkB/s   drqm/s  %drqm d_await dareq-sz     f/s f_await  aqu-sz  %util
nvme0n1          0.00      0.00     0.00   0.00    0.00     0.00 4355.00  56284.00     0.00   0.00    0.27    12.92    0.00      0.00     0.00   0.00    0.00     0.00  335.00    1.93    1.83  96.50


avg-cpu:  %user   %nice %system %iowait  %steal   %idle
           0.19    0.00    0.50    5.88    0.00   93.44

Device            r/s     rkB/s   rrqm/s  %rrqm r_await rareq-sz     w/s     wkB/s   wrqm/s  %wrqm w_await wareq-sz     d/s     dkB/s   drqm/s  %drqm d_await dareq-sz     f/s f_await  aqu-sz  %util
nvme0n1          0.00      0.00     0.00   0.00    0.00     0.00 5072.00  67896.00     0.00   0.00    0.92    13.39    0.00      0.00     0.00   0.00    0.00     0.00  332.00    1.95    5.30  96.10


avg-cpu:  %user   %nice %system %iowait  %steal   %idle
           0.19    0.00    0.50    5.88    0.00   93.44

Device            r/s     rkB/s   rrqm/s  %rrqm r_await rareq-sz     w/s     wkB/s   wrqm/s  %wrqm w_await wareq-sz     d/s     dkB/s   drqm/s  %drqm d_await dareq-sz     f/s f_await  aqu-sz  %util
nvme0n1          0.00      0.00     0.00   0.00    0.00     0.00 4227.00  54608.00     0.00   0.00    0.28    12.92    0.00      0.00     0.00   0.00    0.00     0.00  325.00    1.99    1.82  96.40


avg-cpu:  %user   %nice %system %iowait  %steal   %idle
           0.19    0.00    0.49    5.81    0.00   93.51

Device            r/s     rkB/s   rrqm/s  %rrqm r_await rareq-sz     w/s     wkB/s   wrqm/s  %wrqm w_await wareq-sz     d/s     dkB/s   drqm/s  %drqm d_await dareq-sz     f/s f_await  aqu-sz  %util
nvme0n1          0.00      0.00     0.00   0.00    0.00     0.00 4410.00  56984.00     0.00   0.00    0.27    12.92    0.00      0.00     0.00   0.00    0.00     0.00  340.00    1.89    1.82  96.60


avg-cpu:  %user   %nice %system %iowait  %steal   %idle
           0.12    0.00    0.43    6.00    0.00   93.44

Device            r/s     rkB/s   rrqm/s  %rrqm r_await rareq-sz     w/s     wkB/s   wrqm/s  %wrqm w_await wareq-sz     d/s     dkB/s   drqm/s  %drqm d_await dareq-sz     f/s f_await  aqu-sz  %util
nvme0n1          0.00      0.00     0.00   0.00    0.00     0.00 4305.00  55640.00     0.00   0.00    0.27    12.92    0.00      0.00     0.00   0.00    0.00     0.00  331.00    1.95    1.82  98.20


avg-cpu:  %user   %nice %system %iowait  %steal   %idle
           0.25    0.00    0.37    5.89    0.00   93.49

Device            r/s     rkB/s   rrqm/s  %rrqm r_await rareq-sz     w/s     wkB/s   wrqm/s  %wrqm w_await wareq-sz     d/s     dkB/s   drqm/s  %drqm d_await dareq-sz     f/s f_await  aqu-sz  %util
nvme0n1          0.00      0.00     0.00   0.00    0.00     0.00 4332.00  56008.00     0.00   0.00    0.27    12.93    0.00      0.00     0.00   0.00    0.00     0.00  332.00    1.96    1.82  95.90


avg-cpu:  %user   %nice %system %iowait  %steal   %idle
           0.19    0.00    0.49    5.94    0.00   93.38

Device            r/s     rkB/s   rrqm/s  %rrqm r_await rareq-sz     w/s     wkB/s   wrqm/s  %wrqm w_await wareq-sz     d/s     dkB/s   drqm/s  %drqm d_await dareq-sz     f/s f_await  aqu-sz  %util
nvme0n1          0.00      0.00     0.00   0.00    0.00     0.00 4324.00  55904.00     0.00   0.00    0.27    12.93    0.00      0.00     0.00   0.00    0.00     0.00  332.00    1.96    1.83  96.50


avg-cpu:  %user   %nice %system %iowait  %steal   %idle
           0.25    0.00    0.62    5.81    0.00   93.32

Device            r/s     rkB/s   rrqm/s  %rrqm r_await rareq-sz     w/s     wkB/s   wrqm/s  %wrqm w_await wareq-sz     d/s     dkB/s   drqm/s  %drqm d_await dareq-sz     f/s f_await  aqu-sz  %util
nvme0n1          0.00      0.00     0.00   0.00    0.00     0.00 4306.00  55696.00     0.00   0.00    0.27    12.93    0.00      0.00     0.00   0.00    0.00     0.00  330.00    1.97    1.83  96.60


avg-cpu:  %user   %nice %system %iowait  %steal   %idle
           0.12    0.00    0.31    5.94    0.00   93.62

Device            r/s     rkB/s   rrqm/s  %rrqm r_await rareq-sz     w/s     wkB/s   wrqm/s  %wrqm w_await wareq-sz     d/s     dkB/s   drqm/s  %drqm d_await dareq-sz     f/s f_await  aqu-sz  %util
nvme0n1          0.00      0.00     0.00   0.00    0.00     0.00 4338.00  56128.00     0.00   0.00    0.27    12.94    0.00      0.00     0.00   0.00    0.00     0.00  332.00    1.95    1.83  97.60


avg-cpu:  %user   %nice %system %iowait  %steal   %idle
           0.19    0.00    0.50    5.88    0.00   93.44

Device            r/s     rkB/s   rrqm/s  %rrqm r_await rareq-sz     w/s     wkB/s   wrqm/s  %wrqm w_await wareq-sz     d/s     dkB/s   drqm/s  %drqm d_await dareq-sz     f/s f_await  aqu-sz  %util
nvme0n1          0.00      0.00     0.00   0.00    0.00     0.00 4378.00  55716.00     1.00   0.02    0.35    12.73    0.00      0.00     0.00   0.00    0.00     0.00  326.00    2.02    2.17  96.20


avg-cpu:  %user   %nice %system %iowait  %steal   %idle
           0.19    0.00    0.43    5.88    0.00   93.50

Device            r/s     rkB/s   rrqm/s  %rrqm r_await rareq-sz     w/s     wkB/s   wrqm/s  %wrqm w_await wareq-sz     d/s     dkB/s   drqm/s  %drqm d_await dareq-sz     f/s f_await  aqu-sz  %util
nvme0n1          0.00      0.00     0.00   0.00    0.00     0.00 4299.00  55476.00     0.00   0.00    0.28    12.90    0.00      0.00     0.00   0.00    0.00     0.00  330.00    1.95    1.84  97.30


avg-cpu:  %user   %nice %system %iowait  %steal   %idle
           0.12    0.00    0.62    5.88    0.00   93.37

Device            r/s     rkB/s   rrqm/s  %rrqm r_await rareq-sz     w/s     wkB/s   wrqm/s  %wrqm w_await wareq-sz     d/s     dkB/s   drqm/s  %drqm d_await dareq-sz     f/s f_await  aqu-sz  %util
nvme0n1          0.00      0.00     0.00   0.00    0.00     0.00 4308.00  55684.00     0.00   0.00    0.28    12.93    0.00      0.00     0.00   0.00    0.00     0.00  329.00    1.98    1.84  96.40


avg-cpu:  %user   %nice %system %iowait  %steal   %idle
           0.25    0.00    0.37    5.89    0.00   93.49

Device            r/s     rkB/s   rrqm/s  %rrqm r_await rareq-sz     w/s     wkB/s   wrqm/s  %wrqm w_await wareq-sz     d/s     dkB/s   drqm/s  %drqm d_await dareq-sz     f/s f_await  aqu-sz  %util
nvme0n1          0.00      0.00     0.00   0.00    0.00     0.00 4175.00  53932.00     0.00   0.00    0.28    12.92    0.00      0.00     0.00   0.00    0.00     0.00  322.00    2.05    1.83  96.60


avg-cpu:  %user   %nice %system %iowait  %steal   %idle
           0.19    0.00    0.62    5.81    0.00   93.38

Device            r/s     rkB/s   rrqm/s  %rrqm r_await rareq-sz     w/s     wkB/s   wrqm/s  %wrqm w_await wareq-sz     d/s     dkB/s   drqm/s  %drqm d_await dareq-sz     f/s f_await  aqu-sz  %util
nvme0n1          0.00      0.00     0.00   0.00    0.00     0.00 4336.00  56152.00     0.00   0.00    0.27    12.95    0.00      0.00     0.00   0.00    0.00     0.00  330.00    1.95    1.83  96.30


avg-cpu:  %user   %nice %system %iowait  %steal   %idle
           0.12    0.00    0.37    5.96    0.00   93.54

Device            r/s     rkB/s   rrqm/s  %rrqm r_await rareq-sz     w/s     wkB/s   wrqm/s  %wrqm w_await wareq-sz     d/s     dkB/s   drqm/s  %drqm d_await dareq-sz     f/s f_await  aqu-sz  %util
nvme0n1          0.00      0.00     0.00   0.00    0.00     0.00 4472.00  57816.00     0.00   0.00    0.27    12.93    0.00      0.00     0.00   0.00    0.00     0.00  344.00    1.86    1.83  97.40


avg-cpu:  %user   %nice %system %iowait  %steal   %idle
           0.19    0.00    0.49    5.93    0.00   93.39

Device            r/s     rkB/s   rrqm/s  %rrqm r_await rareq-sz     w/s     wkB/s   wrqm/s  %wrqm w_await wareq-sz     d/s     dkB/s   drqm/s  %drqm d_await dareq-sz     f/s f_await  aqu-sz  %util
nvme0n1          0.00      0.00     0.00   0.00    0.00     0.00 4290.00  55496.00     0.00   0.00    0.28    12.94    0.00      0.00     0.00   0.00    0.00     0.00  328.00    1.99    1.84  97.50


avg-cpu:  %user   %nice %system %iowait  %steal   %idle
           0.19    0.00    0.87    5.83    0.00   93.12

Device            r/s     rkB/s   rrqm/s  %rrqm r_await rareq-sz     w/s     wkB/s   wrqm/s  %wrqm w_await wareq-sz     d/s     dkB/s   drqm/s  %drqm d_await dareq-sz     f/s f_await  aqu-sz  %util
nvme0n1          2.00     32.00     0.00   0.00    0.50    16.00 6175.00  85348.00     0.00   0.00    3.39    13.82    0.00      0.00     0.00   0.00    0.00     0.00  336.00    1.89   21.57  97.30


avg-cpu:  %user   %nice %system %iowait  %steal   %idle
           0.19    0.00    0.37    6.02    0.00   93.42

Device            r/s     rkB/s   rrqm/s  %rrqm r_await rareq-sz     w/s     wkB/s   wrqm/s  %wrqm w_await wareq-sz     d/s     dkB/s   drqm/s  %drqm d_await dareq-sz     f/s f_await  aqu-sz  %util
nvme0n1          0.00      0.00     0.00   0.00    0.00     0.00 3058.00  35408.00     0.00   0.00    0.34    11.58    0.00      0.00     0.00   0.00    0.00     0.00  338.00    1.91    1.68  97.50


avg-cpu:  %user   %nice %system %iowait  %steal   %idle
           0.19    0.00    0.43    5.95    0.00   93.43

Device            r/s     rkB/s   rrqm/s  %rrqm r_await rareq-sz     w/s     wkB/s   wrqm/s  %wrqm w_await wareq-sz     d/s     dkB/s   drqm/s  %drqm d_await dareq-sz     f/s f_await  aqu-sz  %util
nvme0n1          0.00      0.00     0.00   0.00    0.00     0.00 3577.00  43752.00     0.00   0.00    0.30    12.23    0.00      0.00     0.00   0.00    0.00     0.00  337.00    1.91    1.73  97.00


avg-cpu:  %user   %nice %system %iowait  %steal   %idle
           0.12    0.00    0.50    5.90    0.00   93.48

Device            r/s     rkB/s   rrqm/s  %rrqm r_await rareq-sz     w/s     wkB/s   wrqm/s  %wrqm w_await wareq-sz     d/s     dkB/s   drqm/s  %drqm d_await dareq-sz     f/s f_await  aqu-sz  %util
nvme0n1          0.00      0.00     0.00   0.00    0.00     0.00 3521.00  43016.00     0.00   0.00    0.31    12.22    0.00      0.00     0.00   0.00    0.00     0.00  333.00    1.94    1.73  97.20


avg-cpu:  %user   %nice %system %iowait  %steal   %idle
           0.25    0.00    0.43    5.93    0.00   93.40

Device            r/s     rkB/s   rrqm/s  %rrqm r_await rareq-sz     w/s     wkB/s   wrqm/s  %wrqm w_await wareq-sz     d/s     dkB/s   drqm/s  %drqm d_await dareq-sz     f/s f_await  aqu-sz  %util
nvme0n1          0.00      0.00     0.00   0.00    0.00     0.00 4272.00  55152.00     0.00   0.00    0.27    12.91    0.00      0.00     0.00   0.00    0.00     0.00  330.00    1.98    1.81  96.90


avg-cpu:  %user   %nice %system %iowait  %steal   %idle
           0.19    0.00    0.49    5.88    0.00   93.44

Device            r/s     rkB/s   rrqm/s  %rrqm r_await rareq-sz     w/s     wkB/s   wrqm/s  %wrqm w_await wareq-sz     d/s     dkB/s   drqm/s  %drqm d_await dareq-sz     f/s f_await  aqu-sz  %util
nvme0n1          0.00      0.00     0.00   0.00    0.00     0.00 4378.00  56608.00     0.00   0.00    0.27    12.93    0.00      0.00     0.00   0.00    0.00     0.00  336.00    1.93    1.82  97.10


avg-cpu:  %user   %nice %system %iowait  %steal   %idle
           0.12    0.00    0.56    5.89    0.00   93.43

Device            r/s     rkB/s   rrqm/s  %rrqm r_await rareq-sz     w/s     wkB/s   wrqm/s  %wrqm w_await wareq-sz     d/s     dkB/s   drqm/s  %drqm d_await dareq-sz     f/s f_await  aqu-sz  %util
nvme0n1          0.00      0.00     0.00   0.00    0.00     0.00 4190.00  54160.00     0.00   0.00    0.28    12.93    0.00      0.00     0.00   0.00    0.00     0.00  322.00    2.04    1.82  96.30


avg-cpu:  %user   %nice %system %iowait  %steal   %idle
           0.25    0.00    0.43    5.88    0.00   93.44

Device            r/s     rkB/s   rrqm/s  %rrqm r_await rareq-sz     w/s     wkB/s   wrqm/s  %wrqm w_await wareq-sz     d/s     dkB/s   drqm/s  %drqm d_await dareq-sz     f/s f_await  aqu-sz  %util
nvme0n1          0.00      0.00     0.00   0.00    0.00     0.00 4296.00  55536.00     0.00   0.00    0.27    12.93    0.00      0.00     0.00   0.00    0.00     0.00  330.00    1.98    1.83  95.90


avg-cpu:  %user   %nice %system %iowait  %steal   %idle
           0.25    0.00    0.43    5.88    0.00   93.44

Device            r/s     rkB/s   rrqm/s  %rrqm r_await rareq-sz     w/s     wkB/s   wrqm/s  %wrqm w_await wareq-sz     d/s     dkB/s   drqm/s  %drqm d_await dareq-sz     f/s f_await  aqu-sz  %util
nvme0n1          0.00      0.00     0.00   0.00    0.00     0.00 4307.00  55672.00     0.00   0.00    0.27    12.93    0.00      0.00     0.00   0.00    0.00     0.00  331.00    1.98    1.82  96.70


avg-cpu:  %user   %nice %system %iowait  %steal   %idle
           0.25    0.00    0.49    5.88    0.00   93.38

Device            r/s     rkB/s   rrqm/s  %rrqm r_await rareq-sz     w/s     wkB/s   wrqm/s  %wrqm w_await wareq-sz     d/s     dkB/s   drqm/s  %drqm d_await dareq-sz     f/s f_await  aqu-sz  %util
nvme0n1          0.00      0.00     0.00   0.00    0.00     0.00 4316.00  55800.00     0.00   0.00    0.27    12.93    0.00      0.00     0.00   0.00    0.00     0.00  332.00    1.96    1.82  96.00


avg-cpu:  %user   %nice %system %iowait  %steal   %idle
           0.25    0.00    0.50    5.83    0.00   93.43

Device            r/s     rkB/s   rrqm/s  %rrqm r_await rareq-sz     w/s     wkB/s   wrqm/s  %wrqm w_await wareq-sz     d/s     dkB/s   drqm/s  %drqm d_await dareq-sz     f/s f_await  aqu-sz  %util
nvme0n1          0.00      0.00     0.00   0.00    0.00     0.00 4252.00  54968.00     0.00   0.00    0.28    12.93    0.00      0.00     0.00   0.00    0.00     0.00  326.00    1.99    1.82  96.60


avg-cpu:  %user   %nice %system %iowait  %steal   %idle
           0.19    0.00    0.50    5.83    0.00   93.48

Device            r/s     rkB/s   rrqm/s  %rrqm r_await rareq-sz     w/s     wkB/s   wrqm/s  %wrqm w_await wareq-sz     d/s     dkB/s   drqm/s  %drqm d_await dareq-sz     f/s f_await  aqu-sz  %util
nvme0n1          0.00      0.00     0.00   0.00    0.00     0.00 4261.00  55096.00     0.00   0.00    0.28    12.93    0.00      0.00     0.00   0.00    0.00     0.00  327.00    1.98    1.82  95.50


avg-cpu:  %user   %nice %system %iowait  %steal   %idle
           0.19    0.00    0.43    5.94    0.00   93.44

Device            r/s     rkB/s   rrqm/s  %rrqm r_await rareq-sz     w/s     wkB/s   wrqm/s  %wrqm w_await wareq-sz     d/s     dkB/s   drqm/s  %drqm d_await dareq-sz     f/s f_await  aqu-sz  %util
nvme0n1          0.00      0.00     0.00   0.00    0.00     0.00 4163.00  53848.00     0.00   0.00    0.28    12.93    0.00      0.00     0.00   0.00    0.00     0.00  319.00    2.08    1.84  97.40


avg-cpu:  %user   %nice %system %iowait  %steal   %idle
           0.19    0.00    0.50    5.88    0.00   93.44

Device            r/s     rkB/s   rrqm/s  %rrqm r_await rareq-sz     w/s     wkB/s   wrqm/s  %wrqm w_await wareq-sz     d/s     dkB/s   drqm/s  %drqm d_await dareq-sz     f/s f_await  aqu-sz  %util
nvme0n1          0.00      0.00     0.00   0.00    0.00     0.00 4355.00  56304.00     0.00   0.00    0.27    12.93    0.00      0.00     0.00   0.00    0.00     0.00  335.00    1.94    1.83  96.30


avg-cpu:  %user   %nice %system %iowait  %steal   %idle
           0.19    0.00    0.50    5.88    0.00   93.44

Device            r/s     rkB/s   rrqm/s  %rrqm r_await rareq-sz     w/s     wkB/s   wrqm/s  %wrqm w_await wareq-sz     d/s     dkB/s   drqm/s  %drqm d_await dareq-sz     f/s f_await  aqu-sz  %util
nvme0n1          0.00      0.00     0.00   0.00    0.00     0.00 4257.00  55032.00     0.00   0.00    0.28    12.93    0.00      0.00     0.00   0.00    0.00     0.00  327.00    2.00    1.83  96.90


avg-cpu:  %user   %nice %system %iowait  %steal   %idle
           0.19    0.00    0.50    5.84    0.00   93.48

Device            r/s     rkB/s   rrqm/s  %rrqm r_await rareq-sz     w/s     wkB/s   wrqm/s  %wrqm w_await wareq-sz     d/s     dkB/s   drqm/s  %drqm d_await dareq-sz     f/s f_await  aqu-sz  %util
nvme0n1          0.00      0.00     0.00   0.00    0.00     0.00 4395.00  56816.00     0.00   0.00    0.27    12.93    0.00      0.00     0.00   0.00    0.00     0.00  337.00    1.91    1.83  96.40


avg-cpu:  %user   %nice %system %iowait  %steal   %idle
           0.12    0.00    0.56    5.94    0.00   93.38

Device            r/s     rkB/s   rrqm/s  %rrqm r_await rareq-sz     w/s     wkB/s   wrqm/s  %wrqm w_await wareq-sz     d/s     dkB/s   drqm/s  %drqm d_await dareq-sz     f/s f_await  aqu-sz  %util
nvme0n1          0.00      0.00     0.00   0.00    0.00     0.00 5268.00  70688.00     0.00   0.00    1.09    13.42    0.00      0.00     0.00   0.00    0.00     0.00  340.00    1.87    6.37  96.20


avg-cpu:  %user   %nice %system %iowait  %steal   %idle
           0.19    0.00    0.49    5.94    0.00   93.38

Device            r/s     rkB/s   rrqm/s  %rrqm r_await rareq-sz     w/s     wkB/s   wrqm/s  %wrqm w_await wareq-sz     d/s     dkB/s   drqm/s  %drqm d_await dareq-sz     f/s f_await  aqu-sz  %util
nvme0n1          0.00      0.00     0.00   0.00    0.00     0.00 4283.00  55368.00     0.00   0.00    0.27    12.93    0.00      0.00     0.00   0.00    0.00     0.00  329.00    1.98    1.83  97.20


avg-cpu:  %user   %nice %system %iowait  %steal   %idle
           0.12    0.00    0.50    5.89    0.00   93.49

Device            r/s     rkB/s   rrqm/s  %rrqm r_await rareq-sz     w/s     wkB/s   wrqm/s  %wrqm w_await wareq-sz     d/s     dkB/s   drqm/s  %drqm d_await dareq-sz     f/s f_await  aqu-sz  %util
nvme0n1          0.00      0.00     0.00   0.00    0.00     0.00 4333.00  56008.00     0.00   0.00    0.27    12.93    0.00      0.00     0.00   0.00    0.00     0.00  333.00    1.95    1.81  97.00


avg-cpu:  %user   %nice %system %iowait  %steal   %idle
           0.25    0.00    0.43    5.88    0.00   93.44

Device            r/s     rkB/s   rrqm/s  %rrqm r_await rareq-sz     w/s     wkB/s   wrqm/s  %wrqm w_await wareq-sz     d/s     dkB/s   drqm/s  %drqm d_await dareq-sz     f/s f_await  aqu-sz  %util
nvme0n1          0.00      0.00     0.00   0.00    0.00     0.00 4330.00  55960.00     0.00   0.00    0.27    12.92    0.00      0.00     0.00   0.00    0.00     0.00  333.00    1.95    1.83  96.80


avg-cpu:  %user   %nice %system %iowait  %steal   %idle
           0.19    0.00    0.49    5.87    0.00   93.45

Device            r/s     rkB/s   rrqm/s  %rrqm r_await rareq-sz     w/s     wkB/s   wrqm/s  %wrqm w_await wareq-sz     d/s     dkB/s   drqm/s  %drqm d_await dareq-sz     f/s f_await  aqu-sz  %util
nvme0n1          0.00      0.00     0.00   0.00    0.00     0.00 4354.00  56344.00     0.00   0.00    0.27    12.94    0.00      0.00     0.00   0.00    0.00     0.00  333.00    1.94    1.83  96.70


avg-cpu:  %user   %nice %system %iowait  %steal   %idle
           0.12    0.00    0.50    5.89    0.00   93.49

Device            r/s     rkB/s   rrqm/s  %rrqm r_await rareq-sz     w/s     wkB/s   wrqm/s  %wrqm w_await wareq-sz     d/s     dkB/s   drqm/s  %drqm d_await dareq-sz     f/s f_await  aqu-sz  %util
nvme0n1          0.00      0.00     0.00   0.00    0.00     0.00 4303.00  55608.00     0.00   0.00    0.27    12.92    0.00      0.00     0.00   0.00    0.00     0.00  331.00    1.97    1.83  96.70


avg-cpu:  %user   %nice %system %iowait  %steal   %idle
           0.12    0.00    0.43    5.95    0.00   93.49

Device            r/s     rkB/s   rrqm/s  %rrqm r_await rareq-sz     w/s     wkB/s   wrqm/s  %wrqm w_await wareq-sz     d/s     dkB/s   drqm/s  %drqm d_await dareq-sz     f/s f_await  aqu-sz  %util
nvme0n1          0.00      0.00     0.00   0.00    0.00     0.00 4281.00  55360.00     0.00   0.00    0.27    12.93    0.00      0.00     0.00   0.00    0.00     0.00  329.00    1.99    1.83  97.00


avg-cpu:  %user   %nice %system %iowait  %steal   %idle
           0.25    0.00    0.43    5.89    0.00   93.42

Device            r/s     rkB/s   rrqm/s  %rrqm r_await rareq-sz     w/s     wkB/s   wrqm/s  %wrqm w_await wareq-sz     d/s     dkB/s   drqm/s  %drqm d_await dareq-sz     f/s f_await  aqu-sz  %util
nvme0n1          0.00      0.00     0.00   0.00    0.00     0.00 4441.00  57552.00     0.00   0.00    0.27    12.96    0.00      0.00     0.00   0.00    0.00     0.00  337.00    1.91    1.83  96.50


avg-cpu:  %user   %nice %system %iowait  %steal   %idle
           0.25    0.00    0.50    5.89    0.00   93.37

Device            r/s     rkB/s   rrqm/s  %rrqm r_await rareq-sz     w/s     wkB/s   wrqm/s  %wrqm w_await wareq-sz     d/s     dkB/s   drqm/s  %drqm d_await dareq-sz     f/s f_await  aqu-sz  %util
nvme0n1          0.00      0.00     0.00   0.00    0.00     0.00 4168.00  53888.00     0.00   0.00    0.28    12.93    0.00      0.00     0.00   0.00    0.00     0.00  320.00    2.05    1.84  96.30


avg-cpu:  %user   %nice %system %iowait  %steal   %idle
           0.06    0.00    0.50    5.95    0.00   93.49

Device            r/s     rkB/s   rrqm/s  %rrqm r_await rareq-sz     w/s     wkB/s   wrqm/s  %wrqm w_await wareq-sz     d/s     dkB/s   drqm/s  %drqm d_await dareq-sz     f/s f_await  aqu-sz  %util
nvme0n1          0.00      0.00     0.00   0.00    0.00     0.00 4315.00  55728.00     0.00   0.00    0.27    12.91    0.00      0.00     0.00   0.00    0.00     0.00  331.00    1.98    1.84  96.80


avg-cpu:  %user   %nice %system %iowait  %steal   %idle
           0.19    0.00    0.37    5.95    0.00   93.49

Device            r/s     rkB/s   rrqm/s  %rrqm r_await rareq-sz     w/s     wkB/s   wrqm/s  %wrqm w_await wareq-sz     d/s     dkB/s   drqm/s  %drqm d_await dareq-sz     f/s f_await  aqu-sz  %util
nvme0n1          0.00      0.00     0.00   0.00    0.00     0.00 4298.00  55552.00     0.00   0.00    0.28    12.93    0.00      0.00     0.00   0.00    0.00     0.00  330.00    1.98    1.84  96.60


avg-cpu:  %user   %nice %system %iowait  %steal   %idle
           0.19    0.00    0.49    5.87    0.00   93.45

Device            r/s     rkB/s   rrqm/s  %rrqm r_await rareq-sz     w/s     wkB/s   wrqm/s  %wrqm w_await wareq-sz     d/s     dkB/s   drqm/s  %drqm d_await dareq-sz     f/s f_await  aqu-sz  %util
nvme0n1          0.00      0.00     0.00   0.00    0.00     0.00 4154.00  53688.00     0.00   0.00    0.28    12.92    0.00      0.00     0.00   0.00    0.00     0.00  320.00    2.08    1.83  96.90


avg-cpu:  %user   %nice %system %iowait  %steal   %idle
           0.25    0.00    0.37    5.94    0.00   93.44

Device            r/s     rkB/s   rrqm/s  %rrqm r_await rareq-sz     w/s     wkB/s   wrqm/s  %wrqm w_await wareq-sz     d/s     dkB/s   drqm/s  %drqm d_await dareq-sz     f/s f_await  aqu-sz  %util
nvme0n1          0.00      0.00     0.00   0.00    0.00     0.00 4276.00  55352.00     0.00   0.00    0.28    12.94    0.00      0.00     0.00   0.00    0.00     0.00  326.00    2.00    1.83  96.80


avg-cpu:  %user   %nice %system %iowait  %steal   %idle
           0.19    0.00    0.62    5.80    0.00   93.40

Device            r/s     rkB/s   rrqm/s  %rrqm r_await rareq-sz     w/s     wkB/s   wrqm/s  %wrqm w_await wareq-sz     d/s     dkB/s   drqm/s  %drqm d_await dareq-sz     f/s f_await  aqu-sz  %util
nvme0n1          0.00      0.00     0.00   0.00    0.00     0.00 4240.00  54824.00     0.00   0.00    0.28    12.93    0.00      0.00     0.00   0.00    0.00     0.00  326.00    2.00    1.82  96.30


avg-cpu:  %user   %nice %system %iowait  %steal   %idle
           0.19    0.00    0.74    5.81    0.00   93.26

Device            r/s     rkB/s   rrqm/s  %rrqm r_await rareq-sz     w/s     wkB/s   wrqm/s  %wrqm w_await wareq-sz     d/s     dkB/s   drqm/s  %drqm d_await dareq-sz     f/s f_await  aqu-sz  %util
nvme0n1          2.00     32.00     0.00   0.00    1.00    16.00 6358.00  88452.00     0.00   0.00    2.97    13.91    0.00      0.00     0.00   0.00    0.00     0.00  331.00    1.91   19.51  96.00


avg-cpu:  %user   %nice %system %iowait  %steal   %idle
           0.12    0.00    0.49    5.87    0.00   93.51

Device            r/s     rkB/s   rrqm/s  %rrqm r_await rareq-sz     w/s     wkB/s   wrqm/s  %wrqm w_await wareq-sz     d/s     dkB/s   drqm/s  %drqm d_await dareq-sz     f/s f_await  aqu-sz  %util
nvme0n1          0.00      0.00     0.00   0.00    0.00     0.00 2763.00  30728.00     0.00   0.00    0.36    11.12    0.00      0.00     0.00   0.00    0.00     0.00  337.00    1.91    1.65  95.50


avg-cpu:  %user   %nice %system %iowait  %steal   %idle
           0.25    0.00    0.49    5.74    0.00   93.51

Device            r/s     rkB/s   rrqm/s  %rrqm r_await rareq-sz     w/s     wkB/s   wrqm/s  %wrqm w_await wareq-sz     d/s     dkB/s   drqm/s  %drqm d_await dareq-sz     f/s f_await  aqu-sz  %util
nvme0n1          0.00      0.00     0.00   0.00    0.00     0.00 3348.00  40288.00     0.00   0.00    0.32    12.03    0.00      0.00     0.00   0.00    0.00     0.00  332.00    1.92    1.69  95.60


avg-cpu:  %user   %nice %system %iowait  %steal   %idle
           0.87    0.25    0.75    2.11    0.00   96.02

Device            r/s     rkB/s   rrqm/s  %rrqm r_await rareq-sz     w/s     wkB/s   wrqm/s  %wrqm w_await wareq-sz     d/s     dkB/s   drqm/s  %drqm d_await dareq-sz     f/s f_await  aqu-sz  %util
nvme0n1          0.00      0.00     0.00   0.00    0.00     0.00 1267.00  15448.00     0.00   0.00    0.30    12.19    0.00      0.00     0.00   0.00    0.00     0.00  117.00    1.92    0.61  34.20


avg-cpu:  %user   %nice %system %iowait  %steal   %idle
           0.12    0.00    0.50    5.88    0.00   93.50

Device            r/s     rkB/s   rrqm/s  %rrqm r_await rareq-sz     w/s     wkB/s   wrqm/s  %wrqm w_await wareq-sz     d/s     dkB/s   drqm/s  %drqm d_await dareq-sz     f/s f_await  aqu-sz  %util
nvme0n1          0.00      0.00     0.00   0.00    0.00     0.00 3694.00  45768.00     0.00   0.00    0.30    12.39    0.00      0.00     0.00   0.00    0.00     0.00  334.00    1.93    1.74  97.10


avg-cpu:  %user   %nice %system %iowait  %steal   %idle
           0.25    0.00    0.37    6.00    0.00   93.39

Device            r/s     rkB/s   rrqm/s  %rrqm r_await rareq-sz     w/s     wkB/s   wrqm/s  %wrqm w_await wareq-sz     d/s     dkB/s   drqm/s  %drqm d_await dareq-sz     f/s f_await  aqu-sz  %util
nvme0n1          0.00      0.00     0.00   0.00    0.00     0.00 3737.00  46448.00     0.00   0.00    0.30    12.43    0.00      0.00     0.00   0.00    0.00     0.00  333.00    1.92    1.74  97.40


avg-cpu:  %user   %nice %system %iowait  %steal   %idle
           0.19    0.00    0.68    5.81    0.00   93.32

Device            r/s     rkB/s   rrqm/s  %rrqm r_await rareq-sz     w/s     wkB/s   wrqm/s  %wrqm w_await wareq-sz     d/s     dkB/s   drqm/s  %drqm d_await dareq-sz     f/s f_await  aqu-sz  %util
nvme0n1          0.00      0.00     0.00   0.00    0.00     0.00 4333.00  56008.00     0.00   0.00    0.27    12.93    0.00      0.00     0.00   0.00    0.00     0.00  333.00    1.96    1.82  96.40


avg-cpu:  %user   %nice %system %iowait  %steal   %idle
           0.12    0.00    0.50    5.95    0.00   93.43

Device            r/s     rkB/s   rrqm/s  %rrqm r_await rareq-sz     w/s     wkB/s   wrqm/s  %wrqm w_await wareq-sz     d/s     dkB/s   drqm/s  %drqm d_await dareq-sz     f/s f_await  aqu-sz  %util
nvme0n1          0.00      0.00     0.00   0.00    0.00     0.00 4264.00  55156.00     0.00   0.00    0.27    12.94    0.00      0.00     0.00   0.00    0.00     0.00  327.00    2.02    1.83  97.50


avg-cpu:  %user   %nice %system %iowait  %steal   %idle
           0.19    0.00    0.43    5.89    0.00   93.49

Device            r/s     rkB/s   rrqm/s  %rrqm r_await rareq-sz     w/s     wkB/s   wrqm/s  %wrqm w_await wareq-sz     d/s     dkB/s   drqm/s  %drqm d_await dareq-sz     f/s f_await  aqu-sz  %util
nvme0n1          0.00      0.00     0.00   0.00    0.00     0.00 4239.00  54796.00     0.00   0.00    0.27    12.93    0.00      0.00     0.00   0.00    0.00     0.00  326.00    2.00    1.82  96.80


avg-cpu:  %user   %nice %system %iowait  %steal   %idle
           0.19    0.00    0.56    5.88    0.00   93.37

Device            r/s     rkB/s   rrqm/s  %rrqm r_await rareq-sz     w/s     wkB/s   wrqm/s  %wrqm w_await wareq-sz     d/s     dkB/s   drqm/s  %drqm d_await dareq-sz     f/s f_await  aqu-sz  %util
nvme0n1          0.00      0.00     0.00   0.00    0.00     0.00 4343.00  56144.00     0.00   0.00    0.27    12.93    0.00      0.00     0.00   0.00    0.00     0.00  333.00    1.96    1.83  96.50


avg-cpu:  %user   %nice %system %iowait  %steal   %idle
           0.19    0.00    0.43    5.83    0.00   93.55

Device            r/s     rkB/s   rrqm/s  %rrqm r_await rareq-sz     w/s     wkB/s   wrqm/s  %wrqm w_await wareq-sz     d/s     dkB/s   drqm/s  %drqm d_await dareq-sz     f/s f_await  aqu-sz  %util
nvme0n1          0.00      0.00     0.00   0.00    0.00     0.00 4301.00  55656.00     0.00   0.00    0.27    12.94    0.00      0.00     0.00   0.00    0.00     0.00  329.00    1.98    1.83  96.90


avg-cpu:  %user   %nice %system %iowait  %steal   %idle
           0.19    0.00    0.62    5.95    0.00   93.25

Device            r/s     rkB/s   rrqm/s  %rrqm r_await rareq-sz     w/s     wkB/s   wrqm/s  %wrqm w_await wareq-sz     d/s     dkB/s   drqm/s  %drqm d_await dareq-sz     f/s f_await  aqu-sz  %util
nvme0n1          0.00      0.00     0.00   0.00    0.00     0.00 4250.00  54960.00     0.00   0.00    0.28    12.93    0.00      0.00     0.00   0.00    0.00     0.00  326.00    2.01    1.83  96.80


avg-cpu:  %user   %nice %system %iowait  %steal   %idle
           0.25    0.00    0.37    5.83    0.00   93.55

Device            r/s     rkB/s   rrqm/s  %rrqm r_await rareq-sz     w/s     wkB/s   wrqm/s  %wrqm w_await wareq-sz     d/s     dkB/s   drqm/s  %drqm d_await dareq-sz     f/s f_await  aqu-sz  %util
nvme0n1          0.00      0.00     0.00   0.00    0.00     0.00 4369.00  56528.00     0.00   0.00    0.27    12.94    0.00      0.00     0.00   0.00    0.00     0.00  335.00    1.94    1.83  96.90


avg-cpu:  %user   %nice %system %iowait  %steal   %idle
           0.25    0.00    0.62    5.88    0.00   93.26

Device            r/s     rkB/s   rrqm/s  %rrqm r_await rareq-sz     w/s     wkB/s   wrqm/s  %wrqm w_await wareq-sz     d/s     dkB/s   drqm/s  %drqm d_await dareq-sz     f/s f_await  aqu-sz  %util
nvme0n1          0.00      0.00     0.00   0.00    0.00     0.00 4342.00  56112.00     0.00   0.00    0.27    12.92    0.00      0.00     0.00   0.00    0.00     0.00  334.00    1.93    1.82  96.80


avg-cpu:  %user   %nice %system %iowait  %steal   %idle
           0.19    0.00    0.31    5.90    0.00   93.61

Device            r/s     rkB/s   rrqm/s  %rrqm r_await rareq-sz     w/s     wkB/s   wrqm/s  %wrqm w_await wareq-sz     d/s     dkB/s   drqm/s  %drqm d_await dareq-sz     f/s f_await  aqu-sz  %util
nvme0n1          0.00      0.00     0.00   0.00    0.00     0.00 4307.00  55728.00     0.00   0.00    0.27    12.94    0.00      0.00     0.00   0.00    0.00     0.00  329.00    1.98    1.83  96.70


avg-cpu:  %user   %nice %system %iowait  %steal   %idle
           0.25    0.00    0.49    5.88    0.00   93.38

Device            r/s     rkB/s   rrqm/s  %rrqm r_await rareq-sz     w/s     wkB/s   wrqm/s  %wrqm w_await wareq-sz     d/s     dkB/s   drqm/s  %drqm d_await dareq-sz     f/s f_await  aqu-sz  %util
nvme0n1          0.00      0.00     0.00   0.00    0.00     0.00 4218.00  54528.00     0.00   0.00    0.28    12.93    0.00      0.00     0.00   0.00    0.00     0.00  324.00    2.03    1.83  96.50


avg-cpu:  %user   %nice %system %iowait  %steal   %idle
           0.12    0.00    0.43    5.95    0.00   93.49

Device            r/s     rkB/s   rrqm/s  %rrqm r_await rareq-sz     w/s     wkB/s   wrqm/s  %wrqm w_await wareq-sz     d/s     dkB/s   drqm/s  %drqm d_await dareq-sz     f/s f_await  aqu-sz  %util
nvme0n1          0.00      0.00     0.00   0.00    0.00     0.00 4296.00  55536.00     0.00   0.00    0.27    12.93    0.00      0.00     0.00   0.00    0.00     0.00  330.00    1.98    1.83  97.90


avg-cpu:  %user   %nice %system %iowait  %steal   %idle
           0.19    0.00    0.50    5.88    0.00   93.44

Device            r/s     rkB/s   rrqm/s  %rrqm r_await rareq-sz     w/s     wkB/s   wrqm/s  %wrqm w_await wareq-sz     d/s     dkB/s   drqm/s  %drqm d_await dareq-sz     f/s f_await  aqu-sz  %util
nvme0n1          0.00      0.00     0.00   0.00    0.00     0.00 5144.00  69424.00     0.00   0.00    0.89    13.50    0.00      0.00     0.00   0.00    0.00     0.00  322.00    2.04    5.25  96.50


avg-cpu:  %user   %nice %system %iowait  %steal   %idle
           0.19    0.00    0.43    5.93    0.00   93.45

Device            r/s     rkB/s   rrqm/s  %rrqm r_await rareq-sz     w/s     wkB/s   wrqm/s  %wrqm w_await wareq-sz     d/s     dkB/s   drqm/s  %drqm d_await dareq-sz     f/s f_await  aqu-sz  %util
nvme0n1          0.00      0.00     0.00   0.00    0.00     0.00 4277.00  55272.00     0.00   0.00    0.27    12.92    0.00      0.00     0.00   0.00    0.00     0.00  329.00    1.99    1.83  97.10


avg-cpu:  %user   %nice %system %iowait  %steal   %idle
           0.19    0.00    0.56    5.82    0.00   93.44

Device            r/s     rkB/s   rrqm/s  %rrqm r_await rareq-sz     w/s     wkB/s   wrqm/s  %wrqm w_await wareq-sz     d/s     dkB/s   drqm/s  %drqm d_await dareq-sz     f/s f_await  aqu-sz  %util
nvme0n1          0.00      0.00     0.00   0.00    0.00     0.00 4218.00  54528.00     0.00   0.00    0.28    12.93    0.00      0.00     0.00   0.00    0.00     0.00  324.00    2.04    1.83  96.70


avg-cpu:  %user   %nice %system %iowait  %steal   %idle
           0.19    0.00    0.50    5.89    0.00   93.42

Device            r/s     rkB/s   rrqm/s  %rrqm r_await rareq-sz     w/s     wkB/s   wrqm/s  %wrqm w_await wareq-sz     d/s     dkB/s   drqm/s  %drqm d_await dareq-sz     f/s f_await  aqu-sz  %util
nvme0n1          0.00      0.00     0.00   0.00    0.00     0.00 4360.00  56344.00     0.00   0.00    0.27    12.92    0.00      0.00     0.00   0.00    0.00     0.00  336.00    1.91    1.82  96.90


avg-cpu:  %user   %nice %system %iowait  %steal   %idle
           0.19    0.00    0.50    5.76    0.00   93.56

Device            r/s     rkB/s   rrqm/s  %rrqm r_await rareq-sz     w/s     wkB/s   wrqm/s  %wrqm w_await wareq-sz     d/s     dkB/s   drqm/s  %drqm d_await dareq-sz     f/s f_await  aqu-sz  %util
nvme0n1          0.00      0.00     0.00   0.00    0.00     0.00 4323.00  55928.00     0.00   0.00    0.27    12.94    0.00      0.00     0.00   0.00    0.00     0.00  331.00    1.96    1.83  95.00


avg-cpu:  %user   %nice %system %iowait  %steal   %idle
           0.25    0.00    0.43    5.95    0.00   93.37

Device            r/s     rkB/s   rrqm/s  %rrqm r_await rareq-sz     w/s     wkB/s   wrqm/s  %wrqm w_await wareq-sz     d/s     dkB/s   drqm/s  %drqm d_await dareq-sz     f/s f_await  aqu-sz  %util
nvme0n1          0.00      0.00     0.00   0.00    0.00     0.00 4337.00  56128.00     0.00   0.00    0.27    12.94    0.00      0.00     0.00   0.00    0.00     0.00  331.00    1.96    1.82  97.60


avg-cpu:  %user   %nice %system %iowait  %steal   %idle
           0.12    0.00    0.50    5.90    0.00   93.48

Device            r/s     rkB/s   rrqm/s  %rrqm r_await rareq-sz     w/s     wkB/s   wrqm/s  %wrqm w_await wareq-sz     d/s     dkB/s   drqm/s  %drqm d_await dareq-sz     f/s f_await  aqu-sz  %util
nvme0n1          0.00      0.00     0.00   0.00    0.00     0.00 4292.00  55552.00     0.00   0.00    0.27    12.94    0.00      0.00     0.00   0.00    0.00     0.00  328.00    1.99    1.83  96.30


avg-cpu:  %user   %nice %system %iowait  %steal   %idle
           0.25    0.00    0.56    5.88    0.00   93.31

Device            r/s     rkB/s   rrqm/s  %rrqm r_await rareq-sz     w/s     wkB/s   wrqm/s  %wrqm w_await wareq-sz     d/s     dkB/s   drqm/s  %drqm d_await dareq-sz     f/s f_await  aqu-sz  %util
nvme0n1          0.00      0.00     0.00   0.00    0.00     0.00 4282.00  55336.00     0.00   0.00    0.27    12.92    0.00      0.00     0.00   0.00    0.00     0.00  330.00    1.97    1.82  96.30


avg-cpu:  %user   %nice %system %iowait  %steal   %idle
           0.19    0.06    0.37    5.89    0.00   93.49

Device            r/s     rkB/s   rrqm/s  %rrqm r_await rareq-sz     w/s     wkB/s   wrqm/s  %wrqm w_await wareq-sz     d/s     dkB/s   drqm/s  %drqm d_await dareq-sz     f/s f_await  aqu-sz  %util
nvme0n1          0.00      0.00     0.00   0.00    0.00     0.00 4291.00  55472.00     0.00   0.00    0.27    12.93    0.00      0.00     0.00   0.00    0.00     0.00  329.00    1.95    1.81  97.30


avg-cpu:  %user   %nice %system %iowait  %steal   %idle
           0.12    0.00    0.68    5.81    0.00   93.38

Device            r/s     rkB/s   rrqm/s  %rrqm r_await rareq-sz     w/s     wkB/s   wrqm/s  %wrqm w_await wareq-sz     d/s     dkB/s   drqm/s  %drqm d_await dareq-sz     f/s f_await  aqu-sz  %util
nvme0n1          0.00      0.00     0.00   0.00    0.00     0.00 4296.00  55396.00     0.00   0.00    0.28    12.89    0.00      0.00     0.00   0.00    0.00     0.00  329.00    1.99    1.85  96.70


avg-cpu:  %user   %nice %system %iowait  %steal   %idle
           0.19    0.00    0.37    5.94    0.00   93.50

Device            r/s     rkB/s   rrqm/s  %rrqm r_await rareq-sz     w/s     wkB/s   wrqm/s  %wrqm w_await wareq-sz     d/s     dkB/s   drqm/s  %drqm d_await dareq-sz     f/s f_await  aqu-sz  %util
nvme0n1          0.00      0.00     0.00   0.00    0.00     0.00 4359.00  56344.00     0.00   0.00    0.27    12.93    0.00      0.00     0.00   0.00    0.00     0.00  335.00    1.93    1.82  97.40


avg-cpu:  %user   %nice %system %iowait  %steal   %idle
           0.12    0.00    0.37    5.94    0.00   93.57

Device            r/s     rkB/s   rrqm/s  %rrqm r_await rareq-sz     w/s     wkB/s   wrqm/s  %wrqm w_await wareq-sz     d/s     dkB/s   drqm/s  %drqm d_await dareq-sz     f/s f_await  aqu-sz  %util
nvme0n1          0.00      0.00     0.00   0.00    0.00     0.00 4328.00  55968.00     0.00   0.00    0.27    12.93    0.00      0.00     0.00   0.00    0.00     0.00  332.00    1.95    1.82  97.10


avg-cpu:  %user   %nice %system %iowait  %steal   %idle
           0.19    0.00    0.49    5.94    0.00   93.38

Device            r/s     rkB/s   rrqm/s  %rrqm r_await rareq-sz     w/s     wkB/s   wrqm/s  %wrqm w_await wareq-sz     d/s     dkB/s   drqm/s  %drqm d_await dareq-sz     f/s f_await  aqu-sz  %util
nvme0n1          0.00      0.00     0.00   0.00    0.00     0.00 4327.00  55992.00     0.00   0.00    0.27    12.94    0.00      0.00     0.00   0.00    0.00     0.00  331.00    1.97    1.82  97.20


avg-cpu:  %user   %nice %system %iowait  %steal   %idle
           0.12    0.00    0.87    5.84    0.00   93.17

Device            r/s     rkB/s   rrqm/s  %rrqm r_await rareq-sz     w/s     wkB/s   wrqm/s  %wrqm w_await wareq-sz     d/s     dkB/s   drqm/s  %drqm d_await dareq-sz     f/s f_await  aqu-sz  %util
nvme0n1          0.00      0.00     0.00   0.00    0.00     0.00 6584.00  91932.00     0.00   0.00    3.02    13.96    0.00      0.00     0.00   0.00    0.00     0.00  335.00    1.87   20.53  96.80


avg-cpu:  %user   %nice %system %iowait  %steal   %idle
           0.19    0.00    0.37    5.95    0.00   93.49

Device            r/s     rkB/s   rrqm/s  %rrqm r_await rareq-sz     w/s     wkB/s   wrqm/s  %wrqm w_await wareq-sz     d/s     dkB/s   drqm/s  %drqm d_await dareq-sz     f/s f_await  aqu-sz  %util
nvme0n1          0.00      0.00     0.00   0.00    0.00     0.00 2696.00  29348.00     0.00   0.00    0.37    10.89    0.00      0.00     0.00   0.00    0.00     0.00  345.00    1.89    1.66  96.70


avg-cpu:  %user   %nice %system %iowait  %steal   %idle
           0.12    0.00    0.43    5.89    0.00   93.55

Device            r/s     rkB/s   rrqm/s  %rrqm r_await rareq-sz     w/s     wkB/s   wrqm/s  %wrqm w_await wareq-sz     d/s     dkB/s   drqm/s  %drqm d_await dareq-sz     f/s f_await  aqu-sz  %util
nvme0n1          0.00      0.00     0.00   0.00    0.00     0.00 3440.00  41656.00     0.00   0.00    0.31    12.11    0.00      0.00     0.00   0.00    0.00     0.00  334.00    1.92    1.71  96.90


avg-cpu:  %user   %nice %system %iowait  %steal   %idle
           0.19    0.00    0.50    5.94    0.00   93.38

Device            r/s     rkB/s   rrqm/s  %rrqm r_await rareq-sz     w/s     wkB/s   wrqm/s  %wrqm w_await wareq-sz     d/s     dkB/s   drqm/s  %drqm d_await dareq-sz     f/s f_await  aqu-sz  %util
nvme0n1          0.00      0.00     0.00   0.00    0.00     0.00 3451.00  41816.00     0.00   0.00    0.31    12.12    0.00      0.00     0.00   0.00    0.00     0.00  335.00    1.92    1.72  96.50


avg-cpu:  %user   %nice %system %iowait  %steal   %idle
           0.12    0.00    0.37    6.02    0.00   93.49

Device            r/s     rkB/s   rrqm/s  %rrqm r_await rareq-sz     w/s     wkB/s   wrqm/s  %wrqm w_await wareq-sz     d/s     dkB/s   drqm/s  %drqm d_await dareq-sz     f/s f_await  aqu-sz  %util
nvme0n1          0.00      0.00     0.00   0.00    0.00     0.00 4264.00  53860.00     1.00   0.02    0.30    12.63    0.00      0.00     0.00   0.00    0.00     0.00  325.00    2.02    1.92  97.50


avg-cpu:  %user   %nice %system %iowait  %steal   %idle
           0.19    0.00    0.50    5.88    0.00   93.44

Device            r/s     rkB/s   rrqm/s  %rrqm r_await rareq-sz     w/s     wkB/s   wrqm/s  %wrqm w_await wareq-sz     d/s     dkB/s   drqm/s  %drqm d_await dareq-sz     f/s f_await  aqu-sz  %util
nvme0n1          0.00      0.00     0.00   0.00    0.00     0.00 4331.00  55976.00     0.00   0.00    0.27    12.92    0.00      0.00     0.00   0.00    0.00     0.00  333.00    1.97    1.82  97.40


avg-cpu:  %user   %nice %system %iowait  %steal   %idle
           0.12    0.00    0.50    5.96    0.00   93.42

Device            r/s     rkB/s   rrqm/s  %rrqm r_await rareq-sz     w/s     wkB/s   wrqm/s  %wrqm w_await wareq-sz     d/s     dkB/s   drqm/s  %drqm d_await dareq-sz     f/s f_await  aqu-sz  %util
nvme0n1          0.00      0.00     0.00   0.00    0.00     0.00 4302.00  55604.00     0.00   0.00    0.27    12.93    0.00      0.00     0.00   0.00    0.00     0.00  331.00    1.98    1.83  97.60


avg-cpu:  %user   %nice %system %iowait  %steal   %idle
           0.19    0.00    0.50    5.83    0.00   93.49

Device            r/s     rkB/s   rrqm/s  %rrqm r_await rareq-sz     w/s     wkB/s   wrqm/s  %wrqm w_await wareq-sz     d/s     dkB/s   drqm/s  %drqm d_await dareq-sz     f/s f_await  aqu-sz  %util
nvme0n1          0.00      0.00     0.00   0.00    0.00     0.00 4318.00  55808.00     0.00   0.00    0.27    12.92    0.00      0.00     0.00   0.00    0.00     0.00  332.00    1.96    1.83  96.60


avg-cpu:  %user   %nice %system %iowait  %steal   %idle
           0.19    0.00    0.49    5.87    0.00   93.45

Device            r/s     rkB/s   rrqm/s  %rrqm r_await rareq-sz     w/s     wkB/s   wrqm/s  %wrqm w_await wareq-sz     d/s     dkB/s   drqm/s  %drqm d_await dareq-sz     f/s f_await  aqu-sz  %util
nvme0n1          0.00      0.00     0.00   0.00    0.00     0.00 4373.00  56624.00     0.00   0.00    0.27    12.95    0.00      0.00     0.00   0.00    0.00     0.00  333.00    1.95    1.83  96.40


avg-cpu:  %user   %nice %system %iowait  %steal   %idle
           0.19    0.00    0.43    5.88    0.00   93.51

Device            r/s     rkB/s   rrqm/s  %rrqm r_await rareq-sz     w/s     wkB/s   wrqm/s  %wrqm w_await wareq-sz     d/s     dkB/s   drqm/s  %drqm d_await dareq-sz     f/s f_await  aqu-sz  %util
nvme0n1          0.00      0.00     0.00   0.00    0.00     0.00 4358.00  56312.00     0.00   0.00    0.27    12.92    0.00      0.00     0.00   0.00    0.00     0.00  336.00    1.93    1.82  96.60


avg-cpu:  %user   %nice %system %iowait  %steal   %idle
           0.25    0.00    0.56    5.87    0.00   93.33

Device            r/s     rkB/s   rrqm/s  %rrqm r_await rareq-sz     w/s     wkB/s   wrqm/s  %wrqm w_await wareq-sz     d/s     dkB/s   drqm/s  %drqm d_await dareq-sz     f/s f_await  aqu-sz  %util
nvme0n1          0.00      0.00     0.00   0.00    0.00     0.00 4371.00  56512.00     0.00   0.00    0.27    12.93    0.00      0.00     0.00   0.00    0.00     0.00  335.00    1.93    1.82  96.90


avg-cpu:  %user   %nice %system %iowait  %steal   %idle
           0.25    0.00    0.37    5.83    0.00   93.55

Device            r/s     rkB/s   rrqm/s  %rrqm r_await rareq-sz     w/s     wkB/s   wrqm/s  %wrqm w_await wareq-sz     d/s     dkB/s   drqm/s  %drqm d_await dareq-sz     f/s f_await  aqu-sz  %util
nvme0n1          0.00      0.00     0.00   0.00    0.00     0.00 4354.00  56304.00     0.00   0.00    0.27    12.93    0.00      0.00     0.00   0.00    0.00     0.00  334.00    1.95    1.83  95.90


avg-cpu:  %user   %nice %system %iowait  %steal   %idle
           0.19    0.00    0.62    5.82    0.00   93.37

Device            r/s     rkB/s   rrqm/s  %rrqm r_await rareq-sz     w/s     wkB/s   wrqm/s  %wrqm w_await wareq-sz     d/s     dkB/s   drqm/s  %drqm d_await dareq-sz     f/s f_await  aqu-sz  %util
nvme0n1          0.00      0.00     0.00   0.00    0.00     0.00 4283.00  55368.00     0.00   0.00    0.27    12.93    0.00      0.00     0.00   0.00    0.00     0.00  329.00    1.99    1.83  96.00


avg-cpu:  %user   %nice %system %iowait  %steal   %idle
           0.19    0.00    0.37    5.90    0.00   93.54

Device            r/s     rkB/s   rrqm/s  %rrqm r_await rareq-sz     w/s     wkB/s   wrqm/s  %wrqm w_await wareq-sz     d/s     dkB/s   drqm/s  %drqm d_await dareq-sz     f/s f_await  aqu-sz  %util
nvme0n1          0.00      0.00     0.00   0.00    0.00     0.00 4338.00  56208.00     0.00   0.00    0.27    12.96    0.00      0.00     0.00   0.00    0.00     0.00  330.00    1.97    1.83  96.90


avg-cpu:  %user   %nice %system %iowait  %steal   %idle
           0.19    0.00    0.56    5.88    0.00   93.38

Device            r/s     rkB/s   rrqm/s  %rrqm r_await rareq-sz     w/s     wkB/s   wrqm/s  %wrqm w_await wareq-sz     d/s     dkB/s   drqm/s  %drqm d_await dareq-sz     f/s f_await  aqu-sz  %util
nvme0n1          0.00      0.00     0.00   0.00    0.00     0.00 4281.00  55336.00     0.00   0.00    0.27    12.93    0.00      0.00     0.00   0.00    0.00     0.00  329.00    1.99    1.83  96.20


avg-cpu:  %user   %nice %system %iowait  %steal   %idle
           0.19    0.00    0.50    5.89    0.00   93.43

Device            r/s     rkB/s   rrqm/s  %rrqm r_await rareq-sz     w/s     wkB/s   wrqm/s  %wrqm w_await wareq-sz     d/s     dkB/s   drqm/s  %drqm d_await dareq-sz     f/s f_await  aqu-sz  %util
nvme0n1          0.00      0.00     0.00   0.00    0.00     0.00 4318.00  55808.00     0.00   0.00    0.27    12.92    0.00      0.00     0.00   0.00    0.00     0.00  332.00    1.95    1.83  97.10


avg-cpu:  %user   %nice %system %iowait  %steal   %idle
           0.19    0.00    0.43    5.94    0.00   93.44

Device            r/s     rkB/s   rrqm/s  %rrqm r_await rareq-sz     w/s     wkB/s   wrqm/s  %wrqm w_await wareq-sz     d/s     dkB/s   drqm/s  %drqm d_await dareq-sz     f/s f_await  aqu-sz  %util
nvme0n1          0.00      0.00     0.00   0.00    0.00     0.00 4328.00  55940.00     0.00   0.00    0.27    12.93    0.00      0.00     0.00   0.00    0.00     0.00  333.00    1.96    1.83  97.40


avg-cpu:  %user   %nice %system %iowait  %steal   %idle
           0.19    0.00    0.50    5.89    0.00   93.43

Device            r/s     rkB/s   rrqm/s  %rrqm r_await rareq-sz     w/s     wkB/s   wrqm/s  %wrqm w_await wareq-sz     d/s     dkB/s   drqm/s  %drqm d_await dareq-sz     f/s f_await  aqu-sz  %util
nvme0n1          0.00      0.00     0.00   0.00    0.00     0.00 5347.00  72204.00     0.00   0.00    0.94    13.50    0.00      0.00     0.00   0.00    0.00     0.00  334.00    1.92    5.69  96.40


avg-cpu:  %user   %nice %system %iowait  %steal   %idle
           0.19    0.00    0.43    5.94    0.00   93.44

Device            r/s     rkB/s   rrqm/s  %rrqm r_await rareq-sz     w/s     wkB/s   wrqm/s  %wrqm w_await wareq-sz     d/s     dkB/s   drqm/s  %drqm d_await dareq-sz     f/s f_await  aqu-sz  %util
nvme0n1          0.00      0.00     0.00   0.00    0.00     0.00 3955.00  50040.00     0.00   0.00    0.28    12.65    0.00      0.00     0.00   0.00    0.00     0.00  331.00    1.95    1.77  97.10


avg-cpu:  %user   %nice %system %iowait  %steal   %idle
           0.19    0.00    0.43    5.96    0.00   93.42

Device            r/s     rkB/s   rrqm/s  %rrqm r_await rareq-sz     w/s     wkB/s   wrqm/s  %wrqm w_await wareq-sz     d/s     dkB/s   drqm/s  %drqm d_await dareq-sz     f/s f_await  aqu-sz  %util
nvme0n1          0.00      0.00     0.00   0.00    0.00     0.00 3689.00  45624.00     0.00   0.00    0.29    12.37    0.00      0.00     0.00   0.00    0.00     0.00  335.00    1.92    1.73  96.50


avg-cpu:  %user   %nice %system %iowait  %steal   %idle
           0.19    0.00    0.43    5.89    0.00   93.49

Device            r/s     rkB/s   rrqm/s  %rrqm r_await rareq-sz     w/s     wkB/s   wrqm/s  %wrqm w_await wareq-sz     d/s     dkB/s   drqm/s  %drqm d_await dareq-sz     f/s f_await  aqu-sz  %util
nvme0n1          0.00      0.00     0.00   0.00    0.00     0.00 3697.00  45728.00     0.00   0.00    0.30    12.37    0.00      0.00     0.00   0.00    0.00     0.00  335.00    1.90    1.73  96.80


avg-cpu:  %user   %nice %system %iowait  %steal   %idle
           0.19    0.00    0.43    5.89    0.00   93.49

Device            r/s     rkB/s   rrqm/s  %rrqm r_await rareq-sz     w/s     wkB/s   wrqm/s  %wrqm w_await wareq-sz     d/s     dkB/s   drqm/s  %drqm d_await dareq-sz     f/s f_await  aqu-sz  %util
nvme0n1          0.00      0.00     0.00   0.00    0.00     0.00 3716.00  46016.00     0.00   0.00    0.30    12.38    0.00      0.00     0.00   0.00    0.00     0.00  336.00    1.91    1.74  96.80


avg-cpu:  %user   %nice %system %iowait  %steal   %idle
           0.19    0.00    0.37    5.96    0.00   93.49

Device            r/s     rkB/s   rrqm/s  %rrqm r_await rareq-sz     w/s     wkB/s   wrqm/s  %wrqm w_await wareq-sz     d/s     dkB/s   drqm/s  %drqm d_await dareq-sz     f/s f_await  aqu-sz  %util
nvme0n1          0.00      0.00     0.00   0.00    0.00     0.00 3814.00  47744.00     0.00   0.00    0.29    12.52    0.00      0.00     0.00   0.00    0.00     0.00  332.00    1.93    1.75  97.00


avg-cpu:  %user   %nice %system %iowait  %steal   %idle
           0.12    0.00    0.50    5.82    0.00   93.56

Device            r/s     rkB/s   rrqm/s  %rrqm r_await rareq-sz     w/s     wkB/s   wrqm/s  %wrqm w_await wareq-sz     d/s     dkB/s   drqm/s  %drqm d_await dareq-sz     f/s f_await  aqu-sz  %util
nvme0n1          0.00      0.00     0.00   0.00    0.00     0.00 4439.00  57408.00     0.00   0.00    0.27    12.93    0.00      0.00     0.00   0.00    0.00     0.00  341.00    1.89    1.82  96.40


avg-cpu:  %user   %nice %system %iowait  %steal   %idle
           0.19    0.00    0.56    5.93    0.00   93.33

Device            r/s     rkB/s   rrqm/s  %rrqm r_await rareq-sz     w/s     wkB/s   wrqm/s  %wrqm w_await wareq-sz     d/s     dkB/s   drqm/s  %drqm d_await dareq-sz     f/s f_await  aqu-sz  %util
nvme0n1          0.00      0.00     0.00   0.00    0.00     0.00 4367.00  56448.00     0.00   0.00    0.27    12.93    0.00      0.00     0.00   0.00    0.00     0.00  335.00    1.93    1.83  97.00


avg-cpu:  %user   %nice %system %iowait  %steal   %idle
           0.25    0.00    0.37    5.89    0.00   93.49

Device            r/s     rkB/s   rrqm/s  %rrqm r_await rareq-sz     w/s     wkB/s   wrqm/s  %wrqm w_await wareq-sz     d/s     dkB/s   drqm/s  %drqm d_await dareq-sz     f/s f_await  aqu-sz  %util
nvme0n1          0.00      0.00     0.00   0.00    0.00     0.00 4296.00  55536.00     0.00   0.00    0.27    12.93    0.00      0.00     0.00   0.00    0.00     0.00  330.00    1.98    1.83  96.50


avg-cpu:  %user   %nice %system %iowait  %steal   %idle
           0.19    0.00    0.50    5.89    0.00   93.43

Device            r/s     rkB/s   rrqm/s  %rrqm r_await rareq-sz     w/s     wkB/s   wrqm/s  %wrqm w_await wareq-sz     d/s     dkB/s   drqm/s  %drqm d_await dareq-sz     f/s f_await  aqu-sz  %util
nvme0n1          0.00      0.00     0.00   0.00    0.00     0.00 4292.00  55472.00     0.00   0.00    0.27    12.92    0.00      0.00     0.00   0.00    0.00     0.00  330.00    1.98    1.83  96.50


avg-cpu:  %user   %nice %system %iowait  %steal   %idle
           0.19    0.00    0.43    5.90    0.00   93.48

Device            r/s     rkB/s   rrqm/s  %rrqm r_await rareq-sz     w/s     wkB/s   wrqm/s  %wrqm w_await wareq-sz     d/s     dkB/s   drqm/s  %drqm d_await dareq-sz     f/s f_await  aqu-sz  %util
nvme0n1          0.00      0.00     0.00   0.00    0.00     0.00 4440.00  57416.00     0.00   0.00    0.27    12.93    0.00      0.00     0.00   0.00    0.00     0.00  340.00    1.88    1.82  96.50


avg-cpu:  %user   %nice %system %iowait  %steal   %idle
           0.19    0.00    0.62    5.88    0.00   93.32

Device            r/s     rkB/s   rrqm/s  %rrqm r_await rareq-sz     w/s     wkB/s   wrqm/s  %wrqm w_await wareq-sz     d/s     dkB/s   drqm/s  %drqm d_await dareq-sz     f/s f_await  aqu-sz  %util
nvme0n1          0.00      0.00     0.00   0.00    0.00     0.00 4341.00  56136.00     0.00   0.00    0.27    12.93    0.00      0.00     0.00   0.00    0.00     0.00  333.00    1.95    1.83  96.60


avg-cpu:  %user   %nice %system %iowait  %steal   %idle
           0.12    0.00    0.44    5.91    0.00   93.53

Device            r/s     rkB/s   rrqm/s  %rrqm r_await rareq-sz     w/s     wkB/s   wrqm/s  %wrqm w_await wareq-sz     d/s     dkB/s   drqm/s  %drqm d_await dareq-sz     f/s f_await  aqu-sz  %util
nvme0n1          0.00      0.00     0.00   0.00    0.00     0.00 4283.00  55380.00     0.00   0.00    0.28    12.93    0.00      0.00     0.00   0.00    0.00     0.00  327.00    1.99    1.84  96.80


avg-cpu:  %user   %nice %system %iowait  %steal   %idle
           0.12    0.00    0.87    5.83    0.00   93.17

Device            r/s     rkB/s   rrqm/s  %rrqm r_await rareq-sz     w/s     wkB/s   wrqm/s  %wrqm w_await wareq-sz     d/s     dkB/s   drqm/s  %drqm d_await dareq-sz     f/s f_await  aqu-sz  %util
nvme0n1          0.00      0.00     0.00   0.00    0.00     0.00 7288.00 103436.00     0.00   0.00    2.84    14.19    0.00      0.00     0.00   0.00    0.00     0.00  329.00    1.93   21.31  97.30


avg-cpu:  %user   %nice %system %iowait  %steal   %idle
           0.19    0.00    0.37    6.00    0.00   93.45

Device            r/s     rkB/s   rrqm/s  %rrqm r_await rareq-sz     w/s     wkB/s   wrqm/s  %wrqm w_await wareq-sz     d/s     dkB/s   drqm/s  %drqm d_await dareq-sz     f/s f_await  aqu-sz  %util
nvme0n1          0.00      0.00     0.00   0.00    0.00     0.00 2516.00  26256.00     0.00   0.00    0.40    10.44    0.00      0.00     0.00   0.00    0.00     0.00  350.00    1.88    1.65  96.60


avg-cpu:  %user   %nice %system %iowait  %steal   %idle
           0.19    0.00    0.43    6.00    0.00   93.39

Device            r/s     rkB/s   rrqm/s  %rrqm r_await rareq-sz     w/s     wkB/s   wrqm/s  %wrqm w_await wareq-sz     d/s     dkB/s   drqm/s  %drqm d_await dareq-sz     f/s f_await  aqu-sz  %util
nvme0n1          0.00      0.00     0.00   0.00    0.00     0.00 3448.00  41676.00     0.00   0.00    0.31    12.09    0.00      0.00     0.00   0.00    0.00     0.00  337.00    1.91    1.72  97.50


avg-cpu:  %user   %nice %system %iowait  %steal   %idle
           0.19    0.00    0.50    5.95    0.00   93.37

Device            r/s     rkB/s   rrqm/s  %rrqm r_await rareq-sz     w/s     wkB/s   wrqm/s  %wrqm w_await wareq-sz     d/s     dkB/s   drqm/s  %drqm d_await dareq-sz     f/s f_await  aqu-sz  %util
nvme0n1          0.00      0.00     0.00   0.00    0.00     0.00 3582.00  43896.00     0.00   0.00    0.30    12.25    0.00      0.00     0.00   0.00    0.00     0.00  336.00    1.91    1.73  97.10


avg-cpu:  %user   %nice %system %iowait  %steal   %idle
           0.25    0.00    0.37    5.89    0.00   93.49

Device            r/s     rkB/s   rrqm/s  %rrqm r_await rareq-sz     w/s     wkB/s   wrqm/s  %wrqm w_await wareq-sz     d/s     dkB/s   drqm/s  %drqm d_await dareq-sz     f/s f_await  aqu-sz  %util
nvme0n1          0.00      0.00     0.00   0.00    0.00     0.00 3939.00  49520.00     0.00   0.00    0.28    12.57    0.00      0.00     0.00   0.00    0.00     0.00  337.00    1.93    1.77  96.40


avg-cpu:  %user   %nice %system %iowait  %steal   %idle
           0.25    0.00    0.50    5.95    0.00   93.30

Device            r/s     rkB/s   rrqm/s  %rrqm r_await rareq-sz     w/s     wkB/s   wrqm/s  %wrqm w_await wareq-sz     d/s     dkB/s   drqm/s  %drqm d_await dareq-sz     f/s f_await  aqu-sz  %util
nvme0n1          0.00      0.00     0.00   0.00    0.00     0.00 4294.00  55504.00     0.00   0.00    0.27    12.93    0.00      0.00     0.00   0.00    0.00     0.00  330.00    1.98    1.81  97.40


avg-cpu:  %user   %nice %system %iowait  %steal   %idle
           0.19    0.00    0.43    5.83    0.00   93.55

Device            r/s     rkB/s   rrqm/s  %rrqm r_await rareq-sz     w/s     wkB/s   wrqm/s  %wrqm w_await wareq-sz     d/s     dkB/s   drqm/s  %drqm d_await dareq-sz     f/s f_await  aqu-sz  %util
nvme0n1          0.00      0.00     0.00   0.00    0.00     0.00 4390.00  56800.00     0.00   0.00    0.27    12.94    0.00      0.00     0.00   0.00    0.00     0.00  336.00    1.92    1.82  96.30


avg-cpu:  %user   %nice %system %iowait  %steal   %idle
           0.19    0.00    0.56    5.89    0.00   93.37

Device            r/s     rkB/s   rrqm/s  %rrqm r_await rareq-sz     w/s     wkB/s   wrqm/s  %wrqm w_await wareq-sz     d/s     dkB/s   drqm/s  %drqm d_await dareq-sz     f/s f_await  aqu-sz  %util
nvme0n1          0.00      0.00     0.00   0.00    0.00     0.00 4393.00  56808.00     0.00   0.00    0.27    12.93    0.00      0.00     0.00   0.00    0.00     0.00  337.00    1.91    1.82  97.20


avg-cpu:  %user   %nice %system %iowait  %steal   %idle
           0.19    0.00    0.50    5.88    0.00   93.44

Device            r/s     rkB/s   rrqm/s  %rrqm r_await rareq-sz     w/s     wkB/s   wrqm/s  %wrqm w_await wareq-sz     d/s     dkB/s   drqm/s  %drqm d_await dareq-sz     f/s f_await  aqu-sz  %util
nvme0n1          0.00      0.00     0.00   0.00    0.00     0.00 4385.00  56680.00     0.00   0.00    0.27    12.93    0.00      0.00     0.00   0.00    0.00     0.00  337.00    1.91    1.83  97.00


avg-cpu:  %user   %nice %system %iowait  %steal   %idle
           0.25    0.00    0.43    5.82    0.00   93.50

Device            r/s     rkB/s   rrqm/s  %rrqm r_await rareq-sz     w/s     wkB/s   wrqm/s  %wrqm w_await wareq-sz     d/s     dkB/s   drqm/s  %drqm d_await dareq-sz     f/s f_await  aqu-sz  %util
nvme0n1          0.00      0.00     0.00   0.00    0.00     0.00 4257.00  55032.00     0.00   0.00    0.27    12.93    0.00      0.00     0.00   0.00    0.00     0.00  327.00    1.98    1.81  96.10


avg-cpu:  %user   %nice %system %iowait  %steal   %idle
           0.12    0.00    0.56    5.81    0.00   93.51

Device            r/s     rkB/s   rrqm/s  %rrqm r_await rareq-sz     w/s     wkB/s   wrqm/s  %wrqm w_await wareq-sz     d/s     dkB/s   drqm/s  %drqm d_await dareq-sz     f/s f_await  aqu-sz  %util
nvme0n1          0.00      0.00     0.00   0.00    0.00     0.00 4332.00  55976.00     0.00   0.00    0.27    12.92    0.00      0.00     0.00   0.00    0.00     0.00  334.00    1.92    1.80  95.70


avg-cpu:  %user   %nice %system %iowait  %steal   %idle
           0.12    0.00    0.37    5.82    0.00   93.68

Device            r/s     rkB/s   rrqm/s  %rrqm r_await rareq-sz     w/s     wkB/s   wrqm/s  %wrqm w_await wareq-sz     d/s     dkB/s   drqm/s  %drqm d_await dareq-sz     f/s f_await  aqu-sz  %util
nvme0n1          0.00      0.00     0.00   0.00    0.00     0.00 4303.00  55664.00     0.00   0.00    0.27    12.94    0.00      0.00     0.00   0.00    0.00     0.00  329.00    1.94    1.80  96.00


avg-cpu:  %user   %nice %system %iowait  %steal   %idle
           0.19    0.00    0.49    5.74    0.00   93.58

Device            r/s     rkB/s   rrqm/s  %rrqm r_await rareq-sz     w/s     wkB/s   wrqm/s  %wrqm w_await wareq-sz     d/s     dkB/s   drqm/s  %drqm d_await dareq-sz     f/s f_await  aqu-sz  %util
nvme0n1          0.00      0.00     0.00   0.00    0.00     0.00 4289.00  55464.00     0.00   0.00    0.27    12.93    0.00      0.00     0.00   0.00    0.00     0.00  329.00    1.93    1.80  95.70


avg-cpu:  %user   %nice %system %iowait  %steal   %idle
           0.87    0.25    0.81    2.05    0.00   96.02

Device            r/s     rkB/s   rrqm/s  %rrqm r_await rareq-sz     w/s     wkB/s   wrqm/s  %wrqm w_await wareq-sz     d/s     dkB/s   drqm/s  %drqm d_await dareq-sz     f/s f_await  aqu-sz  %util
nvme0n1          0.00      0.00     0.00   0.00    0.00     0.00 1460.00  18576.00     0.00   0.00    0.28    12.72    0.00      0.00     0.00   0.00    0.00     0.00  116.00    1.94    0.63  33.60


avg-cpu:  %user   %nice %system %iowait  %steal   %idle
           0.19    0.00    0.62    5.83    0.00   93.37

Device            r/s     rkB/s   rrqm/s  %rrqm r_await rareq-sz     w/s     wkB/s   wrqm/s  %wrqm w_await wareq-sz     d/s     dkB/s   drqm/s  %drqm d_await dareq-sz     f/s f_await  aqu-sz  %util
nvme0n1          0.00      0.00     0.00   0.00    0.00     0.00 4407.00  57032.00     0.00   0.00    0.27    12.94    0.00      0.00     0.00   0.00    0.00     0.00  337.00    1.93    1.82  96.10


avg-cpu:  %user   %nice %system %iowait  %steal   %idle
           0.19    0.00    0.44    5.84    0.00   93.54

Device            r/s     rkB/s   rrqm/s  %rrqm r_await rareq-sz     w/s     wkB/s   wrqm/s  %wrqm w_await wareq-sz     d/s     dkB/s   drqm/s  %drqm d_await dareq-sz     f/s f_await  aqu-sz  %util
nvme0n1          0.00      0.00     0.00   0.00    0.00     0.00 4359.00  56344.00     0.00   0.00    0.27    12.93    0.00      0.00     0.00   0.00    0.00     0.00  335.00    1.93    1.81  96.70


avg-cpu:  %user   %nice %system %iowait  %steal   %idle
           0.25    0.00    0.62    5.82    0.00   93.31

Device            r/s     rkB/s   rrqm/s  %rrqm r_await rareq-sz     w/s     wkB/s   wrqm/s  %wrqm w_await wareq-sz     d/s     dkB/s   drqm/s  %drqm d_await dareq-sz     f/s f_await  aqu-sz  %util
nvme0n1          0.00      0.00     0.00   0.00    0.00     0.00 4320.00  55840.00     0.00   0.00    0.27    12.93    0.00      0.00     0.00   0.00    0.00     0.00  332.00    1.96    1.81  95.90


avg-cpu:  %user   %nice %system %iowait  %steal   %idle
           0.12    0.00    0.43    5.90    0.00   93.54

Device            r/s     rkB/s   rrqm/s  %rrqm r_await rareq-sz     w/s     wkB/s   wrqm/s  %wrqm w_await wareq-sz     d/s     dkB/s   drqm/s  %drqm d_await dareq-sz     f/s f_await  aqu-sz  %util
nvme0n1          0.00      0.00     0.00   0.00    0.00     0.00 4313.00  55768.00     0.00   0.00    0.27    12.93    0.00      0.00     0.00   0.00    0.00     0.00  331.00    1.97    1.81  96.70


avg-cpu:  %user   %nice %system %iowait  %steal   %idle
           0.19    0.00    0.50    5.88    0.00   93.44

Device            r/s     rkB/s   rrqm/s  %rrqm r_await rareq-sz     w/s     wkB/s   wrqm/s  %wrqm w_await wareq-sz     d/s     dkB/s   drqm/s  %drqm d_await dareq-sz     f/s f_await  aqu-sz  %util
nvme0n1          0.00      0.00     0.00   0.00    0.00     0.00 5215.00  70360.00     0.00   0.00    1.82    13.49    0.00      0.00     0.00   0.00    0.00     0.00  327.00    1.96   10.15  95.80


avg-cpu:  %user   %nice %system %iowait  %steal   %idle
           0.25    0.00    0.43    5.89    0.00   93.42

Device            r/s     rkB/s   rrqm/s  %rrqm r_await rareq-sz     w/s     wkB/s   wrqm/s  %wrqm w_await wareq-sz     d/s     dkB/s   drqm/s  %drqm d_await dareq-sz     f/s f_await  aqu-sz  %util
nvme0n1          0.00      0.00     0.00   0.00    0.00     0.00 4217.00  54496.00     0.00   0.00    0.28    12.92    0.00      0.00     0.00   0.00    0.00     0.00  325.00    2.04    1.82  95.90


avg-cpu:  %user   %nice %system %iowait  %steal   %idle
           0.19    0.00    0.43    5.89    0.00   93.49

Device            r/s     rkB/s   rrqm/s  %rrqm r_await rareq-sz     w/s     wkB/s   wrqm/s  %wrqm w_await wareq-sz     d/s     dkB/s   drqm/s  %drqm d_await dareq-sz     f/s f_await  aqu-sz  %util
nvme0n1          0.00      0.00     0.00   0.00    0.00     0.00 4375.00  56544.00     0.00   0.00    0.27    12.92    0.00      0.00     0.00   0.00    0.00     0.00  337.00    1.93    1.82  97.00


avg-cpu:  %user   %nice %system %iowait  %steal   %idle
           0.19    0.00    0.56    5.87    0.00   93.39

Device            r/s     rkB/s   rrqm/s  %rrqm r_await rareq-sz     w/s     wkB/s   wrqm/s  %wrqm w_await wareq-sz     d/s     dkB/s   drqm/s  %drqm d_await dareq-sz     f/s f_await  aqu-sz  %util
nvme0n1          0.00      0.00     0.00   0.00    0.00     0.00 4364.00  56440.00     0.00   0.00    0.27    12.93    0.00      0.00     0.00   0.00    0.00     0.00  334.00    1.95    1.82  96.20


avg-cpu:  %user   %nice %system %iowait  %steal   %idle
           0.12    0.00    0.43    5.89    0.00   93.56

Device            r/s     rkB/s   rrqm/s  %rrqm r_await rareq-sz     w/s     wkB/s   wrqm/s  %wrqm w_await wareq-sz     d/s     dkB/s   drqm/s  %drqm d_await dareq-sz     f/s f_await  aqu-sz  %util
nvme0n1          0.00      0.00     0.00   0.00    0.00     0.00 4303.00  55688.00     0.00   0.00    0.27    12.94    0.00      0.00     0.00   0.00    0.00     0.00  329.00    2.00    1.83  97.10


avg-cpu:  %user   %nice %system %iowait  %steal   %idle
           0.19    0.00    0.50    5.94    0.00   93.37

Device            r/s     rkB/s   rrqm/s  %rrqm r_await rareq-sz     w/s     wkB/s   wrqm/s  %wrqm w_await wareq-sz     d/s     dkB/s   drqm/s  %drqm d_await dareq-sz     f/s f_await  aqu-sz  %util
nvme0n1          0.00      0.00     0.00   0.00    0.00     0.00 4394.00  56888.00     0.00   0.00    0.27    12.95    0.00      0.00     0.00   0.00    0.00     0.00  336.00    1.94    1.82  96.80


avg-cpu:  %user   %nice %system %iowait  %steal   %idle
           0.25    0.00    0.37    5.88    0.00   93.50

Device            r/s     rkB/s   rrqm/s  %rrqm r_await rareq-sz     w/s     wkB/s   wrqm/s  %wrqm w_await wareq-sz     d/s     dkB/s   drqm/s  %drqm d_await dareq-sz     f/s f_await  aqu-sz  %util
nvme0n1          0.00      0.00     0.00   0.00    0.00     0.00 4320.00  55840.00     0.00   0.00    0.27    12.93    0.00      0.00     0.00   0.00    0.00     0.00  332.00    1.95    1.82  96.70


avg-cpu:  %user   %nice %system %iowait  %steal   %idle
           0.19    0.00    0.49    5.93    0.00   93.39

Device            r/s     rkB/s   rrqm/s  %rrqm r_await rareq-sz     w/s     wkB/s   wrqm/s  %wrqm w_await wareq-sz     d/s     dkB/s   drqm/s  %drqm d_await dareq-sz     f/s f_await  aqu-sz  %util
nvme0n1          0.00      0.00     0.00   0.00    0.00     0.00 4268.00  55168.00     0.00   0.00    0.27    12.93    0.00      0.00     0.00   0.00    0.00     0.00  328.00    1.99    1.82  97.40


avg-cpu:  %user   %nice %system %iowait  %steal   %idle
           0.19    0.00    0.43    5.82    0.00   93.56

Device            r/s     rkB/s   rrqm/s  %rrqm r_await rareq-sz     w/s     wkB/s   wrqm/s  %wrqm w_await wareq-sz     d/s     dkB/s   drqm/s  %drqm d_await dareq-sz     f/s f_await  aqu-sz  %util
nvme0n1          0.00      0.00     0.00   0.00    0.00     0.00 4302.00  55608.00     0.00   0.00    0.27    12.93    0.00      0.00     0.00   0.00    0.00     0.00  330.00    1.97    1.81  96.40


avg-cpu:  %user   %nice %system %iowait  %steal   %idle
           0.25    0.00    0.56    5.88    0.00   93.31

Device            r/s     rkB/s   rrqm/s  %rrqm r_await rareq-sz     w/s     wkB/s   wrqm/s  %wrqm w_await wareq-sz     d/s     dkB/s   drqm/s  %drqm d_await dareq-sz     f/s f_await  aqu-sz  %util
nvme0n1          0.00      0.00     0.00   0.00    0.00     0.00 4420.00  57176.00     0.00   0.00    0.26    12.94    0.00      0.00     0.00   0.00    0.00     0.00  338.00    1.90    1.81  96.40


avg-cpu:  %user   %nice %system %iowait  %steal   %idle
           0.25    0.00    0.62    5.75    0.00   93.38

Device            r/s     rkB/s   rrqm/s  %rrqm r_await rareq-sz     w/s     wkB/s   wrqm/s  %wrqm w_await wareq-sz     d/s     dkB/s   drqm/s  %drqm d_await dareq-sz     f/s f_await  aqu-sz  %util
nvme0n1          0.00      0.00     0.00   0.00    0.00     0.00 4289.00  55464.00     0.00   0.00    0.27    12.93    0.00      0.00     0.00   0.00    0.00     0.00  329.00    1.99    1.82  95.10


avg-cpu:  %user   %nice %system %iowait  %steal   %idle
           0.12    0.00    0.43    6.20    0.00   93.25

Device            r/s     rkB/s   rrqm/s  %rrqm r_await rareq-sz     w/s     wkB/s   wrqm/s  %wrqm w_await wareq-sz     d/s     dkB/s   drqm/s  %drqm d_await dareq-sz     f/s f_await  aqu-sz  %util
nvme0n1          0.00      0.00     0.00   0.00    0.00     0.00 4131.00  53420.00     0.00   0.00    0.28    12.93   21.00   5348.00     0.00   0.00    2.48   254.67  316.00    2.00    1.86  96.70


avg-cpu:  %user   %nice %system %iowait  %steal   %idle
           0.19    0.00    0.87    5.82    0.00   93.13

Device            r/s     rkB/s   rrqm/s  %rrqm r_await rareq-sz     w/s     wkB/s   wrqm/s  %wrqm w_await wareq-sz     d/s     dkB/s   drqm/s  %drqm d_await dareq-sz     f/s f_await  aqu-sz  %util
nvme0n1          0.00      0.00     0.00   0.00    0.00     0.00 7697.00 110076.00     0.00   0.00    2.85    14.30    0.00      0.00     0.00   0.00    0.00     0.00  326.00    1.94   22.54  96.40


avg-cpu:  %user   %nice %system %iowait  %steal   %idle
           0.19    0.00    0.37    5.91    0.00   93.53

Device            r/s     rkB/s   rrqm/s  %rrqm r_await rareq-sz     w/s     wkB/s   wrqm/s  %wrqm w_await wareq-sz     d/s     dkB/s   drqm/s  %drqm d_await dareq-sz     f/s f_await  aqu-sz  %util
nvme0n1          0.00      0.00     0.00   0.00    0.00     0.00 2443.00  25128.00     0.00   0.00    0.41    10.29    0.00      0.00     0.00   0.00    0.00     0.00  349.00    1.88    1.65  95.70


avg-cpu:  %user   %nice %system %iowait  %steal   %idle
           0.19    0.00    0.50    6.01    0.00   93.30

Device            r/s     rkB/s   rrqm/s  %rrqm r_await rareq-sz     w/s     wkB/s   wrqm/s  %wrqm w_await wareq-sz     d/s     dkB/s   drqm/s  %drqm d_await dareq-sz     f/s f_await  aqu-sz  %util
nvme0n1          0.00      0.00     0.00   0.00    0.00     0.00 3254.00  38520.00     0.00   0.00    0.33    11.84    0.00      0.00     0.00   0.00    0.00     0.00  338.00    1.92    1.71  97.40


avg-cpu:  %user   %nice %system %iowait  %steal   %idle
           0.19    0.00    0.37    5.89    0.00   93.55

Device            r/s     rkB/s   rrqm/s  %rrqm r_await rareq-sz     w/s     wkB/s   wrqm/s  %wrqm w_await wareq-sz     d/s     dkB/s   drqm/s  %drqm d_await dareq-sz     f/s f_await  aqu-sz  %util
nvme0n1          0.00      0.00     0.00   0.00    0.00     0.00 3576.00  43800.00     0.00   0.00    0.30    12.25    0.00      0.00     0.00   0.00    0.00     0.00  336.00    1.92    1.73  97.00


avg-cpu:  %user   %nice %system %iowait  %steal   %idle
           0.12    0.00    0.56    5.94    0.00   93.38

Device            r/s     rkB/s   rrqm/s  %rrqm r_await rareq-sz     w/s     wkB/s   wrqm/s  %wrqm w_await wareq-sz     d/s     dkB/s   drqm/s  %drqm d_await dareq-sz     f/s f_await  aqu-sz  %util
nvme0n1          0.00      0.00     0.00   0.00    0.00     0.00 3567.00  43648.00     0.00   0.00    0.30    12.24    0.00      0.00     0.00   0.00    0.00     0.00  335.00    1.91    1.73  96.40


avg-cpu:  %user   %nice %system %iowait  %steal   %idle
           0.12    0.00    0.37    5.96    0.00   93.54

Device            r/s     rkB/s   rrqm/s  %rrqm r_await rareq-sz     w/s     wkB/s   wrqm/s  %wrqm w_await wareq-sz     d/s     dkB/s   drqm/s  %drqm d_await dareq-sz     f/s f_await  aqu-sz  %util
nvme0n1          0.00      0.00     0.00   0.00    0.00     0.00 4032.00  51312.00     0.00   0.00    0.28    12.73    0.00      0.00     0.00   0.00    0.00     0.00  330.00    1.97    1.78  97.50


avg-cpu:  %user   %nice %system %iowait  %steal   %idle
           0.25    0.00    0.50    5.88    0.00   93.38

Device            r/s     rkB/s   rrqm/s  %rrqm r_await rareq-sz     w/s     wkB/s   wrqm/s  %wrqm w_await wareq-sz     d/s     dkB/s   drqm/s  %drqm d_await dareq-sz     f/s f_await  aqu-sz  %util
nvme0n1          0.00      0.00     0.00   0.00    0.00     0.00 4339.00  56104.00     0.00   0.00    0.27    12.93    0.00      0.00     0.00   0.00    0.00     0.00  333.00    1.95    1.81  96.40


avg-cpu:  %user   %nice %system %iowait  %steal   %idle
           0.19    0.00    0.43    5.89    0.00   93.49

Device            r/s     rkB/s   rrqm/s  %rrqm r_await rareq-sz     w/s     wkB/s   wrqm/s  %wrqm w_await wareq-sz     d/s     dkB/s   drqm/s  %drqm d_await dareq-sz     f/s f_await  aqu-sz  %util
nvme0n1          0.00      0.00     0.00   0.00    0.00     0.00 4283.00  55368.00     0.00   0.00    0.27    12.93    0.00      0.00     0.00   0.00    0.00     0.00  329.00    1.99    1.82  96.90


avg-cpu:  %user   %nice %system %iowait  %steal   %idle
           0.12    0.00    0.43    5.98    0.00   93.46

Device            r/s     rkB/s   rrqm/s  %rrqm r_await rareq-sz     w/s     wkB/s   wrqm/s  %wrqm w_await wareq-sz     d/s     dkB/s   drqm/s  %drqm d_await dareq-sz     f/s f_await  aqu-sz  %util
nvme0n1          0.00      0.00     0.00   0.00    0.00     0.00 4299.00  55544.00     0.00   0.00    0.27    12.92    0.00      0.00     0.00   0.00    0.00     0.00  331.00    1.97    1.83  97.80


avg-cpu:  %user   %nice %system %iowait  %steal   %idle
           0.19    0.00    0.50    5.89    0.00   93.43

Device            r/s     rkB/s   rrqm/s  %rrqm r_await rareq-sz     w/s     wkB/s   wrqm/s  %wrqm w_await wareq-sz     d/s     dkB/s   drqm/s  %drqm d_await dareq-sz     f/s f_await  aqu-sz  %util
nvme0n1          0.00      0.00     0.00   0.00    0.00     0.00 4305.00  55696.00     0.00   0.00    0.27    12.94    0.00      0.00     0.00   0.00    0.00     0.00  329.00    1.98    1.83  97.00


avg-cpu:  %user   %nice %system %iowait  %steal   %idle
           0.12    0.00    0.43    5.89    0.00   93.55

Device            r/s     rkB/s   rrqm/s  %rrqm r_await rareq-sz     w/s     wkB/s   wrqm/s  %wrqm w_await wareq-sz     d/s     dkB/s   drqm/s  %drqm d_await dareq-sz     f/s f_await  aqu-sz  %util
nvme0n1          0.00      0.00     0.00   0.00    0.00     0.00 4282.00  55392.00     0.00   0.00    0.27    12.94    0.00      0.00     0.00   0.00    0.00     0.00  328.00    1.99    1.83  96.20


avg-cpu:  %user   %nice %system %iowait  %steal   %idle
           0.25    0.00    0.56    5.81    0.00   93.39

Device            r/s     rkB/s   rrqm/s  %rrqm r_await rareq-sz     w/s     wkB/s   wrqm/s  %wrqm w_await wareq-sz     d/s     dkB/s   drqm/s  %drqm d_await dareq-sz     f/s f_await  aqu-sz  %util
nvme0n1          0.00      0.00     0.00   0.00    0.00     0.00 4240.00  54800.00     0.00   0.00    0.28    12.92    0.00      0.00     0.00   0.00    0.00     0.00  326.00    2.00    1.83  96.40


avg-cpu:  %user   %nice %system %iowait  %steal   %idle
           0.19    0.00    0.43    5.88    0.00   93.50

Device            r/s     rkB/s   rrqm/s  %rrqm r_await rareq-sz     w/s     wkB/s   wrqm/s  %wrqm w_await wareq-sz     d/s     dkB/s   drqm/s  %drqm d_await dareq-sz     f/s f_await  aqu-sz  %util
nvme0n1          0.00      0.00     0.00   0.00    0.00     0.00 4274.00  55288.00     0.00   0.00    0.27    12.94    0.00      0.00     0.00   0.00    0.00     0.00  328.00    2.00    1.83  96.60


avg-cpu:  %user   %nice %system %iowait  %steal   %idle
           0.19    0.00    0.49    5.94    0.00   93.38

Device            r/s     rkB/s   rrqm/s  %rrqm r_await rareq-sz     w/s     wkB/s   wrqm/s  %wrqm w_await wareq-sz     d/s     dkB/s   drqm/s  %drqm d_await dareq-sz     f/s f_await  aqu-sz  %util
nvme0n1          0.00      0.00     0.00   0.00    0.00     0.00 4316.00  55832.00     0.00   0.00    0.27    12.94    0.00      0.00     0.00   0.00    0.00     0.00  330.00    1.98    1.83  97.20


avg-cpu:  %user   %nice %system %iowait  %steal   %idle
           0.19    0.00    0.43    5.94    0.00   93.44

Device            r/s     rkB/s   rrqm/s  %rrqm r_await rareq-sz     w/s     wkB/s   wrqm/s  %wrqm w_await wareq-sz     d/s     dkB/s   drqm/s  %drqm d_await dareq-sz     f/s f_await  aqu-sz  %util
nvme0n1          0.00      0.00     0.00   0.00    0.00     0.00 4391.00  55792.00     2.00   0.05    0.29    12.71    0.00      0.00     0.00   0.00    0.00     0.00  326.00    2.01    1.94  96.70


avg-cpu:  %user   %nice %system %iowait  %steal   %idle
           0.12    0.00    0.56    5.88    0.00   93.44

Device            r/s     rkB/s   rrqm/s  %rrqm r_await rareq-sz     w/s     wkB/s   wrqm/s  %wrqm w_await wareq-sz     d/s     dkB/s   drqm/s  %drqm d_await dareq-sz     f/s f_await  aqu-sz  %util
nvme0n1          0.00      0.00     0.00   0.00    0.00     0.00 4263.00  55128.00     0.00   0.00    0.28    12.93    0.00      0.00     0.00   0.00    0.00     0.00  327.00    2.02    1.83  97.50


avg-cpu:  %user   %nice %system %iowait  %steal   %idle
           0.25    0.00    0.62    5.95    0.00   93.18

Device            r/s     rkB/s   rrqm/s  %rrqm r_await rareq-sz     w/s     wkB/s   wrqm/s  %wrqm w_await wareq-sz     d/s     dkB/s   drqm/s  %drqm d_await dareq-sz     f/s f_await  aqu-sz  %util
nvme0n1          0.00      0.00     0.00   0.00    0.00     0.00 4228.00  54632.00     0.00   0.00    0.28    12.92    0.00      0.00     0.00   0.00    0.00     0.00  326.00    2.02    1.84  97.30


avg-cpu:  %user   %nice %system %iowait  %steal   %idle
           0.19    0.00    0.31    5.89    0.00   93.61

Device            r/s     rkB/s   rrqm/s  %rrqm r_await rareq-sz     w/s     wkB/s   wrqm/s  %wrqm w_await wareq-sz     d/s     dkB/s   drqm/s  %drqm d_await dareq-sz     f/s f_await  aqu-sz  %util
nvme0n1          0.00      0.00     0.00   0.00    0.00     0.00 4254.00  55000.00     0.00   0.00    0.27    12.93    0.00      0.00     0.00   0.00    0.00     0.00  326.00    2.00    1.82  97.30


avg-cpu:  %user   %nice %system %iowait  %steal   %idle
           0.19    0.00    0.56    5.89    0.00   93.36

Device            r/s     rkB/s   rrqm/s  %rrqm r_await rareq-sz     w/s     wkB/s   wrqm/s  %wrqm w_await wareq-sz     d/s     dkB/s   drqm/s  %drqm d_await dareq-sz     f/s f_await  aqu-sz  %util
nvme0n1          0.00      0.00     0.00   0.00    0.00     0.00 4300.00  55548.00     0.00   0.00    0.27    12.92    0.00      0.00     0.00   0.00    0.00     0.00  331.00    1.96    1.82  96.20


avg-cpu:  %user   %nice %system %iowait  %steal   %idle
           0.19    0.00    0.43    5.94    0.00   93.44

Device            r/s     rkB/s   rrqm/s  %rrqm r_await rareq-sz     w/s     wkB/s   wrqm/s  %wrqm w_await wareq-sz     d/s     dkB/s   drqm/s  %drqm d_await dareq-sz     f/s f_await  aqu-sz  %util
nvme0n1          0.00      0.00     0.00   0.00    0.00     0.00 5169.00  69784.00     0.00   0.00    1.05    13.50    0.00      0.00     0.00   0.00    0.00     0.00  323.00    2.02    6.07  97.20


avg-cpu:  %user   %nice %system %iowait  %steal   %idle
           0.19    0.00    0.56    5.87    0.00   93.39

Device            r/s     rkB/s   rrqm/s  %rrqm r_await rareq-sz     w/s     wkB/s   wrqm/s  %wrqm w_await wareq-sz     d/s     dkB/s   drqm/s  %drqm d_await dareq-sz     f/s f_await  aqu-sz  %util
nvme0n1          0.00      0.00     0.00   0.00    0.00     0.00 4374.00  56544.00     0.00   0.00    0.27    12.93    0.00      0.00     0.00   0.00    0.00     0.00  336.00    1.93    1.83  97.00


avg-cpu:  %user   %nice %system %iowait  %steal   %idle
           0.12    0.00    0.37    5.95    0.00   93.55

Device            r/s     rkB/s   rrqm/s  %rrqm r_await rareq-sz     w/s     wkB/s   wrqm/s  %wrqm w_await wareq-sz     d/s     dkB/s   drqm/s  %drqm d_await dareq-sz     f/s f_await  aqu-sz  %util
nvme0n1          0.00      0.00     0.00   0.00    0.00     0.00 4320.00  55840.00     0.00   0.00    0.27    12.93    0.00      0.00     0.00   0.00    0.00     0.00  332.00    1.97    1.84  97.30


avg-cpu:  %user   %nice %system %iowait  %steal   %idle
           0.19    0.00    0.56    5.88    0.00   93.38

Device            r/s     rkB/s   rrqm/s  %rrqm r_await rareq-sz     w/s     wkB/s   wrqm/s  %wrqm w_await wareq-sz     d/s     dkB/s   drqm/s  %drqm d_await dareq-sz     f/s f_await  aqu-sz  %util
nvme0n1          0.00      0.00     0.00   0.00    0.00     0.00 4312.00  55792.00     0.00   0.00    0.27    12.94    0.00      0.00     0.00   0.00    0.00     0.00  330.00    1.97    1.83  97.10


avg-cpu:  %user   %nice %system %iowait  %steal   %idle
           0.06    0.00    0.50    5.84    0.00   93.60

Device            r/s     rkB/s   rrqm/s  %rrqm r_await rareq-sz     w/s     wkB/s   wrqm/s  %wrqm w_await wareq-sz     d/s     dkB/s   drqm/s  %drqm d_await dareq-sz     f/s f_await  aqu-sz  %util
nvme0n1          0.00      0.00     0.00   0.00    0.00     0.00 4390.00  56824.00     0.00   0.00    0.27    12.94    0.00      0.00     0.00   0.00    0.00     0.00  336.00    1.93    1.84  96.60


avg-cpu:  %user   %nice %system %iowait  %steal   %idle
           0.12    0.00    0.56    5.94    0.00   93.37

Device            r/s     rkB/s   rrqm/s  %rrqm r_await rareq-sz     w/s     wkB/s   wrqm/s  %wrqm w_await wareq-sz     d/s     dkB/s   drqm/s  %drqm d_await dareq-sz     f/s f_await  aqu-sz  %util
nvme0n1          0.00      0.00     0.00   0.00    0.00     0.00 4276.00  55272.00     0.00   0.00    0.27    12.93    0.00      0.00     0.00   0.00    0.00     0.00  328.00    1.98    1.82  97.50


avg-cpu:  %user   %nice %system %iowait  %steal   %idle
           0.12    0.00    0.49    5.87    0.00   93.51

Device            r/s     rkB/s   rrqm/s  %rrqm r_await rareq-sz     w/s     wkB/s   wrqm/s  %wrqm w_await wareq-sz     d/s     dkB/s   drqm/s  %drqm d_await dareq-sz     f/s f_await  aqu-sz  %util
nvme0n1          0.00      0.00     0.00   0.00    0.00     0.00 4334.00  56008.00     0.00   0.00    0.27    12.92    0.00      0.00     0.00   0.00    0.00     0.00  334.00    1.95    1.84  97.70


avg-cpu:  %user   %nice %system %iowait  %steal   %idle
           0.19    0.00    0.49    5.88    0.00   93.44

Device            r/s     rkB/s   rrqm/s  %rrqm r_await rareq-sz     w/s     wkB/s   wrqm/s  %wrqm w_await wareq-sz     d/s     dkB/s   drqm/s  %drqm d_await dareq-sz     f/s f_await  aqu-sz  %util
nvme0n1          0.00      0.00     0.00   0.00    0.00     0.00 4309.00  55704.00     0.00   0.00    0.27    12.93    0.00      0.00     0.00   0.00    0.00     0.00  331.00    1.98    1.83  96.80


avg-cpu:  %user   %nice %system %iowait  %steal   %idle
           0.19    0.00    0.62    5.88    0.00   93.31

Device            r/s     rkB/s   rrqm/s  %rrqm r_await rareq-sz     w/s     wkB/s   wrqm/s  %wrqm w_await wareq-sz     d/s     dkB/s   drqm/s  %drqm d_await dareq-sz     f/s f_await  aqu-sz  %util
nvme0n1          0.00      0.00     0.00   0.00    0.00     0.00 4398.00  56928.00     0.00   0.00    0.27    12.94    0.00      0.00     0.00   0.00    0.00     0.00  336.00    1.92    1.83  96.40


avg-cpu:  %user   %nice %system %iowait  %steal   %idle
           0.19    0.00    0.37    5.82    0.00   93.62

Device            r/s     rkB/s   rrqm/s  %rrqm r_await rareq-sz     w/s     wkB/s   wrqm/s  %wrqm w_await wareq-sz     d/s     dkB/s   drqm/s  %drqm d_await dareq-sz     f/s f_await  aqu-sz  %util
nvme0n1          0.00      0.00     0.00   0.00    0.00     0.00 4392.00  56808.00     0.00   0.00    0.27    12.93    0.00      0.00     0.00   0.00    0.00     0.00  336.00    1.91    1.82  96.40


avg-cpu:  %user   %nice %system %iowait  %steal   %idle
           0.25    0.00    0.56    5.88    0.00   93.32

Device            r/s     rkB/s   rrqm/s  %rrqm r_await rareq-sz     w/s     wkB/s   wrqm/s  %wrqm w_await wareq-sz     d/s     dkB/s   drqm/s  %drqm d_await dareq-sz     f/s f_await  aqu-sz  %util
nvme0n1          0.00      0.00     0.00   0.00    0.00     0.00 4263.00  55128.00     0.00   0.00    0.27    12.93    0.00      0.00     0.00   0.00    0.00     0.00  327.00    2.01    1.83  96.50


avg-cpu:  %user   %nice %system %iowait  %steal   %idle
           0.19    0.00    0.37    5.95    0.00   93.49

Device            r/s     rkB/s   rrqm/s  %rrqm r_await rareq-sz     w/s     wkB/s   wrqm/s  %wrqm w_await wareq-sz     d/s     dkB/s   drqm/s  %drqm d_await dareq-sz     f/s f_await  aqu-sz  %util
nvme0n1          0.00      0.00     0.00   0.00    0.00     0.00 4263.00  55008.00     0.00   0.00    0.28    12.90    0.00      0.00     0.00   0.00    0.00     0.00  328.00    2.00    1.83  97.40


avg-cpu:  %user   %nice %system %iowait  %steal   %idle
           0.12    0.00    0.87    5.89    0.00   93.11

Device            r/s     rkB/s   rrqm/s  %rrqm r_await rareq-sz     w/s     wkB/s   wrqm/s  %wrqm w_await wareq-sz     d/s     dkB/s   drqm/s  %drqm d_await dareq-sz     f/s f_await  aqu-sz  %util
nvme0n1          1.00     16.00     0.00   0.00    2.00    16.00 6018.00  82932.00     0.00   0.00    4.08    13.78    0.00      0.00     0.00   0.00    0.00     0.00  333.00    1.90   25.19  97.40


avg-cpu:  %user   %nice %system %iowait  %steal   %idle
           0.19    0.00    0.37    5.96    0.00   93.48

Device            r/s     rkB/s   rrqm/s  %rrqm r_await rareq-sz     w/s     wkB/s   wrqm/s  %wrqm w_await wareq-sz     d/s     dkB/s   drqm/s  %drqm d_await dareq-sz     f/s f_await  aqu-sz  %util
nvme0n1          0.00      0.00     0.00   0.00    0.00     0.00 3145.00  36544.00     0.00   0.00    0.33    11.62    0.00      0.00     0.00   0.00    0.00     0.00  345.00    1.88    1.69  97.10


avg-cpu:  %user   %nice %system %iowait  %steal   %idle
           0.19    0.00    0.43    5.94    0.00   93.44

Device            r/s     rkB/s   rrqm/s  %rrqm r_await rareq-sz     w/s     wkB/s   wrqm/s  %wrqm w_await wareq-sz     d/s     dkB/s   drqm/s  %drqm d_await dareq-sz     f/s f_await  aqu-sz  %util
nvme0n1          0.00      0.00     0.00   0.00    0.00     0.00 3590.00  43924.00     0.00   0.00    0.30    12.24    0.00      0.00     0.00   0.00    0.00     0.00  337.00    1.91    1.73  97.10


avg-cpu:  %user   %nice %system %iowait  %steal   %idle
           0.12    0.00    0.50    5.97    0.00   93.41

Device            r/s     rkB/s   rrqm/s  %rrqm r_await rareq-sz     w/s     wkB/s   wrqm/s  %wrqm w_await wareq-sz     d/s     dkB/s   drqm/s  %drqm d_await dareq-sz     f/s f_await  aqu-sz  %util
nvme0n1          0.00      0.00     0.00   0.00    0.00     0.00 3635.00  44732.00     0.00   0.00    0.30    12.31    0.00      0.00     0.00   0.00    0.00     0.00  336.00    1.93    1.74  97.10


avg-cpu:  %user   %nice %system %iowait  %steal   %idle
           0.25    0.00    0.43    5.89    0.00   93.42

Device            r/s     rkB/s   rrqm/s  %rrqm r_await rareq-sz     w/s     wkB/s   wrqm/s  %wrqm w_await wareq-sz     d/s     dkB/s   drqm/s  %drqm d_await dareq-sz     f/s f_await  aqu-sz  %util
nvme0n1          0.00      0.00     0.00   0.00    0.00     0.00 4409.00  56984.00     0.00   0.00    0.26    12.92    0.00      0.00     0.00   0.00    0.00     0.00  339.00    1.93    1.82  96.70


avg-cpu:  %user   %nice %system %iowait  %steal   %idle
           0.19    0.00    0.56    5.83    0.00   93.43

Device            r/s     rkB/s   rrqm/s  %rrqm r_await rareq-sz     w/s     wkB/s   wrqm/s  %wrqm w_await wareq-sz     d/s     dkB/s   drqm/s  %drqm d_await dareq-sz     f/s f_await  aqu-sz  %util
nvme0n1          0.00      0.00     0.00   0.00    0.00     0.00 4359.00  56400.00     0.00   0.00    0.27    12.94    0.00      0.00     0.00   0.00    0.00     0.00  333.00    1.95    1.82  97.20


avg-cpu:  %user   %nice %system %iowait  %steal   %idle
           0.12    0.00    0.43    5.95    0.00   93.49

Device            r/s     rkB/s   rrqm/s  %rrqm r_await rareq-sz     w/s     wkB/s   wrqm/s  %wrqm w_await wareq-sz     d/s     dkB/s   drqm/s  %drqm d_await dareq-sz     f/s f_await  aqu-sz  %util
nvme0n1          0.00      0.00     0.00   0.00    0.00     0.00 4216.00  54496.00     0.00   0.00    0.28    12.93    0.00      0.00     0.00   0.00    0.00     0.00  324.00    2.03    1.83  97.00


avg-cpu:  %user   %nice %system %iowait  %steal   %idle
           0.19    0.00    0.50    5.94    0.00   93.38

Device            r/s     rkB/s   rrqm/s  %rrqm r_await rareq-sz     w/s     wkB/s   wrqm/s  %wrqm w_await wareq-sz     d/s     dkB/s   drqm/s  %drqm d_await dareq-sz     f/s f_await  aqu-sz  %util
nvme0n1          0.00      0.00     0.00   0.00    0.00     0.00 4282.00  55340.00     0.00   0.00    0.28    12.92    0.00      0.00     0.00   0.00    0.00     0.00  329.00    1.98    1.83  97.10


avg-cpu:  %user   %nice %system %iowait  %steal   %idle
           0.19    0.00    0.50    5.83    0.00   93.49

Device            r/s     rkB/s   rrqm/s  %rrqm r_await rareq-sz     w/s     wkB/s   wrqm/s  %wrqm w_await wareq-sz     d/s     dkB/s   drqm/s  %drqm d_await dareq-sz     f/s f_await  aqu-sz  %util
nvme0n1          0.00      0.00     0.00   0.00    0.00     0.00 4464.00  57704.00     0.00   0.00    0.26    12.93    0.00      0.00     0.00   0.00    0.00     0.00  343.00    1.86    1.82  95.80


avg-cpu:  %user   %nice %system %iowait  %steal   %idle
           0.19    0.00    0.49    5.93    0.00   93.39

Device            r/s     rkB/s   rrqm/s  %rrqm r_await rareq-sz     w/s     wkB/s   wrqm/s  %wrqm w_await wareq-sz     d/s     dkB/s   drqm/s  %drqm d_await dareq-sz     f/s f_await  aqu-sz  %util
nvme0n1          0.00      0.00     0.00   0.00    0.00     0.00 4230.00  54840.00     0.00   0.00    0.28    12.96    0.00      0.00     0.00   0.00    0.00     0.00  321.00    2.05    1.83  97.20


avg-cpu:  %user   %nice %system %iowait  %steal   %idle
           0.12    0.00    0.37    5.89    0.00   93.62

Device            r/s     rkB/s   rrqm/s  %rrqm r_await rareq-sz     w/s     wkB/s   wrqm/s  %wrqm w_await wareq-sz     d/s     dkB/s   drqm/s  %drqm d_await dareq-sz     f/s f_await  aqu-sz  %util
nvme0n1          0.00      0.00     0.00   0.00    0.00     0.00 4394.00  56904.00     0.00   0.00    0.27    12.95    0.00      0.00     0.00   0.00    0.00     0.00  335.00    1.94    1.84  96.80


avg-cpu:  %user   %nice %system %iowait  %steal   %idle
           0.19    0.00    0.68    5.81    0.00   93.32

Device            r/s     rkB/s   rrqm/s  %rrqm r_await rareq-sz     w/s     wkB/s   wrqm/s  %wrqm w_await wareq-sz     d/s     dkB/s   drqm/s  %drqm d_await dareq-sz     f/s f_await  aqu-sz  %util
nvme0n1          0.00      0.00     0.00   0.00    0.00     0.00 4338.00  56168.00     0.00   0.00    0.27    12.95    0.00      0.00     0.00   0.00    0.00     0.00  331.00    1.95    1.83  96.40


avg-cpu:  %user   %nice %system %iowait  %steal   %idle
           0.19    0.00    0.37    5.89    0.00   93.55

Device            r/s     rkB/s   rrqm/s  %rrqm r_await rareq-sz     w/s     wkB/s   wrqm/s  %wrqm w_await wareq-sz     d/s     dkB/s   drqm/s  %drqm d_await dareq-sz     f/s f_await  aqu-sz  %util
nvme0n1          0.00      0.00     0.00   0.00    0.00     0.00 4281.00  55336.00     0.00   0.00    0.27    12.93    0.00      0.00     0.00   0.00    0.00     0.00  329.00    1.97    1.83  97.30


avg-cpu:  %user   %nice %system %iowait  %steal   %idle
           0.25    0.00    0.56    5.88    0.00   93.31

Device            r/s     rkB/s   rrqm/s  %rrqm r_await rareq-sz     w/s     wkB/s   wrqm/s  %wrqm w_await wareq-sz     d/s     dkB/s   drqm/s  %drqm d_await dareq-sz     f/s f_await  aqu-sz  %util
nvme0n1          0.00      0.00     0.00   0.00    0.00     0.00 4283.00  55448.00     0.00   0.00    0.27    12.95    0.00      0.00     0.00   0.00    0.00     0.00  327.00    2.01    1.83  97.00


avg-cpu:  %user   %nice %system %iowait  %steal   %idle
           0.19    0.00    0.50    6.00    0.00   93.32

Device            r/s     rkB/s   rrqm/s  %rrqm r_await rareq-sz     w/s     wkB/s   wrqm/s  %wrqm w_await wareq-sz     d/s     dkB/s   drqm/s  %drqm d_await dareq-sz     f/s f_await  aqu-sz  %util
nvme0n1          0.00      0.00     0.00   0.00    0.00     0.00 4251.00  54936.00     0.00   0.00    0.27    12.92    0.00      0.00     0.00   0.00    0.00     0.00  327.00    1.99    1.82  97.20


avg-cpu:  %user   %nice %system %iowait  %steal   %idle
           0.19    0.00    0.43    5.82    0.00   93.56

Device            r/s     rkB/s   rrqm/s  %rrqm r_await rareq-sz     w/s     wkB/s   wrqm/s  %wrqm w_await wareq-sz     d/s     dkB/s   drqm/s  %drqm d_await dareq-sz     f/s f_await  aqu-sz  %util
nvme0n1          0.00      0.00     0.00   0.00    0.00     0.00 4306.00  55640.00     0.00   0.00    0.27    12.92    0.00      0.00     0.00   0.00    0.00     0.00  332.00    1.97    1.84  96.60


avg-cpu:  %user   %nice %system %iowait  %steal   %idle
           0.31    0.00    0.43    5.93    0.00   93.33

Device            r/s     rkB/s   rrqm/s  %rrqm r_await rareq-sz     w/s     wkB/s   wrqm/s  %wrqm w_await wareq-sz     d/s     dkB/s   drqm/s  %drqm d_await dareq-sz     f/s f_await  aqu-sz  %util
nvme0n1          0.00      0.00     0.00   0.00    0.00     0.00 4269.00  55200.00     0.00   0.00    0.27    12.93    0.00      0.00     0.00   0.00    0.00     0.00  327.00    1.99    1.82  96.40


avg-cpu:  %user   %nice %system %iowait  %steal   %idle
           0.19    0.00    0.37    5.88    0.00   93.56

Device            r/s     rkB/s   rrqm/s  %rrqm r_await rareq-sz     w/s     wkB/s   wrqm/s  %wrqm w_await wareq-sz     d/s     dkB/s   drqm/s  %drqm d_await dareq-sz     f/s f_await  aqu-sz  %util
nvme0n1          0.00      0.00     0.00   0.00    0.00     0.00 4281.00  55336.00     0.00   0.00    0.27    12.93    0.00      0.00     0.00   0.00    0.00     0.00  329.00    1.98    1.82  97.10


avg-cpu:  %user   %nice %system %iowait  %steal   %idle
           0.19    0.00    0.62    5.80    0.00   93.40

Device            r/s     rkB/s   rrqm/s  %rrqm r_await rareq-sz     w/s     wkB/s   wrqm/s  %wrqm w_await wareq-sz     d/s     dkB/s   drqm/s  %drqm d_await dareq-sz     f/s f_await  aqu-sz  %util
nvme0n1          0.00      0.00     0.00   0.00    0.00     0.00 4281.00  55336.00     0.00   0.00    0.27    12.93    0.00      0.00     0.00   0.00    0.00     0.00  329.00    1.97    1.81  96.80


avg-cpu:  %user   %nice %system %iowait  %steal   %idle
           0.19    0.00    0.49    5.80    0.00   93.52

Device            r/s     rkB/s   rrqm/s  %rrqm r_await rareq-sz     w/s     wkB/s   wrqm/s  %wrqm w_await wareq-sz     d/s     dkB/s   drqm/s  %drqm d_await dareq-sz     f/s f_await  aqu-sz  %util
nvme0n1          0.00      0.00     0.00   0.00    0.00     0.00 5150.00  69464.00     0.00   0.00    0.95    13.49    0.00      0.00     0.00   0.00    0.00     0.00  324.00    1.97    5.51  94.50


avg-cpu:  %user   %nice %system %iowait  %steal   %idle
           0.12    0.00    0.43    5.81    0.00   93.63

Device            r/s     rkB/s   rrqm/s  %rrqm r_await rareq-sz     w/s     wkB/s   wrqm/s  %wrqm w_await wareq-sz     d/s     dkB/s   drqm/s  %drqm d_await dareq-sz     f/s f_await  aqu-sz  %util
nvme0n1          0.00      0.00     0.00   0.00    0.00     0.00 3999.00  50720.00     0.00   0.00    0.28    12.68    0.00      0.00     0.00   0.00    0.00     0.00  331.00    1.91    1.76  94.90


avg-cpu:  %user   %nice %system %iowait  %steal   %idle
           0.19    0.00    0.49    5.75    0.00   93.57

Device            r/s     rkB/s   rrqm/s  %rrqm r_await rareq-sz     w/s     wkB/s   wrqm/s  %wrqm w_await wareq-sz     d/s     dkB/s   drqm/s  %drqm d_await dareq-sz     f/s f_await  aqu-sz  %util
nvme0n1          0.00      0.00     0.00   0.00    0.00     0.00 3637.00  44976.00     0.00   0.00    0.30    12.37    0.00      0.00     0.00   0.00    0.00     0.00  331.00    1.91    1.71  95.50


avg-cpu:  %user   %nice %system %iowait  %steal   %idle
           0.68    0.25    0.93    4.58    0.00   93.57

Device            r/s     rkB/s   rrqm/s  %rrqm r_await rareq-sz     w/s     wkB/s   wrqm/s  %wrqm w_await wareq-sz     d/s     dkB/s   drqm/s  %drqm d_await dareq-sz     f/s f_await  aqu-sz  %util
nvme0n1          0.00      0.00     0.00   0.00    0.00     0.00 2940.00  36364.00     0.00   0.00    0.29    12.37    0.00      0.00     0.00   0.00    0.00     0.00  263.00    1.91    1.37  75.80


avg-cpu:  %user   %nice %system %iowait  %steal   %idle
           0.25    0.06    0.44    3.29    0.00   95.96

Device            r/s     rkB/s   rrqm/s  %rrqm r_await rareq-sz     w/s     wkB/s   wrqm/s  %wrqm w_await wareq-sz     d/s     dkB/s   drqm/s  %drqm d_await dareq-sz     f/s f_await  aqu-sz  %util
nvme0n1          0.00      0.00     0.00   0.00    0.00     0.00 2366.00  30604.00     0.00   0.00    0.27    12.93    0.00      0.00     0.00   0.00    0.00     0.00  181.00    1.99    1.01  53.70


avg-cpu:  %user   %nice %system %iowait  %steal   %idle
           0.25    0.00    0.43    5.90    0.00   93.42

Device            r/s     rkB/s   rrqm/s  %rrqm r_await rareq-sz     w/s     wkB/s   wrqm/s  %wrqm w_await wareq-sz     d/s     dkB/s   drqm/s  %drqm d_await dareq-sz     f/s f_await  aqu-sz  %util
nvme0n1          0.00      0.00     0.00   0.00    0.00     0.00 4264.00  55104.00     0.00   0.00    0.27    12.92    0.00      0.00     0.00   0.00    0.00     0.00  328.00    1.99    1.82  96.60


avg-cpu:  %user   %nice %system %iowait  %steal   %idle
           0.19    0.00    0.50    5.95    0.00   93.37

Device            r/s     rkB/s   rrqm/s  %rrqm r_await rareq-sz     w/s     wkB/s   wrqm/s  %wrqm w_await wareq-sz     d/s     dkB/s   drqm/s  %drqm d_await dareq-sz     f/s f_await  aqu-sz  %util
nvme0n1          0.00      0.00     0.00   0.00    0.00     0.00 4270.00  55200.00     0.00   0.00    0.27    12.93    0.00      0.00     0.00   0.00    0.00     0.00  328.00    1.99    1.83  97.50


avg-cpu:  %user   %nice %system %iowait  %steal   %idle
           0.19    0.00    0.37    5.96    0.00   93.49

Device            r/s     rkB/s   rrqm/s  %rrqm r_await rareq-sz     w/s     wkB/s   wrqm/s  %wrqm w_await wareq-sz     d/s     dkB/s   drqm/s  %drqm d_await dareq-sz     f/s f_await  aqu-sz  %util
nvme0n1          0.00      0.00     0.00   0.00    0.00     0.00 4309.00  55704.00     0.00   0.00    0.27    12.93    0.00      0.00     0.00   0.00    0.00     0.00  331.00    1.97    1.82  97.00


avg-cpu:  %user   %nice %system %iowait  %steal   %idle
           0.19    0.00    0.56    5.89    0.00   93.37

Device            r/s     rkB/s   rrqm/s  %rrqm r_await rareq-sz     w/s     wkB/s   wrqm/s  %wrqm w_await wareq-sz     d/s     dkB/s   drqm/s  %drqm d_await dareq-sz     f/s f_await  aqu-sz  %util
nvme0n1          0.00      0.00     0.00   0.00    0.00     0.00 4331.00  56056.00     0.00   0.00    0.27    12.94    0.00      0.00     0.00   0.00    0.00     0.00  331.00    1.96    1.83  96.90


avg-cpu:  %user   %nice %system %iowait  %steal   %idle
           0.19    0.00    0.37    5.89    0.00   93.56

Device            r/s     rkB/s   rrqm/s  %rrqm r_await rareq-sz     w/s     wkB/s   wrqm/s  %wrqm w_await wareq-sz     d/s     dkB/s   drqm/s  %drqm d_await dareq-sz     f/s f_await  aqu-sz  %util
nvme0n1          0.00      0.00     0.00   0.00    0.00     0.00 4332.00  56032.00     0.00   0.00    0.27    12.93    0.00      0.00     0.00   0.00    0.00     0.00  332.00    1.96    1.83  96.80


avg-cpu:  %user   %nice %system %iowait  %steal   %idle
           0.19    0.00    0.62    5.83    0.00   93.37

Device            r/s     rkB/s   rrqm/s  %rrqm r_await rareq-sz     w/s     wkB/s   wrqm/s  %wrqm w_await wareq-sz     d/s     dkB/s   drqm/s  %drqm d_await dareq-sz     f/s f_await  aqu-sz  %util
nvme0n1          0.00      0.00     0.00   0.00    0.00     0.00 4234.00  54784.00     0.00   0.00    0.28    12.94    0.00      0.00     0.00   0.00    0.00     0.00  324.00    2.04    1.84  96.70


avg-cpu:  %user   %nice %system %iowait  %steal   %idle
           0.12    0.00    0.75    5.90    0.00   93.23

Device            r/s     rkB/s   rrqm/s  %rrqm r_await rareq-sz     w/s     wkB/s   wrqm/s  %wrqm w_await wareq-sz     d/s     dkB/s   drqm/s  %drqm d_await dareq-sz     f/s f_await  aqu-sz  %util
nvme0n1          0.00      0.00     0.00   0.00    0.00     0.00 6457.00  90100.00     0.00   0.00    2.45    13.95    0.00      0.00     0.00   0.00    0.00     0.00  330.00    1.93   16.46  97.30


avg-cpu:  %user   %nice %system %iowait  %steal   %idle
           0.19    0.00    0.43    5.88    0.00   93.50

Device            r/s     rkB/s   rrqm/s  %rrqm r_await rareq-sz     w/s     wkB/s   wrqm/s  %wrqm w_await wareq-sz     d/s     dkB/s   drqm/s  %drqm d_await dareq-sz     f/s f_await  aqu-sz  %util
nvme0n1          0.00      0.00     0.00   0.00    0.00     0.00 2861.00  32036.00     0.00   0.00    0.36    11.20    0.00      0.00     0.00   0.00    0.00     0.00  342.00    1.89    1.67  95.40


avg-cpu:  %user   %nice %system %iowait  %steal   %idle
           0.19    0.00    0.43    5.90    0.00   93.48

Device            r/s     rkB/s   rrqm/s  %rrqm r_await rareq-sz     w/s     wkB/s   wrqm/s  %wrqm w_await wareq-sz     d/s     dkB/s   drqm/s  %drqm d_await dareq-sz     f/s f_await  aqu-sz  %util
nvme0n1          0.00      0.00     0.00   0.00    0.00     0.00 3488.00  42312.00     0.00   0.00    0.31    12.13    0.00      0.00     0.00   0.00    0.00     0.00  338.00    1.90    1.72  97.00


avg-cpu:  %user   %nice %system %iowait  %steal   %idle
           0.12    0.00    0.43    5.95    0.00   93.49

Device            r/s     rkB/s   rrqm/s  %rrqm r_await rareq-sz     w/s     wkB/s   wrqm/s  %wrqm w_await wareq-sz     d/s     dkB/s   drqm/s  %drqm d_await dareq-sz     f/s f_await  aqu-sz  %util
nvme0n1          0.00      0.00     0.00   0.00    0.00     0.00 3420.00  41312.00     0.00   0.00    0.31    12.08    0.00      0.00     0.00   0.00    0.00     0.00  334.00    1.91    1.72  97.60


avg-cpu:  %user   %nice %system %iowait  %steal   %idle
           0.19    0.00    0.43    5.96    0.00   93.42

Device            r/s     rkB/s   rrqm/s  %rrqm r_await rareq-sz     w/s     wkB/s   wrqm/s  %wrqm w_await wareq-sz     d/s     dkB/s   drqm/s  %drqm d_await dareq-sz     f/s f_await  aqu-sz  %util
nvme0n1          0.00      0.00     0.00   0.00    0.00     0.00 4235.00  54680.00     0.00   0.00    0.27    12.91    0.00      0.00     0.00   0.00    0.00     0.00  327.00    2.01    1.81  96.80


avg-cpu:  %user   %nice %system %iowait  %steal   %idle
           0.19    0.00    0.43    5.94    0.00   93.44

Device            r/s     rkB/s   rrqm/s  %rrqm r_await rareq-sz     w/s     wkB/s   wrqm/s  %wrqm w_await wareq-sz     d/s     dkB/s   drqm/s  %drqm d_await dareq-sz     f/s f_await  aqu-sz  %util
nvme0n1          0.00      0.00     0.00   0.00    0.00     0.00 4335.00  56040.00     0.00   0.00    0.27    12.93    0.00      0.00     0.00   0.00    0.00     0.00  333.00    1.95    1.82  96.60


avg-cpu:  %user   %nice %system %iowait  %steal   %idle
           0.19    0.00    0.43    5.89    0.00   93.49

Device            r/s     rkB/s   rrqm/s  %rrqm r_await rareq-sz     w/s     wkB/s   wrqm/s  %wrqm w_await wareq-sz     d/s     dkB/s   drqm/s  %drqm d_await dareq-sz     f/s f_await  aqu-sz  %util
nvme0n1          0.00      0.00     0.00   0.00    0.00     0.00 4241.00  54856.00     0.00   0.00    0.28    12.93    0.00      0.00     0.00   0.00    0.00     0.00  325.00    2.03    1.83  96.40


avg-cpu:  %user   %nice %system %iowait  %steal   %idle
           0.12    0.00    0.50    5.89    0.00   93.49

Device            r/s     rkB/s   rrqm/s  %rrqm r_await rareq-sz     w/s     wkB/s   wrqm/s  %wrqm w_await wareq-sz     d/s     dkB/s   drqm/s  %drqm d_await dareq-sz     f/s f_await  aqu-sz  %util
nvme0n1          0.00      0.00     0.00   0.00    0.00     0.00 4201.00  54296.00     0.00   0.00    0.28    12.92    0.00      0.00     0.00   0.00    0.00     0.00  323.00    2.05    1.84  96.80


avg-cpu:  %user   %nice %system %iowait  %steal   %idle
           0.25    0.00    0.43    5.88    0.00   93.44

Device            r/s     rkB/s   rrqm/s  %rrqm r_await rareq-sz     w/s     wkB/s   wrqm/s  %wrqm w_await wareq-sz     d/s     dkB/s   drqm/s  %drqm d_await dareq-sz     f/s f_await  aqu-sz  %util
nvme0n1          0.00      0.00     0.00   0.00    0.00     0.00 4257.00  55032.00     0.00   0.00    0.27    12.93    0.00      0.00     0.00   0.00    0.00     0.00  327.00    1.98    1.82  96.60


avg-cpu:  %user   %nice %system %iowait  %steal   %idle
           0.12    0.00    0.50    5.89    0.00   93.49

Device            r/s     rkB/s   rrqm/s  %rrqm r_await rareq-sz     w/s     wkB/s   wrqm/s  %wrqm w_await wareq-sz     d/s     dkB/s   drqm/s  %drqm d_await dareq-sz     f/s f_await  aqu-sz  %util
nvme0n1          0.00      0.00     0.00   0.00    0.00     0.00 4422.00  57232.00     0.00   0.00    0.27    12.94    0.00      0.00     0.00   0.00    0.00     0.00  338.00    1.91    1.83  96.70


avg-cpu:  %user   %nice %system %iowait  %steal   %idle
           0.12    0.00    0.43    5.94    0.00   93.50

Device            r/s     rkB/s   rrqm/s  %rrqm r_await rareq-sz     w/s     wkB/s   wrqm/s  %wrqm w_await wareq-sz     d/s     dkB/s   drqm/s  %drqm d_await dareq-sz     f/s f_await  aqu-sz  %util
nvme0n1          0.00      0.00     0.00   0.00    0.00     0.00 4396.00  56976.00     0.00   0.00    0.27    12.96    0.00      0.00     0.00   0.00    0.00     0.00  334.00    1.95    1.83  97.20


avg-cpu:  %user   %nice %system %iowait  %steal   %idle
           0.19    0.00    0.56    5.87    0.00   93.39

Device            r/s     rkB/s   rrqm/s  %rrqm r_await rareq-sz     w/s     wkB/s   wrqm/s  %wrqm w_await wareq-sz     d/s     dkB/s   drqm/s  %drqm d_await dareq-sz     f/s f_await  aqu-sz  %util
nvme0n1          0.00      0.00     0.00   0.00    0.00     0.00 4410.00  55988.00     1.00   0.02    0.32    12.70    0.00      0.00     0.00   0.00    0.00     0.00  331.00    1.97    2.05  96.30


avg-cpu:  %user   %nice %system %iowait  %steal   %idle
           0.19    0.00    0.31    5.90    0.00   93.60

Device            r/s     rkB/s   rrqm/s  %rrqm r_await rareq-sz     w/s     wkB/s   wrqm/s  %wrqm w_await wareq-sz     d/s     dkB/s   drqm/s  %drqm d_await dareq-sz     f/s f_await  aqu-sz  %util
nvme0n1          0.00      0.00     0.00   0.00    0.00     0.00 4330.00  56000.00     0.00   0.00    0.27    12.93    0.00      0.00     0.00   0.00    0.00     0.00  332.00    1.96    1.84  96.90


avg-cpu:  %user   %nice %system %iowait  %steal   %idle
           0.12    0.00    0.50    5.94    0.00   93.44

Device            r/s     rkB/s   rrqm/s  %rrqm r_await rareq-sz     w/s     wkB/s   wrqm/s  %wrqm w_await wareq-sz     d/s     dkB/s   drqm/s  %drqm d_await dareq-sz     f/s f_await  aqu-sz  %util
nvme0n1          0.00      0.00     0.00   0.00    0.00     0.00 4269.00  55228.00     0.00   0.00    0.27    12.94    0.00      0.00     0.00   0.00    0.00     0.00  326.00    2.01    1.82  97.40


avg-cpu:  %user   %nice %system %iowait  %steal   %idle
           0.12    0.00    0.43    5.88    0.00   93.56

Device            r/s     rkB/s   rrqm/s  %rrqm r_await rareq-sz     w/s     wkB/s   wrqm/s  %wrqm w_await wareq-sz     d/s     dkB/s   drqm/s  %drqm d_await dareq-sz     f/s f_await  aqu-sz  %util
nvme0n1          0.00      0.00     0.00   0.00    0.00     0.00 4328.00  55968.00     0.00   0.00    0.27    12.93    0.00      0.00     0.00   0.00    0.00     0.00  332.00    1.96    1.83  97.50


avg-cpu:  %user   %nice %system %iowait  %steal   %idle
           0.19    0.00    0.50    5.89    0.00   93.42

Device            r/s     rkB/s   rrqm/s  %rrqm r_await rareq-sz     w/s     wkB/s   wrqm/s  %wrqm w_await wareq-sz     d/s     dkB/s   drqm/s  %drqm d_await dareq-sz     f/s f_await  aqu-sz  %util
nvme0n1          0.00      0.00     0.00   0.00    0.00     0.00 4319.00  55808.00     0.00   0.00    0.27    12.92    0.00      0.00     0.00   0.00    0.00     0.00  333.00    1.95    1.82  95.60


avg-cpu:  %user   %nice %system %iowait  %steal   %idle
           0.19    0.00    0.56    5.83    0.00   93.43

Device            r/s     rkB/s   rrqm/s  %rrqm r_await rareq-sz     w/s     wkB/s   wrqm/s  %wrqm w_await wareq-sz     d/s     dkB/s   drqm/s  %drqm d_await dareq-sz     f/s f_await  aqu-sz  %util
nvme0n1          0.00      0.00     0.00   0.00    0.00     0.00 4324.00  55904.00     0.00   0.00    0.27    12.93    0.00      0.00     0.00   0.00    0.00     0.00  332.00    1.95    1.83  96.60


avg-cpu:  %user   %nice %system %iowait  %steal   %idle
           0.25    0.00    0.43    5.81    0.00   93.51

Device            r/s     rkB/s   rrqm/s  %rrqm r_await rareq-sz     w/s     wkB/s   wrqm/s  %wrqm w_await wareq-sz     d/s     dkB/s   drqm/s  %drqm d_await dareq-sz     f/s f_await  aqu-sz  %util
nvme0n1          0.00      0.00     0.00   0.00    0.00     0.00 4308.00  55676.00     0.00   0.00    0.27    12.92    0.00      0.00     0.00   0.00    0.00     0.00  331.00    1.95    1.82  96.30


avg-cpu:  %user   %nice %system %iowait  %steal   %idle
           0.19    0.00    0.43    5.95    0.00   93.43

Device            r/s     rkB/s   rrqm/s  %rrqm r_await rareq-sz     w/s     wkB/s   wrqm/s  %wrqm w_await wareq-sz     d/s     dkB/s   drqm/s  %drqm d_await dareq-sz     f/s f_await  aqu-sz  %util
nvme0n1          0.00      0.00     0.00   0.00    0.00     0.00 4368.00  56476.00     0.00   0.00    0.27    12.93    0.00      0.00     0.00   0.00    0.00     0.00  335.00    1.94    1.82  97.00


avg-cpu:  %user   %nice %system %iowait  %steal   %idle
           0.19    0.00    0.56    5.89    0.00   93.37

Device            r/s     rkB/s   rrqm/s  %rrqm r_await rareq-sz     w/s     wkB/s   wrqm/s  %wrqm w_await wareq-sz     d/s     dkB/s   drqm/s  %drqm d_await dareq-sz     f/s f_await  aqu-sz  %util
nvme0n1          0.00      0.00     0.00   0.00    0.00     0.00 5255.00  70840.00     0.00   0.00    0.79    13.48    0.00      0.00     0.00   0.00    0.00     0.00  331.00    1.96    4.79  96.00


avg-cpu:  %user   %nice %system %iowait  %steal   %idle
           0.25    0.00    0.49    5.86    0.00   93.40

Device            r/s     rkB/s   rrqm/s  %rrqm r_await rareq-sz     w/s     wkB/s   wrqm/s  %wrqm w_await wareq-sz     d/s     dkB/s   drqm/s  %drqm d_await dareq-sz     f/s f_await  aqu-sz  %util
nvme0n1          0.00      0.00     0.00   0.00    0.00     0.00 4277.00  55272.00     0.00   0.00    0.28    12.92    0.00      0.00     0.00   0.00    0.00     0.00  329.00    1.99    1.84  96.80


avg-cpu:  %user   %nice %system %iowait  %steal   %idle
           0.12    0.00    0.56    5.82    0.00   93.50

Device            r/s     rkB/s   rrqm/s  %rrqm r_await rareq-sz     w/s     wkB/s   wrqm/s  %wrqm w_await wareq-sz     d/s     dkB/s   drqm/s  %drqm d_await dareq-sz     f/s f_await  aqu-sz  %util
nvme0n1          0.00      0.00     0.00   0.00    0.00     0.00 4423.00  57288.00     0.00   0.00    0.27    12.95    0.00      0.00     0.00   0.00    0.00     0.00  337.00    1.91    1.83  96.90


avg-cpu:  %user   %nice %system %iowait  %steal   %idle
           0.19    0.00    0.43    5.84    0.00   93.54

Device            r/s     rkB/s   rrqm/s  %rrqm r_await rareq-sz     w/s     wkB/s   wrqm/s  %wrqm w_await wareq-sz     d/s     dkB/s   drqm/s  %drqm d_await dareq-sz     f/s f_await  aqu-sz  %util
nvme0n1          0.00      0.00     0.00   0.00    0.00     0.00 4179.00  54104.00     0.00   0.00    0.28    12.95    0.00      0.00     0.00   0.00    0.00     0.00  319.00    2.06    1.83  96.90


avg-cpu:  %user   %nice %system %iowait  %steal   %idle
           0.19    0.00    0.43    5.95    0.00   93.43

Device            r/s     rkB/s   rrqm/s  %rrqm r_await rareq-sz     w/s     wkB/s   wrqm/s  %wrqm w_await wareq-sz     d/s     dkB/s   drqm/s  %drqm d_await dareq-sz     f/s f_await  aqu-sz  %util
nvme0n1          0.00      0.00     0.00   0.00    0.00     0.00 4264.00  55084.00     0.00   0.00    0.27    12.92    0.00      0.00     0.00   0.00    0.00     0.00  327.00    2.00    1.82  96.80


avg-cpu:  %user   %nice %system %iowait  %steal   %idle
           0.19    0.00    0.50    5.88    0.00   93.44

Device            r/s     rkB/s   rrqm/s  %rrqm r_await rareq-sz     w/s     wkB/s   wrqm/s  %wrqm w_await wareq-sz     d/s     dkB/s   drqm/s  %drqm d_await dareq-sz     f/s f_await  aqu-sz  %util
nvme0n1          0.00      0.00     0.00   0.00    0.00     0.00 4384.00  56648.00     0.00   0.00    0.27    12.92    0.00      0.00     0.00   0.00    0.00     0.00  338.00    1.91    1.83  97.50


avg-cpu:  %user   %nice %system %iowait  %steal   %idle
           0.19    0.00    0.43    5.93    0.00   93.45

Device            r/s     rkB/s   rrqm/s  %rrqm r_await rareq-sz     w/s     wkB/s   wrqm/s  %wrqm w_await wareq-sz     d/s     dkB/s   drqm/s  %drqm d_await dareq-sz     f/s f_await  aqu-sz  %util
nvme0n1          0.00      0.00     0.00   0.00    0.00     0.00 4202.00  54328.00     0.00   0.00    0.28    12.93    0.00      0.00     0.00   0.00    0.00     0.00  322.00    2.03    1.83  96.90


avg-cpu:  %user   %nice %system %iowait  %steal   %idle
           0.19    0.00    0.50    5.88    0.00   93.44

Device            r/s     rkB/s   rrqm/s  %rrqm r_await rareq-sz     w/s     wkB/s   wrqm/s  %wrqm w_await wareq-sz     d/s     dkB/s   drqm/s  %drqm d_await dareq-sz     f/s f_await  aqu-sz  %util
nvme0n1          0.00      0.00     0.00   0.00    0.00     0.00 4178.00  53996.00     0.00   0.00    0.28    12.92    0.00      0.00     0.00   0.00    0.00     0.00  321.00    2.05    1.83  97.00


avg-cpu:  %user   %nice %system %iowait  %steal   %idle
           0.19    0.00    0.62    5.84    0.00   93.35

Device            r/s     rkB/s   rrqm/s  %rrqm r_await rareq-sz     w/s     wkB/s   wrqm/s  %wrqm w_await wareq-sz     d/s     dkB/s   drqm/s  %drqm d_await dareq-sz     f/s f_await  aqu-sz  %util
nvme0n1          0.00      0.00     0.00   0.00    0.00     0.00 4277.00  55404.00     0.00   0.00    0.28    12.95    0.00      0.00     0.00   0.00    0.00     0.00  326.00    2.01    1.83  96.10


avg-cpu:  %user   %nice %system %iowait  %steal   %idle
           0.19    0.00    0.43    5.95    0.00   93.43

Device            r/s     rkB/s   rrqm/s  %rrqm r_await rareq-sz     w/s     wkB/s   wrqm/s  %wrqm w_await wareq-sz     d/s     dkB/s   drqm/s  %drqm d_await dareq-sz     f/s f_await  aqu-sz  %util
nvme0n1          0.00      0.00     0.00   0.00    0.00     0.00 4290.00  55468.00     0.00   0.00    0.27    12.93    0.00      0.00     0.00   0.00    0.00     0.00  329.00    1.98    1.82  97.50


avg-cpu:  %user   %nice %system %iowait  %steal   %idle
           0.19    0.00    0.49    5.88    0.00   93.44

Device            r/s     rkB/s   rrqm/s  %rrqm r_await rareq-sz     w/s     wkB/s   wrqm/s  %wrqm w_await wareq-sz     d/s     dkB/s   drqm/s  %drqm d_await dareq-sz     f/s f_await  aqu-sz  %util
nvme0n1          0.00      0.00     0.00   0.00    0.00     0.00 4278.00  55352.00     0.00   0.00    0.28    12.94    0.00      0.00     0.00   0.00    0.00     0.00  328.00    1.99    1.83  96.30


avg-cpu:  %user   %nice %system %iowait  %steal   %idle
           0.12    0.00    0.81    5.83    0.00   93.24

Device            r/s     rkB/s   rrqm/s  %rrqm r_await rareq-sz     w/s     wkB/s   wrqm/s  %wrqm w_await wareq-sz     d/s     dkB/s   drqm/s  %drqm d_await dareq-sz     f/s f_await  aqu-sz  %util
nvme0n1          0.00      0.00     0.00   0.00    0.00     0.00 6943.00  98252.00     0.00   0.00    3.17    14.15    0.00      0.00     0.00   0.00    0.00     0.00  320.00    2.00   22.62  97.20


avg-cpu:  %user   %nice %system %iowait  %steal   %idle
           0.19    0.00    0.37    6.02    0.00   93.42

Device            r/s     rkB/s   rrqm/s  %rrqm r_await rareq-sz     w/s     wkB/s   wrqm/s  %wrqm w_await wareq-sz     d/s     dkB/s   drqm/s  %drqm d_await dareq-sz     f/s f_await  aqu-sz  %util
nvme0n1          0.00      0.00     0.00   0.00    0.00     0.00 2630.00  28264.00     0.00   0.00    0.38    10.75    0.00      0.00     0.00   0.00    0.00     0.00  346.00    1.88    1.66  97.20


avg-cpu:  %user   %nice %system %iowait  %steal   %idle
           0.19    0.00    0.37    5.89    0.00   93.55

Device            r/s     rkB/s   rrqm/s  %rrqm r_await rareq-sz     w/s     wkB/s   wrqm/s  %wrqm w_await wareq-sz     d/s     dkB/s   drqm/s  %drqm d_await dareq-sz     f/s f_await  aqu-sz  %util
nvme0n1          0.00      0.00     0.00   0.00    0.00     0.00 3459.00  41756.00     2.00   0.06    0.31    12.07    0.00      0.00     0.00   0.00    0.00     0.00  337.00    1.91    1.73  95.90


avg-cpu:  %user   %nice %system %iowait  %steal   %idle
           0.25    0.00    0.56    5.81    0.00   93.39

Device            r/s     rkB/s   rrqm/s  %rrqm r_await rareq-sz     w/s     wkB/s   wrqm/s  %wrqm w_await wareq-sz     d/s     dkB/s   drqm/s  %drqm d_await dareq-sz     f/s f_await  aqu-sz  %util
nvme0n1          0.00      0.00     0.00   0.00    0.00     0.00 3622.00  44488.00     0.00   0.00    0.30    12.28    0.00      0.00     0.00   0.00    0.00     0.00  336.00    1.90    1.73  95.90


avg-cpu:  %user   %nice %system %iowait  %steal   %idle
           0.12    0.00    0.31    5.96    0.00   93.61

Device            r/s     rkB/s   rrqm/s  %rrqm r_await rareq-sz     w/s     wkB/s   wrqm/s  %wrqm w_await wareq-sz     d/s     dkB/s   drqm/s  %drqm d_await dareq-sz     f/s f_await  aqu-sz  %util
nvme0n1          0.00      0.00     0.00   0.00    0.00     0.00 3963.00  50036.00     0.00   0.00    0.28    12.63    0.00      0.00     0.00   0.00    0.00     0.00  334.00    1.93    1.76  96.40


avg-cpu:  %user   %nice %system %iowait  %steal   %idle
           0.19    0.00    0.50    5.82    0.00   93.50

Device            r/s     rkB/s   rrqm/s  %rrqm r_await rareq-sz     w/s     wkB/s   wrqm/s  %wrqm w_await wareq-sz     d/s     dkB/s   drqm/s  %drqm d_await dareq-sz     f/s f_await  aqu-sz  %util
nvme0n1          0.00      0.00     0.00   0.00    0.00     0.00 4370.00  56508.00     0.00   0.00    0.27    12.93    0.00      0.00     0.00   0.00    0.00     0.00  335.00    1.95    1.82  95.50


avg-cpu:  %user   %nice %system %iowait  %steal   %idle
           0.19    0.00    0.43    5.89    0.00   93.49

Device            r/s     rkB/s   rrqm/s  %rrqm r_await rareq-sz     w/s     wkB/s   wrqm/s  %wrqm w_await wareq-sz     d/s     dkB/s   drqm/s  %drqm d_await dareq-sz     f/s f_await  aqu-sz  %util
nvme0n1          0.00      0.00     0.00   0.00    0.00     0.00 4416.00  57136.00     0.00   0.00    0.27    12.94    0.00      0.00     0.00   0.00    0.00     0.00  338.00    1.91    1.82  96.70


avg-cpu:  %user   %nice %system %iowait  %steal   %idle
           0.19    0.00    0.50    5.88    0.00   93.44

Device            r/s     rkB/s   rrqm/s  %rrqm r_await rareq-sz     w/s     wkB/s   wrqm/s  %wrqm w_await wareq-sz     d/s     dkB/s   drqm/s  %drqm d_await dareq-sz     f/s f_await  aqu-sz  %util
nvme0n1          0.00      0.00     0.00   0.00    0.00     0.00 4355.00  56280.00     0.00   0.00    0.27    12.92    0.00      0.00     0.00   0.00    0.00     0.00  335.00    1.92    1.82  96.70


avg-cpu:  %user   %nice %system %iowait  %steal   %idle
           0.12    0.00    0.49    5.86    0.00   93.53

Device            r/s     rkB/s   rrqm/s  %rrqm r_await rareq-sz     w/s     wkB/s   wrqm/s  %wrqm w_await wareq-sz     d/s     dkB/s   drqm/s  %drqm d_await dareq-sz     f/s f_await  aqu-sz  %util
nvme0n1          0.00      0.00     0.00   0.00    0.00     0.00 4292.00  55496.00     0.00   0.00    0.27    12.93    0.00      0.00     0.00   0.00    0.00     0.00  330.00    1.98    1.83  97.10


avg-cpu:  %user   %nice %system %iowait  %steal   %idle
           0.19    0.00    0.50    5.76    0.00   93.56

Device            r/s     rkB/s   rrqm/s  %rrqm r_await rareq-sz     w/s     wkB/s   wrqm/s  %wrqm w_await wareq-sz     d/s     dkB/s   drqm/s  %drqm d_await dareq-sz     f/s f_await  aqu-sz  %util
nvme0n1          0.00      0.00     0.00   0.00    0.00     0.00 4366.00  56608.00     0.00   0.00    0.27    12.97    0.00      0.00     0.00   0.00    0.00     0.00  330.00    1.97    1.83  96.10


avg-cpu:  %user   %nice %system %iowait  %steal   %idle
           0.19    0.00    0.37    6.00    0.00   93.44

Device            r/s     rkB/s   rrqm/s  %rrqm r_await rareq-sz     w/s     wkB/s   wrqm/s  %wrqm w_await wareq-sz     d/s     dkB/s   drqm/s  %drqm d_await dareq-sz     f/s f_await  aqu-sz  %util
nvme0n1          0.00      0.00     0.00   0.00    0.00     0.00 4355.00  56280.00     0.00   0.00    0.27    12.92    0.00      0.00     0.00   0.00    0.00     0.00  335.00    1.93    1.82  97.40


avg-cpu:  %user   %nice %system %iowait  %steal   %idle
           0.12    0.00    0.43    5.88    0.00   93.56

Device            r/s     rkB/s   rrqm/s  %rrqm r_await rareq-sz     w/s     wkB/s   wrqm/s  %wrqm w_await wareq-sz     d/s     dkB/s   drqm/s  %drqm d_await dareq-sz     f/s f_await  aqu-sz  %util
nvme0n1          0.00      0.00     0.00   0.00    0.00     0.00 4409.00  57064.00     0.00   0.00    0.27    12.94    0.00      0.00     0.00   0.00    0.00     0.00  337.00    1.91    1.83  96.90


avg-cpu:  %user   %nice %system %iowait  %steal   %idle
           0.19    0.00    0.50    5.94    0.00   93.38

Device            r/s     rkB/s   rrqm/s  %rrqm r_await rareq-sz     w/s     wkB/s   wrqm/s  %wrqm w_await wareq-sz     d/s     dkB/s   drqm/s  %drqm d_await dareq-sz     f/s f_await  aqu-sz  %util
nvme0n1          0.00      0.00     0.00   0.00    0.00     0.00 4346.00  56176.00     0.00   0.00    0.27    12.93    0.00      0.00     0.00   0.00    0.00     0.00  334.00    1.94    1.84  96.70


avg-cpu:  %user   %nice %system %iowait  %steal   %idle
           0.19    0.00    0.49    5.88    0.00   93.44

Device            r/s     rkB/s   rrqm/s  %rrqm r_await rareq-sz     w/s     wkB/s   wrqm/s  %wrqm w_await wareq-sz     d/s     dkB/s   drqm/s  %drqm d_await dareq-sz     f/s f_await  aqu-sz  %util
nvme0n1          0.00      0.00     0.00   0.00    0.00     0.00 4295.00  55600.00     0.00   0.00    0.28    12.95    0.00      0.00     0.00   0.00    0.00     0.00  328.00    2.00    1.84  97.10


avg-cpu:  %user   %nice %system %iowait  %steal   %idle
           0.12    0.00    0.43    5.94    0.00   93.51

Device            r/s     rkB/s   rrqm/s  %rrqm r_await rareq-sz     w/s     wkB/s   wrqm/s  %wrqm w_await wareq-sz     d/s     dkB/s   drqm/s  %drqm d_await dareq-sz     f/s f_await  aqu-sz  %util
nvme0n1          0.00      0.00     0.00   0.00    0.00     0.00 4291.00  55616.00     0.00   0.00    0.27    12.96    0.00      0.00     0.00   0.00    0.00     0.00  326.00    2.01    1.83  97.50


avg-cpu:  %user   %nice %system %iowait  %steal   %idle
           0.25    0.00    0.56    5.81    0.00   93.39

Device            r/s     rkB/s   rrqm/s  %rrqm r_await rareq-sz     w/s     wkB/s   wrqm/s  %wrqm w_await wareq-sz     d/s     dkB/s   drqm/s  %drqm d_await dareq-sz     f/s f_await  aqu-sz  %util
nvme0n1          0.00      0.00     0.00   0.00    0.00     0.00 4272.00  55232.00     0.00   0.00    0.27    12.93    0.00      0.00     0.00   0.00    0.00     0.00  328.00    2.00    1.83  95.40


avg-cpu:  %user   %nice %system %iowait  %steal   %idle
           0.12    0.00    0.37    5.96    0.00   93.55

Device            r/s     rkB/s   rrqm/s  %rrqm r_await rareq-sz     w/s     wkB/s   wrqm/s  %wrqm w_await wareq-sz     d/s     dkB/s   drqm/s  %drqm d_await dareq-sz     f/s f_await  aqu-sz  %util
nvme0n1          0.00      0.00     0.00   0.00    0.00     0.00 4317.00  55808.00     0.00   0.00    0.27    12.93    0.00      0.00     0.00   0.00    0.00     0.00  331.00    1.94    1.82  96.60


avg-cpu:  %user   %nice %system %iowait  %steal   %idle
           0.19    0.00    0.56    5.88    0.00   93.38

Device            r/s     rkB/s   rrqm/s  %rrqm r_await rareq-sz     w/s     wkB/s   wrqm/s  %wrqm w_await wareq-sz     d/s     dkB/s   drqm/s  %drqm d_await dareq-sz     f/s f_await  aqu-sz  %util
nvme0n1          0.00      0.00     0.00   0.00    0.00     0.00 4270.00  55200.00     0.00   0.00    0.28    12.93    0.00      0.00     0.00   0.00    0.00     0.00  328.00    2.00    1.84  97.20


avg-cpu:  %user   %nice %system %iowait  %steal   %idle
           0.12    0.00    0.43    5.94    0.00   93.50

Device            r/s     rkB/s   rrqm/s  %rrqm r_await rareq-sz     w/s     wkB/s   wrqm/s  %wrqm w_await wareq-sz     d/s     dkB/s   drqm/s  %drqm d_await dareq-sz     f/s f_await  aqu-sz  %util
nvme0n1          0.00      0.00     0.00   0.00    0.00     0.00 4323.00  56032.00     0.00   0.00    0.27    12.96    0.00      0.00     0.00   0.00    0.00     0.00  329.00    1.99    1.84  97.40


avg-cpu:  %user   %nice %system %iowait  %steal   %idle
           0.12    0.00    0.50    5.89    0.00   93.49

Device            r/s     rkB/s   rrqm/s  %rrqm r_await rareq-sz     w/s     wkB/s   wrqm/s  %wrqm w_await wareq-sz     d/s     dkB/s   drqm/s  %drqm d_await dareq-sz     f/s f_await  aqu-sz  %util
nvme0n1          0.00      0.00     0.00   0.00    0.00     0.00 4279.00  55304.00     0.00   0.00    0.27    12.92    0.00      0.00     0.00   0.00    0.00     0.00  329.00    1.98    1.82  96.90


avg-cpu:  %user   %nice %system %iowait  %steal   %idle
           0.19    0.00    0.43    5.90    0.00   93.48

Device            r/s     rkB/s   rrqm/s  %rrqm r_await rareq-sz     w/s     wkB/s   wrqm/s  %wrqm w_await wareq-sz     d/s     dkB/s   drqm/s  %drqm d_await dareq-sz     f/s f_await  aqu-sz  %util
nvme0n1          0.00      0.00     0.00   0.00    0.00     0.00 5234.00  70600.00     0.00   0.00    0.98    13.49    0.00      0.00     0.00   0.00    0.00     0.00  328.00    1.98    5.78  96.80


avg-cpu:  %user   %nice %system %iowait  %steal   %idle
           0.19    0.00    0.50    5.94    0.00   93.37

Device            r/s     rkB/s   rrqm/s  %rrqm r_await rareq-sz     w/s     wkB/s   wrqm/s  %wrqm w_await wareq-sz     d/s     dkB/s   drqm/s  %drqm d_await dareq-sz     f/s f_await  aqu-sz  %util
nvme0n1          0.00      0.00     0.00   0.00    0.00     0.00 4234.00  54728.00     0.00   0.00    0.28    12.93    0.00      0.00     0.00   0.00    0.00     0.00  326.00    2.01    1.83  96.70


avg-cpu:  %user   %nice %system %iowait  %steal   %idle
           0.19    0.00    0.50    5.88    0.00   93.44

Device            r/s     rkB/s   rrqm/s  %rrqm r_await rareq-sz     w/s     wkB/s   wrqm/s  %wrqm w_await wareq-sz     d/s     dkB/s   drqm/s  %drqm d_await dareq-sz     f/s f_await  aqu-sz  %util
nvme0n1          0.00      0.00     0.00   0.00    0.00     0.00 4249.00  55040.00     0.00   0.00    0.28    12.95    0.00      0.00     0.00   0.00    0.00     0.00  323.00    2.04    1.84  96.60


avg-cpu:  %user   %nice %system %iowait  %steal   %idle
           0.25    0.00    0.43    5.94    0.00   93.37

Device            r/s     rkB/s   rrqm/s  %rrqm r_await rareq-sz     w/s     wkB/s   wrqm/s  %wrqm w_await wareq-sz     d/s     dkB/s   drqm/s  %drqm d_await dareq-sz     f/s f_await  aqu-sz  %util
nvme0n1          0.00      0.00     0.00   0.00    0.00     0.00 4306.00  55856.00     0.00   0.00    0.27    12.97    0.00      0.00     0.00   0.00    0.00     0.00  326.00    2.01    1.84  97.20


avg-cpu:  %user   %nice %system %iowait  %steal   %idle
           0.12    0.00    0.56    5.87    0.00   93.45

Device            r/s     rkB/s   rrqm/s  %rrqm r_await rareq-sz     w/s     wkB/s   wrqm/s  %wrqm w_await wareq-sz     d/s     dkB/s   drqm/s  %drqm d_await dareq-sz     f/s f_await  aqu-sz  %util
nvme0n1          0.00      0.00     0.00   0.00    0.00     0.00 4205.00  54324.00     0.00   0.00    0.28    12.92    0.00      0.00     0.00   0.00    0.00     0.00  324.00    2.03    1.82  97.00


avg-cpu:  %user   %nice %system %iowait  %steal   %idle
           0.12    0.00    0.43    5.89    0.00   93.56

Device            r/s     rkB/s   rrqm/s  %rrqm r_await rareq-sz     w/s     wkB/s   wrqm/s  %wrqm w_await wareq-sz     d/s     dkB/s   drqm/s  %drqm d_await dareq-sz     f/s f_await  aqu-sz  %util
nvme0n1          0.00      0.00     0.00   0.00    0.00     0.00 4243.00  54808.00     0.00   0.00    0.28    12.92    0.00      0.00     0.00   0.00    0.00     0.00  327.00    2.01    1.82  96.90


avg-cpu:  %user   %nice %system %iowait  %steal   %idle
           0.19    0.00    0.50    5.88    0.00   93.44

Device            r/s     rkB/s   rrqm/s  %rrqm r_await rareq-sz     w/s     wkB/s   wrqm/s  %wrqm w_await wareq-sz     d/s     dkB/s   drqm/s  %drqm d_await dareq-sz     f/s f_await  aqu-sz  %util
nvme0n1          0.00      0.00     0.00   0.00    0.00     0.00 4393.00  56888.00     0.00   0.00    0.27    12.95    0.00      0.00     0.00   0.00    0.00     0.00  335.00    1.92    1.82  96.40


avg-cpu:  %user   %nice %system %iowait  %steal   %idle
           0.19    0.00    0.43    5.95    0.00   93.43

Device            r/s     rkB/s   rrqm/s  %rrqm r_await rareq-sz     w/s     wkB/s   wrqm/s  %wrqm w_await wareq-sz     d/s     dkB/s   drqm/s  %drqm d_await dareq-sz     f/s f_await  aqu-sz  %util
nvme0n1          0.00      0.00     0.00   0.00    0.00     0.00 4305.00  55640.00     0.00   0.00    0.27    12.92    0.00      0.00     0.00   0.00    0.00     0.00  331.00    1.97    1.82  96.80


avg-cpu:  %user   %nice %system %iowait  %steal   %idle
           0.19    0.00    0.50    5.89    0.00   93.43

Device            r/s     rkB/s   rrqm/s  %rrqm r_await rareq-sz     w/s     wkB/s   wrqm/s  %wrqm w_await wareq-sz     d/s     dkB/s   drqm/s  %drqm d_await dareq-sz     f/s f_await  aqu-sz  %util
nvme0n1          0.00      0.00     0.00   0.00    0.00     0.00 4378.00  56632.00     0.00   0.00    0.27    12.94    0.00      0.00     0.00   0.00    0.00     0.00  336.00    1.94    1.81  96.70


avg-cpu:  %user   %nice %system %iowait  %steal   %idle
           0.19    0.00    0.43    5.81    0.00   93.57

Device            r/s     rkB/s   rrqm/s  %rrqm r_await rareq-sz     w/s     wkB/s   wrqm/s  %wrqm w_await wareq-sz     d/s     dkB/s   drqm/s  %drqm d_await dareq-sz     f/s f_await  aqu-sz  %util
nvme0n1          0.00      0.00     0.00   0.00    0.00     0.00 4263.00  55104.00     0.00   0.00    0.27    12.93    0.00      0.00     0.00   0.00    0.00     0.00  327.00    1.98    1.79  96.20


avg-cpu:  %user   %nice %system %iowait  %steal   %idle
           0.12    0.00    0.92    5.79    0.00   93.16

Device            r/s     rkB/s   rrqm/s  %rrqm r_await rareq-sz     w/s     wkB/s   wrqm/s  %wrqm w_await wareq-sz     d/s     dkB/s   drqm/s  %drqm d_await dareq-sz     f/s f_await  aqu-sz  %util
nvme0n1          0.00      0.00     0.00   0.00    0.00     0.00 7134.00 101292.00     0.00   0.00    3.15    14.20    0.00      0.00     0.00   0.00    0.00     0.00  321.00    1.97   23.09  96.20


avg-cpu:  %user   %nice %system %iowait  %steal   %idle
           0.19    0.00    0.25    5.88    0.00   93.69

Device            r/s     rkB/s   rrqm/s  %rrqm r_await rareq-sz     w/s     wkB/s   wrqm/s  %wrqm w_await wareq-sz     d/s     dkB/s   drqm/s  %drqm d_await dareq-sz     f/s f_await  aqu-sz  %util
nvme0n1          0.00      0.00     0.00   0.00    0.00     0.00 2396.00  24628.00     0.00   0.00    0.41    10.28    0.00      0.00     0.00   0.00    0.00     0.00  343.00    1.88    1.62  96.00


avg-cpu:  %user   %nice %system %iowait  %steal   %idle
           0.18    0.00    0.55    5.79    0.00   93.47

Device            r/s     rkB/s   rrqm/s  %rrqm r_await rareq-sz     w/s     wkB/s   wrqm/s  %wrqm w_await wareq-sz     d/s     dkB/s   drqm/s  %drqm d_await dareq-sz     f/s f_await  aqu-sz  %util
nvme0n1          0.00      0.00     0.00   0.00    0.00     0.00 3266.00  38904.00     0.00   0.00    0.32    11.91    0.00      0.00     0.00   0.00    0.00     0.00  332.00    1.90    1.68  93.70


avg-cpu:  %user   %nice %system %iowait  %steal   %idle
           0.75    0.25    0.68    1.87    0.00   96.45

Device            r/s     rkB/s   rrqm/s  %rrqm r_await rareq-sz     w/s     wkB/s   wrqm/s  %wrqm w_await wareq-sz     d/s     dkB/s   drqm/s  %drqm d_await dareq-sz     f/s f_await  aqu-sz  %util
nvme0n1          0.00      0.00     0.00   0.00    0.00     0.00 1123.00  13624.00     0.00   0.00    0.32    12.13    0.00      0.00     0.00   0.00    0.00     0.00  105.00    1.96    0.56  30.40


avg-cpu:  %user   %nice %system %iowait  %steal   %idle
           0.25    0.00    0.50    5.90    0.00   93.35

Device            r/s     rkB/s   rrqm/s  %rrqm r_await rareq-sz     w/s     wkB/s   wrqm/s  %wrqm w_await wareq-sz     d/s     dkB/s   drqm/s  %drqm d_await dareq-sz     f/s f_await  aqu-sz  %util
nvme0n1          0.00      0.00     0.00   0.00    0.00     0.00 3684.00  45636.00     0.00   0.00    0.29    12.39    0.00      0.00     0.00   0.00    0.00     0.00  333.00    1.92    1.73  96.20


avg-cpu:  %user   %nice %system %iowait  %steal   %idle
           0.12    0.00    0.49    5.94    0.00   93.44

Device            r/s     rkB/s   rrqm/s  %rrqm r_await rareq-sz     w/s     wkB/s   wrqm/s  %wrqm w_await wareq-sz     d/s     dkB/s   drqm/s  %drqm d_await dareq-sz     f/s f_await  aqu-sz  %util
nvme0n1          0.00      0.00     0.00   0.00    0.00     0.00 3716.00  45992.00     0.00   0.00    0.30    12.38    0.00      0.00     0.00   0.00    0.00     0.00  336.00    1.91    1.74  97.60


avg-cpu:  %user   %nice %system %iowait  %steal   %idle
           0.25    0.00    0.50    5.89    0.00   93.37

Device            r/s     rkB/s   rrqm/s  %rrqm r_await rareq-sz     w/s     wkB/s   wrqm/s  %wrqm w_await wareq-sz     d/s     dkB/s   drqm/s  %drqm d_await dareq-sz     f/s f_await  aqu-sz  %util
nvme0n1          0.00      0.00     0.00   0.00    0.00     0.00 4283.00  55232.00     0.00   0.00    0.27    12.90    0.00      0.00     0.00   0.00    0.00     0.00  333.00    1.96    1.80  96.10


avg-cpu:  %user   %nice %system %iowait  %steal   %idle
           0.19    0.00    0.50    5.75    0.00   93.56

Device            r/s     rkB/s   rrqm/s  %rrqm r_await rareq-sz     w/s     wkB/s   wrqm/s  %wrqm w_await wareq-sz     d/s     dkB/s   drqm/s  %drqm d_await dareq-sz     f/s f_await  aqu-sz  %util
nvme0n1          0.00      0.00     0.00   0.00    0.00     0.00 4284.00  55400.00     0.00   0.00    0.27    12.93    0.00      0.00     0.00   0.00    0.00     0.00  328.00    1.97    1.81  95.20


avg-cpu:  %user   %nice %system %iowait  %steal   %idle
           0.19    0.00    0.43    5.94    0.00   93.44

Device            r/s     rkB/s   rrqm/s  %rrqm r_await rareq-sz     w/s     wkB/s   wrqm/s  %wrqm w_await wareq-sz     d/s     dkB/s   drqm/s  %drqm d_await dareq-sz     f/s f_await  aqu-sz  %util
nvme0n1          0.00      0.00     0.00   0.00    0.00     0.00 4275.00  55264.00     0.00   0.00    0.27    12.93    0.00      0.00     0.00   0.00    0.00     0.00  329.00    1.98    1.82  97.00


avg-cpu:  %user   %nice %system %iowait  %steal   %idle
           0.12    0.00    0.56    5.89    0.00   93.43

Device            r/s     rkB/s   rrqm/s  %rrqm r_await rareq-sz     w/s     wkB/s   wrqm/s  %wrqm w_await wareq-sz     d/s     dkB/s   drqm/s  %drqm d_await dareq-sz     f/s f_await  aqu-sz  %util
nvme0n1          0.00      0.00     0.00   0.00    0.00     0.00 4233.00  54704.00     0.00   0.00    0.28    12.92    0.00      0.00     0.00   0.00    0.00     0.00  325.00    2.01    1.83  96.80


avg-cpu:  %user   %nice %system %iowait  %steal   %idle
           0.25    0.00    0.43    5.95    0.00   93.37

Device            r/s     rkB/s   rrqm/s  %rrqm r_await rareq-sz     w/s     wkB/s   wrqm/s  %wrqm w_await wareq-sz     d/s     dkB/s   drqm/s  %drqm d_await dareq-sz     f/s f_await  aqu-sz  %util
nvme0n1          0.00      0.00     0.00   0.00    0.00     0.00 4181.00  54056.00     0.00   0.00    0.28    12.93    0.00      0.00     0.00   0.00    0.00     0.00  321.00    2.06    1.83  96.80


avg-cpu:  %user   %nice %system %iowait  %steal   %idle
           0.19    0.00    0.50    5.88    0.00   93.44

Device            r/s     rkB/s   rrqm/s  %rrqm r_await rareq-sz     w/s     wkB/s   wrqm/s  %wrqm w_await wareq-sz     d/s     dkB/s   drqm/s  %drqm d_await dareq-sz     f/s f_await  aqu-sz  %util
nvme0n1          0.00      0.00     0.00   0.00    0.00     0.00 4304.00  55824.00     0.00   0.00    0.28    12.97    0.00      0.00     0.00   0.00    0.00     0.00  326.00    2.01    1.84  96.70


avg-cpu:  %user   %nice %system %iowait  %steal   %idle
           0.12    0.00    0.43    5.89    0.00   93.56

Device            r/s     rkB/s   rrqm/s  %rrqm r_await rareq-sz     w/s     wkB/s   wrqm/s  %wrqm w_await wareq-sz     d/s     dkB/s   drqm/s  %drqm d_await dareq-sz     f/s f_await  aqu-sz  %util
nvme0n1          0.00      0.00     0.00   0.00    0.00     0.00 4306.00  55672.00     0.00   0.00    0.27    12.93    0.00      0.00     0.00   0.00    0.00     0.00  330.00    1.97    1.83  97.20


avg-cpu:  %user   %nice %system %iowait  %steal   %idle
           0.19    0.00    0.50    5.88    0.00   93.44

Device            r/s     rkB/s   rrqm/s  %rrqm r_await rareq-sz     w/s     wkB/s   wrqm/s  %wrqm w_await wareq-sz     d/s     dkB/s   drqm/s  %drqm d_await dareq-sz     f/s f_await  aqu-sz  %util
nvme0n1          0.00      0.00     0.00   0.00    0.00     0.00 4271.00  55256.00     0.00   0.00    0.27    12.94    0.00      0.00     0.00   0.00    0.00     0.00  327.00    2.00    1.83  96.60


avg-cpu:  %user   %nice %system %iowait  %steal   %idle
           0.19    0.00    0.50    5.95    0.00   93.37

Device            r/s     rkB/s   rrqm/s  %rrqm r_await rareq-sz     w/s     wkB/s   wrqm/s  %wrqm w_await wareq-sz     d/s     dkB/s   drqm/s  %drqm d_await dareq-sz     f/s f_await  aqu-sz  %util
nvme0n1          0.00      0.00     0.00   0.00    0.00     0.00 4306.00  55696.00     0.00   0.00    0.27    12.93    0.00      0.00     0.00   0.00    0.00     0.00  330.00    1.97    1.83  97.30


avg-cpu:  %user   %nice %system %iowait  %steal   %idle
           0.19    0.00    0.37    5.95    0.00   93.49

Device            r/s     rkB/s   rrqm/s  %rrqm r_await rareq-sz     w/s     wkB/s   wrqm/s  %wrqm w_await wareq-sz     d/s     dkB/s   drqm/s  %drqm d_await dareq-sz     f/s f_await  aqu-sz  %util
nvme0n1          0.00      0.00     0.00   0.00    0.00     0.00 4237.00  54792.00     0.00   0.00    0.28    12.93    0.00      0.00     0.00   0.00    0.00     0.00  325.00    2.00    1.83  96.90


avg-cpu:  %user   %nice %system %iowait  %steal   %idle
           0.19    0.00    0.50    5.83    0.00   93.49

Device            r/s     rkB/s   rrqm/s  %rrqm r_await rareq-sz     w/s     wkB/s   wrqm/s  %wrqm w_await wareq-sz     d/s     dkB/s   drqm/s  %drqm d_await dareq-sz     f/s f_await  aqu-sz  %util
nvme0n1          0.00      0.00     0.00   0.00    0.00     0.00 4321.00  55840.00     0.00   0.00    0.27    12.92    0.00      0.00     0.00   0.00    0.00     0.00  333.00    1.95    1.82  96.20


avg-cpu:  %user   %nice %system %iowait  %steal   %idle
           0.19    0.00    0.50    5.89    0.00   93.43

Device            r/s     rkB/s   rrqm/s  %rrqm r_await rareq-sz     w/s     wkB/s   wrqm/s  %wrqm w_await wareq-sz     d/s     dkB/s   drqm/s  %drqm d_await dareq-sz     f/s f_await  aqu-sz  %util
nvme0n1          0.00      0.00     0.00   0.00    0.00     0.00 4360.00  56376.00     0.00   0.00    0.27    12.93    0.00      0.00     0.00   0.00    0.00     0.00  334.00    1.94    1.82  97.30


avg-cpu:  %user   %nice %system %iowait  %steal   %idle
           0.12    0.00    0.43    5.96    0.00   93.49

Device            r/s     rkB/s   rrqm/s  %rrqm r_await rareq-sz     w/s     wkB/s   wrqm/s  %wrqm w_await wareq-sz     d/s     dkB/s   drqm/s  %drqm d_await dareq-sz     f/s f_await  aqu-sz  %util
nvme0n1          0.00      0.00     0.00   0.00    0.00     0.00 4280.00  55304.00     0.00   0.00    0.28    12.92    0.00      0.00     0.00   0.00    0.00     0.00  330.00    1.97    1.83  97.50


avg-cpu:  %user   %nice %system %iowait  %steal   %idle
           0.12    0.00    0.50    5.96    0.00   93.42

Device            r/s     rkB/s   rrqm/s  %rrqm r_await rareq-sz     w/s     wkB/s   wrqm/s  %wrqm w_await wareq-sz     d/s     dkB/s   drqm/s  %drqm d_await dareq-sz     f/s f_await  aqu-sz  %util
nvme0n1          0.00      0.00     0.00   0.00    0.00     0.00 4268.00  55168.00     0.00   0.00    0.28    12.93    0.00      0.00     0.00   0.00    0.00     0.00  328.00    2.00    1.84  97.10


avg-cpu:  %user   %nice %system %iowait  %steal   %idle
           0.25    0.00    0.56    5.86    0.00   93.33

Device            r/s     rkB/s   rrqm/s  %rrqm r_await rareq-sz     w/s     wkB/s   wrqm/s  %wrqm w_await wareq-sz     d/s     dkB/s   drqm/s  %drqm d_await dareq-sz     f/s f_await  aqu-sz  %util
nvme0n1          0.00      0.00     0.00   0.00    0.00     0.00 4300.00  55548.00     0.00   0.00    0.28    12.92    0.00      0.00     0.00   0.00    0.00     0.00  331.00    1.97    1.84  96.40


avg-cpu:  %user   %nice %system %iowait  %steal   %idle
           0.12    0.00    0.56    5.88    0.00   93.44

Device            r/s     rkB/s   rrqm/s  %rrqm r_await rareq-sz     w/s     wkB/s   wrqm/s  %wrqm w_await wareq-sz     d/s     dkB/s   drqm/s  %drqm d_await dareq-sz     f/s f_await  aqu-sz  %util
nvme0n1          0.00      0.00     0.00   0.00    0.00     0.00 5322.00  71928.00     0.00   0.00    1.02    13.52    0.00      0.00     0.00   0.00    0.00     0.00  330.00    1.93    6.08  97.00


avg-cpu:  %user   %nice %system %iowait  %steal   %idle
           0.19    0.00    0.43    5.89    0.00   93.49

Device            r/s     rkB/s   rrqm/s  %rrqm r_await rareq-sz     w/s     wkB/s   wrqm/s  %wrqm w_await wareq-sz     d/s     dkB/s   drqm/s  %drqm d_await dareq-sz     f/s f_await  aqu-sz  %util
nvme0n1          0.00      0.00     0.00   0.00    0.00     0.00 4267.00  55136.00     0.00   0.00    0.28    12.92    0.00      0.00     0.00   0.00    0.00     0.00  329.00    1.99    1.83  96.70


avg-cpu:  %user   %nice %system %iowait  %steal   %idle
           0.31    0.00    0.56    5.82    0.00   93.31

Device            r/s     rkB/s   rrqm/s  %rrqm r_await rareq-sz     w/s     wkB/s   wrqm/s  %wrqm w_await wareq-sz     d/s     dkB/s   drqm/s  %drqm d_await dareq-sz     f/s f_await  aqu-sz  %util
nvme0n1          0.00      0.00     0.00   0.00    0.00     0.00 4348.00  56344.00     0.00   0.00    0.27    12.96    0.00      0.00     0.00   0.00    0.00     0.00  330.00    1.96    1.83  96.80


avg-cpu:  %user   %nice %system %iowait  %steal   %idle
           0.19    0.06    0.50    5.89    0.00   93.37

Device            r/s     rkB/s   rrqm/s  %rrqm r_await rareq-sz     w/s     wkB/s   wrqm/s  %wrqm w_await wareq-sz     d/s     dkB/s   drqm/s  %drqm d_await dareq-sz     f/s f_await  aqu-sz  %util
nvme0n1          0.00      0.00     0.00   0.00    0.00     0.00 4132.00  52776.00     0.00   0.00    0.28    12.77    0.00      0.00     0.00   0.00    0.00     0.00  334.00    1.94    1.80  97.00


avg-cpu:  %user   %nice %system %iowait  %steal   %idle
           0.12    0.00    0.50    5.89    0.00   93.49

Device            r/s     rkB/s   rrqm/s  %rrqm r_await rareq-sz     w/s     wkB/s   wrqm/s  %wrqm w_await wareq-sz     d/s     dkB/s   drqm/s  %drqm d_await dareq-sz     f/s f_await  aqu-sz  %util
nvme0n1          0.00      0.00     0.00   0.00    0.00     0.00 3685.00  45560.00     0.00   0.00    0.30    12.36    0.00      0.00     0.00   0.00    0.00     0.00  335.00    1.91    1.73  96.90


avg-cpu:  %user   %nice %system %iowait  %steal   %idle
           0.19    0.00    0.37    5.94    0.00   93.50

Device            r/s     rkB/s   rrqm/s  %rrqm r_await rareq-sz     w/s     wkB/s   wrqm/s  %wrqm w_await wareq-sz     d/s     dkB/s   drqm/s  %drqm d_await dareq-sz     f/s f_await  aqu-sz  %util
nvme0n1          0.00      0.00     0.00   0.00    0.00     0.00 3860.00  48456.00     0.00   0.00    0.29    12.55    0.00      0.00     0.00   0.00    0.00     0.00  332.00    1.94    1.76  96.10


avg-cpu:  %user   %nice %system %iowait  %steal   %idle
           0.19    0.00    0.50    5.88    0.00   93.44

Device            r/s     rkB/s   rrqm/s  %rrqm r_await rareq-sz     w/s     wkB/s   wrqm/s  %wrqm w_await wareq-sz     d/s     dkB/s   drqm/s  %drqm d_await dareq-sz     f/s f_await  aqu-sz  %util
nvme0n1          0.00      0.00     0.00   0.00    0.00     0.00 4320.00  56000.00     0.00   0.00    0.27    12.96    0.00      0.00     0.00   0.00    0.00     0.00  328.00    1.99    1.83  96.90


avg-cpu:  %user   %nice %system %iowait  %steal   %idle
           0.19    0.00    0.37    5.88    0.00   93.56

Device            r/s     rkB/s   rrqm/s  %rrqm r_await rareq-sz     w/s     wkB/s   wrqm/s  %wrqm w_await wareq-sz     d/s     dkB/s   drqm/s  %drqm d_await dareq-sz     f/s f_await  aqu-sz  %util
nvme0n1          0.00      0.00     0.00   0.00    0.00     0.00 4325.00  55960.00     0.00   0.00    0.27    12.94    0.00      0.00     0.00   0.00    0.00     0.00  331.00    1.96    1.83  97.00


avg-cpu:  %user   %nice %system %iowait  %steal   %idle
           0.25    0.00    0.56    5.88    0.00   93.32

Device            r/s     rkB/s   rrqm/s  %rrqm r_await rareq-sz     w/s     wkB/s   wrqm/s  %wrqm w_await wareq-sz     d/s     dkB/s   drqm/s  %drqm d_await dareq-sz     f/s f_await  aqu-sz  %util
nvme0n1          0.00      0.00     0.00   0.00    0.00     0.00 4231.00  54776.00     0.00   0.00    0.28    12.95    0.00      0.00     0.00   0.00    0.00     0.00  323.00    2.05    1.84  97.50


avg-cpu:  %user   %nice %system %iowait  %steal   %idle
           0.19    0.00    0.87    5.77    0.00   93.18

Device            r/s     rkB/s   rrqm/s  %rrqm r_await rareq-sz     w/s     wkB/s   wrqm/s  %wrqm w_await wareq-sz     d/s     dkB/s   drqm/s  %drqm d_await dareq-sz     f/s f_await  aqu-sz  %util
nvme0n1          0.00      0.00     0.00   0.00    0.00     0.00 7531.00 107764.00     0.00   0.00    4.26    14.31    0.00      0.00     0.00   0.00    0.00     0.00  318.00    2.03   32.69  96.40


avg-cpu:  %user   %nice %system %iowait  %steal   %idle
           0.19    0.00    0.43    5.96    0.00   93.42

Device            r/s     rkB/s   rrqm/s  %rrqm r_await rareq-sz     w/s     wkB/s   wrqm/s  %wrqm w_await wareq-sz     d/s     dkB/s   drqm/s  %drqm d_await dareq-sz     f/s f_await  aqu-sz  %util
nvme0n1          0.00      0.00     0.00   0.00    0.00     0.00 2436.00  25056.00     0.00   0.00    0.41    10.29    0.00      0.00     0.00   0.00    0.00     0.00  348.00    1.89    1.65  97.10


avg-cpu:  %user   %nice %system %iowait  %steal   %idle
           0.19    0.00    0.50    5.89    0.00   93.42

Device            r/s     rkB/s   rrqm/s  %rrqm r_await rareq-sz     w/s     wkB/s   wrqm/s  %wrqm w_await wareq-sz     d/s     dkB/s   drqm/s  %drqm d_await dareq-sz     f/s f_await  aqu-sz  %util
nvme0n1          0.00      0.00     0.00   0.00    0.00     0.00 3176.00  37376.00     0.00   0.00    0.33    11.77    0.00      0.00     0.00   0.00    0.00     0.00  336.00    1.92    1.70  96.50


avg-cpu:  %user   %nice %system %iowait  %steal   %idle
           0.19    0.00    0.31    5.96    0.00   93.54

Device            r/s     rkB/s   rrqm/s  %rrqm r_await rareq-sz     w/s     wkB/s   wrqm/s  %wrqm w_await wareq-sz     d/s     dkB/s   drqm/s  %drqm d_await dareq-sz     f/s f_await  aqu-sz  %util
nvme0n1          0.00      0.00     0.00   0.00    0.00     0.00 3583.00  43772.00     3.00   0.08    0.31    12.22    0.00      0.00     0.00   0.00    0.00     0.00  335.00    1.90    1.75  96.70


avg-cpu:  %user   %nice %system %iowait  %steal   %idle
           0.19    0.00    0.43    5.95    0.00   93.43

Device            r/s     rkB/s   rrqm/s  %rrqm r_await rareq-sz     w/s     wkB/s   wrqm/s  %wrqm w_await wareq-sz     d/s     dkB/s   drqm/s  %drqm d_await dareq-sz     f/s f_await  aqu-sz  %util
nvme0n1          0.00      0.00     0.00   0.00    0.00     0.00 3854.00  46856.00     2.00   0.05    0.34    12.16    0.00      0.00     0.00   0.00    0.00     0.00  335.00    1.93    1.95  97.10


avg-cpu:  %user   %nice %system %iowait  %steal   %idle
           0.25    0.00    0.50    5.88    0.00   93.38

Device            r/s     rkB/s   rrqm/s  %rrqm r_await rareq-sz     w/s     wkB/s   wrqm/s  %wrqm w_await wareq-sz     d/s     dkB/s   drqm/s  %drqm d_await dareq-sz     f/s f_await  aqu-sz  %util
nvme0n1          0.00      0.00     0.00   0.00    0.00     0.00 4231.00  54380.00     0.00   0.00    0.27    12.85    0.00      0.00     0.00   0.00    0.00     0.00  332.00    1.96    1.81  96.60


avg-cpu:  %user   %nice %system %iowait  %steal   %idle
           0.19    0.00    0.50    5.95    0.00   93.37

Device            r/s     rkB/s   rrqm/s  %rrqm r_await rareq-sz     w/s     wkB/s   wrqm/s  %wrqm w_await wareq-sz     d/s     dkB/s   drqm/s  %drqm d_await dareq-sz     f/s f_await  aqu-sz  %util
nvme0n1          0.00      0.00     0.00   0.00    0.00     0.00 4253.00  54968.00     0.00   0.00    0.28    12.92    0.00      0.00     0.00   0.00    0.00     0.00  327.00    1.98    1.82  96.90


avg-cpu:  %user   %nice %system %iowait  %steal   %idle
           0.12    0.00    0.50    5.90    0.00   93.47

Device            r/s     rkB/s   rrqm/s  %rrqm r_await rareq-sz     w/s     wkB/s   wrqm/s  %wrqm w_await wareq-sz     d/s     dkB/s   drqm/s  %drqm d_await dareq-sz     f/s f_await  aqu-sz  %util
nvme0n1          0.00      0.00     0.00   0.00    0.00     0.00 4292.00  55472.00     0.00   0.00    0.27    12.92    0.00      0.00     0.00   0.00    0.00     0.00  330.00    1.97    1.83  96.40


avg-cpu:  %user   %nice %system %iowait  %steal   %idle
           0.19    0.00    0.43    5.88    0.00   93.50

Device            r/s     rkB/s   rrqm/s  %rrqm r_await rareq-sz     w/s     wkB/s   wrqm/s  %wrqm w_await wareq-sz     d/s     dkB/s   drqm/s  %drqm d_await dareq-sz     f/s f_await  aqu-sz  %util
nvme0n1          0.00      0.00     0.00   0.00    0.00     0.00 4273.00  55232.00     0.00   0.00    0.28    12.93    0.00      0.00     0.00   0.00    0.00     0.00  329.00    1.99    1.84  96.90


avg-cpu:  %user   %nice %system %iowait  %steal   %idle
           0.19    0.00    0.43    5.94    0.00   93.44

Device            r/s     rkB/s   rrqm/s  %rrqm r_await rareq-sz     w/s     wkB/s   wrqm/s  %wrqm w_await wareq-sz     d/s     dkB/s   drqm/s  %drqm d_await dareq-sz     f/s f_await  aqu-sz  %util
nvme0n1          0.00      0.00     0.00   0.00    0.00     0.00 4314.00  55800.00     0.00   0.00    0.27    12.93    0.00      0.00     0.00   0.00    0.00     0.00  330.00    1.95    1.82  96.70


avg-cpu:  %user   %nice %system %iowait  %steal   %idle
           0.12    0.00    0.56    5.87    0.00   93.45

Device            r/s     rkB/s   rrqm/s  %rrqm r_await rareq-sz     w/s     wkB/s   wrqm/s  %wrqm w_await wareq-sz     d/s     dkB/s   drqm/s  %drqm d_await dareq-sz     f/s f_await  aqu-sz  %util
nvme0n1          0.00      0.00     0.00   0.00    0.00     0.00 4288.00  55568.00     0.00   0.00    0.27    12.96    0.00      0.00     0.00   0.00    0.00     0.00  326.00    2.02    1.84  96.50


avg-cpu:  %user   %nice %system %iowait  %steal   %idle
           0.19    0.00    0.43    5.94    0.00   93.44

Device            r/s     rkB/s   rrqm/s  %rrqm r_await rareq-sz     w/s     wkB/s   wrqm/s  %wrqm w_await wareq-sz     d/s     dkB/s   drqm/s  %drqm d_await dareq-sz     f/s f_await  aqu-sz  %util
nvme0n1          0.00      0.00     0.00   0.00    0.00     0.00 4294.00  55640.00     0.00   0.00    0.27    12.96    0.00      0.00     0.00   0.00    0.00     0.00  326.00    1.99    1.82  97.20


avg-cpu:  %user   %nice %system %iowait  %steal   %idle
           0.19    0.00    0.43    5.95    0.00   93.43

Device            r/s     rkB/s   rrqm/s  %rrqm r_await rareq-sz     w/s     wkB/s   wrqm/s  %wrqm w_await wareq-sz     d/s     dkB/s   drqm/s  %drqm d_await dareq-sz     f/s f_await  aqu-sz  %util
nvme0n1          0.00      0.00     0.00   0.00    0.00     0.00 4303.00  55688.00     0.00   0.00    0.27    12.94    0.00      0.00     0.00   0.00    0.00     0.00  329.00    1.99    1.84  97.20


avg-cpu:  %user   %nice %system %iowait  %steal   %idle
           0.43    0.00    0.56    5.83    0.00   93.18

Device            r/s     rkB/s   rrqm/s  %rrqm r_await rareq-sz     w/s     wkB/s   wrqm/s  %wrqm w_await wareq-sz     d/s     dkB/s   drqm/s  %drqm d_await dareq-sz     f/s f_await  aqu-sz  %util
nvme0n1          0.00      0.00     0.00   0.00    0.00     0.00 4275.00  55240.00     0.00   0.00    0.28    12.92    0.00      0.00     0.00   0.00    0.00     0.00  329.00    1.98    1.83  96.20


avg-cpu:  %user   %nice %system %iowait  %steal   %idle
           0.19    0.00    0.43    5.90    0.00   93.48

Device            r/s     rkB/s   rrqm/s  %rrqm r_await rareq-sz     w/s     wkB/s   wrqm/s  %wrqm w_await wareq-sz     d/s     dkB/s   drqm/s  %drqm d_await dareq-sz     f/s f_await  aqu-sz  %util
nvme0n1          0.00      0.00     0.00   0.00    0.00     0.00 4351.00  56456.00     0.00   0.00    0.27    12.98    0.00      0.00     0.00   0.00    0.00     0.00  329.00    1.98    1.83  97.00


avg-cpu:  %user   %nice %system %iowait  %steal   %idle
           0.19    0.00    0.43    6.01    0.00   93.37

Device            r/s     rkB/s   rrqm/s  %rrqm r_await rareq-sz     w/s     wkB/s   wrqm/s  %wrqm w_await wareq-sz     d/s     dkB/s   drqm/s  %drqm d_await dareq-sz     f/s f_await  aqu-sz  %util
nvme0n1          0.00      0.00     0.00   0.00    0.00     0.00 4310.00  55704.00     0.00   0.00    0.27    12.92    0.00      0.00     0.00   0.00    0.00     0.00  332.00    1.97    1.83  97.50


avg-cpu:  %user   %nice %system %iowait  %steal   %idle
           0.19    0.00    0.50    5.90    0.00   93.41

Device            r/s     rkB/s   rrqm/s  %rrqm r_await rareq-sz     w/s     wkB/s   wrqm/s  %wrqm w_await wareq-sz     d/s     dkB/s   drqm/s  %drqm d_await dareq-sz     f/s f_await  aqu-sz  %util
nvme0n1          0.00      0.00     0.00   0.00    0.00     0.00 4410.00  57016.00     0.00   0.00    0.27    12.93    0.00      0.00     0.00   0.00    0.00     0.00  338.00    1.91    1.83  97.10


avg-cpu:  %user   %nice %system %iowait  %steal   %idle
           0.12    0.00    0.43    5.94    0.00   93.50

Device            r/s     rkB/s   rrqm/s  %rrqm r_await rareq-sz     w/s     wkB/s   wrqm/s  %wrqm w_await wareq-sz     d/s     dkB/s   drqm/s  %drqm d_await dareq-sz     f/s f_await  aqu-sz  %util
nvme0n1          0.00      0.00     0.00   0.00    0.00     0.00 4312.00  55712.00     0.00   0.00    0.27    12.92    0.00      0.00     0.00   0.00    0.00     0.00  332.00    1.95    1.83  97.50


avg-cpu:  %user   %nice %system %iowait  %steal   %idle
           0.62    0.00    0.68    5.80    0.00   92.90

Device            r/s     rkB/s   rrqm/s  %rrqm r_await rareq-sz     w/s     wkB/s   wrqm/s  %wrqm w_await wareq-sz     d/s     dkB/s   drqm/s  %drqm d_await dareq-sz     f/s f_await  aqu-sz  %util
nvme0n1          0.00      0.00     0.00   0.00    0.00     0.00 4211.00  54456.00     0.00   0.00    0.28    12.93    0.00      0.00     0.00   0.00    0.00     0.00  323.00    2.02    1.83  96.30


avg-cpu:  %user   %nice %system %iowait  %steal   %idle
           0.19    0.00    0.43    5.83    0.00   93.54

Device            r/s     rkB/s   rrqm/s  %rrqm r_await rareq-sz     w/s     wkB/s   wrqm/s  %wrqm w_await wareq-sz     d/s     dkB/s   drqm/s  %drqm d_await dareq-sz     f/s f_await  aqu-sz  %util
nvme0n1          0.00      0.00     0.00   0.00    0.00     0.00 4293.00  55608.00     0.00   0.00    0.27    12.95    0.00      0.00     0.00   0.00    0.00     0.00  327.00    2.00    1.83  95.80


avg-cpu:  %user   %nice %system %iowait  %steal   %idle
           0.19    0.00    0.50    5.96    0.00   93.36

Device            r/s     rkB/s   rrqm/s  %rrqm r_await rareq-sz     w/s     wkB/s   wrqm/s  %wrqm w_await wareq-sz     d/s     dkB/s   drqm/s  %drqm d_await dareq-sz     f/s f_await  aqu-sz  %util
nvme0n1          0.00      0.00     0.00   0.00    0.00     0.00 4281.00  55364.00     0.00   0.00    0.27    12.93    0.00      0.00     0.00   0.00    0.00     0.00  328.00    1.98    1.82  96.70


avg-cpu:  %user   %nice %system %iowait  %steal   %idle
           0.25    0.00    0.43    5.89    0.00   93.42

Device            r/s     rkB/s   rrqm/s  %rrqm r_await rareq-sz     w/s     wkB/s   wrqm/s  %wrqm w_await wareq-sz     d/s     dkB/s   drqm/s  %drqm d_await dareq-sz     f/s f_await  aqu-sz  %util
nvme0n1          0.00      0.00     0.00   0.00    0.00     0.00 5252.00  70936.00     0.00   0.00    0.99    13.51    0.00      0.00     0.00   0.00    0.00     0.00  328.00    1.98    5.83  97.10


avg-cpu:  %user   %nice %system %iowait  %steal   %idle
           0.19    0.00    0.50    5.88    0.00   93.44

Device            r/s     rkB/s   rrqm/s  %rrqm r_await rareq-sz     w/s     wkB/s   wrqm/s  %wrqm w_await wareq-sz     d/s     dkB/s   drqm/s  %drqm d_await dareq-sz     f/s f_await  aqu-sz  %util
nvme0n1          0.00      0.00     0.00   0.00    0.00     0.00 4331.00  56056.00     0.00   0.00    0.27    12.94    0.00      0.00     0.00   0.00    0.00     0.00  331.00    1.96    1.84  96.80


avg-cpu:  %user   %nice %system %iowait  %steal   %idle
           0.19    0.00    0.43    5.94    0.00   93.44

Device            r/s     rkB/s   rrqm/s  %rrqm r_await rareq-sz     w/s     wkB/s   wrqm/s  %wrqm w_await wareq-sz     d/s     dkB/s   drqm/s  %drqm d_await dareq-sz     f/s f_await  aqu-sz  %util
nvme0n1          0.00      0.00     0.00   0.00    0.00     0.00 4329.00  56160.00     0.00   0.00    0.27    12.97    0.00      0.00     0.00   0.00    0.00     0.00  327.00    1.98    1.83  96.80


avg-cpu:  %user   %nice %system %iowait  %steal   %idle
           0.19    0.00    0.56    5.87    0.00   93.39

Device            r/s     rkB/s   rrqm/s  %rrqm r_await rareq-sz     w/s     wkB/s   wrqm/s  %wrqm w_await wareq-sz     d/s     dkB/s   drqm/s  %drqm d_await dareq-sz     f/s f_await  aqu-sz  %util
nvme0n1          0.00      0.00     0.00   0.00    0.00     0.00 4634.00  59284.00     1.00   0.02    0.28    12.79    0.00      0.00     0.00   0.00    0.00     0.00  340.00    1.89    1.96  96.20


avg-cpu:  %user   %nice %system %iowait  %steal   %idle
           0.19    0.00    0.49    5.88    0.00   93.44

Device            r/s     rkB/s   rrqm/s  %rrqm r_await rareq-sz     w/s     wkB/s   wrqm/s  %wrqm w_await wareq-sz     d/s     dkB/s   drqm/s  %drqm d_await dareq-sz     f/s f_await  aqu-sz  %util
nvme0n1          0.00      0.00     0.00   0.00    0.00     0.00 4354.00  56280.00     0.00   0.00    0.27    12.93    0.00      0.00     0.00   0.00    0.00     0.00  334.00    1.93    1.82  96.60


avg-cpu:  %user   %nice %system %iowait  %steal   %idle
           0.25    0.00    0.37    5.82    0.00   93.56

Device            r/s     rkB/s   rrqm/s  %rrqm r_await rareq-sz     w/s     wkB/s   wrqm/s  %wrqm w_await wareq-sz     d/s     dkB/s   drqm/s  %drqm d_await dareq-sz     f/s f_await  aqu-sz  %util
nvme0n1          0.00      0.00     0.00   0.00    0.00     0.00 4360.00  56400.00     0.00   0.00    0.27    12.94    0.00      0.00     0.00   0.00    0.00     0.00  334.00    1.93    1.82  95.60


avg-cpu:  %user   %nice %system %iowait  %steal   %idle
           0.19    0.00    0.56    5.88    0.00   93.38

Device            r/s     rkB/s   rrqm/s  %rrqm r_await rareq-sz     w/s     wkB/s   wrqm/s  %wrqm w_await wareq-sz     d/s     dkB/s   drqm/s  %drqm d_await dareq-sz     f/s f_await  aqu-sz  %util
nvme0n1          0.00      0.00     0.00   0.00    0.00     0.00 4434.00  57396.00     0.00   0.00    0.27    12.94    0.00      0.00     0.00   0.00    0.00     0.00  339.00    1.90    1.83  96.40


avg-cpu:  %user   %nice %system %iowait  %steal   %idle
           0.19    0.00    0.37    5.95    0.00   93.49

Device            r/s     rkB/s   rrqm/s  %rrqm r_await rareq-sz     w/s     wkB/s   wrqm/s  %wrqm w_await wareq-sz     d/s     dkB/s   drqm/s  %drqm d_await dareq-sz     f/s f_await  aqu-sz  %util
nvme0n1          0.00      0.00     0.00   0.00    0.00     0.00 4307.00  55804.00     0.00   0.00    0.27    12.96    0.00      0.00     0.00   0.00    0.00     0.00  328.00    1.99    1.83  97.00


avg-cpu:  %user   %nice %system %iowait  %steal   %idle
           0.19    0.00    0.50    5.89    0.00   93.43

Device            r/s     rkB/s   rrqm/s  %rrqm r_await rareq-sz     w/s     wkB/s   wrqm/s  %wrqm w_await wareq-sz     d/s     dkB/s   drqm/s  %drqm d_await dareq-sz     f/s f_await  aqu-sz  %util
nvme0n1          0.00      0.00     0.00   0.00    0.00     0.00 4303.00  55704.00     0.00   0.00    0.27    12.95    0.00      0.00     0.00   0.00    0.00     0.00  328.00    1.99    1.83  96.40


avg-cpu:  %user   %nice %system %iowait  %steal   %idle
           0.12    0.00    0.37    5.97    0.00   93.53

Device            r/s     rkB/s   rrqm/s  %rrqm r_await rareq-sz     w/s     wkB/s   wrqm/s  %wrqm w_await wareq-sz     d/s     dkB/s   drqm/s  %drqm d_await dareq-sz     f/s f_await  aqu-sz  %util
nvme0n1          0.00      0.00     0.00   0.00    0.00     0.00 4291.00  55456.00     0.00   0.00    0.27    12.92    0.00      0.00     0.00   0.00    0.00     0.00  330.00    1.97    1.82  97.10


avg-cpu:  %user   %nice %system %iowait  %steal   %idle
           0.19    0.00    0.87    5.83    0.00   93.12

Device            r/s     rkB/s   rrqm/s  %rrqm r_await rareq-sz     w/s     wkB/s   wrqm/s  %wrqm w_await wareq-sz     d/s     dkB/s   drqm/s  %drqm d_await dareq-sz     f/s f_await  aqu-sz  %util
nvme0n1          0.00      0.00     0.00   0.00    0.00     0.00 6260.00  86828.00     0.00   0.00    3.18    13.87    0.00      0.00     0.00   0.00    0.00     0.00  333.00    1.91   20.54  96.90


avg-cpu:  %user   %nice %system %iowait  %steal   %idle
           0.12    0.00    0.31    5.96    0.00   93.61

Device            r/s     rkB/s   rrqm/s  %rrqm r_await rareq-sz     w/s     wkB/s   wrqm/s  %wrqm w_await wareq-sz     d/s     dkB/s   drqm/s  %drqm d_await dareq-sz     f/s f_await  aqu-sz  %util
nvme0n1          0.00      0.00     0.00   0.00    0.00     0.00 3012.00  34512.00     0.00   0.00    0.34    11.46    0.00      0.00     0.00   0.00    0.00     0.00  342.00    1.90    1.68  96.20


avg-cpu:  %user   %nice %system %iowait  %steal   %idle
           0.19    0.00    0.50    5.89    0.00   93.42

Device            r/s     rkB/s   rrqm/s  %rrqm r_await rareq-sz     w/s     wkB/s   wrqm/s  %wrqm w_await wareq-sz     d/s     dkB/s   drqm/s  %drqm d_await dareq-sz     f/s f_await  aqu-sz  %util
nvme0n1          0.00      0.00     0.00   0.00    0.00     0.00 3535.00  43080.00     0.00   0.00    0.31    12.19    0.00      0.00     0.00   0.00    0.00     0.00  337.00    1.90    1.72  96.70


avg-cpu:  %user   %nice %system %iowait  %steal   %idle
           0.12    0.00    0.50    5.96    0.00   93.42

Device            r/s     rkB/s   rrqm/s  %rrqm r_await rareq-sz     w/s     wkB/s   wrqm/s  %wrqm w_await wareq-sz     d/s     dkB/s   drqm/s  %drqm d_await dareq-sz     f/s f_await  aqu-sz  %util
nvme0n1          0.00      0.00     0.00   0.00    0.00     0.00 3666.00  45280.00     0.00   0.00    0.30    12.35    0.00      0.00     0.00   0.00    0.00     0.00  334.00    1.92    1.74  96.90


avg-cpu:  %user   %nice %system %iowait  %steal   %idle
           0.19    0.00    0.37    5.89    0.00   93.55

Device            r/s     rkB/s   rrqm/s  %rrqm r_await rareq-sz     w/s     wkB/s   wrqm/s  %wrqm w_await wareq-sz     d/s     dkB/s   drqm/s  %drqm d_await dareq-sz     f/s f_await  aqu-sz  %util
nvme0n1          0.00      0.00     0.00   0.00    0.00     0.00 4075.00  52120.00     0.00   0.00    0.28    12.79    0.00      0.00     0.00   0.00    0.00     0.00  327.00    1.99    1.79  96.50


avg-cpu:  %user   %nice %system %iowait  %steal   %idle
           0.25    0.00    0.50    5.89    0.00   93.37

Device            r/s     rkB/s   rrqm/s  %rrqm r_await rareq-sz     w/s     wkB/s   wrqm/s  %wrqm w_await wareq-sz     d/s     dkB/s   drqm/s  %drqm d_await dareq-sz     f/s f_await  aqu-sz  %util
nvme0n1          0.00      0.00     0.00   0.00    0.00     0.00 4293.00  55472.00     0.00   0.00    0.27    12.92    0.00      0.00     0.00   0.00    0.00     0.00  331.00    1.97    1.82  96.20


avg-cpu:  %user   %nice %system %iowait  %steal   %idle
           0.12    0.00    0.50    5.95    0.00   93.43

Device            r/s     rkB/s   rrqm/s  %rrqm r_await rareq-sz     w/s     wkB/s   wrqm/s  %wrqm w_await wareq-sz     d/s     dkB/s   drqm/s  %drqm d_await dareq-sz     f/s f_await  aqu-sz  %util
nvme0n1          0.00      0.00     0.00   0.00    0.00     0.00 4340.00  56136.00     0.00   0.00    0.27    12.93    0.00      0.00     0.00   0.00    0.00     0.00  332.00    1.95    1.82  97.50


avg-cpu:  %user   %nice %system %iowait  %steal   %idle
           0.19    0.00    0.56    5.89    0.00   93.37

Device            r/s     rkB/s   rrqm/s  %rrqm r_await rareq-sz     w/s     wkB/s   wrqm/s  %wrqm w_await wareq-sz     d/s     dkB/s   drqm/s  %drqm d_await dareq-sz     f/s f_await  aqu-sz  %util
nvme0n1          0.00      0.00     0.00   0.00    0.00     0.00 4334.00  56008.00     0.00   0.00    0.27    12.92    0.00      0.00     0.00   0.00    0.00     0.00  334.00    1.95    1.83  96.50


avg-cpu:  %user   %nice %system %iowait  %steal   %idle
           0.19    0.00    0.49    5.81    0.00   93.51

Device            r/s     rkB/s   rrqm/s  %rrqm r_await rareq-sz     w/s     wkB/s   wrqm/s  %wrqm w_await wareq-sz     d/s     dkB/s   drqm/s  %drqm d_await dareq-sz     f/s f_await  aqu-sz  %util
nvme0n1          0.00      0.00     0.00   0.00    0.00     0.00 4323.00  55904.00     0.00   0.00    0.27    12.93    0.00      0.00     0.00   0.00    0.00     0.00  331.00    1.95    1.82  96.50


avg-cpu:  %user   %nice %system %iowait  %steal   %idle
           0.12    0.00    0.49    5.78    0.00   93.60

Device            r/s     rkB/s   rrqm/s  %rrqm r_await rareq-sz     w/s     wkB/s   wrqm/s  %wrqm w_await wareq-sz     d/s     dkB/s   drqm/s  %drqm d_await dareq-sz     f/s f_await  aqu-sz  %util
nvme0n1          0.00      0.00     0.00   0.00    0.00     0.00 4196.00  54256.00     0.00   0.00    0.28    12.93    0.00      0.00     0.00   0.00    0.00     0.00  322.00    2.02    1.81  95.40


avg-cpu:  %user   %nice %system %iowait  %steal   %idle
           0.12    0.00    0.43    5.84    0.00   93.61

Device            r/s     rkB/s   rrqm/s  %rrqm r_await rareq-sz     w/s     wkB/s   wrqm/s  %wrqm w_await wareq-sz     d/s     dkB/s   drqm/s  %drqm d_await dareq-sz     f/s f_await  aqu-sz  %util
nvme0n1          0.00      0.00     0.00   0.00    0.00     0.00 4272.00  55236.00     0.00   0.00    0.27    12.93    0.00      0.00     0.00   0.00    0.00     0.00  327.00    1.98    1.81  96.50


avg-cpu:  %user   %nice %system %iowait  %steal   %idle
           0.06    0.00    0.43    5.80    0.00   93.71

Device            r/s     rkB/s   rrqm/s  %rrqm r_await rareq-sz     w/s     wkB/s   wrqm/s  %wrqm w_await wareq-sz     d/s     dkB/s   drqm/s  %drqm d_await dareq-sz     f/s f_await  aqu-sz  %util
nvme0n1          0.00      0.00     0.00   0.00    0.00     0.00 4259.00  55064.00     0.00   0.00    0.27    12.93    0.00      0.00     0.00   0.00    0.00     0.00  327.00    1.97    1.81  96.30


