Linux 7.2.6-200.fc44.x86_64 (fedora.fritz.box) 	09/27/2026 	_x86_64_	(16 CPU)

avg-cpu:  %user   %nice %system %iowait  %steal   %idle
           0.28    0.04    0.43    0.17    0.00   99.07

Device            r/s     rkB/s   rrqm/s  %rrqm r_await rareq-sz     w/s     wkB/s   wrqm/s  %wrqm w_await wareq-sz     d/s     dkB/s   drqm/s  %drqm d_await dareq-sz     f/s f_await  aqu-sz  %util
nvme0n1         94.99   2766.74    11.27  10.60    1.14    29.13   41.28    524.86     0.10   0.25    0.79    12.71    0.29     63.54     0.00   0.00    1.57   222.39    3.06    2.44    0.15   2.09


avg-cpu:  %user   %nice %system %iowait  %steal   %idle
           1.00    0.31    1.00    1.93    0.00   95.77

Device            r/s     rkB/s   rrqm/s  %rrqm r_await rareq-sz     w/s     wkB/s   wrqm/s  %wrqm w_await wareq-sz     d/s     dkB/s   drqm/s  %drqm d_await dareq-sz     f/s f_await  aqu-sz  %util
nvme0n1        135.00   8272.00    61.00  31.12    0.72    61.27  899.00  10092.00     0.00   0.00    0.35    11.23    0.00      0.00     0.00   0.00    0.00     0.00  104.00    1.88    0.60  31.90


avg-cpu:  %user   %nice %system %iowait  %steal   %idle
           0.12    0.00    0.50    5.33    0.00   94.04

Device            r/s     rkB/s   rrqm/s  %rrqm r_await rareq-sz     w/s     wkB/s   wrqm/s  %wrqm w_await wareq-sz     d/s     dkB/s   drqm/s  %drqm d_await dareq-sz     f/s f_await  aqu-sz  %util
nvme0n1          0.00      0.00     0.00   0.00    0.00     0.00 3329.00  41168.00     0.00   0.00    0.29    12.37    0.00      0.00     0.00   0.00    0.00     0.00  303.00    1.90    1.54  86.10


avg-cpu:  %user   %nice %system %iowait  %steal   %idle
           0.31    0.00    0.43    5.01    0.00   94.25

Device            r/s     rkB/s   rrqm/s  %rrqm r_await rareq-sz     w/s     wkB/s   wrqm/s  %wrqm w_await wareq-sz     d/s     dkB/s   drqm/s  %drqm d_await dareq-sz     f/s f_await  aqu-sz  %util
nvme0n1          0.00      0.00     0.00   0.00    0.00     0.00 3318.00  41036.00     0.00   0.00    0.29    12.37    0.00      0.00     0.00   0.00    0.00     0.00  301.00    1.88    1.52  82.90


avg-cpu:  %user   %nice %system %iowait  %steal   %idle
           0.12    0.00    0.50    5.27    0.00   94.11

Device            r/s     rkB/s   rrqm/s  %rrqm r_await rareq-sz     w/s     wkB/s   wrqm/s  %wrqm w_await wareq-sz     d/s     dkB/s   drqm/s  %drqm d_await dareq-sz     f/s f_await  aqu-sz  %util
nvme0n1          0.00      0.00     0.00   0.00    0.00     0.00 3564.00  44944.00     0.00   0.00    0.28    12.61    0.00      0.00     0.00   0.00    0.00     0.00  302.00    1.93    1.59  86.30


avg-cpu:  %user   %nice %system %iowait  %steal   %idle
           0.19    0.00    0.31    5.27    0.00   94.23

Device            r/s     rkB/s   rrqm/s  %rrqm r_await rareq-sz     w/s     wkB/s   wrqm/s  %wrqm w_await wareq-sz     d/s     dkB/s   drqm/s  %drqm d_await dareq-sz     f/s f_await  aqu-sz  %util
nvme0n1          0.00      0.00     0.00   0.00    0.00     0.00 3926.00  50736.00     0.00   0.00    0.26    12.92    0.00      0.00     0.00   0.00    0.00     0.00  302.00    1.87    1.58  85.00


avg-cpu:  %user   %nice %system %iowait  %steal   %idle
           0.19    0.00    0.50    5.34    0.00   93.97

Device            r/s     rkB/s   rrqm/s  %rrqm r_await rareq-sz     w/s     wkB/s   wrqm/s  %wrqm w_await wareq-sz     d/s     dkB/s   drqm/s  %drqm d_await dareq-sz     f/s f_await  aqu-sz  %util
nvme0n1          0.00      0.00     0.00   0.00    0.00     0.00 3937.00  50896.00     0.00   0.00    0.26    12.93    0.00      0.00     0.00   0.00    0.00     0.00  303.00    1.91    1.62  87.50


avg-cpu:  %user   %nice %system %iowait  %steal   %idle
           0.19    0.00    0.37    5.33    0.00   94.11

Device            r/s     rkB/s   rrqm/s  %rrqm r_await rareq-sz     w/s     wkB/s   wrqm/s  %wrqm w_await wareq-sz     d/s     dkB/s   drqm/s  %drqm d_await dareq-sz     f/s f_await  aqu-sz  %util
nvme0n1          0.00      0.00     0.00   0.00    0.00     0.00 3949.00  51064.00     0.00   0.00    0.27    12.93    0.00      0.00     0.00   0.00    0.00     0.00  303.00    1.94    1.65  86.80


avg-cpu:  %user   %nice %system %iowait  %steal   %idle
           0.12    0.00    0.43    5.40    0.00   94.04

Device            r/s     rkB/s   rrqm/s  %rrqm r_await rareq-sz     w/s     wkB/s   wrqm/s  %wrqm w_await wareq-sz     d/s     dkB/s   drqm/s  %drqm d_await dareq-sz     f/s f_await  aqu-sz  %util
nvme0n1          0.00      0.00     0.00   0.00    0.00     0.00 3928.00  50768.00     0.00   0.00    0.27    12.92    0.00      0.00     0.00   0.00    0.00     0.00  302.00    1.99    1.66  88.40


avg-cpu:  %user   %nice %system %iowait  %steal   %idle
           0.12    0.00    0.43    5.51    0.00   93.93

Device            r/s     rkB/s   rrqm/s  %rrqm r_await rareq-sz     w/s     wkB/s   wrqm/s  %wrqm w_await wareq-sz     d/s     dkB/s   drqm/s  %drqm d_await dareq-sz     f/s f_await  aqu-sz  %util
nvme0n1          0.00      0.00     0.00   0.00    0.00     0.00 3936.00  50896.00     0.00   0.00    0.27    12.93    0.00      0.00     0.00   0.00    0.00     0.00  302.00    1.95    1.66  90.10


avg-cpu:  %user   %nice %system %iowait  %steal   %idle
           0.25    0.00    0.56    5.25    0.00   93.95

Device            r/s     rkB/s   rrqm/s  %rrqm r_await rareq-sz     w/s     wkB/s   wrqm/s  %wrqm w_await wareq-sz     d/s     dkB/s   drqm/s  %drqm d_await dareq-sz     f/s f_await  aqu-sz  %util
nvme0n1          0.00      0.00     0.00   0.00    0.00     0.00 3928.00  50768.00     0.00   0.00    0.27    12.92    0.00      0.00     0.00   0.00    0.00     0.00  302.00    1.93    1.64  87.10


avg-cpu:  %user   %nice %system %iowait  %steal   %idle
           0.37    0.00    0.43    5.21    0.00   93.99

Device            r/s     rkB/s   rrqm/s  %rrqm r_await rareq-sz     w/s     wkB/s   wrqm/s  %wrqm w_await wareq-sz     d/s     dkB/s   drqm/s  %drqm d_await dareq-sz     f/s f_await  aqu-sz  %util
nvme0n1          0.00      0.00     0.00   0.00    0.00     0.00 4386.00  58096.00     0.00   0.00    0.47    13.25    0.00      0.00     0.00   0.00    0.00     0.00  302.00    1.92    2.66  85.90


avg-cpu:  %user   %nice %system %iowait  %steal   %idle
           0.31    0.00    0.49    5.38    0.00   93.82

Device            r/s     rkB/s   rrqm/s  %rrqm r_await rareq-sz     w/s     wkB/s   wrqm/s  %wrqm w_await wareq-sz     d/s     dkB/s   drqm/s  %drqm d_await dareq-sz     f/s f_await  aqu-sz  %util
nvme0n1          0.00      0.00     0.00   0.00    0.00     0.00 3927.00  50732.00     0.00   0.00    0.27    12.92    0.00      0.00     0.00   0.00    0.00     0.00  304.00    1.95    1.67  87.90


avg-cpu:  %user   %nice %system %iowait  %steal   %idle
           0.25    0.00    0.44    5.22    0.00   94.10

Device            r/s     rkB/s   rrqm/s  %rrqm r_await rareq-sz     w/s     wkB/s   wrqm/s  %wrqm w_await wareq-sz     d/s     dkB/s   drqm/s  %drqm d_await dareq-sz     f/s f_await  aqu-sz  %util
nvme0n1          0.00      0.00     0.00   0.00    0.00     0.00 4046.00  51328.00     1.00   0.02    0.27    12.69    0.00      0.00     0.00   0.00    0.00     0.00  301.00    1.93    1.66  85.80


avg-cpu:  %user   %nice %system %iowait  %steal   %idle
           0.19    0.00    0.37    5.46    0.00   93.98

Device            r/s     rkB/s   rrqm/s  %rrqm r_await rareq-sz     w/s     wkB/s   wrqm/s  %wrqm w_await wareq-sz     d/s     dkB/s   drqm/s  %drqm d_await dareq-sz     f/s f_await  aqu-sz  %util
nvme0n1          0.00      0.00     0.00   0.00    0.00     0.00 3931.00  50804.00     0.00   0.00    0.27    12.92    0.00      0.00     0.00   0.00    0.00     0.00  302.00    1.97    1.66  89.70


avg-cpu:  %user   %nice %system %iowait  %steal   %idle
           0.12    0.00    0.43    5.27    0.00   94.17

Device            r/s     rkB/s   rrqm/s  %rrqm r_await rareq-sz     w/s     wkB/s   wrqm/s  %wrqm w_await wareq-sz     d/s     dkB/s   drqm/s  %drqm d_await dareq-sz     f/s f_await  aqu-sz  %util
nvme0n1          0.00      0.00     0.00   0.00    0.00     0.00 3913.00  50568.00     0.00   0.00    0.27    12.92    0.00      0.00     0.00   0.00    0.00     0.00  301.00    1.93    1.63  86.40


avg-cpu:  %user   %nice %system %iowait  %steal   %idle
           0.19    0.00    0.43    5.45    0.00   93.94

Device            r/s     rkB/s   rrqm/s  %rrqm r_await rareq-sz     w/s     wkB/s   wrqm/s  %wrqm w_await wareq-sz     d/s     dkB/s   drqm/s  %drqm d_await dareq-sz     f/s f_await  aqu-sz  %util
nvme0n1          0.00      0.00     0.00   0.00    0.00     0.00 3947.00  51032.00     0.00   0.00    0.27    12.93    0.00      0.00     0.00   0.00    0.00     0.00  303.00    1.99    1.68  88.70


avg-cpu:  %user   %nice %system %iowait  %steal   %idle
           0.19    0.00    0.37    5.53    0.00   93.91

Device            r/s     rkB/s   rrqm/s  %rrqm r_await rareq-sz     w/s     wkB/s   wrqm/s  %wrqm w_await wareq-sz     d/s     dkB/s   drqm/s  %drqm d_await dareq-sz     f/s f_await  aqu-sz  %util
nvme0n1          0.00      0.00     0.00   0.00    0.00     0.00 3923.00  50696.00     0.00   0.00    0.27    12.92    0.00      0.00     0.00   0.00    0.00     0.00  303.00    2.00    1.68  89.60


avg-cpu:  %user   %nice %system %iowait  %steal   %idle
           0.12    0.00    0.50    5.33    0.00   94.04

Device            r/s     rkB/s   rrqm/s  %rrqm r_await rareq-sz     w/s     wkB/s   wrqm/s  %wrqm w_await wareq-sz     d/s     dkB/s   drqm/s  %drqm d_await dareq-sz     f/s f_await  aqu-sz  %util
nvme0n1          0.00      0.00     0.00   0.00    0.00     0.00 3912.00  50568.00     0.00   0.00    0.27    12.93    0.00      0.00     0.00   0.00    0.00     0.00  300.00    1.97    1.65  88.40


avg-cpu:  %user   %nice %system %iowait  %steal   %idle
           0.25    0.00    0.50    5.20    0.00   94.06

Device            r/s     rkB/s   rrqm/s  %rrqm r_await rareq-sz     w/s     wkB/s   wrqm/s  %wrqm w_await wareq-sz     d/s     dkB/s   drqm/s  %drqm d_await dareq-sz     f/s f_await  aqu-sz  %util
nvme0n1          0.00      0.00     0.00   0.00    0.00     0.00 3925.00  50704.00     0.00   0.00    0.27    12.92    0.00      0.00     0.00   0.00    0.00     0.00  303.00    1.91    1.62  85.50


avg-cpu:  %user   %nice %system %iowait  %steal   %idle
           0.12    0.00    0.50    5.21    0.00   94.17

Device            r/s     rkB/s   rrqm/s  %rrqm r_await rareq-sz     w/s     wkB/s   wrqm/s  %wrqm w_await wareq-sz     d/s     dkB/s   drqm/s  %drqm d_await dareq-sz     f/s f_await  aqu-sz  %util
nvme0n1          0.00      0.00     0.00   0.00    0.00     0.00 3929.00  50772.00     0.00   0.00    0.27    12.92    0.00      0.00     0.00   0.00    0.00     0.00  302.00    1.91    1.62  85.20


avg-cpu:  %user   %nice %system %iowait  %steal   %idle
           0.31    0.00    0.81    7.13    0.00   91.75

Device            r/s     rkB/s   rrqm/s  %rrqm r_await rareq-sz     w/s     wkB/s   wrqm/s  %wrqm w_await wareq-sz     d/s     dkB/s   drqm/s  %drqm d_await dareq-sz     f/s f_await  aqu-sz  %util
nvme0n1        599.00   9584.00     0.00   0.00    0.51    16.00 5792.00  80728.00     0.00   0.00    2.95    13.94    0.00      0.00     0.00   0.00    0.00     0.00  298.00    1.91   17.96  88.80


avg-cpu:  %user   %nice %system %iowait  %steal   %idle
           0.31    0.00    0.37    4.97    0.00   94.35

Device            r/s     rkB/s   rrqm/s  %rrqm r_await rareq-sz     w/s     wkB/s   wrqm/s  %wrqm w_await wareq-sz     d/s     dkB/s   drqm/s  %drqm d_await dareq-sz     f/s f_await  aqu-sz  %util
nvme0n1          0.00      0.00     0.00   0.00    0.00     0.00 2220.00  23384.00     0.00   0.00    0.39    10.53    0.00      0.00     0.00   0.00    0.00     0.00  304.00    1.87    1.44  81.40


avg-cpu:  %user   %nice %system %iowait  %steal   %idle
           0.19    0.00    0.43    5.33    0.00   94.05

Device            r/s     rkB/s   rrqm/s  %rrqm r_await rareq-sz     w/s     wkB/s   wrqm/s  %wrqm w_await wareq-sz     d/s     dkB/s   drqm/s  %drqm d_await dareq-sz     f/s f_await  aqu-sz  %util
nvme0n1          0.00      0.00     0.00   0.00    0.00     0.00 3092.00  37392.00     0.00   0.00    0.31    12.09    0.00      0.00     0.00   0.00    0.00     0.00  302.00    1.90    1.52  86.40


avg-cpu:  %user   %nice %system %iowait  %steal   %idle
           0.19    0.00    0.37    5.33    0.00   94.11

Device            r/s     rkB/s   rrqm/s  %rrqm r_await rareq-sz     w/s     wkB/s   wrqm/s  %wrqm w_await wareq-sz     d/s     dkB/s   drqm/s  %drqm d_await dareq-sz     f/s f_await  aqu-sz  %util
nvme0n1          0.00      0.00     0.00   0.00    0.00     0.00 3225.00  39588.00     0.00   0.00    0.30    12.28    0.00      0.00     0.00   0.00    0.00     0.00  300.00    1.90    1.54  87.60


avg-cpu:  %user   %nice %system %iowait  %steal   %idle
           0.19    0.00    0.50    5.33    0.00   93.99

Device            r/s     rkB/s   rrqm/s  %rrqm r_await rareq-sz     w/s     wkB/s   wrqm/s  %wrqm w_await wareq-sz     d/s     dkB/s   drqm/s  %drqm d_await dareq-sz     f/s f_await  aqu-sz  %util
nvme0n1          0.00      0.00     0.00   0.00    0.00     0.00 3371.00  41816.00     0.00   0.00    0.29    12.40    0.00      0.00     0.00   0.00    0.00     0.00  303.00    1.90    1.56  87.20


avg-cpu:  %user   %nice %system %iowait  %steal   %idle
           0.19    0.00    0.37    5.39    0.00   94.05

Device            r/s     rkB/s   rrqm/s  %rrqm r_await rareq-sz     w/s     wkB/s   wrqm/s  %wrqm w_await wareq-sz     d/s     dkB/s   drqm/s  %drqm d_await dareq-sz     f/s f_await  aqu-sz  %util
nvme0n1          0.00      0.00     0.00   0.00    0.00     0.00 3655.00  46384.00     0.00   0.00    0.28    12.69    0.00      0.00     0.00   0.00    0.00     0.00  303.00    1.95    1.63  88.20


avg-cpu:  %user   %nice %system %iowait  %steal   %idle
           0.19    0.00    0.56    5.39    0.00   93.87

Device            r/s     rkB/s   rrqm/s  %rrqm r_await rareq-sz     w/s     wkB/s   wrqm/s  %wrqm w_await wareq-sz     d/s     dkB/s   drqm/s  %drqm d_await dareq-sz     f/s f_await  aqu-sz  %util
nvme0n1          0.00      0.00     0.00   0.00    0.00     0.00 3944.00  50968.00     0.00   0.00    0.27    12.92    0.00      0.00     0.00   0.00    0.00     0.00  304.00    1.95    1.67  87.70


avg-cpu:  %user   %nice %system %iowait  %steal   %idle
           0.19    0.00    0.37    5.35    0.00   94.09

Device            r/s     rkB/s   rrqm/s  %rrqm r_await rareq-sz     w/s     wkB/s   wrqm/s  %wrqm w_await wareq-sz     d/s     dkB/s   drqm/s  %drqm d_await dareq-sz     f/s f_await  aqu-sz  %util
nvme0n1          0.00      0.00     0.00   0.00    0.00     0.00 3898.00  50368.00     0.00   0.00    0.27    12.92    0.00      0.00     0.00   0.00    0.00     0.00  300.00    1.97    1.66  87.70


avg-cpu:  %user   %nice %system %iowait  %steal   %idle
           0.12    0.00    0.50    5.34    0.00   94.04

Device            r/s     rkB/s   rrqm/s  %rrqm r_await rareq-sz     w/s     wkB/s   wrqm/s  %wrqm w_await wareq-sz     d/s     dkB/s   drqm/s  %drqm d_await dareq-sz     f/s f_await  aqu-sz  %util
nvme0n1          0.00      0.00     0.00   0.00    0.00     0.00 3942.00  50968.00     0.00   0.00    0.27    12.93    0.00      0.00     0.00   0.00    0.00     0.00  302.00    1.93    1.64  86.60


avg-cpu:  %user   %nice %system %iowait  %steal   %idle
           0.19    0.00    0.50    5.21    0.00   94.11

Device            r/s     rkB/s   rrqm/s  %rrqm r_await rareq-sz     w/s     wkB/s   wrqm/s  %wrqm w_await wareq-sz     d/s     dkB/s   drqm/s  %drqm d_await dareq-sz     f/s f_await  aqu-sz  %util
nvme0n1          0.00      0.00     0.00   0.00    0.00     0.00 3920.00  50668.00     0.00   0.00    0.27    12.93    0.00      0.00     0.00   0.00    0.00     0.00  301.00    1.92    1.63  85.30


avg-cpu:  %user   %nice %system %iowait  %steal   %idle
           0.19    0.00    0.50    5.33    0.00   93.98

Device            r/s     rkB/s   rrqm/s  %rrqm r_await rareq-sz     w/s     wkB/s   wrqm/s  %wrqm w_await wareq-sz     d/s     dkB/s   drqm/s  %drqm d_await dareq-sz     f/s f_await  aqu-sz  %util
nvme0n1          0.00      0.00     0.00   0.00    0.00     0.00 3937.00  50804.00     0.00   0.00    0.27    12.90    0.00      0.00     0.00   0.00    0.00     0.00  302.00    1.94    1.66  87.50


avg-cpu:  %user   %nice %system %iowait  %steal   %idle
           0.19    0.00    0.37    5.40    0.00   94.04

Device            r/s     rkB/s   rrqm/s  %rrqm r_await rareq-sz     w/s     wkB/s   wrqm/s  %wrqm w_await wareq-sz     d/s     dkB/s   drqm/s  %drqm d_await dareq-sz     f/s f_await  aqu-sz  %util
nvme0n1          0.00      0.00     0.00   0.00    0.00     0.00 3925.00  50704.00     0.00   0.00    0.27    12.92    0.00      0.00     0.00   0.00    0.00     0.00  303.00    1.93    1.64  87.60


avg-cpu:  %user   %nice %system %iowait  %steal   %idle
           0.19    0.00    0.43    5.32    0.00   94.06

Device            r/s     rkB/s   rrqm/s  %rrqm r_await rareq-sz     w/s     wkB/s   wrqm/s  %wrqm w_await wareq-sz     d/s     dkB/s   drqm/s  %drqm d_await dareq-sz     f/s f_await  aqu-sz  %util
nvme0n1          0.00      0.00     0.00   0.00    0.00     0.00 3924.00  50704.00     0.00   0.00    0.27    12.92    0.00      0.00     0.00   0.00    0.00     0.00  302.00    1.94    1.65  87.10


avg-cpu:  %user   %nice %system %iowait  %steal   %idle
           0.19    0.00    0.56    5.32    0.00   93.94

Device            r/s     rkB/s   rrqm/s  %rrqm r_await rareq-sz     w/s     wkB/s   wrqm/s  %wrqm w_await wareq-sz     d/s     dkB/s   drqm/s  %drqm d_await dareq-sz     f/s f_await  aqu-sz  %util
nvme0n1          0.00      0.00     0.00   0.00    0.00     0.00 3961.00  51308.00     0.00   0.00    0.27    12.95    0.00      0.00     0.00   0.00    0.00     0.00  302.00    1.94    1.65  87.10


avg-cpu:  %user   %nice %system %iowait  %steal   %idle
           0.12    0.00    0.37    5.28    0.00   94.23

Device            r/s     rkB/s   rrqm/s  %rrqm r_await rareq-sz     w/s     wkB/s   wrqm/s  %wrqm w_await wareq-sz     d/s     dkB/s   drqm/s  %drqm d_await dareq-sz     f/s f_await  aqu-sz  %util
nvme0n1          0.00      0.00     0.00   0.00    0.00     0.00 3970.00  51416.00     0.00   0.00    0.27    12.95    0.00      0.00     0.00   0.00    0.00     0.00  302.00    1.95    1.66  86.80


avg-cpu:  %user   %nice %system %iowait  %steal   %idle
           0.19    0.00    0.49    5.32    0.00   94.00

Device            r/s     rkB/s   rrqm/s  %rrqm r_await rareq-sz     w/s     wkB/s   wrqm/s  %wrqm w_await wareq-sz     d/s     dkB/s   drqm/s  %drqm d_await dareq-sz     f/s f_await  aqu-sz  %util
nvme0n1          0.00      0.00     0.00   0.00    0.00     0.00 3928.00  50768.00     0.00   0.00    0.27    12.92    0.00      0.00     0.00   0.00    0.00     0.00  302.00    1.94    1.65  86.60


avg-cpu:  %user   %nice %system %iowait  %steal   %idle
           0.19    0.00    0.43    5.33    0.00   94.05

Device            r/s     rkB/s   rrqm/s  %rrqm r_await rareq-sz     w/s     wkB/s   wrqm/s  %wrqm w_await wareq-sz     d/s     dkB/s   drqm/s  %drqm d_await dareq-sz     f/s f_await  aqu-sz  %util
nvme0n1          0.00      0.00     0.00   0.00    0.00     0.00 3932.00  50856.00     0.00   0.00    0.27    12.93    0.00      0.00     0.00   0.00    0.00     0.00  302.00    1.97    1.67  88.40


avg-cpu:  %user   %nice %system %iowait  %steal   %idle
           0.12    0.00    0.56    5.46    0.00   93.86

Device            r/s     rkB/s   rrqm/s  %rrqm r_await rareq-sz     w/s     wkB/s   wrqm/s  %wrqm w_await wareq-sz     d/s     dkB/s   drqm/s  %drqm d_await dareq-sz     f/s f_await  aqu-sz  %util
nvme0n1          0.00      0.00     0.00   0.00    0.00     0.00 3940.00  50960.00     0.00   0.00    0.27    12.93    0.00      0.00     0.00   0.00    0.00     0.00  302.00    1.96    1.66  88.60


avg-cpu:  %user   %nice %system %iowait  %steal   %idle
           0.12    0.00    0.37    5.11    0.00   94.40

Device            r/s     rkB/s   rrqm/s  %rrqm r_await rareq-sz     w/s     wkB/s   wrqm/s  %wrqm w_await wareq-sz     d/s     dkB/s   drqm/s  %drqm d_await dareq-sz     f/s f_await  aqu-sz  %util
nvme0n1          0.00      0.00     0.00   0.00    0.00     0.00 3949.00  51088.00     0.00   0.00    0.26    12.94    0.00      0.00     0.00   0.00    0.00     0.00  303.00    1.88    1.61  84.60


avg-cpu:  %user   %nice %system %iowait  %steal   %idle
           0.19    0.00    0.56    5.33    0.00   93.93

Device            r/s     rkB/s   rrqm/s  %rrqm r_await rareq-sz     w/s     wkB/s   wrqm/s  %wrqm w_await wareq-sz     d/s     dkB/s   drqm/s  %drqm d_await dareq-sz     f/s f_await  aqu-sz  %util
nvme0n1          0.00      0.00     0.00   0.00    0.00     0.00 3942.00  50992.00     0.00   0.00    0.27    12.94    0.00      0.00     0.00   0.00    0.00     0.00  302.00    1.92    1.64  86.20


avg-cpu:  %user   %nice %system %iowait  %steal   %idle
           0.19    0.00    0.37    5.27    0.00   94.17

Device            r/s     rkB/s   rrqm/s  %rrqm r_await rareq-sz     w/s     wkB/s   wrqm/s  %wrqm w_await wareq-sz     d/s     dkB/s   drqm/s  %drqm d_await dareq-sz     f/s f_await  aqu-sz  %util
nvme0n1          0.00      0.00     0.00   0.00    0.00     0.00 3952.00  51152.00     0.00   0.00    0.27    12.94    0.00      0.00     0.00   0.00    0.00     0.00  302.00    1.94    1.65  86.00


avg-cpu:  %user   %nice %system %iowait  %steal   %idle
           0.25    0.00    0.50    5.38    0.00   93.87

Device            r/s     rkB/s   rrqm/s  %rrqm r_await rareq-sz     w/s     wkB/s   wrqm/s  %wrqm w_await wareq-sz     d/s     dkB/s   drqm/s  %drqm d_await dareq-sz     f/s f_await  aqu-sz  %util
nvme0n1          0.00      0.00     0.00   0.00    0.00     0.00 4600.00  61520.00     0.00   0.00    0.71    13.37    0.00      0.00     0.00   0.00    0.00     0.00  302.00    1.97    3.88  88.70


avg-cpu:  %user   %nice %system %iowait  %steal   %idle
           0.19    0.00    0.50    5.21    0.00   94.10

Device            r/s     rkB/s   rrqm/s  %rrqm r_await rareq-sz     w/s     wkB/s   wrqm/s  %wrqm w_await wareq-sz     d/s     dkB/s   drqm/s  %drqm d_await dareq-sz     f/s f_await  aqu-sz  %util
nvme0n1          0.00      0.00     0.00   0.00    0.00     0.00 3924.00  50704.00     0.00   0.00    0.27    12.92    0.00      0.00     0.00   0.00    0.00     0.00  302.00    1.91    1.63  85.50


avg-cpu:  %user   %nice %system %iowait  %steal   %idle
           0.12    0.00    0.62    5.20    0.00   94.06

Device            r/s     rkB/s   rrqm/s  %rrqm r_await rareq-sz     w/s     wkB/s   wrqm/s  %wrqm w_await wareq-sz     d/s     dkB/s   drqm/s  %drqm d_await dareq-sz     f/s f_await  aqu-sz  %util
nvme0n1          0.00      0.00     0.00   0.00    0.00     0.00 3926.00  50736.00     0.00   0.00    0.27    12.92    0.00      0.00     0.00   0.00    0.00     0.00  302.00    1.94    1.64  85.60


avg-cpu:  %user   %nice %system %iowait  %steal   %idle
           0.19    0.00    0.43    5.52    0.00   93.86

Device            r/s     rkB/s   rrqm/s  %rrqm r_await rareq-sz     w/s     wkB/s   wrqm/s  %wrqm w_await wareq-sz     d/s     dkB/s   drqm/s  %drqm d_await dareq-sz     f/s f_await  aqu-sz  %util
nvme0n1          0.00      0.00     0.00   0.00    0.00     0.00 3932.00  50804.00     0.00   0.00    0.27    12.92    0.00      0.00     0.00   0.00    0.00     0.00  303.00    1.99    1.68  89.40


avg-cpu:  %user   %nice %system %iowait  %steal   %idle
           0.19    0.00    0.50    5.33    0.00   93.99

Device            r/s     rkB/s   rrqm/s  %rrqm r_await rareq-sz     w/s     wkB/s   wrqm/s  %wrqm w_await wareq-sz     d/s     dkB/s   drqm/s  %drqm d_await dareq-sz     f/s f_await  aqu-sz  %util
nvme0n1          0.00      0.00     0.00   0.00    0.00     0.00 3932.00  50860.00     0.00   0.00    0.27    12.93    0.00      0.00     0.00   0.00    0.00     0.00  301.00    1.93    1.65  87.90


avg-cpu:  %user   %nice %system %iowait  %steal   %idle
           0.12    0.00    0.43    5.58    0.00   93.86

Device            r/s     rkB/s   rrqm/s  %rrqm r_await rareq-sz     w/s     wkB/s   wrqm/s  %wrqm w_await wareq-sz     d/s     dkB/s   drqm/s  %drqm d_await dareq-sz     f/s f_await  aqu-sz  %util
nvme0n1          4.00     64.00     0.00   0.00    0.25    16.00 3928.00  50764.00     0.00   0.00    0.28    12.92    0.00      0.00     0.00   0.00    0.00     0.00  303.00    2.00    1.69  90.60


avg-cpu:  %user   %nice %system %iowait  %steal   %idle
           0.19    0.00    0.50    5.33    0.00   93.99

Device            r/s     rkB/s   rrqm/s  %rrqm r_await rareq-sz     w/s     wkB/s   wrqm/s  %wrqm w_await wareq-sz     d/s     dkB/s   drqm/s  %drqm d_await dareq-sz     f/s f_await  aqu-sz  %util
nvme0n1          1.00     16.00     0.00   0.00    0.00    16.00 3924.00  50732.00     0.00   0.00    0.27    12.93    0.00      0.00     0.00   0.00    0.00     0.00  301.00    1.94    1.65  88.10


avg-cpu:  %user   %nice %system %iowait  %steal   %idle
           0.19    0.00    0.43    5.34    0.00   94.04

Device            r/s     rkB/s   rrqm/s  %rrqm r_await rareq-sz     w/s     wkB/s   wrqm/s  %wrqm w_await wareq-sz     d/s     dkB/s   drqm/s  %drqm d_await dareq-sz     f/s f_await  aqu-sz  %util
nvme0n1          0.00      0.00     0.00   0.00    0.00     0.00 3948.00  51008.00     0.00   0.00    0.27    12.92    0.00      0.00     0.00   0.00    0.00     0.00  304.00    1.95    1.67  86.90


avg-cpu:  %user   %nice %system %iowait  %steal   %idle
           0.25    0.00    0.43    5.47    0.00   93.85

Device            r/s     rkB/s   rrqm/s  %rrqm r_await rareq-sz     w/s     wkB/s   wrqm/s  %wrqm w_await wareq-sz     d/s     dkB/s   drqm/s  %drqm d_await dareq-sz     f/s f_await  aqu-sz  %util
nvme0n1          0.00      0.00     0.00   0.00    0.00     0.00 3900.00  50400.00     0.00   0.00    0.27    12.92    0.00      0.00     0.00   0.00    0.00     0.00  300.00    1.98    1.66  88.20


avg-cpu:  %user   %nice %system %iowait  %steal   %idle
           0.25    0.00    0.43    5.65    0.00   93.67

Device            r/s     rkB/s   rrqm/s  %rrqm r_await rareq-sz     w/s     wkB/s   wrqm/s  %wrqm w_await wareq-sz     d/s     dkB/s   drqm/s  %drqm d_await dareq-sz     f/s f_await  aqu-sz  %util
nvme0n1         59.00    944.00     0.00   0.00    0.66    16.00 3932.00  50804.00     0.00   0.00    0.27    12.92    0.00      0.00     0.00   0.00    0.00     0.00  303.00    1.96    1.71  88.40


avg-cpu:  %user   %nice %system %iowait  %steal   %idle
           0.19    0.00    0.81    6.45    0.00   92.56

Device            r/s     rkB/s   rrqm/s  %rrqm r_await rareq-sz     w/s     wkB/s   wrqm/s  %wrqm w_await wareq-sz     d/s     dkB/s   drqm/s  %drqm d_await dareq-sz     f/s f_await  aqu-sz  %util
nvme0n1        310.00   4960.00     0.00   0.00    0.59    16.00 6068.00  85168.00     0.00   0.00    3.16    14.04    0.00      0.00     0.00   0.00    0.00     0.00  298.00    1.89   19.91  88.90


avg-cpu:  %user   %nice %system %iowait  %steal   %idle
           0.19    0.00    0.37    5.32    0.00   94.12

Device            r/s     rkB/s   rrqm/s  %rrqm r_await rareq-sz     w/s     wkB/s   wrqm/s  %wrqm w_await wareq-sz     d/s     dkB/s   drqm/s  %drqm d_await dareq-sz     f/s f_await  aqu-sz  %util
nvme0n1          1.00     16.00     0.00   0.00    0.00    16.00 2555.00  28784.00     0.00   0.00    0.35    11.27    0.00      0.00     0.00   0.00    0.00     0.00  303.00    1.89    1.48  85.80


avg-cpu:  %user   %nice %system %iowait  %steal   %idle
           0.12    0.00    0.37    5.28    0.00   94.23

Device            r/s     rkB/s   rrqm/s  %rrqm r_await rareq-sz     w/s     wkB/s   wrqm/s  %wrqm w_await wareq-sz     d/s     dkB/s   drqm/s  %drqm d_await dareq-sz     f/s f_await  aqu-sz  %util
nvme0n1          0.00      0.00     0.00   0.00    0.00     0.00 3166.00  38552.00     0.00   0.00    0.31    12.18    0.00      0.00     0.00   0.00    0.00     0.00  302.00    1.91    1.55  86.10


avg-cpu:  %user   %nice %system %iowait  %steal   %idle
           0.25    0.00    0.44    5.28    0.00   94.03

Device            r/s     rkB/s   rrqm/s  %rrqm r_await rareq-sz     w/s     wkB/s   wrqm/s  %wrqm w_await wareq-sz     d/s     dkB/s   drqm/s  %drqm d_await dareq-sz     f/s f_await  aqu-sz  %util
nvme0n1          0.00      0.00     0.00   0.00    0.00     0.00 3243.00  39848.00     0.00   0.00    0.30    12.29    0.00      0.00     0.00   0.00    0.00     0.00  301.00    1.91    1.55  86.00


avg-cpu:  %user   %nice %system %iowait  %steal   %idle
           0.19    0.00    0.50    5.40    0.00   93.91

Device            r/s     rkB/s   rrqm/s  %rrqm r_await rareq-sz     w/s     wkB/s   wrqm/s  %wrqm w_await wareq-sz     d/s     dkB/s   drqm/s  %drqm d_await dareq-sz     f/s f_await  aqu-sz  %util
nvme0n1          1.00     16.00     0.00   0.00    1.00    16.00 3531.00  44512.00     0.00   0.00    0.30    12.61    0.00      0.00     0.00   0.00    0.00     0.00  299.00    1.93    1.63  88.00


avg-cpu:  %user   %nice %system %iowait  %steal   %idle
           0.19    0.00    0.37    5.33    0.00   94.11

Device            r/s     rkB/s   rrqm/s  %rrqm r_await rareq-sz     w/s     wkB/s   wrqm/s  %wrqm w_await wareq-sz     d/s     dkB/s   drqm/s  %drqm d_await dareq-sz     f/s f_await  aqu-sz  %util
nvme0n1          0.00      0.00     0.00   0.00    0.00     0.00 3696.00  47000.00     0.00   0.00    0.28    12.72    0.00      0.00     0.00   0.00    0.00     0.00  304.00    1.94    1.63  87.00


avg-cpu:  %user   %nice %system %iowait  %steal   %idle
           0.12    0.00    0.50    5.33    0.00   94.04

Device            r/s     rkB/s   rrqm/s  %rrqm r_await rareq-sz     w/s     wkB/s   wrqm/s  %wrqm w_await wareq-sz     d/s     dkB/s   drqm/s  %drqm d_await dareq-sz     f/s f_await  aqu-sz  %util
nvme0n1          0.00      0.00     0.00   0.00    0.00     0.00 3916.00  50600.00     0.00   0.00    0.27    12.92    0.00      0.00     0.00   0.00    0.00     0.00  302.00    1.96    1.66  87.30


avg-cpu:  %user   %nice %system %iowait  %steal   %idle
           0.31    0.00    0.43    5.33    0.00   93.92

Device            r/s     rkB/s   rrqm/s  %rrqm r_await rareq-sz     w/s     wkB/s   wrqm/s  %wrqm w_await wareq-sz     d/s     dkB/s   drqm/s  %drqm d_await dareq-sz     f/s f_await  aqu-sz  %util
nvme0n1          0.00      0.00     0.00   0.00    0.00     0.00 3905.00  50468.00     0.00   0.00    0.28    12.92    0.00      0.00     0.00   0.00    0.00     0.00  300.00    1.99    1.68  87.60


avg-cpu:  %user   %nice %system %iowait  %steal   %idle
           0.19    0.00    0.50    5.46    0.00   93.86

Device            r/s     rkB/s   rrqm/s  %rrqm r_await rareq-sz     w/s     wkB/s   wrqm/s  %wrqm w_await wareq-sz     d/s     dkB/s   drqm/s  %drqm d_await dareq-sz     f/s f_await  aqu-sz  %util
nvme0n1          0.00      0.00     0.00   0.00    0.00     0.00 3343.00  41372.00     0.00   0.00    0.30    12.38    0.00      0.00     0.00   0.00    0.00     0.00  302.00    1.91    1.57  89.80


avg-cpu:  %user   %nice %system %iowait  %steal   %idle
           0.25    0.00    0.43    5.39    0.00   93.93

Device            r/s     rkB/s   rrqm/s  %rrqm r_await rareq-sz     w/s     wkB/s   wrqm/s  %wrqm w_await wareq-sz     d/s     dkB/s   drqm/s  %drqm d_await dareq-sz     f/s f_await  aqu-sz  %util
nvme0n1          1.00     16.00     0.00   0.00    0.00    16.00 3415.00  42544.00     0.00   0.00    0.29    12.46    0.00      0.00     0.00   0.00    0.00     0.00  303.00    1.91    1.58  88.40


avg-cpu:  %user   %nice %system %iowait  %steal   %idle
           0.25    0.00    0.43    5.50    0.00   93.82

Device            r/s     rkB/s   rrqm/s  %rrqm r_await rareq-sz     w/s     wkB/s   wrqm/s  %wrqm w_await wareq-sz     d/s     dkB/s   drqm/s  %drqm d_await dareq-sz     f/s f_await  aqu-sz  %util
nvme0n1          0.00      0.00     0.00   0.00    0.00     0.00 3951.00  50984.00     0.00   0.00    0.27    12.90    0.00      0.00     0.00   0.00    0.00     0.00  304.00    1.96    1.68  89.80


avg-cpu:  %user   %nice %system %iowait  %steal   %idle
           0.19    0.00    0.50    5.40    0.00   93.92

Device            r/s     rkB/s   rrqm/s  %rrqm r_await rareq-sz     w/s     wkB/s   wrqm/s  %wrqm w_await wareq-sz     d/s     dkB/s   drqm/s  %drqm d_await dareq-sz     f/s f_await  aqu-sz  %util
nvme0n1          1.00     16.00     0.00   0.00    0.00    16.00 3920.00  50680.00     0.00   0.00    0.27    12.93    0.00      0.00     0.00   0.00    0.00     0.00  301.00    1.93    1.65  88.10


avg-cpu:  %user   %nice %system %iowait  %steal   %idle
           0.19    0.00    0.43    5.51    0.00   93.87

Device            r/s     rkB/s   rrqm/s  %rrqm r_await rareq-sz     w/s     wkB/s   wrqm/s  %wrqm w_await wareq-sz     d/s     dkB/s   drqm/s  %drqm d_await dareq-sz     f/s f_await  aqu-sz  %util
nvme0n1          0.00      0.00     0.00   0.00    0.00     0.00 3986.00  51696.00     0.00   0.00    0.28    12.97    0.00      0.00     0.00   0.00    0.00     0.00  302.00    2.00    1.70  90.30


avg-cpu:  %user   %nice %system %iowait  %steal   %idle
           0.12    0.00    0.56    5.50    0.00   93.82

Device            r/s     rkB/s   rrqm/s  %rrqm r_await rareq-sz     w/s     wkB/s   wrqm/s  %wrqm w_await wareq-sz     d/s     dkB/s   drqm/s  %drqm d_await dareq-sz     f/s f_await  aqu-sz  %util
nvme0n1          0.00      0.00     0.00   0.00    0.00     0.00 3958.00  51248.00     0.00   0.00    0.27    12.95    0.00      0.00     0.00   0.00    0.00     0.00  302.00    1.99    1.69  90.20


avg-cpu:  %user   %nice %system %iowait  %steal   %idle
           0.25    0.00    0.43    5.39    0.00   93.93

Device            r/s     rkB/s   rrqm/s  %rrqm r_await rareq-sz     w/s     wkB/s   wrqm/s  %wrqm w_await wareq-sz     d/s     dkB/s   drqm/s  %drqm d_await dareq-sz     f/s f_await  aqu-sz  %util
nvme0n1          1.00     16.00     0.00   0.00    1.00    16.00 3913.00  50620.00     0.00   0.00    0.28    12.94    0.00      0.00     0.00   0.00    0.00     0.00  300.00    1.95    1.67  88.00


avg-cpu:  %user   %nice %system %iowait  %steal   %idle
           0.19    0.00    0.56    5.40    0.00   93.85

Device            r/s     rkB/s   rrqm/s  %rrqm r_await rareq-sz     w/s     wkB/s   wrqm/s  %wrqm w_await wareq-sz     d/s     dkB/s   drqm/s  %drqm d_await dareq-sz     f/s f_await  aqu-sz  %util
nvme0n1          0.00      0.00     0.00   0.00    0.00     0.00 3952.00  51096.00     0.00   0.00    0.27    12.93    0.00      0.00     0.00   0.00    0.00     0.00  304.00    1.95    1.67  88.80


avg-cpu:  %user   %nice %system %iowait  %steal   %idle
           0.19    0.00    0.43    5.39    0.00   93.99

Device            r/s     rkB/s   rrqm/s  %rrqm r_await rareq-sz     w/s     wkB/s   wrqm/s  %wrqm w_await wareq-sz     d/s     dkB/s   drqm/s  %drqm d_await dareq-sz     f/s f_await  aqu-sz  %util
nvme0n1          1.00     16.00     0.00   0.00    0.00    16.00 3939.00  50932.00     0.00   0.00    0.27    12.93    0.00      0.00     0.00   0.00    0.00     0.00  302.00    1.96    1.66  88.80


avg-cpu:  %user   %nice %system %iowait  %steal   %idle
           0.19    0.00    0.50    5.39    0.00   93.92

Device            r/s     rkB/s   rrqm/s  %rrqm r_await rareq-sz     w/s     wkB/s   wrqm/s  %wrqm w_await wareq-sz     d/s     dkB/s   drqm/s  %drqm d_await dareq-sz     f/s f_await  aqu-sz  %util
nvme0n1          0.00      0.00     0.00   0.00    0.00     0.00 3925.00  50760.00     0.00   0.00    0.27    12.93    0.00      0.00     0.00   0.00    0.00     0.00  301.00    1.97    1.67  88.00


avg-cpu:  %user   %nice %system %iowait  %steal   %idle
           0.25    0.00    0.43    5.27    0.00   94.05

Device            r/s     rkB/s   rrqm/s  %rrqm r_await rareq-sz     w/s     wkB/s   wrqm/s  %wrqm w_await wareq-sz     d/s     dkB/s   drqm/s  %drqm d_await dareq-sz     f/s f_await  aqu-sz  %util
nvme0n1          0.00      0.00     0.00   0.00    0.00     0.00 3924.00  50676.00     0.00   0.00    0.27    12.91    0.00      0.00     0.00   0.00    0.00     0.00  303.00    1.94    1.65  86.70


avg-cpu:  %user   %nice %system %iowait  %steal   %idle
           0.19    0.00    0.56    5.33    0.00   93.93

Device            r/s     rkB/s   rrqm/s  %rrqm r_await rareq-sz     w/s     wkB/s   wrqm/s  %wrqm w_await wareq-sz     d/s     dkB/s   drqm/s  %drqm d_await dareq-sz     f/s f_await  aqu-sz  %util
nvme0n1          1.00     16.00     0.00   0.00    0.00    16.00 3965.00  51348.00     0.00   0.00    0.27    12.95    0.00      0.00     0.00   0.00    0.00     0.00  302.00    1.95    1.67  88.00


avg-cpu:  %user   %nice %system %iowait  %steal   %idle
           0.12    0.00    0.37    5.40    0.00   94.10

Device            r/s     rkB/s   rrqm/s  %rrqm r_await rareq-sz     w/s     wkB/s   wrqm/s  %wrqm w_await wareq-sz     d/s     dkB/s   drqm/s  %drqm d_await dareq-sz     f/s f_await  aqu-sz  %util
nvme0n1          0.00      0.00     0.00   0.00    0.00     0.00 4688.00  62840.00     0.00   0.00    0.70    13.40    0.00      0.00     0.00   0.00    0.00     0.00  306.00    1.89    3.84  87.10


avg-cpu:  %user   %nice %system %iowait  %steal   %idle
           0.19    0.00    0.56    5.40    0.00   93.86

Device            r/s     rkB/s   rrqm/s  %rrqm r_await rareq-sz     w/s     wkB/s   wrqm/s  %wrqm w_await wareq-sz     d/s     dkB/s   drqm/s  %drqm d_await dareq-sz     f/s f_await  aqu-sz  %util
nvme0n1          1.00     16.00     0.00   0.00    1.00    16.00 3924.00  50704.00     0.00   0.00    0.27    12.92    0.00      0.00     0.00   0.00    0.00     0.00  302.00    1.98    1.67  88.10


avg-cpu:  %user   %nice %system %iowait  %steal   %idle
           0.12    0.00    0.37    5.47    0.00   94.04

Device            r/s     rkB/s   rrqm/s  %rrqm r_await rareq-sz     w/s     wkB/s   wrqm/s  %wrqm w_await wareq-sz     d/s     dkB/s   drqm/s  %drqm d_await dareq-sz     f/s f_await  aqu-sz  %util
nvme0n1          0.00      0.00     0.00   0.00    0.00     0.00 3926.00  50736.00     0.00   0.00    0.27    12.92    0.00      0.00     0.00   0.00    0.00     0.00  302.00    1.98    1.67  88.30


avg-cpu:  %user   %nice %system %iowait  %steal   %idle
           0.19    0.00    0.50    5.45    0.00   93.87

Device            r/s     rkB/s   rrqm/s  %rrqm r_await rareq-sz     w/s     wkB/s   wrqm/s  %wrqm w_await wareq-sz     d/s     dkB/s   drqm/s  %drqm d_await dareq-sz     f/s f_await  aqu-sz  %util
nvme0n1          0.00      0.00     0.00   0.00    0.00     0.00 3901.00  50432.00     0.00   0.00    0.27    12.93    0.00      0.00     0.00   0.00    0.00     0.00  299.00    1.99    1.66  88.60


avg-cpu:  %user   %nice %system %iowait  %steal   %idle
           0.12    0.00    0.31    5.34    0.00   94.23

Device            r/s     rkB/s   rrqm/s  %rrqm r_await rareq-sz     w/s     wkB/s   wrqm/s  %wrqm w_await wareq-sz     d/s     dkB/s   drqm/s  %drqm d_await dareq-sz     f/s f_await  aqu-sz  %util
nvme0n1          1.00     16.00     0.00   0.00    0.00    16.00 3922.00  50672.00     0.00   0.00    0.27    12.92    0.00      0.00     0.00   0.00    0.00     0.00  302.00    1.92    1.64  86.50


avg-cpu:  %user   %nice %system %iowait  %steal   %idle
           0.12    0.00    0.37    5.52    0.00   93.99

Device            r/s     rkB/s   rrqm/s  %rrqm r_await rareq-sz     w/s     wkB/s   wrqm/s  %wrqm w_await wareq-sz     d/s     dkB/s   drqm/s  %drqm d_await dareq-sz     f/s f_await  aqu-sz  %util
nvme0n1          0.00      0.00     0.00   0.00    0.00     0.00 3937.00  50868.00     0.00   0.00    0.28    12.92    0.00      0.00     0.00   0.00    0.00     0.00  304.00    2.00    1.69  89.40


avg-cpu:  %user   %nice %system %iowait  %steal   %idle
           0.19    0.00    0.37    5.52    0.00   93.92

Device            r/s     rkB/s   rrqm/s  %rrqm r_await rareq-sz     w/s     wkB/s   wrqm/s  %wrqm w_await wareq-sz     d/s     dkB/s   drqm/s  %drqm d_await dareq-sz     f/s f_await  aqu-sz  %util
nvme0n1          0.00      0.00     0.00   0.00    0.00     0.00 3922.00  50672.00     0.00   0.00    0.27    12.92    0.00      0.00     0.00   0.00    0.00     0.00  302.00    1.99    1.68  89.40


avg-cpu:  %user   %nice %system %iowait  %steal   %idle
           0.93    0.31    0.99    1.68    0.00   96.08

Device            r/s     rkB/s   rrqm/s  %rrqm r_await rareq-sz     w/s     wkB/s   wrqm/s  %wrqm w_await wareq-sz     d/s     dkB/s   drqm/s  %drqm d_await dareq-sz     f/s f_await  aqu-sz  %util
nvme0n1          1.00     16.00     0.00   0.00    0.00    16.00 1219.00  15348.00     0.00   0.00    0.28    12.59    0.00      0.00     0.00   0.00    0.00     0.00  100.00    1.93    0.54  28.90


avg-cpu:  %user   %nice %system %iowait  %steal   %idle
           0.25    0.00    0.37    5.34    0.00   94.03

Device            r/s     rkB/s   rrqm/s  %rrqm r_await rareq-sz     w/s     wkB/s   wrqm/s  %wrqm w_await wareq-sz     d/s     dkB/s   drqm/s  %drqm d_await dareq-sz     f/s f_await  aqu-sz  %util
nvme0n1          0.00      0.00     0.00   0.00    0.00     0.00 3929.00  50768.00     0.00   0.00    0.27    12.92    0.00      0.00     0.00   0.00    0.00     0.00  303.00    1.94    1.64  87.40


avg-cpu:  %user   %nice %system %iowait  %steal   %idle
           0.31    0.00    0.56    5.32    0.00   93.82

Device            r/s     rkB/s   rrqm/s  %rrqm r_await rareq-sz     w/s     wkB/s   wrqm/s  %wrqm w_await wareq-sz     d/s     dkB/s   drqm/s  %drqm d_await dareq-sz     f/s f_await  aqu-sz  %util
nvme0n1          0.00      0.00     0.00   0.00    0.00     0.00 3929.00  50800.00     0.00   0.00    0.27    12.93    0.00      0.00     0.00   0.00    0.00     0.00  301.00    1.93    1.64  87.80


avg-cpu:  %user   %nice %system %iowait  %steal   %idle
           0.31    0.00    0.93    6.06    0.00   92.70

Device            r/s     rkB/s   rrqm/s  %rrqm r_await rareq-sz     w/s     wkB/s   wrqm/s  %wrqm w_await wareq-sz     d/s     dkB/s   drqm/s  %drqm d_await dareq-sz     f/s f_await  aqu-sz  %util
nvme0n1        131.00   2096.00     0.00   0.00    0.91    16.00 7028.00 100580.00     0.00   0.00    3.27    14.31    0.00      0.00     0.00   0.00    0.00     0.00  297.00    1.97   23.65  90.10


avg-cpu:  %user   %nice %system %iowait  %steal   %idle
           0.12    0.00    0.37    5.16    0.00   94.34

Device            r/s     rkB/s   rrqm/s  %rrqm r_await rareq-sz     w/s     wkB/s   wrqm/s  %wrqm w_await wareq-sz     d/s     dkB/s   drqm/s  %drqm d_await dareq-sz     f/s f_await  aqu-sz  %util
nvme0n1          0.00      0.00     0.00   0.00    0.00     0.00 2114.00  21744.00     0.00   0.00    0.41    10.29    0.00      0.00     0.00   0.00    0.00     0.00  302.00    1.88    1.43  82.70


avg-cpu:  %user   %nice %system %iowait  %steal   %idle
           0.12    0.00    0.43    5.28    0.00   94.16

Device            r/s     rkB/s   rrqm/s  %rrqm r_await rareq-sz     w/s     wkB/s   wrqm/s  %wrqm w_await wareq-sz     d/s     dkB/s   drqm/s  %drqm d_await dareq-sz     f/s f_await  aqu-sz  %util
nvme0n1          0.00      0.00     0.00   0.00    0.00     0.00 2793.00  32592.00     0.00   0.00    0.33    11.67    0.00      0.00     0.00   0.00    0.00     0.00  303.00    1.91    1.51  85.00


avg-cpu:  %user   %nice %system %iowait  %steal   %idle
           0.19    0.00    0.37    5.35    0.00   94.09

Device            r/s     rkB/s   rrqm/s  %rrqm r_await rareq-sz     w/s     wkB/s   wrqm/s  %wrqm w_await wareq-sz     d/s     dkB/s   drqm/s  %drqm d_await dareq-sz     f/s f_await  aqu-sz  %util
nvme0n1          1.00     16.00     0.00   0.00    0.00    16.00 3187.00  38928.00     0.00   0.00    0.31    12.21    0.00      0.00     0.00   0.00    0.00     0.00  301.00    1.92    1.55  87.20


avg-cpu:  %user   %nice %system %iowait  %steal   %idle
           0.19    0.00    0.50    5.40    0.00   93.92

Device            r/s     rkB/s   rrqm/s  %rrqm r_await rareq-sz     w/s     wkB/s   wrqm/s  %wrqm w_await wareq-sz     d/s     dkB/s   drqm/s  %drqm d_await dareq-sz     f/s f_await  aqu-sz  %util
nvme0n1          0.00      0.00     0.00   0.00    0.00     0.00 3262.00  40136.00     0.00   0.00    0.30    12.30    0.00      0.00     0.00   0.00    0.00     0.00  302.00    1.90    1.55  87.50


avg-cpu:  %user   %nice %system %iowait  %steal   %idle
           0.25    0.00    0.37    5.35    0.00   94.03

Device            r/s     rkB/s   rrqm/s  %rrqm r_await rareq-sz     w/s     wkB/s   wrqm/s  %wrqm w_await wareq-sz     d/s     dkB/s   drqm/s  %drqm d_await dareq-sz     f/s f_await  aqu-sz  %util
nvme0n1          2.00     32.00     0.00   0.00    0.50    16.00 3363.00  41688.00     0.00   0.00    0.30    12.40    0.00      0.00     0.00   0.00    0.00     0.00  303.00    1.90    1.57  88.30


avg-cpu:  %user   %nice %system %iowait  %steal   %idle
           0.19    0.00    0.50    5.39    0.00   93.93

Device            r/s     rkB/s   rrqm/s  %rrqm r_await rareq-sz     w/s     wkB/s   wrqm/s  %wrqm w_await wareq-sz     d/s     dkB/s   drqm/s  %drqm d_await dareq-sz     f/s f_await  aqu-sz  %util
nvme0n1          0.00      0.00     0.00   0.00    0.00     0.00 3898.00  50316.00     0.00   0.00    0.27    12.91    0.00      0.00     0.00   0.00    0.00     0.00  301.00    1.96    1.65  88.20


avg-cpu:  %user   %nice %system %iowait  %steal   %idle
           0.25    0.00    0.56    5.38    0.00   93.82

Device            r/s     rkB/s   rrqm/s  %rrqm r_await rareq-sz     w/s     wkB/s   wrqm/s  %wrqm w_await wareq-sz     d/s     dkB/s   drqm/s  %drqm d_await dareq-sz     f/s f_await  aqu-sz  %util
nvme0n1          0.00      0.00     0.00   0.00    0.00     0.00 3911.00  50508.00     0.00   0.00    0.28    12.91    0.00      0.00     0.00   0.00    0.00     0.00  302.00    1.99    1.68  88.20


avg-cpu:  %user   %nice %system %iowait  %steal   %idle
           0.25    0.00    0.56    5.09    0.00   94.11

Device            r/s     rkB/s   rrqm/s  %rrqm r_await rareq-sz     w/s     wkB/s   wrqm/s  %wrqm w_await wareq-sz     d/s     dkB/s   drqm/s  %drqm d_await dareq-sz     f/s f_await  aqu-sz  %util
nvme0n1          1.00     16.00     0.00   0.00    0.00    16.00 3937.00  50900.00     0.00   0.00    0.26    12.93    0.00      0.00     0.00   0.00    0.00     0.00  302.00    1.85    1.60  83.90


avg-cpu:  %user   %nice %system %iowait  %steal   %idle
           0.12    0.00    0.56    5.28    0.00   94.04

Device            r/s     rkB/s   rrqm/s  %rrqm r_await rareq-sz     w/s     wkB/s   wrqm/s  %wrqm w_await wareq-sz     d/s     dkB/s   drqm/s  %drqm d_await dareq-sz     f/s f_await  aqu-sz  %util
nvme0n1          0.00      0.00     0.00   0.00    0.00     0.00 4066.00  51540.00     1.00   0.02    0.27    12.68    0.00      0.00     0.00   0.00    0.00     0.00  302.00    1.95    1.69  87.50


avg-cpu:  %user   %nice %system %iowait  %steal   %idle
           0.19    0.00    0.43    5.39    0.00   93.99

Device            r/s     rkB/s   rrqm/s  %rrqm r_await rareq-sz     w/s     wkB/s   wrqm/s  %wrqm w_await wareq-sz     d/s     dkB/s   drqm/s  %drqm d_await dareq-sz     f/s f_await  aqu-sz  %util
nvme0n1          1.00     16.00     0.00   0.00    1.00    16.00 3948.00  51060.00     0.00   0.00    0.27    12.93    0.00      0.00     0.00   0.00    0.00     0.00  303.00    1.97    1.68  88.40


avg-cpu:  %user   %nice %system %iowait  %steal   %idle
           0.19    0.00    0.37    5.46    0.00   93.98

Device            r/s     rkB/s   rrqm/s  %rrqm r_await rareq-sz     w/s     wkB/s   wrqm/s  %wrqm w_await wareq-sz     d/s     dkB/s   drqm/s  %drqm d_await dareq-sz     f/s f_await  aqu-sz  %util
nvme0n1          0.00      0.00     0.00   0.00    0.00     0.00 3933.00  50812.00     0.00   0.00    0.27    12.92    0.00      0.00     0.00   0.00    0.00     0.00  302.00    1.96    1.66  88.40


avg-cpu:  %user   %nice %system %iowait  %steal   %idle
           0.19    0.00    0.50    5.38    0.00   93.94

Device            r/s     rkB/s   rrqm/s  %rrqm r_await rareq-sz     w/s     wkB/s   wrqm/s  %wrqm w_await wareq-sz     d/s     dkB/s   drqm/s  %drqm d_await dareq-sz     f/s f_await  aqu-sz  %util
nvme0n1          0.00      0.00     0.00   0.00    0.00     0.00 3935.00  50864.00     0.00   0.00    0.27    12.93    0.00      0.00     0.00   0.00    0.00     0.00  303.00    1.96    1.67  89.10


avg-cpu:  %user   %nice %system %iowait  %steal   %idle
           0.25    0.00    0.50    5.33    0.00   93.93

Device            r/s     rkB/s   rrqm/s  %rrqm r_await rareq-sz     w/s     wkB/s   wrqm/s  %wrqm w_await wareq-sz     d/s     dkB/s   drqm/s  %drqm d_await dareq-sz     f/s f_await  aqu-sz  %util
nvme0n1          0.00      0.00     0.00   0.00    0.00     0.00 3917.00  50688.00     0.00   0.00    0.27    12.94    0.00      0.00     0.00   0.00    0.00     0.00  299.00    1.95    1.65  87.70


avg-cpu:  %user   %nice %system %iowait  %steal   %idle
           0.19    0.00    0.44    5.41    0.00   93.96

Device            r/s     rkB/s   rrqm/s  %rrqm r_await rareq-sz     w/s     wkB/s   wrqm/s  %wrqm w_await wareq-sz     d/s     dkB/s   drqm/s  %drqm d_await dareq-sz     f/s f_await  aqu-sz  %util
nvme0n1          0.00      0.00     0.00   0.00    0.00     0.00 3960.00  51280.00     0.00   0.00    0.27    12.95    0.00      0.00     0.00   0.00    0.00     0.00  302.00    2.00    1.69  88.30


avg-cpu:  %user   %nice %system %iowait  %steal   %idle
           0.12    0.00    0.56    5.28    0.00   94.04

Device            r/s     rkB/s   rrqm/s  %rrqm r_await rareq-sz     w/s     wkB/s   wrqm/s  %wrqm w_await wareq-sz     d/s     dkB/s   drqm/s  %drqm d_await dareq-sz     f/s f_await  aqu-sz  %util
nvme0n1          0.00      0.00     0.00   0.00    0.00     0.00 3952.00  51096.00     0.00   0.00    0.27    12.93    0.00      0.00     0.00   0.00    0.00     0.00  304.00    1.90    1.64  86.40


avg-cpu:  %user   %nice %system %iowait  %steal   %idle
           0.19    0.00    0.37    5.45    0.00   94.00

Device            r/s     rkB/s   rrqm/s  %rrqm r_await rareq-sz     w/s     wkB/s   wrqm/s  %wrqm w_await wareq-sz     d/s     dkB/s   drqm/s  %drqm d_await dareq-sz     f/s f_await  aqu-sz  %util
nvme0n1          1.00     16.00     0.00   0.00    0.00    16.00 3923.00  50700.00     0.00   0.00    0.27    12.92    0.00      0.00     0.00   0.00    0.00     0.00  302.00    1.95    1.66  89.40


avg-cpu:  %user   %nice %system %iowait  %steal   %idle
           0.12    0.00    0.50    5.28    0.00   94.10

Device            r/s     rkB/s   rrqm/s  %rrqm r_await rareq-sz     w/s     wkB/s   wrqm/s  %wrqm w_await wareq-sz     d/s     dkB/s   drqm/s  %drqm d_await dareq-sz     f/s f_await  aqu-sz  %util
nvme0n1          0.00      0.00     0.00   0.00    0.00     0.00 3942.00  50992.00     0.00   0.00    0.27    12.94    0.00      0.00     0.00   0.00    0.00     0.00  302.00    1.90    1.63  86.20


avg-cpu:  %user   %nice %system %iowait  %steal   %idle
           0.19    0.00    0.31    5.38    0.00   94.12

Device            r/s     rkB/s   rrqm/s  %rrqm r_await rareq-sz     w/s     wkB/s   wrqm/s  %wrqm w_await wareq-sz     d/s     dkB/s   drqm/s  %drqm d_await dareq-sz     f/s f_await  aqu-sz  %util
nvme0n1          1.00     16.00     0.00   0.00    1.00    16.00 3926.00  50736.00     0.00   0.00    0.27    12.92    0.00      0.00     0.00   0.00    0.00     0.00  302.00    1.97    1.66  86.50


avg-cpu:  %user   %nice %system %iowait  %steal   %idle
           0.06    0.00    0.56    5.33    0.00   94.04

Device            r/s     rkB/s   rrqm/s  %rrqm r_await rareq-sz     w/s     wkB/s   wrqm/s  %wrqm w_await wareq-sz     d/s     dkB/s   drqm/s  %drqm d_await dareq-sz     f/s f_await  aqu-sz  %util
nvme0n1          0.00      0.00     0.00   0.00    0.00     0.00 3948.00  51088.00     0.00   0.00    0.27    12.94    0.00      0.00     0.00   0.00    0.00     0.00  302.00    1.91    1.64  87.30


avg-cpu:  %user   %nice %system %iowait  %steal   %idle
           0.19    0.00    0.43    5.32    0.00   94.06

Device            r/s     rkB/s   rrqm/s  %rrqm r_await rareq-sz     w/s     wkB/s   wrqm/s  %wrqm w_await wareq-sz     d/s     dkB/s   drqm/s  %drqm d_await dareq-sz     f/s f_await  aqu-sz  %util
nvme0n1          0.00      0.00     0.00   0.00    0.00     0.00 3968.00  51380.00     0.00   0.00    0.27    12.95    0.00      0.00     0.00   0.00    0.00     0.00  303.00    1.95    1.66  87.60


avg-cpu:  %user   %nice %system %iowait  %steal   %idle
           0.25    0.00    0.50    5.33    0.00   93.92

Device            r/s     rkB/s   rrqm/s  %rrqm r_await rareq-sz     w/s     wkB/s   wrqm/s  %wrqm w_await wareq-sz     d/s     dkB/s   drqm/s  %drqm d_await dareq-sz     f/s f_await  aqu-sz  %util
nvme0n1          1.00     16.00     0.00   0.00    1.00    16.00 4629.00  62024.00     0.00   0.00    0.87    13.40    0.00      0.00     0.00   0.00    0.00     0.00  301.00    1.98    4.62  87.20


avg-cpu:  %user   %nice %system %iowait  %steal   %idle
           0.25    0.00    0.43    5.40    0.00   93.92

Device            r/s     rkB/s   rrqm/s  %rrqm r_await rareq-sz     w/s     wkB/s   wrqm/s  %wrqm w_await wareq-sz     d/s     dkB/s   drqm/s  %drqm d_await dareq-sz     f/s f_await  aqu-sz  %util
nvme0n1          0.00      0.00     0.00   0.00    0.00     0.00 3917.00  50632.00     0.00   0.00    0.28    12.93    0.00      0.00     0.00   0.00    0.00     0.00  301.00    1.98    1.68  88.60


avg-cpu:  %user   %nice %system %iowait  %steal   %idle
           0.19    0.00    0.43    5.58    0.00   93.80

Device            r/s     rkB/s   rrqm/s  %rrqm r_await rareq-sz     w/s     wkB/s   wrqm/s  %wrqm w_await wareq-sz     d/s     dkB/s   drqm/s  %drqm d_await dareq-sz     f/s f_await  aqu-sz  %util
nvme0n1          1.00     16.00     0.00   0.00    0.00    16.00 3906.00  50468.00     0.00   0.00    0.28    12.92    0.00      0.00     0.00   0.00    0.00     0.00  301.00    2.02    1.69  91.10


avg-cpu:  %user   %nice %system %iowait  %steal   %idle
           0.12    0.00    0.43    5.52    0.00   93.92

Device            r/s     rkB/s   rrqm/s  %rrqm r_await rareq-sz     w/s     wkB/s   wrqm/s  %wrqm w_await wareq-sz     d/s     dkB/s   drqm/s  %drqm d_await dareq-sz     f/s f_await  aqu-sz  %util
nvme0n1          0.00      0.00     0.00   0.00    0.00     0.00 3944.00  50972.00     0.00   0.00    0.27    12.92    0.00      0.00     0.00   0.00    0.00     0.00  303.00    1.94    1.66  89.60


avg-cpu:  %user   %nice %system %iowait  %steal   %idle
           0.19    0.00    0.49    5.38    0.00   93.94

Device            r/s     rkB/s   rrqm/s  %rrqm r_await rareq-sz     w/s     wkB/s   wrqm/s  %wrqm w_await wareq-sz     d/s     dkB/s   drqm/s  %drqm d_await dareq-sz     f/s f_await  aqu-sz  %util
nvme0n1          0.00      0.00     0.00   0.00    0.00     0.00 3935.00  50864.00     0.00   0.00    0.28    12.93    0.00      0.00     0.00   0.00    0.00     0.00  303.00    1.99    1.69  88.40


avg-cpu:  %user   %nice %system %iowait  %steal   %idle
           0.19    0.00    0.50    5.15    0.00   94.17

Device            r/s     rkB/s   rrqm/s  %rrqm r_await rareq-sz     w/s     wkB/s   wrqm/s  %wrqm w_await wareq-sz     d/s     dkB/s   drqm/s  %drqm d_await dareq-sz     f/s f_await  aqu-sz  %util
nvme0n1          1.00     16.00     0.00   0.00    1.00    16.00 3928.00  50768.00     0.00   0.00    0.27    12.92    0.00      0.00     0.00   0.00    0.00     0.00  302.00    1.86    1.61  83.90


avg-cpu:  %user   %nice %system %iowait  %steal   %idle
           0.31    0.00    0.43    5.39    0.00   93.86

Device            r/s     rkB/s   rrqm/s  %rrqm r_await rareq-sz     w/s     wkB/s   wrqm/s  %wrqm w_await wareq-sz     d/s     dkB/s   drqm/s  %drqm d_await dareq-sz     f/s f_await  aqu-sz  %util
nvme0n1          0.00      0.00     0.00   0.00    0.00     0.00 3928.00  50740.00     0.00   0.00    0.27    12.92    0.00      0.00     0.00   0.00    0.00     0.00  303.00    1.95    1.66  87.70


avg-cpu:  %user   %nice %system %iowait  %steal   %idle
           0.19    0.00    0.56    5.20    0.00   94.06

Device            r/s     rkB/s   rrqm/s  %rrqm r_await rareq-sz     w/s     wkB/s   wrqm/s  %wrqm w_await wareq-sz     d/s     dkB/s   drqm/s  %drqm d_await dareq-sz     f/s f_await  aqu-sz  %util
nvme0n1          1.00     16.00     0.00   0.00    0.00    16.00 3930.00  50784.00     0.00   0.00    0.27    12.92    0.00      0.00     0.00   0.00    0.00     0.00  302.00    1.97    1.66  86.20


avg-cpu:  %user   %nice %system %iowait  %steal   %idle
           0.12    0.00    0.50    5.51    0.00   93.87

Device            r/s     rkB/s   rrqm/s  %rrqm r_await rareq-sz     w/s     wkB/s   wrqm/s  %wrqm w_await wareq-sz     d/s     dkB/s   drqm/s  %drqm d_await dareq-sz     f/s f_await  aqu-sz  %util
nvme0n1          0.00      0.00     0.00   0.00    0.00     0.00 3923.00  50700.00     0.00   0.00    0.28    12.92    0.00      0.00     0.00   0.00    0.00     0.00  302.00    2.01    1.69  89.70


avg-cpu:  %user   %nice %system %iowait  %steal   %idle
           0.19    0.00    0.74    5.89    0.00   93.18

Device            r/s     rkB/s   rrqm/s  %rrqm r_await rareq-sz     w/s     wkB/s   wrqm/s  %wrqm w_await wareq-sz     d/s     dkB/s   drqm/s  %drqm d_await dareq-sz     f/s f_await  aqu-sz  %util
nvme0n1         59.00    944.00     0.00   0.00    1.05    16.00 7279.00 104612.00     0.00   0.00    2.61    14.37    0.00      0.00     0.00   0.00    0.00     0.00  296.00    1.98   19.64  90.70


avg-cpu:  %user   %nice %system %iowait  %steal   %idle
           0.12    0.00    0.50    5.16    0.00   94.22

Device            r/s     rkB/s   rrqm/s  %rrqm r_await rareq-sz     w/s     wkB/s   wrqm/s  %wrqm w_await wareq-sz     d/s     dkB/s   drqm/s  %drqm d_await dareq-sz     f/s f_await  aqu-sz  %util
nvme0n1          1.00     16.00     0.00   0.00    0.00    16.00 2124.00  21828.00     0.00   0.00    0.41    10.28    0.00      0.00     0.00   0.00    0.00     0.00  303.00    1.89    1.45  83.80


avg-cpu:  %user   %nice %system %iowait  %steal   %idle
           0.12    0.00    0.50    5.16    0.00   94.22

Device            r/s     rkB/s   rrqm/s  %rrqm r_await rareq-sz     w/s     wkB/s   wrqm/s  %wrqm w_await wareq-sz     d/s     dkB/s   drqm/s  %drqm d_await dareq-sz     f/s f_await  aqu-sz  %util
nvme0n1          0.00      0.00     0.00   0.00    0.00     0.00 2659.00  30504.00     0.00   0.00    0.35    11.47    0.00      0.00     0.00   0.00    0.00     0.00  301.00    1.88    1.49  83.40


avg-cpu:  %user   %nice %system %iowait  %steal   %idle
           0.12    0.00    0.37    5.27    0.00   94.23

Device            r/s     rkB/s   rrqm/s  %rrqm r_await rareq-sz     w/s     wkB/s   wrqm/s  %wrqm w_await wareq-sz     d/s     dkB/s   drqm/s  %drqm d_await dareq-sz     f/s f_await  aqu-sz  %util
nvme0n1          0.00      0.00     0.00   0.00    0.00     0.00 3183.00  38860.00     0.00   0.00    0.31    12.21    0.00      0.00     0.00   0.00    0.00     0.00  302.00    1.91    1.55  86.10


avg-cpu:  %user   %nice %system %iowait  %steal   %idle
           0.19    0.00    0.50    5.21    0.00   94.11

Device            r/s     rkB/s   rrqm/s  %rrqm r_await rareq-sz     w/s     wkB/s   wrqm/s  %wrqm w_await wareq-sz     d/s     dkB/s   drqm/s  %drqm d_await dareq-sz     f/s f_await  aqu-sz  %util
nvme0n1          1.00     16.00     0.00   0.00    1.00    16.00 3358.00  41624.00     0.00   0.00    0.29    12.40    0.00      0.00     0.00   0.00    0.00     0.00  302.00    1.91    1.56  85.10


avg-cpu:  %user   %nice %system %iowait  %steal   %idle
           0.19    0.00    0.37    5.40    0.00   94.04

Device            r/s     rkB/s   rrqm/s  %rrqm r_await rareq-sz     w/s     wkB/s   wrqm/s  %wrqm w_await wareq-sz     d/s     dkB/s   drqm/s  %drqm d_await dareq-sz     f/s f_await  aqu-sz  %util
nvme0n1          0.00      0.00     0.00   0.00    0.00     0.00 3348.00  41456.00     0.00   0.00    0.30    12.38    0.00      0.00     0.00   0.00    0.00     0.00  304.00    1.90    1.57  88.00


avg-cpu:  %user   %nice %system %iowait  %steal   %idle
           0.19    0.00    0.43    5.33    0.00   94.04

Device            r/s     rkB/s   rrqm/s  %rrqm r_await rareq-sz     w/s     wkB/s   wrqm/s  %wrqm w_await wareq-sz     d/s     dkB/s   drqm/s  %drqm d_await dareq-sz     f/s f_await  aqu-sz  %util
nvme0n1          0.00      0.00     0.00   0.00    0.00     0.00 3784.00  48464.00     0.00   0.00    0.28    12.81    0.00      0.00     0.00   0.00    0.00     0.00  302.00    1.91    1.62  86.30


avg-cpu:  %user   %nice %system %iowait  %steal   %idle
           0.25    0.00    0.37    5.34    0.00   94.04

Device            r/s     rkB/s   rrqm/s  %rrqm r_await rareq-sz     w/s     wkB/s   wrqm/s  %wrqm w_await wareq-sz     d/s     dkB/s   drqm/s  %drqm d_await dareq-sz     f/s f_await  aqu-sz  %util
nvme0n1          1.00     16.00     0.00   0.00    0.00    16.00 3938.00  50904.00     0.00   0.00    0.27    12.93    0.00      0.00     0.00   0.00    0.00     0.00  302.00    1.94    1.66  86.30


avg-cpu:  %user   %nice %system %iowait  %steal   %idle
           0.06    0.00    0.50    5.46    0.00   93.98

Device            r/s     rkB/s   rrqm/s  %rrqm r_await rareq-sz     w/s     wkB/s   wrqm/s  %wrqm w_await wareq-sz     d/s     dkB/s   drqm/s  %drqm d_await dareq-sz     f/s f_await  aqu-sz  %util
nvme0n1          0.00      0.00     0.00   0.00    0.00     0.00 3930.00  50800.00     0.00   0.00    0.27    12.93    0.00      0.00     0.00   0.00    0.00     0.00  302.00    1.96    1.67  89.00


avg-cpu:  %user   %nice %system %iowait  %steal   %idle
           0.19    0.00    0.37    5.41    0.00   94.03

Device            r/s     rkB/s   rrqm/s  %rrqm r_await rareq-sz     w/s     wkB/s   wrqm/s  %wrqm w_await wareq-sz     d/s     dkB/s   drqm/s  %drqm d_await dareq-sz     f/s f_await  aqu-sz  %util
nvme0n1          0.00      0.00     0.00   0.00    0.00     0.00 3921.00  50668.00     0.00   0.00    0.28    12.92    0.00      0.00     0.00   0.00    0.00     0.00  302.00    1.99    1.68  88.80


avg-cpu:  %user   %nice %system %iowait  %steal   %idle
           0.19    0.00    0.50    5.58    0.00   93.74

Device            r/s     rkB/s   rrqm/s  %rrqm r_await rareq-sz     w/s     wkB/s   wrqm/s  %wrqm w_await wareq-sz     d/s     dkB/s   drqm/s  %drqm d_await dareq-sz     f/s f_await  aqu-sz  %util
nvme0n1          0.00      0.00     0.00   0.00    0.00     0.00 3937.00  50896.00     0.00   0.00    0.28    12.93    0.00      0.00     0.00   0.00    0.00     0.00  303.00    2.00    1.70  90.60


avg-cpu:  %user   %nice %system %iowait  %steal   %idle
           0.19    0.00    0.37    5.34    0.00   94.10

Device            r/s     rkB/s   rrqm/s  %rrqm r_await rareq-sz     w/s     wkB/s   wrqm/s  %wrqm w_await wareq-sz     d/s     dkB/s   drqm/s  %drqm d_await dareq-sz     f/s f_await  aqu-sz  %util
nvme0n1          0.00      0.00     0.00   0.00    0.00     0.00 3924.00  50704.00     0.00   0.00    0.27    12.92    0.00      0.00     0.00   0.00    0.00     0.00  302.00    1.96    1.66  88.20


avg-cpu:  %user   %nice %system %iowait  %steal   %idle
           0.12    0.00    0.56    5.38    0.00   93.94

Device            r/s     rkB/s   rrqm/s  %rrqm r_await rareq-sz     w/s     wkB/s   wrqm/s  %wrqm w_await wareq-sz     d/s     dkB/s   drqm/s  %drqm d_await dareq-sz     f/s f_await  aqu-sz  %util
nvme0n1          1.00     16.00     0.00   0.00    0.00    16.00 3912.00  50544.00     0.00   0.00    0.27    12.92    0.00      0.00     0.00   0.00    0.00     0.00  300.00    1.97    1.67  87.30


avg-cpu:  %user   %nice %system %iowait  %steal   %idle
           0.19    0.00    0.31    5.33    0.00   94.18

Device            r/s     rkB/s   rrqm/s  %rrqm r_await rareq-sz     w/s     wkB/s   wrqm/s  %wrqm w_await wareq-sz     d/s     dkB/s   drqm/s  %drqm d_await dareq-sz     f/s f_await  aqu-sz  %util
nvme0n1          0.00      0.00     0.00   0.00    0.00     0.00 3950.00  51144.00     0.00   0.00    0.27    12.95    0.00      0.00     0.00   0.00    0.00     0.00  302.00    1.94    1.64  87.10


avg-cpu:  %user   %nice %system %iowait  %steal   %idle
           0.12    0.00    0.56    5.39    0.00   93.93

Device            r/s     rkB/s   rrqm/s  %rrqm r_await rareq-sz     w/s     wkB/s   wrqm/s  %wrqm w_await wareq-sz     d/s     dkB/s   drqm/s  %drqm d_await dareq-sz     f/s f_await  aqu-sz  %util
nvme0n1          0.00      0.00     0.00   0.00    0.00     0.00 3972.00  51448.00     0.00   0.00    0.27    12.95    0.00      0.00     0.00   0.00    0.00     0.00  302.00    1.97    1.67  89.20


avg-cpu:  %user   %nice %system %iowait  %steal   %idle
           0.12    0.00    0.43    5.58    0.00   93.86

Device            r/s     rkB/s   rrqm/s  %rrqm r_await rareq-sz     w/s     wkB/s   wrqm/s  %wrqm w_await wareq-sz     d/s     dkB/s   drqm/s  %drqm d_await dareq-sz     f/s f_await  aqu-sz  %util
nvme0n1          0.00      0.00     0.00   0.00    0.00     0.00 3937.00  50896.00     0.00   0.00    0.28    12.93    0.00      0.00     0.00   0.00    0.00     0.00  303.00    1.99    1.69  90.70


avg-cpu:  %user   %nice %system %iowait  %steal   %idle
           0.19    0.00    0.49    5.32    0.00   94.00

Device            r/s     rkB/s   rrqm/s  %rrqm r_await rareq-sz     w/s     wkB/s   wrqm/s  %wrqm w_await wareq-sz     d/s     dkB/s   drqm/s  %drqm d_await dareq-sz     f/s f_await  aqu-sz  %util
nvme0n1          0.00      0.00     0.00   0.00    0.00     0.00 3927.00  50736.00     0.00   0.00    0.27    12.92    0.00      0.00     0.00   0.00    0.00     0.00  303.00    1.91    1.63  86.70


avg-cpu:  %user   %nice %system %iowait  %steal   %idle
           0.19    0.00    0.43    5.32    0.00   94.06

Device            r/s     rkB/s   rrqm/s  %rrqm r_await rareq-sz     w/s     wkB/s   wrqm/s  %wrqm w_await wareq-sz     d/s     dkB/s   drqm/s  %drqm d_await dareq-sz     f/s f_await  aqu-sz  %util
nvme0n1          0.00      0.00     0.00   0.00    0.00     0.00 3957.00  51196.00     0.00   0.00    0.27    12.94    0.00      0.00     0.00   0.00    0.00     0.00  302.00    1.94    1.66  88.20


avg-cpu:  %user   %nice %system %iowait  %steal   %idle
           0.19    0.00    0.56    5.28    0.00   93.98

Device            r/s     rkB/s   rrqm/s  %rrqm r_await rareq-sz     w/s     wkB/s   wrqm/s  %wrqm w_await wareq-sz     d/s     dkB/s   drqm/s  %drqm d_await dareq-sz     f/s f_await  aqu-sz  %util
nvme0n1          0.00      0.00     0.00   0.00    0.00     0.00 3923.00  50728.00     0.00   0.00    0.27    12.93    0.00      0.00     0.00   0.00    0.00     0.00  301.00    1.95    1.64  86.10


avg-cpu:  %user   %nice %system %iowait  %steal   %idle
           0.19    0.00    0.43    5.40    0.00   93.98

Device            r/s     rkB/s   rrqm/s  %rrqm r_await rareq-sz     w/s     wkB/s   wrqm/s  %wrqm w_await wareq-sz     d/s     dkB/s   drqm/s  %drqm d_await dareq-sz     f/s f_await  aqu-sz  %util
nvme0n1          0.00      0.00     0.00   0.00    0.00     0.00 3922.00  50672.00     0.00   0.00    0.27    12.92    0.00      0.00     0.00   0.00    0.00     0.00  302.00    1.98    1.67  88.10


avg-cpu:  %user   %nice %system %iowait  %steal   %idle
           0.19    0.00    0.43    5.46    0.00   93.92

Device            r/s     rkB/s   rrqm/s  %rrqm r_await rareq-sz     w/s     wkB/s   wrqm/s  %wrqm w_await wareq-sz     d/s     dkB/s   drqm/s  %drqm d_await dareq-sz     f/s f_await  aqu-sz  %util
nvme0n1          0.00      0.00     0.00   0.00    0.00     0.00 3953.00  51096.00     0.00   0.00    0.28    12.93    0.00      0.00     0.00   0.00    0.00     0.00  305.00    1.99    1.71  89.90


avg-cpu:  %user   %nice %system %iowait  %steal   %idle
           0.19    0.00    0.50    5.46    0.00   93.85

Device            r/s     rkB/s   rrqm/s  %rrqm r_await rareq-sz     w/s     wkB/s   wrqm/s  %wrqm w_await wareq-sz     d/s     dkB/s   drqm/s  %drqm d_await dareq-sz     f/s f_await  aqu-sz  %util
nvme0n1          1.00     16.00     0.00   0.00    1.00    16.00 3919.00  50664.00     0.00   0.00    0.27    12.93    0.00      0.00     0.00   0.00    0.00     0.00  301.00    1.97    1.67  88.30


avg-cpu:  %user   %nice %system %iowait  %steal   %idle
           0.19    0.00    0.37    5.52    0.00   93.92

Device            r/s     rkB/s   rrqm/s  %rrqm r_await rareq-sz     w/s     wkB/s   wrqm/s  %wrqm w_await wareq-sz     d/s     dkB/s   drqm/s  %drqm d_await dareq-sz     f/s f_await  aqu-sz  %util
nvme0n1          0.00      0.00     0.00   0.00    0.00     0.00 4690.00  62984.00     0.00   0.00    1.06    13.43    0.00      0.00     0.00   0.00    0.00     0.00  302.00    2.00    5.59  89.80


avg-cpu:  %user   %nice %system %iowait  %steal   %idle
           0.25    0.00    0.50    5.40    0.00   93.86

Device            r/s     rkB/s   rrqm/s  %rrqm r_await rareq-sz     w/s     wkB/s   wrqm/s  %wrqm w_await wareq-sz     d/s     dkB/s   drqm/s  %drqm d_await dareq-sz     f/s f_await  aqu-sz  %util
nvme0n1          0.00      0.00     0.00   0.00    0.00     0.00 3935.00  50840.00     0.00   0.00    0.27    12.92    0.00      0.00     0.00   0.00    0.00     0.00  303.00    1.98    1.68  89.00


avg-cpu:  %user   %nice %system %iowait  %steal   %idle
           0.12    0.00    0.50    5.40    0.00   93.98

Device            r/s     rkB/s   rrqm/s  %rrqm r_await rareq-sz     w/s     wkB/s   wrqm/s  %wrqm w_await wareq-sz     d/s     dkB/s   drqm/s  %drqm d_await dareq-sz     f/s f_await  aqu-sz  %util
nvme0n1          0.00      0.00     0.00   0.00    0.00     0.00 3909.00  50528.00     0.00   0.00    0.28    12.93    0.00      0.00     0.00   0.00    0.00     0.00  301.00    2.01    1.69  88.20


avg-cpu:  %user   %nice %system %iowait  %steal   %idle
           0.19    0.00    0.50    5.40    0.00   93.92

Device            r/s     rkB/s   rrqm/s  %rrqm r_await rareq-sz     w/s     wkB/s   wrqm/s  %wrqm w_await wareq-sz     d/s     dkB/s   drqm/s  %drqm d_await dareq-sz     f/s f_await  aqu-sz  %util
nvme0n1          0.00      0.00     0.00   0.00    0.00     0.00 3932.00  50804.00     0.00   0.00    0.27    12.92    0.00      0.00     0.00   0.00    0.00     0.00  303.00    1.95    1.66  88.10


avg-cpu:  %user   %nice %system %iowait  %steal   %idle
           0.31    0.00    0.56    5.45    0.00   93.68

Device            r/s     rkB/s   rrqm/s  %rrqm r_await rareq-sz     w/s     wkB/s   wrqm/s  %wrqm w_await wareq-sz     d/s     dkB/s   drqm/s  %drqm d_await dareq-sz     f/s f_await  aqu-sz  %util
nvme0n1          8.00    128.00     0.00   0.00    0.50    16.00 3929.00  50800.00     0.00   0.00    0.27    12.93    0.00      0.00     0.00   0.00    0.00     0.00  301.00    1.98    1.67  89.00


avg-cpu:  %user   %nice %system %iowait  %steal   %idle
           0.12    0.00    0.43    5.39    0.00   94.06

Device            r/s     rkB/s   rrqm/s  %rrqm r_await rareq-sz     w/s     wkB/s   wrqm/s  %wrqm w_await wareq-sz     d/s     dkB/s   drqm/s  %drqm d_await dareq-sz     f/s f_await  aqu-sz  %util
nvme0n1          0.00      0.00     0.00   0.00    0.00     0.00 3911.00  50508.00     0.00   0.00    0.27    12.91    0.00      0.00     0.00   0.00    0.00     0.00  302.00    1.93    1.63  88.40


avg-cpu:  %user   %nice %system %iowait  %steal   %idle
           0.25    0.00    0.49    5.49    0.00   93.77

Device            r/s     rkB/s   rrqm/s  %rrqm r_await rareq-sz     w/s     wkB/s   wrqm/s  %wrqm w_await wareq-sz     d/s     dkB/s   drqm/s  %drqm d_await dareq-sz     f/s f_await  aqu-sz  %util
nvme0n1          1.00     16.00     0.00   0.00    0.00    16.00 3975.00  51352.00     0.00   0.00    0.27    12.92    0.00      0.00     0.00   0.00    0.00     0.00  305.00    1.96    1.68  88.20


avg-cpu:  %user   %nice %system %iowait  %steal   %idle
           0.25    0.00    0.43    5.21    0.00   94.10

Device            r/s     rkB/s   rrqm/s  %rrqm r_await rareq-sz     w/s     wkB/s   wrqm/s  %wrqm w_await wareq-sz     d/s     dkB/s   drqm/s  %drqm d_await dareq-sz     f/s f_await  aqu-sz  %util
nvme0n1          0.00      0.00     0.00   0.00    0.00     0.00 3926.00  50708.00     0.00   0.00    0.27    12.92    0.00      0.00     0.00   0.00    0.00     0.00  303.00    1.92    1.62  85.40


avg-cpu:  %user   %nice %system %iowait  %steal   %idle
           0.19    0.00    0.50    5.58    0.00   93.74

Device            r/s     rkB/s   rrqm/s  %rrqm r_await rareq-sz     w/s     wkB/s   wrqm/s  %wrqm w_await wareq-sz     d/s     dkB/s   drqm/s  %drqm d_await dareq-sz     f/s f_await  aqu-sz  %util
nvme0n1          0.00      0.00     0.00   0.00    0.00     0.00 3912.00  50564.00     0.00   0.00    0.27    12.93    0.00      0.00     0.00   0.00    0.00     0.00  301.00    1.98    1.66  89.20


avg-cpu:  %user   %nice %system %iowait  %steal   %idle
           0.19    0.00    0.81    5.78    0.00   93.22

Device            r/s     rkB/s   rrqm/s  %rrqm r_await rareq-sz     w/s     wkB/s   wrqm/s  %wrqm w_await wareq-sz     d/s     dkB/s   drqm/s  %drqm d_await dareq-sz     f/s f_await  aqu-sz  %util
nvme0n1         80.00   1280.00     0.00   0.00    1.04    16.00 6110.00  85972.00     0.00   0.00    3.23    14.07    0.00      0.00     0.00   0.00    0.00     0.00  295.00    1.90   20.38  87.30


avg-cpu:  %user   %nice %system %iowait  %steal   %idle
           0.19    0.00    0.37    5.47    0.00   93.97

Device            r/s     rkB/s   rrqm/s  %rrqm r_await rareq-sz     w/s     wkB/s   wrqm/s  %wrqm w_await wareq-sz     d/s     dkB/s   drqm/s  %drqm d_await dareq-sz     f/s f_await  aqu-sz  %util
nvme0n1          0.00      0.00     0.00   0.00    0.00     0.00 2480.00  27576.00     0.00   0.00    0.36    11.12    0.00      0.00     0.00   0.00    0.00     0.00  302.00    1.89    1.47  87.00


avg-cpu:  %user   %nice %system %iowait  %steal   %idle
           0.25    0.00    0.37    5.27    0.00   94.11

Device            r/s     rkB/s   rrqm/s  %rrqm r_await rareq-sz     w/s     wkB/s   wrqm/s  %wrqm w_await wareq-sz     d/s     dkB/s   drqm/s  %drqm d_await dareq-sz     f/s f_await  aqu-sz  %util
nvme0n1          0.00      0.00     0.00   0.00    0.00     0.00 3132.00  38032.00     0.00   0.00    0.31    12.14    0.00      0.00     0.00   0.00    0.00     0.00  302.00    1.90    1.54  86.20


avg-cpu:  %user   %nice %system %iowait  %steal   %idle
           0.12    0.00    0.43    5.33    0.00   94.11

Device            r/s     rkB/s   rrqm/s  %rrqm r_await rareq-sz     w/s     wkB/s   wrqm/s  %wrqm w_await wareq-sz     d/s     dkB/s   drqm/s  %drqm d_await dareq-sz     f/s f_await  aqu-sz  %util
nvme0n1          1.00     16.00     0.00   0.00    0.00    16.00 3239.00  39784.00     0.00   0.00    0.30    12.28    0.00      0.00     0.00   0.00    0.00     0.00  301.00    1.90    1.55  86.70


avg-cpu:  %user   %nice %system %iowait  %steal   %idle
           0.25    0.00    0.50    5.20    0.00   94.06

Device            r/s     rkB/s   rrqm/s  %rrqm r_await rareq-sz     w/s     wkB/s   wrqm/s  %wrqm w_await wareq-sz     d/s     dkB/s   drqm/s  %drqm d_await dareq-sz     f/s f_await  aqu-sz  %util
nvme0n1          0.00      0.00     0.00   0.00    0.00     0.00 3676.00  46704.00     0.00   0.00    0.28    12.71    0.00      0.00     0.00   0.00    0.00     0.00  304.00    1.94    1.62  85.50


avg-cpu:  %user   %nice %system %iowait  %steal   %idle
           0.19    0.00    0.50    5.27    0.00   94.05

Device            r/s     rkB/s   rrqm/s  %rrqm r_await rareq-sz     w/s     wkB/s   wrqm/s  %wrqm w_await wareq-sz     d/s     dkB/s   drqm/s  %drqm d_await dareq-sz     f/s f_await  aqu-sz  %util
nvme0n1          1.00     16.00     0.00   0.00    1.00    16.00 3684.00  46864.00     0.00   0.00    0.28    12.72    0.00      0.00     0.00   0.00    0.00     0.00  302.00    1.95    1.63  86.30


avg-cpu:  %user   %nice %system %iowait  %steal   %idle
           0.19    0.00    0.43    5.39    0.00   93.99

Device            r/s     rkB/s   rrqm/s  %rrqm r_await rareq-sz     w/s     wkB/s   wrqm/s  %wrqm w_await wareq-sz     d/s     dkB/s   drqm/s  %drqm d_await dareq-sz     f/s f_await  aqu-sz  %util
nvme0n1          0.00      0.00     0.00   0.00    0.00     0.00 3927.00  50768.00     0.00   0.00    0.27    12.93    0.00      0.00     0.00   0.00    0.00     0.00  301.00    1.97    1.66  88.50


avg-cpu:  %user   %nice %system %iowait  %steal   %idle
           0.19    0.00    0.37    5.41    0.00   94.03

Device            r/s     rkB/s   rrqm/s  %rrqm r_await rareq-sz     w/s     wkB/s   wrqm/s  %wrqm w_await wareq-sz     d/s     dkB/s   drqm/s  %drqm d_await dareq-sz     f/s f_await  aqu-sz  %util
nvme0n1          0.00      0.00     0.00   0.00    0.00     0.00 3939.00  50928.00     0.00   0.00    0.27    12.93    0.00      0.00     0.00   0.00    0.00     0.00  303.00    1.98    1.68  88.00


avg-cpu:  %user   %nice %system %iowait  %steal   %idle
           0.19    0.00    0.43    5.40    0.00   93.98

Device            r/s     rkB/s   rrqm/s  %rrqm r_await rareq-sz     w/s     wkB/s   wrqm/s  %wrqm w_await wareq-sz     d/s     dkB/s   drqm/s  %drqm d_await dareq-sz     f/s f_await  aqu-sz  %util
nvme0n1          0.00      0.00     0.00   0.00    0.00     0.00 3968.00  51384.00     0.00   0.00    0.27    12.95    0.00      0.00     0.00   0.00    0.00     0.00  302.00    1.95    1.67  88.10


avg-cpu:  %user   %nice %system %iowait  %steal   %idle
           0.19    0.00    0.50    5.39    0.00   93.93

Device            r/s     rkB/s   rrqm/s  %rrqm r_await rareq-sz     w/s     wkB/s   wrqm/s  %wrqm w_await wareq-sz     d/s     dkB/s   drqm/s  %drqm d_await dareq-sz     f/s f_await  aqu-sz  %util
nvme0n1          0.00      0.00     0.00   0.00    0.00     0.00 3926.00  50732.00     0.00   0.00    0.28    12.92    0.00      0.00     0.00   0.00    0.00     0.00  303.00    1.97    1.68  88.80


avg-cpu:  %user   %nice %system %iowait  %steal   %idle
           0.37    0.00    0.56    5.45    0.00   93.62

Device            r/s     rkB/s   rrqm/s  %rrqm r_await rareq-sz     w/s     wkB/s   wrqm/s  %wrqm w_await wareq-sz     d/s     dkB/s   drqm/s  %drqm d_await dareq-sz     f/s f_await  aqu-sz  %util
nvme0n1          1.00     16.00     0.00   0.00    0.00    16.00 3928.00  50768.00     0.00   0.00    0.27    12.92    0.00      0.00     0.00   0.00    0.00     0.00  302.00    1.96    1.66  88.70


avg-cpu:  %user   %nice %system %iowait  %steal   %idle
           0.19    0.00    0.31    5.47    0.00   94.03

Device            r/s     rkB/s   rrqm/s  %rrqm r_await rareq-sz     w/s     wkB/s   wrqm/s  %wrqm w_await wareq-sz     d/s     dkB/s   drqm/s  %drqm d_await dareq-sz     f/s f_await  aqu-sz  %util
nvme0n1          0.00      0.00     0.00   0.00    0.00     0.00 3948.00  51088.00     0.00   0.00    0.27    12.94    0.00      0.00     0.00   0.00    0.00     0.00  302.00    1.97    1.67  89.70


avg-cpu:  %user   %nice %system %iowait  %steal   %idle
           0.19    0.00    0.56    5.39    0.00   93.87

Device            r/s     rkB/s   rrqm/s  %rrqm r_await rareq-sz     w/s     wkB/s   wrqm/s  %wrqm w_await wareq-sz     d/s     dkB/s   drqm/s  %drqm d_await dareq-sz     f/s f_await  aqu-sz  %util
nvme0n1          0.00      0.00     0.00   0.00    0.00     0.00 3930.00  50752.00     0.00   0.00    0.27    12.91    0.00      0.00     0.00   0.00    0.00     0.00  302.00    1.94    1.66  88.90


avg-cpu:  %user   %nice %system %iowait  %steal   %idle
           0.12    0.00    0.37    5.34    0.00   94.16

Device            r/s     rkB/s   rrqm/s  %rrqm r_await rareq-sz     w/s     wkB/s   wrqm/s  %wrqm w_await wareq-sz     d/s     dkB/s   drqm/s  %drqm d_await dareq-sz     f/s f_await  aqu-sz  %util
nvme0n1          0.00      0.00     0.00   0.00    0.00     0.00 3943.00  51024.00     0.00   0.00    0.27    12.94    0.00      0.00     0.00   0.00    0.00     0.00  301.00    1.97    1.67  87.60


avg-cpu:  %user   %nice %system %iowait  %steal   %idle
           0.81    0.25    0.87    2.05    0.00   96.02

Device            r/s     rkB/s   rrqm/s  %rrqm r_await rareq-sz     w/s     wkB/s   wrqm/s  %wrqm w_await wareq-sz     d/s     dkB/s   drqm/s  %drqm d_await dareq-sz     f/s f_await  aqu-sz  %util
nvme0n1          0.00      0.00     0.00   0.00    0.00     0.00 1407.00  17792.00     0.00   0.00    0.28    12.65    0.00      0.00     0.00   0.00    0.00     0.00  115.00    1.95    0.62  33.30


avg-cpu:  %user   %nice %system %iowait  %steal   %idle
           0.19    0.00    0.50    5.34    0.00   93.98

Device            r/s     rkB/s   rrqm/s  %rrqm r_await rareq-sz     w/s     wkB/s   wrqm/s  %wrqm w_await wareq-sz     d/s     dkB/s   drqm/s  %drqm d_await dareq-sz     f/s f_await  aqu-sz  %util
nvme0n1          0.00      0.00     0.00   0.00    0.00     0.00 3982.00  51564.00     1.00   0.03    0.27    12.95    0.00      0.00     0.00   0.00    0.00     0.00  302.00    1.91    1.64  87.10


avg-cpu:  %user   %nice %system %iowait  %steal   %idle
           0.19    0.00    0.50    5.27    0.00   94.05

Device            r/s     rkB/s   rrqm/s  %rrqm r_await rareq-sz     w/s     wkB/s   wrqm/s  %wrqm w_await wareq-sz     d/s     dkB/s   drqm/s  %drqm d_await dareq-sz     f/s f_await  aqu-sz  %util
nvme0n1          0.00      0.00     0.00   0.00    0.00     0.00 3948.00  51088.00     0.00   0.00    0.27    12.94    0.00      0.00     0.00   0.00    0.00     0.00  302.00    1.91    1.62  86.40


avg-cpu:  %user   %nice %system %iowait  %steal   %idle
           0.25    0.00    0.50    5.45    0.00   93.80

Device            r/s     rkB/s   rrqm/s  %rrqm r_await rareq-sz     w/s     wkB/s   wrqm/s  %wrqm w_await wareq-sz     d/s     dkB/s   drqm/s  %drqm d_await dareq-sz     f/s f_await  aqu-sz  %util
nvme0n1          0.00      0.00     0.00   0.00    0.00     0.00 3924.00  50680.00     0.00   0.00    0.27    12.92    0.00      0.00     0.00   0.00    0.00     0.00  302.00    1.99    1.68  89.10


avg-cpu:  %user   %nice %system %iowait  %steal   %idle
           0.31    0.00    0.56    5.39    0.00   93.74

Device            r/s     rkB/s   rrqm/s  %rrqm r_await rareq-sz     w/s     wkB/s   wrqm/s  %wrqm w_await wareq-sz     d/s     dkB/s   drqm/s  %drqm d_await dareq-sz     f/s f_await  aqu-sz  %util
nvme0n1          0.00      0.00     0.00   0.00    0.00     0.00 3942.00  50992.00     0.00   0.00    0.28    12.94    0.00      0.00     0.00   0.00    0.00     0.00  302.00    2.01    1.69  88.00


avg-cpu:  %user   %nice %system %iowait  %steal   %idle
           0.19    0.00    0.56    5.32    0.00   93.94

Device            r/s     rkB/s   rrqm/s  %rrqm r_await rareq-sz     w/s     wkB/s   wrqm/s  %wrqm w_await wareq-sz     d/s     dkB/s   drqm/s  %drqm d_await dareq-sz     f/s f_await  aqu-sz  %util
nvme0n1          0.00      0.00     0.00   0.00    0.00     0.00 3940.00  51012.00     0.00   0.00    0.27    12.95    0.00      0.00     0.00   0.00    0.00     0.00  301.00    1.99    1.66  88.30


avg-cpu:  %user   %nice %system %iowait  %steal   %idle
           0.19    0.00    0.37    5.53    0.00   93.91

Device            r/s     rkB/s   rrqm/s  %rrqm r_await rareq-sz     w/s     wkB/s   wrqm/s  %wrqm w_await wareq-sz     d/s     dkB/s   drqm/s  %drqm d_await dareq-sz     f/s f_await  aqu-sz  %util
nvme0n1          0.00      0.00     0.00   0.00    0.00     0.00 3884.00  49984.00     0.00   0.00    0.27    12.87    0.00      0.00     0.00   0.00    0.00     0.00  304.00    1.99    1.67  89.10


avg-cpu:  %user   %nice %system %iowait  %steal   %idle
           0.12    0.00    0.50    5.34    0.00   94.04

Device            r/s     rkB/s   rrqm/s  %rrqm r_await rareq-sz     w/s     wkB/s   wrqm/s  %wrqm w_await wareq-sz     d/s     dkB/s   drqm/s  %drqm d_await dareq-sz     f/s f_await  aqu-sz  %util
nvme0n1          0.00      0.00     0.00   0.00    0.00     0.00 3328.00  41168.00     0.00   0.00    0.30    12.37    0.00      0.00     0.00   0.00    0.00     0.00  302.00    1.91    1.56  87.70


avg-cpu:  %user   %nice %system %iowait  %steal   %idle
           0.19    0.00    0.37    5.34    0.00   94.10

Device            r/s     rkB/s   rrqm/s  %rrqm r_await rareq-sz     w/s     wkB/s   wrqm/s  %wrqm w_await wareq-sz     d/s     dkB/s   drqm/s  %drqm d_await dareq-sz     f/s f_await  aqu-sz  %util
nvme0n1          1.00     16.00     0.00   0.00    1.00    16.00 4120.00  53892.00     0.00   0.00    0.81    13.08    0.00      0.00     0.00   0.00    0.00     0.00  301.00    1.92    3.90  86.40


avg-cpu:  %user   %nice %system %iowait  %steal   %idle
           0.19    0.00    0.50    5.33    0.00   93.98

Device            r/s     rkB/s   rrqm/s  %rrqm r_await rareq-sz     w/s     wkB/s   wrqm/s  %wrqm w_await wareq-sz     d/s     dkB/s   drqm/s  %drqm d_await dareq-sz     f/s f_await  aqu-sz  %util
nvme0n1          0.00      0.00     0.00   0.00    0.00     0.00 3325.00  41136.00     0.00   0.00    0.30    12.37    0.00      0.00     0.00   0.00    0.00     0.00  301.00    1.91    1.56  86.40


avg-cpu:  %user   %nice %system %iowait  %steal   %idle
           0.19    0.00    0.37    5.22    0.00   94.22

Device            r/s     rkB/s   rrqm/s  %rrqm r_await rareq-sz     w/s     wkB/s   wrqm/s  %wrqm w_await wareq-sz     d/s     dkB/s   drqm/s  %drqm d_await dareq-sz     f/s f_await  aqu-sz  %util
nvme0n1          0.00      0.00     0.00   0.00    0.00     0.00 3344.00  41368.00     0.00   0.00    0.29    12.37    0.00      0.00     0.00   0.00    0.00     0.00  304.00    1.89    1.56  84.40


avg-cpu:  %user   %nice %system %iowait  %steal   %idle
           0.19    0.00    0.37    5.33    0.00   94.11

Device            r/s     rkB/s   rrqm/s  %rrqm r_await rareq-sz     w/s     wkB/s   wrqm/s  %wrqm w_await wareq-sz     d/s     dkB/s   drqm/s  %drqm d_await dareq-sz     f/s f_await  aqu-sz  %util
nvme0n1          0.00      0.00     0.00   0.00    0.00     0.00 3544.00  44648.00     0.00   0.00    0.29    12.60    0.00      0.00     0.00   0.00    0.00     0.00  302.00    1.91    1.59  87.10


avg-cpu:  %user   %nice %system %iowait  %steal   %idle
           0.19    0.00    0.43    5.51    0.00   93.87

Device            r/s     rkB/s   rrqm/s  %rrqm r_await rareq-sz     w/s     wkB/s   wrqm/s  %wrqm w_await wareq-sz     d/s     dkB/s   drqm/s  %drqm d_await dareq-sz     f/s f_await  aqu-sz  %util
nvme0n1          0.00      0.00     0.00   0.00    0.00     0.00 3913.00  50544.00     0.00   0.00    0.27    12.92    0.00      0.00     0.00   0.00    0.00     0.00  301.00    1.99    1.67  89.30


avg-cpu:  %user   %nice %system %iowait  %steal   %idle
           0.25    0.00    0.43    5.51    0.00   93.81

Device            r/s     rkB/s   rrqm/s  %rrqm r_await rareq-sz     w/s     wkB/s   wrqm/s  %wrqm w_await wareq-sz     d/s     dkB/s   drqm/s  %drqm d_await dareq-sz     f/s f_await  aqu-sz  %util
nvme0n1          1.00     16.00     0.00   0.00    0.00    16.00 3933.00  50836.00     0.00   0.00    0.27    12.93    0.00      0.00     0.00   0.00    0.00     0.00  302.00    1.99    1.68  89.50


avg-cpu:  %user   %nice %system %iowait  %steal   %idle
           0.19    0.00    0.49    5.38    0.00   93.94

Device            r/s     rkB/s   rrqm/s  %rrqm r_await rareq-sz     w/s     wkB/s   wrqm/s  %wrqm w_await wareq-sz     d/s     dkB/s   drqm/s  %drqm d_await dareq-sz     f/s f_await  aqu-sz  %util
nvme0n1          0.00      0.00     0.00   0.00    0.00     0.00 3926.00  50736.00     0.00   0.00    0.28    12.92    0.00      0.00     0.00   0.00    0.00     0.00  302.00    2.01    1.69  90.10


avg-cpu:  %user   %nice %system %iowait  %steal   %idle
           0.19    0.00    0.56    5.51    0.00   93.75

Device            r/s     rkB/s   rrqm/s  %rrqm r_await rareq-sz     w/s     wkB/s   wrqm/s  %wrqm w_await wareq-sz     d/s     dkB/s   drqm/s  %drqm d_await dareq-sz     f/s f_await  aqu-sz  %util
nvme0n1          0.00      0.00     0.00   0.00    0.00     0.00 3916.00  50600.00     0.00   0.00    0.28    12.92    0.00      0.00     0.00   0.00    0.00     0.00  302.00    2.01    1.70  90.40


avg-cpu:  %user   %nice %system %iowait  %steal   %idle
           0.19    0.00    0.75    5.54    0.00   93.53

Device            r/s     rkB/s   rrqm/s  %rrqm r_await rareq-sz     w/s     wkB/s   wrqm/s  %wrqm w_await wareq-sz     d/s     dkB/s   drqm/s  %drqm d_await dareq-sz     f/s f_await  aqu-sz  %util
nvme0n1         31.00    496.00     0.00   0.00    1.00    16.00 6126.00  86124.00     0.00   0.00    3.06    14.06    0.00      0.00     0.00   0.00    0.00     0.00  297.00    1.91   19.32  88.30


avg-cpu:  %user   %nice %system %iowait  %steal   %idle
           0.12    0.00    0.50    5.33    0.00   94.05

Device            r/s     rkB/s   rrqm/s  %rrqm r_await rareq-sz     w/s     wkB/s   wrqm/s  %wrqm w_await wareq-sz     d/s     dkB/s   drqm/s  %drqm d_await dareq-sz     f/s f_await  aqu-sz  %util
nvme0n1          0.00      0.00     0.00   0.00    0.00     0.00 2368.00  25808.00     0.00   0.00    0.37    10.90    0.00      0.00     0.00   0.00    0.00     0.00  302.00    1.89    1.45  86.10


avg-cpu:  %user   %nice %system %iowait  %steal   %idle
           0.12    0.00    0.37    5.26    0.00   94.25

Device            r/s     rkB/s   rrqm/s  %rrqm r_await rareq-sz     w/s     wkB/s   wrqm/s  %wrqm w_await wareq-sz     d/s     dkB/s   drqm/s  %drqm d_await dareq-sz     f/s f_await  aqu-sz  %util
nvme0n1          1.00     16.00     0.00   0.00    1.00    16.00 3144.00  38184.00     1.00   0.03    0.31    12.15    0.00      0.00     0.00   0.00    0.00     0.00  302.00    1.91    1.54  85.10


avg-cpu:  %user   %nice %system %iowait  %steal   %idle
           0.19    0.00    0.43    5.34    0.00   94.04

Device            r/s     rkB/s   rrqm/s  %rrqm r_await rareq-sz     w/s     wkB/s   wrqm/s  %wrqm w_await wareq-sz     d/s     dkB/s   drqm/s  %drqm d_await dareq-sz     f/s f_await  aqu-sz  %util
nvme0n1          0.00      0.00     0.00   0.00    0.00     0.00 3239.00  39756.00     0.00   0.00    0.30    12.27    0.00      0.00     0.00   0.00    0.00     0.00  302.00    1.90    1.55  87.10


avg-cpu:  %user   %nice %system %iowait  %steal   %idle
           0.19    0.00    0.37    5.34    0.00   94.10

Device            r/s     rkB/s   rrqm/s  %rrqm r_await rareq-sz     w/s     wkB/s   wrqm/s  %wrqm w_await wareq-sz     d/s     dkB/s   drqm/s  %drqm d_await dareq-sz     f/s f_await  aqu-sz  %util
nvme0n1          0.00      0.00     0.00   0.00    0.00     0.00 3338.00  41300.00     0.00   0.00    0.29    12.37    0.00      0.00     0.00   0.00    0.00     0.00  303.00    1.91    1.56  87.20


avg-cpu:  %user   %nice %system %iowait  %steal   %idle
           0.12    0.00    0.50    5.20    0.00   94.18

Device            r/s     rkB/s   rrqm/s  %rrqm r_await rareq-sz     w/s     wkB/s   wrqm/s  %wrqm w_await wareq-sz     d/s     dkB/s   drqm/s  %drqm d_await dareq-sz     f/s f_await  aqu-sz  %util
nvme0n1          0.00      0.00     0.00   0.00    0.00     0.00 3536.00  44496.00     0.00   0.00    0.28    12.58    0.00      0.00     0.00   0.00    0.00     0.00  302.00    1.88    1.58  86.00


avg-cpu:  %user   %nice %system %iowait  %steal   %idle
           2.65    0.00    0.80    5.36    0.00   91.18

Device            r/s     rkB/s   rrqm/s  %rrqm r_await rareq-sz     w/s     wkB/s   wrqm/s  %wrqm w_await wareq-sz     d/s     dkB/s   drqm/s  %drqm d_await dareq-sz     f/s f_await  aqu-sz  %util
nvme0n1          0.00      0.00     0.00   0.00    0.00     0.00 3928.00  50768.00     0.00   0.00    0.27    12.92    0.00      0.00     0.00   0.00    0.00     0.00  302.00    1.94    1.65  88.00


avg-cpu:  %user   %nice %system %iowait  %steal   %idle
           0.19    0.00    0.37    5.33    0.00   94.12

Device            r/s     rkB/s   rrqm/s  %rrqm r_await rareq-sz     w/s     wkB/s   wrqm/s  %wrqm w_await wareq-sz     d/s     dkB/s   drqm/s  %drqm d_await dareq-sz     f/s f_await  aqu-sz  %util
nvme0n1          1.00     16.00     0.00   0.00    0.00    16.00 3928.00  50768.00     0.00   0.00    0.27    12.92    0.00      0.00     0.00   0.00    0.00     0.00  302.00    1.93    1.64  87.80


avg-cpu:  %user   %nice %system %iowait  %steal   %idle
           0.25    0.00    0.56    5.40    0.00   93.79

Device            r/s     rkB/s   rrqm/s  %rrqm r_await rareq-sz     w/s     wkB/s   wrqm/s  %wrqm w_await wareq-sz     d/s     dkB/s   drqm/s  %drqm d_await dareq-sz     f/s f_await  aqu-sz  %util
nvme0n1          0.00      0.00     0.00   0.00    0.00     0.00 3934.00  50864.00     0.00   0.00    0.28    12.93    0.00      0.00     0.00   0.00    0.00     0.00  302.00    2.01    1.70  88.00


avg-cpu:  %user   %nice %system %iowait  %steal   %idle
           0.19    0.00    0.37    5.45    0.00   93.99

Device            r/s     rkB/s   rrqm/s  %rrqm r_await rareq-sz     w/s     wkB/s   wrqm/s  %wrqm w_await wareq-sz     d/s     dkB/s   drqm/s  %drqm d_await dareq-sz     f/s f_await  aqu-sz  %util
nvme0n1          0.00      0.00     0.00   0.00    0.00     0.00 3943.00  50992.00     0.00   0.00    0.28    12.93    0.00      0.00     0.00   0.00    0.00     0.00  303.00    1.95    1.68  87.80


avg-cpu:  %user   %nice %system %iowait  %steal   %idle
           0.12    0.00    0.50    5.52    0.00   93.85

Device            r/s     rkB/s   rrqm/s  %rrqm r_await rareq-sz     w/s     wkB/s   wrqm/s  %wrqm w_await wareq-sz     d/s     dkB/s   drqm/s  %drqm d_await dareq-sz     f/s f_await  aqu-sz  %util
nvme0n1          1.00     16.00     0.00   0.00    0.00    16.00 3929.00  50772.00     0.00   0.00    0.27    12.92    0.00      0.00     0.00   0.00    0.00     0.00  302.00    1.98    1.68  89.70


avg-cpu:  %user   %nice %system %iowait  %steal   %idle
           0.12    0.00    0.50    5.39    0.00   93.99

Device            r/s     rkB/s   rrqm/s  %rrqm r_await rareq-sz     w/s     wkB/s   wrqm/s  %wrqm w_await wareq-sz     d/s     dkB/s   drqm/s  %drqm d_await dareq-sz     f/s f_await  aqu-sz  %util
nvme0n1          0.00      0.00     0.00   0.00    0.00     0.00 3934.00  50864.00     0.00   0.00    0.27    12.93    0.00      0.00     0.00   0.00    0.00     0.00  302.00    1.95    1.66  88.60


avg-cpu:  %user   %nice %system %iowait  %steal   %idle
           0.12    0.00    0.43    5.39    0.00   94.05

Device            r/s     rkB/s   rrqm/s  %rrqm r_await rareq-sz     w/s     wkB/s   wrqm/s  %wrqm w_await wareq-sz     d/s     dkB/s   drqm/s  %drqm d_await dareq-sz     f/s f_await  aqu-sz  %util
nvme0n1          0.00      0.00     0.00   0.00    0.00     0.00 3936.00  50896.00     0.00   0.00    0.27    12.93    0.00      0.00     0.00   0.00    0.00     0.00  302.00    1.96    1.67  88.60


avg-cpu:  %user   %nice %system %iowait  %steal   %idle
           0.19    0.00    0.43    5.26    0.00   94.12

Device            r/s     rkB/s   rrqm/s  %rrqm r_await rareq-sz     w/s     wkB/s   wrqm/s  %wrqm w_await wareq-sz     d/s     dkB/s   drqm/s  %drqm d_await dareq-sz     f/s f_await  aqu-sz  %util
nvme0n1          1.00     16.00     0.00   0.00    1.00    16.00 3934.00  50840.00     0.00   0.00    0.27    12.92    0.00      0.00     0.00   0.00    0.00     0.00  302.00    1.92    1.64  85.60


avg-cpu:  %user   %nice %system %iowait  %steal   %idle
           0.19    0.00    0.50    5.52    0.00   93.80

Device            r/s     rkB/s   rrqm/s  %rrqm r_await rareq-sz     w/s     wkB/s   wrqm/s  %wrqm w_await wareq-sz     d/s     dkB/s   drqm/s  %drqm d_await dareq-sz     f/s f_await  aqu-sz  %util
nvme0n1          0.00      0.00     0.00   0.00    0.00     0.00 3956.00  51160.00     0.00   0.00    0.28    12.93    0.00      0.00     0.00   0.00    0.00     0.00  304.00    1.97    1.69  89.30


avg-cpu:  %user   %nice %system %iowait  %steal   %idle
           0.19    0.00    0.37    5.34    0.00   94.10

Device            r/s     rkB/s   rrqm/s  %rrqm r_await rareq-sz     w/s     wkB/s   wrqm/s  %wrqm w_await wareq-sz     d/s     dkB/s   drqm/s  %drqm d_await dareq-sz     f/s f_await  aqu-sz  %util
nvme0n1          0.00      0.00     0.00   0.00    0.00     0.00 4034.00  51212.00     1.00   0.02    0.30    12.70    0.00      0.00     0.00   0.00    0.00     0.00  301.00    1.92    1.79  87.00


avg-cpu:  %user   %nice %system %iowait  %steal   %idle
           0.25    0.00    0.37    5.45    0.00   93.93

Device            r/s     rkB/s   rrqm/s  %rrqm r_await rareq-sz     w/s     wkB/s   wrqm/s  %wrqm w_await wareq-sz     d/s     dkB/s   drqm/s  %drqm d_await dareq-sz     f/s f_await  aqu-sz  %util
nvme0n1          0.00      0.00     0.00   0.00    0.00     0.00 3939.00  50904.00     0.00   0.00    0.27    12.92    0.00      0.00     0.00   0.00    0.00     0.00  303.00    1.95    1.65  89.10


avg-cpu:  %user   %nice %system %iowait  %steal   %idle
           0.19    0.00    0.50    5.35    0.00   93.97

Device            r/s     rkB/s   rrqm/s  %rrqm r_await rareq-sz     w/s     wkB/s   wrqm/s  %wrqm w_await wareq-sz     d/s     dkB/s   drqm/s  %drqm d_await dareq-sz     f/s f_await  aqu-sz  %util
nvme0n1          0.00      0.00     0.00   0.00    0.00     0.00 3934.00  50840.00     0.00   0.00    0.27    12.92    0.00      0.00     0.00   0.00    0.00     0.00  302.00    1.96    1.66  87.80


avg-cpu:  %user   %nice %system %iowait  %steal   %idle
           0.25    0.00    0.43    5.40    0.00   93.92

Device            r/s     rkB/s   rrqm/s  %rrqm r_await rareq-sz     w/s     wkB/s   wrqm/s  %wrqm w_await wareq-sz     d/s     dkB/s   drqm/s  %drqm d_await dareq-sz     f/s f_await  aqu-sz  %util
nvme0n1          1.00     16.00     0.00   0.00    0.00    16.00 3925.00  50708.00     0.00   0.00    0.27    12.92    0.00      0.00     0.00   0.00    0.00     0.00  302.00    1.99    1.68  88.00


avg-cpu:  %user   %nice %system %iowait  %steal   %idle
           0.19    0.00    0.56    5.38    0.00   93.87

Device            r/s     rkB/s   rrqm/s  %rrqm r_await rareq-sz     w/s     wkB/s   wrqm/s  %wrqm w_await wareq-sz     d/s     dkB/s   drqm/s  %drqm d_await dareq-sz     f/s f_await  aqu-sz  %util
nvme0n1          0.00      0.00     0.00   0.00    0.00     0.00 3959.00  51164.00     0.00   0.00    0.27    12.92    0.00      0.00     0.00   0.00    0.00     0.00  306.00    1.93    1.67  87.40


avg-cpu:  %user   %nice %system %iowait  %steal   %idle
           0.25    0.00    0.43    5.32    0.00   94.00

Device            r/s     rkB/s   rrqm/s  %rrqm r_await rareq-sz     w/s     wkB/s   wrqm/s  %wrqm w_await wareq-sz     d/s     dkB/s   drqm/s  %drqm d_await dareq-sz     f/s f_await  aqu-sz  %util
nvme0n1          0.00      0.00     0.00   0.00    0.00     0.00 3925.00  50732.00     0.00   0.00    0.27    12.93    0.00      0.00     0.00   0.00    0.00     0.00  302.00    1.98    1.67  87.40


avg-cpu:  %user   %nice %system %iowait  %steal   %idle
           0.12    0.00    0.43    5.33    0.00   94.11

Device            r/s     rkB/s   rrqm/s  %rrqm r_await rareq-sz     w/s     wkB/s   wrqm/s  %wrqm w_await wareq-sz     d/s     dkB/s   drqm/s  %drqm d_await dareq-sz     f/s f_await  aqu-sz  %util
nvme0n1          1.00     16.00     0.00   0.00    0.00    16.00 3912.00  50540.00     0.00   0.00    0.27    12.92    0.00      0.00     0.00   0.00    0.00     0.00  301.00    1.94    1.64  87.30


avg-cpu:  %user   %nice %system %iowait  %steal   %idle
           0.31    0.00    0.50    5.51    0.00   93.68

Device            r/s     rkB/s   rrqm/s  %rrqm r_await rareq-sz     w/s     wkB/s   wrqm/s  %wrqm w_await wareq-sz     d/s     dkB/s   drqm/s  %drqm d_await dareq-sz     f/s f_await  aqu-sz  %util
nvme0n1          0.00      0.00     0.00   0.00    0.00     0.00 4790.00  64640.00     0.00   0.00    1.15    13.49    0.00      0.00     0.00   0.00    0.00     0.00  300.00    2.01    6.09  89.60


avg-cpu:  %user   %nice %system %iowait  %steal   %idle
           0.19    0.00    0.43    5.26    0.00   94.12

Device            r/s     rkB/s   rrqm/s  %rrqm r_await rareq-sz     w/s     wkB/s   wrqm/s  %wrqm w_await wareq-sz     d/s     dkB/s   drqm/s  %drqm d_await dareq-sz     f/s f_await  aqu-sz  %util
nvme0n1          0.00      0.00     0.00   0.00    0.00     0.00 3941.00  50940.00     0.00   0.00    0.27    12.93    0.00      0.00     0.00   0.00    0.00     0.00  302.00    1.89    1.62  87.50


avg-cpu:  %user   %nice %system %iowait  %steal   %idle
           0.12    0.00    0.50    5.40    0.00   93.98

Device            r/s     rkB/s   rrqm/s  %rrqm r_await rareq-sz     w/s     wkB/s   wrqm/s  %wrqm w_await wareq-sz     d/s     dkB/s   drqm/s  %drqm d_await dareq-sz     f/s f_await  aqu-sz  %util
nvme0n1          0.00      0.00     0.00   0.00    0.00     0.00 3928.00  50764.00     0.00   0.00    0.27    12.92    0.00      0.00     0.00   0.00    0.00     0.00  303.00    1.94    1.65  88.00


avg-cpu:  %user   %nice %system %iowait  %steal   %idle
           0.19    0.00    0.43    5.45    0.00   93.93

Device            r/s     rkB/s   rrqm/s  %rrqm r_await rareq-sz     w/s     wkB/s   wrqm/s  %wrqm w_await wareq-sz     d/s     dkB/s   drqm/s  %drqm d_await dareq-sz     f/s f_await  aqu-sz  %util
nvme0n1          0.00      0.00     0.00   0.00    0.00     0.00 3923.00  50700.00     0.00   0.00    0.27    12.92    0.00      0.00     0.00   0.00    0.00     0.00  302.00    1.96    1.66  89.00


avg-cpu:  %user   %nice %system %iowait  %steal   %idle
           0.19    0.00    0.43    5.58    0.00   93.80

Device            r/s     rkB/s   rrqm/s  %rrqm r_await rareq-sz     w/s     wkB/s   wrqm/s  %wrqm w_await wareq-sz     d/s     dkB/s   drqm/s  %drqm d_await dareq-sz     f/s f_await  aqu-sz  %util
nvme0n1          0.00      0.00     0.00   0.00    0.00     0.00 3921.00  50672.00     0.00   0.00    0.28    12.92    0.00      0.00     0.00   0.00    0.00     0.00  301.00    2.02    1.69  90.70


avg-cpu:  %user   %nice %system %iowait  %steal   %idle
           0.19    0.00    0.50    5.27    0.00   94.05

Device            r/s     rkB/s   rrqm/s  %rrqm r_await rareq-sz     w/s     wkB/s   wrqm/s  %wrqm w_await wareq-sz     d/s     dkB/s   drqm/s  %drqm d_await dareq-sz     f/s f_await  aqu-sz  %util
nvme0n1          0.00      0.00     0.00   0.00    0.00     0.00 3931.00  50800.00     0.00   0.00    0.27    12.92    0.00      0.00     0.00   0.00    0.00     0.00  303.00    1.93    1.64  87.20


avg-cpu:  %user   %nice %system %iowait  %steal   %idle
           0.19    0.00    0.50    5.33    0.00   93.99

Device            r/s     rkB/s   rrqm/s  %rrqm r_await rareq-sz     w/s     wkB/s   wrqm/s  %wrqm w_await wareq-sz     d/s     dkB/s   drqm/s  %drqm d_await dareq-sz     f/s f_await  aqu-sz  %util
nvme0n1          0.00      0.00     0.00   0.00    0.00     0.00 3908.00  50504.00     0.00   0.00    0.27    12.92    0.00      0.00     0.00   0.00    0.00     0.00  300.00    1.94    1.65  86.70


avg-cpu:  %user   %nice %system %iowait  %steal   %idle
           0.19    0.00    0.56    5.44    0.00   93.82

Device            r/s     rkB/s   rrqm/s  %rrqm r_await rareq-sz     w/s     wkB/s   wrqm/s  %wrqm w_await wareq-sz     d/s     dkB/s   drqm/s  %drqm d_await dareq-sz     f/s f_await  aqu-sz  %util
nvme0n1          0.00      0.00     0.00   0.00    0.00     0.00 3947.00  51016.00     0.00   0.00    0.28    12.93    0.00      0.00     0.00   0.00    0.00     0.00  304.00    1.98    1.69  89.60


avg-cpu:  %user   %nice %system %iowait  %steal   %idle
           0.19    0.00    0.74    5.32    0.00   93.75

Device            r/s     rkB/s   rrqm/s  %rrqm r_await rareq-sz     w/s     wkB/s   wrqm/s  %wrqm w_await wareq-sz     d/s     dkB/s   drqm/s  %drqm d_await dareq-sz     f/s f_await  aqu-sz  %util
nvme0n1         17.00    272.00     0.00   0.00    1.18    16.00 6434.00  91092.00     0.00   0.00    3.62    14.16    0.00      0.00     0.00   0.00    0.00     0.00  296.00    1.93   23.89  86.70


avg-cpu:  %user   %nice %system %iowait  %steal   %idle
           0.19    0.00    0.56    5.16    0.00   94.10

Device            r/s     rkB/s   rrqm/s  %rrqm r_await rareq-sz     w/s     wkB/s   wrqm/s  %wrqm w_await wareq-sz     d/s     dkB/s   drqm/s  %drqm d_await dareq-sz     f/s f_await  aqu-sz  %util
nvme0n1          0.00      0.00     0.00   0.00    0.00     0.00 2176.00  22736.00     0.00   0.00    0.39    10.45    0.00      0.00     0.00   0.00    0.00     0.00  302.00    1.87    1.42  84.20


avg-cpu:  %user   %nice %system %iowait  %steal   %idle
           0.19    0.00    0.31    5.27    0.00   94.24

Device            r/s     rkB/s   rrqm/s  %rrqm r_await rareq-sz     w/s     wkB/s   wrqm/s  %wrqm w_await wareq-sz     d/s     dkB/s   drqm/s  %drqm d_await dareq-sz     f/s f_await  aqu-sz  %util
nvme0n1          0.00      0.00     0.00   0.00    0.00     0.00 3146.00  38256.00     0.00   0.00    0.30    12.16    0.00      0.00     0.00   0.00    0.00     0.00  302.00    1.89    1.52  85.20


avg-cpu:  %user   %nice %system %iowait  %steal   %idle
           0.19    0.00    0.50    5.26    0.00   94.06

Device            r/s     rkB/s   rrqm/s  %rrqm r_await rareq-sz     w/s     wkB/s   wrqm/s  %wrqm w_await wareq-sz     d/s     dkB/s   drqm/s  %drqm d_await dareq-sz     f/s f_await  aqu-sz  %util
nvme0n1          0.00      0.00     0.00   0.00    0.00     0.00 3274.00  40304.00     0.00   0.00    0.30    12.31    0.00      0.00     0.00   0.00    0.00     0.00  302.00    1.90    1.55  87.00


avg-cpu:  %user   %nice %system %iowait  %steal   %idle
           0.31    0.00    0.37    5.40    0.00   93.92

Device            r/s     rkB/s   rrqm/s  %rrqm r_await rareq-sz     w/s     wkB/s   wrqm/s  %wrqm w_await wareq-sz     d/s     dkB/s   drqm/s  %drqm d_await dareq-sz     f/s f_await  aqu-sz  %util
nvme0n1          0.00      0.00     0.00   0.00    0.00     0.00 3356.00  41640.00     0.00   0.00    0.30    12.41    0.00      0.00     0.00   0.00    0.00     0.00  302.00    1.90    1.57  88.10


avg-cpu:  %user   %nice %system %iowait  %steal   %idle
           0.06    0.00    0.50    5.34    0.00   94.10

Device            r/s     rkB/s   rrqm/s  %rrqm r_await rareq-sz     w/s     wkB/s   wrqm/s  %wrqm w_await wareq-sz     d/s     dkB/s   drqm/s  %drqm d_await dareq-sz     f/s f_await  aqu-sz  %util
nvme0n1          0.00      0.00     0.00   0.00    0.00     0.00 3537.00  44472.00     0.00   0.00    0.29    12.57    0.00      0.00     0.00   0.00    0.00     0.00  303.00    1.93    1.61  86.20


avg-cpu:  %user   %nice %system %iowait  %steal   %idle
           0.19    0.00    0.43    5.51    0.00   93.87

Device            r/s     rkB/s   rrqm/s  %rrqm r_await rareq-sz     w/s     wkB/s   wrqm/s  %wrqm w_await wareq-sz     d/s     dkB/s   drqm/s  %drqm d_await dareq-sz     f/s f_await  aqu-sz  %util
nvme0n1          0.00      0.00     0.00   0.00    0.00     0.00 3767.00  48176.00     0.00   0.00    0.28    12.79    0.00      0.00     0.00   0.00    0.00     0.00  303.00    1.98    1.66  90.10


avg-cpu:  %user   %nice %system %iowait  %steal   %idle
           0.12    0.00    0.50    5.32    0.00   94.06

Device            r/s     rkB/s   rrqm/s  %rrqm r_await rareq-sz     w/s     wkB/s   wrqm/s  %wrqm w_await wareq-sz     d/s     dkB/s   drqm/s  %drqm d_await dareq-sz     f/s f_await  aqu-sz  %util
nvme0n1          0.00      0.00     0.00   0.00    0.00     0.00 3927.00  50740.00     0.00   0.00    0.27    12.92    0.00      0.00     0.00   0.00    0.00     0.00  302.00    1.94    1.66  88.20


avg-cpu:  %user   %nice %system %iowait  %steal   %idle
           0.19    0.00    0.62    5.26    0.00   93.94

Device            r/s     rkB/s   rrqm/s  %rrqm r_await rareq-sz     w/s     wkB/s   wrqm/s  %wrqm w_await wareq-sz     d/s     dkB/s   drqm/s  %drqm d_await dareq-sz     f/s f_await  aqu-sz  %util
nvme0n1          0.00      0.00     0.00   0.00    0.00     0.00 3918.00  50660.00     0.00   0.00    0.27    12.93    0.00      0.00     0.00   0.00    0.00     0.00  301.00    1.95    1.65  85.50


avg-cpu:  %user   %nice %system %iowait  %steal   %idle
           0.12    0.00    0.43    5.47    0.00   93.98

Device            r/s     rkB/s   rrqm/s  %rrqm r_await rareq-sz     w/s     wkB/s   wrqm/s  %wrqm w_await wareq-sz     d/s     dkB/s   drqm/s  %drqm d_await dareq-sz     f/s f_await  aqu-sz  %util
nvme0n1          0.00      0.00     0.00   0.00    0.00     0.00 3946.00  51000.00     0.00   0.00    0.28    12.92    0.00      0.00     0.00   0.00    0.00     0.00  304.00    2.02    1.71  89.90


avg-cpu:  %user   %nice %system %iowait  %steal   %idle
           0.19    0.00    0.56    5.32    0.00   93.94

Device            r/s     rkB/s   rrqm/s  %rrqm r_await rareq-sz     w/s     wkB/s   wrqm/s  %wrqm w_await wareq-sz     d/s     dkB/s   drqm/s  %drqm d_await dareq-sz     f/s f_await  aqu-sz  %util
nvme0n1          0.00      0.00     0.00   0.00    0.00     0.00 3915.00  50604.00     0.00   0.00    0.28    12.93    0.00      0.00     0.00   0.00    0.00     0.00  300.00    1.97    1.67  87.30


avg-cpu:  %user   %nice %system %iowait  %steal   %idle
           0.19    0.00    0.43    5.33    0.00   94.04

Device            r/s     rkB/s   rrqm/s  %rrqm r_await rareq-sz     w/s     wkB/s   wrqm/s  %wrqm w_await wareq-sz     d/s     dkB/s   drqm/s  %drqm d_await dareq-sz     f/s f_await  aqu-sz  %util
nvme0n1          0.00      0.00     0.00   0.00    0.00     0.00 3914.00  50568.00     0.00   0.00    0.27    12.92    0.00      0.00     0.00   0.00    0.00     0.00  302.00    1.95    1.66  87.90


avg-cpu:  %user   %nice %system %iowait  %steal   %idle
           0.12    0.00    0.68    5.21    0.00   93.98

Device            r/s     rkB/s   rrqm/s  %rrqm r_await rareq-sz     w/s     wkB/s   wrqm/s  %wrqm w_await wareq-sz     d/s     dkB/s   drqm/s  %drqm d_await dareq-sz     f/s f_await  aqu-sz  %util
nvme0n1          0.00      0.00     0.00   0.00    0.00     0.00 3924.00  50680.00     0.00   0.00    0.27    12.92    0.00      0.00     0.00   0.00    0.00     0.00  302.00    1.95    1.66  86.10


avg-cpu:  %user   %nice %system %iowait  %steal   %idle
           0.25    0.00    0.37    5.27    0.00   94.11

Device            r/s     rkB/s   rrqm/s  %rrqm r_await rareq-sz     w/s     wkB/s   wrqm/s  %wrqm w_await wareq-sz     d/s     dkB/s   drqm/s  %drqm d_await dareq-sz     f/s f_await  aqu-sz  %util
nvme0n1          0.00      0.00     0.00   0.00    0.00     0.00 3952.00  51176.00     0.00   0.00    0.27    12.95    0.00      0.00     0.00   0.00    0.00     0.00  302.00    1.90    1.64  86.50


avg-cpu:  %user   %nice %system %iowait  %steal   %idle
           0.19    0.00    0.50    5.51    0.00   93.81

Device            r/s     rkB/s   rrqm/s  %rrqm r_await rareq-sz     w/s     wkB/s   wrqm/s  %wrqm w_await wareq-sz     d/s     dkB/s   drqm/s  %drqm d_await dareq-sz     f/s f_await  aqu-sz  %util
nvme0n1          0.00      0.00     0.00   0.00    0.00     0.00 3945.00  51000.00     0.00   0.00    0.28    12.93    0.00      0.00     0.00   0.00    0.00     0.00  303.00    1.97    1.69  89.70


avg-cpu:  %user   %nice %system %iowait  %steal   %idle
           0.19    0.00    0.43    5.46    0.00   93.92

Device            r/s     rkB/s   rrqm/s  %rrqm r_await rareq-sz     w/s     wkB/s   wrqm/s  %wrqm w_await wareq-sz     d/s     dkB/s   drqm/s  %drqm d_await dareq-sz     f/s f_await  aqu-sz  %util
nvme0n1          0.00      0.00     0.00   0.00    0.00     0.00 3940.00  50960.00     0.00   0.00    0.28    12.93    0.00      0.00     0.00   0.00    0.00     0.00  302.00    1.98    1.68  88.40


avg-cpu:  %user   %nice %system %iowait  %steal   %idle
           0.19    0.00    0.50    5.34    0.00   93.98

Device            r/s     rkB/s   rrqm/s  %rrqm r_await rareq-sz     w/s     wkB/s   wrqm/s  %wrqm w_await wareq-sz     d/s     dkB/s   drqm/s  %drqm d_await dareq-sz     f/s f_await  aqu-sz  %util
nvme0n1          0.00      0.00     0.00   0.00    0.00     0.00 3945.00  51024.00     0.00   0.00    0.27    12.93    0.00      0.00     0.00   0.00    0.00     0.00  303.00    1.99    1.69  88.10


avg-cpu:  %user   %nice %system %iowait  %steal   %idle
           0.19    0.00    0.37    5.47    0.00   93.98

Device            r/s     rkB/s   rrqm/s  %rrqm r_await rareq-sz     w/s     wkB/s   wrqm/s  %wrqm w_await wareq-sz     d/s     dkB/s   drqm/s  %drqm d_await dareq-sz     f/s f_await  aqu-sz  %util
nvme0n1          0.00      0.00     0.00   0.00    0.00     0.00 3923.00  50704.00     0.00   0.00    0.27    12.92    0.00      0.00     0.00   0.00    0.00     0.00  301.00    1.97    1.67  88.90


avg-cpu:  %user   %nice %system %iowait  %steal   %idle
           0.19    0.00    0.56    5.39    0.00   93.87

Device            r/s     rkB/s   rrqm/s  %rrqm r_await rareq-sz     w/s     wkB/s   wrqm/s  %wrqm w_await wareq-sz     d/s     dkB/s   drqm/s  %drqm d_await dareq-sz     f/s f_await  aqu-sz  %util
nvme0n1          0.00      0.00     0.00   0.00    0.00     0.00 3941.00  50912.00     0.00   0.00    0.27    12.92    0.00      0.00     0.00   0.00    0.00     0.00  303.00    1.96    1.67  87.90


avg-cpu:  %user   %nice %system %iowait  %steal   %idle
           0.19    0.00    0.50    5.32    0.00   94.00

Device            r/s     rkB/s   rrqm/s  %rrqm r_await rareq-sz     w/s     wkB/s   wrqm/s  %wrqm w_await wareq-sz     d/s     dkB/s   drqm/s  %drqm d_await dareq-sz     f/s f_await  aqu-sz  %util
nvme0n1          0.00      0.00     0.00   0.00    0.00     0.00 3963.00  51312.00     0.00   0.00    0.27    12.95    0.00      0.00     0.00   0.00    0.00     0.00  303.00    1.98    1.69  88.30


avg-cpu:  %user   %nice %system %iowait  %steal   %idle
           0.25    0.00    0.43    5.38    0.00   93.94

Device            r/s     rkB/s   rrqm/s  %rrqm r_await rareq-sz     w/s     wkB/s   wrqm/s  %wrqm w_await wareq-sz     d/s     dkB/s   drqm/s  %drqm d_await dareq-sz     f/s f_await  aqu-sz  %util
nvme0n1          0.00      0.00     0.00   0.00    0.00     0.00 3936.00  50868.00     0.00   0.00    0.28    12.92    0.00      0.00     0.00   0.00    0.00     0.00  303.00    1.97    1.69  87.90


avg-cpu:  %user   %nice %system %iowait  %steal   %idle
           0.25    0.00    0.50    5.21    0.00   94.05

Device            r/s     rkB/s   rrqm/s  %rrqm r_await rareq-sz     w/s     wkB/s   wrqm/s  %wrqm w_await wareq-sz     d/s     dkB/s   drqm/s  %drqm d_await dareq-sz     f/s f_await  aqu-sz  %util
nvme0n1          0.00      0.00     0.00   0.00    0.00     0.00 3927.00  50768.00     0.00   0.00    0.27    12.93    0.00      0.00     0.00   0.00    0.00     0.00  301.00    1.93    1.64  85.70


avg-cpu:  %user   %nice %system %iowait  %steal   %idle
           0.12    0.00    0.37    5.46    0.00   94.05

Device            r/s     rkB/s   rrqm/s  %rrqm r_await rareq-sz     w/s     wkB/s   wrqm/s  %wrqm w_await wareq-sz     d/s     dkB/s   drqm/s  %drqm d_await dareq-sz     f/s f_await  aqu-sz  %util
nvme0n1          0.00      0.00     0.00   0.00    0.00     0.00 3922.00  50672.00     0.00   0.00    0.27    12.92    0.00      0.00     0.00   0.00    0.00     0.00  302.00    1.98    1.67  89.60


avg-cpu:  %user   %nice %system %iowait  %steal   %idle
           0.12    0.00    0.50    5.46    0.00   93.92

Device            r/s     rkB/s   rrqm/s  %rrqm r_await rareq-sz     w/s     wkB/s   wrqm/s  %wrqm w_await wareq-sz     d/s     dkB/s   drqm/s  %drqm d_await dareq-sz     f/s f_await  aqu-sz  %util
nvme0n1          0.00      0.00     0.00   0.00    0.00     0.00 4789.00  64664.00     0.00   0.00    0.84    13.50    0.00      0.00     0.00   0.00    0.00     0.00  299.00    1.99    4.60  89.40


avg-cpu:  %user   %nice %system %iowait  %steal   %idle
           0.19    0.00    0.50    5.45    0.00   93.87

Device            r/s     rkB/s   rrqm/s  %rrqm r_await rareq-sz     w/s     wkB/s   wrqm/s  %wrqm w_await wareq-sz     d/s     dkB/s   drqm/s  %drqm d_await dareq-sz     f/s f_await  aqu-sz  %util
nvme0n1          0.00      0.00     0.00   0.00    0.00     0.00 3945.00  50972.00     0.00   0.00    0.27    12.92    0.00      0.00     0.00   0.00    0.00     0.00  304.00    1.93    1.66  89.10


avg-cpu:  %user   %nice %system %iowait  %steal   %idle
           0.12    0.00    0.37    5.45    0.00   94.06

Device            r/s     rkB/s   rrqm/s  %rrqm r_await rareq-sz     w/s     wkB/s   wrqm/s  %wrqm w_await wareq-sz     d/s     dkB/s   drqm/s  %drqm d_await dareq-sz     f/s f_await  aqu-sz  %util
nvme0n1          0.00      0.00     0.00   0.00    0.00     0.00 3922.00  50696.00     0.00   0.00    0.27    12.93    0.00      0.00     0.00   0.00    0.00     0.00  302.00    1.98    1.68  89.60


avg-cpu:  %user   %nice %system %iowait  %steal   %idle
           0.12    0.00    0.43    5.51    0.00   93.93

Device            r/s     rkB/s   rrqm/s  %rrqm r_await rareq-sz     w/s     wkB/s   wrqm/s  %wrqm w_await wareq-sz     d/s     dkB/s   drqm/s  %drqm d_await dareq-sz     f/s f_await  aqu-sz  %util
nvme0n1          0.00      0.00     0.00   0.00    0.00     0.00 3914.00  50572.00     0.00   0.00    0.27    12.92    0.00      0.00     0.00   0.00    0.00     0.00  301.00    1.99    1.67  90.60


avg-cpu:  %user   %nice %system %iowait  %steal   %idle
           0.49    0.00    0.62    5.31    0.00   93.58

Device            r/s     rkB/s   rrqm/s  %rrqm r_await rareq-sz     w/s     wkB/s   wrqm/s  %wrqm w_await wareq-sz     d/s     dkB/s   drqm/s  %drqm d_await dareq-sz     f/s f_await  aqu-sz  %util
nvme0n1          0.00      0.00     0.00   0.00    0.00     0.00 3928.00  50768.00     0.00   0.00    0.27    12.92    0.00      0.00     0.00   0.00    0.00     0.00  302.00    1.96    1.67  86.20


avg-cpu:  %user   %nice %system %iowait  %steal   %idle
           0.12    0.00    0.43    5.27    0.00   94.17

Device            r/s     rkB/s   rrqm/s  %rrqm r_await rareq-sz     w/s     wkB/s   wrqm/s  %wrqm w_await wareq-sz     d/s     dkB/s   drqm/s  %drqm d_await dareq-sz     f/s f_await  aqu-sz  %util
nvme0n1          0.00      0.00     0.00   0.00    0.00     0.00 3937.00  50900.00     0.00   0.00    0.27    12.93    0.00      0.00     0.00   0.00    0.00     0.00  302.00    1.97    1.67  86.50


avg-cpu:  %user   %nice %system %iowait  %steal   %idle
           0.12    0.00    0.56    5.44    0.00   93.88

Device            r/s     rkB/s   rrqm/s  %rrqm r_await rareq-sz     w/s     wkB/s   wrqm/s  %wrqm w_await wareq-sz     d/s     dkB/s   drqm/s  %drqm d_await dareq-sz     f/s f_await  aqu-sz  %util
nvme0n1          0.00      0.00     0.00   0.00    0.00     0.00 3931.00  50772.00     0.00   0.00    0.27    12.92    0.00      0.00     0.00   0.00    0.00     0.00  304.00    1.93    1.66  89.20


avg-cpu:  %user   %nice %system %iowait  %steal   %idle
           0.31    0.00    0.74    5.46    0.00   93.49

Device            r/s     rkB/s   rrqm/s  %rrqm r_await rareq-sz     w/s     wkB/s   wrqm/s  %wrqm w_await wareq-sz     d/s     dkB/s   drqm/s  %drqm d_await dareq-sz     f/s f_await  aqu-sz  %util
nvme0n1         46.00    736.00     0.00   0.00    1.02    16.00 7113.00 101904.00     0.00   0.00    2.78    14.33    0.00      0.00     0.00   0.00    0.00     0.00  297.00    1.90   20.37  86.30


avg-cpu:  %user   %nice %system %iowait  %steal   %idle
           0.25    0.00    0.43    5.15    0.00   94.17

Device            r/s     rkB/s   rrqm/s  %rrqm r_await rareq-sz     w/s     wkB/s   wrqm/s  %wrqm w_await wareq-sz     d/s     dkB/s   drqm/s  %drqm d_await dareq-sz     f/s f_await  aqu-sz  %util
nvme0n1          0.00      0.00     0.00   0.00    0.00     0.00 2114.00  21744.00     0.00   0.00    0.40    10.29    0.00      0.00     0.00   0.00    0.00     0.00  302.00    1.88    1.42  82.80


avg-cpu:  %user   %nice %system %iowait  %steal   %idle
           0.75    0.25    0.75    1.80    0.00   96.45

Device            r/s     rkB/s   rrqm/s  %rrqm r_await rareq-sz     w/s     wkB/s   wrqm/s  %wrqm w_await wareq-sz     d/s     dkB/s   drqm/s  %drqm d_await dareq-sz     f/s f_await  aqu-sz  %util
nvme0n1          0.00      0.00     0.00   0.00    0.00     0.00  960.00  11028.00     0.00   0.00    0.33    11.49    0.00      0.00     0.00   0.00    0.00     0.00  105.00    1.89    0.52  29.40


avg-cpu:  %user   %nice %system %iowait  %steal   %idle
           0.25    0.06    0.56    5.15    0.00   93.98

Device            r/s     rkB/s   rrqm/s  %rrqm r_await rareq-sz     w/s     wkB/s   wrqm/s  %wrqm w_await wareq-sz     d/s     dkB/s   drqm/s  %drqm d_await dareq-sz     f/s f_await  aqu-sz  %util
nvme0n1          0.00      0.00     0.00   0.00    0.00     0.00 3291.00  40724.00     0.00   0.00    0.29    12.37    0.00      0.00     0.00   0.00    0.00     0.00  298.00    1.90    1.54  84.90


avg-cpu:  %user   %nice %system %iowait  %steal   %idle
           0.25    0.00    0.43    5.39    0.00   93.93

Device            r/s     rkB/s   rrqm/s  %rrqm r_await rareq-sz     w/s     wkB/s   wrqm/s  %wrqm w_await wareq-sz     d/s     dkB/s   drqm/s  %drqm d_await dareq-sz     f/s f_await  aqu-sz  %util
nvme0n1          0.00      0.00     0.00   0.00    0.00     0.00 3359.00  41592.00     0.00   0.00    0.30    12.38    0.00      0.00     0.00   0.00    0.00     0.00  305.00    1.91    1.58  87.40


avg-cpu:  %user   %nice %system %iowait  %steal   %idle
           0.19    0.00    0.43    5.38    0.00   94.00

Device            r/s     rkB/s   rrqm/s  %rrqm r_await rareq-sz     w/s     wkB/s   wrqm/s  %wrqm w_await wareq-sz     d/s     dkB/s   drqm/s  %drqm d_await dareq-sz     f/s f_await  aqu-sz  %util
nvme0n1          0.00      0.00     0.00   0.00    0.00     0.00 3333.00  41236.00     0.00   0.00    0.30    12.37    0.00      0.00     0.00   0.00    0.00     0.00  302.00    1.90    1.57  88.40


avg-cpu:  %user   %nice %system %iowait  %steal   %idle
           0.19    0.00    0.50    5.45    0.00   93.87

Device            r/s     rkB/s   rrqm/s  %rrqm r_await rareq-sz     w/s     wkB/s   wrqm/s  %wrqm w_await wareq-sz     d/s     dkB/s   drqm/s  %drqm d_await dareq-sz     f/s f_await  aqu-sz  %util
nvme0n1          0.00      0.00     0.00   0.00    0.00     0.00 3749.00  47916.00     0.00   0.00    0.28    12.78    0.00      0.00     0.00   0.00    0.00     0.00  302.00    1.93    1.61  89.40


avg-cpu:  %user   %nice %system %iowait  %steal   %idle
           0.19    0.00    0.37    5.45    0.00   94.00

Device            r/s     rkB/s   rrqm/s  %rrqm r_await rareq-sz     w/s     wkB/s   wrqm/s  %wrqm w_await wareq-sz     d/s     dkB/s   drqm/s  %drqm d_await dareq-sz     f/s f_await  aqu-sz  %util
nvme0n1          0.00      0.00     0.00   0.00    0.00     0.00 3909.00  50504.00     0.00   0.00    0.27    12.92    0.00      0.00     0.00   0.00    0.00     0.00  301.00    1.97    1.65  88.00


avg-cpu:  %user   %nice %system %iowait  %steal   %idle
           0.12    0.00    0.50    5.27    0.00   94.11

Device            r/s     rkB/s   rrqm/s  %rrqm r_await rareq-sz     w/s     wkB/s   wrqm/s  %wrqm w_await wareq-sz     d/s     dkB/s   drqm/s  %drqm d_await dareq-sz     f/s f_await  aqu-sz  %util
nvme0n1          0.00      0.00     0.00   0.00    0.00     0.00 3930.00  50804.00     0.00   0.00    0.26    12.93    0.00      0.00     0.00   0.00    0.00     0.00  301.00    1.89    1.60  86.40


avg-cpu:  %user   %nice %system %iowait  %steal   %idle
           0.25    0.00    0.43    5.47    0.00   93.85

Device            r/s     rkB/s   rrqm/s  %rrqm r_await rareq-sz     w/s     wkB/s   wrqm/s  %wrqm w_await wareq-sz     d/s     dkB/s   drqm/s  %drqm d_await dareq-sz     f/s f_await  aqu-sz  %util
nvme0n1          0.00      0.00     0.00   0.00    0.00     0.00 3933.00  50832.00     0.00   0.00    0.28    12.92    0.00      0.00     0.00   0.00    0.00     0.00  303.00    1.99    1.69  89.60


avg-cpu:  %user   %nice %system %iowait  %steal   %idle
           0.12    0.00    0.50    5.33    0.00   94.06

Device            r/s     rkB/s   rrqm/s  %rrqm r_await rareq-sz     w/s     wkB/s   wrqm/s  %wrqm w_await wareq-sz     d/s     dkB/s   drqm/s  %drqm d_await dareq-sz     f/s f_await  aqu-sz  %util
nvme0n1          0.00      0.00     0.00   0.00    0.00     0.00 3944.00  51024.00     0.00   0.00    0.27    12.94    0.00      0.00     0.00   0.00    0.00     0.00  302.00    1.90    1.64  87.30


avg-cpu:  %user   %nice %system %iowait  %steal   %idle
           0.25    0.00    0.37    5.45    0.00   93.93

Device            r/s     rkB/s   rrqm/s  %rrqm r_await rareq-sz     w/s     wkB/s   wrqm/s  %wrqm w_await wareq-sz     d/s     dkB/s   drqm/s  %drqm d_await dareq-sz     f/s f_await  aqu-sz  %util
nvme0n1          0.00      0.00     0.00   0.00    0.00     0.00 3933.00  50808.00     0.00   0.00    0.27    12.92    0.00      0.00     0.00   0.00    0.00     0.00  303.00    1.95    1.66  89.10


avg-cpu:  %user   %nice %system %iowait  %steal   %idle
           0.19    0.00    0.56    5.33    0.00   93.93

Device            r/s     rkB/s   rrqm/s  %rrqm r_await rareq-sz     w/s     wkB/s   wrqm/s  %wrqm w_await wareq-sz     d/s     dkB/s   drqm/s  %drqm d_await dareq-sz     f/s f_await  aqu-sz  %util
nvme0n1          0.00      0.00     0.00   0.00    0.00     0.00 3934.00  50892.00     0.00   0.00    0.27    12.94    0.00      0.00     0.00   0.00    0.00     0.00  301.00    1.95    1.66  88.70


avg-cpu:  %user   %nice %system %iowait  %steal   %idle
           0.25    0.00    0.50    5.39    0.00   93.87

Device            r/s     rkB/s   rrqm/s  %rrqm r_await rareq-sz     w/s     wkB/s   wrqm/s  %wrqm w_await wareq-sz     d/s     dkB/s   drqm/s  %drqm d_await dareq-sz     f/s f_await  aqu-sz  %util
nvme0n1          0.00      0.00     0.00   0.00    0.00     0.00 3937.00  50896.00     0.00   0.00    0.27    12.93    0.00      0.00     0.00   0.00    0.00     0.00  303.00    1.95    1.65  88.40


avg-cpu:  %user   %nice %system %iowait  %steal   %idle
           0.12    0.00    0.31    5.48    0.00   94.09

Device            r/s     rkB/s   rrqm/s  %rrqm r_await rareq-sz     w/s     wkB/s   wrqm/s  %wrqm w_await wareq-sz     d/s     dkB/s   drqm/s  %drqm d_await dareq-sz     f/s f_await  aqu-sz  %util
nvme0n1          0.00      0.00     0.00   0.00    0.00     0.00 3939.00  50904.00     0.00   0.00    0.27    12.92    0.00      0.00     0.00   0.00    0.00     0.00  303.00    1.96    1.67  89.10


avg-cpu:  %user   %nice %system %iowait  %steal   %idle
           0.19    0.00    0.50    5.45    0.00   93.87

Device            r/s     rkB/s   rrqm/s  %rrqm r_await rareq-sz     w/s     wkB/s   wrqm/s  %wrqm w_await wareq-sz     d/s     dkB/s   drqm/s  %drqm d_await dareq-sz     f/s f_await  aqu-sz  %util
nvme0n1          0.00      0.00     0.00   0.00    0.00     0.00 3934.00  50864.00     0.00   0.00    0.27    12.93    0.00      0.00     0.00   0.00    0.00     0.00  302.00    1.96    1.67  88.70


avg-cpu:  %user   %nice %system %iowait  %steal   %idle
           0.19    0.00    0.50    5.28    0.00   94.04

Device            r/s     rkB/s   rrqm/s  %rrqm r_await rareq-sz     w/s     wkB/s   wrqm/s  %wrqm w_await wareq-sz     d/s     dkB/s   drqm/s  %drqm d_await dareq-sz     f/s f_await  aqu-sz  %util
nvme0n1          0.00      0.00     0.00   0.00    0.00     0.00 3918.00  50620.00     0.00   0.00    0.27    12.92    0.00      0.00     0.00   0.00    0.00     0.00  302.00    1.91    1.65  85.80


avg-cpu:  %user   %nice %system %iowait  %steal   %idle
           0.31    0.00    0.37    5.34    0.00   93.97

Device            r/s     rkB/s   rrqm/s  %rrqm r_await rareq-sz     w/s     wkB/s   wrqm/s  %wrqm w_await wareq-sz     d/s     dkB/s   drqm/s  %drqm d_await dareq-sz     f/s f_await  aqu-sz  %util
nvme0n1          0.00      0.00     0.00   0.00    0.00     0.00 3929.00  50784.00     0.00   0.00    0.27    12.93    0.00      0.00     0.00   0.00    0.00     0.00  302.00    1.97    1.67  87.90


avg-cpu:  %user   %nice %system %iowait  %steal   %idle
           0.25    0.00    0.43    5.40    0.00   93.91

Device            r/s     rkB/s   rrqm/s  %rrqm r_await rareq-sz     w/s     wkB/s   wrqm/s  %wrqm w_await wareq-sz     d/s     dkB/s   drqm/s  %drqm d_await dareq-sz     f/s f_await  aqu-sz  %util
nvme0n1          0.00      0.00     0.00   0.00    0.00     0.00 3956.00  51216.00     0.00   0.00    0.27    12.95    0.00      0.00     0.00   0.00    0.00     0.00  302.00    1.95    1.65  88.60


avg-cpu:  %user   %nice %system %iowait  %steal   %idle
           0.12    0.00    0.56    5.46    0.00   93.86

Device            r/s     rkB/s   rrqm/s  %rrqm r_await rareq-sz     w/s     wkB/s   wrqm/s  %wrqm w_await wareq-sz     d/s     dkB/s   drqm/s  %drqm d_await dareq-sz     f/s f_await  aqu-sz  %util
nvme0n1          0.00      0.00     0.00   0.00    0.00     0.00 3987.00  51616.00     0.00   0.00    0.27    12.95    0.00      0.00     0.00   0.00    0.00     0.00  305.00    1.93    1.67  88.80


avg-cpu:  %user   %nice %system %iowait  %steal   %idle
           0.19    0.00    0.37    5.27    0.00   94.17

Device            r/s     rkB/s   rrqm/s  %rrqm r_await rareq-sz     w/s     wkB/s   wrqm/s  %wrqm w_await wareq-sz     d/s     dkB/s   drqm/s  %drqm d_await dareq-sz     f/s f_await  aqu-sz  %util
nvme0n1          0.00      0.00     0.00   0.00    0.00     0.00 3960.00  51280.00     0.00   0.00    0.27    12.95    0.00      0.00     0.00   0.00    0.00     0.00  302.00    1.96    1.67  85.60


avg-cpu:  %user   %nice %system %iowait  %steal   %idle
           0.12    0.00    0.50    5.39    0.00   93.99

Device            r/s     rkB/s   rrqm/s  %rrqm r_await rareq-sz     w/s     wkB/s   wrqm/s  %wrqm w_await wareq-sz     d/s     dkB/s   drqm/s  %drqm d_await dareq-sz     f/s f_await  aqu-sz  %util
nvme0n1          0.00      0.00     0.00   0.00    0.00     0.00 4066.00  51624.00     1.00   0.02    0.27    12.70    0.00      0.00     0.00   0.00    0.00     0.00  302.00    1.94    1.69  88.60


avg-cpu:  %user   %nice %system %iowait  %steal   %idle
           0.19    0.00    0.37    5.59    0.00   93.85

Device            r/s     rkB/s   rrqm/s  %rrqm r_await rareq-sz     w/s     wkB/s   wrqm/s  %wrqm w_await wareq-sz     d/s     dkB/s   drqm/s  %drqm d_await dareq-sz     f/s f_await  aqu-sz  %util
nvme0n1          0.00      0.00     0.00   0.00    0.00     0.00 3924.00  50704.00     0.00   0.00    0.27    12.92    0.00      0.00     0.00   0.00    0.00     0.00  302.00    1.97    1.67  90.40


avg-cpu:  %user   %nice %system %iowait  %steal   %idle
           0.12    0.00    0.44    5.34    0.00   94.10

Device            r/s     rkB/s   rrqm/s  %rrqm r_await rareq-sz     w/s     wkB/s   wrqm/s  %wrqm w_await wareq-sz     d/s     dkB/s   drqm/s  %drqm d_await dareq-sz     f/s f_await  aqu-sz  %util
nvme0n1          0.00      0.00     0.00   0.00    0.00     0.00 3944.00  51024.00     0.00   0.00    0.27    12.94    0.00      0.00     0.00   0.00    0.00     0.00  302.00    1.93    1.65  87.20


avg-cpu:  %user   %nice %system %iowait  %steal   %idle
           0.06    0.00    0.37    5.46    0.00   94.11

Device            r/s     rkB/s   rrqm/s  %rrqm r_await rareq-sz     w/s     wkB/s   wrqm/s  %wrqm w_await wareq-sz     d/s     dkB/s   drqm/s  %drqm d_await dareq-sz     f/s f_await  aqu-sz  %util
nvme0n1          0.00      0.00     0.00   0.00    0.00     0.00 4822.00  65124.00     0.00   0.00    1.02    13.51    0.00      0.00     0.00   0.00    0.00     0.00  301.00    1.91    5.50  88.10


avg-cpu:  %user   %nice %system %iowait  %steal   %idle
           0.19    0.00    0.50    5.39    0.00   93.93

Device            r/s     rkB/s   rrqm/s  %rrqm r_await rareq-sz     w/s     wkB/s   wrqm/s  %wrqm w_await wareq-sz     d/s     dkB/s   drqm/s  %drqm d_await dareq-sz     f/s f_await  aqu-sz  %util
nvme0n1          0.00      0.00     0.00   0.00    0.00     0.00 3874.00  50064.00     0.00   0.00    0.27    12.92    0.00      0.00     0.00   0.00    0.00     0.00  298.00    1.98    1.65  88.30


avg-cpu:  %user   %nice %system %iowait  %steal   %idle
           0.19    0.00    0.43    5.40    0.00   93.98

Device            r/s     rkB/s   rrqm/s  %rrqm r_await rareq-sz     w/s     wkB/s   wrqm/s  %wrqm w_await wareq-sz     d/s     dkB/s   drqm/s  %drqm d_await dareq-sz     f/s f_await  aqu-sz  %util
nvme0n1          0.00      0.00     0.00   0.00    0.00     0.00 3941.00  50936.00     0.00   0.00    0.27    12.92    0.00      0.00     0.00   0.00    0.00     0.00  303.00    2.01    1.69  88.10


avg-cpu:  %user   %nice %system %iowait  %steal   %idle
           0.06    0.00    0.50    5.29    0.00   94.15

Device            r/s     rkB/s   rrqm/s  %rrqm r_await rareq-sz     w/s     wkB/s   wrqm/s  %wrqm w_await wareq-sz     d/s     dkB/s   drqm/s  %drqm d_await dareq-sz     f/s f_await  aqu-sz  %util
nvme0n1          0.00      0.00     0.00   0.00    0.00     0.00 3926.00  50736.00     0.00   0.00    0.27    12.92    0.00      0.00     0.00   0.00    0.00     0.00  302.00    1.94    1.65  87.30


avg-cpu:  %user   %nice %system %iowait  %steal   %idle
           0.19    0.00    0.37    5.40    0.00   94.04

Device            r/s     rkB/s   rrqm/s  %rrqm r_await rareq-sz     w/s     wkB/s   wrqm/s  %wrqm w_await wareq-sz     d/s     dkB/s   drqm/s  %drqm d_await dareq-sz     f/s f_await  aqu-sz  %util
nvme0n1          0.00      0.00     0.00   0.00    0.00     0.00 3915.00  50600.00     0.00   0.00    0.27    12.92    0.00      0.00     0.00   0.00    0.00     0.00  301.00    1.96    1.66  88.10


avg-cpu:  %user   %nice %system %iowait  %steal   %idle
           0.19    0.00    0.43    5.46    0.00   93.92

Device            r/s     rkB/s   rrqm/s  %rrqm r_await rareq-sz     w/s     wkB/s   wrqm/s  %wrqm w_await wareq-sz     d/s     dkB/s   drqm/s  %drqm d_await dareq-sz     f/s f_await  aqu-sz  %util
nvme0n1          0.00      0.00     0.00   0.00    0.00     0.00 3993.00  51688.00     0.00   0.00    0.27    12.94    0.00      0.00     0.00   0.00    0.00     0.00  305.00    1.92    1.66  89.10


avg-cpu:  %user   %nice %system %iowait  %steal   %idle
           0.25    0.00    0.68    5.52    0.00   93.54

Device            r/s     rkB/s   rrqm/s  %rrqm r_await rareq-sz     w/s     wkB/s   wrqm/s  %wrqm w_await wareq-sz     d/s     dkB/s   drqm/s  %drqm d_await dareq-sz     f/s f_await  aqu-sz  %util
nvme0n1          8.00    128.00     0.00   0.00    1.00    16.00 7047.00 100900.00     0.00   0.00    1.88    14.32    0.00      0.00     0.00   0.00    0.00     0.00  296.00    1.97   13.82  90.00


avg-cpu:  %user   %nice %system %iowait  %steal   %idle
           0.12    0.00    0.43    5.21    0.00   94.23

Device            r/s     rkB/s   rrqm/s  %rrqm r_await rareq-sz     w/s     wkB/s   wrqm/s  %wrqm w_await wareq-sz     d/s     dkB/s   drqm/s  %drqm d_await dareq-sz     f/s f_await  aqu-sz  %util
nvme0n1          0.00      0.00     0.00   0.00    0.00     0.00 2102.00  21604.00     0.00   0.00    0.41    10.28    0.00      0.00     0.00   0.00    0.00     0.00  301.00    1.89    1.43  84.50


avg-cpu:  %user   %nice %system %iowait  %steal   %idle
           0.19    0.00    0.43    5.27    0.00   94.11

Device            r/s     rkB/s   rrqm/s  %rrqm r_await rareq-sz     w/s     wkB/s   wrqm/s  %wrqm w_await wareq-sz     d/s     dkB/s   drqm/s  %drqm d_await dareq-sz     f/s f_await  aqu-sz  %util
nvme0n1          0.00      0.00     0.00   0.00    0.00     0.00 2847.00  33460.00     0.00   0.00    0.33    11.75    0.00      0.00     0.00   0.00    0.00     0.00  302.00    1.89    1.50  85.80


avg-cpu:  %user   %nice %system %iowait  %steal   %idle
           0.12    0.00    0.37    5.34    0.00   94.17

Device            r/s     rkB/s   rrqm/s  %rrqm r_await rareq-sz     w/s     wkB/s   wrqm/s  %wrqm w_await wareq-sz     d/s     dkB/s   drqm/s  %drqm d_await dareq-sz     f/s f_await  aqu-sz  %util
nvme0n1          0.00      0.00     0.00   0.00    0.00     0.00 3167.00  38544.00     0.00   0.00    0.31    12.17    0.00      0.00     0.00   0.00    0.00     0.00  302.00    1.91    1.56  86.00


avg-cpu:  %user   %nice %system %iowait  %steal   %idle
           0.31    0.00    0.43    5.39    0.00   93.87

Device            r/s     rkB/s   rrqm/s  %rrqm r_await rareq-sz     w/s     wkB/s   wrqm/s  %wrqm w_await wareq-sz     d/s     dkB/s   drqm/s  %drqm d_await dareq-sz     f/s f_await  aqu-sz  %util
nvme0n1          0.00      0.00     0.00   0.00    0.00     0.00 3288.00  40432.00     0.00   0.00    0.30    12.30    0.00      0.00     0.00   0.00    0.00     0.00  305.00    1.92    1.58  88.20


avg-cpu:  %user   %nice %system %iowait  %steal   %idle
           0.19    0.00    0.37    5.40    0.00   94.04

Device            r/s     rkB/s   rrqm/s  %rrqm r_await rareq-sz     w/s     wkB/s   wrqm/s  %wrqm w_await wareq-sz     d/s     dkB/s   drqm/s  %drqm d_await dareq-sz     f/s f_await  aqu-sz  %util
nvme0n1          0.00      0.00     0.00   0.00    0.00     0.00 3473.00  43480.00     0.00   0.00    0.29    12.52    0.00      0.00     0.00   0.00    0.00     0.00  301.00    1.92    1.59  87.80


avg-cpu:  %user   %nice %system %iowait  %steal   %idle
           0.19    0.00    0.50    5.40    0.00   93.92

Device            r/s     rkB/s   rrqm/s  %rrqm r_await rareq-sz     w/s     wkB/s   wrqm/s  %wrqm w_await wareq-sz     d/s     dkB/s   drqm/s  %drqm d_await dareq-sz     f/s f_await  aqu-sz  %util
nvme0n1          0.00      0.00     0.00   0.00    0.00     0.00 3691.00  46960.00     0.00   0.00    0.28    12.72    0.00      0.00     0.00   0.00    0.00     0.00  303.00    1.94    1.63  88.10


avg-cpu:  %user   %nice %system %iowait  %steal   %idle
           0.25    0.00    0.50    5.34    0.00   93.92

Device            r/s     rkB/s   rrqm/s  %rrqm r_await rareq-sz     w/s     wkB/s   wrqm/s  %wrqm w_await wareq-sz     d/s     dkB/s   drqm/s  %drqm d_await dareq-sz     f/s f_await  aqu-sz  %util
nvme0n1          0.00      0.00     0.00   0.00    0.00     0.00 3920.00  50640.00     0.00   0.00    0.27    12.92    0.00      0.00     0.00   0.00    0.00     0.00  302.00    1.97    1.67  87.10


avg-cpu:  %user   %nice %system %iowait  %steal   %idle
           0.19    0.00    0.50    5.28    0.00   94.04

Device            r/s     rkB/s   rrqm/s  %rrqm r_await rareq-sz     w/s     wkB/s   wrqm/s  %wrqm w_await wareq-sz     d/s     dkB/s   drqm/s  %drqm d_await dareq-sz     f/s f_await  aqu-sz  %util
nvme0n1          0.00      0.00     0.00   0.00    0.00     0.00 3929.00  50800.00     0.00   0.00    0.27    12.93    0.00      0.00     0.00   0.00    0.00     0.00  301.00    1.95    1.65  86.60


avg-cpu:  %user   %nice %system %iowait  %steal   %idle
           0.12    0.00    0.43    5.40    0.00   94.04

Device            r/s     rkB/s   rrqm/s  %rrqm r_await rareq-sz     w/s     wkB/s   wrqm/s  %wrqm w_await wareq-sz     d/s     dkB/s   drqm/s  %drqm d_await dareq-sz     f/s f_await  aqu-sz  %util
nvme0n1          0.00      0.00     0.00   0.00    0.00     0.00 3919.00  50636.00     0.00   0.00    0.27    12.92    0.00      0.00     0.00   0.00    0.00     0.00  302.00    1.96    1.66  88.40


avg-cpu:  %user   %nice %system %iowait  %steal   %idle
           0.25    0.00    0.56    5.27    0.00   93.92

Device            r/s     rkB/s   rrqm/s  %rrqm r_await rareq-sz     w/s     wkB/s   wrqm/s  %wrqm w_await wareq-sz     d/s     dkB/s   drqm/s  %drqm d_await dareq-sz     f/s f_await  aqu-sz  %util
nvme0n1          0.00      0.00     0.00   0.00    0.00     0.00 3930.00  50800.00     0.00   0.00    0.27    12.93    0.00      0.00     0.00   0.00    0.00     0.00  302.00    1.95    1.66  85.80


avg-cpu:  %user   %nice %system %iowait  %steal   %idle
           0.12    0.00    0.37    5.40    0.00   94.10

Device            r/s     rkB/s   rrqm/s  %rrqm r_await rareq-sz     w/s     wkB/s   wrqm/s  %wrqm w_await wareq-sz     d/s     dkB/s   drqm/s  %drqm d_await dareq-sz     f/s f_await  aqu-sz  %util
nvme0n1          0.00      0.00     0.00   0.00    0.00     0.00 3929.00  50784.00     0.00   0.00    0.27    12.93    0.00      0.00     0.00   0.00    0.00     0.00  302.00    1.98    1.67  87.70


avg-cpu:  %user   %nice %system %iowait  %steal   %idle
           0.19    0.00    0.50    5.40    0.00   93.92

Device            r/s     rkB/s   rrqm/s  %rrqm r_await rareq-sz     w/s     wkB/s   wrqm/s  %wrqm w_await wareq-sz     d/s     dkB/s   drqm/s  %drqm d_await dareq-sz     f/s f_await  aqu-sz  %util
nvme0n1          0.00      0.00     0.00   0.00    0.00     0.00 3921.00  50684.00     0.00   0.00    0.27    12.93    0.00      0.00     0.00   0.00    0.00     0.00  301.00    1.94    1.65  87.30


avg-cpu:  %user   %nice %system %iowait  %steal   %idle
           0.12    0.00    0.50    5.54    0.00   93.84

Device            r/s     rkB/s   rrqm/s  %rrqm r_await rareq-sz     w/s     wkB/s   wrqm/s  %wrqm w_await wareq-sz     d/s     dkB/s   drqm/s  %drqm d_await dareq-sz     f/s f_await  aqu-sz  %util
nvme0n1          0.00      0.00     0.00   0.00    0.00     0.00 3937.00  50896.00     0.00   0.00    0.27    12.93    0.00      0.00     0.00   0.00    0.00     0.00  303.00    1.98    1.68  90.80


avg-cpu:  %user   %nice %system %iowait  %steal   %idle
           0.12    0.00    0.50    5.59    0.00   93.79

Device            r/s     rkB/s   rrqm/s  %rrqm r_await rareq-sz     w/s     wkB/s   wrqm/s  %wrqm w_await wareq-sz     d/s     dkB/s   drqm/s  %drqm d_await dareq-sz     f/s f_await  aqu-sz  %util
nvme0n1          0.00      0.00     0.00   0.00    0.00     0.00 3938.00  50872.00     0.00   0.00    0.28    12.92    0.00      0.00     0.00   0.00    0.00     0.00  304.00    2.01    1.71  90.60


avg-cpu:  %user   %nice %system %iowait  %steal   %idle
           0.19    0.00    0.37    5.51    0.00   93.93

Device            r/s     rkB/s   rrqm/s  %rrqm r_await rareq-sz     w/s     wkB/s   wrqm/s  %wrqm w_await wareq-sz     d/s     dkB/s   drqm/s  %drqm d_await dareq-sz     f/s f_await  aqu-sz  %util
nvme0n1          0.00      0.00     0.00   0.00    0.00     0.00 3929.00  50824.00     0.00   0.00    0.28    12.94    0.00      0.00     0.00   0.00    0.00     0.00  301.00    2.00    1.69  89.10


avg-cpu:  %user   %nice %system %iowait  %steal   %idle
           0.19    0.00    0.62    5.28    0.00   93.91

Device            r/s     rkB/s   rrqm/s  %rrqm r_await rareq-sz     w/s     wkB/s   wrqm/s  %wrqm w_await wareq-sz     d/s     dkB/s   drqm/s  %drqm d_await dareq-sz     f/s f_await  aqu-sz  %util
nvme0n1          0.00      0.00     0.00   0.00    0.00     0.00 3942.00  50968.00     0.00   0.00    0.27    12.93    0.00      0.00     0.00   0.00    0.00     0.00  302.00    1.96    1.66  87.20


avg-cpu:  %user   %nice %system %iowait  %steal   %idle
           0.19    0.00    0.43    5.59    0.00   93.79

Device            r/s     rkB/s   rrqm/s  %rrqm r_await rareq-sz     w/s     wkB/s   wrqm/s  %wrqm w_await wareq-sz     d/s     dkB/s   drqm/s  %drqm d_await dareq-sz     f/s f_await  aqu-sz  %util
nvme0n1          0.00      0.00     0.00   0.00    0.00     0.00 3960.00  51172.00     0.00   0.00    0.28    12.92    0.00      0.00     0.00   0.00    0.00     0.00  305.00    2.01    1.71  91.10


avg-cpu:  %user   %nice %system %iowait  %steal   %idle
           0.19    0.00    0.50    5.32    0.00   94.00

Device            r/s     rkB/s   rrqm/s  %rrqm r_await rareq-sz     w/s     wkB/s   wrqm/s  %wrqm w_await wareq-sz     d/s     dkB/s   drqm/s  %drqm d_await dareq-sz     f/s f_await  aqu-sz  %util
nvme0n1          0.00      0.00     0.00   0.00    0.00     0.00 3922.00  50700.00     0.00   0.00    0.26    12.93    0.00      0.00     0.00   0.00    0.00     0.00  301.00    1.91    1.61  87.00


avg-cpu:  %user   %nice %system %iowait  %steal   %idle
           0.12    0.00    0.31    5.46    0.00   94.11

Device            r/s     rkB/s   rrqm/s  %rrqm r_await rareq-sz     w/s     wkB/s   wrqm/s  %wrqm w_await wareq-sz     d/s     dkB/s   drqm/s  %drqm d_await dareq-sz     f/s f_await  aqu-sz  %util
nvme0n1          0.00      0.00     0.00   0.00    0.00     0.00 3994.00  51796.00     0.00   0.00    0.27    12.97    0.00      0.00     0.00   0.00    0.00     0.00  303.00    1.97    1.67  88.60


avg-cpu:  %user   %nice %system %iowait  %steal   %idle
           0.19    0.00    0.50    5.27    0.00   94.04

Device            r/s     rkB/s   rrqm/s  %rrqm r_await rareq-sz     w/s     wkB/s   wrqm/s  %wrqm w_await wareq-sz     d/s     dkB/s   drqm/s  %drqm d_await dareq-sz     f/s f_await  aqu-sz  %util
nvme0n1          0.00      0.00     0.00   0.00    0.00     0.00 3928.00  50744.00     0.00   0.00    0.27    12.92    0.00      0.00     0.00   0.00    0.00     0.00  302.00    1.97    1.65  87.00


avg-cpu:  %user   %nice %system %iowait  %steal   %idle
           0.19    0.00    0.50    5.39    0.00   93.93

Device            r/s     rkB/s   rrqm/s  %rrqm r_await rareq-sz     w/s     wkB/s   wrqm/s  %wrqm w_await wareq-sz     d/s     dkB/s   drqm/s  %drqm d_await dareq-sz     f/s f_await  aqu-sz  %util
nvme0n1          0.00      0.00     0.00   0.00    0.00     0.00 3922.00  50672.00     0.00   0.00    0.27    12.92    0.00      0.00     0.00   0.00    0.00     0.00  302.00    1.93    1.63  86.70


avg-cpu:  %user   %nice %system %iowait  %steal   %idle
           0.19    0.00    0.43    5.39    0.00   93.99

Device            r/s     rkB/s   rrqm/s  %rrqm r_await rareq-sz     w/s     wkB/s   wrqm/s  %wrqm w_await wareq-sz     d/s     dkB/s   drqm/s  %drqm d_await dareq-sz     f/s f_await  aqu-sz  %util
nvme0n1          0.00      0.00     0.00   0.00    0.00     0.00 3930.00  50800.00     0.00   0.00    0.27    12.93    0.00      0.00     0.00   0.00    0.00     0.00  302.00    1.96    1.65  87.90


avg-cpu:  %user   %nice %system %iowait  %steal   %idle
           0.19    0.00    0.43    5.51    0.00   93.87

Device            r/s     rkB/s   rrqm/s  %rrqm r_await rareq-sz     w/s     wkB/s   wrqm/s  %wrqm w_await wareq-sz     d/s     dkB/s   drqm/s  %drqm d_await dareq-sz     f/s f_await  aqu-sz  %util
nvme0n1          0.00      0.00     0.00   0.00    0.00     0.00 3922.00  50672.00     0.00   0.00    0.27    12.92    0.00      0.00     0.00   0.00    0.00     0.00  302.00    2.00    1.67  90.00


avg-cpu:  %user   %nice %system %iowait  %steal   %idle
           0.12    0.00    0.50    5.52    0.00   93.86

Device            r/s     rkB/s   rrqm/s  %rrqm r_await rareq-sz     w/s     wkB/s   wrqm/s  %wrqm w_await wareq-sz     d/s     dkB/s   drqm/s  %drqm d_await dareq-sz     f/s f_await  aqu-sz  %util
nvme0n1          0.00      0.00     0.00   0.00    0.00     0.00 4862.00  65816.00     0.00   0.00    1.16    13.54    0.00      0.00     0.00   0.00    0.00     0.00  300.00    1.96    6.21  89.20


avg-cpu:  %user   %nice %system %iowait  %steal   %idle
           0.19    0.00    0.50    5.45    0.00   93.87

Device            r/s     rkB/s   rrqm/s  %rrqm r_await rareq-sz     w/s     wkB/s   wrqm/s  %wrqm w_await wareq-sz     d/s     dkB/s   drqm/s  %drqm d_await dareq-sz     f/s f_await  aqu-sz  %util
nvme0n1          0.00      0.00     0.00   0.00    0.00     0.00 3938.00  50872.00     0.00   0.00    0.27    12.92    0.00      0.00     0.00   0.00    0.00     0.00  304.00    1.98    1.67  88.40


avg-cpu:  %user   %nice %system %iowait  %steal   %idle
           0.12    0.00    0.37    5.28    0.00   94.22

Device            r/s     rkB/s   rrqm/s  %rrqm r_await rareq-sz     w/s     wkB/s   wrqm/s  %wrqm w_await wareq-sz     d/s     dkB/s   drqm/s  %drqm d_await dareq-sz     f/s f_await  aqu-sz  %util
nvme0n1          0.00      0.00     0.00   0.00    0.00     0.00 3938.00  50904.00     0.00   0.00    0.27    12.93    0.00      0.00     0.00   0.00    0.00     0.00  302.00    1.92    1.63  86.80


avg-cpu:  %user   %nice %system %iowait  %steal   %idle
           0.19    0.00    0.50    5.34    0.00   93.98

Device            r/s     rkB/s   rrqm/s  %rrqm r_await rareq-sz     w/s     wkB/s   wrqm/s  %wrqm w_await wareq-sz     d/s     dkB/s   drqm/s  %drqm d_await dareq-sz     f/s f_await  aqu-sz  %util
nvme0n1          0.00      0.00     0.00   0.00    0.00     0.00 3919.00  50664.00     0.00   0.00    0.27    12.93    0.00      0.00     0.00   0.00    0.00     0.00  301.00    1.95    1.63  87.10


avg-cpu:  %user   %nice %system %iowait  %steal   %idle
           0.19    0.00    0.37    5.21    0.00   94.23

Device            r/s     rkB/s   rrqm/s  %rrqm r_await rareq-sz     w/s     wkB/s   wrqm/s  %wrqm w_await wareq-sz     d/s     dkB/s   drqm/s  %drqm d_await dareq-sz     f/s f_await  aqu-sz  %util
nvme0n1          0.00      0.00     0.00   0.00    0.00     0.00 3928.00  50740.00     0.00   0.00    0.26    12.92    0.00      0.00     0.00   0.00    0.00     0.00  303.00    1.89    1.61  85.10


avg-cpu:  %user   %nice %system %iowait  %steal   %idle
           0.12    0.00    0.50    6.77    0.00   92.61

Device            r/s     rkB/s   rrqm/s  %rrqm r_await rareq-sz     w/s     wkB/s   wrqm/s  %wrqm w_await wareq-sz     d/s     dkB/s   drqm/s  %drqm d_await dareq-sz     f/s f_await  aqu-sz  %util
nvme0n1          0.00      0.00     0.00   0.00    0.00     0.00 3546.00  45908.00     0.00   0.00    0.30    12.95   82.00   5548.00     0.00   0.00    2.52    67.66  271.00    1.96    1.81  91.30


avg-cpu:  %user   %nice %system %iowait  %steal   %idle
           0.12    0.00    0.43    5.58    0.00   93.86

Device            r/s     rkB/s   rrqm/s  %rrqm r_await rareq-sz     w/s     wkB/s   wrqm/s  %wrqm w_await wareq-sz     d/s     dkB/s   drqm/s  %drqm d_await dareq-sz     f/s f_await  aqu-sz  %util
nvme0n1          0.00      0.00     0.00   0.00    0.00     0.00 4040.00  52188.00     0.00   0.00    0.27    12.92    0.00      0.00     0.00   0.00    0.00     0.00  311.00    1.95    1.69  90.30


avg-cpu:  %user   %nice %system %iowait  %steal   %idle
           0.19    0.00    0.87    5.28    0.00   93.67

Device            r/s     rkB/s   rrqm/s  %rrqm r_await rareq-sz     w/s     wkB/s   wrqm/s  %wrqm w_await wareq-sz     d/s     dkB/s   drqm/s  %drqm d_await dareq-sz     f/s f_await  aqu-sz  %util
nvme0n1          7.00    112.00     0.00   0.00    1.00    16.00 5583.00  77420.00     0.00   0.00    3.69    13.87    0.00      0.00     0.00   0.00    0.00     0.00  298.00    1.91   21.20  86.90


avg-cpu:  %user   %nice %system %iowait  %steal   %idle
           0.19    0.00    0.31    5.27    0.00   94.24

Device            r/s     rkB/s   rrqm/s  %rrqm r_await rareq-sz     w/s     wkB/s   wrqm/s  %wrqm w_await wareq-sz     d/s     dkB/s   drqm/s  %drqm d_await dareq-sz     f/s f_await  aqu-sz  %util
nvme0n1          0.00      0.00     0.00   0.00    0.00     0.00 2651.00  30376.00     0.00   0.00    0.35    11.46    0.00      0.00     0.00   0.00    0.00     0.00  301.00    1.90    1.49  85.10


avg-cpu:  %user   %nice %system %iowait  %steal   %idle
           0.12    0.00    0.50    5.28    0.00   94.10

Device            r/s     rkB/s   rrqm/s  %rrqm r_await rareq-sz     w/s     wkB/s   wrqm/s  %wrqm w_await wareq-sz     d/s     dkB/s   drqm/s  %drqm d_await dareq-sz     f/s f_await  aqu-sz  %util
nvme0n1          0.00      0.00     0.00   0.00    0.00     0.00 3243.00  39768.00     0.00   0.00    0.30    12.26    0.00      0.00     0.00   0.00    0.00     0.00  303.00    1.89    1.55  85.70


avg-cpu:  %user   %nice %system %iowait  %steal   %idle
           0.12    0.00    0.43    5.52    0.00   93.92

Device            r/s     rkB/s   rrqm/s  %rrqm r_await rareq-sz     w/s     wkB/s   wrqm/s  %wrqm w_await wareq-sz     d/s     dkB/s   drqm/s  %drqm d_await dareq-sz     f/s f_await  aqu-sz  %util
nvme0n1          0.00      0.00     0.00   0.00    0.00     0.00 3346.00  41400.00     0.00   0.00    0.30    12.37    0.00      0.00     0.00   0.00    0.00     0.00  304.00    1.90    1.57  89.10


avg-cpu:  %user   %nice %system %iowait  %steal   %idle
           0.19    0.00    0.43    5.32    0.00   94.06

Device            r/s     rkB/s   rrqm/s  %rrqm r_await rareq-sz     w/s     wkB/s   wrqm/s  %wrqm w_await wareq-sz     d/s     dkB/s   drqm/s  %drqm d_await dareq-sz     f/s f_await  aqu-sz  %util
nvme0n1          0.00      0.00     0.00   0.00    0.00     0.00 3852.00  49552.00     0.00   0.00    0.27    12.86    0.00      0.00     0.00   0.00    0.00     0.00  302.00    1.94    1.63  87.10


avg-cpu:  %user   %nice %system %iowait  %steal   %idle
           0.25    0.00    0.50    5.34    0.00   93.91

Device            r/s     rkB/s   rrqm/s  %rrqm r_await rareq-sz     w/s     wkB/s   wrqm/s  %wrqm w_await wareq-sz     d/s     dkB/s   drqm/s  %drqm d_await dareq-sz     f/s f_await  aqu-sz  %util
nvme0n1          0.00      0.00     0.00   0.00    0.00     0.00 3726.00  47536.00     0.00   0.00    0.28    12.76    0.00      0.00     0.00   0.00    0.00     0.00  302.00    1.94    1.62  87.40


avg-cpu:  %user   %nice %system %iowait  %steal   %idle
           0.19    0.00    0.43    5.22    0.00   94.16

Device            r/s     rkB/s   rrqm/s  %rrqm r_await rareq-sz     w/s     wkB/s   wrqm/s  %wrqm w_await wareq-sz     d/s     dkB/s   drqm/s  %drqm d_await dareq-sz     f/s f_await  aqu-sz  %util
nvme0n1          0.00      0.00     0.00   0.00    0.00     0.00 3830.00  49200.00     0.00   0.00    0.28    12.85    0.00      0.00     0.00   0.00    0.00     0.00  302.00    1.93    1.64  86.40


avg-cpu:  %user   %nice %system %iowait  %steal   %idle
           0.19    0.00    0.43    5.51    0.00   93.87

Device            r/s     rkB/s   rrqm/s  %rrqm r_await rareq-sz     w/s     wkB/s   wrqm/s  %wrqm w_await wareq-sz     d/s     dkB/s   drqm/s  %drqm d_await dareq-sz     f/s f_await  aqu-sz  %util
nvme0n1          0.00      0.00     0.00   0.00    0.00     0.00 3925.00  50704.00     0.00   0.00    0.28    12.92    0.00      0.00     0.00   0.00    0.00     0.00  303.00    1.98    1.68  89.60


avg-cpu:  %user   %nice %system %iowait  %steal   %idle
           0.19    0.00    0.50    5.32    0.00   94.00

Device            r/s     rkB/s   rrqm/s  %rrqm r_await rareq-sz     w/s     wkB/s   wrqm/s  %wrqm w_await wareq-sz     d/s     dkB/s   drqm/s  %drqm d_await dareq-sz     f/s f_await  aqu-sz  %util
nvme0n1          0.00      0.00     0.00   0.00    0.00     0.00 3934.00  50864.00     0.00   0.00    0.27    12.93    0.00      0.00     0.00   0.00    0.00     0.00  302.00    1.93    1.65  87.10


avg-cpu:  %user   %nice %system %iowait  %steal   %idle
           0.12    0.00    0.44    5.22    0.00   94.22

Device            r/s     rkB/s   rrqm/s  %rrqm r_await rareq-sz     w/s     wkB/s   wrqm/s  %wrqm w_await wareq-sz     d/s     dkB/s   drqm/s  %drqm d_await dareq-sz     f/s f_await  aqu-sz  %util
nvme0n1          0.00      0.00     0.00   0.00    0.00     0.00 3903.00  50432.00     0.00   0.00    0.27    12.92    0.00      0.00     0.00   0.00    0.00     0.00  301.00    1.97    1.66  85.70


avg-cpu:  %user   %nice %system %iowait  %steal   %idle
           0.19    0.00    0.50    5.46    0.00   93.85

Device            r/s     rkB/s   rrqm/s  %rrqm r_await rareq-sz     w/s     wkB/s   wrqm/s  %wrqm w_await wareq-sz     d/s     dkB/s   drqm/s  %drqm d_await dareq-sz     f/s f_await  aqu-sz  %util
nvme0n1          0.00      0.00     0.00   0.00    0.00     0.00 3913.00  50568.00     0.00   0.00    0.28    12.92    0.00      0.00     0.00   0.00    0.00     0.00  301.00    1.98    1.67  88.60


avg-cpu:  %user   %nice %system %iowait  %steal   %idle
           0.12    0.00    0.43    5.34    0.00   94.10

Device            r/s     rkB/s   rrqm/s  %rrqm r_await rareq-sz     w/s     wkB/s   wrqm/s  %wrqm w_await wareq-sz     d/s     dkB/s   drqm/s  %drqm d_await dareq-sz     f/s f_await  aqu-sz  %util
nvme0n1          0.00      0.00     0.00   0.00    0.00     0.00 3941.00  50940.00     0.00   0.00    0.27    12.93    0.00      0.00     0.00   0.00    0.00     0.00  302.00    1.93    1.65  87.60


avg-cpu:  %user   %nice %system %iowait  %steal   %idle
           0.19    0.00    0.56    5.46    0.00   93.80

Device            r/s     rkB/s   rrqm/s  %rrqm r_await rareq-sz     w/s     wkB/s   wrqm/s  %wrqm w_await wareq-sz     d/s     dkB/s   drqm/s  %drqm d_await dareq-sz     f/s f_await  aqu-sz  %util
nvme0n1          0.00      0.00     0.00   0.00    0.00     0.00 3953.00  51180.00     0.00   0.00    0.28    12.95    0.00      0.00     0.00   0.00    0.00     0.00  302.00    2.01    1.71  89.40


avg-cpu:  %user   %nice %system %iowait  %steal   %idle
           0.19    0.00    0.43    5.32    0.00   94.06

Device            r/s     rkB/s   rrqm/s  %rrqm r_await rareq-sz     w/s     wkB/s   wrqm/s  %wrqm w_await wareq-sz     d/s     dkB/s   drqm/s  %drqm d_await dareq-sz     f/s f_await  aqu-sz  %util
nvme0n1          0.00      0.00     0.00   0.00    0.00     0.00 3993.00  51792.00     0.00   0.00    0.27    12.97    0.00      0.00     0.00   0.00    0.00     0.00  303.00    1.91    1.65  86.90


avg-cpu:  %user   %nice %system %iowait  %steal   %idle
           0.25    0.00    0.50    5.26    0.00   94.00

Device            r/s     rkB/s   rrqm/s  %rrqm r_await rareq-sz     w/s     wkB/s   wrqm/s  %wrqm w_await wareq-sz     d/s     dkB/s   drqm/s  %drqm d_await dareq-sz     f/s f_await  aqu-sz  %util
nvme0n1          0.00      0.00     0.00   0.00    0.00     0.00 3960.00  51280.00     0.00   0.00    0.27    12.95    0.00      0.00     0.00   0.00    0.00     0.00  302.00    1.97    1.67  86.60


avg-cpu:  %user   %nice %system %iowait  %steal   %idle
           0.19    0.00    0.43    5.40    0.00   93.98

Device            r/s     rkB/s   rrqm/s  %rrqm r_await rareq-sz     w/s     wkB/s   wrqm/s  %wrqm w_await wareq-sz     d/s     dkB/s   drqm/s  %drqm d_await dareq-sz     f/s f_await  aqu-sz  %util
nvme0n1          0.00      0.00     0.00   0.00    0.00     0.00 3928.00  50768.00     0.00   0.00    0.27    12.92    0.00      0.00     0.00   0.00    0.00     0.00  302.00    1.95    1.66  88.10


avg-cpu:  %user   %nice %system %iowait  %steal   %idle
           0.25    0.00    0.49    5.36    0.00   93.90

Device            r/s     rkB/s   rrqm/s  %rrqm r_await rareq-sz     w/s     wkB/s   wrqm/s  %wrqm w_await wareq-sz     d/s     dkB/s   drqm/s  %drqm d_await dareq-sz     f/s f_await  aqu-sz  %util
nvme0n1          0.00      0.00     0.00   0.00    0.00     0.00 3934.00  50864.00     0.00   0.00    0.27    12.93    0.00      0.00     0.00   0.00    0.00     0.00  302.00    1.97    1.67  88.90


avg-cpu:  %user   %nice %system %iowait  %steal   %idle
           0.19    0.00    0.50    5.26    0.00   94.06

Device            r/s     rkB/s   rrqm/s  %rrqm r_await rareq-sz     w/s     wkB/s   wrqm/s  %wrqm w_await wareq-sz     d/s     dkB/s   drqm/s  %drqm d_await dareq-sz     f/s f_await  aqu-sz  %util
nvme0n1          0.00      0.00     0.00   0.00    0.00     0.00 3942.00  50992.00     0.00   0.00    0.27    12.94    0.00      0.00     0.00   0.00    0.00     0.00  302.00    1.95    1.65  87.50


avg-cpu:  %user   %nice %system %iowait  %steal   %idle
           0.25    0.00    0.49    5.44    0.00   93.82

Device            r/s     rkB/s   rrqm/s  %rrqm r_await rareq-sz     w/s     wkB/s   wrqm/s  %wrqm w_await wareq-sz     d/s     dkB/s   drqm/s  %drqm d_await dareq-sz     f/s f_await  aqu-sz  %util
nvme0n1          0.00      0.00     0.00   0.00    0.00     0.00 3949.00  51032.00     0.00   0.00    0.28    12.92    0.00      0.00     0.00   0.00    0.00     0.00  305.00    1.97    1.69  88.70


avg-cpu:  %user   %nice %system %iowait  %steal   %idle
           0.81    0.31    0.93    2.55    0.00   95.41

Device            r/s     rkB/s   rrqm/s  %rrqm r_await rareq-sz     w/s     wkB/s   wrqm/s  %wrqm w_await wareq-sz     d/s     dkB/s   drqm/s  %drqm d_await dareq-sz     f/s f_await  aqu-sz  %util
nvme0n1          0.00      0.00     0.00   0.00    0.00     0.00 1898.00  24104.00     1.00   0.05    0.28    12.70    0.00      0.00     0.00   0.00    0.00     0.00  152.00    1.91    0.81  43.00


avg-cpu:  %user   %nice %system %iowait  %steal   %idle
           0.31    0.06    0.62    4.64    0.00   94.38

Device            r/s     rkB/s   rrqm/s  %rrqm r_await rareq-sz     w/s     wkB/s   wrqm/s  %wrqm w_await wareq-sz     d/s     dkB/s   drqm/s  %drqm d_await dareq-sz     f/s f_await  aqu-sz  %util
nvme0n1          0.00      0.00     0.00   0.00    0.00     0.00 3388.00  43812.00     0.00   0.00    0.27    12.93    0.00      0.00     0.00   0.00    0.00     0.00  259.00    1.96    1.43  75.60


avg-cpu:  %user   %nice %system %iowait  %steal   %idle
           0.19    0.00    0.44    5.29    0.00   94.09

Device            r/s     rkB/s   rrqm/s  %rrqm r_await rareq-sz     w/s     wkB/s   wrqm/s  %wrqm w_await wareq-sz     d/s     dkB/s   drqm/s  %drqm d_await dareq-sz     f/s f_await  aqu-sz  %util
nvme0n1          0.00      0.00     0.00   0.00    0.00     0.00 3924.00  50704.00     0.00   0.00    0.27    12.92    0.00      0.00     0.00   0.00    0.00     0.00  302.00    1.94    1.64  87.20


avg-cpu:  %user   %nice %system %iowait  %steal   %idle
           0.19    0.00    0.62    5.40    0.00   93.80

Device            r/s     rkB/s   rrqm/s  %rrqm r_await rareq-sz     w/s     wkB/s   wrqm/s  %wrqm w_await wareq-sz     d/s     dkB/s   drqm/s  %drqm d_await dareq-sz     f/s f_await  aqu-sz  %util
nvme0n1          0.00      0.00     0.00   0.00    0.00     0.00 3898.00  50368.00     0.00   0.00    0.28    12.92    0.00      0.00     0.00   0.00    0.00     0.00  300.00    2.01    1.68  88.40


avg-cpu:  %user   %nice %system %iowait  %steal   %idle
           0.19    0.00    0.37    5.40    0.00   94.04

Device            r/s     rkB/s   rrqm/s  %rrqm r_await rareq-sz     w/s     wkB/s   wrqm/s  %wrqm w_await wareq-sz     d/s     dkB/s   drqm/s  %drqm d_await dareq-sz     f/s f_await  aqu-sz  %util
nvme0n1          0.00      0.00     0.00   0.00    0.00     0.00 3950.00  51064.00     0.00   0.00    0.28    12.93    0.00      0.00     0.00   0.00    0.00     0.00  304.00    1.99    1.69  88.00


avg-cpu:  %user   %nice %system %iowait  %steal   %idle
           0.19    0.00    0.56    5.45    0.00   93.80

Device            r/s     rkB/s   rrqm/s  %rrqm r_await rareq-sz     w/s     wkB/s   wrqm/s  %wrqm w_await wareq-sz     d/s     dkB/s   drqm/s  %drqm d_await dareq-sz     f/s f_await  aqu-sz  %util
nvme0n1          0.00      0.00     0.00   0.00    0.00     0.00 4840.00  65440.00     0.00   0.00    1.12    13.52    0.00      0.00     0.00   0.00    0.00     0.00  300.00    2.01    6.04  89.40


avg-cpu:  %user   %nice %system %iowait  %steal   %idle
           0.12    0.00    0.37    5.52    0.00   93.98

Device            r/s     rkB/s   rrqm/s  %rrqm r_await rareq-sz     w/s     wkB/s   wrqm/s  %wrqm w_await wareq-sz     d/s     dkB/s   drqm/s  %drqm d_await dareq-sz     f/s f_await  aqu-sz  %util
nvme0n1          0.00      0.00     0.00   0.00    0.00     0.00 3912.00  50540.00     0.00   0.00    0.27    12.92    0.00      0.00     0.00   0.00    0.00     0.00  301.00    1.98    1.66  89.40


avg-cpu:  %user   %nice %system %iowait  %steal   %idle
           0.25    0.00    0.50    5.15    0.00   94.10

Device            r/s     rkB/s   rrqm/s  %rrqm r_await rareq-sz     w/s     wkB/s   wrqm/s  %wrqm w_await wareq-sz     d/s     dkB/s   drqm/s  %drqm d_await dareq-sz     f/s f_await  aqu-sz  %util
nvme0n1          0.00      0.00     0.00   0.00    0.00     0.00 3940.00  50960.00     0.00   0.00    0.26    12.93    0.00      0.00     0.00   0.00    0.00     0.00  302.00    1.86    1.59  84.50


avg-cpu:  %user   %nice %system %iowait  %steal   %idle
           0.19    0.00    0.50    5.27    0.00   94.04

Device            r/s     rkB/s   rrqm/s  %rrqm r_await rareq-sz     w/s     wkB/s   wrqm/s  %wrqm w_await wareq-sz     d/s     dkB/s   drqm/s  %drqm d_await dareq-sz     f/s f_await  aqu-sz  %util
nvme0n1          0.00      0.00     0.00   0.00    0.00     0.00 3922.00  50672.00     0.00   0.00    0.27    12.92    0.00      0.00     0.00   0.00    0.00     0.00  302.00    1.93    1.63  86.80


avg-cpu:  %user   %nice %system %iowait  %steal   %idle
           0.31    0.00    0.56    5.27    0.00   93.87

Device            r/s     rkB/s   rrqm/s  %rrqm r_await rareq-sz     w/s     wkB/s   wrqm/s  %wrqm w_await wareq-sz     d/s     dkB/s   drqm/s  %drqm d_await dareq-sz     f/s f_await  aqu-sz  %util
nvme0n1          0.00      0.00     0.00   0.00    0.00     0.00 3976.00  51560.00     0.00   0.00    0.27    12.97    0.00      0.00     0.00   0.00    0.00     0.00  302.00    1.93    1.65  86.60


avg-cpu:  %user   %nice %system %iowait  %steal   %idle
           0.25    0.00    0.50    5.27    0.00   93.98

Device            r/s     rkB/s   rrqm/s  %rrqm r_await rareq-sz     w/s     wkB/s   wrqm/s  %wrqm w_await wareq-sz     d/s     dkB/s   drqm/s  %drqm d_await dareq-sz     f/s f_await  aqu-sz  %util
nvme0n1          0.00      0.00     0.00   0.00    0.00     0.00 4051.00  52696.00     0.00   0.00    0.27    13.01    0.00      0.00     0.00   0.00    0.00     0.00  303.00    1.95    1.68  87.20


avg-cpu:  %user   %nice %system %iowait  %steal   %idle
           0.19    0.00    0.74    5.27    0.00   93.80

Device            r/s     rkB/s   rrqm/s  %rrqm r_await rareq-sz     w/s     wkB/s   wrqm/s  %wrqm w_await wareq-sz     d/s     dkB/s   drqm/s  %drqm d_await dareq-sz     f/s f_await  aqu-sz  %util
nvme0n1          9.00    144.00     0.00   0.00    1.11    16.00 6056.00  85028.00     0.00   0.00    3.13    14.04    0.00      0.00     0.00   0.00    0.00     0.00  297.00    1.93   19.54  86.20


avg-cpu:  %user   %nice %system %iowait  %steal   %idle
           0.19    0.00    0.50    5.09    0.00   94.23

Device            r/s     rkB/s   rrqm/s  %rrqm r_await rareq-sz     w/s     wkB/s   wrqm/s  %wrqm w_await wareq-sz     d/s     dkB/s   drqm/s  %drqm d_await dareq-sz     f/s f_await  aqu-sz  %util
nvme0n1          0.00      0.00     0.00   0.00    0.00     0.00 2317.00  25088.00     0.00   0.00    0.38    10.83    0.00      0.00     0.00   0.00    0.00     0.00  299.00    1.89    1.45  83.00


avg-cpu:  %user   %nice %system %iowait  %steal   %idle
           0.12    0.00    0.31    5.34    0.00   94.22

Device            r/s     rkB/s   rrqm/s  %rrqm r_await rareq-sz     w/s     wkB/s   wrqm/s  %wrqm w_await wareq-sz     d/s     dkB/s   drqm/s  %drqm d_await dareq-sz     f/s f_await  aqu-sz  %util
nvme0n1          0.00      0.00     0.00   0.00    0.00     0.00 3237.00  39672.00     0.00   0.00    0.30    12.26    0.00      0.00     0.00   0.00    0.00     0.00  303.00    1.89    1.55  86.60


avg-cpu:  %user   %nice %system %iowait  %steal   %idle
           0.19    0.00    0.56    5.46    0.00   93.80

Device            r/s     rkB/s   rrqm/s  %rrqm r_await rareq-sz     w/s     wkB/s   wrqm/s  %wrqm w_await wareq-sz     d/s     dkB/s   drqm/s  %drqm d_await dareq-sz     f/s f_await  aqu-sz  %util
nvme0n1          0.00      0.00     0.00   0.00    0.00     0.00 3284.00  40432.00     0.00   0.00    0.30    12.31    0.00      0.00     0.00   0.00    0.00     0.00  304.00    1.90    1.56  88.90


avg-cpu:  %user   %nice %system %iowait  %steal   %idle
           0.25    0.00    0.31    5.41    0.00   94.03

Device            r/s     rkB/s   rrqm/s  %rrqm r_await rareq-sz     w/s     wkB/s   wrqm/s  %wrqm w_await wareq-sz     d/s     dkB/s   drqm/s  %drqm d_await dareq-sz     f/s f_await  aqu-sz  %util
nvme0n1          0.00      0.00     0.00   0.00    0.00     0.00 3624.00  45904.00     0.00   0.00    0.28    12.67    0.00      0.00     0.00   0.00    0.00     0.00  302.00    1.96    1.63  88.20


avg-cpu:  %user   %nice %system %iowait  %steal   %idle
           0.19    0.00    0.43    5.52    0.00   93.86

Device            r/s     rkB/s   rrqm/s  %rrqm r_await rareq-sz     w/s     wkB/s   wrqm/s  %wrqm w_await wareq-sz     d/s     dkB/s   drqm/s  %drqm d_await dareq-sz     f/s f_await  aqu-sz  %util
nvme0n1          0.00      0.00     0.00   0.00    0.00     0.00 3833.00  49264.00     0.00   0.00    0.27    12.85    0.00      0.00     0.00   0.00    0.00     0.00  301.00    1.96    1.64  88.70


avg-cpu:  %user   %nice %system %iowait  %steal   %idle
           0.12    0.00    0.50    5.15    0.00   94.23

Device            r/s     rkB/s   rrqm/s  %rrqm r_await rareq-sz     w/s     wkB/s   wrqm/s  %wrqm w_await wareq-sz     d/s     dkB/s   drqm/s  %drqm d_await dareq-sz     f/s f_await  aqu-sz  %util
nvme0n1          0.00      0.00     0.00   0.00    0.00     0.00 3724.00  47504.00     0.00   0.00    0.28    12.76    0.00      0.00     0.00   0.00    0.00     0.00  302.00    1.90    1.60  86.20


avg-cpu:  %user   %nice %system %iowait  %steal   %idle
           0.19    0.00    0.56    5.39    0.00   93.87

Device            r/s     rkB/s   rrqm/s  %rrqm r_await rareq-sz     w/s     wkB/s   wrqm/s  %wrqm w_await wareq-sz     d/s     dkB/s   drqm/s  %drqm d_await dareq-sz     f/s f_await  aqu-sz  %util
nvme0n1          0.00      0.00     0.00   0.00    0.00     0.00 3926.00  50736.00     0.00   0.00    0.27    12.92    0.00      0.00     0.00   0.00    0.00     0.00  302.00    1.96    1.66  87.90


avg-cpu:  %user   %nice %system %iowait  %steal   %idle
           0.19    0.00    0.37    5.41    0.00   94.03

Device            r/s     rkB/s   rrqm/s  %rrqm r_await rareq-sz     w/s     wkB/s   wrqm/s  %wrqm w_await wareq-sz     d/s     dkB/s   drqm/s  %drqm d_await dareq-sz     f/s f_await  aqu-sz  %util
nvme0n1          0.00      0.00     0.00   0.00    0.00     0.00 3941.00  50948.00     0.00   0.00    0.27    12.93    0.00      0.00     0.00   0.00    0.00     0.00  303.00    1.93    1.66  87.90


avg-cpu:  %user   %nice %system %iowait  %steal   %idle
           0.19    0.00    0.56    5.40    0.00   93.85

Device            r/s     rkB/s   rrqm/s  %rrqm r_await rareq-sz     w/s     wkB/s   wrqm/s  %wrqm w_await wareq-sz     d/s     dkB/s   drqm/s  %drqm d_await dareq-sz     f/s f_await  aqu-sz  %util
nvme0n1          0.00      0.00     0.00   0.00    0.00     0.00 3937.00  50912.00     0.00   0.00    0.27    12.93    0.00      0.00     0.00   0.00    0.00     0.00  302.00    1.93    1.65  89.00


avg-cpu:  %user   %nice %system %iowait  %steal   %idle
           0.12    0.00    0.44    5.47    0.00   93.97

Device            r/s     rkB/s   rrqm/s  %rrqm r_await rareq-sz     w/s     wkB/s   wrqm/s  %wrqm w_await wareq-sz     d/s     dkB/s   drqm/s  %drqm d_await dareq-sz     f/s f_await  aqu-sz  %util
nvme0n1          0.00      0.00     0.00   0.00    0.00     0.00 3935.00  50840.00     0.00   0.00    0.28    12.92    0.00      0.00     0.00   0.00    0.00     0.00  303.00    2.00    1.69  89.40


avg-cpu:  %user   %nice %system %iowait  %steal   %idle
           0.25    0.00    0.49    5.38    0.00   93.88

Device            r/s     rkB/s   rrqm/s  %rrqm r_await rareq-sz     w/s     wkB/s   wrqm/s  %wrqm w_await wareq-sz     d/s     dkB/s   drqm/s  %drqm d_await dareq-sz     f/s f_await  aqu-sz  %util
nvme0n1          0.00      0.00     0.00   0.00    0.00     0.00 3903.00  50432.00     0.00   0.00    0.27    12.92    0.00      0.00     0.00   0.00    0.00     0.00  301.00    1.96    1.66  88.40


avg-cpu:  %user   %nice %system %iowait  %steal   %idle
           0.19    0.00    0.43    5.19    0.00   94.19

Device            r/s     rkB/s   rrqm/s  %rrqm r_await rareq-sz     w/s     wkB/s   wrqm/s  %wrqm w_await wareq-sz     d/s     dkB/s   drqm/s  %drqm d_await dareq-sz     f/s f_await  aqu-sz  %util
nvme0n1          0.00      0.00     0.00   0.00    0.00     0.00 3961.00  51340.00     0.00   0.00    0.27    12.96    0.00      0.00     0.00   0.00    0.00     0.00  300.00    1.92    1.63  86.10


avg-cpu:  %user   %nice %system %iowait  %steal   %idle
           0.25    0.00    0.43    5.33    0.00   93.98

Device            r/s     rkB/s   rrqm/s  %rrqm r_await rareq-sz     w/s     wkB/s   wrqm/s  %wrqm w_await wareq-sz     d/s     dkB/s   drqm/s  %drqm d_await dareq-sz     f/s f_await  aqu-sz  %util
nvme0n1          0.00      0.00     0.00   0.00    0.00     0.00 3959.00  51248.00     0.00   0.00    0.27    12.94    0.00      0.00     0.00   0.00    0.00     0.00  303.00    1.96    1.68  87.50


avg-cpu:  %user   %nice %system %iowait  %steal   %idle
           0.19    0.00    0.37    5.34    0.00   94.10

Device            r/s     rkB/s   rrqm/s  %rrqm r_await rareq-sz     w/s     wkB/s   wrqm/s  %wrqm w_await wareq-sz     d/s     dkB/s   drqm/s  %drqm d_await dareq-sz     f/s f_await  aqu-sz  %util
nvme0n1          0.00      0.00     0.00   0.00    0.00     0.00 3916.00  50656.00     0.00   0.00    0.27    12.94    0.00      0.00     0.00   0.00    0.00     0.00  300.00    1.93    1.64  87.90


avg-cpu:  %user   %nice %system %iowait  %steal   %idle
           0.19    0.00    0.56    5.32    0.00   93.94

Device            r/s     rkB/s   rrqm/s  %rrqm r_await rareq-sz     w/s     wkB/s   wrqm/s  %wrqm w_await wareq-sz     d/s     dkB/s   drqm/s  %drqm d_await dareq-sz     f/s f_await  aqu-sz  %util
nvme0n1          0.00      0.00     0.00   0.00    0.00     0.00 3963.00  51288.00     0.00   0.00    0.27    12.94    0.00      0.00     0.00   0.00    0.00     0.00  303.00    1.91    1.65  86.30


avg-cpu:  %user   %nice %system %iowait  %steal   %idle
           0.19    0.00    0.37    5.27    0.00   94.17

Device            r/s     rkB/s   rrqm/s  %rrqm r_await rareq-sz     w/s     wkB/s   wrqm/s  %wrqm w_await wareq-sz     d/s     dkB/s   drqm/s  %drqm d_await dareq-sz     f/s f_await  aqu-sz  %util
nvme0n1          0.00      0.00     0.00   0.00    0.00     0.00 3930.00  50800.00     0.00   0.00    0.27    12.93    0.00      0.00     0.00   0.00    0.00     0.00  302.00    1.89    1.62  85.70


avg-cpu:  %user   %nice %system %iowait  %steal   %idle
           0.19    0.00    0.49    5.32    0.00   94.00

Device            r/s     rkB/s   rrqm/s  %rrqm r_await rareq-sz     w/s     wkB/s   wrqm/s  %wrqm w_await wareq-sz     d/s     dkB/s   drqm/s  %drqm d_await dareq-sz     f/s f_await  aqu-sz  %util
nvme0n1          0.00      0.00     0.00   0.00    0.00     0.00 3920.00  50692.00     0.00   0.00    0.28    12.93    0.00      0.00     0.00   0.00    0.00     0.00  301.00    1.99    1.68  87.40


avg-cpu:  %user   %nice %system %iowait  %steal   %idle
           0.19    0.00    0.43    5.39    0.00   93.99

Device            r/s     rkB/s   rrqm/s  %rrqm r_await rareq-sz     w/s     wkB/s   wrqm/s  %wrqm w_await wareq-sz     d/s     dkB/s   drqm/s  %drqm d_await dareq-sz     f/s f_await  aqu-sz  %util
nvme0n1          0.00      0.00     0.00   0.00    0.00     0.00 3983.00  51580.00     0.00   0.00    0.27    12.95    0.00      0.00     0.00   0.00    0.00     0.00  304.00    1.92    1.65  87.90


avg-cpu:  %user   %nice %system %iowait  %steal   %idle
           0.19    0.00    0.43    5.39    0.00   93.99

Device            r/s     rkB/s   rrqm/s  %rrqm r_await rareq-sz     w/s     wkB/s   wrqm/s  %wrqm w_await wareq-sz     d/s     dkB/s   drqm/s  %drqm d_await dareq-sz     f/s f_await  aqu-sz  %util
nvme0n1          0.00      0.00     0.00   0.00    0.00     0.00 3953.00  51152.00     0.00   0.00    0.28    12.94    0.00      0.00     0.00   0.00    0.00     0.00  303.00    2.00    1.70  88.50


avg-cpu:  %user   %nice %system %iowait  %steal   %idle
           0.25    0.00    0.50    5.33    0.00   93.93

Device            r/s     rkB/s   rrqm/s  %rrqm r_await rareq-sz     w/s     wkB/s   wrqm/s  %wrqm w_await wareq-sz     d/s     dkB/s   drqm/s  %drqm d_await dareq-sz     f/s f_await  aqu-sz  %util
nvme0n1          0.00      0.00     0.00   0.00    0.00     0.00 4034.00  51164.00     1.00   0.02    0.30    12.68    0.00      0.00     0.00   0.00    0.00     0.00  300.00    1.94    1.77  87.60


avg-cpu:  %user   %nice %system %iowait  %steal   %idle
           0.19    0.00    0.43    5.34    0.00   94.04

Device            r/s     rkB/s   rrqm/s  %rrqm r_await rareq-sz     w/s     wkB/s   wrqm/s  %wrqm w_await wareq-sz     d/s     dkB/s   drqm/s  %drqm d_await dareq-sz     f/s f_await  aqu-sz  %util
nvme0n1          0.00      0.00     0.00   0.00    0.00     0.00 3924.00  50704.00     0.00   0.00    0.27    12.92    0.00      0.00     0.00   0.00    0.00     0.00  302.00    1.96    1.66  86.30


avg-cpu:  %user   %nice %system %iowait  %steal   %idle
           0.25    0.00    0.43    5.40    0.00   93.92

Device            r/s     rkB/s   rrqm/s  %rrqm r_await rareq-sz     w/s     wkB/s   wrqm/s  %wrqm w_await wareq-sz     d/s     dkB/s   drqm/s  %drqm d_await dareq-sz     f/s f_await  aqu-sz  %util
nvme0n1          0.00      0.00     0.00   0.00    0.00     0.00 3924.00  50704.00     0.00   0.00    0.27    12.92    0.00      0.00     0.00   0.00    0.00     0.00  302.00    1.97    1.66  87.50


avg-cpu:  %user   %nice %system %iowait  %steal   %idle
           0.19    0.00    0.37    5.46    0.00   93.98

Device            r/s     rkB/s   rrqm/s  %rrqm r_await rareq-sz     w/s     wkB/s   wrqm/s  %wrqm w_await wareq-sz     d/s     dkB/s   drqm/s  %drqm d_await dareq-sz     f/s f_await  aqu-sz  %util
nvme0n1          0.00      0.00     0.00   0.00    0.00     0.00 3940.00  50928.00     0.00   0.00    0.27    12.93    0.00      0.00     0.00   0.00    0.00     0.00  304.00    1.96    1.67  89.60


avg-cpu:  %user   %nice %system %iowait  %steal   %idle
           0.12    0.00    0.43    5.33    0.00   94.11

Device            r/s     rkB/s   rrqm/s  %rrqm r_await rareq-sz     w/s     wkB/s   wrqm/s  %wrqm w_await wareq-sz     d/s     dkB/s   drqm/s  %drqm d_await dareq-sz     f/s f_await  aqu-sz  %util
nvme0n1          0.00      0.00     0.00   0.00    0.00     0.00 3923.00  50704.00     0.00   0.00    0.27    12.92    0.00      0.00     0.00   0.00    0.00     0.00  301.00    1.96    1.65  87.00


avg-cpu:  %user   %nice %system %iowait  %steal   %idle
           0.44    0.00    0.56    5.35    0.00   93.65

Device            r/s     rkB/s   rrqm/s  %rrqm r_await rareq-sz     w/s     wkB/s   wrqm/s  %wrqm w_await wareq-sz     d/s     dkB/s   drqm/s  %drqm d_await dareq-sz     f/s f_await  aqu-sz  %util
nvme0n1          0.00      0.00     0.00   0.00    0.00     0.00 4870.00  65840.00     0.00   0.00    1.23    13.52    0.00      0.00     0.00   0.00    0.00     0.00  302.00    1.93    6.58  86.70


avg-cpu:  %user   %nice %system %iowait  %steal   %idle
           0.12    0.00    0.50    5.34    0.00   94.04

Device            r/s     rkB/s   rrqm/s  %rrqm r_await rareq-sz     w/s     wkB/s   wrqm/s  %wrqm w_await wareq-sz     d/s     dkB/s   drqm/s  %drqm d_await dareq-sz     f/s f_await  aqu-sz  %util
nvme0n1          0.00      0.00     0.00   0.00    0.00     0.00 3915.00  50576.00     0.00   0.00    0.27    12.92    0.00      0.00     0.00   0.00    0.00     0.00  301.00    1.91    1.62  86.20


avg-cpu:  %user   %nice %system %iowait  %steal   %idle
           0.19    0.00    0.43    5.33    0.00   94.05

Device            r/s     rkB/s   rrqm/s  %rrqm r_await rareq-sz     w/s     wkB/s   wrqm/s  %wrqm w_await wareq-sz     d/s     dkB/s   drqm/s  %drqm d_await dareq-sz     f/s f_await  aqu-sz  %util
nvme0n1          0.00      0.00     0.00   0.00    0.00     0.00 3919.00  50664.00     0.00   0.00    0.27    12.93    0.00      0.00     0.00   0.00    0.00     0.00  301.00    1.96    1.65  87.00


avg-cpu:  %user   %nice %system %iowait  %steal   %idle
           0.19    0.00    0.50    5.40    0.00   93.92

Device            r/s     rkB/s   rrqm/s  %rrqm r_await rareq-sz     w/s     wkB/s   wrqm/s  %wrqm w_await wareq-sz     d/s     dkB/s   drqm/s  %drqm d_await dareq-sz     f/s f_await  aqu-sz  %util
nvme0n1          0.00      0.00     0.00   0.00    0.00     0.00 3944.00  50968.00     0.00   0.00    0.27    12.92    0.00      0.00     0.00   0.00    0.00     0.00  304.00    1.95    1.67  87.50


avg-cpu:  %user   %nice %system %iowait  %steal   %idle
           0.19    0.00    0.43    5.40    0.00   93.98

Device            r/s     rkB/s   rrqm/s  %rrqm r_await rareq-sz     w/s     wkB/s   wrqm/s  %wrqm w_await wareq-sz     d/s     dkB/s   drqm/s  %drqm d_await dareq-sz     f/s f_await  aqu-sz  %util
nvme0n1          0.00      0.00     0.00   0.00    0.00     0.00 3924.00  50704.00     0.00   0.00    0.27    12.92    0.00      0.00     0.00   0.00    0.00     0.00  302.00    1.93    1.64  87.60


avg-cpu:  %user   %nice %system %iowait  %steal   %idle
           0.19    0.00    0.75    5.34    0.00   93.73

Device            r/s     rkB/s   rrqm/s  %rrqm r_await rareq-sz     w/s     wkB/s   wrqm/s  %wrqm w_await wareq-sz     d/s     dkB/s   drqm/s  %drqm d_await dareq-sz     f/s f_await  aqu-sz  %util
nvme0n1         12.00    192.00     0.00   0.00    0.50    16.00 6490.00  90740.00     1.00   0.02    2.63    13.98    0.00      0.00     0.00   0.00    0.00     0.00  295.00    1.95   17.65  87.00


avg-cpu:  %user   %nice %system %iowait  %steal   %idle
           0.19    0.00    0.37    5.03    0.00   94.41

Device            r/s     rkB/s   rrqm/s  %rrqm r_await rareq-sz     w/s     wkB/s   wrqm/s  %wrqm w_await wareq-sz     d/s     dkB/s   drqm/s  %drqm d_await dareq-sz     f/s f_await  aqu-sz  %util
nvme0n1          0.00      0.00     0.00   0.00    0.00     0.00 2114.00  21744.00     0.00   0.00    0.41    10.29    0.00      0.00     0.00   0.00    0.00     0.00  302.00    1.87    1.43  81.30


avg-cpu:  %user   %nice %system %iowait  %steal   %idle
           0.12    0.00    0.43    5.46    0.00   93.98

Device            r/s     rkB/s   rrqm/s  %rrqm r_await rareq-sz     w/s     wkB/s   wrqm/s  %wrqm w_await wareq-sz     d/s     dkB/s   drqm/s  %drqm d_await dareq-sz     f/s f_await  aqu-sz  %util
nvme0n1          0.00      0.00     0.00   0.00    0.00     0.00 3230.00  39600.00     0.00   0.00    0.30    12.26    0.00      0.00     0.00   0.00    0.00     0.00  302.00    1.91    1.55  88.00


avg-cpu:  %user   %nice %system %iowait  %steal   %idle
           0.25    0.00    0.43    5.33    0.00   93.99

Device            r/s     rkB/s   rrqm/s  %rrqm r_await rareq-sz     w/s     wkB/s   wrqm/s  %wrqm w_await wareq-sz     d/s     dkB/s   drqm/s  %drqm d_await dareq-sz     f/s f_await  aqu-sz  %util
nvme0n1          0.00      0.00     0.00   0.00    0.00     0.00 3288.00  40524.00     0.00   0.00    0.30    12.32    0.00      0.00     0.00   0.00    0.00     0.00  303.00    1.91    1.57  86.90


avg-cpu:  %user   %nice %system %iowait  %steal   %idle
           0.19    0.00    0.50    5.21    0.00   94.11

Device            r/s     rkB/s   rrqm/s  %rrqm r_await rareq-sz     w/s     wkB/s   wrqm/s  %wrqm w_await wareq-sz     d/s     dkB/s   drqm/s  %drqm d_await dareq-sz     f/s f_await  aqu-sz  %util
nvme0n1          0.00      0.00     0.00   0.00    0.00     0.00 3301.00  40748.00     0.00   0.00    0.29    12.34    0.00      0.00     0.00   0.00    0.00     0.00  302.00    1.89    1.54  86.10


avg-cpu:  %user   %nice %system %iowait  %steal   %idle
           0.19    0.00    0.44    5.28    0.00   94.10

Device            r/s     rkB/s   rrqm/s  %rrqm r_await rareq-sz     w/s     wkB/s   wrqm/s  %wrqm w_await wareq-sz     d/s     dkB/s   drqm/s  %drqm d_await dareq-sz     f/s f_await  aqu-sz  %util
nvme0n1          0.00      0.00     0.00   0.00    0.00     0.00 3497.00  43888.00     0.00   0.00    0.29    12.55    0.00      0.00     0.00   0.00    0.00     0.00  301.00    1.90    1.57  86.10


avg-cpu:  %user   %nice %system %iowait  %steal   %idle
           0.19    0.00    0.43    5.39    0.00   93.99

Device            r/s     rkB/s   rrqm/s  %rrqm r_await rareq-sz     w/s     wkB/s   wrqm/s  %wrqm w_await wareq-sz     d/s     dkB/s   drqm/s  %drqm d_await dareq-sz     f/s f_await  aqu-sz  %util
nvme0n1          0.00      0.00     0.00   0.00    0.00     0.00 3673.00  46648.00     0.00   0.00    0.28    12.70    0.00      0.00     0.00   0.00    0.00     0.00  303.00    1.91    1.61  88.00


avg-cpu:  %user   %nice %system %iowait  %steal   %idle
           0.19    0.00    0.50    5.15    0.00   94.17

Device            r/s     rkB/s   rrqm/s  %rrqm r_await rareq-sz     w/s     wkB/s   wrqm/s  %wrqm w_await wareq-sz     d/s     dkB/s   drqm/s  %drqm d_await dareq-sz     f/s f_await  aqu-sz  %util
nvme0n1          0.00      0.00     0.00   0.00    0.00     0.00 3927.00  50768.00     0.00   0.00    0.26    12.93    0.00      0.00     0.00   0.00    0.00     0.00  301.00    1.87    1.60  84.80


avg-cpu:  %user   %nice %system %iowait  %steal   %idle
           0.19    0.00    0.37    5.41    0.00   94.03

Device            r/s     rkB/s   rrqm/s  %rrqm r_await rareq-sz     w/s     wkB/s   wrqm/s  %wrqm w_await wareq-sz     d/s     dkB/s   drqm/s  %drqm d_await dareq-sz     f/s f_await  aqu-sz  %util
nvme0n1          0.00      0.00     0.00   0.00    0.00     0.00 3956.00  51160.00     0.00   0.00    0.27    12.93    0.00      0.00     0.00   0.00    0.00     0.00  304.00    1.93    1.66  87.50


avg-cpu:  %user   %nice %system %iowait  %steal   %idle
           0.19    0.00    0.50    5.52    0.00   93.80

Device            r/s     rkB/s   rrqm/s  %rrqm r_await rareq-sz     w/s     wkB/s   wrqm/s  %wrqm w_await wareq-sz     d/s     dkB/s   drqm/s  %drqm d_await dareq-sz     f/s f_await  aqu-sz  %util
nvme0n1          0.00      0.00     0.00   0.00    0.00     0.00 3951.00  51096.00     0.00   0.00    0.28    12.93    0.00      0.00     0.00   0.00    0.00     0.00  303.00    2.00    1.70  89.20


avg-cpu:  %user   %nice %system %iowait  %steal   %idle
           0.19    0.00    0.31    5.41    0.00   94.10

Device            r/s     rkB/s   rrqm/s  %rrqm r_await rareq-sz     w/s     wkB/s   wrqm/s  %wrqm w_await wareq-sz     d/s     dkB/s   drqm/s  %drqm d_await dareq-sz     f/s f_await  aqu-sz  %util
nvme0n1          0.00      0.00     0.00   0.00    0.00     0.00 3903.00  50432.00     0.00   0.00    0.27    12.92    0.00      0.00     0.00   0.00    0.00     0.00  301.00    1.94    1.64  87.10


avg-cpu:  %user   %nice %system %iowait  %steal   %idle
           0.19    0.00    0.43    5.33    0.00   94.05

Device            r/s     rkB/s   rrqm/s  %rrqm r_await rareq-sz     w/s     wkB/s   wrqm/s  %wrqm w_await wareq-sz     d/s     dkB/s   drqm/s  %drqm d_await dareq-sz     f/s f_await  aqu-sz  %util
nvme0n1          0.00      0.00     0.00   0.00    0.00     0.00 3923.00  50676.00     0.00   0.00    0.27    12.92    0.00      0.00     0.00   0.00    0.00     0.00  302.00    1.91    1.63  86.90


avg-cpu:  %user   %nice %system %iowait  %steal   %idle
           0.12    0.00    0.43    5.58    0.00   93.87

Device            r/s     rkB/s   rrqm/s  %rrqm r_await rareq-sz     w/s     wkB/s   wrqm/s  %wrqm w_await wareq-sz     d/s     dkB/s   drqm/s  %drqm d_await dareq-sz     f/s f_await  aqu-sz  %util
nvme0n1          0.00      0.00     0.00   0.00    0.00     0.00 3945.00  51052.00     0.00   0.00    0.27    12.94    0.00      0.00     0.00   0.00    0.00     0.00  302.00    2.00    1.69  90.30


avg-cpu:  %user   %nice %system %iowait  %steal   %idle
           0.12    0.00    0.50    5.47    0.00   93.91

Device            r/s     rkB/s   rrqm/s  %rrqm r_await rareq-sz     w/s     wkB/s   wrqm/s  %wrqm w_await wareq-sz     d/s     dkB/s   drqm/s  %drqm d_await dareq-sz     f/s f_await  aqu-sz  %util
nvme0n1          0.00      0.00     0.00   0.00    0.00     0.00 3947.00  51032.00     0.00   0.00    0.28    12.93    0.00      0.00     0.00   0.00    0.00     0.00  303.00    2.00    1.69  88.50


avg-cpu:  %user   %nice %system %iowait  %steal   %idle
           0.19    0.00    0.31    5.27    0.00   94.24

Device            r/s     rkB/s   rrqm/s  %rrqm r_await rareq-sz     w/s     wkB/s   wrqm/s  %wrqm w_await wareq-sz     d/s     dkB/s   drqm/s  %drqm d_await dareq-sz     f/s f_await  aqu-sz  %util
nvme0n1          0.00      0.00     0.00   0.00    0.00     0.00 3926.00  50764.00     0.00   0.00    0.27    12.93    0.00      0.00     0.00   0.00    0.00     0.00  301.00    1.92    1.63  85.10


avg-cpu:  %user   %nice %system %iowait  %steal   %idle
           0.12    0.00    0.43    5.28    0.00   94.17

Device            r/s     rkB/s   rrqm/s  %rrqm r_await rareq-sz     w/s     wkB/s   wrqm/s  %wrqm w_await wareq-sz     d/s     dkB/s   drqm/s  %drqm d_await dareq-sz     f/s f_await  aqu-sz  %util
nvme0n1          0.00      0.00     0.00   0.00    0.00     0.00 3949.00  51088.00     0.00   0.00    0.27    12.94    0.00      0.00     0.00   0.00    0.00     0.00  303.00    1.94    1.66  86.30


avg-cpu:  %user   %nice %system %iowait  %steal   %idle
           0.19    0.00    0.50    5.34    0.00   93.98

Device            r/s     rkB/s   rrqm/s  %rrqm r_await rareq-sz     w/s     wkB/s   wrqm/s  %wrqm w_await wareq-sz     d/s     dkB/s   drqm/s  %drqm d_await dareq-sz     f/s f_await  aqu-sz  %util
nvme0n1          0.00      0.00     0.00   0.00    0.00     0.00 3451.00  43096.00     0.00   0.00    0.29    12.49    0.00      0.00     0.00   0.00    0.00     0.00  303.00    1.92    1.59  86.90


avg-cpu:  %user   %nice %system %iowait  %steal   %idle
           0.19    0.00    0.50    5.27    0.00   94.05

Device            r/s     rkB/s   rrqm/s  %rrqm r_await rareq-sz     w/s     wkB/s   wrqm/s  %wrqm w_await wareq-sz     d/s     dkB/s   drqm/s  %drqm d_await dareq-sz     f/s f_await  aqu-sz  %util
nvme0n1          0.00      0.00     0.00   0.00    0.00     0.00 3366.00  41752.00     0.00   0.00    0.29    12.40    0.00      0.00     0.00   0.00    0.00     0.00  302.00    1.91    1.56  85.60


avg-cpu:  %user   %nice %system %iowait  %steal   %idle
           0.25    0.00    0.31    5.40    0.00   94.04

Device            r/s     rkB/s   rrqm/s  %rrqm r_await rareq-sz     w/s     wkB/s   wrqm/s  %wrqm w_await wareq-sz     d/s     dkB/s   drqm/s  %drqm d_await dareq-sz     f/s f_await  aqu-sz  %util
nvme0n1          0.00      0.00     0.00   0.00    0.00     0.00 3541.00  44504.00     0.00   0.00    0.29    12.57    0.00      0.00     0.00   0.00    0.00     0.00  305.00    1.94    1.62  87.40


avg-cpu:  %user   %nice %system %iowait  %steal   %idle
           0.12    0.00    0.50    5.47    0.00   93.91

Device            r/s     rkB/s   rrqm/s  %rrqm r_await rareq-sz     w/s     wkB/s   wrqm/s  %wrqm w_await wareq-sz     d/s     dkB/s   drqm/s  %drqm d_await dareq-sz     f/s f_await  aqu-sz  %util
nvme0n1          0.00      0.00     0.00   0.00    0.00     0.00 3957.00  51192.00     0.00   0.00    0.27    12.94    0.00      0.00     0.00   0.00    0.00     0.00  303.00    2.01    1.68  90.20


avg-cpu:  %user   %nice %system %iowait  %steal   %idle
           0.19    0.00    0.43    5.39    0.00   93.99

Device            r/s     rkB/s   rrqm/s  %rrqm r_await rareq-sz     w/s     wkB/s   wrqm/s  %wrqm w_await wareq-sz     d/s     dkB/s   drqm/s  %drqm d_await dareq-sz     f/s f_await  aqu-sz  %util
nvme0n1          0.00      0.00     0.00   0.00    0.00     0.00 3929.00  50824.00     0.00   0.00    0.27    12.94    0.00      0.00     0.00   0.00    0.00     0.00  301.00    1.95    1.65  87.80


avg-cpu:  %user   %nice %system %iowait  %steal   %idle
           0.19    0.00    0.43    5.33    0.00   94.05

Device            r/s     rkB/s   rrqm/s  %rrqm r_await rareq-sz     w/s     wkB/s   wrqm/s  %wrqm w_await wareq-sz     d/s     dkB/s   drqm/s  %drqm d_await dareq-sz     f/s f_await  aqu-sz  %util
nvme0n1          0.00      0.00     0.00   0.00    0.00     0.00 3928.00  50796.00     0.00   0.00    0.27    12.93    0.00      0.00     0.00   0.00    0.00     0.00  301.00    1.95    1.64  87.40


avg-cpu:  %user   %nice %system %iowait  %steal   %idle
           0.19    0.00    0.43    5.39    0.00   93.99

Device            r/s     rkB/s   rrqm/s  %rrqm r_await rareq-sz     w/s     wkB/s   wrqm/s  %wrqm w_await wareq-sz     d/s     dkB/s   drqm/s  %drqm d_await dareq-sz     f/s f_await  aqu-sz  %util
nvme0n1          0.00      0.00     0.00   0.00    0.00     0.00 3930.00  50800.00     0.00   0.00    0.27    12.93    0.00      0.00     0.00   0.00    0.00     0.00  302.00    1.97    1.67  88.20


avg-cpu:  %user   %nice %system %iowait  %steal   %idle
           0.19    0.00    0.50    5.46    0.00   93.85

Device            r/s     rkB/s   rrqm/s  %rrqm r_await rareq-sz     w/s     wkB/s   wrqm/s  %wrqm w_await wareq-sz     d/s     dkB/s   drqm/s  %drqm d_await dareq-sz     f/s f_await  aqu-sz  %util
nvme0n1          0.00      0.00     0.00   0.00    0.00     0.00 3914.00  50568.00     0.00   0.00    0.27    12.92    0.00      0.00     0.00   0.00    0.00     0.00  302.00    1.99    1.67  89.50


avg-cpu:  %user   %nice %system %iowait  %steal   %idle
           0.25    0.00    0.43    5.40    0.00   93.91

Device            r/s     rkB/s   rrqm/s  %rrqm r_await rareq-sz     w/s     wkB/s   wrqm/s  %wrqm w_await wareq-sz     d/s     dkB/s   drqm/s  %drqm d_await dareq-sz     f/s f_await  aqu-sz  %util
nvme0n1          0.00      0.00     0.00   0.00    0.00     0.00 3923.00  50700.00     0.00   0.00    0.27    12.92    0.00      0.00     0.00   0.00    0.00     0.00  302.00    1.98    1.67  89.60


avg-cpu:  %user   %nice %system %iowait  %steal   %idle
           0.19    0.00    0.50    5.40    0.00   93.92

Device            r/s     rkB/s   rrqm/s  %rrqm r_await rareq-sz     w/s     wkB/s   wrqm/s  %wrqm w_await wareq-sz     d/s     dkB/s   drqm/s  %drqm d_await dareq-sz     f/s f_await  aqu-sz  %util
nvme0n1          0.00      0.00     0.00   0.00    0.00     0.00 3931.00  50832.00     0.00   0.00    0.27    12.93    0.00      0.00     0.00   0.00    0.00     0.00  301.00    1.92    1.62  88.20


avg-cpu:  %user   %nice %system %iowait  %steal   %idle
           0.12    0.00    0.50    5.46    0.00   93.92

Device            r/s     rkB/s   rrqm/s  %rrqm r_await rareq-sz     w/s     wkB/s   wrqm/s  %wrqm w_await wareq-sz     d/s     dkB/s   drqm/s  %drqm d_await dareq-sz     f/s f_await  aqu-sz  %util
nvme0n1          0.00      0.00     0.00   0.00    0.00     0.00 4817.00  65116.00     0.00   0.00    1.21    13.52    0.00      0.00     0.00   0.00    0.00     0.00  298.00    2.00    6.43  88.50


avg-cpu:  %user   %nice %system %iowait  %steal   %idle
           0.19    0.00    0.56    5.44    0.00   93.82

Device            r/s     rkB/s   rrqm/s  %rrqm r_await rareq-sz     w/s     wkB/s   wrqm/s  %wrqm w_await wareq-sz     d/s     dkB/s   drqm/s  %drqm d_await dareq-sz     f/s f_await  aqu-sz  %util
nvme0n1          0.00      0.00     0.00   0.00    0.00     0.00 3924.00  50704.00     0.00   0.00    0.27    12.92    0.00      0.00     0.00   0.00    0.00     0.00  302.00    1.98    1.67  89.60


avg-cpu:  %user   %nice %system %iowait  %steal   %idle
           0.25    0.00    0.37    5.45    0.00   93.93

Device            r/s     rkB/s   rrqm/s  %rrqm r_await rareq-sz     w/s     wkB/s   wrqm/s  %wrqm w_await wareq-sz     d/s     dkB/s   drqm/s  %drqm d_await dareq-sz     f/s f_await  aqu-sz  %util
nvme0n1          0.00      0.00     0.00   0.00    0.00     0.00 3943.00  50964.00     0.00   0.00    0.27    12.93    0.00      0.00     0.00   0.00    0.00     0.00  304.00    1.97    1.68  88.90


avg-cpu:  %user   %nice %system %iowait  %steal   %idle
           0.12    0.00    0.44    5.34    0.00   94.10

Device            r/s     rkB/s   rrqm/s  %rrqm r_await rareq-sz     w/s     wkB/s   wrqm/s  %wrqm w_await wareq-sz     d/s     dkB/s   drqm/s  %drqm d_await dareq-sz     f/s f_await  aqu-sz  %util
nvme0n1          0.00      0.00     0.00   0.00    0.00     0.00 3904.00  50464.00     0.00   0.00    0.27    12.93    0.00      0.00     0.00   0.00    0.00     0.00  300.00    1.95    1.65  87.40


avg-cpu:  %user   %nice %system %iowait  %steal   %idle
           0.12    0.00    0.81    5.21    0.00   93.86

Device            r/s     rkB/s   rrqm/s  %rrqm r_await rareq-sz     w/s     wkB/s   wrqm/s  %wrqm w_await wareq-sz     d/s     dkB/s   drqm/s  %drqm d_await dareq-sz     f/s f_await  aqu-sz  %util
nvme0n1          2.00     32.00     0.00   0.00    0.50    16.00 6660.00  94696.00     0.00   0.00    3.01    14.22    0.00      0.00     0.00   0.00    0.00     0.00  296.00    1.95   20.65  86.40


avg-cpu:  %user   %nice %system %iowait  %steal   %idle
           0.19    0.00    0.37    4.97    0.00   94.47

Device            r/s     rkB/s   rrqm/s  %rrqm r_await rareq-sz     w/s     wkB/s   wrqm/s  %wrqm w_await wareq-sz     d/s     dkB/s   drqm/s  %drqm d_await dareq-sz     f/s f_await  aqu-sz  %util
nvme0n1          0.00      0.00     0.00   0.00    0.00     0.00 2108.00  21672.00     0.00   0.00    0.41    10.28    0.00      0.00     0.00   0.00    0.00     0.00  302.00    1.88    1.43  80.80


avg-cpu:  %user   %nice %system %iowait  %steal   %idle
           0.19    0.00    0.43    5.33    0.00   94.05

Device            r/s     rkB/s   rrqm/s  %rrqm r_await rareq-sz     w/s     wkB/s   wrqm/s  %wrqm w_await wareq-sz     d/s     dkB/s   drqm/s  %drqm d_await dareq-sz     f/s f_await  aqu-sz  %util
nvme0n1          0.00      0.00     0.00   0.00    0.00     0.00 3024.00  36280.00     0.00   0.00    0.32    12.00    0.00      0.00     0.00   0.00    0.00     0.00  302.00    1.90    1.53  86.60


avg-cpu:  %user   %nice %system %iowait  %steal   %idle
           0.19    0.00    0.43    5.32    0.00   94.06

Device            r/s     rkB/s   rrqm/s  %rrqm r_await rareq-sz     w/s     wkB/s   wrqm/s  %wrqm w_await wareq-sz     d/s     dkB/s   drqm/s  %drqm d_await dareq-sz     f/s f_await  aqu-sz  %util
nvme0n1          0.00      0.00     0.00   0.00    0.00     0.00 3284.00  40436.00     0.00   0.00    0.30    12.31    0.00      0.00     0.00   0.00    0.00     0.00  303.00    1.90    1.56  85.70


avg-cpu:  %user   %nice %system %iowait  %steal   %idle
           0.19    0.00    0.50    5.16    0.00   94.16

Device            r/s     rkB/s   rrqm/s  %rrqm r_await rareq-sz     w/s     wkB/s   wrqm/s  %wrqm w_await wareq-sz     d/s     dkB/s   drqm/s  %drqm d_await dareq-sz     f/s f_await  aqu-sz  %util
nvme0n1          0.00      0.00     0.00   0.00    0.00     0.00 3449.00  43088.00     0.00   0.00    0.29    12.49    0.00      0.00     0.00   0.00    0.00     0.00  303.00    1.89    1.57  85.50


avg-cpu:  %user   %nice %system %iowait  %steal   %idle
           0.19    0.00    0.50    5.33    0.00   93.99

Device            r/s     rkB/s   rrqm/s  %rrqm r_await rareq-sz     w/s     wkB/s   wrqm/s  %wrqm w_await wareq-sz     d/s     dkB/s   drqm/s  %drqm d_await dareq-sz     f/s f_await  aqu-sz  %util
nvme0n1          0.00      0.00     0.00   0.00    0.00     0.00 3863.00  49716.00     0.00   0.00    0.27    12.87    0.00      0.00     0.00   0.00    0.00     0.00  302.00    1.95    1.63  87.10


avg-cpu:  %user   %nice %system %iowait  %steal   %idle
           0.25    0.00    0.31    5.39    0.00   94.06

Device            r/s     rkB/s   rrqm/s  %rrqm r_await rareq-sz     w/s     wkB/s   wrqm/s  %wrqm w_await wareq-sz     d/s     dkB/s   drqm/s  %drqm d_await dareq-sz     f/s f_await  aqu-sz  %util
nvme0n1          0.00      0.00     0.00   0.00    0.00     0.00 3740.00  47788.00     0.00   0.00    0.28    12.78    0.00      0.00     0.00   0.00    0.00     0.00  301.00    1.97    1.63  87.40


