seq,latency_ms,received_at
11,4.7540000000000004,2026-09-24T08:14:58.452092+00:00
12,4.854,2026-09-24T08:14:58.452914+00:00
13,5.088,2026-09-24T08:14:58.453647+00:00
14,5.151,2026-09-24T08:14:58.454325+00:00
15,5.332,2026-09-24T08:14:58.454930+00:00
16,35.071999999999996,2026-09-24T08:14:58.485189+00:00
17,35.763000000000005,2026-09-24T08:14:58.486572+00:00
18,36.228,2026-09-24T08:14:58.487437+00:00
19,36.477000000000004,2026-09-24T08:14:58.488291+00:00
20,36.721999999999994,2026-09-24T08:14:58.488929+00:00
21,36.946,2026-09-24T08:14:58.489690+00:00
22,37.399,2026-09-24T08:14:58.490473+00:00
23,37.592,2026-09-24T08:14:58.491065+00:00
24,37.779,2026-09-24T08:14:58.491785+00:00
25,38.047,2026-09-24T08:14:58.492564+00:00
26,38.217,2026-09-24T08:14:58.493145+00:00
27,38.314,2026-09-24T08:14:58.493706+00:00
28,9.373,2026-09-24T08:14:58.494799+00:00
29,9.259,2026-09-24T08:14:58.495731+00:00
30,9.545,2026-09-24T08:14:58.496652+00:00
31,9.613999999999999,2026-09-24T08:14:58.497301+00:00
32,9.817,2026-09-24T08:14:58.497966+00:00
33,10.24,2026-09-24T08:14:58.498844+00:00
34,10.322,2026-09-24T08:14:58.499454+00:00
35,10.540000000000001,2026-09-24T08:14:58.500080+00:00
36,10.836,2026-09-24T08:14:58.500801+00:00
37,10.995,2026-09-24T08:14:58.501478+00:00
38,11.253,2026-09-24T08:14:58.502198+00:00
39,11.34,2026-09-24T08:14:58.502688+00:00
40,11.394,2026-09-24T08:14:58.503176+00:00
41,11.568,2026-09-24T08:14:58.503808+00:00
42,11.619000000000002,2026-09-24T08:14:58.504667+00:00
43,11.886000000000001,2026-09-24T08:14:58.505265+00:00
44,12.061,2026-09-24T08:14:58.505894+00:00
45,12.302,2026-09-24T08:14:58.506545+00:00
46,12.371,2026-09-24T08:14:58.507038+00:00
47,12.274000000000001,2026-09-24T08:14:58.507498+00:00
48,12.562,2026-09-24T08:14:58.508281+00:00
49,13.072000000000001,2026-09-24T08:14:58.509171+00:00
50,13.31,2026-09-24T08:14:58.509942+00:00
51,13.708,2026-09-24T08:14:58.510774+00:00
52,13.943000000000001,2026-09-24T08:14:58.511481+00:00
53,14.309000000000001,2026-09-24T08:14:58.512306+00:00
54,14.441,2026-09-24T08:14:58.512967+00:00
55,14.656,2026-09-24T08:14:58.513641+00:00
56,14.651000000000002,2026-09-24T08:14:58.514164+00:00
57,14.757,2026-09-24T08:14:58.514677+00:00
58,18.08,2026-09-24T08:14:58.518352+00:00
59,18.433,2026-09-24T08:14:58.519101+00:00
60,18.676000000000002,2026-09-24T08:14:58.519707+00:00
61,18.851,2026-09-24T08:14:58.520205+00:00
62,19.077,2026-09-24T08:14:58.520806+00:00
63,19.338,2026-09-24T08:14:58.521482+00:00
64,19.702,2026-09-24T08:14:58.522207+00:00
65,20.016,2026-09-24T08:14:58.522819+00:00
66,20.176,2026-09-24T08:14:58.523402+00:00
67,20.246,2026-09-24T08:14:58.524027+00:00
68,20.500999999999998,2026-09-24T08:14:58.524816+00:00
69,21.031000000000002,2026-09-24T08:14:58.525831+00:00
70,21.331,2026-09-24T08:14:58.526520+00:00
71,21.536,2026-09-24T08:14:58.527098+00:00
72,21.804000000000002,2026-09-24T08:14:58.527709+00:00
73,22.126,2026-09-24T08:14:58.528333+00:00
74,22.334,2026-09-24T08:14:58.528871+00:00
75,22.587,2026-09-24T08:14:58.529432+00:00
76,22.838,2026-09-24T08:14:58.530020+00:00
77,23.150000000000002,2026-09-24T08:14:58.530726+00:00
78,23.424,2026-09-24T08:14:58.531288+00:00
79,23.740000000000002,2026-09-24T08:14:58.531968+00:00
80,24.156,2026-09-24T08:14:58.532716+00:00
81,24.483999999999998,2026-09-24T08:14:58.533373+00:00
82,25.195999999999998,2026-09-24T08:14:58.534490+00:00
83,25.428,2026-09-24T08:14:58.535191+00:00
84,25.777,2026-09-24T08:14:58.535845+00:00
85,26.168,2026-09-24T08:14:58.536546+00:00
86,26.494,2026-09-24T08:14:58.537191+00:00
87,26.939,2026-09-24T08:14:58.538074+00:00
88,27.431,2026-09-24T08:14:58.538942+00:00
89,27.311,2026-09-24T08:14:58.539590+00:00
90,27.473999999999997,2026-09-24T08:14:58.540143+00:00
91,27.830000000000002,2026-09-24T08:14:58.540895+00:00
92,28.173000000000002,2026-09-24T08:14:58.541647+00:00
93,28.618000000000002,2026-09-24T08:14:58.542455+00:00
94,29.027,2026-09-24T08:14:58.543179+00:00
95,29.212,2026-09-24T08:14:58.543734+00:00
96,26.098,2026-09-24T08:14:58.544247+00:00
97,26.508,2026-09-24T08:14:58.545045+00:00
98,26.776999999999997,2026-09-24T08:14:58.545729+00:00
99,27.096,2026-09-24T08:14:58.546372+00:00
100,27.292,2026-09-24T08:14:58.546902+00:00
101,27.650000000000002,2026-09-24T08:14:58.547561+00:00
102,28.181,2026-09-24T08:14:58.548454+00:00
103,28.695999999999998,2026-09-24T08:14:58.549310+00:00
104,29.250999999999998,2026-09-24T08:14:58.550145+00:00
105,29.590000000000003,2026-09-24T08:14:58.550845+00:00
106,29.959,2026-09-24T08:14:58.551561+00:00
107,30.438,2026-09-24T08:14:58.552424+00:00
108,30.886,2026-09-24T08:14:58.553182+00:00
109,31.527,2026-09-24T08:14:58.554098+00:00
110,31.821,2026-09-24T08:14:58.554757+00:00
111,32.034,2026-09-24T08:14:58.555384+00:00
112,32.488,2026-09-24T08:14:58.556251+00:00
113,32.932,2026-09-24T08:14:58.557212+00:00
114,33.095,2026-09-24T08:14:58.557951+00:00
115,33.260999999999996,2026-09-24T08:14:58.558501+00:00
116,33.417,2026-09-24T08:14:58.559172+00:00
117,33.777,2026-09-24T08:14:58.559942+00:00
118,34.01,2026-09-24T08:14:58.560545+00:00
119,34.256,2026-09-24T08:14:58.561154+00:00
120,34.712,2026-09-24T08:14:58.561923+00:00
121,35.305,2026-09-24T08:14:58.562991+00:00
122,35.733000000000004,2026-09-24T08:14:58.563756+00:00
123,36.093,2026-09-24T08:14:58.564404+00:00
124,36.518,2026-09-24T08:14:58.565230+00:00
125,37.006,2026-09-24T08:14:58.566085+00:00
126,37.397,2026-09-24T08:14:58.566849+00:00
127,37.869,2026-09-24T08:14:58.567701+00:00
128,38.478,2026-09-24T08:14:58.568764+00:00
129,38.669000000000004,2026-09-24T08:14:58.569404+00:00
130,38.834,2026-09-24T08:14:58.570013+00:00
131,39.135000000000005,2026-09-24T08:14:58.570755+00:00
132,39.626000000000005,2026-09-24T08:14:58.571669+00:00
133,39.84,2026-09-24T08:14:58.572325+00:00
134,40.208,2026-09-24T08:14:58.573104+00:00
135,40.314,2026-09-24T08:14:58.573785+00:00
136,40.701,2026-09-24T08:14:58.574634+00:00
137,41.531,2026-09-24T08:14:58.575815+00:00
138,41.961999999999996,2026-09-24T08:14:58.576645+00:00
139,42.401,2026-09-24T08:14:58.577472+00:00
140,42.595,2026-09-24T08:14:58.578124+00:00
141,42.992000000000004,2026-09-24T08:14:58.578805+00:00
142,43.485,2026-09-24T08:14:58.579597+00:00
143,43.631,2026-09-24T08:14:58.580192+00:00
144,43.803000000000004,2026-09-24T08:14:58.580897+00:00
145,43.98500000000001,2026-09-24T08:14:58.581453+00:00
146,44.066,2026-09-24T08:14:58.581930+00:00
147,44.333,2026-09-24T08:14:58.582507+00:00
148,44.650000000000006,2026-09-24T08:14:58.583192+00:00
149,44.912,2026-09-24T08:14:58.583755+00:00
150,45.091,2026-09-24T08:14:58.584216+00:00
151,45.258,2026-09-24T08:14:58.584764+00:00
152,45.483999999999995,2026-09-24T08:14:58.585340+00:00
153,45.574999999999996,2026-09-24T08:14:58.585855+00:00
154,45.586,2026-09-24T08:14:58.586266+00:00
155,78.067,2026-09-24T08:14:58.619021+00:00
156,78.584,2026-09-24T08:14:58.619860+00:00
157,78.849,2026-09-24T08:14:58.620510+00:00
158,79.295,2026-09-24T08:14:58.621319+00:00
159,79.535,2026-09-24T08:14:58.621912+00:00
160,79.711,2026-09-24T08:14:58.622473+00:00
161,80.038,2026-09-24T08:14:58.623156+00:00
162,80.512,2026-09-24T08:14:58.623994+00:00
163,80.785,2026-09-24T08:14:58.624722+00:00
164,81.153,2026-09-24T08:14:58.625398+00:00
165,81.29899999999999,2026-09-24T08:14:58.625972+00:00
166,81.361,2026-09-24T08:14:58.626561+00:00
167,81.547,2026-09-24T08:14:58.627136+00:00
168,82.177,2026-09-24T08:14:58.628234+00:00
169,82.645,2026-09-24T08:14:58.629020+00:00
170,82.833,2026-09-24T08:14:58.629575+00:00
171,83.035,2026-09-24T08:14:58.630219+00:00
172,83.06700000000001,2026-09-24T08:14:58.630639+00:00
173,83.02900000000001,2026-09-24T08:14:58.631103+00:00
174,83.11,2026-09-24T08:14:58.631797+00:00
175,83.04400000000001,2026-09-24T08:14:58.632314+00:00
176,83.259,2026-09-24T08:14:58.633082+00:00
177,83.333,2026-09-24T08:14:58.633660+00:00
178,83.176,2026-09-24T08:14:58.634129+00:00
179,83.224,2026-09-24T08:14:58.634708+00:00
180,83.528,2026-09-24T08:14:58.635510+00:00
181,83.953,2026-09-24T08:14:58.636247+00:00
182,84.285,2026-09-24T08:14:58.636926+00:00
183,84.81400000000001,2026-09-24T08:14:58.637739+00:00
184,84.88900000000001,2026-09-24T08:14:58.638263+00:00
185,85.10900000000001,2026-09-24T08:14:58.638908+00:00
186,85.662,2026-09-24T08:14:58.639799+00:00
187,85.664,2026-09-24T08:14:58.640379+00:00
188,85.79299999999999,2026-09-24T08:14:58.641005+00:00
189,85.84700000000001,2026-09-24T08:14:58.641597+00:00
190,86.051,2026-09-24T08:14:58.642175+00:00
191,86.225,2026-09-24T08:14:58.642708+00:00
192,86.35,2026-09-24T08:14:58.643222+00:00
193,86.67099999999999,2026-09-24T08:14:58.643893+00:00
194,86.95,2026-09-24T08:14:58.644564+00:00
195,87.185,2026-09-24T08:14:58.645127+00:00
196,87.566,2026-09-24T08:14:58.645853+00:00
197,87.94200000000001,2026-09-24T08:14:58.646621+00:00
198,88.149,2026-09-24T08:14:58.647159+00:00
199,88.113,2026-09-24T08:14:58.647634+00:00
200,88.25099999999999,2026-09-24T08:14:58.648146+00:00
201,88.35,2026-09-24T08:14:58.648616+00:00
202,88.732,2026-09-24T08:14:58.649339+00:00
203,89.342,2026-09-24T08:14:58.650273+00:00
204,89.723,2026-09-24T08:14:58.651147+00:00
205,89.83,2026-09-24T08:14:58.651882+00:00
206,89.804,2026-09-24T08:14:58.652691+00:00
207,90.093,2026-09-24T08:14:58.653684+00:00
208,90.489,2026-09-24T08:14:58.654611+00:00
209,90.67,2026-09-24T08:14:58.655255+00:00
210,90.839,2026-09-24T08:14:58.655958+00:00
211,90.874,2026-09-24T08:14:58.656544+00:00
212,91.062,2026-09-24T08:14:58.657178+00:00
213,91.186,2026-09-24T08:14:58.657790+00:00
214,91.205,2026-09-24T08:14:58.658316+00:00
215,91.377,2026-09-24T08:14:58.659033+00:00
216,91.38300000000001,2026-09-24T08:14:58.659579+00:00
217,91.517,2026-09-24T08:14:58.660142+00:00
218,91.64,2026-09-24T08:14:58.660661+00:00
219,91.877,2026-09-24T08:14:58.661274+00:00
220,91.905,2026-09-24T08:14:58.661769+00:00
221,92.168,2026-09-24T08:14:58.662397+00:00
222,92.181,2026-09-24T08:14:58.662927+00:00
223,92.004,2026-09-24T08:14:58.663388+00:00
224,92.113,2026-09-24T08:14:58.664061+00:00
225,92.166,2026-09-24T08:14:58.664674+00:00
226,92.1,2026-09-24T08:14:58.665110+00:00
227,92.081,2026-09-24T08:14:58.665532+00:00
228,91.96600000000001,2026-09-24T08:14:58.665922+00:00
229,92.001,2026-09-24T08:14:58.666317+00:00
230,91.798,2026-09-24T08:14:58.666748+00:00
231,91.571,2026-09-24T08:14:58.667184+00:00
232,91.32600000000001,2026-09-24T08:14:58.667648+00:00
233,91.42999999999999,2026-09-24T08:14:58.668400+00:00
234,91.553,2026-09-24T08:14:58.669008+00:00
235,91.539,2026-09-24T08:14:58.669513+00:00
236,91.881,2026-09-24T08:14:58.670259+00:00
237,92.19800000000001,2026-09-24T08:14:58.670962+00:00
238,92.348,2026-09-24T08:14:58.671506+00:00
239,92.721,2026-09-24T08:14:58.672261+00:00
240,93.042,2026-09-24T08:14:58.672967+00:00
241,93.30199999999999,2026-09-24T08:14:58.673586+00:00
242,93.46000000000001,2026-09-24T08:14:58.674043+00:00
243,93.801,2026-09-24T08:14:58.674696+00:00
244,94.305,2026-09-24T08:14:58.675681+00:00
245,94.617,2026-09-24T08:14:58.676369+00:00
246,94.966,2026-09-24T08:14:58.677157+00:00
247,95.114,2026-09-24T08:14:58.677718+00:00
248,59.632999999999996,2026-09-24T08:14:58.678247+00:00
249,59.477000000000004,2026-09-24T08:14:58.678814+00:00
250,59.737,2026-09-24T08:14:58.679513+00:00
251,59.888,2026-09-24T08:14:58.680138+00:00
252,59.951,2026-09-24T08:14:58.680763+00:00
253,60.181,2026-09-24T08:14:58.681432+00:00
254,60.572,2026-09-24T08:14:58.682270+00:00
255,97.081,2026-09-24T08:14:58.719122+00:00
256,99.038,2026-09-24T08:14:58.721428+00:00
257,99.513,2026-09-24T08:14:58.722276+00:00
258,99.809,2026-09-24T08:14:58.722931+00:00
259,100.323,2026-09-24T08:14:58.723721+00:00
260,100.86399999999999,2026-09-24T08:14:58.724573+00:00
261,101.225,2026-09-24T08:14:58.725236+00:00
262,101.714,2026-09-24T08:14:58.725986+00:00
263,101.698,2026-09-24T08:14:58.726452+00:00
264,102.01599999999999,2026-09-24T08:14:58.727197+00:00
265,102.083,2026-09-24T08:14:58.727656+00:00
266,102.556,2026-09-24T08:14:58.728500+00:00
267,102.99,2026-09-24T08:14:58.729309+00:00
268,103.408,2026-09-24T08:14:58.730114+00:00
269,103.724,2026-09-24T08:14:58.730793+00:00
270,104.24799999999999,2026-09-24T08:14:58.731786+00:00
271,104.395,2026-09-24T08:14:58.732376+00:00
272,104.533,2026-09-24T08:14:58.732890+00:00
273,104.786,2026-09-24T08:14:58.733519+00:00
274,104.818,2026-09-24T08:14:58.734204+00:00
275,105.037,2026-09-24T08:14:58.734837+00:00
276,105.099,2026-09-24T08:14:58.735371+00:00
277,105.245,2026-09-24T08:14:58.735881+00:00
278,105.49600000000001,2026-09-24T08:14:58.736525+00:00
279,105.646,2026-09-24T08:14:58.737044+00:00
280,106.104,2026-09-24T08:14:58.737864+00:00
281,106.30799999999999,2026-09-24T08:14:58.738371+00:00
282,106.404,2026-09-24T08:14:58.738897+00:00
283,106.779,2026-09-24T08:14:58.739584+00:00
284,106.693,2026-09-24T08:14:58.740190+00:00
285,106.95100000000001,2026-09-24T08:14:58.740879+00:00
286,107.14500000000001,2026-09-24T08:14:58.741551+00:00
287,107.17699999999999,2026-09-24T08:14:58.742118+00:00
288,107.17699999999999,2026-09-24T08:14:58.742651+00:00
289,107.269,2026-09-24T08:14:58.743282+00:00
290,107.21799999999999,2026-09-24T08:14:58.743847+00:00
291,107.357,2026-09-24T08:14:58.744467+00:00
292,107.637,2026-09-24T08:14:58.745126+00:00
293,107.88000000000001,2026-09-24T08:14:58.745809+00:00
294,108.014,2026-09-24T08:14:58.746322+00:00
295,108.267,2026-09-24T08:14:58.746937+00:00
296,108.50500000000001,2026-09-24T08:14:58.747550+00:00
297,108.84,2026-09-24T08:14:58.748202+00:00
298,108.921,2026-09-24T08:14:58.748814+00:00
299,108.914,2026-09-24T08:14:58.749366+00:00
300,109.045,2026-09-24T08:14:58.749907+00:00
301,109.464,2026-09-24T08:14:58.750734+00:00
302,109.55,2026-09-24T08:14:58.751290+00:00
303,109.856,2026-09-24T08:14:58.752025+00:00
304,110.061,2026-09-24T08:14:58.752709+00:00
305,110.32300000000001,2026-09-24T08:14:58.753334+00:00
306,110.47800000000001,2026-09-24T08:14:58.753908+00:00
307,110.658,2026-09-24T08:14:58.754478+00:00
308,110.711,2026-09-24T08:14:58.755054+00:00
309,110.79,2026-09-24T08:14:58.755548+00:00
310,110.849,2026-09-24T08:14:58.756023+00:00
311,111.01700000000001,2026-09-24T08:14:58.756650+00:00
312,111.212,2026-09-24T08:14:58.757245+00:00
313,111.417,2026-09-24T08:14:58.757905+00:00
314,111.67399999999999,2026-09-24T08:14:58.758576+00:00
315,111.85199999999999,2026-09-24T08:14:58.759090+00:00
316,112.005,2026-09-24T08:14:58.759737+00:00
317,112.187,2026-09-24T08:14:58.760315+00:00
318,112.413,2026-09-24T08:14:58.760931+00:00
319,112.433,2026-09-24T08:14:58.761498+00:00
320,112.542,2026-09-24T08:14:58.762099+00:00
321,112.583,2026-09-24T08:14:58.762682+00:00
322,112.591,2026-09-24T08:14:58.763190+00:00
323,112.57499999999999,2026-09-24T08:14:58.763715+00:00
324,112.497,2026-09-24T08:14:58.764207+00:00
325,112.528,2026-09-24T08:14:58.764690+00:00
326,112.55,2026-09-24T08:14:58.765236+00:00
327,112.634,2026-09-24T08:14:58.765861+00:00
328,112.765,2026-09-24T08:14:58.766465+00:00
329,113.224,2026-09-24T08:14:58.767330+00:00
330,113.65899999999999,2026-09-24T08:14:58.768214+00:00
331,113.782,2026-09-24T08:14:58.768834+00:00
332,113.60199999999999,2026-09-24T08:14:58.769342+00:00
333,113.908,2026-09-24T08:14:58.770103+00:00
334,114.079,2026-09-24T08:14:58.770792+00:00
335,114.326,2026-09-24T08:14:58.771466+00:00
336,114.433,2026-09-24T08:14:58.772048+00:00
337,114.568,2026-09-24T08:14:58.772588+00:00
338,114.816,2026-09-24T08:14:58.773204+00:00
339,114.95700000000001,2026-09-24T08:14:58.773800+00:00
340,115.15100000000001,2026-09-24T08:14:58.774427+00:00
341,115.223,2026-09-24T08:14:58.774996+00:00
342,115.419,2026-09-24T08:14:58.775658+00:00
343,115.669,2026-09-24T08:14:58.776339+00:00
344,116.01899999999999,2026-09-24T08:14:58.777182+00:00
345,116.258,2026-09-24T08:14:58.777902+00:00
346,116.88600000000001,2026-09-24T08:14:58.778917+00:00
347,117.302,2026-09-24T08:14:58.779697+00:00
348,117.912,2026-09-24T08:14:58.780712+00:00
349,118.301,2026-09-24T08:14:58.781425+00:00
350,118.586,2026-09-24T08:14:58.782035+00:00
351,119.086,2026-09-24T08:14:58.782846+00:00
352,119.176,2026-09-24T08:14:58.783283+00:00
353,119.38699999999999,2026-09-24T08:14:58.783890+00:00
354,119.62599999999999,2026-09-24T08:14:58.784502+00:00
355,119.90299999999999,2026-09-24T08:14:58.785236+00:00
356,119.866,2026-09-24T08:14:58.785654+00:00
357,120.182,2026-09-24T08:14:58.786321+00:00
358,153.125,2026-09-24T08:14:58.819623+00:00
359,153.91,2026-09-24T08:14:58.820735+00:00
360,154.32299999999998,2026-09-24T08:14:58.821453+00:00
361,155.048,2026-09-24T08:14:58.822453+00:00
362,155.517,2026-09-24T08:14:58.823355+00:00
363,155.912,2026-09-24T08:14:58.824165+00:00
364,156.302,2026-09-24T08:14:58.824930+00:00
365,156.752,2026-09-24T08:14:58.825756+00:00
366,157.008,2026-09-24T08:14:58.826464+00:00
367,157.23899999999998,2026-09-24T08:14:58.827111+00:00
368,157.774,2026-09-24T08:14:58.827966+00:00
369,158.131,2026-09-24T08:14:58.828709+00:00
370,158.305,2026-09-24T08:14:58.829306+00:00
371,158.42800000000003,2026-09-24T08:14:58.829833+00:00
372,158.638,2026-09-24T08:14:58.830453+00:00
373,158.752,2026-09-24T08:14:58.830948+00:00
374,158.85399999999998,2026-09-24T08:14:58.831500+00:00
375,159.56300000000002,2026-09-24T08:14:58.832649+00:00
376,159.68699999999998,2026-09-24T08:14:58.833218+00:00
377,159.962,2026-09-24T08:14:58.834006+00:00
378,160.295,2026-09-24T08:14:58.834825+00:00
379,160.572,2026-09-24T08:14:58.835540+00:00
380,160.656,2026-09-24T08:14:58.836204+00:00
381,160.695,2026-09-24T08:14:58.836687+00:00
382,160.673,2026-09-24T08:14:58.837164+00:00
383,160.918,2026-09-24T08:14:58.837790+00:00
384,160.89899999999997,2026-09-24T08:14:58.838219+00:00
385,160.948,2026-09-24T08:14:58.838673+00:00
386,161.405,2026-09-24T08:14:58.839434+00:00
387,161.668,2026-09-24T08:14:58.840040+00:00
388,161.876,2026-09-24T08:14:58.840573+00:00
389,162.142,2026-09-24T08:14:58.841190+00:00
390,162.257,2026-09-24T08:14:58.841636+00:00
391,162.292,2026-09-24T08:14:58.842191+00:00
392,162.42000000000002,2026-09-24T08:14:58.842663+00:00
393,162.502,2026-09-24T08:14:58.843060+00:00
394,162.682,2026-09-24T08:14:58.843588+00:00
395,162.94,2026-09-24T08:14:58.844181+00:00
396,163.275,2026-09-24T08:14:58.844830+00:00
397,163.412,2026-09-24T08:14:58.845331+00:00
398,163.559,2026-09-24T08:14:58.845870+00:00
399,163.47400000000002,2026-09-24T08:14:58.846266+00:00
400,163.84,2026-09-24T08:14:58.846999+00:00
401,163.92399999999998,2026-09-24T08:14:58.847584+00:00
402,164.29399999999998,2026-09-24T08:14:58.848228+00:00
403,164.723,2026-09-24T08:14:58.848949+00:00
404,165.029,2026-09-24T08:14:58.849550+00:00
405,165.286,2026-09-24T08:14:58.850089+00:00
406,131.874,2026-09-24T08:14:58.850787+00:00
407,131.25400000000002,2026-09-24T08:14:58.851309+00:00
408,131.22400000000002,2026-09-24T08:14:58.852050+00:00
409,131.175,2026-09-24T08:14:58.852616+00:00
410,131.039,2026-09-24T08:14:58.853204+00:00
411,131.04399999999998,2026-09-24T08:14:58.853750+00:00
412,131.06400000000002,2026-09-24T08:14:58.854296+00:00
413,131.20399999999998,2026-09-24T08:14:58.854860+00:00
414,131.191,2026-09-24T08:14:58.855490+00:00
415,131.009,2026-09-24T08:14:58.856019+00:00
416,131.249,2026-09-24T08:14:58.856770+00:00
417,131.477,2026-09-24T08:14:58.857482+00:00
418,131.6,2026-09-24T08:14:58.858066+00:00
419,131.849,2026-09-24T08:14:58.858705+00:00
420,132.076,2026-09-24T08:14:58.859295+00:00
421,132.344,2026-09-24T08:14:58.859926+00:00
422,132.492,2026-09-24T08:14:58.860598+00:00
423,132.8,2026-09-24T08:14:58.861398+00:00
424,133.011,2026-09-24T08:14:58.861993+00:00
425,133.497,2026-09-24T08:14:58.862864+00:00
426,133.798,2026-09-24T08:14:58.863633+00:00
427,134.107,2026-09-24T08:14:58.864344+00:00
428,134.246,2026-09-24T08:14:58.864843+00:00
429,134.303,2026-09-24T08:14:58.865256+00:00
430,134.495,2026-09-24T08:14:58.865976+00:00
431,134.691,2026-09-24T08:14:58.866624+00:00
432,134.93,2026-09-24T08:14:58.867250+00:00
433,135.026,2026-09-24T08:14:58.867796+00:00
434,135.237,2026-09-24T08:14:58.868457+00:00
435,135.542,2026-09-24T08:14:58.869155+00:00
436,135.738,2026-09-24T08:14:58.869846+00:00
437,135.855,2026-09-24T08:14:58.870399+00:00
438,135.996,2026-09-24T08:14:58.870939+00:00
439,136.24800000000002,2026-09-24T08:14:58.871546+00:00
440,136.397,2026-09-24T08:14:58.872061+00:00
441,136.61100000000002,2026-09-24T08:14:58.872681+00:00
442,136.739,2026-09-24T08:14:58.873141+00:00
443,136.90800000000002,2026-09-24T08:14:58.873693+00:00
444,136.969,2026-09-24T08:14:58.874170+00:00
445,137.178,2026-09-24T08:14:58.874705+00:00
446,137.512,2026-09-24T08:14:58.875393+00:00
447,137.63,2026-09-24T08:14:58.875815+00:00
448,137.721,2026-09-24T08:14:58.876323+00:00
449,137.934,2026-09-24T08:14:58.876834+00:00
450,138.391,2026-09-24T08:14:58.877603+00:00
451,138.981,2026-09-24T08:14:58.878540+00:00
452,139.369,2026-09-24T08:14:58.879325+00:00
453,139.554,2026-09-24T08:14:58.879937+00:00
454,139.66500000000002,2026-09-24T08:14:58.880382+00:00
455,139.86599999999999,2026-09-24T08:14:58.880988+00:00
456,140.152,2026-09-24T08:14:58.881655+00:00
457,140.39399999999998,2026-09-24T08:14:58.882316+00:00
458,140.48499999999999,2026-09-24T08:14:58.882777+00:00
459,140.535,2026-09-24T08:14:58.883264+00:00
460,140.676,2026-09-24T08:14:58.883752+00:00
461,140.739,2026-09-24T08:14:58.884181+00:00
462,175.88,2026-09-24T08:14:58.919717+00:00
463,176.991,2026-09-24T08:14:58.921152+00:00
464,177.68200000000002,2026-09-24T08:14:58.922243+00:00
465,178.22299999999998,2026-09-24T08:14:58.923136+00:00
466,178.627,2026-09-24T08:14:58.923971+00:00
467,178.872,2026-09-24T08:14:58.924630+00:00
468,179.088,2026-09-24T08:14:58.925173+00:00
469,179.278,2026-09-24T08:14:58.925699+00:00
470,179.758,2026-09-24T08:14:58.926496+00:00
471,180.142,2026-09-24T08:14:58.927278+00:00
472,180.41899999999998,2026-09-24T08:14:58.927875+00:00
473,180.65800000000002,2026-09-24T08:14:58.928437+00:00
474,181.111,2026-09-24T08:14:58.929205+00:00
475,181.46699999999998,2026-09-24T08:14:58.929871+00:00
476,181.48700000000002,2026-09-24T08:14:58.930361+00:00
477,181.667,2026-09-24T08:14:58.930960+00:00
478,181.88,2026-09-24T08:14:58.931532+00:00
479,182.425,2026-09-24T08:14:58.932458+00:00
480,182.857,2026-09-24T08:14:58.933224+00:00
481,183.231,2026-09-24T08:14:58.933975+00:00
482,183.691,2026-09-24T08:14:58.934753+00:00
483,183.978,2026-09-24T08:14:58.935454+00:00
484,184.172,2026-09-24T08:14:58.936150+00:00
485,184.334,2026-09-24T08:14:58.936728+00:00
486,184.524,2026-09-24T08:14:58.937375+00:00
487,184.694,2026-09-24T08:14:58.937958+00:00
488,184.816,2026-09-24T08:14:58.938510+00:00
489,184.955,2026-09-24T08:14:58.939040+00:00
490,185.161,2026-09-24T08:14:58.939726+00:00
491,185.597,2026-09-24T08:14:58.940553+00:00
492,186.045,2026-09-24T08:14:58.941372+00:00
493,186.264,2026-09-24T08:14:58.942172+00:00
494,186.54100000000003,2026-09-24T08:14:58.942867+00:00
495,186.705,2026-09-24T08:14:58.943390+00:00
496,187.077,2026-09-24T08:14:58.944180+00:00
497,187.275,2026-09-24T08:14:58.944819+00:00
498,187.614,2026-09-24T08:14:58.945509+00:00
499,187.735,2026-09-24T08:14:58.946005+00:00
500,188.038,2026-09-24T08:14:58.946732+00:00
501,188.345,2026-09-24T08:14:58.947344+00:00
502,188.588,2026-09-24T08:14:58.947945+00:00
503,188.791,2026-09-24T08:14:58.948473+00:00
504,189.09400000000002,2026-09-24T08:14:58.949099+00:00
505,189.394,2026-09-24T08:14:58.949699+00:00
506,189.616,2026-09-24T08:14:58.950246+00:00
507,189.85299999999998,2026-09-24T08:14:58.950839+00:00
508,190.174,2026-09-24T08:14:58.951511+00:00
509,190.402,2026-09-24T08:14:58.952099+00:00
510,190.525,2026-09-24T08:14:58.952601+00:00
511,190.945,2026-09-24T08:14:58.953349+00:00
512,191.119,2026-09-24T08:14:58.953851+00:00
513,191.29299999999998,2026-09-24T08:14:58.954396+00:00
514,191.443,2026-09-24T08:14:58.954879+00:00
515,191.718,2026-09-24T08:14:58.955494+00:00
516,191.90099999999998,2026-09-24T08:14:58.956013+00:00
517,192.00300000000001,2026-09-24T08:14:58.956492+00:00
518,192.28400000000002,2026-09-24T08:14:58.957139+00:00
519,192.738,2026-09-24T08:14:58.957917+00:00
520,193.197,2026-09-24T08:14:58.958740+00:00
521,193.516,2026-09-24T08:14:58.959394+00:00
522,194.10399999999998,2026-09-24T08:14:58.960290+00:00
523,194.521,2026-09-24T08:14:58.961056+00:00
524,194.75799999999998,2026-09-24T08:14:58.961677+00:00
525,194.971,2026-09-24T08:14:58.962187+00:00
526,195.11800000000002,2026-09-24T08:14:58.962689+00:00
527,195.242,2026-09-24T08:14:58.963179+00:00
528,195.489,2026-09-24T08:14:58.963760+00:00
529,195.682,2026-09-24T08:14:58.964300+00:00
530,196.07,2026-09-24T08:14:58.965002+00:00
531,196.17499999999998,2026-09-24T08:14:58.965512+00:00
532,196.21800000000002,2026-09-24T08:14:58.966023+00:00
533,196.6,2026-09-24T08:14:58.966758+00:00
534,196.719,2026-09-24T08:14:58.967335+00:00
535,197.17299999999997,2026-09-24T08:14:58.968106+00:00
536,197.66,2026-09-24T08:14:58.968969+00:00
537,198.043,2026-09-24T08:14:58.969693+00:00
538,198.37,2026-09-24T08:14:58.970405+00:00
539,198.58999999999997,2026-09-24T08:14:58.971058+00:00
540,199.196,2026-09-24T08:14:58.971978+00:00
541,199.432,2026-09-24T08:14:58.972614+00:00
542,199.569,2026-09-24T08:14:58.973161+00:00
543,199.692,2026-09-24T08:14:58.973775+00:00
544,199.84799999999998,2026-09-24T08:14:58.974456+00:00
545,199.992,2026-09-24T08:14:58.975031+00:00
546,200.262,2026-09-24T08:14:58.975658+00:00
547,200.47799999999998,2026-09-24T08:14:58.976280+00:00
548,200.687,2026-09-24T08:14:58.976921+00:00
549,200.918,2026-09-24T08:14:58.977575+00:00
550,201.27999999999997,2026-09-24T08:14:58.978377+00:00
551,201.491,2026-09-24T08:14:58.979052+00:00
552,201.692,2026-09-24T08:14:58.979649+00:00
553,201.94500000000002,2026-09-24T08:14:58.980313+00:00
554,202.33,2026-09-24T08:14:58.981155+00:00
555,202.505,2026-09-24T08:14:58.981823+00:00
556,202.59199999999998,2026-09-24T08:14:58.982518+00:00
557,202.779,2026-09-24T08:14:58.983254+00:00
558,238.30599999999998,2026-09-24T08:14:59.019278+00:00
559,239.122,2026-09-24T08:14:59.020469+00:00
560,239.791,2026-09-24T08:14:59.021457+00:00
561,240.18800000000002,2026-09-24T08:14:59.022221+00:00
562,240.791,2026-09-24T08:14:59.023196+00:00
563,204.999,2026-09-24T08:14:59.023928+00:00
564,204.58100000000002,2026-09-24T08:14:59.024659+00:00
565,204.533,2026-09-24T08:14:59.025168+00:00
566,204.458,2026-09-24T08:14:59.025828+00:00
567,204.52,2026-09-24T08:14:59.026473+00:00
568,204.77100000000002,2026-09-24T08:14:59.027177+00:00
569,204.917,2026-09-24T08:14:59.027801+00:00
570,204.977,2026-09-24T08:14:59.028407+00:00
571,205.30100000000002,2026-09-24T08:14:59.029252+00:00
572,205.455,2026-09-24T08:14:59.029824+00:00
573,205.809,2026-09-24T08:14:59.030581+00:00
574,205.937,2026-09-24T08:14:59.031231+00:00
575,206.112,2026-09-24T08:14:59.031773+00:00
576,206.362,2026-09-24T08:14:59.032388+00:00
577,206.737,2026-09-24T08:14:59.033088+00:00
578,206.97099999999998,2026-09-24T08:14:59.033758+00:00
579,207.186,2026-09-24T08:14:59.034291+00:00
580,207.392,2026-09-24T08:14:59.035008+00:00
581,207.793,2026-09-24T08:14:59.035854+00:00
582,208.003,2026-09-24T08:14:59.036430+00:00
583,208.235,2026-09-24T08:14:59.037067+00:00
584,208.429,2026-09-24T08:14:59.037764+00:00
585,208.567,2026-09-24T08:14:59.038332+00:00
586,208.726,2026-09-24T08:14:59.038921+00:00
587,208.97,2026-09-24T08:14:59.039573+00:00
588,209.19299999999998,2026-09-24T08:14:59.040135+00:00
589,209.35500000000002,2026-09-24T08:14:59.040678+00:00
590,209.65300000000002,2026-09-24T08:14:59.041335+00:00
591,209.854,2026-09-24T08:14:59.041920+00:00
592,209.958,2026-09-24T08:14:59.042400+00:00
593,210.28900000000002,2026-09-24T08:14:59.043092+00:00
594,210.474,2026-09-24T08:14:59.043774+00:00
595,210.479,2026-09-24T08:14:59.044283+00:00
596,210.606,2026-09-24T08:14:59.044819+00:00
597,210.82600000000002,2026-09-24T08:14:59.045447+00:00
598,210.959,2026-09-24T08:14:59.046056+00:00
599,211.11599999999999,2026-09-24T08:14:59.046524+00:00
600,211.352,2026-09-24T08:14:59.047090+00:00
601,211.644,2026-09-24T08:14:59.047755+00:00
602,211.864,2026-09-24T08:14:59.048424+00:00
603,212.096,2026-09-24T08:14:59.049054+00:00
604,212.388,2026-09-24T08:14:59.049697+00:00
605,212.615,2026-09-24T08:14:59.050245+00:00
606,212.869,2026-09-24T08:14:59.050873+00:00
607,213.171,2026-09-24T08:14:59.051505+00:00
608,213.46300000000002,2026-09-24T08:14:59.052136+00:00
609,213.677,2026-09-24T08:14:59.052785+00:00
610,213.826,2026-09-24T08:14:59.053299+00:00
611,213.99099999999999,2026-09-24T08:14:59.053890+00:00
612,214.291,2026-09-24T08:14:59.054561+00:00
613,214.532,2026-09-24T08:14:59.055124+00:00
614,214.722,2026-09-24T08:14:59.055739+00:00
615,214.841,2026-09-24T08:14:59.056244+00:00
616,215.125,2026-09-24T08:14:59.056873+00:00
617,215.304,2026-09-24T08:14:59.057436+00:00
618,215.502,2026-09-24T08:14:59.057997+00:00
619,215.76000000000002,2026-09-24T08:14:59.058694+00:00
620,215.94,2026-09-24T08:14:59.059239+00:00
621,216.285,2026-09-24T08:14:59.059961+00:00
622,216.441,2026-09-24T08:14:59.060541+00:00
623,216.355,2026-09-24T08:14:59.060994+00:00
624,216.575,2026-09-24T08:14:59.061555+00:00
625,216.669,2026-09-24T08:14:59.061992+00:00
626,216.834,2026-09-24T08:14:59.062500+00:00
627,217.09400000000002,2026-09-24T08:14:59.063073+00:00
628,217.32999999999998,2026-09-24T08:14:59.063632+00:00
629,217.59400000000002,2026-09-24T08:14:59.064187+00:00
630,217.697,2026-09-24T08:14:59.064657+00:00
631,217.78300000000002,2026-09-24T08:14:59.065133+00:00
632,217.78,2026-09-24T08:14:59.065585+00:00
633,217.816,2026-09-24T08:14:59.066021+00:00
634,218.088,2026-09-24T08:14:59.066639+00:00
635,218.262,2026-09-24T08:14:59.067205+00:00
636,218.35,2026-09-24T08:14:59.067698+00:00
637,218.632,2026-09-24T08:14:59.068299+00:00
638,219.0,2026-09-24T08:14:59.068964+00:00
639,219.468,2026-09-24T08:14:59.069765+00:00
640,219.67600000000002,2026-09-24T08:14:59.070345+00:00
641,219.891,2026-09-24T08:14:59.070911+00:00
642,220.00300000000001,2026-09-24T08:14:59.071490+00:00
643,220.166,2026-09-24T08:14:59.072071+00:00
644,220.374,2026-09-24T08:14:59.072621+00:00
645,220.50300000000001,2026-09-24T08:14:59.073135+00:00
646,220.734,2026-09-24T08:14:59.073744+00:00
647,220.918,2026-09-24T08:14:59.074315+00:00
648,221.081,2026-09-24T08:14:59.074866+00:00
649,221.358,2026-09-24T08:14:59.075487+00:00
650,221.359,2026-09-24T08:14:59.075961+00:00
651,221.625,2026-09-24T08:14:59.076747+00:00
652,221.758,2026-09-24T08:14:59.077315+00:00
653,221.875,2026-09-24T08:14:59.077914+00:00
654,222.291,2026-09-24T08:14:59.078682+00:00
655,222.493,2026-09-24T08:14:59.079302+00:00
656,222.592,2026-09-24T08:14:59.079836+00:00
657,222.75,2026-09-24T08:14:59.080386+00:00
658,223.052,2026-09-24T08:14:59.081029+00:00
659,223.165,2026-09-24T08:14:59.081503+00:00
660,223.439,2026-09-24T08:14:59.082143+00:00
661,223.749,2026-09-24T08:14:59.082842+00:00
662,224.01399999999998,2026-09-24T08:14:59.083493+00:00
663,224.23499999999999,2026-09-24T08:14:59.084103+00:00
664,224.47400000000002,2026-09-24T08:14:59.084685+00:00
665,224.683,2026-09-24T08:14:59.085279+00:00
666,224.843,2026-09-24T08:14:59.085850+00:00
667,258.653,2026-09-24T08:14:59.119998+00:00
668,259.46999999999997,2026-09-24T08:14:59.121154+00:00
669,260.14,2026-09-24T08:14:59.122178+00:00
670,260.41900000000004,2026-09-24T08:14:59.122761+00:00
671,260.89099999999996,2026-09-24T08:14:59.123697+00:00
672,261.069,2026-09-24T08:14:59.124323+00:00
673,261.542,2026-09-24T08:14:59.125197+00:00
674,261.886,2026-09-24T08:14:59.125943+00:00
675,262.358,2026-09-24T08:14:59.126740+00:00
676,262.666,2026-09-24T08:14:59.127477+00:00
677,263.043,2026-09-24T08:14:59.128304+00:00
678,263.308,2026-09-24T08:14:59.128957+00:00
679,263.584,2026-09-24T08:14:59.129558+00:00
680,263.673,2026-09-24T08:14:59.130061+00:00
681,264.106,2026-09-24T08:14:59.130790+00:00
682,264.535,2026-09-24T08:14:59.131519+00:00
683,264.76,2026-09-24T08:14:59.132211+00:00
684,265.14300000000003,2026-09-24T08:14:59.132924+00:00
685,265.433,2026-09-24T08:14:59.133552+00:00
686,265.59,2026-09-24T08:14:59.134108+00:00
687,265.827,2026-09-24T08:14:59.134647+00:00
688,266.067,2026-09-24T08:14:59.135198+00:00
689,266.407,2026-09-24T08:14:59.135838+00:00
690,267.012,2026-09-24T08:14:59.136778+00:00
691,267.48699999999997,2026-09-24T08:14:59.137568+00:00
692,267.669,2026-09-24T08:14:59.138296+00:00
693,268.237,2026-09-24T08:14:59.139227+00:00
694,268.92,2026-09-24T08:14:59.140255+00:00
695,269.398,2026-09-24T08:14:59.141125+00:00
696,269.845,2026-09-24T08:14:59.141946+00:00
697,270.109,2026-09-24T08:14:59.142655+00:00
698,270.43699999999995,2026-09-24T08:14:59.143348+00:00
699,270.67999999999995,2026-09-24T08:14:59.144001+00:00
700,270.884,2026-09-24T08:14:59.144534+00:00
701,271.324,2026-09-24T08:14:59.145279+00:00
702,271.591,2026-09-24T08:14:59.145895+00:00
703,272.077,2026-09-24T08:14:59.146691+00:00
704,272.597,2026-09-24T08:14:59.147572+00:00
705,272.929,2026-09-24T08:14:59.148243+00:00
706,273.208,2026-09-24T08:14:59.148898+00:00
707,273.446,2026-09-24T08:14:59.149531+00:00
708,273.933,2026-09-24T08:14:59.150313+00:00
709,274.415,2026-09-24T08:14:59.151221+00:00
710,274.901,2026-09-24T08:14:59.152113+00:00
711,275.17,2026-09-24T08:14:59.152712+00:00
712,275.53499999999997,2026-09-24T08:14:59.153482+00:00
713,275.718,2026-09-24T08:14:59.154079+00:00
714,276.09499999999997,2026-09-24T08:14:59.154925+00:00
715,276.377,2026-09-24T08:14:59.155605+00:00
716,276.934,2026-09-24T08:14:59.156586+00:00
717,277.28000000000003,2026-09-24T08:14:59.157251+00:00
718,277.474,2026-09-24T08:14:59.157801+00:00
719,277.723,2026-09-24T08:14:59.158482+00:00
720,278.119,2026-09-24T08:14:59.159267+00:00
721,278.5,2026-09-24T08:14:59.160000+00:00
722,278.80899999999997,2026-09-24T08:14:59.160634+00:00
723,279.137,2026-09-24T08:14:59.161320+00:00
724,279.428,2026-09-24T08:14:59.161987+00:00
725,243.26600000000002,2026-09-24T08:14:59.162750+00:00
726,242.96599999999998,2026-09-24T08:14:59.163632+00:00
727,243.07899999999998,2026-09-24T08:14:59.164444+00:00
728,243.428,2026-09-24T08:14:59.165294+00:00
729,243.619,2026-09-24T08:14:59.165906+00:00
730,244.066,2026-09-24T08:14:59.166753+00:00
731,244.634,2026-09-24T08:14:59.167632+00:00
732,245.127,2026-09-24T08:14:59.168450+00:00
733,245.391,2026-09-24T08:14:59.169057+00:00
734,245.887,2026-09-24T08:14:59.169877+00:00
735,246.635,2026-09-24T08:14:59.170926+00:00
736,247.16,2026-09-24T08:14:59.171803+00:00
737,247.697,2026-09-24T08:14:59.172632+00:00
738,248.18,2026-09-24T08:14:59.173519+00:00
739,248.29399999999998,2026-09-24T08:14:59.174127+00:00
740,248.767,2026-09-24T08:14:59.174903+00:00
741,248.948,2026-09-24T08:14:59.175448+00:00
742,249.034,2026-09-24T08:14:59.176036+00:00
743,249.129,2026-09-24T08:14:59.176500+00:00
744,249.529,2026-09-24T08:14:59.177241+00:00
745,249.914,2026-09-24T08:14:59.177982+00:00
746,250.206,2026-09-24T08:14:59.178728+00:00
747,250.469,2026-09-24T08:14:59.179602+00:00
748,250.74200000000002,2026-09-24T08:14:59.180259+00:00
749,251.249,2026-09-24T08:14:59.181113+00:00
750,251.878,2026-09-24T08:14:59.182020+00:00
751,252.24999999999997,2026-09-24T08:14:59.182747+00:00
752,252.512,2026-09-24T08:14:59.183453+00:00
753,252.57600000000002,2026-09-24T08:14:59.184089+00:00
754,286.686,2026-09-24T08:14:59.218656+00:00
755,287.228,2026-09-24T08:14:59.219682+00:00
756,287.663,2026-09-24T08:14:59.220515+00:00
757,287.91,2026-09-24T08:14:59.221133+00:00
758,288.209,2026-09-24T08:14:59.221786+00:00
759,288.642,2026-09-24T08:14:59.222539+00:00
760,289.065,2026-09-24T08:14:59.223391+00:00
761,289.422,2026-09-24T08:14:59.224250+00:00
762,289.632,2026-09-24T08:14:59.224843+00:00
763,289.83500000000004,2026-09-24T08:14:59.225485+00:00
764,290.166,2026-09-24T08:14:59.226140+00:00
765,290.799,2026-09-24T08:14:59.227071+00:00
766,291.16999999999996,2026-09-24T08:14:59.227849+00:00
767,291.33799999999997,2026-09-24T08:14:59.228518+00:00
768,291.489,2026-09-24T08:14:59.229058+00:00
769,291.65799999999996,2026-09-24T08:14:59.229592+00:00
770,291.724,2026-09-24T08:14:59.230048+00:00
771,292.008,2026-09-24T08:14:59.230722+00:00
772,292.215,2026-09-24T08:14:59.231316+00:00
773,292.375,2026-09-24T08:14:59.231845+00:00
774,292.461,2026-09-24T08:14:59.232346+00:00
775,292.509,2026-09-24T08:14:59.232784+00:00
776,292.651,2026-09-24T08:14:59.233454+00:00
777,292.73199999999997,2026-09-24T08:14:59.233999+00:00
778,292.746,2026-09-24T08:14:59.234468+00:00
779,292.99399999999997,2026-09-24T08:14:59.235151+00:00
780,293.214,2026-09-24T08:14:59.235800+00:00
781,293.603,2026-09-24T08:14:59.236532+00:00
782,293.79699999999997,2026-09-24T08:14:59.237152+00:00
783,293.967,2026-09-24T08:14:59.237784+00:00
784,294.193,2026-09-24T08:14:59.238341+00:00
785,294.608,2026-09-24T08:14:59.239146+00:00
786,294.83799999999997,2026-09-24T08:14:59.239785+00:00
787,295.242,2026-09-24T08:14:59.240523+00:00
788,295.48400000000004,2026-09-24T08:14:59.241137+00:00
789,295.78700000000003,2026-09-24T08:14:59.241795+00:00
790,295.80600000000004,2026-09-24T08:14:59.242237+00:00
791,296.224,2026-09-24T08:14:59.242982+00:00
792,296.255,2026-09-24T08:14:59.243578+00:00
793,296.477,2026-09-24T08:14:59.244179+00:00
794,296.675,2026-09-24T08:14:59.244677+00:00
795,296.832,2026-09-24T08:14:59.245290+00:00
796,297.005,2026-09-24T08:14:59.245855+00:00
797,297.171,2026-09-24T08:14:59.246402+00:00
798,297.307,2026-09-24T08:14:59.246993+00:00
799,297.724,2026-09-24T08:14:59.247877+00:00
800,297.807,2026-09-24T08:14:59.248470+00:00
801,297.585,2026-09-24T08:14:59.249033+00:00
802,297.662,2026-09-24T08:14:59.249548+00:00
803,297.781,2026-09-24T08:14:59.250010+00:00
804,297.81,2026-09-24T08:14:59.250441+00:00
805,298.18,2026-09-24T08:14:59.251222+00:00
806,298.21500000000003,2026-09-24T08:14:59.251677+00:00
807,298.302,2026-09-24T08:14:59.252083+00:00
808,298.479,2026-09-24T08:14:59.252598+00:00
809,298.666,2026-09-24T08:14:59.253129+00:00
810,298.841,2026-09-24T08:14:59.253702+00:00
811,298.85499999999996,2026-09-24T08:14:59.254141+00:00
812,298.836,2026-09-24T08:14:59.254514+00:00
813,299.026,2026-09-24T08:14:59.255036+00:00
814,299.248,2026-09-24T08:14:59.255571+00:00
815,299.301,2026-09-24T08:14:59.256065+00:00
816,299.486,2026-09-24T08:14:59.256573+00:00
817,299.648,2026-09-24T08:14:59.257100+00:00
818,299.739,2026-09-24T08:14:59.257535+00:00
819,299.888,2026-09-24T08:14:59.258035+00:00
820,299.969,2026-09-24T08:14:59.258504+00:00
821,299.998,2026-09-24T08:14:59.258925+00:00
822,300.12899999999996,2026-09-24T08:14:59.259435+00:00
823,300.34499999999997,2026-09-24T08:14:59.259994+00:00
824,300.557,2026-09-24T08:14:59.260638+00:00
825,300.68899999999996,2026-09-24T08:14:59.261084+00:00
826,300.695,2026-09-24T08:14:59.261528+00:00
827,300.922,2026-09-24T08:14:59.262188+00:00
828,301.32399999999996,2026-09-24T08:14:59.263015+00:00
829,301.449,2026-09-24T08:14:59.263557+00:00
830,301.65500000000003,2026-09-24T08:14:59.264164+00:00
831,301.781,2026-09-24T08:14:59.264646+00:00
832,302.036,2026-09-24T08:14:59.265226+00:00
833,302.153,2026-09-24T08:14:59.265689+00:00
834,302.327,2026-09-24T08:14:59.266223+00:00
835,302.714,2026-09-24T08:14:59.266943+00:00
836,302.91,2026-09-24T08:14:59.267506+00:00
837,303.11199999999997,2026-09-24T08:14:59.268040+00:00
838,303.291,2026-09-24T08:14:59.268597+00:00
839,303.51800000000003,2026-09-24T08:14:59.269185+00:00
840,303.739,2026-09-24T08:14:59.269752+00:00
841,304.00500000000005,2026-09-24T08:14:59.270327+00:00
842,304.068,2026-09-24T08:14:59.270829+00:00
843,303.96000000000004,2026-09-24T08:14:59.271220+00:00
844,304.11,2026-09-24T08:14:59.271988+00:00
845,304.32300000000004,2026-09-24T08:14:59.272669+00:00
846,304.48900000000003,2026-09-24T08:14:59.273239+00:00
847,304.681,2026-09-24T08:14:59.273774+00:00
848,304.821,2026-09-24T08:14:59.274319+00:00
849,304.96099999999996,2026-09-24T08:14:59.274772+00:00
850,304.947,2026-09-24T08:14:59.275203+00:00
851,305.222,2026-09-24T08:14:59.275861+00:00
852,305.499,2026-09-24T08:14:59.276501+00:00
853,305.831,2026-09-24T08:14:59.277117+00:00
854,306.044,2026-09-24T08:14:59.277650+00:00
855,306.4,2026-09-24T08:14:59.278349+00:00
856,306.534,2026-09-24T08:14:59.278797+00:00
857,306.858,2026-09-24T08:14:59.279510+00:00
858,307.136,2026-09-24T08:14:59.280166+00:00
859,307.45099999999996,2026-09-24T08:14:59.280805+00:00
860,307.799,2026-09-24T08:14:59.281541+00:00
861,307.926,2026-09-24T08:14:59.282034+00:00
862,308.205,2026-09-24T08:14:59.282663+00:00
863,308.437,2026-09-24T08:14:59.283250+00:00
864,308.575,2026-09-24T08:14:59.283793+00:00
865,344.286,2026-09-24T08:14:59.319947+00:00
866,345.497,2026-09-24T08:14:59.321525+00:00
867,345.63500000000005,2026-09-24T08:14:59.322532+00:00
868,345.843,2026-09-24T08:14:59.323147+00:00
869,345.99,2026-09-24T08:14:59.323779+00:00
870,346.187,2026-09-24T08:14:59.324346+00:00
871,346.53499999999997,2026-09-24T08:14:59.325071+00:00
872,346.91499999999996,2026-09-24T08:14:59.325895+00:00
873,347.32800000000003,2026-09-24T08:14:59.326676+00:00
874,347.84700000000004,2026-09-24T08:14:59.327603+00:00
875,348.37,2026-09-24T08:14:59.328461+00:00
876,348.327,2026-09-24T08:14:59.328954+00:00
877,348.40500000000003,2026-09-24T08:14:59.329363+00:00
878,348.721,2026-09-24T08:14:59.329962+00:00
879,348.861,2026-09-24T08:14:59.330563+00:00
880,348.968,2026-09-24T08:14:59.331008+00:00
881,348.892,2026-09-24T08:14:59.331511+00:00
882,313.47799999999995,2026-09-24T08:14:59.332136+00:00
883,312.787,2026-09-24T08:14:59.332603+00:00
884,312.684,2026-09-24T08:14:59.333199+00:00
885,312.724,2026-09-24T08:14:59.334004+00:00
886,312.902,2026-09-24T08:14:59.334618+00:00
887,313.20599999999996,2026-09-24T08:14:59.335343+00:00
888,313.561,2026-09-24T08:14:59.336143+00:00
889,313.65500000000003,2026-09-24T08:14:59.336642+00:00
890,313.91,2026-09-24T08:14:59.337264+00:00
891,313.749,2026-09-24T08:14:59.337825+00:00
892,313.859,2026-09-24T08:14:59.338452+00:00
893,314.14599999999996,2026-09-24T08:14:59.339115+00:00
894,314.308,2026-09-24T08:14:59.339614+00:00
895,314.33299999999997,2026-09-24T08:14:59.340060+00:00
896,314.29200000000003,2026-09-24T08:14:59.340491+00:00
897,314.611,2026-09-24T08:14:59.341140+00:00
898,314.89,2026-09-24T08:14:59.341842+00:00
899,315.061,2026-09-24T08:14:59.342348+00:00
900,315.25199999999995,2026-09-24T08:14:59.342911+00:00
901,315.51099999999997,2026-09-24T08:14:59.343552+00:00
902,315.603,2026-09-24T08:14:59.344096+00:00
903,315.905,2026-09-24T08:14:59.344760+00:00
904,316.18,2026-09-24T08:14:59.345434+00:00
905,316.286,2026-09-24T08:14:59.346003+00:00
906,316.52799999999996,2026-09-24T08:14:59.346662+00:00
907,316.66,2026-09-24T08:14:59.347169+00:00
908,316.893,2026-09-24T08:14:59.347762+00:00
909,317.23699999999997,2026-09-24T08:14:59.348468+00:00
910,317.668,2026-09-24T08:14:59.349241+00:00
911,318.231,2026-09-24T08:14:59.350089+00:00
912,318.652,2026-09-24T08:14:59.350781+00:00
913,318.579,2026-09-24T08:14:59.351369+00:00
914,318.79600000000005,2026-09-24T08:14:59.352073+00:00
915,319.12800000000004,2026-09-24T08:14:59.352764+00:00
916,319.533,2026-09-24T08:14:59.353592+00:00
917,319.804,2026-09-24T08:14:59.354182+00:00
918,320.069,2026-09-24T08:14:59.354804+00:00
919,320.33099999999996,2026-09-24T08:14:59.355458+00:00
920,320.34000000000003,2026-09-24T08:14:59.356044+00:00
921,320.63000000000005,2026-09-24T08:14:59.356675+00:00
922,320.947,2026-09-24T08:14:59.357325+00:00
923,321.06800000000004,2026-09-24T08:14:59.357924+00:00
924,321.227,2026-09-24T08:14:59.358442+00:00
925,321.277,2026-09-24T08:14:59.358947+00:00
926,321.689,2026-09-24T08:14:59.359703+00:00
927,321.75,2026-09-24T08:14:59.360179+00:00
928,322.095,2026-09-24T08:14:59.360870+00:00
929,322.572,2026-09-24T08:14:59.361742+00:00
930,323.02,2026-09-24T08:14:59.362584+00:00
931,323.17699999999996,2026-09-24T08:14:59.363217+00:00
932,323.46599999999995,2026-09-24T08:14:59.363890+00:00
933,323.85999999999996,2026-09-24T08:14:59.364701+00:00
934,324.296,2026-09-24T08:14:59.365483+00:00
935,324.695,2026-09-24T08:14:59.366202+00:00
936,325.023,2026-09-24T08:14:59.366843+00:00
937,325.258,2026-09-24T08:14:59.367370+00:00
938,325.49899999999997,2026-09-24T08:14:59.368004+00:00
939,325.787,2026-09-24T08:14:59.368690+00:00
940,326.021,2026-09-24T08:14:59.369287+00:00
941,326.381,2026-09-24T08:14:59.370055+00:00
942,326.721,2026-09-24T08:14:59.370779+00:00
943,326.958,2026-09-24T08:14:59.371389+00:00
944,327.067,2026-09-24T08:14:59.371974+00:00
945,327.399,2026-09-24T08:14:59.372690+00:00
946,327.573,2026-09-24T08:14:59.373224+00:00
947,327.829,2026-09-24T08:14:59.373815+00:00
948,327.986,2026-09-24T08:14:59.374362+00:00
949,328.396,2026-09-24T08:14:59.375136+00:00
950,328.659,2026-09-24T08:14:59.375735+00:00
951,328.787,2026-09-24T08:14:59.376316+00:00
952,329.02500000000003,2026-09-24T08:14:59.376976+00:00
953,329.353,2026-09-24T08:14:59.377704+00:00
954,329.484,2026-09-24T08:14:59.378184+00:00
955,329.763,2026-09-24T08:14:59.378789+00:00
956,330.10499999999996,2026-09-24T08:14:59.379565+00:00
957,330.66,2026-09-24T08:14:59.380452+00:00
958,330.959,2026-09-24T08:14:59.381101+00:00
959,331.27299999999997,2026-09-24T08:14:59.381782+00:00
960,331.50600000000003,2026-09-24T08:14:59.382367+00:00
961,331.79900000000004,2026-09-24T08:14:59.382979+00:00
962,332.16499999999996,2026-09-24T08:14:59.383673+00:00
963,332.41900000000004,2026-09-24T08:14:59.384262+00:00
964,332.90799999999996,2026-09-24T08:14:59.385041+00:00
965,366.135,2026-09-24T08:14:59.418637+00:00
966,367.154,2026-09-24T08:14:59.420077+00:00
967,367.516,2026-09-24T08:14:59.420908+00:00
968,367.867,2026-09-24T08:14:59.421636+00:00
969,368.113,2026-09-24T08:14:59.422225+00:00
970,368.49399999999997,2026-09-24T08:14:59.423012+00:00
971,368.733,2026-09-24T08:14:59.423707+00:00
972,369.046,2026-09-24T08:14:59.424424+00:00
973,369.318,2026-09-24T08:14:59.425066+00:00
974,369.647,2026-09-24T08:14:59.425774+00:00
975,369.889,2026-09-24T08:14:59.426359+00:00
976,370.153,2026-09-24T08:14:59.426950+00:00
977,370.477,2026-09-24T08:14:59.427653+00:00
978,370.591,2026-09-24T08:14:59.428196+00:00
979,370.769,2026-09-24T08:14:59.428830+00:00
980,370.84,2026-09-24T08:14:59.429273+00:00
981,371.163,2026-09-24T08:14:59.429957+00:00
982,371.30600000000004,2026-09-24T08:14:59.430532+00:00
983,371.813,2026-09-24T08:14:59.431399+00:00
984,372.17,2026-09-24T08:14:59.432072+00:00
985,372.591,2026-09-24T08:14:59.432761+00:00
986,373.227,2026-09-24T08:14:59.433698+00:00
987,373.751,2026-09-24T08:14:59.434480+00:00
988,373.92199999999997,2026-09-24T08:14:59.435103+00:00
989,374.287,2026-09-24T08:14:59.435798+00:00
990,374.555,2026-09-24T08:14:59.436392+00:00
991,374.87100000000004,2026-09-24T08:14:59.437012+00:00
992,375.046,2026-09-24T08:14:59.437600+00:00
993,375.228,2026-09-24T08:14:59.438081+00:00
994,375.364,2026-09-24T08:14:59.438538+00:00
995,375.633,2026-09-24T08:14:59.439142+00:00
996,375.864,2026-09-24T08:14:59.439699+00:00
997,376.35699999999997,2026-09-24T08:14:59.440507+00:00
998,376.687,2026-09-24T08:14:59.441070+00:00
999,377.132,2026-09-24T08:14:59.441904+00:00
1000,377.59700000000004,2026-09-24T08:14:59.442663+00:00
1001,377.93399999999997,2026-09-24T08:14:59.443289+00:00
1002,378.216,2026-09-24T08:14:59.443948+00:00
1003,378.492,2026-09-24T08:14:59.444568+00:00
1004,378.85,2026-09-24T08:14:59.445281+00:00
1005,379.176,2026-09-24T08:14:59.445900+00:00
1006,379.486,2026-09-24T08:14:59.446496+00:00
1007,379.87399999999997,2026-09-24T08:14:59.447187+00:00
1008,380.102,2026-09-24T08:14:59.447740+00:00
1009,380.378,2026-09-24T08:14:59.448375+00:00
1010,380.563,2026-09-24T08:14:59.448898+00:00
1011,380.92199999999997,2026-09-24T08:14:59.449611+00:00
1012,380.93300000000005,2026-09-24T08:14:59.450110+00:00
1013,381.266,2026-09-24T08:14:59.450804+00:00
1014,381.712,2026-09-24T08:14:59.451559+00:00
1015,382.062,2026-09-24T08:14:59.452243+00:00
1016,382.224,2026-09-24T08:14:59.452766+00:00
1017,382.604,2026-09-24T08:14:59.453472+00:00
1018,382.847,2026-09-24T08:14:59.454066+00:00
1019,382.96599999999995,2026-09-24T08:14:59.454602+00:00
1020,383.198,2026-09-24T08:14:59.455205+00:00
1021,383.492,2026-09-24T08:14:59.455879+00:00
1022,384.213,2026-09-24T08:14:59.456994+00:00
1023,384.549,2026-09-24T08:14:59.457677+00:00
1024,384.885,2026-09-24T08:14:59.458377+00:00
1025,385.25,2026-09-24T08:14:59.459124+00:00
1026,385.594,2026-09-24T08:14:59.459846+00:00
1027,386.16299999999995,2026-09-24T08:14:59.460804+00:00
1028,386.529,2026-09-24T08:14:59.461536+00:00
1029,387.049,2026-09-24T08:14:59.462432+00:00
1030,387.41900000000004,2026-09-24T08:14:59.463232+00:00
1031,387.772,2026-09-24T08:14:59.463912+00:00
1032,387.992,2026-09-24T08:14:59.464519+00:00
1033,388.224,2026-09-24T08:14:59.465027+00:00
1034,388.41700000000003,2026-09-24T08:14:59.465595+00:00
1035,388.594,2026-09-24T08:14:59.466144+00:00
1036,388.806,2026-09-24T08:14:59.466667+00:00
1037,388.946,2026-09-24T08:14:59.467147+00:00
1038,389.53,2026-09-24T08:14:59.468032+00:00
1039,389.899,2026-09-24T08:14:59.468679+00:00
1040,390.21099999999996,2026-09-24T08:14:59.469251+00:00
1041,390.53700000000003,2026-09-24T08:14:59.469827+00:00
1042,390.73,2026-09-24T08:14:59.470315+00:00
1043,391.026,2026-09-24T08:14:59.470956+00:00
1044,391.246,2026-09-24T08:14:59.471497+00:00
1045,391.527,2026-09-24T08:14:59.472180+00:00
1046,391.74399999999997,2026-09-24T08:14:59.472666+00:00
1047,392.11899999999997,2026-09-24T08:14:59.473307+00:00
1048,392.474,2026-09-24T08:14:59.473989+00:00
1049,392.777,2026-09-24T08:14:59.474586+00:00
1050,392.886,2026-09-24T08:14:59.475131+00:00
1051,393.14,2026-09-24T08:14:59.475737+00:00
1052,393.42,2026-09-24T08:14:59.476300+00:00
1053,393.599,2026-09-24T08:14:59.476816+00:00
1054,393.874,2026-09-24T08:14:59.477369+00:00
1055,394.034,2026-09-24T08:14:59.477882+00:00
1056,394.228,2026-09-24T08:14:59.478386+00:00
1057,394.43899999999996,2026-09-24T08:14:59.478922+00:00
1058,394.526,2026-09-24T08:14:59.479443+00:00
1059,395.0,2026-09-24T08:14:59.480267+00:00
1060,361.333,2026-09-24T08:14:59.481023+00:00
1061,360.829,2026-09-24T08:14:59.481604+00:00
1062,360.914,2026-09-24T08:14:59.482122+00:00
1063,360.62300000000005,2026-09-24T08:14:59.482680+00:00
1064,360.69,2026-09-24T08:14:59.483217+00:00
1065,360.73199999999997,2026-09-24T08:14:59.483687+00:00
1066,360.784,2026-09-24T08:14:59.484215+00:00
1067,396.187,2026-09-24T08:14:59.520020+00:00
1068,397.375,2026-09-24T08:14:59.521588+00:00
1069,398.123,2026-09-24T08:14:59.522659+00:00
1070,398.763,2026-09-24T08:14:59.523684+00:00
1071,399.05800000000005,2026-09-24T08:14:59.524339+00:00
1072,399.462,2026-09-24T08:14:59.525221+00:00
1073,399.66400000000004,2026-09-24T08:14:59.525754+00:00
1074,399.874,2026-09-24T08:14:59.526316+00:00
1075,400.455,2026-09-24T08:14:59.527205+00:00
1076,400.731,2026-09-24T08:14:59.527834+00:00
1077,401.001,2026-09-24T08:14:59.528454+00:00
1078,401.202,2026-09-24T08:14:59.529099+00:00
1079,401.452,2026-09-24T08:14:59.529695+00:00
1080,401.621,2026-09-24T08:14:59.530257+00:00
1081,401.964,2026-09-24T08:14:59.530930+00:00
1082,402.127,2026-09-24T08:14:59.531442+00:00
1083,402.295,2026-09-24T08:14:59.531926+00:00
1084,402.671,2026-09-24T08:14:59.532613+00:00
1085,402.882,2026-09-24T08:14:59.533198+00:00
1086,403.292,2026-09-24T08:14:59.533929+00:00
1087,403.86,2026-09-24T08:14:59.534815+00:00
1088,404.024,2026-09-24T08:14:59.535304+00:00
1089,404.419,2026-09-24T08:14:59.536003+00:00
1090,404.627,2026-09-24T08:14:59.536647+00:00
1091,404.708,2026-09-24T08:14:59.537208+00:00
1092,404.769,2026-09-24T08:14:59.537780+00:00
1093,405.145,2026-09-24T08:14:59.538509+00:00
1094,405.125,2026-09-24T08:14:59.539082+00:00
1095,405.281,2026-09-24T08:14:59.539645+00:00
1096,405.382,2026-09-24T08:14:59.540177+00:00
1097,405.39799999999997,2026-09-24T08:14:59.540727+00:00
1098,405.342,2026-09-24T08:14:59.541182+00:00
1099,405.355,2026-09-24T08:14:59.541752+00:00
1100,405.312,2026-09-24T08:14:59.542379+00:00
1101,405.348,2026-09-24T08:14:59.542983+00:00
1102,405.43,2026-09-24T08:14:59.543525+00:00
1103,405.553,2026-09-24T08:14:59.544125+00:00
1104,405.71000000000004,2026-09-24T08:14:59.544616+00:00
1105,405.86899999999997,2026-09-24T08:14:59.545134+00:00
1106,406.1,2026-09-24T08:14:59.545852+00:00
1107,406.171,2026-09-24T08:14:59.546376+00:00
1108,406.26800000000003,2026-09-24T08:14:59.547010+00:00
1109,406.44599999999997,2026-09-24T08:14:59.547512+00:00
1110,406.636,2026-09-24T08:14:59.548119+00:00
1111,406.962,2026-09-24T08:14:59.548796+00:00
1112,407.166,2026-09-24T08:14:59.549403+00:00
1113,407.279,2026-09-24T08:14:59.549928+00:00
1114,407.49,2026-09-24T08:14:59.550510+00:00
1115,407.678,2026-09-24T08:14:59.551012+00:00
1116,407.80899999999997,2026-09-24T08:14:59.551525+00:00
1117,408.1,2026-09-24T08:14:59.552215+00:00
1118,408.488,2026-09-24T08:14:59.553006+00:00
1119,408.77599999999995,2026-09-24T08:14:59.553650+00:00
1120,408.77799999999996,2026-09-24T08:14:59.554102+00:00
1121,408.742,2026-09-24T08:14:59.554546+00:00
1122,408.788,2026-09-24T08:14:59.555011+00:00
1123,408.785,2026-09-24T08:14:59.555429+00:00
1124,408.934,2026-09-24T08:14:59.555987+00:00
1125,409.10200000000003,2026-09-24T08:14:59.556537+00:00
1126,409.21299999999997,2026-09-24T08:14:59.556991+00:00
1127,409.39300000000003,2026-09-24T08:14:59.557537+00:00
1128,409.54600000000005,2026-09-24T08:14:59.558166+00:00
1129,409.74899999999997,2026-09-24T08:14:59.558762+00:00
1130,409.90500000000003,2026-09-24T08:14:59.559365+00:00
1131,410.025,2026-09-24T08:14:59.559947+00:00
1132,409.957,2026-09-24T08:14:59.560473+00:00
1133,409.088,2026-09-24T08:14:59.560935+00:00
1134,409.123,2026-09-24T08:14:59.561496+00:00
1135,408.93600000000004,2026-09-24T08:14:59.561930+00:00
1136,408.917,2026-09-24T08:14:59.562468+00:00
1137,408.632,2026-09-24T08:14:59.562888+00:00
1138,408.486,2026-09-24T08:14:59.563388+00:00
1139,408.463,2026-09-24T08:14:59.563961+00:00
1140,408.644,2026-09-24T08:14:59.564555+00:00
1141,408.58299999999997,2026-09-24T08:14:59.565025+00:00
1142,408.64,2026-09-24T08:14:59.565519+00:00
1143,408.791,2026-09-24T08:14:59.566043+00:00
1144,408.804,2026-09-24T08:14:59.566527+00:00
1145,408.72999999999996,2026-09-24T08:14:59.566970+00:00
1146,408.6,2026-09-24T08:14:59.567378+00:00
1147,408.77200000000005,2026-09-24T08:14:59.568086+00:00
1148,408.856,2026-09-24T08:14:59.568537+00:00
1149,408.972,2026-09-24T08:14:59.569053+00:00
1150,408.95,2026-09-24T08:14:59.569506+00:00
1151,409.03000000000003,2026-09-24T08:14:59.569940+00:00
1152,409.18100000000004,2026-09-24T08:14:59.570493+00:00
1153,409.21000000000004,2026-09-24T08:14:59.570995+00:00
1154,409.251,2026-09-24T08:14:59.571452+00:00
1155,409.388,2026-09-24T08:14:59.571997+00:00
1156,409.252,2026-09-24T08:14:59.572432+00:00
1157,409.247,2026-09-24T08:14:59.572994+00:00
1158,409.334,2026-09-24T08:14:59.573571+00:00
1159,409.211,2026-09-24T08:14:59.574015+00:00
1160,409.16200000000003,2026-09-24T08:14:59.574459+00:00
1161,409.372,2026-09-24T08:14:59.575160+00:00
1162,409.342,2026-09-24T08:14:59.575624+00:00
1163,409.418,2026-09-24T08:14:59.576193+00:00
1164,409.395,2026-09-24T08:14:59.576749+00:00
1165,409.696,2026-09-24T08:14:59.577490+00:00
1166,409.82800000000003,2026-09-24T08:14:59.577912+00:00
1167,409.999,2026-09-24T08:14:59.578460+00:00
1168,410.16200000000003,2026-09-24T08:14:59.578985+00:00
1169,410.203,2026-09-24T08:14:59.579394+00:00
1170,410.09000000000003,2026-09-24T08:14:59.579840+00:00
1171,410.213,2026-09-24T08:14:59.580453+00:00
1172,409.755,2026-09-24T08:14:59.580928+00:00
1173,409.753,2026-09-24T08:14:59.581476+00:00
1174,409.795,2026-09-24T08:14:59.581961+00:00
1175,410.03000000000003,2026-09-24T08:14:59.582573+00:00
1176,410.339,2026-09-24T08:14:59.583403+00:00
1177,410.534,2026-09-24T08:14:59.583990+00:00
1178,445.726,2026-09-24T08:14:59.619543+00:00
1179,447.12600000000003,2026-09-24T08:14:59.621398+00:00
1180,447.598,2026-09-24T08:14:59.622278+00:00
1181,448.009,2026-09-24T08:14:59.623162+00:00
1182,448.29200000000003,2026-09-24T08:14:59.623961+00:00
1183,448.556,2026-09-24T08:14:59.624583+00:00
1184,448.733,2026-09-24T08:14:59.625128+00:00
1185,448.967,2026-09-24T08:14:59.625767+00:00
1186,449.354,2026-09-24T08:14:59.626435+00:00
1187,449.644,2026-09-24T08:14:59.627129+00:00
1188,449.647,2026-09-24T08:14:59.627552+00:00
1189,449.779,2026-09-24T08:14:59.628138+00:00
1190,449.924,2026-09-24T08:14:59.628806+00:00
1191,450.089,2026-09-24T08:14:59.629405+00:00
1192,450.339,2026-09-24T08:14:59.630127+00:00
1193,450.61699999999996,2026-09-24T08:14:59.630754+00:00
1194,450.653,2026-09-24T08:14:59.631288+00:00
1195,451.061,2026-09-24T08:14:59.632341+00:00
1196,451.171,2026-09-24T08:14:59.632980+00:00
1197,451.248,2026-09-24T08:14:59.633498+00:00
1198,451.248,2026-09-24T08:14:59.633972+00:00
1199,451.2,2026-09-24T08:14:59.634429+00:00
1200,451.558,2026-09-24T08:14:59.635267+00:00
1201,452.287,2026-09-24T08:14:59.636471+00:00
1202,452.704,2026-09-24T08:14:59.637343+00:00
1203,452.998,2026-09-24T08:14:59.638074+00:00
1204,453.466,2026-09-24T08:14:59.638853+00:00
1205,453.661,2026-09-24T08:14:59.639408+00:00
1206,453.367,2026-09-24T08:14:59.640049+00:00
1207,421.95300000000003,2026-09-24T08:14:59.640666+00:00
1208,421.95700000000005,2026-09-24T08:14:59.641284+00:00
1209,421.97,2026-09-24T08:14:59.641885+00:00
1210,422.144,2026-09-24T08:14:59.642536+00:00
1211,422.21,2026-09-24T08:14:59.643069+00:00
1212,422.271,2026-09-24T08:14:59.643621+00:00
1213,422.285,2026-09-24T08:14:59.644072+00:00
1214,422.34,2026-09-24T08:14:59.644484+00:00
1215,422.33799999999997,2026-09-24T08:14:59.644981+00:00
1216,422.728,2026-09-24T08:14:59.645719+00:00
1217,422.701,2026-09-24T08:14:59.646241+00:00
1218,422.677,2026-09-24T08:14:59.646726+00:00
1219,423.204,2026-09-24T08:14:59.647611+00:00
1220,423.339,2026-09-24T08:14:59.648155+00:00
1221,423.385,2026-09-24T08:14:59.648581+00:00
1222,423.51800000000003,2026-09-24T08:14:59.649100+00:00
1223,423.80400000000003,2026-09-24T08:14:59.649729+00:00
1224,424.173,2026-09-24T08:14:59.650493+00:00
1225,424.42600000000004,2026-09-24T08:14:59.651086+00:00
1226,424.807,2026-09-24T08:14:59.651858+00:00
1227,425.29699999999997,2026-09-24T08:14:59.652643+00:00
1228,425.493,2026-09-24T08:14:59.653235+00:00
1229,425.726,2026-09-24T08:14:59.653779+00:00
1230,426.07099999999997,2026-09-24T08:14:59.654537+00:00
1231,426.328,2026-09-24T08:14:59.655111+00:00
1232,426.56,2026-09-24T08:14:59.655634+00:00
1233,426.9,2026-09-24T08:14:59.656306+00:00
1234,427.269,2026-09-24T08:14:59.656967+00:00
1235,427.466,2026-09-24T08:14:59.657484+00:00
1236,427.643,2026-09-24T08:14:59.657982+00:00
1237,427.83,2026-09-24T08:14:59.658491+00:00
1238,428.26599999999996,2026-09-24T08:14:59.659269+00:00
1239,428.431,2026-09-24T08:14:59.659799+00:00
1240,428.678,2026-09-24T08:14:59.660431+00:00
1241,428.82399999999996,2026-09-24T08:14:59.660956+00:00
1242,428.969,2026-09-24T08:14:59.661424+00:00
1243,429.22900000000004,2026-09-24T08:14:59.662046+00:00
1244,429.422,2026-09-24T08:14:59.662731+00:00
1245,429.83,2026-09-24T08:14:59.663505+00:00
1246,430.21700000000004,2026-09-24T08:14:59.664242+00:00
1247,430.448,2026-09-24T08:14:59.664792+00:00
1248,430.779,2026-09-24T08:14:59.665435+00:00
1249,431.034,2026-09-24T08:14:59.666059+00:00
1250,431.307,2026-09-24T08:14:59.666665+00:00
1251,431.265,2026-09-24T08:14:59.667161+00:00
1252,431.29699999999997,2026-09-24T08:14:59.667656+00:00
1253,431.652,2026-09-24T08:14:59.668324+00:00
1254,432.07800000000003,2026-09-24T08:14:59.669048+00:00
1255,432.415,2026-09-24T08:14:59.669661+00:00
1256,432.824,2026-09-24T08:14:59.670367+00:00
1257,433.081,2026-09-24T08:14:59.671110+00:00
1258,433.438,2026-09-24T08:14:59.671828+00:00
1259,433.685,2026-09-24T08:14:59.672430+00:00
1260,433.88599999999997,2026-09-24T08:14:59.673046+00:00
1261,434.072,2026-09-24T08:14:59.673579+00:00
1262,434.344,2026-09-24T08:14:59.674183+00:00
1263,434.373,2026-09-24T08:14:59.674630+00:00
1264,434.805,2026-09-24T08:14:59.675520+00:00
1265,435.102,2026-09-24T08:14:59.676159+00:00
1266,435.39099999999996,2026-09-24T08:14:59.676757+00:00
1267,435.85200000000003,2026-09-24T08:14:59.677558+00:00
1268,436.165,2026-09-24T08:14:59.678193+00:00
1269,436.38500000000005,2026-09-24T08:14:59.678869+00:00
1270,436.94899999999996,2026-09-24T08:14:59.679702+00:00
1271,437.278,2026-09-24T08:14:59.680363+00:00
1272,437.43399999999997,2026-09-24T08:14:59.680959+00:00
1273,437.599,2026-09-24T08:14:59.681523+00:00
1274,438.12800000000004,2026-09-24T08:14:59.682346+00:00
1275,475.25600000000003,2026-09-24T08:14:59.719766+00:00
1276,476.644,2026-09-24T08:14:59.721430+00:00
1277,477.366,2026-09-24T08:14:59.722502+00:00
1278,477.764,2026-09-24T08:14:59.723200+00:00
1279,478.22999999999996,2026-09-24T08:14:59.723946+00:00
1280,478.77500000000003,2026-09-24T08:14:59.724740+00:00
1281,479.47200000000004,2026-09-24T08:14:59.725736+00:00
1282,479.97499999999997,2026-09-24T08:14:59.726676+00:00
1283,480.174,2026-09-24T08:14:59.727201+00:00
1284,480.538,2026-09-24T08:14:59.727888+00:00
1285,480.82000000000005,2026-09-24T08:14:59.728485+00:00
1286,481.23199999999997,2026-09-24T08:14:59.729173+00:00
1287,481.647,2026-09-24T08:14:59.729876+00:00
1288,481.831,2026-09-24T08:14:59.730367+00:00
1289,482.04999999999995,2026-09-24T08:14:59.730897+00:00
1290,482.257,2026-09-24T08:14:59.731557+00:00
1291,482.545,2026-09-24T08:14:59.732178+00:00
1292,483.036,2026-09-24T08:14:59.732978+00:00
1293,483.44,2026-09-24T08:14:59.733742+00:00
1294,483.801,2026-09-24T08:14:59.734445+00:00
1295,484.111,2026-09-24T08:14:59.735085+00:00
1296,484.58,2026-09-24T08:14:59.735895+00:00
1297,484.784,2026-09-24T08:14:59.736408+00:00
1298,485.029,2026-09-24T08:14:59.737028+00:00
1299,485.405,2026-09-24T08:14:59.737737+00:00
1300,485.637,2026-09-24T08:14:59.738452+00:00
1301,486.059,2026-09-24T08:14:59.739155+00:00
1302,486.25600000000003,2026-09-24T08:14:59.739641+00:00
1303,486.483,2026-09-24T08:14:59.740254+00:00
1304,487.191,2026-09-24T08:14:59.741279+00:00
1305,487.83700000000005,2026-09-24T08:14:59.742295+00:00
1306,488.48,2026-09-24T08:14:59.743256+00:00
1307,488.93399999999997,2026-09-24T08:14:59.743996+00:00
1308,489.036,2026-09-24T08:14:59.744395+00:00
1309,489.442,2026-09-24T08:14:59.745094+00:00
1310,489.988,2026-09-24T08:14:59.745964+00:00
1311,490.336,2026-09-24T08:14:59.746631+00:00
1312,490.854,2026-09-24T08:14:59.747452+00:00
1313,491.068,2026-09-24T08:14:59.748003+00:00
1314,491.416,2026-09-24T08:14:59.748696+00:00
1315,491.63800000000003,2026-09-24T08:14:59.749255+00:00
1316,492.125,2026-09-24T08:14:59.750046+00:00
1317,492.462,2026-09-24T08:14:59.750749+00:00
1318,492.799,2026-09-24T08:14:59.751478+00:00
1319,493.408,2026-09-24T08:14:59.752396+00:00
1320,493.96000000000004,2026-09-24T08:14:59.753390+00:00
1321,494.232,2026-09-24T08:14:59.754058+00:00
1322,494.65700000000004,2026-09-24T08:14:59.754872+00:00
1323,494.917,2026-09-24T08:14:59.755457+00:00
1324,495.28,2026-09-24T08:14:59.756087+00:00
1325,495.755,2026-09-24T08:14:59.756825+00:00
1326,496.417,2026-09-24T08:14:59.757777+00:00
1327,496.705,2026-09-24T08:14:59.758446+00:00
1328,497.43100000000004,2026-09-24T08:14:59.759451+00:00
1329,497.741,2026-09-24T08:14:59.760295+00:00
1330,497.82300000000004,2026-09-24T08:14:59.760853+00:00
1331,498.218,2026-09-24T08:14:59.761573+00:00
1332,498.575,2026-09-24T08:14:59.762367+00:00
1333,498.92199999999997,2026-09-24T08:14:59.763049+00:00
1334,499.286,2026-09-24T08:14:59.763766+00:00
1335,499.624,2026-09-24T08:14:59.764379+00:00
1336,500.308,2026-09-24T08:14:59.765320+00:00
1337,500.58599999999996,2026-09-24T08:14:59.765995+00:00
1338,501.055,2026-09-24T08:14:59.766830+00:00
1339,501.10900000000004,2026-09-24T08:14:59.767360+00:00
1340,501.292,2026-09-24T08:14:59.767959+00:00
1341,501.467,2026-09-24T08:14:59.768493+00:00
1342,501.545,2026-09-24T08:14:59.769019+00:00
1343,501.73100000000005,2026-09-24T08:14:59.769631+00:00
1344,501.99000000000007,2026-09-24T08:14:59.770189+00:00
1345,502.328,2026-09-24T08:14:59.770865+00:00
1346,502.53800000000007,2026-09-24T08:14:59.771502+00:00
1347,502.775,2026-09-24T08:14:59.772050+00:00
1348,503.05100000000004,2026-09-24T08:14:59.772665+00:00
1349,503.50399999999996,2026-09-24T08:14:59.773487+00:00
1350,504.323,2026-09-24T08:14:59.774597+00:00
1351,504.849,2026-09-24T08:14:59.775470+00:00
1352,505.14899999999994,2026-09-24T08:14:59.776199+00:00
1353,505.375,2026-09-24T08:14:59.776734+00:00
1354,505.675,2026-09-24T08:14:59.777355+00:00
1355,505.95599999999996,2026-09-24T08:14:59.778012+00:00
1356,505.98299999999995,2026-09-24T08:14:59.778490+00:00
1357,506.225,2026-09-24T08:14:59.779089+00:00
1358,506.52200000000005,2026-09-24T08:14:59.779676+00:00
1359,506.71999999999997,2026-09-24T08:14:59.780249+00:00
1360,507.05,2026-09-24T08:14:59.780940+00:00
1361,507.511,2026-09-24T08:14:59.781759+00:00
1362,507.556,2026-09-24T08:14:59.782133+00:00
1363,508.348,2026-09-24T08:14:59.783280+00:00
1364,509.074,2026-09-24T08:14:59.784267+00:00
1365,509.14899999999994,2026-09-24T08:14:59.784785+00:00
1366,509.148,2026-09-24T08:14:59.785342+00:00
1367,509.388,2026-09-24T08:14:59.785934+00:00
1368,509.463,2026-09-24T08:14:59.786448+00:00
1369,509.82700000000006,2026-09-24T08:14:59.787136+00:00
1370,509.889,2026-09-24T08:14:59.787709+00:00
1371,510.46100000000007,2026-09-24T08:14:59.788638+00:00
1372,510.768,2026-09-24T08:14:59.789362+00:00
1373,511.14400000000006,2026-09-24T08:14:59.790065+00:00
1374,511.391,2026-09-24T08:14:59.790657+00:00
1375,511.68899999999996,2026-09-24T08:14:59.791273+00:00
1376,512.025,2026-09-24T08:14:59.791970+00:00
1377,512.356,2026-09-24T08:14:59.792676+00:00
1378,538.061,2026-09-24T08:14:59.818719+00:00
1379,538.577,2026-09-24T08:14:59.819530+00:00
1380,538.997,2026-09-24T08:14:59.820280+00:00
1381,539.191,2026-09-24T08:14:59.820882+00:00
1382,539.5830000000001,2026-09-24T08:14:59.821529+00:00
1383,539.928,2026-09-24T08:14:59.822208+00:00
1384,540.14,2026-09-24T08:14:59.822766+00:00
1385,540.431,2026-09-24T08:14:59.823354+00:00
1386,540.712,2026-09-24T08:14:59.823935+00:00
1387,540.716,2026-09-24T08:14:59.824458+00:00
1388,540.793,2026-09-24T08:14:59.825015+00:00
1389,540.986,2026-09-24T08:14:59.825560+00:00
1390,506.43000000000006,2026-09-24T08:14:59.826098+00:00
1391,505.717,2026-09-24T08:14:59.826669+00:00
1392,505.545,2026-09-24T08:14:59.827478+00:00
1393,505.444,2026-09-24T08:14:59.827980+00:00
1394,505.35600000000005,2026-09-24T08:14:59.828518+00:00
1395,505.36400000000003,2026-09-24T08:14:59.829181+00:00
1396,505.475,2026-09-24T08:14:59.829823+00:00
1397,505.6,2026-09-24T08:14:59.830344+00:00
1398,505.64,2026-09-24T08:14:59.830752+00:00
1399,505.684,2026-09-24T08:14:59.831212+00:00
1400,506.003,2026-09-24T08:14:59.831895+00:00
1401,506.28,2026-09-24T08:14:59.832626+00:00
1402,506.43300000000005,2026-09-24T08:14:59.833189+00:00
1403,506.61699999999996,2026-09-24T08:14:59.833786+00:00
1404,506.745,2026-09-24T08:14:59.834459+00:00
1405,507.21000000000004,2026-09-24T08:14:59.835289+00:00
1406,507.63800000000003,2026-09-24T08:14:59.836042+00:00
1407,508.17100000000005,2026-09-24T08:14:59.836928+00:00
1408,508.471,2026-09-24T08:14:59.837588+00:00
1409,508.767,2026-09-24T08:14:59.838190+00:00
1410,509.02400000000006,2026-09-24T08:14:59.838813+00:00
1411,508.97700000000003,2026-09-24T08:14:59.839242+00:00
1412,509.188,2026-09-24T08:14:59.839845+00:00
1413,509.50700000000006,2026-09-24T08:14:59.840448+00:00
1414,509.73500000000007,2026-09-24T08:14:59.841174+00:00
1415,510.05699999999996,2026-09-24T08:14:59.841886+00:00
1416,510.56800000000004,2026-09-24T08:14:59.842761+00:00
1417,510.7699999999999,2026-09-24T08:14:59.843300+00:00
1418,511.19000000000005,2026-09-24T08:14:59.844108+00:00
1419,511.517,2026-09-24T08:14:59.844775+00:00
1420,511.72799999999995,2026-09-24T08:14:59.845333+00:00
1421,512.239,2026-09-24T08:14:59.846271+00:00
1422,512.601,2026-09-24T08:14:59.847080+00:00
1423,512.962,2026-09-24T08:14:59.847813+00:00
1424,513.193,2026-09-24T08:14:59.848398+00:00
1425,513.5020000000001,2026-09-24T08:14:59.849060+00:00
1426,513.4689999999999,2026-09-24T08:14:59.849538+00:00
1427,513.5269999999999,2026-09-24T08:14:59.850098+00:00
1428,513.64,2026-09-24T08:14:59.850622+00:00
1429,514.027,2026-09-24T08:14:59.851324+00:00
1430,514.159,2026-09-24T08:14:59.851827+00:00
1431,514.547,2026-09-24T08:14:59.852515+00:00
1432,514.5690000000001,2026-09-24T08:14:59.853006+00:00
1433,514.76,2026-09-24T08:14:59.853629+00:00
1434,514.903,2026-09-24T08:14:59.854178+00:00
1435,515.265,2026-09-24T08:14:59.854843+00:00
1436,515.652,2026-09-24T08:14:59.855641+00:00
1437,515.933,2026-09-24T08:14:59.856218+00:00
1438,516.0310000000001,2026-09-24T08:14:59.856775+00:00
1439,516.244,2026-09-24T08:14:59.857322+00:00
1440,516.525,2026-09-24T08:14:59.857947+00:00
1441,516.758,2026-09-24T08:14:59.858571+00:00
1442,516.7389999999999,2026-09-24T08:14:59.858990+00:00
1443,516.918,2026-09-24T08:14:59.859571+00:00
1444,516.9350000000001,2026-09-24T08:14:59.860002+00:00
1445,517.1170000000001,2026-09-24T08:14:59.860709+00:00
1446,517.2710000000001,2026-09-24T08:14:59.861226+00:00
1447,517.4250000000001,2026-09-24T08:14:59.861794+00:00
1448,517.4929999999999,2026-09-24T08:14:59.862214+00:00
1449,517.718,2026-09-24T08:14:59.862735+00:00
1450,518.11,2026-09-24T08:14:59.863477+00:00
1451,518.2710000000001,2026-09-24T08:14:59.864054+00:00
1452,518.541,2026-09-24T08:14:59.864697+00:00
1453,518.595,2026-09-24T08:14:59.865201+00:00
1454,518.983,2026-09-24T08:14:59.866080+00:00
1455,519.269,2026-09-24T08:14:59.866791+00:00
1456,519.645,2026-09-24T08:14:59.867541+00:00
1457,519.914,2026-09-24T08:14:59.868088+00:00
1458,519.972,2026-09-24T08:14:59.868610+00:00
1459,520.0409999999999,2026-09-24T08:14:59.869161+00:00
1460,520.212,2026-09-24T08:14:59.869839+00:00
1461,520.242,2026-09-24T08:14:59.870353+00:00
1462,520.3950000000001,2026-09-24T08:14:59.870919+00:00
1463,520.598,2026-09-24T08:14:59.871431+00:00
1464,520.6809999999999,2026-09-24T08:14:59.871846+00:00
1465,520.886,2026-09-24T08:14:59.872388+00:00
1466,521.038,2026-09-24T08:14:59.872914+00:00
1467,521.076,2026-09-24T08:14:59.873386+00:00
1468,521.248,2026-09-24T08:14:59.873989+00:00
1469,521.5269999999999,2026-09-24T08:14:59.874607+00:00
1470,521.659,2026-09-24T08:14:59.875069+00:00
1471,521.835,2026-09-24T08:14:59.875600+00:00
1472,521.873,2026-09-24T08:14:59.875987+00:00
1473,521.926,2026-09-24T08:14:59.876397+00:00
1474,521.8779999999999,2026-09-24T08:14:59.876950+00:00
1475,522.085,2026-09-24T08:14:59.877620+00:00
1476,522.1759999999999,2026-09-24T08:14:59.878063+00:00
1477,522.229,2026-09-24T08:14:59.878447+00:00
1478,522.314,2026-09-24T08:14:59.878948+00:00
1479,522.258,2026-09-24T08:14:59.879378+00:00
1480,522.405,2026-09-24T08:14:59.880053+00:00
1481,522.598,2026-09-24T08:14:59.880683+00:00
1482,522.491,2026-09-24T08:14:59.881090+00:00
1483,522.74,2026-09-24T08:14:59.881695+00:00
1484,522.925,2026-09-24T08:14:59.882308+00:00
1485,523.0120000000001,2026-09-24T08:14:59.882819+00:00
1486,523.112,2026-09-24T08:14:59.883276+00:00
1487,559.575,2026-09-24T08:14:59.920243+00:00
1488,560.361,2026-09-24T08:14:59.921523+00:00
1489,560.988,2026-09-24T08:14:59.922539+00:00
1490,561.35,2026-09-24T08:14:59.923267+00:00
1491,561.5360000000001,2026-09-24T08:14:59.923849+00:00
1492,561.8100000000001,2026-09-24T08:14:59.924576+00:00
1493,562.215,2026-09-24T08:14:59.925273+00:00
1494,562.3059999999999,2026-09-24T08:14:59.925749+00:00
1495,562.508,2026-09-24T08:14:59.926288+00:00
1496,562.958,2026-09-24T08:14:59.927077+00:00
1497,563.055,2026-09-24T08:14:59.927547+00:00
1498,563.246,2026-09-24T08:14:59.928066+00:00
1499,563.448,2026-09-24T08:14:59.928556+00:00
1500,563.748,2026-09-24T08:14:59.929247+00:00
1501,564.303,2026-09-24T08:14:59.930086+00:00
1502,564.7370000000001,2026-09-24T08:14:59.930820+00:00
1503,564.981,2026-09-24T08:14:59.931369+00:00
1504,565.381,2026-09-24T08:14:59.932184+00:00
1505,565.6560000000001,2026-09-24T08:14:59.932761+00:00
1506,565.784,2026-09-24T08:14:59.933265+00:00
1507,566.1709999999999,2026-09-24T08:14:59.933993+00:00
1508,566.548,2026-09-24T08:14:59.934689+00:00
1509,566.769,2026-09-24T08:14:59.935203+00:00
1510,567.0079999999999,2026-09-24T08:14:59.935873+00:00
1511,567.2,2026-09-24T08:14:59.936499+00:00
1512,567.389,2026-09-24T08:14:59.937134+00:00
1513,567.74,2026-09-24T08:14:59.937820+00:00
1514,568.12,2026-09-24T08:14:59.938612+00:00
1515,568.5360000000001,2026-09-24T08:14:59.939353+00:00
1516,568.8,2026-09-24T08:14:59.939932+00:00
1517,568.866,2026-09-24T08:14:59.940423+00:00
1518,569.121,2026-09-24T08:14:59.940990+00:00
1519,569.2700000000001,2026-09-24T08:14:59.941510+00:00
1520,569.605,2026-09-24T08:14:59.942175+00:00
1521,569.84,2026-09-24T08:14:59.942735+00:00
1522,570.016,2026-09-24T08:14:59.943234+00:00
1523,570.3249999999999,2026-09-24T08:14:59.943834+00:00
1524,570.524,2026-09-24T08:14:59.944305+00:00
1525,570.622,2026-09-24T08:14:59.944748+00:00
1526,570.874,2026-09-24T08:14:59.945352+00:00
1527,571.1429999999999,2026-09-24T08:14:59.945978+00:00
1528,571.446,2026-09-24T08:14:59.946609+00:00
1529,571.456,2026-09-24T08:14:59.947068+00:00
1530,571.659,2026-09-24T08:14:59.947597+00:00
1531,571.903,2026-09-24T08:14:59.948217+00:00
1532,572.052,2026-09-24T08:14:59.948793+00:00
1533,572.29,2026-09-24T08:14:59.949395+00:00
1534,572.586,2026-09-24T08:14:59.950154+00:00
1535,572.9250000000001,2026-09-24T08:14:59.950831+00:00
1536,573.0509999999999,2026-09-24T08:14:59.951302+00:00
1537,573.314,2026-09-24T08:14:59.951947+00:00
1538,573.7919999999999,2026-09-24T08:14:59.952821+00:00
1539,574.329,2026-09-24T08:14:59.953754+00:00
1540,574.693,2026-09-24T08:14:59.954481+00:00
1541,574.88,2026-09-24T08:14:59.955032+00:00
1542,574.942,2026-09-24T08:14:59.955540+00:00
1543,575.1039999999999,2026-09-24T08:14:59.956064+00:00
1544,575.3190000000001,2026-09-24T08:14:59.956683+00:00
1545,575.635,2026-09-24T08:14:59.957329+00:00
1546,575.875,2026-09-24T08:14:59.957894+00:00
1547,575.979,2026-09-24T08:14:59.958327+00:00
1548,576.164,2026-09-24T08:14:59.958961+00:00
1549,576.5,2026-09-24T08:14:59.959645+00:00
1550,577.009,2026-09-24T08:14:59.960495+00:00
1551,577.252,2026-09-24T08:14:59.961103+00:00
1552,577.397,2026-09-24T08:14:59.961628+00:00
1553,577.577,2026-09-24T08:14:59.962212+00:00
1554,577.727,2026-09-24T08:14:59.962740+00:00
1555,577.8689999999999,2026-09-24T08:14:59.963259+00:00
1556,578.005,2026-09-24T08:14:59.963756+00:00
1557,578.443,2026-09-24T08:14:59.964485+00:00
1558,578.722,2026-09-24T08:14:59.965044+00:00
1559,547.042,2026-09-24T08:14:59.965589+00:00
1560,546.762,2026-09-24T08:14:59.966149+00:00
1561,546.511,2026-09-24T08:14:59.966571+00:00
1562,546.486,2026-09-24T08:14:59.967132+00:00
1563,546.5219999999999,2026-09-24T08:14:59.967630+00:00
1564,546.8159999999999,2026-09-24T08:14:59.968328+00:00
1565,547.089,2026-09-24T08:14:59.968922+00:00
1566,547.11,2026-09-24T08:14:59.969353+00:00
1567,547.211,2026-09-24T08:14:59.969951+00:00
1568,547.336,2026-09-24T08:14:59.970539+00:00
1569,547.6410000000001,2026-09-24T08:14:59.971211+00:00
1570,547.765,2026-09-24T08:14:59.971704+00:00
1571,547.9960000000001,2026-09-24T08:14:59.972352+00:00
1572,548.0930000000001,2026-09-24T08:14:59.972940+00:00
1573,548.34,2026-09-24T08:14:59.973564+00:00
1574,548.513,2026-09-24T08:14:59.974167+00:00
1575,548.803,2026-09-24T08:14:59.974780+00:00
1576,549.082,2026-09-24T08:14:59.975394+00:00
1577,549.063,2026-09-24T08:14:59.975990+00:00
1578,549.179,2026-09-24T08:14:59.976506+00:00
1579,549.504,2026-09-24T08:14:59.977169+00:00
1580,549.686,2026-09-24T08:14:59.977654+00:00
1581,549.946,2026-09-24T08:14:59.978266+00:00
1582,549.8159999999999,2026-09-24T08:14:59.978687+00:00
1583,549.9309999999999,2026-09-24T08:14:59.979245+00:00
1584,550.175,2026-09-24T08:14:59.979897+00:00
1585,550.192,2026-09-24T08:14:59.980356+00:00
1586,550.159,2026-09-24T08:14:59.980816+00:00
1587,550.2470000000001,2026-09-24T08:14:59.981220+00:00
1588,550.606,2026-09-24T08:14:59.981897+00:00
1589,550.691,2026-09-24T08:14:59.982364+00:00
1590,550.92,2026-09-24T08:14:59.982884+00:00
1591,551.033,2026-09-24T08:14:59.983385+00:00
1592,551.049,2026-09-24T08:14:59.983929+00:00
1593,550.999,2026-09-24T08:14:59.984351+00:00
1594,551.421,2026-09-24T08:14:59.985142+00:00
1595,551.618,2026-09-24T08:14:59.985860+00:00
1596,551.7379999999999,2026-09-24T08:14:59.986362+00:00
1597,552.147,2026-09-24T08:14:59.987080+00:00
1598,583.7679999999999,2026-09-24T08:15:00.019034+00:00
1599,584.3770000000001,2026-09-24T08:15:00.020094+00:00
1600,585.053,2026-09-24T08:15:00.021158+00:00
1601,585.4730000000001,2026-09-24T08:15:00.021954+00:00
1602,585.8109999999999,2026-09-24T08:15:00.022700+00:00
1603,585.919,2026-09-24T08:15:00.023169+00:00
1604,586.072,2026-09-24T08:15:00.023716+00:00
1605,586.2,2026-09-24T08:15:00.024234+00:00
1606,586.333,2026-09-24T08:15:00.024784+00:00
1607,586.466,2026-09-24T08:15:00.025247+00:00
1608,586.681,2026-09-24T08:15:00.025775+00:00
1609,586.673,2026-09-24T08:15:00.026192+00:00
1610,586.9459999999999,2026-09-24T08:15:00.026793+00:00
1611,587.006,2026-09-24T08:15:00.027269+00:00
1612,587.1039999999999,2026-09-24T08:15:00.027765+00:00
1613,587.384,2026-09-24T08:15:00.028494+00:00
1614,587.539,2026-09-24T08:15:00.029033+00:00
1615,587.904,2026-09-24T08:15:00.029701+00:00
1616,588.252,2026-09-24T08:15:00.030394+00:00
1617,588.413,2026-09-24T08:15:00.030912+00:00
1618,588.605,2026-09-24T08:15:00.031515+00:00
1619,588.895,2026-09-24T08:15:00.032113+00:00
1620,589.283,2026-09-24T08:15:00.032823+00:00
1621,589.504,2026-09-24T08:15:00.033368+00:00
1622,589.6940000000001,2026-09-24T08:15:00.033947+00:00
1623,589.902,2026-09-24T08:15:00.034493+00:00
1624,590.083,2026-09-24T08:15:00.034989+00:00
1625,590.204,2026-09-24T08:15:00.035432+00:00
1626,590.3810000000001,2026-09-24T08:15:00.036052+00:00
1627,590.7379999999999,2026-09-24T08:15:00.036854+00:00
1628,590.956,2026-09-24T08:15:00.037408+00:00
1629,591.298,2026-09-24T08:15:00.038066+00:00
1630,591.7130000000001,2026-09-24T08:15:00.038809+00:00
1631,591.97,2026-09-24T08:15:00.039332+00:00
1632,592.289,2026-09-24T08:15:00.039954+00:00
1633,592.492,2026-09-24T08:15:00.040470+00:00
1634,592.688,2026-09-24T08:15:00.041030+00:00
1635,592.7940000000001,2026-09-24T08:15:00.041496+00:00
1636,593.019,2026-09-24T08:15:00.042033+00:00
1637,593.27,2026-09-24T08:15:00.042652+00:00
1638,593.387,2026-09-24T08:15:00.043153+00:00
1639,593.788,2026-09-24T08:15:00.043829+00:00
1640,594.211,2026-09-24T08:15:00.044533+00:00
1641,594.413,2026-09-24T08:15:00.045137+00:00
1642,594.5350000000001,2026-09-24T08:15:00.045651+00:00
1643,594.658,2026-09-24T08:15:00.046141+00:00
1644,594.7710000000001,2026-09-24T08:15:00.046657+00:00
1645,594.982,2026-09-24T08:15:00.047173+00:00
1646,595.487,2026-09-24T08:15:00.048054+00:00
1647,595.8879999999999,2026-09-24T08:15:00.048800+00:00
1648,596.1469999999999,2026-09-24T08:15:00.049396+00:00
1649,596.537,2026-09-24T08:15:00.050109+00:00
1650,596.789,2026-09-24T08:15:00.050682+00:00
1651,597.1039999999999,2026-09-24T08:15:00.051346+00:00
1652,597.365,2026-09-24T08:15:00.051930+00:00
1653,597.48,2026-09-24T08:15:00.052398+00:00
1654,597.653,2026-09-24T08:15:00.053023+00:00
1655,597.73,2026-09-24T08:15:00.053608+00:00
1656,597.933,2026-09-24T08:15:00.054192+00:00
1657,598.0790000000001,2026-09-24T08:15:00.054620+00:00
1658,598.2420000000001,2026-09-24T08:15:00.055105+00:00
1659,598.508,2026-09-24T08:15:00.055756+00:00
1660,598.742,2026-09-24T08:15:00.056221+00:00
1661,599.133,2026-09-24T08:15:00.056974+00:00
1662,599.485,2026-09-24T08:15:00.057682+00:00
1663,599.715,2026-09-24T08:15:00.058296+00:00
1664,599.936,2026-09-24T08:15:00.058991+00:00
1665,600.0029999999999,2026-09-24T08:15:00.059562+00:00
1666,600.154,2026-09-24T08:15:00.060068+00:00
1667,600.527,2026-09-24T08:15:00.060846+00:00
1668,600.774,2026-09-24T08:15:00.061522+00:00
1669,601.22,2026-09-24T08:15:00.062330+00:00
1670,601.504,2026-09-24T08:15:00.063091+00:00
1671,601.789,2026-09-24T08:15:00.063779+00:00
1672,602.118,2026-09-24T08:15:00.064397+00:00
1673,602.3960000000001,2026-09-24T08:15:00.065037+00:00
1674,602.5509999999999,2026-09-24T08:15:00.065567+00:00
1675,602.585,2026-09-24T08:15:00.066080+00:00
1676,602.814,2026-09-24T08:15:00.066621+00:00
1677,602.977,2026-09-24T08:15:00.067099+00:00
1678,603.2539999999999,2026-09-24T08:15:00.067724+00:00
1679,603.673,2026-09-24T08:15:00.068475+00:00
1680,604.1769999999999,2026-09-24T08:15:00.069344+00:00
1681,604.313,2026-09-24T08:15:00.069920+00:00
1682,604.711,2026-09-24T08:15:00.070699+00:00
1683,604.954,2026-09-24T08:15:00.071270+00:00
1684,605.121,2026-09-24T08:15:00.071748+00:00
1685,605.365,2026-09-24T08:15:00.072341+00:00
1686,605.703,2026-09-24T08:15:00.073140+00:00
1687,606.209,2026-09-24T08:15:00.074012+00:00
1688,606.573,2026-09-24T08:15:00.074667+00:00
1689,606.73,2026-09-24T08:15:00.075238+00:00
1690,607.4730000000001,2026-09-24T08:15:00.076371+00:00
1691,607.779,2026-09-24T08:15:00.077067+00:00
1692,607.9440000000001,2026-09-24T08:15:00.077679+00:00
1693,608.151,2026-09-24T08:15:00.078239+00:00
1694,608.1800000000001,2026-09-24T08:15:00.078696+00:00
1695,608.4209999999999,2026-09-24T08:15:00.079291+00:00
1696,609.001,2026-09-24T08:15:00.080123+00:00
1697,609.326,2026-09-24T08:15:00.080733+00:00
1698,609.506,2026-09-24T08:15:00.081284+00:00
1699,609.72,2026-09-24T08:15:00.081805+00:00
1700,609.97,2026-09-24T08:15:00.082398+00:00
1701,610.1339999999999,2026-09-24T08:15:00.082997+00:00
1702,610.536,2026-09-24T08:15:00.083703+00:00
1703,610.719,2026-09-24T08:15:00.084232+00:00
1704,610.94,2026-09-24T08:15:00.084771+00:00
1705,611.178,2026-09-24T08:15:00.085314+00:00
1706,611.188,2026-09-24T08:15:00.085905+00:00
1707,611.549,2026-09-24T08:15:00.086654+00:00
1708,611.771,2026-09-24T08:15:00.087271+00:00
1709,612.0060000000001,2026-09-24T08:15:00.087862+00:00
1710,643.838,2026-09-24T08:15:00.120044+00:00
1711,644.689,2026-09-24T08:15:00.121192+00:00
1712,645.284,2026-09-24T08:15:00.122139+00:00
1713,645.9430000000001,2026-09-24T08:15:00.123142+00:00
1714,646.3520000000001,2026-09-24T08:15:00.123881+00:00
1715,646.653,2026-09-24T08:15:00.124502+00:00
1716,646.867,2026-09-24T08:15:00.125000+00:00
1717,647.1980000000001,2026-09-24T08:15:00.125680+00:00
1718,647.784,2026-09-24T08:15:00.126609+00:00
1719,648.086,2026-09-24T08:15:00.127250+00:00
1720,648.332,2026-09-24T08:15:00.127832+00:00
1721,648.519,2026-09-24T08:15:00.128393+00:00
1722,648.835,2026-09-24T08:15:00.129048+00:00
1723,649.0709999999999,2026-09-24T08:15:00.129681+00:00
1724,649.355,2026-09-24T08:15:00.130274+00:00
1725,649.683,2026-09-24T08:15:00.130946+00:00
1726,649.734,2026-09-24T08:15:00.131350+00:00
1727,649.989,2026-09-24T08:15:00.131946+00:00
1728,650.085,2026-09-24T08:15:00.132346+00:00
1729,650.473,2026-09-24T08:15:00.133073+00:00
1730,650.929,2026-09-24T08:15:00.133831+00:00
1731,651.109,2026-09-24T08:15:00.134382+00:00
1732,651.679,2026-09-24T08:15:00.135277+00:00
1733,652.1,2026-09-24T08:15:00.136029+00:00
1734,652.047,2026-09-24T08:15:00.136592+00:00
1735,617.459,2026-09-24T08:15:00.137243+00:00
1736,617.266,2026-09-24T08:15:00.138036+00:00
1737,617.2800000000001,2026-09-24T08:15:00.138611+00:00
1738,617.444,2026-09-24T08:15:00.139282+00:00
1739,617.512,2026-09-24T08:15:00.139840+00:00
1740,617.852,2026-09-24T08:15:00.140597+00:00
1741,618.0369999999999,2026-09-24T08:15:00.141374+00:00
1742,618.2090000000001,2026-09-24T08:15:00.142139+00:00
1743,618.425,2026-09-24T08:15:00.142755+00:00
1744,618.7669999999999,2026-09-24T08:15:00.143504+00:00
1745,619.049,2026-09-24T08:15:00.144189+00:00
1746,619.3,2026-09-24T08:15:00.144850+00:00
1747,619.518,2026-09-24T08:15:00.145439+00:00
1748,619.7009999999999,2026-09-24T08:15:00.145964+00:00
1749,620.182,2026-09-24T08:15:00.146766+00:00
1750,620.502,2026-09-24T08:15:00.147343+00:00
1751,621.071,2026-09-24T08:15:00.148208+00:00
1752,621.184,2026-09-24T08:15:00.148750+00:00
1753,621.553,2026-09-24T08:15:00.149515+00:00
1754,621.623,2026-09-24T08:15:00.150061+00:00
1755,621.903,2026-09-24T08:15:00.150776+00:00
1756,622.344,2026-09-24T08:15:00.151525+00:00
1757,622.64,2026-09-24T08:15:00.152166+00:00
1758,623.038,2026-09-24T08:15:00.152912+00:00
1759,623.389,2026-09-24T08:15:00.153623+00:00
1760,623.576,2026-09-24T08:15:00.154201+00:00
1761,623.9,2026-09-24T08:15:00.154856+00:00
1762,624.548,2026-09-24T08:15:00.155797+00:00
1763,625.221,2026-09-24T08:15:00.156761+00:00
1764,625.601,2026-09-24T08:15:00.157436+00:00
1765,625.718,2026-09-24T08:15:00.158010+00:00
1766,625.87,2026-09-24T08:15:00.158683+00:00
1767,626.129,2026-09-24T08:15:00.159290+00:00
1768,626.319,2026-09-24T08:15:00.159899+00:00
1769,626.467,2026-09-24T08:15:00.160384+00:00
1770,626.99,2026-09-24T08:15:00.161302+00:00
1771,627.284,2026-09-24T08:15:00.161902+00:00
1772,627.649,2026-09-24T08:15:00.162634+00:00
1773,627.861,2026-09-24T08:15:00.163168+00:00
1774,628.049,2026-09-24T08:15:00.163675+00:00
1775,628.247,2026-09-24T08:15:00.164146+00:00
1776,628.437,2026-09-24T08:15:00.164762+00:00
1777,628.734,2026-09-24T08:15:00.165572+00:00
1778,628.8340000000001,2026-09-24T08:15:00.166045+00:00
1779,628.915,2026-09-24T08:15:00.166496+00:00
1780,629.101,2026-09-24T08:15:00.167082+00:00
1781,629.575,2026-09-24T08:15:00.167914+00:00
1782,629.801,2026-09-24T08:15:00.168586+00:00
1783,630.032,2026-09-24T08:15:00.169231+00:00
1784,630.313,2026-09-24T08:15:00.169871+00:00
1785,630.596,2026-09-24T08:15:00.170553+00:00
1786,630.892,2026-09-24T08:15:00.171205+00:00
1787,631.143,2026-09-24T08:15:00.171818+00:00
1788,631.389,2026-09-24T08:15:00.172361+00:00
1789,631.677,2026-09-24T08:15:00.172924+00:00
1790,631.907,2026-09-24T08:15:00.173525+00:00
1791,632.09,2026-09-24T08:15:00.174076+00:00
1792,632.316,2026-09-24T08:15:00.174665+00:00
1793,632.5840000000001,2026-09-24T08:15:00.175273+00:00
1794,632.9050000000001,2026-09-24T08:15:00.175899+00:00
1795,633.324,2026-09-24T08:15:00.176713+00:00
1796,633.86,2026-09-24T08:15:00.177691+00:00
1797,633.916,2026-09-24T08:15:00.178175+00:00
1798,634.3879999999999,2026-09-24T08:15:00.178957+00:00
1799,634.746,2026-09-24T08:15:00.179630+00:00
1800,635.262,2026-09-24T08:15:00.180517+00:00
1801,635.774,2026-09-24T08:15:00.181372+00:00
1802,636.245,2026-09-24T08:15:00.182203+00:00
1803,636.554,2026-09-24T08:15:00.182892+00:00
1804,636.9599999999999,2026-09-24T08:15:00.183609+00:00
1805,637.212,2026-09-24T08:15:00.184186+00:00
1806,637.479,2026-09-24T08:15:00.184755+00:00
1807,637.7890000000001,2026-09-24T08:15:00.185376+00:00
1808,638.239,2026-09-24T08:15:00.186095+00:00
1809,638.697,2026-09-24T08:15:00.186838+00:00
1810,671.431,2026-09-24T08:15:00.219859+00:00
1811,672.296,2026-09-24T08:15:00.221203+00:00
1812,672.817,2026-09-24T08:15:00.222191+00:00
1813,673.23,2026-09-24T08:15:00.223071+00:00
1814,673.453,2026-09-24T08:15:00.223663+00:00
1815,674.0699999999999,2026-09-24T08:15:00.224584+00:00
1816,674.438,2026-09-24T08:15:00.225255+00:00
1817,674.7760000000001,2026-09-24T08:15:00.225951+00:00
1818,675.083,2026-09-24T08:15:00.226615+00:00
1819,675.739,2026-09-24T08:15:00.227610+00:00
1820,676.009,2026-09-24T08:15:00.228221+00:00
1821,676.256,2026-09-24T08:15:00.228909+00:00
1822,676.558,2026-09-24T08:15:00.229619+00:00
1823,676.8420000000001,2026-09-24T08:15:00.230288+00:00
1824,677.115,2026-09-24T08:15:00.230891+00:00
1825,677.327,2026-09-24T08:15:00.231502+00:00
1826,677.549,2026-09-24T08:15:00.232041+00:00
1827,677.735,2026-09-24T08:15:00.232540+00:00
1828,677.811,2026-09-24T08:15:00.233044+00:00
1829,677.964,2026-09-24T08:15:00.233499+00:00
1830,678.2479999999999,2026-09-24T08:15:00.234084+00:00
1831,678.483,2026-09-24T08:15:00.234602+00:00
1832,678.84,2026-09-24T08:15:00.235244+00:00
1833,678.819,2026-09-24T08:15:00.235749+00:00
1834,679.024,2026-09-24T08:15:00.236349+00:00
1835,679.446,2026-09-24T08:15:00.237104+00:00
1836,679.762,2026-09-24T08:15:00.237730+00:00
1837,680.122,2026-09-24T08:15:00.238367+00:00
1838,680.3829999999999,2026-09-24T08:15:00.238958+00:00
1839,680.57,2026-09-24T08:15:00.239467+00:00
1840,680.8760000000001,2026-09-24T08:15:00.240041+00:00
1841,681.159,2026-09-24T08:15:00.240700+00:00
1842,681.4780000000001,2026-09-24T08:15:00.241356+00:00
1843,681.44,2026-09-24T08:15:00.241932+00:00
1844,681.688,2026-09-24T08:15:00.242485+00:00
1845,681.852,2026-09-24T08:15:00.242963+00:00
1846,682.067,2026-09-24T08:15:00.243491+00:00
1847,682.273,2026-09-24T08:15:00.244009+00:00
1848,682.4449999999999,2026-09-24T08:15:00.244571+00:00
1849,682.633,2026-09-24T08:15:00.245058+00:00
1850,682.8910000000001,2026-09-24T08:15:00.245656+00:00
1851,683.138,2026-09-24T08:15:00.246218+00:00
1852,683.323,2026-09-24T08:15:00.246764+00:00
1853,683.355,2026-09-24T08:15:00.247156+00:00
1854,683.5590000000001,2026-09-24T08:15:00.247702+00:00
1855,683.8570000000001,2026-09-24T08:15:00.248294+00:00
1856,684.074,2026-09-24T08:15:00.248861+00:00
1857,684.326,2026-09-24T08:15:00.249407+00:00
1858,684.7330000000001,2026-09-24T08:15:00.250120+00:00
1859,684.939,2026-09-24T08:15:00.250628+00:00
1860,685.111,2026-09-24T08:15:00.251139+00:00
1861,685.1819999999999,2026-09-24T08:15:00.251552+00:00
1862,685.5590000000001,2026-09-24T08:15:00.252260+00:00
1863,685.6170000000001,2026-09-24T08:15:00.252822+00:00
1864,685.702,2026-09-24T08:15:00.253286+00:00
1865,685.8140000000001,2026-09-24T08:15:00.253754+00:00
1866,686.024,2026-09-24T08:15:00.254309+00:00
1867,686.2589999999999,2026-09-24T08:15:00.254878+00:00
1868,686.3979999999999,2026-09-24T08:15:00.255359+00:00
1869,686.699,2026-09-24T08:15:00.255999+00:00
1870,686.895,2026-09-24T08:15:00.256526+00:00
1871,687.098,2026-09-24T08:15:00.257030+00:00
1872,687.409,2026-09-24T08:15:00.257653+00:00
1873,687.4540000000001,2026-09-24T08:15:00.258087+00:00
1874,687.6179999999999,2026-09-24T08:15:00.258605+00:00
1875,687.8910000000001,2026-09-24T08:15:00.259215+00:00
1876,688.1089999999999,2026-09-24T08:15:00.259752+00:00
1877,688.37,2026-09-24T08:15:00.260303+00:00
1878,688.5790000000001,2026-09-24T08:15:00.260811+00:00
1879,688.655,2026-09-24T08:15:00.261255+00:00
1880,688.883,2026-09-24T08:15:00.261790+00:00
1881,689.136,2026-09-24T08:15:00.262310+00:00
1882,689.333,2026-09-24T08:15:00.262824+00:00
1883,689.419,2026-09-24T08:15:00.263298+00:00
1884,689.589,2026-09-24T08:15:00.263904+00:00
1885,689.6790000000001,2026-09-24T08:15:00.264374+00:00
1886,689.917,2026-09-24T08:15:00.264990+00:00
1887,690.1129999999999,2026-09-24T08:15:00.265484+00:00
1888,690.3620000000001,2026-09-24T08:15:00.266057+00:00
1889,690.502,2026-09-24T08:15:00.266531+00:00
1890,690.669,2026-09-24T08:15:00.267048+00:00
1891,690.84,2026-09-24T08:15:00.267559+00:00
1892,690.88,2026-09-24T08:15:00.268016+00:00
1893,691.177,2026-09-24T08:15:00.268692+00:00
1894,691.38,2026-09-24T08:15:00.269200+00:00
1895,691.67,2026-09-24T08:15:00.269773+00:00
1896,691.874,2026-09-24T08:15:00.270252+00:00
1897,692.061,2026-09-24T08:15:00.270790+00:00
1898,692.151,2026-09-24T08:15:00.271230+00:00
1899,692.3059999999999,2026-09-24T08:15:00.271682+00:00
1900,692.4599999999999,2026-09-24T08:15:00.272194+00:00
1901,692.726,2026-09-24T08:15:00.272840+00:00
1902,693.0269999999999,2026-09-24T08:15:00.273455+00:00
1903,693.411,2026-09-24T08:15:00.274191+00:00
1904,693.535,2026-09-24T08:15:00.274768+00:00
1905,693.635,2026-09-24T08:15:00.275216+00:00
1906,693.766,2026-09-24T08:15:00.275716+00:00
1907,693.789,2026-09-24T08:15:00.276120+00:00
1908,694.11,2026-09-24T08:15:00.276804+00:00
1909,694.31,2026-09-24T08:15:00.277289+00:00
1910,694.558,2026-09-24T08:15:00.277802+00:00
1911,694.3209999999999,2026-09-24T08:15:00.278231+00:00
1912,694.4789999999999,2026-09-24T08:15:00.278785+00:00
1913,694.613,2026-09-24T08:15:00.279271+00:00
1914,694.842,2026-09-24T08:15:00.279823+00:00
1915,695.047,2026-09-24T08:15:00.280350+00:00
1916,695.26,2026-09-24T08:15:00.280890+00:00
1917,662.095,2026-09-24T08:15:00.281301+00:00
1918,661.4879999999999,2026-09-24T08:15:00.281794+00:00
1919,661.203,2026-09-24T08:15:00.282398+00:00
1920,661.32,2026-09-24T08:15:00.283046+00:00
1921,661.522,2026-09-24T08:15:00.283619+00:00
1922,661.553,2026-09-24T08:15:00.284031+00:00
1923,696.01,2026-09-24T08:15:00.318798+00:00
1924,696.791,2026-09-24T08:15:00.319997+00:00
1925,697.337,2026-09-24T08:15:00.320921+00:00
1926,697.8069999999999,2026-09-24T08:15:00.321668+00:00
1927,698.28,2026-09-24T08:15:00.322489+00:00
1928,698.6179999999999,2026-09-24T08:15:00.323239+00:00
1929,699.138,2026-09-24T08:15:00.324032+00:00
1930,699.523,2026-09-24T08:15:00.324728+00:00
1931,699.666,2026-09-24T08:15:00.325339+00:00
1932,700.181,2026-09-24T08:15:00.326236+00:00
1933,700.874,2026-09-24T08:15:00.327248+00:00
1934,700.927,2026-09-24T08:15:00.327976+00:00
1935,701.3439999999999,2026-09-24T08:15:00.328734+00:00
1936,701.5590000000001,2026-09-24T08:15:00.329282+00:00
1937,701.765,2026-09-24T08:15:00.329777+00:00
1938,701.9309999999999,2026-09-24T08:15:00.330298+00:00
1939,701.984,2026-09-24T08:15:00.330758+00:00
1940,702.496,2026-09-24T08:15:00.331542+00:00
1941,703.13,2026-09-24T08:15:00.332461+00:00
1942,703.477,2026-09-24T08:15:00.333120+00:00
1943,703.6909999999999,2026-09-24T08:15:00.333797+00:00
1944,704.2199999999999,2026-09-24T08:15:00.334719+00:00
1945,704.603,2026-09-24T08:15:00.335500+00:00
1946,704.997,2026-09-24T08:15:00.336225+00:00
1947,705.6080000000001,2026-09-24T08:15:00.337214+00:00
1948,706.348,2026-09-24T08:15:00.338271+00:00
1949,707.129,2026-09-24T08:15:00.339378+00:00
1950,707.631,2026-09-24T08:15:00.340187+00:00
1951,708.12,2026-09-24T08:15:00.340908+00:00
1952,708.422,2026-09-24T08:15:00.341467+00:00
1953,709.013,2026-09-24T08:15:00.342318+00:00
1954,709.209,2026-09-24T08:15:00.342833+00:00
1955,709.525,2026-09-24T08:15:00.343669+00:00
1956,709.669,2026-09-24T08:15:00.344219+00:00
1957,709.9060000000001,2026-09-24T08:15:00.344793+00:00
1958,710.4209999999999,2026-09-24T08:15:00.345637+00:00
1959,710.416,2026-09-24T08:15:00.346089+00:00
1960,710.8389999999999,2026-09-24T08:15:00.346847+00:00
1961,711.121,2026-09-24T08:15:00.347449+00:00
1962,711.296,2026-09-24T08:15:00.348052+00:00
1963,711.854,2026-09-24T08:15:00.348920+00:00
1964,712.067,2026-09-24T08:15:00.349606+00:00
1965,712.287,2026-09-24T08:15:00.350213+00:00
1966,712.3660000000001,2026-09-24T08:15:00.350734+00:00
1967,712.793,2026-09-24T08:15:00.351502+00:00
1968,713.1840000000001,2026-09-24T08:15:00.352211+00:00
1969,713.4580000000001,2026-09-24T08:15:00.352846+00:00
1970,713.816,2026-09-24T08:15:00.353530+00:00
1971,714.086,2026-09-24T08:15:00.354218+00:00
1972,714.178,2026-09-24T08:15:00.354683+00:00
1973,714.504,2026-09-24T08:15:00.355364+00:00
1974,714.703,2026-09-24T08:15:00.355878+00:00
1975,714.8820000000001,2026-09-24T08:15:00.356490+00:00
1976,715.037,2026-09-24T08:15:00.356972+00:00
1977,715.3199999999999,2026-09-24T08:15:00.357632+00:00
1978,715.526,2026-09-24T08:15:00.358262+00:00
1979,715.7790000000001,2026-09-24T08:15:00.358912+00:00
1980,716.015,2026-09-24T08:15:00.359480+00:00
1981,716.129,2026-09-24T08:15:00.359980+00:00
1982,716.504,2026-09-24T08:15:00.360671+00:00
1983,716.718,2026-09-24T08:15:00.361248+00:00
1984,716.8639999999999,2026-09-24T08:15:00.361728+00:00
1985,717.0020000000001,2026-09-24T08:15:00.362178+00:00
1986,717.09,2026-09-24T08:15:00.362586+00:00
1987,717.101,2026-09-24T08:15:00.362927+00:00
1988,717.262,2026-09-24T08:15:00.363433+00:00
1989,717.4580000000001,2026-09-24T08:15:00.363954+00:00
1990,717.9069999999999,2026-09-24T08:15:00.364802+00:00
1991,718.836,2026-09-24T08:15:00.366053+00:00
1992,719.284,2026-09-24T08:15:00.366860+00:00
1993,720.051,2026-09-24T08:15:00.367912+00:00
1994,720.1650000000001,2026-09-24T08:15:00.368628+00:00
1995,720.621,2026-09-24T08:15:00.369408+00:00
1996,720.9140000000001,2026-09-24T08:15:00.370073+00:00
1997,721.285,2026-09-24T08:15:00.370902+00:00
1998,721.37,2026-09-24T08:15:00.371618+00:00
1999,721.4390000000001,2026-09-24T08:15:00.372277+00:00
2000,721.749,2026-09-24T08:15:00.372998+00:00
2001,722.029,2026-09-24T08:15:00.373750+00:00
2002,722.238,2026-09-24T08:15:00.374398+00:00
2003,722.687,2026-09-24T08:15:00.375311+00:00
2004,722.899,2026-09-24T08:15:00.375902+00:00
2005,723.0360000000001,2026-09-24T08:15:00.376475+00:00
2006,723.364,2026-09-24T08:15:00.377167+00:00
2007,723.643,2026-09-24T08:15:00.377846+00:00
2008,723.646,2026-09-24T08:15:00.378362+00:00
2009,723.75,2026-09-24T08:15:00.378896+00:00
2010,723.7810000000001,2026-09-24T08:15:00.379370+00:00
2011,724.0419999999999,2026-09-24T08:15:00.380021+00:00
2012,724.186,2026-09-24T08:15:00.380528+00:00
2013,724.486,2026-09-24T08:15:00.381264+00:00
2014,724.9830000000001,2026-09-24T08:15:00.382160+00:00
2015,725.1619999999999,2026-09-24T08:15:00.382674+00:00
2016,725.459,2026-09-24T08:15:00.383279+00:00
2017,725.697,2026-09-24T08:15:00.383846+00:00
2018,726.031,2026-09-24T08:15:00.384493+00:00
2019,726.3159999999999,2026-09-24T08:15:00.385119+00:00
2020,726.361,2026-09-24T08:15:00.385679+00:00
2021,726.582,2026-09-24T08:15:00.386264+00:00
2022,726.903,2026-09-24T08:15:00.386975+00:00
2023,758.1,2026-09-24T08:15:00.418751+00:00
2024,758.965,2026-09-24T08:15:00.420023+00:00
2025,759.529,2026-09-24T08:15:00.421018+00:00
2026,760.123,2026-09-24T08:15:00.422007+00:00
2027,760.5260000000001,2026-09-24T08:15:00.422740+00:00
2028,760.98,2026-09-24T08:15:00.423557+00:00
2029,761.3879999999999,2026-09-24T08:15:00.424255+00:00
2030,761.695,2026-09-24T08:15:00.424910+00:00
2031,761.974,2026-09-24T08:15:00.425541+00:00
2032,762.276,2026-09-24T08:15:00.426175+00:00
2033,762.6220000000001,2026-09-24T08:15:00.426854+00:00
2034,762.918,2026-09-24T08:15:00.427545+00:00
2035,763.2489999999999,2026-09-24T08:15:00.428236+00:00
2036,763.59,2026-09-24T08:15:00.428882+00:00
2037,763.8620000000001,2026-09-24T08:15:00.429510+00:00
2038,764.087,2026-09-24T08:15:00.430070+00:00
2039,764.139,2026-09-24T08:15:00.430575+00:00
2040,764.239,2026-09-24T08:15:00.431051+00:00
2041,764.676,2026-09-24T08:15:00.431817+00:00
2042,764.984,2026-09-24T08:15:00.432481+00:00
2043,765.374,2026-09-24T08:15:00.433151+00:00
2044,765.956,2026-09-24T08:15:00.434009+00:00
2045,766.39,2026-09-24T08:15:00.434797+00:00
2046,766.4649999999999,2026-09-24T08:15:00.435331+00:00
2047,766.76,2026-09-24T08:15:00.435982+00:00
2048,766.8620000000001,2026-09-24T08:15:00.436497+00:00
2049,767.1569999999999,2026-09-24T08:15:00.437108+00:00
2050,767.324,2026-09-24T08:15:00.437620+00:00
2051,767.358,2026-09-24T08:15:00.438071+00:00
2052,767.583,2026-09-24T08:15:00.438635+00:00
2053,767.752,2026-09-24T08:15:00.439094+00:00
2054,768.0219999999999,2026-09-24T08:15:00.439705+00:00
2055,768.076,2026-09-24T08:15:00.440158+00:00
2056,768.318,2026-09-24T08:15:00.440679+00:00
2057,768.437,2026-09-24T08:15:00.441191+00:00
2058,768.712,2026-09-24T08:15:00.441791+00:00
2059,769.069,2026-09-24T08:15:00.442464+00:00
2060,769.321,2026-09-24T08:15:00.443118+00:00
2061,769.673,2026-09-24T08:15:00.443818+00:00
2062,770.103,2026-09-24T08:15:00.444578+00:00
2063,770.298,2026-09-24T08:15:00.445146+00:00
2064,770.714,2026-09-24T08:15:00.445945+00:00
2065,770.953,2026-09-24T08:15:00.446600+00:00
2066,771.169,2026-09-24T08:15:00.447255+00:00
2067,771.355,2026-09-24T08:15:00.447891+00:00
2068,771.562,2026-09-24T08:15:00.448484+00:00
2069,771.7969999999999,2026-09-24T08:15:00.449030+00:00
2070,771.894,2026-09-24T08:15:00.449577+00:00
2071,771.836,2026-09-24T08:15:00.450030+00:00
2072,771.906,2026-09-24T08:15:00.450591+00:00
2073,772.115,2026-09-24T08:15:00.451152+00:00
2074,772.146,2026-09-24T08:15:00.451680+00:00
2075,772.237,2026-09-24T08:15:00.452273+00:00
2076,772.3330000000001,2026-09-24T08:15:00.452849+00:00
2077,772.491,2026-09-24T08:15:00.453440+00:00
2078,772.737,2026-09-24T08:15:00.454019+00:00
2079,772.843,2026-09-24T08:15:00.454583+00:00
2080,773.0500000000001,2026-09-24T08:15:00.455203+00:00
2081,773.083,2026-09-24T08:15:00.455773+00:00
2082,773.274,2026-09-24T08:15:00.456336+00:00
2083,737.6279999999999,2026-09-24T08:15:00.456868+00:00
2084,737.062,2026-09-24T08:15:00.457400+00:00
2085,737.0759999999999,2026-09-24T08:15:00.458058+00:00
2086,737.1339999999999,2026-09-24T08:15:00.458564+00:00
2087,737.2570000000001,2026-09-24T08:15:00.459090+00:00
2088,737.341,2026-09-24T08:15:00.459579+00:00
2089,737.3870000000001,2026-09-24T08:15:00.460079+00:00
2090,737.533,2026-09-24T08:15:00.460754+00:00
2091,737.538,2026-09-24T08:15:00.461311+00:00
2092,737.5939999999999,2026-09-24T08:15:00.461893+00:00
2093,737.244,2026-09-24T08:15:00.462387+00:00
2094,737.165,2026-09-24T08:15:00.462940+00:00
2095,737.289,2026-09-24T08:15:00.463473+00:00
2096,737.428,2026-09-24T08:15:00.464028+00:00
2097,737.483,2026-09-24T08:15:00.464596+00:00
2098,737.599,2026-09-24T08:15:00.465188+00:00
2099,737.697,2026-09-24T08:15:00.465678+00:00
2100,737.6930000000001,2026-09-24T08:15:00.466125+00:00
2101,737.778,2026-09-24T08:15:00.466588+00:00
2102,737.848,2026-09-24T08:15:00.467032+00:00
2103,737.953,2026-09-24T08:15:00.467486+00:00
2104,738.1410000000001,2026-09-24T08:15:00.468061+00:00
2105,738.204,2026-09-24T08:15:00.468508+00:00
2106,738.4549999999999,2026-09-24T08:15:00.469162+00:00
2107,738.583,2026-09-24T08:15:00.469683+00:00
2108,738.771,2026-09-24T08:15:00.470254+00:00
2109,739.0830000000001,2026-09-24T08:15:00.470912+00:00
2110,739.201,2026-09-24T08:15:00.471396+00:00
2111,739.417,2026-09-24T08:15:00.471995+00:00
2112,739.5880000000001,2026-09-24T08:15:00.472559+00:00
2113,739.5730000000001,2026-09-24T08:15:00.473106+00:00
2114,739.61,2026-09-24T08:15:00.473635+00:00
2115,739.894,2026-09-24T08:15:00.474323+00:00
2116,739.9,2026-09-24T08:15:00.474839+00:00
2117,740.054,2026-09-24T08:15:00.475396+00:00
2118,740.394,2026-09-24T08:15:00.476102+00:00
2119,740.691,2026-09-24T08:15:00.476747+00:00
2120,740.7909999999999,2026-09-24T08:15:00.477237+00:00
2121,740.966,2026-09-24T08:15:00.477756+00:00
2122,741.113,2026-09-24T08:15:00.478306+00:00
2123,741.305,2026-09-24T08:15:00.478852+00:00
2124,741.413,2026-09-24T08:15:00.479396+00:00
2125,741.522,2026-09-24T08:15:00.479960+00:00
2126,741.618,2026-09-24T08:15:00.480402+00:00
2127,741.972,2026-09-24T08:15:00.481087+00:00
2128,742.2339999999999,2026-09-24T08:15:00.481638+00:00
2129,742.432,2026-09-24T08:15:00.482162+00:00
2130,742.7589999999999,2026-09-24T08:15:00.482927+00:00
2131,742.4110000000001,2026-09-24T08:15:00.483402+00:00
2132,742.668,2026-09-24T08:15:00.484015+00:00
2133,742.7479999999999,2026-09-24T08:15:00.484535+00:00
2134,743.044,2026-09-24T08:15:00.485234+00:00
2135,777.038,2026-09-24T08:15:00.519749+00:00
2136,778.131,2026-09-24T08:15:00.521236+00:00
2137,778.462,2026-09-24T08:15:00.521989+00:00
2138,778.763,2026-09-24T08:15:00.522701+00:00
2139,779.107,2026-09-24T08:15:00.523565+00:00
2140,779.606,2026-09-24T08:15:00.524381+00:00
2141,779.931,2026-09-24T08:15:00.525139+00:00
2142,780.165,2026-09-24T08:15:00.525814+00:00
2143,780.8810000000001,2026-09-24T08:15:00.526890+00:00
2144,781.437,2026-09-24T08:15:00.527804+00:00
2145,781.748,2026-09-24T08:15:00.528551+00:00
2146,781.708,2026-09-24T08:15:00.529082+00:00
2147,781.972,2026-09-24T08:15:00.529828+00:00
2148,782.261,2026-09-24T08:15:00.530478+00:00
2149,782.434,2026-09-24T08:15:00.531099+00:00
2150,782.551,2026-09-24T08:15:00.531635+00:00
2151,782.659,2026-09-24T08:15:00.532170+00:00
2152,782.8040000000001,2026-09-24T08:15:00.532808+00:00
2153,782.9000000000001,2026-09-24T08:15:00.533294+00:00
2154,782.942,2026-09-24T08:15:00.533936+00:00
2155,783.105,2026-09-24T08:15:00.534627+00:00
2156,782.957,2026-09-24T08:15:00.535222+00:00
2157,783.105,2026-09-24T08:15:00.535780+00:00
2158,783.42,2026-09-24T08:15:00.536539+00:00
2159,783.588,2026-09-24T08:15:00.537228+00:00
2160,783.8380000000001,2026-09-24T08:15:00.537938+00:00
2161,783.975,2026-09-24T08:15:00.538611+00:00
2162,784.172,2026-09-24T08:15:00.539249+00:00
2163,784.387,2026-09-24T08:15:00.539892+00:00
2164,784.869,2026-09-24T08:15:00.540779+00:00
2165,785.338,2026-09-24T08:15:00.541546+00:00
2166,785.318,2026-09-24T08:15:00.542161+00:00
2167,785.231,2026-09-24T08:15:00.542846+00:00
2168,785.138,2026-09-24T08:15:00.543301+00:00
2169,785.276,2026-09-24T08:15:00.543904+00:00
2170,785.219,2026-09-24T08:15:00.544341+00:00
2171,785.552,2026-09-24T08:15:00.545079+00:00
2172,785.59,2026-09-24T08:15:00.545563+00:00
2173,785.572,2026-09-24T08:15:00.546060+00:00
2174,785.6999999999999,2026-09-24T08:15:00.546611+00:00
2175,786.121,2026-09-24T08:15:00.547368+00:00
2176,786.428,2026-09-24T08:15:00.548123+00:00
2177,786.645,2026-09-24T08:15:00.548760+00:00
2178,786.9110000000001,2026-09-24T08:15:00.549446+00:00
2179,787.0120000000001,2026-09-24T08:15:00.549970+00:00
2180,787.156,2026-09-24T08:15:00.550489+00:00
2181,787.424,2026-09-24T08:15:00.551203+00:00
2182,787.55,2026-09-24T08:15:00.551718+00:00
2183,787.5790000000001,2026-09-24T08:15:00.552342+00:00
2184,788.015,2026-09-24T08:15:00.553127+00:00
2185,788.2040000000001,2026-09-24T08:15:00.553729+00:00
2186,788.37,2026-09-24T08:15:00.554284+00:00
2187,788.4799999999999,2026-09-24T08:15:00.554859+00:00
2188,788.5569999999999,2026-09-24T08:15:00.555343+00:00
2189,788.847,2026-09-24T08:15:00.556111+00:00
2190,789.005,2026-09-24T08:15:00.556748+00:00
2191,789.1049999999999,2026-09-24T08:15:00.557225+00:00
2192,789.1,2026-09-24T08:15:00.557717+00:00
2193,789.243,2026-09-24T08:15:00.558188+00:00
2194,789.417,2026-09-24T08:15:00.558747+00:00
2195,789.543,2026-09-24T08:15:00.559264+00:00
2196,789.784,2026-09-24T08:15:00.559823+00:00
2197,790.034,2026-09-24T08:15:00.560353+00:00
2198,790.363,2026-09-24T08:15:00.561070+00:00
2199,790.783,2026-09-24T08:15:00.561934+00:00
2200,791.048,2026-09-24T08:15:00.562576+00:00
2201,791.206,2026-09-24T08:15:00.563208+00:00
2202,791.172,2026-09-24T08:15:00.563763+00:00
2203,791.208,2026-09-24T08:15:00.564256+00:00
2204,790.7950000000001,2026-09-24T08:15:00.564789+00:00
2205,790.804,2026-09-24T08:15:00.565344+00:00
2206,790.84,2026-09-24T08:15:00.565842+00:00
2207,790.8779999999999,2026-09-24T08:15:00.566335+00:00
2208,791.2249999999999,2026-09-24T08:15:00.567022+00:00
2209,791.436,2026-09-24T08:15:00.567641+00:00
2210,791.5830000000001,2026-09-24T08:15:00.568223+00:00
2211,791.664,2026-09-24T08:15:00.568763+00:00
2212,791.759,2026-09-24T08:15:00.569379+00:00
2213,791.903,2026-09-24T08:15:00.569907+00:00
2214,792.172,2026-09-24T08:15:00.570474+00:00
2215,792.344,2026-09-24T08:15:00.570985+00:00
2216,792.606,2026-09-24T08:15:00.571512+00:00
2217,792.6840000000001,2026-09-24T08:15:00.572007+00:00
2218,792.864,2026-09-24T08:15:00.572563+00:00
2219,792.805,2026-09-24T08:15:00.573013+00:00
2220,792.805,2026-09-24T08:15:00.573551+00:00
2221,792.279,2026-09-24T08:15:00.574068+00:00
2222,792.566,2026-09-24T08:15:00.574746+00:00
2223,792.4069999999999,2026-09-24T08:15:00.575312+00:00
2224,792.573,2026-09-24T08:15:00.575837+00:00
2225,792.76,2026-09-24T08:15:00.576436+00:00
2226,792.827,2026-09-24T08:15:00.576898+00:00
2227,792.923,2026-09-24T08:15:00.577321+00:00
2228,793.3639999999999,2026-09-24T08:15:00.578103+00:00
2229,793.601,2026-09-24T08:15:00.578643+00:00
2230,793.672,2026-09-24T08:15:00.579238+00:00
2231,793.814,2026-09-24T08:15:00.579714+00:00
2232,793.865,2026-09-24T08:15:00.580296+00:00
2233,793.824,2026-09-24T08:15:00.580788+00:00
2234,793.794,2026-09-24T08:15:00.581302+00:00
2235,793.8960000000001,2026-09-24T08:15:00.581783+00:00
2236,793.9190000000001,2026-09-24T08:15:00.582200+00:00
2237,793.805,2026-09-24T08:15:00.582621+00:00
2238,793.885,2026-09-24T08:15:00.583075+00:00
2239,793.933,2026-09-24T08:15:00.583483+00:00
2240,794.049,2026-09-24T08:15:00.583926+00:00
2241,794.196,2026-09-24T08:15:00.584474+00:00
2242,794.3860000000001,2026-09-24T08:15:00.585051+00:00
2243,794.354,2026-09-24T08:15:00.585591+00:00
2244,794.447,2026-09-24T08:15:00.586081+00:00
2245,827.945,2026-09-24T08:15:00.619908+00:00
2246,828.7959999999999,2026-09-24T08:15:00.621101+00:00
2247,829.451,2026-09-24T08:15:00.622175+00:00
2248,804.3000000000001,2026-09-24T08:15:00.622949+00:00
2249,804.707,2026-09-24T08:15:00.623922+00:00
2250,804.789,2026-09-24T08:15:00.624555+00:00
2251,804.914,2026-09-24T08:15:00.625178+00:00
2252,804.936,2026-09-24T08:15:00.625752+00:00
2253,805.1850000000001,2026-09-24T08:15:00.626349+00:00
2254,805.451,2026-09-24T08:15:00.626964+00:00
2255,805.784,2026-09-24T08:15:00.627608+00:00
2256,806.183,2026-09-24T08:15:00.628325+00:00
2257,806.433,2026-09-24T08:15:00.628994+00:00
2258,806.6659999999999,2026-09-24T08:15:00.629585+00:00
2259,806.7370000000001,2026-09-24T08:15:00.630052+00:00
2260,806.8870000000001,2026-09-24T08:15:00.630580+00:00
2261,807.163,2026-09-24T08:15:00.631221+00:00
2262,807.2230000000001,2026-09-24T08:15:00.631752+00:00
2263,807.284,2026-09-24T08:15:00.632176+00:00
2264,807.449,2026-09-24T08:15:00.632695+00:00
2265,807.466,2026-09-24T08:15:00.633130+00:00
2266,807.769,2026-09-24T08:15:00.633784+00:00
2267,807.9699999999999,2026-09-24T08:15:00.634365+00:00
2268,808.4409999999999,2026-09-24T08:15:00.635203+00:00
2269,808.926,2026-09-24T08:15:00.636010+00:00
2270,809.039,2026-09-24T08:15:00.636554+00:00
2271,809.194,2026-09-24T08:15:00.637036+00:00
2272,809.371,2026-09-24T08:15:00.637673+00:00
2273,809.491,2026-09-24T08:15:00.638143+00:00
2274,809.645,2026-09-24T08:15:00.638577+00:00
2275,809.607,2026-09-24T08:15:00.638994+00:00
2276,810.045,2026-09-24T08:15:00.639902+00:00
2277,810.254,2026-09-24T08:15:00.640483+00:00
2278,810.429,2026-09-24T08:15:00.641075+00:00
2279,810.72,2026-09-24T08:15:00.641671+00:00
2280,811.014,2026-09-24T08:15:00.642209+00:00
2281,811.2049999999999,2026-09-24T08:15:00.642775+00:00
2282,811.315,2026-09-24T08:15:00.643273+00:00
2283,811.5790000000001,2026-09-24T08:15:00.643857+00:00
2284,812.038,2026-09-24T08:15:00.644611+00:00
2285,812.384,2026-09-24T08:15:00.645229+00:00
2286,812.62,2026-09-24T08:15:00.645744+00:00
2287,812.7090000000001,2026-09-24T08:15:00.646297+00:00
2288,812.9119999999999,2026-09-24T08:15:00.646821+00:00
2289,813.187,2026-09-24T08:15:00.647518+00:00
2290,813.406,2026-09-24T08:15:00.648135+00:00
2291,813.646,2026-09-24T08:15:00.648659+00:00
2292,813.942,2026-09-24T08:15:00.649246+00:00
2293,814.4639999999999,2026-09-24T08:15:00.650111+00:00
2294,814.976,2026-09-24T08:15:00.650913+00:00
2295,815.504,2026-09-24T08:15:00.651749+00:00
2296,815.837,2026-09-24T08:15:00.652364+00:00
2297,816.1270000000001,2026-09-24T08:15:00.653005+00:00
2298,816.65,2026-09-24T08:15:00.653828+00:00
2299,816.9830000000001,2026-09-24T08:15:00.654491+00:00
2300,817.345,2026-09-24T08:15:00.655251+00:00
2301,817.757,2026-09-24T08:15:00.655978+00:00
2302,818.187,2026-09-24T08:15:00.656799+00:00
2303,818.228,2026-09-24T08:15:00.657328+00:00
2304,818.381,2026-09-24T08:15:00.657854+00:00
2305,818.448,2026-09-24T08:15:00.658432+00:00
2306,818.461,2026-09-24T08:15:00.658918+00:00
2307,818.875,2026-09-24T08:15:00.659670+00:00
2308,819.133,2026-09-24T08:15:00.660230+00:00
2309,819.385,2026-09-24T08:15:00.660749+00:00
2310,819.586,2026-09-24T08:15:00.661276+00:00
2311,819.9060000000001,2026-09-24T08:15:00.661882+00:00
2312,820.317,2026-09-24T08:15:00.662518+00:00
2313,820.59,2026-09-24T08:15:00.663045+00:00
2314,820.976,2026-09-24T08:15:00.663664+00:00
2315,821.16,2026-09-24T08:15:00.664198+00:00
2316,821.5930000000001,2026-09-24T08:15:00.664877+00:00
2317,821.836,2026-09-24T08:15:00.665619+00:00
2318,822.022,2026-09-24T08:15:00.666231+00:00
2319,822.202,2026-09-24T08:15:00.666760+00:00
2320,822.118,2026-09-24T08:15:00.667259+00:00
2321,822.2159999999999,2026-09-24T08:15:00.667753+00:00
2322,822.493,2026-09-24T08:15:00.668360+00:00
2323,822.673,2026-09-24T08:15:00.668866+00:00
2324,822.78,2026-09-24T08:15:00.669362+00:00
2325,823.042,2026-09-24T08:15:00.669879+00:00
2326,823.065,2026-09-24T08:15:00.670331+00:00
2327,823.2479999999999,2026-09-24T08:15:00.670848+00:00
2328,823.6,2026-09-24T08:15:00.671489+00:00
2329,823.704,2026-09-24T08:15:00.671940+00:00
2330,823.88,2026-09-24T08:15:00.672482+00:00
2331,824.0690000000001,2026-09-24T08:15:00.673034+00:00
2332,824.221,2026-09-24T08:15:00.673521+00:00
2333,824.4010000000001,2026-09-24T08:15:00.674051+00:00
2334,824.591,2026-09-24T08:15:00.674541+00:00
2335,824.915,2026-09-24T08:15:00.675173+00:00
2336,825.003,2026-09-24T08:15:00.675807+00:00
2337,825.5400000000001,2026-09-24T08:15:00.676690+00:00
2338,825.781,2026-09-24T08:15:00.677278+00:00
2339,825.804,2026-09-24T08:15:00.677805+00:00
2340,826.082,2026-09-24T08:15:00.678480+00:00
2341,826.3190000000001,2026-09-24T08:15:00.679079+00:00
2342,826.53,2026-09-24T08:15:00.679736+00:00
2343,826.8050000000001,2026-09-24T08:15:00.680406+00:00
2344,827.0,2026-09-24T08:15:00.681110+00:00
2345,827.2620000000001,2026-09-24T08:15:00.681709+00:00
2346,827.526,2026-09-24T08:15:00.682348+00:00
2347,827.824,2026-09-24T08:15:00.682943+00:00
2348,828.039,2026-09-24T08:15:00.683513+00:00
2349,828.256,2026-09-24T08:15:00.684004+00:00
2350,828.566,2026-09-24T08:15:00.684586+00:00
2351,828.4449999999999,2026-09-24T08:15:00.685037+00:00
2352,828.652,2026-09-24T08:15:00.685604+00:00
2353,828.8950000000001,2026-09-24T08:15:00.686144+00:00
2354,862.6740000000001,2026-09-24T08:15:00.720352+00:00
2355,864.001,2026-09-24T08:15:00.721989+00:00
2356,864.7439999999999,2026-09-24T08:15:00.723113+00:00
2357,864.9449999999999,2026-09-24T08:15:00.723741+00:00
2358,865.07,2026-09-24T08:15:00.724229+00:00
2359,865.553,2026-09-24T08:15:00.725017+00:00
2360,865.869,2026-09-24T08:15:00.725696+00:00
2361,865.972,2026-09-24T08:15:00.726215+00:00
2362,866.418,2026-09-24T08:15:00.727002+00:00
2363,866.6049999999999,2026-09-24T08:15:00.727501+00:00
2364,866.774,2026-09-24T08:15:00.727978+00:00
2365,867.165,2026-09-24T08:15:00.728775+00:00
2366,867.267,2026-09-24T08:15:00.729287+00:00
2367,867.5169999999999,2026-09-24T08:15:00.729841+00:00
2368,867.76,2026-09-24T08:15:00.730442+00:00
2369,867.946,2026-09-24T08:15:00.730977+00:00
2370,868.469,2026-09-24T08:15:00.731872+00:00
2371,868.861,2026-09-24T08:15:00.732670+00:00
2372,868.929,2026-09-24T08:15:00.733159+00:00
2373,869.129,2026-09-24T08:15:00.733751+00:00
2374,869.294,2026-09-24T08:15:00.734269+00:00
2375,869.326,2026-09-24T08:15:00.734788+00:00
2376,869.439,2026-09-24T08:15:00.735295+00:00
2377,869.5899999999999,2026-09-24T08:15:00.735772+00:00
2378,869.725,2026-09-24T08:15:00.736247+00:00
2379,869.795,2026-09-24T08:15:00.736696+00:00
2380,869.8820000000001,2026-09-24T08:15:00.737166+00:00
2381,869.958,2026-09-24T08:15:00.737706+00:00
2382,870.195,2026-09-24T08:15:00.738245+00:00
2383,870.352,2026-09-24T08:15:00.738752+00:00
2384,870.614,2026-09-24T08:15:00.739337+00:00
2385,871.042,2026-09-24T08:15:00.740096+00:00
2386,871.206,2026-09-24T08:15:00.740752+00:00
2387,871.4269999999999,2026-09-24T08:15:00.741263+00:00
2388,871.78,2026-09-24T08:15:00.741952+00:00
2389,871.897,2026-09-24T08:15:00.742507+00:00
2390,871.97,2026-09-24T08:15:00.742987+00:00
2391,872.1999999999999,2026-09-24T08:15:00.743542+00:00
2392,872.4340000000001,2026-09-24T08:15:00.744156+00:00
2393,872.728,2026-09-24T08:15:00.744788+00:00
2394,872.9200000000001,2026-09-24T08:15:00.745308+00:00
2395,873.119,2026-09-24T08:15:00.745991+00:00
2396,873.15,2026-09-24T08:15:00.746491+00:00
2397,873.186,2026-09-24T08:15:00.747032+00:00
2398,873.398,2026-09-24T08:15:00.747613+00:00
2399,873.6120000000001,2026-09-24T08:15:00.748190+00:00
2400,873.9449999999999,2026-09-24T08:15:00.748878+00:00
2401,874.03,2026-09-24T08:15:00.749342+00:00
2402,874.135,2026-09-24T08:15:00.749826+00:00
2403,874.38,2026-09-24T08:15:00.750488+00:00
2404,874.5319999999999,2026-09-24T08:15:00.750992+00:00
2405,874.754,2026-09-24T08:15:00.751537+00:00
2406,874.966,2026-09-24T08:15:00.752080+00:00
2407,875.266,2026-09-24T08:15:00.752772+00:00
2408,875.64,2026-09-24T08:15:00.753428+00:00
2409,875.9350000000001,2026-09-24T08:15:00.754022+00:00
2410,876.351,2026-09-24T08:15:00.754785+00:00
2411,876.5699999999999,2026-09-24T08:15:00.755343+00:00
2412,876.7139999999999,2026-09-24T08:15:00.755787+00:00
2413,876.981,2026-09-24T08:15:00.756370+00:00
2414,877.0799999999999,2026-09-24T08:15:00.756831+00:00
2415,877.2189999999999,2026-09-24T08:15:00.757343+00:00
2416,877.139,2026-09-24T08:15:00.757792+00:00
2417,877.222,2026-09-24T08:15:00.758245+00:00
2418,877.323,2026-09-24T08:15:00.758694+00:00
2419,877.5110000000001,2026-09-24T08:15:00.759194+00:00
2420,877.7239999999999,2026-09-24T08:15:00.759792+00:00
2421,878.087,2026-09-24T08:15:00.760479+00:00
2422,878.54,2026-09-24T08:15:00.761332+00:00
2423,878.638,2026-09-24T08:15:00.761806+00:00
2424,878.919,2026-09-24T08:15:00.762424+00:00
2425,879.097,2026-09-24T08:15:00.762907+00:00
2426,879.5509999999999,2026-09-24T08:15:00.763624+00:00
2427,879.87,2026-09-24T08:15:00.764222+00:00
2428,880.28,2026-09-24T08:15:00.764932+00:00
2429,845.332,2026-09-24T08:15:00.765355+00:00
2430,844.856,2026-09-24T08:15:00.765966+00:00
2431,844.581,2026-09-24T08:15:00.766452+00:00
2432,844.472,2026-09-24T08:15:00.767071+00:00
2433,844.559,2026-09-24T08:15:00.767614+00:00
2434,844.694,2026-09-24T08:15:00.768191+00:00
2435,844.8670000000001,2026-09-24T08:15:00.768731+00:00
2436,845.0060000000001,2026-09-24T08:15:00.769261+00:00
2437,845.158,2026-09-24T08:15:00.769818+00:00
2438,845.209,2026-09-24T08:15:00.770363+00:00
2439,845.354,2026-09-24T08:15:00.770893+00:00
2440,845.6329999999999,2026-09-24T08:15:00.771490+00:00
2441,845.92,2026-09-24T08:15:00.772131+00:00
2442,846.174,2026-09-24T08:15:00.772739+00:00
2443,846.314,2026-09-24T08:15:00.773145+00:00
2444,846.3850000000001,2026-09-24T08:15:00.773553+00:00
2445,846.5840000000001,2026-09-24T08:15:00.774184+00:00
2446,846.53,2026-09-24T08:15:00.774606+00:00
2447,846.639,2026-09-24T08:15:00.775231+00:00
2448,847.031,2026-09-24T08:15:00.775956+00:00
2449,847.3349999999999,2026-09-24T08:15:00.776675+00:00
2450,847.519,2026-09-24T08:15:00.777322+00:00
2451,847.56,2026-09-24T08:15:00.777804+00:00
2452,847.5899999999999,2026-09-24T08:15:00.778270+00:00
2453,847.599,2026-09-24T08:15:00.778696+00:00
2454,847.672,2026-09-24T08:15:00.779039+00:00
2455,847.759,2026-09-24T08:15:00.779492+00:00
2456,847.958,2026-09-24T08:15:00.780091+00:00
2457,847.821,2026-09-24T08:15:00.780448+00:00
2458,847.893,2026-09-24T08:15:00.780889+00:00
2459,847.872,2026-09-24T08:15:00.781317+00:00
2460,848.179,2026-09-24T08:15:00.781926+00:00
2461,848.486,2026-09-24T08:15:00.782517+00:00
2462,848.6329999999999,2026-09-24T08:15:00.783083+00:00
2463,849.0680000000001,2026-09-24T08:15:00.783908+00:00
2464,849.4390000000001,2026-09-24T08:15:00.784704+00:00
2465,849.731,2026-09-24T08:15:00.785386+00:00
2466,849.956,2026-09-24T08:15:00.786214+00:00
2467,850.281,2026-09-24T08:15:00.786938+00:00
2468,850.578,2026-09-24T08:15:00.787605+00:00
2469,882.758,2026-09-24T08:15:00.820106+00:00
2470,883.956,2026-09-24T08:15:00.821645+00:00
2471,884.49,2026-09-24T08:15:00.822510+00:00
2472,885.0649999999999,2026-09-24T08:15:00.823457+00:00
2473,885.6650000000001,2026-09-24T08:15:00.824406+00:00
2474,886.163,2026-09-24T08:15:00.825221+00:00
2475,886.4,2026-09-24T08:15:00.825846+00:00
2476,886.709,2026-09-24T08:15:00.826500+00:00
2477,887.232,2026-09-24T08:15:00.827373+00:00
2478,887.683,2026-09-24T08:15:00.828174+00:00
2479,888.097,2026-09-24T08:15:00.828950+00:00
2480,888.245,2026-09-24T08:15:00.829476+00:00
2481,888.639,2026-09-24T08:15:00.830189+00:00
2482,888.7420000000001,2026-09-24T08:15:00.830633+00:00
2483,888.871,2026-09-24T08:15:00.831152+00:00
2484,889.0310000000001,2026-09-24T08:15:00.831659+00:00
2485,889.2330000000001,2026-09-24T08:15:00.832222+00:00
2486,889.424,2026-09-24T08:15:00.832758+00:00
2487,889.5110000000001,2026-09-24T08:15:00.833175+00:00
2488,889.633,2026-09-24T08:15:00.833648+00:00
2489,889.783,2026-09-24T08:15:00.834178+00:00
2490,889.8430000000001,2026-09-24T08:15:00.834593+00:00
2491,890.096,2026-09-24T08:15:00.835157+00:00
2492,890.405,2026-09-24T08:15:00.835917+00:00
2493,890.696,2026-09-24T08:15:00.836606+00:00
2494,890.969,2026-09-24T08:15:00.837286+00:00
2495,891.2189999999999,2026-09-24T08:15:00.837893+00:00
2496,891.648,2026-09-24T08:15:00.838627+00:00
2497,891.8199999999999,2026-09-24T08:15:00.839161+00:00
2498,891.97,2026-09-24T08:15:00.839726+00:00
2499,892.1719999999999,2026-09-24T08:15:00.840304+00:00
2500,892.106,2026-09-24T08:15:00.840817+00:00
2501,892.2529999999999,2026-09-24T08:15:00.841433+00:00
2502,892.341,2026-09-24T08:15:00.841901+00:00
2503,892.738,2026-09-24T08:15:00.842609+00:00
2504,892.756,2026-09-24T08:15:00.843072+00:00
2505,892.893,2026-09-24T08:15:00.843600+00:00
2506,892.87,2026-09-24T08:15:00.844068+00:00
2507,893.067,2026-09-24T08:15:00.844760+00:00
2508,893.235,2026-09-24T08:15:00.845379+00:00
2509,893.307,2026-09-24T08:15:00.845864+00:00
2510,893.201,2026-09-24T08:15:00.846249+00:00
2511,893.347,2026-09-24T08:15:00.846820+00:00
2512,893.4870000000001,2026-09-24T08:15:00.847370+00:00
2513,893.713,2026-09-24T08:15:00.847926+00:00
2514,893.8000000000001,2026-09-24T08:15:00.848404+00:00
2515,894.029,2026-09-24T08:15:00.848947+00:00
2516,894.2900000000001,2026-09-24T08:15:00.849501+00:00
2517,894.505,2026-09-24T08:15:00.850012+00:00
2518,894.729,2026-09-24T08:15:00.850562+00:00
2519,895.06,2026-09-24T08:15:00.851141+00:00
2520,895.479,2026-09-24T08:15:00.851821+00:00
2521,895.721,2026-09-24T08:15:00.852328+00:00
2522,896.22,2026-09-24T08:15:00.853106+00:00
2523,896.6429999999999,2026-09-24T08:15:00.853773+00:00
2524,896.618,2026-09-24T08:15:00.854225+00:00
2525,896.876,2026-09-24T08:15:00.854884+00:00
2526,897.0219999999999,2026-09-24T08:15:00.855322+00:00
2527,897.307,2026-09-24T08:15:00.856020+00:00
2528,897.39,2026-09-24T08:15:00.856573+00:00
2529,897.654,2026-09-24T08:15:00.857201+00:00
2530,897.725,2026-09-24T08:15:00.857611+00:00
2531,897.9430000000001,2026-09-24T08:15:00.858148+00:00
2532,898.24,2026-09-24T08:15:00.858751+00:00
2533,898.535,2026-09-24T08:15:00.859400+00:00
2534,898.8249999999999,2026-09-24T08:15:00.859978+00:00
2535,898.974,2026-09-24T08:15:00.860580+00:00
2536,899.293,2026-09-24T08:15:00.861165+00:00
2537,899.75,2026-09-24T08:15:00.861877+00:00
2538,900.007,2026-09-24T08:15:00.862375+00:00
2539,900.244,2026-09-24T08:15:00.862934+00:00
2540,900.401,2026-09-24T08:15:00.863363+00:00
2541,900.6800000000001,2026-09-24T08:15:00.863949+00:00
2542,900.74,2026-09-24T08:15:00.864387+00:00
2543,901.0,2026-09-24T08:15:00.864953+00:00
2544,901.267,2026-09-24T08:15:00.865547+00:00
2545,901.511,2026-09-24T08:15:00.866072+00:00
2546,901.794,2026-09-24T08:15:00.866638+00:00
2547,902.221,2026-09-24T08:15:00.867343+00:00
2548,902.543,2026-09-24T08:15:00.867894+00:00
2549,901.71,2026-09-24T08:15:00.868603+00:00
2550,901.988,2026-09-24T08:15:00.869443+00:00
2551,902.375,2026-09-24T08:15:00.870225+00:00
2552,902.88,2026-09-24T08:15:00.871180+00:00
2553,903.178,2026-09-24T08:15:00.871876+00:00
2554,903.264,2026-09-24T08:15:00.872527+00:00
2555,903.599,2026-09-24T08:15:00.873262+00:00
2556,903.962,2026-09-24T08:15:00.873959+00:00
2557,904.244,2026-09-24T08:15:00.874652+00:00
2558,904.501,2026-09-24T08:15:00.875354+00:00
2559,904.953,2026-09-24T08:15:00.876145+00:00
2560,905.2099999999999,2026-09-24T08:15:00.876793+00:00
2561,905.4720000000001,2026-09-24T08:15:00.877446+00:00
2562,905.639,2026-09-24T08:15:00.878022+00:00
2563,905.762,2026-09-24T08:15:00.878666+00:00
2564,905.918,2026-09-24T08:15:00.879245+00:00
2565,906.273,2026-09-24T08:15:00.879957+00:00
2566,906.558,2026-09-24T08:15:00.880540+00:00
2567,906.8340000000001,2026-09-24T08:15:00.881199+00:00
2568,907.1759999999999,2026-09-24T08:15:00.881936+00:00
2569,907.599,2026-09-24T08:15:00.882651+00:00
2570,907.7570000000001,2026-09-24T08:15:00.883233+00:00
2571,908.044,2026-09-24T08:15:00.883947+00:00
2572,908.331,2026-09-24T08:15:00.884674+00:00
2573,908.518,2026-09-24T08:15:00.885207+00:00
2574,908.9920000000001,2026-09-24T08:15:00.885973+00:00
2575,909.456,2026-09-24T08:15:00.886739+00:00
2576,909.687,2026-09-24T08:15:00.887255+00:00
2577,940.789,2026-09-24T08:15:00.918630+00:00
2578,942.036,2026-09-24T08:15:00.920154+00:00
2579,942.705,2026-09-24T08:15:00.921139+00:00
2580,943.1650000000001,2026-09-24T08:15:00.921851+00:00
2581,943.717,2026-09-24T08:15:00.922732+00:00
2582,944.2,2026-09-24T08:15:00.923556+00:00
2583,944.644,2026-09-24T08:15:00.924375+00:00
2584,944.962,2026-09-24T08:15:00.925093+00:00
2585,945.468,2026-09-24T08:15:00.925983+00:00
2586,945.768,2026-09-24T08:15:00.926549+00:00
2587,946.239,2026-09-24T08:15:00.927306+00:00
2588,946.798,2026-09-24T08:15:00.928235+00:00
2589,947.061,2026-09-24T08:15:00.928888+00:00
2590,947.626,2026-09-24T08:15:00.929740+00:00
2591,948.3810000000001,2026-09-24T08:15:00.930905+00:00
2592,948.745,2026-09-24T08:15:00.931613+00:00
2593,949.173,2026-09-24T08:15:00.932326+00:00
2594,949.601,2026-09-24T08:15:00.933126+00:00
2595,950.016,2026-09-24T08:15:00.933883+00:00
2596,950.4050000000001,2026-09-24T08:15:00.934600+00:00
2597,950.601,2026-09-24T08:15:00.935153+00:00
2598,950.909,2026-09-24T08:15:00.935814+00:00
2599,951.361,2026-09-24T08:15:00.936579+00:00
2600,951.73,2026-09-24T08:15:00.937309+00:00
2601,919.241,2026-09-24T08:15:00.938022+00:00
2602,918.982,2026-09-24T08:15:00.938792+00:00
2603,919.004,2026-09-24T08:15:00.939512+00:00
2604,919.07,2026-09-24T08:15:00.940102+00:00
2605,919.245,2026-09-24T08:15:00.940698+00:00
2606,919.168,2026-09-24T08:15:00.941158+00:00
2607,919.3299999999999,2026-09-24T08:15:00.941710+00:00
2608,919.485,2026-09-24T08:15:00.942379+00:00
2609,919.99,2026-09-24T08:15:00.943253+00:00
2610,920.4449999999999,2026-09-24T08:15:00.944089+00:00
2611,921.163,2026-09-24T08:15:00.945117+00:00
2612,921.685,2026-09-24T08:15:00.945906+00:00
2613,922.3820000000001,2026-09-24T08:15:00.946908+00:00
2614,922.706,2026-09-24T08:15:00.947779+00:00
2615,922.859,2026-09-24T08:15:00.948363+00:00
2616,923.142,2026-09-24T08:15:00.949043+00:00
2617,923.5799999999999,2026-09-24T08:15:00.949852+00:00
2618,923.924,2026-09-24T08:15:00.950500+00:00
2619,924.005,2026-09-24T08:15:00.950966+00:00
2620,924.298,2026-09-24T08:15:00.951614+00:00
2621,924.342,2026-09-24T08:15:00.952091+00:00
2622,924.827,2026-09-24T08:15:00.952903+00:00
2623,925.255,2026-09-24T08:15:00.953711+00:00
2624,925.6569999999999,2026-09-24T08:15:00.954404+00:00
2625,926.164,2026-09-24T08:15:00.955340+00:00
2626,926.494,2026-09-24T08:15:00.956078+00:00
2627,926.962,2026-09-24T08:15:00.956870+00:00
2628,927.154,2026-09-24T08:15:00.957401+00:00
2629,927.904,2026-09-24T08:15:00.958430+00:00
2630,928.483,2026-09-24T08:15:00.959251+00:00
2631,928.843,2026-09-24T08:15:00.959950+00:00
2632,929.106,2026-09-24T08:15:00.960480+00:00
2633,929.407,2026-09-24T08:15:00.961221+00:00
2634,929.907,2026-09-24T08:15:00.962112+00:00
2635,930.505,2026-09-24T08:15:00.963104+00:00
2636,930.9060000000001,2026-09-24T08:15:00.963869+00:00
2637,931.23,2026-09-24T08:15:00.964618+00:00
2638,931.3639999999999,2026-09-24T08:15:00.965292+00:00
2639,931.53,2026-09-24T08:15:00.965905+00:00
2640,931.6560000000001,2026-09-24T08:15:00.966578+00:00
2641,932.036,2026-09-24T08:15:00.967327+00:00
2642,932.28,2026-09-24T08:15:00.967993+00:00
2643,932.586,2026-09-24T08:15:00.968657+00:00
2644,932.6790000000001,2026-09-24T08:15:00.969177+00:00
2645,933.0580000000001,2026-09-24T08:15:00.969935+00:00
2646,933.1850000000001,2026-09-24T08:15:00.970439+00:00
2647,933.2470000000001,2026-09-24T08:15:00.970893+00:00
2648,933.52,2026-09-24T08:15:00.971505+00:00
2649,933.822,2026-09-24T08:15:00.972175+00:00
2650,933.982,2026-09-24T08:15:00.972707+00:00
2651,934.052,2026-09-24T08:15:00.973106+00:00
2652,934.367,2026-09-24T08:15:00.973752+00:00
2653,934.461,2026-09-24T08:15:00.974204+00:00
2654,934.455,2026-09-24T08:15:00.974653+00:00
2655,934.5290000000001,2026-09-24T08:15:00.975121+00:00
2656,934.6940000000001,2026-09-24T08:15:00.975630+00:00
2657,934.7520000000001,2026-09-24T08:15:00.976070+00:00
2658,935.003,2026-09-24T08:15:00.976711+00:00
2659,935.2819999999999,2026-09-24T08:15:00.977316+00:00
2660,935.708,2026-09-24T08:15:00.978082+00:00
2661,935.9889999999999,2026-09-24T08:15:00.978726+00:00
2662,936.119,2026-09-24T08:15:00.979287+00:00
2663,936.114,2026-09-24T08:15:00.979706+00:00
2664,935.848,2026-09-24T08:15:00.980116+00:00
2665,935.997,2026-09-24T08:15:00.980615+00:00
2666,936.072,2026-09-24T08:15:00.981108+00:00
2667,936.1310000000001,2026-09-24T08:15:00.981531+00:00
2668,936.2470000000001,2026-09-24T08:15:00.982017+00:00
2669,936.384,2026-09-24T08:15:00.982488+00:00
2670,936.569,2026-09-24T08:15:00.983063+00:00
2671,936.589,2026-09-24T08:15:00.983516+00:00
2672,972.365,2026-09-24T08:15:01.019800+00:00
2673,973.25,2026-09-24T08:15:01.021180+00:00
2674,973.5409999999999,2026-09-24T08:15:01.021897+00:00
2675,973.996,2026-09-24T08:15:01.022730+00:00
2676,974.2570000000001,2026-09-24T08:15:01.023376+00:00
2677,974.289,2026-09-24T08:15:01.023907+00:00
2678,974.538,2026-09-24T08:15:01.024595+00:00
2679,974.745,2026-09-24T08:15:01.025240+00:00
2680,974.777,2026-09-24T08:15:01.025727+00:00
2681,974.857,2026-09-24T08:15:01.026188+00:00
2682,975.229,2026-09-24T08:15:01.026918+00:00
2683,975.4399999999999,2026-09-24T08:15:01.027478+00:00
2684,975.6899999999999,2026-09-24T08:15:01.028082+00:00
2685,975.775,2026-09-24T08:15:01.028546+00:00
2686,976.215,2026-09-24T08:15:01.029377+00:00
2687,976.392,2026-09-24T08:15:01.029910+00:00
2688,976.54,2026-09-24T08:15:01.030436+00:00
2689,976.778,2026-09-24T08:15:01.031053+00:00
2690,977.015,2026-09-24T08:15:01.031637+00:00
2691,977.266,2026-09-24T08:15:01.032205+00:00
2692,977.278,2026-09-24T08:15:01.032650+00:00
2693,977.367,2026-09-24T08:15:01.033120+00:00
2694,977.617,2026-09-24T08:15:01.033718+00:00
2695,977.7479999999999,2026-09-24T08:15:01.034253+00:00
2696,977.692,2026-09-24T08:15:01.034741+00:00
2697,977.831,2026-09-24T08:15:01.035260+00:00
2698,977.731,2026-09-24T08:15:01.035717+00:00
2699,977.557,2026-09-24T08:15:01.036125+00:00
2700,977.8449999999999,2026-09-24T08:15:01.036803+00:00
2701,977.936,2026-09-24T08:15:01.037256+00:00
2702,978.2729999999999,2026-09-24T08:15:01.038021+00:00
2703,978.419,2026-09-24T08:15:01.038566+00:00
2704,978.896,2026-09-24T08:15:01.039397+00:00
2705,979.077,2026-09-24T08:15:01.039882+00:00
2706,979.347,2026-09-24T08:15:01.040466+00:00
2707,979.4110000000001,2026-09-24T08:15:01.040902+00:00
2708,979.7289999999999,2026-09-24T08:15:01.041557+00:00
2709,979.851,2026-09-24T08:15:01.042122+00:00
2710,979.9449999999999,2026-09-24T08:15:01.042615+00:00
2711,980.1560000000001,2026-09-24T08:15:01.043152+00:00
2712,980.4159999999999,2026-09-24T08:15:01.043791+00:00
2713,980.852,2026-09-24T08:15:01.044612+00:00
2714,980.869,2026-09-24T08:15:01.045054+00:00
2715,981.047,2026-09-24T08:15:01.045625+00:00
2716,981.1339999999999,2026-09-24T08:15:01.046112+00:00
2717,981.318,2026-09-24T08:15:01.046622+00:00
2718,981.442,2026-09-24T08:15:01.047086+00:00
2719,981.582,2026-09-24T08:15:01.047544+00:00
2720,981.666,2026-09-24T08:15:01.047988+00:00
2721,981.707,2026-09-24T08:15:01.048394+00:00
2722,981.98,2026-09-24T08:15:01.048993+00:00
2723,982.028,2026-09-24T08:15:01.049427+00:00
2724,981.826,2026-09-24T08:15:01.049869+00:00
2725,982.0419999999999,2026-09-24T08:15:01.050443+00:00
2726,981.9879999999999,2026-09-24T08:15:01.050864+00:00
2727,982.136,2026-09-24T08:15:01.051428+00:00
2728,982.139,2026-09-24T08:15:01.051832+00:00
2729,982.059,2026-09-24T08:15:01.052317+00:00
2730,982.093,2026-09-24T08:15:01.052824+00:00
2731,982.263,2026-09-24T08:15:01.053380+00:00
2732,982.306,2026-09-24T08:15:01.053894+00:00
2733,982.362,2026-09-24T08:15:01.054427+00:00
2734,982.521,2026-09-24T08:15:01.054921+00:00
2735,982.3539999999999,2026-09-24T08:15:01.055375+00:00
2736,982.509,2026-09-24T08:15:01.055891+00:00
2737,982.702,2026-09-24T08:15:01.056395+00:00
2738,982.812,2026-09-24T08:15:01.056949+00:00
2739,983.026,2026-09-24T08:15:01.057582+00:00
2740,983.24,2026-09-24T08:15:01.058140+00:00
2741,983.533,2026-09-24T08:15:01.058782+00:00
2742,983.703,2026-09-24T08:15:01.059363+00:00
2743,983.764,2026-09-24T08:15:01.059858+00:00
2744,983.7660000000001,2026-09-24T08:15:01.060329+00:00
2745,984.03,2026-09-24T08:15:01.060988+00:00
2746,984.287,2026-09-24T08:15:01.061694+00:00
2747,984.3629999999999,2026-09-24T08:15:01.062220+00:00
2748,984.583,2026-09-24T08:15:01.062776+00:00
2749,984.6270000000001,2026-09-24T08:15:01.063243+00:00
2750,984.692,2026-09-24T08:15:01.063704+00:00
2751,984.798,2026-09-24T08:15:01.064237+00:00
2752,984.895,2026-09-24T08:15:01.064703+00:00
2753,985.106,2026-09-24T08:15:01.065276+00:00
2754,985.192,2026-09-24T08:15:01.065818+00:00
2755,985.429,2026-09-24T08:15:01.066451+00:00
2756,985.494,2026-09-24T08:15:01.066934+00:00
2757,985.696,2026-09-24T08:15:01.067482+00:00
2758,985.8299999999999,2026-09-24T08:15:01.067989+00:00
2759,985.8580000000001,2026-09-24T08:15:01.068524+00:00
2760,986.2239999999999,2026-09-24T08:15:01.069190+00:00
2761,986.573,2026-09-24T08:15:01.069862+00:00
2762,986.765,2026-09-24T08:15:01.070459+00:00
2763,986.78,2026-09-24T08:15:01.070898+00:00
2764,986.9250000000001,2026-09-24T08:15:01.071391+00:00
2765,987.155,2026-09-24T08:15:01.071996+00:00
2766,987.325,2026-09-24T08:15:01.072589+00:00
2767,987.453,2026-09-24T08:15:01.073112+00:00
2768,987.713,2026-09-24T08:15:01.073806+00:00
2769,988.0120000000001,2026-09-24T08:15:01.074442+00:00
2770,988.247,2026-09-24T08:15:01.075035+00:00
2771,988.409,2026-09-24T08:15:01.075582+00:00
2772,988.6310000000001,2026-09-24T08:15:01.076162+00:00
2773,988.796,2026-09-24T08:15:01.076676+00:00
2774,957.542,2026-09-24T08:15:01.077153+00:00
2775,956.92,2026-09-24T08:15:01.077730+00:00
2776,956.696,2026-09-24T08:15:01.078259+00:00
2777,956.923,2026-09-24T08:15:01.079040+00:00
2778,956.831,2026-09-24T08:15:01.079590+00:00
2779,956.813,2026-09-24T08:15:01.080127+00:00
2780,956.8330000000001,2026-09-24T08:15:01.080743+00:00
2781,956.9309999999999,2026-09-24T08:15:01.081402+00:00
2782,956.96,2026-09-24T08:15:01.081877+00:00
2783,956.996,2026-09-24T08:15:01.082341+00:00
2784,957.1030000000001,2026-09-24T08:15:01.082895+00:00
2785,957.291,2026-09-24T08:15:01.083370+00:00
2786,957.3629999999999,2026-09-24T08:15:01.083896+00:00
2787,957.375,2026-09-24T08:15:01.084349+00:00
2788,957.542,2026-09-24T08:15:01.084845+00:00
2789,957.5350000000001,2026-09-24T08:15:01.085325+00:00
2790,957.631,2026-09-24T08:15:01.085761+00:00
2791,957.7099999999999,2026-09-24T08:15:01.086187+00:00
2792,957.671,2026-09-24T08:15:01.086655+00:00
2793,957.54,2026-09-24T08:15:01.087017+00:00
2794,990.125,2026-09-24T08:15:01.120009+00:00
2795,991.112,2026-09-24T08:15:01.121332+00:00
2796,991.342,2026-09-24T08:15:01.122008+00:00
2797,991.783,2026-09-24T08:15:01.122825+00:00
2798,992.249,2026-09-24T08:15:01.123621+00:00
2799,992.832,2026-09-24T08:15:01.124550+00:00
2800,993.108,2026-09-24T08:15:01.125186+00:00
2801,993.385,2026-09-24T08:15:01.125836+00:00
2802,993.539,2026-09-24T08:15:01.126286+00:00
2803,993.728,2026-09-24T08:15:01.126781+00:00
2804,993.887,2026-09-24T08:15:01.127325+00:00
2805,994.26,2026-09-24T08:15:01.128036+00:00
2806,994.336,2026-09-24T08:15:01.128544+00:00
2807,994.46,2026-09-24T08:15:01.129032+00:00
2808,994.758,2026-09-24T08:15:01.129838+00:00
2809,994.823,2026-09-24T08:15:01.130355+00:00
2810,995.139,2026-09-24T08:15:01.131102+00:00
2811,995.201,2026-09-24T08:15:01.131712+00:00
2812,995.429,2026-09-24T08:15:01.132316+00:00
2813,995.545,2026-09-24T08:15:01.132883+00:00
2814,995.66,2026-09-24T08:15:01.133429+00:00
2815,995.996,2026-09-24T08:15:01.134068+00:00
2816,996.103,2026-09-24T08:15:01.134590+00:00
2817,996.477,2026-09-24T08:15:01.135318+00:00
2818,996.745,2026-09-24T08:15:01.135881+00:00
2819,996.9259999999999,2026-09-24T08:15:01.136555+00:00
2820,997.202,2026-09-24T08:15:01.137429+00:00
2821,997.158,2026-09-24T08:15:01.137900+00:00
2822,997.249,2026-09-24T08:15:01.138475+00:00
2823,997.385,2026-09-24T08:15:01.139003+00:00
2824,997.413,2026-09-24T08:15:01.139486+00:00
2825,997.578,2026-09-24T08:15:01.139942+00:00
2826,997.727,2026-09-24T08:15:01.140536+00:00
2827,997.8580000000001,2026-09-24T08:15:01.140967+00:00
2828,998.031,2026-09-24T08:15:01.141554+00:00
2829,997.933,2026-09-24T08:15:01.142023+00:00
2830,997.951,2026-09-24T08:15:01.142397+00:00
2831,998.0909999999999,2026-09-24T08:15:01.142835+00:00
2832,998.187,2026-09-24T08:15:01.143259+00:00
2833,998.5880000000001,2026-09-24T08:15:01.143944+00:00
2834,998.7909999999999,2026-09-24T08:15:01.144484+00:00
2835,998.942,2026-09-24T08:15:01.144966+00:00
2836,999.182,2026-09-24T08:15:01.145536+00:00
2837,999.1759999999999,2026-09-24T08:15:01.145984+00:00
2838,999.7479999999999,2026-09-24T08:15:01.146876+00:00
2839,1000.091,2026-09-24T08:15:01.147493+00:00
2840,1000.5649999999999,2026-09-24T08:15:01.148318+00:00
2841,1001.034,2026-09-24T08:15:01.149132+00:00
2842,1001.3559999999999,2026-09-24T08:15:01.149861+00:00
2843,1001.673,2026-09-24T08:15:01.150648+00:00
2844,1002.162,2026-09-24T08:15:01.151440+00:00
2845,1002.5200000000001,2026-09-24T08:15:01.152152+00:00
2846,1002.9159999999999,2026-09-24T08:15:01.152996+00:00
2847,1003.0559999999999,2026-09-24T08:15:01.153841+00:00
2848,1003.373,2026-09-24T08:15:01.154644+00:00
2849,1003.7629999999999,2026-09-24T08:15:01.155593+00:00
2850,1004.078,2026-09-24T08:15:01.156305+00:00
2851,1004.294,2026-09-24T08:15:01.156926+00:00
2852,1004.365,2026-09-24T08:15:01.157504+00:00
2853,1004.7029999999999,2026-09-24T08:15:01.158229+00:00
2854,1004.9010000000001,2026-09-24T08:15:01.158827+00:00
2855,1005.1490000000001,2026-09-24T08:15:01.159464+00:00
2856,1005.263,2026-09-24T08:15:01.159978+00:00
2857,1005.2479999999999,2026-09-24T08:15:01.160518+00:00
2858,1005.496,2026-09-24T08:15:01.161138+00:00
2859,1005.558,2026-09-24T08:15:01.161665+00:00
2860,1005.6899999999999,2026-09-24T08:15:01.162207+00:00
2861,1005.746,2026-09-24T08:15:01.162716+00:00
2862,1005.776,2026-09-24T08:15:01.163163+00:00
2863,1006.1709999999999,2026-09-24T08:15:01.163949+00:00
2864,1006.172,2026-09-24T08:15:01.164408+00:00
2865,1006.332,2026-09-24T08:15:01.164941+00:00
2866,1006.819,2026-09-24T08:15:01.165820+00:00
2867,1006.96,2026-09-24T08:15:01.166381+00:00
2868,1007.1619999999999,2026-09-24T08:15:01.167030+00:00
2869,1007.2669999999999,2026-09-24T08:15:01.167546+00:00
2870,1007.3570000000001,2026-09-24T08:15:01.168034+00:00
2871,1007.528,2026-09-24T08:15:01.168596+00:00
2872,1007.9480000000001,2026-09-24T08:15:01.169353+00:00
2873,1008.1990000000001,2026-09-24T08:15:01.170038+00:00
2874,1008.53,2026-09-24T08:15:01.170750+00:00
2875,1008.985,2026-09-24T08:15:01.171545+00:00
2876,1009.1380000000001,2026-09-24T08:15:01.172072+00:00
2877,1009.3270000000001,2026-09-24T08:15:01.172564+00:00
2878,1009.4860000000001,2026-09-24T08:15:01.173092+00:00
2879,1009.7,2026-09-24T08:15:01.173660+00:00
2880,1009.919,2026-09-24T08:15:01.174231+00:00
2881,1010.141,2026-09-24T08:15:01.174765+00:00
2882,1010.5459999999999,2026-09-24T08:15:01.175515+00:00
2883,1010.775,2026-09-24T08:15:01.176066+00:00
2884,1011.083,2026-09-24T08:15:01.176772+00:00
2885,1011.3760000000001,2026-09-24T08:15:01.177388+00:00
2886,1011.8009999999999,2026-09-24T08:15:01.178105+00:00
2887,1012.1329999999999,2026-09-24T08:15:01.178813+00:00
2888,1012.451,2026-09-24T08:15:01.179492+00:00
2889,1012.518,2026-09-24T08:15:01.179954+00:00
2890,1012.3729999999999,2026-09-24T08:15:01.180407+00:00
2891,1012.8960000000001,2026-09-24T08:15:01.181469+00:00
2892,1013.25,2026-09-24T08:15:01.182240+00:00
2893,1013.4989999999999,2026-09-24T08:15:01.182867+00:00
2894,1013.994,2026-09-24T08:15:01.183748+00:00
2895,1014.4040000000001,2026-09-24T08:15:01.184543+00:00
2896,1014.689,2026-09-24T08:15:01.185186+00:00
2897,1015.015,2026-09-24T08:15:01.185931+00:00
2898,1015.2209999999999,2026-09-24T08:15:01.186555+00:00
2899,1015.4909999999999,2026-09-24T08:15:01.187197+00:00
2900,1047.601,2026-09-24T08:15:01.219698+00:00
2901,1048.527,2026-09-24T08:15:01.221026+00:00
2902,1048.99,2026-09-24T08:15:01.221871+00:00
2903,1049.3799999999999,2026-09-24T08:15:01.222772+00:00
2904,1049.4650000000001,2026-09-24T08:15:01.223313+00:00
2905,1049.907,2026-09-24T08:15:01.224196+00:00
2906,1050.042,2026-09-24T08:15:01.224722+00:00
2907,1050.297,2026-09-24T08:15:01.225319+00:00
2908,1050.4009999999998,2026-09-24T08:15:01.225849+00:00
2909,1050.5240000000001,2026-09-24T08:15:01.226449+00:00
2910,1050.585,2026-09-24T08:15:01.226937+00:00
2911,1050.8919999999998,2026-09-24T08:15:01.227613+00:00
2912,1051.292,2026-09-24T08:15:01.228456+00:00
2913,1051.582,2026-09-24T08:15:01.229082+00:00
2914,1051.805,2026-09-24T08:15:01.229634+00:00
2915,1051.892,2026-09-24T08:15:01.230155+00:00
2916,1051.9989999999998,2026-09-24T08:15:01.230780+00:00
2917,1052.124,2026-09-24T08:15:01.231272+00:00
2918,1052.24,2026-09-24T08:15:01.231767+00:00
2919,1052.347,2026-09-24T08:15:01.232219+00:00
2920,1052.269,2026-09-24T08:15:01.232667+00:00
2921,1052.279,2026-09-24T08:15:01.233132+00:00
2922,1052.4679999999998,2026-09-24T08:15:01.233755+00:00
2923,1052.616,2026-09-24T08:15:01.234307+00:00
2924,1053.1589999999999,2026-09-24T08:15:01.235170+00:00
2925,1053.395,2026-09-24T08:15:01.235715+00:00
2926,1053.5159999999998,2026-09-24T08:15:01.236216+00:00
2927,1053.813,2026-09-24T08:15:01.236853+00:00
2928,1053.8719999999998,2026-09-24T08:15:01.237298+00:00
2929,1054.0339999999999,2026-09-24T08:15:01.237893+00:00
2930,1054.276,2026-09-24T08:15:01.238518+00:00
2931,1054.5919999999999,2026-09-24T08:15:01.239260+00:00
2932,1054.89,2026-09-24T08:15:01.239945+00:00
2933,1055.083,2026-09-24T08:15:01.240565+00:00
2934,1055.255,2026-09-24T08:15:01.241148+00:00
2935,1055.3380000000002,2026-09-24T08:15:01.241650+00:00
2936,1055.683,2026-09-24T08:15:01.242294+00:00
2937,1055.955,2026-09-24T08:15:01.242908+00:00
2938,1024.361,2026-09-24T08:15:01.243713+00:00
2939,1023.9430000000001,2026-09-24T08:15:01.244235+00:00
2940,1023.8380000000001,2026-09-24T08:15:01.244765+00:00
2941,1023.8799999999999,2026-09-24T08:15:01.245287+00:00
2942,1023.814,2026-09-24T08:15:01.245812+00:00
2943,1023.968,2026-09-24T08:15:01.246454+00:00
2944,1024.136,2026-09-24T08:15:01.247051+00:00
2945,1024.2720000000002,2026-09-24T08:15:01.247586+00:00
2946,1024.5249999999999,2026-09-24T08:15:01.248234+00:00
2947,1024.775,2026-09-24T08:15:01.248812+00:00
2948,1024.799,2026-09-24T08:15:01.249228+00:00
2949,1025.051,2026-09-24T08:15:01.249834+00:00
2950,1025.4,2026-09-24T08:15:01.250467+00:00
2951,1025.654,2026-09-24T08:15:01.251191+00:00
2952,1025.702,2026-09-24T08:15:01.251783+00:00
2953,1025.7920000000001,2026-09-24T08:15:01.252338+00:00
2954,1025.855,2026-09-24T08:15:01.252831+00:00
2955,1026.0210000000002,2026-09-24T08:15:01.253397+00:00
2956,1026.1979999999999,2026-09-24T08:15:01.253946+00:00
2957,1026.5539999999999,2026-09-24T08:15:01.254624+00:00
2958,1026.796,2026-09-24T08:15:01.255229+00:00
2959,1026.9479999999999,2026-09-24T08:15:01.255716+00:00
2960,1027.088,2026-09-24T08:15:01.256219+00:00
2961,1027.21,2026-09-24T08:15:01.256704+00:00
2962,1027.328,2026-09-24T08:15:01.257147+00:00
2963,1027.549,2026-09-24T08:15:01.257698+00:00
2964,1027.6190000000001,2026-09-24T08:15:01.258157+00:00
2965,1027.8229999999999,2026-09-24T08:15:01.258665+00:00
2966,1027.8229999999999,2026-09-24T08:15:01.259092+00:00
2967,1027.896,2026-09-24T08:15:01.259624+00:00
2968,1028.18,2026-09-24T08:15:01.260331+00:00
2969,1028.384,2026-09-24T08:15:01.260848+00:00
2970,1028.567,2026-09-24T08:15:01.261380+00:00
2971,1028.669,2026-09-24T08:15:01.261908+00:00
2972,1028.8990000000001,2026-09-24T08:15:01.262510+00:00
2973,1029.223,2026-09-24T08:15:01.263161+00:00
2974,1029.414,2026-09-24T08:15:01.263690+00:00
2975,1029.584,2026-09-24T08:15:01.264292+00:00
2976,1029.7320000000002,2026-09-24T08:15:01.264847+00:00
2977,1030.102,2026-09-24T08:15:01.265602+00:00
2978,1030.354,2026-09-24T08:15:01.266224+00:00
2979,1030.559,2026-09-24T08:15:01.266758+00:00
2980,1030.817,2026-09-24T08:15:01.267371+00:00
2981,1030.937,2026-09-24T08:15:01.267850+00:00
2982,1031.064,2026-09-24T08:15:01.268342+00:00
2983,1031.249,2026-09-24T08:15:01.268865+00:00
2984,1031.468,2026-09-24T08:15:01.269427+00:00
2985,1031.549,2026-09-24T08:15:01.269896+00:00
2986,1031.7849999999999,2026-09-24T08:15:01.270501+00:00
2987,1032.019,2026-09-24T08:15:01.271194+00:00
2988,1032.275,2026-09-24T08:15:01.271752+00:00
2989,1032.404,2026-09-24T08:15:01.272289+00:00
2990,1032.582,2026-09-24T08:15:01.272861+00:00
2991,1032.747,2026-09-24T08:15:01.273448+00:00
2992,1032.8120000000001,2026-09-24T08:15:01.273938+00:00
2993,1032.97,2026-09-24T08:15:01.274436+00:00
2994,1033.119,2026-09-24T08:15:01.274914+00:00
2995,1033.078,2026-09-24T08:15:01.275324+00:00
2996,1033.2749999999999,2026-09-24T08:15:01.275894+00:00
2997,1033.48,2026-09-24T08:15:01.276451+00:00
2998,1033.6870000000001,2026-09-24T08:15:01.277003+00:00
2999,1033.866,2026-09-24T08:15:01.277545+00:00
3000,1034.1860000000001,2026-09-24T08:15:01.278129+00:00
3001,1034.543,2026-09-24T08:15:01.278744+00:00
3002,1034.728,2026-09-24T08:15:01.279307+00:00
3003,1034.856,2026-09-24T08:15:01.279863+00:00
3004,1035.075,2026-09-24T08:15:01.280455+00:00
3005,1035.222,2026-09-24T08:15:01.281067+00:00
3006,1035.4399999999998,2026-09-24T08:15:01.281596+00:00
3007,1035.59,2026-09-24T08:15:01.282112+00:00
3008,1035.86,2026-09-24T08:15:01.282701+00:00
3009,1036.0549999999998,2026-09-24T08:15:01.283197+00:00
3010,1036.211,2026-09-24T08:15:01.283763+00:00
3011,1036.2279999999998,2026-09-24T08:15:01.284307+00:00
3012,1036.309,2026-09-24T08:15:01.284772+00:00
3013,1036.462,2026-09-24T08:15:01.285279+00:00
3014,1036.77,2026-09-24T08:15:01.285960+00:00
3015,1036.934,2026-09-24T08:15:01.286451+00:00
3016,1036.977,2026-09-24T08:15:01.286878+00:00
3017,1036.8809999999999,2026-09-24T08:15:01.287265+00:00
3018,1067.768,2026-09-24T08:15:01.318504+00:00
3019,1068.43,2026-09-24T08:15:01.319511+00:00
3020,1068.748,2026-09-24T08:15:01.320184+00:00
3021,1068.941,2026-09-24T08:15:01.320786+00:00
3022,1068.908,2026-09-24T08:15:01.321174+00:00
3023,1069.223,2026-09-24T08:15:01.321843+00:00
3024,1069.188,2026-09-24T08:15:01.322360+00:00
3025,1069.317,2026-09-24T08:15:01.322898+00:00
3026,1069.449,2026-09-24T08:15:01.323441+00:00
3027,1069.5639999999999,2026-09-24T08:15:01.323890+00:00
3028,1069.7259999999999,2026-09-24T08:15:01.324479+00:00
3029,1069.9350000000002,2026-09-24T08:15:01.325084+00:00
3030,1070.268,2026-09-24T08:15:01.325755+00:00
3031,1070.271,2026-09-24T08:15:01.326251+00:00
3032,1070.5849999999998,2026-09-24T08:15:01.326908+00:00
3033,1070.902,2026-09-24T08:15:01.327534+00:00
3034,1071.1660000000002,2026-09-24T08:15:01.328142+00:00
3035,1071.323,2026-09-24T08:15:01.328646+00:00
3036,1071.673,2026-09-24T08:15:01.329301+00:00
3037,1071.787,2026-09-24T08:15:01.329803+00:00
3038,1072.093,2026-09-24T08:15:01.330500+00:00
3039,1072.143,2026-09-24T08:15:01.331083+00:00
3040,1072.2240000000002,2026-09-24T08:15:01.331601+00:00
3041,1072.374,2026-09-24T08:15:01.332108+00:00
3042,1072.492,2026-09-24T08:15:01.332571+00:00
3043,1072.798,2026-09-24T08:15:01.333192+00:00
3044,1072.8519999999999,2026-09-24T08:15:01.333641+00:00
3045,1073.151,2026-09-24T08:15:01.334242+00:00
3046,1073.3509999999999,2026-09-24T08:15:01.334795+00:00
3047,1073.733,2026-09-24T08:15:01.335448+00:00
3048,1073.981,2026-09-24T08:15:01.336037+00:00
3049,1074.222,2026-09-24T08:15:01.336691+00:00
3050,1074.294,2026-09-24T08:15:01.337197+00:00
3051,1074.375,2026-09-24T08:15:01.337818+00:00
3052,1074.429,2026-09-24T08:15:01.338297+00:00
3053,1074.897,2026-09-24T08:15:01.339116+00:00
3054,1075.024,2026-09-24T08:15:01.339633+00:00
3055,1075.292,2026-09-24T08:15:01.340256+00:00
3056,1075.4889999999998,2026-09-24T08:15:01.340793+00:00
3057,1075.6760000000002,2026-09-24T08:15:01.341369+00:00
3058,1075.882,2026-09-24T08:15:01.341914+00:00
3059,1076.052,2026-09-24T08:15:01.342446+00:00
3060,1076.3709999999999,2026-09-24T08:15:01.343100+00:00
3061,1076.634,2026-09-24T08:15:01.343655+00:00
3062,1076.973,2026-09-24T08:15:01.344327+00:00
3063,1077.075,2026-09-24T08:15:01.344807+00:00
3064,1077.335,2026-09-24T08:15:01.345368+00:00
3065,1078.016,2026-09-24T08:15:01.346513+00:00
3066,1078.1799999999998,2026-09-24T08:15:01.347011+00:00
3067,1078.383,2026-09-24T08:15:01.347569+00:00
3068,1078.624,2026-09-24T08:15:01.348231+00:00
3069,1078.796,2026-09-24T08:15:01.348815+00:00
3070,1079.112,2026-09-24T08:15:01.349473+00:00
3071,1079.375,2026-09-24T08:15:01.350114+00:00
3072,1079.68,2026-09-24T08:15:01.350733+00:00
3073,1079.763,2026-09-24T08:15:01.351277+00:00
3074,1079.8049999999998,2026-09-24T08:15:01.351732+00:00
3075,1080.009,2026-09-24T08:15:01.352341+00:00
3076,1080.136,2026-09-24T08:15:01.352832+00:00
3077,1080.317,2026-09-24T08:15:01.353373+00:00
3078,1080.6860000000001,2026-09-24T08:15:01.354112+00:00
3079,1080.951,2026-09-24T08:15:01.354731+00:00
3080,1080.964,2026-09-24T08:15:01.355214+00:00
3081,1081.096,2026-09-24T08:15:01.355817+00:00
3082,1081.446,2026-09-24T08:15:01.356488+00:00
3083,1081.6889999999999,2026-09-24T08:15:01.357141+00:00
3084,1081.957,2026-09-24T08:15:01.357758+00:00
3085,1082.073,2026-09-24T08:15:01.358235+00:00
3086,1082.264,2026-09-24T08:15:01.358836+00:00
3087,1082.511,2026-09-24T08:15:01.359407+00:00
3088,1082.732,2026-09-24T08:15:01.359951+00:00
3089,1082.777,2026-09-24T08:15:01.360405+00:00
3090,1083.047,2026-09-24T08:15:01.361132+00:00
3091,1083.524,2026-09-24T08:15:01.361963+00:00
3092,1083.747,2026-09-24T08:15:01.362517+00:00
3093,1083.939,2026-09-24T08:15:01.363041+00:00
3094,1084.096,2026-09-24T08:15:01.363589+00:00
3095,1084.421,2026-09-24T08:15:01.364231+00:00
3096,1084.664,2026-09-24T08:15:01.364851+00:00
3097,1084.729,2026-09-24T08:15:01.365337+00:00
3098,1084.794,2026-09-24T08:15:01.365765+00:00
3099,1084.859,2026-09-24T08:15:01.366235+00:00
3100,1084.952,2026-09-24T08:15:01.366740+00:00
3101,1085.283,2026-09-24T08:15:01.367326+00:00
3102,1085.463,2026-09-24T08:15:01.367807+00:00
3103,1085.589,2026-09-24T08:15:01.368249+00:00
3104,1085.768,2026-09-24T08:15:01.368900+00:00
3105,1086.029,2026-09-24T08:15:01.369573+00:00
3106,1086.3370000000002,2026-09-24T08:15:01.370232+00:00
3107,1086.849,2026-09-24T08:15:01.371050+00:00
3108,1087.198,2026-09-24T08:15:01.371698+00:00
3109,1053.645,2026-09-24T08:15:01.372326+00:00
3110,1053.444,2026-09-24T08:15:01.373032+00:00
3111,1053.698,2026-09-24T08:15:01.373741+00:00
3112,1053.972,2026-09-24T08:15:01.374462+00:00
3113,1054.0929999999998,2026-09-24T08:15:01.375037+00:00
3114,1054.337,2026-09-24T08:15:01.375725+00:00
3115,1054.507,2026-09-24T08:15:01.376384+00:00
3116,1054.637,2026-09-24T08:15:01.377149+00:00
3117,1054.675,2026-09-24T08:15:01.377769+00:00
3118,1054.829,2026-09-24T08:15:01.378334+00:00
3119,1054.9679999999998,2026-09-24T08:15:01.378883+00:00
3120,1055.045,2026-09-24T08:15:01.379329+00:00
3121,1054.896,2026-09-24T08:15:01.379813+00:00
3122,1055.0349999999999,2026-09-24T08:15:01.380354+00:00
3123,1055.203,2026-09-24T08:15:01.380869+00:00
3124,1055.264,2026-09-24T08:15:01.381429+00:00
3125,1055.134,2026-09-24T08:15:01.381957+00:00
3126,1055.062,2026-09-24T08:15:01.382454+00:00
3127,1055.193,2026-09-24T08:15:01.383073+00:00
3128,1055.239,2026-09-24T08:15:01.383541+00:00
3129,1055.3680000000002,2026-09-24T08:15:01.384052+00:00
3130,1055.824,2026-09-24T08:15:01.384910+00:00
3131,1055.838,2026-09-24T08:15:01.385404+00:00
3132,1056.246,2026-09-24T08:15:01.386161+00:00
3133,1089.567,2026-09-24T08:15:01.419858+00:00
3134,1090.845,2026-09-24T08:15:01.421518+00:00
3135,1091.473,2026-09-24T08:15:01.422666+00:00
3136,1092.109,2026-09-24T08:15:01.423639+00:00
3137,1092.6560000000002,2026-09-24T08:15:01.424609+00:00
3138,1092.996,2026-09-24T08:15:01.425457+00:00
3139,1093.0610000000001,2026-09-24T08:15:01.426033+00:00
3140,1093.116,2026-09-24T08:15:01.426492+00:00
3141,1093.352,2026-09-24T08:15:01.427051+00:00
3142,1093.682,2026-09-24T08:15:01.427730+00:00
3143,1093.828,2026-09-24T08:15:01.428223+00:00
3144,1094.231,2026-09-24T08:15:01.428939+00:00
3145,1094.265,2026-09-24T08:15:01.429438+00:00
3146,1094.43,2026-09-24T08:15:01.430144+00:00
3147,1094.682,2026-09-24T08:15:01.430838+00:00
3148,1094.699,2026-09-24T08:15:01.431456+00:00
3149,1094.828,2026-09-24T08:15:01.432106+00:00
3150,1094.9279999999999,2026-09-24T08:15:01.432707+00:00
3151,1094.839,2026-09-24T08:15:01.433219+00:00
3152,1094.7469999999998,2026-09-24T08:15:01.434103+00:00
3153,1094.873,2026-09-24T08:15:01.434842+00:00
3154,1094.971,2026-09-24T08:15:01.435398+00:00
3155,1094.9869999999999,2026-09-24T08:15:01.435895+00:00
3156,1094.95,2026-09-24T08:15:01.436432+00:00
3157,1094.878,2026-09-24T08:15:01.436922+00:00
3158,1094.9199999999998,2026-09-24T08:15:01.437404+00:00
3159,1095.112,2026-09-24T08:15:01.437960+00:00
3160,1095.1770000000001,2026-09-24T08:15:01.438397+00:00
3161,1095.225,2026-09-24T08:15:01.438911+00:00
3162,1095.115,2026-09-24T08:15:01.439331+00:00
3163,1095.4850000000001,2026-09-24T08:15:01.440128+00:00
3164,1095.685,2026-09-24T08:15:01.440713+00:00
3165,1095.652,2026-09-24T08:15:01.441228+00:00
3166,1095.887,2026-09-24T08:15:01.441829+00:00
3167,1096.087,2026-09-24T08:15:01.442380+00:00
3168,1096.12,2026-09-24T08:15:01.442834+00:00
3169,1096.183,2026-09-24T08:15:01.443313+00:00
3170,1096.368,2026-09-24T08:15:01.443870+00:00
3171,1096.3670000000002,2026-09-24T08:15:01.444282+00:00
3172,1096.444,2026-09-24T08:15:01.444749+00:00
3173,1096.744,2026-09-24T08:15:01.445435+00:00
3174,1096.795,2026-09-24T08:15:01.445904+00:00
3175,1096.768,2026-09-24T08:15:01.446327+00:00
3176,1096.678,2026-09-24T08:15:01.446849+00:00
3177,1096.7849999999999,2026-09-24T08:15:01.447503+00:00
3178,1096.892,2026-09-24T08:15:01.448047+00:00
3179,1097.035,2026-09-24T08:15:01.448619+00:00
3180,1097.1660000000002,2026-09-24T08:15:01.449183+00:00
3181,1097.199,2026-09-24T08:15:01.449660+00:00
3182,1097.3139999999999,2026-09-24T08:15:01.450163+00:00
3183,1097.5569999999998,2026-09-24T08:15:01.450954+00:00
3184,1097.672,2026-09-24T08:15:01.451540+00:00
3185,1097.641,2026-09-24T08:15:01.451970+00:00
3186,1097.981,2026-09-24T08:15:01.452630+00:00
3187,1098.305,2026-09-24T08:15:01.453288+00:00
3188,1098.498,2026-09-24T08:15:01.453843+00:00
3189,1098.655,2026-09-24T08:15:01.454314+00:00
3190,1098.775,2026-09-24T08:15:01.454837+00:00
3191,1098.9180000000001,2026-09-24T08:15:01.455354+00:00
3192,1099.2649999999999,2026-09-24T08:15:01.456020+00:00
3193,1099.585,2026-09-24T08:15:01.456664+00:00
3194,1099.407,2026-09-24T08:15:01.457124+00:00
3195,1099.6280000000002,2026-09-24T08:15:01.457699+00:00
3196,1099.723,2026-09-24T08:15:01.458178+00:00
3197,1099.845,2026-09-24T08:15:01.458777+00:00
3198,1100.3339999999998,2026-09-24T08:15:01.459695+00:00
3199,1100.69,2026-09-24T08:15:01.460425+00:00
3200,1101.138,2026-09-24T08:15:01.461224+00:00
3201,1101.397,2026-09-24T08:15:01.461947+00:00
3202,1101.531,2026-09-24T08:15:01.462678+00:00
3203,1101.6950000000002,2026-09-24T08:15:01.463290+00:00
3204,1101.831,2026-09-24T08:15:01.463886+00:00
3205,1101.881,2026-09-24T08:15:01.464408+00:00
3206,1102.125,2026-09-24T08:15:01.464998+00:00
3207,1102.309,2026-09-24T08:15:01.465591+00:00
3208,1102.442,2026-09-24T08:15:01.466080+00:00
3209,1102.426,2026-09-24T08:15:01.466641+00:00
3210,1101.893,2026-09-24T08:15:01.467047+00:00
3211,1101.692,2026-09-24T08:15:01.467572+00:00
3212,1101.434,2026-09-24T08:15:01.468096+00:00
3213,1101.451,2026-09-24T08:15:01.468608+00:00
3214,1101.589,2026-09-24T08:15:01.469170+00:00
3215,1101.773,2026-09-24T08:15:01.469810+00:00
3216,1101.8129999999999,2026-09-24T08:15:01.470289+00:00
3217,1101.808,2026-09-24T08:15:01.470724+00:00
3218,1101.817,2026-09-24T08:15:01.471169+00:00
3219,1101.7140000000002,2026-09-24T08:15:01.471668+00:00
3220,1101.711,2026-09-24T08:15:01.472271+00:00
3221,1101.8190000000002,2026-09-24T08:15:01.472883+00:00
3222,1101.969,2026-09-24T08:15:01.473549+00:00
3223,1102.095,2026-09-24T08:15:01.474125+00:00
3224,1102.233,2026-09-24T08:15:01.474761+00:00
3225,1102.318,2026-09-24T08:15:01.475243+00:00
3226,1102.336,2026-09-24T08:15:01.475796+00:00
3227,1102.7350000000001,2026-09-24T08:15:01.476576+00:00
3228,1102.9,2026-09-24T08:15:01.477174+00:00
3229,1102.8629999999998,2026-09-24T08:15:01.477859+00:00
3230,1102.8929999999998,2026-09-24T08:15:01.478424+00:00
3231,1103.17,2026-09-24T08:15:01.479122+00:00
3232,1103.291,2026-09-24T08:15:01.479811+00:00
3233,1103.435,2026-09-24T08:15:01.480378+00:00
3234,1103.608,2026-09-24T08:15:01.480973+00:00
3235,1103.724,2026-09-24T08:15:01.481508+00:00
3236,1103.76,2026-09-24T08:15:01.481970+00:00
3237,1104.0049999999999,2026-09-24T08:15:01.482529+00:00
3238,1104.124,2026-09-24T08:15:01.482990+00:00
3239,1104.4099999999999,2026-09-24T08:15:01.483566+00:00
3240,1104.639,2026-09-24T08:15:01.484179+00:00
3241,1104.674,2026-09-24T08:15:01.484672+00:00
3242,1139.54,2026-09-24T08:15:01.519874+00:00
3243,1140.302,2026-09-24T08:15:01.521115+00:00
3244,1140.761,2026-09-24T08:15:01.521984+00:00
3245,1141.003,2026-09-24T08:15:01.522802+00:00
3246,1141.2420000000002,2026-09-24T08:15:01.523438+00:00
3247,1141.585,2026-09-24T08:15:01.524204+00:00
3248,1142.042,2026-09-24T08:15:01.524993+00:00
3249,1142.55,2026-09-24T08:15:01.525808+00:00
3250,1143.31,2026-09-24T08:15:01.526938+00:00
3251,1143.912,2026-09-24T08:15:01.527938+00:00
3252,1144.42,2026-09-24T08:15:01.528766+00:00
3253,1145.0240000000001,2026-09-24T08:15:01.529706+00:00
3254,1145.547,2026-09-24T08:15:01.530594+00:00
3255,1145.785,2026-09-24T08:15:01.531249+00:00
3256,1145.9850000000001,2026-09-24T08:15:01.531839+00:00
3257,1146.0900000000001,2026-09-24T08:15:01.532403+00:00
3258,1146.62,2026-09-24T08:15:01.533317+00:00
3259,1115.423,2026-09-24T08:15:01.534048+00:00
3260,1114.991,2026-09-24T08:15:01.534858+00:00
3261,1115.0040000000001,2026-09-24T08:15:01.535432+00:00
3262,1115.0690000000002,2026-09-24T08:15:01.535942+00:00
3263,1115.199,2026-09-24T08:15:01.536520+00:00
3264,1115.4189999999999,2026-09-24T08:15:01.537121+00:00
3265,1115.8570000000002,2026-09-24T08:15:01.537985+00:00
3266,1116.06,2026-09-24T08:15:01.538604+00:00
3267,1116.56,2026-09-24T08:15:01.539437+00:00
3268,1116.74,2026-09-24T08:15:01.539993+00:00
3269,1117.128,2026-09-24T08:15:01.540801+00:00
3270,1117.2740000000001,2026-09-24T08:15:01.541399+00:00
3271,1117.5720000000001,2026-09-24T08:15:01.542063+00:00
3272,1117.896,2026-09-24T08:15:01.542672+00:00
3273,1118.107,2026-09-24T08:15:01.543222+00:00
3274,1118.379,2026-09-24T08:15:01.543952+00:00
3275,1118.79,2026-09-24T08:15:01.544773+00:00
3276,1119.114,2026-09-24T08:15:01.545379+00:00
3277,1119.5870000000002,2026-09-24T08:15:01.546206+00:00
3278,1120.377,2026-09-24T08:15:01.547291+00:00
3279,1120.723,2026-09-24T08:15:01.548022+00:00
3280,1121.273,2026-09-24T08:15:01.548956+00:00
3281,1121.75,2026-09-24T08:15:01.549773+00:00
3282,1122.2369999999999,2026-09-24T08:15:01.550690+00:00
3283,1122.626,2026-09-24T08:15:01.551382+00:00
3284,1123.1519999999998,2026-09-24T08:15:01.552225+00:00
3285,1123.4820000000002,2026-09-24T08:15:01.552824+00:00
3286,1123.788,2026-09-24T08:15:01.553488+00:00
3287,1123.9650000000001,2026-09-24T08:15:01.553976+00:00
3288,1124.297,2026-09-24T08:15:01.554602+00:00
3289,1124.398,2026-09-24T08:15:01.555111+00:00
3290,1124.8290000000002,2026-09-24T08:15:01.555853+00:00
3291,1125.389,2026-09-24T08:15:01.556777+00:00
3292,1125.594,2026-09-24T08:15:01.557469+00:00
3293,1125.68,2026-09-24T08:15:01.557912+00:00
3294,1125.938,2026-09-24T08:15:01.558529+00:00
3295,1126.1429999999998,2026-09-24T08:15:01.559179+00:00
3296,1126.1699999999998,2026-09-24T08:15:01.559610+00:00
3297,1126.198,2026-09-24T08:15:01.560078+00:00
3298,1126.312,2026-09-24T08:15:01.560571+00:00
3299,1126.519,2026-09-24T08:15:01.561249+00:00
3300,1126.792,2026-09-24T08:15:01.561874+00:00
3301,1126.9560000000001,2026-09-24T08:15:01.562464+00:00
3302,1127.117,2026-09-24T08:15:01.562967+00:00
3303,1127.47,2026-09-24T08:15:01.563649+00:00
3304,1127.616,2026-09-24T08:15:01.564126+00:00
3305,1127.975,2026-09-24T08:15:01.564801+00:00
3306,1128.018,2026-09-24T08:15:01.565286+00:00
3307,1128.1699999999998,2026-09-24T08:15:01.565752+00:00
3308,1128.2669999999998,2026-09-24T08:15:01.566274+00:00
3309,1128.381,2026-09-24T08:15:01.566694+00:00
3310,1128.587,2026-09-24T08:15:01.567291+00:00
3311,1128.857,2026-09-24T08:15:01.567878+00:00
3312,1129.292,2026-09-24T08:15:01.568595+00:00
3313,1129.5420000000001,2026-09-24T08:15:01.569155+00:00
3314,1129.629,2026-09-24T08:15:01.569644+00:00
3315,1129.809,2026-09-24T08:15:01.570151+00:00
3316,1130.269,2026-09-24T08:15:01.570892+00:00
3317,1130.32,2026-09-24T08:15:01.571314+00:00
3318,1130.4279999999999,2026-09-24T08:15:01.571922+00:00
3319,1130.886,2026-09-24T08:15:01.572719+00:00
3320,1131.037,2026-09-24T08:15:01.573275+00:00
3321,1131.079,2026-09-24T08:15:01.573775+00:00
3322,1131.2450000000001,2026-09-24T08:15:01.574276+00:00
3323,1131.3990000000001,2026-09-24T08:15:01.574766+00:00
3324,1131.692,2026-09-24T08:15:01.575401+00:00
3325,1131.922,2026-09-24T08:15:01.576010+00:00
3326,1132.2559999999999,2026-09-24T08:15:01.576733+00:00
3327,1132.385,2026-09-24T08:15:01.577290+00:00
3328,1132.511,2026-09-24T08:15:01.577762+00:00
3329,1132.632,2026-09-24T08:15:01.578232+00:00
3330,1132.973,2026-09-24T08:15:01.578970+00:00
3331,1133.299,2026-09-24T08:15:01.579646+00:00
3332,1133.433,2026-09-24T08:15:01.580095+00:00
3333,1133.711,2026-09-24T08:15:01.580689+00:00
3334,1133.923,2026-09-24T08:15:01.581249+00:00
3335,1134.045,2026-09-24T08:15:01.581706+00:00
3336,1134.241,2026-09-24T08:15:01.582255+00:00
3337,1134.512,2026-09-24T08:15:01.582827+00:00
3338,1134.725,2026-09-24T08:15:01.583335+00:00
3339,1134.995,2026-09-24T08:15:01.583936+00:00
3340,1135.226,2026-09-24T08:15:01.584492+00:00
3341,1135.536,2026-09-24T08:15:01.585091+00:00
3342,1136.069,2026-09-24T08:15:01.585898+00:00
3343,1136.411,2026-09-24T08:15:01.586525+00:00
3344,1136.593,2026-09-24T08:15:01.586985+00:00
3345,1136.654,2026-09-24T08:15:01.587371+00:00
3346,1136.9260000000002,2026-09-24T08:15:01.588044+00:00
3347,1136.961,2026-09-24T08:15:01.588467+00:00
3348,1136.999,2026-09-24T08:15:01.588871+00:00
3349,1137.1070000000002,2026-09-24T08:15:01.589365+00:00
3350,1137.2839999999999,2026-09-24T08:15:01.589952+00:00
3351,1137.3120000000001,2026-09-24T08:15:01.590393+00:00
3352,1165.4389999999999,2026-09-24T08:15:01.618891+00:00
3353,1166.456,2026-09-24T08:15:01.620343+00:00
3354,1166.734,2026-09-24T08:15:01.620997+00:00
3355,1166.9959999999999,2026-09-24T08:15:01.621636+00:00
3356,1167.289,2026-09-24T08:15:01.622312+00:00
3357,1167.5500000000002,2026-09-24T08:15:01.622903+00:00
3358,1167.7759999999998,2026-09-24T08:15:01.623475+00:00
3359,1168.1090000000002,2026-09-24T08:15:01.624116+00:00
3360,1168.339,2026-09-24T08:15:01.624689+00:00
3361,1168.481,2026-09-24T08:15:01.625282+00:00
3362,1168.524,2026-09-24T08:15:01.625782+00:00
3363,1168.6870000000001,2026-09-24T08:15:01.626312+00:00
3364,1168.813,2026-09-24T08:15:01.626792+00:00
3365,1168.912,2026-09-24T08:15:01.627211+00:00
3366,1169.0629999999999,2026-09-24T08:15:01.627704+00:00
3367,1169.241,2026-09-24T08:15:01.628205+00:00
3368,1169.278,2026-09-24T08:15:01.628669+00:00
3369,1169.655,2026-09-24T08:15:01.629407+00:00
3370,1169.943,2026-09-24T08:15:01.630062+00:00
3371,1170.3049999999998,2026-09-24T08:15:01.630952+00:00
3372,1170.558,2026-09-24T08:15:01.631716+00:00
3373,1170.704,2026-09-24T08:15:01.632364+00:00
3374,1170.898,2026-09-24T08:15:01.633015+00:00
3375,1171.14,2026-09-24T08:15:01.633619+00:00
3376,1171.306,2026-09-24T08:15:01.634176+00:00
3377,1171.697,2026-09-24T08:15:01.634950+00:00
3378,1171.821,2026-09-24T08:15:01.635554+00:00
3379,1172.297,2026-09-24T08:15:01.636463+00:00
3380,1172.508,2026-09-24T08:15:01.637087+00:00
3381,1172.742,2026-09-24T08:15:01.637670+00:00
3382,1173.152,2026-09-24T08:15:01.638432+00:00
3383,1173.3990000000001,2026-09-24T08:15:01.639070+00:00
3384,1173.606,2026-09-24T08:15:01.639725+00:00
3385,1173.845,2026-09-24T08:15:01.640358+00:00
3386,1174.026,2026-09-24T08:15:01.640890+00:00
3387,1174.279,2026-09-24T08:15:01.641513+00:00
3388,1174.329,2026-09-24T08:15:01.642002+00:00
3389,1174.555,2026-09-24T08:15:01.642538+00:00
3390,1174.7259999999999,2026-09-24T08:15:01.643036+00:00
3391,1174.944,2026-09-24T08:15:01.643658+00:00
3392,1174.964,2026-09-24T08:15:01.644160+00:00
3393,1175.102,2026-09-24T08:15:01.644733+00:00
3394,1175.2350000000001,2026-09-24T08:15:01.645189+00:00
3395,1175.48,2026-09-24T08:15:01.645766+00:00
3396,1175.678,2026-09-24T08:15:01.646350+00:00
3397,1175.916,2026-09-24T08:15:01.646951+00:00
3398,1176.172,2026-09-24T08:15:01.647561+00:00
3399,1176.367,2026-09-24T08:15:01.648125+00:00
3400,1176.592,2026-09-24T08:15:01.648769+00:00
3401,1176.7540000000001,2026-09-24T08:15:01.649322+00:00
3402,1177.08,2026-09-24T08:15:01.650044+00:00
3403,1177.576,2026-09-24T08:15:01.650865+00:00
3404,1178.0120000000002,2026-09-24T08:15:01.651590+00:00
3405,1178.412,2026-09-24T08:15:01.652313+00:00
3406,1178.839,2026-09-24T08:15:01.653094+00:00
3407,1179.301,2026-09-24T08:15:01.653864+00:00
3408,1179.942,2026-09-24T08:15:01.654892+00:00
3409,1180.127,2026-09-24T08:15:01.655374+00:00
3410,1180.475,2026-09-24T08:15:01.656156+00:00
3411,1181.133,2026-09-24T08:15:01.657121+00:00
3412,1181.521,2026-09-24T08:15:01.657819+00:00
3413,1181.737,2026-09-24T08:15:01.658374+00:00
3414,1181.906,2026-09-24T08:15:01.658837+00:00
3415,1181.997,2026-09-24T08:15:01.659229+00:00
3416,1182.2060000000001,2026-09-24T08:15:01.659883+00:00
3417,1182.278,2026-09-24T08:15:01.660312+00:00
3418,1182.513,2026-09-24T08:15:01.660827+00:00
3419,1182.6019999999999,2026-09-24T08:15:01.661271+00:00
3420,1182.648,2026-09-24T08:15:01.661689+00:00
3421,1182.765,2026-09-24T08:15:01.662135+00:00
3422,1182.984,2026-09-24T08:15:01.662725+00:00
3423,1183.331,2026-09-24T08:15:01.663441+00:00
3424,1183.5580000000002,2026-09-24T08:15:01.664082+00:00
3425,1183.807,2026-09-24T08:15:01.664750+00:00
3426,1184.057,2026-09-24T08:15:01.665352+00:00
3427,1184.173,2026-09-24T08:15:01.665855+00:00
3428,1184.35,2026-09-24T08:15:01.666368+00:00
3429,1184.5049999999999,2026-09-24T08:15:01.666839+00:00
3430,1184.782,2026-09-24T08:15:01.667484+00:00
3431,1184.931,2026-09-24T08:15:01.668029+00:00
3432,1185.319,2026-09-24T08:15:01.668695+00:00
3433,1185.562,2026-09-24T08:15:01.669287+00:00
3434,1185.855,2026-09-24T08:15:01.669853+00:00
3435,1185.9360000000001,2026-09-24T08:15:01.670389+00:00
3436,1185.708,2026-09-24T08:15:01.670782+00:00
3437,1185.9379999999999,2026-09-24T08:15:01.671296+00:00
3438,1152.387,2026-09-24T08:15:01.671859+00:00
3439,1151.736,2026-09-24T08:15:01.672337+00:00
3440,1151.743,2026-09-24T08:15:01.672924+00:00
3441,1151.7440000000001,2026-09-24T08:15:01.673454+00:00
3442,1151.9489999999998,2026-09-24T08:15:01.674024+00:00
3443,1152.029,2026-09-24T08:15:01.674555+00:00
3444,1152.136,2026-09-24T08:15:01.675088+00:00
3445,1152.353,2026-09-24T08:15:01.675644+00:00
3446,1152.307,2026-09-24T08:15:01.676138+00:00
3447,1152.403,2026-09-24T08:15:01.676634+00:00
3448,1152.409,2026-09-24T08:15:01.677098+00:00
3449,1152.306,2026-09-24T08:15:01.677536+00:00
3450,1152.314,2026-09-24T08:15:01.678038+00:00
3451,1152.3790000000001,2026-09-24T08:15:01.678506+00:00
3452,1152.519,2026-09-24T08:15:01.678957+00:00
3453,1152.846,2026-09-24T08:15:01.679655+00:00
3454,1153.0020000000002,2026-09-24T08:15:01.680263+00:00
3455,1153.192,2026-09-24T08:15:01.680832+00:00
3456,1153.2610000000002,2026-09-24T08:15:01.681373+00:00
3457,1153.3819999999998,2026-09-24T08:15:01.681874+00:00
3458,1153.5729999999999,2026-09-24T08:15:01.682480+00:00
3459,1153.566,2026-09-24T08:15:01.682920+00:00
3460,1153.907,2026-09-24T08:15:01.683620+00:00
3461,1153.981,2026-09-24T08:15:01.684072+00:00
3462,1188.011,2026-09-24T08:15:01.718646+00:00
3463,1188.6680000000001,2026-09-24T08:15:01.719706+00:00
3464,1189.212,2026-09-24T08:15:01.720596+00:00
3465,1189.452,2026-09-24T08:15:01.721328+00:00
3466,1189.655,2026-09-24T08:15:01.721950+00:00
3467,1190.096,2026-09-24T08:15:01.722747+00:00
3468,1190.337,2026-09-24T08:15:01.723333+00:00
3469,1190.672,2026-09-24T08:15:01.723946+00:00
3470,1190.961,2026-09-24T08:15:01.724550+00:00
3471,1191.1609999999998,2026-09-24T08:15:01.725050+00:00
3472,1191.4080000000001,2026-09-24T08:15:01.725648+00:00
3473,1191.482,2026-09-24T08:15:01.726135+00:00
3474,1191.583,2026-09-24T08:15:01.726707+00:00
3475,1191.727,2026-09-24T08:15:01.727283+00:00
3476,1191.829,2026-09-24T08:15:01.727775+00:00
3477,1192.0059999999999,2026-09-24T08:15:01.728259+00:00
3478,1192.209,2026-09-24T08:15:01.728850+00:00
3479,1192.49,2026-09-24T08:15:01.729505+00:00
3480,1192.6589999999999,2026-09-24T08:15:01.730046+00:00
3481,1192.826,2026-09-24T08:15:01.730590+00:00
3482,1193.0259999999998,2026-09-24T08:15:01.731083+00:00
3483,1193.303,2026-09-24T08:15:01.731651+00:00
3484,1193.493,2026-09-24T08:15:01.732239+00:00
3485,1193.946,2026-09-24T08:15:01.733022+00:00
3486,1194.167,2026-09-24T08:15:01.733591+00:00
3487,1194.395,2026-09-24T08:15:01.734120+00:00
3488,1194.699,2026-09-24T08:15:01.734703+00:00
3489,1195.017,2026-09-24T08:15:01.735285+00:00
3490,1195.262,2026-09-24T08:15:01.735846+00:00
3491,1195.606,2026-09-24T08:15:01.736487+00:00
3492,1195.9470000000001,2026-09-24T08:15:01.737120+00:00
3493,1196.3429999999998,2026-09-24T08:15:01.737827+00:00
3494,1196.704,2026-09-24T08:15:01.738445+00:00
3495,1197.006,2026-09-24T08:15:01.739114+00:00
3496,1197.234,2026-09-24T08:15:01.739724+00:00
3497,1197.385,2026-09-24T08:15:01.740196+00:00
3498,1197.702,2026-09-24T08:15:01.740854+00:00
3499,1198.008,2026-09-24T08:15:01.741448+00:00
3500,1198.3,2026-09-24T08:15:01.742027+00:00
3501,1198.669,2026-09-24T08:15:01.742703+00:00
3502,1199.0810000000001,2026-09-24T08:15:01.743457+00:00
3503,1199.246,2026-09-24T08:15:01.744010+00:00
3504,1199.443,2026-09-24T08:15:01.744558+00:00
3505,1199.7949999999998,2026-09-24T08:15:01.745265+00:00
3506,1200.0049999999999,2026-09-24T08:15:01.745790+00:00
3507,1200.1580000000001,2026-09-24T08:15:01.746313+00:00
3508,1200.297,2026-09-24T08:15:01.746875+00:00
3509,1200.4669999999999,2026-09-24T08:15:01.747446+00:00
3510,1200.75,2026-09-24T08:15:01.748057+00:00
3511,1201.023,2026-09-24T08:15:01.748667+00:00
3512,1201.5,2026-09-24T08:15:01.749407+00:00
3513,1201.8580000000002,2026-09-24T08:15:01.750109+00:00
3514,1202.134,2026-09-24T08:15:01.750667+00:00
3515,1202.446,2026-09-24T08:15:01.751265+00:00
3516,1202.653,2026-09-24T08:15:01.751802+00:00
3517,1202.8970000000002,2026-09-24T08:15:01.752347+00:00
3518,1203.198,2026-09-24T08:15:01.752971+00:00
3519,1203.654,2026-09-24T08:15:01.753748+00:00
3520,1203.932,2026-09-24T08:15:01.754384+00:00
3521,1204.207,2026-09-24T08:15:01.755037+00:00
3522,1204.357,2026-09-24T08:15:01.755634+00:00
3523,1204.582,2026-09-24T08:15:01.756249+00:00
3524,1204.78,2026-09-24T08:15:01.756878+00:00
3525,1205.0529999999999,2026-09-24T08:15:01.757514+00:00
3526,1205.258,2026-09-24T08:15:01.758099+00:00
3527,1205.421,2026-09-24T08:15:01.758594+00:00
3528,1205.7150000000001,2026-09-24T08:15:01.759183+00:00
3529,1205.953,2026-09-24T08:15:01.759762+00:00
3530,1206.285,2026-09-24T08:15:01.760446+00:00
3531,1206.528,2026-09-24T08:15:01.761073+00:00
3532,1206.776,2026-09-24T08:15:01.761598+00:00
3533,1206.9460000000001,2026-09-24T08:15:01.762087+00:00
3534,1207.073,2026-09-24T08:15:01.762472+00:00
3535,1206.992,2026-09-24T08:15:01.762890+00:00
3536,1207.12,2026-09-24T08:15:01.763440+00:00
3537,1207.258,2026-09-24T08:15:01.763915+00:00
3538,1207.381,2026-09-24T08:15:01.764398+00:00
3539,1207.682,2026-09-24T08:15:01.765002+00:00
3540,1207.95,2026-09-24T08:15:01.765597+00:00
3541,1208.3600000000001,2026-09-24T08:15:01.766281+00:00
3542,1208.853,2026-09-24T08:15:01.767040+00:00
3543,1208.951,2026-09-24T08:15:01.767566+00:00
3544,1209.139,2026-09-24T08:15:01.768058+00:00
3545,1209.346,2026-09-24T08:15:01.768583+00:00
3546,1209.448,2026-09-24T08:15:01.769052+00:00
3547,1209.708,2026-09-24T08:15:01.769632+00:00
3548,1210.057,2026-09-24T08:15:01.770378+00:00
3549,1210.375,2026-09-24T08:15:01.771027+00:00
3550,1210.492,2026-09-24T08:15:01.771553+00:00
3551,1210.6680000000001,2026-09-24T08:15:01.772140+00:00
3552,1210.8609999999999,2026-09-24T08:15:01.772658+00:00
3553,1211.02,2026-09-24T08:15:01.773147+00:00
3554,1211.2240000000002,2026-09-24T08:15:01.773596+00:00
3555,1211.351,2026-09-24T08:15:01.774051+00:00
3556,1211.491,2026-09-24T08:15:01.774575+00:00
3557,1211.737,2026-09-24T08:15:01.775104+00:00
3558,1211.948,2026-09-24T08:15:01.775604+00:00
3559,1212.169,2026-09-24T08:15:01.776140+00:00
3560,1212.346,2026-09-24T08:15:01.776572+00:00
3561,1212.537,2026-09-24T08:15:01.777120+00:00
3562,1212.625,2026-09-24T08:15:01.777543+00:00
3563,1212.748,2026-09-24T08:15:01.778021+00:00
3564,1212.7079999999999,2026-09-24T08:15:01.778459+00:00
3565,1212.8319999999999,2026-09-24T08:15:01.778890+00:00
3566,1212.957,2026-09-24T08:15:01.779354+00:00
3567,1213.023,2026-09-24T08:15:01.779759+00:00
3568,1213.16,2026-09-24T08:15:01.780227+00:00
3569,1213.3,2026-09-24T08:15:01.780664+00:00
3570,1213.5430000000001,2026-09-24T08:15:01.781231+00:00
3571,1213.639,2026-09-24T08:15:01.781699+00:00
3572,1213.71,2026-09-24T08:15:01.782151+00:00
3573,1213.76,2026-09-24T08:15:01.782558+00:00
3574,1213.6599999999999,2026-09-24T08:15:01.782920+00:00
3575,1213.777,2026-09-24T08:15:01.783358+00:00
3576,1214.04,2026-09-24T08:15:01.783902+00:00
3577,1214.143,2026-09-24T08:15:01.784367+00:00
3578,1214.297,2026-09-24T08:15:01.784834+00:00
3579,1214.454,2026-09-24T08:15:01.785284+00:00
3580,1214.6,2026-09-24T08:15:01.785766+00:00
3581,1214.699,2026-09-24T08:15:01.786200+00:00
3582,1214.9289999999999,2026-09-24T08:15:01.786717+00:00
3583,1247.6229999999998,2026-09-24T08:15:01.819775+00:00
3584,1248.616,2026-09-24T08:15:01.821091+00:00
3585,1249.1760000000002,2026-09-24T08:15:01.821959+00:00
3586,1249.618,2026-09-24T08:15:01.822748+00:00
3587,1249.843,2026-09-24T08:15:01.823365+00:00
3588,1250.305,2026-09-24T08:15:01.824130+00:00
3589,1250.478,2026-09-24T08:15:01.824780+00:00
3590,1251.093,2026-09-24T08:15:01.825740+00:00
3591,1251.461,2026-09-24T08:15:01.826466+00:00
3592,1251.734,2026-09-24T08:15:01.826987+00:00
3593,1252.09,2026-09-24T08:15:01.827637+00:00
3594,1252.323,2026-09-24T08:15:01.828201+00:00
3595,1252.675,2026-09-24T08:15:01.828831+00:00
3596,1252.8239999999998,2026-09-24T08:15:01.829318+00:00
3597,1253.087,2026-09-24T08:15:01.829906+00:00
3598,1253.269,2026-09-24T08:15:01.830393+00:00
3599,1253.413,2026-09-24T08:15:01.830819+00:00
3600,1253.718,2026-09-24T08:15:01.831504+00:00
3601,1253.822,2026-09-24T08:15:01.832042+00:00
3602,1253.91,2026-09-24T08:15:01.832603+00:00
3603,1254.124,2026-09-24T08:15:01.833135+00:00
3604,1254.343,2026-09-24T08:15:01.833664+00:00
3605,1254.68,2026-09-24T08:15:01.834300+00:00
3606,1254.962,2026-09-24T08:15:01.834849+00:00
3607,1255.414,2026-09-24T08:15:01.835631+00:00
3608,1255.598,2026-09-24T08:15:01.836159+00:00
3609,1255.8210000000001,2026-09-24T08:15:01.836706+00:00
3610,1256.0739999999998,2026-09-24T08:15:01.837271+00:00
3611,1256.486,2026-09-24T08:15:01.837981+00:00
3612,1256.791,2026-09-24T08:15:01.838564+00:00
3613,1257.075,2026-09-24T08:15:01.839127+00:00
3614,1257.463,2026-09-24T08:15:01.839789+00:00
3615,1257.906,2026-09-24T08:15:01.840520+00:00
3616,1258.103,2026-09-24T08:15:01.841000+00:00
3617,1258.357,2026-09-24T08:15:01.841555+00:00
3618,1258.563,2026-09-24T08:15:01.842021+00:00
3619,1258.9889999999998,2026-09-24T08:15:01.842702+00:00
3620,1259.369,2026-09-24T08:15:01.843387+00:00
3621,1259.471,2026-09-24T08:15:01.843822+00:00
3622,1259.6970000000001,2026-09-24T08:15:01.844373+00:00
3623,1259.973,2026-09-24T08:15:01.844938+00:00
3624,1260.181,2026-09-24T08:15:01.845455+00:00
3625,1260.305,2026-09-24T08:15:01.845901+00:00
3626,1260.37,2026-09-24T08:15:01.846316+00:00
3627,1227.586,2026-09-24T08:15:01.846899+00:00
3628,1226.915,2026-09-24T08:15:01.847436+00:00
3629,1226.938,2026-09-24T08:15:01.848033+00:00
3630,1226.969,2026-09-24T08:15:01.848675+00:00
3631,1226.944,2026-09-24T08:15:01.849132+00:00
3632,1227.098,2026-09-24T08:15:01.849720+00:00
3633,1227.265,2026-09-24T08:15:01.850246+00:00
3634,1227.0810000000001,2026-09-24T08:15:01.850707+00:00
3635,1226.9620000000002,2026-09-24T08:15:01.851109+00:00
3636,1227.156,2026-09-24T08:15:01.851655+00:00
3637,1227.3229999999999,2026-09-24T08:15:01.852255+00:00
3638,1227.4579999999999,2026-09-24T08:15:01.852812+00:00
3639,1227.7169999999999,2026-09-24T08:15:01.853460+00:00
3640,1227.944,2026-09-24T08:15:01.853969+00:00
3641,1228.1789999999999,2026-09-24T08:15:01.854566+00:00
3642,1228.3999999999999,2026-09-24T08:15:01.855108+00:00
3643,1228.6809999999998,2026-09-24T08:15:01.855707+00:00
3644,1228.796,2026-09-24T08:15:01.856148+00:00
3645,1228.656,2026-09-24T08:15:01.856623+00:00
3646,1228.766,2026-09-24T08:15:01.857076+00:00
3647,1228.9289999999999,2026-09-24T08:15:01.857610+00:00
3648,1228.979,2026-09-24T08:15:01.858050+00:00
3649,1229.116,2026-09-24T08:15:01.858572+00:00
3650,1229.214,2026-09-24T08:15:01.859021+00:00
3651,1229.392,2026-09-24T08:15:01.859515+00:00
3652,1229.5210000000002,2026-09-24T08:15:01.859951+00:00
3653,1229.997,2026-09-24T08:15:01.860816+00:00
3654,1230.21,2026-09-24T08:15:01.861451+00:00
3655,1230.54,2026-09-24T08:15:01.862077+00:00
3656,1230.949,2026-09-24T08:15:01.862796+00:00
3657,1231.175,2026-09-24T08:15:01.863347+00:00
3658,1231.3799999999999,2026-09-24T08:15:01.863873+00:00
3659,1231.596,2026-09-24T08:15:01.864377+00:00
3660,1231.8400000000001,2026-09-24T08:15:01.864963+00:00
3661,1232.2869999999998,2026-09-24T08:15:01.865839+00:00
3662,1232.292,2026-09-24T08:15:01.866453+00:00
3663,1232.366,2026-09-24T08:15:01.867070+00:00
3664,1232.701,2026-09-24T08:15:01.867782+00:00
3665,1232.8600000000001,2026-09-24T08:15:01.868353+00:00
3666,1232.977,2026-09-24T08:15:01.868938+00:00
3667,1233.109,2026-09-24T08:15:01.869380+00:00
3668,1233.45,2026-09-24T08:15:01.870040+00:00
3669,1233.603,2026-09-24T08:15:01.870484+00:00
3670,1233.63,2026-09-24T08:15:01.870939+00:00
3671,1233.9640000000002,2026-09-24T08:15:01.871583+00:00
3672,1234.0739999999998,2026-09-24T08:15:01.872062+00:00
3673,1234.4859999999999,2026-09-24T08:15:01.872755+00:00
3674,1234.646,2026-09-24T08:15:01.873225+00:00
3675,1234.8570000000002,2026-09-24T08:15:01.873678+00:00
3676,1235.0939999999998,2026-09-24T08:15:01.874202+00:00
3677,1235.393,2026-09-24T08:15:01.874743+00:00
3678,1235.738,2026-09-24T08:15:01.875454+00:00
3679,1235.837,2026-09-24T08:15:01.875962+00:00
3680,1236.038,2026-09-24T08:15:01.876491+00:00
3681,1236.1219999999998,2026-09-24T08:15:01.876876+00:00
3682,1236.3139999999999,2026-09-24T08:15:01.877374+00:00
3683,1236.371,2026-09-24T08:15:01.877855+00:00
3684,1236.511,2026-09-24T08:15:01.878402+00:00
3685,1236.6470000000002,2026-09-24T08:15:01.878884+00:00
3686,1236.847,2026-09-24T08:15:01.879472+00:00
3687,1237.068,2026-09-24T08:15:01.880062+00:00
3688,1237.2179999999998,2026-09-24T08:15:01.880532+00:00
3689,1237.362,2026-09-24T08:15:01.881008+00:00
3690,1237.529,2026-09-24T08:15:01.881487+00:00
3691,1237.8029999999999,2026-09-24T08:15:01.882051+00:00
3692,1237.856,2026-09-24T08:15:01.882500+00:00
3693,1238.1299999999999,2026-09-24T08:15:01.883067+00:00
3694,1238.5,2026-09-24T08:15:01.883753+00:00
3695,1238.566,2026-09-24T08:15:01.884285+00:00
3696,1238.697,2026-09-24T08:15:01.884744+00:00
3697,1239.093,2026-09-24T08:15:01.885460+00:00
3698,1239.904,2026-09-24T08:15:01.886656+00:00
3699,1272.748,2026-09-24T08:15:01.919958+00:00
3700,1273.9689999999998,2026-09-24T08:15:01.921469+00:00
3701,1274.701,2026-09-24T08:15:01.922479+00:00
3702,1275.128,2026-09-24T08:15:01.923246+00:00
3703,1275.628,2026-09-24T08:15:01.924074+00:00
3704,1275.97,2026-09-24T08:15:01.924727+00:00
3705,1276.277,2026-09-24T08:15:01.925433+00:00
3706,1276.246,2026-09-24T08:15:01.925923+00:00
3707,1276.471,2026-09-24T08:15:01.926667+00:00
3708,1276.467,2026-09-24T08:15:01.927297+00:00
3709,1276.537,2026-09-24T08:15:01.927876+00:00
3710,1276.6029999999998,2026-09-24T08:15:01.928431+00:00
3711,1276.527,2026-09-24T08:15:01.928821+00:00
3712,1276.728,2026-09-24T08:15:01.929429+00:00
3713,1276.73,2026-09-24T08:15:01.929989+00:00
3714,1276.6709999999998,2026-09-24T08:15:01.930542+00:00
3715,1276.3690000000001,2026-09-24T08:15:01.931007+00:00
3716,1276.38,2026-09-24T08:15:01.931508+00:00
3717,1276.533,2026-09-24T08:15:01.932031+00:00
3718,1276.915,2026-09-24T08:15:01.932791+00:00
3719,1277.0379999999998,2026-09-24T08:15:01.933284+00:00
3720,1277.255,2026-09-24T08:15:01.933853+00:00
3721,1277.5620000000001,2026-09-24T08:15:01.934499+00:00
3722,1277.7259999999999,2026-09-24T08:15:01.934995+00:00
3723,1277.833,2026-09-24T08:15:01.935558+00:00
3724,1278.0910000000001,2026-09-24T08:15:01.936138+00:00
3725,1278.275,2026-09-24T08:15:01.936609+00:00
3726,1278.4009999999998,2026-09-24T08:15:01.937105+00:00
3727,1278.4560000000001,2026-09-24T08:15:01.937466+00:00
3728,1278.701,2026-09-24T08:15:01.938028+00:00
3729,1279.201,2026-09-24T08:15:01.938848+00:00
3730,1279.502,2026-09-24T08:15:01.939484+00:00
3731,1279.617,2026-09-24T08:15:01.939888+00:00
3732,1280.011,2026-09-24T08:15:01.940618+00:00
3733,1280.391,2026-09-24T08:15:01.941353+00:00
3734,1280.514,2026-09-24T08:15:01.941916+00:00
3735,1280.646,2026-09-24T08:15:01.942482+00:00
3736,1280.724,2026-09-24T08:15:01.942967+00:00
3737,1281.0079999999998,2026-09-24T08:15:01.943642+00:00
3738,1281.1090000000002,2026-09-24T08:15:01.944183+00:00
3739,1281.347,2026-09-24T08:15:01.944833+00:00
3740,1281.6940000000002,2026-09-24T08:15:01.945539+00:00
3741,1281.9879999999998,2026-09-24T08:15:01.946153+00:00
3742,1282.347,2026-09-24T08:15:01.946837+00:00
3743,1282.5839999999998,2026-09-24T08:15:01.947360+00:00
3744,1282.8319999999999,2026-09-24T08:15:01.947893+00:00
3745,1283.1019999999999,2026-09-24T08:15:01.948497+00:00
3746,1283.11,2026-09-24T08:15:01.948958+00:00
3747,1283.16,2026-09-24T08:15:01.949443+00:00
3748,1283.2740000000001,2026-09-24T08:15:01.949911+00:00
3749,1283.3220000000001,2026-09-24T08:15:01.950300+00:00
3750,1283.48,2026-09-24T08:15:01.950718+00:00
3751,1283.635,2026-09-24T08:15:01.951273+00:00
3752,1283.7099999999998,2026-09-24T08:15:01.951749+00:00
3753,1283.874,2026-09-24T08:15:01.952225+00:00
3754,1284.125,2026-09-24T08:15:01.952823+00:00
3755,1284.41,2026-09-24T08:15:01.953446+00:00
3756,1284.634,2026-09-24T08:15:01.953958+00:00
3757,1284.8390000000002,2026-09-24T08:15:01.954535+00:00
3758,1285.11,2026-09-24T08:15:01.955074+00:00
3759,1285.5140000000001,2026-09-24T08:15:01.955775+00:00
3760,1285.674,2026-09-24T08:15:01.956210+00:00
3761,1285.925,2026-09-24T08:15:01.956771+00:00
3762,1286.191,2026-09-24T08:15:01.957363+00:00
3763,1286.51,2026-09-24T08:15:01.958058+00:00
3764,1286.7440000000001,2026-09-24T08:15:01.958659+00:00
3765,1286.885,2026-09-24T08:15:01.959166+00:00
3766,1286.96,2026-09-24T08:15:01.959719+00:00
3767,1287.2630000000001,2026-09-24T08:15:01.960304+00:00
3768,1287.512,2026-09-24T08:15:01.960935+00:00
3769,1287.931,2026-09-24T08:15:01.961692+00:00
3770,1288.309,2026-09-24T08:15:01.962315+00:00
3771,1288.578,2026-09-24T08:15:01.962872+00:00
3772,1288.889,2026-09-24T08:15:01.963450+00:00
3773,1289.082,2026-09-24T08:15:01.963898+00:00
3774,1289.3870000000002,2026-09-24T08:15:01.964525+00:00
3775,1289.905,2026-09-24T08:15:01.965352+00:00
3776,1290.1750000000002,2026-09-24T08:15:01.965909+00:00
3777,1290.461,2026-09-24T08:15:01.966471+00:00
3778,1290.729,2026-09-24T08:15:01.967006+00:00
3779,1290.901,2026-09-24T08:15:01.967495+00:00
3780,1291.086,2026-09-24T08:15:01.967978+00:00
3781,1291.542,2026-09-24T08:15:01.968675+00:00
3782,1291.733,2026-09-24T08:15:01.969159+00:00
3783,1292.035,2026-09-24T08:15:01.969758+00:00
3784,1292.252,2026-09-24T08:15:01.970268+00:00
3785,1292.615,2026-09-24T08:15:01.970916+00:00
3786,1292.7740000000001,2026-09-24T08:15:01.971382+00:00
3787,1293.183,2026-09-24T08:15:01.972043+00:00
3788,1293.4460000000001,2026-09-24T08:15:01.972560+00:00
3789,1293.733,2026-09-24T08:15:01.973112+00:00
3790,1294.029,2026-09-24T08:15:01.973680+00:00
3791,1294.3629999999998,2026-09-24T08:15:01.974291+00:00
3792,1294.785,2026-09-24T08:15:01.974959+00:00
3793,1295.006,2026-09-24T08:15:01.975508+00:00
3794,1295.3380000000002,2026-09-24T08:15:01.976081+00:00
3795,1295.704,2026-09-24T08:15:01.976683+00:00
3796,1296.058,2026-09-24T08:15:01.977274+00:00
3797,1296.448,2026-09-24T08:15:01.977964+00:00
3798,1296.841,2026-09-24T08:15:01.978631+00:00
3799,1297.081,2026-09-24T08:15:01.979202+00:00
3800,1297.395,2026-09-24T08:15:01.979832+00:00
3801,1297.661,2026-09-24T08:15:01.980370+00:00
3802,1297.9089999999999,2026-09-24T08:15:01.980885+00:00
3803,1298.1180000000002,2026-09-24T08:15:01.981400+00:00
3804,1298.391,2026-09-24T08:15:01.981959+00:00
3805,1298.683,2026-09-24T08:15:01.982474+00:00
3806,1298.933,2026-09-24T08:15:01.983029+00:00
3807,1299.183,2026-09-24T08:15:01.983550+00:00
3808,1299.383,2026-09-24T08:15:01.984036+00:00
3809,1299.618,2026-09-24T08:15:01.984558+00:00
3810,1299.8039999999999,2026-09-24T08:15:01.984992+00:00
3811,1333.126,2026-09-24T08:15:02.018628+00:00
3812,1333.983,2026-09-24T08:15:02.019790+00:00
3813,1334.328,2026-09-24T08:15:02.020440+00:00
3814,1334.725,2026-09-24T08:15:02.021128+00:00
3815,1302.049,2026-09-24T08:15:02.021937+00:00
3816,1301.5449999999998,2026-09-24T08:15:02.022601+00:00
3817,1301.424,2026-09-24T08:15:02.023179+00:00
3818,1301.894,2026-09-24T08:15:02.024135+00:00
3819,1302.146,2026-09-24T08:15:02.024915+00:00
3820,1302.3210000000001,2026-09-24T08:15:02.025454+00:00
3821,1302.559,2026-09-24T08:15:02.026038+00:00
3822,1302.754,2026-09-24T08:15:02.026658+00:00
3823,1302.962,2026-09-24T08:15:02.027200+00:00
3824,1303.232,2026-09-24T08:15:02.027796+00:00
3825,1303.427,2026-09-24T08:15:02.028277+00:00
3826,1303.6129999999998,2026-09-24T08:15:02.028746+00:00
3827,1303.8300000000002,2026-09-24T08:15:02.029213+00:00
3828,1304.143,2026-09-24T08:15:02.029776+00:00
3829,1304.499,2026-09-24T08:15:02.030490+00:00
3830,1304.7359999999999,2026-09-24T08:15:02.031043+00:00
3831,1305.137,2026-09-24T08:15:02.031764+00:00
3832,1305.278,2026-09-24T08:15:02.032272+00:00
3833,1305.579,2026-09-24T08:15:02.032866+00:00
3834,1305.8039999999999,2026-09-24T08:15:02.033405+00:00
3835,1305.926,2026-09-24T08:15:02.033826+00:00
3836,1306.0620000000001,2026-09-24T08:15:02.034241+00:00
3837,1306.269,2026-09-24T08:15:02.034754+00:00
3838,1306.8500000000001,2026-09-24T08:15:02.035607+00:00
3839,1307.0539999999999,2026-09-24T08:15:02.036129+00:00
3840,1307.356,2026-09-24T08:15:02.036753+00:00
3841,1307.513,2026-09-24T08:15:02.037289+00:00
3842,1307.885,2026-09-24T08:15:02.037980+00:00
3843,1308.134,2026-09-24T08:15:02.038540+00:00
3844,1308.246,2026-09-24T08:15:02.038982+00:00
3845,1308.383,2026-09-24T08:15:02.039422+00:00
3846,1308.559,2026-09-24T08:15:02.039923+00:00
3847,1308.665,2026-09-24T08:15:02.040365+00:00
3848,1308.848,2026-09-24T08:15:02.040834+00:00
3849,1309.007,2026-09-24T08:15:02.041232+00:00
3850,1309.118,2026-09-24T08:15:02.041677+00:00
3851,1309.385,2026-09-24T08:15:02.042257+00:00
3852,1309.597,2026-09-24T08:15:02.042717+00:00
3853,1309.867,2026-09-24T08:15:02.043321+00:00
3854,1309.9769999999999,2026-09-24T08:15:02.043834+00:00
3855,1310.3419999999999,2026-09-24T08:15:02.044539+00:00
3856,1310.5690000000002,2026-09-24T08:15:02.045073+00:00
3857,1310.76,2026-09-24T08:15:02.045560+00:00
3858,1311.03,2026-09-24T08:15:02.046145+00:00
3859,1311.431,2026-09-24T08:15:02.046906+00:00
3860,1311.6399999999999,2026-09-24T08:15:02.047521+00:00
3861,1311.698,2026-09-24T08:15:02.047962+00:00
3862,1312.019,2026-09-24T08:15:02.048632+00:00
3863,1312.227,2026-09-24T08:15:02.049130+00:00
3864,1312.3400000000001,2026-09-24T08:15:02.049509+00:00
3865,1312.68,2026-09-24T08:15:02.050128+00:00
3866,1312.826,2026-09-24T08:15:02.050562+00:00
3867,1313.045,2026-09-24T08:15:02.051164+00:00
3868,1313.201,2026-09-24T08:15:02.051641+00:00
3869,1313.432,2026-09-24T08:15:02.052194+00:00
3870,1313.61,2026-09-24T08:15:02.052657+00:00
3871,1313.7060000000001,2026-09-24T08:15:02.053133+00:00
3872,1313.8410000000001,2026-09-24T08:15:02.053585+00:00
3873,1314.249,2026-09-24T08:15:02.054295+00:00
3874,1314.403,2026-09-24T08:15:02.054791+00:00
3875,1314.553,2026-09-24T08:15:02.055227+00:00
3876,1314.674,2026-09-24T08:15:02.055659+00:00
3877,1315.077,2026-09-24T08:15:02.056341+00:00
3878,1315.3539999999998,2026-09-24T08:15:02.056958+00:00
3879,1315.713,2026-09-24T08:15:02.057593+00:00
3880,1315.949,2026-09-24T08:15:02.058129+00:00
3881,1316.213,2026-09-24T08:15:02.058663+00:00
3882,1316.5230000000001,2026-09-24T08:15:02.059245+00:00
3883,1316.9820000000002,2026-09-24T08:15:02.059935+00:00
3884,1317.171,2026-09-24T08:15:02.060424+00:00
3885,1317.46,2026-09-24T08:15:02.061022+00:00
3886,1317.629,2026-09-24T08:15:02.061592+00:00
3887,1317.949,2026-09-24T08:15:02.062241+00:00
3888,1318.492,2026-09-24T08:15:02.063117+00:00
3889,1318.744,2026-09-24T08:15:02.063714+00:00
3890,1319.2520000000002,2026-09-24T08:15:02.064515+00:00
3891,1319.3680000000002,2026-09-24T08:15:02.064959+00:00
3892,1319.54,2026-09-24T08:15:02.065585+00:00
3893,1319.7920000000001,2026-09-24T08:15:02.066159+00:00
3894,1319.9879999999998,2026-09-24T08:15:02.066624+00:00
3895,1320.271,2026-09-24T08:15:02.067175+00:00
3896,1320.485,2026-09-24T08:15:02.067710+00:00
3897,1320.9070000000002,2026-09-24T08:15:02.068458+00:00
3898,1321.083,2026-09-24T08:15:02.068939+00:00
3899,1321.655,2026-09-24T08:15:02.069817+00:00
3900,1322.069,2026-09-24T08:15:02.070561+00:00
3901,1322.3039999999999,2026-09-24T08:15:02.071077+00:00
3902,1322.616,2026-09-24T08:15:02.071682+00:00
3903,1322.967,2026-09-24T08:15:02.072328+00:00
3904,1323.116,2026-09-24T08:15:02.072868+00:00
3905,1323.2440000000001,2026-09-24T08:15:02.073449+00:00
3906,1323.348,2026-09-24T08:15:02.073971+00:00
3907,1323.636,2026-09-24T08:15:02.074711+00:00
3908,1323.6840000000002,2026-09-24T08:15:02.075238+00:00
3909,1323.708,2026-09-24T08:15:02.075706+00:00
3910,1323.814,2026-09-24T08:15:02.076190+00:00
3911,1324.006,2026-09-24T08:15:02.076823+00:00
3912,1324.1080000000002,2026-09-24T08:15:02.077347+00:00
3913,1324.387,2026-09-24T08:15:02.077945+00:00
3914,1324.646,2026-09-24T08:15:02.078530+00:00
3915,1324.954,2026-09-24T08:15:02.079158+00:00
3916,1325.2949999999998,2026-09-24T08:15:02.079797+00:00
3917,1325.408,2026-09-24T08:15:02.080287+00:00
3918,1325.6190000000001,2026-09-24T08:15:02.080898+00:00
3919,1325.92,2026-09-24T08:15:02.081545+00:00
3920,1326.163,2026-09-24T08:15:02.082113+00:00
3921,1326.246,2026-09-24T08:15:02.082517+00:00
3922,1326.468,2026-09-24T08:15:02.083071+00:00
3923,1326.655,2026-09-24T08:15:02.083621+00:00
3924,1326.841,2026-09-24T08:15:02.084157+00:00
3925,1327.077,2026-09-24T08:15:02.084740+00:00
3926,1327.3809999999999,2026-09-24T08:15:02.085369+00:00
3927,1327.8509999999999,2026-09-24T08:15:02.086122+00:00
3928,1328.316,2026-09-24T08:15:02.086914+00:00
3929,1328.905,2026-09-24T08:15:02.087872+00:00
3930,1360.03,2026-09-24T08:15:02.119335+00:00
3931,1360.8629999999998,2026-09-24T08:15:02.120525+00:00
3932,1361.524,2026-09-24T08:15:02.121494+00:00
3933,1362.111,2026-09-24T08:15:02.122368+00:00
3934,1362.434,2026-09-24T08:15:02.123004+00:00
3935,1362.792,2026-09-24T08:15:02.123766+00:00
3936,1363.135,2026-09-24T08:15:02.124447+00:00
3937,1363.34,2026-09-24T08:15:02.124943+00:00
3938,1363.5710000000001,2026-09-24T08:15:02.125475+00:00
3939,1363.769,2026-09-24T08:15:02.126068+00:00
3940,1364.087,2026-09-24T08:15:02.126710+00:00
3941,1364.445,2026-09-24T08:15:02.127359+00:00
3942,1364.6229999999998,2026-09-24T08:15:02.127870+00:00
3943,1364.702,2026-09-24T08:15:02.128317+00:00
3944,1364.974,2026-09-24T08:15:02.128911+00:00
3945,1365.208,2026-09-24T08:15:02.129449+00:00
3946,1365.483,2026-09-24T08:15:02.130210+00:00
3947,1365.675,2026-09-24T08:15:02.130783+00:00
3948,1366.3339999999998,2026-09-24T08:15:02.131832+00:00
3949,1366.729,2026-09-24T08:15:02.132607+00:00
3950,1367.208,2026-09-24T08:15:02.133403+00:00
3951,1367.472,2026-09-24T08:15:02.134053+00:00
3952,1367.8049999999998,2026-09-24T08:15:02.134727+00:00
3953,1368.634,2026-09-24T08:15:02.135871+00:00
3954,1368.943,2026-09-24T08:15:02.136487+00:00
3955,1369.294,2026-09-24T08:15:02.137199+00:00
3956,1369.583,2026-09-24T08:15:02.137832+00:00
3957,1369.726,2026-09-24T08:15:02.138363+00:00
3958,1369.93,2026-09-24T08:15:02.138867+00:00
3959,1371.502,2026-09-24T08:15:02.140766+00:00
3960,1372.236,2026-09-24T08:15:02.141941+00:00
3961,1372.438,2026-09-24T08:15:02.142623+00:00
3962,1372.608,2026-09-24T08:15:02.143297+00:00
3963,1372.756,2026-09-24T08:15:02.143937+00:00
3964,1372.807,2026-09-24T08:15:02.144517+00:00
3965,1373.18,2026-09-24T08:15:02.145291+00:00
3966,1373.48,2026-09-24T08:15:02.145864+00:00
3967,1373.621,2026-09-24T08:15:02.146333+00:00
3968,1373.823,2026-09-24T08:15:02.146846+00:00
3969,1373.907,2026-09-24T08:15:02.147382+00:00
3970,1374.1080000000002,2026-09-24T08:15:02.147949+00:00
3971,1374.339,2026-09-24T08:15:02.148454+00:00
3972,1374.302,2026-09-24T08:15:02.148850+00:00
3973,1374.26,2026-09-24T08:15:02.149330+00:00
3974,1374.665,2026-09-24T08:15:02.150053+00:00
3975,1375.2450000000001,2026-09-24T08:15:02.150980+00:00
3976,1375.8809999999999,2026-09-24T08:15:02.151946+00:00
3977,1376.1209999999999,2026-09-24T08:15:02.152636+00:00
3978,1376.447,2026-09-24T08:15:02.153445+00:00
3979,1376.943,2026-09-24T08:15:02.154325+00:00
3980,1377.3709999999999,2026-09-24T08:15:02.155163+00:00
3981,1377.564,2026-09-24T08:15:02.155756+00:00
3982,1377.8509999999999,2026-09-24T08:15:02.156448+00:00
3983,1378.057,2026-09-24T08:15:02.157149+00:00
3984,1378.196,2026-09-24T08:15:02.157642+00:00
3985,1378.366,2026-09-24T08:15:02.158167+00:00
3986,1378.703,2026-09-24T08:15:02.158831+00:00
3987,1379.0059999999999,2026-09-24T08:15:02.159461+00:00
3988,1379.0990000000002,2026-09-24T08:15:02.159985+00:00
3989,1379.1670000000001,2026-09-24T08:15:02.160512+00:00
3990,1379.232,2026-09-24T08:15:02.161103+00:00
3991,1379.541,2026-09-24T08:15:02.161849+00:00
3992,1379.685,2026-09-24T08:15:02.162541+00:00
3993,1379.5900000000001,2026-09-24T08:15:02.163014+00:00
3994,1379.726,2026-09-24T08:15:02.163587+00:00
3995,1379.833,2026-09-24T08:15:02.164076+00:00
3996,1380.0030000000002,2026-09-24T08:15:02.164557+00:00
3997,1380.08,2026-09-24T08:15:02.165048+00:00
3998,1380.2730000000001,2026-09-24T08:15:02.165535+00:00
3999,1380.3780000000002,2026-09-24T08:15:02.165935+00:00
4000,1380.388,2026-09-24T08:15:02.166382+00:00
4001,1380.5810000000001,2026-09-24T08:15:02.166953+00:00
4002,1381.073,2026-09-24T08:15:02.167788+00:00
4003,1381.3020000000001,2026-09-24T08:15:02.168425+00:00
4004,1381.574,2026-09-24T08:15:02.169089+00:00
4005,1381.721,2026-09-24T08:15:02.169576+00:00
4006,1382.122,2026-09-24T08:15:02.170244+00:00
4007,1382.355,2026-09-24T08:15:02.170800+00:00
4008,1351.334,2026-09-24T08:15:02.171282+00:00
4009,1350.904,2026-09-24T08:15:02.171833+00:00
4010,1350.722,2026-09-24T08:15:02.172226+00:00
4011,1350.7640000000001,2026-09-24T08:15:02.172656+00:00
4012,1350.385,2026-09-24T08:15:02.173053+00:00
4013,1350.44,2026-09-24T08:15:02.173572+00:00
4014,1350.6670000000001,2026-09-24T08:15:02.174204+00:00
4015,1350.62,2026-09-24T08:15:02.174633+00:00
4016,1350.5510000000002,2026-09-24T08:15:02.175040+00:00
4017,1350.965,2026-09-24T08:15:02.175817+00:00
4018,1351.233,2026-09-24T08:15:02.176393+00:00
4019,1351.191,2026-09-24T08:15:02.176925+00:00
4020,1351.216,2026-09-24T08:15:02.177449+00:00
4021,1351.3059999999998,2026-09-24T08:15:02.177923+00:00
4022,1351.494,2026-09-24T08:15:02.178439+00:00
4023,1351.585,2026-09-24T08:15:02.178900+00:00
4024,1351.772,2026-09-24T08:15:02.179511+00:00
4025,1351.801,2026-09-24T08:15:02.179939+00:00
4026,1351.754,2026-09-24T08:15:02.180345+00:00
4027,1351.859,2026-09-24T08:15:02.180863+00:00
4028,1351.9470000000001,2026-09-24T08:15:02.181337+00:00
4029,1352.192,2026-09-24T08:15:02.181950+00:00
4030,1352.3780000000002,2026-09-24T08:15:02.182508+00:00
4031,1352.813,2026-09-24T08:15:02.183382+00:00
4032,1353.205,2026-09-24T08:15:02.184117+00:00
4033,1353.581,2026-09-24T08:15:02.184908+00:00
4034,1353.919,2026-09-24T08:15:02.185615+00:00
4035,1353.924,2026-09-24T08:15:02.186157+00:00
4036,1353.9859999999999,2026-09-24T08:15:02.186661+00:00
4037,1354.167,2026-09-24T08:15:02.187206+00:00
4038,1386.728,2026-09-24T08:15:02.220107+00:00
4039,1387.685,2026-09-24T08:15:02.221524+00:00
4040,1388.103,2026-09-24T08:15:02.222274+00:00
4041,1388.3319999999999,2026-09-24T08:15:02.222900+00:00
4042,1388.3829999999998,2026-09-24T08:15:02.223467+00:00
4043,1388.5700000000002,2026-09-24T08:15:02.224134+00:00
4044,1388.744,2026-09-24T08:15:02.224672+00:00
4045,1389.218,2026-09-24T08:15:02.225511+00:00
4046,1389.4869999999999,2026-09-24T08:15:02.226112+00:00
4047,1389.672,2026-09-24T08:15:02.226731+00:00
4048,1389.779,2026-09-24T08:15:02.227208+00:00
4049,1390.029,2026-09-24T08:15:02.227819+00:00
4050,1390.213,2026-09-24T08:15:02.228343+00:00
4051,1390.355,2026-09-24T08:15:02.228905+00:00
4052,1390.529,2026-09-24T08:15:02.229352+00:00
4053,1390.703,2026-09-24T08:15:02.229825+00:00
4054,1391.03,2026-09-24T08:15:02.230436+00:00
4055,1391.059,2026-09-24T08:15:02.230863+00:00
4056,1391.207,2026-09-24T08:15:02.231395+00:00
4057,1391.32,2026-09-24T08:15:02.231902+00:00
4058,1391.522,2026-09-24T08:15:02.232482+00:00
4059,1391.701,2026-09-24T08:15:02.233051+00:00
4060,1391.8200000000002,2026-09-24T08:15:02.233506+00:00
4061,1392.034,2026-09-24T08:15:02.234049+00:00
4062,1392.392,2026-09-24T08:15:02.234706+00:00
4063,1392.595,2026-09-24T08:15:02.235245+00:00
4064,1393.042,2026-09-24T08:15:02.236009+00:00
4065,1393.36,2026-09-24T08:15:02.236648+00:00
4066,1393.735,2026-09-24T08:15:02.237293+00:00
4067,1394.19,2026-09-24T08:15:02.238033+00:00
4068,1394.426,2026-09-24T08:15:02.238652+00:00
4069,1394.573,2026-09-24T08:15:02.239201+00:00
4070,1394.749,2026-09-24T08:15:02.239643+00:00
4071,1394.904,2026-09-24T08:15:02.240110+00:00
4072,1394.9769999999999,2026-09-24T08:15:02.240536+00:00
4073,1395.059,2026-09-24T08:15:02.240929+00:00
4074,1395.292,2026-09-24T08:15:02.241456+00:00
4075,1395.362,2026-09-24T08:15:02.241871+00:00
4076,1395.577,2026-09-24T08:15:02.242302+00:00
4077,1395.786,2026-09-24T08:15:02.242766+00:00
4078,1395.968,2026-09-24T08:15:02.243215+00:00
4079,1396.197,2026-09-24T08:15:02.243798+00:00
4080,1396.394,2026-09-24T08:15:02.244307+00:00
4081,1396.676,2026-09-24T08:15:02.244887+00:00
4082,1396.865,2026-09-24T08:15:02.245389+00:00
4083,1397.141,2026-09-24T08:15:02.246052+00:00
4084,1397.347,2026-09-24T08:15:02.246563+00:00
4085,1397.423,2026-09-24T08:15:02.247021+00:00
4086,1397.471,2026-09-24T08:15:02.247406+00:00
4087,1397.5500000000002,2026-09-24T08:15:02.247889+00:00
4088,1397.681,2026-09-24T08:15:02.248349+00:00
4089,1397.821,2026-09-24T08:15:02.248780+00:00
4090,1398.031,2026-09-24T08:15:02.249279+00:00
4091,1398.081,2026-09-24T08:15:02.249692+00:00
4092,1398.193,2026-09-24T08:15:02.250140+00:00
4093,1398.428,2026-09-24T08:15:02.250675+00:00
4094,1398.64,2026-09-24T08:15:02.251170+00:00
4095,1398.817,2026-09-24T08:15:02.251683+00:00
4096,1399.017,2026-09-24T08:15:02.252344+00:00
4097,1399.232,2026-09-24T08:15:02.252957+00:00
4098,1399.469,2026-09-24T08:15:02.253505+00:00
4099,1399.624,2026-09-24T08:15:02.253931+00:00
4100,1399.74,2026-09-24T08:15:02.254367+00:00
4101,1399.99,2026-09-24T08:15:02.254963+00:00
4102,1400.642,2026-09-24T08:15:02.255989+00:00
4103,1400.931,2026-09-24T08:15:02.256645+00:00
4104,1401.067,2026-09-24T08:15:02.257177+00:00
4105,1401.174,2026-09-24T08:15:02.257769+00:00
4106,1401.34,2026-09-24T08:15:02.258307+00:00
4107,1401.613,2026-09-24T08:15:02.258869+00:00
4108,1401.81,2026-09-24T08:15:02.259394+00:00
4109,1401.902,2026-09-24T08:15:02.259850+00:00
4110,1401.977,2026-09-24T08:15:02.260288+00:00
4111,1402.0349999999999,2026-09-24T08:15:02.260748+00:00
4112,1402.105,2026-09-24T08:15:02.261277+00:00
4113,1402.234,2026-09-24T08:15:02.261821+00:00
4114,1402.532,2026-09-24T08:15:02.262407+00:00
4115,1402.523,2026-09-24T08:15:02.262791+00:00
4116,1402.703,2026-09-24T08:15:02.263290+00:00
4117,1403.0849999999998,2026-09-24T08:15:02.264037+00:00
4118,1403.296,2026-09-24T08:15:02.264594+00:00
4119,1403.379,2026-09-24T08:15:02.265044+00:00
4120,1403.491,2026-09-24T08:15:02.265560+00:00
4121,1403.6580000000001,2026-09-24T08:15:02.266008+00:00
4122,1403.73,2026-09-24T08:15:02.266399+00:00
4123,1403.956,2026-09-24T08:15:02.266893+00:00
4124,1404.1200000000001,2026-09-24T08:15:02.267380+00:00
4125,1404.2630000000001,2026-09-24T08:15:02.267902+00:00
4126,1404.413,2026-09-24T08:15:02.268360+00:00
4127,1404.639,2026-09-24T08:15:02.268961+00:00
4128,1404.521,2026-09-24T08:15:02.269330+00:00
4129,1404.616,2026-09-24T08:15:02.269794+00:00
4130,1404.7320000000002,2026-09-24T08:15:02.270268+00:00
4131,1404.886,2026-09-24T08:15:02.270741+00:00
4132,1405.182,2026-09-24T08:15:02.271407+00:00
4133,1405.553,2026-09-24T08:15:02.272089+00:00
4134,1405.6100000000001,2026-09-24T08:15:02.272601+00:00
4135,1405.8029999999999,2026-09-24T08:15:02.273145+00:00
4136,1405.909,2026-09-24T08:15:02.273612+00:00
4137,1405.8870000000002,2026-09-24T08:15:02.274076+00:00
4138,1405.805,2026-09-24T08:15:02.274387+00:00
4139,1405.864,2026-09-24T08:15:02.274807+00:00
4140,1406.029,2026-09-24T08:15:02.275280+00:00
4141,1406.0600000000002,2026-09-24T08:15:02.275753+00:00
4142,1406.245,2026-09-24T08:15:02.276266+00:00
4143,1406.434,2026-09-24T08:15:02.276773+00:00
4144,1406.639,2026-09-24T08:15:02.277344+00:00
4145,1406.863,2026-09-24T08:15:02.277873+00:00
4146,1407.0620000000001,2026-09-24T08:15:02.278429+00:00
4147,1407.125,2026-09-24T08:15:02.278870+00:00
4148,1407.12,2026-09-24T08:15:02.279264+00:00
4149,1407.1970000000001,2026-09-24T08:15:02.279680+00:00
4150,1407.315,2026-09-24T08:15:02.280094+00:00
4151,1407.5910000000001,2026-09-24T08:15:02.280712+00:00
4152,1407.927,2026-09-24T08:15:02.281441+00:00
4153,1408.251,2026-09-24T08:15:02.282036+00:00
4154,1408.474,2026-09-24T08:15:02.282627+00:00
4155,1408.612,2026-09-24T08:15:02.283125+00:00
4156,1408.83,2026-09-24T08:15:02.283706+00:00
4157,1409.1560000000002,2026-09-24T08:15:02.284311+00:00
4158,1409.524,2026-09-24T08:15:02.284975+00:00
4159,1442.798,2026-09-24T08:15:02.318677+00:00
4160,1443.509,2026-09-24T08:15:02.319716+00:00
4161,1444.107,2026-09-24T08:15:02.320722+00:00
4162,1444.603,2026-09-24T08:15:02.321547+00:00
4163,1444.997,2026-09-24T08:15:02.322234+00:00
4164,1445.22,2026-09-24T08:15:02.322846+00:00
4165,1445.4640000000002,2026-09-24T08:15:02.323456+00:00
4166,1445.804,2026-09-24T08:15:02.324081+00:00
4167,1446.05,2026-09-24T08:15:02.324654+00:00
4168,1446.287,2026-09-24T08:15:02.325209+00:00
4169,1446.6319999999998,2026-09-24T08:15:02.325851+00:00
4170,1446.907,2026-09-24T08:15:02.326549+00:00
4171,1447.435,2026-09-24T08:15:02.327347+00:00
4172,1447.902,2026-09-24T08:15:02.328150+00:00
4173,1448.391,2026-09-24T08:15:02.329010+00:00
4174,1448.654,2026-09-24T08:15:02.329600+00:00
4175,1449.0069999999998,2026-09-24T08:15:02.330321+00:00
4176,1449.109,2026-09-24T08:15:02.330807+00:00
4177,1449.531,2026-09-24T08:15:02.331653+00:00
4178,1449.691,2026-09-24T08:15:02.332227+00:00
4179,1450.102,2026-09-24T08:15:02.332935+00:00
4180,1450.445,2026-09-24T08:15:02.333574+00:00
4181,1450.721,2026-09-24T08:15:02.334287+00:00
4182,1451.162,2026-09-24T08:15:02.335184+00:00
4183,1451.3339999999998,2026-09-24T08:15:02.335720+00:00
4184,1417.854,2026-09-24T08:15:02.336317+00:00
4185,1417.295,2026-09-24T08:15:02.337021+00:00
4186,1416.915,2026-09-24T08:15:02.337396+00:00
4187,1416.964,2026-09-24T08:15:02.337942+00:00
4188,1416.959,2026-09-24T08:15:02.338532+00:00
4189,1417.058,2026-09-24T08:15:02.339037+00:00
4190,1417.1370000000002,2026-09-24T08:15:02.339496+00:00
4191,1417.3700000000001,2026-09-24T08:15:02.340161+00:00
4192,1417.567,2026-09-24T08:15:02.340653+00:00
4193,1417.689,2026-09-24T08:15:02.341137+00:00
4194,1417.9630000000002,2026-09-24T08:15:02.341746+00:00
4195,1418.218,2026-09-24T08:15:02.342355+00:00
4196,1418.3380000000002,2026-09-24T08:15:02.342927+00:00
4197,1418.336,2026-09-24T08:15:02.343363+00:00
4198,1418.4209999999998,2026-09-24T08:15:02.343941+00:00
4199,1418.432,2026-09-24T08:15:02.344379+00:00
4200,1418.758,2026-09-24T08:15:02.345114+00:00
4201,1418.831,2026-09-24T08:15:02.345620+00:00
4202,1418.9089999999999,2026-09-24T08:15:02.346200+00:00
4203,1419.042,2026-09-24T08:15:02.346767+00:00
4204,1419.4279999999999,2026-09-24T08:15:02.347460+00:00
4205,1419.937,2026-09-24T08:15:02.348236+00:00
4206,1420.325,2026-09-24T08:15:02.349013+00:00
4207,1420.572,2026-09-24T08:15:02.349643+00:00
4208,1420.6190000000001,2026-09-24T08:15:02.350185+00:00
4209,1420.4399999999998,2026-09-24T08:15:02.350801+00:00
4210,1419.8509999999999,2026-09-24T08:15:02.351423+00:00
4211,1419.948,2026-09-24T08:15:02.352027+00:00
4212,1420.122,2026-09-24T08:15:02.352747+00:00
4213,1420.236,2026-09-24T08:15:02.353319+00:00
4214,1420.631,2026-09-24T08:15:02.354215+00:00
4215,1420.793,2026-09-24T08:15:02.354829+00:00
4216,1421.016,2026-09-24T08:15:02.355461+00:00
4217,1421.126,2026-09-24T08:15:02.356054+00:00
4218,1421.3899999999999,2026-09-24T08:15:02.356681+00:00
4219,1421.648,2026-09-24T08:15:02.357270+00:00
4220,1421.566,2026-09-24T08:15:02.357963+00:00
4221,1421.693,2026-09-24T08:15:02.358553+00:00
4222,1421.684,2026-09-24T08:15:02.359180+00:00
4223,1421.7450000000001,2026-09-24T08:15:02.359830+00:00
4224,1421.842,2026-09-24T08:15:02.360450+00:00
4225,1422.021,2026-09-24T08:15:02.361117+00:00
4226,1422.1779999999999,2026-09-24T08:15:02.361702+00:00
4227,1422.4840000000002,2026-09-24T08:15:02.362381+00:00
4228,1422.661,2026-09-24T08:15:02.362952+00:00
4229,1422.898,2026-09-24T08:15:02.363566+00:00
4230,1423.113,2026-09-24T08:15:02.364118+00:00
4231,1423.166,2026-09-24T08:15:02.364686+00:00
4232,1423.481,2026-09-24T08:15:02.365362+00:00
4233,1423.744,2026-09-24T08:15:02.366027+00:00
4234,1424.1090000000002,2026-09-24T08:15:02.366781+00:00
4235,1424.48,2026-09-24T08:15:02.367467+00:00
4236,1424.535,2026-09-24T08:15:02.367999+00:00
4237,1424.675,2026-09-24T08:15:02.368567+00:00
4238,1424.8829999999998,2026-09-24T08:15:02.369111+00:00
4239,1425.0810000000001,2026-09-24T08:15:02.369697+00:00
4240,1425.398,2026-09-24T08:15:02.370355+00:00
4241,1425.808,2026-09-24T08:15:02.371150+00:00
4242,1426.024,2026-09-24T08:15:02.371748+00:00
4243,1425.771,2026-09-24T08:15:02.372262+00:00
4244,1425.799,2026-09-24T08:15:02.372939+00:00
4245,1425.702,2026-09-24T08:15:02.373385+00:00
4246,1425.675,2026-09-24T08:15:02.373917+00:00
4247,1425.875,2026-09-24T08:15:02.374566+00:00
4248,1425.875,2026-09-24T08:15:02.374996+00:00
4249,1426.102,2026-09-24T08:15:02.375609+00:00
4250,1426.03,2026-09-24T08:15:02.376064+00:00
4251,1426.094,2026-09-24T08:15:02.376569+00:00
4252,1426.1280000000002,2026-09-24T08:15:02.377051+00:00
4253,1426.232,2026-09-24T08:15:02.377523+00:00
4254,1426.364,2026-09-24T08:15:02.378061+00:00
4255,1426.304,2026-09-24T08:15:02.378528+00:00
4256,1426.337,2026-09-24T08:15:02.379009+00:00
4257,1426.4660000000001,2026-09-24T08:15:02.379500+00:00
4258,1426.419,2026-09-24T08:15:02.379961+00:00
4259,1426.204,2026-09-24T08:15:02.380385+00:00
4260,1426.131,2026-09-24T08:15:02.380926+00:00
4261,1426.056,2026-09-24T08:15:02.381363+00:00
4262,1426.2649999999999,2026-09-24T08:15:02.382003+00:00
4263,1426.328,2026-09-24T08:15:02.382451+00:00
4264,1463.1609999999998,2026-09-24T08:15:02.419763+00:00
4265,1463.813,2026-09-24T08:15:02.420830+00:00
4266,1464.488,2026-09-24T08:15:02.421926+00:00
4267,1464.329,2026-09-24T08:15:02.422694+00:00
4268,1464.745,2026-09-24T08:15:02.423477+00:00
4269,1465.1909999999998,2026-09-24T08:15:02.424330+00:00
4270,1465.241,2026-09-24T08:15:02.424983+00:00
4271,1465.549,2026-09-24T08:15:02.425778+00:00
4272,1465.588,2026-09-24T08:15:02.426300+00:00
4273,1465.7659999999998,2026-09-24T08:15:02.426928+00:00
4274,1465.996,2026-09-24T08:15:02.427499+00:00
4275,1466.068,2026-09-24T08:15:02.427980+00:00
4276,1466.3129999999999,2026-09-24T08:15:02.428575+00:00
4277,1466.273,2026-09-24T08:15:02.429016+00:00
4278,1466.1770000000001,2026-09-24T08:15:02.429507+00:00
4279,1466.453,2026-09-24T08:15:02.430167+00:00
4280,1466.874,2026-09-24T08:15:02.430911+00:00
4281,1467.36,2026-09-24T08:15:02.431705+00:00
4282,1467.594,2026-09-24T08:15:02.432225+00:00
4283,1467.732,2026-09-24T08:15:02.432718+00:00
4284,1467.924,2026-09-24T08:15:02.433194+00:00
4285,1468.1109999999999,2026-09-24T08:15:02.433930+00:00
4286,1468.2839999999999,2026-09-24T08:15:02.434526+00:00
4287,1468.253,2026-09-24T08:15:02.434960+00:00
4288,1468.334,2026-09-24T08:15:02.435446+00:00
4289,1468.423,2026-09-24T08:15:02.435949+00:00
4290,1468.648,2026-09-24T08:15:02.436538+00:00
4291,1469.0559999999998,2026-09-24T08:15:02.437188+00:00
4292,1469.288,2026-09-24T08:15:02.437838+00:00
4293,1469.646,2026-09-24T08:15:02.438511+00:00
4294,1470.0,2026-09-24T08:15:02.439183+00:00
4295,1470.4170000000001,2026-09-24T08:15:02.439899+00:00
4296,1470.7140000000002,2026-09-24T08:15:02.440515+00:00
4297,1471.0510000000002,2026-09-24T08:15:02.441096+00:00
4298,1471.26,2026-09-24T08:15:02.441615+00:00
4299,1471.461,2026-09-24T08:15:02.442198+00:00
4300,1471.7769999999998,2026-09-24T08:15:02.442811+00:00
4301,1471.9679999999998,2026-09-24T08:15:02.443371+00:00
4302,1472.414,2026-09-24T08:15:02.444143+00:00
4303,1472.6950000000002,2026-09-24T08:15:02.444774+00:00
4304,1473.059,2026-09-24T08:15:02.445478+00:00
4305,1473.291,2026-09-24T08:15:02.446092+00:00
4306,1473.627,2026-09-24T08:15:02.446695+00:00
4307,1473.8629999999998,2026-09-24T08:15:02.447233+00:00
4308,1474.096,2026-09-24T08:15:02.447756+00:00
4309,1474.2930000000001,2026-09-24T08:15:02.448291+00:00
4310,1474.7250000000001,2026-09-24T08:15:02.449040+00:00
4311,1475.1000000000001,2026-09-24T08:15:02.449756+00:00
4312,1475.368,2026-09-24T08:15:02.450338+00:00
4313,1475.727,2026-09-24T08:15:02.451001+00:00
4314,1476.2079999999999,2026-09-24T08:15:02.451799+00:00
4315,1476.5839999999998,2026-09-24T08:15:02.452437+00:00
4316,1476.829,2026-09-24T08:15:02.453007+00:00
4317,1476.964,2026-09-24T08:15:02.453508+00:00
4318,1477.122,2026-09-24T08:15:02.454077+00:00
4319,1477.511,2026-09-24T08:15:02.454935+00:00
4320,1477.8690000000001,2026-09-24T08:15:02.455705+00:00
4321,1478.118,2026-09-24T08:15:02.456351+00:00
4322,1478.254,2026-09-24T08:15:02.456992+00:00
4323,1478.416,2026-09-24T08:15:02.457566+00:00
4324,1478.6840000000002,2026-09-24T08:15:02.458262+00:00
4325,1478.925,2026-09-24T08:15:02.458849+00:00
4326,1479.1760000000002,2026-09-24T08:15:02.459464+00:00
4327,1479.411,2026-09-24T08:15:02.460030+00:00
4328,1479.632,2026-09-24T08:15:02.460612+00:00
4329,1480.027,2026-09-24T08:15:02.461407+00:00
4330,1480.243,2026-09-24T08:15:02.462115+00:00
4331,1480.507,2026-09-24T08:15:02.462715+00:00
4332,1480.859,2026-09-24T08:15:02.463426+00:00
4333,1481.234,2026-09-24T08:15:02.464149+00:00
4334,1481.5320000000002,2026-09-24T08:15:02.464815+00:00
4335,1445.874,2026-09-24T08:15:02.465471+00:00
4336,1445.3100000000002,2026-09-24T08:15:02.466081+00:00
4337,1445.121,2026-09-24T08:15:02.466665+00:00
4338,1444.915,2026-09-24T08:15:02.467203+00:00
4339,1444.898,2026-09-24T08:15:02.467753+00:00
4340,1444.911,2026-09-24T08:15:02.468254+00:00
4341,1445.01,2026-09-24T08:15:02.468715+00:00
4342,1445.123,2026-09-24T08:15:02.469189+00:00
4343,1445.347,2026-09-24T08:15:02.469802+00:00
4344,1445.4959999999999,2026-09-24T08:15:02.470286+00:00
4345,1445.699,2026-09-24T08:15:02.470816+00:00
4346,1445.864,2026-09-24T08:15:02.471343+00:00
4347,1446.024,2026-09-24T08:15:02.471846+00:00
4348,1446.2459999999999,2026-09-24T08:15:02.472389+00:00
4349,1446.3429999999998,2026-09-24T08:15:02.472848+00:00
4350,1446.555,2026-09-24T08:15:02.473337+00:00
4351,1446.8300000000002,2026-09-24T08:15:02.473897+00:00
4352,1446.884,2026-09-24T08:15:02.474318+00:00
4353,1447.203,2026-09-24T08:15:02.474932+00:00
4354,1447.376,2026-09-24T08:15:02.475455+00:00
4355,1447.6370000000002,2026-09-24T08:15:02.476065+00:00
4356,1448.013,2026-09-24T08:15:02.476738+00:00
4357,1448.212,2026-09-24T08:15:02.477340+00:00
4358,1448.269,2026-09-24T08:15:02.477899+00:00
4359,1448.49,2026-09-24T08:15:02.478506+00:00
4360,1448.875,2026-09-24T08:15:02.479203+00:00
4361,1449.092,2026-09-24T08:15:02.479793+00:00
4362,1449.3100000000002,2026-09-24T08:15:02.480433+00:00
4363,1449.654,2026-09-24T08:15:02.481322+00:00
4364,1449.9299999999998,2026-09-24T08:15:02.481979+00:00
4365,1450.056,2026-09-24T08:15:02.482487+00:00
4366,1487.944,2026-09-24T08:15:02.520811+00:00
4367,1488.9779999999998,2026-09-24T08:15:02.522246+00:00
4368,1489.423,2026-09-24T08:15:02.523068+00:00
4369,1490.133,2026-09-24T08:15:02.524120+00:00
4370,1490.498,2026-09-24T08:15:02.524825+00:00
4371,1490.8570000000002,2026-09-24T08:15:02.525580+00:00
4372,1491.266,2026-09-24T08:15:02.526310+00:00
4373,1491.463,2026-09-24T08:15:02.526866+00:00
4374,1491.6499999999999,2026-09-24T08:15:02.527380+00:00
4375,1491.845,2026-09-24T08:15:02.527854+00:00
4376,1491.986,2026-09-24T08:15:02.528484+00:00
4377,1492.256,2026-09-24T08:15:02.529145+00:00
4378,1492.7079999999999,2026-09-24T08:15:02.529944+00:00
4379,1492.9060000000002,2026-09-24T08:15:02.530558+00:00
4380,1493.088,2026-09-24T08:15:02.531129+00:00
4381,1493.506,2026-09-24T08:15:02.531868+00:00
4382,1493.924,2026-09-24T08:15:02.532645+00:00
4383,1494.1480000000001,2026-09-24T08:15:02.533171+00:00
4384,1494.383,2026-09-24T08:15:02.533765+00:00
4385,1494.49,2026-09-24T08:15:02.534218+00:00
4386,1494.85,2026-09-24T08:15:02.534845+00:00
4387,1495.0349999999999,2026-09-24T08:15:02.535334+00:00
4388,1495.345,2026-09-24T08:15:02.535995+00:00
4389,1495.4279999999999,2026-09-24T08:15:02.536449+00:00
4390,1495.608,2026-09-24T08:15:02.536952+00:00
4391,1495.897,2026-09-24T08:15:02.537537+00:00
4392,1496.1100000000001,2026-09-24T08:15:02.538077+00:00
4393,1496.2949999999998,2026-09-24T08:15:02.538581+00:00
4394,1496.383,2026-09-24T08:15:02.539102+00:00
4395,1496.508,2026-09-24T08:15:02.539570+00:00
4396,1496.983,2026-09-24T08:15:02.540325+00:00
4397,1497.365,2026-09-24T08:15:02.541028+00:00
4398,1497.665,2026-09-24T08:15:02.541643+00:00
4399,1497.86,2026-09-24T08:15:02.542199+00:00
4400,1498.097,2026-09-24T08:15:02.542862+00:00
4401,1498.287,2026-09-24T08:15:02.543370+00:00
4402,1498.891,2026-09-24T08:15:02.544259+00:00
4403,1499.1699999999998,2026-09-24T08:15:02.544844+00:00
4404,1499.422,2026-09-24T08:15:02.545468+00:00
4405,1499.658,2026-09-24T08:15:02.546058+00:00
4406,1499.814,2026-09-24T08:15:02.546582+00:00
4407,1499.997,2026-09-24T08:15:02.547150+00:00
4408,1500.131,2026-09-24T08:15:02.547620+00:00
4409,1500.294,2026-09-24T08:15:02.548054+00:00
4410,1500.396,2026-09-24T08:15:02.548494+00:00
4411,1500.762,2026-09-24T08:15:02.549143+00:00
4412,1500.9289999999999,2026-09-24T08:15:02.549616+00:00
4413,1501.194,2026-09-24T08:15:02.550188+00:00
4414,1501.3799999999999,2026-09-24T08:15:02.550640+00:00
4415,1501.569,2026-09-24T08:15:02.551177+00:00
4416,1501.8400000000001,2026-09-24T08:15:02.551890+00:00
4417,1502.114,2026-09-24T08:15:02.552504+00:00
4418,1502.261,2026-09-24T08:15:02.552986+00:00
4419,1502.564,2026-09-24T08:15:02.553628+00:00
4420,1502.8300000000002,2026-09-24T08:15:02.554192+00:00
4421,1503.123,2026-09-24T08:15:02.554762+00:00
4422,1503.367,2026-09-24T08:15:02.555302+00:00
4423,1503.5529999999999,2026-09-24T08:15:02.555840+00:00
4424,1503.769,2026-09-24T08:15:02.556532+00:00
4425,1504.01,2026-09-24T08:15:02.557105+00:00
4426,1504.24,2026-09-24T08:15:02.557735+00:00
4427,1504.581,2026-09-24T08:15:02.558457+00:00
4428,1504.792,2026-09-24T08:15:02.559087+00:00
4429,1504.9289999999999,2026-09-24T08:15:02.559669+00:00
4430,1504.95,2026-09-24T08:15:02.560165+00:00
4431,1505.425,2026-09-24T08:15:02.560997+00:00
4432,1505.482,2026-09-24T08:15:02.561496+00:00
4433,1505.781,2026-09-24T08:15:02.562184+00:00
4434,1505.877,2026-09-24T08:15:02.562741+00:00
4435,1505.986,2026-09-24T08:15:02.563276+00:00
4436,1506.1100000000001,2026-09-24T08:15:02.563727+00:00
4437,1506.305,2026-09-24T08:15:02.564310+00:00
4438,1506.631,2026-09-24T08:15:02.565005+00:00
4439,1506.779,2026-09-24T08:15:02.565513+00:00
4440,1507.012,2026-09-24T08:15:02.566072+00:00
4441,1507.251,2026-09-24T08:15:02.566681+00:00
4442,1507.3609999999999,2026-09-24T08:15:02.567167+00:00
4443,1507.523,2026-09-24T08:15:02.567663+00:00
4444,1507.541,2026-09-24T08:15:02.568167+00:00
4445,1507.741,2026-09-24T08:15:02.568729+00:00
4446,1508.053,2026-09-24T08:15:02.569441+00:00
4447,1508.238,2026-09-24T08:15:02.570042+00:00
4448,1508.5,2026-09-24T08:15:02.570638+00:00
4449,1508.665,2026-09-24T08:15:02.571202+00:00
4450,1508.8999999999999,2026-09-24T08:15:02.571814+00:00
4451,1509.091,2026-09-24T08:15:02.572331+00:00
4452,1509.246,2026-09-24T08:15:02.572864+00:00
4453,1509.3970000000002,2026-09-24T08:15:02.573371+00:00
4454,1509.727,2026-09-24T08:15:02.573993+00:00
4455,1510.0620000000001,2026-09-24T08:15:02.574725+00:00
4456,1510.327,2026-09-24T08:15:02.575372+00:00
4457,1510.692,2026-09-24T08:15:02.576072+00:00
4458,1510.77,2026-09-24T08:15:02.576639+00:00
4459,1511.1490000000001,2026-09-24T08:15:02.577336+00:00
4460,1511.6009999999999,2026-09-24T08:15:02.578117+00:00
4461,1511.837,2026-09-24T08:15:02.578780+00:00
4462,1512.048,2026-09-24T08:15:02.579328+00:00
4463,1512.337,2026-09-24T08:15:02.579968+00:00
4464,1512.3500000000001,2026-09-24T08:15:02.580438+00:00
4465,1512.552,2026-09-24T08:15:02.581027+00:00
4466,1512.731,2026-09-24T08:15:02.581617+00:00
4467,1512.721,2026-09-24T08:15:02.582085+00:00
4468,1512.858,2026-09-24T08:15:02.582609+00:00
4469,1512.923,2026-09-24T08:15:02.583075+00:00
4470,1512.971,2026-09-24T08:15:02.583539+00:00
4471,1513.0529999999999,2026-09-24T08:15:02.584043+00:00
4472,1513.2350000000001,2026-09-24T08:15:02.584591+00:00
4473,1513.51,2026-09-24T08:15:02.585269+00:00
4474,1513.5330000000001,2026-09-24T08:15:02.585732+00:00
4475,1547.201,2026-09-24T08:15:02.619769+00:00
4476,1548.2340000000002,2026-09-24T08:15:02.621203+00:00
4477,1549.001,2026-09-24T08:15:02.622405+00:00
4478,1549.3680000000002,2026-09-24T08:15:02.623290+00:00
4479,1549.633,2026-09-24T08:15:02.623977+00:00
4480,1549.843,2026-09-24T08:15:02.624568+00:00
4481,1550.357,2026-09-24T08:15:02.625361+00:00
4482,1551.1390000000001,2026-09-24T08:15:02.626513+00:00
4483,1551.3870000000002,2026-09-24T08:15:02.627114+00:00
4484,1551.71,2026-09-24T08:15:02.627779+00:00
4485,1551.944,2026-09-24T08:15:02.628304+00:00
4486,1552.231,2026-09-24T08:15:02.628952+00:00
4487,1552.469,2026-09-24T08:15:02.629501+00:00
4488,1552.898,2026-09-24T08:15:02.630226+00:00
4489,1553.0600000000002,2026-09-24T08:15:02.630701+00:00
4490,1553.2109999999998,2026-09-24T08:15:02.631231+00:00
4491,1553.55,2026-09-24T08:15:02.631901+00:00
4492,1553.6129999999998,2026-09-24T08:15:02.632387+00:00
4493,1553.798,2026-09-24T08:15:02.632945+00:00
4494,1554.079,2026-09-24T08:15:02.633543+00:00
4495,1554.243,2026-09-24T08:15:02.634080+00:00
4496,1554.284,2026-09-24T08:15:02.634512+00:00
4497,1554.413,2026-09-24T08:15:02.634988+00:00
4498,1554.634,2026-09-24T08:15:02.635521+00:00
4499,1554.8690000000001,2026-09-24T08:15:02.636018+00:00
4500,1555.1280000000002,2026-09-24T08:15:02.636581+00:00
4501,1555.559,2026-09-24T08:15:02.637351+00:00
4502,1555.845,2026-09-24T08:15:02.637951+00:00
4503,1556.071,2026-09-24T08:15:02.638653+00:00
4504,1556.295,2026-09-24T08:15:02.639305+00:00
4505,1556.608,2026-09-24T08:15:02.639961+00:00
4506,1556.868,2026-09-24T08:15:02.640683+00:00
4507,1557.183,2026-09-24T08:15:02.641354+00:00
4508,1557.572,2026-09-24T08:15:02.642171+00:00
4509,1557.683,2026-09-24T08:15:02.642828+00:00
4510,1524.277,2026-09-24T08:15:02.643463+00:00
4511,1523.642,2026-09-24T08:15:02.644193+00:00
4512,1523.613,2026-09-24T08:15:02.644989+00:00
4513,1523.652,2026-09-24T08:15:02.645667+00:00
4514,1523.656,2026-09-24T08:15:02.646218+00:00
4515,1523.599,2026-09-24T08:15:02.646868+00:00
4516,1523.56,2026-09-24T08:15:02.647356+00:00
4517,1523.6879999999999,2026-09-24T08:15:02.647950+00:00
4518,1523.6499999999999,2026-09-24T08:15:02.648379+00:00
4519,1523.702,2026-09-24T08:15:02.648867+00:00
4520,1523.971,2026-09-24T08:15:02.649586+00:00
4521,1524.159,2026-09-24T08:15:02.650201+00:00
4522,1524.385,2026-09-24T08:15:02.650934+00:00
4523,1524.824,2026-09-24T08:15:02.651691+00:00
4524,1525.177,2026-09-24T08:15:02.652408+00:00
4525,1525.618,2026-09-24T08:15:02.653169+00:00
4526,1525.943,2026-09-24T08:15:02.653893+00:00
4527,1526.2579999999998,2026-09-24T08:15:02.654628+00:00
4528,1526.625,2026-09-24T08:15:02.655326+00:00
4529,1526.889,2026-09-24T08:15:02.655963+00:00
4530,1526.998,2026-09-24T08:15:02.656601+00:00
4531,1527.1619999999998,2026-09-24T08:15:02.657189+00:00
4532,1527.397,2026-09-24T08:15:02.657757+00:00
4533,1527.53,2026-09-24T08:15:02.658277+00:00
4534,1527.702,2026-09-24T08:15:02.658781+00:00
4535,1527.8290000000002,2026-09-24T08:15:02.659228+00:00
4536,1528.01,2026-09-24T08:15:02.659942+00:00
4537,1528.1599999999999,2026-09-24T08:15:02.660514+00:00
4538,1528.1299999999999,2026-09-24T08:15:02.660978+00:00
4539,1528.537,2026-09-24T08:15:02.661762+00:00
4540,1528.766,2026-09-24T08:15:02.662353+00:00
4541,1528.9109999999998,2026-09-24T08:15:02.662848+00:00
4542,1529.202,2026-09-24T08:15:02.663496+00:00
4543,1529.544,2026-09-24T08:15:02.664165+00:00
4544,1529.858,2026-09-24T08:15:02.664848+00:00
4545,1530.035,2026-09-24T08:15:02.665393+00:00
4546,1530.241,2026-09-24T08:15:02.665952+00:00
4547,1530.687,2026-09-24T08:15:02.666715+00:00
4548,1531.2140000000002,2026-09-24T08:15:02.667591+00:00
4549,1531.303,2026-09-24T08:15:02.668160+00:00
4550,1531.309,2026-09-24T08:15:02.668692+00:00
4551,1531.481,2026-09-24T08:15:02.669219+00:00
4552,1531.69,2026-09-24T08:15:02.669727+00:00
4553,1532.066,2026-09-24T08:15:02.670515+00:00
4554,1532.1860000000001,2026-09-24T08:15:02.671046+00:00
4555,1532.481,2026-09-24T08:15:02.671715+00:00
4556,1532.687,2026-09-24T08:15:02.672268+00:00
4557,1532.785,2026-09-24T08:15:02.672764+00:00
4558,1532.878,2026-09-24T08:15:02.673246+00:00
4559,1532.983,2026-09-24T08:15:02.673832+00:00
4560,1533.1109999999999,2026-09-24T08:15:02.674368+00:00
4561,1533.3680000000002,2026-09-24T08:15:02.675003+00:00
4562,1533.443,2026-09-24T08:15:02.675549+00:00
4563,1533.78,2026-09-24T08:15:02.676250+00:00
4564,1533.921,2026-09-24T08:15:02.676813+00:00
4565,1534.128,2026-09-24T08:15:02.677384+00:00
4566,1534.3,2026-09-24T08:15:02.677980+00:00
4567,1534.4930000000002,2026-09-24T08:15:02.678628+00:00
4568,1534.5720000000001,2026-09-24T08:15:02.679171+00:00
4569,1534.64,2026-09-24T08:15:02.679661+00:00
4570,1535.059,2026-09-24T08:15:02.680453+00:00
4571,1535.645,2026-09-24T08:15:02.681394+00:00
4572,1535.959,2026-09-24T08:15:02.682095+00:00
4573,1536.2350000000001,2026-09-24T08:15:02.682820+00:00
4574,1536.497,2026-09-24T08:15:02.683574+00:00
4575,1571.867,2026-09-24T08:15:02.719331+00:00
4576,1572.433,2026-09-24T08:15:02.720278+00:00
4577,1573.043,2026-09-24T08:15:02.721249+00:00
4578,1573.22,2026-09-24T08:15:02.721781+00:00
4579,1573.565,2026-09-24T08:15:02.722443+00:00
4580,1573.882,2026-09-24T08:15:02.723076+00:00
4581,1574.086,2026-09-24T08:15:02.723723+00:00
4582,1574.673,2026-09-24T08:15:02.724698+00:00
4583,1574.881,2026-09-24T08:15:02.725392+00:00
4584,1575.437,2026-09-24T08:15:02.726532+00:00
4585,1575.988,2026-09-24T08:15:02.727527+00:00
4586,1576.406,2026-09-24T08:15:02.728299+00:00
4587,1576.738,2026-09-24T08:15:02.729033+00:00
4588,1577.011,2026-09-24T08:15:02.729670+00:00
4589,1577.296,2026-09-24T08:15:02.730324+00:00
4590,1577.6809999999998,2026-09-24T08:15:02.731048+00:00
4591,1577.899,2026-09-24T08:15:02.731756+00:00
4592,1578.049,2026-09-24T08:15:02.732268+00:00
4593,1578.206,2026-09-24T08:15:02.732812+00:00
4594,1578.311,2026-09-24T08:15:02.733333+00:00
4595,1578.276,2026-09-24T08:15:02.733858+00:00
4596,1578.436,2026-09-24T08:15:02.734419+00:00
4597,1578.7420000000002,2026-09-24T08:15:02.735107+00:00
4598,1579.019,2026-09-24T08:15:02.735787+00:00
4599,1579.661,2026-09-24T08:15:02.736775+00:00
4600,1580.267,2026-09-24T08:15:02.737704+00:00
4601,1580.395,2026-09-24T08:15:02.738232+00:00
4602,1580.826,2026-09-24T08:15:02.738972+00:00
4603,1581.0720000000001,2026-09-24T08:15:02.739586+00:00
4604,1581.3200000000002,2026-09-24T08:15:02.740189+00:00
4605,1581.544,2026-09-24T08:15:02.740756+00:00
4606,1581.702,2026-09-24T08:15:02.741285+00:00
4607,1581.719,2026-09-24T08:15:02.741718+00:00
4608,1581.894,2026-09-24T08:15:02.742293+00:00
4609,1581.949,2026-09-24T08:15:02.742738+00:00
4610,1582.1309999999999,2026-09-24T08:15:02.743245+00:00
4611,1582.24,2026-09-24T08:15:02.743726+00:00
4612,1582.332,2026-09-24T08:15:02.744170+00:00
4613,1582.5059999999999,2026-09-24T08:15:02.744734+00:00
4614,1582.4389999999999,2026-09-24T08:15:02.745094+00:00
4615,1582.664,2026-09-24T08:15:02.745638+00:00
4616,1582.751,2026-09-24T08:15:02.746065+00:00
4617,1582.9679999999998,2026-09-24T08:15:02.746650+00:00
4618,1583.07,2026-09-24T08:15:02.747099+00:00
4619,1583.1789999999999,2026-09-24T08:15:02.747517+00:00
4620,1583.193,2026-09-24T08:15:02.747990+00:00
4621,1583.348,2026-09-24T08:15:02.748474+00:00
4622,1583.6840000000002,2026-09-24T08:15:02.749150+00:00
4623,1583.751,2026-09-24T08:15:02.749576+00:00
4624,1583.998,2026-09-24T08:15:02.750145+00:00
4625,1584.145,2026-09-24T08:15:02.750632+00:00
4626,1584.2179999999998,2026-09-24T08:15:02.751052+00:00
4627,1584.5,2026-09-24T08:15:02.751656+00:00
4628,1584.804,2026-09-24T08:15:02.752317+00:00
4629,1584.9009999999998,2026-09-24T08:15:02.752842+00:00
4630,1585.094,2026-09-24T08:15:02.753336+00:00
4631,1585.42,2026-09-24T08:15:02.754048+00:00
4632,1585.4850000000001,2026-09-24T08:15:02.754590+00:00
4633,1585.727,2026-09-24T08:15:02.755164+00:00
4634,1585.875,2026-09-24T08:15:02.755661+00:00
4635,1586.107,2026-09-24T08:15:02.756202+00:00
4636,1586.2540000000001,2026-09-24T08:15:02.756686+00:00
4637,1586.3799999999999,2026-09-24T08:15:02.757104+00:00
4638,1586.675,2026-09-24T08:15:02.757725+00:00
4639,1586.929,2026-09-24T08:15:02.758469+00:00
4640,1587.1850000000002,2026-09-24T08:15:02.759076+00:00
4641,1587.449,2026-09-24T08:15:02.759717+00:00
4642,1587.701,2026-09-24T08:15:02.760397+00:00
4643,1588.269,2026-09-24T08:15:02.761314+00:00
4644,1588.6979999999999,2026-09-24T08:15:02.762037+00:00
4645,1589.008,2026-09-24T08:15:02.762869+00:00
4646,1589.4669999999999,2026-09-24T08:15:02.763611+00:00
4647,1589.7079999999999,2026-09-24T08:15:02.764243+00:00
4648,1589.8680000000002,2026-09-24T08:15:02.764873+00:00
4649,1590.1080000000002,2026-09-24T08:15:02.765437+00:00
4650,1590.276,2026-09-24T08:15:02.765979+00:00
4651,1590.392,2026-09-24T08:15:02.766448+00:00
4652,1590.5510000000002,2026-09-24T08:15:02.766939+00:00
4653,1590.704,2026-09-24T08:15:02.767463+00:00
4654,1590.8310000000001,2026-09-24T08:15:02.767963+00:00
4655,1590.8500000000001,2026-09-24T08:15:02.768397+00:00
4656,1590.954,2026-09-24T08:15:02.768925+00:00
4657,1591.053,2026-09-24T08:15:02.769457+00:00
4658,1591.121,2026-09-24T08:15:02.769937+00:00
4659,1591.247,2026-09-24T08:15:02.770444+00:00
4660,1591.223,2026-09-24T08:15:02.770879+00:00
4661,1591.328,2026-09-24T08:15:02.771426+00:00
4662,1591.3029999999999,2026-09-24T08:15:02.771837+00:00
4663,1591.347,2026-09-24T08:15:02.772250+00:00
4664,1591.289,2026-09-24T08:15:02.772691+00:00
4665,1591.327,2026-09-24T08:15:02.773107+00:00
4666,1591.506,2026-09-24T08:15:02.773640+00:00
4667,1591.548,2026-09-24T08:15:02.774082+00:00
4668,1591.652,2026-09-24T08:15:02.774562+00:00
4669,1591.904,2026-09-24T08:15:02.775153+00:00
4670,1592.2430000000002,2026-09-24T08:15:02.775871+00:00
4671,1592.387,2026-09-24T08:15:02.776379+00:00
4672,1592.707,2026-09-24T08:15:02.777011+00:00
4673,1593.0040000000001,2026-09-24T08:15:02.777771+00:00
4674,1593.1280000000002,2026-09-24T08:15:02.778249+00:00
4675,1593.219,2026-09-24T08:15:02.778725+00:00
4676,1593.298,2026-09-24T08:15:02.779255+00:00
4677,1593.423,2026-09-24T08:15:02.779799+00:00
4678,1593.49,2026-09-24T08:15:02.780354+00:00
4679,1593.705,2026-09-24T08:15:02.780945+00:00
4680,1562.369,2026-09-24T08:15:02.781463+00:00
4681,1561.847,2026-09-24T08:15:02.782070+00:00
4682,1561.6000000000001,2026-09-24T08:15:02.782548+00:00
4683,1561.519,2026-09-24T08:15:02.782946+00:00
4684,1561.5159999999998,2026-09-24T08:15:02.783501+00:00
4685,1561.5049999999999,2026-09-24T08:15:02.784042+00:00
4686,1561.582,2026-09-24T08:15:02.784652+00:00
4687,1561.881,2026-09-24T08:15:02.785402+00:00
4688,1562.111,2026-09-24T08:15:02.785987+00:00
4689,1594.967,2026-09-24T08:15:02.819230+00:00
4690,1596.346,2026-09-24T08:15:02.821042+00:00
4691,1597.046,2026-09-24T08:15:02.822136+00:00
4692,1597.4170000000001,2026-09-24T08:15:02.822959+00:00
4693,1598.0330000000001,2026-09-24T08:15:02.823951+00:00
4694,1598.549,2026-09-24T08:15:02.824786+00:00
4695,1598.673,2026-09-24T08:15:02.825314+00:00
4696,1599.3010000000002,2026-09-24T08:15:02.826259+00:00
4697,1599.54,2026-09-24T08:15:02.826896+00:00
4698,1599.7330000000002,2026-09-24T08:15:02.827479+00:00
4699,1599.961,2026-09-24T08:15:02.828058+00:00
4700,1600.098,2026-09-24T08:15:02.828575+00:00
4701,1600.252,2026-09-24T08:15:02.829081+00:00
4702,1600.435,2026-09-24T08:15:02.829660+00:00
4703,1600.751,2026-09-24T08:15:02.830333+00:00
4704,1601.026,2026-09-24T08:15:02.830957+00:00
4705,1601.165,2026-09-24T08:15:02.831547+00:00
4706,1601.45,2026-09-24T08:15:02.832232+00:00
4707,1601.7749999999999,2026-09-24T08:15:02.832862+00:00
4708,1601.993,2026-09-24T08:15:02.833453+00:00
4709,1602.227,2026-09-24T08:15:02.833971+00:00
4710,1602.495,2026-09-24T08:15:02.834539+00:00
4711,1602.966,2026-09-24T08:15:02.835305+00:00
4712,1603.0439999999999,2026-09-24T08:15:02.835791+00:00
4713,1603.22,2026-09-24T08:15:02.836436+00:00
4714,1603.308,2026-09-24T08:15:02.836925+00:00
4715,1603.5680000000002,2026-09-24T08:15:02.837497+00:00
4716,1603.6699999999998,2026-09-24T08:15:02.837950+00:00
4717,1603.853,2026-09-24T08:15:02.838539+00:00
4718,1603.961,2026-09-24T08:15:02.839115+00:00
4719,1604.166,2026-09-24T08:15:02.839696+00:00
4720,1604.472,2026-09-24T08:15:02.840284+00:00
4721,1604.809,2026-09-24T08:15:02.841149+00:00
4722,1604.965,2026-09-24T08:15:02.841801+00:00
4723,1605.114,2026-09-24T08:15:02.842327+00:00
4724,1605.1200000000001,2026-09-24T08:15:02.842779+00:00
4725,1605.372,2026-09-24T08:15:02.843443+00:00
4726,1605.426,2026-09-24T08:15:02.843878+00:00
4727,1605.51,2026-09-24T08:15:02.844345+00:00
4728,1605.643,2026-09-24T08:15:02.844942+00:00
4729,1605.825,2026-09-24T08:15:02.845451+00:00
4730,1605.928,2026-09-24T08:15:02.845933+00:00
4731,1606.124,2026-09-24T08:15:02.846483+00:00
4732,1606.118,2026-09-24T08:15:02.846903+00:00
4733,1606.3799999999999,2026-09-24T08:15:02.847483+00:00
4734,1606.776,2026-09-24T08:15:02.848220+00:00
4735,1606.9979999999998,2026-09-24T08:15:02.848821+00:00
4736,1607.226,2026-09-24T08:15:02.849365+00:00
4737,1607.4299999999998,2026-09-24T08:15:02.849909+00:00
4738,1607.5539999999999,2026-09-24T08:15:02.850499+00:00
4739,1607.595,2026-09-24T08:15:02.851023+00:00
4740,1607.797,2026-09-24T08:15:02.851654+00:00
4741,1608.0410000000002,2026-09-24T08:15:02.852334+00:00
4742,1608.111,2026-09-24T08:15:02.852895+00:00
4743,1608.3110000000001,2026-09-24T08:15:02.853493+00:00
4744,1608.396,2026-09-24T08:15:02.854030+00:00
4745,1608.289,2026-09-24T08:15:02.854570+00:00
4746,1608.395,2026-09-24T08:15:02.855078+00:00
4747,1608.575,2026-09-24T08:15:02.855601+00:00
4748,1608.911,2026-09-24T08:15:02.856313+00:00
4749,1609.104,2026-09-24T08:15:02.856904+00:00
4750,1609.317,2026-09-24T08:15:02.857511+00:00
4751,1609.445,2026-09-24T08:15:02.858022+00:00
4752,1609.531,2026-09-24T08:15:02.858523+00:00
4753,1609.797,2026-09-24T08:15:02.859158+00:00
4754,1610.057,2026-09-24T08:15:02.859851+00:00
4755,1610.171,2026-09-24T08:15:02.860301+00:00
4756,1610.4750000000001,2026-09-24T08:15:02.860863+00:00
4757,1610.808,2026-09-24T08:15:02.861510+00:00
4758,1610.955,2026-09-24T08:15:02.862026+00:00
4759,1611.0739999999998,2026-09-24T08:15:02.862512+00:00
4760,1611.345,2026-09-24T08:15:02.863161+00:00
4761,1611.683,2026-09-24T08:15:02.863890+00:00
4762,1611.915,2026-09-24T08:15:02.864482+00:00
4763,1612.317,2026-09-24T08:15:02.865260+00:00
4764,1612.596,2026-09-24T08:15:02.865885+00:00
4765,1612.841,2026-09-24T08:15:02.866432+00:00
4766,1613.345,2026-09-24T08:15:02.867270+00:00
4767,1613.7079999999999,2026-09-24T08:15:02.867959+00:00
4768,1613.8380000000002,2026-09-24T08:15:02.868480+00:00
4769,1614.074,2026-09-24T08:15:02.869083+00:00
4770,1614.319,2026-09-24T08:15:02.869656+00:00
4771,1614.5620000000001,2026-09-24T08:15:02.870227+00:00
4772,1614.808,2026-09-24T08:15:02.870854+00:00
4773,1614.8290000000002,2026-09-24T08:15:02.871368+00:00
4774,1615.2649999999999,2026-09-24T08:15:02.872102+00:00
4775,1615.555,2026-09-24T08:15:02.872669+00:00
4776,1615.808,2026-09-24T08:15:02.873229+00:00
4777,1616.074,2026-09-24T08:15:02.873805+00:00
4778,1616.179,2026-09-24T08:15:02.874363+00:00
4779,1616.328,2026-09-24T08:15:02.874822+00:00
4780,1616.59,2026-09-24T08:15:02.875382+00:00
4781,1616.7659999999998,2026-09-24T08:15:02.875910+00:00
4782,1616.835,2026-09-24T08:15:02.876384+00:00
4783,1617.06,2026-09-24T08:15:02.876953+00:00
4784,1617.22,2026-09-24T08:15:02.877449+00:00
4785,1617.367,2026-09-24T08:15:02.877941+00:00
4786,1617.549,2026-09-24T08:15:02.878501+00:00
4787,1617.8220000000001,2026-09-24T08:15:02.879118+00:00
4788,1618.056,2026-09-24T08:15:02.879743+00:00
4789,1618.315,2026-09-24T08:15:02.880340+00:00
4790,1618.954,2026-09-24T08:15:02.881279+00:00
4791,1619.015,2026-09-24T08:15:02.881833+00:00
4792,1619.1660000000002,2026-09-24T08:15:02.882341+00:00
4793,1619.367,2026-09-24T08:15:02.882896+00:00
4794,1619.7569999999998,2026-09-24T08:15:02.883635+00:00
4795,1619.915,2026-09-24T08:15:02.884190+00:00
4796,1620.1460000000002,2026-09-24T08:15:02.884794+00:00
4797,1620.3700000000001,2026-09-24T08:15:02.885330+00:00
4798,1620.579,2026-09-24T08:15:02.885843+00:00
4799,1653.187,2026-09-24T08:15:02.918748+00:00
4800,1653.8029999999999,2026-09-24T08:15:02.919792+00:00
4801,1654.475,2026-09-24T08:15:02.920767+00:00
4802,1654.797,2026-09-24T08:15:02.921453+00:00
4803,1655.202,2026-09-24T08:15:02.922204+00:00
4804,1655.486,2026-09-24T08:15:02.922819+00:00
4805,1656.048,2026-09-24T08:15:02.923710+00:00
4806,1656.194,2026-09-24T08:15:02.924316+00:00
4807,1656.881,2026-09-24T08:15:02.925340+00:00
4808,1657.12,2026-09-24T08:15:02.925965+00:00
4809,1657.489,2026-09-24T08:15:02.926609+00:00
4810,1657.661,2026-09-24T08:15:02.927089+00:00
4811,1657.866,2026-09-24T08:15:02.927583+00:00
4812,1658.282,2026-09-24T08:15:02.928289+00:00
4813,1658.611,2026-09-24T08:15:02.928989+00:00
4814,1658.915,2026-09-24T08:15:02.929588+00:00
4815,1659.124,2026-09-24T08:15:02.930165+00:00
4816,1659.213,2026-09-24T08:15:02.930700+00:00
4817,1659.4379999999999,2026-09-24T08:15:02.931259+00:00
4818,1659.6850000000002,2026-09-24T08:15:02.931935+00:00
4819,1659.887,2026-09-24T08:15:02.932539+00:00
4820,1660.161,2026-09-24T08:15:02.933085+00:00
4821,1660.359,2026-09-24T08:15:02.933614+00:00
4822,1660.666,2026-09-24T08:15:02.934312+00:00
4823,1661.151,2026-09-24T08:15:02.935077+00:00
4824,1661.3400000000001,2026-09-24T08:15:02.935584+00:00
4825,1661.7269999999999,2026-09-24T08:15:02.936275+00:00
4826,1662.051,2026-09-24T08:15:02.936880+00:00
4827,1662.2669999999998,2026-09-24T08:15:02.937382+00:00
4828,1662.394,2026-09-24T08:15:02.937880+00:00
4829,1662.479,2026-09-24T08:15:02.938296+00:00
4830,1662.7259999999999,2026-09-24T08:15:02.938861+00:00
4831,1662.933,2026-09-24T08:15:02.939385+00:00
4832,1663.267,2026-09-24T08:15:02.940013+00:00
4833,1663.479,2026-09-24T08:15:02.940581+00:00
4834,1663.699,2026-09-24T08:15:02.941263+00:00
4835,1663.99,2026-09-24T08:15:02.941893+00:00
4836,1664.2330000000002,2026-09-24T08:15:02.942432+00:00
4837,1664.469,2026-09-24T08:15:02.943006+00:00
4838,1664.664,2026-09-24T08:15:02.943460+00:00
4839,1664.808,2026-09-24T08:15:02.943962+00:00
4840,1665.163,2026-09-24T08:15:02.944604+00:00
4841,1665.452,2026-09-24T08:15:02.945210+00:00
4842,1665.558,2026-09-24T08:15:02.945702+00:00
4843,1665.743,2026-09-24T08:15:02.946216+00:00
4844,1665.977,2026-09-24T08:15:02.946765+00:00
4845,1666.099,2026-09-24T08:15:02.947234+00:00
4846,1666.224,2026-09-24T08:15:02.947682+00:00
4847,1666.661,2026-09-24T08:15:02.948424+00:00
4848,1666.8829999999998,2026-09-24T08:15:02.948965+00:00
4849,1667.054,2026-09-24T08:15:02.949422+00:00
4850,1667.113,2026-09-24T08:15:02.949820+00:00
4851,1667.338,2026-09-24T08:15:02.950356+00:00
4852,1667.3770000000002,2026-09-24T08:15:02.950840+00:00
4853,1667.5169999999998,2026-09-24T08:15:02.951318+00:00
4854,1667.744,2026-09-24T08:15:02.951897+00:00
4855,1667.904,2026-09-24T08:15:02.952450+00:00
4856,1667.998,2026-09-24T08:15:02.952892+00:00
4857,1668.154,2026-09-24T08:15:02.953338+00:00
4858,1668.2749999999999,2026-09-24T08:15:02.953832+00:00
4859,1668.3790000000001,2026-09-24T08:15:02.954322+00:00
4860,1668.624,2026-09-24T08:15:02.954888+00:00
4861,1637.336,2026-09-24T08:15:02.955728+00:00
4862,1637.045,2026-09-24T08:15:02.956188+00:00
4863,1636.965,2026-09-24T08:15:02.956664+00:00
4864,1637.0739999999998,2026-09-24T08:15:02.957201+00:00
4865,1637.288,2026-09-24T08:15:02.957887+00:00
4866,1637.3029999999999,2026-09-24T08:15:02.958313+00:00
4867,1637.577,2026-09-24T08:15:02.958911+00:00
4868,1637.731,2026-09-24T08:15:02.959377+00:00
4869,1637.94,2026-09-24T08:15:02.959981+00:00
4870,1638.16,2026-09-24T08:15:02.960640+00:00
4871,1638.288,2026-09-24T08:15:02.961229+00:00
4872,1638.492,2026-09-24T08:15:02.961816+00:00
4873,1638.658,2026-09-24T08:15:02.962353+00:00
4874,1638.803,2026-09-24T08:15:02.962905+00:00
4875,1639.185,2026-09-24T08:15:02.963681+00:00
4876,1639.304,2026-09-24T08:15:02.964158+00:00
4877,1639.429,2026-09-24T08:15:02.964672+00:00
4878,1639.5720000000001,2026-09-24T08:15:02.965291+00:00
4879,1639.7060000000001,2026-09-24T08:15:02.965805+00:00
4880,1639.778,2026-09-24T08:15:02.966257+00:00
4881,1640.006,2026-09-24T08:15:02.966887+00:00
4882,1640.266,2026-09-24T08:15:02.967493+00:00
4883,1640.444,2026-09-24T08:15:02.968071+00:00
4884,1640.577,2026-09-24T08:15:02.968639+00:00
4885,1640.799,2026-09-24T08:15:02.969179+00:00
4886,1640.912,2026-09-24T08:15:02.969626+00:00
4887,1641.1119999999999,2026-09-24T08:15:02.970184+00:00
4888,1641.6139999999998,2026-09-24T08:15:02.971068+00:00
4889,1642.01,2026-09-24T08:15:02.971819+00:00
4890,1642.2779999999998,2026-09-24T08:15:02.972449+00:00
4891,1642.5890000000002,2026-09-24T08:15:02.973134+00:00
4892,1642.9450000000002,2026-09-24T08:15:02.973921+00:00
4893,1643.214,2026-09-24T08:15:02.974649+00:00
4894,1643.42,2026-09-24T08:15:02.975273+00:00
4895,1643.5439999999999,2026-09-24T08:15:02.975765+00:00
4896,1643.667,2026-09-24T08:15:02.976252+00:00
4897,1643.844,2026-09-24T08:15:02.976843+00:00
4898,1644.2069999999999,2026-09-24T08:15:02.977568+00:00
4899,1644.381,2026-09-24T08:15:02.978110+00:00
4900,1644.506,2026-09-24T08:15:02.978672+00:00
4901,1644.717,2026-09-24T08:15:02.979212+00:00
4902,1645.109,2026-09-24T08:15:02.979921+00:00
4903,1645.34,2026-09-24T08:15:02.980487+00:00
4904,1645.751,2026-09-24T08:15:02.981194+00:00
4905,1646.126,2026-09-24T08:15:02.981894+00:00
4906,1646.375,2026-09-24T08:15:02.982456+00:00
4907,1646.4959999999999,2026-09-24T08:15:02.982999+00:00
4908,1646.698,2026-09-24T08:15:02.983516+00:00
4909,1646.8149999999998,2026-09-24T08:15:02.984044+00:00
4910,1646.99,2026-09-24T08:15:02.984594+00:00
4911,1647.336,2026-09-24T08:15:02.985253+00:00
4912,1647.673,2026-09-24T08:15:02.985954+00:00
4913,1681.1490000000001,2026-09-24T08:15:03.019802+00:00
4914,1682.487,2026-09-24T08:15:03.021474+00:00
4915,1683.444,2026-09-24T08:15:03.022763+00:00
4916,1683.797,2026-09-24T08:15:03.023578+00:00
4917,1684.0980000000002,2026-09-24T08:15:03.024301+00:00
4918,1684.585,2026-09-24T08:15:03.025184+00:00
4919,1685.022,2026-09-24T08:15:03.026029+00:00
4920,1685.53,2026-09-24T08:15:03.026811+00:00
4921,1685.742,2026-09-24T08:15:03.027390+00:00
4922,1685.9930000000002,2026-09-24T08:15:03.027972+00:00
4923,1686.119,2026-09-24T08:15:03.028445+00:00
4924,1686.288,2026-09-24T08:15:03.028959+00:00
4925,1686.5520000000001,2026-09-24T08:15:03.029577+00:00
4926,1686.826,2026-09-24T08:15:03.030184+00:00
4927,1687.016,2026-09-24T08:15:03.030639+00:00
4928,1687.157,2026-09-24T08:15:03.031052+00:00
4929,1687.5819999999999,2026-09-24T08:15:03.031808+00:00
4930,1687.686,2026-09-24T08:15:03.032260+00:00
4931,1688.1200000000001,2026-09-24T08:15:03.033023+00:00
4932,1688.3729999999998,2026-09-24T08:15:03.033626+00:00
4933,1688.371,2026-09-24T08:15:03.034493+00:00
4934,1688.6870000000001,2026-09-24T08:15:03.035181+00:00
4935,1688.8700000000001,2026-09-24T08:15:03.035797+00:00
4936,1689.184,2026-09-24T08:15:03.036444+00:00
4937,1689.41,2026-09-24T08:15:03.037000+00:00
4938,1689.4750000000001,2026-09-24T08:15:03.037514+00:00
4939,1689.595,2026-09-24T08:15:03.037954+00:00
4940,1689.822,2026-09-24T08:15:03.038588+00:00
4941,1690.143,2026-09-24T08:15:03.039181+00:00
4942,1690.35,2026-09-24T08:15:03.039786+00:00
4943,1690.671,2026-09-24T08:15:03.040393+00:00
4944,1690.957,2026-09-24T08:15:03.040974+00:00
4945,1691.12,2026-09-24T08:15:03.041488+00:00
4946,1691.491,2026-09-24T08:15:03.042142+00:00
4947,1691.779,2026-09-24T08:15:03.042770+00:00
4948,1692.1870000000001,2026-09-24T08:15:03.043449+00:00
4949,1692.452,2026-09-24T08:15:03.044018+00:00
4950,1692.675,2026-09-24T08:15:03.044584+00:00
4951,1692.9209999999998,2026-09-24T08:15:03.045099+00:00
4952,1693.035,2026-09-24T08:15:03.045600+00:00
4953,1693.212,2026-09-24T08:15:03.046107+00:00
4954,1693.338,2026-09-24T08:15:03.046582+00:00
4955,1693.662,2026-09-24T08:15:03.047227+00:00
4956,1693.7359999999999,2026-09-24T08:15:03.047781+00:00
4957,1693.978,2026-09-24T08:15:03.048363+00:00
4958,1694.1580000000001,2026-09-24T08:15:03.048967+00:00
4959,1694.515,2026-09-24T08:15:03.049674+00:00
4960,1694.6889999999999,2026-09-24T08:15:03.050344+00:00
4961,1695.023,2026-09-24T08:15:03.051020+00:00
4962,1695.311,2026-09-24T08:15:03.051623+00:00
4963,1695.44,2026-09-24T08:15:03.052175+00:00
4964,1695.6039999999998,2026-09-24T08:15:03.052717+00:00
4965,1695.682,2026-09-24T08:15:03.053176+00:00
4966,1695.905,2026-09-24T08:15:03.053817+00:00
4967,1696.171,2026-09-24T08:15:03.054425+00:00
4968,1696.477,2026-09-24T08:15:03.055074+00:00
4969,1696.5600000000002,2026-09-24T08:15:03.055562+00:00
4970,1696.808,2026-09-24T08:15:03.056229+00:00
4971,1697.001,2026-09-24T08:15:03.056882+00:00
4972,1697.099,2026-09-24T08:15:03.057428+00:00
4973,1697.2469999999998,2026-09-24T08:15:03.057948+00:00
4974,1697.466,2026-09-24T08:15:03.058492+00:00
4975,1697.6039999999998,2026-09-24T08:15:03.058953+00:00
4976,1697.662,2026-09-24T08:15:03.059387+00:00
4977,1697.936,2026-09-24T08:15:03.060071+00:00
4978,1698.15,2026-09-24T08:15:03.060715+00:00
4979,1698.288,2026-09-24T08:15:03.061195+00:00
4980,1698.4360000000001,2026-09-24T08:15:03.061705+00:00
4981,1698.6490000000001,2026-09-24T08:15:03.062250+00:00
4982,1698.7369999999999,2026-09-24T08:15:03.062772+00:00
4983,1698.73,2026-09-24T08:15:03.063191+00:00
4984,1698.884,2026-09-24T08:15:03.063686+00:00
4985,1699.069,2026-09-24T08:15:03.064204+00:00
4986,1699.2910000000002,2026-09-24T08:15:03.064705+00:00
4987,1699.4940000000001,2026-09-24T08:15:03.065237+00:00
4988,1699.829,2026-09-24T08:15:03.065892+00:00
4989,1699.917,2026-09-24T08:15:03.066359+00:00
4990,1700.143,2026-09-24T08:15:03.066906+00:00
4991,1700.353,2026-09-24T08:15:03.067556+00:00
4992,1700.696,2026-09-24T08:15:03.068246+00:00
4993,1700.895,2026-09-24T08:15:03.068824+00:00
4994,1701.26,2026-09-24T08:15:03.069493+00:00
4995,1701.54,2026-09-24T08:15:03.070091+00:00
4996,1701.7040000000002,2026-09-24T08:15:03.070549+00:00
4997,1701.788,2026-09-24T08:15:03.070978+00:00
4998,1701.995,2026-09-24T08:15:03.071484+00:00
4999,1702.203,2026-09-24T08:15:03.072007+00:00
5000,1702.385,2026-09-24T08:15:03.072501+00:00
5001,1702.367,2026-09-24T08:15:03.072953+00:00
5002,1702.451,2026-09-24T08:15:03.073379+00:00
5003,1702.625,2026-09-24T08:15:03.073893+00:00
5004,1702.545,2026-09-24T08:15:03.074284+00:00
5005,1702.719,2026-09-24T08:15:03.074821+00:00
5006,1702.803,2026-09-24T08:15:03.075304+00:00
5007,1702.845,2026-09-24T08:15:03.075746+00:00
5008,1703.038,2026-09-24T08:15:03.076312+00:00
5009,1703.2240000000002,2026-09-24T08:15:03.076817+00:00
5010,1703.455,2026-09-24T08:15:03.077398+00:00
5011,1703.769,2026-09-24T08:15:03.078030+00:00
5012,1703.886,2026-09-24T08:15:03.078576+00:00
5013,1704.1519999999998,2026-09-24T08:15:03.079182+00:00
5014,1704.266,2026-09-24T08:15:03.079690+00:00
5015,1704.488,2026-09-24T08:15:03.080225+00:00
5016,1704.567,2026-09-24T08:15:03.080680+00:00
5017,1704.764,2026-09-24T08:15:03.081234+00:00
5018,1704.949,2026-09-24T08:15:03.081775+00:00
5019,1705.05,2026-09-24T08:15:03.082251+00:00
5020,1705.253,2026-09-24T08:15:03.082803+00:00
5021,1705.365,2026-09-24T08:15:03.083280+00:00
5022,1705.534,2026-09-24T08:15:03.083798+00:00
5023,1705.692,2026-09-24T08:15:03.084305+00:00
5024,1705.865,2026-09-24T08:15:03.084791+00:00
5025,1705.978,2026-09-24T08:15:03.085265+00:00
5026,1706.176,2026-09-24T08:15:03.085834+00:00
5027,1706.4060000000002,2026-09-24T08:15:03.086367+00:00
5028,1706.58,2026-09-24T08:15:03.086825+00:00
5029,1706.758,2026-09-24T08:15:03.087367+00:00
5030,1739.1460000000002,2026-09-24T08:15:03.120021+00:00
5031,1740.817,2026-09-24T08:15:03.121993+00:00
5032,1741.572,2026-09-24T08:15:03.123118+00:00
5033,1741.9450000000002,2026-09-24T08:15:03.123837+00:00
5034,1742.6,2026-09-24T08:15:03.124785+00:00
5035,1742.743,2026-09-24T08:15:03.125310+00:00
5036,1742.827,2026-09-24T08:15:03.125802+00:00
5037,1742.937,2026-09-24T08:15:03.126289+00:00
5038,1743.058,2026-09-24T08:15:03.126756+00:00
5039,1743.2069999999999,2026-09-24T08:15:03.127335+00:00
5040,1743.2,2026-09-24T08:15:03.127859+00:00
5041,1709.021,2026-09-24T08:15:03.128550+00:00
5042,1708.674,2026-09-24T08:15:03.129127+00:00
5043,1708.464,2026-09-24T08:15:03.129774+00:00
5044,1708.175,2026-09-24T08:15:03.130228+00:00
5045,1707.934,2026-09-24T08:15:03.130698+00:00
5046,1707.78,2026-09-24T08:15:03.131134+00:00
5047,1707.9759999999999,2026-09-24T08:15:03.131827+00:00
5048,1708.071,2026-09-24T08:15:03.132261+00:00
5049,1708.228,2026-09-24T08:15:03.132748+00:00
5050,1708.366,2026-09-24T08:15:03.133353+00:00
5051,1708.742,2026-09-24T08:15:03.134052+00:00
5052,1709.127,2026-09-24T08:15:03.134736+00:00
5053,1709.299,2026-09-24T08:15:03.135221+00:00
5054,1709.498,2026-09-24T08:15:03.135727+00:00
5055,1709.672,2026-09-24T08:15:03.136262+00:00
5056,1709.9180000000001,2026-09-24T08:15:03.136870+00:00
5057,1709.954,2026-09-24T08:15:03.137352+00:00
5058,1709.801,2026-09-24T08:15:03.137808+00:00
5059,1710.043,2026-09-24T08:15:03.138423+00:00
5060,1710.1219999999998,2026-09-24T08:15:03.138860+00:00
5061,1710.2250000000001,2026-09-24T08:15:03.139262+00:00
5062,1710.475,2026-09-24T08:15:03.139800+00:00
5063,1710.672,2026-09-24T08:15:03.140298+00:00
5064,1710.7740000000001,2026-09-24T08:15:03.140781+00:00
5065,1711.171,2026-09-24T08:15:03.141563+00:00
5066,1711.2830000000001,2026-09-24T08:15:03.142069+00:00
5067,1711.3210000000001,2026-09-24T08:15:03.142569+00:00
5068,1711.419,2026-09-24T08:15:03.143067+00:00
5069,1711.536,2026-09-24T08:15:03.143504+00:00
5070,1711.644,2026-09-24T08:15:03.143970+00:00
5071,1711.678,2026-09-24T08:15:03.144440+00:00
5072,1711.881,2026-09-24T08:15:03.144980+00:00
5073,1711.967,2026-09-24T08:15:03.145503+00:00
5074,1711.83,2026-09-24T08:15:03.145920+00:00
5075,1711.916,2026-09-24T08:15:03.146391+00:00
5076,1712.195,2026-09-24T08:15:03.146979+00:00
5077,1712.2459999999999,2026-09-24T08:15:03.147383+00:00
5078,1712.306,2026-09-24T08:15:03.147886+00:00
5079,1712.27,2026-09-24T08:15:03.148304+00:00
5080,1712.3919999999998,2026-09-24T08:15:03.148826+00:00
5081,1712.586,2026-09-24T08:15:03.149364+00:00
5082,1712.691,2026-09-24T08:15:03.149802+00:00
5083,1712.7859999999998,2026-09-24T08:15:03.150231+00:00
5084,1712.909,2026-09-24T08:15:03.150777+00:00
5085,1713.109,2026-09-24T08:15:03.151286+00:00
5086,1713.432,2026-09-24T08:15:03.151885+00:00
5087,1713.668,2026-09-24T08:15:03.152454+00:00
5088,1713.811,2026-09-24T08:15:03.152983+00:00
5089,1714.3980000000001,2026-09-24T08:15:03.153855+00:00
5090,1714.837,2026-09-24T08:15:03.154602+00:00
5091,1715.5069999999998,2026-09-24T08:15:03.155623+00:00
5092,1715.879,2026-09-24T08:15:03.156359+00:00
5093,1716.1470000000002,2026-09-24T08:15:03.157023+00:00
5094,1716.329,2026-09-24T08:15:03.157569+00:00
5095,1716.4170000000001,2026-09-24T08:15:03.158063+00:00
5096,1716.652,2026-09-24T08:15:03.158651+00:00
5097,1716.885,2026-09-24T08:15:03.159221+00:00
5098,1717.164,2026-09-24T08:15:03.159851+00:00
5099,1717.231,2026-09-24T08:15:03.160316+00:00
5100,1717.438,2026-09-24T08:15:03.160845+00:00
5101,1717.619,2026-09-24T08:15:03.161397+00:00
5102,1717.843,2026-09-24T08:15:03.161935+00:00
5103,1718.0910000000001,2026-09-24T08:15:03.162551+00:00
5104,1718.261,2026-09-24T08:15:03.163069+00:00
5105,1718.346,2026-09-24T08:15:03.163478+00:00
5106,1718.3390000000002,2026-09-24T08:15:03.163849+00:00
5107,1718.409,2026-09-24T08:15:03.164230+00:00
5108,1718.633,2026-09-24T08:15:03.164763+00:00
5109,1718.8159999999998,2026-09-24T08:15:03.165250+00:00
5110,1719.03,2026-09-24T08:15:03.165882+00:00
5111,1719.212,2026-09-24T08:15:03.166503+00:00
5112,1719.233,2026-09-24T08:15:03.167016+00:00
5113,1719.19,2026-09-24T08:15:03.167493+00:00
5114,1719.383,2026-09-24T08:15:03.168103+00:00
5115,1719.8500000000001,2026-09-24T08:15:03.168965+00:00
5116,1720.2459999999999,2026-09-24T08:15:03.169776+00:00
5117,1720.538,2026-09-24T08:15:03.170459+00:00
5118,1720.95,2026-09-24T08:15:03.171258+00:00
5119,1721.2849999999999,2026-09-24T08:15:03.171947+00:00
5120,1721.664,2026-09-24T08:15:03.172626+00:00
5121,1722.064,2026-09-24T08:15:03.173320+00:00
5122,1722.439,2026-09-24T08:15:03.174049+00:00
5123,1722.7250000000001,2026-09-24T08:15:03.174705+00:00
5124,1722.852,2026-09-24T08:15:03.175242+00:00
5125,1723.025,2026-09-24T08:15:03.175930+00:00
5126,1723.302,2026-09-24T08:15:03.176655+00:00
5127,1723.578,2026-09-24T08:15:03.177327+00:00
5128,1724.079,2026-09-24T08:15:03.178150+00:00
5129,1724.364,2026-09-24T08:15:03.178738+00:00
5130,1724.5459999999998,2026-09-24T08:15:03.179261+00:00
5131,1724.667,2026-09-24T08:15:03.179795+00:00
5132,1724.791,2026-09-24T08:15:03.180316+00:00
5133,1725.0529999999999,2026-09-24T08:15:03.180895+00:00
5134,1725.337,2026-09-24T08:15:03.181567+00:00
5135,1725.4199999999998,2026-09-24T08:15:03.182155+00:00
5136,1725.519,2026-09-24T08:15:03.182706+00:00
5137,1725.688,2026-09-24T08:15:03.183247+00:00
5138,1725.854,2026-09-24T08:15:03.183742+00:00
5139,1726.239,2026-09-24T08:15:03.184473+00:00
5140,1726.403,2026-09-24T08:15:03.184998+00:00
5141,1726.495,2026-09-24T08:15:03.185463+00:00
5142,1726.665,2026-09-24T08:15:03.185978+00:00
5143,1726.768,2026-09-24T08:15:03.186440+00:00
5144,1726.909,2026-09-24T08:15:03.187023+00:00
5145,1727.03,2026-09-24T08:15:03.187734+00:00
5146,1727.1309999999999,2026-09-24T08:15:03.188299+00:00
5147,1727.2549999999999,2026-09-24T08:15:03.188825+00:00
5148,1727.617,2026-09-24T08:15:03.189504+00:00
5149,1727.98,2026-09-24T08:15:03.190273+00:00
5150,1728.3919999999998,2026-09-24T08:15:03.191107+00:00
5151,1728.631,2026-09-24T08:15:03.191728+00:00
5152,1728.853,2026-09-24T08:15:03.192319+00:00
5153,1729.2289999999998,2026-09-24T08:15:03.193036+00:00
5154,1729.384,2026-09-24T08:15:03.193542+00:00
5155,1729.74,2026-09-24T08:15:03.194239+00:00
5156,1730.049,2026-09-24T08:15:03.194885+00:00
5157,1730.197,2026-09-24T08:15:03.195401+00:00
5158,1730.4740000000002,2026-09-24T08:15:03.196031+00:00
5159,1730.641,2026-09-24T08:15:03.196519+00:00
5160,1730.7939999999999,2026-09-24T08:15:03.196986+00:00
5161,1730.999,2026-09-24T08:15:03.197553+00:00
5162,1731.291,2026-09-24T08:15:03.198254+00:00
5163,1731.485,2026-09-24T08:15:03.198754+00:00
5164,1731.749,2026-09-24T08:15:03.199353+00:00
5165,1732.0040000000001,2026-09-24T08:15:03.199951+00:00
5166,1732.153,2026-09-24T08:15:03.200453+00:00
5167,1732.128,2026-09-24T08:15:03.201038+00:00
5168,1732.2,2026-09-24T08:15:03.201544+00:00
5169,1732.131,2026-09-24T08:15:03.201937+00:00
5170,1749.2479999999998,2026-09-24T08:15:03.219501+00:00
5171,1749.773,2026-09-24T08:15:03.220441+00:00
5172,1749.9370000000001,2026-09-24T08:15:03.221031+00:00
5173,1750.068,2026-09-24T08:15:03.221620+00:00
5174,1750.1299999999999,2026-09-24T08:15:03.222076+00:00
5175,1750.258,2026-09-24T08:15:03.222614+00:00
5176,1750.409,2026-09-24T08:15:03.223146+00:00
5177,1750.6779999999999,2026-09-24T08:15:03.223785+00:00
5178,1751.0410000000002,2026-09-24T08:15:03.224587+00:00
5179,1751.209,2026-09-24T08:15:03.225165+00:00
5180,1751.366,2026-09-24T08:15:03.225689+00:00
5181,1751.596,2026-09-24T08:15:03.226308+00:00
5182,1751.985,2026-09-24T08:15:03.227007+00:00
5183,1752.169,2026-09-24T08:15:03.227578+00:00
5184,1752.214,2026-09-24T08:15:03.228247+00:00
5185,1752.0819999999999,2026-09-24T08:15:03.228781+00:00
5186,1752.3580000000002,2026-09-24T08:15:03.229449+00:00
5187,1752.429,2026-09-24T08:15:03.230005+00:00
5188,1752.5910000000001,2026-09-24T08:15:03.230551+00:00
5189,1752.927,2026-09-24T08:15:03.231257+00:00
5190,1753.2259999999999,2026-09-24T08:15:03.231883+00:00
5191,1753.663,2026-09-24T08:15:03.232622+00:00
5192,1754.092,2026-09-24T08:15:03.233405+00:00
5193,1754.536,2026-09-24T08:15:03.234236+00:00
5194,1754.7939999999999,2026-09-24T08:15:03.234909+00:00
5195,1754.993,2026-09-24T08:15:03.235511+00:00
5196,1755.325,2026-09-24T08:15:03.236160+00:00
5197,1755.606,2026-09-24T08:15:03.236767+00:00
5198,1755.832,2026-09-24T08:15:03.237394+00:00
5199,1756.168,2026-09-24T08:15:03.238097+00:00
5200,1756.672,2026-09-24T08:15:03.238883+00:00
5201,1758.703,2026-09-24T08:15:03.241269+00:00
5202,1759.009,2026-09-24T08:15:03.241912+00:00
5203,1759.321,2026-09-24T08:15:03.242603+00:00
5204,1759.5749999999998,2026-09-24T08:15:03.243195+00:00
5205,1760.121,2026-09-24T08:15:03.244133+00:00
5206,1760.538,2026-09-24T08:15:03.244932+00:00
5207,1760.754,2026-09-24T08:15:03.245652+00:00
5208,1726.3429999999998,2026-09-24T08:15:03.246316+00:00
5209,1726.507,2026-09-24T08:15:03.247255+00:00
5210,1726.44,2026-09-24T08:15:03.247935+00:00
5211,1726.606,2026-09-24T08:15:03.248652+00:00
5212,1726.6109999999999,2026-09-24T08:15:03.249312+00:00
5213,1726.9969999999998,2026-09-24T08:15:03.250026+00:00
5214,1727.201,2026-09-24T08:15:03.250624+00:00
5215,1727.565,2026-09-24T08:15:03.251347+00:00
5216,1727.748,2026-09-24T08:15:03.251980+00:00
5217,1727.776,2026-09-24T08:15:03.252550+00:00
5218,1727.881,2026-09-24T08:15:03.253074+00:00
5219,1728.212,2026-09-24T08:15:03.253785+00:00
5220,1728.4250000000002,2026-09-24T08:15:03.254466+00:00
5221,1728.316,2026-09-24T08:15:03.255108+00:00
5222,1728.271,2026-09-24T08:15:03.255662+00:00
5223,1728.1979999999999,2026-09-24T08:15:03.256268+00:00
5224,1728.271,2026-09-24T08:15:03.256856+00:00
5225,1728.39,2026-09-24T08:15:03.257317+00:00
5226,1728.471,2026-09-24T08:15:03.257761+00:00
5227,1728.741,2026-09-24T08:15:03.258448+00:00
5228,1728.762,2026-09-24T08:15:03.258940+00:00
5229,1729.006,2026-09-24T08:15:03.259559+00:00
5230,1729.184,2026-09-24T08:15:03.260170+00:00
5231,1729.277,2026-09-24T08:15:03.260621+00:00
5232,1729.2179999999998,2026-09-24T08:15:03.261026+00:00
5233,1729.3719999999998,2026-09-24T08:15:03.261676+00:00
5234,1729.1689999999999,2026-09-24T08:15:03.262111+00:00
5235,1729.1380000000001,2026-09-24T08:15:03.262535+00:00
5236,1729.208,2026-09-24T08:15:03.263056+00:00
5237,1729.3700000000001,2026-09-24T08:15:03.263648+00:00
5238,1729.4089999999999,2026-09-24T08:15:03.264124+00:00
5239,1729.545,2026-09-24T08:15:03.264621+00:00
5240,1729.554,2026-09-24T08:15:03.265040+00:00
5241,1729.501,2026-09-24T08:15:03.265469+00:00
5242,1729.6609999999998,2026-09-24T08:15:03.266043+00:00
5243,1729.971,2026-09-24T08:15:03.266748+00:00
5244,1730.384,2026-09-24T08:15:03.267452+00:00
5245,1730.696,2026-09-24T08:15:03.268126+00:00
5246,1731.041,2026-09-24T08:15:03.268835+00:00
5247,1731.394,2026-09-24T08:15:03.269609+00:00
5248,1731.756,2026-09-24T08:15:03.270359+00:00
5249,1732.081,2026-09-24T08:15:03.271036+00:00
5250,1732.211,2026-09-24T08:15:03.271561+00:00
5251,1732.226,2026-09-24T08:15:03.272084+00:00
5252,1732.538,2026-09-24T08:15:03.272726+00:00
5253,1732.76,2026-09-24T08:15:03.273321+00:00
5254,1733.293,2026-09-24T08:15:03.274171+00:00
5255,1733.5910000000001,2026-09-24T08:15:03.274866+00:00
5256,1733.6979999999999,2026-09-24T08:15:03.275508+00:00
5257,1733.837,2026-09-24T08:15:03.276116+00:00
5258,1776.23,2026-09-24T08:15:03.319128+00:00
5259,1776.753,2026-09-24T08:15:03.320107+00:00
5260,1777.074,2026-09-24T08:15:03.320928+00:00
5261,1777.137,2026-09-24T08:15:03.321503+00:00
5262,1777.53,2026-09-24T08:15:03.322382+00:00
5263,1777.768,2026-09-24T08:15:03.323120+00:00
5264,1777.712,2026-09-24T08:15:03.323614+00:00
5265,1777.573,2026-09-24T08:15:03.324167+00:00
5266,1777.482,2026-09-24T08:15:03.324697+00:00
5267,1777.5430000000001,2026-09-24T08:15:03.325337+00:00
5268,1777.5430000000001,2026-09-24T08:15:03.325813+00:00
5269,1777.417,2026-09-24T08:15:03.326325+00:00
5270,1777.625,2026-09-24T08:15:03.327063+00:00
5271,1777.2920000000001,2026-09-24T08:15:03.327566+00:00
5272,1777.235,2026-09-24T08:15:03.328078+00:00
5273,1777.23,2026-09-24T08:15:03.328537+00:00
5274,1777.382,2026-09-24T08:15:03.329120+00:00
5275,1777.618,2026-09-24T08:15:03.329722+00:00
5276,1777.685,2026-09-24T08:15:03.330183+00:00
5277,1777.682,2026-09-24T08:15:03.330620+00:00
5278,1777.666,2026-09-24T08:15:03.331122+00:00
5279,1777.951,2026-09-24T08:15:03.331728+00:00
5280,1778.067,2026-09-24T08:15:03.332190+00:00
5281,1778.2530000000002,2026-09-24T08:15:03.332784+00:00
5282,1778.616,2026-09-24T08:15:03.333450+00:00
5283,1778.673,2026-09-24T08:15:03.333893+00:00
5284,1778.606,2026-09-24T08:15:03.334379+00:00
5285,1778.6599999999999,2026-09-24T08:15:03.334941+00:00
5286,1778.559,2026-09-24T08:15:03.335466+00:00
5287,1778.5089999999998,2026-09-24T08:15:03.335881+00:00
5288,1778.3770000000002,2026-09-24T08:15:03.336250+00:00
5289,1778.472,2026-09-24T08:15:03.336740+00:00
5290,1778.47,2026-09-24T08:15:03.337168+00:00
5291,1778.6390000000001,2026-09-24T08:15:03.337643+00:00
5292,1778.6,2026-09-24T08:15:03.338000+00:00
5293,1778.753,2026-09-24T08:15:03.338545+00:00
5294,1778.741,2026-09-24T08:15:03.338909+00:00
5295,1778.932,2026-09-24T08:15:03.339523+00:00
5296,1778.988,2026-09-24T08:15:03.340048+00:00
5297,1779.2939999999999,2026-09-24T08:15:03.340673+00:00
5298,1779.3319999999999,2026-09-24T08:15:03.341123+00:00
5299,1779.54,2026-09-24T08:15:03.341626+00:00
5300,1780.094,2026-09-24T08:15:03.342462+00:00
5301,1780.3819999999998,2026-09-24T08:15:03.343119+00:00
5302,1780.551,2026-09-24T08:15:03.343670+00:00
5303,1780.733,2026-09-24T08:15:03.344124+00:00
5304,1781.0079999999998,2026-09-24T08:15:03.344810+00:00
5305,1781.213,2026-09-24T08:15:03.345291+00:00
5306,1781.312,2026-09-24T08:15:03.345748+00:00
5307,1781.461,2026-09-24T08:15:03.346221+00:00
5308,1781.61,2026-09-24T08:15:03.346652+00:00
5309,1781.752,2026-09-24T08:15:03.347070+00:00
5310,1781.943,2026-09-24T08:15:03.347559+00:00
5311,1781.985,2026-09-24T08:15:03.347931+00:00
5312,1782.135,2026-09-24T08:15:03.348386+00:00
5313,1782.161,2026-09-24T08:15:03.348794+00:00
5314,1782.367,2026-09-24T08:15:03.349303+00:00
5315,1782.5629999999999,2026-09-24T08:15:03.349813+00:00
5316,1782.9029999999998,2026-09-24T08:15:03.350446+00:00
5317,1783.218,2026-09-24T08:15:03.351041+00:00
5318,1783.468,2026-09-24T08:15:03.351529+00:00
5319,1783.685,2026-09-24T08:15:03.352054+00:00
5320,1783.814,2026-09-24T08:15:03.352509+00:00
5321,1784.022,2026-09-24T08:15:03.353008+00:00
5322,1784.533,2026-09-24T08:15:03.353827+00:00
5323,1784.645,2026-09-24T08:15:03.354287+00:00
5324,1784.998,2026-09-24T08:15:03.354907+00:00
5325,1785.339,2026-09-24T08:15:03.355525+00:00
5326,1785.544,2026-09-24T08:15:03.356078+00:00
5327,1785.809,2026-09-24T08:15:03.356605+00:00
5328,1786.096,2026-09-24T08:15:03.357232+00:00
5329,1786.4450000000002,2026-09-24T08:15:03.357811+00:00
5330,1786.662,2026-09-24T08:15:03.358353+00:00
5331,1786.824,2026-09-24T08:15:03.358851+00:00
5332,1787.0520000000001,2026-09-24T08:15:03.359346+00:00
5333,1787.3239999999998,2026-09-24T08:15:03.360007+00:00
5334,1787.561,2026-09-24T08:15:03.360604+00:00
5335,1787.797,2026-09-24T08:15:03.361152+00:00
5336,1788.029,2026-09-24T08:15:03.361695+00:00
5337,1788.218,2026-09-24T08:15:03.362171+00:00
5338,1788.3400000000001,2026-09-24T08:15:03.362574+00:00
5339,1788.626,2026-09-24T08:15:03.363159+00:00
5340,1788.792,2026-09-24T08:15:03.363659+00:00
5341,1789.0569999999998,2026-09-24T08:15:03.364262+00:00
5342,1789.3609999999999,2026-09-24T08:15:03.364891+00:00
5343,1789.577,2026-09-24T08:15:03.365395+00:00
5344,1789.9089999999999,2026-09-24T08:15:03.366034+00:00
5345,1790.298,2026-09-24T08:15:03.366703+00:00
5346,1790.501,2026-09-24T08:15:03.367210+00:00
5347,1790.759,2026-09-24T08:15:03.367730+00:00
5348,1791.112,2026-09-24T08:15:03.368374+00:00
5349,1791.2920000000001,2026-09-24T08:15:03.368952+00:00
5350,1791.833,2026-09-24T08:15:03.369780+00:00
5351,1792.0700000000002,2026-09-24T08:15:03.370299+00:00
5352,1792.384,2026-09-24T08:15:03.370881+00:00
5353,1792.632,2026-09-24T08:15:03.371490+00:00
5354,1792.946,2026-09-24T08:15:03.372092+00:00
5355,1793.183,2026-09-24T08:15:03.372651+00:00
5356,1793.367,2026-09-24T08:15:03.373190+00:00
5357,1793.603,2026-09-24T08:15:03.373729+00:00
5358,1793.723,2026-09-24T08:15:03.374205+00:00
5359,1793.948,2026-09-24T08:15:03.374795+00:00
5360,1794.1560000000002,2026-09-24T08:15:03.375333+00:00
5361,1794.431,2026-09-24T08:15:03.375906+00:00
5362,1794.656,2026-09-24T08:15:03.376456+00:00
5363,1794.855,2026-09-24T08:15:03.376964+00:00
5364,1795.363,2026-09-24T08:15:03.377766+00:00
5365,1795.559,2026-09-24T08:15:03.378275+00:00
5366,1795.8229999999999,2026-09-24T08:15:03.378827+00:00
5367,1796.102,2026-09-24T08:15:03.379400+00:00
5368,1796.435,2026-09-24T08:15:03.380025+00:00
5369,1796.513,2026-09-24T08:15:03.380490+00:00
5370,1796.83,2026-09-24T08:15:03.381112+00:00
5371,1797.066,2026-09-24T08:15:03.381643+00:00
5372,1797.251,2026-09-24T08:15:03.382125+00:00
5373,1797.559,2026-09-24T08:15:03.382762+00:00
5374,1797.847,2026-09-24T08:15:03.383355+00:00
5375,1798.088,2026-09-24T08:15:03.383922+00:00
5376,1798.5,2026-09-24T08:15:03.384607+00:00
5377,1799.096,2026-09-24T08:15:03.385437+00:00
5378,1799.461,2026-09-24T08:15:03.386096+00:00
5379,1767.917,2026-09-24T08:15:03.386731+00:00
5380,1767.671,2026-09-24T08:15:03.387370+00:00
5381,1767.778,2026-09-24T08:15:03.388079+00:00
5382,1768.05,2026-09-24T08:15:03.388762+00:00
5383,1768.0130000000001,2026-09-24T08:15:03.389212+00:00
5384,1768.176,2026-09-24T08:15:03.389809+00:00
5385,1768.397,2026-09-24T08:15:03.390387+00:00
5386,1768.539,2026-09-24T08:15:03.390877+00:00
5387,1768.538,2026-09-24T08:15:03.391373+00:00
5388,1768.769,2026-09-24T08:15:03.391885+00:00
5389,1795.347,2026-09-24T08:15:03.418845+00:00
5390,1796.241,2026-09-24T08:15:03.420139+00:00
5391,1796.971,2026-09-24T08:15:03.421189+00:00
5392,1797.4289999999999,2026-09-24T08:15:03.421966+00:00
5393,1797.934,2026-09-24T08:15:03.422775+00:00
5394,1798.172,2026-09-24T08:15:03.423326+00:00
5395,1798.4340000000002,2026-09-24T08:15:03.423955+00:00
5396,1798.659,2026-09-24T08:15:03.424467+00:00
5397,1798.884,2026-09-24T08:15:03.425049+00:00
5398,1799.0729999999999,2026-09-24T08:15:03.425572+00:00
5399,1799.273,2026-09-24T08:15:03.426060+00:00
5400,1799.548,2026-09-24T08:15:03.426593+00:00
5401,1799.898,2026-09-24T08:15:03.427202+00:00
5402,1800.031,2026-09-24T08:15:03.427655+00:00
5403,1800.242,2026-09-24T08:15:03.428134+00:00
5404,1800.497,2026-09-24T08:15:03.428694+00:00
5405,1800.688,2026-09-24T08:15:03.429216+00:00
5406,1800.8090000000002,2026-09-24T08:15:03.429700+00:00
5407,1801.11,2026-09-24T08:15:03.430363+00:00
5408,1801.377,2026-09-24T08:15:03.430971+00:00
5409,1801.7920000000001,2026-09-24T08:15:03.431694+00:00
5410,1801.937,2026-09-24T08:15:03.432133+00:00
5411,1802.22,2026-09-24T08:15:03.432715+00:00
5412,1802.5439999999999,2026-09-24T08:15:03.433346+00:00
5413,1802.788,2026-09-24T08:15:03.433939+00:00
5414,1803.108,2026-09-24T08:15:03.434559+00:00
5415,1804.13,2026-09-24T08:15:03.435858+00:00
5416,1804.4940000000001,2026-09-24T08:15:03.436569+00:00
5417,1804.827,2026-09-24T08:15:03.437191+00:00
5418,1805.361,2026-09-24T08:15:03.438062+00:00
5419,1805.832,2026-09-24T08:15:03.438799+00:00
5420,1806.383,2026-09-24T08:15:03.439639+00:00
5421,1806.856,2026-09-24T08:15:03.440403+00:00
5422,1807.272,2026-09-24T08:15:03.441113+00:00
5423,1807.5,2026-09-24T08:15:03.441710+00:00
5424,1807.81,2026-09-24T08:15:03.442502+00:00
5425,1808.231,2026-09-24T08:15:03.443253+00:00
5426,1808.3029999999999,2026-09-24T08:15:03.443851+00:00
5427,1808.2469999999998,2026-09-24T08:15:03.444350+00:00
5428,1808.51,2026-09-24T08:15:03.444907+00:00
5429,1808.7009999999998,2026-09-24T08:15:03.445430+00:00
5430,1809.099,2026-09-24T08:15:03.446182+00:00
5431,1809.663,2026-09-24T08:15:03.447140+00:00
5432,1809.963,2026-09-24T08:15:03.447768+00:00
5433,1810.532,2026-09-24T08:15:03.448612+00:00
5434,1810.7169999999999,2026-09-24T08:15:03.449139+00:00
5435,1810.995,2026-09-24T08:15:03.449708+00:00
5436,1811.304,2026-09-24T08:15:03.450294+00:00
5437,1811.5810000000001,2026-09-24T08:15:03.450896+00:00
5438,1811.801,2026-09-24T08:15:03.451504+00:00
5439,1812.061,2026-09-24T08:15:03.452098+00:00
5440,1812.427,2026-09-24T08:15:03.452864+00:00
5441,1812.882,2026-09-24T08:15:03.453673+00:00
5442,1813.229,2026-09-24T08:15:03.454298+00:00
5443,1813.528,2026-09-24T08:15:03.454894+00:00
5444,1813.667,2026-09-24T08:15:03.455396+00:00
5445,1813.975,2026-09-24T08:15:03.455994+00:00
5446,1814.3590000000002,2026-09-24T08:15:03.456709+00:00
5447,1814.504,2026-09-24T08:15:03.457169+00:00
5448,1814.538,2026-09-24T08:15:03.457605+00:00
5449,1814.628,2026-09-24T08:15:03.458019+00:00
5450,1814.67,2026-09-24T08:15:03.458424+00:00
5451,1816.895,2026-09-24T08:15:03.460995+00:00
5452,1817.329,2026-09-24T08:15:03.461701+00:00
5453,1817.37,2026-09-24T08:15:03.462185+00:00
5454,1817.7730000000001,2026-09-24T08:15:03.462992+00:00
5455,1817.8700000000001,2026-09-24T08:15:03.463518+00:00
5456,1818.151,2026-09-24T08:15:03.464144+00:00
5457,1818.21,2026-09-24T08:15:03.464567+00:00
5458,1818.274,2026-09-24T08:15:03.464962+00:00
5459,1818.547,2026-09-24T08:15:03.465546+00:00
5460,1818.857,2026-09-24T08:15:03.466150+00:00
5461,1819.121,2026-09-24T08:15:03.466774+00:00
5462,1819.559,2026-09-24T08:15:03.467547+00:00
5463,1819.877,2026-09-24T08:15:03.468137+00:00
5464,1819.974,2026-09-24T08:15:03.468641+00:00
5465,1820.0179999999998,2026-09-24T08:15:03.469091+00:00
5466,1820.2160000000001,2026-09-24T08:15:03.469677+00:00
5467,1820.381,2026-09-24T08:15:03.470271+00:00
5468,1820.614,2026-09-24T08:15:03.470820+00:00
5469,1820.6180000000002,2026-09-24T08:15:03.471295+00:00
5470,1820.687,2026-09-24T08:15:03.471786+00:00
5471,1820.754,2026-09-24T08:15:03.472207+00:00
5472,1820.9630000000002,2026-09-24T08:15:03.472768+00:00
5473,1821.172,2026-09-24T08:15:03.473242+00:00
5474,1821.416,2026-09-24T08:15:03.473816+00:00
5475,1821.4660000000001,2026-09-24T08:15:03.474258+00:00
5476,1821.356,2026-09-24T08:15:03.474761+00:00
5477,1821.606,2026-09-24T08:15:03.475373+00:00
5478,1821.848,2026-09-24T08:15:03.475976+00:00
5479,1822.252,2026-09-24T08:15:03.476699+00:00
5480,1822.3609999999999,2026-09-24T08:15:03.477225+00:00
5481,1822.586,2026-09-24T08:15:03.477797+00:00
5482,1822.676,2026-09-24T08:15:03.478284+00:00
5483,1822.866,2026-09-24T08:15:03.478790+00:00
5484,1823.057,2026-09-24T08:15:03.479303+00:00
5485,1823.401,2026-09-24T08:15:03.479977+00:00
5486,1823.783,2026-09-24T08:15:03.480600+00:00
5487,1823.874,2026-09-24T08:15:03.481093+00:00
5488,1824.016,2026-09-24T08:15:03.481580+00:00
5489,1824.189,2026-09-24T08:15:03.482060+00:00
5490,1824.467,2026-09-24T08:15:03.482586+00:00
5491,1824.479,2026-09-24T08:15:03.482949+00:00
5492,1824.6709999999998,2026-09-24T08:15:03.483449+00:00
5493,1824.872,2026-09-24T08:15:03.483988+00:00
5494,1824.925,2026-09-24T08:15:03.484395+00:00
5495,1825.0729999999999,2026-09-24T08:15:03.484872+00:00
5496,1825.3,2026-09-24T08:15:03.485383+00:00
5497,1825.457,2026-09-24T08:15:03.485814+00:00
5498,1825.572,2026-09-24T08:15:03.486198+00:00
5499,1825.681,2026-09-24T08:15:03.486651+00:00
5500,1858.442,2026-09-24T08:15:03.519700+00:00
5501,1859.77,2026-09-24T08:15:03.521397+00:00
5502,1860.1570000000002,2026-09-24T08:15:03.522093+00:00
5503,1860.6000000000001,2026-09-24T08:15:03.522830+00:00
5504,1860.828,2026-09-24T08:15:03.523377+00:00
5505,1860.9750000000001,2026-09-24T08:15:03.523909+00:00
5506,1861.414,2026-09-24T08:15:03.524659+00:00
5507,1861.8429999999998,2026-09-24T08:15:03.525471+00:00
5508,1862.1019999999999,2026-09-24T08:15:03.526077+00:00
5509,1862.399,2026-09-24T08:15:03.526661+00:00
5510,1862.732,2026-09-24T08:15:03.527240+00:00
5511,1863.1409999999998,2026-09-24T08:15:03.527896+00:00
5512,1863.4740000000002,2026-09-24T08:15:03.528550+00:00
5513,1863.696,2026-09-24T08:15:03.529046+00:00
5514,1863.964,2026-09-24T08:15:03.529632+00:00
5515,1864.234,2026-09-24T08:15:03.530159+00:00
5516,1864.48,2026-09-24T08:15:03.530683+00:00
5517,1864.695,2026-09-24T08:15:03.531170+00:00
5518,1865.039,2026-09-24T08:15:03.531804+00:00
5519,1865.3500000000001,2026-09-24T08:15:03.532399+00:00
5520,1865.791,2026-09-24T08:15:03.533129+00:00
5521,1866.01,2026-09-24T08:15:03.533656+00:00
5522,1866.203,2026-09-24T08:15:03.534156+00:00
5523,1866.528,2026-09-24T08:15:03.534750+00:00
5524,1866.673,2026-09-24T08:15:03.535258+00:00
5525,1866.83,2026-09-24T08:15:03.535724+00:00
5526,1867.1599999999999,2026-09-24T08:15:03.536389+00:00
5527,1867.562,2026-09-24T08:15:03.537096+00:00
5528,1867.804,2026-09-24T08:15:03.537634+00:00
5529,1868.114,2026-09-24T08:15:03.538198+00:00
5530,1868.461,2026-09-24T08:15:03.538807+00:00
5531,1868.658,2026-09-24T08:15:03.539425+00:00
5532,1868.965,2026-09-24T08:15:03.540008+00:00
5533,1869.22,2026-09-24T08:15:03.540514+00:00
5534,1869.49,2026-09-24T08:15:03.541155+00:00
5535,1869.742,2026-09-24T08:15:03.541709+00:00
5536,1869.9730000000002,2026-09-24T08:15:03.542207+00:00
5537,1870.2730000000001,2026-09-24T08:15:03.542830+00:00
5538,1870.492,2026-09-24T08:15:03.543338+00:00
5539,1870.597,2026-09-24T08:15:03.543795+00:00
5540,1870.6419999999998,2026-09-24T08:15:03.544237+00:00
5541,1871.079,2026-09-24T08:15:03.544980+00:00
5542,1871.349,2026-09-24T08:15:03.545564+00:00
5543,1871.644,2026-09-24T08:15:03.546259+00:00
5544,1871.753,2026-09-24T08:15:03.546721+00:00
5545,1871.905,2026-09-24T08:15:03.547168+00:00
5546,1872.006,2026-09-24T08:15:03.547617+00:00
5547,1872.1760000000002,2026-09-24T08:15:03.548102+00:00
5548,1872.516,2026-09-24T08:15:03.548740+00:00
5549,1872.6490000000001,2026-09-24T08:15:03.549213+00:00
5550,1872.847,2026-09-24T08:15:03.549749+00:00
5551,1872.97,2026-09-24T08:15:03.550131+00:00
5552,1873.238,2026-09-24T08:15:03.550714+00:00
5553,1873.3690000000001,2026-09-24T08:15:03.551164+00:00
5554,1873.483,2026-09-24T08:15:03.551660+00:00
5555,1873.691,2026-09-24T08:15:03.552182+00:00
5556,1873.977,2026-09-24T08:15:03.552819+00:00
5557,1874.171,2026-09-24T08:15:03.553290+00:00
5558,1874.282,2026-09-24T08:15:03.553750+00:00
5559,1874.4350000000002,2026-09-24T08:15:03.554193+00:00
5560,1874.646,2026-09-24T08:15:03.554670+00:00
5561,1874.808,2026-09-24T08:15:03.555127+00:00
5562,1875.051,2026-09-24T08:15:03.555640+00:00
5563,1875.153,2026-09-24T08:15:03.556142+00:00
5564,1875.448,2026-09-24T08:15:03.556674+00:00
5565,1875.681,2026-09-24T08:15:03.557167+00:00
5566,1875.878,2026-09-24T08:15:03.557635+00:00
5567,1876.04,2026-09-24T08:15:03.558057+00:00
5568,1876.109,2026-09-24T08:15:03.558543+00:00
5569,1876.252,2026-09-24T08:15:03.558979+00:00
5570,1876.379,2026-09-24T08:15:03.559568+00:00
5571,1876.727,2026-09-24T08:15:03.560240+00:00
5572,1876.954,2026-09-24T08:15:03.560794+00:00
5573,1842.95,2026-09-24T08:15:03.561241+00:00
5574,1842.781,2026-09-24T08:15:03.561762+00:00
5575,1842.6860000000001,2026-09-24T08:15:03.562247+00:00
5576,1842.634,2026-09-24T08:15:03.562703+00:00
5577,1842.666,2026-09-24T08:15:03.563164+00:00
5578,1842.823,2026-09-24T08:15:03.563692+00:00
5579,1842.767,2026-09-24T08:15:03.564187+00:00
5580,1842.951,2026-09-24T08:15:03.564774+00:00
5581,1843.026,2026-09-24T08:15:03.565185+00:00
5582,1843.134,2026-09-24T08:15:03.565657+00:00
5583,1843.207,2026-09-24T08:15:03.566101+00:00
5584,1843.402,2026-09-24T08:15:03.566676+00:00
5585,1843.435,2026-09-24T08:15:03.567119+00:00
5586,1843.74,2026-09-24T08:15:03.567742+00:00
5587,1843.9509999999998,2026-09-24T08:15:03.568329+00:00
5588,1844.16,2026-09-24T08:15:03.568950+00:00
5589,1844.3590000000002,2026-09-24T08:15:03.569494+00:00
5590,1844.583,2026-09-24T08:15:03.570021+00:00
5591,1844.8580000000002,2026-09-24T08:15:03.570614+00:00
5592,1845.181,2026-09-24T08:15:03.571190+00:00
5593,1845.498,2026-09-24T08:15:03.571776+00:00
5594,1845.729,2026-09-24T08:15:03.572271+00:00
5595,1845.923,2026-09-24T08:15:03.572711+00:00
5596,1846.0939999999998,2026-09-24T08:15:03.573178+00:00
5597,1846.2289999999998,2026-09-24T08:15:03.573691+00:00
5598,1846.5130000000001,2026-09-24T08:15:03.574387+00:00
5599,1846.799,2026-09-24T08:15:03.574960+00:00
5600,1846.9009999999998,2026-09-24T08:15:03.575402+00:00
5601,1847.106,2026-09-24T08:15:03.575901+00:00
5602,1847.148,2026-09-24T08:15:03.576409+00:00
5603,1847.344,2026-09-24T08:15:03.576959+00:00
5604,1847.52,2026-09-24T08:15:03.577449+00:00
5605,1847.6399999999999,2026-09-24T08:15:03.577882+00:00
5606,1847.896,2026-09-24T08:15:03.578446+00:00
5607,1848.148,2026-09-24T08:15:03.579064+00:00
5608,1848.54,2026-09-24T08:15:03.579728+00:00
5609,1848.691,2026-09-24T08:15:03.580189+00:00
5610,1848.838,2026-09-24T08:15:03.580653+00:00
5611,1849.135,2026-09-24T08:15:03.581240+00:00
5612,1849.124,2026-09-24T08:15:03.581657+00:00
5613,1849.089,2026-09-24T08:15:03.582027+00:00
5614,1849.3059999999998,2026-09-24T08:15:03.582577+00:00
5615,1849.496,2026-09-24T08:15:03.583123+00:00
5616,1849.736,2026-09-24T08:15:03.583718+00:00
5617,1849.905,2026-09-24T08:15:03.584176+00:00
5618,1850.355,2026-09-24T08:15:03.584902+00:00
5619,1850.509,2026-09-24T08:15:03.585333+00:00
5620,1850.769,2026-09-24T08:15:03.585871+00:00
5621,1850.8700000000001,2026-09-24T08:15:03.586223+00:00
5622,1851.046,2026-09-24T08:15:03.586731+00:00
5623,1851.15,2026-09-24T08:15:03.587126+00:00
5624,1851.121,2026-09-24T08:15:03.587516+00:00
5625,1883.3709999999999,2026-09-24T08:15:03.620083+00:00
5626,1884.508,2026-09-24T08:15:03.621583+00:00
5627,1884.96,2026-09-24T08:15:03.622393+00:00
5628,1885.3249999999998,2026-09-24T08:15:03.623116+00:00
5629,1885.707,2026-09-24T08:15:03.623806+00:00
5630,1885.8760000000002,2026-09-24T08:15:03.624366+00:00
5631,1886.001,2026-09-24T08:15:03.624883+00:00
5632,1886.152,2026-09-24T08:15:03.625300+00:00
5633,1886.393,2026-09-24T08:15:03.625815+00:00
5634,1886.8,2026-09-24T08:15:03.626497+00:00
5635,1887.478,2026-09-24T08:15:03.627500+00:00
5636,1887.783,2026-09-24T08:15:03.628104+00:00
5637,1888.077,2026-09-24T08:15:03.628781+00:00
5638,1888.298,2026-09-24T08:15:03.629438+00:00
5639,1888.335,2026-09-24T08:15:03.630048+00:00
5640,1888.635,2026-09-24T08:15:03.630825+00:00
5641,1888.767,2026-09-24T08:15:03.631336+00:00
5642,1888.962,2026-09-24T08:15:03.631871+00:00
5643,1889.257,2026-09-24T08:15:03.632540+00:00
5644,1889.543,2026-09-24T08:15:03.633126+00:00
5645,1889.8029999999999,2026-09-24T08:15:03.633662+00:00
5646,1890.076,2026-09-24T08:15:03.634249+00:00
5647,1890.4209999999998,2026-09-24T08:15:03.634870+00:00
5648,1890.733,2026-09-24T08:15:03.635436+00:00
5649,1891.199,2026-09-24T08:15:03.636179+00:00
5650,1891.634,2026-09-24T08:15:03.636855+00:00
5651,1891.9969999999998,2026-09-24T08:15:03.637539+00:00
5652,1892.4160000000002,2026-09-24T08:15:03.638240+00:00
5653,1892.7350000000001,2026-09-24T08:15:03.638916+00:00
5654,1893.004,2026-09-24T08:15:03.639521+00:00
5655,1893.415,2026-09-24T08:15:03.640245+00:00
5656,1893.839,2026-09-24T08:15:03.640977+00:00
5657,1894.1380000000001,2026-09-24T08:15:03.641604+00:00
5658,1894.239,2026-09-24T08:15:03.642142+00:00
5659,1894.591,2026-09-24T08:15:03.642794+00:00
5660,1894.79,2026-09-24T08:15:03.643319+00:00
5661,1895.095,2026-09-24T08:15:03.643929+00:00
5662,1895.301,2026-09-24T08:15:03.644394+00:00
5663,1895.759,2026-09-24T08:15:03.645092+00:00
5664,1895.9189999999999,2026-09-24T08:15:03.645601+00:00
5665,1896.317,2026-09-24T08:15:03.646279+00:00
5666,1896.711,2026-09-24T08:15:03.646926+00:00
5667,1897.364,2026-09-24T08:15:03.647851+00:00
5668,1897.713,2026-09-24T08:15:03.648459+00:00
5669,1897.984,2026-09-24T08:15:03.649022+00:00
5670,1898.124,2026-09-24T08:15:03.649461+00:00
5671,1898.3799999999999,2026-09-24T08:15:03.650011+00:00
5672,1898.64,2026-09-24T08:15:03.650558+00:00
5673,1899.144,2026-09-24T08:15:03.651327+00:00
5674,1899.49,2026-09-24T08:15:03.652036+00:00
5675,1899.863,2026-09-24T08:15:03.652746+00:00
5676,1900.062,2026-09-24T08:15:03.653285+00:00
5677,1900.197,2026-09-24T08:15:03.653828+00:00
5678,1900.362,2026-09-24T08:15:03.654261+00:00
5679,1900.523,2026-09-24T08:15:03.654780+00:00
5680,1900.72,2026-09-24T08:15:03.655313+00:00
5681,1901.134,2026-09-24T08:15:03.656037+00:00
5682,1901.59,2026-09-24T08:15:03.656772+00:00
5683,1902.2330000000002,2026-09-24T08:15:03.657807+00:00
5684,1902.531,2026-09-24T08:15:03.658459+00:00
5685,1903.096,2026-09-24T08:15:03.659310+00:00
5686,1903.387,2026-09-24T08:15:03.659932+00:00
5687,1903.877,2026-09-24T08:15:03.660703+00:00
5688,1904.057,2026-09-24T08:15:03.661195+00:00
5689,1904.501,2026-09-24T08:15:03.661883+00:00
5690,1904.616,2026-09-24T08:15:03.662367+00:00
5691,1904.933,2026-09-24T08:15:03.663042+00:00
5692,1904.879,2026-09-24T08:15:03.663484+00:00
5693,1905.077,2026-09-24T08:15:03.664136+00:00
5694,1905.406,2026-09-24T08:15:03.664814+00:00
5695,1905.527,2026-09-24T08:15:03.665291+00:00
5696,1905.5919999999999,2026-09-24T08:15:03.665780+00:00
5697,1905.729,2026-09-24T08:15:03.666338+00:00
5698,1905.99,2026-09-24T08:15:03.666979+00:00
5699,1906.423,2026-09-24T08:15:03.667700+00:00
5700,1906.6860000000001,2026-09-24T08:15:03.668299+00:00
5701,1906.9160000000002,2026-09-24T08:15:03.668952+00:00
5702,1907.3029999999999,2026-09-24T08:15:03.669691+00:00
5703,1907.766,2026-09-24T08:15:03.670495+00:00
5704,1908.105,2026-09-24T08:15:03.671157+00:00
5705,1908.384,2026-09-24T08:15:03.671756+00:00
5706,1908.3719999999998,2026-09-24T08:15:03.672324+00:00
5707,1908.63,2026-09-24T08:15:03.672941+00:00
5708,1908.807,2026-09-24T08:15:03.673523+00:00
5709,1909.033,2026-09-24T08:15:03.674082+00:00
5710,1909.343,2026-09-24T08:15:03.674751+00:00
5711,1909.451,2026-09-24T08:15:03.675263+00:00
5712,1909.5819999999999,2026-09-24T08:15:03.675806+00:00
5713,1909.676,2026-09-24T08:15:03.676259+00:00
5714,1909.991,2026-09-24T08:15:03.676914+00:00
5715,1910.153,2026-09-24T08:15:03.677494+00:00
5716,1910.3490000000002,2026-09-24T08:15:03.678096+00:00
5717,1910.523,2026-09-24T08:15:03.678649+00:00
5718,1910.739,2026-09-24T08:15:03.679246+00:00
5719,1910.8560000000002,2026-09-24T08:15:03.679722+00:00
5720,1911.526,2026-09-24T08:15:03.680720+00:00
5721,1911.662,2026-09-24T08:15:03.681220+00:00
5722,1911.7679999999998,2026-09-24T08:15:03.681764+00:00
5723,1911.9550000000002,2026-09-24T08:15:03.682298+00:00
5724,1912.2459999999999,2026-09-24T08:15:03.682943+00:00
5725,1912.6570000000002,2026-09-24T08:15:03.683643+00:00
5726,1912.873,2026-09-24T08:15:03.684215+00:00
5727,1913.0259999999998,2026-09-24T08:15:03.684719+00:00
5728,1913.313,2026-09-24T08:15:03.685375+00:00
5729,1913.474,2026-09-24T08:15:03.685838+00:00
5730,1913.623,2026-09-24T08:15:03.686315+00:00
5731,1946.386,2026-09-24T08:15:03.719409+00:00
5732,1948.0040000000001,2026-09-24T08:15:03.721374+00:00
5733,1948.799,2026-09-24T08:15:03.722486+00:00
5734,1949.117,2026-09-24T08:15:03.723216+00:00
5735,1949.425,2026-09-24T08:15:03.723856+00:00
5736,1949.861,2026-09-24T08:15:03.724596+00:00
5737,1950.1329999999998,2026-09-24T08:15:03.725192+00:00
5738,1950.261,2026-09-24T08:15:03.725692+00:00
5739,1950.289,2026-09-24T08:15:03.726126+00:00
5740,1950.791,2026-09-24T08:15:03.726981+00:00
5741,1951.002,2026-09-24T08:15:03.727509+00:00
5742,1951.311,2026-09-24T08:15:03.728141+00:00
5743,1951.438,2026-09-24T08:15:03.728651+00:00
5744,1951.672,2026-09-24T08:15:03.729243+00:00
5745,1951.983,2026-09-24T08:15:03.729886+00:00
5746,1952.063,2026-09-24T08:15:03.730281+00:00
5747,1952.1589999999999,2026-09-24T08:15:03.730778+00:00
5748,1952.458,2026-09-24T08:15:03.731438+00:00
5749,1952.63,2026-09-24T08:15:03.731968+00:00
5750,1952.733,2026-09-24T08:15:03.732451+00:00
5751,1952.828,2026-09-24T08:15:03.732885+00:00
5752,1953.077,2026-09-24T08:15:03.733429+00:00
5753,1953.182,2026-09-24T08:15:03.733911+00:00
5754,1953.4940000000001,2026-09-24T08:15:03.734596+00:00
5755,1953.929,2026-09-24T08:15:03.735366+00:00
5756,1954.25,2026-09-24T08:15:03.735999+00:00
5757,1954.475,2026-09-24T08:15:03.736619+00:00
5758,1954.68,2026-09-24T08:15:03.737182+00:00
5759,1954.901,2026-09-24T08:15:03.737725+00:00
5760,1955.0590000000002,2026-09-24T08:15:03.738254+00:00
5761,1955.232,2026-09-24T08:15:03.738777+00:00
5762,1955.376,2026-09-24T08:15:03.739224+00:00
5763,1955.597,2026-09-24T08:15:03.739749+00:00
5764,1955.749,2026-09-24T08:15:03.740194+00:00
5765,1955.903,2026-09-24T08:15:03.740658+00:00
5766,1956.018,2026-09-24T08:15:03.741063+00:00
5767,1956.172,2026-09-24T08:15:03.741494+00:00
5768,1956.229,2026-09-24T08:15:03.741927+00:00
5769,1956.48,2026-09-24T08:15:03.742505+00:00
5770,1956.562,2026-09-24T08:15:03.742925+00:00
5771,1923.932,2026-09-24T08:15:03.743450+00:00
5772,1923.187,2026-09-24T08:15:03.743899+00:00
5773,1923.1119999999999,2026-09-24T08:15:03.744431+00:00
5774,1923.328,2026-09-24T08:15:03.745066+00:00
5775,1923.3819999999998,2026-09-24T08:15:03.745611+00:00
5776,1923.427,2026-09-24T08:15:03.746153+00:00
5777,1923.581,2026-09-24T08:15:03.746800+00:00
5778,1923.4450000000002,2026-09-24T08:15:03.747263+00:00
5779,1923.503,2026-09-24T08:15:03.747772+00:00
5780,1923.5500000000002,2026-09-24T08:15:03.748182+00:00
5781,1923.835,2026-09-24T08:15:03.748825+00:00
5782,1923.937,2026-09-24T08:15:03.749248+00:00
5783,1924.02,2026-09-24T08:15:03.749779+00:00
5784,1923.849,2026-09-24T08:15:03.750227+00:00
5785,1923.908,2026-09-24T08:15:03.750749+00:00
5786,1924.0839999999998,2026-09-24T08:15:03.751332+00:00
5787,1924.175,2026-09-24T08:15:03.751931+00:00
5788,1924.422,2026-09-24T08:15:03.752565+00:00
5789,1924.7289999999998,2026-09-24T08:15:03.753227+00:00
5790,1925.1229999999998,2026-09-24T08:15:03.754023+00:00
5791,1925.355,2026-09-24T08:15:03.754606+00:00
5792,1925.463,2026-09-24T08:15:03.755164+00:00
5793,1925.6580000000001,2026-09-24T08:15:03.755710+00:00
5794,1925.9599999999998,2026-09-24T08:15:03.756343+00:00
5795,1926.3120000000001,2026-09-24T08:15:03.757061+00:00
5796,1926.491,2026-09-24T08:15:03.757600+00:00
5797,1926.547,2026-09-24T08:15:03.758029+00:00
5798,1926.784,2026-09-24T08:15:03.758593+00:00
5799,1926.89,2026-09-24T08:15:03.759103+00:00
5800,1927.0929999999998,2026-09-24T08:15:03.759617+00:00
5801,1927.054,2026-09-24T08:15:03.760082+00:00
5802,1927.278,2026-09-24T08:15:03.760632+00:00
5803,1927.4199999999998,2026-09-24T08:15:03.761144+00:00
5804,1927.535,2026-09-24T08:15:03.761730+00:00
5805,1927.613,2026-09-24T08:15:03.762252+00:00
5806,1927.7089999999998,2026-09-24T08:15:03.762722+00:00
5807,1927.867,2026-09-24T08:15:03.763211+00:00
5808,1928.106,2026-09-24T08:15:03.763768+00:00
5809,1928.182,2026-09-24T08:15:03.764247+00:00
5810,1928.345,2026-09-24T08:15:03.764712+00:00
5811,1928.396,2026-09-24T08:15:03.765177+00:00
5812,1928.559,2026-09-24T08:15:03.765635+00:00
5813,1928.955,2026-09-24T08:15:03.766302+00:00
5814,1929.113,2026-09-24T08:15:03.766766+00:00
5815,1929.2579999999998,2026-09-24T08:15:03.767205+00:00
5816,1929.509,2026-09-24T08:15:03.767722+00:00
5817,1929.81,2026-09-24T08:15:03.768436+00:00
5818,1929.978,2026-09-24T08:15:03.768977+00:00
5819,1930.423,2026-09-24T08:15:03.769798+00:00
5820,1930.6680000000001,2026-09-24T08:15:03.770373+00:00
5821,1930.9650000000001,2026-09-24T08:15:03.771034+00:00
5822,1931.222,2026-09-24T08:15:03.771682+00:00
5823,1931.4450000000002,2026-09-24T08:15:03.772253+00:00
5824,1931.6960000000001,2026-09-24T08:15:03.772835+00:00
5825,1931.921,2026-09-24T08:15:03.773406+00:00
5826,1932.131,2026-09-24T08:15:03.773930+00:00
5827,1932.307,2026-09-24T08:15:03.774402+00:00
5828,1932.462,2026-09-24T08:15:03.774898+00:00
5829,1932.268,2026-09-24T08:15:03.775306+00:00
5830,1932.468,2026-09-24T08:15:03.775897+00:00
5831,1932.8229999999999,2026-09-24T08:15:03.776634+00:00
5832,1933.343,2026-09-24T08:15:03.777492+00:00
5833,1933.583,2026-09-24T08:15:03.778072+00:00
5834,1933.655,2026-09-24T08:15:03.778580+00:00
5835,1933.9470000000001,2026-09-24T08:15:03.779179+00:00
5836,1934.133,2026-09-24T08:15:03.779681+00:00
5837,1934.2710000000002,2026-09-24T08:15:03.780148+00:00
5838,1934.575,2026-09-24T08:15:03.780784+00:00
5839,1934.704,2026-09-24T08:15:03.781247+00:00
5840,1934.782,2026-09-24T08:15:03.781698+00:00
5841,1934.835,2026-09-24T08:15:03.782057+00:00
5842,1934.991,2026-09-24T08:15:03.782525+00:00
5843,1935.058,2026-09-24T08:15:03.782992+00:00
5844,1935.102,2026-09-24T08:15:03.783469+00:00
5845,1935.229,2026-09-24T08:15:03.784098+00:00
5846,1935.7269999999999,2026-09-24T08:15:03.784981+00:00
5847,1936.07,2026-09-24T08:15:03.785673+00:00
5848,1936.462,2026-09-24T08:15:03.786349+00:00
5849,1936.94,2026-09-24T08:15:03.787136+00:00
5850,1937.386,2026-09-24T08:15:03.787895+00:00
5851,1937.771,2026-09-24T08:15:03.788613+00:00
5852,1938.1470000000002,2026-09-24T08:15:03.789279+00:00
5853,1967.473,2026-09-24T08:15:03.818941+00:00
5854,1968.394,2026-09-24T08:15:03.820169+00:00
5855,1968.709,2026-09-24T08:15:03.820802+00:00
5856,1968.979,2026-09-24T08:15:03.821409+00:00
5857,1969.325,2026-09-24T08:15:03.822069+00:00
5858,1969.527,2026-09-24T08:15:03.822576+00:00
5859,1969.815,2026-09-24T08:15:03.823169+00:00
5860,1970.0919999999999,2026-09-24T08:15:03.823875+00:00
5861,1970.435,2026-09-24T08:15:03.824681+00:00
5862,1970.636,2026-09-24T08:15:03.825321+00:00
5863,1971.1080000000002,2026-09-24T08:15:03.826179+00:00
5864,1971.6100000000001,2026-09-24T08:15:03.827002+00:00
5865,1972.2679999999998,2026-09-24T08:15:03.827963+00:00
5866,1972.728,2026-09-24T08:15:03.828811+00:00
5867,1973.049,2026-09-24T08:15:03.829451+00:00
5868,1973.27,2026-09-24T08:15:03.830062+00:00
5869,1973.9569999999999,2026-09-24T08:15:03.831221+00:00
5870,1974.104,2026-09-24T08:15:03.831796+00:00
5871,1974.413,2026-09-24T08:15:03.832448+00:00
5872,1974.701,2026-09-24T08:15:03.833197+00:00
5873,1975.312,2026-09-24T08:15:03.834145+00:00
5874,1975.795,2026-09-24T08:15:03.834956+00:00
5875,1976.36,2026-09-24T08:15:03.835896+00:00
5876,1976.9399999999998,2026-09-24T08:15:03.836779+00:00
5877,1977.2510000000002,2026-09-24T08:15:03.837397+00:00
5878,1977.619,2026-09-24T08:15:03.838138+00:00
5879,1977.959,2026-09-24T08:15:03.838849+00:00
5880,1978.423,2026-09-24T08:15:03.839653+00:00
5881,1978.6760000000002,2026-09-24T08:15:03.840285+00:00
5882,1978.988,2026-09-24T08:15:03.840952+00:00
5883,1979.122,2026-09-24T08:15:03.841408+00:00
5884,1979.1989999999998,2026-09-24T08:15:03.841895+00:00
5885,1979.384,2026-09-24T08:15:03.842435+00:00
5886,1979.684,2026-09-24T08:15:03.843013+00:00
5887,1979.699,2026-09-24T08:15:03.843514+00:00
5888,1979.771,2026-09-24T08:15:03.844041+00:00
5889,1979.913,2026-09-24T08:15:03.844519+00:00
5890,1980.058,2026-09-24T08:15:03.845000+00:00
5891,1980.25,2026-09-24T08:15:03.845557+00:00
5892,1980.31,2026-09-24T08:15:03.846005+00:00
5893,1980.169,2026-09-24T08:15:03.846517+00:00
5894,1980.034,2026-09-24T08:15:03.846934+00:00
5895,1980.203,2026-09-24T08:15:03.847484+00:00
5896,1980.3029999999999,2026-09-24T08:15:03.848006+00:00
5897,1980.489,2026-09-24T08:15:03.848562+00:00
5898,1980.4360000000001,2026-09-24T08:15:03.849029+00:00
5899,1980.767,2026-09-24T08:15:03.849748+00:00
5900,1981.106,2026-09-24T08:15:03.850428+00:00
5901,1981.4879999999998,2026-09-24T08:15:03.851183+00:00
5902,1981.967,2026-09-24T08:15:03.851994+00:00
5903,1982.318,2026-09-24T08:15:03.852642+00:00
5904,1982.828,2026-09-24T08:15:03.853516+00:00
5905,1983.1270000000002,2026-09-24T08:15:03.854220+00:00
5906,1983.461,2026-09-24T08:15:03.854852+00:00
5907,1983.626,2026-09-24T08:15:03.855395+00:00
5908,1984.0990000000002,2026-09-24T08:15:03.856202+00:00
5909,1984.49,2026-09-24T08:15:03.857005+00:00
5910,1984.7559999999999,2026-09-24T08:15:03.857678+00:00
5911,1984.901,2026-09-24T08:15:03.858250+00:00
5912,1985.0030000000002,2026-09-24T08:15:03.858732+00:00
5913,1985.3220000000001,2026-09-24T08:15:03.859386+00:00
5914,1985.5259999999998,2026-09-24T08:15:03.859965+00:00
5915,1985.583,2026-09-24T08:15:03.860493+00:00
5916,1985.6689999999999,2026-09-24T08:15:03.860977+00:00
5917,1985.95,2026-09-24T08:15:03.861647+00:00
5918,1986.239,2026-09-24T08:15:03.862308+00:00
5919,1986.506,2026-09-24T08:15:03.862910+00:00
5920,1986.6809999999998,2026-09-24T08:15:03.863453+00:00
5921,1986.904,2026-09-24T08:15:03.864086+00:00
5922,1986.988,2026-09-24T08:15:03.864570+00:00
5923,1987.2430000000002,2026-09-24T08:15:03.865187+00:00
5924,1987.586,2026-09-24T08:15:03.865890+00:00
5925,1987.8709999999999,2026-09-24T08:15:03.866473+00:00
5926,1988.154,2026-09-24T08:15:03.867080+00:00
5927,1988.3310000000001,2026-09-24T08:15:03.867690+00:00
5928,1988.373,2026-09-24T08:15:03.868150+00:00
5929,1988.657,2026-09-24T08:15:03.868759+00:00
5930,1988.9360000000001,2026-09-24T08:15:03.869379+00:00
5931,1989.565,2026-09-24T08:15:03.870304+00:00
5932,1990.046,2026-09-24T08:15:03.871065+00:00
5933,1990.248,2026-09-24T08:15:03.871644+00:00
5934,1990.539,2026-09-24T08:15:03.872349+00:00
5935,1990.809,2026-09-24T08:15:03.872940+00:00
5936,1991.186,2026-09-24T08:15:03.873666+00:00
5937,1991.325,2026-09-24T08:15:03.874198+00:00
5938,1991.531,2026-09-24T08:15:03.874723+00:00
5939,1991.646,2026-09-24T08:15:03.875187+00:00
5940,1991.713,2026-09-24T08:15:03.875642+00:00
5941,1991.7720000000002,2026-09-24T08:15:03.876156+00:00
5942,1991.775,2026-09-24T08:15:03.876618+00:00
5943,1992.018,2026-09-24T08:15:03.877388+00:00
5944,1992.238,2026-09-24T08:15:03.878158+00:00
5945,1992.0819999999999,2026-09-24T08:15:03.878746+00:00
5946,1959.557,2026-09-24T08:15:03.879278+00:00
5947,1959.269,2026-09-24T08:15:03.880085+00:00
5948,1959.1080000000002,2026-09-24T08:15:03.880754+00:00
5949,1959.4089999999999,2026-09-24T08:15:03.881528+00:00
5950,1959.749,2026-09-24T08:15:03.882334+00:00
5951,1960.043,2026-09-24T08:15:03.883050+00:00
5952,1960.3509999999999,2026-09-24T08:15:03.883882+00:00
5953,1960.5829999999999,2026-09-24T08:15:03.884512+00:00
5954,1961.1209999999999,2026-09-24T08:15:03.885433+00:00
5955,1961.2320000000002,2026-09-24T08:15:03.885978+00:00
5956,1961.5810000000001,2026-09-24T08:15:03.886727+00:00
5957,1961.845,2026-09-24T08:15:03.887345+00:00
5958,1992.797,2026-09-24T08:15:03.918673+00:00
5959,1993.6609999999998,2026-09-24T08:15:03.919816+00:00
5960,1994.802,2026-09-24T08:15:03.921224+00:00
5961,1995.4579999999999,2026-09-24T08:15:03.922148+00:00
5962,1995.879,2026-09-24T08:15:03.922885+00:00
5963,1996.278,2026-09-24T08:15:03.923540+00:00
5964,1996.522,2026-09-24T08:15:03.924168+00:00
5965,1996.885,2026-09-24T08:15:03.924881+00:00
5966,1997.086,2026-09-24T08:15:03.925367+00:00
5967,1997.396,2026-09-24T08:15:03.925999+00:00
5968,1997.6499999999999,2026-09-24T08:15:03.926551+00:00
5969,1997.712,2026-09-24T08:15:03.926989+00:00
5970,1997.9009999999998,2026-09-24T08:15:03.927541+00:00
5971,1998.1770000000001,2026-09-24T08:15:03.928107+00:00
5972,1998.402,2026-09-24T08:15:03.928633+00:00
5973,1998.693,2026-09-24T08:15:03.929345+00:00
5974,1999.139,2026-09-24T08:15:03.930234+00:00
5975,1999.236,2026-09-24T08:15:03.930729+00:00
5976,1999.2620000000002,2026-09-24T08:15:03.931200+00:00
5977,1999.505,2026-09-24T08:15:03.931746+00:00
5978,1999.704,2026-09-24T08:15:03.932342+00:00
5979,1999.875,2026-09-24T08:15:03.932842+00:00
5980,2000.0800000000002,2026-09-24T08:15:03.933347+00:00
5981,2000.32,2026-09-24T08:15:03.933929+00:00
5982,2000.7269999999999,2026-09-24T08:15:03.934662+00:00
5983,2001.0020000000002,2026-09-24T08:15:03.935228+00:00
5984,2001.3390000000002,2026-09-24T08:15:03.935916+00:00
5985,2001.6250000000002,2026-09-24T08:15:03.936500+00:00
5986,2001.834,2026-09-24T08:15:03.937002+00:00
5987,2002.021,2026-09-24T08:15:03.937614+00:00
5988,2002.135,2026-09-24T08:15:03.938207+00:00
5989,2002.3209999999997,2026-09-24T08:15:03.938718+00:00
5990,2002.5240000000001,2026-09-24T08:15:03.939247+00:00
5991,2002.639,2026-09-24T08:15:03.939689+00:00
5992,2002.8959999999997,2026-09-24T08:15:03.940216+00:00
5993,2003.069,2026-09-24T08:15:03.940734+00:00
5994,2003.159,2026-09-24T08:15:03.941146+00:00
5995,2003.41,2026-09-24T08:15:03.941689+00:00
5996,2003.5430000000001,2026-09-24T08:15:03.942233+00:00
5997,2003.7600000000002,2026-09-24T08:15:03.942769+00:00
5998,2003.924,2026-09-24T08:15:03.943293+00:00
5999,2004.064,2026-09-24T08:15:03.943861+00:00
6000,2004.187,2026-09-24T08:15:03.944380+00:00
6001,2004.5670000000002,2026-09-24T08:15:03.945078+00:00
6002,2004.6339999999998,2026-09-24T08:15:03.945611+00:00
6003,2004.8319999999999,2026-09-24T08:15:03.946097+00:00
6004,2004.9039999999998,2026-09-24T08:15:03.946497+00:00
6005,2005.1399999999999,2026-09-24T08:15:03.947038+00:00
6006,2005.3600000000001,2026-09-24T08:15:03.947529+00:00
6007,2005.5230000000001,2026-09-24T08:15:03.948012+00:00
6008,2005.5130000000001,2026-09-24T08:15:03.948387+00:00
6009,2005.7779999999998,2026-09-24T08:15:03.948995+00:00
6010,2005.934,2026-09-24T08:15:03.949497+00:00
6011,2006.1719999999998,2026-09-24T08:15:03.950041+00:00
6012,2006.293,2026-09-24T08:15:03.950504+00:00
6013,2006.4129999999998,2026-09-24T08:15:03.950950+00:00
6014,2006.51,2026-09-24T08:15:03.951429+00:00
6015,2006.72,2026-09-24T08:15:03.951931+00:00
6016,2006.8290000000002,2026-09-24T08:15:03.952379+00:00
6017,2007.019,2026-09-24T08:15:03.952868+00:00
6018,2007.371,2026-09-24T08:15:03.953504+00:00
6019,2007.5569999999998,2026-09-24T08:15:03.953980+00:00
6020,2007.794,2026-09-24T08:15:03.954601+00:00
6021,2008.0320000000002,2026-09-24T08:15:03.955151+00:00
6022,2008.284,2026-09-24T08:15:03.955682+00:00
6023,2008.533,2026-09-24T08:15:03.956315+00:00
6024,2008.7630000000001,2026-09-24T08:15:03.956869+00:00
6025,2009.0539999999999,2026-09-24T08:15:03.957477+00:00
6026,2009.192,2026-09-24T08:15:03.957926+00:00
6027,2009.4080000000001,2026-09-24T08:15:03.958441+00:00
6028,2010.03,2026-09-24T08:15:03.959349+00:00
6029,2010.44,2026-09-24T08:15:03.960083+00:00
6030,2010.8519999999999,2026-09-24T08:15:03.960767+00:00
6031,2011.1439999999998,2026-09-24T08:15:03.961324+00:00
6032,2011.496,2026-09-24T08:15:03.962041+00:00
6033,2011.8330000000003,2026-09-24T08:15:03.962708+00:00
6034,2012.1760000000002,2026-09-24T08:15:03.963340+00:00
6035,2012.5120000000002,2026-09-24T08:15:03.964042+00:00
6036,2012.68,2026-09-24T08:15:03.964632+00:00
6037,2012.804,2026-09-24T08:15:03.965093+00:00
6038,2013.077,2026-09-24T08:15:03.965810+00:00
6039,2013.246,2026-09-24T08:15:03.966252+00:00
6040,2013.3410000000001,2026-09-24T08:15:03.966665+00:00
6041,2013.4029999999998,2026-09-24T08:15:03.967060+00:00
6042,2013.626,2026-09-24T08:15:03.967557+00:00
6043,2013.645,2026-09-24T08:15:03.968039+00:00
6044,2013.621,2026-09-24T08:15:03.968557+00:00
6045,2013.808,2026-09-24T08:15:03.969171+00:00
6046,2014.0959999999998,2026-09-24T08:15:03.969832+00:00
6047,2014.264,2026-09-24T08:15:03.970429+00:00
6048,2014.4630000000002,2026-09-24T08:15:03.970976+00:00
6049,2014.885,2026-09-24T08:15:03.971755+00:00
6050,2015.24,2026-09-24T08:15:03.972457+00:00
6051,2015.387,2026-09-24T08:15:03.973010+00:00
6052,2015.656,2026-09-24T08:15:03.973598+00:00
6053,2015.835,2026-09-24T08:15:03.974074+00:00
6054,2015.9750000000001,2026-09-24T08:15:03.974670+00:00
6055,2016.253,2026-09-24T08:15:03.975254+00:00
6056,2016.418,2026-09-24T08:15:03.975763+00:00
6057,2016.5510000000002,2026-09-24T08:15:03.976251+00:00
6058,2016.575,2026-09-24T08:15:03.976676+00:00
6059,2016.7150000000001,2026-09-24T08:15:03.977159+00:00
6060,2016.936,2026-09-24T08:15:03.977669+00:00
6061,2017.1260000000002,2026-09-24T08:15:03.978187+00:00
6062,2017.357,2026-09-24T08:15:03.978684+00:00
6063,2017.5459999999998,2026-09-24T08:15:03.979153+00:00
6064,2017.7749999999999,2026-09-24T08:15:03.979681+00:00
6065,2018.119,2026-09-24T08:15:03.980288+00:00
6066,2018.493,2026-09-24T08:15:03.980899+00:00
6067,2018.935,2026-09-24T08:15:03.981603+00:00
6068,2019.1750000000002,2026-09-24T08:15:03.982099+00:00
6069,2019.465,2026-09-24T08:15:03.982672+00:00
6070,2019.6830000000002,2026-09-24T08:15:03.983193+00:00
6071,2019.9289999999999,2026-09-24T08:15:03.983760+00:00
6072,2020.1190000000001,2026-09-24T08:15:03.984300+00:00
6073,2020.397,2026-09-24T08:15:03.984845+00:00
6074,2020.5929999999998,2026-09-24T08:15:03.985472+00:00
6075,2020.7799999999997,2026-09-24T08:15:03.986054+00:00
6076,2020.791,2026-09-24T08:15:03.986566+00:00
6077,2021.0040000000001,2026-09-24T08:15:03.987091+00:00
6078,2052.998,2026-09-24T08:15:04.019361+00:00
6079,2054.578,2026-09-24T08:15:04.021276+00:00
6080,2055.136,2026-09-24T08:15:04.022197+00:00
6081,2055.346,2026-09-24T08:15:04.022809+00:00
6082,2055.701,2026-09-24T08:15:04.023508+00:00
6083,2055.979,2026-09-24T08:15:04.024110+00:00
6084,2056.429,2026-09-24T08:15:04.024871+00:00
6085,2056.883,2026-09-24T08:15:04.025616+00:00
6086,2057.1609999999996,2026-09-24T08:15:04.026167+00:00
6087,2057.673,2026-09-24T08:15:04.026964+00:00
6088,2057.753,2026-09-24T08:15:04.027475+00:00
6089,2057.801,2026-09-24T08:15:04.027993+00:00
6090,2057.945,2026-09-24T08:15:04.028585+00:00
6091,2058.286,2026-09-24T08:15:04.029330+00:00
6092,2058.523,2026-09-24T08:15:04.029902+00:00
6093,2058.694,2026-09-24T08:15:04.030481+00:00
6094,2058.8489999999997,2026-09-24T08:15:04.030937+00:00
6095,2059.0389999999998,2026-09-24T08:15:04.031465+00:00
6096,2059.413,2026-09-24T08:15:04.032168+00:00
6097,2059.7110000000002,2026-09-24T08:15:04.032758+00:00
6098,2059.826,2026-09-24T08:15:04.033257+00:00
6099,2059.996,2026-09-24T08:15:04.033762+00:00
6100,2060.183,2026-09-24T08:15:04.034220+00:00
6101,2060.384,2026-09-24T08:15:04.034678+00:00
6102,2060.578,2026-09-24T08:15:04.035161+00:00
6103,2060.784,2026-09-24T08:15:04.035620+00:00
6104,2061.0789999999997,2026-09-24T08:15:04.036211+00:00
6105,2061.221,2026-09-24T08:15:04.036708+00:00
6106,2061.4,2026-09-24T08:15:04.037253+00:00
6107,2061.66,2026-09-24T08:15:04.037809+00:00
6108,2061.636,2026-09-24T08:15:04.038219+00:00
6109,2061.749,2026-09-24T08:15:04.038681+00:00
6110,2061.936,2026-09-24T08:15:04.039213+00:00
6111,2062.087,2026-09-24T08:15:04.039823+00:00
6112,2062.2569999999996,2026-09-24T08:15:04.040326+00:00
6113,2062.5589999999997,2026-09-24T08:15:04.040941+00:00
6114,2062.9249999999997,2026-09-24T08:15:04.041667+00:00
6115,2063.141,2026-09-24T08:15:04.042229+00:00
6116,2063.4359999999997,2026-09-24T08:15:04.042843+00:00
6117,2063.6749999999997,2026-09-24T08:15:04.043443+00:00
6118,2063.97,2026-09-24T08:15:04.044065+00:00
6119,2063.9919999999997,2026-09-24T08:15:04.044509+00:00
6120,2064.027,2026-09-24T08:15:04.045052+00:00
6121,2064.0679999999998,2026-09-24T08:15:04.045504+00:00
6122,2064.307,2026-09-24T08:15:04.046179+00:00
6123,2064.438,2026-09-24T08:15:04.046754+00:00
6124,2064.5679999999998,2026-09-24T08:15:04.047355+00:00
6125,2064.668,2026-09-24T08:15:04.047796+00:00
6126,2064.8399999999997,2026-09-24T08:15:04.048310+00:00
6127,2064.9570000000003,2026-09-24T08:15:04.048791+00:00
6128,2065.107,2026-09-24T08:15:04.049257+00:00
6129,2065.36,2026-09-24T08:15:04.049824+00:00
6130,2065.533,2026-09-24T08:15:04.050406+00:00
6131,2065.622,2026-09-24T08:15:04.050886+00:00
6132,2065.7019999999998,2026-09-24T08:15:04.051402+00:00
6133,2033.6319999999998,2026-09-24T08:15:04.052034+00:00
6134,2033.292,2026-09-24T08:15:04.052509+00:00
6135,2033.149,2026-09-24T08:15:04.052957+00:00
6136,2033.239,2026-09-24T08:15:04.053552+00:00
6137,2033.2150000000001,2026-09-24T08:15:04.054066+00:00
6138,2033.3960000000002,2026-09-24T08:15:04.054709+00:00
6139,2033.547,2026-09-24T08:15:04.055280+00:00
6140,2033.8500000000001,2026-09-24T08:15:04.055910+00:00
6141,2034.137,2026-09-24T08:15:04.056756+00:00
6142,2034.214,2026-09-24T08:15:04.057243+00:00
6143,2034.3270000000002,2026-09-24T08:15:04.057790+00:00
6144,2034.649,2026-09-24T08:15:04.058610+00:00
6145,2034.9599999999998,2026-09-24T08:15:04.059281+00:00
6146,2035.2920000000001,2026-09-24T08:15:04.059984+00:00
6147,2035.58,2026-09-24T08:15:04.060658+00:00
6148,2035.7430000000002,2026-09-24T08:15:04.061198+00:00
6149,2035.9569999999999,2026-09-24T08:15:04.061761+00:00
6150,2036.0200000000002,2026-09-24T08:15:04.062232+00:00
6151,2036.0390000000002,2026-09-24T08:15:04.062731+00:00
6152,2036.179,2026-09-24T08:15:04.063204+00:00
6153,2036.226,2026-09-24T08:15:04.063669+00:00
6154,2036.1889999999999,2026-09-24T08:15:04.064081+00:00
6155,2036.2239999999997,2026-09-24T08:15:04.064460+00:00
6156,2036.3039999999999,2026-09-24T08:15:04.064913+00:00
6157,2036.437,2026-09-24T08:15:04.065429+00:00
6158,2036.58,2026-09-24T08:15:04.065903+00:00
6159,2036.6490000000001,2026-09-24T08:15:04.066332+00:00
6160,2036.752,2026-09-24T08:15:04.066734+00:00
6161,2037.1619999999998,2026-09-24T08:15:04.067445+00:00
6162,2037.33,2026-09-24T08:15:04.068017+00:00
6163,2037.474,2026-09-24T08:15:04.068611+00:00
6164,2037.578,2026-09-24T08:15:04.069128+00:00
6165,2037.8189999999997,2026-09-24T08:15:04.069708+00:00
6166,2037.996,2026-09-24T08:15:04.070236+00:00
6167,2038.1309999999999,2026-09-24T08:15:04.070703+00:00
6168,2038.354,2026-09-24T08:15:04.071222+00:00
6169,2038.4950000000001,2026-09-24T08:15:04.071684+00:00
6170,2038.443,2026-09-24T08:15:04.072113+00:00
6171,2038.449,2026-09-24T08:15:04.072539+00:00
6172,2038.4869999999999,2026-09-24T08:15:04.072951+00:00
6173,2038.4479999999999,2026-09-24T08:15:04.073396+00:00
6174,2038.572,2026-09-24T08:15:04.073836+00:00
6175,2038.538,2026-09-24T08:15:04.074182+00:00
6176,2038.806,2026-09-24T08:15:04.074790+00:00
6177,2039.126,2026-09-24T08:15:04.075441+00:00
6178,2039.252,2026-09-24T08:15:04.075957+00:00
6179,2039.3759999999997,2026-09-24T08:15:04.076392+00:00
6180,2039.4209999999998,2026-09-24T08:15:04.076858+00:00
6181,2039.484,2026-09-24T08:15:04.077283+00:00
6182,2039.615,2026-09-24T08:15:04.077763+00:00
6183,2039.7219999999998,2026-09-24T08:15:04.078207+00:00
6184,2039.8740000000003,2026-09-24T08:15:04.078662+00:00
6185,2039.8339999999998,2026-09-24T08:15:04.079036+00:00
6186,2040.064,2026-09-24T08:15:04.079649+00:00
6187,2040.447,2026-09-24T08:15:04.080369+00:00
6188,2041.036,2026-09-24T08:15:04.081279+00:00
6189,2041.191,2026-09-24T08:15:04.081724+00:00
6190,2041.351,2026-09-24T08:15:04.082203+00:00
6191,2041.4370000000001,2026-09-24T08:15:04.082648+00:00
6192,2041.5040000000001,2026-09-24T08:15:04.083012+00:00
6193,2041.677,2026-09-24T08:15:04.083468+00:00
6194,2041.9139999999998,2026-09-24T08:15:04.084052+00:00
6195,2041.9589999999998,2026-09-24T08:15:04.084461+00:00
6196,2042.115,2026-09-24T08:15:04.084922+00:00
6197,2042.2150000000001,2026-09-24T08:15:04.085359+00:00
6198,2042.4229999999998,2026-09-24T08:15:04.085911+00:00
6199,2076.457,2026-09-24T08:15:04.120301+00:00
6200,2077.3830000000003,2026-09-24T08:15:04.121549+00:00
6201,2077.8439999999996,2026-09-24T08:15:04.122436+00:00
6202,2078.33,2026-09-24T08:15:04.123255+00:00
6203,2078.7490000000003,2026-09-24T08:15:04.124011+00:00
6204,2079.0009999999997,2026-09-24T08:15:04.124658+00:00
6205,2079.274,2026-09-24T08:15:04.125260+00:00
6206,2079.516,2026-09-24T08:15:04.125816+00:00
6207,2079.657,2026-09-24T08:15:04.126243+00:00
6208,2079.7850000000003,2026-09-24T08:15:04.126719+00:00
6209,2079.748,2026-09-24T08:15:04.127137+00:00
6210,2079.625,2026-09-24T08:15:04.127726+00:00
6211,2080.1310000000003,2026-09-24T08:15:04.128593+00:00
6212,2080.355,2026-09-24T08:15:04.129129+00:00
6213,2080.592,2026-09-24T08:15:04.129676+00:00
6214,2080.7380000000003,2026-09-24T08:15:04.130180+00:00
6215,2080.94,2026-09-24T08:15:04.130656+00:00
6216,2081.105,2026-09-24T08:15:04.131185+00:00
6217,2081.4249999999997,2026-09-24T08:15:04.131883+00:00
6218,2081.561,2026-09-24T08:15:04.132374+00:00
6219,2081.746,2026-09-24T08:15:04.132869+00:00
6220,2082.125,2026-09-24T08:15:04.133564+00:00
6221,2082.389,2026-09-24T08:15:04.134128+00:00
6222,2082.652,2026-09-24T08:15:04.134675+00:00
6223,2082.838,2026-09-24T08:15:04.135136+00:00
6224,2083.0099999999998,2026-09-24T08:15:04.135635+00:00
6225,2083.348,2026-09-24T08:15:04.136353+00:00
6226,2083.335,2026-09-24T08:15:04.136843+00:00
6227,2083.49,2026-09-24T08:15:04.137435+00:00
6228,2083.588,2026-09-24T08:15:04.137921+00:00
6229,2083.842,2026-09-24T08:15:04.138638+00:00
6230,2083.94,2026-09-24T08:15:04.139207+00:00
6231,2084.216,2026-09-24T08:15:04.139823+00:00
6232,2084.287,2026-09-24T08:15:04.140279+00:00
6233,2084.366,2026-09-24T08:15:04.140716+00:00
6234,2084.424,2026-09-24T08:15:04.141172+00:00
6235,2084.641,2026-09-24T08:15:04.141789+00:00
6236,2084.714,2026-09-24T08:15:04.142268+00:00
6237,2085.005,2026-09-24T08:15:04.142950+00:00
6238,2085.0930000000003,2026-09-24T08:15:04.143391+00:00
6239,2085.226,2026-09-24T08:15:04.143904+00:00
6240,2085.582,2026-09-24T08:15:04.144673+00:00
6241,2085.6789999999996,2026-09-24T08:15:04.145142+00:00
6242,2085.846,2026-09-24T08:15:04.145736+00:00
6243,2086.122,2026-09-24T08:15:04.146366+00:00
6244,2086.333,2026-09-24T08:15:04.146986+00:00
6245,2086.418,2026-09-24T08:15:04.147502+00:00
6246,2086.68,2026-09-24T08:15:04.148130+00:00
6247,2086.764,2026-09-24T08:15:04.148571+00:00
6248,2087.0510000000004,2026-09-24T08:15:04.149246+00:00
6249,2087.304,2026-09-24T08:15:04.150030+00:00
6250,2087.306,2026-09-24T08:15:04.150619+00:00
6251,2087.31,2026-09-24T08:15:04.151071+00:00
6252,2087.422,2026-09-24T08:15:04.151752+00:00
6253,2087.986,2026-09-24T08:15:04.152645+00:00
6254,2088.2999999999997,2026-09-24T08:15:04.153227+00:00
6255,2088.65,2026-09-24T08:15:04.153874+00:00
6256,2089.14,2026-09-24T08:15:04.154703+00:00
6257,2089.318,2026-09-24T08:15:04.155221+00:00
6258,2089.503,2026-09-24T08:15:04.155717+00:00
6259,2089.517,2026-09-24T08:15:04.156176+00:00
6260,2089.75,2026-09-24T08:15:04.156784+00:00
6261,2090.219,2026-09-24T08:15:04.157659+00:00
6262,2090.229,2026-09-24T08:15:04.158090+00:00
6263,2090.292,2026-09-24T08:15:04.158552+00:00
6264,2090.436,2026-09-24T08:15:04.159024+00:00
6265,2090.497,2026-09-24T08:15:04.159441+00:00
6266,2090.579,2026-09-24T08:15:04.159865+00:00
6267,2090.57,2026-09-24T08:15:04.160287+00:00
6268,2090.499,2026-09-24T08:15:04.160743+00:00
6269,2090.5119999999997,2026-09-24T08:15:04.161319+00:00
6270,2090.637,2026-09-24T08:15:04.161855+00:00
6271,2090.822,2026-09-24T08:15:04.162399+00:00
6272,2090.954,2026-09-24T08:15:04.162927+00:00
6273,2090.9970000000003,2026-09-24T08:15:04.163433+00:00
6274,2090.9719999999998,2026-09-24T08:15:04.163857+00:00
6275,2090.882,2026-09-24T08:15:04.164220+00:00
6276,2090.952,2026-09-24T08:15:04.164730+00:00
6277,2090.9970000000003,2026-09-24T08:15:04.165185+00:00
6278,2090.87,2026-09-24T08:15:04.165550+00:00
6279,2090.751,2026-09-24T08:15:04.165897+00:00
6280,2090.86,2026-09-24T08:15:04.166341+00:00
6281,2090.839,2026-09-24T08:15:04.166751+00:00
6282,2090.726,2026-09-24T08:15:04.167183+00:00
6283,2090.673,2026-09-24T08:15:04.167527+00:00
6284,2090.696,2026-09-24T08:15:04.167927+00:00
6285,2090.9399999999996,2026-09-24T08:15:04.168482+00:00
6286,2091.038,2026-09-24T08:15:04.168919+00:00
6287,2091.13,2026-09-24T08:15:04.169302+00:00
6288,2091.386,2026-09-24T08:15:04.169836+00:00
6289,2091.297,2026-09-24T08:15:04.170276+00:00
6290,2091.4100000000003,2026-09-24T08:15:04.170713+00:00
6291,2091.328,2026-09-24T08:15:04.171080+00:00
6292,2091.406,2026-09-24T08:15:04.171519+00:00
6293,2091.382,2026-09-24T08:15:04.171896+00:00
6294,2091.3650000000002,2026-09-24T08:15:04.172233+00:00
6295,2091.4190000000003,2026-09-24T08:15:04.172607+00:00
6296,2091.538,2026-09-24T08:15:04.173077+00:00
6297,2091.535,2026-09-24T08:15:04.173510+00:00
6298,2091.515,2026-09-24T08:15:04.173915+00:00
6299,2091.494,2026-09-24T08:15:04.174269+00:00
6300,2091.679,2026-09-24T08:15:04.174792+00:00
6301,2091.569,2026-09-24T08:15:04.175176+00:00
6302,2091.5170000000003,2026-09-24T08:15:04.175526+00:00
6303,2091.528,2026-09-24T08:15:04.175901+00:00
6304,2091.378,2026-09-24T08:15:04.176338+00:00
6305,2091.0449999999996,2026-09-24T08:15:04.176709+00:00
6306,2090.943,2026-09-24T08:15:04.177166+00:00
6307,2091.031,2026-09-24T08:15:04.177685+00:00
6308,2059.022,2026-09-24T08:15:04.178251+00:00
6309,2058.459,2026-09-24T08:15:04.178834+00:00
6310,2058.2349999999997,2026-09-24T08:15:04.179204+00:00
6311,2058.012,2026-09-24T08:15:04.179564+00:00
6312,2058.0319999999997,2026-09-24T08:15:04.179989+00:00
6313,2058.011,2026-09-24T08:15:04.180359+00:00
6314,2057.966,2026-09-24T08:15:04.181042+00:00
6315,2057.957,2026-09-24T08:15:04.181393+00:00
6316,2057.9649999999997,2026-09-24T08:15:04.181852+00:00
6317,2057.751,2026-09-24T08:15:04.182202+00:00
6318,2057.622,2026-09-24T08:15:04.182576+00:00
6319,2057.598,2026-09-24T08:15:04.182933+00:00
6320,2057.6,2026-09-24T08:15:04.183360+00:00
6321,2057.647,2026-09-24T08:15:04.183849+00:00
6322,2057.658,2026-09-24T08:15:04.184237+00:00
6323,2057.69,2026-09-24T08:15:04.184627+00:00
6324,2057.699,2026-09-24T08:15:04.184990+00:00
6325,2057.699,2026-09-24T08:15:04.185320+00:00
6326,2057.752,2026-09-24T08:15:04.185681+00:00
6327,2057.7239999999997,2026-09-24T08:15:04.186033+00:00
6328,2057.69,2026-09-24T08:15:04.186466+00:00
6329,2057.684,2026-09-24T08:15:04.186877+00:00
6330,2057.68,2026-09-24T08:15:04.187265+00:00
6331,2057.646,2026-09-24T08:15:04.187622+00:00
6332,2057.6259999999997,2026-09-24T08:15:04.187983+00:00
6333,2057.506,2026-09-24T08:15:04.188332+00:00
6334,2057.4880000000003,2026-09-24T08:15:04.188709+00:00
6335,2057.408,2026-09-24T08:15:04.189052+00:00
6336,2057.38,2026-09-24T08:15:04.189459+00:00
6337,2056.796,2026-09-24T08:15:04.189852+00:00
6338,2056.647,2026-09-24T08:15:04.190216+00:00
6339,2056.511,2026-09-24T08:15:04.190563+00:00
6340,2056.187,2026-09-24T08:15:04.190895+00:00
6341,2055.625,2026-09-24T08:15:04.191209+00:00
6342,2055.401,2026-09-24T08:15:04.191542+00:00
6343,2055.289,2026-09-24T08:15:04.191852+00:00
6344,2055.303,2026-09-24T08:15:04.192238+00:00
6345,2055.4610000000002,2026-09-24T08:15:04.192662+00:00
6346,2055.358,2026-09-24T08:15:04.193041+00:00
6347,2055.3089999999997,2026-09-24T08:15:04.193388+00:00
6348,2055.253,2026-09-24T08:15:04.193855+00:00
6349,2055.1780000000003,2026-09-24T08:15:04.194200+00:00
6350,2055.1879999999996,2026-09-24T08:15:04.194538+00:00
6351,2054.761,2026-09-24T08:15:04.194891+00:00
6352,2053.988,2026-09-24T08:15:04.195269+00:00
6353,2054.0029999999997,2026-09-24T08:15:04.195801+00:00
6354,2053.96,2026-09-24T08:15:04.196216+00:00
6355,2054.004,2026-09-24T08:15:04.196776+00:00
6356,2054.328,2026-09-24T08:15:04.197483+00:00
6357,2054.287,2026-09-24T08:15:04.197872+00:00
6358,2054.145,2026-09-24T08:15:04.198239+00:00
6359,2054.111,2026-09-24T08:15:04.198610+00:00
6360,2054.138,2026-09-24T08:15:04.198985+00:00
6361,2054.333,2026-09-24T08:15:04.199431+00:00
6362,2054.464,2026-09-24T08:15:04.199842+00:00
6363,2054.547,2026-09-24T08:15:04.200232+00:00
6364,2054.8250000000003,2026-09-24T08:15:04.200908+00:00
6365,2054.8030000000003,2026-09-24T08:15:04.201294+00:00
6366,2054.666,2026-09-24T08:15:04.201675+00:00
6367,2054.723,2026-09-24T08:15:04.202050+00:00
6368,2054.71,2026-09-24T08:15:04.202399+00:00
6369,2054.8799999999997,2026-09-24T08:15:04.202876+00:00
6370,2054.962,2026-09-24T08:15:04.203406+00:00
6371,2055.151,2026-09-24T08:15:04.204018+00:00
6372,2055.528,2026-09-24T08:15:04.204911+00:00
6373,2055.2990000000004,2026-09-24T08:15:04.205464+00:00
6374,2055.288,2026-09-24T08:15:04.206017+00:00
6375,2055.451,2026-09-24T08:15:04.206659+00:00
6376,2055.602,2026-09-24T08:15:04.207311+00:00
6377,2056.1440000000002,2026-09-24T08:15:04.208133+00:00
6378,2056.31,2026-09-24T08:15:04.208678+00:00
6379,2056.339,2026-09-24T08:15:04.209108+00:00
6380,2056.46,2026-09-24T08:15:04.209549+00:00
6381,2056.487,2026-09-24T08:15:04.209952+00:00
6382,2056.322,2026-09-24T08:15:04.210338+00:00
6383,2056.2599999999998,2026-09-24T08:15:04.210725+00:00
6384,2056.1820000000002,2026-09-24T08:15:04.211085+00:00
6385,2056.031,2026-09-24T08:15:04.211481+00:00
6386,2055.908,2026-09-24T08:15:04.211880+00:00
6387,2055.906,2026-09-24T08:15:04.212242+00:00
6388,2055.917,2026-09-24T08:15:04.212666+00:00
6389,2055.9379999999996,2026-09-24T08:15:04.213025+00:00
6390,2055.8869999999997,2026-09-24T08:15:04.213397+00:00
6391,2055.951,2026-09-24T08:15:04.213784+00:00
6392,2056.114,2026-09-24T08:15:04.214263+00:00
6393,2056.181,2026-09-24T08:15:04.214805+00:00
6394,2056.212,2026-09-24T08:15:04.215266+00:00
6395,2056.2670000000003,2026-09-24T08:15:04.215699+00:00
6396,2056.406,2026-09-24T08:15:04.216169+00:00
6397,2056.496,2026-09-24T08:15:04.216579+00:00
6398,2056.356,2026-09-24T08:15:04.216966+00:00
6399,2056.3579999999997,2026-09-24T08:15:04.217361+00:00
6400,2056.369,2026-09-24T08:15:04.217759+00:00
6401,2056.356,2026-09-24T08:15:04.218195+00:00
6402,2056.558,2026-09-24T08:15:04.218783+00:00
6403,2056.638,2026-09-24T08:15:04.219253+00:00
6404,2056.767,2026-09-24T08:15:04.219721+00:00
6405,2056.811,2026-09-24T08:15:04.220098+00:00
6406,2056.824,2026-09-24T08:15:04.220456+00:00
6407,2056.937,2026-09-24T08:15:04.220833+00:00
6408,2057.022,2026-09-24T08:15:04.221203+00:00
6409,2057.054,2026-09-24T08:15:04.221601+00:00
6410,2057.164,2026-09-24T08:15:04.222022+00:00
6411,2057.178,2026-09-24T08:15:04.222378+00:00
6412,2057.281,2026-09-24T08:15:04.222877+00:00
6413,2057.263,2026-09-24T08:15:04.223213+00:00
6414,2057.236,2026-09-24T08:15:04.223670+00:00
6415,2057.613,2026-09-24T08:15:04.224460+00:00
6416,2057.726,2026-09-24T08:15:04.224927+00:00
6417,2057.935,2026-09-24T08:15:04.225441+00:00
6418,2058.033,2026-09-24T08:15:04.225849+00:00
6419,2058.093,2026-09-24T08:15:04.226215+00:00
6420,2058.239,2026-09-24T08:15:04.226624+00:00
6421,2058.291,2026-09-24T08:15:04.226974+00:00
6422,2058.2729999999997,2026-09-24T08:15:04.227293+00:00
6423,2058.333,2026-09-24T08:15:04.227713+00:00
6424,2058.453,2026-09-24T08:15:04.228298+00:00
6425,2058.509,2026-09-24T08:15:04.228668+00:00
6426,2058.481,2026-09-24T08:15:04.229013+00:00
6427,2058.342,2026-09-24T08:15:04.229344+00:00
6428,2058.349,2026-09-24T08:15:04.229702+00:00
6429,2058.2419999999997,2026-09-24T08:15:04.230025+00:00
6430,2058.165,2026-09-24T08:15:04.230340+00:00
6431,2058.3360000000002,2026-09-24T08:15:04.230872+00:00
6432,2058.494,2026-09-24T08:15:04.231359+00:00
6433,2058.587,2026-09-24T08:15:04.231750+00:00
6434,2058.649,2026-09-24T08:15:04.232204+00:00
6435,2058.6929999999998,2026-09-24T08:15:04.232545+00:00
6436,2058.769,2026-09-24T08:15:04.232934+00:00
6437,2058.703,2026-09-24T08:15:04.233268+00:00
6438,2058.747,2026-09-24T08:15:04.233625+00:00
6439,2058.9230000000002,2026-09-24T08:15:04.234155+00:00
6440,2059.165,2026-09-24T08:15:04.234782+00:00
6441,2059.265,2026-09-24T08:15:04.235209+00:00
6442,2059.34,2026-09-24T08:15:04.235622+00:00
6443,2059.344,2026-09-24T08:15:04.235986+00:00
6444,2059.258,2026-09-24T08:15:04.236363+00:00
6445,2059.219,2026-09-24T08:15:04.236738+00:00
6446,2059.143,2026-09-24T08:15:04.237084+00:00
6447,2059.284,2026-09-24T08:15:04.237562+00:00
6448,2059.328,2026-09-24T08:15:04.237945+00:00
6449,2059.349,2026-09-24T08:15:04.238325+00:00
6450,2059.258,2026-09-24T08:15:04.238719+00:00
6451,2059.272,2026-09-24T08:15:04.239074+00:00
6452,2059.325,2026-09-24T08:15:04.239440+00:00
6453,2059.2540000000004,2026-09-24T08:15:04.239798+00:00
6454,2059.21,2026-09-24T08:15:04.240151+00:00
6455,2059.282,2026-09-24T08:15:04.240560+00:00
6456,2059.27,2026-09-24T08:15:04.240941+00:00
6457,2059.306,2026-09-24T08:15:04.241326+00:00
6458,2059.366,2026-09-24T08:15:04.241728+00:00
6459,2059.239,2026-09-24T08:15:04.242075+00:00
6460,2059.278,2026-09-24T08:15:04.242461+00:00
6461,2059.177,2026-09-24T08:15:04.242821+00:00
6462,2059.2259999999997,2026-09-24T08:15:04.243183+00:00
6463,2059.3740000000003,2026-09-24T08:15:04.243639+00:00
6464,2059.386,2026-09-24T08:15:04.244013+00:00
6465,2059.31,2026-09-24T08:15:04.244394+00:00
6466,2059.342,2026-09-24T08:15:04.244779+00:00
6467,2059.3720000000003,2026-09-24T08:15:04.245137+00:00
6468,2059.527,2026-09-24T08:15:04.245533+00:00
6469,2059.602,2026-09-24T08:15:04.245892+00:00
6470,2059.661,2026-09-24T08:15:04.246279+00:00
6471,2059.6899999999996,2026-09-24T08:15:04.246686+00:00
6472,2027.2369999999999,2026-09-24T08:15:04.247047+00:00
6473,2026.51,2026-09-24T08:15:04.247431+00:00
6474,2026.1459999999997,2026-09-24T08:15:04.247819+00:00
6475,2026.001,2026-09-24T08:15:04.248195+00:00
6476,2025.824,2026-09-24T08:15:04.248603+00:00
6477,2025.6560000000002,2026-09-24T08:15:04.248947+00:00
6478,2025.557,2026-09-24T08:15:04.249298+00:00
6479,2025.567,2026-09-24T08:15:04.249699+00:00
6480,2025.557,2026-09-24T08:15:04.250074+00:00
6481,2025.509,2026-09-24T08:15:04.250446+00:00
6482,2025.509,2026-09-24T08:15:04.250813+00:00
6483,2025.468,2026-09-24T08:15:04.251161+00:00
6484,2025.566,2026-09-24T08:15:04.251559+00:00
6485,2025.64,2026-09-24T08:15:04.251918+00:00
6486,2025.562,2026-09-24T08:15:04.252265+00:00
6487,2025.595,2026-09-24T08:15:04.252658+00:00
6488,2025.6530000000002,2026-09-24T08:15:04.253028+00:00
6489,2025.639,2026-09-24T08:15:04.253402+00:00
6490,2025.5290000000002,2026-09-24T08:15:04.253797+00:00
6491,2025.518,2026-09-24T08:15:04.254135+00:00
6492,2025.3809999999999,2026-09-24T08:15:04.254515+00:00
6493,2025.402,2026-09-24T08:15:04.254894+00:00
6494,2025.417,2026-09-24T08:15:04.255230+00:00
6495,2025.4840000000002,2026-09-24T08:15:04.255609+00:00
6496,2025.5010000000002,2026-09-24T08:15:04.256078+00:00
6497,2025.524,2026-09-24T08:15:04.256440+00:00
6498,2025.6280000000002,2026-09-24T08:15:04.256832+00:00
6499,2025.617,2026-09-24T08:15:04.257198+00:00
6500,2025.7420000000002,2026-09-24T08:15:04.257624+00:00
6501,2025.7420000000002,2026-09-24T08:15:04.257972+00:00
6502,2025.702,2026-09-24T08:15:04.258320+00:00
6503,2025.726,2026-09-24T08:15:04.258688+00:00
6504,2025.7679999999998,2026-09-24T08:15:04.259064+00:00
6505,2025.7450000000001,2026-09-24T08:15:04.259428+00:00
6506,2025.795,2026-09-24T08:15:04.259909+00:00
6507,2025.8129999999999,2026-09-24T08:15:04.260333+00:00
6508,2025.782,2026-09-24T08:15:04.260723+00:00
6509,2025.7930000000001,2026-09-24T08:15:04.261066+00:00
6510,2025.7459999999999,2026-09-24T08:15:04.261426+00:00
6511,2025.6889999999999,2026-09-24T08:15:04.261803+00:00
6512,2025.6090000000002,2026-09-24T08:15:04.262156+00:00
6513,2025.598,2026-09-24T08:15:04.262508+00:00
6514,2025.6150000000002,2026-09-24T08:15:04.262870+00:00
6515,2025.6009999999999,2026-09-24T08:15:04.263217+00:00
6516,2025.6989999999998,2026-09-24T08:15:04.263602+00:00
6517,2025.755,2026-09-24T08:15:04.263929+00:00
6518,2025.7200000000003,2026-09-24T08:15:04.264275+00:00
6519,2025.612,2026-09-24T08:15:04.264664+00:00
6520,2025.621,2026-09-24T08:15:04.265126+00:00
6521,2025.5800000000002,2026-09-24T08:15:04.265478+00:00
6522,2025.638,2026-09-24T08:15:04.265827+00:00
6523,2025.6940000000002,2026-09-24T08:15:04.266160+00:00
6524,2025.6889999999999,2026-09-24T08:15:04.266516+00:00
6525,2025.7109999999998,2026-09-24T08:15:04.266825+00:00
6526,2025.751,2026-09-24T08:15:04.267144+00:00
6527,2025.807,2026-09-24T08:15:04.267520+00:00
6528,2025.941,2026-09-24T08:15:04.267985+00:00
6529,2026.0720000000001,2026-09-24T08:15:04.268361+00:00
6530,2026.338,2026-09-24T08:15:04.268952+00:00
6531,2026.428,2026-09-24T08:15:04.269332+00:00
6532,2026.5659999999998,2026-09-24T08:15:04.269774+00:00
6533,2026.558,2026-09-24T08:15:04.270122+00:00
6534,2026.5620000000001,2026-09-24T08:15:04.270459+00:00
6535,2026.6609999999998,2026-09-24T08:15:04.270854+00:00
6536,2026.808,2026-09-24T08:15:04.271378+00:00
6537,2026.9629999999997,2026-09-24T08:15:04.271796+00:00
6538,2027.057,2026-09-24T08:15:04.272165+00:00
6539,2027.0459999999998,2026-09-24T08:15:04.272515+00:00
6540,2027.04,2026-09-24T08:15:04.272882+00:00
6541,2026.995,2026-09-24T08:15:04.273205+00:00
6542,2027.028,2026-09-24T08:15:04.273556+00:00
6543,2027.073,2026-09-24T08:15:04.273950+00:00
6544,2027.203,2026-09-24T08:15:04.274372+00:00
6545,2027.3129999999999,2026-09-24T08:15:04.274755+00:00
6546,2027.3400000000001,2026-09-24T08:15:04.275131+00:00
6547,2027.46,2026-09-24T08:15:04.275519+00:00
6548,2027.6309999999999,2026-09-24T08:15:04.275928+00:00
6549,2027.67,2026-09-24T08:15:04.276258+00:00
6550,2027.6830000000002,2026-09-24T08:15:04.276603+00:00
6551,2027.7189999999998,2026-09-24T08:15:04.276977+00:00
6552,2027.7069999999999,2026-09-24T08:15:04.277389+00:00
6553,2027.752,2026-09-24T08:15:04.277779+00:00
6554,2027.864,2026-09-24T08:15:04.278150+00:00
6555,2027.882,2026-09-24T08:15:04.278510+00:00
6556,2027.9060000000002,2026-09-24T08:15:04.278866+00:00
6557,2027.9440000000002,2026-09-24T08:15:04.279196+00:00
6558,2027.9950000000001,2026-09-24T08:15:04.279559+00:00
6559,2028.067,2026-09-24T08:15:04.279973+00:00
6560,2028.06,2026-09-24T08:15:04.280343+00:00
6561,2028.088,2026-09-24T08:15:04.280719+00:00
6562,2028.2010000000002,2026-09-24T08:15:04.281113+00:00
6563,2028.241,2026-09-24T08:15:04.281464+00:00
6564,2028.291,2026-09-24T08:15:04.281840+00:00
6565,2028.3410000000001,2026-09-24T08:15:04.282174+00:00
6566,2028.3760000000002,2026-09-24T08:15:04.282519+00:00
6567,2028.956,2026-09-24T08:15:04.283425+00:00
6568,2029.019,2026-09-24T08:15:04.283834+00:00
6569,2029.0330000000001,2026-09-24T08:15:04.284239+00:00
6570,2029.1209999999999,2026-09-24T08:15:04.284636+00:00
6571,2029.12,2026-09-24T08:15:04.285004+00:00
6572,2029.105,2026-09-24T08:15:04.285363+00:00
6573,2029.143,2026-09-24T08:15:04.285744+00:00
6574,2029.089,2026-09-24T08:15:04.286098+00:00
6575,2029.2979999999998,2026-09-24T08:15:04.286597+00:00
6576,2029.337,2026-09-24T08:15:04.286958+00:00
6577,2029.385,2026-09-24T08:15:04.287318+00:00
6578,2029.4180000000001,2026-09-24T08:15:04.287680+00:00
6579,2029.4530000000002,2026-09-24T08:15:04.288023+00:00
6580,2029.478,2026-09-24T08:15:04.288369+00:00
6581,2029.6180000000002,2026-09-24T08:15:04.288821+00:00
6582,2029.6439999999998,2026-09-24T08:15:04.289169+00:00
6583,2029.729,2026-09-24T08:15:04.289562+00:00
6584,2029.724,2026-09-24T08:15:04.289987+00:00
6585,2029.6609999999998,2026-09-24T08:15:04.290340+00:00
6586,2029.626,2026-09-24T08:15:04.290697+00:00
6587,2029.614,2026-09-24T08:15:04.291015+00:00
6588,2029.598,2026-09-24T08:15:04.291368+00:00
6589,2029.5839999999998,2026-09-24T08:15:04.291766+00:00
6590,2029.4099999999999,2026-09-24T08:15:04.292084+00:00
6591,2029.402,2026-09-24T08:15:04.292440+00:00
6592,2029.439,2026-09-24T08:15:04.292822+00:00
6593,2029.433,2026-09-24T08:15:04.293293+00:00
6594,2029.404,2026-09-24T08:15:04.293668+00:00
6595,2029.2810000000002,2026-09-24T08:15:04.293967+00:00
6596,2029.153,2026-09-24T08:15:04.294296+00:00
6597,2029.0569999999998,2026-09-24T08:15:04.294601+00:00
6598,2028.89,2026-09-24T08:15:04.294895+00:00
6599,2028.737,2026-09-24T08:15:04.295221+00:00
6600,2028.8110000000001,2026-09-24T08:15:04.295631+00:00
6601,2028.824,2026-09-24T08:15:04.295982+00:00
6602,2028.721,2026-09-24T08:15:04.296336+00:00
6603,2028.676,2026-09-24T08:15:04.296666+00:00
6604,2028.585,2026-09-24T08:15:04.297023+00:00
6605,2028.569,2026-09-24T08:15:04.297324+00:00
6606,2028.569,2026-09-24T08:15:04.297645+00:00
6607,2028.5839999999998,2026-09-24T08:15:04.297987+00:00
6608,2028.5859999999998,2026-09-24T08:15:04.298369+00:00
6609,2028.628,2026-09-24T08:15:04.298744+00:00
6610,2028.6339999999998,2026-09-24T08:15:04.299086+00:00
6611,2028.4900000000002,2026-09-24T08:15:04.299384+00:00
6612,2028.4650000000001,2026-09-24T08:15:04.299766+00:00
6613,2028.456,2026-09-24T08:15:04.300077+00:00
6614,2028.4360000000001,2026-09-24T08:15:04.300387+00:00
6615,2028.5190000000002,2026-09-24T08:15:04.300742+00:00
6616,2028.509,2026-09-24T08:15:04.301127+00:00
6617,2028.5160000000003,2026-09-24T08:15:04.301525+00:00
6618,2028.578,2026-09-24T08:15:04.301892+00:00
6619,2028.5479999999998,2026-09-24T08:15:04.302189+00:00
6620,2028.5479999999998,2026-09-24T08:15:04.302545+00:00
6621,2028.54,2026-09-24T08:15:04.302846+00:00
6622,2028.553,2026-09-24T08:15:04.303159+00:00
6623,2028.5160000000003,2026-09-24T08:15:04.303502+00:00
6624,2028.611,2026-09-24T08:15:04.303903+00:00
6625,2028.6119999999999,2026-09-24T08:15:04.304259+00:00
6626,2028.667,2026-09-24T08:15:04.304664+00:00
6627,2028.6970000000001,2026-09-24T08:15:04.304986+00:00
6628,2028.7259999999999,2026-09-24T08:15:04.305338+00:00
6629,2028.7079999999999,2026-09-24T08:15:04.305651+00:00
6630,2028.63,2026-09-24T08:15:04.305971+00:00
6631,2028.4550000000002,2026-09-24T08:15:04.306301+00:00
6632,2028.401,2026-09-24T08:15:04.306684+00:00
6633,2028.3410000000001,2026-09-24T08:15:04.307043+00:00
6634,2028.3289999999997,2026-09-24T08:15:04.307371+00:00
6635,2028.3380000000002,2026-09-24T08:15:04.307680+00:00
6636,2028.3380000000002,2026-09-24T08:15:04.308028+00:00
6637,2028.239,2026-09-24T08:15:04.308324+00:00
6638,2028.1970000000001,2026-09-24T08:15:04.308630+00:00
6639,2028.15,2026-09-24T08:15:04.308981+00:00
6640,2028.2,2026-09-24T08:15:04.309382+00:00
6641,2028.5510000000002,2026-09-24T08:15:04.310070+00:00
6642,2028.7220000000002,2026-09-24T08:15:04.310547+00:00
6643,2028.709,2026-09-24T08:15:04.310924+00:00
6644,2028.822,2026-09-24T08:15:04.311385+00:00
6645,2028.8940000000002,2026-09-24T08:15:04.311782+00:00
6646,2028.969,2026-09-24T08:15:04.312132+00:00
6647,2029.068,2026-09-24T08:15:04.312518+00:00
6648,2029.2669999999998,2026-09-24T08:15:04.313048+00:00
6649,2029.3999999999999,2026-09-24T08:15:04.313509+00:00
6650,2029.3860000000002,2026-09-24T08:15:04.313933+00:00
6651,2029.4370000000001,2026-09-24T08:15:04.314298+00:00
6652,2029.62,2026-09-24T08:15:04.314769+00:00
6653,1996.699,2026-09-24T08:15:04.315137+00:00
6654,1996.183,2026-09-24T08:15:04.315528+00:00
6655,1995.9119999999998,2026-09-24T08:15:04.315921+00:00
6656,1995.866,2026-09-24T08:15:04.316334+00:00
6657,1995.874,2026-09-24T08:15:04.316812+00:00
6658,1995.891,2026-09-24T08:15:04.317200+00:00
6659,1995.9260000000002,2026-09-24T08:15:04.317576+00:00
6660,1996.02,2026-09-24T08:15:04.318035+00:00
6661,1996.0240000000001,2026-09-24T08:15:04.318389+00:00
6662,1996.0420000000001,2026-09-24T08:15:04.318773+00:00
6663,1996.054,2026-09-24T08:15:04.319146+00:00
6664,1995.988,2026-09-24T08:15:04.319514+00:00
6665,1996.083,2026-09-24T08:15:04.319965+00:00
6666,1996.165,2026-09-24T08:15:04.320347+00:00
6667,1996.22,2026-09-24T08:15:04.320788+00:00
6668,1996.458,2026-09-24T08:15:04.321333+00:00
6669,1996.6209999999999,2026-09-24T08:15:04.321772+00:00
6670,1996.735,2026-09-24T08:15:04.322164+00:00
6671,1997.172,2026-09-24T08:15:04.322919+00:00
6672,1997.245,2026-09-24T08:15:04.323319+00:00
6673,1997.3110000000001,2026-09-24T08:15:04.323773+00:00
6674,1997.1509999999998,2026-09-24T08:15:04.324155+00:00
6675,1996.9660000000001,2026-09-24T08:15:04.324532+00:00
6676,1996.7749999999999,2026-09-24T08:15:04.324949+00:00
6677,1996.606,2026-09-24T08:15:04.325346+00:00
6678,1996.451,2026-09-24T08:15:04.325733+00:00
6679,1996.382,2026-09-24T08:15:04.326182+00:00
6680,1996.392,2026-09-24T08:15:04.326562+00:00
6681,1996.3880000000001,2026-09-24T08:15:04.326970+00:00
6682,1996.456,2026-09-24T08:15:04.327332+00:00
6683,1996.439,2026-09-24T08:15:04.327696+00:00
6684,1996.315,2026-09-24T08:15:04.328096+00:00
6685,1996.322,2026-09-24T08:15:04.328448+00:00
6686,1996.3500000000001,2026-09-24T08:15:04.328807+00:00
6687,1996.298,2026-09-24T08:15:04.329188+00:00
6688,1996.568,2026-09-24T08:15:04.329762+00:00
6689,1996.718,2026-09-24T08:15:04.330243+00:00
6690,1996.6299999999999,2026-09-24T08:15:04.330643+00:00
6691,1996.616,2026-09-24T08:15:04.331019+00:00
6692,1996.65,2026-09-24T08:15:04.331427+00:00
6693,1996.555,2026-09-24T08:15:04.331816+00:00
6694,1996.4299999999998,2026-09-24T08:15:04.332184+00:00
6695,1996.349,2026-09-24T08:15:04.332601+00:00
6696,1996.184,2026-09-24T08:15:04.332990+00:00
6697,1996.2269999999999,2026-09-24T08:15:04.333425+00:00
6698,1996.142,2026-09-24T08:15:04.333805+00:00
6699,1996.197,2026-09-24T08:15:04.334260+00:00
6700,1996.3029999999999,2026-09-24T08:15:04.334701+00:00
6701,1996.29,2026-09-24T08:15:04.335070+00:00
6702,1996.3280000000002,2026-09-24T08:15:04.335447+00:00
6703,1996.321,2026-09-24T08:15:04.335846+00:00
6704,1996.316,2026-09-24T08:15:04.336193+00:00
6705,1996.429,2026-09-24T08:15:04.336638+00:00
6706,1996.3770000000002,2026-09-24T08:15:04.337002+00:00
6707,1996.403,2026-09-24T08:15:04.337368+00:00
6708,1996.4180000000001,2026-09-24T08:15:04.337737+00:00
6709,1996.4109999999998,2026-09-24T08:15:04.338095+00:00
6710,1996.363,2026-09-24T08:15:04.338475+00:00
6711,1996.384,2026-09-24T08:15:04.338855+00:00
6712,1996.332,2026-09-24T08:15:04.339188+00:00
6713,1996.375,2026-09-24T08:15:04.339535+00:00
6714,1996.378,2026-09-24T08:15:04.339874+00:00
6715,1996.41,2026-09-24T08:15:04.340220+00:00
6716,1996.4630000000002,2026-09-24T08:15:04.340577+00:00
6717,1996.518,2026-09-24T08:15:04.340937+00:00
6718,1996.5049999999999,2026-09-24T08:15:04.341266+00:00
6719,1996.589,2026-09-24T08:15:04.341653+00:00
6720,1996.6170000000002,2026-09-24T08:15:04.342000+00:00
6721,1996.6109999999999,2026-09-24T08:15:04.342353+00:00
6722,1996.694,2026-09-24T08:15:04.342748+00:00
6723,1996.791,2026-09-24T08:15:04.343103+00:00
6724,1996.837,2026-09-24T08:15:04.343452+00:00
6725,1996.852,2026-09-24T08:15:04.343809+00:00
6726,1997.233,2026-09-24T08:15:04.344484+00:00
6727,1997.265,2026-09-24T08:15:04.344873+00:00
6728,1997.29,2026-09-24T08:15:04.345237+00:00
6729,1997.587,2026-09-24T08:15:04.345825+00:00
6730,1997.944,2026-09-24T08:15:04.346498+00:00
6731,1998.041,2026-09-24T08:15:04.346907+00:00
6732,1998.01,2026-09-24T08:15:04.347278+00:00
6733,1997.938,2026-09-24T08:15:04.347664+00:00
6734,1997.941,2026-09-24T08:15:04.348055+00:00
6735,1997.873,2026-09-24T08:15:04.348434+00:00
6736,1997.891,2026-09-24T08:15:04.348789+00:00
6737,1997.875,2026-09-24T08:15:04.349201+00:00
6738,1998.0130000000001,2026-09-24T08:15:04.349643+00:00
6739,1998.094,2026-09-24T08:15:04.350016+00:00
6740,1998.079,2026-09-24T08:15:04.350370+00:00
6741,1998.153,2026-09-24T08:15:04.350751+00:00
6742,1998.248,2026-09-24T08:15:04.351124+00:00
6743,1998.219,2026-09-24T08:15:04.351497+00:00
6744,1998.0659999999998,2026-09-24T08:15:04.351864+00:00
6745,1998.045,2026-09-24T08:15:04.352230+00:00
6746,1998.015,2026-09-24T08:15:04.352710+00:00
6747,1998.0230000000001,2026-09-24T08:15:04.353095+00:00
6748,1997.9830000000002,2026-09-24T08:15:04.353471+00:00
6749,1998.003,2026-09-24T08:15:04.353852+00:00
6750,1998.033,2026-09-24T08:15:04.354243+00:00
6751,1998.0629999999999,2026-09-24T08:15:04.354645+00:00
6752,1998.112,2026-09-24T08:15:04.355143+00:00
6753,1998.155,2026-09-24T08:15:04.355541+00:00
6754,1998.213,2026-09-24T08:15:04.355922+00:00
6755,1998.216,2026-09-24T08:15:04.356237+00:00
6756,1998.278,2026-09-24T08:15:04.356599+00:00
6757,1998.259,2026-09-24T08:15:04.356935+00:00
6758,1998.3990000000001,2026-09-24T08:15:04.357427+00:00
6759,1998.496,2026-09-24T08:15:04.357805+00:00
6760,1998.392,2026-09-24T08:15:04.358160+00:00
6761,1998.448,2026-09-24T08:15:04.358551+00:00
6762,1998.3809999999999,2026-09-24T08:15:04.358879+00:00
6763,1998.405,2026-09-24T08:15:04.359187+00:00
6764,1998.4379999999999,2026-09-24T08:15:04.359525+00:00
6765,1998.3020000000001,2026-09-24T08:15:04.359846+00:00
6766,1998.42,2026-09-24T08:15:04.360361+00:00
6767,1998.48,2026-09-24T08:15:04.360781+00:00
6768,1998.5710000000001,2026-09-24T08:15:04.361197+00:00
6769,1998.683,2026-09-24T08:15:04.361616+00:00
6770,1998.809,2026-09-24T08:15:04.362070+00:00
6771,1998.872,2026-09-24T08:15:04.362489+00:00
6772,1998.928,2026-09-24T08:15:04.362892+00:00
6773,1998.803,2026-09-24T08:15:04.363246+00:00
6774,1998.977,2026-09-24T08:15:04.363770+00:00
6775,1998.937,2026-09-24T08:15:04.364141+00:00
6776,1998.968,2026-09-24T08:15:04.364515+00:00
6777,1998.925,2026-09-24T08:15:04.364931+00:00
6778,1998.918,2026-09-24T08:15:04.365284+00:00
6779,1998.937,2026-09-24T08:15:04.365646+00:00
6780,1998.98,2026-09-24T08:15:04.366011+00:00
6781,1998.9479999999999,2026-09-24T08:15:04.366375+00:00
6782,1998.818,2026-09-24T08:15:04.366763+00:00
6783,1998.863,2026-09-24T08:15:04.367125+00:00
6784,1998.939,2026-09-24T08:15:04.367478+00:00
6785,1998.974,2026-09-24T08:15:04.367861+00:00
6786,1999.0079999999998,2026-09-24T08:15:04.368203+00:00
6787,1999.098,2026-09-24T08:15:04.368609+00:00
6788,1999.198,2026-09-24T08:15:04.369001+00:00
6789,1999.183,2026-09-24T08:15:04.369361+00:00
6790,1999.233,2026-09-24T08:15:04.369877+00:00
6791,1999.24,2026-09-24T08:15:04.370245+00:00
6792,1999.318,2026-09-24T08:15:04.370649+00:00
6793,1999.333,2026-09-24T08:15:04.371004+00:00
6794,1999.326,2026-09-24T08:15:04.371335+00:00
6795,1999.314,2026-09-24T08:15:04.371673+00:00
6796,1999.466,2026-09-24T08:15:04.372168+00:00
6797,1999.573,2026-09-24T08:15:04.372573+00:00
6798,1999.71,2026-09-24T08:15:04.373100+00:00
6799,1999.743,2026-09-24T08:15:04.373494+00:00
6800,1999.771,2026-09-24T08:15:04.373873+00:00
6801,1999.8780000000002,2026-09-24T08:15:04.374274+00:00
6802,2000.032,2026-09-24T08:15:04.374776+00:00
6803,2000.045,2026-09-24T08:15:04.375149+00:00
6804,1999.989,2026-09-24T08:15:04.375517+00:00
6805,1999.968,2026-09-24T08:15:04.375885+00:00
6806,2000.1190000000001,2026-09-24T08:15:04.376362+00:00
6807,2000.15,2026-09-24T08:15:04.376736+00:00
6808,2000.0819999999999,2026-09-24T08:15:04.377083+00:00
6809,2000.112,2026-09-24T08:15:04.377447+00:00
6810,2000.1899999999998,2026-09-24T08:15:04.377840+00:00
6811,2000.2309999999998,2026-09-24T08:15:04.378205+00:00
6812,2000.2520000000002,2026-09-24T08:15:04.378573+00:00
6813,2000.327,2026-09-24T08:15:04.378933+00:00
6814,2000.611,2026-09-24T08:15:04.379528+00:00
6815,2000.6580000000001,2026-09-24T08:15:04.379929+00:00
6816,2000.667,2026-09-24T08:15:04.380305+00:00
6817,2000.664,2026-09-24T08:15:04.380727+00:00
6818,2000.6689999999999,2026-09-24T08:15:04.381100+00:00
6819,2000.6390000000001,2026-09-24T08:15:04.381461+00:00
6820,2000.6750000000002,2026-09-24T08:15:04.381818+00:00
6821,2000.671,2026-09-24T08:15:04.382160+00:00
6822,2000.7450000000001,2026-09-24T08:15:04.382620+00:00
6823,2000.7410000000002,2026-09-24T08:15:04.382989+00:00
6824,1964.2569999999998,2026-09-24T08:15:04.383369+00:00
6825,1963.375,2026-09-24T08:15:04.383870+00:00
6826,1963.039,2026-09-24T08:15:04.384353+00:00
6827,1962.938,2026-09-24T08:15:04.384807+00:00
6828,1962.949,2026-09-24T08:15:04.385182+00:00
6829,1962.894,2026-09-24T08:15:04.385560+00:00
6830,1962.815,2026-09-24T08:15:04.385919+00:00
6831,1962.752,2026-09-24T08:15:04.386335+00:00
6832,1962.913,2026-09-24T08:15:04.386931+00:00
6833,1963.3229999999999,2026-09-24T08:15:04.387671+00:00
6834,1963.357,2026-09-24T08:15:04.388082+00:00
6835,1963.5810000000001,2026-09-24T08:15:04.388597+00:00
6836,1963.678,2026-09-24T08:15:04.388988+00:00
6837,1964.041,2026-09-24T08:15:04.389706+00:00
6838,1964.112,2026-09-24T08:15:04.390060+00:00
6839,1964.049,2026-09-24T08:15:04.390433+00:00
6840,1964.173,2026-09-24T08:15:04.390962+00:00
6841,1964.294,2026-09-24T08:15:04.391429+00:00
6842,1964.3690000000001,2026-09-24T08:15:04.391797+00:00
6843,1964.393,2026-09-24T08:15:04.392222+00:00
6844,1964.4969999999998,2026-09-24T08:15:04.392603+00:00
6845,1964.524,2026-09-24T08:15:04.393008+00:00
6846,1964.539,2026-09-24T08:15:04.393340+00:00
6847,1964.512,2026-09-24T08:15:04.393686+00:00
6848,1964.525,2026-09-24T08:15:04.394014+00:00
6849,1964.481,2026-09-24T08:15:04.394431+00:00
6850,1964.54,2026-09-24T08:15:04.394794+00:00
6851,1964.528,2026-09-24T08:15:04.395132+00:00
6852,1964.5900000000001,2026-09-24T08:15:04.395515+00:00
6853,1964.711,2026-09-24T08:15:04.395986+00:00
6854,1964.715,2026-09-24T08:15:04.396317+00:00
6855,1964.759,2026-09-24T08:15:04.396683+00:00
6856,1964.779,2026-09-24T08:15:04.397015+00:00
6857,1964.783,2026-09-24T08:15:04.397364+00:00
6858,1964.825,2026-09-24T08:15:04.397723+00:00
6859,1964.873,2026-09-24T08:15:04.398086+00:00
6860,1964.85,2026-09-24T08:15:04.398439+00:00
6861,1964.871,2026-09-24T08:15:04.398908+00:00
6862,1964.859,2026-09-24T08:15:04.399263+00:00
6863,1964.897,2026-09-24T08:15:04.399675+00:00
6864,1964.966,2026-09-24T08:15:04.400063+00:00
6865,1965.085,2026-09-24T08:15:04.400459+00:00
6866,1965.13,2026-09-24T08:15:04.400843+00:00
6867,1965.274,2026-09-24T08:15:04.401292+00:00
6868,1965.379,2026-09-24T08:15:04.401689+00:00
6869,1965.362,2026-09-24T08:15:04.402152+00:00
6870,1965.391,2026-09-24T08:15:04.402524+00:00
6871,1965.425,2026-09-24T08:15:04.402881+00:00
6872,1965.465,2026-09-24T08:15:04.403216+00:00
6873,1965.421,2026-09-24T08:15:04.403565+00:00
6874,1965.4,2026-09-24T08:15:04.403926+00:00
6875,1965.459,2026-09-24T08:15:04.404257+00:00
6876,1965.482,2026-09-24T08:15:04.404633+00:00
6877,1965.5629999999999,2026-09-24T08:15:04.405089+00:00
6878,1965.597,2026-09-24T08:15:04.405438+00:00
6879,1965.602,2026-09-24T08:15:04.405839+00:00
6880,1965.724,2026-09-24T08:15:04.406307+00:00
6881,1966.2569999999998,2026-09-24T08:15:04.407166+00:00
6882,1966.456,2026-09-24T08:15:04.407685+00:00
6883,1966.73,2026-09-24T08:15:04.408316+00:00
6884,1966.8239999999998,2026-09-24T08:15:04.408821+00:00
6885,1967.021,2026-09-24T08:15:04.409335+00:00
6886,1966.9769999999999,2026-09-24T08:15:04.409708+00:00
6887,1967.124,2026-09-24T08:15:04.410199+00:00
6888,1967.139,2026-09-24T08:15:04.410562+00:00
6889,1967.134,2026-09-24T08:15:04.410988+00:00
6890,1966.9160000000002,2026-09-24T08:15:04.411367+00:00
6891,1967.0330000000001,2026-09-24T08:15:04.411769+00:00
6892,1967.114,2026-09-24T08:15:04.412115+00:00
6893,1967.2160000000001,2026-09-24T08:15:04.412489+00:00
6894,1967.221,2026-09-24T08:15:04.412839+00:00
6895,1967.264,2026-09-24T08:15:04.413203+00:00
6896,1967.298,2026-09-24T08:15:04.413547+00:00
6897,1967.307,2026-09-24T08:15:04.413925+00:00
6898,1967.376,2026-09-24T08:15:04.414277+00:00
6899,1967.402,2026-09-24T08:15:04.414640+00:00
6900,1967.33,2026-09-24T08:15:04.415021+00:00
6901,1967.459,2026-09-24T08:15:04.415451+00:00
6902,1967.603,2026-09-24T08:15:04.415891+00:00
6903,1967.634,2026-09-24T08:15:04.416299+00:00
6904,1967.674,2026-09-24T08:15:04.416760+00:00
6905,1967.828,2026-09-24T08:15:04.417230+00:00
6906,1967.9180000000001,2026-09-24T08:15:04.417696+00:00
6907,1968.344,2026-09-24T08:15:04.418451+00:00
6908,1968.3990000000001,2026-09-24T08:15:04.418872+00:00
6909,1968.385,2026-09-24T08:15:04.419317+00:00
6910,1968.25,2026-09-24T08:15:04.419686+00:00
6911,1968.194,2026-09-24T08:15:04.420077+00:00
6912,1968.207,2026-09-24T08:15:04.420440+00:00
6913,1968.2569999999998,2026-09-24T08:15:04.420850+00:00
6914,1968.355,2026-09-24T08:15:04.421242+00:00
6915,1968.537,2026-09-24T08:15:04.421721+00:00
6916,1968.717,2026-09-24T08:15:04.422223+00:00
6917,1968.78,2026-09-24T08:15:04.422668+00:00
6918,1968.804,2026-09-24T08:15:04.423033+00:00
6919,1968.73,2026-09-24T08:15:04.423427+00:00
6920,1968.801,2026-09-24T08:15:04.423794+00:00
6921,1968.9270000000001,2026-09-24T08:15:04.424189+00:00
6922,1969.02,2026-09-24T08:15:04.424617+00:00
6923,1969.206,2026-09-24T08:15:04.425073+00:00
6924,1969.333,2026-09-24T08:15:04.425547+00:00
6925,1969.484,2026-09-24T08:15:04.426013+00:00
6926,1969.596,2026-09-24T08:15:04.426421+00:00
6927,1969.711,2026-09-24T08:15:04.426863+00:00
6928,1969.722,2026-09-24T08:15:04.427200+00:00
6929,1969.9009999999998,2026-09-24T08:15:04.427651+00:00
6930,1970.041,2026-09-24T08:15:04.428091+00:00
6931,1970.194,2026-09-24T08:15:04.428558+00:00
6932,1970.2569999999998,2026-09-24T08:15:04.428931+00:00
6933,1970.3980000000001,2026-09-24T08:15:04.429371+00:00
6934,1970.4660000000001,2026-09-24T08:15:04.429755+00:00
6935,1970.564,2026-09-24T08:15:04.430130+00:00
6936,1970.7079999999999,2026-09-24T08:15:04.430557+00:00
6937,1970.8909999999998,2026-09-24T08:15:04.431077+00:00
6938,1970.944,2026-09-24T08:15:04.431467+00:00
6939,1970.9209999999998,2026-09-24T08:15:04.431860+00:00
6940,1971.0220000000002,2026-09-24T08:15:04.432242+00:00
6941,1971.137,2026-09-24T08:15:04.432665+00:00
6942,1971.139,2026-09-24T08:15:04.433031+00:00
6943,1971.179,2026-09-24T08:15:04.433381+00:00
6944,1971.231,2026-09-24T08:15:04.433756+00:00
6945,1971.319,2026-09-24T08:15:04.434159+00:00
6946,1971.5439999999999,2026-09-24T08:15:04.434607+00:00
6947,1971.681,2026-09-24T08:15:04.434994+00:00
6948,1971.711,2026-09-24T08:15:04.435391+00:00
6949,1971.892,2026-09-24T08:15:04.435875+00:00
6950,1971.9279999999999,2026-09-24T08:15:04.436277+00:00
6951,1972.068,2026-09-24T08:15:04.436670+00:00
6952,1972.132,2026-09-24T08:15:04.437028+00:00
6953,1972.2269999999999,2026-09-24T08:15:04.437371+00:00
6954,1972.216,2026-09-24T08:15:04.437761+00:00
6955,1972.186,2026-09-24T08:15:04.438158+00:00
6956,1972.368,2026-09-24T08:15:04.438716+00:00
6957,1972.4470000000001,2026-09-24T08:15:04.439117+00:00
6958,1972.6319999999998,2026-09-24T08:15:04.439642+00:00
6959,1972.9350000000002,2026-09-24T08:15:04.440277+00:00
6960,1973.11,2026-09-24T08:15:04.440836+00:00
6961,1973.467,2026-09-24T08:15:04.441486+00:00
6962,1973.6970000000001,2026-09-24T08:15:04.441987+00:00
6963,1974.121,2026-09-24T08:15:04.442714+00:00
6964,1974.175,2026-09-24T08:15:04.443131+00:00
6965,1974.385,2026-09-24T08:15:04.443632+00:00
6966,1974.345,2026-09-24T08:15:04.444004+00:00
6967,1974.591,2026-09-24T08:15:04.444562+00:00
6968,1974.6809999999998,2026-09-24T08:15:04.444916+00:00
6969,1974.73,2026-09-24T08:15:04.445297+00:00
6970,1974.747,2026-09-24T08:15:04.445684+00:00
6971,1974.802,2026-09-24T08:15:04.446029+00:00
6972,1974.757,2026-09-24T08:15:04.446379+00:00
6973,1974.956,2026-09-24T08:15:04.446868+00:00
6974,1975.1879999999999,2026-09-24T08:15:04.447352+00:00
6975,1975.435,2026-09-24T08:15:04.447927+00:00
6976,1975.509,2026-09-24T08:15:04.448273+00:00
6977,1975.5819999999999,2026-09-24T08:15:04.448651+00:00
6978,1975.63,2026-09-24T08:15:04.448997+00:00
6979,1975.688,2026-09-24T08:15:04.449340+00:00
6980,1975.906,2026-09-24T08:15:04.449812+00:00
6981,1976.1109999999999,2026-09-24T08:15:04.450321+00:00
6982,1976.283,2026-09-24T08:15:04.450809+00:00
6983,1976.403,2026-09-24T08:15:04.451306+00:00
6984,1976.511,2026-09-24T08:15:04.451687+00:00
6985,1976.738,2026-09-24T08:15:04.452191+00:00
6986,1977.417,2026-09-24T08:15:04.453149+00:00
6987,1977.763,2026-09-24T08:15:04.453784+00:00
6988,1977.8700000000001,2026-09-24T08:15:04.454259+00:00
6989,1977.9379999999999,2026-09-24T08:15:04.454694+00:00
6990,1978.127,2026-09-24T08:15:04.455210+00:00
6991,1978.452,2026-09-24T08:15:04.455800+00:00
6992,1978.61,2026-09-24T08:15:04.456247+00:00
6993,1978.605,2026-09-24T08:15:04.456780+00:00
6994,1978.679,2026-09-24T08:15:04.457235+00:00
6995,1978.8429999999998,2026-09-24T08:15:04.457756+00:00
6996,1978.92,2026-09-24T08:15:04.458155+00:00
6997,1979.02,2026-09-24T08:15:04.458598+00:00
6998,1978.9540000000002,2026-09-24T08:15:04.458977+00:00
6999,1978.919,2026-09-24T08:15:04.459385+00:00
7000,1979.158,2026-09-24T08:15:04.459966+00:00
7001,1979.335,2026-09-24T08:15:04.460463+00:00
7002,1979.671,2026-09-24T08:15:04.461054+00:00
7003,1980.052,2026-09-24T08:15:04.461802+00:00
7004,1980.4930000000002,2026-09-24T08:15:04.462502+00:00
7005,1980.787,2026-09-24T08:15:04.463080+00:00
7006,1943.554,2026-09-24T08:15:04.463740+00:00
7007,1942.933,2026-09-24T08:15:04.464288+00:00
7008,1943.039,2026-09-24T08:15:04.465165+00:00
7009,1943.174,2026-09-24T08:15:04.465983+00:00
7010,1943.395,2026-09-24T08:15:04.466623+00:00
7011,1943.678,2026-09-24T08:15:04.467245+00:00
7012,1943.76,2026-09-24T08:15:04.467696+00:00
7013,1944.1409999999998,2026-09-24T08:15:04.468379+00:00
7014,1944.557,2026-09-24T08:15:04.469275+00:00
7015,1944.645,2026-09-24T08:15:04.469887+00:00
7016,1944.606,2026-09-24T08:15:04.470385+00:00
7017,1944.835,2026-09-24T08:15:04.470949+00:00
7018,1945.151,2026-09-24T08:15:04.471724+00:00
7019,1945.17,2026-09-24T08:15:04.472134+00:00
7020,1945.267,2026-09-24T08:15:04.472560+00:00
7021,1945.3290000000002,2026-09-24T08:15:04.472920+00:00
7022,1945.425,2026-09-24T08:15:04.473309+00:00
7023,1945.488,2026-09-24T08:15:04.473697+00:00
7024,1945.48,2026-09-24T08:15:04.474075+00:00
7025,1945.6409999999998,2026-09-24T08:15:04.474536+00:00
7026,1945.883,2026-09-24T08:15:04.475214+00:00
7027,1945.8690000000001,2026-09-24T08:15:04.475596+00:00
7028,1945.911,2026-09-24T08:15:04.475981+00:00
7029,1945.77,2026-09-24T08:15:04.476316+00:00
7030,1945.91,2026-09-24T08:15:04.476814+00:00
7031,1946.248,2026-09-24T08:15:04.477458+00:00
7032,1946.363,2026-09-24T08:15:04.477901+00:00
7033,1946.5030000000002,2026-09-24T08:15:04.478317+00:00
7034,1946.642,2026-09-24T08:15:04.478796+00:00
7035,1946.715,2026-09-24T08:15:04.479172+00:00
7036,1946.771,2026-09-24T08:15:04.479662+00:00
7037,1946.866,2026-09-24T08:15:04.480112+00:00
7038,1946.814,2026-09-24T08:15:04.480528+00:00
7039,1946.858,2026-09-24T08:15:04.480959+00:00
7040,1946.96,2026-09-24T08:15:04.481382+00:00
7041,1947.13,2026-09-24T08:15:04.481876+00:00
7042,1947.208,2026-09-24T08:15:04.482261+00:00
7043,1947.2469999999998,2026-09-24T08:15:04.482632+00:00
7044,1947.124,2026-09-24T08:15:04.482981+00:00
7045,1947.042,2026-09-24T08:15:04.483319+00:00
7046,1947.095,2026-09-24T08:15:04.483682+00:00
7047,1947.12,2026-09-24T08:15:04.484040+00:00
7048,1946.993,2026-09-24T08:15:04.484373+00:00
7049,1946.862,2026-09-24T08:15:04.484771+00:00
7050,1947.049,2026-09-24T08:15:04.485353+00:00
7051,1947.118,2026-09-24T08:15:04.485755+00:00
7052,1948.019,2026-09-24T08:15:04.486989+00:00
7053,1948.4479999999999,2026-09-24T08:15:04.487749+00:00
7054,1948.592,2026-09-24T08:15:04.488217+00:00
7055,1948.989,2026-09-24T08:15:04.488952+00:00
7056,1949.24,2026-09-24T08:15:04.489572+00:00
7057,1949.455,2026-09-24T08:15:04.490143+00:00
7058,1949.635,2026-09-24T08:15:04.490667+00:00
7059,1949.535,2026-09-24T08:15:04.491082+00:00
7060,1949.911,2026-09-24T08:15:04.491732+00:00
7061,1949.911,2026-09-24T08:15:04.492114+00:00
7062,1950.097,2026-09-24T08:15:04.492677+00:00
7063,1950.363,2026-09-24T08:15:04.493239+00:00
7064,1950.3539999999998,2026-09-24T08:15:04.493665+00:00
7065,1950.325,2026-09-24T08:15:04.494094+00:00
7066,1950.4589999999998,2026-09-24T08:15:04.494515+00:00
7067,1950.5349999999999,2026-09-24T08:15:04.494887+00:00
7068,1950.5529999999999,2026-09-24T08:15:04.495288+00:00
7069,1950.6779999999999,2026-09-24T08:15:04.495821+00:00
7070,1951.133,2026-09-24T08:15:04.496629+00:00
7071,1951.393,2026-09-24T08:15:04.497248+00:00
7072,1951.508,2026-09-24T08:15:04.497705+00:00
7073,1951.621,2026-09-24T08:15:04.498172+00:00
7074,1951.776,2026-09-24T08:15:04.498677+00:00
7075,1951.885,2026-09-24T08:15:04.499148+00:00
7076,1951.961,2026-09-24T08:15:04.499600+00:00
7077,1952.0349999999999,2026-09-24T08:15:04.500000+00:00
7078,1952.028,2026-09-24T08:15:04.500350+00:00
7079,1952.08,2026-09-24T08:15:04.500771+00:00
7080,1952.224,2026-09-24T08:15:04.501234+00:00
7081,1952.37,2026-09-24T08:15:04.501689+00:00
7082,1952.45,2026-09-24T08:15:04.502103+00:00
7083,1952.38,2026-09-24T08:15:04.502467+00:00
7084,1952.464,2026-09-24T08:15:04.502866+00:00
7085,1952.499,2026-09-24T08:15:04.503253+00:00
7086,1952.4850000000001,2026-09-24T08:15:04.503595+00:00
7087,1952.867,2026-09-24T08:15:04.504260+00:00
7088,1953.012,2026-09-24T08:15:04.504790+00:00
7089,1953.144,2026-09-24T08:15:04.505198+00:00
7090,1953.26,2026-09-24T08:15:04.505632+00:00
7091,1953.24,2026-09-24T08:15:04.505967+00:00
7092,1953.242,2026-09-24T08:15:04.506341+00:00
7093,1953.3529999999998,2026-09-24T08:15:04.506847+00:00
7094,1953.6409999999998,2026-09-24T08:15:04.507482+00:00
7095,1953.805,2026-09-24T08:15:04.507940+00:00
7096,1953.8029999999999,2026-09-24T08:15:04.508356+00:00
7097,1953.853,2026-09-24T08:15:04.508798+00:00
7098,1953.9979999999998,2026-09-24T08:15:04.509276+00:00
7099,1953.965,2026-09-24T08:15:04.509650+00:00
7100,1953.86,2026-09-24T08:15:04.510020+00:00
7101,1953.786,2026-09-24T08:15:04.510391+00:00
7102,1953.738,2026-09-24T08:15:04.510804+00:00
7103,1953.7169999999999,2026-09-24T08:15:04.511170+00:00
7104,1953.6,2026-09-24T08:15:04.511536+00:00
7105,1953.6709999999998,2026-09-24T08:15:04.511915+00:00
7106,1953.596,2026-09-24T08:15:04.512297+00:00
7107,1953.545,2026-09-24T08:15:04.512638+00:00
7108,1953.383,2026-09-24T08:15:04.512983+00:00
7109,1953.346,2026-09-24T08:15:04.513336+00:00
7110,1953.313,2026-09-24T08:15:04.513713+00:00
7111,1953.286,2026-09-24T08:15:04.514071+00:00
7112,1953.299,2026-09-24T08:15:04.514403+00:00
7113,1953.1799999999998,2026-09-24T08:15:04.514802+00:00
7114,1953.1190000000001,2026-09-24T08:15:04.515183+00:00
7115,1953.117,2026-09-24T08:15:04.515521+00:00
7116,1953.0330000000001,2026-09-24T08:15:04.515862+00:00
7117,1953.006,2026-09-24T08:15:04.516239+00:00
7118,1953.067,2026-09-24T08:15:04.516586+00:00
7119,1953.079,2026-09-24T08:15:04.516943+00:00
7120,1953.105,2026-09-24T08:15:04.517283+00:00
7121,1953.1970000000001,2026-09-24T08:15:04.517691+00:00
7122,1953.24,2026-09-24T08:15:04.518077+00:00
7123,1953.222,2026-09-24T08:15:04.518426+00:00
7124,1953.288,2026-09-24T08:15:04.518815+00:00
7125,1953.375,2026-09-24T08:15:04.519354+00:00
7126,1953.479,2026-09-24T08:15:04.519794+00:00
7127,1953.6770000000001,2026-09-24T08:15:04.520350+00:00
7128,1953.658,2026-09-24T08:15:04.520720+00:00
7129,1953.7359999999999,2026-09-24T08:15:04.521175+00:00
7130,1953.756,2026-09-24T08:15:04.521635+00:00
7131,1953.6789999999999,2026-09-24T08:15:04.521995+00:00
7132,1953.666,2026-09-24T08:15:04.522377+00:00
7133,1953.801,2026-09-24T08:15:04.522812+00:00
7134,1953.835,2026-09-24T08:15:04.523171+00:00
7135,1953.8390000000002,2026-09-24T08:15:04.523560+00:00
7136,1953.8210000000001,2026-09-24T08:15:04.523906+00:00
7137,1953.716,2026-09-24T08:15:04.524340+00:00
7138,1953.903,2026-09-24T08:15:04.524873+00:00
7139,1954.2379999999998,2026-09-24T08:15:04.525488+00:00
7140,1954.449,2026-09-24T08:15:04.526029+00:00
7141,1954.482,2026-09-24T08:15:04.526478+00:00
7142,1954.664,2026-09-24T08:15:04.526923+00:00
7143,1954.909,2026-09-24T08:15:04.527477+00:00
7144,1954.918,2026-09-24T08:15:04.527856+00:00
7145,1954.963,2026-09-24T08:15:04.528236+00:00
7146,1954.9950000000001,2026-09-24T08:15:04.528660+00:00
7147,1955.098,2026-09-24T08:15:04.529031+00:00
7148,1955.084,2026-09-24T08:15:04.529392+00:00
7149,1955.0069999999998,2026-09-24T08:15:04.529790+00:00
7150,1954.8239999999998,2026-09-24T08:15:04.530164+00:00
7151,1954.855,2026-09-24T08:15:04.530596+00:00
7152,1954.871,2026-09-24T08:15:04.530999+00:00
7153,1954.867,2026-09-24T08:15:04.531374+00:00
7154,1954.887,2026-09-24T08:15:04.531785+00:00
7155,1954.866,2026-09-24T08:15:04.532132+00:00
7156,1954.843,2026-09-24T08:15:04.532499+00:00
7157,1954.82,2026-09-24T08:15:04.532874+00:00
7158,1954.75,2026-09-24T08:15:04.533232+00:00
7159,1954.839,2026-09-24T08:15:04.533664+00:00
7160,1954.887,2026-09-24T08:15:04.534037+00:00
7161,1954.9319999999998,2026-09-24T08:15:04.534440+00:00
7162,1955.0320000000002,2026-09-24T08:15:04.534837+00:00
7163,1954.985,2026-09-24T08:15:04.535175+00:00
7164,1954.976,2026-09-24T08:15:04.535542+00:00
7165,1955.044,2026-09-24T08:15:04.535917+00:00
7166,1955.087,2026-09-24T08:15:04.536264+00:00
7167,1955.115,2026-09-24T08:15:04.536662+00:00
7168,1955.185,2026-09-24T08:15:04.537065+00:00
7169,1955.192,2026-09-24T08:15:04.537445+00:00
7170,1955.265,2026-09-24T08:15:04.537865+00:00
7171,1955.177,2026-09-24T08:15:04.538194+00:00
7172,1955.157,2026-09-24T08:15:04.538687+00:00
7173,1955.069,2026-09-24T08:15:04.539076+00:00
7174,1955.088,2026-09-24T08:15:04.539476+00:00
7175,1955.105,2026-09-24T08:15:04.539882+00:00
7176,1955.252,2026-09-24T08:15:04.540364+00:00
7177,1955.3229999999999,2026-09-24T08:15:04.540764+00:00
7178,1955.3670000000002,2026-09-24T08:15:04.541151+00:00
7179,1921.995,2026-09-24T08:15:04.541536+00:00
7180,1921.289,2026-09-24T08:15:04.542098+00:00
7181,1920.9950000000001,2026-09-24T08:15:04.542563+00:00
7182,1920.776,2026-09-24T08:15:04.543008+00:00
7183,1920.829,2026-09-24T08:15:04.543498+00:00
7184,1920.8780000000002,2026-09-24T08:15:04.544041+00:00
7185,1920.86,2026-09-24T08:15:04.544489+00:00
7186,1920.8890000000001,2026-09-24T08:15:04.544910+00:00
7187,1920.7479999999998,2026-09-24T08:15:04.545260+00:00
7188,1920.894,2026-09-24T08:15:04.545762+00:00
7189,1920.92,2026-09-24T08:15:04.546157+00:00
7190,1920.821,2026-09-24T08:15:04.546547+00:00
7191,1920.862,2026-09-24T08:15:04.546995+00:00
7192,1921.036,2026-09-24T08:15:04.547504+00:00
7193,1921.009,2026-09-24T08:15:04.547936+00:00
7194,1921.059,2026-09-24T08:15:04.548340+00:00
7195,1920.923,2026-09-24T08:15:04.548689+00:00
7196,1920.951,2026-09-24T08:15:04.549172+00:00
7197,1920.896,2026-09-24T08:15:04.549557+00:00
7198,1920.912,2026-09-24T08:15:04.549937+00:00
7199,1921.003,2026-09-24T08:15:04.550378+00:00
7200,1921.2,2026-09-24T08:15:04.550907+00:00
7201,1921.325,2026-09-24T08:15:04.551338+00:00
7202,1921.4340000000002,2026-09-24T08:15:04.551754+00:00
7203,1921.377,2026-09-24T08:15:04.552107+00:00
7204,1921.529,2026-09-24T08:15:04.552637+00:00
7205,1921.5610000000001,2026-09-24T08:15:04.553019+00:00
7206,1921.5720000000001,2026-09-24T08:15:04.553393+00:00
7207,1921.541,2026-09-24T08:15:04.553845+00:00
7208,1921.613,2026-09-24T08:15:04.554350+00:00
7209,1921.646,2026-09-24T08:15:04.554810+00:00
7210,1921.6789999999999,2026-09-24T08:15:04.555198+00:00
7211,1921.721,2026-09-24T08:15:04.555562+00:00
7212,1921.894,2026-09-24T08:15:04.556075+00:00
7213,1921.9759999999999,2026-09-24T08:15:04.556466+00:00
7214,1922.051,2026-09-24T08:15:04.556978+00:00
7215,1922.096,2026-09-24T08:15:04.557502+00:00
7216,1922.199,2026-09-24T08:15:04.558027+00:00
7217,1922.32,2026-09-24T08:15:04.558482+00:00
7218,1922.46,2026-09-24T08:15:04.558945+00:00
7219,1922.542,2026-09-24T08:15:04.559353+00:00
7220,1922.795,2026-09-24T08:15:04.559861+00:00
7221,1922.844,2026-09-24T08:15:04.560224+00:00
7222,1922.7549999999999,2026-09-24T08:15:04.560585+00:00
7223,1922.8719999999998,2026-09-24T08:15:04.561009+00:00
7224,1923.128,2026-09-24T08:15:04.561533+00:00
7225,1923.0739999999998,2026-09-24T08:15:04.561955+00:00
7226,1923.099,2026-09-24T08:15:04.562317+00:00
7227,1923.1799999999998,2026-09-24T08:15:04.562692+00:00
7228,1923.3229999999999,2026-09-24T08:15:04.563189+00:00
7229,1923.394,2026-09-24T08:15:04.563653+00:00
7230,1923.5169999999998,2026-09-24T08:15:04.564164+00:00
7231,1923.687,2026-09-24T08:15:04.564682+00:00
7232,1923.791,2026-09-24T08:15:04.565276+00:00
7233,1923.9599999999998,2026-09-24T08:15:04.565773+00:00
7234,1923.959,2026-09-24T08:15:04.566219+00:00
7235,1924.0,2026-09-24T08:15:04.566611+00:00
7236,1924.127,2026-09-24T08:15:04.567107+00:00
7237,1924.314,2026-09-24T08:15:04.567612+00:00
7238,1924.331,2026-09-24T08:15:04.567957+00:00
7239,1924.422,2026-09-24T08:15:04.568364+00:00
7240,1924.622,2026-09-24T08:15:04.568859+00:00
7241,1924.612,2026-09-24T08:15:04.569296+00:00
7242,1924.689,2026-09-24T08:15:04.569790+00:00
7243,1924.654,2026-09-24T08:15:04.570258+00:00
7244,1924.8529999999998,2026-09-24T08:15:04.570755+00:00
7245,1925.048,2026-09-24T08:15:04.571249+00:00
7246,1925.0439999999999,2026-09-24T08:15:04.571620+00:00
7247,1925.1419999999998,2026-09-24T08:15:04.572040+00:00
7248,1925.3029999999999,2026-09-24T08:15:04.572522+00:00
7249,1925.41,2026-09-24T08:15:04.572944+00:00
7250,1925.529,2026-09-24T08:15:04.573434+00:00
7251,1925.519,2026-09-24T08:15:04.573804+00:00
7252,1925.676,2026-09-24T08:15:04.574293+00:00
7253,1925.689,2026-09-24T08:15:04.574784+00:00
7254,1925.657,2026-09-24T08:15:04.575123+00:00
7255,1925.7530000000002,2026-09-24T08:15:04.575534+00:00
7256,1925.897,2026-09-24T08:15:04.576055+00:00
7257,1925.556,2026-09-24T08:15:04.576473+00:00
7258,1925.442,2026-09-24T08:15:04.576954+00:00
7259,1925.2450000000001,2026-09-24T08:15:04.577294+00:00
7260,1925.218,2026-09-24T08:15:04.577784+00:00
7261,1925.12,2026-09-24T08:15:04.578255+00:00
7262,1924.907,2026-09-24T08:15:04.578605+00:00
7263,1924.866,2026-09-24T08:15:04.579012+00:00
7264,1924.9289999999999,2026-09-24T08:15:04.579497+00:00
7265,1925.117,2026-09-24T08:15:04.580130+00:00
7266,1925.182,2026-09-24T08:15:04.580642+00:00
7267,1925.1000000000001,2026-09-24T08:15:04.581142+00:00
7268,1925.1750000000002,2026-09-24T08:15:04.581791+00:00
7269,1925.201,2026-09-24T08:15:04.582240+00:00
7270,1925.234,2026-09-24T08:15:04.582677+00:00
7271,1925.2279999999998,2026-09-24T08:15:04.583078+00:00
7272,1925.413,2026-09-24T08:15:04.583563+00:00
7273,1925.463,2026-09-24T08:15:04.583931+00:00
7274,1925.568,2026-09-24T08:15:04.584304+00:00
7275,1925.558,2026-09-24T08:15:04.584659+00:00
7276,1925.692,2026-09-24T08:15:04.585126+00:00
7277,1925.624,2026-09-24T08:15:04.585456+00:00
7278,1925.451,2026-09-24T08:15:04.585783+00:00
7279,1925.353,2026-09-24T08:15:04.586137+00:00
7280,1925.4450000000002,2026-09-24T08:15:04.586622+00:00
7281,1925.357,2026-09-24T08:15:04.586984+00:00
7282,1925.3690000000001,2026-09-24T08:15:04.587343+00:00
7283,1925.3329999999999,2026-09-24T08:15:04.587688+00:00
7284,1925.336,2026-09-24T08:15:04.588158+00:00
7285,1925.151,2026-09-24T08:15:04.588501+00:00
7286,1925.0210000000002,2026-09-24T08:15:04.588827+00:00
7287,1925.003,2026-09-24T08:15:04.589191+00:00
7288,1924.9950000000001,2026-09-24T08:15:04.589677+00:00
7289,1924.957,2026-09-24T08:15:04.590032+00:00
7290,1924.9080000000001,2026-09-24T08:15:04.590399+00:00
7291,1924.9089999999999,2026-09-24T08:15:04.590767+00:00
7292,1925.127,2026-09-24T08:15:04.591255+00:00
7293,1925.151,2026-09-24T08:15:04.591623+00:00
7294,1925.057,2026-09-24T08:15:04.591952+00:00
7295,1925.0700000000002,2026-09-24T08:15:04.592312+00:00
7296,1924.9989999999998,2026-09-24T08:15:04.592783+00:00
7297,1924.912,2026-09-24T08:15:04.593124+00:00
7298,1924.8909999999998,2026-09-24T08:15:04.593466+00:00
7299,1924.809,2026-09-24T08:15:04.593790+00:00
7300,1924.82,2026-09-24T08:15:04.594302+00:00
7301,1924.866,2026-09-24T08:15:04.594681+00:00
7302,1924.7510000000002,2026-09-24T08:15:04.595013+00:00
7303,1924.633,2026-09-24T08:15:04.595378+00:00
7304,1924.805,2026-09-24T08:15:04.595865+00:00
7305,1924.836,2026-09-24T08:15:04.596220+00:00
7306,1924.943,2026-09-24T08:15:04.596711+00:00
7307,1924.912,2026-09-24T08:15:04.597048+00:00
7308,1924.906,2026-09-24T08:15:04.597522+00:00
7309,1924.723,2026-09-24T08:15:04.597873+00:00
7310,1924.444,2026-09-24T08:15:04.598207+00:00
7311,1924.4660000000001,2026-09-24T08:15:04.598600+00:00
7312,1924.405,2026-09-24T08:15:04.599066+00:00
7313,1924.423,2026-09-24T08:15:04.599433+00:00
7314,1924.543,2026-09-24T08:15:04.599936+00:00
7315,1924.461,2026-09-24T08:15:04.600275+00:00
7316,1924.4969999999998,2026-09-24T08:15:04.600744+00:00
7317,1924.421,2026-09-24T08:15:04.601079+00:00
7318,1924.3619999999999,2026-09-24T08:15:04.601389+00:00
7319,1924.302,2026-09-24T08:15:04.601764+00:00
7320,1924.2030000000002,2026-09-24T08:15:04.602241+00:00
7321,1924.049,2026-09-24T08:15:04.602603+00:00
7322,1923.935,2026-09-24T08:15:04.602967+00:00
7323,1923.83,2026-09-24T08:15:04.603292+00:00
7324,1923.796,2026-09-24T08:15:04.603758+00:00
7325,1923.507,2026-09-24T08:15:04.604091+00:00
7326,1923.459,2026-09-24T08:15:04.604408+00:00
7327,1923.325,2026-09-24T08:15:04.604790+00:00
7328,1923.36,2026-09-24T08:15:04.605247+00:00
7329,1923.326,2026-09-24T08:15:04.605673+00:00
7330,1923.0910000000001,2026-09-24T08:15:04.606046+00:00
7331,1923.056,2026-09-24T08:15:04.606389+00:00
7332,1888.006,2026-09-24T08:15:04.606873+00:00
7333,1887.4180000000001,2026-09-24T08:15:04.607209+00:00
7334,1886.9579999999999,2026-09-24T08:15:04.607565+00:00
7335,1886.761,2026-09-24T08:15:04.607935+00:00
7336,1886.67,2026-09-24T08:15:04.608401+00:00
7337,1886.563,2026-09-24T08:15:04.608768+00:00
7338,1886.393,2026-09-24T08:15:04.609100+00:00
7339,1886.284,2026-09-24T08:15:04.609436+00:00
7340,1886.307,2026-09-24T08:15:04.609908+00:00
7341,1885.932,2026-09-24T08:15:04.610243+00:00
7342,1885.7839999999999,2026-09-24T08:15:04.610580+00:00
7343,1885.8319999999999,2026-09-24T08:15:04.610946+00:00
7344,1884.654,2026-09-24T08:15:04.611424+00:00
7345,1884.4050000000002,2026-09-24T08:15:04.611779+00:00
7346,1884.085,2026-09-24T08:15:04.612116+00:00
7347,1883.927,2026-09-24T08:15:04.612473+00:00
7348,1883.8980000000001,2026-09-24T08:15:04.612967+00:00
7349,1883.7939999999999,2026-09-24T08:15:04.613288+00:00
7350,1883.7630000000001,2026-09-24T08:15:04.613660+00:00
7351,1883.7630000000001,2026-09-24T08:15:04.614013+00:00
7352,1883.885,2026-09-24T08:15:04.614485+00:00
7353,1883.7759999999998,2026-09-24T08:15:04.614819+00:00
7354,1883.662,2026-09-24T08:15:04.615171+00:00
7355,1883.607,2026-09-24T08:15:04.615499+00:00
7356,1883.691,2026-09-24T08:15:04.615951+00:00
7357,1883.582,2026-09-24T08:15:04.616264+00:00
7358,1883.562,2026-09-24T08:15:04.616586+00:00
7359,1883.471,2026-09-24T08:15:04.616937+00:00
7360,1883.637,2026-09-24T08:15:04.617424+00:00
7361,1883.543,2026-09-24T08:15:04.617762+00:00
7362,1883.481,2026-09-24T08:15:04.618072+00:00
7363,1883.4930000000002,2026-09-24T08:15:04.618391+00:00
7364,1883.51,2026-09-24T08:15:04.618861+00:00
7365,1883.497,2026-09-24T08:15:04.619174+00:00
7366,1883.4660000000001,2026-09-24T08:15:04.619480+00:00
7367,1883.4759999999999,2026-09-24T08:15:04.619824+00:00
7368,1883.471,2026-09-24T08:15:04.620278+00:00
7369,1883.1850000000002,2026-09-24T08:15:04.620611+00:00
7370,1883.041,2026-09-24T08:15:04.620913+00:00
7371,1882.988,2026-09-24T08:15:04.621232+00:00
7372,1882.883,2026-09-24T08:15:04.621689+00:00
7373,1882.894,2026-09-24T08:15:04.622017+00:00
7374,1882.7179999999998,2026-09-24T08:15:04.622315+00:00
7375,1882.7259999999999,2026-09-24T08:15:04.622700+00:00
7376,1882.8519999999999,2026-09-24T08:15:04.623140+00:00
7377,1882.8339999999998,2026-09-24T08:15:04.623466+00:00
7378,1882.9830000000002,2026-09-24T08:15:04.623933+00:00
7379,1882.989,2026-09-24T08:15:04.624244+00:00
7380,1882.9959999999999,2026-09-24T08:15:04.624569+00:00
7381,1883.02,2026-09-24T08:15:04.624885+00:00
7382,1883.056,2026-09-24T08:15:04.625232+00:00
7383,1883.135,2026-09-24T08:15:04.625669+00:00
7384,1883.28,2026-09-24T08:15:04.626191+00:00
7385,1883.317,2026-09-24T08:15:04.626601+00:00
7386,1883.426,2026-09-24T08:15:04.627052+00:00
7387,1883.4599999999998,2026-09-24T08:15:04.627438+00:00
7388,1883.453,2026-09-24T08:15:04.627814+00:00
7389,1883.509,2026-09-24T08:15:04.628198+00:00
7390,1883.547,2026-09-24T08:15:04.628629+00:00
7391,1883.583,2026-09-24T08:15:04.629042+00:00
7392,1883.796,2026-09-24T08:15:04.629589+00:00
7393,1883.821,2026-09-24T08:15:04.629960+00:00
7394,1883.878,2026-09-24T08:15:04.630439+00:00
7395,1884.065,2026-09-24T08:15:04.630967+00:00
7396,1884.082,2026-09-24T08:15:04.631374+00:00
7397,1884.068,2026-09-24T08:15:04.631746+00:00
7398,1884.002,2026-09-24T08:15:04.632135+00:00
7399,1884.079,2026-09-24T08:15:04.632593+00:00
7400,1884.1699999999998,2026-09-24T08:15:04.633123+00:00
7401,1884.205,2026-09-24T08:15:04.633538+00:00
7402,1884.2939999999999,2026-09-24T08:15:04.634006+00:00
7403,1884.557,2026-09-24T08:15:04.634561+00:00
7404,1884.8590000000002,2026-09-24T08:15:04.635207+00:00
7405,1884.887,2026-09-24T08:15:04.635628+00:00
7406,1884.954,2026-09-24T08:15:04.636054+00:00
7407,1885.119,2026-09-24T08:15:04.636525+00:00
7408,1885.191,2026-09-24T08:15:04.637032+00:00
7409,1885.2359999999999,2026-09-24T08:15:04.637394+00:00
7410,1885.885,2026-09-24T08:15:04.638328+00:00
7411,1886.0900000000001,2026-09-24T08:15:04.638862+00:00
7412,1886.199,2026-09-24T08:15:04.639270+00:00
7413,1886.296,2026-09-24T08:15:04.639683+00:00
7414,1886.1000000000001,2026-09-24T08:15:04.640048+00:00
7415,1886.068,2026-09-24T08:15:04.640459+00:00
7416,1886.134,2026-09-24T08:15:04.640902+00:00
7417,1886.0900000000001,2026-09-24T08:15:04.641261+00:00
7418,1886.386,2026-09-24T08:15:04.641941+00:00
7419,1886.596,2026-09-24T08:15:04.642449+00:00
7420,1886.702,2026-09-24T08:15:04.642873+00:00
7421,1886.745,2026-09-24T08:15:04.643217+00:00
7422,1886.787,2026-09-24T08:15:04.643600+00:00
7423,1886.721,2026-09-24T08:15:04.643980+00:00
7424,1886.572,2026-09-24T08:15:04.644367+00:00
7425,1886.603,2026-09-24T08:15:04.644733+00:00
7426,1886.77,2026-09-24T08:15:04.645206+00:00
7427,1886.816,2026-09-24T08:15:04.645573+00:00
7428,1886.836,2026-09-24T08:15:04.645924+00:00
7429,1886.798,2026-09-24T08:15:04.646267+00:00
7430,1886.827,2026-09-24T08:15:04.646664+00:00
7431,1886.795,2026-09-24T08:15:04.647023+00:00
7432,1886.8400000000001,2026-09-24T08:15:04.647495+00:00
7433,1886.91,2026-09-24T08:15:04.647859+00:00
7434,1886.935,2026-09-24T08:15:04.648196+00:00
7435,1886.968,2026-09-24T08:15:04.648581+00:00
7436,1887.046,2026-09-24T08:15:04.648919+00:00
7437,1887.064,2026-09-24T08:15:04.649273+00:00
7438,1887.374,2026-09-24T08:15:04.649978+00:00
7439,1887.5839999999998,2026-09-24T08:15:04.650533+00:00
7440,1887.698,2026-09-24T08:15:04.651023+00:00
7441,1887.6399999999999,2026-09-24T08:15:04.651430+00:00
7442,1887.822,2026-09-24T08:15:04.651935+00:00
7443,1888.013,2026-09-24T08:15:04.652461+00:00
7444,1888.129,2026-09-24T08:15:04.652944+00:00
7445,1888.5400000000002,2026-09-24T08:15:04.653648+00:00
7446,1889.008,2026-09-24T08:15:04.654401+00:00
7447,1889.332,2026-09-24T08:15:04.655053+00:00
7448,1889.821,2026-09-24T08:15:04.655829+00:00
7449,1890.522,2026-09-24T08:15:04.656855+00:00
7450,1890.757,2026-09-24T08:15:04.657396+00:00
7451,1890.902,2026-09-24T08:15:04.657813+00:00
7452,1890.911,2026-09-24T08:15:04.658181+00:00
7453,1891.156,2026-09-24T08:15:04.658777+00:00
7454,1891.3519999999999,2026-09-24T08:15:04.659272+00:00
7455,1891.5729999999999,2026-09-24T08:15:04.659784+00:00
7456,1891.806,2026-09-24T08:15:04.660347+00:00
7457,1891.91,2026-09-24T08:15:04.660833+00:00
7458,1892.039,2026-09-24T08:15:04.661227+00:00
7459,1892.191,2026-09-24T08:15:04.661637+00:00
7460,1892.137,2026-09-24T08:15:04.662009+00:00
7461,1892.122,2026-09-24T08:15:04.662438+00:00
7462,1892.221,2026-09-24T08:15:04.662867+00:00
7463,1892.3300000000002,2026-09-24T08:15:04.663317+00:00
7464,1892.5819999999999,2026-09-24T08:15:04.663852+00:00
7465,1892.653,2026-09-24T08:15:04.664239+00:00
7466,1892.72,2026-09-24T08:15:04.664614+00:00
7467,1892.819,2026-09-24T08:15:04.664996+00:00
7468,1892.942,2026-09-24T08:15:04.665392+00:00
7469,1893.103,2026-09-24T08:15:04.665845+00:00
7470,1893.23,2026-09-24T08:15:04.666267+00:00
7471,1893.435,2026-09-24T08:15:04.666737+00:00
7472,1893.64,2026-09-24T08:15:04.667251+00:00
7473,1893.7630000000001,2026-09-24T08:15:04.667686+00:00
7474,1893.775,2026-09-24T08:15:04.668069+00:00
7475,1893.889,2026-09-24T08:15:04.668456+00:00
7476,1893.994,2026-09-24T08:15:04.668833+00:00
7477,1894.108,2026-09-24T08:15:04.669231+00:00
7478,1894.356,2026-09-24T08:15:04.669851+00:00
7479,1894.721,2026-09-24T08:15:04.670536+00:00
7480,1894.9389999999999,2026-09-24T08:15:04.671079+00:00
7481,1895.114,2026-09-24T08:15:04.671623+00:00
7482,1895.267,2026-09-24T08:15:04.672122+00:00
7483,1895.46,2026-09-24T08:15:04.672592+00:00
7484,1895.4930000000002,2026-09-24T08:15:04.672964+00:00
7485,1895.484,2026-09-24T08:15:04.673330+00:00
7486,1895.536,2026-09-24T08:15:04.673795+00:00
7487,1895.574,2026-09-24T08:15:04.674195+00:00
7488,1895.779,2026-09-24T08:15:04.674685+00:00
7489,1895.834,2026-09-24T08:15:04.675077+00:00
7490,1895.6779999999999,2026-09-24T08:15:04.675437+00:00
7491,1895.651,2026-09-24T08:15:04.675783+00:00
7492,1895.6779999999999,2026-09-24T08:15:04.676175+00:00
7493,1896.0490000000002,2026-09-24T08:15:04.676850+00:00
7494,1896.088,2026-09-24T08:15:04.677250+00:00
7495,1896.105,2026-09-24T08:15:04.677633+00:00
7496,1896.205,2026-09-24T08:15:04.678045+00:00
7497,1896.318,2026-09-24T08:15:04.678457+00:00
7498,1896.34,2026-09-24T08:15:04.678814+00:00
7499,1896.301,2026-09-24T08:15:04.679152+00:00
7500,1896.2740000000001,2026-09-24T08:15:04.679486+00:00
7501,1896.539,2026-09-24T08:15:04.680110+00:00
7502,1896.632,2026-09-24T08:15:04.680565+00:00
7503,1896.786,2026-09-24T08:15:04.681069+00:00
7504,1897.022,2026-09-24T08:15:04.681615+00:00
7505,1897.117,2026-09-24T08:15:04.681972+00:00
7506,1897.119,2026-09-24T08:15:04.682303+00:00
7507,1897.139,2026-09-24T08:15:04.682649+00:00
7508,1897.034,2026-09-24T08:15:04.682992+00:00
7509,1897.271,2026-09-24T08:15:04.683666+00:00
7510,1897.337,2026-09-24T08:15:04.684084+00:00
7511,1897.539,2026-09-24T08:15:04.684623+00:00
7512,1897.5359999999998,2026-09-24T08:15:04.685016+00:00
7513,1897.616,2026-09-24T08:15:04.685385+00:00
7514,1897.6280000000002,2026-09-24T08:15:04.685723+00:00
7515,1897.671,2026-09-24T08:15:04.686046+00:00
7516,1866.923,2026-09-24T08:15:04.686363+00:00
7517,1866.373,2026-09-24T08:15:04.686965+00:00
7518,1866.076,2026-09-24T08:15:04.687335+00:00
7519,1865.916,2026-09-24T08:15:04.687747+00:00
7520,1865.632,2026-09-24T08:15:04.688136+00:00
7521,1865.34,2026-09-24T08:15:04.688484+00:00
7522,1865.186,2026-09-24T08:15:04.688870+00:00
7523,1865.049,2026-09-24T08:15:04.689200+00:00
7524,1864.962,2026-09-24T08:15:04.689596+00:00
7525,1865.15,2026-09-24T08:15:04.690255+00:00
7526,1865.095,2026-09-24T08:15:04.690694+00:00
7527,1865.1100000000001,2026-09-24T08:15:04.691109+00:00
7528,1865.25,2026-09-24T08:15:04.691585+00:00
7529,1865.1599999999999,2026-09-24T08:15:04.691972+00:00
7530,1865.041,2026-09-24T08:15:04.692288+00:00
7531,1865.012,2026-09-24T08:15:04.692626+00:00
7532,1864.913,2026-09-24T08:15:04.692936+00:00
7533,1865.187,2026-09-24T08:15:04.693516+00:00
7534,1865.18,2026-09-24T08:15:04.693895+00:00
7535,1865.168,2026-09-24T08:15:04.694265+00:00
7536,1865.194,2026-09-24T08:15:04.694673+00:00
7537,1865.2,2026-09-24T08:15:04.695014+00:00
7538,1865.188,2026-09-24T08:15:04.695331+00:00
7539,1865.296,2026-09-24T08:15:04.695688+00:00
7540,1865.28,2026-09-24T08:15:04.696014+00:00
7541,1865.538,2026-09-24T08:15:04.696612+00:00
7542,1865.588,2026-09-24T08:15:04.696971+00:00
7543,1865.605,2026-09-24T08:15:04.697349+00:00
7544,1865.51,2026-09-24T08:15:04.697754+00:00
7545,1865.4180000000001,2026-09-24T08:15:04.698118+00:00
7546,1865.379,2026-09-24T08:15:04.698430+00:00
7547,1865.345,2026-09-24T08:15:04.698753+00:00
7548,1865.2869999999998,2026-09-24T08:15:04.699084+00:00
7549,1865.581,2026-09-24T08:15:04.699684+00:00
7550,1865.657,2026-09-24T08:15:04.700038+00:00
7551,1865.635,2026-09-24T08:15:04.700396+00:00
7552,1865.743,2026-09-24T08:15:04.700807+00:00
7553,1865.6770000000001,2026-09-24T08:15:04.701141+00:00
7554,1865.739,2026-09-24T08:15:04.701491+00:00
7555,1865.808,2026-09-24T08:15:04.701904+00:00
7556,1865.806,2026-09-24T08:15:04.702234+00:00
7557,1865.816,2026-09-24T08:15:04.702664+00:00
7558,1865.883,2026-09-24T08:15:04.703036+00:00
7559,1865.924,2026-09-24T08:15:04.703421+00:00
7560,1865.8120000000001,2026-09-24T08:15:04.703845+00:00
7561,1865.74,2026-09-24T08:15:04.704222+00:00
7562,1865.682,2026-09-24T08:15:04.704591+00:00
7563,1865.549,2026-09-24T08:15:04.704922+00:00
7564,1865.31,2026-09-24T08:15:04.705243+00:00
7565,1865.357,2026-09-24T08:15:04.705623+00:00
7566,1865.285,2026-09-24T08:15:04.706003+00:00
7567,1865.31,2026-09-24T08:15:04.706378+00:00
7568,1865.329,2026-09-24T08:15:04.706820+00:00
7569,1865.26,2026-09-24T08:15:04.707171+00:00
7570,1865.397,2026-09-24T08:15:04.707623+00:00
7571,1865.374,2026-09-24T08:15:04.707948+00:00
7572,1865.3329999999999,2026-09-24T08:15:04.708269+00:00
7573,1865.377,2026-09-24T08:15:04.708612+00:00
7574,1865.384,2026-09-24T08:15:04.708960+00:00
7575,1865.407,2026-09-24T08:15:04.709318+00:00
7576,1865.383,2026-09-24T08:15:04.709718+00:00
7577,1865.355,2026-09-24T08:15:04.710052+00:00
7578,1865.3319999999999,2026-09-24T08:15:04.710371+00:00
7579,1865.316,2026-09-24T08:15:04.710691+00:00
7580,1865.222,2026-09-24T08:15:04.710988+00:00
7581,1865.2169999999999,2026-09-24T08:15:04.711287+00:00
7582,1865.235,2026-09-24T08:15:04.711643+00:00
7583,1865.201,2026-09-24T08:15:04.711995+00:00
7584,1865.138,2026-09-24T08:15:04.712354+00:00
7585,1865.081,2026-09-24T08:15:04.712697+00:00
7586,1864.97,2026-09-24T08:15:04.713017+00:00
7587,1864.982,2026-09-24T08:15:04.713328+00:00
7588,1864.922,2026-09-24T08:15:04.713652+00:00
7589,1864.914,2026-09-24T08:15:04.713959+00:00
7590,1864.941,2026-09-24T08:15:04.714311+00:00
7591,1864.826,2026-09-24T08:15:04.714669+00:00
7592,1864.827,2026-09-24T08:15:04.715050+00:00
7593,1864.8039999999999,2026-09-24T08:15:04.715374+00:00
7594,1864.776,2026-09-24T08:15:04.715699+00:00
7595,1864.765,2026-09-24T08:15:04.716016+00:00
7596,1864.714,2026-09-24T08:15:04.716330+00:00
7597,1864.6450000000002,2026-09-24T08:15:04.716680+00:00
7598,1864.693,2026-09-24T08:15:04.717035+00:00
7599,1864.6970000000001,2026-09-24T08:15:04.717385+00:00
7600,1864.773,2026-09-24T08:15:04.717778+00:00
7601,1864.814,2026-09-24T08:15:04.718102+00:00
7602,1864.773,2026-09-24T08:15:04.718421+00:00
7603,1864.734,2026-09-24T08:15:04.718738+00:00
7604,1864.605,2026-09-24T08:15:04.719044+00:00
7605,1864.5400000000002,2026-09-24T08:15:04.719347+00:00
7606,1864.5320000000002,2026-09-24T08:15:04.719748+00:00
7607,1864.3700000000001,2026-09-24T08:15:04.720093+00:00
7608,1864.261,2026-09-24T08:15:04.720451+00:00
7609,1864.2179999999998,2026-09-24T08:15:04.720778+00:00
7610,1864.167,2026-09-24T08:15:04.721095+00:00
7611,1864.203,2026-09-24T08:15:04.721524+00:00
7612,1864.139,2026-09-24T08:15:04.721858+00:00
7613,1864.21,2026-09-24T08:15:04.722233+00:00
7614,1864.27,2026-09-24T08:15:04.722704+00:00
7615,1864.3410000000001,2026-09-24T08:15:04.723124+00:00
7616,1864.516,2026-09-24T08:15:04.723578+00:00
7617,1864.572,2026-09-24T08:15:04.723957+00:00
7618,1864.599,2026-09-24T08:15:04.724306+00:00
7619,1864.559,2026-09-24T08:15:04.724665+00:00
7620,1865.104,2026-09-24T08:15:04.725540+00:00
7621,1865.086,2026-09-24T08:15:04.725891+00:00
7622,1865.0549999999998,2026-09-24T08:15:04.726249+00:00
7623,1865.1789999999999,2026-09-24T08:15:04.726681+00:00
7624,1865.214,2026-09-24T08:15:04.727081+00:00
7625,1865.24,2026-09-24T08:15:04.727446+00:00
7626,1865.2459999999999,2026-09-24T08:15:04.727811+00:00
7627,1865.2820000000002,2026-09-24T08:15:04.728173+00:00
7628,1865.3509999999999,2026-09-24T08:15:04.728564+00:00
7629,1865.224,2026-09-24T08:15:04.728917+00:00
7630,1865.237,2026-09-24T08:15:04.729274+00:00
7631,1865.367,2026-09-24T08:15:04.729701+00:00
7632,1865.3690000000001,2026-09-24T08:15:04.730101+00:00
7633,1865.396,2026-09-24T08:15:04.730472+00:00
7634,1865.3509999999999,2026-09-24T08:15:04.730829+00:00
7635,1865.365,2026-09-24T08:15:04.731176+00:00
7636,1865.401,2026-09-24T08:15:04.731549+00:00
7637,1865.403,2026-09-24T08:15:04.731905+00:00
7638,1865.367,2026-09-24T08:15:04.732269+00:00
7639,1865.3580000000002,2026-09-24T08:15:04.732683+00:00
7640,1865.348,2026-09-24T08:15:04.733080+00:00
7641,1865.402,2026-09-24T08:15:04.733453+00:00
7642,1865.467,2026-09-24T08:15:04.733840+00:00
7643,1865.175,2026-09-24T08:15:04.734205+00:00
7644,1865.233,2026-09-24T08:15:04.734574+00:00
7645,1865.288,2026-09-24T08:15:04.734927+00:00
7646,1865.3580000000002,2026-09-24T08:15:04.735291+00:00
7647,1865.49,2026-09-24T08:15:04.735715+00:00
7648,1865.414,2026-09-24T08:15:04.736123+00:00
7649,1865.31,2026-09-24T08:15:04.736489+00:00
7650,1865.337,2026-09-24T08:15:04.736866+00:00
7651,1865.3010000000002,2026-09-24T08:15:04.737211+00:00
7652,1865.298,2026-09-24T08:15:04.737570+00:00
7653,1865.29,2026-09-24T08:15:04.737928+00:00
7654,1865.353,2026-09-24T08:15:04.738299+00:00
7655,1865.5649999999998,2026-09-24T08:15:04.738799+00:00
7656,1865.635,2026-09-24T08:15:04.739190+00:00
7657,1866.056,2026-09-24T08:15:04.739917+00:00
7658,1866.06,2026-09-24T08:15:04.740254+00:00
7659,1866.115,2026-09-24T08:15:04.740593+00:00
7660,1866.165,2026-09-24T08:15:04.740927+00:00
7661,1866.2060000000001,2026-09-24T08:15:04.741237+00:00
7662,1866.301,2026-09-24T08:15:04.741582+00:00
7663,1866.3909999999998,2026-09-24T08:15:04.741957+00:00
7664,1866.447,2026-09-24T08:15:04.742332+00:00
7665,1866.774,2026-09-24T08:15:04.742928+00:00
7666,1866.824,2026-09-24T08:15:04.743255+00:00
7667,1866.879,2026-09-24T08:15:04.743586+00:00
7668,1866.894,2026-09-24T08:15:04.743908+00:00
7669,1866.887,2026-09-24T08:15:04.744218+00:00
7670,1866.9199999999998,2026-09-24T08:15:04.744536+00:00
7671,1866.9560000000001,2026-09-24T08:15:04.744925+00:00
7672,1867.046,2026-09-24T08:15:04.745315+00:00
7673,1867.29,2026-09-24T08:15:04.745847+00:00
7674,1867.361,2026-09-24T08:15:04.746189+00:00
7675,1867.3329999999999,2026-09-24T08:15:04.746520+00:00
7676,1867.248,2026-09-24T08:15:04.746859+00:00
7677,1867.305,2026-09-24T08:15:04.747261+00:00
7678,1867.346,2026-09-24T08:15:04.747612+00:00
7679,1867.398,2026-09-24T08:15:04.747987+00:00
7680,1867.499,2026-09-24T08:15:04.748394+00:00
7681,1867.84,2026-09-24T08:15:04.749002+00:00
7682,1867.964,2026-09-24T08:15:04.749418+00:00
7683,1868.088,2026-09-24T08:15:04.749783+00:00
7684,1868.192,2026-09-24T08:15:04.750122+00:00
7685,1868.238,2026-09-24T08:15:04.750467+00:00
7686,1868.161,2026-09-24T08:15:04.750848+00:00
7687,1868.101,2026-09-24T08:15:04.751312+00:00
7688,1868.021,2026-09-24T08:15:04.751822+00:00
7689,1868.111,2026-09-24T08:15:04.752247+00:00
7690,1868.0330000000001,2026-09-24T08:15:04.752592+00:00
7691,1867.9460000000001,2026-09-24T08:15:04.752964+00:00
7692,1867.8680000000002,2026-09-24T08:15:04.753306+00:00
7693,1867.7930000000001,2026-09-24T08:15:04.753644+00:00
7694,1835.433,2026-09-24T08:15:04.753965+00:00
7695,1835.121,2026-09-24T08:15:04.754436+00:00
7696,1834.9379999999999,2026-09-24T08:15:04.754832+00:00
7697,1834.666,2026-09-24T08:15:04.755255+00:00
7698,1834.592,2026-09-24T08:15:04.755593+00:00
7699,1834.79,2026-09-24T08:15:04.756151+00:00
7700,1834.762,2026-09-24T08:15:04.756626+00:00
7701,1834.8519999999999,2026-09-24T08:15:04.756991+00:00
7702,1834.7530000000002,2026-09-24T08:15:04.757312+00:00
7703,1834.674,2026-09-24T08:15:04.757789+00:00
7704,1834.778,2026-09-24T08:15:04.758174+00:00
7705,1834.82,2026-09-24T08:15:04.758607+00:00
7706,1834.841,2026-09-24T08:15:04.758921+00:00
7707,1834.751,2026-09-24T08:15:04.759238+00:00
7708,1834.662,2026-09-24T08:15:04.759562+00:00
7709,1834.597,2026-09-24T08:15:04.759870+00:00
7710,1834.613,2026-09-24T08:15:04.760190+00:00
7711,1834.8249999999998,2026-09-24T08:15:04.760676+00:00
7712,1834.826,2026-09-24T08:15:04.761031+00:00
7713,1834.977,2026-09-24T08:15:04.761569+00:00
7714,1834.92,2026-09-24T08:15:04.761896+00:00
7715,1834.846,2026-09-24T08:15:04.762210+00:00
7716,1834.786,2026-09-24T08:15:04.762561+00:00
7717,1834.74,2026-09-24T08:15:04.762876+00:00
7718,1834.735,2026-09-24T08:15:04.763185+00:00
7719,1834.8690000000001,2026-09-24T08:15:04.763667+00:00
7720,1834.886,2026-09-24T08:15:04.764088+00:00
7721,1835.1170000000002,2026-09-24T08:15:04.764608+00:00
7722,1835.292,2026-09-24T08:15:04.765136+00:00
7723,1835.4140000000002,2026-09-24T08:15:04.765583+00:00
7724,1835.715,2026-09-24T08:15:04.766139+00:00
7725,1835.8220000000001,2026-09-24T08:15:04.766555+00:00
7726,1835.982,2026-09-24T08:15:04.767012+00:00
7727,1836.2359999999999,2026-09-24T08:15:04.767507+00:00
7728,1836.147,2026-09-24T08:15:04.767883+00:00
7729,1836.1380000000001,2026-09-24T08:15:04.768313+00:00
7730,1836.2130000000002,2026-09-24T08:15:04.768799+00:00
7731,1836.2430000000002,2026-09-24T08:15:04.769194+00:00
7732,1836.51,2026-09-24T08:15:04.769753+00:00
7733,1836.5629999999999,2026-09-24T08:15:04.770141+00:00
7734,1836.5549999999998,2026-09-24T08:15:04.770509+00:00
7735,1836.718,2026-09-24T08:15:04.770939+00:00
7736,1836.729,2026-09-24T08:15:04.771343+00:00
7737,1836.884,2026-09-24T08:15:04.771836+00:00
7738,1836.948,2026-09-24T08:15:04.772190+00:00
7739,1837.0,2026-09-24T08:15:04.772566+00:00
7740,1837.0310000000002,2026-09-24T08:15:04.772930+00:00
7741,1837.04,2026-09-24T08:15:04.773269+00:00
7742,1836.991,2026-09-24T08:15:04.773615+00:00
7743,1837.1200000000001,2026-09-24T08:15:04.774021+00:00
7744,1837.213,2026-09-24T08:15:04.774417+00:00
7745,1837.3319999999999,2026-09-24T08:15:04.774873+00:00
7746,1837.424,2026-09-24T08:15:04.775227+00:00
7747,1837.451,2026-09-24T08:15:04.775577+00:00
7748,1837.424,2026-09-24T08:15:04.775920+00:00
7749,1837.431,2026-09-24T08:15:04.776250+00:00
7750,1837.339,2026-09-24T08:15:04.776595+00:00
7751,1837.2930000000001,2026-09-24T08:15:04.776962+00:00
7752,1837.353,2026-09-24T08:15:04.777331+00:00
7753,1837.587,2026-09-24T08:15:04.777911+00:00
7754,1837.311,2026-09-24T08:15:04.778235+00:00
7755,1837.163,2026-09-24T08:15:04.778559+00:00
7756,1837.0420000000001,2026-09-24T08:15:04.778876+00:00
7757,1836.994,2026-09-24T08:15:04.779168+00:00
7758,1836.9180000000001,2026-09-24T08:15:04.779483+00:00
7759,1837.0120000000002,2026-09-24T08:15:04.779914+00:00
7760,1837.0629999999999,2026-09-24T08:15:04.780281+00:00
7761,1837.1200000000001,2026-09-24T08:15:04.780705+00:00
7762,1837.064,2026-09-24T08:15:04.781024+00:00
7763,1837.0359999999998,2026-09-24T08:15:04.781388+00:00
7764,1837.033,2026-09-24T08:15:04.781729+00:00
7765,1837.038,2026-09-24T08:15:04.782078+00:00
7766,1837.026,2026-09-24T08:15:04.782419+00:00
7767,1837.076,2026-09-24T08:15:04.782781+00:00
7768,1837.053,2026-09-24T08:15:04.783146+00:00
7769,1837.082,2026-09-24T08:15:04.783585+00:00
7770,1837.097,2026-09-24T08:15:04.783923+00:00
7771,1837.059,2026-09-24T08:15:04.784259+00:00
7772,1837.145,2026-09-24T08:15:04.784642+00:00
7773,1837.1850000000002,2026-09-24T08:15:04.784971+00:00
7774,1837.175,2026-09-24T08:15:04.785301+00:00
7775,1837.317,2026-09-24T08:15:04.785790+00:00
7776,1837.4740000000002,2026-09-24T08:15:04.786218+00:00
7777,1837.758,2026-09-24T08:15:04.786817+00:00
7778,1837.782,2026-09-24T08:15:04.787177+00:00
7779,1837.823,2026-09-24T08:15:04.787538+00:00
7780,1837.8680000000002,2026-09-24T08:15:04.787869+00:00
7781,1837.949,2026-09-24T08:15:04.788195+00:00
7782,1837.969,2026-09-24T08:15:04.788537+00:00
7783,1838.142,2026-09-24T08:15:04.789005+00:00
7784,1838.159,2026-09-24T08:15:04.789361+00:00
7785,1838.467,2026-09-24T08:15:04.789983+00:00
7786,1838.484,2026-09-24T08:15:04.790326+00:00
7787,1838.687,2026-09-24T08:15:04.790834+00:00
7788,1838.708,2026-09-24T08:15:04.791174+00:00
7789,1838.722,2026-09-24T08:15:04.791513+00:00
7790,1838.699,2026-09-24T08:15:04.791815+00:00
7791,1838.886,2026-09-24T08:15:04.792256+00:00
7792,1838.768,2026-09-24T08:15:04.792597+00:00
7793,1838.798,2026-09-24T08:15:04.792994+00:00
7794,1838.6960000000001,2026-09-24T08:15:04.793324+00:00
7795,1838.75,2026-09-24T08:15:04.793784+00:00
7796,1838.9789999999998,2026-09-24T08:15:04.794303+00:00
7797,1839.199,2026-09-24T08:15:04.794804+00:00
7798,1839.169,2026-09-24T08:15:04.795256+00:00
7799,1839.262,2026-09-24T08:15:04.795783+00:00
7800,1839.2440000000001,2026-09-24T08:15:04.796139+00:00
7801,1839.34,2026-09-24T08:15:04.796571+00:00
7802,1839.316,2026-09-24T08:15:04.796925+00:00
7803,1839.333,2026-09-24T08:15:04.797288+00:00
7804,1839.375,2026-09-24T08:15:04.797635+00:00
7805,1839.372,2026-09-24T08:15:04.797992+00:00
7806,1839.347,2026-09-24T08:15:04.798289+00:00
7807,1839.396,2026-09-24T08:15:04.798654+00:00
7808,1839.5269999999998,2026-09-24T08:15:04.799108+00:00
7809,1839.506,2026-09-24T08:15:04.799494+00:00
7810,1839.427,2026-09-24T08:15:04.799834+00:00
7811,1839.2679999999998,2026-09-24T08:15:04.800181+00:00
7812,1839.1660000000002,2026-09-24T08:15:04.800516+00:00
7813,1839.038,2026-09-24T08:15:04.800845+00:00
7814,1838.868,2026-09-24T08:15:04.801162+00:00
7815,1838.7450000000001,2026-09-24T08:15:04.801520+00:00
7816,1838.82,2026-09-24T08:15:04.801981+00:00
7817,1838.8210000000001,2026-09-24T08:15:04.802329+00:00
7818,1838.7659999999998,2026-09-24T08:15:04.802670+00:00
7819,1838.881,2026-09-24T08:15:04.803055+00:00
7820,1838.7610000000002,2026-09-24T08:15:04.803381+00:00
7821,1838.754,2026-09-24T08:15:04.803711+00:00
7822,1838.727,2026-09-24T08:15:04.804026+00:00
7823,1838.672,2026-09-24T08:15:04.804364+00:00
7824,1838.787,2026-09-24T08:15:04.804835+00:00
7825,1838.707,2026-09-24T08:15:04.805209+00:00
7826,1838.711,2026-09-24T08:15:04.805566+00:00
7827,1838.841,2026-09-24T08:15:04.806079+00:00
7828,1838.9759999999999,2026-09-24T08:15:04.806596+00:00
7829,1839.125,2026-09-24T08:15:04.807090+00:00
7830,1839.229,2026-09-24T08:15:04.807579+00:00
7831,1839.321,2026-09-24T08:15:04.808094+00:00
7832,1839.509,2026-09-24T08:15:04.808636+00:00
7833,1839.518,2026-09-24T08:15:04.809031+00:00
7834,1839.534,2026-09-24T08:15:04.809377+00:00
7835,1839.6699999999998,2026-09-24T08:15:04.809815+00:00
7836,1839.531,2026-09-24T08:15:04.810149+00:00
7837,1839.4489999999998,2026-09-24T08:15:04.810470+00:00
7838,1839.3919999999998,2026-09-24T08:15:04.810793+00:00
7839,1839.3429999999998,2026-09-24T08:15:04.811147+00:00
7840,1839.368,2026-09-24T08:15:04.811529+00:00
7841,1839.291,2026-09-24T08:15:04.811926+00:00
7842,1839.249,2026-09-24T08:15:04.812248+00:00
7843,1839.2949999999998,2026-09-24T08:15:04.812644+00:00
7844,1839.298,2026-09-24T08:15:04.812960+00:00
7845,1839.298,2026-09-24T08:15:04.813262+00:00
7846,1839.194,2026-09-24T08:15:04.813586+00:00
7847,1839.1660000000002,2026-09-24T08:15:04.813924+00:00
7848,1839.221,2026-09-24T08:15:04.814310+00:00
7849,1839.324,2026-09-24T08:15:04.814697+00:00
7850,1839.302,2026-09-24T08:15:04.815026+00:00
7851,1839.224,2026-09-24T08:15:04.815341+00:00
7852,1839.235,2026-09-24T08:15:04.815667+00:00
7853,1839.203,2026-09-24T08:15:04.815972+00:00
7854,1839.057,2026-09-24T08:15:04.816273+00:00
7855,1838.99,2026-09-24T08:15:04.816622+00:00
7856,1838.959,2026-09-24T08:15:04.816983+00:00
7857,1838.84,2026-09-24T08:15:04.817359+00:00
7858,1838.8139999999999,2026-09-24T08:15:04.817706+00:00
7859,1838.7910000000002,2026-09-24T08:15:04.818019+00:00
7860,1838.638,2026-09-24T08:15:04.818326+00:00
7861,1838.579,2026-09-24T08:15:04.818653+00:00
7862,1838.6100000000001,2026-09-24T08:15:04.818972+00:00
7863,1838.5549999999998,2026-09-24T08:15:04.819309+00:00
7864,1838.5620000000001,2026-09-24T08:15:04.819676+00:00
7865,1838.578,2026-09-24T08:15:04.820114+00:00
7866,1838.533,2026-09-24T08:15:04.820454+00:00
7867,1838.474,2026-09-24T08:15:04.820774+00:00
7868,1838.391,2026-09-24T08:15:04.821080+00:00
7869,1838.335,2026-09-24T08:15:04.821379+00:00
7870,1838.318,2026-09-24T08:15:04.821688+00:00
7871,1838.3799999999999,2026-09-24T08:15:04.822036+00:00
7872,1838.3590000000002,2026-09-24T08:15:04.822448+00:00
7873,1838.398,2026-09-24T08:15:04.822869+00:00
7874,1838.4279999999999,2026-09-24T08:15:04.823204+00:00
7875,1838.457,2026-09-24T08:15:04.823580+00:00
7876,1838.441,2026-09-24T08:15:04.823892+00:00
7877,1838.459,2026-09-24T08:15:04.824206+00:00
7878,1838.459,2026-09-24T08:15:04.824529+00:00
7879,1805.482,2026-09-24T08:15:04.825017+00:00
7880,1804.738,2026-09-24T08:15:04.825417+00:00
7881,1804.3020000000001,2026-09-24T08:15:04.825804+00:00
7882,1803.924,2026-09-24T08:15:04.826151+00:00
7883,1803.66,2026-09-24T08:15:04.826509+00:00
7884,1803.296,2026-09-24T08:15:04.826836+00:00
7885,1803.03,2026-09-24T08:15:04.827180+00:00
7886,1802.914,2026-09-24T08:15:04.827516+00:00
7887,1802.889,2026-09-24T08:15:04.827999+00:00
7888,1802.64,2026-09-24T08:15:04.828373+00:00
7889,1802.625,2026-09-24T08:15:04.828975+00:00
7890,1802.519,2026-09-24T08:15:04.829395+00:00
7891,1802.509,2026-09-24T08:15:04.829779+00:00
7892,1802.3690000000001,2026-09-24T08:15:04.830087+00:00
7893,1802.256,2026-09-24T08:15:04.830403+00:00
7894,1802.2659999999998,2026-09-24T08:15:04.830731+00:00
7895,1802.4309999999998,2026-09-24T08:15:04.831269+00:00
7896,1802.316,2026-09-24T08:15:04.831642+00:00
7897,1802.3400000000001,2026-09-24T08:15:04.832052+00:00
7898,1802.336,2026-09-24T08:15:04.832389+00:00
7899,1802.154,2026-09-24T08:15:04.832709+00:00
7900,1802.075,2026-09-24T08:15:04.833020+00:00
7901,1802.012,2026-09-24T08:15:04.833322+00:00
7902,1801.901,2026-09-24T08:15:04.833635+00:00
7903,1801.951,2026-09-24T08:15:04.834064+00:00
7904,1801.868,2026-09-24T08:15:04.834366+00:00
7905,1801.888,2026-09-24T08:15:04.834767+00:00
7906,1801.879,2026-09-24T08:15:04.835105+00:00
7907,1801.819,2026-09-24T08:15:04.835403+00:00
7908,1801.876,2026-09-24T08:15:04.835771+00:00
7909,1801.8639999999998,2026-09-24T08:15:04.836066+00:00
7910,1801.679,2026-09-24T08:15:04.836354+00:00
7911,1801.667,2026-09-24T08:15:04.836800+00:00
7912,1801.555,2026-09-24T08:15:04.837226+00:00
7913,1801.535,2026-09-24T08:15:04.837588+00:00
7914,1801.5149999999999,2026-09-24T08:15:04.837923+00:00
7915,1801.4289999999999,2026-09-24T08:15:04.838226+00:00
7916,1801.4170000000001,2026-09-24T08:15:04.838560+00:00
7917,1801.427,2026-09-24T08:15:04.838881+00:00
7918,1801.257,2026-09-24T08:15:04.839183+00:00
7919,1801.215,2026-09-24T08:15:04.839654+00:00
7920,1801.308,2026-09-24T08:15:04.840102+00:00
7921,1801.3349999999998,2026-09-24T08:15:04.840484+00:00
7922,1801.261,2026-09-24T08:15:04.840847+00:00
7923,1801.192,2026-09-24T08:15:04.841171+00:00
7924,1801.1029999999998,2026-09-24T08:15:04.841499+00:00
7925,1801.018,2026-09-24T08:15:04.841811+00:00
7926,1800.973,2026-09-24T08:15:04.842115+00:00
7927,1801.0980000000002,2026-09-24T08:15:04.842591+00:00
7928,1801.15,2026-09-24T08:15:04.843033+00:00
7929,1801.1219999999998,2026-09-24T08:15:04.843375+00:00
7930,1801.0710000000001,2026-09-24T08:15:04.843715+00:00
7931,1801.047,2026-09-24T08:15:04.844032+00:00
7932,1800.871,2026-09-24T08:15:04.844329+00:00
7933,1800.879,2026-09-24T08:15:04.844701+00:00
7934,1800.875,2026-09-24T08:15:04.845014+00:00
7935,1800.958,2026-09-24T08:15:04.845477+00:00
7936,1801.083,2026-09-24T08:15:04.845935+00:00
7937,1801.088,2026-09-24T08:15:04.846284+00:00
7938,1801.021,2026-09-24T08:15:04.846629+00:00
7939,1800.866,2026-09-24T08:15:04.846949+00:00
7940,1800.79,2026-09-24T08:15:04.847260+00:00
7941,1800.683,2026-09-24T08:15:04.847585+00:00
7942,1800.617,2026-09-24T08:15:04.847876+00:00
7943,1800.625,2026-09-24T08:15:04.848318+00:00
7944,1800.689,2026-09-24T08:15:04.848786+00:00
7945,1800.655,2026-09-24T08:15:04.849131+00:00
7946,1800.637,2026-09-24T08:15:04.849469+00:00
7947,1800.533,2026-09-24T08:15:04.849793+00:00
7948,1800.48,2026-09-24T08:15:04.850092+00:00
7949,1800.48,2026-09-24T08:15:04.850395+00:00
7950,1800.4569999999999,2026-09-24T08:15:04.850709+00:00
7951,1800.482,2026-09-24T08:15:04.851164+00:00
7952,1800.4679999999998,2026-09-24T08:15:04.851596+00:00
7953,1800.376,2026-09-24T08:15:04.851973+00:00
7954,1800.1419999999998,2026-09-24T08:15:04.852309+00:00
7955,1799.981,2026-09-24T08:15:04.852618+00:00
7956,1799.9270000000001,2026-09-24T08:15:04.852930+00:00
7957,1799.8529999999998,2026-09-24T08:15:04.853220+00:00
7958,1799.79,2026-09-24T08:15:04.853566+00:00
7959,1799.888,2026-09-24T08:15:04.854008+00:00
7960,1799.944,2026-09-24T08:15:04.854444+00:00
7961,1799.952,2026-09-24T08:15:04.854796+00:00
7962,1799.987,2026-09-24T08:15:04.855133+00:00
7963,1799.915,2026-09-24T08:15:04.855440+00:00
7964,1799.924,2026-09-24T08:15:04.855750+00:00
7965,1799.838,2026-09-24T08:15:04.856041+00:00
7966,1799.798,2026-09-24T08:15:04.856436+00:00
7967,1800.132,2026-09-24T08:15:04.857132+00:00
7968,1800.43,2026-09-24T08:15:04.857800+00:00
7969,1800.515,2026-09-24T08:15:04.858252+00:00
7970,1800.538,2026-09-24T08:15:04.858628+00:00
7971,1800.446,2026-09-24T08:15:04.858971+00:00
7972,1800.347,2026-09-24T08:15:04.859305+00:00
7973,1800.293,2026-09-24T08:15:04.859657+00:00
7974,1800.288,2026-09-24T08:15:04.859992+00:00
7975,1800.4309999999998,2026-09-24T08:15:04.860513+00:00
7976,1800.609,2026-09-24T08:15:04.860984+00:00
7977,1800.588,2026-09-24T08:15:04.861326+00:00
7978,1800.7340000000002,2026-09-24T08:15:04.861783+00:00
7979,1800.8519999999999,2026-09-24T08:15:04.862155+00:00
7980,1800.8580000000002,2026-09-24T08:15:04.862494+00:00
7981,1800.882,2026-09-24T08:15:04.862844+00:00
7982,1800.786,2026-09-24T08:15:04.863152+00:00
7983,1800.937,2026-09-24T08:15:04.863685+00:00
7984,1800.9850000000001,2026-09-24T08:15:04.864046+00:00
7985,1801.051,2026-09-24T08:15:04.864362+00:00
7986,1801.0839999999998,2026-09-24T08:15:04.864719+00:00
7987,1801.125,2026-09-24T08:15:04.865039+00:00
7988,1801.1580000000001,2026-09-24T08:15:04.865356+00:00
7989,1801.202,2026-09-24T08:15:04.865683+00:00
7990,1801.136,2026-09-24T08:15:04.866012+00:00
7991,1801.157,2026-09-24T08:15:04.866480+00:00
7992,1801.163,2026-09-24T08:15:04.866837+00:00
7993,1801.266,2026-09-24T08:15:04.867274+00:00
7994,1801.337,2026-09-24T08:15:04.867658+00:00
7995,1801.279,2026-09-24T08:15:04.867970+00:00
7996,1801.247,2026-09-24T08:15:04.868267+00:00
7997,1801.213,2026-09-24T08:15:04.868610+00:00
7998,1801.132,2026-09-24T08:15:04.868937+00:00
7999,1801.239,2026-09-24T08:15:04.869378+00:00
8000,1801.268,2026-09-24T08:15:04.869745+00:00
8001,1801.377,2026-09-24T08:15:04.870208+00:00
8002,1801.329,2026-09-24T08:15:04.870554+00:00
8003,1801.23,2026-09-24T08:15:04.870883+00:00
8004,1801.179,2026-09-24T08:15:04.871201+00:00
8005,1801.156,2026-09-24T08:15:04.871510+00:00
8006,1801.2109999999998,2026-09-24T08:15:04.871951+00:00
8007,1801.48,2026-09-24T08:15:04.872550+00:00
8008,1801.626,2026-09-24T08:15:04.873063+00:00
8009,1801.837,2026-09-24T08:15:04.873699+00:00
8010,1801.963,2026-09-24T08:15:04.874151+00:00
8011,1802.0179999999998,2026-09-24T08:15:04.874600+00:00
8012,1802.0259999999998,2026-09-24T08:15:04.874952+00:00
8013,1802.0620000000001,2026-09-24T08:15:04.875299+00:00
8014,1802.097,2026-09-24T08:15:04.875643+00:00
8015,1802.211,2026-09-24T08:15:04.876096+00:00
8016,1802.251,2026-09-24T08:15:04.876449+00:00
8017,1802.377,2026-09-24T08:15:04.876875+00:00
8018,1802.408,2026-09-24T08:15:04.877219+00:00
8019,1802.3210000000001,2026-09-24T08:15:04.877547+00:00
8020,1802.202,2026-09-24T08:15:04.877869+00:00
8021,1802.152,2026-09-24T08:15:04.878181+00:00
8022,1802.165,2026-09-24T08:15:04.878498+00:00
8023,1802.4009999999998,2026-09-24T08:15:04.879140+00:00
8024,1802.489,2026-09-24T08:15:04.879540+00:00
8025,1802.6789999999999,2026-09-24T08:15:04.880083+00:00
8026,1802.686,2026-09-24T08:15:04.880444+00:00
8027,1802.706,2026-09-24T08:15:04.880805+00:00
8028,1802.6789999999999,2026-09-24T08:15:04.881151+00:00
8029,1802.703,2026-09-24T08:15:04.881500+00:00
8030,1802.6850000000002,2026-09-24T08:15:04.881839+00:00
8031,1802.84,2026-09-24T08:15:04.882317+00:00
8032,1802.9360000000001,2026-09-24T08:15:04.882692+00:00
8033,1803.056,2026-09-24T08:15:04.883086+00:00
8034,1803.223,2026-09-24T08:15:04.883525+00:00
8035,1803.352,2026-09-24T08:15:04.883991+00:00
8036,1803.34,2026-09-24T08:15:04.884371+00:00
8037,1803.413,2026-09-24T08:15:04.884723+00:00
8038,1803.6129999999998,2026-09-24T08:15:04.885229+00:00
8039,1803.812,2026-09-24T08:15:04.885744+00:00
8040,1803.9080000000001,2026-09-24T08:15:04.886089+00:00
8041,1804.03,2026-09-24T08:15:04.886539+00:00
8042,1804.374,2026-09-24T08:15:04.887118+00:00
8043,1804.5249999999999,2026-09-24T08:15:04.887574+00:00
8044,1804.5359999999998,2026-09-24T08:15:04.887921+00:00
8045,1804.539,2026-09-24T08:15:04.888236+00:00
8046,1804.527,2026-09-24T08:15:04.888555+00:00
8047,1804.705,2026-09-24T08:15:04.889007+00:00
8048,1804.552,2026-09-24T08:15:04.889318+00:00
8049,1804.6219999999998,2026-09-24T08:15:04.889716+00:00
8050,1804.5720000000001,2026-09-24T08:15:04.890052+00:00
8051,1804.49,2026-09-24T08:15:04.890370+00:00
8052,1803.888,2026-09-24T08:15:04.890707+00:00
8053,1803.8700000000001,2026-09-24T08:15:04.891028+00:00
8054,1803.854,2026-09-24T08:15:04.891343+00:00
8055,1804.005,2026-09-24T08:15:04.891869+00:00
8056,1772.317,2026-09-24T08:15:04.892257+00:00
8057,1771.4840000000002,2026-09-24T08:15:04.892615+00:00
8058,1771.192,2026-09-24T08:15:04.893105+00:00
8059,1770.941,2026-09-24T08:15:04.893445+00:00
8060,1770.758,2026-09-24T08:15:04.893778+00:00
8061,1770.579,2026-09-24T08:15:04.894096+00:00
8062,1770.521,2026-09-24T08:15:04.894396+00:00
8063,1770.598,2026-09-24T08:15:04.894858+00:00
8064,1770.546,2026-09-24T08:15:04.895176+00:00
8065,1770.52,2026-09-24T08:15:04.895524+00:00
8066,1770.5010000000002,2026-09-24T08:15:04.895863+00:00
8067,1770.381,2026-09-24T08:15:04.896174+00:00
8068,1770.417,2026-09-24T08:15:04.896509+00:00
8069,1770.395,2026-09-24T08:15:04.896817+00:00
8070,1770.2720000000002,2026-09-24T08:15:04.897130+00:00
8071,1770.423,2026-09-24T08:15:04.897613+00:00
8072,1770.446,2026-09-24T08:15:04.897958+00:00
8073,1770.454,2026-09-24T08:15:04.898272+00:00
8074,1770.395,2026-09-24T08:15:04.898625+00:00
8075,1770.408,2026-09-24T08:15:04.898959+00:00
8076,1770.462,2026-09-24T08:15:04.899286+00:00
8077,1770.469,2026-09-24T08:15:04.899620+00:00
8078,1770.365,2026-09-24T08:15:04.899936+00:00
8079,1770.359,2026-09-24T08:15:04.900387+00:00
8080,1770.341,2026-09-24T08:15:04.900768+00:00
8081,1770.3439999999998,2026-09-24T08:15:04.901108+00:00
8082,1770.432,2026-09-24T08:15:04.901509+00:00
8083,1770.548,2026-09-24T08:15:04.901918+00:00
8084,1770.533,2026-09-24T08:15:04.902277+00:00
8085,1770.556,2026-09-24T08:15:04.902623+00:00
8086,1770.578,2026-09-24T08:15:04.902937+00:00
8087,1770.661,2026-09-24T08:15:04.903375+00:00
8088,1770.674,2026-09-24T08:15:04.903718+00:00
8089,1770.7189999999998,2026-09-24T08:15:04.904114+00:00
8090,1770.7489999999998,2026-09-24T08:15:04.904488+00:00
8091,1770.779,2026-09-24T08:15:04.904833+00:00
8092,1770.8,2026-09-24T08:15:04.905168+00:00
8093,1770.804,2026-09-24T08:15:04.905538+00:00
8094,1770.7,2026-09-24T08:15:04.905907+00:00
8095,1771.091,2026-09-24T08:15:04.906650+00:00
8096,1771.644,2026-09-24T08:15:04.907483+00:00
8097,1772.138,2026-09-24T08:15:04.908313+00:00
8098,1772.415,2026-09-24T08:15:04.908890+00:00
8099,1772.52,2026-09-24T08:15:04.909290+00:00
8100,1772.643,2026-09-24T08:15:04.909694+00:00
8101,1772.6599999999999,2026-09-24T08:15:04.910055+00:00
8102,1772.582,2026-09-24T08:15:04.910456+00:00
8103,1772.762,2026-09-24T08:15:04.910958+00:00
8104,1772.863,2026-09-24T08:15:04.911347+00:00
8105,1773.0520000000001,2026-09-24T08:15:04.911896+00:00
8106,1773.167,2026-09-24T08:15:04.912298+00:00
8107,1773.2369999999999,2026-09-24T08:15:04.912697+00:00
8108,1773.325,2026-09-24T08:15:04.913056+00:00
8109,1773.4730000000002,2026-09-24T08:15:04.913443+00:00
8110,1773.568,2026-09-24T08:15:04.913818+00:00
8111,1773.654,2026-09-24T08:15:04.914208+00:00
8112,1773.677,2026-09-24T08:15:04.914605+00:00
8113,1773.8709999999999,2026-09-24T08:15:04.915075+00:00
8114,1773.934,2026-09-24T08:15:04.915460+00:00
8115,1773.9450000000002,2026-09-24T08:15:04.915838+00:00
8116,1774.042,2026-09-24T08:15:04.916197+00:00
8117,1773.947,2026-09-24T08:15:04.916560+00:00
8118,1773.96,2026-09-24T08:15:04.916905+00:00
8119,1774.03,2026-09-24T08:15:04.917274+00:00
8120,1774.105,2026-09-24T08:15:04.917654+00:00
8121,1774.2659999999998,2026-09-24T08:15:04.918084+00:00
8122,1774.323,2026-09-24T08:15:04.918455+00:00
8123,1774.402,2026-09-24T08:15:04.918810+00:00
8124,1774.394,2026-09-24T08:15:04.919186+00:00
8125,1774.364,2026-09-24T08:15:04.919533+00:00
8126,1774.394,2026-09-24T08:15:04.919868+00:00
8127,1774.431,2026-09-24T08:15:04.920319+00:00
8128,1774.608,2026-09-24T08:15:04.920857+00:00
8129,1774.94,2026-09-24T08:15:04.921538+00:00
8130,1775.081,2026-09-24T08:15:04.921998+00:00
8131,1775.174,2026-09-24T08:15:04.922362+00:00
8132,1775.166,2026-09-24T08:15:04.922743+00:00
8133,1775.212,2026-09-24T08:15:04.923107+00:00
8134,1775.182,2026-09-24T08:15:04.923452+00:00
8135,1775.234,2026-09-24T08:15:04.923857+00:00
8136,1775.326,2026-09-24T08:15:04.924211+00:00
8137,1775.4099999999999,2026-09-24T08:15:04.924668+00:00
8138,1775.306,2026-09-24T08:15:04.925044+00:00
8139,1775.2920000000001,2026-09-24T08:15:04.925382+00:00
8140,1775.2259999999999,2026-09-24T08:15:04.925729+00:00
8141,1775.063,2026-09-24T08:15:04.926067+00:00
8142,1775.034,2026-09-24T08:15:04.926397+00:00
8143,1775.042,2026-09-24T08:15:04.926792+00:00
8144,1775.064,2026-09-24T08:15:04.927126+00:00
8145,1775.279,2026-09-24T08:15:04.927572+00:00
8146,1775.3609999999999,2026-09-24T08:15:04.927934+00:00
8147,1775.347,2026-09-24T08:15:04.928272+00:00
8148,1775.3239999999998,2026-09-24T08:15:04.928629+00:00
8149,1775.2859999999998,2026-09-24T08:15:04.928979+00:00
8150,1775.24,2026-09-24T08:15:04.929334+00:00
8151,1775.3890000000001,2026-09-24T08:15:04.929870+00:00
8152,1775.474,2026-09-24T08:15:04.930266+00:00
8153,1775.509,2026-09-24T08:15:04.930739+00:00
8154,1775.518,2026-09-24T08:15:04.931077+00:00
8155,1775.491,2026-09-24T08:15:04.931404+00:00
8156,1775.535,2026-09-24T08:15:04.931734+00:00
8157,1775.4479999999999,2026-09-24T08:15:04.932053+00:00
8158,1775.455,2026-09-24T08:15:04.932368+00:00
8159,1775.634,2026-09-24T08:15:04.932798+00:00
8160,1775.731,2026-09-24T08:15:04.933194+00:00
8161,1775.8890000000001,2026-09-24T08:15:04.933669+00:00
8162,1775.933,2026-09-24T08:15:04.934003+00:00
8163,1775.904,2026-09-24T08:15:04.934328+00:00
8164,1775.832,2026-09-24T08:15:04.934717+00:00
8165,1775.77,2026-09-24T08:15:04.935058+00:00
8166,1775.721,2026-09-24T08:15:04.935347+00:00
8167,1775.663,2026-09-24T08:15:04.935713+00:00
8168,1775.681,2026-09-24T08:15:04.936056+00:00
8169,1775.662,2026-09-24T08:15:04.936425+00:00
8170,1775.636,2026-09-24T08:15:04.936741+00:00
8171,1775.67,2026-09-24T08:15:04.937073+00:00
8172,1775.584,2026-09-24T08:15:04.937374+00:00
8173,1775.519,2026-09-24T08:15:04.937691+00:00
8174,1775.476,2026-09-24T08:15:04.937982+00:00
8175,1775.488,2026-09-24T08:15:04.938314+00:00
8176,1775.577,2026-09-24T08:15:04.938697+00:00
8177,1775.622,2026-09-24T08:15:04.939070+00:00
8178,1775.59,2026-09-24T08:15:04.939383+00:00
8179,1775.6009999999999,2026-09-24T08:15:04.939709+00:00
8180,1775.388,2026-09-24T08:15:04.940005+00:00
8181,1775.3220000000001,2026-09-24T08:15:04.940285+00:00
8182,1775.3049999999998,2026-09-24T08:15:04.940590+00:00
8183,1775.302,2026-09-24T08:15:04.940906+00:00
8184,1775.353,2026-09-24T08:15:04.941259+00:00
8185,1775.4319999999998,2026-09-24T08:15:04.941659+00:00
8186,1775.395,2026-09-24T08:15:04.941969+00:00
8187,1775.374,2026-09-24T08:15:04.942268+00:00
8188,1775.3380000000002,2026-09-24T08:15:04.942579+00:00
8189,1775.21,2026-09-24T08:15:04.942889+00:00
8190,1775.217,2026-09-24T08:15:04.943195+00:00
8191,1775.329,2026-09-24T08:15:04.943689+00:00
8192,1775.358,2026-09-24T08:15:04.944045+00:00
8193,1775.491,2026-09-24T08:15:04.944497+00:00
8194,1775.501,2026-09-24T08:15:04.944856+00:00
8195,1775.468,2026-09-24T08:15:04.945157+00:00
8196,1775.529,2026-09-24T08:15:04.945486+00:00
8197,1775.5780000000002,2026-09-24T08:15:04.945819+00:00
8198,1775.5700000000002,2026-09-24T08:15:04.946141+00:00
8199,1775.7,2026-09-24T08:15:04.946618+00:00
8200,1775.777,2026-09-24T08:15:04.946977+00:00
8201,1775.9959999999999,2026-09-24T08:15:04.947467+00:00
8202,1776.0720000000001,2026-09-24T08:15:04.947844+00:00
8203,1776.0020000000002,2026-09-24T08:15:04.948162+00:00
8204,1775.9769999999999,2026-09-24T08:15:04.948487+00:00
8205,1775.896,2026-09-24T08:15:04.948817+00:00
8206,1775.8220000000001,2026-09-24T08:15:04.949110+00:00
8207,1776.071,2026-09-24T08:15:04.949725+00:00
8208,1776.3,2026-09-24T08:15:04.950271+00:00
8209,1776.343,2026-09-24T08:15:04.950828+00:00
8210,1776.349,2026-09-24T08:15:04.951313+00:00
8211,1776.122,2026-09-24T08:15:04.951696+00:00
8212,1776.067,2026-09-24T08:15:04.952032+00:00
8213,1776.01,2026-09-24T08:15:04.952368+00:00
8214,1775.997,2026-09-24T08:15:04.952690+00:00
8215,1776.0620000000001,2026-09-24T08:15:04.953088+00:00
8216,1775.995,2026-09-24T08:15:04.953401+00:00
8217,1775.986,2026-09-24T08:15:04.953761+00:00
8218,1776.037,2026-09-24T08:15:04.954102+00:00
8219,1775.984,2026-09-24T08:15:04.954463+00:00
8220,1775.9830000000002,2026-09-24T08:15:04.954788+00:00
8221,1776.019,2026-09-24T08:15:04.955117+00:00
8222,1775.973,2026-09-24T08:15:04.955496+00:00
8223,1776.0069999999998,2026-09-24T08:15:04.955880+00:00
8224,1776.097,2026-09-24T08:15:04.956253+00:00
8225,1776.147,2026-09-24T08:15:04.956654+00:00
8226,1776.149,2026-09-24T08:15:04.957025+00:00
8227,1776.163,2026-09-24T08:15:04.957330+00:00
8228,1776.1560000000002,2026-09-24T08:15:04.957672+00:00
8229,1776.206,2026-09-24T08:15:04.957994+00:00
8230,1776.231,2026-09-24T08:15:04.958294+00:00
8231,1776.311,2026-09-24T08:15:04.958630+00:00
8232,1776.29,2026-09-24T08:15:04.958965+00:00
8233,1776.34,2026-09-24T08:15:04.959302+00:00
8234,1776.432,2026-09-24T08:15:04.959637+00:00
8235,1776.491,2026-09-24T08:15:04.959972+00:00
8236,1776.389,2026-09-24T08:15:04.960313+00:00
8237,1776.366,2026-09-24T08:15:04.960732+00:00
8238,1776.357,2026-09-24T08:15:04.961068+00:00
8239,1776.298,2026-09-24T08:15:04.961429+00:00
8240,1776.3819999999998,2026-09-24T08:15:04.961788+00:00
8241,1776.5089999999998,2026-09-24T08:15:04.962237+00:00
8242,1776.481,2026-09-24T08:15:04.962629+00:00
8243,1776.519,2026-09-24T08:15:04.962968+00:00
8244,1776.5610000000001,2026-09-24T08:15:04.963287+00:00
8245,1776.585,2026-09-24T08:15:04.963643+00:00
8246,1776.596,2026-09-24T08:15:04.963960+00:00
8247,1776.5910000000001,2026-09-24T08:15:04.964294+00:00
8248,1776.5089999999998,2026-09-24T08:15:04.964669+00:00
8249,1776.483,2026-09-24T08:15:04.965022+00:00
8250,1776.1789999999999,2026-09-24T08:15:04.965387+00:00
8251,1776.147,2026-09-24T08:15:04.965755+00:00
8252,1776.135,2026-09-24T08:15:04.966074+00:00
8253,1776.159,2026-09-24T08:15:04.966394+00:00
8254,1776.175,2026-09-24T08:15:04.966727+00:00
8255,1776.176,2026-09-24T08:15:04.967076+00:00
8256,1776.237,2026-09-24T08:15:04.967421+00:00
8257,1776.308,2026-09-24T08:15:04.967893+00:00
8258,1776.3709999999999,2026-09-24T08:15:04.968245+00:00
8259,1776.3,2026-09-24T08:15:04.968597+00:00
8260,1776.2389999999998,2026-09-24T08:15:04.968921+00:00
8261,1776.218,2026-09-24T08:15:04.969227+00:00
8262,1776.045,2026-09-24T08:15:04.969555+00:00
8263,1775.9940000000001,2026-09-24T08:15:04.969881+00:00
8264,1776.031,2026-09-24T08:15:04.970224+00:00
8265,1776.059,2026-09-24T08:15:04.970661+00:00
8266,1776.1480000000001,2026-09-24T08:15:04.971036+00:00
8267,1776.193,2026-09-24T08:15:04.971396+00:00
8268,1776.1960000000001,2026-09-24T08:15:04.971735+00:00
8269,1776.158,2026-09-24T08:15:04.972041+00:00
8270,1776.086,2026-09-24T08:15:04.972339+00:00
8271,1776.1499999999999,2026-09-24T08:15:04.972680+00:00
8272,1776.149,2026-09-24T08:15:04.973047+00:00
8273,1776.163,2026-09-24T08:15:04.973380+00:00
8274,1776.106,2026-09-24T08:15:04.973731+00:00
8275,1775.2740000000001,2026-09-24T08:15:04.974041+00:00
8276,1775.155,2026-09-24T08:15:04.974323+00:00
8277,1775.097,2026-09-24T08:15:04.974646+00:00
8278,1775.031,2026-09-24T08:15:04.974941+00:00
8279,1775.025,2026-09-24T08:15:04.975259+00:00
8280,1775.05,2026-09-24T08:15:04.975664+00:00
8281,1775.055,2026-09-24T08:15:04.976029+00:00
8282,1775.088,2026-09-24T08:15:04.976359+00:00
8283,1775.119,2026-09-24T08:15:04.976692+00:00
8284,1775.134,2026-09-24T08:15:04.977002+00:00
8285,1775.154,2026-09-24T08:15:04.977305+00:00
8286,1775.4399999999998,2026-09-24T08:15:04.977834+00:00
8287,1759.331,2026-09-24T08:15:04.978249+00:00
8288,1759.046,2026-09-24T08:15:04.978728+00:00
8289,1758.983,2026-09-24T08:15:04.979145+00:00
8290,1759.086,2026-09-24T08:15:04.979674+00:00
8291,1759.309,2026-09-24T08:15:04.980194+00:00
8292,1759.4080000000001,2026-09-24T08:15:04.980607+00:00
8293,1759.461,2026-09-24T08:15:04.980953+00:00
8294,1759.74,2026-09-24T08:15:04.981510+00:00
8295,1759.8180000000002,2026-09-24T08:15:04.981915+00:00
8296,1759.887,2026-09-24T08:15:04.982274+00:00
8297,1759.879,2026-09-24T08:15:04.982637+00:00
8298,1759.893,2026-09-24T08:15:04.982990+00:00
8299,1759.851,2026-09-24T08:15:04.983301+00:00
8300,1760.165,2026-09-24T08:15:04.983884+00:00
8301,1760.146,2026-09-24T08:15:04.984212+00:00
8302,1760.316,2026-09-24T08:15:04.984628+00:00
8303,1760.38,2026-09-24T08:15:04.984986+00:00
8304,1760.4599999999998,2026-09-24T08:15:04.985358+00:00
8305,1760.562,2026-09-24T08:15:04.985741+00:00
8306,1760.54,2026-09-24T08:15:04.986083+00:00
8307,1760.608,2026-09-24T08:15:04.986407+00:00
8308,1760.979,2026-09-24T08:15:04.987083+00:00
8309,1760.946,2026-09-24T08:15:04.987476+00:00
8310,1760.935,2026-09-24T08:15:04.987922+00:00
8311,1760.913,2026-09-24T08:15:04.988278+00:00
8312,1761.136,2026-09-24T08:15:04.988808+00:00
8313,1761.193,2026-09-24T08:15:04.989232+00:00
8314,1761.264,2026-09-24T08:15:04.989639+00:00
8315,1761.2779999999998,2026-09-24T08:15:04.989967+00:00
8316,1761.47,2026-09-24T08:15:04.990440+00:00
8317,1761.512,2026-09-24T08:15:04.990759+00:00
8318,1761.574,2026-09-24T08:15:04.991115+00:00
8319,1761.616,2026-09-24T08:15:04.991443+00:00
8320,1761.7469999999998,2026-09-24T08:15:04.991851+00:00
8321,1761.7910000000002,2026-09-24T08:15:04.992215+00:00
8322,1761.854,2026-09-24T08:15:04.992579+00:00
8323,1761.816,2026-09-24T08:15:04.992883+00:00
8324,1761.772,2026-09-24T08:15:04.993230+00:00
8325,1761.639,2026-09-24T08:15:04.993556+00:00
8326,1761.4650000000001,2026-09-24T08:15:04.993913+00:00
8327,1761.509,2026-09-24T08:15:04.994307+00:00
8328,1761.4650000000001,2026-09-24T08:15:04.994724+00:00
8329,1761.544,2026-09-24T08:15:04.995203+00:00
8330,1761.5240000000001,2026-09-24T08:15:04.995581+00:00
8331,1761.536,2026-09-24T08:15:04.995919+00:00
8332,1761.394,2026-09-24T08:15:04.996230+00:00
8333,1761.3719999999998,2026-09-24T08:15:04.996623+00:00
8334,1761.365,2026-09-24T08:15:04.997016+00:00
8335,1761.31,2026-09-24T08:15:04.997358+00:00
8336,1761.346,2026-09-24T08:15:04.997783+00:00
8337,1761.18,2026-09-24T08:15:04.998170+00:00
8338,1761.272,2026-09-24T08:15:04.998665+00:00
8339,1761.285,2026-09-24T08:15:04.999087+00:00
8340,1761.1840000000002,2026-09-24T08:15:04.999463+00:00
8341,1761.075,2026-09-24T08:15:04.999817+00:00
8342,1760.994,2026-09-24T08:15:05.000192+00:00
8343,1760.972,2026-09-24T08:15:05.000570+00:00
8344,1761.013,2026-09-24T08:15:05.000966+00:00
8345,1761.058,2026-09-24T08:15:05.001331+00:00
8346,1761.15,2026-09-24T08:15:05.001730+00:00
8347,1761.15,2026-09-24T08:15:05.002066+00:00
8348,1761.182,2026-09-24T08:15:05.002426+00:00
8349,1760.8680000000002,2026-09-24T08:15:05.002747+00:00
8350,1760.7269999999999,2026-09-24T08:15:05.003101+00:00
8351,1760.6399999999999,2026-09-24T08:15:05.003436+00:00
8352,1760.5710000000001,2026-09-24T08:15:05.003820+00:00
8353,1760.51,2026-09-24T08:15:05.004178+00:00
8354,1760.558,2026-09-24T08:15:05.004503+00:00
8355,1760.54,2026-09-24T08:15:05.004805+00:00
8356,1760.5010000000002,2026-09-24T08:15:05.005094+00:00
8357,1760.414,2026-09-24T08:15:05.005375+00:00
8358,1760.342,2026-09-24T08:15:05.005741+00:00
8359,1760.318,2026-09-24T08:15:05.006071+00:00
8360,1760.2839999999999,2026-09-24T08:15:05.006454+00:00
8361,1760.2459999999999,2026-09-24T08:15:05.006829+00:00
8362,1760.133,2026-09-24T08:15:05.007156+00:00
8363,1760.008,2026-09-24T08:15:05.007479+00:00
8364,1759.8400000000001,2026-09-24T08:15:05.007784+00:00
8365,1759.9309999999998,2026-09-24T08:15:05.008251+00:00
8366,1759.951,2026-09-24T08:15:05.008750+00:00
8367,1759.9070000000002,2026-09-24T08:15:05.009123+00:00
8368,1759.9830000000002,2026-09-24T08:15:05.009573+00:00
8369,1759.999,2026-09-24T08:15:05.009967+00:00
8370,1759.915,2026-09-24T08:15:05.010299+00:00
8371,1759.824,2026-09-24T08:15:05.010614+00:00
8372,1759.808,2026-09-24T08:15:05.010978+00:00
8373,1759.682,2026-09-24T08:15:05.011271+00:00
8374,1759.662,2026-09-24T08:15:05.011651+00:00
8375,1759.673,2026-09-24T08:15:05.012003+00:00
8376,1759.786,2026-09-24T08:15:05.012378+00:00
8377,1759.893,2026-09-24T08:15:05.012798+00:00
8378,1759.833,2026-09-24T08:15:05.013127+00:00
8379,1759.7730000000001,2026-09-24T08:15:05.013430+00:00
8380,1759.8069999999998,2026-09-24T08:15:05.013744+00:00
8381,1759.792,2026-09-24T08:15:05.014043+00:00
8382,1759.854,2026-09-24T08:15:05.014396+00:00
8383,1759.8990000000001,2026-09-24T08:15:05.014756+00:00
8384,1759.9089999999999,2026-09-24T08:15:05.015116+00:00
8385,1760.03,2026-09-24T08:15:05.015586+00:00
8386,1760.0359999999998,2026-09-24T08:15:05.015908+00:00
8387,1760.0629999999999,2026-09-24T08:15:05.016192+00:00
8388,1760.116,2026-09-24T08:15:05.016501+00:00
8389,1760.12,2026-09-24T08:15:05.016780+00:00
8390,1760.182,2026-09-24T08:15:05.017150+00:00
8391,1760.275,2026-09-24T08:15:05.017509+00:00
8392,1760.376,2026-09-24T08:15:05.017874+00:00
8393,1760.329,2026-09-24T08:15:05.018220+00:00
8394,1760.263,2026-09-24T08:15:05.018536+00:00
8395,1760.287,2026-09-24T08:15:05.018837+00:00
8396,1760.362,2026-09-24T08:15:05.019186+00:00
8397,1760.329,2026-09-24T08:15:05.019498+00:00
8398,1760.2930000000001,2026-09-24T08:15:05.019854+00:00
8399,1760.2930000000001,2026-09-24T08:15:05.020221+00:00
8400,1760.3960000000002,2026-09-24T08:15:05.020618+00:00
8401,1760.361,2026-09-24T08:15:05.020977+00:00
8402,1760.351,2026-09-24T08:15:05.021288+00:00
8403,1760.308,2026-09-24T08:15:05.021607+00:00
8404,1760.304,2026-09-24T08:15:05.021919+00:00
8405,1760.3439999999998,2026-09-24T08:15:05.022237+00:00
8406,1760.424,2026-09-24T08:15:05.022641+00:00
8407,1760.4550000000002,2026-09-24T08:15:05.023097+00:00
8408,1760.5230000000001,2026-09-24T08:15:05.023543+00:00
8409,1760.55,2026-09-24T08:15:05.023888+00:00
8410,1760.5040000000001,2026-09-24T08:15:05.024217+00:00
8411,1760.515,2026-09-24T08:15:05.024557+00:00
8412,1760.97,2026-09-24T08:15:05.025268+00:00
8413,1761.142,2026-09-24T08:15:05.025759+00:00
8414,1761.348,2026-09-24T08:15:05.026204+00:00
8415,1761.51,2026-09-24T08:15:05.026622+00:00
8416,1761.6909999999998,2026-09-24T08:15:05.027067+00:00
8417,1761.673,2026-09-24T08:15:05.027441+00:00
8418,1761.6970000000001,2026-09-24T08:15:05.027790+00:00
8419,1761.6879999999999,2026-09-24T08:15:05.028084+00:00
8420,1761.774,2026-09-24T08:15:05.028538+00:00
8421,1761.805,2026-09-24T08:15:05.028871+00:00
8422,1761.837,2026-09-24T08:15:05.029214+00:00
8423,1761.925,2026-09-24T08:15:05.029694+00:00
8424,1762.1370000000002,2026-09-24T08:15:05.030212+00:00
8425,1762.2340000000002,2026-09-24T08:15:05.030622+00:00
8426,1762.332,2026-09-24T08:15:05.031140+00:00
8427,1762.128,2026-09-24T08:15:05.031524+00:00
8428,1762.081,2026-09-24T08:15:05.031959+00:00
8429,1762.021,2026-09-24T08:15:05.032445+00:00
8430,1762.057,2026-09-24T08:15:05.032930+00:00
8431,1762.139,2026-09-24T08:15:05.033346+00:00
8432,1762.404,2026-09-24T08:15:05.033984+00:00
8433,1762.288,2026-09-24T08:15:05.034407+00:00
8434,1762.375,2026-09-24T08:15:05.034943+00:00
8435,1762.381,2026-09-24T08:15:05.035316+00:00
8436,1762.451,2026-09-24T08:15:05.035753+00:00
8437,1762.402,2026-09-24T08:15:05.036188+00:00
8438,1762.4979999999998,2026-09-24T08:15:05.036638+00:00
8439,1762.386,2026-09-24T08:15:05.036996+00:00
8440,1762.465,2026-09-24T08:15:05.037355+00:00
8441,1762.5310000000002,2026-09-24T08:15:05.037791+00:00
8442,1762.702,2026-09-24T08:15:05.038316+00:00
8443,1762.84,2026-09-24T08:15:05.038757+00:00
8444,1720.542,2026-09-24T08:15:05.039141+00:00
8445,1720.107,2026-09-24T08:15:05.039567+00:00
8446,1720.182,2026-09-24T08:15:05.040030+00:00
8447,1720.3010000000002,2026-09-24T08:15:05.040609+00:00
8448,1720.352,2026-09-24T08:15:05.041084+00:00
8449,1720.3120000000001,2026-09-24T08:15:05.041491+00:00
8450,1720.421,2026-09-24T08:15:05.041965+00:00
8451,1720.2679999999998,2026-09-24T08:15:05.042313+00:00
8452,1720.364,2026-09-24T08:15:05.042749+00:00
8453,1720.368,2026-09-24T08:15:05.043157+00:00
8454,1720.367,2026-09-24T08:15:05.043528+00:00
8455,1720.412,2026-09-24T08:15:05.043933+00:00
8456,1720.404,2026-09-24T08:15:05.044293+00:00
8457,1720.359,2026-09-24T08:15:05.044706+00:00
8458,1720.348,2026-09-24T08:15:05.045152+00:00
8459,1720.397,2026-09-24T08:15:05.045510+00:00
8460,1720.361,2026-09-24T08:15:05.045908+00:00
8461,1720.401,2026-09-24T08:15:05.046299+00:00
8462,1720.562,2026-09-24T08:15:05.046721+00:00
8463,1720.591,2026-09-24T08:15:05.047077+00:00
8464,1720.6999999999998,2026-09-24T08:15:05.047455+00:00
8465,1720.647,2026-09-24T08:15:05.047810+00:00
8466,1720.736,2026-09-24T08:15:05.048235+00:00
8467,1720.8319999999999,2026-09-24T08:15:05.048599+00:00
8468,1720.9350000000002,2026-09-24T08:15:05.049007+00:00
8469,1720.932,2026-09-24T08:15:05.049393+00:00
8470,1721.035,2026-09-24T08:15:05.049803+00:00
8471,1721.072,2026-09-24T08:15:05.050157+00:00
8472,1721.1989999999998,2026-09-24T08:15:05.050555+00:00
8473,1721.366,2026-09-24T08:15:05.051021+00:00
8474,1721.465,2026-09-24T08:15:05.051490+00:00
8475,1721.6180000000002,2026-09-24T08:15:05.051966+00:00
8476,1721.855,2026-09-24T08:15:05.052465+00:00
8477,1721.9150000000002,2026-09-24T08:15:05.052862+00:00
8478,1722.0310000000002,2026-09-24T08:15:05.053233+00:00
8479,1722.169,2026-09-24T08:15:05.053670+00:00
8480,1722.207,2026-09-24T08:15:05.054014+00:00
8481,1722.27,2026-09-24T08:15:05.054357+00:00
8482,1722.4189999999999,2026-09-24T08:15:05.054810+00:00
8483,1722.451,2026-09-24T08:15:05.055141+00:00
8484,1722.5729999999999,2026-09-24T08:15:05.055529+00:00
8485,1722.7079999999999,2026-09-24T08:15:05.055943+00:00
8486,1722.789,2026-09-24T08:15:05.056284+00:00
8487,1722.974,2026-09-24T08:15:05.056692+00:00
8488,1723.305,2026-09-24T08:15:05.057291+00:00
8489,1723.53,2026-09-24T08:15:05.057823+00:00
8490,1723.657,2026-09-24T08:15:05.058225+00:00
8491,1723.5620000000001,2026-09-24T08:15:05.058525+00:00
8492,1723.5739999999998,2026-09-24T08:15:05.058847+00:00
8493,1723.3210000000001,2026-09-24T08:15:05.059177+00:00
8494,1723.3110000000001,2026-09-24T08:15:05.059523+00:00
8495,1723.317,2026-09-24T08:15:05.059825+00:00
8496,1723.25,2026-09-24T08:15:05.060114+00:00
8497,1723.135,2026-09-24T08:15:05.060400+00:00
8498,1723.217,2026-09-24T08:15:05.060793+00:00
8499,1723.2369999999999,2026-09-24T08:15:05.061109+00:00
8500,1723.2920000000001,2026-09-24T08:15:05.061436+00:00
8501,1724.375,2026-09-24T08:15:05.062909+00:00
8502,1724.4489999999998,2026-09-24T08:15:05.063274+00:00
8503,1724.498,2026-09-24T08:15:05.063627+00:00
8504,1724.494,2026-09-24T08:15:05.063962+00:00
8505,1724.496,2026-09-24T08:15:05.064291+00:00
8506,1724.677,2026-09-24T08:15:05.064768+00:00
8507,1724.747,2026-09-24T08:15:05.065123+00:00
8508,1724.736,2026-09-24T08:15:05.065474+00:00
8509,1724.815,2026-09-24T08:15:05.065826+00:00
8510,1724.907,2026-09-24T08:15:05.066166+00:00
8511,1724.989,2026-09-24T08:15:05.066530+00:00
8512,1724.907,2026-09-24T08:15:05.066868+00:00
8513,1724.906,2026-09-24T08:15:05.067206+00:00
8514,1725.22,2026-09-24T08:15:05.067789+00:00
8515,1725.3890000000001,2026-09-24T08:15:05.068196+00:00
8516,1725.492,2026-09-24T08:15:05.068591+00:00
8517,1725.411,2026-09-24T08:15:05.068950+00:00
8518,1725.508,2026-09-24T08:15:05.069348+00:00
8519,1725.5320000000002,2026-09-24T08:15:05.069712+00:00
8520,1725.592,2026-09-24T08:15:05.070069+00:00
8521,1725.7,2026-09-24T08:15:05.070424+00:00
8522,1725.722,2026-09-24T08:15:05.070799+00:00
8523,1725.752,2026-09-24T08:15:05.071235+00:00
8524,1725.9089999999999,2026-09-24T08:15:05.071681+00:00
8525,1726.043,2026-09-24T08:15:05.072071+00:00
8526,1726.154,2026-09-24T08:15:05.072443+00:00
8527,1726.229,2026-09-24T08:15:05.072808+00:00
8528,1726.3200000000002,2026-09-24T08:15:05.073165+00:00
8529,1726.47,2026-09-24T08:15:05.073555+00:00
8530,1726.558,2026-09-24T08:15:05.073937+00:00
8531,1726.795,2026-09-24T08:15:05.074461+00:00
8532,1727.91,2026-09-24T08:15:05.075815+00:00
8533,1728.296,2026-09-24T08:15:05.076454+00:00
8534,1728.7749999999999,2026-09-24T08:15:05.077145+00:00
8535,1728.993,2026-09-24T08:15:05.077658+00:00
8536,1729.1209999999999,2026-09-24T08:15:05.078063+00:00
8537,1729.1209999999999,2026-09-24T08:15:05.078465+00:00
8538,1729.3210000000001,2026-09-24T08:15:05.079043+00:00
8539,1729.331,2026-09-24T08:15:05.079380+00:00
8540,1729.506,2026-09-24T08:15:05.079839+00:00
8541,1729.887,2026-09-24T08:15:05.080526+00:00
8542,1730.027,2026-09-24T08:15:05.080935+00:00
8543,1730.027,2026-09-24T08:15:05.081258+00:00
8544,1730.038,2026-09-24T08:15:05.081577+00:00
8545,1729.862,2026-09-24T08:15:05.081890+00:00
8546,1729.911,2026-09-24T08:15:05.082335+00:00
8547,1730.0919999999999,2026-09-24T08:15:05.082843+00:00
8548,1729.951,2026-09-24T08:15:05.083189+00:00
8549,1729.82,2026-09-24T08:15:05.083509+00:00
8550,1729.677,2026-09-24T08:15:05.083845+00:00
8551,1730.009,2026-09-24T08:15:05.084562+00:00
8552,1729.992,2026-09-24T08:15:05.084967+00:00
8553,1729.93,2026-09-24T08:15:05.085381+00:00
8554,1730.0500000000002,2026-09-24T08:15:05.085970+00:00
8555,1730.079,2026-09-24T08:15:05.086361+00:00
8556,1730.1290000000001,2026-09-24T08:15:05.086770+00:00
8557,1730.076,2026-09-24T08:15:05.087073+00:00
8558,1730.083,2026-09-24T08:15:05.087371+00:00
8559,1730.043,2026-09-24T08:15:05.087706+00:00
8560,1729.948,2026-09-24T08:15:05.088005+00:00
8561,1729.919,2026-09-24T08:15:05.088294+00:00
8562,1729.8100000000002,2026-09-24T08:15:05.088615+00:00
8563,1729.75,2026-09-24T08:15:05.088916+00:00
8564,1729.619,2026-09-24T08:15:05.089209+00:00
8565,1729.617,2026-09-24T08:15:05.089518+00:00
8566,1729.529,2026-09-24T08:15:05.089823+00:00
8567,1729.379,2026-09-24T08:15:05.090120+00:00
8568,1729.2810000000002,2026-09-24T08:15:05.090407+00:00
8569,1729.1380000000001,2026-09-24T08:15:05.090733+00:00
8570,1729.0529999999999,2026-09-24T08:15:05.091027+00:00
8571,1728.446,2026-09-24T08:15:05.091310+00:00
8572,1728.7259999999999,2026-09-24T08:15:05.091943+00:00
8573,1728.6619999999998,2026-09-24T08:15:05.092263+00:00
8574,1728.688,2026-09-24T08:15:05.092580+00:00
8575,1728.587,2026-09-24T08:15:05.092879+00:00
8576,1728.503,2026-09-24T08:15:05.093171+00:00
8577,1728.451,2026-09-24T08:15:05.093538+00:00
8578,1728.401,2026-09-24T08:15:05.093870+00:00
8579,1728.261,2026-09-24T08:15:05.094156+00:00
8580,1728.221,2026-09-24T08:15:05.094493+00:00
8581,1728.1299999999999,2026-09-24T08:15:05.094794+00:00
8582,1728.124,2026-09-24T08:15:05.095071+00:00
8583,1728.109,2026-09-24T08:15:05.095344+00:00
8584,1728.046,2026-09-24T08:15:05.095638+00:00
8585,1728.054,2026-09-24T08:15:05.095917+00:00
8586,1727.9189999999999,2026-09-24T08:15:05.096195+00:00
8587,1727.978,2026-09-24T08:15:05.096544+00:00
8588,1727.993,2026-09-24T08:15:05.096843+00:00
8589,1727.982,2026-09-24T08:15:05.097141+00:00
8590,1728.003,2026-09-24T08:15:05.097431+00:00
8591,1727.817,2026-09-24T08:15:05.097719+00:00
8592,1727.7610000000002,2026-09-24T08:15:05.097999+00:00
8593,1727.658,2026-09-24T08:15:05.098270+00:00
8594,1727.584,2026-09-24T08:15:05.098574+00:00
8595,1727.484,2026-09-24T08:15:05.098860+00:00
8596,1727.457,2026-09-24T08:15:05.099151+00:00
8597,1727.442,2026-09-24T08:15:05.099442+00:00
8598,1727.445,2026-09-24T08:15:05.099722+00:00
8599,1727.3220000000001,2026-09-24T08:15:05.100002+00:00
8600,1727.291,2026-09-24T08:15:05.100276+00:00
8601,1727.291,2026-09-24T08:15:05.100567+00:00
8602,1727.266,2026-09-24T08:15:05.100849+00:00
8603,1727.293,2026-09-24T08:15:05.101129+00:00
8604,1727.338,2026-09-24T08:15:05.101426+00:00
8605,1727.284,2026-09-24T08:15:05.101715+00:00
8606,1727.202,2026-09-24T08:15:05.101996+00:00
8607,1727.191,2026-09-24T08:15:05.102281+00:00
8608,1727.191,2026-09-24T08:15:05.102570+00:00
8609,1727.1399999999999,2026-09-24T08:15:05.102852+00:00
8610,1727.12,2026-09-24T08:15:05.103162+00:00
8611,1727.057,2026-09-24T08:15:05.103445+00:00
8612,1726.983,2026-09-24T08:15:05.103741+00:00
8613,1726.936,2026-09-24T08:15:05.104031+00:00
8614,1726.814,2026-09-24T08:15:05.104304+00:00
8615,1726.741,2026-09-24T08:15:05.104592+00:00
8616,1726.702,2026-09-24T08:15:05.104863+00:00
8617,1726.686,2026-09-24T08:15:05.105132+00:00
8618,1726.5919999999999,2026-09-24T08:15:05.105420+00:00
8619,1726.53,2026-09-24T08:15:05.105710+00:00
8620,1726.479,2026-09-24T08:15:05.105998+00:00
8621,1726.416,2026-09-24T08:15:05.106284+00:00
8622,1726.298,2026-09-24T08:15:05.106562+00:00
8623,1726.2459999999999,2026-09-24T08:15:05.106844+00:00
8624,1726.248,2026-09-24T08:15:05.107118+00:00
8625,1726.1409999999998,2026-09-24T08:15:05.107388+00:00
8626,1726.117,2026-09-24T08:15:05.107697+00:00
8627,1726.0610000000001,2026-09-24T08:15:05.107972+00:00
8628,1726.047,2026-09-24T08:15:05.108254+00:00
8629,1725.933,2026-09-24T08:15:05.108569+00:00
8630,1725.7800000000002,2026-09-24T08:15:05.108847+00:00
8631,1725.781,2026-09-24T08:15:05.109119+00:00
8632,1725.7050000000002,2026-09-24T08:15:05.109392+00:00
8633,1725.632,2026-09-24T08:15:05.109699+00:00
8634,1725.617,2026-09-24T08:15:05.109972+00:00
8635,1725.52,2026-09-24T08:15:05.110242+00:00
8636,1725.4750000000001,2026-09-24T08:15:05.110583+00:00
8637,1725.339,2026-09-24T08:15:05.110873+00:00
8638,1725.16,2026-09-24T08:15:05.111148+00:00
8639,1725.098,2026-09-24T08:15:05.111426+00:00
8640,1725.017,2026-09-24T08:15:05.111721+00:00
8641,1724.914,2026-09-24T08:15:05.112000+00:00
8642,1724.781,2026-09-24T08:15:05.112272+00:00
8643,1724.6200000000001,2026-09-24T08:15:05.112570+00:00
8644,1724.617,2026-09-24T08:15:05.112868+00:00
8645,1724.508,2026-09-24T08:15:05.113154+00:00
8646,1724.595,2026-09-24T08:15:05.113560+00:00
8647,1724.6889999999999,2026-09-24T08:15:05.113965+00:00
8648,1724.671,2026-09-24T08:15:05.114264+00:00
8649,1724.724,2026-09-24T08:15:05.114583+00:00
8650,1724.743,2026-09-24T08:15:05.114918+00:00
8651,1724.705,2026-09-24T08:15:05.115205+00:00
8652,1696.981,2026-09-24T08:15:05.115631+00:00
8653,1696.579,2026-09-24T08:15:05.116089+00:00
8654,1696.328,2026-09-24T08:15:05.116440+00:00
8655,1696.0839999999998,2026-09-24T08:15:05.116763+00:00
8656,1695.8580000000002,2026-09-24T08:15:05.117063+00:00
8657,1695.695,2026-09-24T08:15:05.117360+00:00
8658,1695.74,2026-09-24T08:15:05.117782+00:00
8659,1695.762,2026-09-24T08:15:05.118124+00:00
8660,1695.6599999999999,2026-09-24T08:15:05.118451+00:00
8661,1695.638,2026-09-24T08:15:05.118765+00:00
8662,1695.613,2026-09-24T08:15:05.119074+00:00
8663,1695.59,2026-09-24T08:15:05.119341+00:00
8664,1695.394,2026-09-24T08:15:05.119629+00:00
8665,1695.2830000000001,2026-09-24T08:15:05.119933+00:00
8666,1695.245,2026-09-24T08:15:05.120294+00:00
8667,1695.139,2026-09-24T08:15:05.120590+00:00
8668,1695.155,2026-09-24T08:15:05.120897+00:00
8669,1695.109,2026-09-24T08:15:05.121199+00:00
8670,1695.177,2026-09-24T08:15:05.121581+00:00
8671,1695.0629999999999,2026-09-24T08:15:05.121877+00:00
8672,1694.8700000000001,2026-09-24T08:15:05.122159+00:00
8673,1694.742,2026-09-24T08:15:05.122441+00:00
8674,1694.6689999999999,2026-09-24T08:15:05.122782+00:00
8675,1694.546,2026-09-24T08:15:05.123077+00:00
8676,1694.405,2026-09-24T08:15:05.123404+00:00
8677,1694.3870000000002,2026-09-24T08:15:05.123734+00:00
8678,1694.333,2026-09-24T08:15:05.124039+00:00
8679,1694.2440000000001,2026-09-24T08:15:05.124324+00:00
8680,1694.164,2026-09-24T08:15:05.124632+00:00
8681,1694.01,2026-09-24T08:15:05.124912+00:00
8682,1693.972,2026-09-24T08:15:05.125242+00:00
8683,1693.972,2026-09-24T08:15:05.125574+00:00
8684,1693.915,2026-09-24T08:15:05.125889+00:00
8685,1694.032,2026-09-24T08:15:05.126323+00:00
8686,1694.032,2026-09-24T08:15:05.126627+00:00
8687,1693.917,2026-09-24T08:15:05.126921+00:00
8688,1693.684,2026-09-24T08:15:05.127200+00:00
8689,1693.6480000000001,2026-09-24T08:15:05.127484+00:00
8690,1693.5059999999999,2026-09-24T08:15:05.127804+00:00
8691,1692.866,2026-09-24T08:15:05.128122+00:00
8692,1692.565,2026-09-24T08:15:05.128445+00:00
8693,1692.411,2026-09-24T08:15:05.128859+00:00
8694,1692.215,2026-09-24T08:15:05.129140+00:00
8695,1691.981,2026-09-24T08:15:05.129431+00:00
8696,1691.7120000000002,2026-09-24T08:15:05.129734+00:00
8697,1691.559,2026-09-24T08:15:05.130013+00:00
8698,1691.5130000000001,2026-09-24T08:15:05.130319+00:00
8699,1691.262,2026-09-24T08:15:05.130606+00:00
8700,1691.125,2026-09-24T08:15:05.130943+00:00
8701,1691.163,2026-09-24T08:15:05.131367+00:00
8702,1691.1119999999999,2026-09-24T08:15:05.131665+00:00
8703,1691.097,2026-09-24T08:15:05.131943+00:00
8704,1691.085,2026-09-24T08:15:05.132217+00:00
8705,1690.9350000000002,2026-09-24T08:15:05.132502+00:00
8706,1690.8529999999998,2026-09-24T08:15:05.132823+00:00
8707,1690.661,2026-09-24T08:15:05.133113+00:00
8708,1690.719,2026-09-24T08:15:05.133532+00:00
8709,1690.7559999999999,2026-09-24T08:15:05.133998+00:00
8710,1690.711,2026-09-24T08:15:05.134376+00:00
8711,1690.6689999999999,2026-09-24T08:15:05.134703+00:00
8712,1690.636,2026-09-24T08:15:05.134991+00:00
8713,1689.509,2026-09-24T08:15:05.135261+00:00
8714,1689.446,2026-09-24T08:15:05.135599+00:00
8715,1689.219,2026-09-24T08:15:05.135877+00:00
8716,1689.0400000000002,2026-09-24T08:15:05.136176+00:00
8717,1689.3990000000001,2026-09-24T08:15:05.136879+00:00
8718,1689.404,2026-09-24T08:15:05.137164+00:00
8719,1689.341,2026-09-24T08:15:05.137446+00:00
8720,1689.0620000000001,2026-09-24T08:15:05.137738+00:00
8721,1688.9019999999998,2026-09-24T08:15:05.138014+00:00
8722,1688.803,2026-09-24T08:15:05.138302+00:00
8723,1688.723,2026-09-24T08:15:05.138590+00:00
8724,1688.6950000000002,2026-09-24T08:15:05.138914+00:00
8725,1688.701,2026-09-24T08:15:05.139386+00:00
8726,1688.549,2026-09-24T08:15:05.139692+00:00
8727,1688.431,2026-09-24T08:15:05.139965+00:00
8728,1688.152,2026-09-24T08:15:05.140231+00:00
8729,1687.906,2026-09-24T08:15:05.140509+00:00
8730,1687.77,2026-09-24T08:15:05.140813+00:00
8731,1687.6299999999999,2026-09-24T08:15:05.141090+00:00
8732,1687.584,2026-09-24T08:15:05.141390+00:00
8733,1687.607,2026-09-24T08:15:05.141804+00:00
8734,1687.5659999999998,2026-09-24T08:15:05.142090+00:00
8735,1687.367,2026-09-24T08:15:05.142360+00:00
8736,1687.025,2026-09-24T08:15:05.142636+00:00
8737,1686.942,2026-09-24T08:15:05.142905+00:00
8738,1686.85,2026-09-24T08:15:05.143190+00:00
8739,1686.7589999999998,2026-09-24T08:15:05.143472+00:00
8740,1686.705,2026-09-24T08:15:05.143803+00:00
8741,1686.728,2026-09-24T08:15:05.144211+00:00
8742,1686.648,2026-09-24T08:15:05.144501+00:00
8743,1686.636,2026-09-24T08:15:05.144785+00:00
8744,1686.65,2026-09-24T08:15:05.145054+00:00
8745,1686.567,2026-09-24T08:15:05.145322+00:00
8746,1686.532,2026-09-24T08:15:05.145625+00:00
8747,1686.537,2026-09-24T08:15:05.145904+00:00
8748,1686.4289999999999,2026-09-24T08:15:05.146208+00:00
8749,1686.3619999999999,2026-09-24T08:15:05.146637+00:00
8750,1686.2220000000002,2026-09-24T08:15:05.146919+00:00
8751,1685.977,2026-09-24T08:15:05.147186+00:00
8752,1685.761,2026-09-24T08:15:05.147450+00:00
8753,1685.684,2026-09-24T08:15:05.147717+00:00
8754,1685.6409999999998,2026-09-24T08:15:05.148003+00:00
8755,1685.583,2026-09-24T08:15:05.148300+00:00
8756,1685.554,2026-09-24T08:15:05.148628+00:00
8757,1685.6480000000001,2026-09-24T08:15:05.149034+00:00
8758,1685.5659999999998,2026-09-24T08:15:05.149306+00:00
8759,1685.562,2026-09-24T08:15:05.149638+00:00
8760,1685.4089999999999,2026-09-24T08:15:05.149925+00:00
8761,1685.33,2026-09-24T08:15:05.150230+00:00
8762,1685.328,2026-09-24T08:15:05.150618+00:00
8763,1685.333,2026-09-24T08:15:05.150974+00:00
8764,1685.295,2026-09-24T08:15:05.151301+00:00
8765,1685.416,2026-09-24T08:15:05.151748+00:00
8766,1685.862,2026-09-24T08:15:05.152502+00:00
8767,1686.213,2026-09-24T08:15:05.153142+00:00
8768,1686.3300000000002,2026-09-24T08:15:05.153647+00:00
8769,1686.34,2026-09-24T08:15:05.154045+00:00
8770,1686.711,2026-09-24T08:15:05.154735+00:00
8771,1687.176,2026-09-24T08:15:05.155519+00:00
8772,1688.162,2026-09-24T08:15:05.156810+00:00
8773,1688.615,2026-09-24T08:15:05.157566+00:00
8774,1688.9050000000002,2026-09-24T08:15:05.158156+00:00
8775,1689.135,2026-09-24T08:15:05.158762+00:00
8776,1689.257,2026-09-24T08:15:05.159171+00:00
8777,1689.387,2026-09-24T08:15:05.159612+00:00
8778,1689.489,2026-09-24T08:15:05.160075+00:00
8779,1689.562,2026-09-24T08:15:05.160525+00:00
8780,1689.632,2026-09-24T08:15:05.160914+00:00
8781,1689.6009999999999,2026-09-24T08:15:05.161287+00:00
8782,1689.603,2026-09-24T08:15:05.161677+00:00
8783,1689.638,2026-09-24T08:15:05.162060+00:00
8784,1689.691,2026-09-24T08:15:05.162456+00:00
8785,1689.8390000000002,2026-09-24T08:15:05.162872+00:00
8786,1689.999,2026-09-24T08:15:05.163280+00:00
8787,1690.037,2026-09-24T08:15:05.163692+00:00
8788,1689.981,2026-09-24T08:15:05.164084+00:00
8789,1690.0120000000002,2026-09-24T08:15:05.164451+00:00
8790,1689.99,2026-09-24T08:15:05.164854+00:00
8791,1689.915,2026-09-24T08:15:05.165215+00:00
8792,1689.885,2026-09-24T08:15:05.165603+00:00
8793,1689.865,2026-09-24T08:15:05.165967+00:00
8794,1689.8329999999999,2026-09-24T08:15:05.166330+00:00
8795,1689.992,2026-09-24T08:15:05.166786+00:00
8796,1690.075,2026-09-24T08:15:05.167175+00:00
8797,1690.1770000000001,2026-09-24T08:15:05.167563+00:00
8798,1690.183,2026-09-24T08:15:05.167889+00:00
8799,1690.245,2026-09-24T08:15:05.168220+00:00
8800,1690.353,2026-09-24T08:15:05.168590+00:00
8801,1690.3790000000001,2026-09-24T08:15:05.168934+00:00
8802,1690.3999999999999,2026-09-24T08:15:05.169274+00:00
8803,1690.434,2026-09-24T08:15:05.169635+00:00
8804,1690.435,2026-09-24T08:15:05.169999+00:00
8805,1690.491,2026-09-24T08:15:05.170344+00:00
8806,1690.464,2026-09-24T08:15:05.170708+00:00
8807,1690.518,2026-09-24T08:15:05.171054+00:00
8808,1690.5300000000002,2026-09-24T08:15:05.171445+00:00
8809,1690.5330000000001,2026-09-24T08:15:05.171796+00:00
8810,1690.493,2026-09-24T08:15:05.172137+00:00
8811,1690.5349999999999,2026-09-24T08:15:05.172490+00:00
8812,1690.5710000000001,2026-09-24T08:15:05.172839+00:00
8813,1690.626,2026-09-24T08:15:05.173194+00:00
8814,1690.8490000000002,2026-09-24T08:15:05.173725+00:00
8815,1690.9099999999999,2026-09-24T08:15:05.174132+00:00
8816,1690.941,2026-09-24T08:15:05.174533+00:00
8817,1690.826,2026-09-24T08:15:05.174897+00:00
8818,1690.885,2026-09-24T08:15:05.175255+00:00
8819,1691.1000000000001,2026-09-24T08:15:05.175784+00:00
8820,1691.179,2026-09-24T08:15:05.176155+00:00
8821,1691.243,2026-09-24T08:15:05.176522+00:00
8822,1691.2720000000002,2026-09-24T08:15:05.176868+00:00
8823,1691.325,2026-09-24T08:15:05.177219+00:00
8824,1691.3709999999999,2026-09-24T08:15:05.177587+00:00
8825,1691.43,2026-09-24T08:15:05.177935+00:00
8826,1659.111,2026-09-24T08:15:05.178280+00:00
8827,1658.134,2026-09-24T08:15:05.178823+00:00
8828,1657.829,2026-09-24T08:15:05.179180+00:00
8829,1657.6219999999998,2026-09-24T08:15:05.179592+00:00
8830,1657.3500000000001,2026-09-24T08:15:05.179942+00:00
8831,1657.29,2026-09-24T08:15:05.180286+00:00
8832,1657.298,2026-09-24T08:15:05.180657+00:00
8833,1657.214,2026-09-24T08:15:05.181012+00:00
8834,1657.207,2026-09-24T08:15:05.181542+00:00
8835,1657.187,2026-09-24T08:15:05.181970+00:00
8836,1657.205,2026-09-24T08:15:05.182333+00:00
8837,1657.319,2026-09-24T08:15:05.182780+00:00
8838,1657.1970000000001,2026-09-24T08:15:05.183122+00:00
8839,1657.005,2026-09-24T08:15:05.183495+00:00
8840,1656.8890000000001,2026-09-24T08:15:05.183862+00:00
8841,1656.768,2026-09-24T08:15:05.184200+00:00
8842,1656.642,2026-09-24T08:15:05.184542+00:00
8843,1656.637,2026-09-24T08:15:05.184928+00:00
8844,1656.606,2026-09-24T08:15:05.185270+00:00
8845,1656.618,2026-09-24T08:15:05.185657+00:00
8846,1656.438,2026-09-24T08:15:05.186003+00:00
8847,1656.419,2026-09-24T08:15:05.186336+00:00
8848,1656.452,2026-09-24T08:15:05.186714+00:00
8849,1656.315,2026-09-24T08:15:05.187088+00:00
8850,1656.333,2026-09-24T08:15:05.187443+00:00
8851,1656.2859999999998,2026-09-24T08:15:05.187836+00:00
8852,1656.2259999999999,2026-09-24T08:15:05.188217+00:00
8853,1656.3490000000002,2026-09-24T08:15:05.188644+00:00
8854,1656.334,2026-09-24T08:15:05.189011+00:00
8855,1656.264,2026-09-24T08:15:05.189357+00:00
8856,1656.198,2026-09-24T08:15:05.189746+00:00
8857,1656.211,2026-09-24T08:15:05.190094+00:00
8858,1656.126,2026-09-24T08:15:05.190437+00:00
8859,1656.0919999999999,2026-09-24T08:15:05.190837+00:00
8860,1656.024,2026-09-24T08:15:05.191173+00:00
8861,1655.97,2026-09-24T08:15:05.191517+00:00
8862,1656.081,2026-09-24T08:15:05.191971+00:00
8863,1656.07,2026-09-24T08:15:05.192380+00:00
8864,1656.006,2026-09-24T08:15:05.192807+00:00
8865,1656.028,2026-09-24T08:15:05.193207+00:00
8866,1655.979,2026-09-24T08:15:05.193621+00:00
8867,1656.235,2026-09-24T08:15:05.194229+00:00
8868,1656.249,2026-09-24T08:15:05.194571+00:00
8869,1656.1699999999998,2026-09-24T08:15:05.194880+00:00
8870,1656.081,2026-09-24T08:15:05.195183+00:00
8871,1656.064,2026-09-24T08:15:05.195516+00:00
8872,1656.143,2026-09-24T08:15:05.195930+00:00
8873,1656.1019999999999,2026-09-24T08:15:05.196255+00:00
8874,1656.078,2026-09-24T08:15:05.196659+00:00
8875,1656.124,2026-09-24T08:15:05.197016+00:00
8876,1656.0529999999999,2026-09-24T08:15:05.197329+00:00
8877,1655.982,2026-09-24T08:15:05.197656+00:00
8878,1655.91,2026-09-24T08:15:05.197953+00:00
8879,1655.755,2026-09-24T08:15:05.198256+00:00
8880,1655.902,2026-09-24T08:15:05.198741+00:00
8881,1655.987,2026-09-24T08:15:05.199177+00:00
8882,1655.8990000000001,2026-09-24T08:15:05.199591+00:00
8883,1655.991,2026-09-24T08:15:05.200061+00:00
8884,1655.796,2026-09-24T08:15:05.200385+00:00
8885,1655.83,2026-09-24T08:15:05.200787+00:00
8886,1655.849,2026-09-24T08:15:05.201108+00:00
8887,1655.804,2026-09-24T08:15:05.201446+00:00
8888,1655.703,2026-09-24T08:15:05.201800+00:00
8889,1655.702,2026-09-24T08:15:05.202129+00:00
8890,1655.719,2026-09-24T08:15:05.202479+00:00
8891,1655.783,2026-09-24T08:15:05.202878+00:00
8892,1655.8809999999999,2026-09-24T08:15:05.203255+00:00
8893,1655.926,2026-09-24T08:15:05.203634+00:00
8894,1655.8729999999998,2026-09-24T08:15:05.203953+00:00
8895,1655.846,2026-09-24T08:15:05.204271+00:00
8896,1655.849,2026-09-24T08:15:05.204653+00:00
8897,1655.837,2026-09-24T08:15:05.204978+00:00
8898,1655.874,2026-09-24T08:15:05.205325+00:00
8899,1656.061,2026-09-24T08:15:05.205780+00:00
8900,1656.0729999999999,2026-09-24T08:15:05.206114+00:00
8901,1656.098,2026-09-24T08:15:05.206479+00:00
8902,1656.0049999999999,2026-09-24T08:15:05.206805+00:00
8903,1656.0220000000002,2026-09-24T08:15:05.207132+00:00
8904,1656.1390000000001,2026-09-24T08:15:05.207546+00:00
8905,1656.196,2026-09-24T08:15:05.207886+00:00
8906,1656.1779999999999,2026-09-24T08:15:05.208192+00:00
8907,1656.354,2026-09-24T08:15:05.208633+00:00
8908,1656.312,2026-09-24T08:15:05.208933+00:00
8909,1656.289,2026-09-24T08:15:05.209255+00:00
8910,1656.282,2026-09-24T08:15:05.209561+00:00
8911,1656.2330000000002,2026-09-24T08:15:05.209851+00:00
8912,1656.285,2026-09-24T08:15:05.210198+00:00
8913,1656.325,2026-09-24T08:15:05.210527+00:00
8914,1656.26,2026-09-24T08:15:05.210847+00:00
8915,1656.366,2026-09-24T08:15:05.211267+00:00
8916,1656.336,2026-09-24T08:15:05.211587+00:00
8917,1656.25,2026-09-24T08:15:05.211915+00:00
8918,1656.13,2026-09-24T08:15:05.212217+00:00
8919,1656.044,2026-09-24T08:15:05.212560+00:00
8920,1656.072,2026-09-24T08:15:05.212930+00:00
8921,1656.055,2026-09-24T08:15:05.213254+00:00
8922,1656.036,2026-09-24T08:15:05.213583+00:00
8923,1656.117,2026-09-24T08:15:05.214007+00:00
8924,1656.094,2026-09-24T08:15:05.214305+00:00
8925,1656.114,2026-09-24T08:15:05.214680+00:00
8926,1656.088,2026-09-24T08:15:05.214976+00:00
8927,1656.119,2026-09-24T08:15:05.215290+00:00
8928,1656.131,2026-09-24T08:15:05.215643+00:00
8929,1656.117,2026-09-24T08:15:05.215963+00:00
8930,1656.0729999999999,2026-09-24T08:15:05.216321+00:00
8931,1656.122,2026-09-24T08:15:05.216759+00:00
8932,1656.086,2026-09-24T08:15:05.217072+00:00
8933,1656.037,2026-09-24T08:15:05.217471+00:00
8934,1656.002,2026-09-24T08:15:05.217776+00:00
8935,1656.031,2026-09-24T08:15:05.218145+00:00
8936,1656.063,2026-09-24T08:15:05.218530+00:00
8937,1656.103,2026-09-24T08:15:05.218895+00:00
8938,1656.281,2026-09-24T08:15:05.219407+00:00
8939,1656.373,2026-09-24T08:15:05.219926+00:00
8940,1656.4160000000002,2026-09-24T08:15:05.220281+00:00
8941,1656.457,2026-09-24T08:15:05.220670+00:00
8942,1656.4270000000001,2026-09-24T08:15:05.221001+00:00
8943,1656.438,2026-09-24T08:15:05.221323+00:00
8944,1656.5220000000002,2026-09-24T08:15:05.221688+00:00
8945,1656.539,2026-09-24T08:15:05.222021+00:00
8946,1656.685,2026-09-24T08:15:05.222507+00:00
8947,1656.835,2026-09-24T08:15:05.222983+00:00
8948,1656.832,2026-09-24T08:15:05.223305+00:00
8949,1656.907,2026-09-24T08:15:05.223725+00:00
8950,1656.866,2026-09-24T08:15:05.224067+00:00
8951,1656.8339999999998,2026-09-24T08:15:05.224402+00:00
8952,1656.903,2026-09-24T08:15:05.224782+00:00
8953,1656.899,2026-09-24T08:15:05.225125+00:00
8954,1657.077,2026-09-24T08:15:05.225611+00:00
8955,1657.18,2026-09-24T08:15:05.226059+00:00
8956,1657.195,2026-09-24T08:15:05.226407+00:00
8957,1657.188,2026-09-24T08:15:05.226794+00:00
8958,1657.0629999999999,2026-09-24T08:15:05.227125+00:00
8959,1656.9499999999998,2026-09-24T08:15:05.227457+00:00
8960,1656.8700000000001,2026-09-24T08:15:05.227821+00:00
8961,1656.808,2026-09-24T08:15:05.228161+00:00
8962,1656.9,2026-09-24T08:15:05.228652+00:00
8963,1657.036,2026-09-24T08:15:05.229147+00:00
8964,1657.1299999999999,2026-09-24T08:15:05.229537+00:00
8965,1657.1860000000001,2026-09-24T08:15:05.229937+00:00
8966,1657.1599999999999,2026-09-24T08:15:05.230270+00:00
8967,1657.189,2026-09-24T08:15:05.230651+00:00
8968,1657.214,2026-09-24T08:15:05.230999+00:00
8969,1657.1670000000001,2026-09-24T08:15:05.231326+00:00
8970,1657.29,2026-09-24T08:15:05.231831+00:00
8971,1657.3899999999999,2026-09-24T08:15:05.232278+00:00
8972,1657.319,2026-09-24T08:15:05.232678+00:00
8973,1657.2420000000002,2026-09-24T08:15:05.233035+00:00
8974,1657.227,2026-09-24T08:15:05.233380+00:00
8975,1657.195,2026-09-24T08:15:05.233744+00:00
8976,1657.227,2026-09-24T08:15:05.234116+00:00
8977,1657.311,2026-09-24T08:15:05.234525+00:00
8978,1657.3519999999999,2026-09-24T08:15:05.235037+00:00
8979,1657.451,2026-09-24T08:15:05.235475+00:00
8980,1657.408,2026-09-24T08:15:05.235811+00:00
8981,1657.422,2026-09-24T08:15:05.236155+00:00
8982,1657.4070000000002,2026-09-24T08:15:05.236478+00:00
8983,1657.4789999999998,2026-09-24T08:15:05.236801+00:00
8984,1657.5120000000002,2026-09-24T08:15:05.237160+00:00
8985,1657.414,2026-09-24T08:15:05.237464+00:00
8986,1657.539,2026-09-24T08:15:05.237899+00:00
8987,1657.587,2026-09-24T08:15:05.238339+00:00
8988,1657.59,2026-09-24T08:15:05.238671+00:00
8989,1657.585,2026-09-24T08:15:05.238979+00:00
8990,1657.543,2026-09-24T08:15:05.239299+00:00
8991,1657.5120000000002,2026-09-24T08:15:05.239631+00:00
8992,1657.465,2026-09-24T08:15:05.239960+00:00
8993,1657.3,2026-09-24T08:15:05.240283+00:00
8994,1657.383,2026-09-24T08:15:05.240715+00:00
8995,1657.518,2026-09-24T08:15:05.241148+00:00
8996,1657.5089999999998,2026-09-24T08:15:05.241500+00:00
8997,1657.406,2026-09-24T08:15:05.241833+00:00
8998,1657.2849999999999,2026-09-24T08:15:05.242139+00:00
8999,1622.76,2026-09-24T08:15:05.242465+00:00
9000,1621.8,2026-09-24T08:15:05.242826+00:00
9001,1621.3509999999999,2026-09-24T08:15:05.243129+00:00
9002,1621.289,2026-09-24T08:15:05.243588+00:00
9003,1621.336,2026-09-24T08:15:05.243999+00:00
9004,1621.254,2026-09-24T08:15:05.244298+00:00
9005,1620.995,2026-09-24T08:15:05.244613+00:00
9006,1620.985,2026-09-24T08:15:05.244941+00:00
9007,1620.982,2026-09-24T08:15:05.245264+00:00
9008,1620.693,2026-09-24T08:15:05.245615+00:00
9009,1620.3609999999999,2026-09-24T08:15:05.245948+00:00
9010,1620.4579999999999,2026-09-24T08:15:05.246375+00:00
9011,1620.561,2026-09-24T08:15:05.246807+00:00
9012,1620.609,2026-09-24T08:15:05.247152+00:00
9013,1620.677,2026-09-24T08:15:05.247501+00:00
9014,1620.6190000000001,2026-09-24T08:15:05.247812+00:00
9015,1620.56,2026-09-24T08:15:05.248115+00:00
9016,1620.6290000000001,2026-09-24T08:15:05.248559+00:00
9017,1620.641,2026-09-24T08:15:05.248981+00:00
9018,1620.462,2026-09-24T08:15:05.249420+00:00
9019,1620.3220000000001,2026-09-24T08:15:05.249818+00:00
9020,1620.3799999999999,2026-09-24T08:15:05.250157+00:00
9021,1620.345,2026-09-24T08:15:05.250473+00:00
9022,1620.411,2026-09-24T08:15:05.250807+00:00
9023,1620.352,2026-09-24T08:15:05.251097+00:00
9024,1620.293,2026-09-24T08:15:05.251392+00:00
9025,1620.2430000000002,2026-09-24T08:15:05.251702+00:00
9026,1620.35,2026-09-24T08:15:05.252155+00:00
9027,1620.497,2026-09-24T08:15:05.252588+00:00
9028,1620.6689999999999,2026-09-24T08:15:05.253028+00:00
9029,1620.721,2026-09-24T08:15:05.253395+00:00
9030,1620.696,2026-09-24T08:15:05.253749+00:00
9031,1620.676,2026-09-24T08:15:05.254060+00:00
9032,1620.739,2026-09-24T08:15:05.254502+00:00
9033,1620.711,2026-09-24T08:15:05.254801+00:00
9034,1620.739,2026-09-24T08:15:05.255216+00:00
9035,1620.743,2026-09-24T08:15:05.255607+00:00
9036,1620.8880000000001,2026-09-24T08:15:05.256083+00:00
9037,1620.7659999999998,2026-09-24T08:15:05.256436+00:00
9038,1621.026,2026-09-24T08:15:05.257122+00:00
9039,1620.991,2026-09-24T08:15:05.257519+00:00
9040,1620.9389999999999,2026-09-24T08:15:05.257920+00:00
9041,1620.9260000000002,2026-09-24T08:15:05.258273+00:00
9042,1620.9940000000001,2026-09-24T08:15:05.258763+00:00
9043,1620.96,2026-09-24T08:15:05.259090+00:00
9044,1620.968,2026-09-24T08:15:05.259451+00:00
9045,1620.954,2026-09-24T08:15:05.259813+00:00
9046,1620.951,2026-09-24T08:15:05.260201+00:00
9047,1620.744,2026-09-24T08:15:05.260541+00:00
9048,1620.614,2026-09-24T08:15:05.260865+00:00
9049,1620.508,2026-09-24T08:15:05.261166+00:00
9050,1620.4209999999998,2026-09-24T08:15:05.261646+00:00
9051,1620.385,2026-09-24T08:15:05.261969+00:00
9052,1620.3609999999999,2026-09-24T08:15:05.262331+00:00
9053,1620.312,2026-09-24T08:15:05.262665+00:00
9054,1620.186,2026-09-24T08:15:05.262993+00:00
9055,1620.154,2026-09-24T08:15:05.263323+00:00
9056,1620.048,2026-09-24T08:15:05.263656+00:00
9057,1620.046,2026-09-24T08:15:05.263965+00:00
9058,1620.098,2026-09-24T08:15:05.264382+00:00
9059,1620.086,2026-09-24T08:15:05.264714+00:00
9060,1620.161,2026-09-24T08:15:05.265099+00:00
9061,1620.16,2026-09-24T08:15:05.265432+00:00
9062,1620.212,2026-09-24T08:15:05.265769+00:00
9063,1620.128,2026-09-24T08:15:05.266072+00:00
9064,1619.963,2026-09-24T08:15:05.266371+00:00
9065,1619.889,2026-09-24T08:15:05.266715+00:00
9066,1619.913,2026-09-24T08:15:05.267132+00:00
9067,1619.817,2026-09-24T08:15:05.267446+00:00
9068,1619.6470000000002,2026-09-24T08:15:05.267797+00:00
9069,1619.518,2026-09-24T08:15:05.268121+00:00
9070,1619.452,2026-09-24T08:15:05.268437+00:00
9071,1619.433,2026-09-24T08:15:05.268772+00:00
9072,1619.17,2026-09-24T08:15:05.269070+00:00
9073,1619.0310000000002,2026-09-24T08:15:05.269374+00:00
9074,1619.083,2026-09-24T08:15:05.269797+00:00
9075,1619.026,2026-09-24T08:15:05.270093+00:00
9076,1619.057,2026-09-24T08:15:05.270422+00:00
9077,1618.96,2026-09-24T08:15:05.270742+00:00
9078,1618.94,2026-09-24T08:15:05.271142+00:00
9079,1618.867,2026-09-24T08:15:05.271504+00:00
9080,1618.9199999999998,2026-09-24T08:15:05.271856+00:00
9081,1618.822,2026-09-24T08:15:05.272183+00:00
9082,1618.991,2026-09-24T08:15:05.272699+00:00
9083,1618.977,2026-09-24T08:15:05.273031+00:00
9084,1618.839,2026-09-24T08:15:05.273358+00:00
9085,1618.738,2026-09-24T08:15:05.273691+00:00
9086,1618.6419999999998,2026-09-24T08:15:05.274048+00:00
9087,1618.574,2026-09-24T08:15:05.274379+00:00
9088,1618.62,2026-09-24T08:15:05.274735+00:00
9089,1618.624,2026-09-24T08:15:05.275059+00:00
9090,1618.335,2026-09-24T08:15:05.275380+00:00
9091,1618.223,2026-09-24T08:15:05.275721+00:00
9092,1618.085,2026-09-24T08:15:05.276046+00:00
9093,1618.0520000000001,2026-09-24T08:15:05.276370+00:00
9094,1618.054,2026-09-24T08:15:05.276744+00:00
9095,1617.8129999999999,2026-09-24T08:15:05.277087+00:00
9096,1617.669,2026-09-24T08:15:05.277407+00:00
9097,1617.704,2026-09-24T08:15:05.277753+00:00
9098,1617.7269999999999,2026-09-24T08:15:05.278069+00:00
9099,1617.732,2026-09-24T08:15:05.278423+00:00
9100,1617.732,2026-09-24T08:15:05.278742+00:00
9101,1617.608,2026-09-24T08:15:05.279052+00:00
9102,1617.5539999999999,2026-09-24T08:15:05.279360+00:00
9103,1617.414,2026-09-24T08:15:05.279692+00:00
9104,1617.3310000000001,2026-09-24T08:15:05.280005+00:00
9105,1617.364,2026-09-24T08:15:05.280352+00:00
9106,1617.405,2026-09-24T08:15:05.280697+00:00
9107,1617.313,2026-09-24T08:15:05.281030+00:00
9108,1617.326,2026-09-24T08:15:05.281353+00:00
9109,1617.392,2026-09-24T08:15:05.281743+00:00
9110,1617.315,2026-09-24T08:15:05.282065+00:00
9111,1617.402,2026-09-24T08:15:05.282425+00:00
9112,1617.279,2026-09-24T08:15:05.282777+00:00
9113,1617.206,2026-09-24T08:15:05.283112+00:00
9114,1617.299,2026-09-24T08:15:05.283523+00:00
9115,1617.31,2026-09-24T08:15:05.283851+00:00
9116,1617.4759999999999,2026-09-24T08:15:05.284298+00:00
9117,1617.577,2026-09-24T08:15:05.284697+00:00
9118,1617.531,2026-09-24T08:15:05.285093+00:00
9119,1617.53,2026-09-24T08:15:05.285427+00:00
9120,1617.626,2026-09-24T08:15:05.285773+00:00
9121,1617.645,2026-09-24T08:15:05.286096+00:00
9122,1617.8349999999998,2026-09-24T08:15:05.286600+00:00
9123,1617.9730000000002,2026-09-24T08:15:05.287008+00:00
9124,1618.043,2026-09-24T08:15:05.287372+00:00
9125,1618.131,2026-09-24T08:15:05.287752+00:00
9126,1618.223,2026-09-24T08:15:05.288136+00:00
9127,1618.312,2026-09-24T08:15:05.288481+00:00
9128,1618.2749999999999,2026-09-24T08:15:05.288827+00:00
9129,1618.288,2026-09-24T08:15:05.289143+00:00
9130,1618.343,2026-09-24T08:15:05.289554+00:00
9131,1618.319,2026-09-24T08:15:05.289867+00:00
9132,1618.327,2026-09-24T08:15:05.290178+00:00
9133,1618.4050000000002,2026-09-24T08:15:05.290545+00:00
9134,1618.4940000000001,2026-09-24T08:15:05.290927+00:00
9135,1618.412,2026-09-24T08:15:05.291250+00:00
9136,1618.399,2026-09-24T08:15:05.291590+00:00
9137,1618.403,2026-09-24T08:15:05.291910+00:00
9138,1618.51,2026-09-24T08:15:05.292289+00:00
9139,1618.62,2026-09-24T08:15:05.292657+00:00
9140,1618.627,2026-09-24T08:15:05.292970+00:00
9141,1618.674,2026-09-24T08:15:05.293357+00:00
9142,1618.676,2026-09-24T08:15:05.293773+00:00
9143,1618.673,2026-09-24T08:15:05.294099+00:00
9144,1618.729,2026-09-24T08:15:05.294470+00:00
9145,1618.7800000000002,2026-09-24T08:15:05.294815+00:00
9146,1618.9260000000002,2026-09-24T08:15:05.295201+00:00
9147,1618.974,2026-09-24T08:15:05.295541+00:00
9148,1618.954,2026-09-24T08:15:05.295862+00:00
9149,1618.9370000000001,2026-09-24T08:15:05.296219+00:00
9150,1618.943,2026-09-24T08:15:05.296640+00:00
9151,1618.968,2026-09-24T08:15:05.296966+00:00
9152,1618.9089999999999,2026-09-24T08:15:05.297309+00:00
9153,1618.751,2026-09-24T08:15:05.297651+00:00
9154,1618.734,2026-09-24T08:15:05.298034+00:00
9155,1618.662,2026-09-24T08:15:05.298373+00:00
9156,1618.677,2026-09-24T08:15:05.298716+00:00
9157,1618.338,2026-09-24T08:15:05.299073+00:00
9158,1618.464,2026-09-24T08:15:05.299481+00:00
9159,1618.4879999999998,2026-09-24T08:15:05.299817+00:00
9160,1618.485,2026-09-24T08:15:05.300182+00:00
9161,1618.505,2026-09-24T08:15:05.300521+00:00
9162,1618.516,2026-09-24T08:15:05.300922+00:00
9163,1618.442,2026-09-24T08:15:05.301240+00:00
9164,1618.433,2026-09-24T08:15:05.301605+00:00
9165,1618.419,2026-09-24T08:15:05.301964+00:00
9166,1618.413,2026-09-24T08:15:05.302354+00:00
9167,1618.387,2026-09-24T08:15:05.302696+00:00
9168,1618.279,2026-09-24T08:15:05.303048+00:00
9169,1618.217,2026-09-24T08:15:05.303362+00:00
9170,1618.2859999999998,2026-09-24T08:15:05.303765+00:00
9171,1618.351,2026-09-24T08:15:05.304111+00:00
9172,1618.365,2026-09-24T08:15:05.304435+00:00
9173,1618.344,2026-09-24T08:15:05.304776+00:00
9174,1585.352,2026-09-24T08:15:05.305177+00:00
9175,1584.447,2026-09-24T08:15:05.305516+00:00
9176,1584.0639999999999,2026-09-24T08:15:05.305861+00:00
9177,1583.675,2026-09-24T08:15:05.306181+00:00
9178,1583.5729999999999,2026-09-24T08:15:05.306579+00:00
9179,1583.491,2026-09-24T08:15:05.306887+00:00
9180,1583.3319999999999,2026-09-24T08:15:05.307198+00:00
9181,1583.364,2026-09-24T08:15:05.307548+00:00
9182,1583.383,2026-09-24T08:15:05.307931+00:00
9183,1583.277,2026-09-24T08:15:05.308245+00:00
9184,1583.296,2026-09-24T08:15:05.308599+00:00
9185,1583.278,2026-09-24T08:15:05.308909+00:00
9186,1583.3600000000001,2026-09-24T08:15:05.309281+00:00
9187,1583.2939999999999,2026-09-24T08:15:05.309624+00:00
9188,1583.23,2026-09-24T08:15:05.309930+00:00
9189,1583.1519999999998,2026-09-24T08:15:05.310263+00:00
9190,1583.146,2026-09-24T08:15:05.310661+00:00
9191,1583.1090000000002,2026-09-24T08:15:05.311000+00:00
9192,1583.119,2026-09-24T08:15:05.311355+00:00
9193,1583.008,2026-09-24T08:15:05.311691+00:00
9194,1582.835,2026-09-24T08:15:05.312077+00:00
9195,1582.7040000000002,2026-09-24T08:15:05.312394+00:00
9196,1582.654,2026-09-24T08:15:05.312723+00:00
9197,1582.577,2026-09-24T08:15:05.313059+00:00
9198,1582.758,2026-09-24T08:15:05.313529+00:00
9199,1582.7530000000002,2026-09-24T08:15:05.313929+00:00
9200,1582.767,2026-09-24T08:15:05.314287+00:00
9201,1582.801,2026-09-24T08:15:05.314611+00:00
9202,1582.862,2026-09-24T08:15:05.314987+00:00
9203,1582.83,2026-09-24T08:15:05.315276+00:00
9204,1582.8519999999999,2026-09-24T08:15:05.315612+00:00
9205,1582.87,2026-09-24T08:15:05.315951+00:00
9206,1582.88,2026-09-24T08:15:05.316311+00:00
9207,1582.834,2026-09-24T08:15:05.316625+00:00
9208,1582.796,2026-09-24T08:15:05.316939+00:00
9209,1582.82,2026-09-24T08:15:05.317241+00:00
9210,1582.8310000000001,2026-09-24T08:15:05.317644+00:00
9211,1582.952,2026-09-24T08:15:05.318013+00:00
9212,1582.978,2026-09-24T08:15:05.318320+00:00
9213,1583.009,2026-09-24T08:15:05.318638+00:00
9214,1583.069,2026-09-24T08:15:05.319004+00:00
9215,1583.0839999999998,2026-09-24T08:15:05.319307+00:00
9216,1583.129,2026-09-24T08:15:05.319614+00:00
9217,1583.126,2026-09-24T08:15:05.319912+00:00
9218,1583.199,2026-09-24T08:15:05.320269+00:00
9219,1583.224,2026-09-24T08:15:05.320577+00:00
9220,1583.237,2026-09-24T08:15:05.320907+00:00
9221,1583.262,2026-09-24T08:15:05.321224+00:00
9222,1583.3980000000001,2026-09-24T08:15:05.321651+00:00
9223,1583.494,2026-09-24T08:15:05.322039+00:00
9224,1583.5410000000002,2026-09-24T08:15:05.322351+00:00
9225,1583.5410000000002,2026-09-24T08:15:05.322680+00:00
9226,1583.523,2026-09-24T08:15:05.323051+00:00
9227,1583.509,2026-09-24T08:15:05.323336+00:00
9228,1583.606,2026-09-24T08:15:05.323714+00:00
9229,1583.589,2026-09-24T08:15:05.324049+00:00
9230,1583.677,2026-09-24T08:15:05.324478+00:00
9231,1583.6879999999999,2026-09-24T08:15:05.324798+00:00
9232,1583.749,2026-09-24T08:15:05.325147+00:00
9233,1583.741,2026-09-24T08:15:05.325450+00:00
9234,1583.853,2026-09-24T08:15:05.325840+00:00
9235,1583.878,2026-09-24T08:15:05.326120+00:00
9236,1583.9479999999999,2026-09-24T08:15:05.326449+00:00
9237,1583.99,2026-09-24T08:15:05.326782+00:00
9238,1584.063,2026-09-24T08:15:05.327156+00:00
9239,1584.01,2026-09-24T08:15:05.327441+00:00
9240,1584.0320000000002,2026-09-24T08:15:05.327763+00:00
9241,1583.899,2026-09-24T08:15:05.328048+00:00
9242,1583.9,2026-09-24T08:15:05.328408+00:00
9243,1583.9019999999998,2026-09-24T08:15:05.328721+00:00
9244,1583.919,2026-09-24T08:15:05.329047+00:00
9245,1583.917,2026-09-24T08:15:05.329354+00:00
9246,1583.976,2026-09-24T08:15:05.329719+00:00
9247,1583.988,2026-09-24T08:15:05.330004+00:00
9248,1583.904,2026-09-24T08:15:05.330303+00:00
9249,1584.046,2026-09-24T08:15:05.330747+00:00
9250,1584.189,2026-09-24T08:15:05.331271+00:00
9251,1584.19,2026-09-24T08:15:05.331628+00:00
9252,1584.319,2026-09-24T08:15:05.332043+00:00
9253,1584.3719999999998,2026-09-24T08:15:05.332361+00:00
9254,1584.54,2026-09-24T08:15:05.332757+00:00
9255,1584.491,2026-09-24T08:15:05.333062+00:00
9256,1584.474,2026-09-24T08:15:05.333371+00:00
9257,1584.4309999999998,2026-09-24T08:15:05.333669+00:00
9258,1584.497,2026-09-24T08:15:05.334058+00:00
9259,1584.508,2026-09-24T08:15:05.334360+00:00
9260,1584.6480000000001,2026-09-24T08:15:05.334734+00:00
9261,1584.7169999999999,2026-09-24T08:15:05.335048+00:00
9262,1584.6960000000001,2026-09-24T08:15:05.335448+00:00
9263,1584.676,2026-09-24T08:15:05.335775+00:00
9264,1584.6039999999998,2026-09-24T08:15:05.336092+00:00
9265,1584.531,2026-09-24T08:15:05.336380+00:00
9266,1584.641,2026-09-24T08:15:05.336771+00:00
9267,1584.681,2026-09-24T08:15:05.337070+00:00
9268,1584.6899999999998,2026-09-24T08:15:05.337419+00:00
9269,1584.737,2026-09-24T08:15:05.337744+00:00
9270,1584.781,2026-09-24T08:15:05.338133+00:00
9271,1584.6860000000001,2026-09-24T08:15:05.338434+00:00
9272,1584.549,2026-09-24T08:15:05.338784+00:00
9273,1584.566,2026-09-24T08:15:05.339080+00:00
9274,1584.647,2026-09-24T08:15:05.339454+00:00
9275,1584.694,2026-09-24T08:15:05.339769+00:00
9276,1584.7469999999998,2026-09-24T08:15:05.340124+00:00
9277,1584.7830000000001,2026-09-24T08:15:05.340459+00:00
9278,1584.836,2026-09-24T08:15:05.340832+00:00
9279,1584.8139999999999,2026-09-24T08:15:05.341137+00:00
9280,1584.835,2026-09-24T08:15:05.341454+00:00
9281,1584.8500000000001,2026-09-24T08:15:05.341768+00:00
9282,1584.8739999999998,2026-09-24T08:15:05.342144+00:00
9283,1584.892,2026-09-24T08:15:05.342442+00:00
9284,1584.944,2026-09-24T08:15:05.342773+00:00
9285,1584.995,2026-09-24T08:15:05.343096+00:00
9286,1585.028,2026-09-24T08:15:05.343482+00:00
9287,1585.0500000000002,2026-09-24T08:15:05.343791+00:00
9288,1585.03,2026-09-24T08:15:05.344115+00:00
9289,1585.0610000000001,2026-09-24T08:15:05.344440+00:00
9290,1585.104,2026-09-24T08:15:05.344832+00:00
9291,1585.138,2026-09-24T08:15:05.345147+00:00
9292,1585.138,2026-09-24T08:15:05.345454+00:00
9293,1585.123,2026-09-24T08:15:05.345770+00:00
9294,1585.231,2026-09-24T08:15:05.346154+00:00
9295,1585.2710000000002,2026-09-24T08:15:05.346483+00:00
9296,1585.212,2026-09-24T08:15:05.346803+00:00
9297,1585.256,2026-09-24T08:15:05.347125+00:00
9298,1585.4140000000002,2026-09-24T08:15:05.347579+00:00
9299,1585.518,2026-09-24T08:15:05.348002+00:00
9300,1585.562,2026-09-24T08:15:05.348438+00:00
9301,1585.597,2026-09-24T08:15:05.348819+00:00
9302,1585.585,2026-09-24T08:15:05.349242+00:00
9303,1585.677,2026-09-24T08:15:05.349617+00:00
9304,1585.692,2026-09-24T08:15:05.349922+00:00
9305,1585.6129999999998,2026-09-24T08:15:05.350222+00:00
9306,1585.566,2026-09-24T08:15:05.350530+00:00
9307,1585.453,2026-09-24T08:15:05.350820+00:00
9308,1585.337,2026-09-24T08:15:05.351150+00:00
9309,1585.283,2026-09-24T08:15:05.351464+00:00
9310,1585.239,2026-09-24T08:15:05.351777+00:00
9311,1585.194,2026-09-24T08:15:05.352058+00:00
9312,1585.193,2026-09-24T08:15:05.352347+00:00
9313,1585.123,2026-09-24T08:15:05.352652+00:00
9314,1584.9660000000001,2026-09-24T08:15:05.352919+00:00
9315,1584.878,2026-09-24T08:15:05.353178+00:00
9316,1584.8029999999999,2026-09-24T08:15:05.353514+00:00
9317,1584.702,2026-09-24T08:15:05.353806+00:00
9318,1584.575,2026-09-24T08:15:05.354145+00:00
9319,1584.443,2026-09-24T08:15:05.354436+00:00
9320,1584.135,2026-09-24T08:15:05.354738+00:00
9321,1583.931,2026-09-24T08:15:05.355032+00:00
9322,1583.827,2026-09-24T08:15:05.355309+00:00
9323,1583.964,2026-09-24T08:15:05.355863+00:00
9324,1583.992,2026-09-24T08:15:05.356189+00:00
9325,1583.915,2026-09-24T08:15:05.356497+00:00
9326,1583.846,2026-09-24T08:15:05.356808+00:00
9327,1583.834,2026-09-24T08:15:05.357101+00:00
9328,1583.777,2026-09-24T08:15:05.357395+00:00
9329,1583.674,2026-09-24T08:15:05.357704+00:00
9330,1583.654,2026-09-24T08:15:05.357997+00:00
9331,1583.656,2026-09-24T08:15:05.358365+00:00
9332,1583.612,2026-09-24T08:15:05.358696+00:00
9333,1583.598,2026-09-24T08:15:05.359003+00:00
9334,1583.544,2026-09-24T08:15:05.359295+00:00
9335,1583.493,2026-09-24T08:15:05.359589+00:00
9336,1583.383,2026-09-24T08:15:05.359884+00:00
9337,1583.2189999999998,2026-09-24T08:15:05.360179+00:00
9338,1583.079,2026-09-24T08:15:05.360480+00:00
9339,1582.884,2026-09-24T08:15:05.360824+00:00
9340,1582.823,2026-09-24T08:15:05.361137+00:00
9341,1582.8,2026-09-24T08:15:05.361443+00:00
9342,1582.7649999999999,2026-09-24T08:15:05.361749+00:00
9343,1582.68,2026-09-24T08:15:05.362043+00:00
9344,1582.662,2026-09-24T08:15:05.362336+00:00
9345,1582.59,2026-09-24T08:15:05.362647+00:00
9346,1582.559,2026-09-24T08:15:05.362935+00:00
9347,1582.552,2026-09-24T08:15:05.363278+00:00
9348,1582.6290000000001,2026-09-24T08:15:05.363656+00:00
9349,1582.636,2026-09-24T08:15:05.364004+00:00
9350,1582.636,2026-09-24T08:15:05.364311+00:00
9351,1582.5990000000002,2026-09-24T08:15:05.364626+00:00
9352,1582.551,2026-09-24T08:15:05.364951+00:00
9353,1582.49,2026-09-24T08:15:05.365253+00:00
9354,1582.2350000000001,2026-09-24T08:15:05.365545+00:00
9355,1582.071,2026-09-24T08:15:05.365889+00:00
9356,1581.9540000000002,2026-09-24T08:15:05.366185+00:00
9357,1581.906,2026-09-24T08:15:05.366507+00:00
9358,1581.8000000000002,2026-09-24T08:15:05.366821+00:00
9359,1581.675,2026-09-24T08:15:05.367122+00:00
9360,1581.5300000000002,2026-09-24T08:15:05.367436+00:00
9361,1581.3790000000001,2026-09-24T08:15:05.367733+00:00
9362,1581.3429999999998,2026-09-24T08:15:05.368156+00:00
9363,1581.383,2026-09-24T08:15:05.368530+00:00
9364,1581.2949999999998,2026-09-24T08:15:05.368833+00:00
9365,1581.205,2026-09-24T08:15:05.369126+00:00
9366,1581.194,2026-09-24T08:15:05.369437+00:00
9367,1581.195,2026-09-24T08:15:05.369733+00:00
9368,1581.1390000000001,2026-09-24T08:15:05.370018+00:00
9369,1581.105,2026-09-24T08:15:05.370318+00:00
9370,1552.166,2026-09-24T08:15:05.370611+00:00
9371,1551.7179999999998,2026-09-24T08:15:05.370955+00:00
9372,1551.5030000000002,2026-09-24T08:15:05.371255+00:00
9373,1551.382,2026-09-24T08:15:05.371551+00:00
9374,1551.292,2026-09-24T08:15:05.371859+00:00
9375,1551.2030000000002,2026-09-24T08:15:05.372142+00:00
9376,1551.196,2026-09-24T08:15:05.372443+00:00
9377,1551.022,2026-09-24T08:15:05.372737+00:00
9378,1551.07,2026-09-24T08:15:05.373037+00:00
9379,1551.145,2026-09-24T08:15:05.373373+00:00
9380,1551.199,2026-09-24T08:15:05.373713+00:00
9381,1551.258,2026-09-24T08:15:05.374010+00:00
9382,1551.241,2026-09-24T08:15:05.374303+00:00
9383,1551.212,2026-09-24T08:15:05.374595+00:00
9384,1551.11,2026-09-24T08:15:05.374890+00:00
9385,1550.931,2026-09-24T08:15:05.375171+00:00
9386,1550.8809999999999,2026-09-24T08:15:05.375442+00:00
9387,1550.884,2026-09-24T08:15:05.375775+00:00
9388,1550.845,2026-09-24T08:15:05.376061+00:00
9389,1550.872,2026-09-24T08:15:05.376338+00:00
9390,1550.855,2026-09-24T08:15:05.376659+00:00
9391,1550.6219999999998,2026-09-24T08:15:05.376966+00:00
9392,1550.567,2026-09-24T08:15:05.377254+00:00
9393,1550.5040000000001,2026-09-24T08:15:05.377557+00:00
9394,1550.423,2026-09-24T08:15:05.377860+00:00
9395,1550.215,2026-09-24T08:15:05.378186+00:00
9396,1550.054,2026-09-24T08:15:05.378491+00:00
9397,1549.9389999999999,2026-09-24T08:15:05.378787+00:00
9398,1549.839,2026-09-24T08:15:05.379092+00:00
9399,1549.795,2026-09-24T08:15:05.379389+00:00
9400,1549.801,2026-09-24T08:15:05.379800+00:00
9401,1549.346,2026-09-24T08:15:05.380148+00:00
9402,1549.35,2026-09-24T08:15:05.380469+00:00
9403,1549.273,2026-09-24T08:15:05.380805+00:00
9404,1549.148,2026-09-24T08:15:05.381106+00:00
9405,1549.091,2026-09-24T08:15:05.381389+00:00
9406,1548.928,2026-09-24T08:15:05.381682+00:00
9407,1548.739,2026-09-24T08:15:05.381957+00:00
9408,1548.603,2026-09-24T08:15:05.382260+00:00
9409,1548.213,2026-09-24T08:15:05.382575+00:00
9410,1548.125,2026-09-24T08:15:05.382876+00:00
9411,1548.0510000000002,2026-09-24T08:15:05.383202+00:00
9412,1547.8639999999998,2026-09-24T08:15:05.383494+00:00
9413,1547.7320000000002,2026-09-24T08:15:05.383775+00:00
9414,1547.555,2026-09-24T08:15:05.384062+00:00
9415,1547.393,2026-09-24T08:15:05.384325+00:00
9416,1547.213,2026-09-24T08:15:05.384612+00:00
9417,1546.921,2026-09-24T08:15:05.384909+00:00
9418,1546.726,2026-09-24T08:15:05.385192+00:00
9419,1546.7640000000001,2026-09-24T08:15:05.385529+00:00
9420,1546.703,2026-09-24T08:15:05.385832+00:00
9421,1546.605,2026-09-24T08:15:05.386111+00:00
9422,1546.4309999999998,2026-09-24T08:15:05.386384+00:00
9423,1546.307,2026-09-24T08:15:05.386679+00:00
9424,1546.1419999999998,2026-09-24T08:15:05.386965+00:00
9425,1546.089,2026-09-24T08:15:05.387267+00:00
9426,1546.317,2026-09-24T08:15:05.387860+00:00
9427,1546.309,2026-09-24T08:15:05.388230+00:00
9428,1546.2450000000001,2026-09-24T08:15:05.388549+00:00
9429,1546.083,2026-09-24T08:15:05.388827+00:00
9430,1546.0020000000002,2026-09-24T08:15:05.389145+00:00
9431,1545.8890000000001,2026-09-24T08:15:05.389433+00:00
9432,1545.837,2026-09-24T08:15:05.389709+00:00
9433,1545.798,2026-09-24T08:15:05.389988+00:00
9434,1545.728,2026-09-24T08:15:05.390246+00:00
9435,1545.6760000000002,2026-09-24T08:15:05.390569+00:00
9436,1545.652,2026-09-24T08:15:05.390838+00:00
9437,1545.538,2026-09-24T08:15:05.391096+00:00
9438,1545.451,2026-09-24T08:15:05.391396+00:00
9439,1545.425,2026-09-24T08:15:05.391695+00:00
9440,1545.375,2026-09-24T08:15:05.391964+00:00
9441,1545.3300000000002,2026-09-24T08:15:05.392239+00:00
9442,1545.326,2026-09-24T08:15:05.392512+00:00
9443,1545.37,2026-09-24T08:15:05.392812+00:00
9444,1545.355,2026-09-24T08:15:05.393163+00:00
9445,1545.302,2026-09-24T08:15:05.393503+00:00
9446,1545.3809999999999,2026-09-24T08:15:05.393838+00:00
9447,1545.543,2026-09-24T08:15:05.394387+00:00
9448,1545.6319999999998,2026-09-24T08:15:05.394869+00:00
9449,1545.719,2026-09-24T08:15:05.395377+00:00
9450,1545.679,2026-09-24T08:15:05.395771+00:00
9451,1545.626,2026-09-24T08:15:05.396182+00:00
9452,1545.598,2026-09-24T08:15:05.396578+00:00
9453,1545.438,2026-09-24T08:15:05.396932+00:00
9454,1545.396,2026-09-24T08:15:05.397340+00:00
9455,1545.1680000000001,2026-09-24T08:15:05.397722+00:00
9456,1545.078,2026-09-24T08:15:05.398079+00:00
9457,1544.796,2026-09-24T08:15:05.398452+00:00
9458,1544.663,2026-09-24T08:15:05.398819+00:00
9459,1544.566,2026-09-24T08:15:05.399197+00:00
9460,1544.4869999999999,2026-09-24T08:15:05.399549+00:00
9461,1544.5,2026-09-24T08:15:05.399884+00:00
9462,1544.364,2026-09-24T08:15:05.400212+00:00
9463,1544.297,2026-09-24T08:15:05.400544+00:00
9464,1544.18,2026-09-24T08:15:05.400875+00:00
9465,1544.1290000000001,2026-09-24T08:15:05.401203+00:00
9466,1544.214,2026-09-24T08:15:05.401640+00:00
9467,1544.329,2026-09-24T08:15:05.402124+00:00
9468,1544.265,2026-09-24T08:15:05.402462+00:00
9469,1544.2359999999999,2026-09-24T08:15:05.402781+00:00
9470,1544.2610000000002,2026-09-24T08:15:05.403106+00:00
9471,1544.113,2026-09-24T08:15:05.403425+00:00
9472,1544.012,2026-09-24T08:15:05.403752+00:00
9473,1543.966,2026-09-24T08:15:05.404070+00:00
9474,1543.966,2026-09-24T08:15:05.404373+00:00
9475,1544.0210000000002,2026-09-24T08:15:05.404757+00:00
9476,1543.942,2026-09-24T08:15:05.405108+00:00
9477,1543.986,2026-09-24T08:15:05.405573+00:00
9478,1544.117,2026-09-24T08:15:05.406136+00:00
9479,1544.3929999999998,2026-09-24T08:15:05.406744+00:00
9480,1544.488,2026-09-24T08:15:05.407224+00:00
9481,1544.6599999999999,2026-09-24T08:15:05.407762+00:00
9482,1544.712,2026-09-24T08:15:05.408160+00:00
9483,1544.934,2026-09-24T08:15:05.408664+00:00
9484,1545.136,2026-09-24T08:15:05.409136+00:00
9485,1545.2269999999999,2026-09-24T08:15:05.409501+00:00
9486,1545.22,2026-09-24T08:15:05.409846+00:00
9487,1545.148,2026-09-24T08:15:05.410164+00:00
9488,1545.127,2026-09-24T08:15:05.410500+00:00
9489,1545.1209999999999,2026-09-24T08:15:05.410860+00:00
9490,1545.157,2026-09-24T08:15:05.411310+00:00
9491,1545.3680000000002,2026-09-24T08:15:05.412009+00:00
9492,1545.397,2026-09-24T08:15:05.412348+00:00
9493,1545.414,2026-09-24T08:15:05.412686+00:00
9494,1545.29,2026-09-24T08:15:05.412985+00:00
9495,1545.157,2026-09-24T08:15:05.413276+00:00
9496,1544.969,2026-09-24T08:15:05.413583+00:00
9497,1544.9180000000001,2026-09-24T08:15:05.414004+00:00
9498,1545.202,2026-09-24T08:15:05.414641+00:00
9499,1544.901,2026-09-24T08:15:05.415031+00:00
9500,1544.6109999999999,2026-09-24T08:15:05.415335+00:00
9501,1544.4389999999999,2026-09-24T08:15:05.415653+00:00
9502,1544.212,2026-09-24T08:15:05.415955+00:00
9503,1544.111,2026-09-24T08:15:05.416242+00:00
9504,1544.0240000000001,2026-09-24T08:15:05.416563+00:00
9505,1544.028,2026-09-24T08:15:05.416922+00:00
9506,1544.033,2026-09-24T08:15:05.417267+00:00
9507,1543.919,2026-09-24T08:15:05.417612+00:00
9508,1543.828,2026-09-24T08:15:05.417915+00:00
9509,1543.5140000000001,2026-09-24T08:15:05.418225+00:00
9510,1543.374,2026-09-24T08:15:05.418562+00:00
9511,1543.281,2026-09-24T08:15:05.418873+00:00
9512,1543.232,2026-09-24T08:15:05.419164+00:00
9513,1543.224,2026-09-24T08:15:05.419549+00:00
9514,1543.154,2026-09-24T08:15:05.419902+00:00
9515,1543.123,2026-09-24T08:15:05.420229+00:00
9516,1543.164,2026-09-24T08:15:05.420639+00:00
9517,1543.1280000000002,2026-09-24T08:15:05.420975+00:00
9518,1543.0900000000001,2026-09-24T08:15:05.421261+00:00
9519,1543.097,2026-09-24T08:15:05.421582+00:00
9520,1542.98,2026-09-24T08:15:05.421885+00:00
9521,1542.873,2026-09-24T08:15:05.422226+00:00
9522,1542.6979999999999,2026-09-24T08:15:05.422574+00:00
9523,1542.5240000000001,2026-09-24T08:15:05.422899+00:00
9524,1542.5230000000001,2026-09-24T08:15:05.423379+00:00
9525,1542.478,2026-09-24T08:15:05.423713+00:00
9526,1542.294,2026-09-24T08:15:05.424020+00:00
9527,1542.176,2026-09-24T08:15:05.424342+00:00
9528,1542.0700000000002,2026-09-24T08:15:05.424670+00:00
9529,1542.057,2026-09-24T08:15:05.425025+00:00
9530,1542.057,2026-09-24T08:15:05.425390+00:00
9531,1542.1419999999998,2026-09-24T08:15:05.425765+00:00
9532,1542.168,2026-09-24T08:15:05.426140+00:00
9533,1542.018,2026-09-24T08:15:05.426454+00:00
9534,1542.054,2026-09-24T08:15:05.426779+00:00
9535,1542.025,2026-09-24T08:15:05.427076+00:00
9536,1508.783,2026-09-24T08:15:05.427361+00:00
9537,1508.41,2026-09-24T08:15:05.427720+00:00
9538,1508.401,2026-09-24T08:15:05.428061+00:00
9539,1508.2649999999999,2026-09-24T08:15:05.428372+00:00
9540,1508.208,2026-09-24T08:15:05.429050+00:00
9541,1508.2120000000002,2026-09-24T08:15:05.429558+00:00
9542,1508.1180000000002,2026-09-24T08:15:05.429911+00:00
9543,1508.015,2026-09-24T08:15:05.430214+00:00
9544,1507.784,2026-09-24T08:15:05.430524+00:00
9545,1507.742,2026-09-24T08:15:05.430890+00:00
9546,1507.654,2026-09-24T08:15:05.431230+00:00
9547,1507.692,2026-09-24T08:15:05.431567+00:00
9548,1507.748,2026-09-24T08:15:05.431955+00:00
9549,1507.692,2026-09-24T08:15:05.432265+00:00
9550,1507.639,2026-09-24T08:15:05.432562+00:00
9551,1507.4540000000002,2026-09-24T08:15:05.432858+00:00
9552,1507.366,2026-09-24T08:15:05.433152+00:00
9553,1507.306,2026-09-24T08:15:05.433512+00:00
9554,1507.297,2026-09-24T08:15:05.433842+00:00
9555,1507.296,2026-09-24T08:15:05.434157+00:00
9556,1507.4019999999998,2026-09-24T08:15:05.434540+00:00
9557,1507.55,2026-09-24T08:15:05.434934+00:00
9558,1508.05,2026-09-24T08:15:05.435758+00:00
9559,1508.053,2026-09-24T08:15:05.436099+00:00
9560,1508.092,2026-09-24T08:15:05.436425+00:00
9561,1508.127,2026-09-24T08:15:05.436833+00:00
9562,1508.1850000000002,2026-09-24T08:15:05.437184+00:00
9563,1508.152,2026-09-24T08:15:05.437506+00:00
9564,1508.165,2026-09-24T08:15:05.437880+00:00
9565,1508.213,2026-09-24T08:15:05.438212+00:00
9566,1508.25,2026-09-24T08:15:05.438547+00:00
9567,1508.176,2026-09-24T08:15:05.438873+00:00
9568,1508.205,2026-09-24T08:15:05.439171+00:00
9569,1508.259,2026-09-24T08:15:05.439528+00:00
9570,1508.2930000000001,2026-09-24T08:15:05.439850+00:00
9571,1508.289,2026-09-24T08:15:05.440156+00:00
9572,1508.335,2026-09-24T08:15:05.440521+00:00
9573,1508.372,2026-09-24T08:15:05.440850+00:00
9574,1508.3629999999998,2026-09-24T08:15:05.441152+00:00
9575,1508.413,2026-09-24T08:15:05.441468+00:00
9576,1508.342,2026-09-24T08:15:05.441790+00:00
9577,1508.142,2026-09-24T08:15:05.442137+00:00
9578,1508.038,2026-09-24T08:15:05.442446+00:00
9579,1507.951,2026-09-24T08:15:05.442757+00:00
9580,1507.919,2026-09-24T08:15:05.443066+00:00
9581,1507.883,2026-09-24T08:15:05.443377+00:00
9582,1507.9180000000001,2026-09-24T08:15:05.443697+00:00
9583,1507.948,2026-09-24T08:15:05.444002+00:00
9584,1507.9180000000001,2026-09-24T08:15:05.444306+00:00
9585,1508.0359999999998,2026-09-24T08:15:05.444740+00:00
9586,1508.103,2026-09-24T08:15:05.445081+00:00
9587,1508.147,2026-09-24T08:15:05.445397+00:00
9588,1508.1290000000001,2026-09-24T08:15:05.445734+00:00
9589,1508.259,2026-09-24T08:15:05.446210+00:00
9590,1508.4560000000001,2026-09-24T08:15:05.446720+00:00
9591,1508.524,2026-09-24T08:15:05.447158+00:00
9592,1508.602,2026-09-24T08:15:05.447585+00:00
9593,1508.724,2026-09-24T08:15:05.447990+00:00
9594,1508.713,2026-09-24T08:15:05.448323+00:00
9595,1508.7759999999998,2026-09-24T08:15:05.448668+00:00
9596,1508.778,2026-09-24T08:15:05.448989+00:00
9597,1508.778,2026-09-24T08:15:05.449311+00:00
9598,1508.842,2026-09-24T08:15:05.449655+00:00
9599,1508.84,2026-09-24T08:15:05.449966+00:00
9600,1508.787,2026-09-24T08:15:05.450306+00:00
9601,1508.934,2026-09-24T08:15:05.450784+00:00
9602,1508.962,2026-09-24T08:15:05.451175+00:00
9603,1508.9850000000001,2026-09-24T08:15:05.451531+00:00
9604,1509.096,2026-09-24T08:15:05.451958+00:00
9605,1509.043,2026-09-24T08:15:05.452312+00:00
9606,1509.088,2026-09-24T08:15:05.452649+00:00
9607,1509.092,2026-09-24T08:15:05.452963+00:00
9608,1509.0339999999999,2026-09-24T08:15:05.453264+00:00
9609,1509.2479999999998,2026-09-24T08:15:05.453888+00:00
9610,1509.205,2026-09-24T08:15:05.454288+00:00
9611,1509.234,2026-09-24T08:15:05.454662+00:00
9612,1509.4019999999998,2026-09-24T08:15:05.455125+00:00
9613,1509.453,2026-09-24T08:15:05.455474+00:00
9614,1509.419,2026-09-24T08:15:05.455825+00:00
9615,1509.4879999999998,2026-09-24T08:15:05.456229+00:00
9616,1509.622,2026-09-24T08:15:05.456676+00:00
9617,1509.7169999999999,2026-09-24T08:15:05.457092+00:00
9618,1509.63,2026-09-24T08:15:05.457440+00:00
9619,1509.596,2026-09-24T08:15:05.457786+00:00
9620,1509.734,2026-09-24T08:15:05.458272+00:00
9621,1509.8039999999999,2026-09-24T08:15:05.458645+00:00
9622,1509.7849999999999,2026-09-24T08:15:05.458998+00:00
9623,1509.824,2026-09-24T08:15:05.459346+00:00
9624,1509.812,2026-09-24T08:15:05.459705+00:00
9625,1509.967,2026-09-24T08:15:05.460134+00:00
9626,1510.106,2026-09-24T08:15:05.460594+00:00
9627,1510.188,2026-09-24T08:15:05.461046+00:00
9628,1510.3899999999999,2026-09-24T08:15:05.461529+00:00
9629,1510.536,2026-09-24T08:15:05.461961+00:00
9630,1510.507,2026-09-24T08:15:05.462286+00:00
9631,1510.499,2026-09-24T08:15:05.462605+00:00
9632,1510.421,2026-09-24T08:15:05.462896+00:00
9633,1510.362,2026-09-24T08:15:05.463208+00:00
9634,1510.327,2026-09-24T08:15:05.463549+00:00
9635,1510.307,2026-09-24T08:15:05.463843+00:00
9636,1510.3329999999999,2026-09-24T08:15:05.464163+00:00
9637,1510.287,2026-09-24T08:15:05.464472+00:00
9638,1510.336,2026-09-24T08:15:05.464864+00:00
9639,1510.287,2026-09-24T08:15:05.465220+00:00
9640,1510.259,2026-09-24T08:15:05.465530+00:00
9641,1510.161,2026-09-24T08:15:05.465854+00:00
9642,1510.1100000000001,2026-09-24T08:15:05.466153+00:00
9643,1509.978,2026-09-24T08:15:05.466464+00:00
9644,1509.919,2026-09-24T08:15:05.466772+00:00
9645,1509.839,2026-09-24T08:15:05.467081+00:00
9646,1509.7549999999999,2026-09-24T08:15:05.467363+00:00
9647,1509.7359999999999,2026-09-24T08:15:05.467687+00:00
9648,1509.695,2026-09-24T08:15:05.468001+00:00
9649,1509.703,2026-09-24T08:15:05.468365+00:00
9650,1509.714,2026-09-24T08:15:05.468704+00:00
9651,1509.731,2026-09-24T08:15:05.469021+00:00
9652,1509.66,2026-09-24T08:15:05.469324+00:00
9653,1509.6830000000002,2026-09-24T08:15:05.469637+00:00
9654,1509.6009999999999,2026-09-24T08:15:05.469926+00:00
9655,1509.56,2026-09-24T08:15:05.470238+00:00
9656,1509.585,2026-09-24T08:15:05.470544+00:00
9657,1509.577,2026-09-24T08:15:05.470863+00:00
9658,1509.563,2026-09-24T08:15:05.471161+00:00
9659,1509.52,2026-09-24T08:15:05.471474+00:00
9660,1509.4399999999998,2026-09-24T08:15:05.471788+00:00
9661,1509.425,2026-09-24T08:15:05.472098+00:00
9662,1509.451,2026-09-24T08:15:05.472399+00:00
9663,1509.508,2026-09-24T08:15:05.472729+00:00
9664,1509.433,2026-09-24T08:15:05.473012+00:00
9665,1509.418,2026-09-24T08:15:05.473306+00:00
9666,1509.4209999999998,2026-09-24T08:15:05.473614+00:00
9667,1509.356,2026-09-24T08:15:05.473921+00:00
9668,1509.3410000000001,2026-09-24T08:15:05.474225+00:00
9669,1509.271,2026-09-24T08:15:05.474534+00:00
9670,1509.236,2026-09-24T08:15:05.474833+00:00
9671,1509.191,2026-09-24T08:15:05.475126+00:00
9672,1509.264,2026-09-24T08:15:05.475468+00:00
9673,1509.072,2026-09-24T08:15:05.475787+00:00
9674,1509.042,2026-09-24T08:15:05.476096+00:00
9675,1509.11,2026-09-24T08:15:05.476441+00:00
9676,1509.0829999999999,2026-09-24T08:15:05.476786+00:00
9677,1508.981,2026-09-24T08:15:05.477102+00:00
9678,1508.865,2026-09-24T08:15:05.477390+00:00
9679,1508.828,2026-09-24T08:15:05.477702+00:00
9680,1508.735,2026-09-24T08:15:05.477993+00:00
9681,1508.853,2026-09-24T08:15:05.478419+00:00
9682,1508.8220000000001,2026-09-24T08:15:05.478751+00:00
9683,1508.7939999999999,2026-09-24T08:15:05.479060+00:00
9684,1508.77,2026-09-24T08:15:05.479360+00:00
9685,1508.817,2026-09-24T08:15:05.479694+00:00
9686,1508.846,2026-09-24T08:15:05.479997+00:00
9687,1508.91,2026-09-24T08:15:05.480372+00:00
9688,1508.883,2026-09-24T08:15:05.480705+00:00
9689,1509.163,2026-09-24T08:15:05.481231+00:00
9690,1509.407,2026-09-24T08:15:05.481696+00:00
9691,1509.46,2026-09-24T08:15:05.482033+00:00
9692,1509.4840000000002,2026-09-24T08:15:05.482369+00:00
9693,1509.5529999999999,2026-09-24T08:15:05.482697+00:00
9694,1509.542,2026-09-24T08:15:05.482987+00:00
9695,1509.53,2026-09-24T08:15:05.483269+00:00
9696,1509.5510000000002,2026-09-24T08:15:05.483578+00:00
9697,1509.891,2026-09-24T08:15:05.484120+00:00
9698,1510.132,2026-09-24T08:15:05.484599+00:00
9699,1510.218,2026-09-24T08:15:05.484939+00:00
9700,1510.36,2026-09-24T08:15:05.485305+00:00
9701,1510.4660000000001,2026-09-24T08:15:05.485689+00:00
9702,1510.44,2026-09-24T08:15:05.486022+00:00
9703,1510.459,2026-09-24T08:15:05.486366+00:00
9704,1510.436,2026-09-24T08:15:05.486720+00:00
9705,1510.5710000000001,2026-09-24T08:15:05.487176+00:00
9706,1510.563,2026-09-24T08:15:05.487521+00:00
9707,1510.6109999999999,2026-09-24T08:15:05.487862+00:00
9708,1510.8010000000002,2026-09-24T08:15:05.488346+00:00
9709,1510.987,2026-09-24T08:15:05.488862+00:00
9710,1511.1129999999998,2026-09-24T08:15:05.489280+00:00
9711,1511.1319999999998,2026-09-24T08:15:05.489661+00:00
9712,1511.105,2026-09-24T08:15:05.490004+00:00
9713,1511.3110000000001,2026-09-24T08:15:05.490565+00:00
9714,1511.269,2026-09-24T08:15:05.490936+00:00
9715,1511.328,2026-09-24T08:15:05.491294+00:00
9716,1511.457,2026-09-24T08:15:05.491721+00:00
9717,1511.463,2026-09-24T08:15:05.492057+00:00
9718,1511.527,2026-09-24T08:15:05.492379+00:00
9719,1511.587,2026-09-24T08:15:05.492729+00:00
9720,1511.643,2026-09-24T08:15:05.493089+00:00
9721,1511.7160000000001,2026-09-24T08:15:05.493486+00:00
9722,1511.837,2026-09-24T08:15:05.493854+00:00
9723,1511.874,2026-09-24T08:15:05.494207+00:00
9724,1512.051,2026-09-24T08:15:05.494594+00:00
9725,1512.1070000000002,2026-09-24T08:15:05.494951+00:00
9726,1512.174,2026-09-24T08:15:05.495289+00:00
9727,1512.286,2026-09-24T08:15:05.495667+00:00
9728,1512.313,2026-09-24T08:15:05.496033+00:00
9729,1512.379,2026-09-24T08:15:05.496487+00:00
9730,1512.31,2026-09-24T08:15:05.496837+00:00
9731,1512.389,2026-09-24T08:15:05.497184+00:00
9732,1512.4550000000002,2026-09-24T08:15:05.497562+00:00
9733,1512.5729999999999,2026-09-24T08:15:05.497909+00:00
9734,1512.6109999999999,2026-09-24T08:15:05.498228+00:00
9735,1512.669,2026-09-24T08:15:05.498628+00:00
9736,1512.7379999999998,2026-09-24T08:15:05.499057+00:00
9737,1512.833,2026-09-24T08:15:05.499451+00:00
9738,1512.915,2026-09-24T08:15:05.499800+00:00
9739,1513.055,2026-09-24T08:15:05.500175+00:00
9740,1513.1879999999999,2026-09-24T08:15:05.500576+00:00
9741,1481.684,2026-09-24T08:15:05.500887+00:00
9742,1480.935,2026-09-24T08:15:05.501182+00:00
9743,1480.6490000000001,2026-09-24T08:15:05.501500+00:00
9744,1480.338,2026-09-24T08:15:05.501801+00:00
9745,1480.2,2026-09-24T08:15:05.502173+00:00
9746,1480.24,2026-09-24T08:15:05.502513+00:00
9747,1480.0629999999999,2026-09-24T08:15:05.502831+00:00
9748,1480.01,2026-09-24T08:15:05.503163+00:00
9749,1479.859,2026-09-24T08:15:05.503477+00:00
9750,1479.731,2026-09-24T08:15:05.503776+00:00
9751,1479.6879999999999,2026-09-24T08:15:05.504071+00:00
9752,1479.476,2026-09-24T08:15:05.504365+00:00
9753,1479.293,2026-09-24T08:15:05.504725+00:00
9754,1479.212,2026-09-24T08:15:05.505061+00:00
9755,1479.212,2026-09-24T08:15:05.505366+00:00
9756,1479.174,2026-09-24T08:15:05.505726+00:00
9757,1479.344,2026-09-24T08:15:05.506373+00:00
9758,1479.405,2026-09-24T08:15:05.506794+00:00
9759,1479.375,2026-09-24T08:15:05.507136+00:00
9760,1479.283,2026-09-24T08:15:05.507454+00:00
9761,1479.252,2026-09-24T08:15:05.507820+00:00
9762,1479.195,2026-09-24T08:15:05.508138+00:00
9763,1479.191,2026-09-24T08:15:05.508461+00:00
9764,1479.183,2026-09-24T08:15:05.508852+00:00
9765,1479.1589999999999,2026-09-24T08:15:05.509176+00:00
9766,1479.2369999999999,2026-09-24T08:15:05.509597+00:00
9767,1479.158,2026-09-24T08:15:05.509918+00:00
9768,1479.116,2026-09-24T08:15:05.510201+00:00
9769,1479.115,2026-09-24T08:15:05.510521+00:00
9770,1479.0030000000002,2026-09-24T08:15:05.510817+00:00
9771,1478.972,2026-09-24T08:15:05.511101+00:00
9772,1479.037,2026-09-24T08:15:05.511422+00:00
9773,1479.0149999999999,2026-09-24T08:15:05.511719+00:00
9774,1479.009,2026-09-24T08:15:05.511999+00:00
9775,1478.985,2026-09-24T08:15:05.512270+00:00
9776,1478.956,2026-09-24T08:15:05.512565+00:00
9777,1478.936,2026-09-24T08:15:05.512868+00:00
9778,1478.8870000000002,2026-09-24T08:15:05.513161+00:00
9779,1478.837,2026-09-24T08:15:05.513449+00:00
9780,1478.837,2026-09-24T08:15:05.513764+00:00
9781,1478.863,2026-09-24T08:15:05.514060+00:00
9782,1478.801,2026-09-24T08:15:05.514330+00:00
9783,1478.82,2026-09-24T08:15:05.514615+00:00
9784,1478.773,2026-09-24T08:15:05.514889+00:00
9785,1478.768,2026-09-24T08:15:05.515229+00:00
9786,1478.773,2026-09-24T08:15:05.515549+00:00
9787,1478.7459999999999,2026-09-24T08:15:05.515826+00:00
9788,1478.722,2026-09-24T08:15:05.516130+00:00
9789,1478.6950000000002,2026-09-24T08:15:05.516426+00:00
9790,1478.572,2026-09-24T08:15:05.516708+00:00
9791,1478.564,2026-09-24T08:15:05.516984+00:00
9792,1478.513,2026-09-24T08:15:05.517284+00:00
9793,1478.581,2026-09-24T08:15:05.517757+00:00
9794,1478.513,2026-09-24T08:15:05.518119+00:00
9795,1478.512,2026-09-24T08:15:05.518440+00:00
9796,1478.539,2026-09-24T08:15:05.518766+00:00
9797,1478.448,2026-09-24T08:15:05.519059+00:00
9798,1478.3999999999999,2026-09-24T08:15:05.519334+00:00
9799,1478.087,2026-09-24T08:15:05.519629+00:00
9800,1477.859,2026-09-24T08:15:05.519908+00:00
9801,1477.7579999999998,2026-09-24T08:15:05.520271+00:00
9802,1477.597,2026-09-24T08:15:05.520630+00:00
9803,1477.381,2026-09-24T08:15:05.520938+00:00
9804,1477.3670000000002,2026-09-24T08:15:05.521266+00:00
9805,1477.401,2026-09-24T08:15:05.521661+00:00
9806,1477.208,2026-09-24T08:15:05.522017+00:00
9807,1477.061,2026-09-24T08:15:05.522325+00:00
9808,1477.0339999999999,2026-09-24T08:15:05.522639+00:00
9809,1476.9699999999998,2026-09-24T08:15:05.522965+00:00
9810,1476.876,2026-09-24T08:15:05.523269+00:00
9811,1476.906,2026-09-24T08:15:05.523634+00:00
9812,1476.9699999999998,2026-09-24T08:15:05.523988+00:00
9813,1477.0049999999999,2026-09-24T08:15:05.524333+00:00
9814,1477.0749999999998,2026-09-24T08:15:05.524693+00:00
9815,1477.085,2026-09-24T08:15:05.525005+00:00
9816,1477.12,2026-09-24T08:15:05.525323+00:00
9817,1477.171,2026-09-24T08:15:05.525691+00:00
9818,1477.124,2026-09-24T08:15:05.526004+00:00
9819,1477.106,2026-09-24T08:15:05.526307+00:00
9820,1477.091,2026-09-24T08:15:05.526650+00:00
9821,1477.06,2026-09-24T08:15:05.526993+00:00
9822,1476.964,2026-09-24T08:15:05.527288+00:00
9823,1476.9350000000002,2026-09-24T08:15:05.527611+00:00
9824,1476.885,2026-09-24T08:15:05.527930+00:00
9825,1476.759,2026-09-24T08:15:05.528271+00:00
9826,1476.768,2026-09-24T08:15:05.528590+00:00
9827,1476.74,2026-09-24T08:15:05.528881+00:00
9828,1476.6840000000002,2026-09-24T08:15:05.529192+00:00
9829,1476.6570000000002,2026-09-24T08:15:05.529532+00:00
9830,1476.601,2026-09-24T08:15:05.529858+00:00
9831,1476.5269999999998,2026-09-24T08:15:05.530149+00:00
9832,1476.478,2026-09-24T08:15:05.530442+00:00
9833,1476.503,2026-09-24T08:15:05.530794+00:00
9834,1476.4550000000002,2026-09-24T08:15:05.531101+00:00
9835,1476.479,2026-09-24T08:15:05.531389+00:00
9836,1476.502,2026-09-24T08:15:05.531719+00:00
9837,1476.5040000000001,2026-09-24T08:15:05.532042+00:00
9838,1476.4930000000002,2026-09-24T08:15:05.532335+00:00
9839,1476.534,2026-09-24T08:15:05.532665+00:00
9840,1476.531,2026-09-24T08:15:05.532978+00:00
9841,1476.562,2026-09-24T08:15:05.533319+00:00
9842,1476.637,2026-09-24T08:15:05.533648+00:00
9843,1476.6109999999999,2026-09-24T08:15:05.533956+00:00
9844,1476.594,2026-09-24T08:15:05.534257+00:00
9845,1476.5600000000002,2026-09-24T08:15:05.534578+00:00
9846,1476.511,2026-09-24T08:15:05.534879+00:00
9847,1476.289,2026-09-24T08:15:05.535159+00:00
9848,1476.261,2026-09-24T08:15:05.535438+00:00
9849,1476.278,2026-09-24T08:15:05.535843+00:00
9850,1476.244,2026-09-24T08:15:05.536135+00:00
9851,1476.2169999999999,2026-09-24T08:15:05.536434+00:00
9852,1476.214,2026-09-24T08:15:05.536732+00:00
9853,1476.225,2026-09-24T08:15:05.537056+00:00
9854,1476.251,2026-09-24T08:15:05.537339+00:00
9855,1476.348,2026-09-24T08:15:05.537662+00:00
9856,1476.319,2026-09-24T08:15:05.537953+00:00
9857,1476.384,2026-09-24T08:15:05.538276+00:00
9858,1476.385,2026-09-24T08:15:05.538585+00:00
9859,1476.413,2026-09-24T08:15:05.538906+00:00
9860,1476.478,2026-09-24T08:15:05.539200+00:00
9861,1476.547,2026-09-24T08:15:05.539527+00:00
9862,1476.434,2026-09-24T08:15:05.539810+00:00
9863,1476.414,2026-09-24T08:15:05.540166+00:00
9864,1476.442,2026-09-24T08:15:05.540499+00:00
9865,1476.459,2026-09-24T08:15:05.540831+00:00
9866,1476.4679999999998,2026-09-24T08:15:05.541152+00:00
9867,1476.482,2026-09-24T08:15:05.541472+00:00
9868,1476.515,2026-09-24T08:15:05.541786+00:00
9869,1476.5040000000001,2026-09-24T08:15:05.542108+00:00
9870,1476.534,2026-09-24T08:15:05.542424+00:00
9871,1476.41,2026-09-24T08:15:05.542742+00:00
9872,1476.3390000000002,2026-09-24T08:15:05.543050+00:00
9873,1476.341,2026-09-24T08:15:05.543359+00:00
9874,1476.383,2026-09-24T08:15:05.543689+00:00
9875,1476.328,2026-09-24T08:15:05.544015+00:00
9876,1476.522,2026-09-24T08:15:05.544485+00:00
9877,1476.492,2026-09-24T08:15:05.544823+00:00
9878,1476.451,2026-09-24T08:15:05.545125+00:00
9879,1476.424,2026-09-24T08:15:05.545436+00:00
9880,1476.4470000000001,2026-09-24T08:15:05.545763+00:00
9881,1476.472,2026-09-24T08:15:05.546072+00:00
9882,1476.412,2026-09-24T08:15:05.546391+00:00
9883,1476.482,2026-09-24T08:15:05.546742+00:00
9884,1476.511,2026-09-24T08:15:05.547088+00:00
9885,1476.556,2026-09-24T08:15:05.547395+00:00
9886,1476.511,2026-09-24T08:15:05.547729+00:00
9887,1476.4850000000001,2026-09-24T08:15:05.548034+00:00
9888,1476.515,2026-09-24T08:15:05.548336+00:00
9889,1476.556,2026-09-24T08:15:05.548647+00:00
9890,1476.5790000000002,2026-09-24T08:15:05.548958+00:00
9891,1476.473,2026-09-24T08:15:05.549269+00:00
9892,1476.586,2026-09-24T08:15:05.549711+00:00
9893,1476.4969999999998,2026-09-24T08:15:05.550023+00:00
9894,1476.478,2026-09-24T08:15:05.550325+00:00
9895,1476.547,2026-09-24T08:15:05.550684+00:00
9896,1476.524,2026-09-24T08:15:05.550994+00:00
9897,1476.53,2026-09-24T08:15:05.551285+00:00
9898,1476.738,2026-09-24T08:15:05.551853+00:00
9899,1476.852,2026-09-24T08:15:05.552311+00:00
9900,1477.084,2026-09-24T08:15:05.552835+00:00
9901,1477.087,2026-09-24T08:15:05.553181+00:00
9902,1477.1689999999999,2026-09-24T08:15:05.553500+00:00
9903,1477.193,2026-09-24T08:15:05.553826+00:00
9904,1477.208,2026-09-24T08:15:05.554139+00:00
9905,1477.032,2026-09-24T08:15:05.554441+00:00
9906,1476.993,2026-09-24T08:15:05.554757+00:00
9907,1476.994,2026-09-24T08:15:05.555058+00:00
9908,1477.012,2026-09-24T08:15:05.555400+00:00
9909,1476.913,2026-09-24T08:15:05.555738+00:00
9910,1476.9170000000001,2026-09-24T08:15:05.556043+00:00
9911,1476.885,2026-09-24T08:15:05.556332+00:00
9912,1476.842,2026-09-24T08:15:05.556664+00:00
9913,1476.8159999999998,2026-09-24T08:15:05.556981+00:00
9914,1476.701,2026-09-24T08:15:05.557291+00:00
9915,1476.729,2026-09-24T08:15:05.557679+00:00
9916,1476.654,2026-09-24T08:15:05.558029+00:00
9917,1476.623,2026-09-24T08:15:05.558355+00:00
9918,1476.54,2026-09-24T08:15:05.558678+00:00
9919,1476.427,2026-09-24T08:15:05.558982+00:00
9920,1476.404,2026-09-24T08:15:05.559279+00:00
9921,1476.4409999999998,2026-09-24T08:15:05.559606+00:00
9922,1476.366,2026-09-24T08:15:05.559920+00:00
9923,1476.216,2026-09-24T08:15:05.560232+00:00
9924,1476.288,2026-09-24T08:15:05.560575+00:00
9925,1476.187,2026-09-24T08:15:05.560890+00:00
9926,1475.963,2026-09-24T08:15:05.561189+00:00
9927,1475.9560000000001,2026-09-24T08:15:05.561501+00:00
9928,1475.9869999999999,2026-09-24T08:15:05.561815+00:00
9929,1475.927,2026-09-24T08:15:05.562101+00:00
9930,1475.864,2026-09-24T08:15:05.562394+00:00
9931,1475.848,2026-09-24T08:15:05.562714+00:00
9932,1475.875,2026-09-24T08:15:05.563050+00:00
9933,1443.353,2026-09-24T08:15:05.563352+00:00
9934,1442.63,2026-09-24T08:15:05.563668+00:00
9935,1442.369,2026-09-24T08:15:05.563967+00:00
9936,1442.245,2026-09-24T08:15:05.564265+00:00
9937,1442.1280000000002,2026-09-24T08:15:05.564594+00:00
9938,1441.895,2026-09-24T08:15:05.564905+00:00
9939,1441.8249999999998,2026-09-24T08:15:05.565205+00:00
9940,1441.794,2026-09-24T08:15:05.565550+00:00
9941,1441.861,2026-09-24T08:15:05.565888+00:00
9942,1441.822,2026-09-24T08:15:05.566203+00:00
9943,1441.821,2026-09-24T08:15:05.566517+00:00
9944,1441.804,2026-09-24T08:15:05.566835+00:00
9945,1441.8509999999999,2026-09-24T08:15:05.567141+00:00
9946,1441.816,2026-09-24T08:15:05.567452+00:00
9947,1441.8280000000002,2026-09-24T08:15:05.567755+00:00
9948,1441.928,2026-09-24T08:15:05.568087+00:00
9949,1441.9740000000002,2026-09-24T08:15:05.568400+00:00
9950,1442.02,2026-09-24T08:15:05.568730+00:00
9951,1441.953,2026-09-24T08:15:05.569034+00:00
9952,1441.959,2026-09-24T08:15:05.569336+00:00
9953,1442.029,2026-09-24T08:15:05.569666+00:00
9954,1441.9869999999999,2026-09-24T08:15:05.569968+00:00
9955,1441.901,2026-09-24T08:15:05.570264+00:00
9956,1441.952,2026-09-24T08:15:05.570598+00:00
9957,1441.87,2026-09-24T08:15:05.570900+00:00
9958,1441.8999999999999,2026-09-24T08:15:05.571193+00:00
9959,1441.9409999999998,2026-09-24T08:15:05.571517+00:00
9960,1442.008,2026-09-24T08:15:05.571872+00:00
9961,1442.0729999999999,2026-09-24T08:15:05.572194+00:00
9962,1442.137,2026-09-24T08:15:05.572515+00:00
9963,1442.127,2026-09-24T08:15:05.572826+00:00
9964,1442.013,2026-09-24T08:15:05.573143+00:00
9965,1442.1960000000001,2026-09-24T08:15:05.573630+00:00
9966,1442.195,2026-09-24T08:15:05.574087+00:00
9967,1442.243,2026-09-24T08:15:05.574439+00:00
9968,1442.247,2026-09-24T08:15:05.574772+00:00
9969,1442.2569999999998,2026-09-24T08:15:05.575108+00:00
9970,1442.268,2026-09-24T08:15:05.575456+00:00
9971,1442.261,2026-09-24T08:15:05.575785+00:00
9972,1442.326,2026-09-24T08:15:05.576150+00:00
9973,1442.3410000000001,2026-09-24T08:15:05.576476+00:00
9974,1442.298,2026-09-24T08:15:05.576817+00:00
9975,1442.1889999999999,2026-09-24T08:15:05.577134+00:00
9976,1441.818,2026-09-24T08:15:05.577422+00:00
9977,1441.756,2026-09-24T08:15:05.577726+00:00
9978,1441.74,2026-09-24T08:15:05.578059+00:00
9979,1441.999,2026-09-24T08:15:05.578639+00:00
9980,1442.069,2026-09-24T08:15:05.579017+00:00
9981,1442.067,2026-09-24T08:15:05.579363+00:00
9982,1441.9370000000001,2026-09-24T08:15:05.579702+00:00
9983,1441.843,2026-09-24T08:15:05.580018+00:00
9984,1441.748,2026-09-24T08:15:05.580334+00:00
9985,1441.756,2026-09-24T08:15:05.580716+00:00
9986,1441.8500000000001,2026-09-24T08:15:05.581131+00:00
9987,1441.989,2026-09-24T08:15:05.581627+00:00
9988,1441.994,2026-09-24T08:15:05.581984+00:00
9989,1441.9930000000002,2026-09-24T08:15:05.582320+00:00
9990,1441.9869999999999,2026-09-24T08:15:05.582685+00:00
9991,1442.0230000000001,2026-09-24T08:15:05.583010+00:00
9992,1441.9569999999999,2026-09-24T08:15:05.583327+00:00
9993,1441.9180000000001,2026-09-24T08:15:05.583700+00:00
9994,1441.787,2026-09-24T08:15:05.584048+00:00
9995,1441.669,2026-09-24T08:15:05.584385+00:00
9996,1441.645,2026-09-24T08:15:05.584718+00:00
9997,1441.735,2026-09-24T08:15:05.585170+00:00
9998,1441.6670000000001,2026-09-24T08:15:05.585563+00:00
9999,1441.7120000000002,2026-09-24T08:15:05.585925+00:00
10000,1441.604,2026-09-24T08:15:05.586283+00:00
10001,1441.879,2026-09-24T08:15:05.587010+00:00
10002,1441.948,2026-09-24T08:15:05.587443+00:00
10003,1442.0120000000002,2026-09-24T08:15:05.587859+00:00
10004,1442.032,2026-09-24T08:15:05.588209+00:00
10005,1441.995,2026-09-24T08:15:05.588583+00:00
10006,1442.057,2026-09-24T08:15:05.588915+00:00
10007,1442.08,2026-09-24T08:15:05.589243+00:00
10008,1442.296,2026-09-24T08:15:05.589796+00:00
10009,1443.2659999999998,2026-09-24T08:15:05.591045+00:00
10010,1443.628,2026-09-24T08:15:05.591681+00:00
