seq,latency_ms,received_at
11,0.844,2026-09-24T08:24:57.661916+00:00
12,0.6629999999999999,2026-09-24T08:24:57.662354+00:00
13,0.598,2026-09-24T08:24:57.662778+00:00
14,0.778,2026-09-24T08:24:57.663480+00:00
15,0.652,2026-09-24T08:24:57.663850+00:00
16,0.5509999999999999,2026-09-24T08:24:57.664204+00:00
17,0.799,2026-09-24T08:24:57.664908+00:00
18,0.717,2026-09-24T08:24:57.665292+00:00
19,0.598,2026-09-24T08:24:57.665587+00:00
20,0.791,2026-09-24T08:24:57.666237+00:00
21,0.79,2026-09-24T08:24:57.666662+00:00
22,0.558,2026-09-24T08:24:57.666883+00:00
23,0.515,2026-09-24T08:24:57.667340+00:00
24,0.48899999999999993,2026-09-24T08:24:57.667829+00:00
25,0.48000000000000004,2026-09-24T08:24:57.668285+00:00
26,0.639,2026-09-24T08:24:57.668871+00:00
27,0.869,2026-09-24T08:24:57.669686+00:00
28,0.662,2026-09-24T08:24:57.670085+00:00
29,0.53,2026-09-24T08:24:57.670452+00:00
30,0.5479999999999999,2026-09-24T08:24:57.670923+00:00
31,0.464,2026-09-24T08:24:57.671383+00:00
32,0.541,2026-09-24T08:24:57.671869+00:00
33,0.495,2026-09-24T08:24:57.672325+00:00
34,0.515,2026-09-24T08:24:57.672793+00:00
35,0.503,2026-09-24T08:24:57.673262+00:00
36,0.521,2026-09-24T08:24:57.673725+00:00
37,0.424,2026-09-24T08:24:57.674161+00:00
38,0.499,2026-09-24T08:24:57.674640+00:00
39,0.486,2026-09-24T08:24:57.675059+00:00
40,0.467,2026-09-24T08:24:57.675527+00:00
41,0.458,2026-09-24T08:24:57.675963+00:00
42,0.453,2026-09-24T08:24:57.676378+00:00
43,0.46599999999999997,2026-09-24T08:24:57.676820+00:00
44,0.45399999999999996,2026-09-24T08:24:57.677235+00:00
45,0.43,2026-09-24T08:24:57.677666+00:00
46,0.434,2026-09-24T08:24:57.678069+00:00
47,0.444,2026-09-24T08:24:57.678483+00:00
48,0.451,2026-09-24T08:24:57.678899+00:00
49,0.46,2026-09-24T08:24:57.679321+00:00
50,0.46599999999999997,2026-09-24T08:24:57.679735+00:00
51,0.47100000000000003,2026-09-24T08:24:57.680204+00:00
52,0.449,2026-09-24T08:24:57.680614+00:00
53,0.453,2026-09-24T08:24:57.681041+00:00
54,0.423,2026-09-24T08:24:57.681436+00:00
55,0.446,2026-09-24T08:24:57.681846+00:00
56,0.426,2026-09-24T08:24:57.682244+00:00
57,0.44,2026-09-24T08:24:57.682659+00:00
58,0.441,2026-09-24T08:24:57.683077+00:00
59,0.46099999999999997,2026-09-24T08:24:57.683511+00:00
60,0.58,2026-09-24T08:24:57.684050+00:00
61,0.55,2026-09-24T08:24:57.684561+00:00
62,0.752,2026-09-24T08:24:57.685462+00:00
63,0.521,2026-09-24T08:24:57.685971+00:00
64,0.518,2026-09-24T08:24:57.686455+00:00
65,0.617,2026-09-24T08:24:57.687004+00:00
66,0.5199999999999999,2026-09-24T08:24:57.687406+00:00
67,0.5429999999999999,2026-09-24T08:24:57.687839+00:00
68,0.46099999999999997,2026-09-24T08:24:57.688179+00:00
69,0.637,2026-09-24T08:24:57.688733+00:00
70,1.0579999999999998,2026-09-24T08:24:57.689897+00:00
71,0.982,2026-09-24T08:24:57.690483+00:00
72,0.73,2026-09-24T08:24:57.690804+00:00
73,0.57,2026-09-24T08:24:57.691177+00:00
74,0.599,2026-09-24T08:24:57.691598+00:00
75,0.53,2026-09-24T08:24:57.691915+00:00
76,0.474,2026-09-24T08:24:57.692281+00:00
77,0.467,2026-09-24T08:24:57.692633+00:00
78,0.477,2026-09-24T08:24:57.692996+00:00
79,0.46900000000000003,2026-09-24T08:24:57.693336+00:00
80,0.47300000000000003,2026-09-24T08:24:57.693691+00:00
81,0.632,2026-09-24T08:24:57.694184+00:00
82,0.53,2026-09-24T08:24:57.694617+00:00
83,0.527,2026-09-24T08:24:57.695050+00:00
84,0.524,2026-09-24T08:24:57.695475+00:00
85,0.5199999999999999,2026-09-24T08:24:57.695865+00:00
86,0.5199999999999999,2026-09-24T08:24:57.696273+00:00
87,0.5519999999999999,2026-09-24T08:24:57.696710+00:00
88,0.536,2026-09-24T08:24:57.697136+00:00
89,0.531,2026-09-24T08:24:57.697557+00:00
90,0.514,2026-09-24T08:24:57.697952+00:00
91,0.48700000000000004,2026-09-24T08:24:57.698335+00:00
92,0.474,2026-09-24T08:24:57.698710+00:00
93,0.528,2026-09-24T08:24:57.699140+00:00
94,0.483,2026-09-24T08:24:57.699513+00:00
95,0.5199999999999999,2026-09-24T08:24:57.699917+00:00
96,0.506,2026-09-24T08:24:57.700365+00:00
97,0.537,2026-09-24T08:24:57.700807+00:00
98,0.5339999999999999,2026-09-24T08:24:57.701268+00:00
99,0.5469999999999999,2026-09-24T08:24:57.701696+00:00
100,0.516,2026-09-24T08:24:57.702102+00:00
101,0.521,2026-09-24T08:24:57.702495+00:00
102,0.508,2026-09-24T08:24:57.702940+00:00
103,0.48500000000000004,2026-09-24T08:24:57.703379+00:00
104,0.537,2026-09-24T08:24:57.703870+00:00
105,0.787,2026-09-24T08:24:57.704606+00:00
106,1.014,2026-09-24T08:24:57.705472+00:00
107,0.731,2026-09-24T08:24:57.706210+00:00
108,0.621,2026-09-24T08:24:57.706948+00:00
109,0.579,2026-09-24T08:24:57.707593+00:00
110,0.537,2026-09-24T08:24:57.708174+00:00
111,0.571,2026-09-24T08:24:57.708820+00:00
112,0.545,2026-09-24T08:24:57.709436+00:00
113,0.5509999999999999,2026-09-24T08:24:57.710082+00:00
114,0.545,2026-09-24T08:24:57.710713+00:00
115,0.53,2026-09-24T08:24:57.711312+00:00
116,0.587,2026-09-24T08:24:57.711977+00:00
117,0.583,2026-09-24T08:24:57.712634+00:00
118,0.5569999999999999,2026-09-24T08:24:57.713259+00:00
119,0.5730000000000001,2026-09-24T08:24:57.713912+00:00
120,0.5,2026-09-24T08:24:57.714370+00:00
121,0.513,2026-09-24T08:24:57.714821+00:00
122,0.479,2026-09-24T08:24:57.715265+00:00
123,0.488,2026-09-24T08:24:57.715679+00:00
124,0.444,2026-09-24T08:24:57.716111+00:00
125,0.458,2026-09-24T08:24:57.716499+00:00
126,0.47,2026-09-24T08:24:57.716941+00:00
127,0.453,2026-09-24T08:24:57.717343+00:00
128,0.712,2026-09-24T08:24:57.717997+00:00
129,0.617,2026-09-24T08:24:57.718362+00:00
130,0.508,2026-09-24T08:24:57.718630+00:00
131,0.482,2026-09-24T08:24:57.718953+00:00
132,0.852,2026-09-24T08:24:57.719721+00:00
133,0.6629999999999999,2026-09-24T08:24:57.720090+00:00
134,0.638,2026-09-24T08:24:57.720496+00:00
135,0.5810000000000001,2026-09-24T08:24:57.720820+00:00
136,0.5559999999999999,2026-09-24T08:24:57.721192+00:00
137,0.691,2026-09-24T08:24:57.721696+00:00
138,0.6719999999999999,2026-09-24T08:24:57.722054+00:00
139,0.5670000000000001,2026-09-24T08:24:57.722371+00:00
140,0.495,2026-09-24T08:24:57.722703+00:00
141,0.48500000000000004,2026-09-24T08:24:57.723096+00:00
142,0.49,2026-09-24T08:24:57.723512+00:00
143,0.522,2026-09-24T08:24:57.723939+00:00
144,0.49700000000000005,2026-09-24T08:24:57.724354+00:00
145,0.5,2026-09-24T08:24:57.724787+00:00
146,0.482,2026-09-24T08:24:57.725247+00:00
147,0.5,2026-09-24T08:24:57.725674+00:00
148,0.474,2026-09-24T08:24:57.726127+00:00
149,0.44,2026-09-24T08:24:57.726552+00:00
150,0.483,2026-09-24T08:24:57.727025+00:00
151,0.47800000000000004,2026-09-24T08:24:57.727402+00:00
152,0.506,2026-09-24T08:24:57.727836+00:00
153,0.49200000000000005,2026-09-24T08:24:57.728299+00:00
154,0.48899999999999993,2026-09-24T08:24:57.728755+00:00
155,0.499,2026-09-24T08:24:57.729232+00:00
156,0.483,2026-09-24T08:24:57.729691+00:00
157,0.46799999999999997,2026-09-24T08:24:57.730149+00:00
158,0.46,2026-09-24T08:24:57.730528+00:00
159,0.47300000000000003,2026-09-24T08:24:57.730930+00:00
160,0.451,2026-09-24T08:24:57.731344+00:00
161,0.462,2026-09-24T08:24:57.731769+00:00
162,0.479,2026-09-24T08:24:57.732216+00:00
163,0.536,2026-09-24T08:24:57.732679+00:00
164,0.48500000000000004,2026-09-24T08:24:57.733092+00:00
165,0.47300000000000003,2026-09-24T08:24:57.733539+00:00
166,0.481,2026-09-24T08:24:57.733958+00:00
167,0.448,2026-09-24T08:24:57.734394+00:00
168,0.49200000000000005,2026-09-24T08:24:57.734829+00:00
169,0.47600000000000003,2026-09-24T08:24:57.735290+00:00
170,0.48500000000000004,2026-09-24T08:24:57.735710+00:00
171,0.457,2026-09-24T08:24:57.736151+00:00
172,0.46299999999999997,2026-09-24T08:24:57.736593+00:00
173,0.45899999999999996,2026-09-24T08:24:57.736996+00:00
174,0.467,2026-09-24T08:24:57.737449+00:00
175,0.486,2026-09-24T08:24:57.737867+00:00
176,0.414,2026-09-24T08:24:57.738263+00:00
177,0.45199999999999996,2026-09-24T08:24:57.738698+00:00
178,0.448,2026-09-24T08:24:57.739133+00:00
179,0.483,2026-09-24T08:24:57.739551+00:00
180,0.49,2026-09-24T08:24:57.739982+00:00
181,0.426,2026-09-24T08:24:57.740390+00:00
182,0.48500000000000004,2026-09-24T08:24:57.740846+00:00
183,0.448,2026-09-24T08:24:57.741273+00:00
184,0.416,2026-09-24T08:24:57.741639+00:00
185,0.423,2026-09-24T08:24:57.742047+00:00
186,0.45399999999999996,2026-09-24T08:24:57.742448+00:00
187,0.48500000000000004,2026-09-24T08:24:57.742892+00:00
188,0.426,2026-09-24T08:24:57.743262+00:00
189,0.47300000000000003,2026-09-24T08:24:57.743719+00:00
190,0.417,2026-09-24T08:24:57.744120+00:00
191,0.41300000000000003,2026-09-24T08:24:57.744473+00:00
192,0.7060000000000001,2026-09-24T08:24:57.745150+00:00
193,0.618,2026-09-24T08:24:57.745629+00:00
194,0.494,2026-09-24T08:24:57.746135+00:00
195,0.523,2026-09-24T08:24:57.746578+00:00
196,0.494,2026-09-24T08:24:57.747039+00:00
197,0.482,2026-09-24T08:24:57.747491+00:00
198,0.474,2026-09-24T08:24:57.747907+00:00
199,0.47,2026-09-24T08:24:57.748354+00:00
200,0.501,2026-09-24T08:24:57.748838+00:00
201,0.46900000000000003,2026-09-24T08:24:57.749256+00:00
202,0.45899999999999996,2026-09-24T08:24:57.749700+00:00
203,0.47600000000000003,2026-09-24T08:24:57.750155+00:00
204,0.523,2026-09-24T08:24:57.750651+00:00
205,0.472,2026-09-24T08:24:57.751061+00:00
206,0.48899999999999993,2026-09-24T08:24:57.751524+00:00
207,0.535,2026-09-24T08:24:57.751995+00:00
208,0.472,2026-09-24T08:24:57.752435+00:00
209,0.504,2026-09-24T08:24:57.752899+00:00
210,0.46799999999999997,2026-09-24T08:24:57.753310+00:00
211,0.47600000000000003,2026-09-24T08:24:57.753784+00:00
212,0.49700000000000005,2026-09-24T08:24:57.754235+00:00
213,0.496,2026-09-24T08:24:57.754667+00:00
214,0.431,2026-09-24T08:24:57.755078+00:00
215,0.434,2026-09-24T08:24:57.755487+00:00
216,0.46,2026-09-24T08:24:57.755925+00:00
217,0.447,2026-09-24T08:24:57.756317+00:00
218,0.43600000000000005,2026-09-24T08:24:57.756708+00:00
219,0.417,2026-09-24T08:24:57.757110+00:00
220,0.415,2026-09-24T08:24:57.757472+00:00
221,0.438,2026-09-24T08:24:57.757891+00:00
222,0.442,2026-09-24T08:24:57.758308+00:00
223,0.453,2026-09-24T08:24:57.758756+00:00
224,0.48700000000000004,2026-09-24T08:24:57.759182+00:00
225,0.479,2026-09-24T08:24:57.759643+00:00
226,0.46799999999999997,2026-09-24T08:24:57.760055+00:00
227,0.44499999999999995,2026-09-24T08:24:57.760469+00:00
228,0.437,2026-09-24T08:24:57.760858+00:00
229,0.479,2026-09-24T08:24:57.761316+00:00
230,0.456,2026-09-24T08:24:57.761701+00:00
231,0.45,2026-09-24T08:24:57.762147+00:00
232,0.46099999999999997,2026-09-24T08:24:57.762563+00:00
233,0.429,2026-09-24T08:24:57.762973+00:00
234,0.435,2026-09-24T08:24:57.763387+00:00
235,0.508,2026-09-24T08:24:57.763868+00:00
236,0.5109999999999999,2026-09-24T08:24:57.764320+00:00
237,0.48899999999999993,2026-09-24T08:24:57.764756+00:00
238,0.44499999999999995,2026-09-24T08:24:57.765185+00:00
239,0.46900000000000003,2026-09-24T08:24:57.765595+00:00
240,0.483,2026-09-24T08:24:57.766048+00:00
241,0.46900000000000003,2026-09-24T08:24:57.766490+00:00
242,0.482,2026-09-24T08:24:57.766904+00:00
243,0.462,2026-09-24T08:24:57.767340+00:00
244,0.505,2026-09-24T08:24:57.767766+00:00
245,0.46,2026-09-24T08:24:57.768213+00:00
246,0.453,2026-09-24T08:24:57.768637+00:00
247,0.431,2026-09-24T08:24:57.769017+00:00
248,0.415,2026-09-24T08:24:57.769417+00:00
249,0.47100000000000003,2026-09-24T08:24:57.769829+00:00
250,0.457,2026-09-24T08:24:57.770259+00:00
251,0.45,2026-09-24T08:24:57.770653+00:00
252,0.443,2026-09-24T08:24:57.771068+00:00
253,0.426,2026-09-24T08:24:57.771428+00:00
254,0.45899999999999996,2026-09-24T08:24:57.771859+00:00
255,0.44499999999999995,2026-09-24T08:24:57.772290+00:00
256,0.446,2026-09-24T08:24:57.772682+00:00
257,0.423,2026-09-24T08:24:57.773061+00:00
258,0.455,2026-09-24T08:24:57.773493+00:00
259,0.44,2026-09-24T08:24:57.773886+00:00
260,0.44499999999999995,2026-09-24T08:24:57.774301+00:00
261,0.441,2026-09-24T08:24:57.774692+00:00
262,0.441,2026-09-24T08:24:57.775092+00:00
263,0.447,2026-09-24T08:24:57.775510+00:00
264,0.438,2026-09-24T08:24:57.775898+00:00
265,0.412,2026-09-24T08:24:57.776295+00:00
266,0.423,2026-09-24T08:24:57.776660+00:00
267,0.475,2026-09-24T08:24:57.777112+00:00
268,0.49799999999999994,2026-09-24T08:24:57.777585+00:00
269,0.49200000000000005,2026-09-24T08:24:57.778013+00:00
270,0.467,2026-09-24T08:24:57.778453+00:00
271,0.47600000000000003,2026-09-24T08:24:57.778867+00:00
272,0.467,2026-09-24T08:24:57.779315+00:00
273,0.465,2026-09-24T08:24:57.779711+00:00
274,0.43,2026-09-24T08:24:57.780122+00:00
275,0.477,2026-09-24T08:24:57.780579+00:00
276,0.458,2026-09-24T08:24:57.781021+00:00
277,0.45,2026-09-24T08:24:57.781416+00:00
278,0.447,2026-09-24T08:24:57.781805+00:00
279,0.423,2026-09-24T08:24:57.782208+00:00
280,0.472,2026-09-24T08:24:57.782658+00:00
281,0.432,2026-09-24T08:24:57.783027+00:00
282,0.449,2026-09-24T08:24:57.783447+00:00
283,0.46299999999999997,2026-09-24T08:24:57.783848+00:00
284,0.41100000000000003,2026-09-24T08:24:57.784251+00:00
285,0.45199999999999996,2026-09-24T08:24:57.784662+00:00
286,0.467,2026-09-24T08:24:57.785107+00:00
287,0.481,2026-09-24T08:24:57.785577+00:00
288,0.46599999999999997,2026-09-24T08:24:57.785972+00:00
289,0.48700000000000004,2026-09-24T08:24:57.786454+00:00
290,0.515,2026-09-24T08:24:57.786859+00:00
291,0.455,2026-09-24T08:24:57.787259+00:00
292,0.503,2026-09-24T08:24:57.787752+00:00
293,0.491,2026-09-24T08:24:57.788181+00:00
294,0.509,2026-09-24T08:24:57.788672+00:00
295,1.1280000000000001,2026-09-24T08:24:57.789767+00:00
296,1.328,2026-09-24T08:24:57.790370+00:00
297,1.149,2026-09-24T08:24:57.790583+00:00
298,1.027,2026-09-24T08:24:57.790838+00:00
299,0.903,2026-09-24T08:24:57.791067+00:00
300,0.638,2026-09-24T08:24:57.791197+00:00
301,0.5559999999999999,2026-09-24T08:24:57.791553+00:00
302,0.562,2026-09-24T08:24:57.791943+00:00
303,0.47100000000000003,2026-09-24T08:24:57.792245+00:00
304,0.583,2026-09-24T08:24:57.792730+00:00
305,0.531,2026-09-24T08:24:57.793104+00:00
306,0.44499999999999995,2026-09-24T08:24:57.793388+00:00
307,0.733,2026-09-24T08:24:57.794034+00:00
308,0.7789999999999999,2026-09-24T08:24:57.794480+00:00
309,0.602,2026-09-24T08:24:57.794641+00:00
310,0.584,2026-09-24T08:24:57.794968+00:00
311,0.495,2026-09-24T08:24:57.795287+00:00
312,0.513,2026-09-24T08:24:57.795669+00:00
313,0.435,2026-09-24T08:24:57.795955+00:00
314,0.507,2026-09-24T08:24:57.796373+00:00
315,0.48700000000000004,2026-09-24T08:24:57.796727+00:00
316,0.416,2026-09-24T08:24:57.797012+00:00
317,0.758,2026-09-24T08:24:57.797680+00:00
318,0.739,2026-09-24T08:24:57.798060+00:00
319,0.621,2026-09-24T08:24:57.798307+00:00
320,0.512,2026-09-24T08:24:57.798650+00:00
321,0.545,2026-09-24T08:24:57.799075+00:00
322,0.45399999999999996,2026-09-24T08:24:57.799372+00:00
323,0.8140000000000001,2026-09-24T08:24:57.800091+00:00
324,0.722,2026-09-24T08:24:57.800467+00:00
325,0.735,2026-09-24T08:24:57.800892+00:00
326,0.69,2026-09-24T08:24:57.801508+00:00
327,0.592,2026-09-24T08:24:57.802149+00:00
328,0.6130000000000001,2026-09-24T08:24:57.802830+00:00
329,0.578,2026-09-24T08:24:57.803486+00:00
330,0.5720000000000001,2026-09-24T08:24:57.804132+00:00
331,0.602,2026-09-24T08:24:57.804824+00:00
332,0.5760000000000001,2026-09-24T08:24:57.805481+00:00
333,0.555,2026-09-24T08:24:57.806130+00:00
334,0.583,2026-09-24T08:24:57.806807+00:00
335,0.506,2026-09-24T08:24:57.807264+00:00
336,0.535,2026-09-24T08:24:57.807733+00:00
337,0.48899999999999993,2026-09-24T08:24:57.808164+00:00
338,0.47800000000000004,2026-09-24T08:24:57.808620+00:00
339,0.47800000000000004,2026-09-24T08:24:57.809075+00:00
340,0.45199999999999996,2026-09-24T08:24:57.809502+00:00
341,0.443,2026-09-24T08:24:57.809886+00:00
342,0.432,2026-09-24T08:24:57.810314+00:00
343,0.449,2026-09-24T08:24:57.810706+00:00
344,0.48700000000000004,2026-09-24T08:24:57.811175+00:00
345,0.517,2026-09-24T08:24:57.811660+00:00
346,0.506,2026-09-24T08:24:57.812078+00:00
347,0.474,2026-09-24T08:24:57.812531+00:00
348,0.482,2026-09-24T08:24:57.813016+00:00
349,0.482,2026-09-24T08:24:57.813428+00:00
350,0.48899999999999993,2026-09-24T08:24:57.813908+00:00
351,0.488,2026-09-24T08:24:57.814308+00:00
352,0.46,2026-09-24T08:24:57.814754+00:00
353,0.438,2026-09-24T08:24:57.815176+00:00
354,0.502,2026-09-24T08:24:57.815671+00:00
355,0.46,2026-09-24T08:24:57.816068+00:00
356,0.6669999999999999,2026-09-24T08:24:57.816729+00:00
357,0.507,2026-09-24T08:24:57.817203+00:00
358,0.49299999999999994,2026-09-24T08:24:57.817641+00:00
359,0.496,2026-09-24T08:24:57.818118+00:00
360,0.46799999999999997,2026-09-24T08:24:57.818522+00:00
361,0.45,2026-09-24T08:24:57.818961+00:00
362,0.47,2026-09-24T08:24:57.819420+00:00
363,0.48000000000000004,2026-09-24T08:24:57.819840+00:00
364,0.46,2026-09-24T08:24:57.820295+00:00
365,0.488,2026-09-24T08:24:57.820733+00:00
366,0.47600000000000003,2026-09-24T08:24:57.821204+00:00
367,0.544,2026-09-24T08:24:57.821673+00:00
368,0.49200000000000005,2026-09-24T08:24:57.822117+00:00
369,0.483,2026-09-24T08:24:57.822569+00:00
370,0.47,2026-09-24T08:24:57.822999+00:00
371,0.45399999999999996,2026-09-24T08:24:57.823430+00:00
372,0.496,2026-09-24T08:24:57.823866+00:00
373,0.451,2026-09-24T08:24:57.824309+00:00
374,0.472,2026-09-24T08:24:57.824731+00:00
375,0.45399999999999996,2026-09-24T08:24:57.825175+00:00
376,0.45,2026-09-24T08:24:57.825574+00:00
377,0.46,2026-09-24T08:24:57.826027+00:00
378,0.65,2026-09-24T08:24:57.826661+00:00
379,0.766,2026-09-24T08:24:57.827540+00:00
380,0.68,2026-09-24T08:24:57.828358+00:00
381,0.661,2026-09-24T08:24:57.829184+00:00
382,0.7,2026-09-24T08:24:57.830040+00:00
383,0.691,2026-09-24T08:24:57.830890+00:00
384,0.665,2026-09-24T08:24:57.831713+00:00
385,0.648,2026-09-24T08:24:57.832532+00:00
386,0.632,2026-09-24T08:24:57.833328+00:00
387,0.626,2026-09-24T08:24:57.834138+00:00
388,0.7,2026-09-24T08:24:57.834996+00:00
389,0.533,2026-09-24T08:24:57.835476+00:00
390,0.514,2026-09-24T08:24:57.835938+00:00
391,0.46900000000000003,2026-09-24T08:24:57.836397+00:00
392,0.502,2026-09-24T08:24:57.836842+00:00
393,0.47100000000000003,2026-09-24T08:24:57.837298+00:00
394,0.464,2026-09-24T08:24:57.837697+00:00
395,0.451,2026-09-24T08:24:57.838126+00:00
396,0.47800000000000004,2026-09-24T08:24:57.838601+00:00
397,0.479,2026-09-24T08:24:57.839005+00:00
398,0.46099999999999997,2026-09-24T08:24:57.839447+00:00
399,0.49799999999999994,2026-09-24T08:24:57.839928+00:00
400,0.491,2026-09-24T08:24:57.840400+00:00
401,0.533,2026-09-24T08:24:57.840916+00:00
402,0.477,2026-09-24T08:24:57.841354+00:00
403,0.531,2026-09-24T08:24:57.841857+00:00
404,0.5730000000000001,2026-09-24T08:24:57.842398+00:00
405,0.507,2026-09-24T08:24:57.842845+00:00
406,0.494,2026-09-24T08:24:57.843333+00:00
407,0.507,2026-09-24T08:24:57.843776+00:00
408,0.48500000000000004,2026-09-24T08:24:57.844200+00:00
409,0.49200000000000005,2026-09-24T08:24:57.844632+00:00
410,0.491,2026-09-24T08:24:57.845104+00:00
411,0.449,2026-09-24T08:24:57.845524+00:00
412,0.513,2026-09-24T08:24:57.845980+00:00
413,0.457,2026-09-24T08:24:57.846353+00:00
414,0.532,2026-09-24T08:24:57.846869+00:00
415,0.544,2026-09-24T08:24:57.847368+00:00
416,0.5289999999999999,2026-09-24T08:24:57.847843+00:00
417,0.448,2026-09-24T08:24:57.848261+00:00
418,0.5199999999999999,2026-09-24T08:24:57.848762+00:00
419,0.475,2026-09-24T08:24:57.849209+00:00
420,0.494,2026-09-24T08:24:57.849686+00:00
421,0.42700000000000005,2026-09-24T08:24:57.850080+00:00
422,0.46599999999999997,2026-09-24T08:24:57.850530+00:00
423,0.44,2026-09-24T08:24:57.850932+00:00
424,0.431,2026-09-24T08:24:57.851343+00:00
425,0.46599999999999997,2026-09-24T08:24:57.851791+00:00
426,0.449,2026-09-24T08:24:57.852176+00:00
427,0.502,2026-09-24T08:24:57.852632+00:00
428,0.481,2026-09-24T08:24:57.853035+00:00
429,0.433,2026-09-24T08:24:57.853450+00:00
430,0.447,2026-09-24T08:24:57.853868+00:00
431,0.45399999999999996,2026-09-24T08:24:57.854258+00:00
432,0.449,2026-09-24T08:24:57.854672+00:00
433,0.449,2026-09-24T08:24:57.855098+00:00
434,0.448,2026-09-24T08:24:57.855526+00:00
435,0.46299999999999997,2026-09-24T08:24:57.855980+00:00
436,0.44,2026-09-24T08:24:57.856362+00:00
437,0.504,2026-09-24T08:24:57.856832+00:00
438,0.456,2026-09-24T08:24:57.857260+00:00
439,0.481,2026-09-24T08:24:57.857671+00:00
440,0.46099999999999997,2026-09-24T08:24:57.858105+00:00
441,0.5640000000000001,2026-09-24T08:24:57.858600+00:00
442,0.47600000000000003,2026-09-24T08:24:57.859051+00:00
443,0.45899999999999996,2026-09-24T08:24:57.859440+00:00
444,0.434,2026-09-24T08:24:57.859856+00:00
445,0.465,2026-09-24T08:24:57.860309+00:00
446,0.49700000000000005,2026-09-24T08:24:57.860739+00:00
447,0.46099999999999997,2026-09-24T08:24:57.861177+00:00
448,0.48000000000000004,2026-09-24T08:24:57.861632+00:00
449,0.46099999999999997,2026-09-24T08:24:57.862077+00:00
450,0.45399999999999996,2026-09-24T08:24:57.862508+00:00
451,0.494,2026-09-24T08:24:57.862974+00:00
452,0.46,2026-09-24T08:24:57.863375+00:00
453,0.495,2026-09-24T08:24:57.863854+00:00
454,0.43,2026-09-24T08:24:57.864231+00:00
455,0.444,2026-09-24T08:24:57.864665+00:00
456,0.431,2026-09-24T08:24:57.865040+00:00
457,0.48500000000000004,2026-09-24T08:24:57.865504+00:00
458,0.503,2026-09-24T08:24:57.865952+00:00
459,0.47800000000000004,2026-09-24T08:24:57.866417+00:00
460,0.5630000000000001,2026-09-24T08:24:57.866914+00:00
461,0.9319999999999999,2026-09-24T08:24:57.868069+00:00
462,0.603,2026-09-24T08:24:57.868696+00:00
463,0.523,2026-09-24T08:24:57.869223+00:00
464,0.519,2026-09-24T08:24:57.869725+00:00
465,0.527,2026-09-24T08:24:57.870230+00:00
466,0.49799999999999994,2026-09-24T08:24:57.870682+00:00
467,0.48700000000000004,2026-09-24T08:24:57.871146+00:00
468,0.479,2026-09-24T08:24:57.871582+00:00
469,0.46299999999999997,2026-09-24T08:24:57.872023+00:00
470,0.449,2026-09-24T08:24:57.872456+00:00
471,0.46900000000000003,2026-09-24T08:24:57.872908+00:00
472,0.439,2026-09-24T08:24:57.873331+00:00
473,0.47800000000000004,2026-09-24T08:24:57.873793+00:00
474,0.47600000000000003,2026-09-24T08:24:57.874255+00:00
475,0.49,2026-09-24T08:24:57.874729+00:00
476,0.483,2026-09-24T08:24:57.875183+00:00
477,0.499,2026-09-24T08:24:57.875657+00:00
478,0.472,2026-09-24T08:24:57.876117+00:00
479,0.51,2026-09-24T08:24:57.876599+00:00
480,0.483,2026-09-24T08:24:57.877057+00:00
481,0.491,2026-09-24T08:24:57.877522+00:00
482,0.49700000000000005,2026-09-24T08:24:57.877997+00:00
483,0.521,2026-09-24T08:24:57.878490+00:00
484,0.49,2026-09-24T08:24:57.878945+00:00
485,0.472,2026-09-24T08:24:57.879388+00:00
486,0.575,2026-09-24T08:24:57.879928+00:00
487,0.474,2026-09-24T08:24:57.880442+00:00
488,0.541,2026-09-24T08:24:57.880945+00:00
489,0.482,2026-09-24T08:24:57.881395+00:00
490,0.519,2026-09-24T08:24:57.881886+00:00
491,0.477,2026-09-24T08:24:57.882332+00:00
492,0.49700000000000005,2026-09-24T08:24:57.882801+00:00
493,0.48899999999999993,2026-09-24T08:24:57.883270+00:00
494,0.507,2026-09-24T08:24:57.883745+00:00
495,0.504,2026-09-24T08:24:57.884204+00:00
496,0.499,2026-09-24T08:24:57.884688+00:00
497,1.211,2026-09-24T08:24:57.885863+00:00
498,0.722,2026-09-24T08:24:57.886557+00:00
499,0.622,2026-09-24T08:24:57.887130+00:00
500,0.53,2026-09-24T08:24:57.887632+00:00
501,0.502,2026-09-24T08:24:57.888104+00:00
502,0.506,2026-09-24T08:24:57.888570+00:00
503,0.505,2026-09-24T08:24:57.889027+00:00
504,0.528,2026-09-24T08:24:57.889507+00:00
505,0.539,2026-09-24T08:24:57.890024+00:00
506,0.519,2026-09-24T08:24:57.890509+00:00
507,0.482,2026-09-24T08:24:57.890977+00:00
508,0.46900000000000003,2026-09-24T08:24:57.891426+00:00
509,0.546,2026-09-24T08:24:57.891947+00:00
510,0.513,2026-09-24T08:24:57.892463+00:00
511,0.504,2026-09-24T08:24:57.892950+00:00
512,0.521,2026-09-24T08:24:57.893472+00:00
513,0.496,2026-09-24T08:24:57.893942+00:00
514,0.46900000000000003,2026-09-24T08:24:57.894383+00:00
515,0.501,2026-09-24T08:24:57.894856+00:00
516,0.474,2026-09-24T08:24:57.895300+00:00
517,0.501,2026-09-24T08:24:57.895774+00:00
518,0.47300000000000003,2026-09-24T08:24:57.896218+00:00
519,0.46099999999999997,2026-09-24T08:24:57.896649+00:00
520,0.49299999999999994,2026-09-24T08:24:57.897110+00:00
521,0.536,2026-09-24T08:24:57.897599+00:00
522,0.523,2026-09-24T08:24:57.898105+00:00
523,0.521,2026-09-24T08:24:57.898632+00:00
524,0.496,2026-09-24T08:24:57.899106+00:00
525,0.484,2026-09-24T08:24:57.899556+00:00
526,0.47100000000000003,2026-09-24T08:24:57.899991+00:00
527,0.64,2026-09-24T08:24:57.900613+00:00
528,0.507,2026-09-24T08:24:57.901073+00:00
529,0.76,2026-09-24T08:24:57.901844+00:00
530,0.852,2026-09-24T08:24:57.902691+00:00
531,0.834,2026-09-24T08:24:57.903495+00:00
532,0.809,2026-09-24T08:24:57.904269+00:00
533,0.805,2026-09-24T08:24:57.905038+00:00
534,0.6769999999999999,2026-09-24T08:24:57.905723+00:00
535,1.001,2026-09-24T08:24:57.907054+00:00
536,0.74,2026-09-24T08:24:57.907873+00:00
537,0.6719999999999999,2026-09-24T08:24:57.908686+00:00
538,0.636,2026-09-24T08:24:57.909465+00:00
539,0.619,2026-09-24T08:24:57.910226+00:00
540,0.6489999999999999,2026-09-24T08:24:57.911014+00:00
541,0.662,2026-09-24T08:24:57.911821+00:00
542,0.631,2026-09-24T08:24:57.912602+00:00
543,0.5379999999999999,2026-09-24T08:24:57.913183+00:00
544,0.656,2026-09-24T08:24:57.914002+00:00
545,0.634,2026-09-24T08:24:57.914783+00:00
546,0.505,2026-09-24T08:24:57.915296+00:00
547,0.504,2026-09-24T08:24:57.915772+00:00
548,0.495,2026-09-24T08:24:57.916230+00:00
549,0.536,2026-09-24T08:24:57.916737+00:00
550,0.482,2026-09-24T08:24:57.917191+00:00
551,0.481,2026-09-24T08:24:57.917643+00:00
552,0.47600000000000003,2026-09-24T08:24:57.918091+00:00
553,0.457,2026-09-24T08:24:57.918532+00:00
554,0.477,2026-09-24T08:24:57.919050+00:00
555,0.49,2026-09-24T08:24:57.919522+00:00
556,0.494,2026-09-24T08:24:57.919987+00:00
557,0.49799999999999994,2026-09-24T08:24:57.920444+00:00
558,0.48000000000000004,2026-09-24T08:24:57.920922+00:00
559,0.46799999999999997,2026-09-24T08:24:57.921356+00:00
560,0.517,2026-09-24T08:24:57.921832+00:00
561,0.48700000000000004,2026-09-24T08:24:57.922329+00:00
562,0.495,2026-09-24T08:24:57.922795+00:00
563,0.464,2026-09-24T08:24:57.923230+00:00
564,0.509,2026-09-24T08:24:57.923704+00:00
565,0.499,2026-09-24T08:24:57.924192+00:00
566,0.535,2026-09-24T08:24:57.924674+00:00
567,0.535,2026-09-24T08:24:57.925158+00:00
568,0.515,2026-09-24T08:24:57.925630+00:00
569,0.503,2026-09-24T08:24:57.926091+00:00
570,0.456,2026-09-24T08:24:57.926523+00:00
571,0.449,2026-09-24T08:24:57.926957+00:00
572,0.49700000000000005,2026-09-24T08:24:57.927438+00:00
573,0.48899999999999993,2026-09-24T08:24:57.927890+00:00
574,0.503,2026-09-24T08:24:57.928349+00:00
575,0.574,2026-09-24T08:24:57.928880+00:00
576,0.5770000000000001,2026-09-24T08:24:57.929499+00:00
577,0.507,2026-09-24T08:24:57.929988+00:00
578,0.558,2026-09-24T08:24:57.930502+00:00
579,0.49299999999999994,2026-09-24T08:24:57.930939+00:00
580,0.442,2026-09-24T08:24:57.931369+00:00
581,0.515,2026-09-24T08:24:57.931838+00:00
582,0.49299999999999994,2026-09-24T08:24:57.932299+00:00
583,0.477,2026-09-24T08:24:57.932707+00:00
584,0.507,2026-09-24T08:24:57.933159+00:00
585,0.528,2026-09-24T08:24:57.933649+00:00
586,0.433,2026-09-24T08:24:57.934027+00:00
587,0.426,2026-09-24T08:24:57.934433+00:00
588,0.434,2026-09-24T08:24:57.934802+00:00
589,0.45899999999999996,2026-09-24T08:24:57.935240+00:00
590,0.444,2026-09-24T08:24:57.935622+00:00
591,0.438,2026-09-24T08:24:57.936017+00:00
592,0.41800000000000004,2026-09-24T08:24:57.936426+00:00
593,0.472,2026-09-24T08:24:57.936832+00:00
594,0.474,2026-09-24T08:24:57.937235+00:00
595,0.46799999999999997,2026-09-24T08:24:57.937676+00:00
596,0.467,2026-09-24T08:24:57.938084+00:00
597,0.475,2026-09-24T08:24:57.938529+00:00
598,0.447,2026-09-24T08:24:57.938901+00:00
599,0.43600000000000005,2026-09-24T08:24:57.939329+00:00
600,0.472,2026-09-24T08:24:57.939732+00:00
601,0.49799999999999994,2026-09-24T08:24:57.940215+00:00
602,0.44499999999999995,2026-09-24T08:24:57.940605+00:00
603,0.442,2026-09-24T08:24:57.941022+00:00
604,0.415,2026-09-24T08:24:57.941407+00:00
605,0.453,2026-09-24T08:24:57.941793+00:00
606,0.43,2026-09-24T08:24:57.942192+00:00
607,0.486,2026-09-24T08:24:57.942616+00:00
608,0.437,2026-09-24T08:24:57.942990+00:00
609,0.398,2026-09-24T08:24:57.943403+00:00
610,0.46900000000000003,2026-09-24T08:24:57.943834+00:00
611,0.431,2026-09-24T08:24:57.944213+00:00
612,0.423,2026-09-24T08:24:57.944618+00:00
613,0.462,2026-09-24T08:24:57.945026+00:00
614,0.397,2026-09-24T08:24:57.945370+00:00
615,0.446,2026-09-24T08:24:57.945795+00:00
616,0.42700000000000005,2026-09-24T08:24:57.946191+00:00
617,0.432,2026-09-24T08:24:57.946594+00:00
618,0.449,2026-09-24T08:24:57.947003+00:00
619,0.426,2026-09-24T08:24:57.947383+00:00
620,0.42000000000000004,2026-09-24T08:24:57.947793+00:00
621,0.438,2026-09-24T08:24:57.948188+00:00
622,0.475,2026-09-24T08:24:57.948609+00:00
623,0.448,2026-09-24T08:24:57.949017+00:00
624,0.406,2026-09-24T08:24:57.949386+00:00
625,0.47,2026-09-24T08:24:57.949828+00:00
626,0.42700000000000005,2026-09-24T08:24:57.950196+00:00
627,0.464,2026-09-24T08:24:57.950648+00:00
628,0.906,2026-09-24T08:24:57.951887+00:00
629,0.639,2026-09-24T08:24:57.952707+00:00
630,0.5730000000000001,2026-09-24T08:24:57.953441+00:00
631,0.5199999999999999,2026-09-24T08:24:57.954025+00:00
632,0.655,2026-09-24T08:24:57.954839+00:00
633,0.5900000000000001,2026-09-24T08:24:57.955593+00:00
634,0.536,2026-09-24T08:24:57.956172+00:00
635,0.6449999999999999,2026-09-24T08:24:57.956954+00:00
636,0.579,2026-09-24T08:24:57.957659+00:00
637,0.515,2026-09-24T08:24:57.958205+00:00
638,0.606,2026-09-24T08:24:57.958968+00:00
639,0.477,2026-09-24T08:24:57.959463+00:00
640,0.439,2026-09-24T08:24:57.959901+00:00
641,0.438,2026-09-24T08:24:57.960315+00:00
642,0.45899999999999996,2026-09-24T08:24:57.960746+00:00
643,0.448,2026-09-24T08:24:57.961174+00:00
644,0.437,2026-09-24T08:24:57.961596+00:00
645,0.444,2026-09-24T08:24:57.962054+00:00
646,0.449,2026-09-24T08:24:57.962485+00:00
647,0.45,2026-09-24T08:24:57.962908+00:00
648,0.424,2026-09-24T08:24:57.963326+00:00
649,0.444,2026-09-24T08:24:57.963754+00:00
650,0.419,2026-09-24T08:24:57.964154+00:00
651,0.45,2026-09-24T08:24:57.964592+00:00
652,0.451,2026-09-24T08:24:57.965024+00:00
653,0.464,2026-09-24T08:24:57.965459+00:00
654,0.44,2026-09-24T08:24:57.965887+00:00
655,0.43,2026-09-24T08:24:57.966292+00:00
656,0.46,2026-09-24T08:24:57.966721+00:00
657,0.442,2026-09-24T08:24:57.967134+00:00
658,0.41300000000000003,2026-09-24T08:24:57.967531+00:00
659,0.434,2026-09-24T08:24:57.967943+00:00
660,0.451,2026-09-24T08:24:57.968372+00:00
661,0.49799999999999994,2026-09-24T08:24:57.968812+00:00
662,0.448,2026-09-24T08:24:57.969224+00:00
663,0.447,2026-09-24T08:24:57.969638+00:00
664,0.432,2026-09-24T08:24:57.970050+00:00
665,0.428,2026-09-24T08:24:57.970458+00:00
666,0.451,2026-09-24T08:24:57.970890+00:00
667,0.42700000000000005,2026-09-24T08:24:57.971275+00:00
668,0.442,2026-09-24T08:24:57.971706+00:00
669,0.426,2026-09-24T08:24:57.972112+00:00
670,0.429,2026-09-24T08:24:57.972509+00:00
671,0.44,2026-09-24T08:24:57.972919+00:00
672,0.424,2026-09-24T08:24:57.973312+00:00
673,0.448,2026-09-24T08:24:57.973724+00:00
674,0.41,2026-09-24T08:24:57.974103+00:00
675,0.402,2026-09-24T08:24:57.974481+00:00
676,0.422,2026-09-24T08:24:57.974886+00:00
677,0.449,2026-09-24T08:24:57.975312+00:00
678,0.441,2026-09-24T08:24:57.975717+00:00
679,0.444,2026-09-24T08:24:57.976127+00:00
680,0.446,2026-09-24T08:24:57.976539+00:00
681,0.477,2026-09-24T08:24:57.977053+00:00
682,0.46099999999999997,2026-09-24T08:24:57.977470+00:00
683,0.45899999999999996,2026-09-24T08:24:57.977905+00:00
684,0.431,2026-09-24T08:24:57.978314+00:00
685,0.423,2026-09-24T08:24:57.978728+00:00
686,0.431,2026-09-24T08:24:57.979118+00:00
687,0.419,2026-09-24T08:24:57.979513+00:00
688,0.414,2026-09-24T08:24:57.979910+00:00
689,0.41,2026-09-24T08:24:57.980267+00:00
690,0.426,2026-09-24T08:24:57.980674+00:00
691,0.412,2026-09-24T08:24:57.981075+00:00
692,0.408,2026-09-24T08:24:57.981438+00:00
693,0.422,2026-09-24T08:24:57.981848+00:00
694,0.41800000000000004,2026-09-24T08:24:57.982225+00:00
695,0.423,2026-09-24T08:24:57.982637+00:00
696,0.655,2026-09-24T08:24:57.983442+00:00
697,0.515,2026-09-24T08:24:57.983990+00:00
698,0.462,2026-09-24T08:24:57.984425+00:00
699,0.481,2026-09-24T08:24:57.984854+00:00
700,0.416,2026-09-24T08:24:57.985259+00:00
701,0.46,2026-09-24T08:24:57.985665+00:00
702,0.46799999999999997,2026-09-24T08:24:57.986079+00:00
703,0.588,2026-09-24T08:24:57.986615+00:00
704,0.45,2026-09-24T08:24:57.987035+00:00
705,0.47,2026-09-24T08:24:57.987468+00:00
706,0.5479999999999999,2026-09-24T08:24:57.987975+00:00
707,0.449,2026-09-24T08:24:57.988355+00:00
708,0.479,2026-09-24T08:24:57.988777+00:00
709,0.428,2026-09-24T08:24:57.989201+00:00
710,0.465,2026-09-24T08:24:57.989624+00:00
711,0.451,2026-09-24T08:24:57.990032+00:00
712,0.456,2026-09-24T08:24:57.990443+00:00
713,0.46900000000000003,2026-09-24T08:24:57.990860+00:00
714,0.417,2026-09-24T08:24:57.991228+00:00
715,0.439,2026-09-24T08:24:57.991659+00:00
716,0.457,2026-09-24T08:24:57.992074+00:00
717,0.44,2026-09-24T08:24:57.992470+00:00
718,0.444,2026-09-24T08:24:57.992906+00:00
719,0.443,2026-09-24T08:24:57.993306+00:00
720,0.458,2026-09-24T08:24:57.993720+00:00
721,0.42000000000000004,2026-09-24T08:24:57.994089+00:00
722,0.408,2026-09-24T08:24:57.994496+00:00
723,0.437,2026-09-24T08:24:57.994895+00:00
724,0.429,2026-09-24T08:24:57.995278+00:00
725,0.477,2026-09-24T08:24:57.995733+00:00
726,0.441,2026-09-24T08:24:57.996171+00:00
727,0.46599999999999997,2026-09-24T08:24:57.996577+00:00
728,0.46799999999999997,2026-09-24T08:24:57.997009+00:00
729,0.46599999999999997,2026-09-24T08:24:57.997389+00:00
730,0.458,2026-09-24T08:24:57.997781+00:00
731,0.417,2026-09-24T08:24:57.998194+00:00
732,0.462,2026-09-24T08:24:57.998598+00:00
733,0.447,2026-09-24T08:24:57.999029+00:00
734,0.444,2026-09-24T08:24:57.999458+00:00
735,0.46900000000000003,2026-09-24T08:24:57.999865+00:00
736,0.426,2026-09-24T08:24:58.000277+00:00
737,0.47600000000000003,2026-09-24T08:24:58.000696+00:00
738,0.457,2026-09-24T08:24:58.001103+00:00
739,0.419,2026-09-24T08:24:58.001464+00:00
740,0.44499999999999995,2026-09-24T08:24:58.001894+00:00
741,0.42700000000000005,2026-09-24T08:24:58.002311+00:00
742,0.45,2026-09-24T08:24:58.002713+00:00
743,0.423,2026-09-24T08:24:58.003075+00:00
744,0.46099999999999997,2026-09-24T08:24:58.003522+00:00
745,0.44499999999999995,2026-09-24T08:24:58.003913+00:00
746,0.432,2026-09-24T08:24:58.004328+00:00
747,0.42000000000000004,2026-09-24T08:24:58.004687+00:00
748,0.40499999999999997,2026-09-24T08:24:58.005078+00:00
749,0.399,2026-09-24T08:24:58.005430+00:00
750,0.43600000000000005,2026-09-24T08:24:58.005842+00:00
751,0.439,2026-09-24T08:24:58.006235+00:00
752,0.464,2026-09-24T08:24:58.006641+00:00
753,0.416,2026-09-24T08:24:58.007038+00:00
754,0.421,2026-09-24T08:24:58.007448+00:00
755,0.46,2026-09-24T08:24:58.007842+00:00
756,0.433,2026-09-24T08:24:58.008262+00:00
757,0.43600000000000005,2026-09-24T08:24:58.008652+00:00
758,0.404,2026-09-24T08:24:58.009045+00:00
759,0.424,2026-09-24T08:24:58.009428+00:00
760,0.437,2026-09-24T08:24:58.009811+00:00
761,0.421,2026-09-24T08:24:58.010178+00:00
762,0.442,2026-09-24T08:24:58.010582+00:00
763,0.432,2026-09-24T08:24:58.010955+00:00
764,0.424,2026-09-24T08:24:58.011337+00:00
765,0.43,2026-09-24T08:24:58.011722+00:00
766,0.433,2026-09-24T08:24:58.012144+00:00
767,0.443,2026-09-24T08:24:58.012544+00:00
768,0.433,2026-09-24T08:24:58.012964+00:00
769,0.447,2026-09-24T08:24:58.013363+00:00
770,0.434,2026-09-24T08:24:58.013783+00:00
771,0.41800000000000004,2026-09-24T08:24:58.014157+00:00
772,0.457,2026-09-24T08:24:58.014569+00:00
773,0.437,2026-09-24T08:24:58.014939+00:00
774,0.41800000000000004,2026-09-24T08:24:58.015342+00:00
775,0.456,2026-09-24T08:24:58.015751+00:00
776,0.40700000000000003,2026-09-24T08:24:58.016146+00:00
777,0.45399999999999996,2026-09-24T08:24:58.016550+00:00
778,0.442,2026-09-24T08:24:58.016937+00:00
779,0.512,2026-09-24T08:24:58.017429+00:00
780,0.661,2026-09-24T08:24:58.018069+00:00
781,0.6130000000000001,2026-09-24T08:24:58.018672+00:00
782,0.5509999999999999,2026-09-24T08:24:58.019225+00:00
783,0.585,2026-09-24T08:24:58.019777+00:00
784,0.587,2026-09-24T08:24:58.020331+00:00
785,0.643,2026-09-24T08:24:58.020943+00:00
786,0.741,2026-09-24T08:24:58.021631+00:00
787,0.5810000000000001,2026-09-24T08:24:58.022017+00:00
788,0.526,2026-09-24T08:24:58.022395+00:00
789,0.48500000000000004,2026-09-24T08:24:58.022795+00:00
790,0.456,2026-09-24T08:24:58.023181+00:00
791,0.462,2026-09-24T08:24:58.023603+00:00
792,0.458,2026-09-24T08:24:58.024020+00:00
793,0.501,2026-09-24T08:24:58.024500+00:00
794,0.47800000000000004,2026-09-24T08:24:58.024915+00:00
795,0.46900000000000003,2026-09-24T08:24:58.025365+00:00
796,0.517,2026-09-24T08:24:58.025864+00:00
797,0.43600000000000005,2026-09-24T08:24:58.026247+00:00
798,0.5,2026-09-24T08:24:58.026718+00:00
799,0.465,2026-09-24T08:24:58.027119+00:00
800,0.477,2026-09-24T08:24:58.027583+00:00
801,0.45,2026-09-24T08:24:58.027981+00:00
802,0.438,2026-09-24T08:24:58.028401+00:00
803,0.46900000000000003,2026-09-24T08:24:58.028841+00:00
804,0.523,2026-09-24T08:24:58.029350+00:00
805,0.5199999999999999,2026-09-24T08:24:58.029818+00:00
806,0.48700000000000004,2026-09-24T08:24:58.030282+00:00
807,0.49299999999999994,2026-09-24T08:24:58.030737+00:00
808,0.47600000000000003,2026-09-24T08:24:58.031163+00:00
809,0.49200000000000005,2026-09-24T08:24:58.031630+00:00
810,0.482,2026-09-24T08:24:58.032065+00:00
811,0.464,2026-09-24T08:24:58.032512+00:00
812,0.47600000000000003,2026-09-24T08:24:58.032931+00:00
813,0.447,2026-09-24T08:24:58.033361+00:00
814,0.486,2026-09-24T08:24:58.033824+00:00
815,0.48700000000000004,2026-09-24T08:24:58.034298+00:00
816,0.484,2026-09-24T08:24:58.034724+00:00
817,0.44499999999999995,2026-09-24T08:24:58.035159+00:00
818,0.512,2026-09-24T08:24:58.035624+00:00
819,0.464,2026-09-24T08:24:58.036037+00:00
820,0.45399999999999996,2026-09-24T08:24:58.036463+00:00
821,0.482,2026-09-24T08:24:58.036876+00:00
822,0.464,2026-09-24T08:24:58.037319+00:00
823,0.48899999999999993,2026-09-24T08:24:58.037746+00:00
824,0.46,2026-09-24T08:24:58.038185+00:00
825,0.46,2026-09-24T08:24:58.038635+00:00
826,0.472,2026-09-24T08:24:58.039053+00:00
827,0.477,2026-09-24T08:24:58.039527+00:00
828,0.558,2026-09-24T08:24:58.040003+00:00
829,0.734,2026-09-24T08:24:58.040960+00:00
830,0.55,2026-09-24T08:24:58.041523+00:00
831,0.496,2026-09-24T08:24:58.041987+00:00
832,0.486,2026-09-24T08:24:58.042428+00:00
833,0.523,2026-09-24T08:24:58.042925+00:00
834,0.45,2026-09-24T08:24:58.043305+00:00
835,0.46099999999999997,2026-09-24T08:24:58.043750+00:00
836,0.479,2026-09-24T08:24:58.044170+00:00
837,0.46299999999999997,2026-09-24T08:24:58.044606+00:00
838,0.453,2026-09-24T08:24:58.044984+00:00
839,0.46099999999999997,2026-09-24T08:24:58.045376+00:00
840,0.49299999999999994,2026-09-24T08:24:58.045845+00:00
841,0.451,2026-09-24T08:24:58.046228+00:00
842,0.491,2026-09-24T08:24:58.046705+00:00
843,0.45399999999999996,2026-09-24T08:24:58.047102+00:00
844,0.45199999999999996,2026-09-24T08:24:58.047678+00:00
845,0.45199999999999996,2026-09-24T08:24:58.048071+00:00
846,0.443,2026-09-24T08:24:58.048501+00:00
847,0.443,2026-09-24T08:24:58.048881+00:00
848,0.456,2026-09-24T08:24:58.049312+00:00
849,0.475,2026-09-24T08:24:58.049727+00:00
850,0.453,2026-09-24T08:24:58.050117+00:00
851,0.48000000000000004,2026-09-24T08:24:58.050582+00:00
852,0.451,2026-09-24T08:24:58.050988+00:00
853,0.456,2026-09-24T08:24:58.051437+00:00
854,0.45899999999999996,2026-09-24T08:24:58.051841+00:00
855,0.438,2026-09-24T08:24:58.052275+00:00
856,0.483,2026-09-24T08:24:58.052710+00:00
857,0.481,2026-09-24T08:24:58.053173+00:00
858,0.499,2026-09-24T08:24:58.053629+00:00
859,0.5339999999999999,2026-09-24T08:24:58.054138+00:00
860,0.625,2026-09-24T08:24:58.054835+00:00
861,0.507,2026-09-24T08:24:58.055331+00:00
862,0.525,2026-09-24T08:24:58.055812+00:00
863,0.457,2026-09-24T08:24:58.056181+00:00
864,0.47300000000000003,2026-09-24T08:24:58.056807+00:00
865,0.467,2026-09-24T08:24:58.057204+00:00
866,0.49299999999999994,2026-09-24T08:24:58.057666+00:00
867,0.465,2026-09-24T08:24:58.058068+00:00
868,0.43,2026-09-24T08:24:58.058477+00:00
869,0.46599999999999997,2026-09-24T08:24:58.058943+00:00
870,0.45899999999999996,2026-09-24T08:24:58.059346+00:00
871,0.482,2026-09-24T08:24:58.059812+00:00
872,0.441,2026-09-24T08:24:58.060233+00:00
873,0.722,2026-09-24T08:24:58.060948+00:00
874,0.875,2026-09-24T08:24:58.061532+00:00
875,0.8180000000000001,2026-09-24T08:24:58.061947+00:00
876,0.621,2026-09-24T08:24:58.062367+00:00
877,0.6589999999999999,2026-09-24T08:24:58.062911+00:00
878,0.5810000000000001,2026-09-24T08:24:58.063395+00:00
879,0.617,2026-09-24T08:24:58.063980+00:00
880,0.5860000000000001,2026-09-24T08:24:58.064527+00:00
881,0.614,2026-09-24T08:24:58.065106+00:00
882,0.596,2026-09-24T08:24:58.065622+00:00
883,0.5599999999999999,2026-09-24T08:24:58.066148+00:00
884,0.62,2026-09-24T08:24:58.066732+00:00
885,0.606,2026-09-24T08:24:58.067323+00:00
886,0.628,2026-09-24T08:24:58.067870+00:00
887,0.601,2026-09-24T08:24:58.068439+00:00
888,0.887,2026-09-24T08:24:58.069270+00:00
889,0.6980000000000001,2026-09-24T08:24:58.069734+00:00
890,0.579,2026-09-24T08:24:58.070150+00:00
891,0.624,2026-09-24T08:24:58.070661+00:00
892,0.644,2026-09-24T08:24:58.071207+00:00
893,0.565,2026-09-24T08:24:58.071739+00:00
894,0.523,2026-09-24T08:24:58.072155+00:00
895,0.49799999999999994,2026-09-24T08:24:58.072579+00:00
896,0.47,2026-09-24T08:24:58.073038+00:00
897,0.49799999999999994,2026-09-24T08:24:58.073466+00:00
898,0.49299999999999994,2026-09-24T08:24:58.073878+00:00
899,0.472,2026-09-24T08:24:58.074290+00:00
900,0.456,2026-09-24T08:24:58.074730+00:00
901,0.444,2026-09-24T08:24:58.075165+00:00
902,0.46299999999999997,2026-09-24T08:24:58.075567+00:00
903,0.433,2026-09-24T08:24:58.075926+00:00
904,0.421,2026-09-24T08:24:58.076323+00:00
905,0.457,2026-09-24T08:24:58.076766+00:00
906,0.437,2026-09-24T08:24:58.077137+00:00
907,0.675,2026-09-24T08:24:58.077800+00:00
908,0.609,2026-09-24T08:24:58.078177+00:00
909,0.5670000000000001,2026-09-24T08:24:58.078642+00:00
910,0.584,2026-09-24T08:24:58.079199+00:00
911,0.579,2026-09-24T08:24:58.079756+00:00
912,0.619,2026-09-24T08:24:58.080312+00:00
913,0.62,2026-09-24T08:24:58.080869+00:00
914,0.5559999999999999,2026-09-24T08:24:58.081344+00:00
915,0.5900000000000001,2026-09-24T08:24:58.081920+00:00
916,0.537,2026-09-24T08:24:58.082397+00:00
917,0.624,2026-09-24T08:24:58.082966+00:00
918,0.62,2026-09-24T08:24:58.083494+00:00
919,0.7010000000000001,2026-09-24T08:24:58.084141+00:00
920,0.948,2026-09-24T08:24:58.085035+00:00
921,0.9179999999999999,2026-09-24T08:24:58.086103+00:00
922,0.635,2026-09-24T08:24:58.086792+00:00
923,0.5479999999999999,2026-09-24T08:24:58.087356+00:00
924,0.54,2026-09-24T08:24:58.087906+00:00
925,0.49799999999999994,2026-09-24T08:24:58.088394+00:00
926,0.496,2026-09-24T08:24:58.088865+00:00
927,0.451,2026-09-24T08:24:58.089293+00:00
928,0.45,2026-09-24T08:24:58.089720+00:00
929,0.477,2026-09-24T08:24:58.090191+00:00
930,0.441,2026-09-24T08:24:58.090610+00:00
931,0.437,2026-09-24T08:24:58.091048+00:00
932,0.444,2026-09-24T08:24:58.091484+00:00
933,0.683,2026-09-24T08:24:58.092161+00:00
934,0.69,2026-09-24T08:24:58.092590+00:00
935,0.518,2026-09-24T08:24:58.092835+00:00
936,0.474,2026-09-24T08:24:58.093240+00:00
937,0.741,2026-09-24T08:24:58.093982+00:00
938,0.7290000000000001,2026-09-24T08:24:58.094441+00:00
939,0.985,2026-09-24T08:24:58.095123+00:00
940,0.57,2026-09-24T08:24:58.095639+00:00
941,0.5599999999999999,2026-09-24T08:24:58.096140+00:00
942,0.541,2026-09-24T08:24:58.096623+00:00
943,0.505,2026-09-24T08:24:58.097071+00:00
944,0.495,2026-09-24T08:24:58.097541+00:00
945,0.47300000000000003,2026-09-24T08:24:58.097967+00:00
946,0.488,2026-09-24T08:24:58.098471+00:00
947,0.514,2026-09-24T08:24:58.098957+00:00
948,1.239,2026-09-24T08:24:58.100176+00:00
949,0.856,2026-09-24T08:24:58.101068+00:00
950,0.712,2026-09-24T08:24:58.101759+00:00
951,0.612,2026-09-24T08:24:58.102341+00:00
952,0.7240000000000001,2026-09-24T08:24:58.103023+00:00
953,0.733,2026-09-24T08:24:58.103703+00:00
954,0.623,2026-09-24T08:24:58.104322+00:00
955,0.5900000000000001,2026-09-24T08:24:58.104862+00:00
956,0.858,2026-09-24T08:24:58.105910+00:00
957,0.609,2026-09-24T08:24:58.106529+00:00
958,0.5860000000000001,2026-09-24T08:24:58.107096+00:00
959,0.6,2026-09-24T08:24:58.107643+00:00
960,0.5760000000000001,2026-09-24T08:24:58.108223+00:00
961,0.5599999999999999,2026-09-24T08:24:58.108722+00:00
962,0.526,2026-09-24T08:24:58.109237+00:00
963,0.559,2026-09-24T08:24:58.109738+00:00
964,0.514,2026-09-24T08:24:58.110242+00:00
965,0.541,2026-09-24T08:24:58.110725+00:00
966,0.508,2026-09-24T08:24:58.111228+00:00
967,0.609,2026-09-24T08:24:58.111793+00:00
968,0.559,2026-09-24T08:24:58.112294+00:00
969,0.786,2026-09-24T08:24:58.113278+00:00
970,0.71,2026-09-24T08:24:58.113983+00:00
971,0.633,2026-09-24T08:24:58.114600+00:00
972,0.656,2026-09-24T08:24:58.115202+00:00
973,0.651,2026-09-24T08:24:58.115845+00:00
974,0.747,2026-09-24T08:24:58.116548+00:00
975,0.696,2026-09-24T08:24:58.117198+00:00
976,0.5339999999999999,2026-09-24T08:24:58.117667+00:00
977,0.5770000000000001,2026-09-24T08:24:58.118237+00:00
978,0.6759999999999999,2026-09-24T08:24:58.118854+00:00
979,1.074,2026-09-24T08:24:58.119924+00:00
980,1.211,2026-09-24T08:24:58.121109+00:00
981,1.496,2026-09-24T08:24:58.122396+00:00
982,1.054,2026-09-24T08:24:58.123185+00:00
983,1.093,2026-09-24T08:24:58.124165+00:00
984,1.145,2026-09-24T08:24:58.125233+00:00
985,5.61,2026-09-24T08:24:58.130557+00:00
986,5.258,2026-09-24T08:24:58.130993+00:00
987,4.859999999999999,2026-09-24T08:24:58.131193+00:00
988,4.641,2026-09-24T08:24:58.131566+00:00
989,4.273,2026-09-24T08:24:58.131753+00:00
990,4.108,2026-09-24T08:24:58.132094+00:00
991,3.764,2026-09-24T08:24:58.132274+00:00
992,3.617,2026-09-24T08:24:58.132626+00:00
993,3.248,2026-09-24T08:24:58.132803+00:00
994,2.976,2026-09-24T08:24:58.133131+00:00
995,2.575,2026-09-24T08:24:58.133315+00:00
996,3.284,2026-09-24T08:24:58.134584+00:00
997,3.381,2026-09-24T08:24:58.135253+00:00
998,3.0509999999999997,2026-09-24T08:24:58.135489+00:00
999,2.68,2026-09-24T08:24:58.135671+00:00
1000,2.405,2026-09-24T08:24:58.135989+00:00
1001,2.1679999999999997,2026-09-24T08:24:58.136293+00:00
1002,1.706,2026-09-24T08:24:58.136449+00:00
1003,0.921,2026-09-24T08:24:58.136571+00:00
1004,0.652,2026-09-24T08:24:58.136808+00:00
1005,0.5509999999999999,2026-09-24T08:24:58.137157+00:00
1006,0.784,2026-09-24T08:24:58.137830+00:00
1007,0.5910000000000001,2026-09-24T08:24:58.138367+00:00
1008,0.518,2026-09-24T08:24:58.138786+00:00
1009,0.49,2026-09-24T08:24:58.139156+00:00
1010,0.438,2026-09-24T08:24:58.139465+00:00
1011,0.5,2026-09-24T08:24:58.139861+00:00
1012,0.481,2026-09-24T08:24:58.140222+00:00
1013,0.458,2026-09-24T08:24:58.140529+00:00
1014,0.512,2026-09-24T08:24:58.140950+00:00
1015,0.48500000000000004,2026-09-24T08:24:58.141307+00:00
1016,0.713,2026-09-24T08:24:58.141880+00:00
1017,0.727,2026-09-24T08:24:58.142254+00:00
1018,0.569,2026-09-24T08:24:58.142540+00:00
1019,0.5569999999999999,2026-09-24T08:24:58.142995+00:00
1020,0.757,2026-09-24T08:24:58.143712+00:00
1021,1.165,2026-09-24T08:24:58.144610+00:00
1022,0.583,2026-09-24T08:24:58.145009+00:00
1023,0.537,2026-09-24T08:24:58.145340+00:00
1024,0.499,2026-09-24T08:24:58.145665+00:00
1025,0.51,2026-09-24T08:24:58.146028+00:00
1026,0.43600000000000005,2026-09-24T08:24:58.146329+00:00
1027,0.49200000000000005,2026-09-24T08:24:58.146725+00:00
1028,0.45199999999999996,2026-09-24T08:24:58.147055+00:00
1029,0.451,2026-09-24T08:24:58.147401+00:00
1030,0.533,2026-09-24T08:24:58.147835+00:00
1031,0.46900000000000003,2026-09-24T08:24:58.148202+00:00
1032,0.44499999999999995,2026-09-24T08:24:58.148530+00:00
1033,0.48500000000000004,2026-09-24T08:24:58.148909+00:00
1034,0.439,2026-09-24T08:24:58.149232+00:00
1035,0.44499999999999995,2026-09-24T08:24:58.149569+00:00
1036,0.453,2026-09-24T08:24:58.149914+00:00
1037,0.439,2026-09-24T08:24:58.150240+00:00
1038,0.435,2026-09-24T08:24:58.150558+00:00
1039,0.435,2026-09-24T08:24:58.150879+00:00
1040,0.431,2026-09-24T08:24:58.151203+00:00
1041,0.43600000000000005,2026-09-24T08:24:58.151530+00:00
1042,0.439,2026-09-24T08:24:58.151865+00:00
1043,0.424,2026-09-24T08:24:58.152176+00:00
1044,0.429,2026-09-24T08:24:58.152501+00:00
1045,0.444,2026-09-24T08:24:58.152823+00:00
1046,0.438,2026-09-24T08:24:58.153144+00:00
1047,0.532,2026-09-24T08:24:58.153571+00:00
1048,0.51,2026-09-24T08:24:58.153889+00:00
1049,0.43,2026-09-24T08:24:58.154169+00:00
1050,0.464,2026-09-24T08:24:58.154543+00:00
1051,0.437,2026-09-24T08:24:58.154840+00:00
1052,0.437,2026-09-24T08:24:58.155181+00:00
1053,0.483,2026-09-24T08:24:58.155549+00:00
1054,0.449,2026-09-24T08:24:58.155823+00:00
1055,0.448,2026-09-24T08:24:58.156182+00:00
1056,0.415,2026-09-24T08:24:58.156472+00:00
1057,0.46799999999999997,2026-09-24T08:24:58.156842+00:00
1058,0.40700000000000003,2026-09-24T08:24:58.157130+00:00
1059,0.43600000000000005,2026-09-24T08:24:58.157474+00:00
1060,0.451,2026-09-24T08:24:58.157801+00:00
1061,0.40900000000000003,2026-09-24T08:24:58.158088+00:00
1062,0.435,2026-09-24T08:24:58.158427+00:00
1063,0.462,2026-09-24T08:24:58.158761+00:00
1064,0.408,2026-09-24T08:24:58.159048+00:00
1065,0.426,2026-09-24T08:24:58.159375+00:00
1066,0.435,2026-09-24T08:24:58.159695+00:00
1067,0.426,2026-09-24T08:24:58.160004+00:00
1068,0.38699999999999996,2026-09-24T08:24:58.160269+00:00
1069,0.46900000000000003,2026-09-24T08:24:58.160658+00:00
1070,0.442,2026-09-24T08:24:58.160995+00:00
1071,0.42700000000000005,2026-09-24T08:24:58.161309+00:00
1072,0.45899999999999996,2026-09-24T08:24:58.161673+00:00
1073,0.429,2026-09-24T08:24:58.161997+00:00
1074,0.41,2026-09-24T08:24:58.162295+00:00
1075,0.447,2026-09-24T08:24:58.162631+00:00
1076,0.431,2026-09-24T08:24:58.162959+00:00
1077,0.433,2026-09-24T08:24:58.163292+00:00
1078,0.457,2026-09-24T08:24:58.163645+00:00
1079,0.437,2026-09-24T08:24:58.163962+00:00
1080,0.424,2026-09-24T08:24:58.164284+00:00
1081,0.462,2026-09-24T08:24:58.164642+00:00
1082,0.424,2026-09-24T08:24:58.164981+00:00
1083,0.423,2026-09-24T08:24:58.165313+00:00
1084,0.424,2026-09-24T08:24:58.165626+00:00
1085,0.442,2026-09-24T08:24:58.165982+00:00
1086,0.433,2026-09-24T08:24:58.166311+00:00
1087,0.432,2026-09-24T08:24:58.166636+00:00
1088,0.464,2026-09-24T08:24:58.167000+00:00
1089,0.439,2026-09-24T08:24:58.167349+00:00
1090,0.465,2026-09-24T08:24:58.167734+00:00
1091,0.46599999999999997,2026-09-24T08:24:58.168119+00:00
1092,0.683,2026-09-24T08:24:58.168714+00:00
1093,1.054,2026-09-24T08:24:58.169475+00:00
1094,0.584,2026-09-24T08:24:58.170004+00:00
1095,0.603,2026-09-24T08:24:58.170521+00:00
1096,0.606,2026-09-24T08:24:58.171044+00:00
1097,0.516,2026-09-24T08:24:58.171478+00:00
1098,0.49,2026-09-24T08:24:58.171846+00:00
1099,0.47,2026-09-24T08:24:58.172205+00:00
1100,0.483,2026-09-24T08:24:58.172578+00:00
1101,0.559,2026-09-24T08:24:58.173041+00:00
1102,0.47100000000000003,2026-09-24T08:24:58.173437+00:00
1103,0.549,2026-09-24T08:24:58.173882+00:00
1104,0.477,2026-09-24T08:24:58.174252+00:00
1105,0.516,2026-09-24T08:24:58.174675+00:00
1106,0.484,2026-09-24T08:24:58.175053+00:00
1107,0.5,2026-09-24T08:24:58.175472+00:00
1108,0.503,2026-09-24T08:24:58.175875+00:00
1109,0.49299999999999994,2026-09-24T08:24:58.176279+00:00
1110,0.46099999999999997,2026-09-24T08:24:58.176652+00:00
1111,0.475,2026-09-24T08:24:58.177044+00:00
1112,0.444,2026-09-24T08:24:58.177394+00:00
1113,0.457,2026-09-24T08:24:58.177736+00:00
1114,0.46,2026-09-24T08:24:58.178101+00:00
1115,0.491,2026-09-24T08:24:58.178498+00:00
1116,0.49799999999999994,2026-09-24T08:24:58.178891+00:00
1117,0.474,2026-09-24T08:24:58.179281+00:00
1118,0.47100000000000003,2026-09-24T08:24:58.179658+00:00
1119,0.481,2026-09-24T08:24:58.180052+00:00
1120,0.508,2026-09-24T08:24:58.180473+00:00
1121,0.691,2026-09-24T08:24:58.181094+00:00
1122,0.992,2026-09-24T08:24:58.181921+00:00
1123,0.7060000000000001,2026-09-24T08:24:58.182453+00:00
1124,0.609,2026-09-24T08:24:58.182903+00:00
1125,0.641,2026-09-24T08:24:58.183465+00:00
1126,0.717,2026-09-24T08:24:58.184093+00:00
1127,0.517,2026-09-24T08:24:58.184396+00:00
1128,0.876,2026-09-24T08:24:58.185227+00:00
1129,0.575,2026-09-24T08:24:58.185635+00:00
1130,0.798,2026-09-24T08:24:58.186273+00:00
1131,0.973,2026-09-24T08:24:58.187001+00:00
1132,0.559,2026-09-24T08:24:58.187434+00:00
1133,1.14,2026-09-24T08:24:58.188439+00:00
1134,1.343,2026-09-24T08:24:58.189075+00:00
1135,1.192,2026-09-24T08:24:58.189296+00:00
1136,1.0690000000000002,2026-09-24T08:24:58.189581+00:00
1137,0.901,2026-09-24T08:24:58.189819+00:00
1138,0.675,2026-09-24T08:24:58.189952+00:00
1139,0.596,2026-09-24T08:24:58.190304+00:00
1140,0.553,2026-09-24T08:24:58.190687+00:00
1141,0.48899999999999993,2026-09-24T08:24:58.191028+00:00
1142,0.501,2026-09-24T08:24:58.191427+00:00
1143,0.494,2026-09-24T08:24:58.191807+00:00
1144,0.46799999999999997,2026-09-24T08:24:58.192187+00:00
1145,0.45399999999999996,2026-09-24T08:24:58.192553+00:00
1146,0.499,2026-09-24T08:24:58.192967+00:00
1147,0.502,2026-09-24T08:24:58.193382+00:00
1148,0.488,2026-09-24T08:24:58.193753+00:00
1149,0.46299999999999997,2026-09-24T08:24:58.194093+00:00
1150,0.49700000000000005,2026-09-24T08:24:58.194509+00:00
1151,0.48000000000000004,2026-09-24T08:24:58.194881+00:00
1152,0.448,2026-09-24T08:24:58.195245+00:00
1153,0.516,2026-09-24T08:24:58.195683+00:00
1154,0.5419999999999999,2026-09-24T08:24:58.196120+00:00
1155,0.502,2026-09-24T08:24:58.196476+00:00
1156,0.5509999999999999,2026-09-24T08:24:58.196879+00:00
1157,0.46900000000000003,2026-09-24T08:24:58.197199+00:00
1158,0.41,2026-09-24T08:24:58.197487+00:00
1159,0.484,2026-09-24T08:24:58.197883+00:00
1160,0.462,2026-09-24T08:24:58.198218+00:00
1161,0.46299999999999997,2026-09-24T08:24:58.198556+00:00
1162,0.448,2026-09-24T08:24:58.198890+00:00
1163,0.449,2026-09-24T08:24:58.199251+00:00
1164,0.47,2026-09-24T08:24:58.199635+00:00
1165,0.46599999999999997,2026-09-24T08:24:58.200025+00:00
1166,0.435,2026-09-24T08:24:58.200387+00:00
1167,0.735,2026-09-24T08:24:58.201045+00:00
1168,0.82,2026-09-24T08:24:58.201553+00:00
1169,0.575,2026-09-24T08:24:58.202004+00:00
1170,0.527,2026-09-24T08:24:58.202481+00:00
1171,0.53,2026-09-24T08:24:58.202920+00:00
1172,0.48899999999999993,2026-09-24T08:24:58.203345+00:00
1173,0.558,2026-09-24T08:24:58.203825+00:00
1174,0.47300000000000003,2026-09-24T08:24:58.204232+00:00
1175,0.484,2026-09-24T08:24:58.204673+00:00
1176,0.523,2026-09-24T08:24:58.205124+00:00
1177,0.464,2026-09-24T08:24:58.205528+00:00
1178,0.467,2026-09-24T08:24:58.205946+00:00
1179,0.46299999999999997,2026-09-24T08:24:58.206360+00:00
1180,0.589,2026-09-24T08:24:58.206904+00:00
1181,0.637,2026-09-24T08:24:58.207448+00:00
1182,0.579,2026-09-24T08:24:58.207973+00:00
1183,0.5630000000000001,2026-09-24T08:24:58.208452+00:00
1184,0.621,2026-09-24T08:24:58.208977+00:00
1185,0.5720000000000001,2026-09-24T08:24:58.209472+00:00
1186,0.575,2026-09-24T08:24:58.209958+00:00
1187,0.518,2026-09-24T08:24:58.210391+00:00
1188,0.579,2026-09-24T08:24:58.210890+00:00
1189,0.55,2026-09-24T08:24:58.211353+00:00
1190,0.546,2026-09-24T08:24:58.211814+00:00
1191,0.535,2026-09-24T08:24:58.212269+00:00
1192,0.54,2026-09-24T08:24:58.212763+00:00
1193,0.513,2026-09-24T08:24:58.213196+00:00
1194,0.565,2026-09-24T08:24:58.213714+00:00
1195,0.5289999999999999,2026-09-24T08:24:58.214165+00:00
1196,0.569,2026-09-24T08:24:58.214691+00:00
1197,0.49700000000000005,2026-09-24T08:24:58.215071+00:00
1198,0.47300000000000003,2026-09-24T08:24:58.215471+00:00
1199,0.49299999999999994,2026-09-24T08:24:58.215891+00:00
1200,0.491,2026-09-24T08:24:58.216349+00:00
1201,0.508,2026-09-24T08:24:58.216763+00:00
1202,0.516,2026-09-24T08:24:58.217215+00:00
1203,0.488,2026-09-24T08:24:58.217620+00:00
1204,0.482,2026-09-24T08:24:58.218047+00:00
1205,0.494,2026-09-24T08:24:58.218462+00:00
1206,0.49799999999999994,2026-09-24T08:24:58.218840+00:00
1207,0.507,2026-09-24T08:24:58.219252+00:00
1208,0.5810000000000001,2026-09-24T08:24:58.219716+00:00
1209,0.5720000000000001,2026-09-24T08:24:58.220285+00:00
1210,0.5199999999999999,2026-09-24T08:24:58.220754+00:00
1211,0.514,2026-09-24T08:24:58.221193+00:00
1212,0.528,2026-09-24T08:24:58.221616+00:00
1213,0.5670000000000001,2026-09-24T08:24:58.222115+00:00
1214,0.479,2026-09-24T08:24:58.222515+00:00
1215,0.506,2026-09-24T08:24:58.222949+00:00
1216,0.49200000000000005,2026-09-24T08:24:58.223367+00:00
1217,0.58,2026-09-24T08:24:58.223846+00:00
1218,0.593,2026-09-24T08:24:58.224323+00:00
1219,0.637,2026-09-24T08:24:58.224913+00:00
1220,0.5,2026-09-24T08:24:58.225338+00:00
1221,0.515,2026-09-24T08:24:58.225782+00:00
1222,0.528,2026-09-24T08:24:58.226212+00:00
1223,0.521,2026-09-24T08:24:58.226609+00:00
1224,0.503,2026-09-24T08:24:58.227025+00:00
1225,0.63,2026-09-24T08:24:58.227536+00:00
1226,0.617,2026-09-24T08:24:58.227994+00:00
1227,0.628,2026-09-24T08:24:58.228552+00:00
1228,0.578,2026-09-24T08:24:58.229065+00:00
1229,0.585,2026-09-24T08:24:58.229576+00:00
1230,0.566,2026-09-24T08:24:58.230120+00:00
1231,0.593,2026-09-24T08:24:58.230638+00:00
1232,0.5599999999999999,2026-09-24T08:24:58.231135+00:00
1233,0.553,2026-09-24T08:24:58.231648+00:00
1234,0.5559999999999999,2026-09-24T08:24:58.232199+00:00
1235,0.578,2026-09-24T08:24:58.232700+00:00
1236,0.5760000000000001,2026-09-24T08:24:58.233240+00:00
1237,0.571,2026-09-24T08:24:58.233724+00:00
1238,0.583,2026-09-24T08:24:58.234271+00:00
1239,0.579,2026-09-24T08:24:58.234753+00:00
1240,0.594,2026-09-24T08:24:58.235281+00:00
1241,0.606,2026-09-24T08:24:58.235866+00:00
1242,0.559,2026-09-24T08:24:58.236384+00:00
1243,0.648,2026-09-24T08:24:58.236985+00:00
1244,0.579,2026-09-24T08:24:58.237509+00:00
1245,0.583,2026-09-24T08:24:58.238034+00:00
1246,0.5680000000000001,2026-09-24T08:24:58.238543+00:00
1247,0.887,2026-09-24T08:24:58.239371+00:00
1248,1.047,2026-09-24T08:24:58.240056+00:00
1249,0.8109999999999999,2026-09-24T08:24:58.240264+00:00
1250,0.673,2026-09-24T08:24:58.240554+00:00
1251,0.657,2026-09-24T08:24:58.240936+00:00
1252,0.535,2026-09-24T08:24:58.241242+00:00
1253,0.483,2026-09-24T08:24:58.241583+00:00
1254,0.48000000000000004,2026-09-24T08:24:58.241964+00:00
1255,0.481,2026-09-24T08:24:58.242319+00:00
1256,0.44499999999999995,2026-09-24T08:24:58.242678+00:00
1257,0.47100000000000003,2026-09-24T08:24:58.243059+00:00
1258,0.457,2026-09-24T08:24:58.243429+00:00
1259,0.536,2026-09-24T08:24:58.243857+00:00
1260,0.46299999999999997,2026-09-24T08:24:58.244231+00:00
1261,0.46099999999999997,2026-09-24T08:24:58.244600+00:00
1262,0.484,2026-09-24T08:24:58.244979+00:00
1263,0.479,2026-09-24T08:24:58.245329+00:00
1264,0.441,2026-09-24T08:24:58.245650+00:00
1265,0.47100000000000003,2026-09-24T08:24:58.246039+00:00
1266,0.48000000000000004,2026-09-24T08:24:58.246435+00:00
1267,0.535,2026-09-24T08:24:58.246887+00:00
1268,0.453,2026-09-24T08:24:58.247229+00:00
1269,0.458,2026-09-24T08:24:58.247605+00:00
1270,0.46,2026-09-24T08:24:58.248015+00:00
1271,0.48000000000000004,2026-09-24T08:24:58.248420+00:00
1272,0.696,2026-09-24T08:24:58.248995+00:00
1273,0.6130000000000001,2026-09-24T08:24:58.249293+00:00
1274,0.545,2026-09-24T08:24:58.249683+00:00
1275,0.597,2026-09-24T08:24:58.250229+00:00
1276,0.588,2026-09-24T08:24:58.250755+00:00
1277,0.612,2026-09-24T08:24:58.251314+00:00
1278,0.575,2026-09-24T08:24:58.251811+00:00
1279,0.593,2026-09-24T08:24:58.252362+00:00
1280,0.583,2026-09-24T08:24:58.252856+00:00
1281,0.57,2026-09-24T08:24:58.253382+00:00
1282,0.596,2026-09-24T08:24:58.253906+00:00
1283,0.607,2026-09-24T08:24:58.254428+00:00
1284,0.574,2026-09-24T08:24:58.254872+00:00
1285,0.553,2026-09-24T08:24:58.255363+00:00
1286,0.593,2026-09-24T08:24:58.255890+00:00
1287,0.569,2026-09-24T08:24:58.256433+00:00
1288,0.554,2026-09-24T08:24:58.256887+00:00
1289,0.555,2026-09-24T08:24:58.257394+00:00
1290,0.571,2026-09-24T08:24:58.257877+00:00
1291,0.555,2026-09-24T08:24:58.258383+00:00
1292,0.608,2026-09-24T08:24:58.258926+00:00
1293,0.5569999999999999,2026-09-24T08:24:58.259432+00:00
1294,0.536,2026-09-24T08:24:58.259884+00:00
1295,0.535,2026-09-24T08:24:58.260389+00:00
1296,0.5670000000000001,2026-09-24T08:24:58.260871+00:00
1297,0.517,2026-09-24T08:24:58.261356+00:00
1298,0.662,2026-09-24T08:24:58.261990+00:00
1299,0.584,2026-09-24T08:24:58.262504+00:00
1300,0.539,2026-09-24T08:24:58.262976+00:00
1301,0.537,2026-09-24T08:24:58.263483+00:00
1302,0.53,2026-09-24T08:24:58.263984+00:00
1303,0.694,2026-09-24T08:24:58.264645+00:00
1304,1.328,2026-09-24T08:24:58.265760+00:00
1305,1.077,2026-09-24T08:24:58.266374+00:00
1306,0.957,2026-09-24T08:24:58.266701+00:00
1307,0.823,2026-09-24T08:24:58.266940+00:00
1308,0.6,2026-09-24T08:24:58.267076+00:00
1309,0.47600000000000003,2026-09-24T08:24:58.267293+00:00
1310,0.51,2026-09-24T08:24:58.267657+00:00
1311,0.46299999999999997,2026-09-24T08:24:58.267966+00:00
1312,0.491,2026-09-24T08:24:58.268355+00:00
1313,0.439,2026-09-24T08:24:58.268667+00:00
1314,0.518,2026-09-24T08:24:58.269112+00:00
1315,0.456,2026-09-24T08:24:58.269432+00:00
1316,0.523,2026-09-24T08:24:58.269843+00:00
1317,0.443,2026-09-24T08:24:58.270145+00:00
1318,0.761,2026-09-24T08:24:58.270825+00:00
1319,0.691,2026-09-24T08:24:58.271196+00:00
1320,0.608,2026-09-24T08:24:58.271463+00:00
1321,0.574,2026-09-24T08:24:58.271793+00:00
1322,0.491,2026-09-24T08:24:58.272081+00:00
1323,0.42700000000000005,2026-09-24T08:24:58.272358+00:00
1324,0.508,2026-09-24T08:24:58.272775+00:00
1325,0.521,2026-09-24T08:24:58.273182+00:00
1326,0.43600000000000005,2026-09-24T08:24:58.273500+00:00
1327,0.785,2026-09-24T08:24:58.274187+00:00
1328,0.739,2026-09-24T08:24:58.274582+00:00
1329,0.633,2026-09-24T08:24:58.274835+00:00
1330,0.55,2026-09-24T08:24:58.275167+00:00
1331,0.467,2026-09-24T08:24:58.275465+00:00
1332,0.505,2026-09-24T08:24:58.275876+00:00
1333,0.45199999999999996,2026-09-24T08:24:58.276239+00:00
1334,0.472,2026-09-24T08:24:58.276628+00:00
1335,0.423,2026-09-24T08:24:58.276935+00:00
1336,0.455,2026-09-24T08:24:58.277292+00:00
1337,0.462,2026-09-24T08:24:58.277638+00:00
1338,0.417,2026-09-24T08:24:58.277943+00:00
1339,0.443,2026-09-24T08:24:58.278300+00:00
1340,0.462,2026-09-24T08:24:58.278674+00:00
1341,0.443,2026-09-24T08:24:58.279041+00:00
1342,0.47800000000000004,2026-09-24T08:24:58.279430+00:00
1343,0.438,2026-09-24T08:24:58.279720+00:00
1344,0.43600000000000005,2026-09-24T08:24:58.280069+00:00
1345,0.509,2026-09-24T08:24:58.280483+00:00
1346,0.883,2026-09-24T08:24:58.281208+00:00
1347,0.846,2026-09-24T08:24:58.281997+00:00
1348,0.7879999999999999,2026-09-24T08:24:58.282448+00:00
1349,0.6589999999999999,2026-09-24T08:24:58.282713+00:00
1350,0.554,2026-09-24T08:24:58.283027+00:00
1351,0.745,2026-09-24T08:24:58.283662+00:00
1352,0.523,2026-09-24T08:24:58.283982+00:00
1353,0.554,2026-09-24T08:24:58.284438+00:00
1354,0.49200000000000005,2026-09-24T08:24:58.284819+00:00
1355,0.48500000000000004,2026-09-24T08:24:58.285221+00:00
1356,0.521,2026-09-24T08:24:58.285665+00:00
1357,0.483,2026-09-24T08:24:58.286066+00:00
1358,0.462,2026-09-24T08:24:58.286447+00:00
1359,0.49700000000000005,2026-09-24T08:24:58.286867+00:00
1360,0.443,2026-09-24T08:24:58.287239+00:00
1361,0.486,2026-09-24T08:24:58.287662+00:00
1362,0.462,2026-09-24T08:24:58.288101+00:00
1363,0.488,2026-09-24T08:24:58.288507+00:00
1364,0.508,2026-09-24T08:24:58.288905+00:00
1365,0.46799999999999997,2026-09-24T08:24:58.289292+00:00
1366,0.444,2026-09-24T08:24:58.289704+00:00
1367,0.453,2026-09-24T08:24:58.290122+00:00
1368,0.44,2026-09-24T08:24:58.290504+00:00
1369,0.465,2026-09-24T08:24:58.290950+00:00
1370,0.444,2026-09-24T08:24:58.291357+00:00
1371,0.474,2026-09-24T08:24:58.291779+00:00
1372,0.458,2026-09-24T08:24:58.292156+00:00
1373,0.526,2026-09-24T08:24:58.292633+00:00
1374,0.451,2026-09-24T08:24:58.293045+00:00
1375,0.48000000000000004,2026-09-24T08:24:58.293480+00:00
1376,0.481,2026-09-24T08:24:58.293874+00:00
1377,0.465,2026-09-24T08:24:58.294272+00:00
1378,0.46900000000000003,2026-09-24T08:24:58.294714+00:00
1379,0.47800000000000004,2026-09-24T08:24:58.295129+00:00
1380,0.447,2026-09-24T08:24:58.295508+00:00
1381,0.47100000000000003,2026-09-24T08:24:58.295936+00:00
1382,0.437,2026-09-24T08:24:58.296351+00:00
1383,0.705,2026-09-24T08:24:58.297051+00:00
1384,0.488,2026-09-24T08:24:58.297469+00:00
1385,0.484,2026-09-24T08:24:58.297892+00:00
1386,0.45199999999999996,2026-09-24T08:24:58.298329+00:00
1387,0.526,2026-09-24T08:24:58.298845+00:00
1388,0.457,2026-09-24T08:24:58.299231+00:00
1389,0.602,2026-09-24T08:24:58.299823+00:00
1390,0.465,2026-09-24T08:24:58.300278+00:00
1391,0.5289999999999999,2026-09-24T08:24:58.300794+00:00
1392,0.456,2026-09-24T08:24:58.301183+00:00
1393,0.501,2026-09-24T08:24:58.301681+00:00
1394,0.46799999999999997,2026-09-24T08:24:58.302086+00:00
1395,0.475,2026-09-24T08:24:58.302551+00:00
1396,0.47600000000000003,2026-09-24T08:24:58.302968+00:00
1397,0.512,2026-09-24T08:24:58.303461+00:00
1398,0.483,2026-09-24T08:24:58.303923+00:00
1399,0.47100000000000003,2026-09-24T08:24:58.304335+00:00
1400,0.479,2026-09-24T08:24:58.304765+00:00
1401,0.5,2026-09-24T08:24:58.305238+00:00
1402,0.491,2026-09-24T08:24:58.305671+00:00
1403,0.5640000000000001,2026-09-24T08:24:58.306208+00:00
1404,0.47600000000000003,2026-09-24T08:24:58.306627+00:00
1405,0.549,2026-09-24T08:24:58.307148+00:00
1406,0.46,2026-09-24T08:24:58.307555+00:00
1407,0.47800000000000004,2026-09-24T08:24:58.308021+00:00
1408,0.48000000000000004,2026-09-24T08:24:58.308440+00:00
1409,0.524,2026-09-24T08:24:58.308949+00:00
1410,0.437,2026-09-24T08:24:58.309335+00:00
1411,0.491,2026-09-24T08:24:58.309800+00:00
1412,0.448,2026-09-24T08:24:58.310195+00:00
1413,0.502,2026-09-24T08:24:58.310674+00:00
1414,0.434,2026-09-24T08:24:58.311044+00:00
1415,0.45199999999999996,2026-09-24T08:24:58.311482+00:00
1416,0.48500000000000004,2026-09-24T08:24:58.311905+00:00
1417,0.456,2026-09-24T08:24:58.312335+00:00
1418,0.47600000000000003,2026-09-24T08:24:58.312756+00:00
1419,0.48500000000000004,2026-09-24T08:24:58.313230+00:00
1420,0.486,2026-09-24T08:24:58.313618+00:00
1421,0.47600000000000003,2026-09-24T08:24:58.314073+00:00
1422,0.442,2026-09-24T08:24:58.314492+00:00
1423,0.535,2026-09-24T08:24:58.314979+00:00
1424,0.46900000000000003,2026-09-24T08:24:58.315378+00:00
1425,0.496,2026-09-24T08:24:58.315848+00:00
1426,0.439,2026-09-24T08:24:58.316236+00:00
1427,0.45899999999999996,2026-09-24T08:24:58.316676+00:00
1428,0.43,2026-09-24T08:24:58.317050+00:00
1429,0.42700000000000005,2026-09-24T08:24:58.317465+00:00
1430,0.428,2026-09-24T08:24:58.317833+00:00
1431,0.40700000000000003,2026-09-24T08:24:58.318230+00:00
1432,0.722,2026-09-24T08:24:58.318918+00:00
1433,0.5810000000000001,2026-09-24T08:24:58.319171+00:00
1434,0.475,2026-09-24T08:24:58.319526+00:00
1435,0.605,2026-09-24T08:24:58.320074+00:00
1436,0.475,2026-09-24T08:24:58.320499+00:00
1437,0.46799999999999997,2026-09-24T08:24:58.320939+00:00
1438,0.438,2026-09-24T08:24:58.321318+00:00
1439,0.48899999999999993,2026-09-24T08:24:58.321776+00:00
1440,0.455,2026-09-24T08:24:58.322198+00:00
1441,0.48899999999999993,2026-09-24T08:24:58.322655+00:00
1442,0.456,2026-09-24T08:24:58.323090+00:00
1443,0.444,2026-09-24T08:24:58.323492+00:00
1444,0.44499999999999995,2026-09-24T08:24:58.323901+00:00
1445,0.46099999999999997,2026-09-24T08:24:58.324313+00:00
1446,0.5,2026-09-24T08:24:58.324785+00:00
1447,0.474,2026-09-24T08:24:58.325205+00:00
1448,0.45899999999999996,2026-09-24T08:24:58.325640+00:00
1449,0.482,2026-09-24T08:24:58.326051+00:00
1450,0.46099999999999997,2026-09-24T08:24:58.326477+00:00
1451,0.46900000000000003,2026-09-24T08:24:58.326920+00:00
1452,0.458,2026-09-24T08:24:58.327317+00:00
1453,0.467,2026-09-24T08:24:58.327775+00:00
1454,0.465,2026-09-24T08:24:58.328179+00:00
1455,0.47800000000000004,2026-09-24T08:24:58.328634+00:00
1456,0.477,2026-09-24T08:24:58.329068+00:00
1457,0.449,2026-09-24T08:24:58.329495+00:00
1458,0.47100000000000003,2026-09-24T08:24:58.329909+00:00
1459,0.449,2026-09-24T08:24:58.330324+00:00
1460,0.474,2026-09-24T08:24:58.330733+00:00
1461,0.451,2026-09-24T08:24:58.331165+00:00
1462,0.457,2026-09-24T08:24:58.331570+00:00
1463,0.435,2026-09-24T08:24:58.331944+00:00
1464,0.444,2026-09-24T08:24:58.332355+00:00
1465,0.433,2026-09-24T08:24:58.332738+00:00
1466,0.393,2026-09-24T08:24:58.333129+00:00
1467,0.447,2026-09-24T08:24:58.333529+00:00
1468,0.421,2026-09-24T08:24:58.333895+00:00
1469,0.43600000000000005,2026-09-24T08:24:58.334309+00:00
1470,0.47600000000000003,2026-09-24T08:24:58.334712+00:00
1471,0.441,2026-09-24T08:24:58.335133+00:00
1472,0.44,2026-09-24T08:24:58.335530+00:00
1473,0.41800000000000004,2026-09-24T08:24:58.335942+00:00
1474,0.414,2026-09-24T08:24:58.336307+00:00
1475,0.431,2026-09-24T08:24:58.336737+00:00
1476,0.428,2026-09-24T08:24:58.337119+00:00
1477,0.451,2026-09-24T08:24:58.337545+00:00
1478,0.448,2026-09-24T08:24:58.337925+00:00
1479,0.46099999999999997,2026-09-24T08:24:58.338357+00:00
1480,0.46799999999999997,2026-09-24T08:24:58.338751+00:00
1481,0.47,2026-09-24T08:24:58.339146+00:00
1482,0.47,2026-09-24T08:24:58.339557+00:00
1483,0.502,2026-09-24T08:24:58.340043+00:00
1484,0.46900000000000003,2026-09-24T08:24:58.340435+00:00
1485,0.47800000000000004,2026-09-24T08:24:58.340874+00:00
1486,0.444,2026-09-24T08:24:58.341254+00:00
1487,0.46299999999999997,2026-09-24T08:24:58.341692+00:00
1488,0.434,2026-09-24T08:24:58.342080+00:00
1489,0.431,2026-09-24T08:24:58.342497+00:00
1490,0.444,2026-09-24T08:24:58.342904+00:00
1491,0.458,2026-09-24T08:24:58.343319+00:00
1492,0.488,2026-09-24T08:24:58.343765+00:00
1493,0.453,2026-09-24T08:24:58.344183+00:00
1494,0.47800000000000004,2026-09-24T08:24:58.344644+00:00
1495,0.45899999999999996,2026-09-24T08:24:58.345034+00:00
1496,0.424,2026-09-24T08:24:58.345400+00:00
1497,0.46599999999999997,2026-09-24T08:24:58.345856+00:00
1498,0.434,2026-09-24T08:24:58.346241+00:00
1499,0.47300000000000003,2026-09-24T08:24:58.346689+00:00
1500,0.46900000000000003,2026-09-24T08:24:58.347095+00:00
1501,0.46599999999999997,2026-09-24T08:24:58.347529+00:00
1502,0.47100000000000003,2026-09-24T08:24:58.347976+00:00
1503,0.462,2026-09-24T08:24:58.348380+00:00
1504,0.48000000000000004,2026-09-24T08:24:58.348801+00:00
1505,0.449,2026-09-24T08:24:58.349209+00:00
1506,0.46,2026-09-24T08:24:58.349639+00:00
1507,0.458,2026-09-24T08:24:58.350018+00:00
1508,0.486,2026-09-24T08:24:58.350437+00:00
1509,0.57,2026-09-24T08:24:58.350958+00:00
1510,0.521,2026-09-24T08:24:58.351457+00:00
1511,0.536,2026-09-24T08:24:58.351915+00:00
1512,0.475,2026-09-24T08:24:58.352329+00:00
1513,0.5109999999999999,2026-09-24T08:24:58.352817+00:00
1514,0.475,2026-09-24T08:24:58.353225+00:00
1515,0.523,2026-09-24T08:24:58.353732+00:00
1516,0.49,2026-09-24T08:24:58.354142+00:00
1517,0.522,2026-09-24T08:24:58.354641+00:00
1518,0.484,2026-09-24T08:24:58.355047+00:00
1519,0.501,2026-09-24T08:24:58.355529+00:00
1520,0.516,2026-09-24T08:24:58.355994+00:00
1521,0.512,2026-09-24T08:24:58.356489+00:00
1522,0.507,2026-09-24T08:24:58.356973+00:00
1523,0.502,2026-09-24T08:24:58.357433+00:00
1524,0.518,2026-09-24T08:24:58.357888+00:00
1525,0.437,2026-09-24T08:24:58.358268+00:00
1526,0.433,2026-09-24T08:24:58.358679+00:00
1527,0.43,2026-09-24T08:24:58.359106+00:00
1528,0.46599999999999997,2026-09-24T08:24:58.359534+00:00
1529,0.48500000000000004,2026-09-24T08:24:58.359956+00:00
1530,0.475,2026-09-24T08:24:58.360373+00:00
1531,0.46599999999999997,2026-09-24T08:24:58.360768+00:00
1532,0.43,2026-09-24T08:24:58.361175+00:00
1533,0.465,2026-09-24T08:24:58.361575+00:00
1534,0.46299999999999997,2026-09-24T08:24:58.361965+00:00
1535,0.433,2026-09-24T08:24:58.362375+00:00
1536,0.47100000000000003,2026-09-24T08:24:58.362781+00:00
1537,0.447,2026-09-24T08:24:58.363210+00:00
1538,0.433,2026-09-24T08:24:58.363591+00:00
1539,0.432,2026-09-24T08:24:58.364008+00:00
1540,0.441,2026-09-24T08:24:58.364430+00:00
1541,0.472,2026-09-24T08:24:58.364850+00:00
1542,0.441,2026-09-24T08:24:58.365232+00:00
1543,0.47,2026-09-24T08:24:58.365653+00:00
1544,0.439,2026-09-24T08:24:58.366066+00:00
1545,0.434,2026-09-24T08:24:58.366444+00:00
1546,0.44499999999999995,2026-09-24T08:24:58.366866+00:00
1547,0.422,2026-09-24T08:24:58.367233+00:00
1548,0.425,2026-09-24T08:24:58.367647+00:00
1549,0.408,2026-09-24T08:24:58.368009+00:00
1550,0.38699999999999996,2026-09-24T08:24:58.368385+00:00
1551,0.435,2026-09-24T08:24:58.368776+00:00
1552,0.412,2026-09-24T08:24:58.369177+00:00
1553,0.41,2026-09-24T08:24:58.369544+00:00
1554,0.42700000000000005,2026-09-24T08:24:58.369958+00:00
1555,0.42000000000000004,2026-09-24T08:24:58.370312+00:00
1556,0.457,2026-09-24T08:24:58.370690+00:00
1557,0.426,2026-09-24T08:24:58.371049+00:00
1558,0.453,2026-09-24T08:24:58.371471+00:00
1559,0.45899999999999996,2026-09-24T08:24:58.371843+00:00
1560,0.443,2026-09-24T08:24:58.372220+00:00
1561,0.441,2026-09-24T08:24:58.372626+00:00
1562,0.435,2026-09-24T08:24:58.373036+00:00
1563,0.423,2026-09-24T08:24:58.373405+00:00
1564,0.48500000000000004,2026-09-24T08:24:58.373865+00:00
1565,0.453,2026-09-24T08:24:58.374242+00:00
1566,0.465,2026-09-24T08:24:58.374647+00:00
1567,0.451,2026-09-24T08:24:58.375058+00:00
1568,0.438,2026-09-24T08:24:58.375455+00:00
1569,0.451,2026-09-24T08:24:58.375886+00:00
1570,0.43600000000000005,2026-09-24T08:24:58.376276+00:00
1571,0.437,2026-09-24T08:24:58.376691+00:00
1572,0.421,2026-09-24T08:24:58.377083+00:00
1573,0.404,2026-09-24T08:24:58.377423+00:00
1574,0.439,2026-09-24T08:24:58.377829+00:00
1575,0.426,2026-09-24T08:24:58.378190+00:00
1576,0.428,2026-09-24T08:24:58.378597+00:00
1577,0.426,2026-09-24T08:24:58.379010+00:00
1578,0.395,2026-09-24T08:24:58.379362+00:00
1579,0.451,2026-09-24T08:24:58.379804+00:00
1580,0.449,2026-09-24T08:24:58.380228+00:00
1581,0.433,2026-09-24T08:24:58.380604+00:00
1582,0.42700000000000005,2026-09-24T08:24:58.381003+00:00
1583,0.406,2026-09-24T08:24:58.381342+00:00
1584,0.49799999999999994,2026-09-24T08:24:58.381814+00:00
1585,0.41300000000000003,2026-09-24T08:24:58.382113+00:00
1586,0.404,2026-09-24T08:24:58.382450+00:00
1587,0.42000000000000004,2026-09-24T08:24:58.382850+00:00
1588,0.408,2026-09-24T08:24:58.383236+00:00
1589,0.429,2026-09-24T08:24:58.383611+00:00
1590,0.408,2026-09-24T08:24:58.383983+00:00
1591,0.41800000000000004,2026-09-24T08:24:58.384378+00:00
1592,0.875,2026-09-24T08:24:58.385229+00:00
1593,1.088,2026-09-24T08:24:58.385844+00:00
1594,1.002,2026-09-24T08:24:58.386133+00:00
1595,0.882,2026-09-24T08:24:58.386373+00:00
1596,0.6669999999999999,2026-09-24T08:24:58.386531+00:00
1597,0.517,2026-09-24T08:24:58.386774+00:00
1598,0.488,2026-09-24T08:24:58.387128+00:00
1599,0.47600000000000003,2026-09-24T08:24:58.387460+00:00
1600,0.895,2026-09-24T08:24:58.388233+00:00
1601,0.71,2026-09-24T08:24:58.388628+00:00
1602,0.587,2026-09-24T08:24:58.388882+00:00
1603,0.509,2026-09-24T08:24:58.389258+00:00
1604,0.8140000000000001,2026-09-24T08:24:58.389993+00:00
1605,0.717,2026-09-24T08:24:58.390367+00:00
1606,0.598,2026-09-24T08:24:58.390641+00:00
1607,0.517,2026-09-24T08:24:58.390982+00:00
1608,0.518,2026-09-24T08:24:58.391363+00:00
1609,0.522,2026-09-24T08:24:58.391735+00:00
1610,0.49700000000000005,2026-09-24T08:24:58.392087+00:00
1611,0.484,2026-09-24T08:24:58.392450+00:00
1612,0.8140000000000001,2026-09-24T08:24:58.393151+00:00
1613,0.862,2026-09-24T08:24:58.393631+00:00
1614,0.6849999999999999,2026-09-24T08:24:58.393794+00:00
1615,0.68,2026-09-24T08:24:58.394127+00:00
1616,0.465,2026-09-24T08:24:58.394407+00:00
1617,0.7829999999999999,2026-09-24T08:24:58.395084+00:00
1618,1.0250000000000001,2026-09-24T08:24:58.395751+00:00
1619,0.959,2026-09-24T08:24:58.396037+00:00
1620,1.554,2026-09-24T08:24:58.396980+00:00
1621,0.7739999999999999,2026-09-24T08:24:58.397456+00:00
1622,0.55,2026-09-24T08:24:58.397737+00:00
1623,0.441,2026-09-24T08:24:58.398015+00:00
1624,0.5599999999999999,2026-09-24T08:24:58.398502+00:00
1625,0.565,2026-09-24T08:24:58.399013+00:00
1626,0.533,2026-09-24T08:24:58.399504+00:00
1627,0.5289999999999999,2026-09-24T08:24:58.399961+00:00
1628,0.518,2026-09-24T08:24:58.400444+00:00
1629,0.531,2026-09-24T08:24:58.400916+00:00
1630,0.502,2026-09-24T08:24:58.401383+00:00
1631,0.501,2026-09-24T08:24:58.401850+00:00
1632,0.51,2026-09-24T08:24:58.402324+00:00
1633,0.537,2026-09-24T08:24:58.402830+00:00
1634,0.504,2026-09-24T08:24:58.403288+00:00
1635,0.524,2026-09-24T08:24:58.403770+00:00
1636,0.484,2026-09-24T08:24:58.404179+00:00
1637,0.5419999999999999,2026-09-24T08:24:58.404690+00:00
1638,0.47,2026-09-24T08:24:58.405041+00:00
1639,0.448,2026-09-24T08:24:58.405429+00:00
1640,0.569,2026-09-24T08:24:58.405957+00:00
1641,0.42700000000000005,2026-09-24T08:24:58.406262+00:00
1642,0.47800000000000004,2026-09-24T08:24:58.406677+00:00
1643,0.49700000000000005,2026-09-24T08:24:58.407104+00:00
1644,0.446,2026-09-24T08:24:58.407466+00:00
1645,0.49299999999999994,2026-09-24T08:24:58.407883+00:00
1646,0.49299999999999994,2026-09-24T08:24:58.408357+00:00
1647,0.8490000000000001,2026-09-24T08:24:58.409170+00:00
1648,1.066,2026-09-24T08:24:58.409843+00:00
1649,1.056,2026-09-24T08:24:58.410193+00:00
1650,0.9740000000000001,2026-09-24T08:24:58.410497+00:00
1651,0.772,2026-09-24T08:24:58.410658+00:00
1652,0.6449999999999999,2026-09-24T08:24:58.410925+00:00
1653,0.5379999999999999,2026-09-24T08:24:58.411178+00:00
1654,0.707,2026-09-24T08:24:58.411742+00:00
1655,1.217,2026-09-24T08:24:58.412579+00:00
1656,1.053,2026-09-24T08:24:58.413448+00:00
1657,1.117,2026-09-24T08:24:58.414054+00:00
1658,1.409,2026-09-24T08:24:58.414825+00:00
1659,1.494,2026-09-24T08:24:58.415384+00:00
1660,1.77,2026-09-24T08:24:58.416146+00:00
1661,1.8719999999999999,2026-09-24T08:24:58.416670+00:00
1662,1.921,2026-09-24T08:24:58.417180+00:00
1663,1.96,2026-09-24T08:24:58.417669+00:00
1664,2.0439999999999996,2026-09-24T08:24:58.418186+00:00
1665,2.028,2026-09-24T08:24:58.418696+00:00
1666,2.013,2026-09-24T08:24:58.419182+00:00
1667,2.025,2026-09-24T08:24:58.419720+00:00
1668,2.016,2026-09-24T08:24:58.420201+00:00
1669,1.936,2026-09-24T08:24:58.420632+00:00
1670,1.865,2026-09-24T08:24:58.421043+00:00
1671,1.486,2026-09-24T08:24:58.421239+00:00
1672,1.358,2026-09-24T08:24:58.421557+00:00
1673,0.905,2026-09-24T08:24:58.421726+00:00
1674,0.669,2026-09-24T08:24:58.421985+00:00
1675,0.723,2026-09-24T08:24:58.422514+00:00
1676,0.732,2026-09-24T08:24:58.423063+00:00
1677,0.6819999999999999,2026-09-24T08:24:58.423623+00:00
1678,0.736,2026-09-24T08:24:58.424197+00:00
1679,0.661,2026-09-24T08:24:58.424637+00:00
1680,0.6489999999999999,2026-09-24T08:24:58.425113+00:00
1681,0.703,2026-09-24T08:24:58.425711+00:00
1682,0.641,2026-09-24T08:24:58.426269+00:00
1683,0.671,2026-09-24T08:24:58.426850+00:00
1684,0.65,2026-09-24T08:24:58.427373+00:00
1685,0.643,2026-09-24T08:24:58.427909+00:00
1686,0.623,2026-09-24T08:24:58.428426+00:00
1687,0.6629999999999999,2026-09-24T08:24:58.428968+00:00
1688,0.623,2026-09-24T08:24:58.429510+00:00
1689,0.696,2026-09-24T08:24:58.430036+00:00
1690,0.61,2026-09-24T08:24:58.430547+00:00
1691,0.594,2026-09-24T08:24:58.431028+00:00
1692,0.661,2026-09-24T08:24:58.431602+00:00
1693,0.636,2026-09-24T08:24:58.432136+00:00
1694,0.6819999999999999,2026-09-24T08:24:58.432753+00:00
1695,0.623,2026-09-24T08:24:58.433301+00:00
1696,0.618,2026-09-24T08:24:58.433843+00:00
1697,0.588,2026-09-24T08:24:58.434352+00:00
1698,0.606,2026-09-24T08:24:58.434848+00:00
1699,0.617,2026-09-24T08:24:58.435342+00:00
1700,0.633,2026-09-24T08:24:58.435832+00:00
1701,0.599,2026-09-24T08:24:58.436286+00:00
1702,0.593,2026-09-24T08:24:58.436762+00:00
1703,0.5630000000000001,2026-09-24T08:24:58.437237+00:00
1704,0.6040000000000001,2026-09-24T08:24:58.437756+00:00
1705,0.58,2026-09-24T08:24:58.438222+00:00
1706,0.614,2026-09-24T08:24:58.438739+00:00
1707,0.58,2026-09-24T08:24:58.439213+00:00
1708,0.607,2026-09-24T08:24:58.439716+00:00
1709,0.5640000000000001,2026-09-24T08:24:58.440170+00:00
1710,0.585,2026-09-24T08:24:58.440672+00:00
1711,0.5599999999999999,2026-09-24T08:24:58.441124+00:00
1712,0.631,2026-09-24T08:24:58.441674+00:00
1713,0.635,2026-09-24T08:24:58.442239+00:00
1714,0.643,2026-09-24T08:24:58.442788+00:00
1715,0.603,2026-09-24T08:24:58.443264+00:00
1716,0.592,2026-09-24T08:24:58.443730+00:00
1717,0.627,2026-09-24T08:24:58.444272+00:00
1718,0.627,2026-09-24T08:24:58.444774+00:00
1719,0.615,2026-09-24T08:24:58.445274+00:00
1720,0.621,2026-09-24T08:24:58.445790+00:00
1721,0.5680000000000001,2026-09-24T08:24:58.446254+00:00
1722,0.5720000000000001,2026-09-24T08:24:58.446727+00:00
1723,0.553,2026-09-24T08:24:58.447191+00:00
1724,0.631,2026-09-24T08:24:58.447735+00:00
1725,0.7,2026-09-24T08:24:58.448276+00:00
1726,0.675,2026-09-24T08:24:58.448739+00:00
1727,0.635,2026-09-24T08:24:58.449190+00:00
1728,0.62,2026-09-24T08:24:58.449649+00:00
1729,0.62,2026-09-24T08:24:58.450121+00:00
1730,0.578,2026-09-24T08:24:58.450548+00:00
1731,0.627,2026-09-24T08:24:58.451030+00:00
1732,0.611,2026-09-24T08:24:58.451536+00:00
1733,0.623,2026-09-24T08:24:58.452024+00:00
1734,0.623,2026-09-24T08:24:58.452547+00:00
1735,0.703,2026-09-24T08:24:58.453100+00:00
1736,0.558,2026-09-24T08:24:58.453458+00:00
1737,0.824,2026-09-24T08:24:58.454149+00:00
1738,0.646,2026-09-24T08:24:58.454686+00:00
1739,0.644,2026-09-24T08:24:58.455204+00:00
1740,0.64,2026-09-24T08:24:58.455721+00:00
1741,0.636,2026-09-24T08:24:58.456228+00:00
1742,0.652,2026-09-24T08:24:58.456763+00:00
1743,0.628,2026-09-24T08:24:58.457222+00:00
1744,0.646,2026-09-24T08:24:58.457741+00:00
1745,0.569,2026-09-24T08:24:58.458196+00:00
1746,0.618,2026-09-24T08:24:58.458715+00:00
1747,0.602,2026-09-24T08:24:58.459185+00:00
1748,0.58,2026-09-24T08:24:58.459668+00:00
1749,0.5730000000000001,2026-09-24T08:24:58.460111+00:00
1750,0.618,2026-09-24T08:24:58.460637+00:00
1751,0.635,2026-09-24T08:24:58.461126+00:00
1752,0.623,2026-09-24T08:24:58.461630+00:00
1753,0.601,2026-09-24T08:24:58.462086+00:00
1754,0.6040000000000001,2026-09-24T08:24:58.462559+00:00
1755,0.5900000000000001,2026-09-24T08:24:58.462988+00:00
1756,0.5820000000000001,2026-09-24T08:24:58.463447+00:00
1757,0.629,2026-09-24T08:24:58.463963+00:00
1758,0.5670000000000001,2026-09-24T08:24:58.464433+00:00
1759,0.629,2026-09-24T08:24:58.464947+00:00
1760,0.6579999999999999,2026-09-24T08:24:58.465495+00:00
1761,0.651,2026-09-24T08:24:58.465984+00:00
1762,0.612,2026-09-24T08:24:58.466469+00:00
1763,0.6579999999999999,2026-09-24T08:24:58.466991+00:00
1764,0.7110000000000001,2026-09-24T08:24:58.467585+00:00
1765,0.6849999999999999,2026-09-24T08:24:58.468033+00:00
1766,0.608,2026-09-24T08:24:58.468496+00:00
1767,0.66,2026-09-24T08:24:58.469000+00:00
1768,0.603,2026-09-24T08:24:58.469474+00:00
1769,0.638,2026-09-24T08:24:58.469977+00:00
1770,0.651,2026-09-24T08:24:58.470527+00:00
1771,0.67,2026-09-24T08:24:58.471041+00:00
1772,0.578,2026-09-24T08:24:58.471536+00:00
1773,0.609,2026-09-24T08:24:58.472015+00:00
1774,0.619,2026-09-24T08:24:58.472517+00:00
1775,0.6,2026-09-24T08:24:58.472973+00:00
1776,0.559,2026-09-24T08:24:58.473429+00:00
1777,0.596,2026-09-24T08:24:58.473914+00:00
1778,0.579,2026-09-24T08:24:58.474379+00:00
1779,0.614,2026-09-24T08:24:58.474893+00:00
1780,0.5720000000000001,2026-09-24T08:24:58.475335+00:00
1781,0.614,2026-09-24T08:24:58.475850+00:00
1782,0.579,2026-09-24T08:24:58.476320+00:00
1783,0.585,2026-09-24T08:24:58.476803+00:00
1784,0.5199999999999999,2026-09-24T08:24:58.477224+00:00
1785,0.623,2026-09-24T08:24:58.477759+00:00
1786,0.621,2026-09-24T08:24:58.478268+00:00
1787,0.64,2026-09-24T08:24:58.478799+00:00
1788,0.608,2026-09-24T08:24:58.479295+00:00
1789,0.637,2026-09-24T08:24:58.479827+00:00
1790,0.5860000000000001,2026-09-24T08:24:58.480301+00:00
1791,0.597,2026-09-24T08:24:58.480807+00:00
1792,0.5419999999999999,2026-09-24T08:24:58.481261+00:00
1793,0.57,2026-09-24T08:24:58.481738+00:00
1794,0.584,2026-09-24T08:24:58.482227+00:00
1795,0.636,2026-09-24T08:24:58.482748+00:00
1796,0.5720000000000001,2026-09-24T08:24:58.483208+00:00
1797,0.6130000000000001,2026-09-24T08:24:58.483703+00:00
1798,0.5519999999999999,2026-09-24T08:24:58.484136+00:00
1799,0.596,2026-09-24T08:24:58.484652+00:00
1800,0.647,2026-09-24T08:24:58.485163+00:00
1801,0.6539999999999999,2026-09-24T08:24:58.485663+00:00
1802,0.583,2026-09-24T08:24:58.486082+00:00
1803,0.614,2026-09-24T08:24:58.486560+00:00
1804,0.603,2026-09-24T08:24:58.487046+00:00
1805,0.599,2026-09-24T08:24:58.487538+00:00
1806,0.562,2026-09-24T08:24:58.487993+00:00
1807,0.6130000000000001,2026-09-24T08:24:58.488513+00:00
1808,0.636,2026-09-24T08:24:58.488988+00:00
1809,0.644,2026-09-24T08:24:58.489511+00:00
1810,0.619,2026-09-24T08:24:58.489984+00:00
1811,0.638,2026-09-24T08:24:58.490525+00:00
1812,0.64,2026-09-24T08:24:58.491017+00:00
1813,0.5950000000000001,2026-09-24T08:24:58.491497+00:00
1814,0.612,2026-09-24T08:24:58.491971+00:00
1815,0.632,2026-09-24T08:24:58.492486+00:00
1816,0.6679999999999999,2026-09-24T08:24:58.493033+00:00
1817,0.637,2026-09-24T08:24:58.493486+00:00
1818,0.7,2026-09-24T08:24:58.494010+00:00
1819,0.608,2026-09-24T08:24:58.494495+00:00
1820,0.673,2026-09-24T08:24:58.495034+00:00
1821,0.638,2026-09-24T08:24:58.495565+00:00
1822,0.615,2026-09-24T08:24:58.496067+00:00
1823,0.617,2026-09-24T08:24:58.496587+00:00
1824,0.614,2026-09-24T08:24:58.497092+00:00
1825,0.6679999999999999,2026-09-24T08:24:58.497661+00:00
1826,0.6539999999999999,2026-09-24T08:24:58.498128+00:00
1827,0.665,2026-09-24T08:24:58.498661+00:00
1828,0.617,2026-09-24T08:24:58.499133+00:00
1829,0.589,2026-09-24T08:24:58.499605+00:00
1830,0.592,2026-09-24T08:24:58.500089+00:00
1831,0.594,2026-09-24T08:24:58.500576+00:00
1832,0.612,2026-09-24T08:24:58.501046+00:00
1833,0.622,2026-09-24T08:24:58.501575+00:00
1834,0.616,2026-09-24T08:24:58.502101+00:00
1835,0.618,2026-09-24T08:24:58.502638+00:00
1836,0.609,2026-09-24T08:24:58.503158+00:00
1837,0.623,2026-09-24T08:24:58.503696+00:00
1838,0.5419999999999999,2026-09-24T08:24:58.504173+00:00
1839,0.594,2026-09-24T08:24:58.504716+00:00
1840,0.635,2026-09-24T08:24:58.505267+00:00
1841,0.6759999999999999,2026-09-24T08:24:58.505792+00:00
1842,0.562,2026-09-24T08:24:58.506261+00:00
1843,0.61,2026-09-24T08:24:58.506789+00:00
1844,0.559,2026-09-24T08:24:58.507288+00:00
1845,0.5770000000000001,2026-09-24T08:24:58.507780+00:00
1846,0.559,2026-09-24T08:24:58.508255+00:00
1847,0.598,2026-09-24T08:24:58.508770+00:00
1848,0.574,2026-09-24T08:24:58.509284+00:00
1849,0.6,2026-09-24T08:24:58.509806+00:00
1850,0.675,2026-09-24T08:24:58.510402+00:00
1851,0.651,2026-09-24T08:24:58.510965+00:00
1852,0.639,2026-09-24T08:24:58.511515+00:00
1853,0.622,2026-09-24T08:24:58.512042+00:00
1854,0.643,2026-09-24T08:24:58.512607+00:00
1855,0.673,2026-09-24T08:24:58.513176+00:00
1856,0.796,2026-09-24T08:24:58.513851+00:00
1857,0.716,2026-09-24T08:24:58.514460+00:00
1858,0.674,2026-09-24T08:24:58.515011+00:00
1859,0.638,2026-09-24T08:24:58.515567+00:00
1860,0.665,2026-09-24T08:24:58.516117+00:00
1861,0.6769999999999999,2026-09-24T08:24:58.516641+00:00
1862,0.638,2026-09-24T08:24:58.517120+00:00
1863,0.618,2026-09-24T08:24:58.517585+00:00
1864,0.592,2026-09-24T08:24:58.518060+00:00
1865,0.592,2026-09-24T08:24:58.518531+00:00
1866,0.6579999999999999,2026-09-24T08:24:58.519047+00:00
1867,0.627,2026-09-24T08:24:58.519584+00:00
1868,0.625,2026-09-24T08:24:58.520062+00:00
1869,0.636,2026-09-24T08:24:58.520576+00:00
1870,0.603,2026-09-24T08:24:58.521052+00:00
1871,0.633,2026-09-24T08:24:58.521579+00:00
1872,0.603,2026-09-24T08:24:58.522030+00:00
1873,0.617,2026-09-24T08:24:58.522544+00:00
1874,0.6449999999999999,2026-09-24T08:24:58.523061+00:00
1875,0.622,2026-09-24T08:24:58.523543+00:00
1876,0.615,2026-09-24T08:24:58.524023+00:00
1877,0.653,2026-09-24T08:24:58.524557+00:00
1878,0.608,2026-09-24T08:24:58.525000+00:00
1879,0.608,2026-09-24T08:24:58.525501+00:00
1880,0.592,2026-09-24T08:24:58.525961+00:00
1881,0.609,2026-09-24T08:24:58.526462+00:00
1882,0.6130000000000001,2026-09-24T08:24:58.526948+00:00
1883,0.6130000000000001,2026-09-24T08:24:58.527455+00:00
1884,0.5810000000000001,2026-09-24T08:24:58.527911+00:00
1885,0.592,2026-09-24T08:24:58.528383+00:00
1886,0.571,2026-09-24T08:24:58.528854+00:00
1887,0.589,2026-09-24T08:24:58.529346+00:00
1888,0.601,2026-09-24T08:24:58.529843+00:00
1889,0.5820000000000001,2026-09-24T08:24:58.530324+00:00
1890,0.5860000000000001,2026-09-24T08:24:58.530812+00:00
1891,0.598,2026-09-24T08:24:58.531301+00:00
1892,0.562,2026-09-24T08:24:58.531767+00:00
1893,0.555,2026-09-24T08:24:58.532236+00:00
1894,0.623,2026-09-24T08:24:58.532766+00:00
1895,0.616,2026-09-24T08:24:58.533312+00:00
1896,0.639,2026-09-24T08:24:58.533842+00:00
1897,0.629,2026-09-24T08:24:58.534369+00:00
1898,0.718,2026-09-24T08:24:58.534960+00:00
1899,0.644,2026-09-24T08:24:58.535463+00:00
1900,0.637,2026-09-24T08:24:58.535935+00:00
1901,0.62,2026-09-24T08:24:58.536381+00:00
1902,0.628,2026-09-24T08:24:58.536834+00:00
1903,0.64,2026-09-24T08:24:58.537322+00:00
1904,0.651,2026-09-24T08:24:58.537811+00:00
1905,0.638,2026-09-24T08:24:58.538313+00:00
1906,0.605,2026-09-24T08:24:58.538820+00:00
1907,0.609,2026-09-24T08:24:58.539331+00:00
1908,0.609,2026-09-24T08:24:58.539828+00:00
1909,0.623,2026-09-24T08:24:58.540333+00:00
1910,0.631,2026-09-24T08:24:58.540791+00:00
1911,0.612,2026-09-24T08:24:58.541299+00:00
1912,0.656,2026-09-24T08:24:58.541848+00:00
1913,0.611,2026-09-24T08:24:58.542390+00:00
1914,0.643,2026-09-24T08:24:58.542958+00:00
1915,0.637,2026-09-24T08:24:58.543478+00:00
1916,0.628,2026-09-24T08:24:58.543971+00:00
1917,0.7020000000000001,2026-09-24T08:24:58.544562+00:00
1918,0.637,2026-09-24T08:24:58.545059+00:00
1919,0.669,2026-09-24T08:24:58.545619+00:00
1920,0.656,2026-09-24T08:24:58.546097+00:00
1921,0.621,2026-09-24T08:24:58.546590+00:00
1922,0.616,2026-09-24T08:24:58.547052+00:00
1923,0.608,2026-09-24T08:24:58.547537+00:00
1924,0.632,2026-09-24T08:24:58.548018+00:00
1925,0.643,2026-09-24T08:24:58.548536+00:00
1926,0.626,2026-09-24T08:24:58.548994+00:00
1927,0.631,2026-09-24T08:24:58.549513+00:00
1928,0.609,2026-09-24T08:24:58.549981+00:00
1929,0.628,2026-09-24T08:24:58.550498+00:00
1930,0.687,2026-09-24T08:24:58.551043+00:00
1931,0.641,2026-09-24T08:24:58.551511+00:00
1932,0.6679999999999999,2026-09-24T08:24:58.552016+00:00
1933,0.631,2026-09-24T08:24:58.552505+00:00
1934,0.662,2026-09-24T08:24:58.553024+00:00
1935,0.619,2026-09-24T08:24:58.553508+00:00
1936,0.643,2026-09-24T08:24:58.553984+00:00
1937,0.617,2026-09-24T08:24:58.554454+00:00
1938,0.611,2026-09-24T08:24:58.554936+00:00
1939,0.549,2026-09-24T08:24:58.555380+00:00
1940,0.594,2026-09-24T08:24:58.555871+00:00
1941,0.601,2026-09-24T08:24:58.556362+00:00
1942,0.632,2026-09-24T08:24:58.556882+00:00
1943,0.5900000000000001,2026-09-24T08:24:58.557359+00:00
1944,0.622,2026-09-24T08:24:58.557873+00:00
1945,0.5670000000000001,2026-09-24T08:24:58.558334+00:00
1946,0.606,2026-09-24T08:24:58.558833+00:00
1947,0.579,2026-09-24T08:24:58.559306+00:00
1948,0.549,2026-09-24T08:24:58.559766+00:00
1949,0.565,2026-09-24T08:24:58.560244+00:00
1950,0.5820000000000001,2026-09-24T08:24:58.560696+00:00
1951,0.5559999999999999,2026-09-24T08:24:58.561146+00:00
1952,0.589,2026-09-24T08:24:58.561644+00:00
1953,0.611,2026-09-24T08:24:58.562136+00:00
1954,0.606,2026-09-24T08:24:58.562616+00:00
1955,0.5900000000000001,2026-09-24T08:24:58.563047+00:00
1956,0.611,2026-09-24T08:24:58.563505+00:00
1957,0.62,2026-09-24T08:24:58.563970+00:00
1958,0.632,2026-09-24T08:24:58.564505+00:00
1959,0.635,2026-09-24T08:24:58.564998+00:00
1960,0.648,2026-09-24T08:24:58.565531+00:00
1961,0.664,2026-09-24T08:24:58.566020+00:00
1962,0.626,2026-09-24T08:24:58.566523+00:00
1963,0.639,2026-09-24T08:24:58.567025+00:00
1964,0.626,2026-09-24T08:24:58.567541+00:00
1965,0.614,2026-09-24T08:24:58.568000+00:00
1966,0.621,2026-09-24T08:24:58.568511+00:00
1967,0.62,2026-09-24T08:24:58.568972+00:00
1968,0.603,2026-09-24T08:24:58.569469+00:00
1969,0.606,2026-09-24T08:24:58.569955+00:00
1970,0.601,2026-09-24T08:24:58.570460+00:00
1971,0.648,2026-09-24T08:24:58.570985+00:00
1972,0.5720000000000001,2026-09-24T08:24:58.571477+00:00
1973,0.596,2026-09-24T08:24:58.571948+00:00
1974,0.545,2026-09-24T08:24:58.572392+00:00
1975,0.5559999999999999,2026-09-24T08:24:58.572852+00:00
1976,0.578,2026-09-24T08:24:58.573334+00:00
1977,0.596,2026-09-24T08:24:58.573811+00:00
1978,0.589,2026-09-24T08:24:58.574287+00:00
1979,0.718,2026-09-24T08:24:58.574893+00:00
1980,0.623,2026-09-24T08:24:58.575392+00:00
1981,0.634,2026-09-24T08:24:58.575951+00:00
1982,0.871,2026-09-24T08:24:58.576753+00:00
1983,0.75,2026-09-24T08:24:58.577287+00:00
1984,0.691,2026-09-24T08:24:58.577827+00:00
1985,0.646,2026-09-24T08:24:58.578352+00:00
1986,0.625,2026-09-24T08:24:58.578891+00:00
1987,0.61,2026-09-24T08:24:58.579384+00:00
1988,0.5770000000000001,2026-09-24T08:24:58.579838+00:00
1989,0.5760000000000001,2026-09-24T08:24:58.580308+00:00
1990,0.602,2026-09-24T08:24:58.580818+00:00
1991,0.562,2026-09-24T08:24:58.581283+00:00
1992,0.602,2026-09-24T08:24:58.581796+00:00
1993,0.545,2026-09-24T08:24:58.582248+00:00
1994,0.628,2026-09-24T08:24:58.582790+00:00
1995,0.6,2026-09-24T08:24:58.583301+00:00
1996,0.622,2026-09-24T08:24:58.583803+00:00
1997,0.579,2026-09-24T08:24:58.584227+00:00
1998,0.626,2026-09-24T08:24:58.584729+00:00
1999,0.6629999999999999,2026-09-24T08:24:58.585260+00:00
2000,0.674,2026-09-24T08:24:58.585809+00:00
2001,0.589,2026-09-24T08:24:58.586256+00:00
2002,0.593,2026-09-24T08:24:58.586755+00:00
2003,0.5910000000000001,2026-09-24T08:24:58.587237+00:00
2004,0.6449999999999999,2026-09-24T08:24:58.587804+00:00
2005,0.647,2026-09-24T08:24:58.588357+00:00
2006,0.629,2026-09-24T08:24:58.588860+00:00
2007,0.615,2026-09-24T08:24:58.589354+00:00
2008,0.641,2026-09-24T08:24:58.589877+00:00
2009,0.616,2026-09-24T08:24:58.590373+00:00
2010,0.611,2026-09-24T08:24:58.590866+00:00
2011,0.566,2026-09-24T08:24:58.591327+00:00
2012,0.611,2026-09-24T08:24:58.591846+00:00
2013,0.5680000000000001,2026-09-24T08:24:58.592276+00:00
2014,0.593,2026-09-24T08:24:58.592772+00:00
2015,0.5680000000000001,2026-09-24T08:24:58.593242+00:00
2016,0.63,2026-09-24T08:24:58.593781+00:00
2017,0.629,2026-09-24T08:24:58.594284+00:00
2018,0.642,2026-09-24T08:24:58.594802+00:00
2019,0.612,2026-09-24T08:24:58.595287+00:00
2020,0.605,2026-09-24T08:24:58.595771+00:00
2021,0.609,2026-09-24T08:24:58.596258+00:00
2022,0.611,2026-09-24T08:24:58.596744+00:00
2023,0.587,2026-09-24T08:24:58.597266+00:00
2024,0.6130000000000001,2026-09-24T08:24:58.597783+00:00
2025,0.603,2026-09-24T08:24:58.598286+00:00
2026,0.607,2026-09-24T08:24:58.598777+00:00
2027,0.565,2026-09-24T08:24:58.599240+00:00
2028,0.647,2026-09-24T08:24:58.599790+00:00
2029,0.5770000000000001,2026-09-24T08:24:58.600192+00:00
2030,0.629,2026-09-24T08:24:58.600705+00:00
2031,0.5810000000000001,2026-09-24T08:24:58.601163+00:00
2032,0.643,2026-09-24T08:24:58.601721+00:00
2033,0.644,2026-09-24T08:24:58.602342+00:00
2034,0.642,2026-09-24T08:24:58.602881+00:00
2035,0.5730000000000001,2026-09-24T08:24:58.603401+00:00
2036,0.635,2026-09-24T08:24:58.603972+00:00
2037,0.661,2026-09-24T08:24:58.604571+00:00
2038,0.639,2026-09-24T08:24:58.605100+00:00
2039,0.647,2026-09-24T08:24:58.605630+00:00
2040,0.616,2026-09-24T08:24:58.606144+00:00
2041,0.635,2026-09-24T08:24:58.606677+00:00
2042,0.627,2026-09-24T08:24:58.607146+00:00
2043,0.657,2026-09-24T08:24:58.607674+00:00
2044,0.608,2026-09-24T08:24:58.608163+00:00
2045,0.652,2026-09-24T08:24:58.608698+00:00
2046,0.5910000000000001,2026-09-24T08:24:58.609160+00:00
2047,0.611,2026-09-24T08:24:58.609667+00:00
2048,0.606,2026-09-24T08:24:58.610156+00:00
2049,0.644,2026-09-24T08:24:58.610701+00:00
2050,0.608,2026-09-24T08:24:58.611184+00:00
2051,0.641,2026-09-24T08:24:58.611701+00:00
2052,0.673,2026-09-24T08:24:58.612252+00:00
2053,0.648,2026-09-24T08:24:58.612713+00:00
2054,0.622,2026-09-24T08:24:58.613201+00:00
2055,0.657,2026-09-24T08:24:58.613726+00:00
2056,0.6130000000000001,2026-09-24T08:24:58.614198+00:00
2057,0.6589999999999999,2026-09-24T08:24:58.614735+00:00
2058,0.6130000000000001,2026-09-24T08:24:58.615219+00:00
2059,0.662,2026-09-24T08:24:58.615760+00:00
2060,0.665,2026-09-24T08:24:58.616302+00:00
2061,0.622,2026-09-24T08:24:58.616746+00:00
2062,0.578,2026-09-24T08:24:58.617224+00:00
2063,0.665,2026-09-24T08:24:58.617782+00:00
2064,0.569,2026-09-24T08:24:58.618208+00:00
2065,0.707,2026-09-24T08:24:58.618805+00:00
2066,0.643,2026-09-24T08:24:58.619307+00:00
2067,0.61,2026-09-24T08:24:58.619776+00:00
2068,0.566,2026-09-24T08:24:58.620242+00:00
2069,0.6970000000000001,2026-09-24T08:24:58.620846+00:00
2070,0.632,2026-09-24T08:24:58.621340+00:00
2071,0.666,2026-09-24T08:24:58.621873+00:00
2072,0.64,2026-09-24T08:24:58.622392+00:00
2073,0.657,2026-09-24T08:24:58.622916+00:00
2074,0.82,2026-09-24T08:24:58.623615+00:00
2075,0.7879999999999999,2026-09-24T08:24:58.624309+00:00
2076,0.764,2026-09-24T08:24:58.625064+00:00
2077,0.723,2026-09-24T08:24:58.625722+00:00
2078,0.653,2026-09-24T08:24:58.626268+00:00
2079,0.657,2026-09-24T08:24:58.626793+00:00
2080,0.62,2026-09-24T08:24:58.627297+00:00
2081,0.68,2026-09-24T08:24:58.627855+00:00
2082,0.626,2026-09-24T08:24:58.628355+00:00
2083,0.642,2026-09-24T08:24:58.628877+00:00
2084,0.566,2026-09-24T08:24:58.629344+00:00
2085,0.6130000000000001,2026-09-24T08:24:58.629859+00:00
2086,0.559,2026-09-24T08:24:58.630321+00:00
2087,0.6579999999999999,2026-09-24T08:24:58.630874+00:00
2088,0.585,2026-09-24T08:24:58.631328+00:00
2089,0.64,2026-09-24T08:24:58.631864+00:00
2090,0.61,2026-09-24T08:24:58.632373+00:00
2091,0.647,2026-09-24T08:24:58.632949+00:00
2092,0.5900000000000001,2026-09-24T08:24:58.633463+00:00
2093,0.69,2026-09-24T08:24:58.634061+00:00
2094,0.644,2026-09-24T08:24:58.634582+00:00
2095,0.64,2026-09-24T08:24:58.635099+00:00
2096,0.722,2026-09-24T08:24:58.635708+00:00
2097,0.6579999999999999,2026-09-24T08:24:58.636247+00:00
2098,0.65,2026-09-24T08:24:58.636806+00:00
2099,0.6589999999999999,2026-09-24T08:24:58.637336+00:00
2100,0.699,2026-09-24T08:24:58.637924+00:00
2101,0.5720000000000001,2026-09-24T08:24:58.638408+00:00
2102,0.662,2026-09-24T08:24:58.638980+00:00
2103,0.627,2026-09-24T08:24:58.639486+00:00
2104,0.696,2026-09-24T08:24:58.640040+00:00
2105,0.631,2026-09-24T08:24:58.640513+00:00
2106,0.6769999999999999,2026-09-24T08:24:58.641052+00:00
2107,0.673,2026-09-24T08:24:58.641627+00:00
2108,0.638,2026-09-24T08:24:58.642180+00:00
2109,0.655,2026-09-24T08:24:58.642761+00:00
2110,0.629,2026-09-24T08:24:58.643295+00:00
2111,0.65,2026-09-24T08:24:58.643872+00:00
2112,0.596,2026-09-24T08:24:58.644376+00:00
2113,0.5760000000000001,2026-09-24T08:24:58.644846+00:00
2114,0.554,2026-09-24T08:24:58.645303+00:00
2115,0.593,2026-09-24T08:24:58.645793+00:00
2116,0.555,2026-09-24T08:24:58.646219+00:00
2117,0.648,2026-09-24T08:24:58.646782+00:00
2118,0.5609999999999999,2026-09-24T08:24:58.647256+00:00
2119,0.554,2026-09-24T08:24:58.647718+00:00
2120,0.5469999999999999,2026-09-24T08:24:58.648172+00:00
2121,0.5730000000000001,2026-09-24T08:24:58.648660+00:00
2122,0.57,2026-09-24T08:24:58.649134+00:00
2123,0.639,2026-09-24T08:24:58.649670+00:00
2124,0.593,2026-09-24T08:24:58.650158+00:00
2125,0.615,2026-09-24T08:24:58.650677+00:00
2126,0.621,2026-09-24T08:24:58.651188+00:00
2127,0.616,2026-09-24T08:24:58.651684+00:00
2128,0.585,2026-09-24T08:24:58.652145+00:00
2129,0.616,2026-09-24T08:24:58.652650+00:00
2130,0.554,2026-09-24T08:24:58.653077+00:00
2131,0.5599999999999999,2026-09-24T08:24:58.653533+00:00
2132,0.5599999999999999,2026-09-24T08:24:58.653987+00:00
2133,0.6130000000000001,2026-09-24T08:24:58.654496+00:00
2134,0.6539999999999999,2026-09-24T08:24:58.655008+00:00
2135,0.67,2026-09-24T08:24:58.655559+00:00
2136,0.624,2026-09-24T08:24:58.656022+00:00
2137,0.684,2026-09-24T08:24:58.656602+00:00
2138,0.679,2026-09-24T08:24:58.657103+00:00
2139,0.665,2026-09-24T08:24:58.657679+00:00
2140,0.664,2026-09-24T08:24:58.658255+00:00
2141,0.625,2026-09-24T08:24:58.658786+00:00
2142,0.68,2026-09-24T08:24:58.659358+00:00
2143,0.615,2026-09-24T08:24:58.659802+00:00
2144,0.583,2026-09-24T08:24:58.660265+00:00
2145,0.603,2026-09-24T08:24:58.660775+00:00
2146,0.588,2026-09-24T08:24:58.661248+00:00
2147,0.632,2026-09-24T08:24:58.661785+00:00
2148,0.634,2026-09-24T08:24:58.662291+00:00
2149,0.6980000000000001,2026-09-24T08:24:58.662833+00:00
2150,0.6849999999999999,2026-09-24T08:24:58.663388+00:00
2151,0.646,2026-09-24T08:24:58.663905+00:00
2152,0.5770000000000001,2026-09-24T08:24:58.664386+00:00
2153,0.675,2026-09-24T08:24:58.664944+00:00
2154,0.602,2026-09-24T08:24:58.665400+00:00
2155,0.599,2026-09-24T08:24:58.665846+00:00
2156,0.571,2026-09-24T08:24:58.666298+00:00
2157,0.5860000000000001,2026-09-24T08:24:58.666794+00:00
2158,0.566,2026-09-24T08:24:58.667287+00:00
2159,0.6130000000000001,2026-09-24T08:24:58.667805+00:00
2160,0.555,2026-09-24T08:24:58.668249+00:00
2161,0.602,2026-09-24T08:24:58.668758+00:00
2162,0.592,2026-09-24T08:24:58.669248+00:00
2163,0.639,2026-09-24T08:24:58.669767+00:00
2164,0.5820000000000001,2026-09-24T08:24:58.670232+00:00
2165,0.669,2026-09-24T08:24:58.670790+00:00
2166,0.684,2026-09-24T08:24:58.671363+00:00
2167,0.6769999999999999,2026-09-24T08:24:58.671968+00:00
2168,0.647,2026-09-24T08:24:58.672581+00:00
2169,0.607,2026-09-24T08:24:58.673101+00:00
2170,0.61,2026-09-24T08:24:58.673639+00:00
2171,0.666,2026-09-24T08:24:58.674249+00:00
2172,0.642,2026-09-24T08:24:58.674827+00:00
2173,0.596,2026-09-24T08:24:58.675369+00:00
2174,0.622,2026-09-24T08:24:58.675950+00:00
2175,0.62,2026-09-24T08:24:58.676550+00:00
2176,0.647,2026-09-24T08:24:58.677156+00:00
2177,0.691,2026-09-24T08:24:58.677795+00:00
2178,0.656,2026-09-24T08:24:58.678404+00:00
2179,0.673,2026-09-24T08:24:58.679057+00:00
2180,0.6579999999999999,2026-09-24T08:24:58.679647+00:00
2181,0.637,2026-09-24T08:24:58.680230+00:00
2182,0.61,2026-09-24T08:24:58.680780+00:00
2183,0.6130000000000001,2026-09-24T08:24:58.681343+00:00
2184,0.67,2026-09-24T08:24:58.682018+00:00
2185,0.632,2026-09-24T08:24:58.682581+00:00
2186,0.5479999999999999,2026-09-24T08:24:58.683112+00:00
2187,0.647,2026-09-24T08:24:58.683725+00:00
2188,0.632,2026-09-24T08:24:58.684268+00:00
2189,1.105,2026-09-24T08:24:58.685352+00:00
2190,0.8350000000000001,2026-09-24T08:24:58.686094+00:00
2191,0.8490000000000001,2026-09-24T08:24:58.686872+00:00
2192,0.6849999999999999,2026-09-24T08:24:58.687378+00:00
2193,0.758,2026-09-24T08:24:58.688109+00:00
2194,0.717,2026-09-24T08:24:58.688790+00:00
2195,0.7380000000000001,2026-09-24T08:24:58.689460+00:00
2196,0.741,2026-09-24T08:24:58.690120+00:00
2197,0.707,2026-09-24T08:24:58.690772+00:00
2198,0.6930000000000001,2026-09-24T08:24:58.691398+00:00
2199,0.71,2026-09-24T08:24:58.692066+00:00
2200,0.691,2026-09-24T08:24:58.692721+00:00
2201,0.7110000000000001,2026-09-24T08:24:58.693374+00:00
2202,0.664,2026-09-24T08:24:58.693946+00:00
2203,0.628,2026-09-24T08:24:58.694484+00:00
2204,0.655,2026-09-24T08:24:58.695100+00:00
2205,0.704,2026-09-24T08:24:58.695757+00:00
2206,0.7020000000000001,2026-09-24T08:24:58.696372+00:00
2207,1.188,2026-09-24T08:24:58.697853+00:00
2208,0.9990000000000001,2026-09-24T08:24:58.698839+00:00
2209,0.8059999999999999,2026-09-24T08:24:58.699625+00:00
2210,0.883,2026-09-24T08:24:58.700644+00:00
2211,0.8059999999999999,2026-09-24T08:24:58.701451+00:00
2212,1.003,2026-09-24T08:24:58.702455+00:00
2213,0.695,2026-09-24T08:24:58.703144+00:00
2214,0.629,2026-09-24T08:24:58.703738+00:00
2215,0.6,2026-09-24T08:24:58.704290+00:00
2216,0.5900000000000001,2026-09-24T08:24:58.704834+00:00
2217,0.57,2026-09-24T08:24:58.705383+00:00
2218,0.566,2026-09-24T08:24:58.705906+00:00
2219,0.5419999999999999,2026-09-24T08:24:58.706395+00:00
2220,0.527,2026-09-24T08:24:58.706853+00:00
2221,0.522,2026-09-24T08:24:58.707352+00:00
2222,0.545,2026-09-24T08:24:58.707860+00:00
2223,0.48899999999999993,2026-09-24T08:24:58.708305+00:00
2224,0.5289999999999999,2026-09-24T08:24:58.708822+00:00
2225,0.522,2026-09-24T08:24:58.709284+00:00
2226,0.7739999999999999,2026-09-24T08:24:58.710033+00:00
2227,0.741,2026-09-24T08:24:58.710491+00:00
2228,0.5810000000000001,2026-09-24T08:24:58.710756+00:00
2229,0.5860000000000001,2026-09-24T08:24:58.711209+00:00
2230,1.365,2026-09-24T08:24:58.712424+00:00
2231,0.833,2026-09-24T08:24:58.713184+00:00
2232,0.767,2026-09-24T08:24:58.713912+00:00
2233,0.657,2026-09-24T08:24:58.714549+00:00
2234,0.585,2026-09-24T08:24:58.715062+00:00
2235,0.608,2026-09-24T08:24:58.715718+00:00
2236,2.326,2026-09-24T08:24:58.718167+00:00
2237,0.627,2026-09-24T08:24:58.718817+00:00
2238,0.941,2026-09-24T08:24:58.719723+00:00
2239,0.764,2026-09-24T08:24:58.720200+00:00
2240,0.578,2026-09-24T08:24:58.720548+00:00
2241,0.699,2026-09-24T08:24:58.721173+00:00
2242,0.587,2026-09-24T08:24:58.721501+00:00
2243,0.65,2026-09-24T08:24:58.721979+00:00
2244,0.592,2026-09-24T08:24:58.722487+00:00
2245,0.544,2026-09-24T08:24:58.722862+00:00
2246,0.544,2026-09-24T08:24:58.723302+00:00
2247,0.983,2026-09-24T08:24:58.724195+00:00
2248,1.2910000000000001,2026-09-24T08:24:58.724940+00:00
2249,1.251,2026-09-24T08:24:58.725310+00:00
2250,0.9169999999999999,2026-09-24T08:24:58.725515+00:00
2251,0.725,2026-09-24T08:24:58.725790+00:00
2252,0.794,2026-09-24T08:24:58.726473+00:00
2253,0.598,2026-09-24T08:24:58.726971+00:00
2254,0.571,2026-09-24T08:24:58.727473+00:00
2255,0.559,2026-09-24T08:24:58.727942+00:00
2256,0.528,2026-09-24T08:24:58.728353+00:00
2257,0.549,2026-09-24T08:24:58.728826+00:00
2258,0.535,2026-09-24T08:24:58.729242+00:00
2259,0.5109999999999999,2026-09-24T08:24:58.729635+00:00
2260,0.539,2026-09-24T08:24:58.730054+00:00
2261,0.524,2026-09-24T08:24:58.730460+00:00
2262,0.545,2026-09-24T08:24:58.730864+00:00
2263,0.516,2026-09-24T08:24:58.731262+00:00
2264,0.522,2026-09-24T08:24:58.731670+00:00
2265,0.512,2026-09-24T08:24:58.732062+00:00
2266,0.519,2026-09-24T08:24:58.732460+00:00
2267,0.505,2026-09-24T08:24:58.732872+00:00
2268,0.484,2026-09-24T08:24:58.733236+00:00
2269,0.48899999999999993,2026-09-24T08:24:58.733658+00:00
2270,0.48899999999999993,2026-09-24T08:24:58.734074+00:00
2271,0.49200000000000005,2026-09-24T08:24:58.734464+00:00
2272,0.54,2026-09-24T08:24:58.734874+00:00
2273,0.5109999999999999,2026-09-24T08:24:58.735265+00:00
2274,0.48500000000000004,2026-09-24T08:24:58.735628+00:00
2275,0.47300000000000003,2026-09-24T08:24:58.736026+00:00
2276,0.46299999999999997,2026-09-24T08:24:58.736380+00:00
2277,0.524,2026-09-24T08:24:58.736802+00:00
2278,0.475,2026-09-24T08:24:58.737138+00:00
2279,0.479,2026-09-24T08:24:58.737511+00:00
2280,0.5109999999999999,2026-09-24T08:24:58.737891+00:00
2281,0.488,2026-09-24T08:24:58.738260+00:00
2282,0.47600000000000003,2026-09-24T08:24:58.738623+00:00
2283,0.496,2026-09-24T08:24:58.739042+00:00
2284,0.49299999999999994,2026-09-24T08:24:58.739428+00:00
2285,0.495,2026-09-24T08:24:58.739807+00:00
2286,0.494,2026-09-24T08:24:58.740186+00:00
2287,0.49700000000000005,2026-09-24T08:24:58.740570+00:00
2288,0.46900000000000003,2026-09-24T08:24:58.740932+00:00
2289,0.47600000000000003,2026-09-24T08:24:58.741337+00:00
2290,0.51,2026-09-24T08:24:58.741742+00:00
2291,0.479,2026-09-24T08:24:58.742125+00:00
2292,0.49799999999999994,2026-09-24T08:24:58.742522+00:00
2293,0.53,2026-09-24T08:24:58.742913+00:00
2294,0.45399999999999996,2026-09-24T08:24:58.743240+00:00
2295,0.491,2026-09-24T08:24:58.743670+00:00
2296,0.46900000000000003,2026-09-24T08:24:58.744069+00:00
2297,0.45899999999999996,2026-09-24T08:24:58.744422+00:00
2298,0.517,2026-09-24T08:24:58.744870+00:00
2299,0.496,2026-09-24T08:24:58.745265+00:00
2300,0.513,2026-09-24T08:24:58.745678+00:00
2301,0.48899999999999993,2026-09-24T08:24:58.746066+00:00
2302,0.49799999999999994,2026-09-24T08:24:58.746462+00:00
2303,0.49700000000000005,2026-09-24T08:24:58.746846+00:00
2304,0.482,2026-09-24T08:24:58.747232+00:00
2305,0.479,2026-09-24T08:24:58.747608+00:00
2306,0.48500000000000004,2026-09-24T08:24:58.747995+00:00
2307,0.46299999999999997,2026-09-24T08:24:58.748353+00:00
2308,0.49,2026-09-24T08:24:58.748738+00:00
2309,0.455,2026-09-24T08:24:58.749127+00:00
2310,0.544,2026-09-24T08:24:58.749604+00:00
2311,0.912,2026-09-24T08:24:58.750400+00:00
2312,0.823,2026-09-24T08:24:58.750814+00:00
2313,0.636,2026-09-24T08:24:58.751083+00:00
2314,0.621,2026-09-24T08:24:58.751564+00:00
2315,0.57,2026-09-24T08:24:58.752028+00:00
2316,0.7240000000000001,2026-09-24T08:24:58.752698+00:00
2317,0.648,2026-09-24T08:24:58.753247+00:00
2318,0.5760000000000001,2026-09-24T08:24:58.753751+00:00
2319,0.5559999999999999,2026-09-24T08:24:58.754203+00:00
2320,0.76,2026-09-24T08:24:58.754808+00:00
2321,1.087,2026-09-24T08:24:58.755579+00:00
2322,0.862,2026-09-24T08:24:58.755812+00:00
2323,0.7240000000000001,2026-09-24T08:24:58.756093+00:00
2324,0.555,2026-09-24T08:24:58.756361+00:00
2325,0.5609999999999999,2026-09-24T08:24:58.756763+00:00
2326,1.247,2026-09-24T08:24:58.757896+00:00
2327,1.296,2026-09-24T08:24:58.758362+00:00
2328,0.7010000000000001,2026-09-24T08:24:58.758778+00:00
2329,0.61,2026-09-24T08:24:58.759274+00:00
2330,0.606,2026-09-24T08:24:58.759831+00:00
2331,0.611,2026-09-24T08:24:58.760397+00:00
2332,0.699,2026-09-24T08:24:58.761024+00:00
2333,0.6130000000000001,2026-09-24T08:24:58.761561+00:00
2334,0.6489999999999999,2026-09-24T08:24:58.762165+00:00
2335,0.639,2026-09-24T08:24:58.762733+00:00
2336,0.609,2026-09-24T08:24:58.763233+00:00
2337,0.618,2026-09-24T08:24:58.763805+00:00
2338,0.574,2026-09-24T08:24:58.764309+00:00
2339,0.566,2026-09-24T08:24:58.764856+00:00
2340,0.574,2026-09-24T08:24:58.765363+00:00
2341,0.838,2026-09-24T08:24:58.766182+00:00
2342,0.815,2026-09-24T08:24:58.766666+00:00
2343,0.712,2026-09-24T08:24:58.766968+00:00
2344,0.5,2026-09-24T08:24:58.767215+00:00
2345,0.691,2026-09-24T08:24:58.767788+00:00
2346,1.3370000000000002,2026-09-24T08:24:58.768782+00:00
2347,0.596,2026-09-24T08:24:58.769165+00:00
2348,0.482,2026-09-24T08:24:58.769470+00:00
2349,0.506,2026-09-24T08:24:58.769927+00:00
2350,0.488,2026-09-24T08:24:58.770383+00:00
2351,0.482,2026-09-24T08:24:58.770784+00:00
2352,0.502,2026-09-24T08:24:58.771222+00:00
2353,0.512,2026-09-24T08:24:58.771730+00:00
2354,0.48899999999999993,2026-09-24T08:24:58.772155+00:00
2355,0.526,2026-09-24T08:24:58.772660+00:00
2356,0.48899999999999993,2026-09-24T08:24:58.773088+00:00
2357,0.491,2026-09-24T08:24:58.773565+00:00
2358,0.507,2026-09-24T08:24:58.774050+00:00
2359,0.514,2026-09-24T08:24:58.774507+00:00
2360,0.47600000000000003,2026-09-24T08:24:58.774950+00:00
2361,0.432,2026-09-24T08:24:58.775348+00:00
2362,0.504,2026-09-24T08:24:58.775818+00:00
2363,0.453,2026-09-24T08:24:58.776213+00:00
2364,0.46900000000000003,2026-09-24T08:24:58.776610+00:00
2365,0.46900000000000003,2026-09-24T08:24:58.777012+00:00
2366,0.464,2026-09-24T08:24:58.777446+00:00
2367,0.47300000000000003,2026-09-24T08:24:58.777881+00:00
2368,0.447,2026-09-24T08:24:58.778273+00:00
2369,0.45899999999999996,2026-09-24T08:24:58.778714+00:00
2370,0.45199999999999996,2026-09-24T08:24:58.779143+00:00
2371,0.523,2026-09-24T08:24:58.779602+00:00
2372,0.46599999999999997,2026-09-24T08:24:58.779993+00:00
2373,0.484,2026-09-24T08:24:58.780449+00:00
2374,0.48500000000000004,2026-09-24T08:24:58.780854+00:00
2375,0.453,2026-09-24T08:24:58.781295+00:00
2376,0.486,2026-09-24T08:24:58.781759+00:00
2377,0.447,2026-09-24T08:24:58.782135+00:00
2378,0.456,2026-09-24T08:24:58.782535+00:00
2379,0.457,2026-09-24T08:24:58.782930+00:00
2380,0.46,2026-09-24T08:24:58.783354+00:00
2381,0.457,2026-09-24T08:24:58.783734+00:00
2382,0.449,2026-09-24T08:24:58.784114+00:00
2383,0.44,2026-09-24T08:24:58.784487+00:00
2384,0.451,2026-09-24T08:24:58.784901+00:00
2385,0.434,2026-09-24T08:24:58.785309+00:00
2386,0.46,2026-09-24T08:24:58.785747+00:00
2387,0.455,2026-09-24T08:24:58.786179+00:00
2388,0.486,2026-09-24T08:24:58.786580+00:00
2389,0.443,2026-09-24T08:24:58.786966+00:00
2390,0.45899999999999996,2026-09-24T08:24:58.787404+00:00
2391,0.46900000000000003,2026-09-24T08:24:58.787851+00:00
2392,0.451,2026-09-24T08:24:58.788233+00:00
2393,0.45399999999999996,2026-09-24T08:24:58.788627+00:00
2394,0.439,2026-09-24T08:24:58.789040+00:00
2395,0.46900000000000003,2026-09-24T08:24:58.789456+00:00
2396,0.962,2026-09-24T08:24:58.790398+00:00
2397,0.505,2026-09-24T08:24:58.790821+00:00
2398,0.46299999999999997,2026-09-24T08:24:58.791204+00:00
2399,0.508,2026-09-24T08:24:58.791646+00:00
2400,0.49299999999999994,2026-09-24T08:24:58.792058+00:00
2401,0.45899999999999996,2026-09-24T08:24:58.792437+00:00
2402,0.49299999999999994,2026-09-24T08:24:58.792851+00:00
2403,0.48000000000000004,2026-09-24T08:24:58.793308+00:00
2404,0.484,2026-09-24T08:24:58.793733+00:00
2405,0.46099999999999997,2026-09-24T08:24:58.794167+00:00
2406,0.48700000000000004,2026-09-24T08:24:58.794593+00:00
2407,0.488,2026-09-24T08:24:58.795007+00:00
2408,0.509,2026-09-24T08:24:58.795429+00:00
2409,0.499,2026-09-24T08:24:58.795878+00:00
2410,0.46,2026-09-24T08:24:58.796299+00:00
2411,0.46900000000000003,2026-09-24T08:24:58.796732+00:00
2412,0.49299999999999994,2026-09-24T08:24:58.797145+00:00
2413,0.503,2026-09-24T08:24:58.797580+00:00
2414,0.737,2026-09-24T08:24:58.798359+00:00
2415,0.565,2026-09-24T08:24:58.799088+00:00
2416,0.5569999999999999,2026-09-24T08:24:58.799726+00:00
2417,0.531,2026-09-24T08:24:58.800316+00:00
2418,0.571,2026-09-24T08:24:58.800953+00:00
2419,0.521,2026-09-24T08:24:58.801537+00:00
2420,0.5339999999999999,2026-09-24T08:24:58.802138+00:00
2421,0.571,2026-09-24T08:24:58.802774+00:00
2422,0.537,2026-09-24T08:24:58.803377+00:00
2423,0.54,2026-09-24T08:24:58.804014+00:00
2424,0.541,2026-09-24T08:24:58.804617+00:00
2425,0.526,2026-09-24T08:24:58.805206+00:00
2426,0.46900000000000003,2026-09-24T08:24:58.805667+00:00
2427,0.486,2026-09-24T08:24:58.806096+00:00
2428,0.695,2026-09-24T08:24:58.806740+00:00
2429,0.514,2026-09-24T08:24:58.807105+00:00
2430,0.593,2026-09-24T08:24:58.807640+00:00
2431,0.638,2026-09-24T08:24:58.808201+00:00
2432,0.606,2026-09-24T08:24:58.808743+00:00
2433,0.432,2026-09-24T08:24:58.809115+00:00
2434,0.41,2026-09-24T08:24:58.809509+00:00
2435,0.42000000000000004,2026-09-24T08:24:58.809882+00:00
2436,0.395,2026-09-24T08:24:58.810262+00:00
2437,0.432,2026-09-24T08:24:58.810644+00:00
2438,0.404,2026-09-24T08:24:58.810985+00:00
2439,0.388,2026-09-24T08:24:58.811366+00:00
2440,0.435,2026-09-24T08:24:58.811760+00:00
2441,0.404,2026-09-24T08:24:58.812122+00:00
2442,0.39399999999999996,2026-09-24T08:24:58.812506+00:00
2443,0.406,2026-09-24T08:24:58.812878+00:00
2444,0.397,2026-09-24T08:24:58.813256+00:00
2445,0.421,2026-09-24T08:24:58.813657+00:00
2446,0.393,2026-09-24T08:24:58.814041+00:00
2447,0.398,2026-09-24T08:24:58.814397+00:00
2448,0.47,2026-09-24T08:24:58.814862+00:00
2449,0.467,2026-09-24T08:24:58.815273+00:00
2450,0.48000000000000004,2026-09-24T08:24:58.815737+00:00
2451,0.46,2026-09-24T08:24:58.816139+00:00
2452,0.479,2026-09-24T08:24:58.816589+00:00
2453,0.45199999999999996,2026-09-24T08:24:58.816972+00:00
2454,0.447,2026-09-24T08:24:58.817396+00:00
2455,0.457,2026-09-24T08:24:58.817795+00:00
2456,0.472,2026-09-24T08:24:58.818245+00:00
2457,0.474,2026-09-24T08:24:58.818637+00:00
2458,0.458,2026-09-24T08:24:58.819027+00:00
2459,0.47100000000000003,2026-09-24T08:24:58.819464+00:00
2460,0.486,2026-09-24T08:24:58.819892+00:00
2461,0.444,2026-09-24T08:24:58.820296+00:00
2462,0.47100000000000003,2026-09-24T08:24:58.820727+00:00
2463,0.431,2026-09-24T08:24:58.821133+00:00
2464,0.8400000000000001,2026-09-24T08:24:58.822236+00:00
2465,0.592,2026-09-24T08:24:58.822920+00:00
2466,0.5109999999999999,2026-09-24T08:24:58.823441+00:00
2467,0.537,2026-09-24T08:24:58.824031+00:00
2468,0.5,2026-09-24T08:24:58.824520+00:00
2469,0.474,2026-09-24T08:24:58.824980+00:00
2470,0.48700000000000004,2026-09-24T08:24:58.825428+00:00
2471,0.491,2026-09-24T08:24:58.825872+00:00
2472,0.457,2026-09-24T08:24:58.826291+00:00
2473,0.46099999999999997,2026-09-24T08:24:58.826734+00:00
2474,0.477,2026-09-24T08:24:58.827182+00:00
2475,0.486,2026-09-24T08:24:58.827638+00:00
2476,0.47,2026-09-24T08:24:58.828074+00:00
2477,0.467,2026-09-24T08:24:58.828513+00:00
2478,0.475,2026-09-24T08:24:58.828955+00:00
2479,0.45899999999999996,2026-09-24T08:24:58.829374+00:00
2480,0.465,2026-09-24T08:24:58.829810+00:00
2481,0.462,2026-09-24T08:24:58.830257+00:00
2482,0.513,2026-09-24T08:24:58.830723+00:00
2483,0.47,2026-09-24T08:24:58.831194+00:00
2484,0.477,2026-09-24T08:24:58.831638+00:00
2485,0.455,2026-09-24T08:24:58.832057+00:00
2486,0.477,2026-09-24T08:24:58.832505+00:00
2487,0.467,2026-09-24T08:24:58.832941+00:00
2488,0.494,2026-09-24T08:24:58.833392+00:00
2489,0.48700000000000004,2026-09-24T08:24:58.833893+00:00
2490,0.45899999999999996,2026-09-24T08:24:58.834316+00:00
2491,0.6040000000000001,2026-09-24T08:24:58.834897+00:00
2492,0.612,2026-09-24T08:24:58.835626+00:00
2493,0.541,2026-09-24T08:24:58.836214+00:00
2494,0.5770000000000001,2026-09-24T08:24:58.836881+00:00
2495,0.5339999999999999,2026-09-24T08:24:58.837495+00:00
2496,0.539,2026-09-24T08:24:58.838123+00:00
2497,0.549,2026-09-24T08:24:58.838761+00:00
2498,0.521,2026-09-24T08:24:58.839370+00:00
2499,0.5609999999999999,2026-09-24T08:24:58.840037+00:00
2500,0.5509999999999999,2026-09-24T08:24:58.840671+00:00
2501,0.521,2026-09-24T08:24:58.841260+00:00
2502,0.545,2026-09-24T08:24:58.841881+00:00
2503,0.475,2026-09-24T08:24:58.842304+00:00
2504,0.46,2026-09-24T08:24:58.842699+00:00
2505,0.45399999999999996,2026-09-24T08:24:58.843117+00:00
2506,0.45199999999999996,2026-09-24T08:24:58.843531+00:00
2507,0.44499999999999995,2026-09-24T08:24:58.843932+00:00
2508,0.458,2026-09-24T08:24:58.844352+00:00
2509,0.441,2026-09-24T08:24:58.844704+00:00
2510,0.417,2026-09-24T08:24:58.845043+00:00
2511,0.444,2026-09-24T08:24:58.845438+00:00
2512,0.537,2026-09-24T08:24:58.845942+00:00
2513,0.495,2026-09-24T08:24:58.846418+00:00
2514,0.51,2026-09-24T08:24:58.846869+00:00
2515,0.515,2026-09-24T08:24:58.847368+00:00
2516,0.5339999999999999,2026-09-24T08:24:58.847873+00:00
2517,0.51,2026-09-24T08:24:58.848321+00:00
2518,0.504,2026-09-24T08:24:58.848799+00:00
2519,0.486,2026-09-24T08:24:58.849222+00:00
2520,0.518,2026-09-24T08:24:58.849713+00:00
2521,0.51,2026-09-24T08:24:58.850160+00:00
2522,0.578,2026-09-24T08:24:58.850705+00:00
2523,1.039,2026-09-24T08:24:58.852043+00:00
2524,0.739,2026-09-24T08:24:58.852929+00:00
2525,0.578,2026-09-24T08:24:58.853520+00:00
2526,0.856,2026-09-24T08:24:58.854235+00:00
2527,0.5680000000000001,2026-09-24T08:24:58.854560+00:00
2528,0.512,2026-09-24T08:24:58.854913+00:00
2529,0.438,2026-09-24T08:24:58.855206+00:00
2530,0.462,2026-09-24T08:24:58.855588+00:00
2531,0.44,2026-09-24T08:24:58.855928+00:00
2532,0.441,2026-09-24T08:24:58.856299+00:00
2533,0.444,2026-09-24T08:24:58.856674+00:00
2534,0.45199999999999996,2026-09-24T08:24:58.857094+00:00
2535,0.46,2026-09-24T08:24:58.857501+00:00
2536,0.467,2026-09-24T08:24:58.857928+00:00
2537,0.443,2026-09-24T08:24:58.858342+00:00
2538,0.909,2026-09-24T08:24:58.859197+00:00
2539,0.764,2026-09-24T08:24:58.859600+00:00
2540,0.594,2026-09-24T08:24:58.859863+00:00
2541,0.46,2026-09-24T08:24:58.860194+00:00
2542,0.491,2026-09-24T08:24:58.860611+00:00
2543,0.462,2026-09-24T08:24:58.860983+00:00
2544,0.528,2026-09-24T08:24:58.861441+00:00
2545,0.502,2026-09-24T08:24:58.861888+00:00
2546,0.486,2026-09-24T08:24:58.862329+00:00
2547,0.483,2026-09-24T08:24:58.862779+00:00
2548,0.47,2026-09-24T08:24:58.863207+00:00
2549,0.453,2026-09-24T08:24:58.863621+00:00
2550,0.47300000000000003,2026-09-24T08:24:58.864071+00:00
2551,0.47800000000000004,2026-09-24T08:24:58.864520+00:00
2552,0.474,2026-09-24T08:24:58.864964+00:00
2553,0.477,2026-09-24T08:24:58.865378+00:00
2554,0.8009999999999999,2026-09-24T08:24:58.866111+00:00
2555,0.502,2026-09-24T08:24:58.866528+00:00
2556,0.48700000000000004,2026-09-24T08:24:58.866995+00:00
2557,0.458,2026-09-24T08:24:58.867426+00:00
2558,0.475,2026-09-24T08:24:58.867821+00:00
2559,0.422,2026-09-24T08:24:58.868184+00:00
2560,0.47100000000000003,2026-09-24T08:24:58.868632+00:00
2561,0.46099999999999997,2026-09-24T08:24:58.868997+00:00
2562,0.42000000000000004,2026-09-24T08:24:58.869360+00:00
2563,0.45399999999999996,2026-09-24T08:24:58.869791+00:00
2564,0.446,2026-09-24T08:24:58.870209+00:00
2565,0.425,2026-09-24T08:24:58.870583+00:00
2566,0.416,2026-09-24T08:24:58.870979+00:00
2567,0.39599999999999996,2026-09-24T08:24:58.871358+00:00
2568,0.486,2026-09-24T08:24:58.871815+00:00
2569,0.419,2026-09-24T08:24:58.872226+00:00
2570,0.43600000000000005,2026-09-24T08:24:58.872592+00:00
2571,0.43,2026-09-24T08:24:58.873005+00:00
2572,0.412,2026-09-24T08:24:58.873394+00:00
2573,0.45899999999999996,2026-09-24T08:24:58.873825+00:00
2574,0.435,2026-09-24T08:24:58.874208+00:00
2575,0.446,2026-09-24T08:24:58.874624+00:00
2576,0.438,2026-09-24T08:24:58.875040+00:00
2577,0.419,2026-09-24T08:24:58.875406+00:00
2578,0.47600000000000003,2026-09-24T08:24:58.875860+00:00
2579,0.40900000000000003,2026-09-24T08:24:58.876250+00:00
2580,0.439,2026-09-24T08:24:58.876659+00:00
2581,0.522,2026-09-24T08:24:58.877124+00:00
2582,0.846,2026-09-24T08:24:58.878072+00:00
2583,0.592,2026-09-24T08:24:58.878623+00:00
2584,0.54,2026-09-24T08:24:58.879089+00:00
2585,0.533,2026-09-24T08:24:58.879606+00:00
2586,0.486,2026-09-24T08:24:58.880038+00:00
2587,0.48500000000000004,2026-09-24T08:24:58.880504+00:00
2588,0.508,2026-09-24T08:24:58.880991+00:00
2589,0.484,2026-09-24T08:24:58.881456+00:00
2590,0.5199999999999999,2026-09-24T08:24:58.881958+00:00
2591,0.467,2026-09-24T08:24:58.882358+00:00
2592,0.528,2026-09-24T08:24:58.882867+00:00
2593,0.47300000000000003,2026-09-24T08:24:58.883327+00:00
2594,0.49799999999999994,2026-09-24T08:24:58.883780+00:00
2595,0.462,2026-09-24T08:24:58.884229+00:00
2596,0.48500000000000004,2026-09-24T08:24:58.884664+00:00
2597,0.69,2026-09-24T08:24:58.885345+00:00
2598,0.606,2026-09-24T08:24:58.885669+00:00
2599,0.51,2026-09-24T08:24:58.885946+00:00
2600,0.49299999999999994,2026-09-24T08:24:58.886311+00:00
2601,0.464,2026-09-24T08:24:58.886696+00:00
2602,0.495,2026-09-24T08:24:58.887160+00:00
2603,0.494,2026-09-24T08:24:58.887625+00:00
2604,0.472,2026-09-24T08:24:58.888055+00:00
2605,0.444,2026-09-24T08:24:58.888465+00:00
2606,0.482,2026-09-24T08:24:58.888917+00:00
2607,0.46299999999999997,2026-09-24T08:24:58.889322+00:00
2608,0.47,2026-09-24T08:24:58.889764+00:00
2609,0.439,2026-09-24T08:24:58.890150+00:00
2610,0.477,2026-09-24T08:24:58.890610+00:00
2611,0.447,2026-09-24T08:24:58.891016+00:00
2612,0.43,2026-09-24T08:24:58.891408+00:00
2613,0.47800000000000004,2026-09-24T08:24:58.891850+00:00
2614,0.46299999999999997,2026-09-24T08:24:58.892315+00:00
2615,0.46599999999999997,2026-09-24T08:24:58.892745+00:00
2616,0.447,2026-09-24T08:24:58.893172+00:00
2617,0.443,2026-09-24T08:24:58.893592+00:00
2618,0.44499999999999995,2026-09-24T08:24:58.894023+00:00
2619,0.44499999999999995,2026-09-24T08:24:58.894391+00:00
2620,0.47100000000000003,2026-09-24T08:24:58.894829+00:00
2621,0.437,2026-09-24T08:24:58.895233+00:00
2622,0.46299999999999997,2026-09-24T08:24:58.895686+00:00
2623,0.462,2026-09-24T08:24:58.896116+00:00
2624,0.446,2026-09-24T08:24:58.896543+00:00
2625,0.443,2026-09-24T08:24:58.896963+00:00
2626,0.406,2026-09-24T08:24:58.897358+00:00
2627,0.451,2026-09-24T08:24:58.897766+00:00
2628,0.428,2026-09-24T08:24:58.898183+00:00
2629,0.428,2026-09-24T08:24:58.898560+00:00
2630,0.479,2026-09-24T08:24:58.899005+00:00
2631,0.419,2026-09-24T08:24:58.899351+00:00
2632,0.45399999999999996,2026-09-24T08:24:58.899784+00:00
2633,0.441,2026-09-24T08:24:58.900206+00:00
2634,0.447,2026-09-24T08:24:58.900632+00:00
2635,0.429,2026-09-24T08:24:58.901043+00:00
2636,0.424,2026-09-24T08:24:58.901443+00:00
2637,0.42000000000000004,2026-09-24T08:24:58.901842+00:00
2638,0.41,2026-09-24T08:24:58.902231+00:00
2639,0.449,2026-09-24T08:24:58.902657+00:00
2640,0.429,2026-09-24T08:24:58.903029+00:00
2641,0.43600000000000005,2026-09-24T08:24:58.903439+00:00
2642,0.48899999999999993,2026-09-24T08:24:58.903896+00:00
2643,0.456,2026-09-24T08:24:58.904295+00:00
2644,0.852,2026-09-24T08:24:58.905119+00:00
2645,0.6980000000000001,2026-09-24T08:24:58.905531+00:00
2646,0.603,2026-09-24T08:24:58.905845+00:00
2647,0.45899999999999996,2026-09-24T08:24:58.906175+00:00
2648,0.488,2026-09-24T08:24:58.906585+00:00
2649,0.45,2026-09-24T08:24:58.906956+00:00
2650,0.47,2026-09-24T08:24:58.907402+00:00
2651,0.49700000000000005,2026-09-24T08:24:58.907834+00:00
2652,0.46099999999999997,2026-09-24T08:24:58.908262+00:00
2653,0.47,2026-09-24T08:24:58.908696+00:00
2654,0.465,2026-09-24T08:24:58.909136+00:00
2655,0.522,2026-09-24T08:24:58.909620+00:00
2656,0.46299999999999997,2026-09-24T08:24:58.910029+00:00
2657,0.516,2026-09-24T08:24:58.910523+00:00
2658,0.45899999999999996,2026-09-24T08:24:58.910928+00:00
2659,0.429,2026-09-24T08:24:58.911332+00:00
2660,0.447,2026-09-24T08:24:58.911723+00:00
2661,0.415,2026-09-24T08:24:58.912120+00:00
2662,0.419,2026-09-24T08:24:58.912527+00:00
2663,0.474,2026-09-24T08:24:58.912949+00:00
2664,0.435,2026-09-24T08:24:58.913344+00:00
2665,0.47,2026-09-24T08:24:58.913806+00:00
2666,0.442,2026-09-24T08:24:58.914179+00:00
2667,0.465,2026-09-24T08:24:58.914635+00:00
2668,0.47600000000000003,2026-09-24T08:24:58.915066+00:00
2669,0.43,2026-09-24T08:24:58.915437+00:00
2670,0.438,2026-09-24T08:24:58.915857+00:00
2671,0.404,2026-09-24T08:24:58.916264+00:00
2672,0.479,2026-09-24T08:24:58.916690+00:00
2673,0.451,2026-09-24T08:24:58.917072+00:00
2674,0.46299999999999997,2026-09-24T08:24:58.917521+00:00
2675,0.448,2026-09-24T08:24:58.917957+00:00
2676,0.435,2026-09-24T08:24:58.918383+00:00
2677,0.472,2026-09-24T08:24:58.918795+00:00
2678,0.458,2026-09-24T08:24:58.919230+00:00
2679,0.45,2026-09-24T08:24:58.919652+00:00
2680,0.46799999999999997,2026-09-24T08:24:58.920056+00:00
2681,0.46799999999999997,2026-09-24T08:24:58.920462+00:00
2682,0.47,2026-09-24T08:24:58.920906+00:00
2683,0.46299999999999997,2026-09-24T08:24:58.921305+00:00
2684,0.503,2026-09-24T08:24:58.921776+00:00
2685,0.44,2026-09-24T08:24:58.922163+00:00
2686,0.453,2026-09-24T08:24:58.922609+00:00
2687,0.512,2026-09-24T08:24:58.923087+00:00
2688,0.47,2026-09-24T08:24:58.923434+00:00
2689,0.5339999999999999,2026-09-24T08:24:58.923883+00:00
2690,0.443,2026-09-24T08:24:58.924280+00:00
2691,0.455,2026-09-24T08:24:58.924729+00:00
2692,0.477,2026-09-24T08:24:58.925139+00:00
2693,0.456,2026-09-24T08:24:58.925531+00:00
2694,0.451,2026-09-24T08:24:58.925958+00:00
2695,0.449,2026-09-24T08:24:58.926382+00:00
2696,0.494,2026-09-24T08:24:58.926814+00:00
2697,0.535,2026-09-24T08:24:58.927257+00:00
2698,0.472,2026-09-24T08:24:58.927613+00:00
2699,0.45,2026-09-24T08:24:58.927979+00:00
2700,0.45399999999999996,2026-09-24T08:24:58.928381+00:00
2701,0.48899999999999993,2026-09-24T08:24:58.928819+00:00
2702,0.455,2026-09-24T08:24:58.929254+00:00
2703,0.47300000000000003,2026-09-24T08:24:58.929711+00:00
2704,0.47600000000000003,2026-09-24T08:24:58.930137+00:00
2705,0.446,2026-09-24T08:24:58.930521+00:00
2706,0.45399999999999996,2026-09-24T08:24:58.930963+00:00
2707,0.435,2026-09-24T08:24:58.931398+00:00
2708,0.483,2026-09-24T08:24:58.931827+00:00
2709,0.456,2026-09-24T08:24:58.932231+00:00
2710,0.47600000000000003,2026-09-24T08:24:58.932690+00:00
2711,0.449,2026-09-24T08:24:58.933087+00:00
2712,0.47800000000000004,2026-09-24T08:24:58.933546+00:00
2713,0.446,2026-09-24T08:24:58.933926+00:00
2714,0.453,2026-09-24T08:24:58.934350+00:00
2715,0.482,2026-09-24T08:24:58.934763+00:00
2716,0.417,2026-09-24T08:24:58.935167+00:00
2717,0.48500000000000004,2026-09-24T08:24:58.935602+00:00
2718,0.447,2026-09-24T08:24:58.936030+00:00
2719,0.42700000000000005,2026-09-24T08:24:58.936447+00:00
2720,0.49,2026-09-24T08:24:58.936878+00:00
2721,0.435,2026-09-24T08:24:58.937251+00:00
2722,0.45399999999999996,2026-09-24T08:24:58.937695+00:00
2723,0.453,2026-09-24T08:24:58.938075+00:00
2724,0.477,2026-09-24T08:24:58.938481+00:00
2725,0.46299999999999997,2026-09-24T08:24:58.938861+00:00
2726,0.456,2026-09-24T08:24:58.939301+00:00
2727,0.48000000000000004,2026-09-24T08:24:58.939767+00:00
2728,0.47100000000000003,2026-09-24T08:24:58.940182+00:00
2729,0.501,2026-09-24T08:24:58.940636+00:00
2730,0.481,2026-09-24T08:24:58.941102+00:00
2731,0.455,2026-09-24T08:24:58.941535+00:00
2732,0.48000000000000004,2026-09-24T08:24:58.941954+00:00
2733,0.444,2026-09-24T08:24:58.942325+00:00
2734,0.486,2026-09-24T08:24:58.942780+00:00
2735,0.442,2026-09-24T08:24:58.943158+00:00
2736,0.45399999999999996,2026-09-24T08:24:58.943594+00:00
2737,0.438,2026-09-24T08:24:58.944012+00:00
2738,0.474,2026-09-24T08:24:58.944478+00:00
2739,0.486,2026-09-24T08:24:58.944857+00:00
2740,0.46799999999999997,2026-09-24T08:24:58.945258+00:00
2741,0.442,2026-09-24T08:24:58.945622+00:00
2742,0.423,2026-09-24T08:24:58.945979+00:00
2743,0.432,2026-09-24T08:24:58.946403+00:00
2744,0.49799999999999994,2026-09-24T08:24:58.946840+00:00
2745,0.447,2026-09-24T08:24:58.947233+00:00
2746,0.464,2026-09-24T08:24:58.947719+00:00
2747,0.479,2026-09-24T08:24:58.948158+00:00
2748,0.438,2026-09-24T08:24:58.948583+00:00
2749,0.46099999999999997,2026-09-24T08:24:58.948973+00:00
2750,0.424,2026-09-24T08:24:58.949285+00:00
2751,0.467,2026-09-24T08:24:58.949681+00:00
2752,0.428,2026-09-24T08:24:58.950100+00:00
2753,0.464,2026-09-24T08:24:58.950512+00:00
2754,0.47800000000000004,2026-09-24T08:24:58.950952+00:00
2755,0.41,2026-09-24T08:24:58.951360+00:00
2756,0.48700000000000004,2026-09-24T08:24:58.951799+00:00
2757,0.428,2026-09-24T08:24:58.952176+00:00
2758,0.423,2026-09-24T08:24:58.952593+00:00
2759,0.41800000000000004,2026-09-24T08:24:58.952961+00:00
2760,0.439,2026-09-24T08:24:58.953382+00:00
2761,0.441,2026-09-24T08:24:58.953771+00:00
2762,0.495,2026-09-24T08:24:58.954260+00:00
2763,0.43,2026-09-24T08:24:58.954609+00:00
2764,0.44499999999999995,2026-09-24T08:24:58.955002+00:00
2765,0.414,2026-09-24T08:24:58.955365+00:00
2766,0.46799999999999997,2026-09-24T08:24:58.955825+00:00
2767,0.446,2026-09-24T08:24:58.956218+00:00
2768,0.432,2026-09-24T08:24:58.956664+00:00
2769,0.431,2026-09-24T08:24:58.957045+00:00
2770,0.451,2026-09-24T08:24:58.957489+00:00
2771,0.455,2026-09-24T08:24:58.957860+00:00
2772,0.433,2026-09-24T08:24:58.958224+00:00
2773,0.437,2026-09-24T08:24:58.958601+00:00
2774,0.458,2026-09-24T08:24:58.959046+00:00
2775,0.448,2026-09-24T08:24:58.959478+00:00
2776,0.514,2026-09-24T08:24:58.959975+00:00
2777,0.43,2026-09-24T08:24:58.960347+00:00
2778,0.431,2026-09-24T08:24:58.960761+00:00
2779,0.46799999999999997,2026-09-24T08:24:58.961215+00:00
2780,0.541,2026-09-24T08:24:58.961689+00:00
2781,0.486,2026-09-24T08:24:58.962130+00:00
2782,0.515,2026-09-24T08:24:58.962611+00:00
2783,0.43600000000000005,2026-09-24T08:24:58.962988+00:00
2784,0.522,2026-09-24T08:24:58.963493+00:00
2785,0.47100000000000003,2026-09-24T08:24:58.963893+00:00
2786,0.45899999999999996,2026-09-24T08:24:58.964339+00:00
2787,0.447,2026-09-24T08:24:58.964736+00:00
2788,0.45199999999999996,2026-09-24T08:24:58.965164+00:00
2789,0.46299999999999997,2026-09-24T08:24:58.965568+00:00
2790,0.446,2026-09-24T08:24:58.965976+00:00
2791,0.451,2026-09-24T08:24:58.966402+00:00
2792,0.491,2026-09-24T08:24:58.966842+00:00
2793,0.429,2026-09-24T08:24:58.967217+00:00
2794,0.472,2026-09-24T08:24:58.967672+00:00
2795,0.431,2026-09-24T08:24:58.968040+00:00
2796,0.421,2026-09-24T08:24:58.968454+00:00
2797,0.46299999999999997,2026-09-24T08:24:58.968859+00:00
2798,0.419,2026-09-24T08:24:58.969270+00:00
2799,0.42000000000000004,2026-09-24T08:24:58.969639+00:00
2800,0.42700000000000005,2026-09-24T08:24:58.970060+00:00
2801,0.432,2026-09-24T08:24:58.970446+00:00
2802,0.457,2026-09-24T08:24:58.970885+00:00
2803,0.441,2026-09-24T08:24:58.971308+00:00
2804,0.558,2026-09-24T08:24:58.971851+00:00
2805,0.467,2026-09-24T08:24:58.972254+00:00
2806,0.517,2026-09-24T08:24:58.972704+00:00
2807,0.442,2026-09-24T08:24:58.973085+00:00
2808,0.48500000000000004,2026-09-24T08:24:58.973556+00:00
2809,0.442,2026-09-24T08:24:58.973920+00:00
2810,0.45199999999999996,2026-09-24T08:24:58.974354+00:00
2811,0.46599999999999997,2026-09-24T08:24:58.974805+00:00
2812,0.46299999999999997,2026-09-24T08:24:58.975250+00:00
2813,0.465,2026-09-24T08:24:58.975653+00:00
2814,0.47,2026-09-24T08:24:58.976095+00:00
2815,0.448,2026-09-24T08:24:58.976473+00:00
2816,0.508,2026-09-24T08:24:58.976962+00:00
2817,0.449,2026-09-24T08:24:58.977346+00:00
2818,0.47300000000000003,2026-09-24T08:24:58.977800+00:00
2819,0.488,2026-09-24T08:24:58.978274+00:00
2820,0.477,2026-09-24T08:24:58.978690+00:00
2821,0.451,2026-09-24T08:24:58.979071+00:00
2822,0.462,2026-09-24T08:24:58.979507+00:00
2823,0.446,2026-09-24T08:24:58.979888+00:00
2824,0.48500000000000004,2026-09-24T08:24:58.980355+00:00
2825,0.46,2026-09-24T08:24:58.980752+00:00
2826,0.433,2026-09-24T08:24:58.981179+00:00
2827,0.46,2026-09-24T08:24:58.981578+00:00
2828,0.488,2026-09-24T08:24:58.982052+00:00
2829,0.448,2026-09-24T08:24:58.982431+00:00
2830,0.47,2026-09-24T08:24:58.982873+00:00
2831,0.432,2026-09-24T08:24:58.983283+00:00
2832,0.47600000000000003,2026-09-24T08:24:58.983692+00:00
2833,0.434,2026-09-24T08:24:58.984066+00:00
2834,0.475,2026-09-24T08:24:58.984523+00:00
2835,0.453,2026-09-24T08:24:58.984965+00:00
2836,0.451,2026-09-24T08:24:58.985367+00:00
2837,0.45899999999999996,2026-09-24T08:24:58.985778+00:00
2838,0.44,2026-09-24T08:24:58.986213+00:00
2839,0.45899999999999996,2026-09-24T08:24:58.986604+00:00
2840,0.47100000000000003,2026-09-24T08:24:58.987058+00:00
2841,0.428,2026-09-24T08:24:58.987423+00:00
2842,0.48000000000000004,2026-09-24T08:24:58.987875+00:00
2843,0.437,2026-09-24T08:24:58.988250+00:00
2844,0.5910000000000001,2026-09-24T08:24:58.988827+00:00
2845,0.48899999999999993,2026-09-24T08:24:58.989148+00:00
2846,0.47600000000000003,2026-09-24T08:24:58.989564+00:00
2847,0.45899999999999996,2026-09-24T08:24:58.989965+00:00
2848,0.45199999999999996,2026-09-24T08:24:58.990383+00:00
2849,0.482,2026-09-24T08:24:58.990810+00:00
2850,0.477,2026-09-24T08:24:58.991246+00:00
2851,0.5,2026-09-24T08:24:58.991680+00:00
2852,0.474,2026-09-24T08:24:58.992099+00:00
2853,0.45399999999999996,2026-09-24T08:24:58.992493+00:00
2854,0.477,2026-09-24T08:24:58.992946+00:00
2855,0.447,2026-09-24T08:24:58.993321+00:00
2856,0.47800000000000004,2026-09-24T08:24:58.993735+00:00
2857,0.45199999999999996,2026-09-24T08:24:58.994125+00:00
2858,0.458,2026-09-24T08:24:58.994559+00:00
2859,0.46,2026-09-24T08:24:58.994961+00:00
2860,0.458,2026-09-24T08:24:58.995389+00:00
2861,0.44499999999999995,2026-09-24T08:24:58.995769+00:00
2862,0.449,2026-09-24T08:24:58.996191+00:00
2863,0.458,2026-09-24T08:24:58.996583+00:00
2864,0.443,2026-09-24T08:24:58.996959+00:00
2865,0.447,2026-09-24T08:24:58.997335+00:00
2866,0.455,2026-09-24T08:24:58.997732+00:00
2867,0.446,2026-09-24T08:24:58.998152+00:00
2868,0.504,2026-09-24T08:24:58.998596+00:00
2869,0.49299999999999994,2026-09-24T08:24:58.999027+00:00
2870,0.432,2026-09-24T08:24:58.999404+00:00
2871,0.46900000000000003,2026-09-24T08:24:58.999852+00:00
2872,0.462,2026-09-24T08:24:59.000286+00:00
2873,0.482,2026-09-24T08:24:59.000706+00:00
2874,0.44,2026-09-24T08:24:59.001091+00:00
2875,0.44499999999999995,2026-09-24T08:24:59.001510+00:00
2876,0.444,2026-09-24T08:24:59.001899+00:00
2877,0.457,2026-09-24T08:24:59.002296+00:00
2878,0.748,2026-09-24T08:24:59.002992+00:00
2879,0.7290000000000001,2026-09-24T08:24:59.003442+00:00
2880,0.746,2026-09-24T08:24:59.003986+00:00
2881,0.752,2026-09-24T08:24:59.004855+00:00
2882,1.018,2026-09-24T08:24:59.005876+00:00
2883,0.709,2026-09-24T08:24:59.006536+00:00
2884,0.587,2026-09-24T08:24:59.007131+00:00
2885,0.549,2026-09-24T08:24:59.007722+00:00
2886,0.532,2026-09-24T08:24:59.008309+00:00
2887,0.5640000000000001,2026-09-24T08:24:59.008938+00:00
2888,0.527,2026-09-24T08:24:59.009524+00:00
2889,0.532,2026-09-24T08:24:59.010119+00:00
2890,0.524,2026-09-24T08:24:59.010724+00:00
2891,0.47800000000000004,2026-09-24T08:24:59.011152+00:00
2892,0.44,2026-09-24T08:24:59.011521+00:00
2893,0.48500000000000004,2026-09-24T08:24:59.011980+00:00
2894,0.433,2026-09-24T08:24:59.012341+00:00
2895,0.474,2026-09-24T08:24:59.012789+00:00
2896,0.446,2026-09-24T08:24:59.013163+00:00
2897,0.6859999999999999,2026-09-24T08:24:59.013775+00:00
2898,0.805,2026-09-24T08:24:59.014523+00:00
2899,0.6980000000000001,2026-09-24T08:24:59.015173+00:00
2900,0.635,2026-09-24T08:24:59.015726+00:00
2901,0.6,2026-09-24T08:24:59.016247+00:00
2902,0.587,2026-09-24T08:24:59.016811+00:00
2903,0.598,2026-09-24T08:24:59.017304+00:00
2904,0.589,2026-09-24T08:24:59.017803+00:00
2905,0.612,2026-09-24T08:24:59.018336+00:00
2906,0.606,2026-09-24T08:24:59.018866+00:00
2907,0.5770000000000001,2026-09-24T08:24:59.019367+00:00
2908,0.7240000000000001,2026-09-24T08:24:59.020064+00:00
2909,0.6970000000000001,2026-09-24T08:24:59.020834+00:00
2910,0.619,2026-09-24T08:24:59.021602+00:00
2911,0.675,2026-09-24T08:24:59.022435+00:00
2912,0.646,2026-09-24T08:24:59.023248+00:00
2913,0.644,2026-09-24T08:24:59.024072+00:00
2914,0.651,2026-09-24T08:24:59.024886+00:00
2915,0.622,2026-09-24T08:24:59.025683+00:00
2916,0.625,2026-09-24T08:24:59.026467+00:00
2917,0.675,2026-09-24T08:24:59.027305+00:00
2918,0.627,2026-09-24T08:24:59.028081+00:00
2919,0.665,2026-09-24T08:24:59.028904+00:00
2920,0.504,2026-09-24T08:24:59.029406+00:00
2921,0.504,2026-09-24T08:24:59.029874+00:00
2922,0.47,2026-09-24T08:24:59.030307+00:00
2923,0.482,2026-09-24T08:24:59.030754+00:00
2924,0.46099999999999997,2026-09-24T08:24:59.031180+00:00
2925,0.5670000000000001,2026-09-24T08:24:59.031708+00:00
2926,0.432,2026-09-24T08:24:59.032131+00:00
2927,0.467,2026-09-24T08:24:59.032566+00:00
2928,0.465,2026-09-24T08:24:59.033002+00:00
2929,0.47100000000000003,2026-09-24T08:24:59.033445+00:00
2930,0.46900000000000003,2026-09-24T08:24:59.033891+00:00
2931,0.475,2026-09-24T08:24:59.034340+00:00
2932,0.46900000000000003,2026-09-24T08:24:59.034783+00:00
2933,0.474,2026-09-24T08:24:59.035231+00:00
2934,0.46099999999999997,2026-09-24T08:24:59.035656+00:00
2935,0.464,2026-09-24T08:24:59.036107+00:00
2936,0.441,2026-09-24T08:24:59.036520+00:00
2937,0.467,2026-09-24T08:24:59.036964+00:00
2938,0.431,2026-09-24T08:24:59.037354+00:00
2939,0.47100000000000003,2026-09-24T08:24:59.037788+00:00
2940,0.437,2026-09-24T08:24:59.038188+00:00
2941,0.465,2026-09-24T08:24:59.038620+00:00
2942,0.438,2026-09-24T08:24:59.039023+00:00
2943,0.45,2026-09-24T08:24:59.039447+00:00
2944,0.637,2026-09-24T08:24:59.040038+00:00
2945,0.558,2026-09-24T08:24:59.040699+00:00
2946,0.531,2026-09-24T08:24:59.041304+00:00
2947,0.553,2026-09-24T08:24:59.041932+00:00
2948,0.523,2026-09-24T08:24:59.042527+00:00
2949,0.5339999999999999,2026-09-24T08:24:59.043142+00:00
2950,0.5509999999999999,2026-09-24T08:24:59.043767+00:00
2951,0.526,2026-09-24T08:24:59.044365+00:00
2952,0.536,2026-09-24T08:24:59.044992+00:00
2953,0.5379999999999999,2026-09-24T08:24:59.045633+00:00
2954,0.535,2026-09-24T08:24:59.046243+00:00
2955,0.5670000000000001,2026-09-24T08:24:59.046885+00:00
2956,0.532,2026-09-24T08:24:59.047493+00:00
2957,0.5199999999999999,2026-09-24T08:24:59.048100+00:00
2958,0.441,2026-09-24T08:24:59.048523+00:00
2959,0.49200000000000005,2026-09-24T08:24:59.048982+00:00
2960,0.424,2026-09-24T08:24:59.049316+00:00
2961,0.456,2026-09-24T08:24:59.049722+00:00
2962,0.453,2026-09-24T08:24:59.050132+00:00
2963,0.444,2026-09-24T08:24:59.050563+00:00
2964,0.439,2026-09-24T08:24:59.050952+00:00
2965,0.40900000000000003,2026-09-24T08:24:59.051353+00:00
2966,0.5289999999999999,2026-09-24T08:24:59.051827+00:00
2967,0.993,2026-09-24T08:24:59.053158+00:00
2968,0.641,2026-09-24T08:24:59.053976+00:00
2969,0.633,2026-09-24T08:24:59.054766+00:00
2970,0.7649999999999999,2026-09-24T08:24:59.055788+00:00
2971,0.6,2026-09-24T08:24:59.056564+00:00
2972,0.49,2026-09-24T08:24:59.057092+00:00
2973,0.683,2026-09-24T08:24:59.057943+00:00
2974,0.502,2026-09-24T08:24:59.058475+00:00
2975,0.462,2026-09-24T08:24:59.058930+00:00
2976,0.443,2026-09-24T08:24:59.059354+00:00
2977,0.46,2026-09-24T08:24:59.059785+00:00
2978,0.421,2026-09-24T08:24:59.060175+00:00
2979,0.447,2026-09-24T08:24:59.060594+00:00
2980,0.45899999999999996,2026-09-24T08:24:59.061023+00:00
2981,0.441,2026-09-24T08:24:59.061388+00:00
2982,0.502,2026-09-24T08:24:59.061898+00:00
2983,0.453,2026-09-24T08:24:59.062347+00:00
2984,0.437,2026-09-24T08:24:59.062777+00:00
2985,0.44499999999999995,2026-09-24T08:24:59.063214+00:00
2986,0.442,2026-09-24T08:24:59.063645+00:00
2987,0.442,2026-09-24T08:24:59.064063+00:00
2988,0.448,2026-09-24T08:24:59.064477+00:00
2989,0.494,2026-09-24T08:24:59.065039+00:00
2990,0.448,2026-09-24T08:24:59.065458+00:00
2991,0.446,2026-09-24T08:24:59.065877+00:00
2992,0.431,2026-09-24T08:24:59.066279+00:00
2993,0.45199999999999996,2026-09-24T08:24:59.066701+00:00
2994,0.433,2026-09-24T08:24:59.067110+00:00
2995,0.48700000000000004,2026-09-24T08:24:59.067560+00:00
2996,0.7290000000000001,2026-09-24T08:24:59.068471+00:00
2997,0.5770000000000001,2026-09-24T08:24:59.068916+00:00
2998,0.48000000000000004,2026-09-24T08:24:59.069335+00:00
2999,0.504,2026-09-24T08:24:59.069801+00:00
3000,0.491,2026-09-24T08:24:59.070263+00:00
3001,0.48000000000000004,2026-09-24T08:24:59.070675+00:00
3002,0.442,2026-09-24T08:24:59.071093+00:00
3003,0.49700000000000005,2026-09-24T08:24:59.071571+00:00
3004,0.45899999999999996,2026-09-24T08:24:59.071953+00:00
3005,0.447,2026-09-24T08:24:59.072401+00:00
3006,0.439,2026-09-24T08:24:59.072783+00:00
3007,0.433,2026-09-24T08:24:59.073198+00:00
3008,0.462,2026-09-24T08:24:59.073634+00:00
3009,0.46299999999999997,2026-09-24T08:24:59.074038+00:00
3010,0.433,2026-09-24T08:24:59.074457+00:00
3011,0.458,2026-09-24T08:24:59.074857+00:00
3012,0.417,2026-09-24T08:24:59.075272+00:00
3013,0.49299999999999994,2026-09-24T08:24:59.075722+00:00
3014,0.43600000000000005,2026-09-24T08:24:59.076097+00:00
3015,0.434,2026-09-24T08:24:59.076518+00:00
3016,0.44,2026-09-24T08:24:59.076892+00:00
3017,0.443,2026-09-24T08:24:59.077314+00:00
3018,0.472,2026-09-24T08:24:59.077771+00:00
3019,0.44,2026-09-24T08:24:59.078174+00:00
3020,0.465,2026-09-24T08:24:59.078617+00:00
3021,0.45399999999999996,2026-09-24T08:24:59.079010+00:00
3022,0.464,2026-09-24T08:24:59.079449+00:00
3023,0.455,2026-09-24T08:24:59.079829+00:00
3024,0.441,2026-09-24T08:24:59.080235+00:00
3025,0.481,2026-09-24T08:24:59.080648+00:00
3026,0.46900000000000003,2026-09-24T08:24:59.081087+00:00
3027,0.443,2026-09-24T08:24:59.081457+00:00
3028,0.444,2026-09-24T08:24:59.081834+00:00
3029,0.443,2026-09-24T08:24:59.082250+00:00
3030,0.48899999999999993,2026-09-24T08:24:59.082681+00:00
3031,0.467,2026-09-24T08:24:59.083105+00:00
3032,0.442,2026-09-24T08:24:59.083508+00:00
3033,0.505,2026-09-24T08:24:59.083985+00:00
3034,0.465,2026-09-24T08:24:59.084356+00:00
3035,0.446,2026-09-24T08:24:59.084694+00:00
3036,0.43600000000000005,2026-09-24T08:24:59.085070+00:00
3037,0.46,2026-09-24T08:24:59.085500+00:00
3038,0.46,2026-09-24T08:24:59.085898+00:00
3039,0.45199999999999996,2026-09-24T08:24:59.086323+00:00
3040,0.45899999999999996,2026-09-24T08:24:59.086723+00:00
3041,0.47100000000000003,2026-09-24T08:24:59.087175+00:00
3042,0.45899999999999996,2026-09-24T08:24:59.087573+00:00
3043,0.447,2026-09-24T08:24:59.087983+00:00
3044,0.431,2026-09-24T08:24:59.088400+00:00
3045,0.47800000000000004,2026-09-24T08:24:59.088821+00:00
3046,0.48700000000000004,2026-09-24T08:24:59.089277+00:00
3047,0.494,2026-09-24T08:24:59.089684+00:00
3048,0.455,2026-09-24T08:24:59.090174+00:00
3049,0.47600000000000003,2026-09-24T08:24:59.090601+00:00
3050,0.439,2026-09-24T08:24:59.091037+00:00
3051,0.503,2026-09-24T08:24:59.091518+00:00
3052,0.5,2026-09-24T08:24:59.091942+00:00
3053,0.532,2026-09-24T08:24:59.092387+00:00
3054,0.46,2026-09-24T08:24:59.092734+00:00
3055,0.592,2026-09-24T08:24:59.093462+00:00
3056,0.5559999999999999,2026-09-24T08:24:59.094105+00:00
3057,0.559,2026-09-24T08:24:59.094738+00:00
3058,0.525,2026-09-24T08:24:59.095312+00:00
3059,0.5419999999999999,2026-09-24T08:24:59.095937+00:00
3060,0.553,2026-09-24T08:24:59.096568+00:00
3061,0.527,2026-09-24T08:24:59.097156+00:00
3062,0.562,2026-09-24T08:24:59.097796+00:00
3063,0.53,2026-09-24T08:24:59.098399+00:00
3064,0.53,2026-09-24T08:24:59.099021+00:00
3065,0.546,2026-09-24T08:24:59.099643+00:00
3066,0.509,2026-09-24T08:24:59.100228+00:00
3067,0.45199999999999996,2026-09-24T08:24:59.100652+00:00
3068,0.45199999999999996,2026-09-24T08:24:59.101065+00:00
3069,0.472,2026-09-24T08:24:59.101479+00:00
3070,0.5469999999999999,2026-09-24T08:24:59.102168+00:00
3071,0.566,2026-09-24T08:24:59.102828+00:00
3072,0.546,2026-09-24T08:24:59.103471+00:00
3073,0.48700000000000004,2026-09-24T08:24:59.103924+00:00
3074,0.44,2026-09-24T08:24:59.104311+00:00
3075,0.533,2026-09-24T08:24:59.104814+00:00
3076,0.464,2026-09-24T08:24:59.105212+00:00
3077,0.481,2026-09-24T08:24:59.105663+00:00
3078,0.441,2026-09-24T08:24:59.106043+00:00
3079,0.7240000000000001,2026-09-24T08:24:59.106748+00:00
3080,0.583,2026-09-24T08:24:59.107304+00:00
3081,0.624,2026-09-24T08:24:59.107866+00:00
3082,0.524,2026-09-24T08:24:59.108361+00:00
3083,0.635,2026-09-24T08:24:59.108938+00:00
3084,0.532,2026-09-24T08:24:59.109440+00:00
3085,0.5670000000000001,2026-09-24T08:24:59.110109+00:00
3086,0.585,2026-09-24T08:24:59.110661+00:00
3087,0.49799999999999994,2026-09-24T08:24:59.111115+00:00
3088,0.441,2026-09-24T08:24:59.111527+00:00
3089,0.477,2026-09-24T08:24:59.111964+00:00
3090,0.447,2026-09-24T08:24:59.112386+00:00
3091,0.48899999999999993,2026-09-24T08:24:59.112816+00:00
3092,0.44,2026-09-24T08:24:59.113226+00:00
3093,0.635,2026-09-24T08:24:59.114128+00:00
3094,0.505,2026-09-24T08:24:59.114633+00:00
3095,0.438,2026-09-24T08:24:59.115242+00:00
3096,0.46900000000000003,2026-09-24T08:24:59.115659+00:00
3097,0.456,2026-09-24T08:24:59.116081+00:00
3098,0.47300000000000003,2026-09-24T08:24:59.116530+00:00
3099,0.549,2026-09-24T08:24:59.117101+00:00
3100,0.453,2026-09-24T08:24:59.117492+00:00
3101,0.45,2026-09-24T08:24:59.117919+00:00
3102,0.44,2026-09-24T08:24:59.118336+00:00
3103,0.464,2026-09-24T08:24:59.118765+00:00
3104,0.426,2026-09-24T08:24:59.119159+00:00
3105,0.449,2026-09-24T08:24:59.119582+00:00
3106,0.443,2026-09-24T08:24:59.119953+00:00
3107,0.449,2026-09-24T08:24:59.120333+00:00
3108,0.503,2026-09-24T08:24:59.120807+00:00
3109,0.416,2026-09-24T08:24:59.121165+00:00
3110,0.438,2026-09-24T08:24:59.121582+00:00
3111,0.442,2026-09-24T08:24:59.122009+00:00
3112,0.65,2026-09-24T08:24:59.122832+00:00
3113,0.5429999999999999,2026-09-24T08:24:59.123562+00:00
3114,0.44499999999999995,2026-09-24T08:24:59.123978+00:00
3115,0.453,2026-09-24T08:24:59.124388+00:00
3116,0.467,2026-09-24T08:24:59.124843+00:00
3117,0.457,2026-09-24T08:24:59.125254+00:00
3118,0.457,2026-09-24T08:24:59.125695+00:00
3119,0.43600000000000005,2026-09-24T08:24:59.126076+00:00
3120,0.44499999999999995,2026-09-24T08:24:59.126503+00:00
3121,0.432,2026-09-24T08:24:59.126871+00:00
3122,0.41800000000000004,2026-09-24T08:24:59.127278+00:00
3123,0.455,2026-09-24T08:24:59.127695+00:00
3124,0.428,2026-09-24T08:24:59.128105+00:00
3125,0.46599999999999997,2026-09-24T08:24:59.128551+00:00
3126,0.45,2026-09-24T08:24:59.128976+00:00
3127,0.455,2026-09-24T08:24:59.129403+00:00
3128,0.442,2026-09-24T08:24:59.129790+00:00
3129,0.455,2026-09-24T08:24:59.130217+00:00
3130,2.898,2026-09-24T08:24:59.133071+00:00
3131,1.0610000000000002,2026-09-24T08:24:59.133741+00:00
3132,0.785,2026-09-24T08:24:59.134083+00:00
3133,0.558,2026-09-24T08:24:59.134342+00:00
3134,0.545,2026-09-24T08:24:59.134782+00:00
3135,1.012,2026-09-24T08:24:59.135656+00:00
3136,0.787,2026-09-24T08:24:59.136111+00:00
3137,0.748,2026-09-24T08:24:59.136631+00:00
3138,0.837,2026-09-24T08:24:59.137317+00:00
3139,0.857,2026-09-24T08:24:59.138098+00:00
3140,0.626,2026-09-24T08:24:59.138631+00:00
3141,0.655,2026-09-24T08:24:59.139166+00:00
3142,0.651,2026-09-24T08:24:59.139719+00:00
3143,0.674,2026-09-24T08:24:59.140342+00:00
3144,0.629,2026-09-24T08:24:59.140905+00:00
3145,1.0050000000000001,2026-09-24T08:24:59.142174+00:00
3146,0.644,2026-09-24T08:24:59.142850+00:00
3147,0.679,2026-09-24T08:24:59.143470+00:00
3148,0.651,2026-09-24T08:24:59.144036+00:00
3149,0.607,2026-09-24T08:24:59.144579+00:00
3150,0.5770000000000001,2026-09-24T08:24:59.145078+00:00
3151,0.58,2026-09-24T08:24:59.145618+00:00
3152,0.5680000000000001,2026-09-24T08:24:59.146103+00:00
3153,0.599,2026-09-24T08:24:59.146665+00:00
3154,0.5730000000000001,2026-09-24T08:24:59.147171+00:00
3155,0.5900000000000001,2026-09-24T08:24:59.147714+00:00
3156,0.533,2026-09-24T08:24:59.148178+00:00
3157,0.5760000000000001,2026-09-24T08:24:59.148732+00:00
3158,0.58,2026-09-24T08:24:59.149247+00:00
3159,0.612,2026-09-24T08:24:59.149793+00:00
3160,0.575,2026-09-24T08:24:59.150319+00:00
3161,0.839,2026-09-24T08:24:59.151096+00:00
3162,1.147,2026-09-24T08:24:59.151950+00:00
3163,0.9840000000000001,2026-09-24T08:24:59.152629+00:00
3164,0.76,2026-09-24T08:24:59.153194+00:00
3165,0.911,2026-09-24T08:24:59.153958+00:00
3166,0.896,2026-09-24T08:24:59.154644+00:00
3167,0.8270000000000001,2026-09-24T08:24:59.155339+00:00
3168,0.713,2026-09-24T08:24:59.156081+00:00
3169,0.772,2026-09-24T08:24:59.156816+00:00
3170,0.664,2026-09-24T08:24:59.157435+00:00
3171,0.759,2026-09-24T08:24:59.158086+00:00
3172,0.6769999999999999,2026-09-24T08:24:59.158686+00:00
3173,0.674,2026-09-24T08:24:59.159298+00:00
3174,0.662,2026-09-24T08:24:59.159874+00:00
3175,0.624,2026-09-24T08:24:59.160457+00:00
3176,0.661,2026-09-24T08:24:59.161039+00:00
3177,0.64,2026-09-24T08:24:59.161624+00:00
3178,0.5910000000000001,2026-09-24T08:24:59.162168+00:00
3179,0.598,2026-09-24T08:24:59.162721+00:00
3180,0.607,2026-09-24T08:24:59.163274+00:00
3181,0.655,2026-09-24T08:24:59.163873+00:00
3182,0.614,2026-09-24T08:24:59.164427+00:00
3183,0.638,2026-09-24T08:24:59.164990+00:00
3184,0.611,2026-09-24T08:24:59.165568+00:00
3185,0.6579999999999999,2026-09-24T08:24:59.166170+00:00
3186,0.617,2026-09-24T08:24:59.166697+00:00
3187,0.609,2026-09-24T08:24:59.167259+00:00
3188,0.607,2026-09-24T08:24:59.167812+00:00
3189,0.579,2026-09-24T08:24:59.168341+00:00
3190,0.5950000000000001,2026-09-24T08:24:59.168887+00:00
3191,0.5760000000000001,2026-09-24T08:24:59.169403+00:00
3192,0.627,2026-09-24T08:24:59.169981+00:00
3193,0.599,2026-09-24T08:24:59.170530+00:00
3194,0.5910000000000001,2026-09-24T08:24:59.171063+00:00
3195,0.714,2026-09-24T08:24:59.171745+00:00
3196,0.641,2026-09-24T08:24:59.172260+00:00
3197,0.665,2026-09-24T08:24:59.172879+00:00
3198,0.6539999999999999,2026-09-24T08:24:59.173446+00:00
3199,0.6759999999999999,2026-09-24T08:24:59.174058+00:00
3200,0.678,2026-09-24T08:24:59.174693+00:00
3201,0.657,2026-09-24T08:24:59.175252+00:00
3202,0.6759999999999999,2026-09-24T08:24:59.175882+00:00
3203,0.6809999999999999,2026-09-24T08:24:59.176464+00:00
3204,0.7,2026-09-24T08:24:59.177126+00:00
3205,0.726,2026-09-24T08:24:59.177779+00:00
3206,0.621,2026-09-24T08:24:59.178361+00:00
3207,0.684,2026-09-24T08:24:59.178991+00:00
3208,0.666,2026-09-24T08:24:59.179576+00:00
3209,0.636,2026-09-24T08:24:59.180135+00:00
3210,0.648,2026-09-24T08:24:59.180743+00:00
3211,0.661,2026-09-24T08:24:59.181321+00:00
3212,0.7290000000000001,2026-09-24T08:24:59.181993+00:00
3213,0.678,2026-09-24T08:24:59.182600+00:00
3214,0.696,2026-09-24T08:24:59.183232+00:00
3215,0.717,2026-09-24T08:24:59.183985+00:00
3216,0.628,2026-09-24T08:24:59.184548+00:00
3217,0.608,2026-09-24T08:24:59.185101+00:00
3218,0.625,2026-09-24T08:24:59.185666+00:00
3219,0.621,2026-09-24T08:24:59.186198+00:00
3220,0.642,2026-09-24T08:24:59.186758+00:00
3221,0.62,2026-09-24T08:24:59.187294+00:00
3222,0.674,2026-09-24T08:24:59.187889+00:00
3223,0.618,2026-09-24T08:24:59.188408+00:00
3224,0.601,2026-09-24T08:24:59.188891+00:00
3225,0.5770000000000001,2026-09-24T08:24:59.189364+00:00
3226,0.592,2026-09-24T08:24:59.189861+00:00
3227,0.626,2026-09-24T08:24:59.190393+00:00
3228,0.777,2026-09-24T08:24:59.191059+00:00
3229,0.812,2026-09-24T08:24:59.191802+00:00
3230,0.747,2026-09-24T08:24:59.192438+00:00
3231,0.683,2026-09-24T08:24:59.193015+00:00
3232,0.662,2026-09-24T08:24:59.193550+00:00
3233,0.6679999999999999,2026-09-24T08:24:59.194068+00:00
3234,0.651,2026-09-24T08:24:59.194598+00:00
3235,0.6809999999999999,2026-09-24T08:24:59.195157+00:00
3236,0.635,2026-09-24T08:24:59.195664+00:00
3237,0.605,2026-09-24T08:24:59.196163+00:00
3238,0.709,2026-09-24T08:24:59.196800+00:00
3239,0.635,2026-09-24T08:24:59.197330+00:00
3240,0.626,2026-09-24T08:24:59.197832+00:00
3241,0.644,2026-09-24T08:24:59.198361+00:00
3242,0.637,2026-09-24T08:24:59.198880+00:00
3243,0.5720000000000001,2026-09-24T08:24:59.199332+00:00
3244,0.578,2026-09-24T08:24:59.199818+00:00
3245,0.5770000000000001,2026-09-24T08:24:59.200301+00:00
3246,0.559,2026-09-24T08:24:59.200795+00:00
3247,0.5820000000000001,2026-09-24T08:24:59.201316+00:00
3248,0.609,2026-09-24T08:24:59.201840+00:00
3249,0.61,2026-09-24T08:24:59.202335+00:00
3250,0.62,2026-09-24T08:24:59.202841+00:00
3251,0.592,2026-09-24T08:24:59.203318+00:00
3252,0.612,2026-09-24T08:24:59.203817+00:00
3253,0.5950000000000001,2026-09-24T08:24:59.204295+00:00
3254,0.5950000000000001,2026-09-24T08:24:59.204744+00:00
3255,0.54,2026-09-24T08:24:59.205175+00:00
3256,0.5640000000000001,2026-09-24T08:24:59.205651+00:00
3257,0.63,2026-09-24T08:24:59.206191+00:00
3258,0.662,2026-09-24T08:24:59.206724+00:00
3259,0.598,2026-09-24T08:24:59.207195+00:00
3260,0.6819999999999999,2026-09-24T08:24:59.207761+00:00
3261,0.606,2026-09-24T08:24:59.208197+00:00
3262,0.623,2026-09-24T08:24:59.208678+00:00
3263,0.5519999999999999,2026-09-24T08:24:59.209068+00:00
3264,0.5860000000000001,2026-09-24T08:24:59.209562+00:00
3265,0.589,2026-09-24T08:24:59.210043+00:00
3266,0.607,2026-09-24T08:24:59.210551+00:00
3267,0.612,2026-09-24T08:24:59.211030+00:00
3268,0.5760000000000001,2026-09-24T08:24:59.211486+00:00
3269,0.639,2026-09-24T08:24:59.212013+00:00
3270,0.618,2026-09-24T08:24:59.212485+00:00
3271,0.641,2026-09-24T08:24:59.212992+00:00
3272,0.67,2026-09-24T08:24:59.213505+00:00
3273,0.628,2026-09-24T08:24:59.213977+00:00
3274,0.64,2026-09-24T08:24:59.214515+00:00
3275,0.6130000000000001,2026-09-24T08:24:59.214981+00:00
3276,0.6,2026-09-24T08:24:59.215481+00:00
3277,0.615,2026-09-24T08:24:59.215975+00:00
3278,0.583,2026-09-24T08:24:59.216454+00:00
3279,0.597,2026-09-24T08:24:59.216924+00:00
3280,0.58,2026-09-24T08:24:59.217404+00:00
3281,0.647,2026-09-24T08:24:59.217943+00:00
3282,0.621,2026-09-24T08:24:59.218449+00:00
3283,0.628,2026-09-24T08:24:59.218938+00:00
3284,0.618,2026-09-24T08:24:59.219442+00:00
3285,1.008,2026-09-24T08:24:59.220557+00:00
3286,0.7879999999999999,2026-09-24T08:24:59.221239+00:00
3287,0.775,2026-09-24T08:24:59.221944+00:00
3288,0.722,2026-09-24T08:24:59.222549+00:00
3289,0.909,2026-09-24T08:24:59.223315+00:00
3290,0.843,2026-09-24T08:24:59.223998+00:00
3291,0.631,2026-09-24T08:24:59.224533+00:00
3292,0.703,2026-09-24T08:24:59.225166+00:00
3293,0.69,2026-09-24T08:24:59.225725+00:00
3294,0.6669999999999999,2026-09-24T08:24:59.226255+00:00
3295,0.6880000000000001,2026-09-24T08:24:59.226814+00:00
3296,0.643,2026-09-24T08:24:59.227334+00:00
3297,0.678,2026-09-24T08:24:59.227890+00:00
3298,0.601,2026-09-24T08:24:59.228366+00:00
3299,0.602,2026-09-24T08:24:59.228880+00:00
3300,0.629,2026-09-24T08:24:59.229444+00:00
3301,0.68,2026-09-24T08:24:59.230028+00:00
3302,0.6449999999999999,2026-09-24T08:24:59.230593+00:00
3303,0.61,2026-09-24T08:24:59.231108+00:00
3304,0.8059999999999999,2026-09-24T08:24:59.231848+00:00
3305,0.635,2026-09-24T08:24:59.232353+00:00
3306,0.633,2026-09-24T08:24:59.232862+00:00
3307,0.601,2026-09-24T08:24:59.233343+00:00
3308,0.653,2026-09-24T08:24:59.233889+00:00
3309,0.6,2026-09-24T08:24:59.234381+00:00
3310,0.633,2026-09-24T08:24:59.234905+00:00
3311,0.5640000000000001,2026-09-24T08:24:59.235370+00:00
3312,0.635,2026-09-24T08:24:59.235918+00:00
3313,0.664,2026-09-24T08:24:59.236503+00:00
3314,0.763,2026-09-24T08:24:59.237134+00:00
3315,1.003,2026-09-24T08:24:59.238203+00:00
3316,0.885,2026-09-24T08:24:59.239054+00:00
3317,0.7200000000000001,2026-09-24T08:24:59.239675+00:00
3318,0.88,2026-09-24T08:24:59.240666+00:00
3319,0.736,2026-09-24T08:24:59.241372+00:00
3320,0.769,2026-09-24T08:24:59.242093+00:00
3321,0.669,2026-09-24T08:24:59.242652+00:00
3322,0.7010000000000001,2026-09-24T08:24:59.243202+00:00
3323,0.662,2026-09-24T08:24:59.243711+00:00
3324,0.639,2026-09-24T08:24:59.244222+00:00
3325,0.651,2026-09-24T08:24:59.244720+00:00
3326,0.767,2026-09-24T08:24:59.245516+00:00
3327,0.687,2026-09-24T08:24:59.246133+00:00
3328,0.707,2026-09-24T08:24:59.246764+00:00
3329,0.629,2026-09-24T08:24:59.247322+00:00
3330,0.696,2026-09-24T08:24:59.247924+00:00
3331,0.553,2026-09-24T08:24:59.248674+00:00
3332,0.683,2026-09-24T08:24:59.249230+00:00
3333,0.7150000000000001,2026-09-24T08:24:59.249771+00:00
3334,0.6759999999999999,2026-09-24T08:24:59.250274+00:00
3335,0.767,2026-09-24T08:24:59.251164+00:00
3336,0.7240000000000001,2026-09-24T08:24:59.251838+00:00
3337,0.652,2026-09-24T08:24:59.252425+00:00
3338,0.6819999999999999,2026-09-24T08:24:59.253020+00:00
3339,0.6489999999999999,2026-09-24T08:24:59.253618+00:00
3340,0.8140000000000001,2026-09-24T08:24:59.254330+00:00
3341,0.823,2026-09-24T08:24:59.255043+00:00
3342,0.73,2026-09-24T08:24:59.255599+00:00
3343,0.6809999999999999,2026-09-24T08:24:59.256164+00:00
3344,0.67,2026-09-24T08:24:59.256914+00:00
3345,0.7010000000000001,2026-09-24T08:24:59.257500+00:00
3346,0.679,2026-09-24T08:24:59.258067+00:00
3347,0.628,2026-09-24T08:24:59.258604+00:00
3348,0.605,2026-09-24T08:24:59.259112+00:00
3349,0.6040000000000001,2026-09-24T08:24:59.259637+00:00
3350,0.656,2026-09-24T08:24:59.260229+00:00
3351,0.781,2026-09-24T08:24:59.260906+00:00
3352,0.683,2026-09-24T08:24:59.261505+00:00
3353,0.675,2026-09-24T08:24:59.262065+00:00
3354,0.67,2026-09-24T08:24:59.262593+00:00
3355,0.641,2026-09-24T08:24:59.263102+00:00
3356,0.6130000000000001,2026-09-24T08:24:59.263597+00:00
3357,0.631,2026-09-24T08:24:59.264117+00:00
3358,0.6040000000000001,2026-09-24T08:24:59.264592+00:00
3359,0.82,2026-09-24T08:24:59.265306+00:00
3360,0.605,2026-09-24T08:24:59.265812+00:00
3361,0.6589999999999999,2026-09-24T08:24:59.266397+00:00
3362,0.736,2026-09-24T08:24:59.267099+00:00
3363,0.648,2026-09-24T08:24:59.267653+00:00
3364,0.619,2026-09-24T08:24:59.268150+00:00
3365,0.622,2026-09-24T08:24:59.268649+00:00
3366,0.611,2026-09-24T08:24:59.269130+00:00
3367,0.633,2026-09-24T08:24:59.269638+00:00
3368,0.634,2026-09-24T08:24:59.270150+00:00
3369,0.696,2026-09-24T08:24:59.270713+00:00
3370,0.661,2026-09-24T08:24:59.271242+00:00
3371,0.6449999999999999,2026-09-24T08:24:59.271761+00:00
3372,0.6,2026-09-24T08:24:59.272238+00:00
3373,0.637,2026-09-24T08:24:59.272776+00:00
3374,0.593,2026-09-24T08:24:59.273514+00:00
3375,0.652,2026-09-24T08:24:59.274023+00:00
3376,0.661,2026-09-24T08:24:59.274568+00:00
3377,0.6629999999999999,2026-09-24T08:24:59.275068+00:00
3378,0.661,2026-09-24T08:24:59.275604+00:00
3379,0.646,2026-09-24T08:24:59.276118+00:00
3380,0.6489999999999999,2026-09-24T08:24:59.276657+00:00
3381,0.597,2026-09-24T08:24:59.277183+00:00
3382,0.64,2026-09-24T08:24:59.277754+00:00
3383,0.621,2026-09-24T08:24:59.278268+00:00
3384,0.65,2026-09-24T08:24:59.278805+00:00
3385,0.628,2026-09-24T08:24:59.279311+00:00
3386,0.619,2026-09-24T08:24:59.279801+00:00
3387,0.5720000000000001,2026-09-24T08:24:59.280273+00:00
3388,0.635,2026-09-24T08:24:59.280809+00:00
3389,0.754,2026-09-24T08:24:59.281477+00:00
3390,0.8899999999999999,2026-09-24T08:24:59.282496+00:00
3391,0.718,2026-09-24T08:24:59.283092+00:00
3392,0.62,2026-09-24T08:24:59.283665+00:00
3393,0.578,2026-09-24T08:24:59.284198+00:00
3394,0.605,2026-09-24T08:24:59.284749+00:00
3395,0.5479999999999999,2026-09-24T08:24:59.285261+00:00
3396,0.6539999999999999,2026-09-24T08:24:59.285872+00:00
3397,0.599,2026-09-24T08:24:59.286385+00:00
3398,0.6449999999999999,2026-09-24T08:24:59.286951+00:00
3399,0.6130000000000001,2026-09-24T08:24:59.287489+00:00
3400,0.66,2026-09-24T08:24:59.288046+00:00
3401,0.632,2026-09-24T08:24:59.288593+00:00
3402,0.599,2026-09-24T08:24:59.289106+00:00
3403,0.655,2026-09-24T08:24:59.289708+00:00
3404,0.592,2026-09-24T08:24:59.290236+00:00
3405,0.7,2026-09-24T08:24:59.291041+00:00
3406,0.696,2026-09-24T08:24:59.291762+00:00
3407,0.674,2026-09-24T08:24:59.292448+00:00
3408,0.68,2026-09-24T08:24:59.293144+00:00
3409,0.679,2026-09-24T08:24:59.293828+00:00
3410,0.735,2026-09-24T08:24:59.294577+00:00
3411,0.585,2026-09-24T08:24:59.295164+00:00
3412,0.651,2026-09-24T08:24:59.295741+00:00
3413,0.589,2026-09-24T08:24:59.296244+00:00
3414,0.593,2026-09-24T08:24:59.296767+00:00
3415,0.5509999999999999,2026-09-24T08:24:59.297258+00:00
3416,0.585,2026-09-24T08:24:59.297786+00:00
3417,0.5599999999999999,2026-09-24T08:24:59.298278+00:00
3418,0.644,2026-09-24T08:24:59.298856+00:00
3419,0.5519999999999999,2026-09-24T08:24:59.299322+00:00
3420,0.61,2026-09-24T08:24:59.299871+00:00
3421,0.594,2026-09-24T08:24:59.300382+00:00
3422,0.641,2026-09-24T08:24:59.300941+00:00
3423,0.673,2026-09-24T08:24:59.301524+00:00
3424,0.64,2026-09-24T08:24:59.301995+00:00
3425,0.616,2026-09-24T08:24:59.302501+00:00
3426,0.65,2026-09-24T08:24:59.303022+00:00
3427,0.66,2026-09-24T08:24:59.303583+00:00
3428,0.695,2026-09-24T08:24:59.304174+00:00
3429,1.332,2026-09-24T08:24:59.305463+00:00
3430,0.834,2026-09-24T08:24:59.306205+00:00
3431,0.669,2026-09-24T08:24:59.306779+00:00
3432,0.616,2026-09-24T08:24:59.307309+00:00
3433,0.5910000000000001,2026-09-24T08:24:59.307822+00:00
3434,0.5559999999999999,2026-09-24T08:24:59.308303+00:00
3435,0.569,2026-09-24T08:24:59.308800+00:00
3436,0.558,2026-09-24T08:24:59.309276+00:00
3437,0.7649999999999999,2026-09-24T08:24:59.309976+00:00
3438,0.691,2026-09-24T08:24:59.310659+00:00
3439,0.611,2026-09-24T08:24:59.311146+00:00
3440,0.6130000000000001,2026-09-24T08:24:59.311649+00:00
3441,0.621,2026-09-24T08:24:59.312148+00:00
3442,0.608,2026-09-24T08:24:59.312648+00:00
3443,0.599,2026-09-24T08:24:59.313129+00:00
3444,0.609,2026-09-24T08:24:59.313633+00:00
3445,0.611,2026-09-24T08:24:59.314132+00:00
3446,0.5910000000000001,2026-09-24T08:24:59.314616+00:00
3447,0.5720000000000001,2026-09-24T08:24:59.315082+00:00
3448,0.65,2026-09-24T08:24:59.315626+00:00
3449,0.569,2026-09-24T08:24:59.316035+00:00
3450,0.585,2026-09-24T08:24:59.316511+00:00
3451,0.614,2026-09-24T08:24:59.316995+00:00
3452,0.5640000000000001,2026-09-24T08:24:59.317455+00:00
3453,0.559,2026-09-24T08:24:59.317897+00:00
3454,0.5419999999999999,2026-09-24T08:24:59.318339+00:00
3455,0.5479999999999999,2026-09-24T08:24:59.318792+00:00
3456,0.5519999999999999,2026-09-24T08:24:59.319241+00:00
3457,0.784,2026-09-24T08:24:59.319921+00:00
3458,0.704,2026-09-24T08:24:59.320504+00:00
3459,0.612,2026-09-24T08:24:59.321018+00:00
3460,0.628,2026-09-24T08:24:59.321567+00:00
3461,0.627,2026-09-24T08:24:59.322088+00:00
3462,0.6130000000000001,2026-09-24T08:24:59.322582+00:00
3463,0.615,2026-09-24T08:24:59.323095+00:00
3464,0.5609999999999999,2026-09-24T08:24:59.323589+00:00
3465,0.57,2026-09-24T08:24:59.324083+00:00
3466,0.5640000000000001,2026-09-24T08:24:59.324572+00:00
3467,0.5820000000000001,2026-09-24T08:24:59.325068+00:00
3468,0.628,2026-09-24T08:24:59.325581+00:00
3469,0.606,2026-09-24T08:24:59.326078+00:00
3470,0.611,2026-09-24T08:24:59.326578+00:00
3471,0.58,2026-09-24T08:24:59.327028+00:00
3472,0.574,2026-09-24T08:24:59.327499+00:00
3473,0.594,2026-09-24T08:24:59.327965+00:00
3474,0.609,2026-09-24T08:24:59.328472+00:00
3475,0.61,2026-09-24T08:24:59.328949+00:00
3476,0.541,2026-09-24T08:24:59.329381+00:00
3477,0.5630000000000001,2026-09-24T08:24:59.329842+00:00
3478,0.574,2026-09-24T08:24:59.330307+00:00
3479,0.554,2026-09-24T08:24:59.330758+00:00
3480,0.5599999999999999,2026-09-24T08:24:59.331214+00:00
3481,0.5730000000000001,2026-09-24T08:24:59.331687+00:00
3482,0.545,2026-09-24T08:24:59.332128+00:00
3483,0.527,2026-09-24T08:24:59.332555+00:00
3484,0.546,2026-09-24T08:24:59.332999+00:00
3485,0.539,2026-09-24T08:24:59.333441+00:00
3486,0.5609999999999999,2026-09-24T08:24:59.333890+00:00
3487,0.526,2026-09-24T08:24:59.334320+00:00
3488,0.5670000000000001,2026-09-24T08:24:59.334790+00:00
3489,0.705,2026-09-24T08:24:59.335588+00:00
3490,0.594,2026-09-24T08:24:59.336140+00:00
3491,0.616,2026-09-24T08:24:59.336695+00:00
3492,0.5730000000000001,2026-09-24T08:24:59.337197+00:00
3493,0.574,2026-09-24T08:24:59.337704+00:00
3494,0.5559999999999999,2026-09-24T08:24:59.338189+00:00
3495,0.549,2026-09-24T08:24:59.338678+00:00
3496,0.555,2026-09-24T08:24:59.339160+00:00
3497,0.574,2026-09-24T08:24:59.339670+00:00
3498,0.53,2026-09-24T08:24:59.340126+00:00
3499,0.611,2026-09-24T08:24:59.340671+00:00
3500,0.8310000000000001,2026-09-24T08:24:59.341597+00:00
3501,0.589,2026-09-24T08:24:59.342180+00:00
3502,0.6539999999999999,2026-09-24T08:24:59.342746+00:00
3503,0.606,2026-09-24T08:24:59.343271+00:00
3504,0.66,2026-09-24T08:24:59.343849+00:00
3505,0.569,2026-09-24T08:24:59.344323+00:00
3506,0.599,2026-09-24T08:24:59.344826+00:00
3507,0.5509999999999999,2026-09-24T08:24:59.345276+00:00
3508,0.601,2026-09-24T08:24:59.345770+00:00
3509,0.6769999999999999,2026-09-24T08:24:59.346527+00:00
3510,0.592,2026-09-24T08:24:59.347085+00:00
3511,0.5509999999999999,2026-09-24T08:24:59.347597+00:00
3512,0.61,2026-09-24T08:24:59.348185+00:00
3513,0.655,2026-09-24T08:24:59.348797+00:00
3514,0.64,2026-09-24T08:24:59.349391+00:00
3515,0.6130000000000001,2026-09-24T08:24:59.349956+00:00
3516,0.61,2026-09-24T08:24:59.350518+00:00
3517,0.882,2026-09-24T08:24:59.351344+00:00
3518,1.138,2026-09-24T08:24:59.352341+00:00
3519,1.746,2026-09-24T08:24:59.353974+00:00
3520,1.534,2026-09-24T08:24:59.355342+00:00
3521,0.7829999999999999,2026-09-24T08:24:59.356030+00:00
3522,0.67,2026-09-24T08:24:59.356559+00:00
3523,0.6669999999999999,2026-09-24T08:24:59.357124+00:00
3524,0.6849999999999999,2026-09-24T08:24:59.357696+00:00
3525,0.593,2026-09-24T08:24:59.358152+00:00
3526,0.6880000000000001,2026-09-24T08:24:59.358733+00:00
3527,0.5950000000000001,2026-09-24T08:24:59.359209+00:00
3528,0.566,2026-09-24T08:24:59.359649+00:00
3529,0.732,2026-09-24T08:24:59.360297+00:00
3530,0.6719999999999999,2026-09-24T08:24:59.360749+00:00
3531,0.653,2026-09-24T08:24:59.361261+00:00
3532,0.619,2026-09-24T08:24:59.361742+00:00
3533,0.5670000000000001,2026-09-24T08:24:59.362207+00:00
3534,0.5730000000000001,2026-09-24T08:24:59.362676+00:00
3535,0.521,2026-09-24T08:24:59.363082+00:00
3536,0.518,2026-09-24T08:24:59.363542+00:00
3537,0.6,2026-09-24T08:24:59.364072+00:00
3538,0.603,2026-09-24T08:24:59.364526+00:00
3539,0.606,2026-09-24T08:24:59.365037+00:00
3540,0.616,2026-09-24T08:24:59.365535+00:00
3541,0.635,2026-09-24T08:24:59.366005+00:00
3542,0.593,2026-09-24T08:24:59.366473+00:00
3543,0.5379999999999999,2026-09-24T08:24:59.366875+00:00
3544,0.579,2026-09-24T08:24:59.367363+00:00
3545,0.575,2026-09-24T08:24:59.367826+00:00
3546,0.544,2026-09-24T08:24:59.368275+00:00
3547,0.6130000000000001,2026-09-24T08:24:59.368787+00:00
3548,0.566,2026-09-24T08:24:59.369256+00:00
3549,0.624,2026-09-24T08:24:59.369816+00:00
3550,0.619,2026-09-24T08:24:59.370328+00:00
3551,0.5900000000000001,2026-09-24T08:24:59.370779+00:00
3552,0.5419999999999999,2026-09-24T08:24:59.371219+00:00
3553,0.593,2026-09-24T08:24:59.371739+00:00
3554,0.575,2026-09-24T08:24:59.372214+00:00
3555,0.641,2026-09-24T08:24:59.372738+00:00
3556,0.67,2026-09-24T08:24:59.373256+00:00
3557,0.602,2026-09-24T08:24:59.373723+00:00
3558,0.544,2026-09-24T08:24:59.374163+00:00
3559,0.603,2026-09-24T08:24:59.374714+00:00
3560,0.594,2026-09-24T08:24:59.375158+00:00
3561,0.626,2026-09-24T08:24:59.375669+00:00
3562,1.002,2026-09-24T08:24:59.376827+00:00
3563,0.661,2026-09-24T08:24:59.377324+00:00
3564,0.6759999999999999,2026-09-24T08:24:59.377893+00:00
3565,0.648,2026-09-24T08:24:59.378402+00:00
3566,0.597,2026-09-24T08:24:59.378863+00:00
3567,0.614,2026-09-24T08:24:59.379384+00:00
3568,0.584,2026-09-24T08:24:59.379841+00:00
3569,0.5289999999999999,2026-09-24T08:24:59.380291+00:00
3570,0.605,2026-09-24T08:24:59.380836+00:00
3571,0.5720000000000001,2026-09-24T08:24:59.381285+00:00
3572,0.5559999999999999,2026-09-24T08:24:59.381727+00:00
3573,0.589,2026-09-24T08:24:59.382193+00:00
3574,0.571,2026-09-24T08:24:59.382615+00:00
3575,0.555,2026-09-24T08:24:59.383087+00:00
3576,0.5720000000000001,2026-09-24T08:24:59.383542+00:00
3577,0.54,2026-09-24T08:24:59.383979+00:00
3578,0.512,2026-09-24T08:24:59.384389+00:00
3579,0.5519999999999999,2026-09-24T08:24:59.384847+00:00
3580,0.637,2026-09-24T08:24:59.385371+00:00
3581,0.565,2026-09-24T08:24:59.385839+00:00
3582,0.592,2026-09-24T08:24:59.386330+00:00
3583,0.5730000000000001,2026-09-24T08:24:59.386782+00:00
3584,0.555,2026-09-24T08:24:59.387234+00:00
3585,0.57,2026-09-24T08:24:59.387706+00:00
3586,0.5479999999999999,2026-09-24T08:24:59.388147+00:00
3587,0.5479999999999999,2026-09-24T08:24:59.388623+00:00
3588,0.5680000000000001,2026-09-24T08:24:59.389132+00:00
3589,0.5640000000000001,2026-09-24T08:24:59.389603+00:00
3590,0.531,2026-09-24T08:24:59.390017+00:00
3591,0.5599999999999999,2026-09-24T08:24:59.390511+00:00
3592,0.5900000000000001,2026-09-24T08:24:59.390988+00:00
3593,0.5820000000000001,2026-09-24T08:24:59.391459+00:00
3594,0.5379999999999999,2026-09-24T08:24:59.391904+00:00
3595,0.516,2026-09-24T08:24:59.392336+00:00
3596,0.602,2026-09-24T08:24:59.392816+00:00
3597,0.608,2026-09-24T08:24:59.393312+00:00
3598,0.622,2026-09-24T08:24:59.393832+00:00
3599,0.626,2026-09-24T08:24:59.394332+00:00
3600,0.617,2026-09-24T08:24:59.394850+00:00
3601,0.562,2026-09-24T08:24:59.395290+00:00
3602,0.566,2026-09-24T08:24:59.395751+00:00
3603,0.537,2026-09-24T08:24:59.396196+00:00
3604,0.5950000000000001,2026-09-24T08:24:59.396686+00:00
3605,0.5569999999999999,2026-09-24T08:24:59.397156+00:00
3606,0.565,2026-09-24T08:24:59.397650+00:00
3607,0.57,2026-09-24T08:24:59.398109+00:00
3608,0.544,2026-09-24T08:24:59.398551+00:00
3609,0.558,2026-09-24T08:24:59.399025+00:00
3610,0.571,2026-09-24T08:24:59.399483+00:00
3611,0.574,2026-09-24T08:24:59.399913+00:00
3612,0.58,2026-09-24T08:24:59.400388+00:00
3613,0.616,2026-09-24T08:24:59.400894+00:00
3614,0.518,2026-09-24T08:24:59.401330+00:00
3615,0.5379999999999999,2026-09-24T08:24:59.401784+00:00
3616,0.535,2026-09-24T08:24:59.402226+00:00
3617,0.612,2026-09-24T08:24:59.402735+00:00
3618,0.602,2026-09-24T08:24:59.403233+00:00
3619,0.5910000000000001,2026-09-24T08:24:59.403711+00:00
3620,0.579,2026-09-24T08:24:59.404209+00:00
3621,0.6040000000000001,2026-09-24T08:24:59.404745+00:00
3622,0.63,2026-09-24T08:24:59.405304+00:00
3623,0.612,2026-09-24T08:24:59.405842+00:00
3624,0.562,2026-09-24T08:24:59.406286+00:00
3625,0.584,2026-09-24T08:24:59.406759+00:00
3626,0.522,2026-09-24T08:24:59.407170+00:00
3627,0.521,2026-09-24T08:24:59.407625+00:00
3628,0.521,2026-09-24T08:24:59.408086+00:00
3629,0.6629999999999999,2026-09-24T08:24:59.408650+00:00
3630,0.597,2026-09-24T08:24:59.409081+00:00
3631,0.5720000000000001,2026-09-24T08:24:59.409589+00:00
3632,0.5630000000000001,2026-09-24T08:24:59.410053+00:00
3633,0.5630000000000001,2026-09-24T08:24:59.410504+00:00
3634,0.571,2026-09-24T08:24:59.410961+00:00
3635,0.5670000000000001,2026-09-24T08:24:59.411449+00:00
3636,0.593,2026-09-24T08:24:59.411953+00:00
3637,0.5559999999999999,2026-09-24T08:24:59.412401+00:00
3638,0.579,2026-09-24T08:24:59.412914+00:00
3639,0.503,2026-09-24T08:24:59.413356+00:00
3640,0.54,2026-09-24T08:24:59.413838+00:00
3641,0.521,2026-09-24T08:24:59.414247+00:00
3642,0.648,2026-09-24T08:24:59.414834+00:00
3643,0.596,2026-09-24T08:24:59.415265+00:00
3644,0.66,2026-09-24T08:24:59.415783+00:00
3645,0.594,2026-09-24T08:24:59.416196+00:00
3646,0.607,2026-09-24T08:24:59.416684+00:00
3647,0.5810000000000001,2026-09-24T08:24:59.417149+00:00
3648,0.5569999999999999,2026-09-24T08:24:59.417632+00:00
3649,0.539,2026-09-24T08:24:59.418100+00:00
3650,0.524,2026-09-24T08:24:59.418562+00:00
3651,0.515,2026-09-24T08:24:59.419000+00:00
3652,0.5379999999999999,2026-09-24T08:24:59.419492+00:00
3653,0.596,2026-09-24T08:24:59.419957+00:00
3654,0.517,2026-09-24T08:24:59.420389+00:00
3655,0.5640000000000001,2026-09-24T08:24:59.420890+00:00
3656,0.524,2026-09-24T08:24:59.421341+00:00
3657,0.58,2026-09-24T08:24:59.421848+00:00
3658,0.629,2026-09-24T08:24:59.422350+00:00
3659,0.603,2026-09-24T08:24:59.422784+00:00
3660,0.544,2026-09-24T08:24:59.423218+00:00
3661,0.601,2026-09-24T08:24:59.423697+00:00
3662,0.587,2026-09-24T08:24:59.424154+00:00
3663,0.5670000000000001,2026-09-24T08:24:59.424604+00:00
3664,0.553,2026-09-24T08:24:59.425033+00:00
3665,0.6,2026-09-24T08:24:59.425522+00:00
3666,0.624,2026-09-24T08:24:59.425984+00:00
3667,0.607,2026-09-24T08:24:59.426464+00:00
3668,0.5640000000000001,2026-09-24T08:24:59.426932+00:00
3669,0.625,2026-09-24T08:24:59.427455+00:00
3670,0.5680000000000001,2026-09-24T08:24:59.427898+00:00
3671,0.6,2026-09-24T08:24:59.428386+00:00
3672,0.593,2026-09-24T08:24:59.428858+00:00
3673,0.565,2026-09-24T08:24:59.429317+00:00
3674,0.5760000000000001,2026-09-24T08:24:59.429835+00:00
3675,0.49799999999999994,2026-09-24T08:24:59.430250+00:00
3676,0.524,2026-09-24T08:24:59.430700+00:00
3677,0.574,2026-09-24T08:24:59.431163+00:00
3678,0.609,2026-09-24T08:24:59.431626+00:00
3679,0.555,2026-09-24T08:24:59.432069+00:00
3680,0.535,2026-09-24T08:24:59.432529+00:00
3681,0.619,2026-09-24T08:24:59.433025+00:00
3682,0.58,2026-09-24T08:24:59.433488+00:00
3683,0.634,2026-09-24T08:24:59.434013+00:00
3684,0.579,2026-09-24T08:24:59.434524+00:00
3685,0.632,2026-09-24T08:24:59.435066+00:00
3686,0.633,2026-09-24T08:24:59.435574+00:00
3687,0.7200000000000001,2026-09-24T08:24:59.436150+00:00
3688,0.683,2026-09-24T08:24:59.436712+00:00
3689,0.619,2026-09-24T08:24:59.437230+00:00
3690,0.599,2026-09-24T08:24:59.437730+00:00
3691,0.5199999999999999,2026-09-24T08:24:59.438166+00:00
3692,0.569,2026-09-24T08:24:59.438670+00:00
3693,0.515,2026-09-24T08:24:59.439105+00:00
3694,0.5559999999999999,2026-09-24T08:24:59.439580+00:00
3695,0.5640000000000001,2026-09-24T08:24:59.440027+00:00
3696,0.5599999999999999,2026-09-24T08:24:59.440470+00:00
3697,0.709,2026-09-24T08:24:59.441046+00:00
3698,0.583,2026-09-24T08:24:59.441487+00:00
3699,0.746,2026-09-24T08:24:59.442127+00:00
3700,0.661,2026-09-24T08:24:59.442666+00:00
3701,0.791,2026-09-24T08:24:59.443317+00:00
3702,1.03,2026-09-24T08:24:59.444204+00:00
3703,0.699,2026-09-24T08:24:59.444748+00:00
3704,0.657,2026-09-24T08:24:59.445233+00:00
3705,0.651,2026-09-24T08:24:59.445754+00:00
3706,0.578,2026-09-24T08:24:59.446206+00:00
3707,0.574,2026-09-24T08:24:59.446662+00:00
3708,0.531,2026-09-24T08:24:59.447079+00:00
3709,0.533,2026-09-24T08:24:59.447541+00:00
3710,0.5289999999999999,2026-09-24T08:24:59.447965+00:00
3711,0.506,2026-09-24T08:24:59.448378+00:00
3712,0.54,2026-09-24T08:24:59.448817+00:00
3713,0.607,2026-09-24T08:24:59.449316+00:00
3714,0.607,2026-09-24T08:24:59.449835+00:00
3715,0.5509999999999999,2026-09-24T08:24:59.450297+00:00
3716,0.541,2026-09-24T08:24:59.450752+00:00
3717,0.574,2026-09-24T08:24:59.451273+00:00
3718,0.545,2026-09-24T08:24:59.451731+00:00
3719,0.515,2026-09-24T08:24:59.452148+00:00
3720,0.5599999999999999,2026-09-24T08:24:59.452642+00:00
3721,0.6,2026-09-24T08:24:59.453104+00:00
3722,0.599,2026-09-24T08:24:59.453603+00:00
3723,0.6629999999999999,2026-09-24T08:24:59.454144+00:00
3724,0.639,2026-09-24T08:24:59.454671+00:00
3725,0.618,2026-09-24T08:24:59.455171+00:00
3726,0.584,2026-09-24T08:24:59.455660+00:00
3727,0.55,2026-09-24T08:24:59.456110+00:00
3728,0.5860000000000001,2026-09-24T08:24:59.456635+00:00
3729,0.603,2026-09-24T08:24:59.457130+00:00
3730,0.589,2026-09-24T08:24:59.457603+00:00
3731,0.559,2026-09-24T08:24:59.458053+00:00
3732,0.5810000000000001,2026-09-24T08:24:59.458545+00:00
3733,0.5469999999999999,2026-09-24T08:24:59.458972+00:00
3734,0.5900000000000001,2026-09-24T08:24:59.459511+00:00
3735,0.592,2026-09-24T08:24:59.459960+00:00
3736,0.544,2026-09-24T08:24:59.460391+00:00
3737,0.521,2026-09-24T08:24:59.460829+00:00
3738,0.5109999999999999,2026-09-24T08:24:59.461268+00:00
3739,0.553,2026-09-24T08:24:59.461767+00:00
3740,0.544,2026-09-24T08:24:59.462249+00:00
3741,0.5760000000000001,2026-09-24T08:24:59.462733+00:00
3742,0.5109999999999999,2026-09-24T08:24:59.463166+00:00
3743,0.531,2026-09-24T08:24:59.463655+00:00
3744,0.5680000000000001,2026-09-24T08:24:59.464116+00:00
3745,0.5910000000000001,2026-09-24T08:24:59.464591+00:00
3746,0.585,2026-09-24T08:24:59.465025+00:00
3747,0.641,2026-09-24T08:24:59.465547+00:00
3748,0.626,2026-09-24T08:24:59.465959+00:00
3749,0.61,2026-09-24T08:24:59.466494+00:00
3750,0.575,2026-09-24T08:24:59.466958+00:00
3751,0.5509999999999999,2026-09-24T08:24:59.467447+00:00
3752,0.5910000000000001,2026-09-24T08:24:59.467925+00:00
3753,0.587,2026-09-24T08:24:59.468436+00:00
3754,0.5730000000000001,2026-09-24T08:24:59.468906+00:00
3755,0.5760000000000001,2026-09-24T08:24:59.469387+00:00
3756,0.606,2026-09-24T08:24:59.469865+00:00
3757,0.594,2026-09-24T08:24:59.470339+00:00
3758,0.5860000000000001,2026-09-24T08:24:59.470792+00:00
3759,0.502,2026-09-24T08:24:59.471197+00:00
3760,0.555,2026-09-24T08:24:59.471668+00:00
3761,0.5720000000000001,2026-09-24T08:24:59.472112+00:00
3762,0.5599999999999999,2026-09-24T08:24:59.472578+00:00
3763,0.574,2026-09-24T08:24:59.473082+00:00
3764,0.554,2026-09-24T08:24:59.473511+00:00
3765,0.5900000000000001,2026-09-24T08:24:59.474032+00:00
3766,0.712,2026-09-24T08:24:59.474679+00:00
3767,0.619,2026-09-24T08:24:59.475196+00:00
3768,0.585,2026-09-24T08:24:59.475691+00:00
3769,0.562,2026-09-24T08:24:59.476160+00:00
3770,0.5720000000000001,2026-09-24T08:24:59.476644+00:00
3771,0.5569999999999999,2026-09-24T08:24:59.477129+00:00
3772,0.54,2026-09-24T08:24:59.477592+00:00
3773,0.6449999999999999,2026-09-24T08:24:59.478197+00:00
3774,0.583,2026-09-24T08:24:59.478586+00:00
3775,0.571,2026-09-24T08:24:59.479019+00:00
3776,0.5630000000000001,2026-09-24T08:24:59.479472+00:00
3777,0.601,2026-09-24T08:24:59.479936+00:00
3778,0.539,2026-09-24T08:24:59.480391+00:00
3779,0.565,2026-09-24T08:24:59.480902+00:00
3780,0.526,2026-09-24T08:24:59.481344+00:00
3781,0.621,2026-09-24T08:24:59.481918+00:00
3782,0.51,2026-09-24T08:24:59.482342+00:00
3783,0.629,2026-09-24T08:24:59.482868+00:00
3784,0.5609999999999999,2026-09-24T08:24:59.483312+00:00
3785,0.5900000000000001,2026-09-24T08:24:59.483795+00:00
3786,0.5429999999999999,2026-09-24T08:24:59.484260+00:00
3787,0.517,2026-09-24T08:24:59.484705+00:00
3788,0.515,2026-09-24T08:24:59.485171+00:00
3789,0.55,2026-09-24T08:24:59.485629+00:00
3790,0.592,2026-09-24T08:24:59.486094+00:00
3791,0.549,2026-09-24T08:24:59.486538+00:00
3792,0.565,2026-09-24T08:24:59.487015+00:00
3793,0.6,2026-09-24T08:24:59.487541+00:00
3794,0.554,2026-09-24T08:24:59.487992+00:00
3795,0.537,2026-09-24T08:24:59.488444+00:00
3796,0.5519999999999999,2026-09-24T08:24:59.488872+00:00
3797,0.5609999999999999,2026-09-24T08:24:59.489321+00:00
3798,0.58,2026-09-24T08:24:59.489826+00:00
3799,0.5760000000000001,2026-09-24T08:24:59.490294+00:00
3800,0.63,2026-09-24T08:24:59.490839+00:00
3801,0.5519999999999999,2026-09-24T08:24:59.491311+00:00
3802,0.626,2026-09-24T08:24:59.491851+00:00
3803,0.544,2026-09-24T08:24:59.492284+00:00
3804,0.5599999999999999,2026-09-24T08:24:59.492723+00:00
3805,0.622,2026-09-24T08:24:59.493218+00:00
3806,0.6579999999999999,2026-09-24T08:24:59.493807+00:00
3807,0.6930000000000001,2026-09-24T08:24:59.494363+00:00
3808,0.6539999999999999,2026-09-24T08:24:59.494884+00:00
3809,0.5900000000000001,2026-09-24T08:24:59.495355+00:00
3810,0.65,2026-09-24T08:24:59.495894+00:00
3811,0.614,2026-09-24T08:24:59.496357+00:00
3812,0.5479999999999999,2026-09-24T08:24:59.496797+00:00
3813,0.541,2026-09-24T08:24:59.497247+00:00
3814,0.6,2026-09-24T08:24:59.497736+00:00
3815,0.5429999999999999,2026-09-24T08:24:59.498180+00:00
3816,0.522,2026-09-24T08:24:59.498609+00:00
3817,0.509,2026-09-24T08:24:59.499076+00:00
3818,0.544,2026-09-24T08:24:59.499560+00:00
3819,0.545,2026-09-24T08:24:59.499979+00:00
3820,0.599,2026-09-24T08:24:59.500503+00:00
3821,0.5900000000000001,2026-09-24T08:24:59.500951+00:00
3822,0.537,2026-09-24T08:24:59.501409+00:00
3823,0.588,2026-09-24T08:24:59.501883+00:00
3824,0.53,2026-09-24T08:24:59.502286+00:00
3825,0.5569999999999999,2026-09-24T08:24:59.502741+00:00
3826,0.536,2026-09-24T08:24:59.503206+00:00
3827,0.545,2026-09-24T08:24:59.503653+00:00
3828,0.506,2026-09-24T08:24:59.504105+00:00
3829,0.57,2026-09-24T08:24:59.504590+00:00
3830,0.55,2026-09-24T08:24:59.505032+00:00
3831,0.574,2026-09-24T08:24:59.505487+00:00
3832,0.9259999999999999,2026-09-24T08:24:59.506299+00:00
3833,0.642,2026-09-24T08:24:59.506784+00:00
3834,0.5569999999999999,2026-09-24T08:24:59.507252+00:00
3835,0.5720000000000001,2026-09-24T08:24:59.507761+00:00
3836,0.5199999999999999,2026-09-24T08:24:59.508188+00:00
3837,0.603,2026-09-24T08:24:59.508691+00:00
3838,0.526,2026-09-24T08:24:59.509082+00:00
3839,0.565,2026-09-24T08:24:59.509587+00:00
3840,0.593,2026-09-24T08:24:59.510049+00:00
3841,0.515,2026-09-24T08:24:59.510437+00:00
3842,0.5810000000000001,2026-09-24T08:24:59.510935+00:00
3843,0.531,2026-09-24T08:24:59.511356+00:00
3844,0.596,2026-09-24T08:24:59.511867+00:00
3845,0.546,2026-09-24T08:24:59.512320+00:00
3846,0.5599999999999999,2026-09-24T08:24:59.512817+00:00
3847,0.545,2026-09-24T08:24:59.513288+00:00
3848,0.584,2026-09-24T08:24:59.513793+00:00
3849,0.6920000000000001,2026-09-24T08:24:59.514341+00:00
3850,0.5760000000000001,2026-09-24T08:24:59.514768+00:00
3851,0.545,2026-09-24T08:24:59.515200+00:00
3852,0.558,2026-09-24T08:24:59.515699+00:00
3853,0.5630000000000001,2026-09-24T08:24:59.516163+00:00
3854,0.605,2026-09-24T08:24:59.516702+00:00
3855,0.5950000000000001,2026-09-24T08:24:59.517194+00:00
3856,0.5559999999999999,2026-09-24T08:24:59.517626+00:00
3857,0.5680000000000001,2026-09-24T08:24:59.518083+00:00
3858,0.5950000000000001,2026-09-24T08:24:59.518559+00:00
3859,0.646,2026-09-24T08:24:59.519051+00:00
3860,0.609,2026-09-24T08:24:59.519537+00:00
3861,0.587,2026-09-24T08:24:59.520020+00:00
3862,0.594,2026-09-24T08:24:59.520538+00:00
3863,0.647,2026-09-24T08:24:59.521103+00:00
3864,0.589,2026-09-24T08:24:59.521580+00:00
3865,0.5860000000000001,2026-09-24T08:24:59.522073+00:00
3866,0.618,2026-09-24T08:24:59.522605+00:00
3867,0.5670000000000001,2026-09-24T08:24:59.523053+00:00
3868,0.6040000000000001,2026-09-24T08:24:59.523588+00:00
3869,0.759,2026-09-24T08:24:59.524230+00:00
3870,0.731,2026-09-24T08:24:59.524876+00:00
3871,0.6489999999999999,2026-09-24T08:24:59.525443+00:00
3872,0.707,2026-09-24T08:24:59.526058+00:00
3873,0.675,2026-09-24T08:24:59.526599+00:00
3874,0.6920000000000001,2026-09-24T08:24:59.527187+00:00
3875,0.673,2026-09-24T08:24:59.527771+00:00
3876,0.616,2026-09-24T08:24:59.528302+00:00
3877,0.638,2026-09-24T08:24:59.528878+00:00
3878,0.623,2026-09-24T08:24:59.529398+00:00
3879,0.631,2026-09-24T08:24:59.529901+00:00
3880,0.627,2026-09-24T08:24:59.530404+00:00
3881,0.8400000000000001,2026-09-24T08:24:59.531132+00:00
3882,0.655,2026-09-24T08:24:59.531449+00:00
3883,0.526,2026-09-24T08:24:59.531758+00:00
3884,0.521,2026-09-24T08:24:59.532230+00:00
3885,0.462,2026-09-24T08:24:59.532604+00:00
3886,0.453,2026-09-24T08:24:59.532985+00:00
3887,0.442,2026-09-24T08:24:59.533358+00:00
3888,0.47300000000000003,2026-09-24T08:24:59.533772+00:00
3889,0.443,2026-09-24T08:24:59.534189+00:00
3890,0.46099999999999997,2026-09-24T08:24:59.534591+00:00
3891,0.45399999999999996,2026-09-24T08:24:59.535006+00:00
3892,0.45899999999999996,2026-09-24T08:24:59.535438+00:00
3893,0.47800000000000004,2026-09-24T08:24:59.535854+00:00
3894,0.462,2026-09-24T08:24:59.536256+00:00
3895,0.44,2026-09-24T08:24:59.536676+00:00
3896,0.47100000000000003,2026-09-24T08:24:59.537124+00:00
3897,0.467,2026-09-24T08:24:59.537564+00:00
3898,0.45399999999999996,2026-09-24T08:24:59.538002+00:00
3899,0.431,2026-09-24T08:24:59.538393+00:00
3900,0.49299999999999994,2026-09-24T08:24:59.538814+00:00
3901,0.451,2026-09-24T08:24:59.539198+00:00
3902,0.455,2026-09-24T08:24:59.539581+00:00
3903,0.415,2026-09-24T08:24:59.539916+00:00
3904,0.433,2026-09-24T08:24:59.540294+00:00
3905,0.423,2026-09-24T08:24:59.540685+00:00
3906,0.446,2026-09-24T08:24:59.541077+00:00
3907,0.449,2026-09-24T08:24:59.541494+00:00
3908,0.45,2026-09-24T08:24:59.541904+00:00
3909,0.433,2026-09-24T08:24:59.542303+00:00
3910,0.465,2026-09-24T08:24:59.542709+00:00
3911,0.415,2026-09-24T08:24:59.543102+00:00
3912,0.45899999999999996,2026-09-24T08:24:59.543530+00:00
3913,0.455,2026-09-24T08:24:59.543930+00:00
3914,0.43600000000000005,2026-09-24T08:24:59.544313+00:00
3915,0.446,2026-09-24T08:24:59.544700+00:00
3916,0.432,2026-09-24T08:24:59.545113+00:00
3917,0.45199999999999996,2026-09-24T08:24:59.545559+00:00
3918,0.457,2026-09-24T08:24:59.545961+00:00
3919,0.43600000000000005,2026-09-24T08:24:59.546382+00:00
3920,0.496,2026-09-24T08:24:59.546842+00:00
3921,0.44499999999999995,2026-09-24T08:24:59.547245+00:00
3922,0.46900000000000003,2026-09-24T08:24:59.547664+00:00
3923,0.431,2026-09-24T08:24:59.548077+00:00
3924,0.7699999999999999,2026-09-24T08:24:59.548801+00:00
3925,0.433,2026-09-24T08:24:59.549186+00:00
3926,0.433,2026-09-24T08:24:59.549603+00:00
3927,0.437,2026-09-24T08:24:59.549992+00:00
3928,0.44,2026-09-24T08:24:59.550385+00:00
3929,0.772,2026-09-24T08:24:59.551142+00:00
3930,0.502,2026-09-24T08:24:59.551503+00:00
3931,0.47100000000000003,2026-09-24T08:24:59.551903+00:00
3932,0.553,2026-09-24T08:24:59.552425+00:00
3933,0.5720000000000001,2026-09-24T08:24:59.552898+00:00
3934,0.533,2026-09-24T08:24:59.553279+00:00
3935,0.514,2026-09-24T08:24:59.553721+00:00
3936,0.514,2026-09-24T08:24:59.554203+00:00
3937,0.571,2026-09-24T08:24:59.554750+00:00
3938,0.532,2026-09-24T08:24:59.555202+00:00
3939,0.49200000000000005,2026-09-24T08:24:59.555628+00:00
3940,0.504,2026-09-24T08:24:59.556109+00:00
3941,0.523,2026-09-24T08:24:59.556781+00:00
3942,0.41,2026-09-24T08:24:59.557085+00:00
3943,0.447,2026-09-24T08:24:59.557482+00:00
3944,0.46799999999999997,2026-09-24T08:24:59.557913+00:00
3945,0.442,2026-09-24T08:24:59.558331+00:00
3946,0.447,2026-09-24T08:24:59.558723+00:00
3947,0.438,2026-09-24T08:24:59.559141+00:00
3948,0.42700000000000005,2026-09-24T08:24:59.559510+00:00
3949,0.422,2026-09-24T08:24:59.559908+00:00
3950,0.442,2026-09-24T08:24:59.560329+00:00
3951,0.48700000000000004,2026-09-24T08:24:59.560768+00:00
3952,0.456,2026-09-24T08:24:59.561203+00:00
3953,0.438,2026-09-24T08:24:59.561589+00:00
3954,0.443,2026-09-24T08:24:59.561979+00:00
3955,0.406,2026-09-24T08:24:59.562335+00:00
3956,0.422,2026-09-24T08:24:59.562751+00:00
3957,0.40700000000000003,2026-09-24T08:24:59.563108+00:00
3958,0.425,2026-09-24T08:24:59.563522+00:00
3959,0.43600000000000005,2026-09-24T08:24:59.563907+00:00
3960,0.457,2026-09-24T08:24:59.564337+00:00
3961,0.443,2026-09-24T08:24:59.564702+00:00
3962,0.483,2026-09-24T08:24:59.565119+00:00
3963,0.41800000000000004,2026-09-24T08:24:59.565577+00:00
3964,0.446,2026-09-24T08:24:59.565948+00:00
3965,0.43,2026-09-24T08:24:59.566311+00:00
3966,0.945,2026-09-24T08:24:59.567223+00:00
3967,1.2979999999999998,2026-09-24T08:24:59.568022+00:00
3968,1.206,2026-09-24T08:24:59.568360+00:00
3969,0.954,2026-09-24T08:24:59.568571+00:00
3970,0.878,2026-09-24T08:24:59.568980+00:00
3971,0.5900000000000001,2026-09-24T08:24:59.569257+00:00
3972,0.621,2026-09-24T08:24:59.569694+00:00
3973,0.616,2026-09-24T08:24:59.570105+00:00
3974,0.619,2026-09-24T08:24:59.570554+00:00
3975,0.622,2026-09-24T08:24:59.571026+00:00
3976,0.603,2026-09-24T08:24:59.571472+00:00
3977,0.594,2026-09-24T08:24:59.571896+00:00
3978,0.569,2026-09-24T08:24:59.572298+00:00
3979,0.5730000000000001,2026-09-24T08:24:59.572756+00:00
3980,0.7,2026-09-24T08:24:59.573356+00:00
3981,0.585,2026-09-24T08:24:59.573840+00:00
3982,0.605,2026-09-24T08:24:59.574343+00:00
3983,0.601,2026-09-24T08:24:59.574836+00:00
3984,0.584,2026-09-24T08:24:59.575320+00:00
3985,0.603,2026-09-24T08:24:59.575823+00:00
3986,0.618,2026-09-24T08:24:59.576337+00:00
3987,0.6589999999999999,2026-09-24T08:24:59.576878+00:00
3988,0.614,2026-09-24T08:24:59.577348+00:00
3989,0.599,2026-09-24T08:24:59.577783+00:00
3990,0.615,2026-09-24T08:24:59.578254+00:00
3991,0.583,2026-09-24T08:24:59.578686+00:00
3992,0.5770000000000001,2026-09-24T08:24:59.579149+00:00
3993,0.627,2026-09-24T08:24:59.579676+00:00
3994,0.606,2026-09-24T08:24:59.580106+00:00
3995,0.558,2026-09-24T08:24:59.580550+00:00
3996,0.594,2026-09-24T08:24:59.581030+00:00
3997,0.6579999999999999,2026-09-24T08:24:59.581578+00:00
3998,0.9740000000000001,2026-09-24T08:24:59.582361+00:00
3999,0.627,2026-09-24T08:24:59.582740+00:00
4000,0.533,2026-09-24T08:24:59.583062+00:00
4001,0.46099999999999997,2026-09-24T08:24:59.583401+00:00
4002,0.464,2026-09-24T08:24:59.583788+00:00
4003,0.456,2026-09-24T08:24:59.584220+00:00
4004,0.448,2026-09-24T08:24:59.584587+00:00
4005,0.47600000000000003,2026-09-24T08:24:59.584986+00:00
4006,0.49700000000000005,2026-09-24T08:24:59.585378+00:00
4007,0.507,2026-09-24T08:24:59.585801+00:00
4008,0.48500000000000004,2026-09-24T08:24:59.586207+00:00
4009,0.49200000000000005,2026-09-24T08:24:59.586632+00:00
4010,0.483,2026-09-24T08:24:59.587035+00:00
4011,0.435,2026-09-24T08:24:59.587367+00:00
4012,0.47800000000000004,2026-09-24T08:24:59.587779+00:00
4013,0.46,2026-09-24T08:24:59.588216+00:00
4014,0.45899999999999996,2026-09-24T08:24:59.588594+00:00
4015,0.447,2026-09-24T08:24:59.588971+00:00
4016,0.437,2026-09-24T08:24:59.589335+00:00
4017,0.422,2026-09-24T08:24:59.589679+00:00
4018,0.451,2026-09-24T08:24:59.590075+00:00
4019,0.431,2026-09-24T08:24:59.590473+00:00
4020,0.47600000000000003,2026-09-24T08:24:59.590922+00:00
4021,0.422,2026-09-24T08:24:59.591276+00:00
4022,0.434,2026-09-24T08:24:59.591645+00:00
4023,0.441,2026-09-24T08:24:59.592018+00:00
4024,0.423,2026-09-24T08:24:59.592408+00:00
4025,0.45199999999999996,2026-09-24T08:24:59.592827+00:00
4026,0.419,2026-09-24T08:24:59.593176+00:00
4027,0.46099999999999997,2026-09-24T08:24:59.593600+00:00
4028,0.432,2026-09-24T08:24:59.593972+00:00
4029,0.429,2026-09-24T08:24:59.594378+00:00
4030,0.442,2026-09-24T08:24:59.594793+00:00
4031,0.43600000000000005,2026-09-24T08:24:59.595184+00:00
4032,0.447,2026-09-24T08:24:59.595605+00:00
4033,0.435,2026-09-24T08:24:59.595976+00:00
4034,0.41800000000000004,2026-09-24T08:24:59.596330+00:00
4035,0.434,2026-09-24T08:24:59.596703+00:00
4036,0.41100000000000003,2026-09-24T08:24:59.597092+00:00
4037,0.414,2026-09-24T08:24:59.597491+00:00
4038,0.426,2026-09-24T08:24:59.597853+00:00
4039,0.41100000000000003,2026-09-24T08:24:59.598207+00:00
4040,0.46,2026-09-24T08:24:59.598599+00:00
4041,0.47800000000000004,2026-09-24T08:24:59.599044+00:00
4042,0.46599999999999997,2026-09-24T08:24:59.599479+00:00
4043,0.46900000000000003,2026-09-24T08:24:59.599861+00:00
4044,0.402,2026-09-24T08:24:59.600185+00:00
4045,0.444,2026-09-24T08:24:59.600563+00:00
4046,0.486,2026-09-24T08:24:59.600990+00:00
4047,0.435,2026-09-24T08:24:59.601359+00:00
4048,0.45,2026-09-24T08:24:59.601781+00:00
4049,0.464,2026-09-24T08:24:59.602222+00:00
4050,0.495,2026-09-24T08:24:59.602681+00:00
4051,0.939,2026-09-24T08:24:59.603562+00:00
4052,1.141,2026-09-24T08:24:59.604207+00:00
4053,1.1520000000000001,2026-09-24T08:24:59.604613+00:00
4054,0.928,2026-09-24T08:24:59.604777+00:00
4055,0.728,2026-09-24T08:24:59.604912+00:00
4056,0.608,2026-09-24T08:24:59.605150+00:00
4057,0.837,2026-09-24T08:24:59.605747+00:00
4058,1.042,2026-09-24T08:24:59.606322+00:00
4059,0.954,2026-09-24T08:24:59.606620+00:00
4060,0.709,2026-09-24T08:24:59.606739+00:00
4061,0.655,2026-09-24T08:24:59.607026+00:00
4062,0.669,2026-09-24T08:24:59.607492+00:00
4063,0.49200000000000005,2026-09-24T08:24:59.607920+00:00
4064,0.43,2026-09-24T08:24:59.608319+00:00
4065,0.48700000000000004,2026-09-24T08:24:59.608778+00:00
4066,0.437,2026-09-24T08:24:59.609137+00:00
4067,0.42700000000000005,2026-09-24T08:24:59.609506+00:00
4068,0.422,2026-09-24T08:24:59.609879+00:00
4069,0.42700000000000005,2026-09-24T08:24:59.610293+00:00
4070,0.444,2026-09-24T08:24:59.610647+00:00
4071,0.41800000000000004,2026-09-24T08:24:59.611011+00:00
4072,0.462,2026-09-24T08:24:59.611418+00:00
4073,0.431,2026-09-24T08:24:59.611774+00:00
4074,0.47,2026-09-24T08:24:59.612221+00:00
4075,0.462,2026-09-24T08:24:59.612618+00:00
4076,0.47300000000000003,2026-09-24T08:24:59.613065+00:00
4077,0.434,2026-09-24T08:24:59.613409+00:00
4078,0.45199999999999996,2026-09-24T08:24:59.613805+00:00
4079,0.415,2026-09-24T08:24:59.614173+00:00
4080,0.521,2026-09-24T08:24:59.614676+00:00
4081,0.439,2026-09-24T08:24:59.615084+00:00
4082,0.443,2026-09-24T08:24:59.615463+00:00
4083,0.451,2026-09-24T08:24:59.615887+00:00
4084,0.434,2026-09-24T08:24:59.616263+00:00
4085,0.447,2026-09-24T08:24:59.616693+00:00
4086,0.40900000000000003,2026-09-24T08:24:59.617074+00:00
4087,0.441,2026-09-24T08:24:59.617462+00:00
4088,0.437,2026-09-24T08:24:59.617825+00:00
4089,0.424,2026-09-24T08:24:59.618228+00:00
4090,0.467,2026-09-24T08:24:59.618669+00:00
4091,0.416,2026-09-24T08:24:59.619030+00:00
4092,0.42700000000000005,2026-09-24T08:24:59.619403+00:00
4093,0.44499999999999995,2026-09-24T08:24:59.619824+00:00
4094,0.451,2026-09-24T08:24:59.620232+00:00
4095,0.45,2026-09-24T08:24:59.620627+00:00
4096,0.434,2026-09-24T08:24:59.620994+00:00
4097,0.433,2026-09-24T08:24:59.621401+00:00
4098,0.446,2026-09-24T08:24:59.621782+00:00
4099,0.422,2026-09-24T08:24:59.622148+00:00
4100,0.41300000000000003,2026-09-24T08:24:59.622539+00:00
4101,0.414,2026-09-24T08:24:59.622939+00:00
4102,0.432,2026-09-24T08:24:59.623318+00:00
4103,0.5469999999999999,2026-09-24T08:24:59.623802+00:00
4104,0.49200000000000005,2026-09-24T08:24:59.624275+00:00
4105,0.513,2026-09-24T08:24:59.624773+00:00
4106,0.5,2026-09-24T08:24:59.625215+00:00
4107,0.496,2026-09-24T08:24:59.625644+00:00
4108,0.502,2026-09-24T08:24:59.626121+00:00
4109,0.501,2026-09-24T08:24:59.626564+00:00
4110,0.494,2026-09-24T08:24:59.627016+00:00
4111,0.467,2026-09-24T08:24:59.627417+00:00
4112,0.47300000000000003,2026-09-24T08:24:59.627850+00:00
4113,0.417,2026-09-24T08:24:59.628211+00:00
4114,0.456,2026-09-24T08:24:59.628644+00:00
4115,0.431,2026-09-24T08:24:59.629019+00:00
4116,0.456,2026-09-24T08:24:59.629452+00:00
4117,0.437,2026-09-24T08:24:59.629859+00:00
4118,0.40499999999999997,2026-09-24T08:24:59.630210+00:00
4119,0.42000000000000004,2026-09-24T08:24:59.630589+00:00
4120,0.415,2026-09-24T08:24:59.630986+00:00
4121,0.393,2026-09-24T08:24:59.631358+00:00
4122,0.462,2026-09-24T08:24:59.631801+00:00
4123,0.432,2026-09-24T08:24:59.632182+00:00
4124,0.44,2026-09-24T08:24:59.632590+00:00
4125,0.428,2026-09-24T08:24:59.632997+00:00
4126,0.431,2026-09-24T08:24:59.633405+00:00
4127,0.447,2026-09-24T08:24:59.633800+00:00
4128,0.42000000000000004,2026-09-24T08:24:59.634202+00:00
4129,0.423,2026-09-24T08:24:59.634599+00:00
4130,0.63,2026-09-24T08:24:59.635178+00:00
4131,0.65,2026-09-24T08:24:59.635575+00:00
4132,0.508,2026-09-24T08:24:59.635793+00:00
4133,0.451,2026-09-24T08:24:59.636125+00:00
4134,0.438,2026-09-24T08:24:59.636473+00:00
4135,0.456,2026-09-24T08:24:59.636847+00:00
4136,0.45399999999999996,2026-09-24T08:24:59.637232+00:00
4137,0.45399999999999996,2026-09-24T08:24:59.637615+00:00
4138,0.432,2026-09-24T08:24:59.637975+00:00
4139,0.416,2026-09-24T08:24:59.638333+00:00
4140,0.422,2026-09-24T08:24:59.638738+00:00
4141,0.419,2026-09-24T08:24:59.639106+00:00
4142,0.406,2026-09-24T08:24:59.639496+00:00
4143,0.453,2026-09-24T08:24:59.639885+00:00
4144,0.428,2026-09-24T08:24:59.640287+00:00
4145,0.45899999999999996,2026-09-24T08:24:59.640700+00:00
4146,0.424,2026-09-24T08:24:59.641099+00:00
4147,0.421,2026-09-24T08:24:59.641466+00:00
4148,0.43,2026-09-24T08:24:59.641881+00:00
4149,0.404,2026-09-24T08:24:59.642275+00:00
4150,0.42700000000000005,2026-09-24T08:24:59.642660+00:00
4151,0.438,2026-09-24T08:24:59.643050+00:00
4152,0.447,2026-09-24T08:24:59.643465+00:00
4153,0.441,2026-09-24T08:24:59.643843+00:00
4154,0.43600000000000005,2026-09-24T08:24:59.644255+00:00
4155,0.425,2026-09-24T08:24:59.644626+00:00
4156,0.41300000000000003,2026-09-24T08:24:59.645029+00:00
4157,0.404,2026-09-24T08:24:59.645387+00:00
4158,0.605,2026-09-24T08:24:59.645981+00:00
4159,0.455,2026-09-24T08:24:59.646380+00:00
4160,0.46099999999999997,2026-09-24T08:24:59.646817+00:00
4161,0.438,2026-09-24T08:24:59.647197+00:00
4162,0.46900000000000003,2026-09-24T08:24:59.647639+00:00
4163,0.432,2026-09-24T08:24:59.648002+00:00
4164,0.43,2026-09-24T08:24:59.648397+00:00
4165,0.42000000000000004,2026-09-24T08:24:59.648763+00:00
4166,0.47800000000000004,2026-09-24T08:24:59.649227+00:00
4167,0.446,2026-09-24T08:24:59.649571+00:00
4168,0.41100000000000003,2026-09-24T08:24:59.649919+00:00
4169,0.43600000000000005,2026-09-24T08:24:59.650331+00:00
4170,0.435,2026-09-24T08:24:59.650710+00:00
4171,0.429,2026-09-24T08:24:59.651085+00:00
4172,0.431,2026-09-24T08:24:59.651494+00:00
4173,0.422,2026-09-24T08:24:59.651894+00:00
4174,0.4,2026-09-24T08:24:59.652267+00:00
4175,0.424,2026-09-24T08:24:59.652650+00:00
4176,0.39399999999999996,2026-09-24T08:24:59.653032+00:00
4177,0.438,2026-09-24T08:24:59.653428+00:00
4178,0.448,2026-09-24T08:24:59.653843+00:00
4179,0.426,2026-09-24T08:24:59.654205+00:00
4180,0.438,2026-09-24T08:24:59.654608+00:00
4181,0.429,2026-09-24T08:24:59.655017+00:00
4182,0.423,2026-09-24T08:24:59.655416+00:00
4183,0.46,2026-09-24T08:24:59.655817+00:00
4184,0.41300000000000003,2026-09-24T08:24:59.656221+00:00
4185,0.45399999999999996,2026-09-24T08:24:59.656614+00:00
4186,0.443,2026-09-24T08:24:59.657032+00:00
4187,0.419,2026-09-24T08:24:59.657395+00:00
4188,0.45,2026-09-24T08:24:59.657820+00:00
4189,0.443,2026-09-24T08:24:59.658234+00:00
4190,0.43600000000000005,2026-09-24T08:24:59.658609+00:00
4191,0.419,2026-09-24T08:24:59.658971+00:00
4192,0.41100000000000003,2026-09-24T08:24:59.659367+00:00
4193,0.443,2026-09-24T08:24:59.659748+00:00
4194,0.417,2026-09-24T08:24:59.660135+00:00
4195,0.426,2026-09-24T08:24:59.660508+00:00
4196,0.42000000000000004,2026-09-24T08:24:59.660895+00:00
4197,0.683,2026-09-24T08:24:59.661560+00:00
4198,0.641,2026-09-24T08:24:59.661949+00:00
4199,0.46099999999999997,2026-09-24T08:24:59.662158+00:00
4200,0.491,2026-09-24T08:24:59.662550+00:00
4201,0.451,2026-09-24T08:24:59.662887+00:00
4202,0.41,2026-09-24T08:24:59.663219+00:00
4203,0.442,2026-09-24T08:24:59.663598+00:00
4204,0.44499999999999995,2026-09-24T08:24:59.664010+00:00
4205,0.45199999999999996,2026-09-24T08:24:59.664432+00:00
4206,0.451,2026-09-24T08:24:59.664815+00:00
4207,0.434,2026-09-24T08:24:59.665223+00:00
4208,0.45899999999999996,2026-09-24T08:24:59.665624+00:00
4209,0.43,2026-09-24T08:24:59.665996+00:00
4210,0.44499999999999995,2026-09-24T08:24:59.666420+00:00
4211,0.444,2026-09-24T08:24:59.666797+00:00
4212,0.40900000000000003,2026-09-24T08:24:59.667180+00:00
4213,0.425,2026-09-24T08:24:59.667552+00:00
4214,0.435,2026-09-24T08:24:59.667964+00:00
4215,0.40499999999999997,2026-09-24T08:24:59.668313+00:00
4216,0.40700000000000003,2026-09-24T08:24:59.668697+00:00
4217,0.41800000000000004,2026-09-24T08:24:59.669052+00:00
4218,0.40499999999999997,2026-09-24T08:24:59.669435+00:00
4219,0.431,2026-09-24T08:24:59.669803+00:00
4220,0.415,2026-09-24T08:24:59.670195+00:00
4221,0.437,2026-09-24T08:24:59.670580+00:00
4222,0.417,2026-09-24T08:24:59.670938+00:00
4223,0.404,2026-09-24T08:24:59.671279+00:00
4224,0.431,2026-09-24T08:24:59.671684+00:00
4225,0.41300000000000003,2026-09-24T08:24:59.672042+00:00
4226,0.415,2026-09-24T08:24:59.672434+00:00
4227,0.444,2026-09-24T08:24:59.672816+00:00
4228,0.40099999999999997,2026-09-24T08:24:59.673194+00:00
4229,0.736,2026-09-24T08:24:59.673887+00:00
4230,0.8400000000000001,2026-09-24T08:24:59.674402+00:00
4231,0.6809999999999999,2026-09-24T08:24:59.674600+00:00
4232,0.584,2026-09-24T08:24:59.674838+00:00
4233,0.583,2026-09-24T08:24:59.675191+00:00
4234,0.527,2026-09-24T08:24:59.675506+00:00
4235,0.5109999999999999,2026-09-24T08:24:59.675828+00:00
4236,0.5609999999999999,2026-09-24T08:24:59.676284+00:00
4237,0.49299999999999994,2026-09-24T08:24:59.676639+00:00
4238,0.47300000000000003,2026-09-24T08:24:59.676984+00:00
4239,0.495,2026-09-24T08:24:59.677358+00:00
4240,0.488,2026-09-24T08:24:59.677733+00:00
4241,0.482,2026-09-24T08:24:59.678102+00:00
4242,0.467,2026-09-24T08:24:59.678468+00:00
4243,0.662,2026-09-24T08:24:59.679024+00:00
4244,0.937,2026-09-24T08:24:59.679890+00:00
4245,0.775,2026-09-24T08:24:59.680342+00:00
4246,0.587,2026-09-24T08:24:59.680645+00:00
4247,0.517,2026-09-24T08:24:59.680972+00:00
4248,0.5860000000000001,2026-09-24T08:24:59.681438+00:00
4249,0.512,2026-09-24T08:24:59.681841+00:00
4250,0.46599999999999997,2026-09-24T08:24:59.682227+00:00
4251,0.472,2026-09-24T08:24:59.682626+00:00
4252,0.45899999999999996,2026-09-24T08:24:59.683026+00:00
4253,0.451,2026-09-24T08:24:59.683462+00:00
4254,0.464,2026-09-24T08:24:59.683914+00:00
4255,0.423,2026-09-24T08:24:59.684284+00:00
4256,0.45,2026-09-24T08:24:59.684725+00:00
4257,0.446,2026-09-24T08:24:59.685104+00:00
4258,0.481,2026-09-24T08:24:59.685566+00:00
4259,0.505,2026-09-24T08:24:59.685993+00:00
4260,0.49,2026-09-24T08:24:59.686465+00:00
4261,0.474,2026-09-24T08:24:59.686863+00:00
4262,0.45199999999999996,2026-09-24T08:24:59.687286+00:00
4263,0.458,2026-09-24T08:24:59.687687+00:00
4264,0.439,2026-09-24T08:24:59.688123+00:00
4265,0.42700000000000005,2026-09-24T08:24:59.688482+00:00
4266,0.472,2026-09-24T08:24:59.688937+00:00
4267,0.449,2026-09-24T08:24:59.689323+00:00
4268,0.46299999999999997,2026-09-24T08:24:59.689756+00:00
4269,0.464,2026-09-24T08:24:59.690139+00:00
4270,0.762,2026-09-24T08:24:59.690832+00:00
4271,0.6920000000000001,2026-09-24T08:24:59.691118+00:00
4272,0.481,2026-09-24T08:24:59.691320+00:00
4273,0.5,2026-09-24T08:24:59.691711+00:00
4274,0.43600000000000005,2026-09-24T08:24:59.692033+00:00
4275,0.448,2026-09-24T08:24:59.692401+00:00
4276,0.448,2026-09-24T08:24:59.692770+00:00
4277,0.437,2026-09-24T08:24:59.693130+00:00
4278,0.475,2026-09-24T08:24:59.693531+00:00
4279,0.744,2026-09-24T08:24:59.694212+00:00
4280,0.86,2026-09-24T08:24:59.694732+00:00
4281,0.652,2026-09-24T08:24:59.694887+00:00
4282,0.546,2026-09-24T08:24:59.695173+00:00
4283,0.518,2026-09-24T08:24:59.695578+00:00
4284,0.637,2026-09-24T08:24:59.696107+00:00
4285,0.49,2026-09-24T08:24:59.696367+00:00
4286,0.44499999999999995,2026-09-24T08:24:59.696675+00:00
4287,0.619,2026-09-24T08:24:59.697231+00:00
4288,0.512,2026-09-24T08:24:59.697558+00:00
4289,0.482,2026-09-24T08:24:59.697915+00:00
4290,0.629,2026-09-24T08:24:59.698443+00:00
4291,0.502,2026-09-24T08:24:59.698704+00:00
4292,0.456,2026-09-24T08:24:59.699034+00:00
4293,0.46799999999999997,2026-09-24T08:24:59.699396+00:00
4294,0.644,2026-09-24T08:24:59.699931+00:00
4295,0.544,2026-09-24T08:24:59.700238+00:00
4296,0.482,2026-09-24T08:24:59.700546+00:00
4297,0.479,2026-09-24T08:24:59.700968+00:00
4298,0.451,2026-09-24T08:24:59.701392+00:00
4299,0.509,2026-09-24T08:24:59.701837+00:00
4300,0.45199999999999996,2026-09-24T08:24:59.702229+00:00
4301,0.48500000000000004,2026-09-24T08:24:59.702696+00:00
4302,0.486,2026-09-24T08:24:59.703161+00:00
4303,0.465,2026-09-24T08:24:59.703569+00:00
4304,0.49700000000000005,2026-09-24T08:24:59.704045+00:00
4305,0.456,2026-09-24T08:24:59.704437+00:00
4306,0.496,2026-09-24T08:24:59.704915+00:00
4307,0.5379999999999999,2026-09-24T08:24:59.705392+00:00
4308,0.664,2026-09-24T08:24:59.705971+00:00
4309,0.453,2026-09-24T08:24:59.706389+00:00
4310,0.49299999999999994,2026-09-24T08:24:59.706822+00:00
4311,0.462,2026-09-24T08:24:59.707222+00:00
4312,0.46,2026-09-24T08:24:59.707655+00:00
4313,0.442,2026-09-24T08:24:59.708037+00:00
4314,0.448,2026-09-24T08:24:59.708467+00:00
4315,0.467,2026-09-24T08:24:59.708869+00:00
4316,0.412,2026-09-24T08:24:59.709274+00:00
4317,0.458,2026-09-24T08:24:59.709683+00:00
4318,0.474,2026-09-24T08:24:59.710140+00:00
4319,0.438,2026-09-24T08:24:59.710522+00:00
4320,0.433,2026-09-24T08:24:59.710932+00:00
4321,0.43,2026-09-24T08:24:59.711331+00:00
4322,0.446,2026-09-24T08:24:59.711715+00:00
4323,0.422,2026-09-24T08:24:59.712076+00:00
4324,0.435,2026-09-24T08:24:59.712502+00:00
4325,0.448,2026-09-24T08:24:59.712901+00:00
4326,0.438,2026-09-24T08:24:59.713334+00:00
4327,0.46799999999999997,2026-09-24T08:24:59.713741+00:00
4328,0.437,2026-09-24T08:24:59.714149+00:00
4329,0.46599999999999997,2026-09-24T08:24:59.714560+00:00
4330,0.45199999999999996,2026-09-24T08:24:59.714984+00:00
4331,0.42700000000000005,2026-09-24T08:24:59.715354+00:00
4332,0.532,2026-09-24T08:24:59.715871+00:00
4333,0.458,2026-09-24T08:24:59.716308+00:00
4334,0.522,2026-09-24T08:24:59.716814+00:00
4335,0.449,2026-09-24T08:24:59.717200+00:00
4336,0.447,2026-09-24T08:24:59.717631+00:00
4337,0.443,2026-09-24T08:24:59.718008+00:00
4338,0.442,2026-09-24T08:24:59.718396+00:00
4339,0.483,2026-09-24T08:24:59.718833+00:00
4340,0.423,2026-09-24T08:24:59.719201+00:00
4341,0.451,2026-09-24T08:24:59.719651+00:00
4342,0.46799999999999997,2026-09-24T08:24:59.720052+00:00
4343,0.48500000000000004,2026-09-24T08:24:59.720463+00:00
4344,0.442,2026-09-24T08:24:59.720894+00:00
4345,0.437,2026-09-24T08:24:59.721273+00:00
4346,0.507,2026-09-24T08:24:59.721753+00:00
4347,0.49200000000000005,2026-09-24T08:24:59.722192+00:00
4348,0.496,2026-09-24T08:24:59.722658+00:00
4349,0.45199999999999996,2026-09-24T08:24:59.723019+00:00
4350,0.449,2026-09-24T08:24:59.723402+00:00
4351,0.503,2026-09-24T08:24:59.723853+00:00
4352,0.528,2026-09-24T08:24:59.724351+00:00
4353,0.49799999999999994,2026-09-24T08:24:59.724773+00:00
4354,0.474,2026-09-24T08:24:59.725220+00:00
4355,0.49700000000000005,2026-09-24T08:24:59.725646+00:00
4356,0.455,2026-09-24T08:24:59.726047+00:00
4357,0.803,2026-09-24T08:24:59.726810+00:00
4358,0.464,2026-09-24T08:24:59.727212+00:00
4359,0.45199999999999996,2026-09-24T08:24:59.727595+00:00
4360,0.464,2026-09-24T08:24:59.728044+00:00
4361,0.475,2026-09-24T08:24:59.728469+00:00
4362,0.505,2026-09-24T08:24:59.728950+00:00
4363,0.425,2026-09-24T08:24:59.729313+00:00
4364,0.43,2026-09-24T08:24:59.729732+00:00
4365,0.435,2026-09-24T08:24:59.730110+00:00
4366,0.438,2026-09-24T08:24:59.730542+00:00
4367,0.446,2026-09-24T08:24:59.730924+00:00
4368,0.428,2026-09-24T08:24:59.731336+00:00
4369,0.457,2026-09-24T08:24:59.731784+00:00
4370,0.435,2026-09-24T08:24:59.732354+00:00
4371,0.441,2026-09-24T08:24:59.732724+00:00
4372,0.46099999999999997,2026-09-24T08:24:59.733158+00:00
4373,0.437,2026-09-24T08:24:59.733526+00:00
4374,0.46599999999999997,2026-09-24T08:24:59.733987+00:00
4375,0.447,2026-09-24T08:24:59.734376+00:00
4376,0.46,2026-09-24T08:24:59.734831+00:00
4377,0.431,2026-09-24T08:24:59.735206+00:00
4378,0.45399999999999996,2026-09-24T08:24:59.735653+00:00
4379,0.44499999999999995,2026-09-24T08:24:59.736041+00:00
4380,0.453,2026-09-24T08:24:59.736475+00:00
4381,0.46099999999999997,2026-09-24T08:24:59.736928+00:00
4382,0.48000000000000004,2026-09-24T08:24:59.737341+00:00
4383,0.424,2026-09-24T08:24:59.737702+00:00
4384,0.429,2026-09-24T08:24:59.738111+00:00
4385,0.465,2026-09-24T08:24:59.738552+00:00
4386,0.47300000000000003,2026-09-24T08:24:59.738963+00:00
4387,0.448,2026-09-24T08:24:59.739368+00:00
4388,0.647,2026-09-24T08:24:59.739999+00:00
4389,0.481,2026-09-24T08:24:59.740437+00:00
4390,0.486,2026-09-24T08:24:59.740858+00:00
4391,0.442,2026-09-24T08:24:59.741246+00:00
4392,0.45899999999999996,2026-09-24T08:24:59.741691+00:00
4393,0.446,2026-09-24T08:24:59.742074+00:00
4394,0.457,2026-09-24T08:24:59.742510+00:00
4395,0.569,2026-09-24T08:24:59.743023+00:00
4396,0.545,2026-09-24T08:24:59.743528+00:00
4397,0.5900000000000001,2026-09-24T08:24:59.744044+00:00
4398,0.539,2026-09-24T08:24:59.744521+00:00
4399,0.464,2026-09-24T08:24:59.744937+00:00
4400,0.47100000000000003,2026-09-24T08:24:59.745381+00:00
4401,0.47100000000000003,2026-09-24T08:24:59.745781+00:00
4402,0.432,2026-09-24T08:24:59.746189+00:00
4403,0.441,2026-09-24T08:24:59.746615+00:00
4404,0.44,2026-09-24T08:24:59.747032+00:00
4405,0.431,2026-09-24T08:24:59.747435+00:00
4406,0.48000000000000004,2026-09-24T08:24:59.747838+00:00
4407,0.448,2026-09-24T08:24:59.748257+00:00
4408,0.794,2026-09-24T08:24:59.748995+00:00
4409,0.42000000000000004,2026-09-24T08:24:59.749357+00:00
4410,0.47,2026-09-24T08:24:59.749801+00:00
4411,0.417,2026-09-24T08:24:59.750157+00:00
4412,0.46099999999999997,2026-09-24T08:24:59.750603+00:00
4413,0.449,2026-09-24T08:24:59.750990+00:00
4414,0.424,2026-09-24T08:24:59.751386+00:00
4415,0.45,2026-09-24T08:24:59.751778+00:00
4416,0.45,2026-09-24T08:24:59.752198+00:00
4417,0.441,2026-09-24T08:24:59.752581+00:00
4418,0.44499999999999995,2026-09-24T08:24:59.752999+00:00
4419,0.431,2026-09-24T08:24:59.753372+00:00
4420,0.523,2026-09-24T08:24:59.753864+00:00
4421,0.6809999999999999,2026-09-24T08:24:59.754650+00:00
4422,0.633,2026-09-24T08:24:59.755219+00:00
4423,0.588,2026-09-24T08:24:59.755745+00:00
4424,0.599,2026-09-24T08:24:59.756278+00:00
4425,0.5770000000000001,2026-09-24T08:24:59.756794+00:00
4426,0.583,2026-09-24T08:24:59.757308+00:00
4427,0.597,2026-09-24T08:24:59.757837+00:00
4428,0.5609999999999999,2026-09-24T08:24:59.758318+00:00
4429,0.574,2026-09-24T08:24:59.758841+00:00
4430,0.553,2026-09-24T08:24:59.759332+00:00
4431,0.588,2026-09-24T08:24:59.759877+00:00
4432,0.589,2026-09-24T08:24:59.760443+00:00
4433,0.8109999999999999,2026-09-24T08:24:59.761157+00:00
4434,0.5599999999999999,2026-09-24T08:24:59.761668+00:00
4435,0.46599999999999997,2026-09-24T08:24:59.762072+00:00
4436,0.46299999999999997,2026-09-24T08:24:59.762511+00:00
4437,0.479,2026-09-24T08:24:59.762929+00:00
4438,0.46,2026-09-24T08:24:59.763370+00:00
4439,0.43600000000000005,2026-09-24T08:24:59.763757+00:00
4440,0.47100000000000003,2026-09-24T08:24:59.764206+00:00
4441,0.451,2026-09-24T08:24:59.764580+00:00
4442,0.435,2026-09-24T08:24:59.764918+00:00
4443,0.67,2026-09-24T08:24:59.765532+00:00
4444,0.447,2026-09-24T08:24:59.765933+00:00
4445,0.414,2026-09-24T08:24:59.766314+00:00
4446,0.429,2026-09-24T08:24:59.766724+00:00
4447,0.441,2026-09-24T08:24:59.767120+00:00
4448,0.451,2026-09-24T08:24:59.767541+00:00
4449,0.433,2026-09-24T08:24:59.767918+00:00
4450,0.441,2026-09-24T08:24:59.768331+00:00
4451,0.416,2026-09-24T08:24:59.768686+00:00
4452,0.429,2026-09-24T08:24:59.769094+00:00
4453,0.433,2026-09-24T08:24:59.769505+00:00
4454,0.453,2026-09-24T08:24:59.769935+00:00
4455,0.395,2026-09-24T08:24:59.770277+00:00
4456,0.41100000000000003,2026-09-24T08:24:59.770677+00:00
4457,0.408,2026-09-24T08:24:59.771041+00:00
4458,0.462,2026-09-24T08:24:59.771478+00:00
4459,0.442,2026-09-24T08:24:59.771842+00:00
4460,0.438,2026-09-24T08:24:59.772263+00:00
4461,0.416,2026-09-24T08:24:59.772618+00:00
4462,0.486,2026-09-24T08:24:59.773083+00:00
4463,0.7380000000000001,2026-09-24T08:24:59.773843+00:00
4464,0.546,2026-09-24T08:24:59.774438+00:00
4465,0.48899999999999993,2026-09-24T08:24:59.774890+00:00
4466,0.502,2026-09-24T08:24:59.775330+00:00
4467,0.443,2026-09-24T08:24:59.775714+00:00
4468,0.47300000000000003,2026-09-24T08:24:59.776165+00:00
4469,0.443,2026-09-24T08:24:59.776558+00:00
4470,0.47,2026-09-24T08:24:59.777005+00:00
4471,0.451,2026-09-24T08:24:59.777440+00:00
4472,0.45899999999999996,2026-09-24T08:24:59.777836+00:00
4473,0.40900000000000003,2026-09-24T08:24:59.778239+00:00
4474,0.43600000000000005,2026-09-24T08:24:59.778622+00:00
4475,0.424,2026-09-24T08:24:59.779029+00:00
4476,0.41300000000000003,2026-09-24T08:24:59.779391+00:00
4477,0.46599999999999997,2026-09-24T08:24:59.779837+00:00
4478,0.426,2026-09-24T08:24:59.780206+00:00
4479,0.46799999999999997,2026-09-24T08:24:59.780653+00:00
4480,0.443,2026-09-24T08:24:59.781040+00:00
4481,0.422,2026-09-24T08:24:59.781450+00:00
4482,0.47,2026-09-24T08:24:59.781860+00:00
4483,0.404,2026-09-24T08:24:59.782403+00:00
4484,0.46799999999999997,2026-09-24T08:24:59.782821+00:00
4485,0.437,2026-09-24T08:24:59.783238+00:00
4486,0.458,2026-09-24T08:24:59.783674+00:00
4487,0.46299999999999997,2026-09-24T08:24:59.784122+00:00
4488,0.45,2026-09-24T08:24:59.784517+00:00
4489,0.439,2026-09-24T08:24:59.784930+00:00
4490,0.432,2026-09-24T08:24:59.785321+00:00
4491,0.408,2026-09-24T08:24:59.785711+00:00
4492,0.423,2026-09-24T08:24:59.786072+00:00
4493,0.423,2026-09-24T08:24:59.786475+00:00
4494,0.432,2026-09-24T08:24:59.786902+00:00
4495,0.412,2026-09-24T08:24:59.787240+00:00
4496,0.42700000000000005,2026-09-24T08:24:59.787617+00:00
4497,0.433,2026-09-24T08:24:59.788028+00:00
4498,0.429,2026-09-24T08:24:59.788445+00:00
4499,0.472,2026-09-24T08:24:59.788851+00:00
4500,0.44499999999999995,2026-09-24T08:24:59.789238+00:00
4501,0.448,2026-09-24T08:24:59.789663+00:00
4502,0.426,2026-09-24T08:24:59.790089+00:00
4503,0.44499999999999995,2026-09-24T08:24:59.790475+00:00
4504,0.451,2026-09-24T08:24:59.790884+00:00
4505,0.455,2026-09-24T08:24:59.791295+00:00
4506,0.46,2026-09-24T08:24:59.791682+00:00
4507,0.444,2026-09-24T08:24:59.792103+00:00
4508,0.435,2026-09-24T08:24:59.792466+00:00
4509,0.419,2026-09-24T08:24:59.792861+00:00
4510,0.414,2026-09-24T08:24:59.793242+00:00
4511,0.465,2026-09-24T08:24:59.793675+00:00
4512,0.443,2026-09-24T08:24:59.794062+00:00
4513,0.417,2026-09-24T08:24:59.794466+00:00
4514,0.45899999999999996,2026-09-24T08:24:59.794885+00:00
4515,0.412,2026-09-24T08:24:59.795244+00:00
4516,0.426,2026-09-24T08:24:59.795628+00:00
4517,0.433,2026-09-24T08:24:59.796042+00:00
4518,0.434,2026-09-24T08:24:59.796445+00:00
4519,0.486,2026-09-24T08:24:59.796863+00:00
4520,0.546,2026-09-24T08:24:59.797349+00:00
4521,0.5760000000000001,2026-09-24T08:24:59.797878+00:00
4522,0.46299999999999997,2026-09-24T08:24:59.798331+00:00
4523,0.516,2026-09-24T08:24:59.798825+00:00
4524,0.43600000000000005,2026-09-24T08:24:59.799280+00:00
4525,0.446,2026-09-24T08:24:59.799674+00:00
4526,0.451,2026-09-24T08:24:59.800097+00:00
4527,0.432,2026-09-24T08:24:59.800468+00:00
4528,0.444,2026-09-24T08:24:59.800843+00:00
4529,0.44,2026-09-24T08:24:59.801258+00:00
4530,0.443,2026-09-24T08:24:59.801639+00:00
4531,0.415,2026-09-24T08:24:59.802023+00:00
4532,0.42700000000000005,2026-09-24T08:24:59.802406+00:00
4533,0.422,2026-09-24T08:24:59.802817+00:00
4534,0.414,2026-09-24T08:24:59.803190+00:00
4535,0.40099999999999997,2026-09-24T08:24:59.803585+00:00
4536,0.49200000000000005,2026-09-24T08:24:59.804023+00:00
4537,0.422,2026-09-24T08:24:59.804384+00:00
4538,0.464,2026-09-24T08:24:59.804818+00:00
4539,0.449,2026-09-24T08:24:59.805208+00:00
4540,0.437,2026-09-24T08:24:59.805596+00:00
4541,0.432,2026-09-24T08:24:59.806011+00:00
4542,0.41100000000000003,2026-09-24T08:24:59.806400+00:00
4543,0.429,2026-09-24T08:24:59.806821+00:00
4544,0.421,2026-09-24T08:24:59.807201+00:00
4545,0.426,2026-09-24T08:24:59.807615+00:00
4546,0.41100000000000003,2026-09-24T08:24:59.807963+00:00
4547,0.414,2026-09-24T08:24:59.808349+00:00
4548,0.448,2026-09-24T08:24:59.808748+00:00
4549,0.432,2026-09-24T08:24:59.809150+00:00
4550,0.447,2026-09-24T08:24:59.809573+00:00
4551,0.431,2026-09-24T08:24:59.809917+00:00
4552,0.41100000000000003,2026-09-24T08:24:59.810278+00:00
4553,0.421,2026-09-24T08:24:59.810687+00:00
4554,0.42000000000000004,2026-09-24T08:24:59.811053+00:00
4555,0.425,2026-09-24T08:24:59.811451+00:00
4556,1.137,2026-09-24T08:24:59.812527+00:00
4557,0.8170000000000001,2026-09-24T08:24:59.813343+00:00
4558,1.046,2026-09-24T08:24:59.814582+00:00
4559,0.709,2026-09-24T08:24:59.815342+00:00
4560,0.6,2026-09-24T08:24:59.815981+00:00
4561,0.6,2026-09-24T08:24:59.816601+00:00
4562,0.513,2026-09-24T08:24:59.817139+00:00
4563,0.5,2026-09-24T08:24:59.817614+00:00
4564,0.49299999999999994,2026-09-24T08:24:59.818074+00:00
4565,0.48700000000000004,2026-09-24T08:24:59.818527+00:00
4566,0.48700000000000004,2026-09-24T08:24:59.818980+00:00
4567,0.499,2026-09-24T08:24:59.819440+00:00
4568,0.519,2026-09-24T08:24:59.819914+00:00
4569,0.6719999999999999,2026-09-24T08:24:59.820558+00:00
4570,1.03,2026-09-24T08:24:59.821388+00:00
4571,1.96,2026-09-24T08:24:59.823160+00:00
4572,1.7,2026-09-24T08:24:59.823504+00:00
4573,1.358,2026-09-24T08:24:59.823656+00:00
4574,0.924,2026-09-24T08:24:59.823759+00:00
4575,0.639,2026-09-24T08:24:59.823958+00:00
4576,0.593,2026-09-24T08:24:59.824400+00:00
4577,0.5630000000000001,2026-09-24T08:24:59.824920+00:00
4578,0.514,2026-09-24T08:24:59.825407+00:00
4579,0.647,2026-09-24T08:24:59.826038+00:00
4580,0.8360000000000001,2026-09-24T08:24:59.826863+00:00
4581,0.778,2026-09-24T08:24:59.827342+00:00
4582,0.5519999999999999,2026-09-24T08:24:59.827713+00:00
4583,0.539,2026-09-24T08:24:59.828196+00:00
4584,0.519,2026-09-24T08:24:59.828698+00:00
4585,0.495,2026-09-24T08:24:59.829196+00:00
4586,0.46299999999999997,2026-09-24T08:24:59.829666+00:00
4587,0.46599999999999997,2026-09-24T08:24:59.830137+00:00
4588,0.458,2026-09-24T08:24:59.830603+00:00
4589,0.455,2026-09-24T08:24:59.831048+00:00
4590,0.47300000000000003,2026-09-24T08:24:59.831516+00:00
4591,0.67,2026-09-24T08:24:59.832187+00:00
4592,0.458,2026-09-24T08:24:59.832645+00:00
4593,0.451,2026-09-24T08:24:59.833100+00:00
4594,0.519,2026-09-24T08:24:59.833581+00:00
4595,0.5109999999999999,2026-09-24T08:24:59.834027+00:00
4596,0.46799999999999997,2026-09-24T08:24:59.834478+00:00
4597,0.474,2026-09-24T08:24:59.834944+00:00
4598,0.46599999999999997,2026-09-24T08:24:59.835346+00:00
4599,0.46799999999999997,2026-09-24T08:24:59.835786+00:00
4600,0.46900000000000003,2026-09-24T08:24:59.836197+00:00
4601,0.506,2026-09-24T08:24:59.836687+00:00
4602,0.889,2026-09-24T08:24:59.837516+00:00
4603,1.105,2026-09-24T08:24:59.838172+00:00
4604,1.006,2026-09-24T08:24:59.838513+00:00
4605,0.7739999999999999,2026-09-24T08:24:59.838693+00:00
4606,0.587,2026-09-24T08:24:59.838957+00:00
4607,0.911,2026-09-24T08:24:59.839730+00:00
4608,0.778,2026-09-24T08:24:59.840329+00:00
4609,0.911,2026-09-24T08:24:59.840893+00:00
4610,0.634,2026-09-24T08:24:59.841113+00:00
4611,0.522,2026-09-24T08:24:59.841433+00:00
4612,2.644,2026-09-24T08:24:59.843953+00:00
4613,2.428,2026-09-24T08:24:59.844178+00:00
4614,1.9689999999999999,2026-09-24T08:24:59.844436+00:00
4615,1.3290000000000002,2026-09-24T08:24:59.844568+00:00
4616,0.877,2026-09-24T08:24:59.844683+00:00
4617,0.62,2026-09-24T08:24:59.844899+00:00
4618,0.631,2026-09-24T08:24:59.845398+00:00
4619,0.6130000000000001,2026-09-24T08:24:59.845967+00:00
4620,0.565,2026-09-24T08:24:59.846438+00:00
4621,0.513,2026-09-24T08:24:59.846819+00:00
4622,0.44499999999999995,2026-09-24T08:24:59.847131+00:00
4623,0.851,2026-09-24T08:24:59.847898+00:00
4624,1.262,2026-09-24T08:24:59.848705+00:00
4625,1.125,2026-09-24T08:24:59.848947+00:00
4626,1.044,2026-09-24T08:24:59.849241+00:00
4627,0.9560000000000001,2026-09-24T08:24:59.849538+00:00
4628,0.7020000000000001,2026-09-24T08:24:59.849689+00:00
4629,0.607,2026-09-24T08:24:59.849944+00:00
4630,0.612,2026-09-24T08:24:59.850324+00:00
4631,0.536,2026-09-24T08:24:59.850610+00:00
4632,0.525,2026-09-24T08:24:59.850955+00:00
4633,0.5289999999999999,2026-09-24T08:24:59.851357+00:00
4634,0.49799999999999994,2026-09-24T08:24:59.851705+00:00
4635,0.517,2026-09-24T08:24:59.852108+00:00
4636,0.482,2026-09-24T08:24:59.852436+00:00
4637,0.585,2026-09-24T08:24:59.852915+00:00
4638,1.184,2026-09-24T08:24:59.854034+00:00
4639,0.6890000000000001,2026-09-24T08:24:59.854555+00:00
4640,0.796,2026-09-24T08:24:59.855123+00:00
4641,0.6859999999999999,2026-09-24T08:24:59.855497+00:00
4642,0.49,2026-09-24T08:24:59.855722+00:00
4643,0.514,2026-09-24T08:24:59.856149+00:00
4644,0.7789999999999999,2026-09-24T08:24:59.857072+00:00
4645,0.6970000000000001,2026-09-24T08:24:59.857494+00:00
4646,0.596,2026-09-24T08:24:59.857795+00:00
4647,0.608,2026-09-24T08:24:59.858203+00:00
4648,0.648,2026-09-24T08:24:59.858688+00:00
4649,0.63,2026-09-24T08:24:59.859163+00:00
4650,0.73,2026-09-24T08:24:59.859772+00:00
4651,0.745,2026-09-24T08:24:59.860380+00:00
4652,0.673,2026-09-24T08:24:59.860911+00:00
4653,0.532,2026-09-24T08:24:59.861321+00:00
4654,0.5640000000000001,2026-09-24T08:24:59.861848+00:00
4655,0.601,2026-09-24T08:24:59.862464+00:00
4656,0.58,2026-09-24T08:24:59.862942+00:00
4657,0.531,2026-09-24T08:24:59.863377+00:00
4658,0.9219999999999999,2026-09-24T08:24:59.864201+00:00
4659,0.68,2026-09-24T08:24:59.864630+00:00
4660,0.5630000000000001,2026-09-24T08:24:59.864941+00:00
4661,0.48000000000000004,2026-09-24T08:24:59.865316+00:00
4662,0.509,2026-09-24T08:24:59.865771+00:00
4663,0.47800000000000004,2026-09-24T08:24:59.866226+00:00
4664,0.519,2026-09-24T08:24:59.866693+00:00
4665,0.708,2026-09-24T08:24:59.867374+00:00
4666,0.716,2026-09-24T08:24:59.868042+00:00
4667,0.532,2026-09-24T08:24:59.868535+00:00
4668,0.456,2026-09-24T08:24:59.868988+00:00
4669,0.49200000000000005,2026-09-24T08:24:59.869439+00:00
4670,0.488,2026-09-24T08:24:59.869864+00:00
4671,0.434,2026-09-24T08:24:59.870298+00:00
4672,0.455,2026-09-24T08:24:59.870706+00:00
4673,0.44499999999999995,2026-09-24T08:24:59.871105+00:00
4674,0.447,2026-09-24T08:24:59.871504+00:00
4675,0.434,2026-09-24T08:24:59.871919+00:00
4676,0.438,2026-09-24T08:24:59.872347+00:00
4677,0.44,2026-09-24T08:24:59.872726+00:00
4678,0.42000000000000004,2026-09-24T08:24:59.873370+00:00
4679,0.46599999999999997,2026-09-24T08:24:59.873791+00:00
4680,0.484,2026-09-24T08:24:59.874265+00:00
4681,0.488,2026-09-24T08:24:59.874701+00:00
4682,0.47100000000000003,2026-09-24T08:24:59.875148+00:00
4683,0.491,2026-09-24T08:24:59.875623+00:00
4684,0.46,2026-09-24T08:24:59.876022+00:00
4685,0.439,2026-09-24T08:24:59.876439+00:00
4686,0.486,2026-09-24T08:24:59.876893+00:00
4687,0.443,2026-09-24T08:24:59.877268+00:00
4688,0.462,2026-09-24T08:24:59.877716+00:00
4689,0.472,2026-09-24T08:24:59.878136+00:00
4690,0.437,2026-09-24T08:24:59.878524+00:00
4691,0.45199999999999996,2026-09-24T08:24:59.878961+00:00
4692,0.55,2026-09-24T08:24:59.879495+00:00
4693,1.256,2026-09-24T08:24:59.880683+00:00
4694,0.525,2026-09-24T08:24:59.881194+00:00
4695,0.472,2026-09-24T08:24:59.881605+00:00
4696,0.495,2026-09-24T08:24:59.882081+00:00
4697,0.443,2026-09-24T08:24:59.882504+00:00
4698,0.895,2026-09-24T08:24:59.883376+00:00
4699,1.184,2026-09-24T08:24:59.884109+00:00
4700,1.231,2026-09-24T08:24:59.884535+00:00
4701,0.995,2026-09-24T08:24:59.884742+00:00
4702,1.38,2026-09-24T08:24:59.885620+00:00
4703,0.7060000000000001,2026-09-24T08:24:59.886218+00:00
4704,0.638,2026-09-24T08:24:59.886788+00:00
4705,0.549,2026-09-24T08:24:59.887167+00:00
4706,0.482,2026-09-24T08:24:59.887483+00:00
4707,0.5419999999999999,2026-09-24T08:24:59.887935+00:00
4708,0.479,2026-09-24T08:24:59.888300+00:00
4709,0.518,2026-09-24T08:24:59.888745+00:00
4710,0.488,2026-09-24T08:24:59.889121+00:00
4711,0.495,2026-09-24T08:24:59.889499+00:00
4712,0.624,2026-09-24T08:24:59.889990+00:00
4713,1.439,2026-09-24T08:24:59.891173+00:00
4714,1.057,2026-09-24T08:24:59.891823+00:00
4715,0.8009999999999999,2026-09-24T08:24:59.892031+00:00
4716,0.709,2026-09-24T08:24:59.892334+00:00
4717,0.605,2026-09-24T08:24:59.892601+00:00
4718,0.554,2026-09-24T08:24:59.892974+00:00
4719,0.47600000000000003,2026-09-24T08:24:59.893357+00:00
4720,0.495,2026-09-24T08:24:59.893727+00:00
4721,0.495,2026-09-24T08:24:59.894127+00:00
4722,0.537,2026-09-24T08:24:59.894564+00:00
4723,0.479,2026-09-24T08:24:59.894887+00:00
4724,0.731,2026-09-24T08:24:59.895520+00:00
4725,0.839,2026-09-24T08:24:59.896002+00:00
4726,0.5900000000000001,2026-09-24T08:24:59.896144+00:00
4727,0.506,2026-09-24T08:24:59.896442+00:00
4728,0.661,2026-09-24T08:24:59.896972+00:00
4729,0.49299999999999994,2026-09-24T08:24:59.897448+00:00
4730,0.46299999999999997,2026-09-24T08:24:59.897891+00:00
4731,0.421,2026-09-24T08:24:59.898257+00:00
4732,0.438,2026-09-24T08:24:59.898678+00:00
4733,0.419,2026-09-24T08:24:59.899087+00:00
4734,0.41300000000000003,2026-09-24T08:24:59.899444+00:00
4735,0.503,2026-09-24T08:24:59.899928+00:00
4736,0.444,2026-09-24T08:24:59.900324+00:00
4737,0.449,2026-09-24T08:24:59.900760+00:00
4738,0.40299999999999997,2026-09-24T08:24:59.901123+00:00
4739,0.412,2026-09-24T08:24:59.901523+00:00
4740,0.412,2026-09-24T08:24:59.901883+00:00
4741,0.40499999999999997,2026-09-24T08:24:59.902245+00:00
4742,0.46099999999999997,2026-09-24T08:24:59.902682+00:00
4743,0.431,2026-09-24T08:24:59.903098+00:00
4744,0.40900000000000003,2026-09-24T08:24:59.903459+00:00
4745,0.40099999999999997,2026-09-24T08:24:59.903849+00:00
4746,0.402,2026-09-24T08:24:59.904196+00:00
4747,0.632,2026-09-24T08:24:59.904807+00:00
4748,0.482,2026-09-24T08:24:59.905145+00:00
4749,0.47100000000000003,2026-09-24T08:24:59.905508+00:00
4750,0.46099999999999997,2026-09-24T08:24:59.905855+00:00
4751,0.416,2026-09-24T08:24:59.906171+00:00
4752,0.494,2026-09-24T08:24:59.906578+00:00
4753,0.41,2026-09-24T08:24:59.906858+00:00
4754,0.393,2026-09-24T08:24:59.907192+00:00
4755,0.412,2026-09-24T08:24:59.907590+00:00
4756,0.402,2026-09-24T08:24:59.907940+00:00
4757,0.514,2026-09-24T08:24:59.908434+00:00
4758,0.46900000000000003,2026-09-24T08:24:59.908822+00:00
4759,0.431,2026-09-24T08:24:59.909159+00:00
4760,0.45399999999999996,2026-09-24T08:24:59.909524+00:00
4761,0.424,2026-09-24T08:24:59.909853+00:00
4762,0.42000000000000004,2026-09-24T08:24:59.910189+00:00
4763,0.45199999999999996,2026-09-24T08:24:59.910562+00:00
4764,0.44499999999999995,2026-09-24T08:24:59.910901+00:00
4765,0.43600000000000005,2026-09-24T08:24:59.911240+00:00
4766,0.435,2026-09-24T08:24:59.911580+00:00
4767,0.448,2026-09-24T08:24:59.911940+00:00
4768,0.438,2026-09-24T08:24:59.912292+00:00
4769,0.455,2026-09-24T08:24:59.912661+00:00
4770,0.448,2026-09-24T08:24:59.913025+00:00
4771,0.428,2026-09-24T08:24:59.913348+00:00
4772,0.448,2026-09-24T08:24:59.913711+00:00
4773,0.438,2026-09-24T08:24:59.914067+00:00
4774,0.522,2026-09-24T08:24:59.914494+00:00
4775,0.998,2026-09-24T08:24:59.915336+00:00
4776,0.5630000000000001,2026-09-24T08:24:59.915775+00:00
4777,0.494,2026-09-24T08:24:59.916212+00:00
4778,0.727,2026-09-24T08:24:59.916932+00:00
4779,0.5670000000000001,2026-09-24T08:24:59.917259+00:00
4780,0.717,2026-09-24T08:24:59.917849+00:00
4781,1.095,2026-09-24T08:24:59.918580+00:00
4782,0.526,2026-09-24T08:24:59.918994+00:00
4783,0.43600000000000005,2026-09-24T08:24:59.919367+00:00
4784,0.477,2026-09-24T08:24:59.919831+00:00
4785,0.408,2026-09-24T08:24:59.920179+00:00
4786,0.453,2026-09-24T08:24:59.920618+00:00
4787,0.42000000000000004,2026-09-24T08:24:59.920988+00:00
4788,0.39,2026-09-24T08:24:59.921367+00:00
4789,0.41800000000000004,2026-09-24T08:24:59.921745+00:00
4790,0.488,2026-09-24T08:24:59.922211+00:00
4791,0.437,2026-09-24T08:24:59.922589+00:00
4792,0.425,2026-09-24T08:24:59.923008+00:00
4793,0.419,2026-09-24T08:24:59.923375+00:00
4794,0.442,2026-09-24T08:24:59.923801+00:00
4795,0.406,2026-09-24T08:24:59.924200+00:00
4796,0.541,2026-09-24T08:24:59.924690+00:00
4797,0.426,2026-09-24T08:24:59.925140+00:00
4798,0.437,2026-09-24T08:24:59.925542+00:00
4799,0.424,2026-09-24T08:24:59.925918+00:00
4800,0.422,2026-09-24T08:24:59.926313+00:00
4801,0.447,2026-09-24T08:24:59.926717+00:00
4802,0.41800000000000004,2026-09-24T08:24:59.927123+00:00
4803,0.424,2026-09-24T08:24:59.927503+00:00
4804,0.424,2026-09-24T08:24:59.927910+00:00
4805,0.408,2026-09-24T08:24:59.928306+00:00
4806,0.423,2026-09-24T08:24:59.928686+00:00
4807,0.406,2026-09-24T08:24:59.929082+00:00
4808,0.412,2026-09-24T08:24:59.929440+00:00
4809,0.6,2026-09-24T08:24:59.930029+00:00
4810,0.944,2026-09-24T08:24:59.930718+00:00
4811,0.455,2026-09-24T08:24:59.931129+00:00
4812,0.441,2026-09-24T08:24:59.931541+00:00
4813,0.43600000000000005,2026-09-24T08:24:59.931918+00:00
4814,0.441,2026-09-24T08:24:59.932337+00:00
4815,0.45199999999999996,2026-09-24T08:24:59.932743+00:00
4816,0.43600000000000005,2026-09-24T08:24:59.933161+00:00
4817,0.431,2026-09-24T08:24:59.933588+00:00
4818,0.448,2026-09-24T08:24:59.933986+00:00
4819,0.458,2026-09-24T08:24:59.934437+00:00
4820,0.484,2026-09-24T08:24:59.934859+00:00
4821,0.45199999999999996,2026-09-24T08:24:59.935290+00:00
4822,0.467,2026-09-24T08:24:59.935700+00:00
4823,0.41,2026-09-24T08:24:59.936044+00:00
4824,0.417,2026-09-24T08:24:59.936448+00:00
4825,0.46099999999999997,2026-09-24T08:24:59.936850+00:00
4826,0.5289999999999999,2026-09-24T08:24:59.937351+00:00
4827,0.447,2026-09-24T08:24:59.937718+00:00
4828,0.435,2026-09-24T08:24:59.938148+00:00
4829,0.455,2026-09-24T08:24:59.938555+00:00
4830,0.49299999999999994,2026-09-24T08:24:59.939029+00:00
4831,0.48500000000000004,2026-09-24T08:24:59.939491+00:00
4832,0.455,2026-09-24T08:24:59.939875+00:00
4833,0.41,2026-09-24T08:24:59.940251+00:00
4834,0.437,2026-09-24T08:24:59.940656+00:00
4835,0.429,2026-09-24T08:24:59.941023+00:00
4836,0.495,2026-09-24T08:24:59.941484+00:00
4837,0.46,2026-09-24T08:24:59.941923+00:00
4838,0.46099999999999997,2026-09-24T08:24:59.942357+00:00
4839,0.523,2026-09-24T08:24:59.942927+00:00
4840,0.449,2026-09-24T08:24:59.943360+00:00
4841,0.516,2026-09-24T08:24:59.943834+00:00
4842,0.474,2026-09-24T08:24:59.944259+00:00
4843,0.449,2026-09-24T08:24:59.944702+00:00
4844,0.456,2026-09-24T08:24:59.945104+00:00
4845,0.428,2026-09-24T08:24:59.945522+00:00
4846,0.484,2026-09-24T08:24:59.945960+00:00
4847,0.479,2026-09-24T08:24:59.946382+00:00
4848,0.467,2026-09-24T08:24:59.946834+00:00
4849,0.45399999999999996,2026-09-24T08:24:59.947245+00:00
4850,0.456,2026-09-24T08:24:59.947672+00:00
4851,0.434,2026-09-24T08:24:59.948054+00:00
4852,0.448,2026-09-24T08:24:59.948474+00:00
4853,0.443,2026-09-24T08:24:59.948848+00:00
4854,0.417,2026-09-24T08:24:59.949257+00:00
4855,0.448,2026-09-24T08:24:59.949656+00:00
4856,0.41300000000000003,2026-09-24T08:24:59.950049+00:00
4857,0.453,2026-09-24T08:24:59.950483+00:00
4858,0.48000000000000004,2026-09-24T08:24:59.950916+00:00
4859,0.457,2026-09-24T08:24:59.951317+00:00
4860,0.438,2026-09-24T08:24:59.951743+00:00
4861,0.431,2026-09-24T08:24:59.952111+00:00
4862,0.451,2026-09-24T08:24:59.952554+00:00
4863,0.456,2026-09-24T08:24:59.952945+00:00
4864,0.457,2026-09-24T08:24:59.953372+00:00
4865,0.45199999999999996,2026-09-24T08:24:59.953765+00:00
4866,0.425,2026-09-24T08:24:59.954186+00:00
4867,0.47,2026-09-24T08:24:59.954597+00:00
4868,0.496,2026-09-24T08:24:59.955067+00:00
4869,0.45199999999999996,2026-09-24T08:24:59.955463+00:00
4870,0.479,2026-09-24T08:24:59.955916+00:00
4871,0.414,2026-09-24T08:24:59.956277+00:00
4872,0.47300000000000003,2026-09-24T08:24:59.956728+00:00
4873,0.45199999999999996,2026-09-24T08:24:59.957136+00:00
4874,0.451,2026-09-24T08:24:59.957567+00:00
4875,0.43,2026-09-24T08:24:59.957943+00:00
4876,0.423,2026-09-24T08:24:59.958345+00:00
4877,0.467,2026-09-24T08:24:59.958782+00:00
4878,0.44,2026-09-24T08:24:59.959163+00:00
4879,0.43,2026-09-24T08:24:59.959580+00:00
4880,0.414,2026-09-24T08:24:59.959927+00:00
4881,0.416,2026-09-24T08:24:59.960321+00:00
4882,0.46299999999999997,2026-09-24T08:24:59.960761+00:00
4883,0.426,2026-09-24T08:24:59.961173+00:00
4884,0.49,2026-09-24T08:24:59.961605+00:00
4885,0.421,2026-09-24T08:24:59.962008+00:00
4886,0.404,2026-09-24T08:24:59.962349+00:00
4887,0.45899999999999996,2026-09-24T08:24:59.962788+00:00
4888,0.449,2026-09-24T08:24:59.963228+00:00
4889,0.444,2026-09-24T08:24:59.963614+00:00
4890,0.482,2026-09-24T08:24:59.964078+00:00
4891,0.441,2026-09-24T08:24:59.964468+00:00
4892,0.46,2026-09-24T08:24:59.964907+00:00
4893,0.45,2026-09-24T08:24:59.965336+00:00
4894,0.457,2026-09-24T08:24:59.965790+00:00
4895,0.433,2026-09-24T08:24:59.966173+00:00
4896,0.48000000000000004,2026-09-24T08:24:59.966646+00:00
4897,0.45199999999999996,2026-09-24T08:24:59.967027+00:00
4898,0.474,2026-09-24T08:24:59.967483+00:00
4899,0.47800000000000004,2026-09-24T08:24:59.967881+00:00
4900,0.45899999999999996,2026-09-24T08:24:59.968322+00:00
4901,0.433,2026-09-24T08:24:59.968693+00:00
4902,0.438,2026-09-24T08:24:59.969110+00:00
4903,0.423,2026-09-24T08:24:59.969511+00:00
4904,0.43600000000000005,2026-09-24T08:24:59.969957+00:00
4905,0.42700000000000005,2026-09-24T08:24:59.970337+00:00
4906,0.519,2026-09-24T08:24:59.970845+00:00
4907,0.46599999999999997,2026-09-24T08:24:59.971216+00:00
4908,0.47,2026-09-24T08:24:59.971619+00:00
4909,0.44499999999999995,2026-09-24T08:24:59.972047+00:00
4910,0.431,2026-09-24T08:24:59.972423+00:00
4911,0.46900000000000003,2026-09-24T08:24:59.972871+00:00
4912,0.40900000000000003,2026-09-24T08:24:59.973174+00:00
4913,0.43600000000000005,2026-09-24T08:24:59.973560+00:00
4914,0.451,2026-09-24T08:24:59.973966+00:00
4915,0.448,2026-09-24T08:24:59.974384+00:00
4916,0.47800000000000004,2026-09-24T08:24:59.974805+00:00
4917,0.435,2026-09-24T08:24:59.975218+00:00
4918,0.46599999999999997,2026-09-24T08:24:59.975670+00:00
4919,0.435,2026-09-24T08:24:59.976051+00:00
4920,0.419,2026-09-24T08:24:59.976447+00:00
4921,0.40299999999999997,2026-09-24T08:24:59.976844+00:00
4922,0.428,2026-09-24T08:24:59.977229+00:00
4923,0.443,2026-09-24T08:24:59.977640+00:00
4924,0.41300000000000003,2026-09-24T08:24:59.977996+00:00
4925,0.45199999999999996,2026-09-24T08:24:59.978421+00:00
4926,0.453,2026-09-24T08:24:59.978809+00:00
4927,0.425,2026-09-24T08:24:59.979231+00:00
4928,0.446,2026-09-24T08:24:59.979614+00:00
4929,0.448,2026-09-24T08:24:59.980045+00:00
4930,0.40700000000000003,2026-09-24T08:24:59.980402+00:00
4931,0.442,2026-09-24T08:24:59.980826+00:00
4932,0.444,2026-09-24T08:24:59.981238+00:00
4933,0.448,2026-09-24T08:24:59.981657+00:00
4934,0.439,2026-09-24T08:24:59.982043+00:00
4935,0.451,2026-09-24T08:24:59.982474+00:00
4936,0.458,2026-09-24T08:24:59.982916+00:00
4937,0.397,2026-09-24T08:24:59.983254+00:00
4938,0.426,2026-09-24T08:24:59.983671+00:00
4939,0.41,2026-09-24T08:24:59.984026+00:00
4940,0.414,2026-09-24T08:24:59.984408+00:00
4941,0.433,2026-09-24T08:24:59.984789+00:00
4942,0.434,2026-09-24T08:24:59.985202+00:00
4943,0.441,2026-09-24T08:24:59.985613+00:00
4944,0.441,2026-09-24T08:24:59.986000+00:00
4945,0.424,2026-09-24T08:24:59.986403+00:00
4946,0.457,2026-09-24T08:24:59.986831+00:00
4947,0.432,2026-09-24T08:24:59.987211+00:00
4948,0.46900000000000003,2026-09-24T08:24:59.987651+00:00
4949,0.41800000000000004,2026-09-24T08:24:59.987981+00:00
4950,0.41100000000000003,2026-09-24T08:24:59.988322+00:00
4951,0.431,2026-09-24T08:24:59.988693+00:00
4952,0.47,2026-09-24T08:24:59.989138+00:00
4953,0.425,2026-09-24T08:24:59.989508+00:00
4954,0.442,2026-09-24T08:24:59.989932+00:00
4955,0.433,2026-09-24T08:24:59.990357+00:00
4956,0.462,2026-09-24T08:24:59.990761+00:00
4957,0.47,2026-09-24T08:24:59.991215+00:00
4958,0.488,2026-09-24T08:24:59.991726+00:00
4959,0.435,2026-09-24T08:24:59.992142+00:00
4960,0.434,2026-09-24T08:24:59.992550+00:00
4961,0.442,2026-09-24T08:24:59.992961+00:00
4962,0.425,2026-09-24T08:24:59.993370+00:00
4963,0.462,2026-09-24T08:24:59.993786+00:00
4964,0.438,2026-09-24T08:24:59.994181+00:00
4965,0.43,2026-09-24T08:24:59.994554+00:00
4966,0.422,2026-09-24T08:24:59.994952+00:00
4967,0.40499999999999997,2026-09-24T08:24:59.995341+00:00
4968,0.458,2026-09-24T08:24:59.995764+00:00
4969,0.44499999999999995,2026-09-24T08:24:59.996171+00:00
4970,0.465,2026-09-24T08:24:59.996596+00:00
4971,0.43600000000000005,2026-09-24T08:24:59.997015+00:00
4972,0.439,2026-09-24T08:24:59.997444+00:00
4973,0.47,2026-09-24T08:24:59.997853+00:00
4974,0.44499999999999995,2026-09-24T08:24:59.998278+00:00
4975,0.448,2026-09-24T08:24:59.998678+00:00
4976,0.393,2026-09-24T08:24:59.999095+00:00
4977,0.45,2026-09-24T08:24:59.999526+00:00
4978,0.479,2026-09-24T08:24:59.999988+00:00
4979,0.8009999999999999,2026-09-24T08:25:00.000774+00:00
4980,1.4220000000000002,2026-09-24T08:25:00.001877+00:00
4981,0.914,2026-09-24T08:25:00.002394+00:00
4982,0.719,2026-09-24T08:25:00.002732+00:00
4983,0.6,2026-09-24T08:25:00.003119+00:00
4984,0.82,2026-09-24T08:25:00.003782+00:00
4985,0.871,2026-09-24T08:25:00.004216+00:00
4986,0.708,2026-09-24T08:25:00.004495+00:00
4987,0.625,2026-09-24T08:25:00.004841+00:00
4988,0.714,2026-09-24T08:25:00.005403+00:00
4989,1.0790000000000002,2026-09-24T08:25:00.006173+00:00
4990,0.6890000000000001,2026-09-24T08:25:00.006718+00:00
4991,0.533,2026-09-24T08:25:00.007064+00:00
4992,0.575,2026-09-24T08:25:00.007552+00:00
4993,0.772,2026-09-24T08:25:00.008176+00:00
4994,0.722,2026-09-24T08:25:00.008592+00:00
4995,0.641,2026-09-24T08:25:00.008901+00:00
4996,0.488,2026-09-24T08:25:00.009273+00:00
4997,0.491,2026-09-24T08:25:00.009670+00:00
4998,0.48899999999999993,2026-09-24T08:25:00.010084+00:00
4999,0.451,2026-09-24T08:25:00.010501+00:00
5000,0.484,2026-09-24T08:25:00.010961+00:00
5001,0.457,2026-09-24T08:25:00.011360+00:00
5002,0.46599999999999997,2026-09-24T08:25:00.011774+00:00
5003,0.423,2026-09-24T08:25:00.012191+00:00
5004,0.453,2026-09-24T08:25:00.012589+00:00
5005,0.42700000000000005,2026-09-24T08:25:00.013008+00:00
5006,0.504,2026-09-24T08:25:00.013463+00:00
5007,0.48700000000000004,2026-09-24T08:25:00.013891+00:00
5008,0.664,2026-09-24T08:25:00.014499+00:00
5009,0.9179999999999999,2026-09-24T08:25:00.015200+00:00
5010,0.7290000000000001,2026-09-24T08:25:00.015831+00:00
5011,0.605,2026-09-24T08:25:00.016376+00:00
5012,0.575,2026-09-24T08:25:00.016934+00:00
5013,0.505,2026-09-24T08:25:00.017424+00:00
5014,0.494,2026-09-24T08:25:00.017859+00:00
5015,0.491,2026-09-24T08:25:00.018327+00:00
5016,0.48500000000000004,2026-09-24T08:25:00.018799+00:00
5017,0.47600000000000003,2026-09-24T08:25:00.019232+00:00
5018,0.504,2026-09-24T08:25:00.019717+00:00
5019,0.494,2026-09-24T08:25:00.020189+00:00
5020,0.5339999999999999,2026-09-24T08:25:00.020700+00:00
5021,0.496,2026-09-24T08:25:00.021148+00:00
5022,0.435,2026-09-24T08:25:00.021569+00:00
5023,0.444,2026-09-24T08:25:00.021955+00:00
5024,0.431,2026-09-24T08:25:00.022371+00:00
5025,0.44,2026-09-24T08:25:00.022753+00:00
5026,0.426,2026-09-24T08:25:00.023172+00:00
5027,0.484,2026-09-24T08:25:00.023608+00:00
5028,0.45899999999999996,2026-09-24T08:25:00.024041+00:00
5029,0.449,2026-09-24T08:25:00.024424+00:00
5030,0.515,2026-09-24T08:25:00.024913+00:00
5031,0.43600000000000005,2026-09-24T08:25:00.025297+00:00
5032,0.439,2026-09-24T08:25:00.025724+00:00
5033,0.424,2026-09-24T08:25:00.026102+00:00
5034,0.442,2026-09-24T08:25:00.026521+00:00
5035,0.45199999999999996,2026-09-24T08:25:00.026940+00:00
5036,0.429,2026-09-24T08:25:00.027315+00:00
5037,0.438,2026-09-24T08:25:00.027732+00:00
5038,0.451,2026-09-24T08:25:00.028164+00:00
5039,0.432,2026-09-24T08:25:00.028535+00:00
5040,0.40700000000000003,2026-09-24T08:25:00.028932+00:00
5041,0.40299999999999997,2026-09-24T08:25:00.029294+00:00
5042,0.448,2026-09-24T08:25:00.029715+00:00
5043,0.41800000000000004,2026-09-24T08:25:00.030082+00:00
5044,0.431,2026-09-24T08:25:00.030494+00:00
5045,0.431,2026-09-24T08:25:00.030906+00:00
5046,0.432,2026-09-24T08:25:00.031318+00:00
5047,0.462,2026-09-24T08:25:00.031761+00:00
5048,0.735,2026-09-24T08:25:00.032453+00:00
5049,0.47800000000000004,2026-09-24T08:25:00.032860+00:00
5050,0.428,2026-09-24T08:25:00.033238+00:00
5051,0.43600000000000005,2026-09-24T08:25:00.033656+00:00
5052,0.433,2026-09-24T08:25:00.034037+00:00
5053,0.435,2026-09-24T08:25:00.034454+00:00
5054,0.455,2026-09-24T08:25:00.034853+00:00
5055,0.432,2026-09-24T08:25:00.035268+00:00
5056,0.425,2026-09-24T08:25:00.035673+00:00
5057,0.408,2026-09-24T08:25:00.036063+00:00
5058,0.431,2026-09-24T08:25:00.036441+00:00
5059,0.442,2026-09-24T08:25:00.036865+00:00
5060,0.422,2026-09-24T08:25:00.037266+00:00
5061,0.457,2026-09-24T08:25:00.037661+00:00
5062,0.425,2026-09-24T08:25:00.038036+00:00
5063,0.414,2026-09-24T08:25:00.038429+00:00
5064,0.426,2026-09-24T08:25:00.038821+00:00
5065,0.42700000000000005,2026-09-24T08:25:00.039230+00:00
5066,0.426,2026-09-24T08:25:00.039605+00:00
5067,0.49200000000000005,2026-09-24T08:25:00.040167+00:00
5068,0.441,2026-09-24T08:25:00.040585+00:00
5069,0.44499999999999995,2026-09-24T08:25:00.040996+00:00
5070,0.412,2026-09-24T08:25:00.041369+00:00
5071,0.453,2026-09-24T08:25:00.041782+00:00
5072,0.422,2026-09-24T08:25:00.042206+00:00
5073,2.817,2026-09-24T08:25:00.044972+00:00
5074,2.637,2026-09-24T08:25:00.045215+00:00
5075,2.568,2026-09-24T08:25:00.045512+00:00
5076,2.35,2026-09-24T08:25:00.045644+00:00
5077,2.059,2026-09-24T08:25:00.045743+00:00
5078,1.846,2026-09-24T08:25:00.045917+00:00
5079,1.5479999999999998,2026-09-24T08:25:00.046010+00:00
5080,1.351,2026-09-24T08:25:00.046198+00:00
5081,1.064,2026-09-24T08:25:00.046288+00:00
5082,0.696,2026-09-24T08:25:00.046368+00:00
5083,0.75,2026-09-24T08:25:00.046885+00:00
5084,0.622,2026-09-24T08:25:00.047219+00:00
5085,0.5630000000000001,2026-09-24T08:25:00.047525+00:00
5086,0.512,2026-09-24T08:25:00.047886+00:00
5087,0.442,2026-09-24T08:25:00.048223+00:00
5088,0.462,2026-09-24T08:25:00.048607+00:00
5089,0.47600000000000003,2026-09-24T08:25:00.049077+00:00
5090,0.447,2026-09-24T08:25:00.049460+00:00
5091,0.512,2026-09-24T08:25:00.049948+00:00
5092,0.46799999999999997,2026-09-24T08:25:00.050353+00:00
5093,0.486,2026-09-24T08:25:00.050820+00:00
5094,0.46099999999999997,2026-09-24T08:25:00.051263+00:00
5095,0.477,2026-09-24T08:25:00.051717+00:00
5096,0.437,2026-09-24T08:25:00.052095+00:00
5097,0.42000000000000004,2026-09-24T08:25:00.052510+00:00
5098,0.456,2026-09-24T08:25:00.052905+00:00
5099,0.446,2026-09-24T08:25:00.053334+00:00
5100,0.503,2026-09-24T08:25:00.053820+00:00
5101,0.443,2026-09-24T08:25:00.054188+00:00
5102,0.509,2026-09-24T08:25:00.054687+00:00
5103,0.46299999999999997,2026-09-24T08:25:00.055089+00:00
5104,0.585,2026-09-24T08:25:00.055646+00:00
5105,0.462,2026-09-24T08:25:00.056022+00:00
5106,0.46900000000000003,2026-09-24T08:25:00.056475+00:00
5107,0.486,2026-09-24T08:25:00.056889+00:00
5108,0.464,2026-09-24T08:25:00.057328+00:00
5109,0.455,2026-09-24T08:25:00.057732+00:00
5110,0.453,2026-09-24T08:25:00.058120+00:00
5111,0.784,2026-09-24T08:25:00.058885+00:00
5112,1.036,2026-09-24T08:25:00.059589+00:00
5113,0.504,2026-09-24T08:25:00.060042+00:00
5114,0.66,2026-09-24T08:25:00.060674+00:00
5115,1.131,2026-09-24T08:25:00.061573+00:00
5116,0.784,2026-09-24T08:25:00.062003+00:00
5117,0.6629999999999999,2026-09-24T08:25:00.062272+00:00
5118,0.509,2026-09-24T08:25:00.062521+00:00
5119,0.527,2026-09-24T08:25:00.062959+00:00
5120,0.505,2026-09-24T08:25:00.063311+00:00
5121,0.49200000000000005,2026-09-24T08:25:00.063649+00:00
5122,0.506,2026-09-24T08:25:00.064040+00:00
5123,0.48700000000000004,2026-09-24T08:25:00.064391+00:00
5124,0.462,2026-09-24T08:25:00.064726+00:00
5125,0.47100000000000003,2026-09-24T08:25:00.065100+00:00
5126,0.47300000000000003,2026-09-24T08:25:00.065461+00:00
5127,0.479,2026-09-24T08:25:00.065828+00:00
5128,0.441,2026-09-24T08:25:00.066162+00:00
5129,0.49200000000000005,2026-09-24T08:25:00.066576+00:00
5130,0.429,2026-09-24T08:25:00.066857+00:00
5131,0.449,2026-09-24T08:25:00.067221+00:00
5132,0.501,2026-09-24T08:25:00.067625+00:00
5133,0.521,2026-09-24T08:25:00.068066+00:00
5134,0.444,2026-09-24T08:25:00.068407+00:00
5135,0.53,2026-09-24T08:25:00.068833+00:00
5136,0.467,2026-09-24T08:25:00.069193+00:00
5137,0.483,2026-09-24T08:25:00.069561+00:00
5138,0.504,2026-09-24T08:25:00.069944+00:00
5139,0.456,2026-09-24T08:25:00.070286+00:00
5140,0.453,2026-09-24T08:25:00.070643+00:00
5141,0.465,2026-09-24T08:25:00.071018+00:00
5142,0.5339999999999999,2026-09-24T08:25:00.071555+00:00
5143,0.5,2026-09-24T08:25:00.071989+00:00
5144,0.499,2026-09-24T08:25:00.072448+00:00
5145,0.523,2026-09-24T08:25:00.072901+00:00
5146,0.483,2026-09-24T08:25:00.073316+00:00
5147,0.482,2026-09-24T08:25:00.073694+00:00
5148,0.521,2026-09-24T08:25:00.074123+00:00
5149,0.48899999999999993,2026-09-24T08:25:00.074512+00:00
5150,0.587,2026-09-24T08:25:00.075022+00:00
5151,0.533,2026-09-24T08:25:00.075507+00:00
5152,0.506,2026-09-24T08:25:00.075956+00:00
5153,0.475,2026-09-24T08:25:00.076378+00:00
5154,0.49799999999999994,2026-09-24T08:25:00.076825+00:00
5155,0.47,2026-09-24T08:25:00.077203+00:00
5156,0.508,2026-09-24T08:25:00.077617+00:00
5157,0.49,2026-09-24T08:25:00.078007+00:00
5158,0.48899999999999993,2026-09-24T08:25:00.078391+00:00
5159,0.45399999999999996,2026-09-24T08:25:00.078740+00:00
5160,0.482,2026-09-24T08:25:00.079123+00:00
5161,0.482,2026-09-24T08:25:00.079490+00:00
5162,0.496,2026-09-24T08:25:00.079862+00:00
5163,0.475,2026-09-24T08:25:00.080238+00:00
5164,0.477,2026-09-24T08:25:00.080623+00:00
5165,0.518,2026-09-24T08:25:00.081037+00:00
5166,0.592,2026-09-24T08:25:00.081543+00:00
5167,1.194,2026-09-24T08:25:00.082538+00:00
5168,0.8220000000000001,2026-09-24T08:25:00.083018+00:00
5169,0.559,2026-09-24T08:25:00.083405+00:00
5170,0.5950000000000001,2026-09-24T08:25:00.083935+00:00
5171,0.45899999999999996,2026-09-24T08:25:00.084304+00:00
5172,0.49799999999999994,2026-09-24T08:25:00.084733+00:00
5173,0.47,2026-09-24T08:25:00.085179+00:00
5174,0.528,2026-09-24T08:25:00.085638+00:00
5175,0.61,2026-09-24T08:25:00.086176+00:00
5176,0.521,2026-09-24T08:25:00.086638+00:00
5177,0.46900000000000003,2026-09-24T08:25:00.087012+00:00
5178,0.433,2026-09-24T08:25:00.087380+00:00
5179,0.472,2026-09-24T08:25:00.087834+00:00
5180,0.456,2026-09-24T08:25:00.088266+00:00
5181,0.46900000000000003,2026-09-24T08:25:00.088674+00:00
5182,0.502,2026-09-24T08:25:00.089156+00:00
5183,0.455,2026-09-24T08:25:00.089566+00:00
5184,0.491,2026-09-24T08:25:00.090035+00:00
5185,0.505,2026-09-24T08:25:00.090528+00:00
5186,0.46900000000000003,2026-09-24T08:25:00.090919+00:00
5187,0.45899999999999996,2026-09-24T08:25:00.091355+00:00
5188,0.522,2026-09-24T08:25:00.091832+00:00
5189,0.503,2026-09-24T08:25:00.092320+00:00
5190,0.462,2026-09-24T08:25:00.092717+00:00
5191,0.448,2026-09-24T08:25:00.093145+00:00
5192,0.48000000000000004,2026-09-24T08:25:00.093609+00:00
5193,0.448,2026-09-24T08:25:00.093989+00:00
5194,0.47100000000000003,2026-09-24T08:25:00.094438+00:00
5195,0.5199999999999999,2026-09-24T08:25:00.094928+00:00
5196,0.531,2026-09-24T08:25:00.095369+00:00
5197,0.481,2026-09-24T08:25:00.095729+00:00
5198,0.455,2026-09-24T08:25:00.096111+00:00
5199,0.524,2026-09-24T08:25:00.096606+00:00
5200,0.502,2026-09-24T08:25:00.096988+00:00
5201,0.46099999999999997,2026-09-24T08:25:00.097341+00:00
5202,0.483,2026-09-24T08:25:00.097762+00:00
5203,0.457,2026-09-24T08:25:00.098196+00:00
5204,0.45899999999999996,2026-09-24T08:25:00.098604+00:00
5205,0.453,2026-09-24T08:25:00.099038+00:00
5206,0.495,2026-09-24T08:25:00.099468+00:00
5207,0.589,2026-09-24T08:25:00.100006+00:00
5208,0.448,2026-09-24T08:25:00.100365+00:00
5209,0.546,2026-09-24T08:25:00.100848+00:00
5210,0.467,2026-09-24T08:25:00.101164+00:00
5211,0.512,2026-09-24T08:25:00.101573+00:00
5212,0.467,2026-09-24T08:25:00.101920+00:00
5213,0.48000000000000004,2026-09-24T08:25:00.102326+00:00
5214,0.467,2026-09-24T08:25:00.102697+00:00
5215,0.5339999999999999,2026-09-24T08:25:00.103193+00:00
5216,0.505,2026-09-24T08:25:00.103678+00:00
5217,0.47600000000000003,2026-09-24T08:25:00.104120+00:00
5218,0.47300000000000003,2026-09-24T08:25:00.104576+00:00
5219,0.49299999999999994,2026-09-24T08:25:00.105031+00:00
5220,0.46099999999999997,2026-09-24T08:25:00.105434+00:00
5221,0.484,2026-09-24T08:25:00.105868+00:00
5222,0.479,2026-09-24T08:25:00.106312+00:00
5223,0.49,2026-09-24T08:25:00.106761+00:00
5224,0.46599999999999997,2026-09-24T08:25:00.107175+00:00
5225,0.503,2026-09-24T08:25:00.107637+00:00
5226,0.462,2026-09-24T08:25:00.108044+00:00
5227,0.45,2026-09-24T08:25:00.108461+00:00
5228,0.49,2026-09-24T08:25:00.108919+00:00
5229,0.449,2026-09-24T08:25:00.109313+00:00
5230,0.439,2026-09-24T08:25:00.109697+00:00
5231,0.432,2026-09-24T08:25:00.110093+00:00
5232,0.46299999999999997,2026-09-24T08:25:00.110531+00:00
5233,0.439,2026-09-24T08:25:00.110914+00:00
5234,0.439,2026-09-24T08:25:00.111324+00:00
5235,0.474,2026-09-24T08:25:00.111738+00:00
5236,0.475,2026-09-24T08:25:00.112184+00:00
5237,0.479,2026-09-24T08:25:00.112581+00:00
5238,0.479,2026-09-24T08:25:00.112993+00:00
5239,0.482,2026-09-24T08:25:00.113455+00:00
5240,0.49299999999999994,2026-09-24T08:25:00.113900+00:00
5241,0.46099999999999997,2026-09-24T08:25:00.114338+00:00
5242,0.486,2026-09-24T08:25:00.114760+00:00
5243,0.433,2026-09-24T08:25:00.115113+00:00
5244,0.451,2026-09-24T08:25:00.115499+00:00
5245,0.448,2026-09-24T08:25:00.115927+00:00
5246,0.48000000000000004,2026-09-24T08:25:00.116389+00:00
5247,0.465,2026-09-24T08:25:00.116791+00:00
5248,0.509,2026-09-24T08:25:00.117361+00:00
5249,0.501,2026-09-24T08:25:00.117830+00:00
5250,0.514,2026-09-24T08:25:00.118290+00:00
5251,0.474,2026-09-24T08:25:00.118708+00:00
5252,0.45,2026-09-24T08:25:00.119146+00:00
5253,0.527,2026-09-24T08:25:00.119627+00:00
5254,0.481,2026-09-24T08:25:00.120036+00:00
5255,0.458,2026-09-24T08:25:00.120399+00:00
5256,0.49700000000000005,2026-09-24T08:25:00.120798+00:00
5257,0.566,2026-09-24T08:25:00.121264+00:00
5258,0.9380000000000001,2026-09-24T08:25:00.122471+00:00
5259,1.044,2026-09-24T08:25:00.123588+00:00
5260,1.191,2026-09-24T08:25:00.124469+00:00
5261,0.5900000000000001,2026-09-24T08:25:00.125038+00:00
5262,0.555,2026-09-24T08:25:00.125558+00:00
5263,0.504,2026-09-24T08:25:00.126029+00:00
5264,0.49,2026-09-24T08:25:00.126491+00:00
5265,0.475,2026-09-24T08:25:00.126947+00:00
5266,0.483,2026-09-24T08:25:00.127390+00:00
5267,0.49299999999999994,2026-09-24T08:25:00.127849+00:00
5268,0.477,2026-09-24T08:25:00.128292+00:00
5269,0.48000000000000004,2026-09-24T08:25:00.128755+00:00
5270,0.522,2026-09-24T08:25:00.129233+00:00
5271,0.467,2026-09-24T08:25:00.129703+00:00
5272,0.47600000000000003,2026-09-24T08:25:00.130157+00:00
5273,0.49799999999999994,2026-09-24T08:25:00.130612+00:00
5274,0.484,2026-09-24T08:25:00.131100+00:00
5275,0.46299999999999997,2026-09-24T08:25:00.131544+00:00
5276,0.809,2026-09-24T08:25:00.132502+00:00
5277,0.596,2026-09-24T08:25:00.133194+00:00
5278,0.565,2026-09-24T08:25:00.133780+00:00
5279,0.5,2026-09-24T08:25:00.134268+00:00
5280,0.516,2026-09-24T08:25:00.134769+00:00
5281,0.479,2026-09-24T08:25:00.135225+00:00
5282,0.491,2026-09-24T08:25:00.135691+00:00
5283,0.517,2026-09-24T08:25:00.136187+00:00
5284,0.47300000000000003,2026-09-24T08:25:00.136635+00:00
5285,0.455,2026-09-24T08:25:00.137068+00:00
5286,0.48500000000000004,2026-09-24T08:25:00.137540+00:00
5287,0.481,2026-09-24T08:25:00.137994+00:00
5288,0.524,2026-09-24T08:25:00.138487+00:00
5289,0.495,2026-09-24T08:25:00.138943+00:00
5290,0.453,2026-09-24T08:25:00.139378+00:00
5291,0.477,2026-09-24T08:25:00.139829+00:00
5292,0.46099999999999997,2026-09-24T08:25:00.140262+00:00
5293,0.46900000000000003,2026-09-24T08:25:00.140701+00:00
5294,0.49299999999999994,2026-09-24T08:25:00.141163+00:00
5295,0.495,2026-09-24T08:25:00.141631+00:00
5296,0.47,2026-09-24T08:25:00.142087+00:00
5297,0.475,2026-09-24T08:25:00.142530+00:00
5298,0.49700000000000005,2026-09-24T08:25:00.142993+00:00
5299,0.488,2026-09-24T08:25:00.143448+00:00
5300,0.5289999999999999,2026-09-24T08:25:00.143924+00:00
5301,0.465,2026-09-24T08:25:00.144363+00:00
5302,0.483,2026-09-24T08:25:00.144816+00:00
5303,0.449,2026-09-24T08:25:00.145234+00:00
5304,0.549,2026-09-24T08:25:00.145753+00:00
5305,0.508,2026-09-24T08:25:00.146195+00:00
5306,0.53,2026-09-24T08:25:00.146732+00:00
5307,0.47100000000000003,2026-09-24T08:25:00.147172+00:00
5308,0.48899999999999993,2026-09-24T08:25:00.147630+00:00
5309,0.458,2026-09-24T08:25:00.148065+00:00
5310,0.462,2026-09-24T08:25:00.148503+00:00
5311,0.6880000000000001,2026-09-24T08:25:00.149300+00:00
5312,0.545,2026-09-24T08:25:00.149834+00:00
5313,0.46099999999999997,2026-09-24T08:25:00.150266+00:00
5314,0.48899999999999993,2026-09-24T08:25:00.150726+00:00
5315,0.5,2026-09-24T08:25:00.151183+00:00
5316,0.708,2026-09-24T08:25:00.151862+00:00
5317,0.588,2026-09-24T08:25:00.152579+00:00
5318,0.55,2026-09-24T08:25:00.153191+00:00
5319,0.5479999999999999,2026-09-24T08:25:00.153819+00:00
5320,0.747,2026-09-24T08:25:00.154645+00:00
5321,1.029,2026-09-24T08:25:00.155559+00:00
5322,0.731,2026-09-24T08:25:00.156091+00:00
5323,0.575,2026-09-24T08:25:00.156714+00:00
5324,0.5469999999999999,2026-09-24T08:25:00.157307+00:00
5325,0.585,2026-09-24T08:25:00.157963+00:00
5326,0.5680000000000001,2026-09-24T08:25:00.158583+00:00
5327,0.5469999999999999,2026-09-24T08:25:00.159172+00:00
5328,0.5479999999999999,2026-09-24T08:25:00.159781+00:00
5329,0.5820000000000001,2026-09-24T08:25:00.160325+00:00
5330,0.565,2026-09-24T08:25:00.160867+00:00
5331,0.45,2026-09-24T08:25:00.161287+00:00
5332,0.45399999999999996,2026-09-24T08:25:00.161736+00:00
5333,0.442,2026-09-24T08:25:00.162127+00:00
5334,0.456,2026-09-24T08:25:00.162574+00:00
5335,0.46,2026-09-24T08:25:00.162947+00:00
5336,0.441,2026-09-24T08:25:00.163329+00:00
5337,0.48000000000000004,2026-09-24T08:25:00.163800+00:00
5338,0.45,2026-09-24T08:25:00.164184+00:00
5339,0.46299999999999997,2026-09-24T08:25:00.164619+00:00
5340,0.465,2026-09-24T08:25:00.165020+00:00
5341,0.465,2026-09-24T08:25:00.165468+00:00
5342,0.47,2026-09-24T08:25:00.165934+00:00
5343,0.474,2026-09-24T08:25:00.166351+00:00
5344,0.55,2026-09-24T08:25:00.166849+00:00
5345,0.6809999999999999,2026-09-24T08:25:00.167508+00:00
5346,0.699,2026-09-24T08:25:00.168302+00:00
5347,0.648,2026-09-24T08:25:00.169161+00:00
5348,0.656,2026-09-24T08:25:00.169994+00:00
5349,0.633,2026-09-24T08:25:00.170806+00:00
5350,0.596,2026-09-24T08:25:00.171580+00:00
5351,0.482,2026-09-24T08:25:00.172098+00:00
5352,0.45399999999999996,2026-09-24T08:25:00.172545+00:00
5353,0.43600000000000005,2026-09-24T08:25:00.172975+00:00
5354,0.441,2026-09-24T08:25:00.173386+00:00
5355,0.46599999999999997,2026-09-24T08:25:00.173830+00:00
5356,0.48000000000000004,2026-09-24T08:25:00.174275+00:00
5357,0.47600000000000003,2026-09-24T08:25:00.174721+00:00
5358,0.5609999999999999,2026-09-24T08:25:00.175238+00:00
5359,0.537,2026-09-24T08:25:00.175842+00:00
5360,0.731,2026-09-24T08:25:00.176811+00:00
5361,0.518,2026-09-24T08:25:00.177394+00:00
5362,0.502,2026-09-24T08:25:00.177908+00:00
5363,0.47300000000000003,2026-09-24T08:25:00.178376+00:00
5364,0.49700000000000005,2026-09-24T08:25:00.178826+00:00
5365,0.477,2026-09-24T08:25:00.179289+00:00
5366,0.46299999999999997,2026-09-24T08:25:00.179734+00:00
5367,0.44499999999999995,2026-09-24T08:25:00.180149+00:00
5368,0.46,2026-09-24T08:25:00.180577+00:00
5369,0.455,2026-09-24T08:25:00.181011+00:00
5370,0.442,2026-09-24T08:25:00.181447+00:00
5371,0.523,2026-09-24T08:25:00.181925+00:00
5372,0.5,2026-09-24T08:25:00.182377+00:00
5373,0.494,2026-09-24T08:25:00.182934+00:00
5374,0.47800000000000004,2026-09-24T08:25:00.183353+00:00
5375,0.5,2026-09-24T08:25:00.183836+00:00
5376,0.579,2026-09-24T08:25:00.184398+00:00
5377,0.486,2026-09-24T08:25:00.184823+00:00
5378,0.449,2026-09-24T08:25:00.185255+00:00
5379,0.48899999999999993,2026-09-24T08:25:00.185727+00:00
5380,0.465,2026-09-24T08:25:00.186132+00:00
5381,0.465,2026-09-24T08:25:00.186579+00:00
5382,0.46799999999999997,2026-09-24T08:25:00.187028+00:00
5383,0.444,2026-09-24T08:25:00.187462+00:00
5384,0.46799999999999997,2026-09-24T08:25:00.187866+00:00
5385,0.415,2026-09-24T08:25:00.188246+00:00
5386,0.434,2026-09-24T08:25:00.188672+00:00
5387,0.467,2026-09-24T08:25:00.189127+00:00
5388,0.78,2026-09-24T08:25:00.190100+00:00
5389,0.519,2026-09-24T08:25:00.190639+00:00
5390,0.746,2026-09-24T08:25:00.191641+00:00
5391,0.5289999999999999,2026-09-24T08:25:00.192227+00:00
5392,0.533,2026-09-24T08:25:00.192761+00:00
5393,0.6809999999999999,2026-09-24T08:25:00.193612+00:00
5394,0.51,2026-09-24T08:25:00.194172+00:00
5395,0.513,2026-09-24T08:25:00.194651+00:00
5396,0.496,2026-09-24T08:25:00.195098+00:00
5397,0.45399999999999996,2026-09-24T08:25:00.195502+00:00
5398,0.44499999999999995,2026-09-24T08:25:00.195942+00:00
5399,0.438,2026-09-24T08:25:00.196333+00:00
5400,0.5109999999999999,2026-09-24T08:25:00.196837+00:00
5401,0.434,2026-09-24T08:25:00.197300+00:00
5402,0.69,2026-09-24T08:25:00.198184+00:00
5403,0.5599999999999999,2026-09-24T08:25:00.198806+00:00
5404,0.49700000000000005,2026-09-24T08:25:00.199282+00:00
5405,0.505,2026-09-24T08:25:00.199780+00:00
5406,0.545,2026-09-24T08:25:00.200278+00:00
5407,0.5900000000000001,2026-09-24T08:25:00.200847+00:00
5408,0.5,2026-09-24T08:25:00.201307+00:00
5409,0.566,2026-09-24T08:25:00.201885+00:00
5410,0.505,2026-09-24T08:25:00.202292+00:00
5411,0.6539999999999999,2026-09-24T08:25:00.203147+00:00
5412,0.505,2026-09-24T08:25:00.203641+00:00
5413,0.453,2026-09-24T08:25:00.204075+00:00
5414,0.45899999999999996,2026-09-24T08:25:00.204516+00:00
5415,0.481,2026-09-24T08:25:00.204965+00:00
5416,0.442,2026-09-24T08:25:00.205384+00:00
5417,0.48000000000000004,2026-09-24T08:25:00.205853+00:00
5418,0.439,2026-09-24T08:25:00.206268+00:00
5419,0.474,2026-09-24T08:25:00.206724+00:00
5420,0.444,2026-09-24T08:25:00.207135+00:00
5421,0.447,2026-09-24T08:25:00.207551+00:00
5422,0.46099999999999997,2026-09-24T08:25:00.207980+00:00
5423,0.429,2026-09-24T08:25:00.208392+00:00
5424,0.441,2026-09-24T08:25:00.208818+00:00
5425,0.453,2026-09-24T08:25:00.209261+00:00
5426,0.45,2026-09-24T08:25:00.209691+00:00
5427,0.422,2026-09-24T08:25:00.210102+00:00
5428,0.43600000000000005,2026-09-24T08:25:00.210516+00:00
5429,0.437,2026-09-24T08:25:00.210936+00:00
5430,0.432,2026-09-24T08:25:00.211332+00:00
5431,0.448,2026-09-24T08:25:00.211750+00:00
5432,0.457,2026-09-24T08:25:00.212174+00:00
5433,0.446,2026-09-24T08:25:00.212603+00:00
5434,0.449,2026-09-24T08:25:00.213032+00:00
5435,0.437,2026-09-24T08:25:00.213459+00:00
5436,0.46299999999999997,2026-09-24T08:25:00.213896+00:00
5437,0.447,2026-09-24T08:25:00.214309+00:00
5438,0.629,2026-09-24T08:25:00.214915+00:00
5439,0.761,2026-09-24T08:25:00.215796+00:00
5440,0.562,2026-09-24T08:25:00.216401+00:00
5441,0.537,2026-09-24T08:25:00.216932+00:00
5442,0.49799999999999994,2026-09-24T08:25:00.217407+00:00
5443,0.531,2026-09-24T08:25:00.217923+00:00
5444,0.479,2026-09-24T08:25:00.218381+00:00
5445,0.521,2026-09-24T08:25:00.218886+00:00
5446,0.49,2026-09-24T08:25:00.219347+00:00
5447,0.5569999999999999,2026-09-24T08:25:00.219875+00:00
5448,0.6579999999999999,2026-09-24T08:25:00.220679+00:00
5449,0.5289999999999999,2026-09-24T08:25:00.221299+00:00
5450,0.69,2026-09-24T08:25:00.222078+00:00
5451,0.5419999999999999,2026-09-24T08:25:00.222656+00:00
5452,0.545,2026-09-24T08:25:00.223279+00:00
5453,0.584,2026-09-24T08:25:00.223945+00:00
5454,0.559,2026-09-24T08:25:00.224588+00:00
5455,0.549,2026-09-24T08:25:00.225195+00:00
5456,0.537,2026-09-24T08:25:00.225686+00:00
5457,0.47800000000000004,2026-09-24T08:25:00.226113+00:00
5458,0.477,2026-09-24T08:25:00.226541+00:00
5459,0.437,2026-09-24T08:25:00.226893+00:00
5460,0.431,2026-09-24T08:25:00.227274+00:00
5461,0.433,2026-09-24T08:25:00.227679+00:00
5462,0.438,2026-09-24T08:25:00.228055+00:00
5463,0.398,2026-09-24T08:25:00.228390+00:00
5464,0.433,2026-09-24T08:25:00.228812+00:00
5465,0.4,2026-09-24T08:25:00.229193+00:00
5466,0.424,2026-09-24T08:25:00.229604+00:00
5467,0.45399999999999996,2026-09-24T08:25:00.230002+00:00
5468,0.42000000000000004,2026-09-24T08:25:00.230353+00:00
5469,0.41800000000000004,2026-09-24T08:25:00.230708+00:00
5470,0.45899999999999996,2026-09-24T08:25:00.231105+00:00
5471,0.451,2026-09-24T08:25:00.231493+00:00
5472,0.434,2026-09-24T08:25:00.231877+00:00
5473,0.415,2026-09-24T08:25:00.232279+00:00
5474,0.483,2026-09-24T08:25:00.232713+00:00
5475,0.45,2026-09-24T08:25:00.233078+00:00
5476,0.447,2026-09-24T08:25:00.233471+00:00
5477,0.45199999999999996,2026-09-24T08:25:00.233890+00:00
5478,0.45399999999999996,2026-09-24T08:25:00.234290+00:00
5479,0.448,2026-09-24T08:25:00.234674+00:00
5480,0.439,2026-09-24T08:25:00.235092+00:00
5481,0.42700000000000005,2026-09-24T08:25:00.235507+00:00
5482,0.446,2026-09-24T08:25:00.235909+00:00
5483,0.45,2026-09-24T08:25:00.236315+00:00
5484,0.425,2026-09-24T08:25:00.236714+00:00
5485,0.41,2026-09-24T08:25:00.237062+00:00
5486,0.45399999999999996,2026-09-24T08:25:00.237487+00:00
5487,0.44499999999999995,2026-09-24T08:25:00.237869+00:00
5488,0.431,2026-09-24T08:25:00.238269+00:00
5489,0.425,2026-09-24T08:25:00.238673+00:00
5490,0.40900000000000003,2026-09-24T08:25:00.239080+00:00
5491,0.43600000000000005,2026-09-24T08:25:00.239475+00:00
5492,0.46,2026-09-24T08:25:00.239907+00:00
5493,0.429,2026-09-24T08:25:00.240278+00:00
5494,0.46099999999999997,2026-09-24T08:25:00.240714+00:00
5495,0.41,2026-09-24T08:25:00.241067+00:00
5496,0.425,2026-09-24T08:25:00.241467+00:00
5497,0.433,2026-09-24T08:25:00.241865+00:00
5498,0.439,2026-09-24T08:25:00.242282+00:00
5499,0.442,2026-09-24T08:25:00.242667+00:00
5500,0.43600000000000005,2026-09-24T08:25:00.243077+00:00
5501,0.435,2026-09-24T08:25:00.243455+00:00
5502,0.46299999999999997,2026-09-24T08:25:00.243888+00:00
5503,0.429,2026-09-24T08:25:00.244259+00:00
5504,0.447,2026-09-24T08:25:00.244683+00:00
5505,0.424,2026-09-24T08:25:00.245078+00:00
5506,0.442,2026-09-24T08:25:00.245466+00:00
5507,0.441,2026-09-24T08:25:00.245845+00:00
5508,0.439,2026-09-24T08:25:00.246261+00:00
5509,0.482,2026-09-24T08:25:00.246676+00:00
5510,0.467,2026-09-24T08:25:00.247121+00:00
5511,0.455,2026-09-24T08:25:00.247517+00:00
5512,0.449,2026-09-24T08:25:00.247912+00:00
5513,0.437,2026-09-24T08:25:00.248325+00:00
5514,0.431,2026-09-24T08:25:00.248696+00:00
5515,0.40499999999999997,2026-09-24T08:25:00.249053+00:00
5516,0.433,2026-09-24T08:25:00.249463+00:00
5517,0.451,2026-09-24T08:25:00.249845+00:00
5518,0.428,2026-09-24T08:25:00.250230+00:00
5519,0.43600000000000005,2026-09-24T08:25:00.250624+00:00
5520,0.447,2026-09-24T08:25:00.251044+00:00
5521,0.419,2026-09-24T08:25:00.251397+00:00
5522,0.504,2026-09-24T08:25:00.251880+00:00
5523,0.467,2026-09-24T08:25:00.252269+00:00
5524,0.446,2026-09-24T08:25:00.252646+00:00
5525,0.432,2026-09-24T08:25:00.253069+00:00
5526,0.457,2026-09-24T08:25:00.253469+00:00
5527,0.455,2026-09-24T08:25:00.253848+00:00
5528,0.423,2026-09-24T08:25:00.254265+00:00
5529,0.45399999999999996,2026-09-24T08:25:00.254663+00:00
5530,0.456,2026-09-24T08:25:00.255104+00:00
5531,0.442,2026-09-24T08:25:00.255480+00:00
5532,0.465,2026-09-24T08:25:00.255922+00:00
5533,0.448,2026-09-24T08:25:00.256297+00:00
5534,0.446,2026-09-24T08:25:00.256685+00:00
5535,0.45199999999999996,2026-09-24T08:25:00.257083+00:00
5536,0.449,2026-09-24T08:25:00.257505+00:00
5537,0.46099999999999997,2026-09-24T08:25:00.257886+00:00
5538,0.46,2026-09-24T08:25:00.258281+00:00
5539,0.44499999999999995,2026-09-24T08:25:00.258660+00:00
5540,0.45,2026-09-24T08:25:00.259084+00:00
5541,0.442,2026-09-24T08:25:00.259459+00:00
5542,0.423,2026-09-24T08:25:00.259877+00:00
5543,0.4,2026-09-24T08:25:00.260234+00:00
5544,0.416,2026-09-24T08:25:00.260637+00:00
5545,0.412,2026-09-24T08:25:00.260988+00:00
5546,0.429,2026-09-24T08:25:00.261396+00:00
5547,0.49200000000000005,2026-09-24T08:25:00.261845+00:00
5548,0.428,2026-09-24T08:25:00.262239+00:00
5549,0.45899999999999996,2026-09-24T08:25:00.262670+00:00
5550,0.5609999999999999,2026-09-24T08:25:00.263174+00:00
5551,0.431,2026-09-24T08:25:00.263524+00:00
5552,1.632,2026-09-24T08:25:00.265101+00:00
5553,0.633,2026-09-24T08:25:00.265721+00:00
5554,0.628,2026-09-24T08:25:00.266326+00:00
5555,0.69,2026-09-24T08:25:00.266955+00:00
5556,0.764,2026-09-24T08:25:00.267770+00:00
5557,0.585,2026-09-24T08:25:00.268273+00:00
5558,0.546,2026-09-24T08:25:00.268791+00:00
5559,0.45199999999999996,2026-09-24T08:25:00.269185+00:00
5560,0.449,2026-09-24T08:25:00.269608+00:00
5561,0.444,2026-09-24T08:25:00.269994+00:00
5562,0.43600000000000005,2026-09-24T08:25:00.270376+00:00
5563,0.448,2026-09-24T08:25:00.270751+00:00
5564,0.415,2026-09-24T08:25:00.271145+00:00
5565,0.443,2026-09-24T08:25:00.271563+00:00
5566,0.40900000000000003,2026-09-24T08:25:00.271886+00:00
5567,0.41100000000000003,2026-09-24T08:25:00.272244+00:00
5568,0.41800000000000004,2026-09-24T08:25:00.272628+00:00
5569,0.443,2026-09-24T08:25:00.273050+00:00
5570,0.43,2026-09-24T08:25:00.273394+00:00
5571,0.426,2026-09-24T08:25:00.273765+00:00
5572,0.44,2026-09-24T08:25:00.274179+00:00
5573,0.425,2026-09-24T08:25:00.274549+00:00
5574,0.416,2026-09-24T08:25:00.274952+00:00
5575,0.419,2026-09-24T08:25:00.275316+00:00
5576,0.47600000000000003,2026-09-24T08:25:00.275768+00:00
5577,0.46799999999999997,2026-09-24T08:25:00.276227+00:00
5578,0.499,2026-09-24T08:25:00.276656+00:00
5579,0.432,2026-09-24T08:25:00.277026+00:00
5580,0.446,2026-09-24T08:25:00.277455+00:00
5581,0.435,2026-09-24T08:25:00.277817+00:00
5582,0.447,2026-09-24T08:25:00.278246+00:00
5583,0.449,2026-09-24T08:25:00.278634+00:00
5584,0.47,2026-09-24T08:25:00.279072+00:00
5585,0.429,2026-09-24T08:25:00.279437+00:00
5586,0.465,2026-09-24T08:25:00.279873+00:00
5587,0.451,2026-09-24T08:25:00.280266+00:00
5588,0.45399999999999996,2026-09-24T08:25:00.280697+00:00
5589,0.426,2026-09-24T08:25:00.281112+00:00
5590,0.443,2026-09-24T08:25:00.281505+00:00
5591,0.424,2026-09-24T08:25:00.281876+00:00
5592,0.40499999999999997,2026-09-24T08:25:00.282271+00:00
5593,0.43600000000000005,2026-09-24T08:25:00.282651+00:00
5594,0.45,2026-09-24T08:25:00.283078+00:00
5595,0.451,2026-09-24T08:25:00.283477+00:00
5596,0.425,2026-09-24T08:25:00.283863+00:00
5597,0.422,2026-09-24T08:25:00.284263+00:00
5598,0.437,2026-09-24T08:25:00.284696+00:00
5599,0.429,2026-09-24T08:25:00.285054+00:00
5600,0.45,2026-09-24T08:25:00.285489+00:00
5601,0.453,2026-09-24T08:25:00.285887+00:00
5602,0.446,2026-09-24T08:25:00.286313+00:00
5603,0.431,2026-09-24T08:25:00.286732+00:00
5604,0.415,2026-09-24T08:25:00.287075+00:00
5605,0.41,2026-09-24T08:25:00.287432+00:00
5606,0.39599999999999996,2026-09-24T08:25:00.287819+00:00
5607,0.416,2026-09-24T08:25:00.288183+00:00
5608,0.435,2026-09-24T08:25:00.288597+00:00
5609,0.444,2026-09-24T08:25:00.289025+00:00
5610,0.42000000000000004,2026-09-24T08:25:00.289390+00:00
5611,0.449,2026-09-24T08:25:00.289782+00:00
5612,0.419,2026-09-24T08:25:00.290175+00:00
5613,0.406,2026-09-24T08:25:00.290525+00:00
5614,0.41300000000000003,2026-09-24T08:25:00.290927+00:00
5615,0.41300000000000003,2026-09-24T08:25:00.291285+00:00
5616,0.402,2026-09-24T08:25:00.291637+00:00
5617,0.481,2026-09-24T08:25:00.292098+00:00
5618,0.499,2026-09-24T08:25:00.292582+00:00
5619,0.46799999999999997,2026-09-24T08:25:00.292995+00:00
5620,0.484,2026-09-24T08:25:00.293458+00:00
5621,0.453,2026-09-24T08:25:00.293872+00:00
5622,0.46599999999999997,2026-09-24T08:25:00.294317+00:00
5623,0.47100000000000003,2026-09-24T08:25:00.294729+00:00
5624,0.486,2026-09-24T08:25:00.295197+00:00
5625,0.47800000000000004,2026-09-24T08:25:00.295567+00:00
5626,0.44499999999999995,2026-09-24T08:25:00.295900+00:00
5627,0.43600000000000005,2026-09-24T08:25:00.296264+00:00
5628,0.424,2026-09-24T08:25:00.296653+00:00
5629,0.442,2026-09-24T08:25:00.297069+00:00
5630,0.467,2026-09-24T08:25:00.297479+00:00
5631,0.46799999999999997,2026-09-24T08:25:00.297853+00:00
5632,0.393,2026-09-24T08:25:00.298189+00:00
5633,0.421,2026-09-24T08:25:00.298588+00:00
5634,0.416,2026-09-24T08:25:00.298991+00:00
5635,0.431,2026-09-24T08:25:00.299367+00:00
5636,0.45399999999999996,2026-09-24T08:25:00.299794+00:00
5637,0.426,2026-09-24T08:25:00.300153+00:00
5638,0.441,2026-09-24T08:25:00.300570+00:00
5639,0.44499999999999995,2026-09-24T08:25:00.300958+00:00
5640,0.433,2026-09-24T08:25:00.301369+00:00
5641,0.5820000000000001,2026-09-24T08:25:00.301927+00:00
5642,0.43,2026-09-24T08:25:00.302429+00:00
5643,0.841,2026-09-24T08:25:00.303644+00:00
5644,0.597,2026-09-24T08:25:00.304362+00:00
5645,0.6890000000000001,2026-09-24T08:25:00.305239+00:00
5646,0.633,2026-09-24T08:25:00.306104+00:00
5647,0.662,2026-09-24T08:25:00.306939+00:00
5648,0.519,2026-09-24T08:25:00.307475+00:00
5649,0.46099999999999997,2026-09-24T08:25:00.307961+00:00
5650,0.447,2026-09-24T08:25:00.308416+00:00
5651,0.475,2026-09-24T08:25:00.308863+00:00
5652,0.433,2026-09-24T08:25:00.309261+00:00
5653,0.443,2026-09-24T08:25:00.309687+00:00
5654,0.45399999999999996,2026-09-24T08:25:00.310121+00:00
5655,0.48000000000000004,2026-09-24T08:25:00.310544+00:00
5656,0.45899999999999996,2026-09-24T08:25:00.310971+00:00
5657,0.449,2026-09-24T08:25:00.311377+00:00
5658,0.8350000000000001,2026-09-24T08:25:00.312212+00:00
5659,0.484,2026-09-24T08:25:00.312711+00:00
5660,0.46599999999999997,2026-09-24T08:25:00.313134+00:00
5661,0.46,2026-09-24T08:25:00.313545+00:00
5662,0.42700000000000005,2026-09-24T08:25:00.313959+00:00
5663,0.431,2026-09-24T08:25:00.314334+00:00
5664,0.49,2026-09-24T08:25:00.314774+00:00
5665,0.47600000000000003,2026-09-24T08:25:00.315197+00:00
5666,0.432,2026-09-24T08:25:00.315596+00:00
5667,0.47300000000000003,2026-09-24T08:25:00.316038+00:00
5668,0.457,2026-09-24T08:25:00.316420+00:00
5669,0.47800000000000004,2026-09-24T08:25:00.316830+00:00
5670,0.41,2026-09-24T08:25:00.317235+00:00
5671,0.48000000000000004,2026-09-24T08:25:00.317655+00:00
5672,0.449,2026-09-24T08:25:00.318036+00:00
5673,0.6579999999999999,2026-09-24T08:25:00.318674+00:00
5674,0.88,2026-09-24T08:25:00.319752+00:00
5675,0.656,2026-09-24T08:25:00.320358+00:00
5676,0.777,2026-09-24T08:25:00.321050+00:00
5677,0.614,2026-09-24T08:25:00.321647+00:00
5678,0.585,2026-09-24T08:25:00.322143+00:00
5679,0.721,2026-09-24T08:25:00.322796+00:00
5680,0.957,2026-09-24T08:25:00.323553+00:00
5681,0.603,2026-09-24T08:25:00.324109+00:00
5682,0.512,2026-09-24T08:25:00.324590+00:00
5683,0.504,2026-09-24T08:25:00.325080+00:00
5684,0.594,2026-09-24T08:25:00.325669+00:00
5685,0.555,2026-09-24T08:25:00.326188+00:00
5686,0.721,2026-09-24T08:25:00.326832+00:00
5687,0.9810000000000001,2026-09-24T08:25:00.327516+00:00
5688,0.503,2026-09-24T08:25:00.327949+00:00
5689,0.467,2026-09-24T08:25:00.328396+00:00
5690,0.48899999999999993,2026-09-24T08:25:00.328867+00:00
5691,0.422,2026-09-24T08:25:00.329226+00:00
5692,0.533,2026-09-24T08:25:00.329741+00:00
5693,0.49799999999999994,2026-09-24T08:25:00.330171+00:00
5694,0.482,2026-09-24T08:25:00.330643+00:00
5695,0.462,2026-09-24T08:25:00.331035+00:00
5696,0.5569999999999999,2026-09-24T08:25:00.331578+00:00
5697,0.49,2026-09-24T08:25:00.331982+00:00
5698,0.486,2026-09-24T08:25:00.332444+00:00
5699,0.475,2026-09-24T08:25:00.332837+00:00
5700,0.45,2026-09-24T08:25:00.333273+00:00
5701,0.43600000000000005,2026-09-24T08:25:00.333621+00:00
5702,0.439,2026-09-24T08:25:00.333996+00:00
5703,0.417,2026-09-24T08:25:00.334378+00:00
5704,0.456,2026-09-24T08:25:00.334815+00:00
5705,0.398,2026-09-24T08:25:00.335171+00:00
5706,0.41100000000000003,2026-09-24T08:25:00.335572+00:00
5707,0.435,2026-09-24T08:25:00.335954+00:00
5708,0.438,2026-09-24T08:25:00.336370+00:00
5709,0.451,2026-09-24T08:25:00.336760+00:00
5710,0.46299999999999997,2026-09-24T08:25:00.337195+00:00
5711,0.484,2026-09-24T08:25:00.337627+00:00
5712,0.46,2026-09-24T08:25:00.338042+00:00
5713,0.439,2026-09-24T08:25:00.338434+00:00
5714,0.512,2026-09-24T08:25:00.338869+00:00
5715,0.47300000000000003,2026-09-24T08:25:00.339283+00:00
5716,0.49299999999999994,2026-09-24T08:25:00.339714+00:00
5717,0.464,2026-09-24T08:25:00.340078+00:00
5718,0.472,2026-09-24T08:25:00.340446+00:00
5719,0.527,2026-09-24T08:25:00.340868+00:00
5720,0.48000000000000004,2026-09-24T08:25:00.341189+00:00
5721,0.501,2026-09-24T08:25:00.341569+00:00
5722,0.5860000000000001,2026-09-24T08:25:00.342031+00:00
5723,0.617,2026-09-24T08:25:00.342678+00:00
5724,0.488,2026-09-24T08:25:00.343127+00:00
5725,0.46900000000000003,2026-09-24T08:25:00.343560+00:00
5726,0.442,2026-09-24T08:25:00.344001+00:00
5727,0.417,2026-09-24T08:25:00.344386+00:00
5728,0.481,2026-09-24T08:25:00.344842+00:00
5729,0.437,2026-09-24T08:25:00.345245+00:00
5730,0.46799999999999997,2026-09-24T08:25:00.345689+00:00
5731,0.464,2026-09-24T08:25:00.346116+00:00
5732,0.484,2026-09-24T08:25:00.346567+00:00
5733,0.46799999999999997,2026-09-24T08:25:00.347012+00:00
5734,0.5109999999999999,2026-09-24T08:25:00.347504+00:00
5735,0.661,2026-09-24T08:25:00.348303+00:00
5736,0.916,2026-09-24T08:25:00.349225+00:00
5737,0.605,2026-09-24T08:25:00.349439+00:00
5738,0.602,2026-09-24T08:25:00.350031+00:00
5739,0.494,2026-09-24T08:25:00.350481+00:00
5740,0.743,2026-09-24T08:25:00.351484+00:00
5741,0.644,2026-09-24T08:25:00.352211+00:00
5742,0.804,2026-09-24T08:25:00.352995+00:00
5743,0.679,2026-09-24T08:25:00.353403+00:00
5744,0.648,2026-09-24T08:25:00.353856+00:00
5745,0.549,2026-09-24T08:25:00.354292+00:00
5746,0.513,2026-09-24T08:25:00.354800+00:00
5747,0.499,2026-09-24T08:25:00.355262+00:00
5748,0.504,2026-09-24T08:25:00.355724+00:00
5749,0.509,2026-09-24T08:25:00.356194+00:00
5750,0.695,2026-09-24T08:25:00.356862+00:00
5751,1.1440000000000001,2026-09-24T08:25:00.357786+00:00
5752,0.7020000000000001,2026-09-24T08:25:00.358257+00:00
5753,0.609,2026-09-24T08:25:00.358710+00:00
5754,0.55,2026-09-24T08:25:00.359188+00:00
5755,0.514,2026-09-24T08:25:00.359706+00:00
5756,0.528,2026-09-24T08:25:00.360198+00:00
5757,0.716,2026-09-24T08:25:00.360878+00:00
5758,0.967,2026-09-24T08:25:00.361632+00:00
5759,0.75,2026-09-24T08:25:00.362619+00:00
5760,0.911,2026-09-24T08:25:00.363409+00:00
5761,0.864,2026-09-24T08:25:00.364239+00:00
5762,1.0430000000000001,2026-09-24T08:25:00.365201+00:00
5763,0.9420000000000001,2026-09-24T08:25:00.365745+00:00
5764,0.8,2026-09-24T08:25:00.366089+00:00
5765,0.726,2026-09-24T08:25:00.366539+00:00
5766,0.631,2026-09-24T08:25:00.366890+00:00
5767,0.5199999999999999,2026-09-24T08:25:00.367222+00:00
5768,0.507,2026-09-24T08:25:00.367624+00:00
5769,0.499,2026-09-24T08:25:00.367976+00:00
5770,0.465,2026-09-24T08:25:00.368319+00:00
5771,0.449,2026-09-24T08:25:00.368649+00:00
5772,0.505,2026-09-24T08:25:00.369049+00:00
5773,0.446,2026-09-24T08:25:00.369365+00:00
5774,0.501,2026-09-24T08:25:00.369775+00:00
5775,0.518,2026-09-24T08:25:00.370164+00:00
5776,0.45899999999999996,2026-09-24T08:25:00.370496+00:00
5777,0.536,2026-09-24T08:25:00.370917+00:00
5778,0.451,2026-09-24T08:25:00.371231+00:00
5779,0.481,2026-09-24T08:25:00.371616+00:00
5780,0.475,2026-09-24T08:25:00.371952+00:00
5781,0.438,2026-09-24T08:25:00.372264+00:00
5782,0.446,2026-09-24T08:25:00.372596+00:00
5783,0.453,2026-09-24T08:25:00.372946+00:00
5784,0.45899999999999996,2026-09-24T08:25:00.373263+00:00
5785,0.447,2026-09-24T08:25:00.373588+00:00
5786,0.5730000000000001,2026-09-24T08:25:00.374043+00:00
5787,0.631,2026-09-24T08:25:00.374458+00:00
5788,0.514,2026-09-24T08:25:00.374736+00:00
5789,0.499,2026-09-24T08:25:00.375088+00:00
5790,0.433,2026-09-24T08:25:00.375387+00:00
5791,0.64,2026-09-24T08:25:00.375937+00:00
5792,0.541,2026-09-24T08:25:00.376390+00:00
5793,0.5339999999999999,2026-09-24T08:25:00.376824+00:00
5794,0.6489999999999999,2026-09-24T08:25:00.377378+00:00
5795,0.522,2026-09-24T08:25:00.377851+00:00
5796,0.491,2026-09-24T08:25:00.378278+00:00
5797,0.467,2026-09-24T08:25:00.378656+00:00
5798,0.457,2026-09-24T08:25:00.379020+00:00
5799,0.433,2026-09-24T08:25:00.379355+00:00
5800,0.673,2026-09-24T08:25:00.379932+00:00
5801,0.5860000000000001,2026-09-24T08:25:00.380240+00:00
5802,0.539,2026-09-24T08:25:00.380586+00:00
5803,0.662,2026-09-24T08:25:00.381103+00:00
5804,0.49700000000000005,2026-09-24T08:25:00.381517+00:00
5805,0.496,2026-09-24T08:25:00.381920+00:00
5806,0.515,2026-09-24T08:25:00.382359+00:00
5807,0.5339999999999999,2026-09-24T08:25:00.382818+00:00
5808,0.47100000000000003,2026-09-24T08:25:00.383213+00:00
5809,0.46099999999999997,2026-09-24T08:25:00.383595+00:00
5810,0.441,2026-09-24T08:25:00.383981+00:00
5811,0.527,2026-09-24T08:25:00.384489+00:00
5812,0.746,2026-09-24T08:25:00.385153+00:00
5813,0.6,2026-09-24T08:25:00.385532+00:00
5814,0.5630000000000001,2026-09-24T08:25:00.385873+00:00
5815,0.477,2026-09-24T08:25:00.386189+00:00
5816,0.509,2026-09-24T08:25:00.386603+00:00
5817,0.515,2026-09-24T08:25:00.386995+00:00
5818,0.446,2026-09-24T08:25:00.387302+00:00
5819,0.49799999999999994,2026-09-24T08:25:00.387710+00:00
5820,0.453,2026-09-24T08:25:00.388031+00:00
5821,0.51,2026-09-24T08:25:00.388431+00:00
5822,0.48000000000000004,2026-09-24T08:25:00.388737+00:00
5823,0.501,2026-09-24T08:25:00.389122+00:00
5824,0.486,2026-09-24T08:25:00.389454+00:00
5825,0.5569999999999999,2026-09-24T08:25:00.389882+00:00
5826,0.526,2026-09-24T08:25:00.390361+00:00
5827,2.44,2026-09-24T08:25:00.392726+00:00
5828,0.541,2026-09-24T08:25:00.393148+00:00
5829,0.555,2026-09-24T08:25:00.393616+00:00
5830,0.519,2026-09-24T08:25:00.394059+00:00
5831,0.447,2026-09-24T08:25:00.394369+00:00
5832,0.462,2026-09-24T08:25:00.394741+00:00
5833,0.528,2026-09-24T08:25:00.395177+00:00
5834,0.47300000000000003,2026-09-24T08:25:00.395533+00:00
5835,0.5720000000000001,2026-09-24T08:25:00.395998+00:00
5836,0.55,2026-09-24T08:25:00.396379+00:00
5837,0.597,2026-09-24T08:25:00.396874+00:00
5838,1.091,2026-09-24T08:25:00.397909+00:00
5839,1.544,2026-09-24T08:25:00.399338+00:00
5840,1.453,2026-09-24T08:25:00.400625+00:00
5841,1.2069999999999999,2026-09-24T08:25:00.401723+00:00
5842,1.2930000000000001,2026-09-24T08:25:00.402923+00:00
5843,1.843,2026-09-24T08:25:00.404713+00:00
5844,1.286,2026-09-24T08:25:00.405828+00:00
5845,1.087,2026-09-24T08:25:00.406693+00:00
5846,1.0939999999999999,2026-09-24T08:25:00.407642+00:00
5847,1.155,2026-09-24T08:25:00.408700+00:00
5848,0.7,2026-09-24T08:25:00.409172+00:00
5849,1.16,2026-09-24T08:25:00.410291+00:00
5850,1.261,2026-09-24T08:25:00.411493+00:00
5851,1.2899999999999998,2026-09-24T08:25:00.412805+00:00
5852,1.027,2026-09-24T08:25:00.413611+00:00
5853,1.3760000000000001,2026-09-24T08:25:00.414848+00:00
5854,0.902,2026-09-24T08:25:00.415742+00:00
5855,0.743,2026-09-24T08:25:00.416470+00:00
5856,0.761,2026-09-24T08:25:00.417158+00:00
5857,0.753,2026-09-24T08:25:00.417901+00:00
5858,0.766,2026-09-24T08:25:00.418611+00:00
5859,0.721,2026-09-24T08:25:00.419299+00:00
5860,1.452,2026-09-24T08:25:00.420692+00:00
5861,1.0679999999999998,2026-09-24T08:25:00.421396+00:00
5862,0.82,2026-09-24T08:25:00.421950+00:00
5863,1.34,2026-09-24T08:25:00.423444+00:00
5864,1.33,2026-09-24T08:25:00.424587+00:00
5865,1.027,2026-09-24T08:25:00.425206+00:00
5866,0.8260000000000001,2026-09-24T08:25:00.425778+00:00
5867,0.861,2026-09-24T08:25:00.426436+00:00
5868,0.6849999999999999,2026-09-24T08:25:00.426879+00:00
5869,0.7649999999999999,2026-09-24T08:25:00.427542+00:00
5870,0.95,2026-09-24T08:25:00.428631+00:00
5871,0.9520000000000001,2026-09-24T08:25:00.429577+00:00
5872,1.838,2026-09-24T08:25:00.431299+00:00
5873,0.848,2026-09-24T08:25:00.432177+00:00
5874,0.725,2026-09-24T08:25:00.432956+00:00
5875,0.7200000000000001,2026-09-24T08:25:00.433692+00:00
5876,0.64,2026-09-24T08:25:00.434375+00:00
5877,0.647,2026-09-24T08:25:00.435021+00:00
5878,0.73,2026-09-24T08:25:00.435752+00:00
5879,0.632,2026-09-24T08:25:00.436360+00:00
5880,0.919,2026-09-24T08:25:00.437301+00:00
5881,1.502,2026-09-24T08:25:00.438710+00:00
5882,0.687,2026-09-24T08:25:00.439404+00:00
5883,0.756,2026-09-24T08:25:00.440143+00:00
5884,0.761,2026-09-24T08:25:00.440824+00:00
5885,0.744,2026-09-24T08:25:00.441550+00:00
5886,0.753,2026-09-24T08:25:00.442217+00:00
5887,0.7739999999999999,2026-09-24T08:25:00.442891+00:00
5888,0.695,2026-09-24T08:25:00.443554+00:00
5889,0.713,2026-09-24T08:25:00.444249+00:00
5890,0.68,2026-09-24T08:25:00.444846+00:00
5891,0.7649999999999999,2026-09-24T08:25:00.445506+00:00
5892,0.68,2026-09-24T08:25:00.445972+00:00
5893,0.71,2026-09-24T08:25:00.446594+00:00
5894,1.7550000000000001,2026-09-24T08:25:00.448437+00:00
5895,0.871,2026-09-24T08:25:00.449172+00:00
5896,0.707,2026-09-24T08:25:00.449798+00:00
5897,0.7110000000000001,2026-09-24T08:25:00.450443+00:00
5898,0.6629999999999999,2026-09-24T08:25:00.451062+00:00
5899,0.605,2026-09-24T08:25:00.451637+00:00
5900,0.565,2026-09-24T08:25:00.452102+00:00
5901,0.5419999999999999,2026-09-24T08:25:00.452555+00:00
5902,0.5419999999999999,2026-09-24T08:25:00.452990+00:00
5903,0.495,2026-09-24T08:25:00.453388+00:00
5904,0.637,2026-09-24T08:25:00.454003+00:00
5905,0.584,2026-09-24T08:25:00.454536+00:00
5906,0.594,2026-09-24T08:25:00.455029+00:00
5907,0.812,2026-09-24T08:25:00.456023+00:00
5908,0.6489999999999999,2026-09-24T08:25:00.456606+00:00
5909,0.618,2026-09-24T08:25:00.457258+00:00
5910,0.6539999999999999,2026-09-24T08:25:00.457852+00:00
5911,0.5910000000000001,2026-09-24T08:25:00.458428+00:00
5912,0.643,2026-09-24T08:25:00.458984+00:00
5913,1.125,2026-09-24T08:25:00.460084+00:00
5914,1.389,2026-09-24T08:25:00.460905+00:00
5915,1.2,2026-09-24T08:25:00.461234+00:00
5916,0.954,2026-09-24T08:25:00.461492+00:00
5917,0.6970000000000001,2026-09-24T08:25:00.461758+00:00
5918,0.64,2026-09-24T08:25:00.462237+00:00
5919,0.636,2026-09-24T08:25:00.462772+00:00
5920,0.5820000000000001,2026-09-24T08:25:00.463202+00:00
5921,0.632,2026-09-24T08:25:00.463742+00:00
5922,0.6130000000000001,2026-09-24T08:25:00.464237+00:00
5923,0.621,2026-09-24T08:25:00.464740+00:00
5924,0.726,2026-09-24T08:25:00.465364+00:00
5925,0.744,2026-09-24T08:25:00.466059+00:00
5926,1.696,2026-09-24T08:25:00.468074+00:00
5927,1.511,2026-09-24T08:25:00.469459+00:00
5928,0.909,2026-09-24T08:25:00.470392+00:00
5929,2.0010000000000003,2026-09-24T08:25:00.472587+00:00
5930,1.3339999999999999,2026-09-24T08:25:00.473314+00:00
5931,0.737,2026-09-24T08:25:00.474041+00:00
5932,0.6,2026-09-24T08:25:00.474611+00:00
5933,0.578,2026-09-24T08:25:00.475161+00:00
5934,0.587,2026-09-24T08:25:00.475725+00:00
5935,0.637,2026-09-24T08:25:00.476332+00:00
5936,0.744,2026-09-24T08:25:00.477041+00:00
5937,0.9359999999999999,2026-09-24T08:25:00.477950+00:00
5938,0.819,2026-09-24T08:25:00.478455+00:00
5939,0.6040000000000001,2026-09-24T08:25:00.478792+00:00
5940,0.555,2026-09-24T08:25:00.479361+00:00
5941,0.606,2026-09-24T08:25:00.479939+00:00
5942,0.597,2026-09-24T08:25:00.480561+00:00
5943,0.616,2026-09-24T08:25:00.481130+00:00
5944,0.544,2026-09-24T08:25:00.481637+00:00
5945,0.5469999999999999,2026-09-24T08:25:00.482140+00:00
5946,0.506,2026-09-24T08:25:00.482611+00:00
5947,0.479,2026-09-24T08:25:00.483071+00:00
5948,0.488,2026-09-24T08:25:00.483533+00:00
5949,0.8009999999999999,2026-09-24T08:25:00.484303+00:00
5950,0.678,2026-09-24T08:25:00.484806+00:00
5951,0.5569999999999999,2026-09-24T08:25:00.485269+00:00
5952,0.549,2026-09-24T08:25:00.485778+00:00
5953,0.554,2026-09-24T08:25:00.486284+00:00
5954,0.637,2026-09-24T08:25:00.486901+00:00
5955,0.611,2026-09-24T08:25:00.487513+00:00
5956,0.5900000000000001,2026-09-24T08:25:00.488030+00:00
5957,0.571,2026-09-24T08:25:00.488623+00:00
5958,0.717,2026-09-24T08:25:00.489295+00:00
5959,0.671,2026-09-24T08:25:00.489898+00:00
5960,0.5720000000000001,2026-09-24T08:25:00.490442+00:00
5961,0.5640000000000001,2026-09-24T08:25:00.490936+00:00
5962,0.558,2026-09-24T08:25:00.491448+00:00
5963,0.589,2026-09-24T08:25:00.491979+00:00
5964,0.606,2026-09-24T08:25:00.492540+00:00
5965,0.5479999999999999,2026-09-24T08:25:00.493041+00:00
5966,0.506,2026-09-24T08:25:00.493527+00:00
5967,0.503,2026-09-24T08:25:00.494008+00:00
5968,0.5109999999999999,2026-09-24T08:25:00.494504+00:00
5969,0.503,2026-09-24T08:25:00.494975+00:00
5970,0.5339999999999999,2026-09-24T08:25:00.495523+00:00
5971,0.6,2026-09-24T08:25:00.496127+00:00
5972,0.523,2026-09-24T08:25:00.496610+00:00
5973,0.481,2026-09-24T08:25:00.497069+00:00
5974,0.5820000000000001,2026-09-24T08:25:00.497622+00:00
5975,0.539,2026-09-24T08:25:00.498119+00:00
5976,0.509,2026-09-24T08:25:00.498607+00:00
5977,0.5429999999999999,2026-09-24T08:25:00.499142+00:00
5978,0.637,2026-09-24T08:25:00.499768+00:00
5979,0.884,2026-09-24T08:25:00.500689+00:00
5980,0.823,2026-09-24T08:25:00.501265+00:00
5981,0.637,2026-09-24T08:25:00.501781+00:00
5982,0.9259999999999999,2026-09-24T08:25:00.502834+00:00
5983,0.743,2026-09-24T08:25:00.503531+00:00
5984,0.683,2026-09-24T08:25:00.504111+00:00
5985,0.6930000000000001,2026-09-24T08:25:00.504758+00:00
5986,1.332,2026-09-24T08:25:00.506360+00:00
5987,0.969,2026-09-24T08:25:00.507156+00:00
5988,0.776,2026-09-24T08:25:00.507962+00:00
5989,1.035,2026-09-24T08:25:00.509052+00:00
5990,0.763,2026-09-24T08:25:00.509834+00:00
5991,0.78,2026-09-24T08:25:00.510751+00:00
5992,0.545,2026-09-24T08:25:00.511314+00:00
5993,0.632,2026-09-24T08:25:00.511908+00:00
5994,0.528,2026-09-24T08:25:00.512439+00:00
5995,0.5379999999999999,2026-09-24T08:25:00.512906+00:00
5996,0.5519999999999999,2026-09-24T08:25:00.513447+00:00
5997,0.549,2026-09-24T08:25:00.513976+00:00
5998,0.594,2026-09-24T08:25:00.514535+00:00
5999,0.671,2026-09-24T08:25:00.515312+00:00
6000,0.6759999999999999,2026-09-24T08:25:00.515995+00:00
6001,0.571,2026-09-24T08:25:00.516523+00:00
6002,0.544,2026-09-24T08:25:00.517030+00:00
6003,0.9259999999999999,2026-09-24T08:25:00.517933+00:00
6004,0.959,2026-09-24T08:25:00.518477+00:00
6005,0.8009999999999999,2026-09-24T08:25:00.518803+00:00
6006,0.6759999999999999,2026-09-24T08:25:00.519199+00:00
6007,0.555,2026-09-24T08:25:00.519525+00:00
6008,0.612,2026-09-24T08:25:00.520006+00:00
6009,0.5640000000000001,2026-09-24T08:25:00.520453+00:00
6010,0.603,2026-09-24T08:25:00.520952+00:00
6011,0.592,2026-09-24T08:25:00.521498+00:00
6012,0.614,2026-09-24T08:25:00.522055+00:00
6013,0.5760000000000001,2026-09-24T08:25:00.522577+00:00
6014,0.683,2026-09-24T08:25:00.523224+00:00
6015,0.709,2026-09-24T08:25:00.523836+00:00
6016,0.643,2026-09-24T08:25:00.524451+00:00
6017,0.647,2026-09-24T08:25:00.525070+00:00
6018,0.6679999999999999,2026-09-24T08:25:00.525635+00:00
6019,0.618,2026-09-24T08:25:00.526207+00:00
6020,0.8630000000000001,2026-09-24T08:25:00.527236+00:00
6021,0.712,2026-09-24T08:25:00.527918+00:00
6022,0.669,2026-09-24T08:25:00.528497+00:00
6023,0.606,2026-09-24T08:25:00.529066+00:00
6024,0.627,2026-09-24T08:25:00.529646+00:00
6025,0.599,2026-09-24T08:25:00.530205+00:00
6026,0.628,2026-09-24T08:25:00.530737+00:00
6027,0.609,2026-09-24T08:25:00.531242+00:00
6028,0.641,2026-09-24T08:25:00.531777+00:00
6029,0.669,2026-09-24T08:25:00.532341+00:00
6030,0.6629999999999999,2026-09-24T08:25:00.532829+00:00
6031,0.6489999999999999,2026-09-24T08:25:00.533370+00:00
6032,0.631,2026-09-24T08:25:00.533881+00:00
6033,0.58,2026-09-24T08:25:00.534331+00:00
6034,0.628,2026-09-24T08:25:00.534859+00:00
6035,0.608,2026-09-24T08:25:00.535351+00:00
6036,0.585,2026-09-24T08:25:00.535790+00:00
6037,0.607,2026-09-24T08:25:00.536280+00:00
6038,0.621,2026-09-24T08:25:00.536795+00:00
6039,0.624,2026-09-24T08:25:00.537304+00:00
6040,0.619,2026-09-24T08:25:00.537813+00:00
6041,0.5950000000000001,2026-09-24T08:25:00.538297+00:00
6042,0.583,2026-09-24T08:25:00.538768+00:00
6043,0.587,2026-09-24T08:25:00.539257+00:00
6044,0.616,2026-09-24T08:25:00.539829+00:00
6045,0.571,2026-09-24T08:25:00.540355+00:00
6046,0.61,2026-09-24T08:25:00.540912+00:00
6047,0.6449999999999999,2026-09-24T08:25:00.541459+00:00
6048,0.6809999999999999,2026-09-24T08:25:00.542069+00:00
6049,1.081,2026-09-24T08:25:00.543125+00:00
6050,1.147,2026-09-24T08:25:00.543807+00:00
6051,0.8630000000000001,2026-09-24T08:25:00.544002+00:00
6052,0.865,2026-09-24T08:25:00.544684+00:00
6053,0.636,2026-09-24T08:25:00.545214+00:00
6054,0.585,2026-09-24T08:25:00.545725+00:00
6055,0.589,2026-09-24T08:25:00.546253+00:00
6056,0.585,2026-09-24T08:25:00.546761+00:00
6057,0.584,2026-09-24T08:25:00.547273+00:00
6058,0.5599999999999999,2026-09-24T08:25:00.547751+00:00
6059,0.544,2026-09-24T08:25:00.548187+00:00
6060,0.523,2026-09-24T08:25:00.548616+00:00
6061,0.5199999999999999,2026-09-24T08:25:00.549061+00:00
6062,0.514,2026-09-24T08:25:00.549517+00:00
6063,0.592,2026-09-24T08:25:00.550050+00:00
6064,0.5569999999999999,2026-09-24T08:25:00.550518+00:00
6065,0.575,2026-09-24T08:25:00.550975+00:00
6066,0.5640000000000001,2026-09-24T08:25:00.551478+00:00
6067,0.566,2026-09-24T08:25:00.551912+00:00
6068,0.531,2026-09-24T08:25:00.552352+00:00
6069,0.517,2026-09-24T08:25:00.552775+00:00
6070,0.523,2026-09-24T08:25:00.553213+00:00
6071,0.509,2026-09-24T08:25:00.553634+00:00
6072,0.533,2026-09-24T08:25:00.554084+00:00
6073,0.55,2026-09-24T08:25:00.554549+00:00
6074,0.539,2026-09-24T08:25:00.555040+00:00
6075,0.523,2026-09-24T08:25:00.555489+00:00
6076,0.554,2026-09-24T08:25:00.555974+00:00
6077,0.5199999999999999,2026-09-24T08:25:00.556430+00:00
6078,0.828,2026-09-24T08:25:00.557456+00:00
6079,0.707,2026-09-24T08:25:00.558293+00:00
6080,0.742,2026-09-24T08:25:00.559208+00:00
6081,0.804,2026-09-24T08:25:00.560157+00:00
6082,0.915,2026-09-24T08:25:00.561176+00:00
6083,0.754,2026-09-24T08:25:00.561856+00:00
6084,0.54,2026-09-24T08:25:00.562387+00:00
6085,0.5339999999999999,2026-09-24T08:25:00.562891+00:00
6086,0.48899999999999993,2026-09-24T08:25:00.563359+00:00
6087,0.74,2026-09-24T08:25:00.564097+00:00
6088,0.6679999999999999,2026-09-24T08:25:00.564905+00:00
6089,0.5630000000000001,2026-09-24T08:25:00.565521+00:00
6090,0.559,2026-09-24T08:25:00.566156+00:00
6091,0.574,2026-09-24T08:25:00.566810+00:00
6092,0.5630000000000001,2026-09-24T08:25:00.567456+00:00
6093,0.579,2026-09-24T08:25:00.568118+00:00
6094,0.5720000000000001,2026-09-24T08:25:00.568750+00:00
6095,0.5770000000000001,2026-09-24T08:25:00.569398+00:00
6096,0.5640000000000001,2026-09-24T08:25:00.570048+00:00
6097,0.5770000000000001,2026-09-24T08:25:00.570699+00:00
6098,0.545,2026-09-24T08:25:00.571321+00:00
6099,0.5469999999999999,2026-09-24T08:25:00.571971+00:00
6100,0.505,2026-09-24T08:25:00.572459+00:00
6101,0.86,2026-09-24T08:25:00.573258+00:00
6102,0.7699999999999999,2026-09-24T08:25:00.573682+00:00
6103,0.6539999999999999,2026-09-24T08:25:00.573960+00:00
6104,0.553,2026-09-24T08:25:00.574338+00:00
6105,0.569,2026-09-24T08:25:00.574753+00:00
6106,0.562,2026-09-24T08:25:00.575172+00:00
6107,0.583,2026-09-24T08:25:00.575632+00:00
6108,0.633,2026-09-24T08:25:00.576276+00:00
6109,0.602,2026-09-24T08:25:00.576900+00:00
6110,0.5469999999999999,2026-09-24T08:25:00.577450+00:00
6111,0.515,2026-09-24T08:25:00.577915+00:00
6112,0.46799999999999997,2026-09-24T08:25:00.578377+00:00
6113,0.51,2026-09-24T08:25:00.578877+00:00
6114,0.488,2026-09-24T08:25:00.579344+00:00
6115,0.544,2026-09-24T08:25:00.579874+00:00
6116,0.46,2026-09-24T08:25:00.580322+00:00
6117,0.597,2026-09-24T08:25:00.580881+00:00
6118,0.5479999999999999,2026-09-24T08:25:00.581374+00:00
6119,0.58,2026-09-24T08:25:00.581959+00:00
6120,0.789,2026-09-24T08:25:00.582694+00:00
6121,0.549,2026-09-24T08:25:00.583010+00:00
6122,0.558,2026-09-24T08:25:00.583509+00:00
6123,0.544,2026-09-24T08:25:00.584059+00:00
6124,0.5559999999999999,2026-09-24T08:25:00.584551+00:00
6125,0.5860000000000001,2026-09-24T08:25:00.585139+00:00
6126,0.519,2026-09-24T08:25:00.585583+00:00
6127,0.516,2026-09-24T08:25:00.586095+00:00
6128,0.544,2026-09-24T08:25:00.586575+00:00
6129,0.555,2026-09-24T08:25:00.587126+00:00
6130,0.5559999999999999,2026-09-24T08:25:00.587618+00:00
6131,0.517,2026-09-24T08:25:00.588128+00:00
6132,0.558,2026-09-24T08:25:00.588616+00:00
6133,0.541,2026-09-24T08:25:00.589141+00:00
6134,0.887,2026-09-24T08:25:00.589970+00:00
6135,0.745,2026-09-24T08:25:00.590377+00:00
6136,0.709,2026-09-24T08:25:00.590771+00:00
6137,0.945,2026-09-24T08:25:00.591620+00:00
6138,0.828,2026-09-24T08:25:00.592008+00:00
6139,1.039,2026-09-24T08:25:00.592901+00:00
6140,0.736,2026-09-24T08:25:00.593348+00:00
6141,0.67,2026-09-24T08:25:00.593828+00:00
6142,0.6539999999999999,2026-09-24T08:25:00.594337+00:00
6143,0.8989999999999999,2026-09-24T08:25:00.595079+00:00
6144,0.829,2026-09-24T08:25:00.595561+00:00
6145,0.7290000000000001,2026-09-24T08:25:00.595910+00:00
6146,0.6759999999999999,2026-09-24T08:25:00.596370+00:00
6147,0.639,2026-09-24T08:25:00.596885+00:00
6148,0.566,2026-09-24T08:25:00.597372+00:00
6149,0.6679999999999999,2026-09-24T08:25:00.598024+00:00
6150,0.5900000000000001,2026-09-24T08:25:00.598535+00:00
6151,0.575,2026-09-24T08:25:00.599113+00:00
6152,0.594,2026-09-24T08:25:00.599636+00:00
6153,0.518,2026-09-24T08:25:00.600140+00:00
6154,0.512,2026-09-24T08:25:00.600643+00:00
6155,0.508,2026-09-24T08:25:00.601101+00:00
6156,0.49799999999999994,2026-09-24T08:25:00.601593+00:00
6157,0.49,2026-09-24T08:25:00.602034+00:00
6158,0.53,2026-09-24T08:25:00.602548+00:00
6159,0.756,2026-09-24T08:25:00.603508+00:00
6160,0.558,2026-09-24T08:25:00.604103+00:00
6161,0.5640000000000001,2026-09-24T08:25:00.604668+00:00
6162,0.496,2026-09-24T08:25:00.605153+00:00
6163,0.49700000000000005,2026-09-24T08:25:00.605639+00:00
6164,0.535,2026-09-24T08:25:00.606156+00:00
6165,0.758,2026-09-24T08:25:00.606886+00:00
6166,0.665,2026-09-24T08:25:00.607548+00:00
6167,0.5810000000000001,2026-09-24T08:25:00.608043+00:00
6168,0.734,2026-09-24T08:25:00.608748+00:00
6169,0.513,2026-09-24T08:25:00.609251+00:00
6170,0.606,2026-09-24T08:25:00.609817+00:00
6171,0.558,2026-09-24T08:25:00.610318+00:00
6172,0.5630000000000001,2026-09-24T08:25:00.610887+00:00
6173,0.523,2026-09-24T08:25:00.611354+00:00
6174,0.5479999999999999,2026-09-24T08:25:00.611906+00:00
6175,0.519,2026-09-24T08:25:00.612361+00:00
6176,0.5419999999999999,2026-09-24T08:25:00.612898+00:00
6177,0.544,2026-09-24T08:25:00.613401+00:00
6178,0.565,2026-09-24T08:25:00.613900+00:00
6179,0.5379999999999999,2026-09-24T08:25:00.614444+00:00
6180,0.559,2026-09-24T08:25:00.614925+00:00
6181,0.546,2026-09-24T08:25:00.615472+00:00
6182,0.636,2026-09-24T08:25:00.616037+00:00
6183,0.526,2026-09-24T08:25:00.616470+00:00
6184,0.535,2026-09-24T08:25:00.616995+00:00
6185,0.516,2026-09-24T08:25:00.617442+00:00
6186,0.528,2026-09-24T08:25:00.617965+00:00
6187,0.544,2026-09-24T08:25:00.618446+00:00
6188,0.601,2026-09-24T08:25:00.619041+00:00
6189,0.8099999999999999,2026-09-24T08:25:00.619916+00:00
6190,0.712,2026-09-24T08:25:00.620601+00:00
6191,0.728,2026-09-24T08:25:00.621225+00:00
6192,0.708,2026-09-24T08:25:00.621857+00:00
6193,0.646,2026-09-24T08:25:00.622394+00:00
6194,0.752,2026-09-24T08:25:00.623254+00:00
6195,0.618,2026-09-24T08:25:00.623821+00:00
6196,0.5479999999999999,2026-09-24T08:25:00.624395+00:00
6197,0.578,2026-09-24T08:25:00.624922+00:00
6198,0.626,2026-09-24T08:25:00.625529+00:00
6199,0.5599999999999999,2026-09-24T08:25:00.626013+00:00
6200,0.629,2026-09-24T08:25:00.626615+00:00
6201,0.5609999999999999,2026-09-24T08:25:00.627056+00:00
6202,0.5609999999999999,2026-09-24T08:25:00.627540+00:00
6203,0.507,2026-09-24T08:25:00.627981+00:00
6204,0.519,2026-09-24T08:25:00.628500+00:00
6205,0.503,2026-09-24T08:25:00.628926+00:00
6206,0.494,2026-09-24T08:25:00.629402+00:00
6207,0.532,2026-09-24T08:25:00.629891+00:00
6208,0.479,2026-09-24T08:25:00.630359+00:00
6209,0.488,2026-09-24T08:25:00.630804+00:00
6210,0.517,2026-09-24T08:25:00.631306+00:00
6211,0.48899999999999993,2026-09-24T08:25:00.631774+00:00
6212,0.447,2026-09-24T08:25:00.632215+00:00
6213,0.5419999999999999,2026-09-24T08:25:00.632709+00:00
6214,0.484,2026-09-24T08:25:00.633122+00:00
6215,0.488,2026-09-24T08:25:00.633597+00:00
6216,0.528,2026-09-24T08:25:00.634042+00:00
6217,0.503,2026-09-24T08:25:00.634523+00:00
6218,0.49799999999999994,2026-09-24T08:25:00.635001+00:00
6219,0.673,2026-09-24T08:25:00.635842+00:00
6220,0.504,2026-09-24T08:25:00.636336+00:00
6221,0.554,2026-09-24T08:25:00.636849+00:00
6222,0.559,2026-09-24T08:25:00.637346+00:00
6223,0.5419999999999999,2026-09-24T08:25:00.637843+00:00
6224,0.526,2026-09-24T08:25:00.638317+00:00
6225,0.518,2026-09-24T08:25:00.638828+00:00
6226,0.522,2026-09-24T08:25:00.639284+00:00
6227,0.666,2026-09-24T08:25:00.639948+00:00
6228,0.593,2026-09-24T08:25:00.640447+00:00
6229,0.524,2026-09-24T08:25:00.640968+00:00
6230,0.519,2026-09-24T08:25:00.641424+00:00
6231,0.601,2026-09-24T08:25:00.642024+00:00
6232,0.86,2026-09-24T08:25:00.642791+00:00
6233,0.721,2026-09-24T08:25:00.643563+00:00
6234,0.656,2026-09-24T08:25:00.644264+00:00
6235,0.6,2026-09-24T08:25:00.644801+00:00
6236,0.703,2026-09-24T08:25:00.645480+00:00
6237,0.5670000000000001,2026-09-24T08:25:00.645975+00:00
6238,0.5680000000000001,2026-09-24T08:25:00.646529+00:00
6239,0.5599999999999999,2026-09-24T08:25:00.647107+00:00
6240,0.622,2026-09-24T08:25:00.647655+00:00
6241,0.5289999999999999,2026-09-24T08:25:00.648169+00:00
6242,0.579,2026-09-24T08:25:00.648735+00:00
6243,0.565,2026-09-24T08:25:00.649229+00:00
6244,0.5630000000000001,2026-09-24T08:25:00.649778+00:00
6245,0.5289999999999999,2026-09-24T08:25:00.650293+00:00
6246,0.5289999999999999,2026-09-24T08:25:00.650772+00:00
6247,0.47600000000000003,2026-09-24T08:25:00.651237+00:00
6248,0.524,2026-09-24T08:25:00.651717+00:00
6249,0.48700000000000004,2026-09-24T08:25:00.652197+00:00
6250,0.607,2026-09-24T08:25:00.652768+00:00
6251,0.48700000000000004,2026-09-24T08:25:00.653175+00:00
6252,0.5419999999999999,2026-09-24T08:25:00.653705+00:00
6253,0.49700000000000005,2026-09-24T08:25:00.654158+00:00
6254,0.516,2026-09-24T08:25:00.654672+00:00
6255,0.521,2026-09-24T08:25:00.655158+00:00
6256,0.541,2026-09-24T08:25:00.655664+00:00
6257,0.516,2026-09-24T08:25:00.656141+00:00
6258,0.539,2026-09-24T08:25:00.656627+00:00
6259,0.483,2026-09-24T08:25:00.657102+00:00
6260,0.5379999999999999,2026-09-24T08:25:00.657588+00:00
6261,0.496,2026-09-24T08:25:00.658069+00:00
6262,0.555,2026-09-24T08:25:00.658602+00:00
6263,0.549,2026-09-24T08:25:00.659149+00:00
6264,0.768,2026-09-24T08:25:00.659844+00:00
6265,0.768,2026-09-24T08:25:00.660447+00:00
6266,0.5910000000000001,2026-09-24T08:25:00.660846+00:00
6267,0.523,2026-09-24T08:25:00.661288+00:00
6268,0.5289999999999999,2026-09-24T08:25:00.661805+00:00
6269,0.514,2026-09-24T08:25:00.662249+00:00
6270,0.54,2026-09-24T08:25:00.662782+00:00
6271,0.48700000000000004,2026-09-24T08:25:00.663202+00:00
6272,0.512,2026-09-24T08:25:00.663711+00:00
6273,0.49,2026-09-24T08:25:00.664123+00:00
6274,0.49200000000000005,2026-09-24T08:25:00.664615+00:00
6275,0.456,2026-09-24T08:25:00.665019+00:00
6276,0.483,2026-09-24T08:25:00.665503+00:00
6277,0.45899999999999996,2026-09-24T08:25:00.665917+00:00
6278,0.457,2026-09-24T08:25:00.666372+00:00
6279,0.5109999999999999,2026-09-24T08:25:00.666828+00:00
6280,0.507,2026-09-24T08:25:00.667315+00:00
6281,0.512,2026-09-24T08:25:00.667796+00:00
6282,0.507,2026-09-24T08:25:00.668234+00:00
6283,0.536,2026-09-24T08:25:00.668749+00:00
6284,0.507,2026-09-24T08:25:00.669240+00:00
6285,0.5379999999999999,2026-09-24T08:25:00.669719+00:00
6286,0.495,2026-09-24T08:25:00.670197+00:00
6287,0.48500000000000004,2026-09-24T08:25:00.670687+00:00
6288,0.523,2026-09-24T08:25:00.671171+00:00
6289,0.51,2026-09-24T08:25:00.671635+00:00
6290,0.501,2026-09-24T08:25:00.672128+00:00
6291,0.509,2026-09-24T08:25:00.672565+00:00
6292,0.503,2026-09-24T08:25:00.673008+00:00
6293,0.467,2026-09-24T08:25:00.673466+00:00
6294,0.494,2026-09-24T08:25:00.673920+00:00
6295,0.465,2026-09-24T08:25:00.674349+00:00
6296,0.514,2026-09-24T08:25:00.674828+00:00
6297,0.47600000000000003,2026-09-24T08:25:00.675243+00:00
6298,0.515,2026-09-24T08:25:00.675745+00:00
6299,0.503,2026-09-24T08:25:00.676206+00:00
6300,0.526,2026-09-24T08:25:00.676687+00:00
6301,0.48700000000000004,2026-09-24T08:25:00.677163+00:00
6302,0.575,2026-09-24T08:25:00.677692+00:00
6303,0.502,2026-09-24T08:25:00.678097+00:00
6304,0.499,2026-09-24T08:25:00.678542+00:00
6305,0.488,2026-09-24T08:25:00.679009+00:00
6306,0.506,2026-09-24T08:25:00.679454+00:00
6307,0.48000000000000004,2026-09-24T08:25:00.679934+00:00
6308,0.494,2026-09-24T08:25:00.680379+00:00
6309,0.49200000000000005,2026-09-24T08:25:00.680867+00:00
6310,0.513,2026-09-24T08:25:00.681339+00:00
6311,0.517,2026-09-24T08:25:00.681786+00:00
6312,0.49799999999999994,2026-09-24T08:25:00.682287+00:00
6313,0.506,2026-09-24T08:25:00.682757+00:00
6314,0.509,2026-09-24T08:25:00.683220+00:00
6315,0.512,2026-09-24T08:25:00.683718+00:00
6316,0.5199999999999999,2026-09-24T08:25:00.684183+00:00
6317,0.513,2026-09-24T08:25:00.684697+00:00
6318,0.508,2026-09-24T08:25:00.685160+00:00
6319,0.507,2026-09-24T08:25:00.685626+00:00
6320,0.48899999999999993,2026-09-24T08:25:00.686069+00:00
6321,0.465,2026-09-24T08:25:00.686526+00:00
6322,0.5950000000000001,2026-09-24T08:25:00.687083+00:00
6323,0.616,2026-09-24T08:25:00.687618+00:00
6324,0.554,2026-09-24T08:25:00.688079+00:00
6325,0.545,2026-09-24T08:25:00.688634+00:00
6326,0.495,2026-09-24T08:25:00.689094+00:00
6327,0.5379999999999999,2026-09-24T08:25:00.689608+00:00
6328,0.57,2026-09-24T08:25:00.690105+00:00
6329,0.598,2026-09-24T08:25:00.690636+00:00
6330,0.48700000000000004,2026-09-24T08:25:00.691051+00:00
6331,0.47100000000000003,2026-09-24T08:25:00.691454+00:00
6332,0.5559999999999999,2026-09-24T08:25:00.691981+00:00
6333,0.462,2026-09-24T08:25:00.692374+00:00
6334,0.516,2026-09-24T08:25:00.692833+00:00
6335,0.46099999999999997,2026-09-24T08:25:00.693236+00:00
6336,0.5429999999999999,2026-09-24T08:25:00.693758+00:00
6337,0.48000000000000004,2026-09-24T08:25:00.694177+00:00
6338,0.894,2026-09-24T08:25:00.695034+00:00
6339,0.766,2026-09-24T08:25:00.695453+00:00
6340,0.643,2026-09-24T08:25:00.695760+00:00
6341,0.614,2026-09-24T08:25:00.696243+00:00
6342,0.536,2026-09-24T08:25:00.696653+00:00
6343,0.631,2026-09-24T08:25:00.697287+00:00
6344,0.537,2026-09-24T08:25:00.697815+00:00
6345,0.484,2026-09-24T08:25:00.698268+00:00
6346,0.555,2026-09-24T08:25:00.698804+00:00
6347,0.531,2026-09-24T08:25:00.699282+00:00
6348,0.455,2026-09-24T08:25:00.699678+00:00
6349,0.449,2026-09-24T08:25:00.700076+00:00
6350,0.488,2026-09-24T08:25:00.700510+00:00
6351,0.467,2026-09-24T08:25:00.700900+00:00
6352,0.428,2026-09-24T08:25:00.701273+00:00
6353,0.462,2026-09-24T08:25:00.701680+00:00
6354,0.488,2026-09-24T08:25:00.702143+00:00
6355,0.462,2026-09-24T08:25:00.702558+00:00
6356,0.45199999999999996,2026-09-24T08:25:00.702954+00:00
6357,0.536,2026-09-24T08:25:00.703422+00:00
6358,0.5429999999999999,2026-09-24T08:25:00.703899+00:00
6359,0.87,2026-09-24T08:25:00.705059+00:00
6360,0.707,2026-09-24T08:25:00.705934+00:00
6361,0.708,2026-09-24T08:25:00.706796+00:00
6362,0.662,2026-09-24T08:25:00.707636+00:00
6363,0.626,2026-09-24T08:25:00.708392+00:00
6364,0.644,2026-09-24T08:25:00.709223+00:00
6365,0.6719999999999999,2026-09-24T08:25:00.710073+00:00
6366,0.6579999999999999,2026-09-24T08:25:00.710905+00:00
6367,0.515,2026-09-24T08:25:00.711470+00:00
6368,0.5,2026-09-24T08:25:00.712006+00:00
6369,0.477,2026-09-24T08:25:00.712475+00:00
6370,0.46799999999999997,2026-09-24T08:25:00.712956+00:00
6371,0.523,2026-09-24T08:25:00.713457+00:00
6372,0.48899999999999993,2026-09-24T08:25:00.713929+00:00
6373,0.46799999999999997,2026-09-24T08:25:00.714393+00:00
6374,0.5429999999999999,2026-09-24T08:25:00.714937+00:00
6375,0.566,2026-09-24T08:25:00.715539+00:00
6376,0.808,2026-09-24T08:25:00.716510+00:00
6377,0.62,2026-09-24T08:25:00.717092+00:00
6378,0.63,2026-09-24T08:25:00.717829+00:00
6379,0.526,2026-09-24T08:25:00.718371+00:00
6380,0.728,2026-09-24T08:25:00.719076+00:00
6381,0.653,2026-09-24T08:25:00.719807+00:00
6382,0.578,2026-09-24T08:25:00.720372+00:00
6383,0.735,2026-09-24T08:25:00.721292+00:00
6384,0.621,2026-09-24T08:25:00.721905+00:00
6385,0.592,2026-09-24T08:25:00.722444+00:00
6386,0.5720000000000001,2026-09-24T08:25:00.722944+00:00
6387,0.536,2026-09-24T08:25:00.723446+00:00
6388,0.526,2026-09-24T08:25:00.723925+00:00
6389,0.519,2026-09-24T08:25:00.724406+00:00
6390,0.537,2026-09-24T08:25:00.724858+00:00
6391,0.46799999999999997,2026-09-24T08:25:00.725296+00:00
6392,0.504,2026-09-24T08:25:00.725771+00:00
6393,0.532,2026-09-24T08:25:00.726285+00:00
6394,0.579,2026-09-24T08:25:00.726842+00:00
6395,0.514,2026-09-24T08:25:00.727277+00:00
6396,0.5,2026-09-24T08:25:00.727770+00:00
6397,0.53,2026-09-24T08:25:00.728257+00:00
6398,0.514,2026-09-24T08:25:00.728724+00:00
6399,0.47100000000000003,2026-09-24T08:25:00.729190+00:00
6400,0.5339999999999999,2026-09-24T08:25:00.729676+00:00
6401,0.512,2026-09-24T08:25:00.730165+00:00
6402,0.55,2026-09-24T08:25:00.730660+00:00
6403,0.49799999999999994,2026-09-24T08:25:00.731144+00:00
6404,0.546,2026-09-24T08:25:00.731645+00:00
6405,0.5379999999999999,2026-09-24T08:25:00.732176+00:00
6406,0.526,2026-09-24T08:25:00.732627+00:00
6407,0.49,2026-09-24T08:25:00.733109+00:00
6408,0.496,2026-09-24T08:25:00.733571+00:00
6409,0.524,2026-09-24T08:25:00.734056+00:00
6410,0.49200000000000005,2026-09-24T08:25:00.734500+00:00
6411,0.5569999999999999,2026-09-24T08:25:00.735043+00:00
6412,0.533,2026-09-24T08:25:00.735547+00:00
6413,0.536,2026-09-24T08:25:00.736040+00:00
6414,0.516,2026-09-24T08:25:00.736517+00:00
6415,0.521,2026-09-24T08:25:00.736998+00:00
6416,0.49,2026-09-24T08:25:00.737456+00:00
6417,0.503,2026-09-24T08:25:00.737934+00:00
6418,0.481,2026-09-24T08:25:00.738352+00:00
6419,0.528,2026-09-24T08:25:00.738850+00:00
6420,0.535,2026-09-24T08:25:00.739364+00:00
6421,0.565,2026-09-24T08:25:00.739840+00:00
6422,0.539,2026-09-24T08:25:00.740350+00:00
6423,0.5379999999999999,2026-09-24T08:25:00.740823+00:00
6424,0.475,2026-09-24T08:25:00.741267+00:00
6425,0.535,2026-09-24T08:25:00.741784+00:00
6426,0.699,2026-09-24T08:25:00.742464+00:00
6427,0.5379999999999999,2026-09-24T08:25:00.742836+00:00
6428,0.479,2026-09-24T08:25:00.743225+00:00
6429,0.6539999999999999,2026-09-24T08:25:00.743859+00:00
6430,0.546,2026-09-24T08:25:00.744345+00:00
6431,0.525,2026-09-24T08:25:00.744859+00:00
6432,0.519,2026-09-24T08:25:00.745333+00:00
6433,0.501,2026-09-24T08:25:00.745830+00:00
6434,0.509,2026-09-24T08:25:00.746303+00:00
6435,0.488,2026-09-24T08:25:00.746751+00:00
6436,0.46299999999999997,2026-09-24T08:25:00.747211+00:00
6437,0.502,2026-09-24T08:25:00.747664+00:00
6438,0.508,2026-09-24T08:25:00.748166+00:00
6439,0.505,2026-09-24T08:25:00.748625+00:00
6440,0.5820000000000001,2026-09-24T08:25:00.749193+00:00
6441,0.545,2026-09-24T08:25:00.749673+00:00
6442,0.477,2026-09-24T08:25:00.750145+00:00
6443,0.514,2026-09-24T08:25:00.750624+00:00
6444,0.46,2026-09-24T08:25:00.751048+00:00
6445,0.569,2026-09-24T08:25:00.751582+00:00
6446,0.499,2026-09-24T08:25:00.752036+00:00
6447,0.504,2026-09-24T08:25:00.752529+00:00
6448,0.48899999999999993,2026-09-24T08:25:00.752964+00:00
6449,0.523,2026-09-24T08:25:00.753473+00:00
6450,0.5289999999999999,2026-09-24T08:25:00.753910+00:00
6451,0.589,2026-09-24T08:25:00.754476+00:00
6452,0.496,2026-09-24T08:25:00.754922+00:00
6453,0.472,2026-09-24T08:25:00.755380+00:00
6454,0.51,2026-09-24T08:25:00.755843+00:00
6455,0.479,2026-09-24T08:25:00.756309+00:00
6456,0.477,2026-09-24T08:25:00.756740+00:00
6457,0.47800000000000004,2026-09-24T08:25:00.757205+00:00
6458,0.505,2026-09-24T08:25:00.757654+00:00
6459,0.502,2026-09-24T08:25:00.758143+00:00
6460,0.504,2026-09-24T08:25:00.758601+00:00
6461,0.467,2026-09-24T08:25:00.759060+00:00
6462,0.49200000000000005,2026-09-24T08:25:00.759518+00:00
6463,0.53,2026-09-24T08:25:00.759998+00:00
6464,0.465,2026-09-24T08:25:00.760400+00:00
6465,0.5289999999999999,2026-09-24T08:25:00.760926+00:00
6466,0.472,2026-09-24T08:25:00.761325+00:00
6467,0.5810000000000001,2026-09-24T08:25:00.761882+00:00
6468,0.467,2026-09-24T08:25:00.762297+00:00
6469,0.49799999999999994,2026-09-24T08:25:00.762795+00:00
6470,0.483,2026-09-24T08:25:00.763228+00:00
6471,0.501,2026-09-24T08:25:00.763714+00:00
6472,0.503,2026-09-24T08:25:00.764172+00:00
6473,0.516,2026-09-24T08:25:00.764673+00:00
6474,0.501,2026-09-24T08:25:00.765126+00:00
6475,0.5680000000000001,2026-09-24T08:25:00.765680+00:00
6476,0.58,2026-09-24T08:25:00.766240+00:00
6477,0.524,2026-09-24T08:25:00.766753+00:00
6478,0.49200000000000005,2026-09-24T08:25:00.767197+00:00
6479,0.522,2026-09-24T08:25:00.767706+00:00
6480,0.49200000000000005,2026-09-24T08:25:00.768146+00:00
6481,0.585,2026-09-24T08:25:00.768712+00:00
6482,0.494,2026-09-24T08:25:00.769195+00:00
6483,0.513,2026-09-24T08:25:00.769656+00:00
6484,0.46599999999999997,2026-09-24T08:25:00.770095+00:00
6485,0.458,2026-09-24T08:25:00.770507+00:00
6486,0.481,2026-09-24T08:25:00.770986+00:00
6487,0.506,2026-09-24T08:25:00.771446+00:00
6488,0.605,2026-09-24T08:25:00.771994+00:00
6489,0.674,2026-09-24T08:25:00.772775+00:00
6490,1.034,2026-09-24T08:25:00.773888+00:00
6491,0.8809999999999999,2026-09-24T08:25:00.774450+00:00
6492,0.751,2026-09-24T08:25:00.775003+00:00
6493,0.687,2026-09-24T08:25:00.775619+00:00
6494,0.63,2026-09-24T08:25:00.776237+00:00
6495,0.709,2026-09-24T08:25:00.776961+00:00
6496,0.596,2026-09-24T08:25:00.777532+00:00
6497,0.64,2026-09-24T08:25:00.778201+00:00
6498,0.636,2026-09-24T08:25:00.778848+00:00
6499,0.62,2026-09-24T08:25:00.779406+00:00
6500,0.871,2026-09-24T08:25:00.780166+00:00
6501,0.824,2026-09-24T08:25:00.780543+00:00
6502,0.65,2026-09-24T08:25:00.780856+00:00
6503,0.5640000000000001,2026-09-24T08:25:00.781313+00:00
6504,0.49700000000000005,2026-09-24T08:25:00.781764+00:00
6505,0.532,2026-09-24T08:25:00.782272+00:00
6506,0.526,2026-09-24T08:25:00.782750+00:00
6507,0.526,2026-09-24T08:25:00.783239+00:00
6508,0.5429999999999999,2026-09-24T08:25:00.783769+00:00
6509,0.5109999999999999,2026-09-24T08:25:00.784223+00:00
6510,0.521,2026-09-24T08:25:00.784717+00:00
6511,0.515,2026-09-24T08:25:00.785177+00:00
6512,0.48700000000000004,2026-09-24T08:25:00.785645+00:00
6513,0.49799999999999994,2026-09-24T08:25:00.786125+00:00
6514,0.49,2026-09-24T08:25:00.786608+00:00
6515,0.496,2026-09-24T08:25:00.787041+00:00
6516,0.462,2026-09-24T08:25:00.787498+00:00
6517,0.505,2026-09-24T08:25:00.787955+00:00
6518,0.484,2026-09-24T08:25:00.788431+00:00
6519,0.5770000000000001,2026-09-24T08:25:00.788944+00:00
6520,0.504,2026-09-24T08:25:00.789397+00:00
6521,0.569,2026-09-24T08:25:00.789921+00:00
6522,0.47100000000000003,2026-09-24T08:25:00.790278+00:00
6523,0.495,2026-09-24T08:25:00.790727+00:00
6524,0.47300000000000003,2026-09-24T08:25:00.791168+00:00
6525,0.5,2026-09-24T08:25:00.791644+00:00
6526,0.482,2026-09-24T08:25:00.792074+00:00
6527,0.496,2026-09-24T08:25:00.792556+00:00
6528,0.868,2026-09-24T08:25:00.793649+00:00
6529,0.612,2026-09-24T08:25:00.794350+00:00
6530,0.578,2026-09-24T08:25:00.794962+00:00
6531,0.5509999999999999,2026-09-24T08:25:00.795520+00:00
6532,0.484,2026-09-24T08:25:00.795993+00:00
6533,0.526,2026-09-24T08:25:00.796506+00:00
6534,0.5950000000000001,2026-09-24T08:25:00.797174+00:00
6535,0.522,2026-09-24T08:25:00.797709+00:00
6536,0.522,2026-09-24T08:25:00.798188+00:00
6537,0.535,2026-09-24T08:25:00.798650+00:00
6538,0.48000000000000004,2026-09-24T08:25:00.799090+00:00
6539,0.484,2026-09-24T08:25:00.799577+00:00
6540,0.45899999999999996,2026-09-24T08:25:00.799973+00:00
6541,0.48000000000000004,2026-09-24T08:25:00.800437+00:00
6542,0.508,2026-09-24T08:25:00.800896+00:00
6543,0.482,2026-09-24T08:25:00.801336+00:00
6544,0.5109999999999999,2026-09-24T08:25:00.801834+00:00
6545,0.46900000000000003,2026-09-24T08:25:00.802260+00:00
6546,0.475,2026-09-24T08:25:00.802715+00:00
6547,0.46599999999999997,2026-09-24T08:25:00.803145+00:00
6548,0.48000000000000004,2026-09-24T08:25:00.803595+00:00
6549,0.46,2026-09-24T08:25:00.804005+00:00
6550,0.494,2026-09-24T08:25:00.804480+00:00
6551,0.457,2026-09-24T08:25:00.804945+00:00
6552,0.457,2026-09-24T08:25:00.805348+00:00
6553,0.501,2026-09-24T08:25:00.805837+00:00
6554,0.44499999999999995,2026-09-24T08:25:00.806206+00:00
6555,0.49,2026-09-24T08:25:00.806678+00:00
6556,0.44499999999999995,2026-09-24T08:25:00.807109+00:00
6557,0.482,2026-09-24T08:25:00.807550+00:00
6558,0.488,2026-09-24T08:25:00.808015+00:00
6559,0.527,2026-09-24T08:25:00.808524+00:00
6560,0.49299999999999994,2026-09-24T08:25:00.809004+00:00
6561,0.477,2026-09-24T08:25:00.809425+00:00
6562,0.481,2026-09-24T08:25:00.809888+00:00
6563,0.488,2026-09-24T08:25:00.810330+00:00
6564,0.5289999999999999,2026-09-24T08:25:00.810839+00:00
6565,0.482,2026-09-24T08:25:00.811295+00:00
6566,0.496,2026-09-24T08:25:00.811737+00:00
6567,0.479,2026-09-24T08:25:00.812193+00:00
6568,0.496,2026-09-24T08:25:00.812664+00:00
6569,0.484,2026-09-24T08:25:00.813088+00:00
6570,0.519,2026-09-24T08:25:00.813584+00:00
6571,0.455,2026-09-24T08:25:00.814002+00:00
6572,0.514,2026-09-24T08:25:00.814490+00:00
6573,0.502,2026-09-24T08:25:00.814961+00:00
6574,0.48500000000000004,2026-09-24T08:25:00.815374+00:00
6575,0.5289999999999999,2026-09-24T08:25:00.815882+00:00
6576,0.472,2026-09-24T08:25:00.816327+00:00
6577,0.467,2026-09-24T08:25:00.816742+00:00
6578,0.457,2026-09-24T08:25:00.817189+00:00
6579,0.47,2026-09-24T08:25:00.817616+00:00
6580,0.45,2026-09-24T08:25:00.818089+00:00
6581,0.46900000000000003,2026-09-24T08:25:00.818508+00:00
6582,0.47800000000000004,2026-09-24T08:25:00.818955+00:00
6583,0.499,2026-09-24T08:25:00.819432+00:00
6584,0.51,2026-09-24T08:25:00.819914+00:00
6585,0.506,2026-09-24T08:25:00.820401+00:00
6586,0.507,2026-09-24T08:25:00.820860+00:00
6587,0.435,2026-09-24T08:25:00.821284+00:00
6588,0.47,2026-09-24T08:25:00.821710+00:00
6589,0.45399999999999996,2026-09-24T08:25:00.822136+00:00
6590,0.726,2026-09-24T08:25:00.822802+00:00
6591,0.504,2026-09-24T08:25:00.823277+00:00
6592,0.532,2026-09-24T08:25:00.823753+00:00
6593,0.475,2026-09-24T08:25:00.824202+00:00
6594,0.479,2026-09-24T08:25:00.824635+00:00
6595,0.48000000000000004,2026-09-24T08:25:00.825089+00:00
6596,0.483,2026-09-24T08:25:00.825517+00:00
6597,0.607,2026-09-24T08:25:00.826092+00:00
6598,0.771,2026-09-24T08:25:00.826845+00:00
6599,0.623,2026-09-24T08:25:00.827187+00:00
6600,0.5,2026-09-24T08:25:00.827493+00:00
6601,0.6930000000000001,2026-09-24T08:25:00.828076+00:00
6602,0.53,2026-09-24T08:25:00.828356+00:00
6603,0.5599999999999999,2026-09-24T08:25:00.828769+00:00
6604,0.6449999999999999,2026-09-24T08:25:00.829302+00:00
6605,0.968,2026-09-24T08:25:00.830348+00:00
6606,0.599,2026-09-24T08:25:00.830778+00:00
6607,0.8130000000000001,2026-09-24T08:25:00.831511+00:00
6608,0.5640000000000001,2026-09-24T08:25:00.831864+00:00
6609,0.5509999999999999,2026-09-24T08:25:00.832317+00:00
6610,0.532,2026-09-24T08:25:00.832779+00:00
6611,0.501,2026-09-24T08:25:00.833257+00:00
6612,0.502,2026-09-24T08:25:00.833731+00:00
6613,0.524,2026-09-24T08:25:00.834195+00:00
6614,0.514,2026-09-24T08:25:00.834684+00:00
6615,0.5199999999999999,2026-09-24T08:25:00.835138+00:00
6616,0.5770000000000001,2026-09-24T08:25:00.835683+00:00
6617,0.503,2026-09-24T08:25:00.836131+00:00
6618,0.5479999999999999,2026-09-24T08:25:00.836640+00:00
6619,0.5339999999999999,2026-09-24T08:25:00.837100+00:00
6620,0.5479999999999999,2026-09-24T08:25:00.837608+00:00
6621,0.553,2026-09-24T08:25:00.838128+00:00
6622,0.531,2026-09-24T08:25:00.838587+00:00
6623,0.506,2026-09-24T08:25:00.839024+00:00
6624,0.5,2026-09-24T08:25:00.839489+00:00
6625,0.523,2026-09-24T08:25:00.839971+00:00
6626,0.546,2026-09-24T08:25:00.840492+00:00
6627,0.571,2026-09-24T08:25:00.840972+00:00
6628,0.531,2026-09-24T08:25:00.841459+00:00
6629,0.544,2026-09-24T08:25:00.841947+00:00
6630,0.541,2026-09-24T08:25:00.842443+00:00
6631,0.53,2026-09-24T08:25:00.842919+00:00
6632,0.495,2026-09-24T08:25:00.843380+00:00
6633,0.5640000000000001,2026-09-24T08:25:00.843897+00:00
6634,0.509,2026-09-24T08:25:00.844306+00:00
6635,0.491,2026-09-24T08:25:00.844735+00:00
6636,0.499,2026-09-24T08:25:00.845203+00:00
6637,0.57,2026-09-24T08:25:00.845742+00:00
6638,0.488,2026-09-24T08:25:00.846152+00:00
6639,0.5379999999999999,2026-09-24T08:25:00.846621+00:00
6640,0.49,2026-09-24T08:25:00.847004+00:00
6641,0.48500000000000004,2026-09-24T08:25:00.847401+00:00
6642,0.683,2026-09-24T08:25:00.848030+00:00
6643,0.5670000000000001,2026-09-24T08:25:00.848572+00:00
6644,0.64,2026-09-24T08:25:00.849164+00:00
6645,0.634,2026-09-24T08:25:00.849764+00:00
6646,0.612,2026-09-24T08:25:00.850343+00:00
6647,0.626,2026-09-24T08:25:00.850929+00:00
6648,0.5609999999999999,2026-09-24T08:25:00.851450+00:00
6649,0.507,2026-09-24T08:25:00.851900+00:00
6650,0.532,2026-09-24T08:25:00.852406+00:00
6651,0.545,2026-09-24T08:25:00.852882+00:00
6652,0.507,2026-09-24T08:25:00.853383+00:00
6653,0.523,2026-09-24T08:25:00.853844+00:00
6654,0.521,2026-09-24T08:25:00.854340+00:00
6655,0.526,2026-09-24T08:25:00.854804+00:00
6656,0.49700000000000005,2026-09-24T08:25:00.855296+00:00
6657,0.514,2026-09-24T08:25:00.855748+00:00
6658,0.5509999999999999,2026-09-24T08:25:00.856279+00:00
6659,0.48500000000000004,2026-09-24T08:25:00.856697+00:00
6660,0.486,2026-09-24T08:25:00.857161+00:00
6661,0.475,2026-09-24T08:25:00.857606+00:00
6662,0.505,2026-09-24T08:25:00.858077+00:00
6663,0.484,2026-09-24T08:25:00.858476+00:00
6664,0.602,2026-09-24T08:25:00.859223+00:00
6665,0.596,2026-09-24T08:25:00.859910+00:00
6666,0.583,2026-09-24T08:25:00.860553+00:00
6667,0.5680000000000001,2026-09-24T08:25:00.861226+00:00
6668,0.603,2026-09-24T08:25:00.861909+00:00
6669,0.549,2026-09-24T08:25:00.862541+00:00
6670,0.5479999999999999,2026-09-24T08:25:00.863184+00:00
6671,0.5820000000000001,2026-09-24T08:25:00.863848+00:00
6672,0.5630000000000001,2026-09-24T08:25:00.864509+00:00
6673,0.549,2026-09-24T08:25:00.865158+00:00
6674,0.5760000000000001,2026-09-24T08:25:00.865834+00:00
6675,0.456,2026-09-24T08:25:00.866265+00:00
6676,0.5339999999999999,2026-09-24T08:25:00.866752+00:00
6677,0.49200000000000005,2026-09-24T08:25:00.867222+00:00
6678,0.51,2026-09-24T08:25:00.867677+00:00
6679,0.515,2026-09-24T08:25:00.868164+00:00
6680,0.535,2026-09-24T08:25:00.868630+00:00
6681,0.49700000000000005,2026-09-24T08:25:00.869124+00:00
6682,0.533,2026-09-24T08:25:00.869605+00:00
6683,0.5379999999999999,2026-09-24T08:25:00.870122+00:00
6684,0.515,2026-09-24T08:25:00.870567+00:00
6685,0.514,2026-09-24T08:25:00.871070+00:00
6686,0.527,2026-09-24T08:25:00.871526+00:00
6687,0.501,2026-09-24T08:25:00.872021+00:00
6688,0.518,2026-09-24T08:25:00.872467+00:00
6689,0.494,2026-09-24T08:25:00.872946+00:00
6690,0.464,2026-09-24T08:25:00.873354+00:00
6691,0.482,2026-09-24T08:25:00.873814+00:00
6692,0.438,2026-09-24T08:25:00.874240+00:00
6693,0.486,2026-09-24T08:25:00.874684+00:00
6694,0.5289999999999999,2026-09-24T08:25:00.875188+00:00
6695,0.49799999999999994,2026-09-24T08:25:00.875619+00:00
6696,0.503,2026-09-24T08:25:00.876106+00:00
6697,0.501,2026-09-24T08:25:00.876555+00:00
6698,0.526,2026-09-24T08:25:00.877053+00:00
6699,0.48500000000000004,2026-09-24T08:25:00.877443+00:00
6700,0.527,2026-09-24T08:25:00.877906+00:00
6701,0.48700000000000004,2026-09-24T08:25:00.878370+00:00
6702,0.523,2026-09-24T08:25:00.878870+00:00
6703,0.47300000000000003,2026-09-24T08:25:00.879321+00:00
6704,0.521,2026-09-24T08:25:00.879819+00:00
6705,0.507,2026-09-24T08:25:00.880294+00:00
6706,0.535,2026-09-24T08:25:00.880762+00:00
6707,0.49799999999999994,2026-09-24T08:25:00.881259+00:00
6708,0.525,2026-09-24T08:25:00.881721+00:00
6709,0.491,2026-09-24T08:25:00.882195+00:00
6710,0.508,2026-09-24T08:25:00.882647+00:00
6711,0.504,2026-09-24T08:25:00.883128+00:00
6712,0.479,2026-09-24T08:25:00.883533+00:00
6713,0.49200000000000005,2026-09-24T08:25:00.883997+00:00
6714,0.496,2026-09-24T08:25:00.884425+00:00
6715,0.502,2026-09-24T08:25:00.884919+00:00
6716,0.717,2026-09-24T08:25:00.885796+00:00
6717,0.519,2026-09-24T08:25:00.886310+00:00
6718,0.553,2026-09-24T08:25:00.886821+00:00
6719,0.49700000000000005,2026-09-24T08:25:00.887271+00:00
6720,0.509,2026-09-24T08:25:00.887766+00:00
6721,0.46,2026-09-24T08:25:00.888174+00:00
6722,0.525,2026-09-24T08:25:00.888670+00:00
6723,0.481,2026-09-24T08:25:00.889077+00:00
6724,0.502,2026-09-24T08:25:00.889567+00:00
6725,0.523,2026-09-24T08:25:00.890030+00:00
6726,0.506,2026-09-24T08:25:00.890527+00:00
6727,0.666,2026-09-24T08:25:00.891357+00:00
6728,0.554,2026-09-24T08:25:00.891901+00:00
6729,0.7739999999999999,2026-09-24T08:25:00.892893+00:00
6730,0.704,2026-09-24T08:25:00.893761+00:00
6731,0.7060000000000001,2026-09-24T08:25:00.894626+00:00
6732,0.7,2026-09-24T08:25:00.895480+00:00
6733,0.6930000000000001,2026-09-24T08:25:00.896333+00:00
6734,0.6809999999999999,2026-09-24T08:25:00.897180+00:00
6735,0.707,2026-09-24T08:25:00.898061+00:00
6736,0.6,2026-09-24T08:25:00.898705+00:00
6737,0.5599999999999999,2026-09-24T08:25:00.899262+00:00
6738,0.517,2026-09-24T08:25:00.899744+00:00
6739,0.523,2026-09-24T08:25:00.900229+00:00
6740,0.54,2026-09-24T08:25:00.900731+00:00
6741,0.506,2026-09-24T08:25:00.901198+00:00
6742,0.545,2026-09-24T08:25:00.901740+00:00
6743,0.5419999999999999,2026-09-24T08:25:00.902235+00:00
6744,0.57,2026-09-24T08:25:00.902781+00:00
6745,0.499,2026-09-24T08:25:00.903233+00:00
6746,0.528,2026-09-24T08:25:00.903742+00:00
6747,0.491,2026-09-24T08:25:00.904220+00:00
6748,0.562,2026-09-24T08:25:00.904761+00:00
6749,0.5760000000000001,2026-09-24T08:25:00.905294+00:00
6750,0.5429999999999999,2026-09-24T08:25:00.905803+00:00
6751,0.519,2026-09-24T08:25:00.906290+00:00
6752,0.5109999999999999,2026-09-24T08:25:00.906755+00:00
6753,0.45899999999999996,2026-09-24T08:25:00.907203+00:00
6754,0.482,2026-09-24T08:25:00.907627+00:00
6755,0.48899999999999993,2026-09-24T08:25:00.908094+00:00
6756,0.46799999999999997,2026-09-24T08:25:00.908530+00:00
6757,0.533,2026-09-24T08:25:00.909039+00:00
6758,0.523,2026-09-24T08:25:00.909488+00:00
6759,0.491,2026-09-24T08:25:00.909964+00:00
6760,0.475,2026-09-24T08:25:00.910397+00:00
6761,0.477,2026-09-24T08:25:00.910867+00:00
6762,0.47100000000000003,2026-09-24T08:25:00.911297+00:00
6763,0.462,2026-09-24T08:25:00.911743+00:00
6764,0.467,2026-09-24T08:25:00.912187+00:00
6765,0.483,2026-09-24T08:25:00.912652+00:00
6766,0.46299999999999997,2026-09-24T08:25:00.913062+00:00
6767,0.48000000000000004,2026-09-24T08:25:00.913521+00:00
6768,0.479,2026-09-24T08:25:00.913984+00:00
6769,0.458,2026-09-24T08:25:00.914388+00:00
6770,0.47100000000000003,2026-09-24T08:25:00.914841+00:00
6771,0.44499999999999995,2026-09-24T08:25:00.915271+00:00
6772,0.495,2026-09-24T08:25:00.915746+00:00
6773,0.49,2026-09-24T08:25:00.916216+00:00
6774,0.48700000000000004,2026-09-24T08:25:00.916684+00:00
6775,0.475,2026-09-24T08:25:00.917137+00:00
6776,0.532,2026-09-24T08:25:00.917639+00:00
6777,0.523,2026-09-24T08:25:00.918098+00:00
6778,0.47300000000000003,2026-09-24T08:25:00.918511+00:00
6779,0.61,2026-09-24T08:25:00.919192+00:00
6780,0.714,2026-09-24T08:25:00.920089+00:00
6781,0.655,2026-09-24T08:25:00.920913+00:00
6782,0.651,2026-09-24T08:25:00.921731+00:00
6783,0.6489999999999999,2026-09-24T08:25:00.922550+00:00
6784,0.633,2026-09-24T08:25:00.923344+00:00
6785,0.626,2026-09-24T08:25:00.924166+00:00
6786,0.651,2026-09-24T08:25:00.924996+00:00
6787,0.6539999999999999,2026-09-24T08:25:00.925828+00:00
6788,0.71,2026-09-24T08:25:00.926688+00:00
6789,0.537,2026-09-24T08:25:00.927308+00:00
6790,0.6040000000000001,2026-09-24T08:25:00.927906+00:00
6791,0.46299999999999997,2026-09-24T08:25:00.928364+00:00
6792,0.507,2026-09-24T08:25:00.928854+00:00
6793,0.549,2026-09-24T08:25:00.929383+00:00
6794,0.541,2026-09-24T08:25:00.929903+00:00
6795,0.516,2026-09-24T08:25:00.930396+00:00
6796,0.5199999999999999,2026-09-24T08:25:00.930879+00:00
6797,0.5,2026-09-24T08:25:00.931345+00:00
6798,0.47600000000000003,2026-09-24T08:25:00.931801+00:00
6799,0.449,2026-09-24T08:25:00.932229+00:00
6800,0.5199999999999999,2026-09-24T08:25:00.932730+00:00
6801,0.48899999999999993,2026-09-24T08:25:00.933184+00:00
6802,0.486,2026-09-24T08:25:00.933637+00:00
6803,0.46900000000000003,2026-09-24T08:25:00.934105+00:00
6804,0.516,2026-09-24T08:25:00.934604+00:00
6805,0.515,2026-09-24T08:25:00.935053+00:00
6806,0.535,2026-09-24T08:25:00.935567+00:00
6807,0.486,2026-09-24T08:25:00.936030+00:00
6808,0.491,2026-09-24T08:25:00.936506+00:00
6809,0.49700000000000005,2026-09-24T08:25:00.936970+00:00
6810,0.6489999999999999,2026-09-24T08:25:00.937583+00:00
6811,0.593,2026-09-24T08:25:00.938156+00:00
6812,0.537,2026-09-24T08:25:00.938672+00:00
6813,0.5109999999999999,2026-09-24T08:25:00.939152+00:00
6814,0.516,2026-09-24T08:25:00.939642+00:00
6815,0.507,2026-09-24T08:25:00.940123+00:00
6816,0.486,2026-09-24T08:25:00.940591+00:00
6817,0.523,2026-09-24T08:25:00.941076+00:00
6818,0.496,2026-09-24T08:25:00.941535+00:00
6819,0.703,2026-09-24T08:25:00.942451+00:00
6820,0.531,2026-09-24T08:25:00.943013+00:00
6821,0.571,2026-09-24T08:25:00.943546+00:00
6822,0.631,2026-09-24T08:25:00.944142+00:00
6823,0.608,2026-09-24T08:25:00.944705+00:00
6824,0.524,2026-09-24T08:25:00.945271+00:00
6825,0.513,2026-09-24T08:25:00.945771+00:00
6826,0.488,2026-09-24T08:25:00.946238+00:00
6827,0.477,2026-09-24T08:25:00.946702+00:00
6828,0.46799999999999997,2026-09-24T08:25:00.947149+00:00
6829,0.482,2026-09-24T08:25:00.947621+00:00
6830,0.457,2026-09-24T08:25:00.948062+00:00
6831,0.458,2026-09-24T08:25:00.948494+00:00
6832,0.488,2026-09-24T08:25:00.948959+00:00
6833,0.46299999999999997,2026-09-24T08:25:00.949392+00:00
6834,0.508,2026-09-24T08:25:00.949874+00:00
6835,0.48899999999999993,2026-09-24T08:25:00.950341+00:00
6836,0.496,2026-09-24T08:25:00.950823+00:00
6837,0.464,2026-09-24T08:25:00.951275+00:00
6838,0.45199999999999996,2026-09-24T08:25:00.951704+00:00
6839,0.46299999999999997,2026-09-24T08:25:00.952141+00:00
6840,0.467,2026-09-24T08:25:00.952582+00:00
6841,0.451,2026-09-24T08:25:00.953024+00:00
6842,0.447,2026-09-24T08:25:00.953458+00:00
6843,0.44499999999999995,2026-09-24T08:25:00.953891+00:00
6844,0.43600000000000005,2026-09-24T08:25:00.954314+00:00
6845,0.46,2026-09-24T08:25:00.954763+00:00
6846,0.46599999999999997,2026-09-24T08:25:00.955219+00:00
6847,0.5109999999999999,2026-09-24T08:25:00.955710+00:00
6848,0.512,2026-09-24T08:25:00.956164+00:00
6849,0.62,2026-09-24T08:25:00.956758+00:00
6850,0.5670000000000001,2026-09-24T08:25:00.957332+00:00
6851,0.766,2026-09-24T08:25:00.958101+00:00
6852,0.66,2026-09-24T08:25:00.958822+00:00
6853,0.537,2026-09-24T08:25:00.959355+00:00
6854,0.5339999999999999,2026-09-24T08:25:00.959856+00:00
6855,0.522,2026-09-24T08:25:00.960323+00:00
6856,0.507,2026-09-24T08:25:00.960769+00:00
6857,0.512,2026-09-24T08:25:00.961264+00:00
6858,0.502,2026-09-24T08:25:00.961702+00:00
6859,0.48500000000000004,2026-09-24T08:25:00.962171+00:00
6860,0.527,2026-09-24T08:25:00.962650+00:00
6861,0.457,2026-09-24T08:25:00.963090+00:00
6862,0.448,2026-09-24T08:25:00.963524+00:00
6863,0.47100000000000003,2026-09-24T08:25:00.963942+00:00
6864,0.512,2026-09-24T08:25:00.964424+00:00
6865,0.516,2026-09-24T08:25:00.964871+00:00
6866,0.592,2026-09-24T08:25:00.965675+00:00
6867,0.549,2026-09-24T08:25:00.966328+00:00
6868,0.5630000000000001,2026-09-24T08:25:00.966968+00:00
6869,0.579,2026-09-24T08:25:00.967651+00:00
6870,0.554,2026-09-24T08:25:00.968329+00:00
6871,0.55,2026-09-24T08:25:00.968958+00:00
6872,0.44499999999999995,2026-09-24T08:25:00.969405+00:00
6873,0.502,2026-09-24T08:25:00.969853+00:00
6874,0.484,2026-09-24T08:25:00.970301+00:00
6875,0.6,2026-09-24T08:25:00.970878+00:00
6876,0.5730000000000001,2026-09-24T08:25:00.971405+00:00
6877,0.565,2026-09-24T08:25:00.971925+00:00
6878,0.583,2026-09-24T08:25:00.972484+00:00
6879,0.5640000000000001,2026-09-24T08:25:00.972999+00:00
6880,0.599,2026-09-24T08:25:00.973542+00:00
6881,0.851,2026-09-24T08:25:00.974324+00:00
6882,0.6880000000000001,2026-09-24T08:25:00.974997+00:00
6883,1.286,2026-09-24T08:25:00.976615+00:00
6884,0.719,2026-09-24T08:25:00.977569+00:00
6885,0.63,2026-09-24T08:25:00.978223+00:00
6886,0.503,2026-09-24T08:25:00.978619+00:00
6887,0.841,2026-09-24T08:25:00.979598+00:00
6888,0.488,2026-09-24T08:25:00.980071+00:00
6889,0.481,2026-09-24T08:25:00.980508+00:00
6890,0.641,2026-09-24T08:25:00.981128+00:00
6891,0.533,2026-09-24T08:25:00.981582+00:00
6892,0.47300000000000003,2026-09-24T08:25:00.982022+00:00
6893,0.45,2026-09-24T08:25:00.982456+00:00
6894,0.8019999999999999,2026-09-24T08:25:00.983319+00:00
6895,0.9890000000000001,2026-09-24T08:25:00.984384+00:00
6896,0.867,2026-09-24T08:25:00.984912+00:00
6897,0.6859999999999999,2026-09-24T08:25:00.985214+00:00
6898,0.589,2026-09-24T08:25:00.985638+00:00
6899,0.528,2026-09-24T08:25:00.986033+00:00
6900,0.517,2026-09-24T08:25:00.986449+00:00
6901,0.628,2026-09-24T08:25:00.986957+00:00
6902,0.621,2026-09-24T08:25:00.987450+00:00
6903,0.773,2026-09-24T08:25:00.988324+00:00
6904,0.7200000000000001,2026-09-24T08:25:00.989194+00:00
6905,0.579,2026-09-24T08:25:00.989761+00:00
6906,0.609,2026-09-24T08:25:00.990434+00:00
6907,0.633,2026-09-24T08:25:00.991241+00:00
6908,0.626,2026-09-24T08:25:00.991922+00:00
6909,0.786,2026-09-24T08:25:00.992910+00:00
6910,0.627,2026-09-24T08:25:00.993620+00:00
6911,0.536,2026-09-24T08:25:00.994188+00:00
6912,0.54,2026-09-24T08:25:00.994734+00:00
6913,0.501,2026-09-24T08:25:00.995211+00:00
6914,0.496,2026-09-24T08:25:00.995703+00:00
6915,0.474,2026-09-24T08:25:00.996156+00:00
6916,0.616,2026-09-24T08:25:00.996755+00:00
6917,0.6920000000000001,2026-09-24T08:25:00.997347+00:00
6918,0.6040000000000001,2026-09-24T08:25:00.997866+00:00
6919,0.5609999999999999,2026-09-24T08:25:00.998386+00:00
6920,0.921,2026-09-24T08:25:00.999261+00:00
6921,0.8540000000000001,2026-09-24T08:25:01.000039+00:00
6922,0.579,2026-09-24T08:25:01.000612+00:00
6923,0.503,2026-09-24T08:25:01.001112+00:00
6924,0.499,2026-09-24T08:25:01.001568+00:00
6925,0.518,2026-09-24T08:25:01.002036+00:00
6926,0.508,2026-09-24T08:25:01.002465+00:00
6927,0.515,2026-09-24T08:25:01.002883+00:00
6928,0.46900000000000003,2026-09-24T08:25:01.003304+00:00
6929,0.474,2026-09-24T08:25:01.003704+00:00
6930,0.484,2026-09-24T08:25:01.004155+00:00
6931,0.46900000000000003,2026-09-24T08:25:01.004567+00:00
6932,0.447,2026-09-24T08:25:01.004955+00:00
6933,0.46,2026-09-24T08:25:01.005366+00:00
6934,0.507,2026-09-24T08:25:01.005830+00:00
6935,0.593,2026-09-24T08:25:01.006380+00:00
6936,0.794,2026-09-24T08:25:01.007281+00:00
6937,0.636,2026-09-24T08:25:01.007979+00:00
6938,0.5559999999999999,2026-09-24T08:25:01.008564+00:00
6939,0.502,2026-09-24T08:25:01.009056+00:00
6940,0.484,2026-09-24T08:25:01.009564+00:00
6941,0.51,2026-09-24T08:25:01.010101+00:00
6942,0.565,2026-09-24T08:25:01.010649+00:00
6943,0.507,2026-09-24T08:25:01.011158+00:00
6944,0.483,2026-09-24T08:25:01.011621+00:00
6945,0.49799999999999994,2026-09-24T08:25:01.012129+00:00
6946,0.494,2026-09-24T08:25:01.012610+00:00
6947,0.546,2026-09-24T08:25:01.013152+00:00
6948,0.596,2026-09-24T08:25:01.013721+00:00
6949,0.648,2026-09-24T08:25:01.014275+00:00
6950,1.047,2026-09-24T08:25:01.015397+00:00
6951,1.08,2026-09-24T08:25:01.016461+00:00
6952,1.0959999999999999,2026-09-24T08:25:01.017276+00:00
6953,0.909,2026-09-24T08:25:01.017902+00:00
6954,0.6930000000000001,2026-09-24T08:25:01.018498+00:00
6955,0.684,2026-09-24T08:25:01.019123+00:00
6956,0.619,2026-09-24T08:25:01.019687+00:00
6957,0.593,2026-09-24T08:25:01.020224+00:00
6958,0.7010000000000001,2026-09-24T08:25:01.020885+00:00
6959,0.656,2026-09-24T08:25:01.021445+00:00
6960,0.664,2026-09-24T08:25:01.022003+00:00
6961,0.624,2026-09-24T08:25:01.022548+00:00
6962,0.618,2026-09-24T08:25:01.023125+00:00
6963,1.078,2026-09-24T08:25:01.024439+00:00
6964,0.819,2026-09-24T08:25:01.025369+00:00
6965,0.82,2026-09-24T08:25:01.026201+00:00
6966,1.113,2026-09-24T08:25:01.027227+00:00
6967,1.137,2026-09-24T08:25:01.027976+00:00
6968,0.8720000000000001,2026-09-24T08:25:01.028549+00:00
6969,0.948,2026-09-24T08:25:01.029453+00:00
6970,0.805,2026-09-24T08:25:01.030153+00:00
6971,0.6579999999999999,2026-09-24T08:25:01.030747+00:00
6972,0.583,2026-09-24T08:25:01.031311+00:00
6973,0.755,2026-09-24T08:25:01.032009+00:00
6974,0.6579999999999999,2026-09-24T08:25:01.032445+00:00
6975,0.5199999999999999,2026-09-24T08:25:01.032781+00:00
6976,0.549,2026-09-24T08:25:01.033290+00:00
6977,0.584,2026-09-24T08:25:01.033797+00:00
6978,0.49,2026-09-24T08:25:01.034220+00:00
6979,0.49200000000000005,2026-09-24T08:25:01.034704+00:00
6980,0.46299999999999997,2026-09-24T08:25:01.035095+00:00
6981,0.516,2026-09-24T08:25:01.035583+00:00
6982,0.565,2026-09-24T08:25:01.036173+00:00
6983,0.53,2026-09-24T08:25:01.036671+00:00
6984,1.184,2026-09-24T08:25:01.037825+00:00
6985,0.732,2026-09-24T08:25:01.038342+00:00
6986,0.6809999999999999,2026-09-24T08:25:01.038973+00:00
6987,0.699,2026-09-24T08:25:01.039558+00:00
6988,0.953,2026-09-24T08:25:01.040721+00:00
6989,0.7919999999999999,2026-09-24T08:25:01.041538+00:00
6990,1.315,2026-09-24T08:25:01.042774+00:00
6991,0.928,2026-09-24T08:25:01.043441+00:00
6992,0.687,2026-09-24T08:25:01.043888+00:00
6993,0.5950000000000001,2026-09-24T08:25:01.044259+00:00
6994,0.571,2026-09-24T08:25:01.044622+00:00
6995,0.5810000000000001,2026-09-24T08:25:01.045008+00:00
6996,0.535,2026-09-24T08:25:01.045406+00:00
6997,0.579,2026-09-24T08:25:01.045917+00:00
6998,0.555,2026-09-24T08:25:01.046366+00:00
6999,0.549,2026-09-24T08:25:01.046787+00:00
7000,0.5379999999999999,2026-09-24T08:25:01.047224+00:00
7001,0.5599999999999999,2026-09-24T08:25:01.047687+00:00
7002,0.6880000000000001,2026-09-24T08:25:01.048440+00:00
7003,0.611,2026-09-24T08:25:01.048980+00:00
7004,0.57,2026-09-24T08:25:01.049508+00:00
7005,0.87,2026-09-24T08:25:01.050394+00:00
7006,0.633,2026-09-24T08:25:01.050809+00:00
7007,0.518,2026-09-24T08:25:01.051163+00:00
7008,0.496,2026-09-24T08:25:01.051559+00:00
7009,0.532,2026-09-24T08:25:01.051988+00:00
7010,0.5519999999999999,2026-09-24T08:25:01.052438+00:00
7011,0.648,2026-09-24T08:25:01.052943+00:00
7012,0.6669999999999999,2026-09-24T08:25:01.053481+00:00
7013,0.651,2026-09-24T08:25:01.054054+00:00
7014,0.6130000000000001,2026-09-24T08:25:01.054644+00:00
7015,0.6130000000000001,2026-09-24T08:25:01.055187+00:00
7016,0.5720000000000001,2026-09-24T08:25:01.055683+00:00
7017,0.554,2026-09-24T08:25:01.056221+00:00
7018,0.865,2026-09-24T08:25:01.057011+00:00
7019,1.659,2026-09-24T08:25:01.058586+00:00
7020,0.9169999999999999,2026-09-24T08:25:01.059459+00:00
7021,0.8720000000000001,2026-09-24T08:25:01.060277+00:00
7022,0.9079999999999999,2026-09-24T08:25:01.061059+00:00
7023,0.652,2026-09-24T08:25:01.061680+00:00
7024,0.6489999999999999,2026-09-24T08:25:01.062273+00:00
7025,0.61,2026-09-24T08:25:01.062855+00:00
7026,0.7649999999999999,2026-09-24T08:25:01.063605+00:00
7027,0.768,2026-09-24T08:25:01.064339+00:00
7028,0.679,2026-09-24T08:25:01.065239+00:00
7029,1.01,2026-09-24T08:25:01.066136+00:00
7030,0.83,2026-09-24T08:25:01.066662+00:00
7031,0.6849999999999999,2026-09-24T08:25:01.066976+00:00
7032,0.6769999999999999,2026-09-24T08:25:01.067449+00:00
7033,0.5479999999999999,2026-09-24T08:25:01.067787+00:00
7034,0.545,2026-09-24T08:25:01.068274+00:00
7035,1.26,2026-09-24T08:25:01.069506+00:00
7036,0.6040000000000001,2026-09-24T08:25:01.070075+00:00
7037,0.508,2026-09-24T08:25:01.070505+00:00
7038,0.519,2026-09-24T08:25:01.070914+00:00
7039,0.451,2026-09-24T08:25:01.071240+00:00
7040,0.46,2026-09-24T08:25:01.071589+00:00
7041,0.7380000000000001,2026-09-24T08:25:01.072222+00:00
7042,0.756,2026-09-24T08:25:01.072597+00:00
7043,0.6589999999999999,2026-09-24T08:25:01.072955+00:00
7044,0.535,2026-09-24T08:25:01.073326+00:00
7045,0.775,2026-09-24T08:25:01.074059+00:00
7046,0.747,2026-09-24T08:25:01.074557+00:00
7047,0.705,2026-09-24T08:25:01.074893+00:00
7048,0.589,2026-09-24T08:25:01.075192+00:00
7049,0.763,2026-09-24T08:25:01.075782+00:00
7050,1.381,2026-09-24T08:25:01.076747+00:00
7051,0.7240000000000001,2026-09-24T08:25:01.077188+00:00
7052,0.64,2026-09-24T08:25:01.077489+00:00
7053,0.5760000000000001,2026-09-24T08:25:01.077837+00:00
7054,0.49799999999999994,2026-09-24T08:25:01.078134+00:00
7055,0.448,2026-09-24T08:25:01.078446+00:00
7056,0.456,2026-09-24T08:25:01.078781+00:00
7057,0.43600000000000005,2026-09-24T08:25:01.079112+00:00
7058,0.435,2026-09-24T08:25:01.079448+00:00
7059,0.443,2026-09-24T08:25:01.079774+00:00
7060,0.41800000000000004,2026-09-24T08:25:01.080094+00:00
7061,0.425,2026-09-24T08:25:01.080426+00:00
7062,0.429,2026-09-24T08:25:01.080746+00:00
7063,0.416,2026-09-24T08:25:01.081068+00:00
7064,0.40900000000000003,2026-09-24T08:25:01.081384+00:00
7065,0.416,2026-09-24T08:25:01.081711+00:00
7066,0.412,2026-09-24T08:25:01.082034+00:00
7067,0.421,2026-09-24T08:25:01.082366+00:00
7068,0.423,2026-09-24T08:25:01.082686+00:00
7069,0.412,2026-09-24T08:25:01.083007+00:00
7070,0.416,2026-09-24T08:25:01.083335+00:00
7071,0.42000000000000004,2026-09-24T08:25:01.083662+00:00
7072,0.41300000000000003,2026-09-24T08:25:01.083983+00:00
7073,0.40700000000000003,2026-09-24T08:25:01.084300+00:00
7074,0.425,2026-09-24T08:25:01.084635+00:00
7075,0.41800000000000004,2026-09-24T08:25:01.084960+00:00
7076,0.41300000000000003,2026-09-24T08:25:01.085289+00:00
7077,0.44,2026-09-24T08:25:01.085648+00:00
7078,0.433,2026-09-24T08:25:01.085985+00:00
7079,0.406,2026-09-24T08:25:01.086284+00:00
7080,0.435,2026-09-24T08:25:01.086637+00:00
7081,0.423,2026-09-24T08:25:01.086976+00:00
7082,0.412,2026-09-24T08:25:01.087297+00:00
7083,0.47600000000000003,2026-09-24T08:25:01.087679+00:00
7084,0.449,2026-09-24T08:25:01.088036+00:00
7085,0.442,2026-09-24T08:25:01.088377+00:00
7086,0.441,2026-09-24T08:25:01.088718+00:00
7087,0.441,2026-09-24T08:25:01.089070+00:00
7088,0.42000000000000004,2026-09-24T08:25:01.089393+00:00
7089,0.462,2026-09-24T08:25:01.089772+00:00
7090,0.432,2026-09-24T08:25:01.090115+00:00
7091,0.43600000000000005,2026-09-24T08:25:01.090459+00:00
7092,0.462,2026-09-24T08:25:01.090821+00:00
7093,0.434,2026-09-24T08:25:01.091158+00:00
7094,0.58,2026-09-24T08:25:01.091653+00:00
7095,0.911,2026-09-24T08:25:01.092307+00:00
7096,0.5,2026-09-24T08:25:01.092734+00:00
7097,0.443,2026-09-24T08:25:01.093085+00:00
7098,0.41800000000000004,2026-09-24T08:25:01.093404+00:00
7099,0.42000000000000004,2026-09-24T08:25:01.093733+00:00
7100,0.40900000000000003,2026-09-24T08:25:01.094040+00:00
7101,0.429,2026-09-24T08:25:01.094374+00:00
7102,0.601,2026-09-24T08:25:01.094880+00:00
7103,0.5860000000000001,2026-09-24T08:25:01.095250+00:00
7104,0.537,2026-09-24T08:25:01.095637+00:00
7105,0.537,2026-09-24T08:25:01.096070+00:00
7106,0.553,2026-09-24T08:25:01.096585+00:00
7107,0.541,2026-09-24T08:25:01.097042+00:00
7108,0.524,2026-09-24T08:25:01.097529+00:00
7109,0.528,2026-09-24T08:25:01.098027+00:00
7110,0.533,2026-09-24T08:25:01.098523+00:00
7111,0.536,2026-09-24T08:25:01.099023+00:00
7112,0.592,2026-09-24T08:25:01.099568+00:00
7113,0.5339999999999999,2026-09-24T08:25:01.100077+00:00
7114,0.571,2026-09-24T08:25:01.100624+00:00
7115,0.5509999999999999,2026-09-24T08:25:01.101097+00:00
7116,0.5519999999999999,2026-09-24T08:25:01.101638+00:00
7117,0.5820000000000001,2026-09-24T08:25:01.102162+00:00
7118,0.579,2026-09-24T08:25:01.102682+00:00
7119,0.5569999999999999,2026-09-24T08:25:01.103180+00:00
7120,0.5810000000000001,2026-09-24T08:25:01.103702+00:00
7121,0.575,2026-09-24T08:25:01.104219+00:00
7122,0.5860000000000001,2026-09-24T08:25:01.104731+00:00
7123,0.544,2026-09-24T08:25:01.105181+00:00
7124,0.562,2026-09-24T08:25:01.105721+00:00
7125,0.5680000000000001,2026-09-24T08:25:01.106211+00:00
7126,0.616,2026-09-24T08:25:01.106752+00:00
7127,0.585,2026-09-24T08:25:01.107237+00:00
7128,0.615,2026-09-24T08:25:01.107779+00:00
7129,0.5599999999999999,2026-09-24T08:25:01.108253+00:00
7130,0.5680000000000001,2026-09-24T08:25:01.108807+00:00
7131,0.532,2026-09-24T08:25:01.109242+00:00
7132,0.558,2026-09-24T08:25:01.109778+00:00
7133,0.5559999999999999,2026-09-24T08:25:01.110237+00:00
7134,0.579,2026-09-24T08:25:01.110775+00:00
7135,0.5770000000000001,2026-09-24T08:25:01.111271+00:00
7136,0.755,2026-09-24T08:25:01.111985+00:00
7137,0.7240000000000001,2026-09-24T08:25:01.112627+00:00
7138,0.885,2026-09-24T08:25:01.113347+00:00
7139,0.532,2026-09-24T08:25:01.113761+00:00
7140,0.535,2026-09-24T08:25:01.114183+00:00
7141,0.546,2026-09-24T08:25:01.114568+00:00
7142,0.536,2026-09-24T08:25:01.115000+00:00
7143,0.501,2026-09-24T08:25:01.115400+00:00
7144,0.533,2026-09-24T08:25:01.115850+00:00
7145,0.5,2026-09-24T08:25:01.116248+00:00
7146,0.5630000000000001,2026-09-24T08:25:01.116713+00:00
7147,0.63,2026-09-24T08:25:01.117270+00:00
7148,0.579,2026-09-24T08:25:01.117754+00:00
7149,0.5680000000000001,2026-09-24T08:25:01.118215+00:00
7150,0.501,2026-09-24T08:25:01.118616+00:00
7151,0.5509999999999999,2026-09-24T08:25:01.119075+00:00
7152,0.49,2026-09-24T08:25:01.119474+00:00
7153,0.799,2026-09-24T08:25:01.120168+00:00
7154,0.652,2026-09-24T08:25:01.120599+00:00
7155,0.622,2026-09-24T08:25:01.121109+00:00
7156,0.865,2026-09-24T08:25:01.121895+00:00
7157,0.787,2026-09-24T08:25:01.122370+00:00
7158,0.66,2026-09-24T08:25:01.122675+00:00
7159,0.549,2026-09-24T08:25:01.123043+00:00
7160,0.722,2026-09-24T08:25:01.123632+00:00
7161,0.5199999999999999,2026-09-24T08:25:01.124030+00:00
7162,0.451,2026-09-24T08:25:01.124357+00:00
7163,0.458,2026-09-24T08:25:01.124716+00:00
7164,0.47600000000000003,2026-09-24T08:25:01.125096+00:00
7165,0.503,2026-09-24T08:25:01.125500+00:00
7166,0.5109999999999999,2026-09-24T08:25:01.125902+00:00
7167,0.488,2026-09-24T08:25:01.126292+00:00
7168,0.47,2026-09-24T08:25:01.126648+00:00
7169,0.49799999999999994,2026-09-24T08:25:01.127058+00:00
7170,0.519,2026-09-24T08:25:01.127487+00:00
7171,0.636,2026-09-24T08:25:01.127994+00:00
7172,0.53,2026-09-24T08:25:01.128363+00:00
7173,0.6809999999999999,2026-09-24T08:25:01.128904+00:00
7174,0.47600000000000003,2026-09-24T08:25:01.129274+00:00
7175,0.49700000000000005,2026-09-24T08:25:01.129679+00:00
7176,0.545,2026-09-24T08:25:01.130128+00:00
7177,0.508,2026-09-24T08:25:01.130534+00:00
7178,0.456,2026-09-24T08:25:01.130887+00:00
7179,0.49700000000000005,2026-09-24T08:25:01.131282+00:00
7180,0.483,2026-09-24T08:25:01.131663+00:00
7181,0.465,2026-09-24T08:25:01.132018+00:00
7182,0.486,2026-09-24T08:25:01.132405+00:00
7183,0.519,2026-09-24T08:25:01.132822+00:00
7184,0.494,2026-09-24T08:25:01.133201+00:00
7185,0.515,2026-09-24T08:25:01.133614+00:00
7186,0.481,2026-09-24T08:25:01.133997+00:00
7187,0.47800000000000004,2026-09-24T08:25:01.134369+00:00
7188,0.472,2026-09-24T08:25:01.134741+00:00
7189,0.501,2026-09-24T08:25:01.135142+00:00
7190,0.46,2026-09-24T08:25:01.135503+00:00
7191,0.48899999999999993,2026-09-24T08:25:01.135878+00:00
7192,0.438,2026-09-24T08:25:01.136209+00:00
7193,0.455,2026-09-24T08:25:01.136567+00:00
7194,0.49,2026-09-24T08:25:01.136979+00:00
7195,0.464,2026-09-24T08:25:01.137339+00:00
7196,0.465,2026-09-24T08:25:01.137682+00:00
7197,0.45899999999999996,2026-09-24T08:25:01.138025+00:00
7198,0.426,2026-09-24T08:25:01.138334+00:00
7199,0.457,2026-09-24T08:25:01.138690+00:00
7200,0.47,2026-09-24T08:25:01.139073+00:00
7201,0.486,2026-09-24T08:25:01.139469+00:00
7202,0.484,2026-09-24T08:25:01.139847+00:00
7203,0.42000000000000004,2026-09-24T08:25:01.140151+00:00
7204,0.48500000000000004,2026-09-24T08:25:01.140589+00:00
7205,0.48000000000000004,2026-09-24T08:25:01.141022+00:00
7206,0.522,2026-09-24T08:25:01.141474+00:00
7207,0.5109999999999999,2026-09-24T08:25:01.141864+00:00
7208,0.46099999999999997,2026-09-24T08:25:01.142221+00:00
7209,0.506,2026-09-24T08:25:01.142634+00:00
7210,0.5379999999999999,2026-09-24T08:25:01.143071+00:00
7211,0.482,2026-09-24T08:25:01.143440+00:00
7212,0.532,2026-09-24T08:25:01.143868+00:00
7213,0.49700000000000005,2026-09-24T08:25:01.144267+00:00
7214,0.526,2026-09-24T08:25:01.144706+00:00
7215,0.503,2026-09-24T08:25:01.145119+00:00
7216,0.541,2026-09-24T08:25:01.145566+00:00
7217,1.074,2026-09-24T08:25:01.146459+00:00
7218,0.611,2026-09-24T08:25:01.146836+00:00
7219,0.47800000000000004,2026-09-24T08:25:01.147147+00:00
7220,0.527,2026-09-24T08:25:01.147594+00:00
7221,0.49299999999999994,2026-09-24T08:25:01.147996+00:00
7222,0.47,2026-09-24T08:25:01.148374+00:00
7223,0.49700000000000005,2026-09-24T08:25:01.148780+00:00
7224,0.617,2026-09-24T08:25:01.149300+00:00
7225,0.5860000000000001,2026-09-24T08:25:01.149805+00:00
7226,0.519,2026-09-24T08:25:01.150228+00:00
7227,0.521,2026-09-24T08:25:01.150656+00:00
7228,0.7150000000000001,2026-09-24T08:25:01.151282+00:00
7229,1.024,2026-09-24T08:25:01.152063+00:00
7230,0.629,2026-09-24T08:25:01.152592+00:00
7231,0.517,2026-09-24T08:25:01.152960+00:00
7232,0.47800000000000004,2026-09-24T08:25:01.153331+00:00
7233,0.488,2026-09-24T08:25:01.153709+00:00
7234,0.73,2026-09-24T08:25:01.154334+00:00
7235,0.6589999999999999,2026-09-24T08:25:01.154715+00:00
7236,0.599,2026-09-24T08:25:01.155202+00:00
7237,0.599,2026-09-24T08:25:01.155728+00:00
7238,0.5760000000000001,2026-09-24T08:25:01.156226+00:00
7239,0.5720000000000001,2026-09-24T08:25:01.156730+00:00
7240,0.5640000000000001,2026-09-24T08:25:01.157258+00:00
7241,0.614,2026-09-24T08:25:01.157844+00:00
7242,0.553,2026-09-24T08:25:01.158304+00:00
7243,0.585,2026-09-24T08:25:01.158868+00:00
7244,0.5509999999999999,2026-09-24T08:25:01.159344+00:00
7245,0.602,2026-09-24T08:25:01.159913+00:00
7246,0.516,2026-09-24T08:25:01.160358+00:00
7247,0.502,2026-09-24T08:25:01.160792+00:00
7248,0.48000000000000004,2026-09-24T08:25:01.161160+00:00
7249,0.634,2026-09-24T08:25:01.161693+00:00
7250,0.93,2026-09-24T08:25:01.162378+00:00
7251,0.533,2026-09-24T08:25:01.162829+00:00
7252,0.481,2026-09-24T08:25:01.163209+00:00
7253,0.46900000000000003,2026-09-24T08:25:01.163588+00:00
7254,0.516,2026-09-24T08:25:01.164022+00:00
7255,0.465,2026-09-24T08:25:01.164328+00:00
7256,0.48899999999999993,2026-09-24T08:25:01.164701+00:00
7257,0.491,2026-09-24T08:25:01.165091+00:00
7258,0.46900000000000003,2026-09-24T08:25:01.165456+00:00
7259,0.47300000000000003,2026-09-24T08:25:01.165819+00:00
7260,0.45899999999999996,2026-09-24T08:25:01.166194+00:00
7261,0.46299999999999997,2026-09-24T08:25:01.166573+00:00
7262,0.462,2026-09-24T08:25:01.166963+00:00
7263,0.438,2026-09-24T08:25:01.167317+00:00
7264,0.45899999999999996,2026-09-24T08:25:01.167663+00:00
7265,0.422,2026-09-24T08:25:01.167973+00:00
7266,0.472,2026-09-24T08:25:01.168365+00:00
7267,0.412,2026-09-24T08:25:01.168658+00:00
7268,0.474,2026-09-24T08:25:01.169091+00:00
7269,0.47300000000000003,2026-09-24T08:25:01.169497+00:00
7270,0.47800000000000004,2026-09-24T08:25:01.169851+00:00
7271,0.458,2026-09-24T08:25:01.170214+00:00
7272,0.465,2026-09-24T08:25:01.170590+00:00
7273,0.443,2026-09-24T08:25:01.170948+00:00
7274,0.43600000000000005,2026-09-24T08:25:01.171296+00:00
7275,0.448,2026-09-24T08:25:01.171658+00:00
7276,0.464,2026-09-24T08:25:01.172035+00:00
7277,0.457,2026-09-24T08:25:01.172406+00:00
7278,0.477,2026-09-24T08:25:01.172798+00:00
7279,0.44,2026-09-24T08:25:01.173151+00:00
7280,0.439,2026-09-24T08:25:01.173493+00:00
7281,0.49,2026-09-24T08:25:01.173876+00:00
7282,0.45899999999999996,2026-09-24T08:25:01.174240+00:00
7283,0.42700000000000005,2026-09-24T08:25:01.174571+00:00
7284,0.47600000000000003,2026-09-24T08:25:01.174963+00:00
7285,0.423,2026-09-24T08:25:01.175298+00:00
7286,0.433,2026-09-24T08:25:01.175641+00:00
7287,0.431,2026-09-24T08:25:01.175989+00:00
7288,0.423,2026-09-24T08:25:01.176319+00:00
7289,0.41800000000000004,2026-09-24T08:25:01.176644+00:00
7290,0.425,2026-09-24T08:25:01.176974+00:00
7291,0.40499999999999997,2026-09-24T08:25:01.177285+00:00
7292,0.444,2026-09-24T08:25:01.177646+00:00
7293,0.448,2026-09-24T08:25:01.178011+00:00
7294,0.45,2026-09-24T08:25:01.178377+00:00
7295,0.925,2026-09-24T08:25:01.179216+00:00
7296,1.276,2026-09-24T08:25:01.179938+00:00
7297,1.1260000000000001,2026-09-24T08:25:01.180298+00:00
7298,0.9470000000000001,2026-09-24T08:25:01.180584+00:00
7299,0.791,2026-09-24T08:25:01.180894+00:00
7300,0.903,2026-09-24T08:25:01.181537+00:00
7301,0.8270000000000001,2026-09-24T08:25:01.182185+00:00
7302,0.6980000000000001,2026-09-24T08:25:01.182811+00:00
7303,0.608,2026-09-24T08:25:01.183354+00:00
7304,0.612,2026-09-24T08:25:01.184008+00:00
7305,0.5730000000000001,2026-09-24T08:25:01.184626+00:00
7306,0.65,2026-09-24T08:25:01.185152+00:00
7307,0.603,2026-09-24T08:25:01.185641+00:00
7308,0.624,2026-09-24T08:25:01.186254+00:00
7309,0.632,2026-09-24T08:25:01.186786+00:00
7310,0.55,2026-09-24T08:25:01.187273+00:00
7311,0.5429999999999999,2026-09-24T08:25:01.187764+00:00
7312,0.575,2026-09-24T08:25:01.188304+00:00
7313,0.575,2026-09-24T08:25:01.188948+00:00
7314,0.625,2026-09-24T08:25:01.189481+00:00
7315,0.6920000000000001,2026-09-24T08:25:01.190092+00:00
7316,0.636,2026-09-24T08:25:01.190554+00:00
7317,0.603,2026-09-24T08:25:01.191065+00:00
7318,0.616,2026-09-24T08:25:01.191658+00:00
7319,0.601,2026-09-24T08:25:01.192123+00:00
7320,0.631,2026-09-24T08:25:01.192633+00:00
7321,0.619,2026-09-24T08:25:01.193109+00:00
7322,0.647,2026-09-24T08:25:01.193636+00:00
7323,0.646,2026-09-24T08:25:01.194134+00:00
7324,0.7969999999999999,2026-09-24T08:25:01.194776+00:00
7325,0.747,2026-09-24T08:25:01.195435+00:00
7326,0.66,2026-09-24T08:25:01.195995+00:00
7327,0.606,2026-09-24T08:25:01.196523+00:00
7328,0.637,2026-09-24T08:25:01.197072+00:00
7329,0.628,2026-09-24T08:25:01.197623+00:00
7330,0.7020000000000001,2026-09-24T08:25:01.198243+00:00
7331,0.7789999999999999,2026-09-24T08:25:01.199039+00:00
7332,0.665,2026-09-24T08:25:01.199603+00:00
7333,0.6539999999999999,2026-09-24T08:25:01.200184+00:00
7334,0.5860000000000001,2026-09-24T08:25:01.200695+00:00
7335,0.554,2026-09-24T08:25:01.201185+00:00
7336,0.635,2026-09-24T08:25:01.201761+00:00
7337,0.597,2026-09-24T08:25:01.202271+00:00
7338,0.612,2026-09-24T08:25:01.202788+00:00
7339,0.597,2026-09-24T08:25:01.203275+00:00
7340,0.602,2026-09-24T08:25:01.203772+00:00
7341,0.569,2026-09-24T08:25:01.204273+00:00
7342,0.553,2026-09-24T08:25:01.204750+00:00
7343,0.514,2026-09-24T08:25:01.205186+00:00
7344,0.579,2026-09-24T08:25:01.205718+00:00
7345,0.554,2026-09-24T08:25:01.206217+00:00
7346,0.544,2026-09-24T08:25:01.206702+00:00
7347,0.516,2026-09-24T08:25:01.207172+00:00
7348,0.594,2026-09-24T08:25:01.207695+00:00
7349,0.655,2026-09-24T08:25:01.208225+00:00
7350,0.6719999999999999,2026-09-24T08:25:01.208766+00:00
7351,0.559,2026-09-24T08:25:01.209183+00:00
7352,0.635,2026-09-24T08:25:01.209781+00:00
7353,0.5720000000000001,2026-09-24T08:25:01.210244+00:00
7354,0.5559999999999999,2026-09-24T08:25:01.210677+00:00
7355,0.602,2026-09-24T08:25:01.211191+00:00
7356,0.625,2026-09-24T08:25:01.211701+00:00
7357,0.589,2026-09-24T08:25:01.212187+00:00
7358,0.593,2026-09-24T08:25:01.212700+00:00
7359,0.5599999999999999,2026-09-24T08:25:01.213218+00:00
7360,0.622,2026-09-24T08:25:01.213776+00:00
7361,0.61,2026-09-24T08:25:01.214298+00:00
7362,0.6489999999999999,2026-09-24T08:25:01.214840+00:00
7363,0.627,2026-09-24T08:25:01.215332+00:00
7364,0.617,2026-09-24T08:25:01.215839+00:00
7365,0.5770000000000001,2026-09-24T08:25:01.216310+00:00
7366,0.606,2026-09-24T08:25:01.216832+00:00
7367,0.5760000000000001,2026-09-24T08:25:01.217298+00:00
7368,0.596,2026-09-24T08:25:01.217783+00:00
7369,0.583,2026-09-24T08:25:01.218257+00:00
7370,0.583,2026-09-24T08:25:01.218741+00:00
7371,0.601,2026-09-24T08:25:01.219269+00:00
7372,0.63,2026-09-24T08:25:01.219796+00:00
7373,0.607,2026-09-24T08:25:01.220298+00:00
7374,0.775,2026-09-24T08:25:01.221015+00:00
7375,0.6489999999999999,2026-09-24T08:25:01.221613+00:00
7376,0.651,2026-09-24T08:25:01.222148+00:00
7377,0.619,2026-09-24T08:25:01.222666+00:00
7378,0.633,2026-09-24T08:25:01.223228+00:00
7379,0.615,2026-09-24T08:25:01.223768+00:00
7380,0.656,2026-09-24T08:25:01.224311+00:00
7381,0.655,2026-09-24T08:25:01.224862+00:00
7382,0.609,2026-09-24T08:25:01.225359+00:00
7383,0.611,2026-09-24T08:25:01.225880+00:00
7384,0.619,2026-09-24T08:25:01.226390+00:00
7385,0.6539999999999999,2026-09-24T08:25:01.226940+00:00
7386,0.643,2026-09-24T08:25:01.227474+00:00
7387,0.618,2026-09-24T08:25:01.228009+00:00
7388,0.647,2026-09-24T08:25:01.228553+00:00
7389,0.665,2026-09-24T08:25:01.229054+00:00
7390,0.639,2026-09-24T08:25:01.229560+00:00
7391,0.5860000000000001,2026-09-24T08:25:01.230027+00:00
7392,0.65,2026-09-24T08:25:01.230557+00:00
7393,0.633,2026-09-24T08:25:01.231025+00:00
7394,0.57,2026-09-24T08:25:01.231514+00:00
7395,0.593,2026-09-24T08:25:01.231986+00:00
7396,0.587,2026-09-24T08:25:01.232468+00:00
7397,0.7380000000000001,2026-09-24T08:25:01.233068+00:00
7398,0.705,2026-09-24T08:25:01.233652+00:00
7399,0.736,2026-09-24T08:25:01.234247+00:00
7400,0.8019999999999999,2026-09-24T08:25:01.234972+00:00
7401,0.721,2026-09-24T08:25:01.235615+00:00
7402,0.6890000000000001,2026-09-24T08:25:01.236213+00:00
7403,0.679,2026-09-24T08:25:01.236829+00:00
7404,0.64,2026-09-24T08:25:01.237388+00:00
7405,0.5810000000000001,2026-09-24T08:25:01.237882+00:00
7406,0.598,2026-09-24T08:25:01.238394+00:00
7407,0.532,2026-09-24T08:25:01.238858+00:00
7408,0.512,2026-09-24T08:25:01.239309+00:00
7409,0.5900000000000001,2026-09-24T08:25:01.239813+00:00
7410,0.5569999999999999,2026-09-24T08:25:01.240262+00:00
7411,0.566,2026-09-24T08:25:01.240766+00:00
7412,0.5720000000000001,2026-09-24T08:25:01.241244+00:00
7413,0.5760000000000001,2026-09-24T08:25:01.241721+00:00
7414,0.5760000000000001,2026-09-24T08:25:01.242207+00:00
7415,0.5680000000000001,2026-09-24T08:25:01.242676+00:00
7416,0.5569999999999999,2026-09-24T08:25:01.243132+00:00
7417,0.565,2026-09-24T08:25:01.243582+00:00
7418,0.614,2026-09-24T08:25:01.244100+00:00
7419,0.871,2026-09-24T08:25:01.245135+00:00
7420,0.732,2026-09-24T08:25:01.245887+00:00
7421,0.753,2026-09-24T08:25:01.246532+00:00
7422,0.86,2026-09-24T08:25:01.247599+00:00
7423,0.6629999999999999,2026-09-24T08:25:01.248234+00:00
7424,0.635,2026-09-24T08:25:01.248772+00:00
7425,0.634,2026-09-24T08:25:01.249297+00:00
7426,0.601,2026-09-24T08:25:01.249787+00:00
7427,0.617,2026-09-24T08:25:01.250295+00:00
7428,0.622,2026-09-24T08:25:01.250796+00:00
7429,0.6819999999999999,2026-09-24T08:25:01.251369+00:00
7430,0.656,2026-09-24T08:25:01.251830+00:00
7431,0.648,2026-09-24T08:25:01.252318+00:00
7432,0.631,2026-09-24T08:25:01.252818+00:00
7433,0.5820000000000001,2026-09-24T08:25:01.253297+00:00
7434,0.5860000000000001,2026-09-24T08:25:01.253796+00:00
7435,0.5860000000000001,2026-09-24T08:25:01.254305+00:00
7436,0.5670000000000001,2026-09-24T08:25:01.254810+00:00
7437,0.562,2026-09-24T08:25:01.255315+00:00
7438,0.546,2026-09-24T08:25:01.255793+00:00
7439,0.559,2026-09-24T08:25:01.256298+00:00
7440,0.5640000000000001,2026-09-24T08:25:01.256764+00:00
7441,0.703,2026-09-24T08:25:01.257563+00:00
7442,0.588,2026-09-24T08:25:01.258090+00:00
7443,0.555,2026-09-24T08:25:01.258590+00:00
7444,0.5760000000000001,2026-09-24T08:25:01.259094+00:00
7445,0.607,2026-09-24T08:25:01.259611+00:00
7446,0.63,2026-09-24T08:25:01.260119+00:00
7447,0.5770000000000001,2026-09-24T08:25:01.260582+00:00
7448,0.588,2026-09-24T08:25:01.261080+00:00
7449,0.601,2026-09-24T08:25:01.261567+00:00
7450,0.579,2026-09-24T08:25:01.262025+00:00
7451,0.5630000000000001,2026-09-24T08:25:01.262490+00:00
7452,0.5609999999999999,2026-09-24T08:25:01.262949+00:00
7453,0.598,2026-09-24T08:25:01.263488+00:00
7454,0.7020000000000001,2026-09-24T08:25:01.264089+00:00
7455,0.6890000000000001,2026-09-24T08:25:01.264638+00:00
7456,0.6920000000000001,2026-09-24T08:25:01.265215+00:00
7457,0.6859999999999999,2026-09-24T08:25:01.265790+00:00
7458,0.612,2026-09-24T08:25:01.266309+00:00
7459,0.695,2026-09-24T08:25:01.266956+00:00
7460,0.666,2026-09-24T08:25:01.267591+00:00
7461,0.651,2026-09-24T08:25:01.268166+00:00
7462,0.673,2026-09-24T08:25:01.268807+00:00
7463,0.6849999999999999,2026-09-24T08:25:01.269429+00:00
7464,0.671,2026-09-24T08:25:01.269977+00:00
7465,0.6489999999999999,2026-09-24T08:25:01.270555+00:00
7466,0.655,2026-09-24T08:25:01.271088+00:00
7467,0.608,2026-09-24T08:25:01.271580+00:00
7468,0.58,2026-09-24T08:25:01.272029+00:00
7469,0.608,2026-09-24T08:25:01.272526+00:00
7470,0.621,2026-09-24T08:25:01.273007+00:00
7471,0.566,2026-09-24T08:25:01.273444+00:00
7472,0.575,2026-09-24T08:25:01.273904+00:00
7473,0.596,2026-09-24T08:25:01.274387+00:00
7474,0.598,2026-09-24T08:25:01.274886+00:00
7475,0.571,2026-09-24T08:25:01.275360+00:00
7476,0.5760000000000001,2026-09-24T08:25:01.275844+00:00
7477,0.574,2026-09-24T08:25:01.276312+00:00
7478,0.665,2026-09-24T08:25:01.276879+00:00
7479,0.565,2026-09-24T08:25:01.277270+00:00
7480,0.619,2026-09-24T08:25:01.277783+00:00
7481,0.5770000000000001,2026-09-24T08:25:01.278266+00:00
7482,0.629,2026-09-24T08:25:01.278799+00:00
7483,0.5860000000000001,2026-09-24T08:25:01.279282+00:00
7484,0.703,2026-09-24T08:25:01.279889+00:00
7485,0.605,2026-09-24T08:25:01.280346+00:00
7486,0.58,2026-09-24T08:25:01.280817+00:00
7487,0.574,2026-09-24T08:25:01.281293+00:00
7488,0.58,2026-09-24T08:25:01.281765+00:00
7489,0.606,2026-09-24T08:25:01.282442+00:00
7490,0.6679999999999999,2026-09-24T08:25:01.283050+00:00
7491,0.679,2026-09-24T08:25:01.283662+00:00
7492,0.865,2026-09-24T08:25:01.284748+00:00
7493,0.752,2026-09-24T08:25:01.285610+00:00
7494,0.888,2026-09-24T08:25:01.286695+00:00
7495,0.722,2026-09-24T08:25:01.287489+00:00
7496,0.6449999999999999,2026-09-24T08:25:01.288100+00:00
7497,0.628,2026-09-24T08:25:01.288724+00:00
7498,0.636,2026-09-24T08:25:01.289308+00:00
7499,0.651,2026-09-24T08:25:01.289920+00:00
7500,0.694,2026-09-24T08:25:01.290563+00:00
7501,0.718,2026-09-24T08:25:01.291177+00:00
7502,0.656,2026-09-24T08:25:01.291784+00:00
7503,0.834,2026-09-24T08:25:01.292572+00:00
7504,0.859,2026-09-24T08:25:01.293607+00:00
7505,0.988,2026-09-24T08:25:01.294722+00:00
7506,0.754,2026-09-24T08:25:01.295530+00:00
7507,0.747,2026-09-24T08:25:01.296391+00:00
7508,0.819,2026-09-24T08:25:01.297434+00:00
7509,0.75,2026-09-24T08:25:01.298111+00:00
7510,0.64,2026-09-24T08:25:01.298670+00:00
7511,0.619,2026-09-24T08:25:01.299230+00:00
7512,0.625,2026-09-24T08:25:01.299792+00:00
7513,0.616,2026-09-24T08:25:01.300335+00:00
7514,0.596,2026-09-24T08:25:01.300856+00:00
7515,0.661,2026-09-24T08:25:01.301448+00:00
7516,0.617,2026-09-24T08:25:01.301925+00:00
7517,0.633,2026-09-24T08:25:01.302457+00:00
7518,0.629,2026-09-24T08:25:01.302950+00:00
7519,0.65,2026-09-24T08:25:01.303499+00:00
7520,0.614,2026-09-24T08:25:01.303983+00:00
7521,0.617,2026-09-24T08:25:01.304502+00:00
7522,0.651,2026-09-24T08:25:01.305031+00:00
7523,0.616,2026-09-24T08:25:01.305537+00:00
7524,0.5640000000000001,2026-09-24T08:25:01.305987+00:00
7525,0.593,2026-09-24T08:25:01.306498+00:00
7526,0.642,2026-09-24T08:25:01.307001+00:00
7527,0.652,2026-09-24T08:25:01.307542+00:00
7528,0.5730000000000001,2026-09-24T08:25:01.307977+00:00
7529,0.603,2026-09-24T08:25:01.308480+00:00
7530,0.624,2026-09-24T08:25:01.308980+00:00
7531,0.614,2026-09-24T08:25:01.309478+00:00
7532,0.614,2026-09-24T08:25:01.309962+00:00
7533,0.585,2026-09-24T08:25:01.310447+00:00
7534,0.615,2026-09-24T08:25:01.310944+00:00
7535,0.602,2026-09-24T08:25:01.311439+00:00
7536,0.596,2026-09-24T08:25:01.311913+00:00
7537,0.57,2026-09-24T08:25:01.312380+00:00
7538,0.625,2026-09-24T08:25:01.312901+00:00
7539,0.6449999999999999,2026-09-24T08:25:01.313438+00:00
7540,0.635,2026-09-24T08:25:01.313944+00:00
7541,0.6930000000000001,2026-09-24T08:25:01.314526+00:00
7542,0.612,2026-09-24T08:25:01.314970+00:00
7543,0.6449999999999999,2026-09-24T08:25:01.315497+00:00
7544,0.642,2026-09-24T08:25:01.315961+00:00
7545,0.671,2026-09-24T08:25:01.316525+00:00
7546,0.618,2026-09-24T08:25:01.316999+00:00
7547,0.601,2026-09-24T08:25:01.317499+00:00
7548,0.629,2026-09-24T08:25:01.318000+00:00
7549,0.63,2026-09-24T08:25:01.318524+00:00
7550,0.62,2026-09-24T08:25:01.319010+00:00
7551,0.5910000000000001,2026-09-24T08:25:01.319495+00:00
7552,0.57,2026-09-24T08:25:01.319937+00:00
7553,0.625,2026-09-24T08:25:01.320456+00:00
7554,0.5950000000000001,2026-09-24T08:25:01.320876+00:00
7555,0.5770000000000001,2026-09-24T08:25:01.321343+00:00
7556,1.019,2026-09-24T08:25:01.322256+00:00
7557,0.7290000000000001,2026-09-24T08:25:01.322813+00:00
7558,0.616,2026-09-24T08:25:01.323279+00:00
7559,0.6980000000000001,2026-09-24T08:25:01.323869+00:00
7560,0.5950000000000001,2026-09-24T08:25:01.324375+00:00
7561,0.704,2026-09-24T08:25:01.325020+00:00
7562,0.655,2026-09-24T08:25:01.325591+00:00
7563,0.6130000000000001,2026-09-24T08:25:01.326105+00:00
7564,0.63,2026-09-24T08:25:01.326625+00:00
7565,0.636,2026-09-24T08:25:01.327102+00:00
7566,0.6759999999999999,2026-09-24T08:25:01.327645+00:00
7567,0.599,2026-09-24T08:25:01.328109+00:00
7568,0.58,2026-09-24T08:25:01.328569+00:00
7569,0.562,2026-09-24T08:25:01.329035+00:00
7570,0.599,2026-09-24T08:25:01.329540+00:00
7571,0.7919999999999999,2026-09-24T08:25:01.330156+00:00
7572,0.62,2026-09-24T08:25:01.330713+00:00
7573,0.635,2026-09-24T08:25:01.331278+00:00
7574,0.656,2026-09-24T08:25:01.331861+00:00
7575,0.628,2026-09-24T08:25:01.332408+00:00
7576,0.647,2026-09-24T08:25:01.332933+00:00
7577,0.669,2026-09-24T08:25:01.333493+00:00
7578,0.694,2026-09-24T08:25:01.334019+00:00
7579,0.627,2026-09-24T08:25:01.334485+00:00
7580,0.67,2026-09-24T08:25:01.335024+00:00
7581,0.635,2026-09-24T08:25:01.335542+00:00
7582,0.648,2026-09-24T08:25:01.336076+00:00
7583,0.639,2026-09-24T08:25:01.336597+00:00
7584,0.606,2026-09-24T08:25:01.337070+00:00
7585,0.611,2026-09-24T08:25:01.337591+00:00
7586,0.599,2026-09-24T08:25:01.338089+00:00
7587,0.624,2026-09-24T08:25:01.338616+00:00
7588,0.684,2026-09-24T08:25:01.339166+00:00
7589,0.6669999999999999,2026-09-24T08:25:01.339721+00:00
7590,0.611,2026-09-24T08:25:01.340210+00:00
7591,0.6629999999999999,2026-09-24T08:25:01.340759+00:00
7592,0.623,2026-09-24T08:25:01.341227+00:00
7593,0.6579999999999999,2026-09-24T08:25:01.341773+00:00
7594,0.611,2026-09-24T08:25:01.342265+00:00
7595,0.624,2026-09-24T08:25:01.342779+00:00
7596,0.546,2026-09-24T08:25:01.343207+00:00
7597,0.5860000000000001,2026-09-24T08:25:01.343706+00:00
7598,0.5680000000000001,2026-09-24T08:25:01.344174+00:00
7599,0.607,2026-09-24T08:25:01.344695+00:00
7600,0.608,2026-09-24T08:25:01.345189+00:00
7601,0.633,2026-09-24T08:25:01.345704+00:00
7602,0.605,2026-09-24T08:25:01.346194+00:00
7603,0.6489999999999999,2026-09-24T08:25:01.346723+00:00
7604,0.583,2026-09-24T08:25:01.347182+00:00
7605,0.598,2026-09-24T08:25:01.347673+00:00
7606,0.566,2026-09-24T08:25:01.348139+00:00
7607,0.631,2026-09-24T08:25:01.348682+00:00
7608,0.5640000000000001,2026-09-24T08:25:01.349119+00:00
7609,0.627,2026-09-24T08:25:01.349655+00:00
7610,0.636,2026-09-24T08:25:01.350209+00:00
7611,0.57,2026-09-24T08:25:01.350780+00:00
7612,0.549,2026-09-24T08:25:01.351245+00:00
7613,0.678,2026-09-24T08:25:01.351838+00:00
7614,0.606,2026-09-24T08:25:01.352319+00:00
7615,0.648,2026-09-24T08:25:01.352858+00:00
7616,0.592,2026-09-24T08:25:01.353339+00:00
7617,0.628,2026-09-24T08:25:01.353860+00:00
7618,0.559,2026-09-24T08:25:01.354297+00:00
7619,0.596,2026-09-24T08:25:01.354808+00:00
7620,0.5429999999999999,2026-09-24T08:25:01.355253+00:00
7621,0.675,2026-09-24T08:25:01.355831+00:00
7622,0.575,2026-09-24T08:25:01.356320+00:00
7623,0.6539999999999999,2026-09-24T08:25:01.356878+00:00
7624,0.58,2026-09-24T08:25:01.357346+00:00
7625,0.634,2026-09-24T08:25:01.357887+00:00
7626,0.585,2026-09-24T08:25:01.358359+00:00
7627,0.624,2026-09-24T08:25:01.358875+00:00
7628,0.562,2026-09-24T08:25:01.359346+00:00
7629,0.584,2026-09-24T08:25:01.359836+00:00
7630,0.559,2026-09-24T08:25:01.360308+00:00
7631,0.6,2026-09-24T08:25:01.360792+00:00
7632,0.559,2026-09-24T08:25:01.361257+00:00
7633,0.599,2026-09-24T08:25:01.361759+00:00
7634,0.555,2026-09-24T08:25:01.362217+00:00
7635,0.5760000000000001,2026-09-24T08:25:01.362690+00:00
7636,0.608,2026-09-24T08:25:01.363202+00:00
7637,0.612,2026-09-24T08:25:01.363664+00:00
7638,0.596,2026-09-24T08:25:01.364154+00:00
7639,0.622,2026-09-24T08:25:01.364644+00:00
7640,0.592,2026-09-24T08:25:01.365113+00:00
7641,0.609,2026-09-24T08:25:01.365603+00:00
7642,0.57,2026-09-24T08:25:01.366053+00:00
7643,0.611,2026-09-24T08:25:01.366557+00:00
7644,0.559,2026-09-24T08:25:01.366981+00:00
7645,0.575,2026-09-24T08:25:01.367446+00:00
7646,0.585,2026-09-24T08:25:01.367913+00:00
7647,0.629,2026-09-24T08:25:01.368440+00:00
7648,0.648,2026-09-24T08:25:01.368956+00:00
7649,0.566,2026-09-24T08:25:01.369399+00:00
7650,0.626,2026-09-24T08:25:01.369926+00:00
7651,0.6,2026-09-24T08:25:01.370393+00:00
7652,0.6970000000000001,2026-09-24T08:25:01.370986+00:00
7653,0.614,2026-09-24T08:25:01.371522+00:00
7654,0.609,2026-09-24T08:25:01.372043+00:00
7655,0.608,2026-09-24T08:25:01.372538+00:00
7656,0.7,2026-09-24T08:25:01.373100+00:00
7657,0.624,2026-09-24T08:25:01.373588+00:00
7658,0.647,2026-09-24T08:25:01.374104+00:00
7659,0.728,2026-09-24T08:25:01.374747+00:00
7660,0.8180000000000001,2026-09-24T08:25:01.375647+00:00
7661,0.709,2026-09-24T08:25:01.376242+00:00
7662,0.7649999999999999,2026-09-24T08:25:01.376925+00:00
7663,0.6539999999999999,2026-09-24T08:25:01.377455+00:00
7664,0.648,2026-09-24T08:25:01.377989+00:00
7665,0.624,2026-09-24T08:25:01.378496+00:00
7666,0.656,2026-09-24T08:25:01.379026+00:00
7667,0.669,2026-09-24T08:25:01.379564+00:00
7668,0.6920000000000001,2026-09-24T08:25:01.380077+00:00
7669,0.642,2026-09-24T08:25:01.380527+00:00
7670,0.684,2026-09-24T08:25:01.381070+00:00
7671,0.65,2026-09-24T08:25:01.381586+00:00
7672,0.618,2026-09-24T08:25:01.382073+00:00
7673,0.623,2026-09-24T08:25:01.382590+00:00
7674,0.63,2026-09-24T08:25:01.383108+00:00
7675,0.607,2026-09-24T08:25:01.383587+00:00
7676,0.598,2026-09-24T08:25:01.384064+00:00
7677,0.588,2026-09-24T08:25:01.384547+00:00
7678,0.631,2026-09-24T08:25:01.385066+00:00
7679,0.785,2026-09-24T08:25:01.385942+00:00
7680,0.662,2026-09-24T08:25:01.386624+00:00
7681,0.639,2026-09-24T08:25:01.387287+00:00
7682,0.6539999999999999,2026-09-24T08:25:01.387967+00:00
7683,0.825,2026-09-24T08:25:01.388816+00:00
7684,0.838,2026-09-24T08:25:01.389663+00:00
7685,0.637,2026-09-24T08:25:01.390220+00:00
7686,0.6449999999999999,2026-09-24T08:25:01.390829+00:00
7687,0.616,2026-09-24T08:25:01.391332+00:00
7688,0.656,2026-09-24T08:25:01.391873+00:00
7689,0.624,2026-09-24T08:25:01.392380+00:00
7690,0.647,2026-09-24T08:25:01.392921+00:00
7691,0.651,2026-09-24T08:25:01.393438+00:00
7692,0.65,2026-09-24T08:25:01.393946+00:00
7693,0.6809999999999999,2026-09-24T08:25:01.394512+00:00
7694,0.7150000000000001,2026-09-24T08:25:01.395148+00:00
7695,0.907,2026-09-24T08:25:01.395932+00:00
7696,0.8350000000000001,2026-09-24T08:25:01.396637+00:00
7697,0.771,2026-09-24T08:25:01.397256+00:00
7698,0.687,2026-09-24T08:25:01.397822+00:00
7699,0.608,2026-09-24T08:25:01.398303+00:00
7700,0.7829999999999999,2026-09-24T08:25:01.398959+00:00
7701,0.911,2026-09-24T08:25:01.399977+00:00
7702,0.633,2026-09-24T08:25:01.400707+00:00
7703,0.619,2026-09-24T08:25:01.401238+00:00
7704,0.6669999999999999,2026-09-24T08:25:01.401848+00:00
7705,0.708,2026-09-24T08:25:01.402487+00:00
7706,0.6819999999999999,2026-09-24T08:25:01.403071+00:00
7707,0.619,2026-09-24T08:25:01.403614+00:00
7708,0.594,2026-09-24T08:25:01.404150+00:00
7709,0.625,2026-09-24T08:25:01.404699+00:00
7710,0.599,2026-09-24T08:25:01.405204+00:00
7711,0.635,2026-09-24T08:25:01.405775+00:00
7712,0.614,2026-09-24T08:25:01.406282+00:00
7713,0.712,2026-09-24T08:25:01.407090+00:00
7714,0.661,2026-09-24T08:25:01.407619+00:00
7715,0.611,2026-09-24T08:25:01.408119+00:00
7716,0.597,2026-09-24T08:25:01.408611+00:00
7717,0.6040000000000001,2026-09-24T08:25:01.409099+00:00
7718,0.6,2026-09-24T08:25:01.409578+00:00
7719,0.597,2026-09-24T08:25:01.410053+00:00
7720,0.589,2026-09-24T08:25:01.410522+00:00
7721,0.61,2026-09-24T08:25:01.411013+00:00
7722,0.592,2026-09-24T08:25:01.411508+00:00
7723,0.5820000000000001,2026-09-24T08:25:01.411966+00:00
7724,0.618,2026-09-24T08:25:01.412484+00:00
7725,0.569,2026-09-24T08:25:01.412932+00:00
7726,0.5479999999999999,2026-09-24T08:25:01.413378+00:00
7727,0.642,2026-09-24T08:25:01.413927+00:00
7728,0.636,2026-09-24T08:25:01.414480+00:00
7729,0.641,2026-09-24T08:25:01.415013+00:00
7730,0.714,2026-09-24T08:25:01.415620+00:00
7731,0.63,2026-09-24T08:25:01.416068+00:00
7732,0.632,2026-09-24T08:25:01.416573+00:00
7733,0.531,2026-09-24T08:25:01.417245+00:00
7734,0.648,2026-09-24T08:25:01.417767+00:00
7735,0.5760000000000001,2026-09-24T08:25:01.418228+00:00
7736,0.652,2026-09-24T08:25:01.418766+00:00
7737,0.5950000000000001,2026-09-24T08:25:01.419191+00:00
7738,0.623,2026-09-24T08:25:01.419670+00:00
7739,0.5900000000000001,2026-09-24T08:25:01.420146+00:00
7740,0.584,2026-09-24T08:25:01.420621+00:00
7741,0.544,2026-09-24T08:25:01.421055+00:00
7742,0.596,2026-09-24T08:25:01.421554+00:00
7743,0.593,2026-09-24T08:25:01.422032+00:00
7744,0.5910000000000001,2026-09-24T08:25:01.422517+00:00
7745,0.585,2026-09-24T08:25:01.422966+00:00
7746,0.5810000000000001,2026-09-24T08:25:01.423571+00:00
7747,0.639,2026-09-24T08:25:01.424067+00:00
7748,0.656,2026-09-24T08:25:01.424586+00:00
7749,0.615,2026-09-24T08:25:01.425083+00:00
7750,0.902,2026-09-24T08:25:01.425913+00:00
7751,0.6859999999999999,2026-09-24T08:25:01.426497+00:00
7752,0.673,2026-09-24T08:25:01.427058+00:00
7753,0.6679999999999999,2026-09-24T08:25:01.427604+00:00
7754,0.614,2026-09-24T08:25:01.428078+00:00
7755,0.639,2026-09-24T08:25:01.428593+00:00
7756,0.603,2026-09-24T08:25:01.429090+00:00
7757,1.013,2026-09-24T08:25:01.430352+00:00
7758,0.7699999999999999,2026-09-24T08:25:01.431285+00:00
7759,0.648,2026-09-24T08:25:01.431855+00:00
7760,0.589,2026-09-24T08:25:01.432373+00:00
7761,0.621,2026-09-24T08:25:01.432927+00:00
7762,0.626,2026-09-24T08:25:01.433484+00:00
7763,0.621,2026-09-24T08:25:01.433999+00:00
7764,0.666,2026-09-24T08:25:01.434580+00:00
7765,0.7020000000000001,2026-09-24T08:25:01.435092+00:00
7766,0.622,2026-09-24T08:25:01.435562+00:00
7767,0.6040000000000001,2026-09-24T08:25:01.436049+00:00
7768,0.594,2026-09-24T08:25:01.436540+00:00
7769,0.605,2026-09-24T08:25:01.437047+00:00
7770,0.589,2026-09-24T08:25:01.437567+00:00
7771,0.61,2026-09-24T08:25:01.438085+00:00
7772,0.625,2026-09-24T08:25:01.438636+00:00
7773,0.601,2026-09-24T08:25:01.439175+00:00
7774,0.622,2026-09-24T08:25:01.439718+00:00
7775,0.5810000000000001,2026-09-24T08:25:01.440227+00:00
7776,0.6040000000000001,2026-09-24T08:25:01.440752+00:00
7777,0.643,2026-09-24T08:25:01.441284+00:00
7778,0.623,2026-09-24T08:25:01.441751+00:00
7779,0.61,2026-09-24T08:25:01.442206+00:00
7780,0.602,2026-09-24T08:25:01.442704+00:00
7781,0.553,2026-09-24T08:25:01.443172+00:00
7782,0.5910000000000001,2026-09-24T08:25:01.443665+00:00
7783,0.602,2026-09-24T08:25:01.444154+00:00
7784,0.609,2026-09-24T08:25:01.444643+00:00
7785,0.584,2026-09-24T08:25:01.445085+00:00
7786,0.571,2026-09-24T08:25:01.445524+00:00
7787,0.5760000000000001,2026-09-24T08:25:01.445984+00:00
7788,0.612,2026-09-24T08:25:01.446506+00:00
7789,0.714,2026-09-24T08:25:01.447085+00:00
7790,0.638,2026-09-24T08:25:01.447622+00:00
7791,0.625,2026-09-24T08:25:01.448146+00:00
7792,0.626,2026-09-24T08:25:01.448692+00:00
7793,0.596,2026-09-24T08:25:01.449207+00:00
7794,0.611,2026-09-24T08:25:01.449725+00:00
7795,0.623,2026-09-24T08:25:01.450195+00:00
7796,0.608,2026-09-24T08:25:01.450688+00:00
7797,0.5820000000000001,2026-09-24T08:25:01.451158+00:00
7798,0.611,2026-09-24T08:25:01.451646+00:00
7799,0.592,2026-09-24T08:25:01.452090+00:00
7800,0.597,2026-09-24T08:25:01.452547+00:00
7801,0.601,2026-09-24T08:25:01.453032+00:00
7802,0.608,2026-09-24T08:25:01.453541+00:00
7803,0.636,2026-09-24T08:25:01.454041+00:00
7804,0.635,2026-09-24T08:25:01.454587+00:00
7805,0.643,2026-09-24T08:25:01.455078+00:00
7806,0.622,2026-09-24T08:25:01.455587+00:00
7807,0.652,2026-09-24T08:25:01.456134+00:00
7808,0.6980000000000001,2026-09-24T08:25:01.456722+00:00
7809,0.635,2026-09-24T08:25:01.457142+00:00
7810,0.615,2026-09-24T08:25:01.457613+00:00
7811,0.611,2026-09-24T08:25:01.458104+00:00
7812,0.603,2026-09-24T08:25:01.458601+00:00
7813,0.64,2026-09-24T08:25:01.459130+00:00
7814,0.614,2026-09-24T08:25:01.459664+00:00
7815,0.614,2026-09-24T08:25:01.460168+00:00
7816,0.616,2026-09-24T08:25:01.460664+00:00
7817,0.6040000000000001,2026-09-24T08:25:01.461166+00:00
7818,0.646,2026-09-24T08:25:01.461701+00:00
7819,0.6040000000000001,2026-09-24T08:25:01.462167+00:00
7820,0.661,2026-09-24T08:25:01.462721+00:00
7821,0.614,2026-09-24T08:25:01.463217+00:00
7822,0.63,2026-09-24T08:25:01.463734+00:00
7823,0.585,2026-09-24T08:25:01.464198+00:00
7824,0.644,2026-09-24T08:25:01.464729+00:00
7825,0.562,2026-09-24T08:25:01.465170+00:00
7826,0.587,2026-09-24T08:25:01.465661+00:00
7827,0.562,2026-09-24T08:25:01.466110+00:00
7828,0.614,2026-09-24T08:25:01.466624+00:00
7829,0.602,2026-09-24T08:25:01.467057+00:00
7830,0.628,2026-09-24T08:25:01.467569+00:00
7831,0.609,2026-09-24T08:25:01.468051+00:00
7832,0.665,2026-09-24T08:25:01.468607+00:00
7833,0.619,2026-09-24T08:25:01.469050+00:00
7834,0.637,2026-09-24T08:25:01.469562+00:00
7835,0.625,2026-09-24T08:25:01.470054+00:00
7836,0.592,2026-09-24T08:25:01.470521+00:00
7837,0.6040000000000001,2026-09-24T08:25:01.471004+00:00
7838,0.5950000000000001,2026-09-24T08:25:01.471503+00:00
7839,0.621,2026-09-24T08:25:01.471971+00:00
7840,0.622,2026-09-24T08:25:01.472477+00:00
7841,0.559,2026-09-24T08:25:01.472885+00:00
7842,0.5569999999999999,2026-09-24T08:25:01.473333+00:00
7843,0.583,2026-09-24T08:25:01.473814+00:00
7844,0.598,2026-09-24T08:25:01.474302+00:00
7845,0.6489999999999999,2026-09-24T08:25:01.474805+00:00
7846,0.574,2026-09-24T08:25:01.475219+00:00
7847,0.5760000000000001,2026-09-24T08:25:01.475689+00:00
7848,0.6,2026-09-24T08:25:01.476190+00:00
7849,0.587,2026-09-24T08:25:01.476660+00:00
7850,0.578,2026-09-24T08:25:01.477113+00:00
7851,0.5559999999999999,2026-09-24T08:25:01.477559+00:00
7852,0.6,2026-09-24T08:25:01.478069+00:00
7853,0.5820000000000001,2026-09-24T08:25:01.478530+00:00
7854,0.606,2026-09-24T08:25:01.479011+00:00
7855,0.708,2026-09-24T08:25:01.479625+00:00
7856,0.9990000000000001,2026-09-24T08:25:01.480578+00:00
7857,0.887,2026-09-24T08:25:01.481287+00:00
7858,0.8140000000000001,2026-09-24T08:25:01.481990+00:00
7859,0.652,2026-09-24T08:25:01.482553+00:00
7860,0.648,2026-09-24T08:25:01.483113+00:00
7861,0.608,2026-09-24T08:25:01.483653+00:00
7862,0.5820000000000001,2026-09-24T08:25:01.484165+00:00
7863,0.629,2026-09-24T08:25:01.484734+00:00
7864,0.5900000000000001,2026-09-24T08:25:01.485205+00:00
7865,0.675,2026-09-24T08:25:01.485767+00:00
7866,0.656,2026-09-24T08:25:01.486279+00:00
7867,0.653,2026-09-24T08:25:01.486803+00:00
7868,0.623,2026-09-24T08:25:01.487301+00:00
7869,0.603,2026-09-24T08:25:01.487802+00:00
7870,0.632,2026-09-24T08:25:01.488329+00:00
7871,0.612,2026-09-24T08:25:01.488819+00:00
7872,0.623,2026-09-24T08:25:01.489321+00:00
7873,0.602,2026-09-24T08:25:01.489798+00:00
7874,0.607,2026-09-24T08:25:01.490297+00:00
7875,0.621,2026-09-24T08:25:01.490813+00:00
7876,0.619,2026-09-24T08:25:01.491312+00:00
7877,0.6130000000000001,2026-09-24T08:25:01.491813+00:00
7878,0.566,2026-09-24T08:25:01.492281+00:00
7879,0.635,2026-09-24T08:25:01.492823+00:00
7880,0.57,2026-09-24T08:25:01.493229+00:00
7881,0.632,2026-09-24T08:25:01.493767+00:00
7882,0.603,2026-09-24T08:25:01.494243+00:00
7883,0.6449999999999999,2026-09-24T08:25:01.494766+00:00
7884,0.642,2026-09-24T08:25:01.495271+00:00
7885,0.617,2026-09-24T08:25:01.495776+00:00
7886,0.583,2026-09-24T08:25:01.496254+00:00
7887,0.627,2026-09-24T08:25:01.496783+00:00
7888,0.5900000000000001,2026-09-24T08:25:01.497244+00:00
7889,0.6130000000000001,2026-09-24T08:25:01.497738+00:00
7890,0.6040000000000001,2026-09-24T08:25:01.498224+00:00
7891,0.717,2026-09-24T08:25:01.498824+00:00
7892,0.721,2026-09-24T08:25:01.499408+00:00
7893,0.749,2026-09-24T08:25:01.500064+00:00
7894,1.037,2026-09-24T08:25:01.500993+00:00
7895,1.1969999999999998,2026-09-24T08:25:01.501741+00:00
7896,1.052,2026-09-24T08:25:01.502077+00:00
7897,0.751,2026-09-24T08:25:01.502238+00:00
7898,0.6539999999999999,2026-09-24T08:25:01.502526+00:00
7899,0.5950000000000001,2026-09-24T08:25:01.502840+00:00
7900,0.638,2026-09-24T08:25:01.503325+00:00
7901,0.684,2026-09-24T08:25:01.503715+00:00
7902,0.7020000000000001,2026-09-24T08:25:01.504074+00:00
7903,0.523,2026-09-24T08:25:01.504341+00:00
7904,0.55,2026-09-24T08:25:01.504715+00:00
7905,0.49299999999999994,2026-09-24T08:25:01.505022+00:00
7906,0.48000000000000004,2026-09-24T08:25:01.505381+00:00
7907,0.462,2026-09-24T08:25:01.505714+00:00
7908,0.519,2026-09-24T08:25:01.506136+00:00
7909,0.477,2026-09-24T08:25:01.506483+00:00
7910,0.518,2026-09-24T08:25:01.506895+00:00
7911,0.431,2026-09-24T08:25:01.507203+00:00
7912,0.508,2026-09-24T08:25:01.507616+00:00
7913,0.45399999999999996,2026-09-24T08:25:01.507909+00:00
7914,0.48700000000000004,2026-09-24T08:25:01.508277+00:00
7915,0.495,2026-09-24T08:25:01.508674+00:00
7916,0.447,2026-09-24T08:25:01.508996+00:00
7917,0.515,2026-09-24T08:25:01.509452+00:00
7918,0.472,2026-09-24T08:25:01.509827+00:00
7919,0.44499999999999995,2026-09-24T08:25:01.510168+00:00
7920,0.49,2026-09-24T08:25:01.510561+00:00
7921,0.45,2026-09-24T08:25:01.510889+00:00
7922,0.449,2026-09-24T08:25:01.511237+00:00
7923,0.477,2026-09-24T08:25:01.511616+00:00
7924,0.47300000000000003,2026-09-24T08:25:01.511959+00:00
7925,0.44,2026-09-24T08:25:01.512287+00:00
7926,0.502,2026-09-24T08:25:01.512695+00:00
7927,0.482,2026-09-24T08:25:01.513076+00:00
7928,0.44,2026-09-24T08:25:01.513394+00:00
7929,0.46299999999999997,2026-09-24T08:25:01.513763+00:00
7930,0.443,2026-09-24T08:25:01.514111+00:00
7931,0.48899999999999993,2026-09-24T08:25:01.514514+00:00
7932,0.47,2026-09-24T08:25:01.514855+00:00
7933,0.5910000000000001,2026-09-24T08:25:01.515343+00:00
7934,0.74,2026-09-24T08:25:01.516291+00:00
7935,0.634,2026-09-24T08:25:01.516940+00:00
7936,0.61,2026-09-24T08:25:01.517560+00:00
7937,0.597,2026-09-24T08:25:01.518171+00:00
7938,0.6,2026-09-24T08:25:01.518785+00:00
7939,0.5640000000000001,2026-09-24T08:25:01.519360+00:00
7940,0.5419999999999999,2026-09-24T08:25:01.519809+00:00
7941,0.502,2026-09-24T08:25:01.520201+00:00
7942,0.48700000000000004,2026-09-24T08:25:01.520574+00:00
7943,0.531,2026-09-24T08:25:01.520999+00:00
7944,0.484,2026-09-24T08:25:01.521367+00:00
7945,0.49299999999999994,2026-09-24T08:25:01.521749+00:00
7946,0.5900000000000001,2026-09-24T08:25:01.522218+00:00
7947,0.49,2026-09-24T08:25:01.522476+00:00
7948,0.507,2026-09-24T08:25:01.522826+00:00
7949,0.48000000000000004,2026-09-24T08:25:01.523209+00:00
7950,0.53,2026-09-24T08:25:01.523643+00:00
7951,0.46299999999999997,2026-09-24T08:25:01.523979+00:00
7952,0.486,2026-09-24T08:25:01.524347+00:00
7953,0.516,2026-09-24T08:25:01.524745+00:00
7954,0.484,2026-09-24T08:25:01.525103+00:00
7955,0.46099999999999997,2026-09-24T08:25:01.525444+00:00
7956,0.457,2026-09-24T08:25:01.525774+00:00
7957,0.479,2026-09-24T08:25:01.526166+00:00
7958,0.48500000000000004,2026-09-24T08:25:01.526559+00:00
7959,0.504,2026-09-24T08:25:01.526974+00:00
7960,0.502,2026-09-24T08:25:01.527357+00:00
7961,0.49299999999999994,2026-09-24T08:25:01.527729+00:00
7962,0.5,2026-09-24T08:25:01.528114+00:00
7963,0.46299999999999997,2026-09-24T08:25:01.528463+00:00
7964,0.502,2026-09-24T08:25:01.528832+00:00
7965,0.477,2026-09-24T08:25:01.529192+00:00
7966,0.5379999999999999,2026-09-24T08:25:01.529630+00:00
7967,0.5,2026-09-24T08:25:01.530027+00:00
7968,0.503,2026-09-24T08:25:01.530420+00:00
7969,0.518,2026-09-24T08:25:01.530834+00:00
7970,0.496,2026-09-24T08:25:01.531207+00:00
7971,0.6849999999999999,2026-09-24T08:25:01.531772+00:00
7972,1.256,2026-09-24T08:25:01.532706+00:00
7973,0.8809999999999999,2026-09-24T08:25:01.533525+00:00
7974,0.754,2026-09-24T08:25:01.534255+00:00
7975,0.708,2026-09-24T08:25:01.534938+00:00
7976,0.7,2026-09-24T08:25:01.535648+00:00
7977,0.625,2026-09-24T08:25:01.536280+00:00
7978,0.739,2026-09-24T08:25:01.537046+00:00
7979,0.7010000000000001,2026-09-24T08:25:01.537748+00:00
7980,0.648,2026-09-24T08:25:01.538400+00:00
7981,0.657,2026-09-24T08:25:01.539116+00:00
7982,0.691,2026-09-24T08:25:01.539830+00:00
7983,0.675,2026-09-24T08:25:01.540534+00:00
7984,0.641,2026-09-24T08:25:01.541184+00:00
7985,0.662,2026-09-24T08:25:01.541890+00:00
7986,0.691,2026-09-24T08:25:01.542607+00:00
7987,0.623,2026-09-24T08:25:01.543265+00:00
7988,0.656,2026-09-24T08:25:01.543959+00:00
7989,0.608,2026-09-24T08:25:01.544476+00:00
7990,0.671,2026-09-24T08:25:01.545053+00:00
7991,0.626,2026-09-24T08:25:01.545594+00:00
7992,0.627,2026-09-24T08:25:01.546112+00:00
7993,0.669,2026-09-24T08:25:01.546660+00:00
7994,0.629,2026-09-24T08:25:01.547111+00:00
7995,0.618,2026-09-24T08:25:01.547590+00:00
7996,0.589,2026-09-24T08:25:01.548042+00:00
7997,0.584,2026-09-24T08:25:01.548519+00:00
7998,0.5670000000000001,2026-09-24T08:25:01.548952+00:00
7999,0.5429999999999999,2026-09-24T08:25:01.549405+00:00
8000,0.636,2026-09-24T08:25:01.549949+00:00
8001,0.74,2026-09-24T08:25:01.550586+00:00
8002,0.661,2026-09-24T08:25:01.551030+00:00
8003,0.6489999999999999,2026-09-24T08:25:01.551587+00:00
8004,0.643,2026-09-24T08:25:01.552078+00:00
8005,0.8220000000000001,2026-09-24T08:25:01.552778+00:00
8006,0.785,2026-09-24T08:25:01.553193+00:00
8007,0.593,2026-09-24T08:25:01.553461+00:00
8008,0.528,2026-09-24T08:25:01.553874+00:00
8009,0.474,2026-09-24T08:25:01.554289+00:00
8010,0.495,2026-09-24T08:25:01.554716+00:00
8011,0.455,2026-09-24T08:25:01.555092+00:00
8012,0.43600000000000005,2026-09-24T08:25:01.555466+00:00
8013,0.48899999999999993,2026-09-24T08:25:01.555928+00:00
8014,0.434,2026-09-24T08:25:01.556292+00:00
8015,0.444,2026-09-24T08:25:01.556670+00:00
8016,0.425,2026-09-24T08:25:01.557048+00:00
8017,0.44499999999999995,2026-09-24T08:25:01.557479+00:00
8018,0.467,2026-09-24T08:25:01.557918+00:00
8019,0.42000000000000004,2026-09-24T08:25:01.558260+00:00
8020,0.44,2026-09-24T08:25:01.558643+00:00
8021,0.433,2026-09-24T08:25:01.559045+00:00
8022,0.443,2026-09-24T08:25:01.559451+00:00
8023,0.44499999999999995,2026-09-24T08:25:01.559853+00:00
8024,0.421,2026-09-24T08:25:01.560252+00:00
8025,0.484,2026-09-24T08:25:01.560692+00:00
8026,0.447,2026-09-24T08:25:01.561108+00:00
8027,0.438,2026-09-24T08:25:01.561520+00:00
8028,0.465,2026-09-24T08:25:01.561924+00:00
8029,0.455,2026-09-24T08:25:01.562349+00:00
8030,0.438,2026-09-24T08:25:01.562726+00:00
8031,0.412,2026-09-24T08:25:01.563070+00:00
8032,0.415,2026-09-24T08:25:01.563433+00:00
8033,0.462,2026-09-24T08:25:01.563859+00:00
8034,0.435,2026-09-24T08:25:01.564246+00:00
8035,0.442,2026-09-24T08:25:01.564666+00:00
8036,0.43600000000000005,2026-09-24T08:25:01.565072+00:00
8037,0.425,2026-09-24T08:25:01.565440+00:00
8038,0.44,2026-09-24T08:25:01.565845+00:00
8039,0.421,2026-09-24T08:25:01.566206+00:00
8040,0.434,2026-09-24T08:25:01.566611+00:00
8041,0.429,2026-09-24T08:25:01.566978+00:00
8042,0.40499999999999997,2026-09-24T08:25:01.567368+00:00
8043,0.441,2026-09-24T08:25:01.567786+00:00
8044,0.40700000000000003,2026-09-24T08:25:01.568146+00:00
8045,0.438,2026-09-24T08:25:01.568560+00:00
8046,0.41100000000000003,2026-09-24T08:25:01.568908+00:00
8047,2.21,2026-09-24T08:25:01.571097+00:00
8048,0.5199999999999999,2026-09-24T08:25:01.571520+00:00
8049,0.896,2026-09-24T08:25:01.572334+00:00
8050,1.449,2026-09-24T08:25:01.573526+00:00
8051,0.8809999999999999,2026-09-24T08:25:01.574005+00:00
8052,0.7879999999999999,2026-09-24T08:25:01.574430+00:00
8053,0.964,2026-09-24T08:25:01.575195+00:00
8054,0.8170000000000001,2026-09-24T08:25:01.575588+00:00
8055,0.76,2026-09-24T08:25:01.576007+00:00
8056,0.8809999999999999,2026-09-24T08:25:01.576802+00:00
8057,0.83,2026-09-24T08:25:01.577273+00:00
8058,0.614,2026-09-24T08:25:01.577570+00:00
8059,0.559,2026-09-24T08:25:01.577965+00:00
8060,0.889,2026-09-24T08:25:01.578728+00:00
8061,0.7649999999999999,2026-09-24T08:25:01.579107+00:00
8062,0.716,2026-09-24T08:25:01.579498+00:00
8063,0.5,2026-09-24T08:25:01.579808+00:00
8064,0.7699999999999999,2026-09-24T08:25:01.580529+00:00
8065,0.719,2026-09-24T08:25:01.580917+00:00
8066,0.541,2026-09-24T08:25:01.581169+00:00
8067,0.6,2026-09-24T08:25:01.581686+00:00
8068,0.812,2026-09-24T08:25:01.582520+00:00
8069,0.993,2026-09-24T08:25:01.583332+00:00
8070,0.5810000000000001,2026-09-24T08:25:01.583853+00:00
8071,0.708,2026-09-24T08:25:01.584491+00:00
8072,0.6719999999999999,2026-09-24T08:25:01.584958+00:00
8073,0.488,2026-09-24T08:25:01.585345+00:00
8074,0.47800000000000004,2026-09-24T08:25:01.585761+00:00
8075,0.458,2026-09-24T08:25:01.586212+00:00
8076,0.465,2026-09-24T08:25:01.586630+00:00
8077,0.449,2026-09-24T08:25:01.587080+00:00
8078,0.49,2026-09-24T08:25:01.587524+00:00
8079,0.502,2026-09-24T08:25:01.587981+00:00
8080,0.458,2026-09-24T08:25:01.588383+00:00
8081,0.481,2026-09-24T08:25:01.588856+00:00
8082,0.458,2026-09-24T08:25:01.589261+00:00
8083,0.446,2026-09-24T08:25:01.589710+00:00
8084,0.45399999999999996,2026-09-24T08:25:01.590124+00:00
8085,0.477,2026-09-24T08:25:01.590562+00:00
8086,0.444,2026-09-24T08:25:01.590958+00:00
8087,0.42000000000000004,2026-09-24T08:25:01.591380+00:00
8088,0.47600000000000003,2026-09-24T08:25:01.591816+00:00
8089,0.45199999999999996,2026-09-24T08:25:01.592212+00:00
8090,0.482,2026-09-24T08:25:01.592682+00:00
8091,0.467,2026-09-24T08:25:01.593118+00:00
8092,0.47600000000000003,2026-09-24T08:25:01.593535+00:00
8093,0.462,2026-09-24T08:25:01.593989+00:00
8094,0.726,2026-09-24T08:25:01.594660+00:00
8095,1.0430000000000001,2026-09-24T08:25:01.595440+00:00
8096,0.985,2026-09-24T08:25:01.596708+00:00
8097,0.9990000000000001,2026-09-24T08:25:01.597744+00:00
8098,0.776,2026-09-24T08:25:01.598223+00:00
8099,0.712,2026-09-24T08:25:01.598700+00:00
8100,0.598,2026-09-24T08:25:01.599299+00:00
8101,0.5860000000000001,2026-09-24T08:25:01.599819+00:00
8102,0.5469999999999999,2026-09-24T08:25:01.600342+00:00
8103,1.06,2026-09-24T08:25:01.601333+00:00
8104,1.284,2026-09-24T08:25:01.602039+00:00
8105,1.348,2026-09-24T08:25:01.602665+00:00
8106,0.885,2026-09-24T08:25:01.602799+00:00
8107,0.878,2026-09-24T08:25:01.603401+00:00
8108,0.679,2026-09-24T08:25:01.603918+00:00
8109,0.9600000000000001,2026-09-24T08:25:01.604718+00:00
8110,1.006,2026-09-24T08:25:01.605271+00:00
8111,0.953,2026-09-24T08:25:01.605670+00:00
8112,0.743,2026-09-24T08:25:01.606042+00:00
8113,0.642,2026-09-24T08:25:01.606492+00:00
8114,0.971,2026-09-24T08:25:01.607463+00:00
8115,0.857,2026-09-24T08:25:01.608819+00:00
8116,0.762,2026-09-24T08:25:01.609605+00:00
8117,0.7,2026-09-24T08:25:01.610236+00:00
8118,0.653,2026-09-24T08:25:01.610799+00:00
8119,0.652,2026-09-24T08:25:01.611339+00:00
8120,0.648,2026-09-24T08:25:01.611833+00:00
8121,0.653,2026-09-24T08:25:01.612348+00:00
8122,0.6629999999999999,2026-09-24T08:25:01.612875+00:00
8123,0.657,2026-09-24T08:25:01.613426+00:00
8124,0.655,2026-09-24T08:25:01.613940+00:00
8125,0.627,2026-09-24T08:25:01.614489+00:00
8126,0.578,2026-09-24T08:25:01.615014+00:00
8127,0.584,2026-09-24T08:25:01.615550+00:00
8128,0.964,2026-09-24T08:25:01.616446+00:00
8129,0.865,2026-09-24T08:25:01.616939+00:00
8130,0.562,2026-09-24T08:25:01.617357+00:00
8131,0.594,2026-09-24T08:25:01.617811+00:00
8132,0.514,2026-09-24T08:25:01.618184+00:00
8133,0.728,2026-09-24T08:25:01.618803+00:00
8134,1.191,2026-09-24T08:25:01.619683+00:00
8135,0.756,2026-09-24T08:25:01.620233+00:00
8136,0.66,2026-09-24T08:25:01.620725+00:00
8137,0.636,2026-09-24T08:25:01.621255+00:00
8138,0.612,2026-09-24T08:25:01.621768+00:00
8139,1.188,2026-09-24T08:25:01.623106+00:00
8140,0.9460000000000001,2026-09-24T08:25:01.624059+00:00
8141,0.6809999999999999,2026-09-24T08:25:01.624712+00:00
8142,0.6930000000000001,2026-09-24T08:25:01.625316+00:00
8143,0.7380000000000001,2026-09-24T08:25:01.625967+00:00
8144,0.852,2026-09-24T08:25:01.626803+00:00
8145,0.812,2026-09-24T08:25:01.627545+00:00
8146,0.7699999999999999,2026-09-24T08:25:01.628233+00:00
8147,0.673,2026-09-24T08:25:01.628794+00:00
8148,0.734,2026-09-24T08:25:01.629599+00:00
8149,1.08,2026-09-24T08:25:01.630600+00:00
8150,0.895,2026-09-24T08:25:01.631280+00:00
8151,0.661,2026-09-24T08:25:01.631870+00:00
8152,0.58,2026-09-24T08:25:01.632397+00:00
8153,0.694,2026-09-24T08:25:01.633041+00:00
8154,0.614,2026-09-24T08:25:01.633436+00:00
8155,0.509,2026-09-24T08:25:01.633722+00:00
8156,0.718,2026-09-24T08:25:01.634350+00:00
8157,0.8899999999999999,2026-09-24T08:25:01.634913+00:00
8158,0.6719999999999999,2026-09-24T08:25:01.635095+00:00
8159,0.7969999999999999,2026-09-24T08:25:01.635821+00:00
8160,0.662,2026-09-24T08:25:01.636439+00:00
8161,0.848,2026-09-24T08:25:01.637129+00:00
8162,0.6970000000000001,2026-09-24T08:25:01.638308+00:00
8163,0.512,2026-09-24T08:25:01.638716+00:00
8164,0.501,2026-09-24T08:25:01.639127+00:00
8165,0.602,2026-09-24T08:25:01.639637+00:00
8166,0.857,2026-09-24T08:25:01.640553+00:00
8167,0.703,2026-09-24T08:25:01.641096+00:00
8168,0.642,2026-09-24T08:25:01.641474+00:00
8169,0.622,2026-09-24T08:25:01.641845+00:00
8170,1.01,2026-09-24T08:25:01.642699+00:00
8171,0.6849999999999999,2026-09-24T08:25:01.643370+00:00
8172,0.597,2026-09-24T08:25:01.643929+00:00
8173,0.559,2026-09-24T08:25:01.644463+00:00
8174,0.6880000000000001,2026-09-24T08:25:01.645074+00:00
8175,1.2080000000000002,2026-09-24T08:25:01.646189+00:00
8176,1.057,2026-09-24T08:25:01.646697+00:00
8177,0.638,2026-09-24T08:25:01.647240+00:00
8178,0.554,2026-09-24T08:25:01.647761+00:00
8179,0.515,2026-09-24T08:25:01.648248+00:00
8180,0.496,2026-09-24T08:25:01.648716+00:00
8181,0.8540000000000001,2026-09-24T08:25:01.649524+00:00
8182,0.8809999999999999,2026-09-24T08:25:01.650366+00:00
8183,0.599,2026-09-24T08:25:01.650851+00:00
8184,0.5109999999999999,2026-09-24T08:25:01.651261+00:00
8185,0.5730000000000001,2026-09-24T08:25:01.651732+00:00
8186,0.5419999999999999,2026-09-24T08:25:01.652182+00:00
8187,0.48500000000000004,2026-09-24T08:25:01.652570+00:00
8188,0.54,2026-09-24T08:25:01.653011+00:00
8189,0.5670000000000001,2026-09-24T08:25:01.653486+00:00
8190,0.587,2026-09-24T08:25:01.653958+00:00
8191,0.578,2026-09-24T08:25:01.654404+00:00
8192,0.6980000000000001,2026-09-24T08:25:01.654926+00:00
8193,0.583,2026-09-24T08:25:01.655230+00:00
8194,0.5519999999999999,2026-09-24T08:25:01.655595+00:00
8195,0.599,2026-09-24T08:25:01.656079+00:00
8196,0.5730000000000001,2026-09-24T08:25:01.656571+00:00
8197,0.525,2026-09-24T08:25:01.656988+00:00
8198,0.673,2026-09-24T08:25:01.657540+00:00
8199,0.7829999999999999,2026-09-24T08:25:01.658222+00:00
8200,0.6920000000000001,2026-09-24T08:25:01.658815+00:00
8201,0.578,2026-09-24T08:25:01.659340+00:00
8202,0.598,2026-09-24T08:25:01.659898+00:00
8203,0.583,2026-09-24T08:25:01.660371+00:00
8204,0.599,2026-09-24T08:25:01.660948+00:00
8205,0.607,2026-09-24T08:25:01.661469+00:00
8206,0.509,2026-09-24T08:25:01.661931+00:00
8207,0.49,2026-09-24T08:25:01.662432+00:00
8208,0.896,2026-09-24T08:25:01.663283+00:00
8209,1.171,2026-09-24T08:25:01.664006+00:00
8210,0.982,2026-09-24T08:25:01.664238+00:00
8211,0.722,2026-09-24T08:25:01.664548+00:00
8212,0.646,2026-09-24T08:25:01.664947+00:00
8213,0.533,2026-09-24T08:25:01.665271+00:00
8214,0.506,2026-09-24T08:25:01.665633+00:00
8215,0.482,2026-09-24T08:25:01.666013+00:00
8216,0.495,2026-09-24T08:25:01.666431+00:00
8217,0.94,2026-09-24T08:25:01.667305+00:00
8218,0.616,2026-09-24T08:25:01.667986+00:00
8219,0.517,2026-09-24T08:25:01.668439+00:00
8220,0.486,2026-09-24T08:25:01.668867+00:00
8221,0.47,2026-09-24T08:25:01.669284+00:00
8222,0.47100000000000003,2026-09-24T08:25:01.669695+00:00
8223,0.48700000000000004,2026-09-24T08:25:01.670125+00:00
8224,0.45399999999999996,2026-09-24T08:25:01.670483+00:00
8225,0.482,2026-09-24T08:25:01.670858+00:00
8226,0.709,2026-09-24T08:25:01.671468+00:00
8227,0.6809999999999999,2026-09-24T08:25:01.671794+00:00
8228,0.945,2026-09-24T08:25:01.672671+00:00
8229,0.615,2026-09-24T08:25:01.673093+00:00
8230,0.61,2026-09-24T08:25:01.673552+00:00
8231,0.526,2026-09-24T08:25:01.673972+00:00
8232,0.448,2026-09-24T08:25:01.674311+00:00
8233,0.46799999999999997,2026-09-24T08:25:01.674661+00:00
8234,0.44,2026-09-24T08:25:01.674992+00:00
8235,0.46900000000000003,2026-09-24T08:25:01.675356+00:00
8236,0.47600000000000003,2026-09-24T08:25:01.675670+00:00
8237,0.51,2026-09-24T08:25:01.676062+00:00
8238,0.611,2026-09-24T08:25:01.676485+00:00
8239,0.562,2026-09-24T08:25:01.676766+00:00
8240,0.486,2026-09-24T08:25:01.677098+00:00
8241,0.483,2026-09-24T08:25:01.677457+00:00
8242,0.46,2026-09-24T08:25:01.677789+00:00
8243,0.632,2026-09-24T08:25:01.678315+00:00
8244,0.48500000000000004,2026-09-24T08:25:01.678741+00:00
8245,0.5479999999999999,2026-09-24T08:25:01.679223+00:00
8246,0.49,2026-09-24T08:25:01.679665+00:00
8247,0.483,2026-09-24T08:25:01.680095+00:00
8248,0.6679999999999999,2026-09-24T08:25:01.680705+00:00
8249,0.75,2026-09-24T08:25:01.681182+00:00
8250,0.537,2026-09-24T08:25:01.681629+00:00
8251,0.458,2026-09-24T08:25:01.681984+00:00
8252,0.438,2026-09-24T08:25:01.682353+00:00
8253,0.47300000000000003,2026-09-24T08:25:01.682761+00:00
8254,0.43600000000000005,2026-09-24T08:25:01.683186+00:00
8255,0.47,2026-09-24T08:25:01.683591+00:00
8256,0.45199999999999996,2026-09-24T08:25:01.683963+00:00
8257,0.416,2026-09-24T08:25:01.684368+00:00
8258,0.44499999999999995,2026-09-24T08:25:01.684760+00:00
8259,0.416,2026-09-24T08:25:01.685167+00:00
8260,0.46,2026-09-24T08:25:01.685575+00:00
8261,0.443,2026-09-24T08:25:01.685969+00:00
8262,0.441,2026-09-24T08:25:01.686361+00:00
8263,0.444,2026-09-24T08:25:01.686791+00:00
8264,0.45,2026-09-24T08:25:01.687222+00:00
8265,0.46900000000000003,2026-09-24T08:25:01.687630+00:00
8266,0.559,2026-09-24T08:25:01.688165+00:00
8267,0.643,2026-09-24T08:25:01.688746+00:00
8268,0.615,2026-09-24T08:25:01.689301+00:00
8269,0.578,2026-09-24T08:25:01.689851+00:00
8270,0.482,2026-09-24T08:25:01.690364+00:00
8271,0.48899999999999993,2026-09-24T08:25:01.690833+00:00
8272,0.451,2026-09-24T08:25:01.691228+00:00
8273,0.45,2026-09-24T08:25:01.691655+00:00
8274,0.488,2026-09-24T08:25:01.692127+00:00
8275,0.458,2026-09-24T08:25:01.692509+00:00
8276,0.484,2026-09-24T08:25:01.692933+00:00
8277,0.424,2026-09-24T08:25:01.693305+00:00
8278,0.441,2026-09-24T08:25:01.693697+00:00
8279,0.442,2026-09-24T08:25:01.694114+00:00
8280,0.482,2026-09-24T08:25:01.694543+00:00
8281,0.55,2026-09-24T08:25:01.695041+00:00
8282,0.753,2026-09-24T08:25:01.695833+00:00
8283,0.555,2026-09-24T08:25:01.696406+00:00
8284,0.593,2026-09-24T08:25:01.697091+00:00
8285,0.48000000000000004,2026-09-24T08:25:01.697577+00:00
8286,0.45899999999999996,2026-09-24T08:25:01.697985+00:00
8287,0.42700000000000005,2026-09-24T08:25:01.698406+00:00
8288,0.491,2026-09-24T08:25:01.698881+00:00
8289,0.451,2026-09-24T08:25:01.699281+00:00
8290,0.518,2026-09-24T08:25:01.699743+00:00
8291,0.45,2026-09-24T08:25:01.700138+00:00
8292,0.442,2026-09-24T08:25:01.700526+00:00
8293,0.444,2026-09-24T08:25:01.700912+00:00
8294,0.433,2026-09-24T08:25:01.701331+00:00
8295,0.49299999999999994,2026-09-24T08:25:01.701806+00:00
8296,0.444,2026-09-24T08:25:01.702198+00:00
8297,0.444,2026-09-24T08:25:01.702624+00:00
8298,0.45,2026-09-24T08:25:01.703012+00:00
8299,0.45399999999999996,2026-09-24T08:25:01.703448+00:00
8300,0.47300000000000003,2026-09-24T08:25:01.703891+00:00
8301,0.46599999999999997,2026-09-24T08:25:01.704340+00:00
8302,0.481,2026-09-24T08:25:01.704783+00:00
8303,0.467,2026-09-24T08:25:01.705234+00:00
8304,0.48500000000000004,2026-09-24T08:25:01.705669+00:00
8305,0.46,2026-09-24T08:25:01.706089+00:00
8306,0.428,2026-09-24T08:25:01.706502+00:00
8307,0.455,2026-09-24T08:25:01.706938+00:00
8308,0.444,2026-09-24T08:25:01.707326+00:00
8309,0.481,2026-09-24T08:25:01.707780+00:00
8310,0.46,2026-09-24T08:25:01.708198+00:00
8311,0.46599999999999997,2026-09-24T08:25:01.708632+00:00
8312,0.438,2026-09-24T08:25:01.709054+00:00
8313,0.477,2026-09-24T08:25:01.709512+00:00
8314,0.462,2026-09-24T08:25:01.709948+00:00
8315,0.41300000000000003,2026-09-24T08:25:01.710312+00:00
8316,0.491,2026-09-24T08:25:01.710783+00:00
8317,0.449,2026-09-24T08:25:01.711202+00:00
8318,0.46099999999999997,2026-09-24T08:25:01.711627+00:00
8319,0.47800000000000004,2026-09-24T08:25:01.712087+00:00
8320,0.447,2026-09-24T08:25:01.712499+00:00
8321,0.46599999999999997,2026-09-24T08:25:01.712929+00:00
8322,0.439,2026-09-24T08:25:01.713310+00:00
8323,0.453,2026-09-24T08:25:01.713748+00:00
8324,0.447,2026-09-24T08:25:01.714131+00:00
8325,0.426,2026-09-24T08:25:01.714532+00:00
8326,0.517,2026-09-24T08:25:01.715025+00:00
8327,0.49700000000000005,2026-09-24T08:25:01.715473+00:00
8328,0.462,2026-09-24T08:25:01.715895+00:00
8329,0.426,2026-09-24T08:25:01.716262+00:00
8330,0.439,2026-09-24T08:25:01.716684+00:00
8331,0.453,2026-09-24T08:25:01.717130+00:00
8332,0.435,2026-09-24T08:25:01.717509+00:00
8333,0.43,2026-09-24T08:25:01.717929+00:00
8334,0.441,2026-09-24T08:25:01.718315+00:00
8335,0.457,2026-09-24T08:25:01.718754+00:00
8336,0.44,2026-09-24T08:25:01.719138+00:00
8337,0.502,2026-09-24T08:25:01.719621+00:00
8338,0.494,2026-09-24T08:25:01.720058+00:00
8339,0.5379999999999999,2026-09-24T08:25:01.720509+00:00
8340,0.58,2026-09-24T08:25:01.720953+00:00
8341,0.651,2026-09-24T08:25:01.721683+00:00
8342,0.723,2026-09-24T08:25:01.722655+00:00
8343,0.475,2026-09-24T08:25:01.723106+00:00
8344,0.488,2026-09-24T08:25:01.723602+00:00
8345,0.49299999999999994,2026-09-24T08:25:01.724067+00:00
8346,0.49700000000000005,2026-09-24T08:25:01.724510+00:00
8347,0.48899999999999993,2026-09-24T08:25:01.724965+00:00
8348,0.488,2026-09-24T08:25:01.725426+00:00
8349,0.472,2026-09-24T08:25:01.725844+00:00
8350,0.465,2026-09-24T08:25:01.726290+00:00
8351,0.462,2026-09-24T08:25:01.726737+00:00
8352,0.47600000000000003,2026-09-24T08:25:01.727146+00:00
8353,0.49299999999999994,2026-09-24T08:25:01.727603+00:00
8354,0.46,2026-09-24T08:25:01.728004+00:00
8355,0.45,2026-09-24T08:25:01.728443+00:00
8356,0.486,2026-09-24T08:25:01.728872+00:00
8357,0.448,2026-09-24T08:25:01.729278+00:00
8358,0.451,2026-09-24T08:25:01.729694+00:00
8359,0.47100000000000003,2026-09-24T08:25:01.730128+00:00
8360,0.435,2026-09-24T08:25:01.730513+00:00
8361,0.49799999999999994,2026-09-24T08:25:01.730989+00:00
8362,0.443,2026-09-24T08:25:01.731363+00:00
8363,0.464,2026-09-24T08:25:01.731804+00:00
8364,0.46900000000000003,2026-09-24T08:25:01.732253+00:00
8365,0.47800000000000004,2026-09-24T08:25:01.732667+00:00
8366,0.424,2026-09-24T08:25:01.733081+00:00
8367,0.426,2026-09-24T08:25:01.733461+00:00
8368,0.439,2026-09-24T08:25:01.733893+00:00
8369,0.43600000000000005,2026-09-24T08:25:01.734269+00:00
8370,0.44499999999999995,2026-09-24T08:25:01.734708+00:00
8371,0.46799999999999997,2026-09-24T08:25:01.735116+00:00
8372,0.432,2026-09-24T08:25:01.735526+00:00
8373,0.458,2026-09-24T08:25:01.735930+00:00
8374,0.45199999999999996,2026-09-24T08:25:01.736368+00:00
8375,0.47800000000000004,2026-09-24T08:25:01.736799+00:00
8376,0.419,2026-09-24T08:25:01.737214+00:00
8377,0.46599999999999997,2026-09-24T08:25:01.737631+00:00
8378,0.435,2026-09-24T08:25:01.738053+00:00
8379,0.448,2026-09-24T08:25:01.738458+00:00
8380,0.484,2026-09-24T08:25:01.738889+00:00
8381,0.465,2026-09-24T08:25:01.739305+00:00
8382,0.45899999999999996,2026-09-24T08:25:01.739738+00:00
8383,0.453,2026-09-24T08:25:01.740134+00:00
8384,0.439,2026-09-24T08:25:01.740550+00:00
8385,0.443,2026-09-24T08:25:01.740993+00:00
8386,0.442,2026-09-24T08:25:01.741384+00:00
8387,0.48000000000000004,2026-09-24T08:25:01.741838+00:00
8388,0.434,2026-09-24T08:25:01.742205+00:00
8389,0.441,2026-09-24T08:25:01.742631+00:00
8390,0.458,2026-09-24T08:25:01.743068+00:00
8391,0.451,2026-09-24T08:25:01.743452+00:00
8392,0.447,2026-09-24T08:25:01.743881+00:00
8393,0.43,2026-09-24T08:25:01.744301+00:00
8394,0.441,2026-09-24T08:25:01.744687+00:00
8395,0.5419999999999999,2026-09-24T08:25:01.745377+00:00
8396,0.5469999999999999,2026-09-24T08:25:01.746024+00:00
8397,0.5339999999999999,2026-09-24T08:25:01.746641+00:00
8398,0.506,2026-09-24T08:25:01.747233+00:00
8399,0.5820000000000001,2026-09-24T08:25:01.747902+00:00
8400,0.546,2026-09-24T08:25:01.748505+00:00
8401,0.549,2026-09-24T08:25:01.749143+00:00
8402,0.5820000000000001,2026-09-24T08:25:01.749813+00:00
8403,0.55,2026-09-24T08:25:01.750427+00:00
8404,0.5630000000000001,2026-09-24T08:25:01.751065+00:00
8405,0.562,2026-09-24T08:25:01.751703+00:00
8406,0.535,2026-09-24T08:25:01.752319+00:00
8407,0.5760000000000001,2026-09-24T08:25:01.752973+00:00
8408,0.453,2026-09-24T08:25:01.753396+00:00
8409,0.45,2026-09-24T08:25:01.753795+00:00
8410,0.429,2026-09-24T08:25:01.754224+00:00
8411,0.571,2026-09-24T08:25:01.754740+00:00
8412,0.456,2026-09-24T08:25:01.755150+00:00
8413,0.554,2026-09-24T08:25:01.755660+00:00
8414,0.444,2026-09-24T08:25:01.756019+00:00
8415,0.583,2026-09-24T08:25:01.756588+00:00
8416,0.449,2026-09-24T08:25:01.756929+00:00
8417,0.45,2026-09-24T08:25:01.757323+00:00
8418,0.446,2026-09-24T08:25:01.757755+00:00
8419,0.45399999999999996,2026-09-24T08:25:01.758142+00:00
8420,0.429,2026-09-24T08:25:01.758509+00:00
8421,0.424,2026-09-24T08:25:01.758934+00:00
8422,0.434,2026-09-24T08:25:01.759319+00:00
8423,0.475,2026-09-24T08:25:01.759778+00:00
8424,0.424,2026-09-24T08:25:01.760141+00:00
8425,0.46,2026-09-24T08:25:01.760589+00:00
8426,0.458,2026-09-24T08:25:01.760950+00:00
8427,0.47300000000000003,2026-09-24T08:25:01.761379+00:00
8428,0.456,2026-09-24T08:25:01.761777+00:00
8429,0.441,2026-09-24T08:25:01.762204+00:00
8430,0.419,2026-09-24T08:25:01.762609+00:00
8431,0.477,2026-09-24T08:25:01.763038+00:00
8432,0.455,2026-09-24T08:25:01.763457+00:00
8433,0.47100000000000003,2026-09-24T08:25:01.763900+00:00
8434,0.46599999999999997,2026-09-24T08:25:01.764342+00:00
8435,0.562,2026-09-24T08:25:01.764859+00:00
8436,0.479,2026-09-24T08:25:01.765319+00:00
8437,0.472,2026-09-24T08:25:01.765745+00:00
8438,0.426,2026-09-24T08:25:01.766169+00:00
8439,0.479,2026-09-24T08:25:01.766598+00:00
8440,0.495,2026-09-24T08:25:01.767040+00:00
8441,0.447,2026-09-24T08:25:01.767438+00:00
8442,0.447,2026-09-24T08:25:01.767878+00:00
8443,0.46799999999999997,2026-09-24T08:25:01.768296+00:00
8444,0.47800000000000004,2026-09-24T08:25:01.768708+00:00
8445,0.49,2026-09-24T08:25:01.769160+00:00
8446,0.43600000000000005,2026-09-24T08:25:01.769566+00:00
8447,0.419,2026-09-24T08:25:01.769989+00:00
8448,0.428,2026-09-24T08:25:01.770362+00:00
8449,0.49,2026-09-24T08:25:01.770832+00:00
8450,0.42700000000000005,2026-09-24T08:25:01.771219+00:00
8451,0.499,2026-09-24T08:25:01.771700+00:00
8452,0.46299999999999997,2026-09-24T08:25:01.772133+00:00
8453,0.47300000000000003,2026-09-24T08:25:01.772579+00:00
8454,0.426,2026-09-24T08:25:01.772957+00:00
8455,0.377,2026-09-24T08:25:01.773334+00:00
8456,0.426,2026-09-24T08:25:01.773724+00:00
8457,0.41800000000000004,2026-09-24T08:25:01.774110+00:00
8458,0.406,2026-09-24T08:25:01.774473+00:00
8459,0.41800000000000004,2026-09-24T08:25:01.774880+00:00
8460,0.412,2026-09-24T08:25:01.775247+00:00
8461,0.40099999999999997,2026-09-24T08:25:01.775638+00:00
8462,0.429,2026-09-24T08:25:01.776036+00:00
8463,0.441,2026-09-24T08:25:01.776435+00:00
8464,0.46099999999999997,2026-09-24T08:25:01.776851+00:00
8465,0.448,2026-09-24T08:25:01.777260+00:00
8466,0.48500000000000004,2026-09-24T08:25:01.777706+00:00
8467,0.46,2026-09-24T08:25:01.778116+00:00
8468,0.462,2026-09-24T08:25:01.778564+00:00
8469,0.431,2026-09-24T08:25:01.778937+00:00
8470,0.384,2026-09-24T08:25:01.779314+00:00
8471,0.421,2026-09-24T08:25:01.779694+00:00
8472,0.381,2026-09-24T08:25:01.780067+00:00
8473,0.43600000000000005,2026-09-24T08:25:01.780475+00:00
8474,0.412,2026-09-24T08:25:01.780885+00:00
8475,0.432,2026-09-24T08:25:01.781286+00:00
8476,0.433,2026-09-24T08:25:01.781699+00:00
8477,0.421,2026-09-24T08:25:01.782100+00:00
8478,0.417,2026-09-24T08:25:01.782505+00:00
8479,0.423,2026-09-24T08:25:01.782888+00:00
8480,0.416,2026-09-24T08:25:01.783292+00:00
8481,0.425,2026-09-24T08:25:01.783673+00:00
8482,0.375,2026-09-24T08:25:01.784042+00:00
8483,0.455,2026-09-24T08:25:01.784462+00:00
8484,0.484,2026-09-24T08:25:01.784879+00:00
8485,0.457,2026-09-24T08:25:01.785319+00:00
8486,0.434,2026-09-24T08:25:01.785693+00:00
8487,0.41,2026-09-24T08:25:01.786090+00:00
8488,0.429,2026-09-24T08:25:01.786476+00:00
8489,0.424,2026-09-24T08:25:01.786878+00:00
8490,0.41800000000000004,2026-09-24T08:25:01.787294+00:00
8491,0.41,2026-09-24T08:25:01.787647+00:00
8492,0.40900000000000003,2026-09-24T08:25:01.788055+00:00
8493,0.435,2026-09-24T08:25:01.788441+00:00
8494,0.46599999999999997,2026-09-24T08:25:01.788872+00:00
8495,0.44,2026-09-24T08:25:01.789289+00:00
8496,0.442,2026-09-24T08:25:01.789674+00:00
8497,0.48000000000000004,2026-09-24T08:25:01.790133+00:00
8498,0.67,2026-09-24T08:25:01.790991+00:00
8499,0.5509999999999999,2026-09-24T08:25:01.791528+00:00
8500,0.46599999999999997,2026-09-24T08:25:01.791950+00:00
8501,0.446,2026-09-24T08:25:01.792396+00:00
8502,0.502,2026-09-24T08:25:01.792848+00:00
8503,0.45899999999999996,2026-09-24T08:25:01.793319+00:00
8504,0.457,2026-09-24T08:25:01.793727+00:00
8505,0.44499999999999995,2026-09-24T08:25:01.794122+00:00
8506,0.432,2026-09-24T08:25:01.794534+00:00
8507,0.442,2026-09-24T08:25:01.794974+00:00
8508,0.453,2026-09-24T08:25:01.795351+00:00
8509,0.54,2026-09-24T08:25:01.795863+00:00
8510,0.455,2026-09-24T08:25:01.796262+00:00
8511,0.47800000000000004,2026-09-24T08:25:01.796716+00:00
8512,0.446,2026-09-24T08:25:01.797109+00:00
8513,0.481,2026-09-24T08:25:01.797569+00:00
8514,0.46599999999999997,2026-09-24T08:25:01.798006+00:00
8515,0.43600000000000005,2026-09-24T08:25:01.798371+00:00
8516,0.46099999999999997,2026-09-24T08:25:01.798818+00:00
8517,0.42000000000000004,2026-09-24T08:25:01.799191+00:00
8518,0.43,2026-09-24T08:25:01.799608+00:00
8519,0.45399999999999996,2026-09-24T08:25:01.800037+00:00
8520,0.432,2026-09-24T08:25:01.800447+00:00
8521,0.457,2026-09-24T08:25:01.800843+00:00
8522,0.446,2026-09-24T08:25:01.801257+00:00
8523,0.458,2026-09-24T08:25:01.801647+00:00
8524,0.43600000000000005,2026-09-24T08:25:01.802071+00:00
8525,0.451,2026-09-24T08:25:01.802465+00:00
8526,0.443,2026-09-24T08:25:01.802902+00:00
8527,0.443,2026-09-24T08:25:01.803294+00:00
8528,0.44,2026-09-24T08:25:01.803726+00:00
8529,0.449,2026-09-24T08:25:01.804110+00:00
8530,0.465,2026-09-24T08:25:01.804558+00:00
8531,0.455,2026-09-24T08:25:01.804942+00:00
8532,0.428,2026-09-24T08:25:01.805340+00:00
8533,0.415,2026-09-24T08:25:01.805693+00:00
8534,0.432,2026-09-24T08:25:01.806103+00:00
8535,0.422,2026-09-24T08:25:01.806478+00:00
8536,0.412,2026-09-24T08:25:01.806884+00:00
8537,0.41300000000000003,2026-09-24T08:25:01.807237+00:00
8538,0.404,2026-09-24T08:25:01.807631+00:00
8539,0.422,2026-09-24T08:25:01.808000+00:00
8540,0.41800000000000004,2026-09-24T08:25:01.808390+00:00
8541,0.486,2026-09-24T08:25:01.808813+00:00
8542,0.399,2026-09-24T08:25:01.809182+00:00
8543,0.45,2026-09-24T08:25:01.809605+00:00
8544,0.428,2026-09-24T08:25:01.809977+00:00
8545,0.41300000000000003,2026-09-24T08:25:01.810377+00:00
8546,0.4,2026-09-24T08:25:01.810734+00:00
8547,0.38699999999999996,2026-09-24T08:25:01.811111+00:00
8548,0.40099999999999997,2026-09-24T08:25:01.811472+00:00
8549,0.422,2026-09-24T08:25:01.811884+00:00
8550,0.40900000000000003,2026-09-24T08:25:01.812238+00:00
8551,0.448,2026-09-24T08:25:01.812656+00:00
8552,0.423,2026-09-24T08:25:01.813010+00:00
8553,0.404,2026-09-24T08:25:01.813401+00:00
8554,0.47,2026-09-24T08:25:01.813826+00:00
8555,0.42700000000000005,2026-09-24T08:25:01.814208+00:00
8556,0.415,2026-09-24T08:25:01.814619+00:00
8557,0.465,2026-09-24T08:25:01.815030+00:00
8558,0.443,2026-09-24T08:25:01.815416+00:00
8559,0.435,2026-09-24T08:25:01.815779+00:00
8560,0.438,2026-09-24T08:25:01.816193+00:00
8561,0.41100000000000003,2026-09-24T08:25:01.816541+00:00
8562,0.40099999999999997,2026-09-24T08:25:01.816923+00:00
8563,0.382,2026-09-24T08:25:01.817295+00:00
8564,0.44,2026-09-24T08:25:01.817692+00:00
8565,0.429,2026-09-24T08:25:01.818094+00:00
8566,0.432,2026-09-24T08:25:01.818458+00:00
8567,0.419,2026-09-24T08:25:01.818857+00:00
8568,0.41,2026-09-24T08:25:01.819247+00:00
8569,0.433,2026-09-24T08:25:01.819653+00:00
8570,0.39599999999999996,2026-09-24T08:25:01.819984+00:00
8571,0.41300000000000003,2026-09-24T08:25:01.820377+00:00
8572,0.393,2026-09-24T08:25:01.820760+00:00
8573,0.422,2026-09-24T08:25:01.821141+00:00
8574,0.419,2026-09-24T08:25:01.821550+00:00
8575,0.42000000000000004,2026-09-24T08:25:01.821906+00:00
8576,0.416,2026-09-24T08:25:01.822303+00:00
8577,0.444,2026-09-24T08:25:01.822728+00:00
8578,0.408,2026-09-24T08:25:01.823105+00:00
8579,0.43600000000000005,2026-09-24T08:25:01.823512+00:00
8580,0.415,2026-09-24T08:25:01.823859+00:00
8581,0.432,2026-09-24T08:25:01.824279+00:00
8582,0.429,2026-09-24T08:25:01.824657+00:00
8583,0.439,2026-09-24T08:25:01.825075+00:00
8584,0.435,2026-09-24T08:25:01.825481+00:00
8585,0.429,2026-09-24T08:25:01.825851+00:00
8586,0.43,2026-09-24T08:25:01.826251+00:00
8587,0.417,2026-09-24T08:25:01.826605+00:00
8588,0.40499999999999997,2026-09-24T08:25:01.826981+00:00
8589,0.421,2026-09-24T08:25:01.827351+00:00
8590,0.517,2026-09-24T08:25:01.827845+00:00
8591,0.57,2026-09-24T08:25:01.828363+00:00
8592,0.5479999999999999,2026-09-24T08:25:01.828861+00:00
8593,0.45399999999999996,2026-09-24T08:25:01.829280+00:00
8594,0.5670000000000001,2026-09-24T08:25:01.829825+00:00
8595,0.46799999999999997,2026-09-24T08:25:01.830225+00:00
8596,0.51,2026-09-24T08:25:01.830701+00:00
8597,0.479,2026-09-24T08:25:01.831151+00:00
8598,0.444,2026-09-24T08:25:01.831532+00:00
8599,0.45899999999999996,2026-09-24T08:25:01.831946+00:00
8600,0.484,2026-09-24T08:25:01.832399+00:00
8601,0.456,2026-09-24T08:25:01.832815+00:00
8602,0.46799999999999997,2026-09-24T08:25:01.833262+00:00
8603,0.521,2026-09-24T08:25:01.833726+00:00
8604,0.479,2026-09-24T08:25:01.834178+00:00
8605,0.47800000000000004,2026-09-24T08:25:01.834595+00:00
8606,0.495,2026-09-24T08:25:01.835072+00:00
8607,0.46099999999999997,2026-09-24T08:25:01.835522+00:00
8608,0.475,2026-09-24T08:25:01.835940+00:00
8609,0.464,2026-09-24T08:25:01.836384+00:00
8610,0.46900000000000003,2026-09-24T08:25:01.836824+00:00
8611,0.414,2026-09-24T08:25:01.837194+00:00
8612,0.691,2026-09-24T08:25:01.837915+00:00
8613,0.528,2026-09-24T08:25:01.838470+00:00
8614,0.434,2026-09-24T08:25:01.838890+00:00
8615,0.46099999999999997,2026-09-24T08:25:01.839312+00:00
8616,0.447,2026-09-24T08:25:01.839713+00:00
8617,0.451,2026-09-24T08:25:01.840112+00:00
8618,0.48500000000000004,2026-09-24T08:25:01.840544+00:00
8619,0.444,2026-09-24T08:25:01.840921+00:00
8620,0.475,2026-09-24T08:25:01.841374+00:00
8621,0.516,2026-09-24T08:25:01.841868+00:00
8622,0.425,2026-09-24T08:25:01.842301+00:00
8623,0.462,2026-09-24T08:25:01.842708+00:00
8624,0.421,2026-09-24T08:25:01.843122+00:00
8625,0.48700000000000004,2026-09-24T08:25:01.843573+00:00
8626,0.795,2026-09-24T08:25:01.844397+00:00
8627,0.648,2026-09-24T08:25:01.845221+00:00
8628,0.536,2026-09-24T08:25:01.845785+00:00
8629,0.527,2026-09-24T08:25:01.846285+00:00
8630,0.515,2026-09-24T08:25:01.846773+00:00
8631,0.533,2026-09-24T08:25:01.847265+00:00
8632,0.506,2026-09-24T08:25:01.847727+00:00
8633,0.504,2026-09-24T08:25:01.848188+00:00
8634,0.519,2026-09-24T08:25:01.848659+00:00
8635,0.46599999999999997,2026-09-24T08:25:01.849120+00:00
8636,0.47100000000000003,2026-09-24T08:25:01.849549+00:00
8637,0.432,2026-09-24T08:25:01.849978+00:00
8638,0.438,2026-09-24T08:25:01.850366+00:00
8639,0.433,2026-09-24T08:25:01.850765+00:00
8640,0.833,2026-09-24T08:25:01.851927+00:00
8641,0.609,2026-09-24T08:25:01.852633+00:00
8642,0.8450000000000001,2026-09-24T08:25:01.853780+00:00
8643,0.623,2026-09-24T08:25:01.854577+00:00
8644,0.553,2026-09-24T08:25:01.855191+00:00
8645,0.488,2026-09-24T08:25:01.855679+00:00
8646,0.449,2026-09-24T08:25:01.856122+00:00
8647,0.474,2026-09-24T08:25:01.856571+00:00
8648,0.434,2026-09-24T08:25:01.856974+00:00
8649,0.429,2026-09-24T08:25:01.857378+00:00
8650,0.5599999999999999,2026-09-24T08:25:01.857909+00:00
8651,0.44,2026-09-24T08:25:01.858321+00:00
8652,0.45899999999999996,2026-09-24T08:25:01.858735+00:00
8653,0.417,2026-09-24T08:25:01.859135+00:00
8654,0.449,2026-09-24T08:25:01.859535+00:00
8655,0.46099999999999997,2026-09-24T08:25:01.859948+00:00
8656,0.49200000000000005,2026-09-24T08:25:01.860358+00:00
8657,0.415,2026-09-24T08:25:01.860664+00:00
8658,0.415,2026-09-24T08:25:01.861013+00:00
8659,0.439,2026-09-24T08:25:01.861434+00:00
8660,0.446,2026-09-24T08:25:01.861816+00:00
8661,0.46,2026-09-24T08:25:01.862254+00:00
8662,0.437,2026-09-24T08:25:01.862612+00:00
8663,0.462,2026-09-24T08:25:01.863055+00:00
8664,0.456,2026-09-24T08:25:01.863481+00:00
8665,0.46299999999999997,2026-09-24T08:25:01.863864+00:00
8666,0.42000000000000004,2026-09-24T08:25:01.864251+00:00
8667,0.448,2026-09-24T08:25:01.864679+00:00
8668,0.432,2026-09-24T08:25:01.865091+00:00
8669,0.426,2026-09-24T08:25:01.865501+00:00
8670,0.43,2026-09-24T08:25:01.865888+00:00
8671,0.391,2026-09-24T08:25:01.866273+00:00
8672,0.41300000000000003,2026-09-24T08:25:01.866639+00:00
8673,0.439,2026-09-24T08:25:01.867049+00:00
8674,0.437,2026-09-24T08:25:01.867426+00:00
8675,0.447,2026-09-24T08:25:01.867800+00:00
8676,0.42000000000000004,2026-09-24T08:25:01.868201+00:00
8677,0.458,2026-09-24T08:25:01.868633+00:00
8678,0.40700000000000003,2026-09-24T08:25:01.868989+00:00
8679,0.458,2026-09-24T08:25:01.869388+00:00
8680,0.496,2026-09-24T08:25:01.869864+00:00
8681,0.5,2026-09-24T08:25:01.870336+00:00
8682,0.48500000000000004,2026-09-24T08:25:01.870764+00:00
8683,0.456,2026-09-24T08:25:01.871189+00:00
8684,0.49799999999999994,2026-09-24T08:25:01.871666+00:00
8685,0.45399999999999996,2026-09-24T08:25:01.872073+00:00
8686,0.46599999999999997,2026-09-24T08:25:01.872516+00:00
8687,0.457,2026-09-24T08:25:01.872915+00:00
8688,0.441,2026-09-24T08:25:01.873345+00:00
8689,0.481,2026-09-24T08:25:01.873781+00:00
8690,0.483,2026-09-24T08:25:01.874239+00:00
8691,0.438,2026-09-24T08:25:01.874681+00:00
8692,0.429,2026-09-24T08:25:01.875069+00:00
8693,0.426,2026-09-24T08:25:01.875454+00:00
8694,0.449,2026-09-24T08:25:01.875893+00:00
8695,0.433,2026-09-24T08:25:01.876273+00:00
8696,0.46799999999999997,2026-09-24T08:25:01.876718+00:00
8697,0.424,2026-09-24T08:25:01.877098+00:00
8698,0.443,2026-09-24T08:25:01.877516+00:00
8699,0.432,2026-09-24T08:25:01.877884+00:00
8700,0.41300000000000003,2026-09-24T08:25:01.878267+00:00
8701,0.43,2026-09-24T08:25:01.878633+00:00
8702,0.432,2026-09-24T08:25:01.879043+00:00
8703,0.39399999999999996,2026-09-24T08:25:01.879393+00:00
8704,0.434,2026-09-24T08:25:01.879815+00:00
8705,0.416,2026-09-24T08:25:01.880166+00:00
8706,0.428,2026-09-24T08:25:01.880572+00:00
8707,0.433,2026-09-24T08:25:01.880983+00:00
8708,0.422,2026-09-24T08:25:01.881372+00:00
8709,0.437,2026-09-24T08:25:01.881775+00:00
8710,0.40700000000000003,2026-09-24T08:25:01.882149+00:00
8711,0.393,2026-09-24T08:25:01.882528+00:00
8712,0.429,2026-09-24T08:25:01.882911+00:00
8713,0.40700000000000003,2026-09-24T08:25:01.883306+00:00
8714,0.44,2026-09-24T08:25:01.883692+00:00
8715,0.41,2026-09-24T08:25:01.884077+00:00
8716,0.397,2026-09-24T08:25:01.884462+00:00
8717,0.47300000000000003,2026-09-24T08:25:01.884879+00:00
8718,0.428,2026-09-24T08:25:01.885246+00:00
8719,0.46,2026-09-24T08:25:01.885692+00:00
8720,0.464,2026-09-24T08:25:01.886118+00:00
8721,0.46299999999999997,2026-09-24T08:25:01.886548+00:00
8722,0.458,2026-09-24T08:25:01.886971+00:00
8723,0.437,2026-09-24T08:25:01.887377+00:00
8724,0.494,2026-09-24T08:25:01.887839+00:00
8725,0.441,2026-09-24T08:25:01.888246+00:00
8726,0.435,2026-09-24T08:25:01.888648+00:00
8727,0.438,2026-09-24T08:25:01.889057+00:00
8728,0.442,2026-09-24T08:25:01.889437+00:00
8729,0.464,2026-09-24T08:25:01.889858+00:00
8730,0.45899999999999996,2026-09-24T08:25:01.890283+00:00
8731,0.474,2026-09-24T08:25:01.890728+00:00
8732,0.447,2026-09-24T08:25:01.891126+00:00
8733,0.437,2026-09-24T08:25:01.891535+00:00
8734,0.442,2026-09-24T08:25:01.891916+00:00
8735,0.457,2026-09-24T08:25:01.892344+00:00
8736,0.417,2026-09-24T08:25:01.892687+00:00
8737,0.432,2026-09-24T08:25:01.893070+00:00
8738,0.47100000000000003,2026-09-24T08:25:01.893521+00:00
8739,0.449,2026-09-24T08:25:01.893931+00:00
8740,0.455,2026-09-24T08:25:01.894354+00:00
8741,0.45199999999999996,2026-09-24T08:25:01.894746+00:00
8742,0.44,2026-09-24T08:25:01.895158+00:00
8743,0.433,2026-09-24T08:25:01.895535+00:00
8744,0.449,2026-09-24T08:25:01.895955+00:00
8745,0.662,2026-09-24T08:25:01.896567+00:00
8746,0.535,2026-09-24T08:25:01.897086+00:00
8747,0.474,2026-09-24T08:25:01.897495+00:00
8748,0.499,2026-09-24T08:25:01.897970+00:00
8749,0.414,2026-09-24T08:25:01.898345+00:00
8750,0.47800000000000004,2026-09-24T08:25:01.898803+00:00
8751,0.443,2026-09-24T08:25:01.899186+00:00
8752,0.5,2026-09-24T08:25:01.899672+00:00
8753,0.49,2026-09-24T08:25:01.900102+00:00
8754,0.438,2026-09-24T08:25:01.900521+00:00
8755,0.43600000000000005,2026-09-24T08:25:01.900966+00:00
8756,0.424,2026-09-24T08:25:01.901331+00:00
8757,0.455,2026-09-24T08:25:01.901785+00:00
8758,0.46099999999999997,2026-09-24T08:25:01.902184+00:00
8759,0.47300000000000003,2026-09-24T08:25:01.902598+00:00
8760,0.5109999999999999,2026-09-24T08:25:01.903097+00:00
8761,0.45,2026-09-24T08:25:01.903480+00:00
8762,0.457,2026-09-24T08:25:01.903907+00:00
8763,0.46599999999999997,2026-09-24T08:25:01.904322+00:00
8764,0.484,2026-09-24T08:25:01.904787+00:00
8765,0.46,2026-09-24T08:25:01.905158+00:00
8766,0.447,2026-09-24T08:25:01.905551+00:00
8767,0.419,2026-09-24T08:25:01.905952+00:00
8768,0.399,2026-09-24T08:25:01.906333+00:00
8769,0.415,2026-09-24T08:25:01.906729+00:00
8770,0.432,2026-09-24T08:25:01.907142+00:00
8771,0.40099999999999997,2026-09-24T08:25:01.907511+00:00
8772,0.47600000000000003,2026-09-24T08:25:01.907962+00:00
8773,0.415,2026-09-24T08:25:01.908313+00:00
8774,0.592,2026-09-24T08:25:01.908897+00:00
8775,0.423,2026-09-24T08:25:01.909271+00:00
8776,0.465,2026-09-24T08:25:01.909688+00:00
8777,0.42700000000000005,2026-09-24T08:25:01.910100+00:00
8778,0.41800000000000004,2026-09-24T08:25:01.910464+00:00
8779,0.41800000000000004,2026-09-24T08:25:01.910856+00:00
8780,0.408,2026-09-24T08:25:01.911212+00:00
8781,0.406,2026-09-24T08:25:01.911599+00:00
8782,0.417,2026-09-24T08:25:01.911990+00:00
8783,0.40299999999999997,2026-09-24T08:25:01.912344+00:00
8784,0.438,2026-09-24T08:25:01.912771+00:00
8785,0.40700000000000003,2026-09-24T08:25:01.913113+00:00
8786,0.449,2026-09-24T08:25:01.913537+00:00
8787,0.457,2026-09-24T08:25:01.913935+00:00
8788,0.46599999999999997,2026-09-24T08:25:01.914376+00:00
8789,0.46,2026-09-24T08:25:01.914778+00:00
8790,0.448,2026-09-24T08:25:01.915209+00:00
8791,0.424,2026-09-24T08:25:01.915589+00:00
8792,0.431,2026-09-24T08:25:01.915988+00:00
8793,0.402,2026-09-24T08:25:01.916339+00:00
8794,0.40900000000000003,2026-09-24T08:25:01.916727+00:00
8795,0.404,2026-09-24T08:25:01.917112+00:00
8796,0.426,2026-09-24T08:25:01.917508+00:00
8797,0.41100000000000003,2026-09-24T08:25:01.917856+00:00
8798,0.422,2026-09-24T08:25:01.918254+00:00
8799,0.434,2026-09-24T08:25:01.918639+00:00
8800,0.47300000000000003,2026-09-24T08:25:01.919104+00:00
8801,0.465,2026-09-24T08:25:01.919513+00:00
8802,0.467,2026-09-24T08:25:01.919953+00:00
8803,0.442,2026-09-24T08:25:01.920378+00:00
8804,0.439,2026-09-24T08:25:01.920754+00:00
8805,0.464,2026-09-24T08:25:01.921188+00:00
8806,0.53,2026-09-24T08:25:01.921647+00:00
8807,0.655,2026-09-24T08:25:01.922441+00:00
8808,0.503,2026-09-24T08:25:01.922935+00:00
8809,0.565,2026-09-24T08:25:01.923454+00:00
8810,0.857,2026-09-24T08:25:01.924242+00:00
8811,0.475,2026-09-24T08:25:01.924707+00:00
8812,0.462,2026-09-24T08:25:01.925127+00:00
8813,0.435,2026-09-24T08:25:01.925515+00:00
8814,0.483,2026-09-24T08:25:01.925973+00:00
8815,0.46799999999999997,2026-09-24T08:25:01.926384+00:00
8816,0.47,2026-09-24T08:25:01.926831+00:00
8817,0.412,2026-09-24T08:25:01.927192+00:00
8818,0.432,2026-09-24T08:25:01.927607+00:00
8819,0.439,2026-09-24T08:25:01.928008+00:00
8820,0.449,2026-09-24T08:25:01.928418+00:00
8821,0.453,2026-09-24T08:25:01.928811+00:00
8822,0.421,2026-09-24T08:25:01.929214+00:00
8823,0.441,2026-09-24T08:25:01.929605+00:00
8824,0.42700000000000005,2026-09-24T08:25:01.930015+00:00
8825,0.41100000000000003,2026-09-24T08:25:01.930378+00:00
8826,0.425,2026-09-24T08:25:01.930788+00:00
8827,0.425,2026-09-24T08:25:01.931139+00:00
8828,0.448,2026-09-24T08:25:01.931558+00:00
8829,0.525,2026-09-24T08:25:01.932010+00:00
8830,0.423,2026-09-24T08:25:01.932419+00:00
8831,0.536,2026-09-24T08:25:01.932899+00:00
8832,0.458,2026-09-24T08:25:01.933336+00:00
8833,0.465,2026-09-24T08:25:01.933770+00:00
8834,0.446,2026-09-24T08:25:01.934194+00:00
8835,0.423,2026-09-24T08:25:01.934556+00:00
8836,0.40299999999999997,2026-09-24T08:25:01.934946+00:00
8837,0.423,2026-09-24T08:25:01.935314+00:00
8838,0.46900000000000003,2026-09-24T08:25:01.935762+00:00
8839,0.41,2026-09-24T08:25:01.936131+00:00
8840,0.441,2026-09-24T08:25:01.936552+00:00
8841,0.429,2026-09-24T08:25:01.936914+00:00
8842,0.415,2026-09-24T08:25:01.937311+00:00
8843,0.45,2026-09-24T08:25:01.937736+00:00
8844,0.408,2026-09-24T08:25:01.938095+00:00
8845,0.416,2026-09-24T08:25:01.938496+00:00
8846,0.424,2026-09-24T08:25:01.938885+00:00
8847,0.417,2026-09-24T08:25:01.939263+00:00
8848,0.467,2026-09-24T08:25:01.939689+00:00
8849,0.442,2026-09-24T08:25:01.940064+00:00
8850,0.509,2026-09-24T08:25:01.940487+00:00
8851,0.531,2026-09-24T08:25:01.940986+00:00
8852,0.499,2026-09-24T08:25:01.941423+00:00
8853,0.531,2026-09-24T08:25:01.941920+00:00
8854,0.491,2026-09-24T08:25:01.942344+00:00
8855,0.514,2026-09-24T08:25:01.942843+00:00
8856,0.46900000000000003,2026-09-24T08:25:01.943233+00:00
8857,0.503,2026-09-24T08:25:01.943706+00:00
8858,0.47,2026-09-24T08:25:01.944145+00:00
8859,0.49200000000000005,2026-09-24T08:25:01.944584+00:00
8860,0.456,2026-09-24T08:25:01.945011+00:00
8861,0.417,2026-09-24T08:25:01.945378+00:00
8862,0.447,2026-09-24T08:25:01.945803+00:00
8863,0.43600000000000005,2026-09-24T08:25:01.946228+00:00
8864,0.429,2026-09-24T08:25:01.946611+00:00
8865,0.433,2026-09-24T08:25:01.947022+00:00
8866,0.423,2026-09-24T08:25:01.947424+00:00
8867,0.474,2026-09-24T08:25:01.947872+00:00
8868,0.408,2026-09-24T08:25:01.948212+00:00
8869,0.41300000000000003,2026-09-24T08:25:01.948614+00:00
8870,0.414,2026-09-24T08:25:01.948958+00:00
8871,0.404,2026-09-24T08:25:01.949347+00:00
8872,0.435,2026-09-24T08:25:01.949733+00:00
8873,0.4,2026-09-24T08:25:01.950130+00:00
8874,0.432,2026-09-24T08:25:01.950520+00:00
8875,0.423,2026-09-24T08:25:01.950937+00:00
8876,0.393,2026-09-24T08:25:01.951266+00:00
8877,0.40099999999999997,2026-09-24T08:25:01.951657+00:00
8878,0.46599999999999997,2026-09-24T08:25:01.952079+00:00
8879,0.535,2026-09-24T08:25:01.952714+00:00
8880,0.477,2026-09-24T08:25:01.953188+00:00
8881,0.448,2026-09-24T08:25:01.953560+00:00
8882,0.441,2026-09-24T08:25:01.953976+00:00
8883,0.419,2026-09-24T08:25:01.954385+00:00
8884,0.443,2026-09-24T08:25:01.954779+00:00
8885,0.431,2026-09-24T08:25:01.955195+00:00
8886,0.443,2026-09-24T08:25:01.955587+00:00
8887,0.42000000000000004,2026-09-24T08:25:01.955988+00:00
8888,0.39599999999999996,2026-09-24T08:25:01.956378+00:00
8889,0.441,2026-09-24T08:25:01.956783+00:00
8890,0.40499999999999997,2026-09-24T08:25:01.957170+00:00
8891,0.40499999999999997,2026-09-24T08:25:01.957566+00:00
8892,0.40900000000000003,2026-09-24T08:25:01.957924+00:00
8893,0.442,2026-09-24T08:25:01.958346+00:00
8894,0.448,2026-09-24T08:25:01.958766+00:00
8895,0.428,2026-09-24T08:25:01.959137+00:00
8896,0.475,2026-09-24T08:25:01.959582+00:00
8897,0.456,2026-09-24T08:25:01.959973+00:00
8898,0.41800000000000004,2026-09-24T08:25:01.960376+00:00
8899,0.421,2026-09-24T08:25:01.960746+00:00
8900,0.416,2026-09-24T08:25:01.961154+00:00
8901,0.422,2026-09-24T08:25:01.961532+00:00
8902,0.433,2026-09-24T08:25:01.961941+00:00
8903,0.45399999999999996,2026-09-24T08:25:01.962332+00:00
8904,0.49,2026-09-24T08:25:01.962795+00:00
8905,0.434,2026-09-24T08:25:01.963159+00:00
8906,0.45399999999999996,2026-09-24T08:25:01.963595+00:00
8907,0.46099999999999997,2026-09-24T08:25:01.963998+00:00
8908,0.42700000000000005,2026-09-24T08:25:01.964356+00:00
8909,0.435,2026-09-24T08:25:01.964734+00:00
8910,0.422,2026-09-24T08:25:01.965131+00:00
8911,0.435,2026-09-24T08:25:01.965510+00:00
8912,0.46,2026-09-24T08:25:01.965947+00:00
8913,0.44499999999999995,2026-09-24T08:25:01.966336+00:00
8914,0.442,2026-09-24T08:25:01.966752+00:00
8915,0.424,2026-09-24T08:25:01.967123+00:00
8916,0.426,2026-09-24T08:25:01.967528+00:00
8917,0.47100000000000003,2026-09-24T08:25:01.967984+00:00
8918,0.428,2026-09-24T08:25:01.968356+00:00
8919,0.456,2026-09-24T08:25:01.968801+00:00
8920,0.416,2026-09-24T08:25:01.969135+00:00
8921,0.417,2026-09-24T08:25:01.969510+00:00
8922,0.456,2026-09-24T08:25:01.969939+00:00
8923,0.432,2026-09-24T08:25:01.970322+00:00
8924,0.444,2026-09-24T08:25:01.970752+00:00
8925,0.424,2026-09-24T08:25:01.971122+00:00
8926,0.40700000000000003,2026-09-24T08:25:01.971517+00:00
8927,0.42000000000000004,2026-09-24T08:25:01.971890+00:00
8928,0.39599999999999996,2026-09-24T08:25:01.972275+00:00
8929,0.41300000000000003,2026-09-24T08:25:01.972644+00:00
8930,0.386,2026-09-24T08:25:01.973015+00:00
8931,0.408,2026-09-24T08:25:01.973401+00:00
8932,0.44499999999999995,2026-09-24T08:25:01.973801+00:00
8933,0.412,2026-09-24T08:25:01.974196+00:00
8934,0.438,2026-09-24T08:25:01.974615+00:00
8935,0.512,2026-09-24T08:25:01.975104+00:00
8936,0.5910000000000001,2026-09-24T08:25:01.975671+00:00
8937,0.5910000000000001,2026-09-24T08:25:01.976239+00:00
8938,0.5680000000000001,2026-09-24T08:25:01.976793+00:00
8939,0.5820000000000001,2026-09-24T08:25:01.977319+00:00
8940,0.535,2026-09-24T08:25:01.977834+00:00
8941,0.5469999999999999,2026-09-24T08:25:01.978361+00:00
8942,0.592,2026-09-24T08:25:01.978930+00:00
8943,0.594,2026-09-24T08:25:01.979505+00:00
8944,0.6449999999999999,2026-09-24T08:25:01.980138+00:00
8945,0.614,2026-09-24T08:25:01.980692+00:00
8946,0.578,2026-09-24T08:25:01.981250+00:00
8947,0.539,2026-09-24T08:25:01.981726+00:00
8948,0.45,2026-09-24T08:25:01.982159+00:00
8949,0.46599999999999997,2026-09-24T08:25:01.982603+00:00
8950,0.439,2026-09-24T08:25:01.982987+00:00
8951,0.457,2026-09-24T08:25:01.983424+00:00
8952,0.484,2026-09-24T08:25:01.983840+00:00
8953,0.433,2026-09-24T08:25:01.984251+00:00
8954,0.42700000000000005,2026-09-24T08:25:01.984637+00:00
8955,0.423,2026-09-24T08:25:01.985026+00:00
8956,0.399,2026-09-24T08:25:01.985392+00:00
8957,0.467,2026-09-24T08:25:01.985827+00:00
8958,0.431,2026-09-24T08:25:01.986236+00:00
8959,0.444,2026-09-24T08:25:01.986656+00:00
8960,0.42700000000000005,2026-09-24T08:25:01.987062+00:00
8961,0.441,2026-09-24T08:25:01.987482+00:00
8962,0.437,2026-09-24T08:25:01.987910+00:00
8963,0.438,2026-09-24T08:25:01.988284+00:00
8964,0.425,2026-09-24T08:25:01.988700+00:00
8965,0.438,2026-09-24T08:25:01.989061+00:00
8966,0.417,2026-09-24T08:25:01.989409+00:00
8967,0.507,2026-09-24T08:25:01.989889+00:00
8968,0.519,2026-09-24T08:25:01.990346+00:00
8969,0.506,2026-09-24T08:25:01.990857+00:00
8970,0.496,2026-09-24T08:25:01.991301+00:00
8971,0.516,2026-09-24T08:25:01.991803+00:00
8972,0.474,2026-09-24T08:25:01.992222+00:00
8973,0.504,2026-09-24T08:25:01.992705+00:00
8974,0.462,2026-09-24T08:25:01.993163+00:00
8975,0.5109999999999999,2026-09-24T08:25:01.993615+00:00
8976,0.496,2026-09-24T08:25:01.994066+00:00
8977,0.504,2026-09-24T08:25:01.994545+00:00
8978,1.209,2026-09-24T08:25:01.995688+00:00
8979,1.373,2026-09-24T08:25:01.996314+00:00
8980,1.332,2026-09-24T08:25:01.996655+00:00
8981,1.108,2026-09-24T08:25:01.996821+00:00
8982,0.9940000000000001,2026-09-24T08:25:01.997092+00:00
8983,0.7699999999999999,2026-09-24T08:25:01.997248+00:00
8984,0.636,2026-09-24T08:25:01.997509+00:00
8985,0.522,2026-09-24T08:25:01.997755+00:00
8986,0.502,2026-09-24T08:25:01.998140+00:00
8987,0.512,2026-09-24T08:25:01.998485+00:00
8988,0.486,2026-09-24T08:25:01.998807+00:00
8989,0.47100000000000003,2026-09-24T08:25:01.999171+00:00
8990,0.5109999999999999,2026-09-24T08:25:01.999586+00:00
8991,0.508,2026-09-24T08:25:01.999981+00:00
8992,0.47800000000000004,2026-09-24T08:25:02.000348+00:00
8993,1.266,2026-09-24T08:25:02.001496+00:00
8994,1.3699999999999999,2026-09-24T08:25:02.001976+00:00
8995,1.323,2026-09-24T08:25:02.002270+00:00
8996,1.142,2026-09-24T08:25:02.002429+00:00
8997,1.049,2026-09-24T08:25:02.002674+00:00
8998,0.735,2026-09-24T08:25:02.002806+00:00
8999,0.569,2026-09-24T08:25:02.003036+00:00
9000,0.5630000000000001,2026-09-24T08:25:02.003388+00:00
9001,0.503,2026-09-24T08:25:02.003703+00:00
9002,0.518,2026-09-24T08:25:02.004091+00:00
9003,0.482,2026-09-24T08:25:02.004401+00:00
9004,0.5680000000000001,2026-09-24T08:25:02.004870+00:00
9005,0.467,2026-09-24T08:25:02.005190+00:00
9006,0.525,2026-09-24T08:25:02.005615+00:00
9007,0.451,2026-09-24T08:25:02.005930+00:00
9008,0.465,2026-09-24T08:25:02.006300+00:00
9009,0.853,2026-09-24T08:25:02.007060+00:00
9010,0.796,2026-09-24T08:25:02.007551+00:00
9011,0.771,2026-09-24T08:25:02.007897+00:00
9012,0.848,2026-09-24T08:25:02.009042+00:00
9013,1.036,2026-09-24T08:25:02.009678+00:00
9014,0.94,2026-09-24T08:25:02.009988+00:00
9015,0.705,2026-09-24T08:25:02.010135+00:00
9016,0.5670000000000001,2026-09-24T08:25:02.010370+00:00
9017,0.598,2026-09-24T08:25:02.010751+00:00
9018,0.517,2026-09-24T08:25:02.011045+00:00
9019,0.695,2026-09-24T08:25:02.011581+00:00
9020,0.919,2026-09-24T08:25:02.012168+00:00
9021,0.716,2026-09-24T08:25:02.012329+00:00
9022,0.9959999999999999,2026-09-24T08:25:02.012966+00:00
9023,0.9970000000000001,2026-09-24T08:25:02.013308+00:00
9024,0.862,2026-09-24T08:25:02.013694+00:00
9025,0.7110000000000001,2026-09-24T08:25:02.014013+00:00
9026,0.687,2026-09-24T08:25:02.014579+00:00
9027,0.708,2026-09-24T08:25:02.015112+00:00
9028,0.629,2026-09-24T08:25:02.015608+00:00
9029,0.665,2026-09-24T08:25:02.016304+00:00
9030,0.678,2026-09-24T08:25:02.016920+00:00
9031,0.612,2026-09-24T08:25:02.017464+00:00
9032,0.621,2026-09-24T08:25:02.018001+00:00
9033,0.61,2026-09-24T08:25:02.018530+00:00
9034,0.6539999999999999,2026-09-24T08:25:02.019095+00:00
9035,0.6539999999999999,2026-09-24T08:25:02.019596+00:00
9036,0.652,2026-09-24T08:25:02.020093+00:00
9037,0.687,2026-09-24T08:25:02.020649+00:00
9038,0.621,2026-09-24T08:25:02.021105+00:00
9039,0.652,2026-09-24T08:25:02.021632+00:00
9040,0.623,2026-09-24T08:25:02.022141+00:00
9041,0.635,2026-09-24T08:25:02.022630+00:00
9042,0.5900000000000001,2026-09-24T08:25:02.023097+00:00
9043,0.725,2026-09-24T08:25:02.023706+00:00
9044,0.571,2026-09-24T08:25:02.024037+00:00
9045,0.484,2026-09-24T08:25:02.024367+00:00
9046,0.457,2026-09-24T08:25:02.024736+00:00
9047,0.464,2026-09-24T08:25:02.025123+00:00
9048,0.467,2026-09-24T08:25:02.025519+00:00
9049,0.46599999999999997,2026-09-24T08:25:02.025916+00:00
9050,0.455,2026-09-24T08:25:02.026325+00:00
9051,0.464,2026-09-24T08:25:02.026743+00:00
9052,0.449,2026-09-24T08:25:02.027166+00:00
9053,0.6890000000000001,2026-09-24T08:25:02.027800+00:00
9054,0.742,2026-09-24T08:25:02.028257+00:00
9055,0.684,2026-09-24T08:25:02.028545+00:00
9056,0.589,2026-09-24T08:25:02.028892+00:00
9057,0.514,2026-09-24T08:25:02.029188+00:00
9058,0.593,2026-09-24T08:25:02.029623+00:00
9059,0.897,2026-09-24T08:25:02.030314+00:00
9060,0.507,2026-09-24T08:25:02.030763+00:00
9061,0.47100000000000003,2026-09-24T08:25:02.031195+00:00
9062,0.48700000000000004,2026-09-24T08:25:02.031636+00:00
9063,0.44499999999999995,2026-09-24T08:25:02.032041+00:00
9064,0.457,2026-09-24T08:25:02.032461+00:00
9065,0.457,2026-09-24T08:25:02.032876+00:00
9066,0.438,2026-09-24T08:25:02.033277+00:00
9067,0.424,2026-09-24T08:25:02.033666+00:00
9068,0.434,2026-09-24T08:25:02.034070+00:00
9069,0.443,2026-09-24T08:25:02.034481+00:00
9070,0.46,2026-09-24T08:25:02.034904+00:00
9071,0.41100000000000003,2026-09-24T08:25:02.035281+00:00
9072,0.435,2026-09-24T08:25:02.035682+00:00
9073,0.433,2026-09-24T08:25:02.036082+00:00
9074,0.419,2026-09-24T08:25:02.036468+00:00
9075,0.443,2026-09-24T08:25:02.036879+00:00
9076,0.426,2026-09-24T08:25:02.037245+00:00
9077,0.448,2026-09-24T08:25:02.037652+00:00
9078,0.462,2026-09-24T08:25:02.038078+00:00
9079,0.438,2026-09-24T08:25:02.038453+00:00
9080,0.449,2026-09-24T08:25:02.038867+00:00
9081,0.447,2026-09-24T08:25:02.039284+00:00
9082,0.429,2026-09-24T08:25:02.039652+00:00
9083,0.432,2026-09-24T08:25:02.040063+00:00
9084,0.475,2026-09-24T08:25:02.040513+00:00
9085,0.475,2026-09-24T08:25:02.040895+00:00
9086,0.451,2026-09-24T08:25:02.041271+00:00
9087,0.46,2026-09-24T08:25:02.041656+00:00
9088,0.45199999999999996,2026-09-24T08:25:02.042044+00:00
9089,0.501,2026-09-24T08:25:02.042513+00:00
9090,0.45399999999999996,2026-09-24T08:25:02.042933+00:00
9091,0.447,2026-09-24T08:25:02.043330+00:00
9092,0.425,2026-09-24T08:25:02.043713+00:00
9093,0.44499999999999995,2026-09-24T08:25:02.044129+00:00
9094,0.447,2026-09-24T08:25:02.044501+00:00
9095,0.451,2026-09-24T08:25:02.044879+00:00
9096,0.437,2026-09-24T08:25:02.045273+00:00
9097,0.45899999999999996,2026-09-24T08:25:02.045689+00:00
9098,0.41,2026-09-24T08:25:02.046051+00:00
9099,0.429,2026-09-24T08:25:02.046439+00:00
9100,0.467,2026-09-24T08:25:02.046869+00:00
9101,0.43,2026-09-24T08:25:02.047227+00:00
9102,0.453,2026-09-24T08:25:02.047622+00:00
9103,0.44,2026-09-24T08:25:02.048022+00:00
9104,0.442,2026-09-24T08:25:02.048426+00:00
9105,0.494,2026-09-24T08:25:02.048876+00:00
9106,0.453,2026-09-24T08:25:02.049254+00:00
9107,0.444,2026-09-24T08:25:02.049626+00:00
9108,0.419,2026-09-24T08:25:02.049987+00:00
9109,0.439,2026-09-24T08:25:02.050396+00:00
9110,0.43600000000000005,2026-09-24T08:25:02.050781+00:00
9111,0.45,2026-09-24T08:25:02.051210+00:00
9112,0.464,2026-09-24T08:25:02.051622+00:00
9113,0.432,2026-09-24T08:25:02.052026+00:00
9114,0.417,2026-09-24T08:25:02.052379+00:00
9115,0.46099999999999997,2026-09-24T08:25:02.052766+00:00
9116,0.432,2026-09-24T08:25:02.053121+00:00
9117,0.46799999999999997,2026-09-24T08:25:02.053516+00:00
9118,0.432,2026-09-24T08:25:02.053875+00:00
9119,0.446,2026-09-24T08:25:02.054305+00:00
9120,0.449,2026-09-24T08:25:02.054691+00:00
9121,0.462,2026-09-24T08:25:02.055132+00:00
9122,0.443,2026-09-24T08:25:02.055510+00:00
9123,0.45399999999999996,2026-09-24T08:25:02.055931+00:00
9124,0.40099999999999997,2026-09-24T08:25:02.056262+00:00
9125,0.437,2026-09-24T08:25:02.056639+00:00
9126,0.448,2026-09-24T08:25:02.057024+00:00
9127,0.422,2026-09-24T08:25:02.057407+00:00
9128,0.453,2026-09-24T08:25:02.057830+00:00
9129,0.434,2026-09-24T08:25:02.058212+00:00
9130,0.47300000000000003,2026-09-24T08:25:02.058662+00:00
9131,0.455,2026-09-24T08:25:02.059076+00:00
9132,0.43,2026-09-24T08:25:02.059474+00:00
9133,0.441,2026-09-24T08:25:02.059867+00:00
9134,0.444,2026-09-24T08:25:02.060283+00:00
9135,0.457,2026-09-24T08:25:02.060674+00:00
9136,0.435,2026-09-24T08:25:02.061047+00:00
9137,0.455,2026-09-24T08:25:02.061471+00:00
9138,0.45899999999999996,2026-09-24T08:25:02.061877+00:00
9139,0.441,2026-09-24T08:25:02.062297+00:00
9140,0.45399999999999996,2026-09-24T08:25:02.062684+00:00
9141,0.444,2026-09-24T08:25:02.063055+00:00
9142,0.44499999999999995,2026-09-24T08:25:02.063470+00:00
9143,0.43,2026-09-24T08:25:02.063831+00:00
9144,0.422,2026-09-24T08:25:02.064233+00:00
9145,0.44499999999999995,2026-09-24T08:25:02.064660+00:00
9146,0.757,2026-09-24T08:25:02.065352+00:00
9147,0.761,2026-09-24T08:25:02.065837+00:00
9148,0.616,2026-09-24T08:25:02.066508+00:00
9149,1.427,2026-09-24T08:25:02.067947+00:00
9150,0.528,2026-09-24T08:25:02.068458+00:00
9151,0.496,2026-09-24T08:25:02.068891+00:00
9152,0.429,2026-09-24T08:25:02.069301+00:00
9153,0.462,2026-09-24T08:25:02.069715+00:00
9154,0.423,2026-09-24T08:25:02.070122+00:00
9155,0.428,2026-09-24T08:25:02.070498+00:00
9156,0.47,2026-09-24T08:25:02.070954+00:00
9157,0.417,2026-09-24T08:25:02.071340+00:00
9158,0.6449999999999999,2026-09-24T08:25:02.071935+00:00
9159,0.639,2026-09-24T08:25:02.072331+00:00
9160,0.5609999999999999,2026-09-24T08:25:02.072652+00:00
9161,0.623,2026-09-24T08:25:02.073092+00:00
9162,0.5599999999999999,2026-09-24T08:25:02.073702+00:00
9163,0.46,2026-09-24T08:25:02.074144+00:00
9164,0.49200000000000005,2026-09-24T08:25:02.074592+00:00
9165,0.499,2026-09-24T08:25:02.075058+00:00
9166,0.486,2026-09-24T08:25:02.075494+00:00
9167,0.464,2026-09-24T08:25:02.075922+00:00
9168,0.448,2026-09-24T08:25:02.076322+00:00
9169,0.42000000000000004,2026-09-24T08:25:02.076726+00:00
9170,0.44499999999999995,2026-09-24T08:25:02.077131+00:00
9171,0.46299999999999997,2026-09-24T08:25:02.077556+00:00
9172,0.47100000000000003,2026-09-24T08:25:02.077972+00:00
9173,0.455,2026-09-24T08:25:02.078405+00:00
9174,0.465,2026-09-24T08:25:02.078808+00:00
9175,0.428,2026-09-24T08:25:02.079219+00:00
9176,0.431,2026-09-24T08:25:02.079590+00:00
9177,0.419,2026-09-24T08:25:02.079988+00:00
9178,0.41300000000000003,2026-09-24T08:25:02.080399+00:00
9179,0.48000000000000004,2026-09-24T08:25:02.080843+00:00
9180,0.458,2026-09-24T08:25:02.081262+00:00
9181,0.488,2026-09-24T08:25:02.081707+00:00
9182,0.467,2026-09-24T08:25:02.082125+00:00
9183,0.45899999999999996,2026-09-24T08:25:02.082570+00:00
9184,0.449,2026-09-24T08:25:02.082952+00:00
9185,0.447,2026-09-24T08:25:02.083375+00:00
9186,0.443,2026-09-24T08:25:02.083758+00:00
9187,0.447,2026-09-24T08:25:02.084160+00:00
9188,0.424,2026-09-24T08:25:02.084565+00:00
9189,0.434,2026-09-24T08:25:02.084979+00:00
9190,0.503,2026-09-24T08:25:02.085474+00:00
9191,0.495,2026-09-24T08:25:02.085898+00:00
9192,0.451,2026-09-24T08:25:02.086332+00:00
9193,0.451,2026-09-24T08:25:02.086723+00:00
9194,0.41800000000000004,2026-09-24T08:25:02.087133+00:00
9195,0.425,2026-09-24T08:25:02.087509+00:00
9196,0.46,2026-09-24T08:25:02.087955+00:00
9197,0.46599999999999997,2026-09-24T08:25:02.088364+00:00
9198,0.47300000000000003,2026-09-24T08:25:02.088790+00:00
9199,0.435,2026-09-24T08:25:02.089217+00:00
9200,0.458,2026-09-24T08:25:02.089629+00:00
9201,0.447,2026-09-24T08:25:02.090074+00:00
9202,0.444,2026-09-24T08:25:02.090464+00:00
9203,0.43600000000000005,2026-09-24T08:25:02.090888+00:00
9204,0.439,2026-09-24T08:25:02.091313+00:00
9205,0.451,2026-09-24T08:25:02.091707+00:00
9206,0.45199999999999996,2026-09-24T08:25:02.092144+00:00
9207,0.44499999999999995,2026-09-24T08:25:02.092546+00:00
9208,0.45,2026-09-24T08:25:02.092997+00:00
9209,0.443,2026-09-24T08:25:02.093390+00:00
9210,0.5339999999999999,2026-09-24T08:25:02.093900+00:00
9211,0.441,2026-09-24T08:25:02.094321+00:00
9212,0.488,2026-09-24T08:25:02.094788+00:00
9213,0.449,2026-09-24T08:25:02.095216+00:00
9214,0.47800000000000004,2026-09-24T08:25:02.095670+00:00
9215,0.458,2026-09-24T08:25:02.096075+00:00
9216,0.46299999999999997,2026-09-24T08:25:02.096503+00:00
9217,0.462,2026-09-24T08:25:02.096935+00:00
9218,0.46799999999999997,2026-09-24T08:25:02.097352+00:00
9219,0.47300000000000003,2026-09-24T08:25:02.097797+00:00
9220,0.46299999999999997,2026-09-24T08:25:02.098201+00:00
9221,0.462,2026-09-24T08:25:02.098626+00:00
9222,0.462,2026-09-24T08:25:02.099061+00:00
9223,0.482,2026-09-24T08:25:02.099493+00:00
9224,0.501,2026-09-24T08:25:02.099963+00:00
9225,0.458,2026-09-24T08:25:02.100380+00:00
9226,0.455,2026-09-24T08:25:02.100771+00:00
9227,0.46099999999999997,2026-09-24T08:25:02.101180+00:00
9228,0.47,2026-09-24T08:25:02.101616+00:00
9229,0.475,2026-09-24T08:25:02.102071+00:00
9230,0.462,2026-09-24T08:25:02.102459+00:00
9231,0.44,2026-09-24T08:25:02.102882+00:00
9232,0.449,2026-09-24T08:25:02.103268+00:00
9233,0.41800000000000004,2026-09-24T08:25:02.103668+00:00
9234,0.442,2026-09-24T08:25:02.104078+00:00
9235,0.44499999999999995,2026-09-24T08:25:02.104462+00:00
9236,0.451,2026-09-24T08:25:02.104871+00:00
9237,0.43600000000000005,2026-09-24T08:25:02.105268+00:00
9238,0.46099999999999997,2026-09-24T08:25:02.105659+00:00
9239,0.434,2026-09-24T08:25:02.106027+00:00
9240,0.423,2026-09-24T08:25:02.106427+00:00
9241,0.439,2026-09-24T08:25:02.106841+00:00
9242,0.449,2026-09-24T08:25:02.107259+00:00
9243,0.43,2026-09-24T08:25:02.107623+00:00
9244,0.438,2026-09-24T08:25:02.108035+00:00
9245,0.446,2026-09-24T08:25:02.108451+00:00
9246,0.45899999999999996,2026-09-24T08:25:02.108832+00:00
9247,0.39399999999999996,2026-09-24T08:25:02.109209+00:00
9248,0.465,2026-09-24T08:25:02.109656+00:00
9249,0.419,2026-09-24T08:25:02.110010+00:00
9250,0.437,2026-09-24T08:25:02.110440+00:00
9251,0.475,2026-09-24T08:25:02.110863+00:00
9252,0.44499999999999995,2026-09-24T08:25:02.111240+00:00
9253,0.45399999999999996,2026-09-24T08:25:02.111664+00:00
9254,0.449,2026-09-24T08:25:02.112060+00:00
9255,0.45899999999999996,2026-09-24T08:25:02.112496+00:00
9256,0.455,2026-09-24T08:25:02.112910+00:00
9257,0.451,2026-09-24T08:25:02.113337+00:00
9258,0.41,2026-09-24T08:25:02.113691+00:00
9259,0.41800000000000004,2026-09-24T08:25:02.114096+00:00
9260,0.426,2026-09-24T08:25:02.114464+00:00
9261,0.442,2026-09-24T08:25:02.114879+00:00
9262,0.428,2026-09-24T08:25:02.115253+00:00
9263,0.428,2026-09-24T08:25:02.115665+00:00
9264,0.46099999999999997,2026-09-24T08:25:02.116077+00:00
9265,0.456,2026-09-24T08:25:02.116473+00:00
9266,0.47300000000000003,2026-09-24T08:25:02.116895+00:00
9267,0.451,2026-09-24T08:25:02.117321+00:00
9268,0.462,2026-09-24T08:25:02.117726+00:00
9269,0.446,2026-09-24T08:25:02.118150+00:00
9270,0.415,2026-09-24T08:25:02.118548+00:00
9271,0.42700000000000005,2026-09-24T08:25:02.118914+00:00
9272,0.41300000000000003,2026-09-24T08:25:02.119287+00:00
9273,0.429,2026-09-24T08:25:02.119676+00:00
9274,0.425,2026-09-24T08:25:02.120073+00:00
9275,0.43,2026-09-24T08:25:02.120446+00:00
9276,0.455,2026-09-24T08:25:02.120869+00:00
9277,0.424,2026-09-24T08:25:02.121232+00:00
9278,0.423,2026-09-24T08:25:02.121635+00:00
9279,0.433,2026-09-24T08:25:02.122060+00:00
9280,0.491,2026-09-24T08:25:02.122500+00:00
9281,0.44,2026-09-24T08:25:02.122874+00:00
9282,0.43600000000000005,2026-09-24T08:25:02.123290+00:00
9283,0.46799999999999997,2026-09-24T08:25:02.123719+00:00
9284,0.458,2026-09-24T08:25:02.124151+00:00
9285,0.443,2026-09-24T08:25:02.124535+00:00
9286,0.434,2026-09-24T08:25:02.124952+00:00
9287,0.425,2026-09-24T08:25:02.125315+00:00
9288,0.449,2026-09-24T08:25:02.125744+00:00
9289,0.45899999999999996,2026-09-24T08:25:02.126159+00:00
9290,0.465,2026-09-24T08:25:02.126558+00:00
9291,0.453,2026-09-24T08:25:02.126981+00:00
9292,0.45,2026-09-24T08:25:02.127378+00:00
9293,0.44,2026-09-24T08:25:02.127758+00:00
9294,0.431,2026-09-24T08:25:02.128169+00:00
9295,0.457,2026-09-24T08:25:02.128598+00:00
9296,0.446,2026-09-24T08:25:02.129008+00:00
9297,0.417,2026-09-24T08:25:02.129377+00:00
9298,0.444,2026-09-24T08:25:02.129793+00:00
9299,0.422,2026-09-24T08:25:02.130145+00:00
9300,0.41100000000000003,2026-09-24T08:25:02.130494+00:00
9301,0.434,2026-09-24T08:25:02.130899+00:00
9302,0.412,2026-09-24T08:25:02.131263+00:00
9303,0.45399999999999996,2026-09-24T08:25:02.131693+00:00
9304,0.447,2026-09-24T08:25:02.132100+00:00
9305,0.422,2026-09-24T08:25:02.132450+00:00
9306,0.439,2026-09-24T08:25:02.132820+00:00
9307,0.426,2026-09-24T08:25:02.133202+00:00
9308,0.423,2026-09-24T08:25:02.133585+00:00
9309,0.424,2026-09-24T08:25:02.133934+00:00
9310,0.414,2026-09-24T08:25:02.134300+00:00
9311,0.423,2026-09-24T08:25:02.134704+00:00
9312,0.426,2026-09-24T08:25:02.135123+00:00
9313,0.462,2026-09-24T08:25:02.135527+00:00
9314,0.528,2026-09-24T08:25:02.136033+00:00
9315,0.515,2026-09-24T08:25:02.136523+00:00
9316,0.531,2026-09-24T08:25:02.137025+00:00
9317,0.509,2026-09-24T08:25:02.137479+00:00
9318,0.503,2026-09-24T08:25:02.137970+00:00
9319,0.474,2026-09-24T08:25:02.138392+00:00
9320,0.522,2026-09-24T08:25:02.138896+00:00
9321,0.5,2026-09-24T08:25:02.139349+00:00
9322,0.522,2026-09-24T08:25:02.139830+00:00
9323,0.49799999999999994,2026-09-24T08:25:02.140286+00:00
9324,0.507,2026-09-24T08:25:02.140748+00:00
9325,0.434,2026-09-24T08:25:02.141119+00:00
9326,0.47,2026-09-24T08:25:02.141557+00:00
9327,0.46,2026-09-24T08:25:02.141949+00:00
9328,0.46599999999999997,2026-09-24T08:25:02.142382+00:00
9329,0.687,2026-09-24T08:25:02.143020+00:00
9330,0.456,2026-09-24T08:25:02.143450+00:00
9331,0.45,2026-09-24T08:25:02.143871+00:00
9332,0.44,2026-09-24T08:25:02.144254+00:00
9333,0.45199999999999996,2026-09-24T08:25:02.144649+00:00
9334,0.415,2026-09-24T08:25:02.145022+00:00
9335,0.441,2026-09-24T08:25:02.145438+00:00
9336,0.447,2026-09-24T08:25:02.145849+00:00
9337,0.424,2026-09-24T08:25:02.146216+00:00
9338,0.425,2026-09-24T08:25:02.146612+00:00
9339,0.402,2026-09-24T08:25:02.146968+00:00
9340,0.402,2026-09-24T08:25:02.147353+00:00
9341,0.46599999999999997,2026-09-24T08:25:02.147766+00:00
9342,0.415,2026-09-24T08:25:02.148162+00:00
9343,0.428,2026-09-24T08:25:02.148563+00:00
9344,0.439,2026-09-24T08:25:02.148950+00:00
9345,0.432,2026-09-24T08:25:02.149326+00:00
9346,0.433,2026-09-24T08:25:02.149731+00:00
9347,0.438,2026-09-24T08:25:02.150118+00:00
9348,0.423,2026-09-24T08:25:02.150514+00:00
9349,0.41100000000000003,2026-09-24T08:25:02.150864+00:00
9350,0.41,2026-09-24T08:25:02.151243+00:00
9351,0.437,2026-09-24T08:25:02.151621+00:00
9352,0.46099999999999997,2026-09-24T08:25:02.152052+00:00
9353,0.428,2026-09-24T08:25:02.152386+00:00
9354,0.438,2026-09-24T08:25:02.152755+00:00
9355,0.422,2026-09-24T08:25:02.153136+00:00
9356,0.45,2026-09-24T08:25:02.153547+00:00
9357,0.429,2026-09-24T08:25:02.153909+00:00
9358,0.425,2026-09-24T08:25:02.154263+00:00
9359,0.437,2026-09-24T08:25:02.154670+00:00
9360,0.46,2026-09-24T08:25:02.155065+00:00
9361,0.437,2026-09-24T08:25:02.155440+00:00
9362,0.45,2026-09-24T08:25:02.155807+00:00
9363,0.446,2026-09-24T08:25:02.156231+00:00
9364,0.46299999999999997,2026-09-24T08:25:02.156648+00:00
9365,0.417,2026-09-24T08:25:02.157003+00:00
9366,0.41800000000000004,2026-09-24T08:25:02.157399+00:00
9367,0.455,2026-09-24T08:25:02.157825+00:00
9368,0.462,2026-09-24T08:25:02.158262+00:00
9369,0.432,2026-09-24T08:25:02.158616+00:00
9370,0.428,2026-09-24T08:25:02.158979+00:00
9371,0.429,2026-09-24T08:25:02.159344+00:00
9372,0.46799999999999997,2026-09-24T08:25:02.159774+00:00
9373,0.431,2026-09-24T08:25:02.160133+00:00
9374,0.748,2026-09-24T08:25:02.160809+00:00
9375,0.948,2026-09-24T08:25:02.161375+00:00
9376,0.879,2026-09-24T08:25:02.161658+00:00
9377,0.6539999999999999,2026-09-24T08:25:02.161795+00:00
9378,0.527,2026-09-24T08:25:02.162014+00:00
9379,0.536,2026-09-24T08:25:02.162360+00:00
9380,0.764,2026-09-24T08:25:02.162902+00:00
9381,1.416,2026-09-24T08:25:02.163889+00:00
9382,0.643,2026-09-24T08:25:02.164342+00:00
9383,0.558,2026-09-24T08:25:02.164775+00:00
9384,0.558,2026-09-24T08:25:02.165224+00:00
9385,0.499,2026-09-24T08:25:02.165593+00:00
9386,0.5289999999999999,2026-09-24T08:25:02.166006+00:00
9387,0.43600000000000005,2026-09-24T08:25:02.166304+00:00
9388,0.786,2026-09-24T08:25:02.167014+00:00
9389,0.83,2026-09-24T08:25:02.167498+00:00
9390,0.637,2026-09-24T08:25:02.167661+00:00
9391,0.499,2026-09-24T08:25:02.167890+00:00
9392,0.47100000000000003,2026-09-24T08:25:02.168252+00:00
9393,0.45199999999999996,2026-09-24T08:25:02.168599+00:00
9394,0.47100000000000003,2026-09-24T08:25:02.168968+00:00
9395,0.475,2026-09-24T08:25:02.169327+00:00
9396,0.46900000000000003,2026-09-24T08:25:02.169658+00:00
9397,0.549,2026-09-24T08:25:02.170244+00:00
9398,0.815,2026-09-24T08:25:02.170994+00:00
9399,0.678,2026-09-24T08:25:02.171365+00:00
9400,0.596,2026-09-24T08:25:02.171633+00:00
9401,0.522,2026-09-24T08:25:02.171971+00:00
9402,0.467,2026-09-24T08:25:02.172264+00:00
9403,0.495,2026-09-24T08:25:02.172657+00:00
9404,0.41100000000000003,2026-09-24T08:25:02.172950+00:00
9405,0.762,2026-09-24T08:25:02.173637+00:00
9406,0.741,2026-09-24T08:25:02.174014+00:00
9407,0.598,2026-09-24T08:25:02.174265+00:00
9408,0.537,2026-09-24T08:25:02.174640+00:00
9409,1.03,2026-09-24T08:25:02.175709+00:00
9410,0.7240000000000001,2026-09-24T08:25:02.176376+00:00
9411,0.579,2026-09-24T08:25:02.176845+00:00
9412,0.593,2026-09-24T08:25:02.177332+00:00
9413,0.5730000000000001,2026-09-24T08:25:02.177808+00:00
9414,0.499,2026-09-24T08:25:02.178197+00:00
9415,0.48700000000000004,2026-09-24T08:25:02.178592+00:00
9416,0.5469999999999999,2026-09-24T08:25:02.179047+00:00
9417,0.47100000000000003,2026-09-24T08:25:02.179404+00:00
9418,1.057,2026-09-24T08:25:02.180355+00:00
9419,1.606,2026-09-24T08:25:02.181300+00:00
9420,1.371,2026-09-24T08:25:02.181702+00:00
9421,0.9859999999999999,2026-09-24T08:25:02.181836+00:00
9422,0.958,2026-09-24T08:25:02.182612+00:00
9423,0.695,2026-09-24T08:25:02.183291+00:00
9424,0.723,2026-09-24T08:25:02.183942+00:00
9425,0.673,2026-09-24T08:25:02.184578+00:00
9426,0.5670000000000001,2026-09-24T08:25:02.185068+00:00
9427,0.517,2026-09-24T08:25:02.185567+00:00
9428,0.574,2026-09-24T08:25:02.186095+00:00
9429,0.699,2026-09-24T08:25:02.186761+00:00
9430,0.67,2026-09-24T08:25:02.187345+00:00
9431,0.841,2026-09-24T08:25:02.188114+00:00
9432,0.803,2026-09-24T08:25:02.188859+00:00
9433,0.742,2026-09-24T08:25:02.189515+00:00
9434,0.933,2026-09-24T08:25:02.190521+00:00
9435,1.425,2026-09-24T08:25:02.191672+00:00
9436,0.969,2026-09-24T08:25:02.192306+00:00
9437,0.669,2026-09-24T08:25:02.192631+00:00
9438,0.545,2026-09-24T08:25:02.192993+00:00
9439,0.5559999999999999,2026-09-24T08:25:02.193441+00:00
9440,0.554,2026-09-24T08:25:02.193869+00:00
9441,0.525,2026-09-24T08:25:02.194299+00:00
9442,0.506,2026-09-24T08:25:02.194715+00:00
9443,0.5720000000000001,2026-09-24T08:25:02.195211+00:00
9444,0.5339999999999999,2026-09-24T08:25:02.195677+00:00
9445,0.51,2026-09-24T08:25:02.196133+00:00
9446,0.769,2026-09-24T08:25:02.197018+00:00
9447,0.657,2026-09-24T08:25:02.197685+00:00
9448,0.579,2026-09-24T08:25:02.198232+00:00
9449,0.611,2026-09-24T08:25:02.198808+00:00
9450,0.5950000000000001,2026-09-24T08:25:02.199367+00:00
9451,0.8130000000000001,2026-09-24T08:25:02.200143+00:00
9452,0.62,2026-09-24T08:25:02.200579+00:00
9453,0.752,2026-09-24T08:25:02.201261+00:00
9454,0.898,2026-09-24T08:25:02.202159+00:00
9455,0.705,2026-09-24T08:25:02.202835+00:00
9456,0.566,2026-09-24T08:25:02.203369+00:00
9457,0.629,2026-09-24T08:25:02.203966+00:00
9458,0.601,2026-09-24T08:25:02.204648+00:00
9459,0.513,2026-09-24T08:25:02.205149+00:00
9460,0.758,2026-09-24T08:25:02.206013+00:00
9461,0.625,2026-09-24T08:25:02.206667+00:00
9462,0.515,2026-09-24T08:25:02.207184+00:00
9463,0.57,2026-09-24T08:25:02.207761+00:00
9464,0.896,2026-09-24T08:25:02.208643+00:00
9465,0.837,2026-09-24T08:25:02.209171+00:00
9466,0.669,2026-09-24T08:25:02.209726+00:00
9467,0.606,2026-09-24T08:25:02.210304+00:00
9468,0.6769999999999999,2026-09-24T08:25:02.210977+00:00
9469,0.695,2026-09-24T08:25:02.211568+00:00
9470,3.221,2026-09-24T08:25:02.214899+00:00
9471,1.0679999999999998,2026-09-24T08:25:02.215788+00:00
9472,1.961,2026-09-24T08:25:02.217606+00:00
9473,12.27,2026-09-24T08:25:02.229854+00:00
9474,4.555,2026-09-24T08:25:02.234299+00:00
9475,2.462,2026-09-24T08:25:02.236529+00:00
9476,2.807,2026-09-24T08:25:02.239304+00:00
9477,1.596,2026-09-24T08:25:02.241323+00:00
9478,1.26,2026-09-24T08:25:02.242403+00:00
9479,1.879,2026-09-24T08:25:02.244273+00:00
9480,0.967,2026-09-24T08:25:02.245118+00:00
9481,1.1460000000000001,2026-09-24T08:25:02.246486+00:00
9482,0.85,2026-09-24T08:25:02.247380+00:00
9483,0.8059999999999999,2026-09-24T08:25:02.248205+00:00
9484,0.879,2026-09-24T08:25:02.249046+00:00
9485,0.945,2026-09-24T08:25:02.249992+00:00
9486,1.029,2026-09-24T08:25:02.250954+00:00
9487,1.0430000000000001,2026-09-24T08:25:02.251894+00:00
9488,1.044,2026-09-24T08:25:02.252886+00:00
9489,1.106,2026-09-24T08:25:02.253928+00:00
9490,1.028,2026-09-24T08:25:02.254894+00:00
9491,1.057,2026-09-24T08:25:02.255876+00:00
9492,1.1139999999999999,2026-09-24T08:25:02.256922+00:00
9493,1.1360000000000001,2026-09-24T08:25:02.257897+00:00
9494,0.71,2026-09-24T08:25:02.258541+00:00
9495,1.213,2026-09-24T08:25:02.260210+00:00
9496,0.8540000000000001,2026-09-24T08:25:02.261088+00:00
9497,0.737,2026-09-24T08:25:02.261790+00:00
9498,0.6759999999999999,2026-09-24T08:25:02.262452+00:00
9499,0.869,2026-09-24T08:25:02.263296+00:00
9500,0.744,2026-09-24T08:25:02.263824+00:00
9501,0.719,2026-09-24T08:25:02.264437+00:00
9502,0.626,2026-09-24T08:25:02.265088+00:00
9503,0.858,2026-09-24T08:25:02.265947+00:00
9504,0.8009999999999999,2026-09-24T08:25:02.266614+00:00
9505,1.012,2026-09-24T08:25:02.267743+00:00
9506,0.703,2026-09-24T08:25:02.268401+00:00
9507,0.717,2026-09-24T08:25:02.269076+00:00
9508,0.6769999999999999,2026-09-24T08:25:02.269711+00:00
9509,0.674,2026-09-24T08:25:02.270374+00:00
9510,0.721,2026-09-24T08:25:02.271070+00:00
9511,0.6589999999999999,2026-09-24T08:25:02.271665+00:00
9512,0.643,2026-09-24T08:25:02.272290+00:00
9513,0.675,2026-09-24T08:25:02.272946+00:00
9514,0.651,2026-09-24T08:25:02.273590+00:00
9515,0.679,2026-09-24T08:25:02.274258+00:00
9516,0.694,2026-09-24T08:25:02.274914+00:00
9517,0.666,2026-09-24T08:25:02.275568+00:00
9518,0.666,2026-09-24T08:25:02.276230+00:00
9519,0.75,2026-09-24T08:25:02.276939+00:00
9520,0.6920000000000001,2026-09-24T08:25:02.277601+00:00
9521,0.687,2026-09-24T08:25:02.278248+00:00
9522,0.739,2026-09-24T08:25:02.278947+00:00
9523,0.761,2026-09-24T08:25:02.279660+00:00
9524,0.7929999999999999,2026-09-24T08:25:02.280389+00:00
9525,0.739,2026-09-24T08:25:02.281085+00:00
9526,0.6930000000000001,2026-09-24T08:25:02.281710+00:00
9527,0.6669999999999999,2026-09-24T08:25:02.282368+00:00
9528,0.652,2026-09-24T08:25:02.282997+00:00
9529,0.674,2026-09-24T08:25:02.283648+00:00
9530,0.629,2026-09-24T08:25:02.284255+00:00
9531,0.704,2026-09-24T08:25:02.284978+00:00
9532,0.632,2026-09-24T08:25:02.285517+00:00
9533,0.6890000000000001,2026-09-24T08:25:02.286180+00:00
9534,0.683,2026-09-24T08:25:02.286831+00:00
9535,0.678,2026-09-24T08:25:02.287492+00:00
9536,0.666,2026-09-24T08:25:02.288131+00:00
9537,0.7150000000000001,2026-09-24T08:25:02.288797+00:00
9538,0.661,2026-09-24T08:25:02.289424+00:00
9539,0.6970000000000001,2026-09-24T08:25:02.290095+00:00
9540,0.678,2026-09-24T08:25:02.290719+00:00
9541,0.7150000000000001,2026-09-24T08:25:02.291392+00:00
9542,0.66,2026-09-24T08:25:02.292018+00:00
9543,0.661,2026-09-24T08:25:02.292634+00:00
9544,0.6579999999999999,2026-09-24T08:25:02.293267+00:00
9545,0.6819999999999999,2026-09-24T08:25:02.293844+00:00
9546,0.6,2026-09-24T08:25:02.294355+00:00
9547,0.623,2026-09-24T08:25:02.294916+00:00
9548,0.683,2026-09-24T08:25:02.295537+00:00
9549,0.707,2026-09-24T08:25:02.296245+00:00
9550,0.678,2026-09-24T08:25:02.296898+00:00
9551,0.6859999999999999,2026-09-24T08:25:02.297558+00:00
9552,0.64,2026-09-24T08:25:02.298187+00:00
9553,0.655,2026-09-24T08:25:02.298823+00:00
9554,0.633,2026-09-24T08:25:02.299442+00:00
9555,0.707,2026-09-24T08:25:02.300133+00:00
9556,0.651,2026-09-24T08:25:02.300747+00:00
9557,0.635,2026-09-24T08:25:02.301352+00:00
9558,0.712,2026-09-24T08:25:02.302024+00:00
9559,0.65,2026-09-24T08:25:02.302630+00:00
9560,0.6489999999999999,2026-09-24T08:25:02.303261+00:00
9561,0.662,2026-09-24T08:25:02.303894+00:00
9562,0.643,2026-09-24T08:25:02.304510+00:00
9563,0.669,2026-09-24T08:25:02.305159+00:00
9564,0.669,2026-09-24T08:25:02.305781+00:00
9565,0.696,2026-09-24T08:25:02.306455+00:00
9566,0.657,2026-09-24T08:25:02.307084+00:00
9567,0.6130000000000001,2026-09-24T08:25:02.307691+00:00
9568,0.766,2026-09-24T08:25:02.308445+00:00
9569,1.138,2026-09-24T08:25:02.309604+00:00
9570,1.355,2026-09-24T08:25:02.310469+00:00
9571,0.9779999999999999,2026-09-24T08:25:02.310728+00:00
9572,0.846,2026-09-24T08:25:02.311195+00:00
9573,0.674,2026-09-24T08:25:02.311614+00:00
9574,0.764,2026-09-24T08:25:02.312261+00:00
9575,0.723,2026-09-24T08:25:02.312968+00:00
9576,0.717,2026-09-24T08:25:02.313599+00:00
9577,0.6890000000000001,2026-09-24T08:25:02.314293+00:00
9578,0.723,2026-09-24T08:25:02.314950+00:00
9579,0.6719999999999999,2026-09-24T08:25:02.315613+00:00
9580,0.6980000000000001,2026-09-24T08:25:02.316275+00:00
9581,0.69,2026-09-24T08:25:02.316953+00:00
9582,0.6719999999999999,2026-09-24T08:25:02.317570+00:00
9583,0.784,2026-09-24T08:25:02.318339+00:00
9584,0.726,2026-09-24T08:25:02.319010+00:00
9585,0.637,2026-09-24T08:25:02.319607+00:00
9586,0.891,2026-09-24T08:25:02.320881+00:00
9587,0.78,2026-09-24T08:25:02.321546+00:00
9588,0.766,2026-09-24T08:25:02.322270+00:00
9589,1.09,2026-09-24T08:25:02.323269+00:00
9590,0.848,2026-09-24T08:25:02.324110+00:00
9591,0.732,2026-09-24T08:25:02.324783+00:00
9592,0.707,2026-09-24T08:25:02.325442+00:00
9593,0.815,2026-09-24T08:25:02.326170+00:00
9594,1.317,2026-09-24T08:25:02.327705+00:00
9595,1.053,2026-09-24T08:25:02.328644+00:00
9596,1.339,2026-09-24T08:25:02.329891+00:00
9597,0.9650000000000001,2026-09-24T08:25:02.330823+00:00
9598,0.753,2026-09-24T08:25:02.331387+00:00
9599,0.7150000000000001,2026-09-24T08:25:02.332065+00:00
9600,0.717,2026-09-24T08:25:02.332744+00:00
9601,0.7150000000000001,2026-09-24T08:25:02.333405+00:00
9602,0.665,2026-09-24T08:25:02.334041+00:00
9603,0.684,2026-09-24T08:25:02.334678+00:00
9604,0.629,2026-09-24T08:25:02.335287+00:00
9605,0.62,2026-09-24T08:25:02.335877+00:00
9606,0.622,2026-09-24T08:25:02.336464+00:00
9607,0.731,2026-09-24T08:25:02.337162+00:00
9608,0.873,2026-09-24T08:25:02.338044+00:00
9609,0.704,2026-09-24T08:25:02.338710+00:00
9610,0.753,2026-09-24T08:25:02.339397+00:00
9611,0.79,2026-09-24T08:25:02.340084+00:00
9612,0.7020000000000001,2026-09-24T08:25:02.340764+00:00
9613,0.719,2026-09-24T08:25:02.341398+00:00
9614,0.6679999999999999,2026-09-24T08:25:02.342037+00:00
9615,0.85,2026-09-24T08:25:02.342814+00:00
9616,0.773,2026-09-24T08:25:02.343348+00:00
9617,0.755,2026-09-24T08:25:02.343920+00:00
9618,1.338,2026-09-24T08:25:02.345198+00:00
9619,1.7049999999999998,2026-09-24T08:25:02.346717+00:00
9620,1.028,2026-09-24T08:25:02.347770+00:00
9621,0.664,2026-09-24T08:25:02.348463+00:00
9622,0.646,2026-09-24T08:25:02.349038+00:00
9623,0.848,2026-09-24T08:25:02.349810+00:00
9624,0.92,2026-09-24T08:25:02.350391+00:00
9625,0.808,2026-09-24T08:25:02.350762+00:00
9626,0.648,2026-09-24T08:25:02.351139+00:00
9627,0.546,2026-09-24T08:25:02.351499+00:00
9628,0.589,2026-09-24T08:25:02.351973+00:00
9629,0.8,2026-09-24T08:25:02.352644+00:00
9630,0.536,2026-09-24T08:25:02.353076+00:00
9631,0.5680000000000001,2026-09-24T08:25:02.353528+00:00
9632,0.713,2026-09-24T08:25:02.354085+00:00
9633,0.669,2026-09-24T08:25:02.354747+00:00
9634,0.644,2026-09-24T08:25:02.355319+00:00
9635,0.638,2026-09-24T08:25:02.355941+00:00
9636,0.61,2026-09-24T08:25:02.356479+00:00
9637,0.673,2026-09-24T08:25:02.357130+00:00
9638,0.544,2026-09-24T08:25:02.357738+00:00
9639,0.5770000000000001,2026-09-24T08:25:02.358239+00:00
9640,0.5680000000000001,2026-09-24T08:25:02.358765+00:00
9641,0.566,2026-09-24T08:25:02.359298+00:00
9642,0.5609999999999999,2026-09-24T08:25:02.359821+00:00
9643,0.5860000000000001,2026-09-24T08:25:02.360387+00:00
9644,0.972,2026-09-24T08:25:02.361339+00:00
9645,0.761,2026-09-24T08:25:02.361774+00:00
9646,0.5630000000000001,2026-09-24T08:25:02.362085+00:00
9647,0.7110000000000001,2026-09-24T08:25:02.362682+00:00
9648,0.7380000000000001,2026-09-24T08:25:02.363259+00:00
9649,1.23,2026-09-24T08:25:02.364263+00:00
9650,1.574,2026-09-24T08:25:02.365274+00:00
9651,0.861,2026-09-24T08:25:02.365767+00:00
9652,0.601,2026-09-24T08:25:02.366113+00:00
9653,0.549,2026-09-24T08:25:02.366493+00:00
9654,0.533,2026-09-24T08:25:02.366931+00:00
9655,0.48899999999999993,2026-09-24T08:25:02.367400+00:00
9656,0.503,2026-09-24T08:25:02.367888+00:00
9657,0.458,2026-09-24T08:25:02.368321+00:00
9658,0.467,2026-09-24T08:25:02.368723+00:00
9659,0.45,2026-09-24T08:25:02.369165+00:00
9660,4.254,2026-09-24T08:25:02.373365+00:00
9661,0.953,2026-09-24T08:25:02.374376+00:00
9662,1.018,2026-09-24T08:25:02.375352+00:00
9663,0.949,2026-09-24T08:25:02.376322+00:00
9664,0.985,2026-09-24T08:25:02.377227+00:00
9665,0.9600000000000001,2026-09-24T08:25:02.378195+00:00
9666,1.28,2026-09-24T08:25:02.379405+00:00
9667,1.1789999999999998,2026-09-24T08:25:02.380340+00:00
9668,0.9940000000000001,2026-09-24T08:25:02.381276+00:00
9669,2.033,2026-09-24T08:25:02.383312+00:00
9670,1.1460000000000001,2026-09-24T08:25:02.384336+00:00
9671,0.964,2026-09-24T08:25:02.385039+00:00
9672,0.894,2026-09-24T08:25:02.385797+00:00
9673,0.819,2026-09-24T08:25:02.386452+00:00
9674,0.791,2026-09-24T08:25:02.387199+00:00
9675,0.745,2026-09-24T08:25:02.387853+00:00
9676,0.777,2026-09-24T08:25:02.388544+00:00
9677,0.772,2026-09-24T08:25:02.389121+00:00
9678,0.695,2026-09-24T08:25:02.389676+00:00
9679,0.737,2026-09-24T08:25:02.390346+00:00
9680,0.734,2026-09-24T08:25:02.390987+00:00
9681,0.734,2026-09-24T08:25:02.391642+00:00
9682,0.669,2026-09-24T08:25:02.392205+00:00
9683,0.713,2026-09-24T08:25:02.392822+00:00
9684,0.752,2026-09-24T08:25:02.393489+00:00
9685,0.732,2026-09-24T08:25:02.394119+00:00
9686,0.846,2026-09-24T08:25:02.394899+00:00
9687,0.782,2026-09-24T08:25:02.395577+00:00
9688,0.86,2026-09-24T08:25:02.396351+00:00
9689,0.7240000000000001,2026-09-24T08:25:02.396984+00:00
9690,0.757,2026-09-24T08:25:02.397657+00:00
9691,0.6890000000000001,2026-09-24T08:25:02.398263+00:00
9692,0.745,2026-09-24T08:25:02.398928+00:00
9693,0.742,2026-09-24T08:25:02.399581+00:00
9694,0.756,2026-09-24T08:25:02.400273+00:00
9695,0.684,2026-09-24T08:25:02.400862+00:00
9696,0.641,2026-09-24T08:25:02.401450+00:00
9697,0.727,2026-09-24T08:25:02.402104+00:00
9698,0.675,2026-09-24T08:25:02.402703+00:00
9699,0.636,2026-09-24T08:25:02.403266+00:00
9700,0.601,2026-09-24T08:25:02.403788+00:00
9701,0.608,2026-09-24T08:25:02.404327+00:00
9702,0.5910000000000001,2026-09-24T08:25:02.404851+00:00
9703,0.546,2026-09-24T08:25:02.405377+00:00
9704,0.635,2026-09-24T08:25:02.405954+00:00
9705,0.633,2026-09-24T08:25:02.406533+00:00
9706,0.749,2026-09-24T08:25:02.407390+00:00
9707,0.5670000000000001,2026-09-24T08:25:02.408015+00:00
9708,0.544,2026-09-24T08:25:02.408538+00:00
9709,0.869,2026-09-24T08:25:02.409454+00:00
9710,0.7380000000000001,2026-09-24T08:25:02.410114+00:00
9711,0.6629999999999999,2026-09-24T08:25:02.410702+00:00
9712,0.7879999999999999,2026-09-24T08:25:02.411426+00:00
9713,0.8130000000000001,2026-09-24T08:25:02.412365+00:00
9714,0.592,2026-09-24T08:25:02.413056+00:00
9715,0.553,2026-09-24T08:25:02.413676+00:00
9716,0.5680000000000001,2026-09-24T08:25:02.414308+00:00
9717,0.55,2026-09-24T08:25:02.414894+00:00
9718,0.47100000000000003,2026-09-24T08:25:02.415328+00:00
9719,0.644,2026-09-24T08:25:02.416115+00:00
9720,0.601,2026-09-24T08:25:02.416702+00:00
9721,0.45899999999999996,2026-09-24T08:25:02.417132+00:00
9722,0.432,2026-09-24T08:25:02.417553+00:00
9723,0.437,2026-09-24T08:25:02.417940+00:00
9724,0.495,2026-09-24T08:25:02.418394+00:00
9725,0.483,2026-09-24T08:25:02.418807+00:00
9726,0.40900000000000003,2026-09-24T08:25:02.419203+00:00
9727,0.49700000000000005,2026-09-24T08:25:02.419658+00:00
9728,0.415,2026-09-24T08:25:02.419980+00:00
9729,0.392,2026-09-24T08:25:02.420303+00:00
9730,0.428,2026-09-24T08:25:02.420681+00:00
9731,0.42700000000000005,2026-09-24T08:25:02.421056+00:00
9732,0.41800000000000004,2026-09-24T08:25:02.421422+00:00
9733,0.45,2026-09-24T08:25:02.421799+00:00
9734,0.408,2026-09-24T08:25:02.422134+00:00
9735,0.429,2026-09-24T08:25:02.422513+00:00
9736,0.39399999999999996,2026-09-24T08:25:02.422802+00:00
9737,0.406,2026-09-24T08:25:02.423157+00:00
9738,0.424,2026-09-24T08:25:02.423555+00:00
9739,0.41300000000000003,2026-09-24T08:25:02.423904+00:00
9740,0.448,2026-09-24T08:25:02.424327+00:00
9741,0.544,2026-09-24T08:25:02.424822+00:00
9742,0.546,2026-09-24T08:25:02.425356+00:00
9743,0.5,2026-09-24T08:25:02.425852+00:00
9744,0.5609999999999999,2026-09-24T08:25:02.426405+00:00
9745,0.544,2026-09-24T08:25:02.426905+00:00
9746,0.474,2026-09-24T08:25:02.427327+00:00
9747,0.517,2026-09-24T08:25:02.427827+00:00
9748,0.506,2026-09-24T08:25:02.428282+00:00
9749,0.549,2026-09-24T08:25:02.428782+00:00
9750,0.49299999999999994,2026-09-24T08:25:02.429266+00:00
9751,0.5429999999999999,2026-09-24T08:25:02.429767+00:00
9752,0.49,2026-09-24T08:25:02.430240+00:00
9753,0.527,2026-09-24T08:25:02.430745+00:00
9754,0.446,2026-09-24T08:25:02.431174+00:00
9755,0.457,2026-09-24T08:25:02.431614+00:00
9756,0.47600000000000003,2026-09-24T08:25:02.432029+00:00
9757,0.462,2026-09-24T08:25:02.432441+00:00
9758,0.47,2026-09-24T08:25:02.432864+00:00
9759,0.453,2026-09-24T08:25:02.433316+00:00
9760,0.46799999999999997,2026-09-24T08:25:02.433766+00:00
9761,0.429,2026-09-24T08:25:02.434168+00:00
9762,0.465,2026-09-24T08:25:02.434606+00:00
9763,0.457,2026-09-24T08:25:02.435027+00:00
9764,0.419,2026-09-24T08:25:02.435442+00:00
9765,0.49200000000000005,2026-09-24T08:25:02.435881+00:00
9766,0.46599999999999997,2026-09-24T08:25:02.436294+00:00
9767,0.456,2026-09-24T08:25:02.436699+00:00
9768,0.446,2026-09-24T08:25:02.437129+00:00
9769,0.644,2026-09-24T08:25:02.437746+00:00
9770,0.42700000000000005,2026-09-24T08:25:02.438160+00:00
9771,0.51,2026-09-24T08:25:02.438632+00:00
9772,0.46,2026-09-24T08:25:02.439027+00:00
9773,0.488,2026-09-24T08:25:02.439481+00:00
9774,0.475,2026-09-24T08:25:02.439902+00:00
9775,0.44,2026-09-24T08:25:02.440294+00:00
9776,0.434,2026-09-24T08:25:02.440702+00:00
9777,0.406,2026-09-24T08:25:02.441095+00:00
9778,0.43600000000000005,2026-09-24T08:25:02.441511+00:00
9779,0.46799999999999997,2026-09-24T08:25:02.441941+00:00
9780,0.45399999999999996,2026-09-24T08:25:02.442355+00:00
9781,0.475,2026-09-24T08:25:02.442798+00:00
9782,0.47800000000000004,2026-09-24T08:25:02.443236+00:00
9783,0.472,2026-09-24T08:25:02.443655+00:00
9784,0.47100000000000003,2026-09-24T08:25:02.444080+00:00
9785,0.495,2026-09-24T08:25:02.444538+00:00
9786,0.536,2026-09-24T08:25:02.444989+00:00
9787,0.597,2026-09-24T08:25:02.445517+00:00
9788,0.555,2026-09-24T08:25:02.446025+00:00
9789,0.666,2026-09-24T08:25:02.446666+00:00
9790,0.62,2026-09-24T08:25:02.447146+00:00
9791,0.5479999999999999,2026-09-24T08:25:02.447621+00:00
9792,0.521,2026-09-24T08:25:02.448108+00:00
9793,0.499,2026-09-24T08:25:02.448598+00:00
9794,0.482,2026-09-24T08:25:02.449066+00:00
9795,0.506,2026-09-24T08:25:02.449549+00:00
9796,0.562,2026-09-24T08:25:02.450051+00:00
9797,0.525,2026-09-24T08:25:02.450534+00:00
9798,0.491,2026-09-24T08:25:02.451009+00:00
9799,0.47,2026-09-24T08:25:02.451443+00:00
9800,0.465,2026-09-24T08:25:02.451922+00:00
9801,0.528,2026-09-24T08:25:02.452461+00:00
9802,0.503,2026-09-24T08:25:02.452933+00:00
9803,0.483,2026-09-24T08:25:02.453422+00:00
9804,0.524,2026-09-24T08:25:02.453905+00:00
9805,0.472,2026-09-24T08:25:02.454344+00:00
9806,0.5339999999999999,2026-09-24T08:25:02.454852+00:00
9807,0.499,2026-09-24T08:25:02.455337+00:00
9808,1.05,2026-09-24T08:25:02.456379+00:00
9809,1.281,2026-09-24T08:25:02.457214+00:00
9810,0.88,2026-09-24T08:25:02.457873+00:00
9811,0.758,2026-09-24T08:25:02.458430+00:00
9812,0.7240000000000001,2026-09-24T08:25:02.458952+00:00
9813,0.683,2026-09-24T08:25:02.459459+00:00
9814,0.6809999999999999,2026-09-24T08:25:02.459899+00:00
9815,0.606,2026-09-24T08:25:02.460273+00:00
9816,0.742,2026-09-24T08:25:02.460878+00:00
9817,1.0050000000000001,2026-09-24T08:25:02.461940+00:00
9818,1.123,2026-09-24T08:25:02.462974+00:00
9819,0.67,2026-09-24T08:25:02.463555+00:00
9820,0.627,2026-09-24T08:25:02.464127+00:00
9821,0.607,2026-09-24T08:25:02.464662+00:00
9822,0.587,2026-09-24T08:25:02.465211+00:00
9823,0.575,2026-09-24T08:25:02.465742+00:00
9824,0.601,2026-09-24T08:25:02.466275+00:00
9825,0.536,2026-09-24T08:25:02.466729+00:00
9826,0.5289999999999999,2026-09-24T08:25:02.467211+00:00
9827,0.533,2026-09-24T08:25:02.467672+00:00
9828,0.5569999999999999,2026-09-24T08:25:02.468292+00:00
9829,0.812,2026-09-24T08:25:02.469069+00:00
9830,1.38,2026-09-24T08:25:02.470132+00:00
9831,1.0219999999999998,2026-09-24T08:25:02.470583+00:00
9832,0.9169999999999999,2026-09-24T08:25:02.471381+00:00
9833,0.671,2026-09-24T08:25:02.471957+00:00
9834,0.607,2026-09-24T08:25:02.472521+00:00
9835,0.6130000000000001,2026-09-24T08:25:02.473075+00:00
9836,0.58,2026-09-24T08:25:02.473616+00:00
9837,0.5770000000000001,2026-09-24T08:25:02.474116+00:00
9838,0.58,2026-09-24T08:25:02.474663+00:00
9839,0.549,2026-09-24T08:25:02.475125+00:00
9840,0.5469999999999999,2026-09-24T08:25:02.475634+00:00
9841,0.549,2026-09-24T08:25:02.476107+00:00
9842,0.592,2026-09-24T08:25:02.476667+00:00
9843,0.549,2026-09-24T08:25:02.477181+00:00
9844,0.531,2026-09-24T08:25:02.477696+00:00
9845,0.549,2026-09-24T08:25:02.478174+00:00
9846,0.55,2026-09-24T08:25:02.478695+00:00
9847,0.5429999999999999,2026-09-24T08:25:02.479178+00:00
9848,0.5339999999999999,2026-09-24T08:25:02.479686+00:00
9849,0.5559999999999999,2026-09-24T08:25:02.480179+00:00
9850,0.533,2026-09-24T08:25:02.480679+00:00
9851,0.512,2026-09-24T08:25:02.481159+00:00
9852,0.531,2026-09-24T08:25:02.481663+00:00
9853,0.545,2026-09-24T08:25:02.482140+00:00
9854,0.519,2026-09-24T08:25:02.482594+00:00
9855,0.522,2026-09-24T08:25:02.483066+00:00
9856,0.5289999999999999,2026-09-24T08:25:02.483568+00:00
9857,0.5609999999999999,2026-09-24T08:25:02.484079+00:00
9858,0.518,2026-09-24T08:25:02.484511+00:00
9859,3.074,2026-09-24T08:25:02.487555+00:00
9860,1.1039999999999999,2026-09-24T08:25:02.488243+00:00
9861,0.821,2026-09-24T08:25:02.488478+00:00
9862,0.708,2026-09-24T08:25:02.488893+00:00
9863,0.5419999999999999,2026-09-24T08:25:02.489216+00:00
9864,0.58,2026-09-24T08:25:02.489727+00:00
9865,0.5519999999999999,2026-09-24T08:25:02.490207+00:00
9866,0.5479999999999999,2026-09-24T08:25:02.490713+00:00
9867,0.527,2026-09-24T08:25:02.491162+00:00
9868,0.5109999999999999,2026-09-24T08:25:02.491583+00:00
9869,0.533,2026-09-24T08:25:02.492054+00:00
9870,0.521,2026-09-24T08:25:02.492538+00:00
9871,0.515,2026-09-24T08:25:02.492993+00:00
9872,0.49700000000000005,2026-09-24T08:25:02.493469+00:00
9873,0.593,2026-09-24T08:25:02.493981+00:00
9874,0.507,2026-09-24T08:25:02.494327+00:00
9875,0.535,2026-09-24T08:25:02.494754+00:00
9876,0.503,2026-09-24T08:25:02.495205+00:00
9877,0.526,2026-09-24T08:25:02.495687+00:00
9878,0.549,2026-09-24T08:25:02.496213+00:00
9879,0.535,2026-09-24T08:25:02.496650+00:00
9880,0.562,2026-09-24T08:25:02.497144+00:00
9881,0.522,2026-09-24T08:25:02.497610+00:00
9882,0.518,2026-09-24T08:25:02.498060+00:00
9883,0.5680000000000001,2026-09-24T08:25:02.498551+00:00
9884,0.5339999999999999,2026-09-24T08:25:02.498994+00:00
9885,0.549,2026-09-24T08:25:02.499506+00:00
9886,0.527,2026-09-24T08:25:02.499962+00:00
9887,0.494,2026-09-24T08:25:02.500388+00:00
9888,3.615,2026-09-24T08:25:02.503938+00:00
9889,0.6759999999999999,2026-09-24T08:25:02.504621+00:00
9890,0.825,2026-09-24T08:25:02.505594+00:00
9891,0.642,2026-09-24T08:25:02.506252+00:00
9892,0.608,2026-09-24T08:25:02.506827+00:00
9893,0.612,2026-09-24T08:25:02.507380+00:00
9894,0.6669999999999999,2026-09-24T08:25:02.507988+00:00
9895,0.6040000000000001,2026-09-24T08:25:02.508539+00:00
9896,0.611,2026-09-24T08:25:02.509114+00:00
9897,0.596,2026-09-24T08:25:02.509652+00:00
9898,0.5609999999999999,2026-09-24T08:25:02.510157+00:00
9899,0.57,2026-09-24T08:25:02.510713+00:00
9900,0.597,2026-09-24T08:25:02.511247+00:00
9901,0.623,2026-09-24T08:25:02.511831+00:00
9902,0.5900000000000001,2026-09-24T08:25:02.512395+00:00
9903,0.614,2026-09-24T08:25:02.512946+00:00
9904,0.574,2026-09-24T08:25:02.513459+00:00
9905,0.594,2026-09-24T08:25:02.514027+00:00
9906,0.594,2026-09-24T08:25:02.514551+00:00
9907,0.642,2026-09-24T08:25:02.515166+00:00
9908,0.945,2026-09-24T08:25:02.516010+00:00
9909,0.9079999999999999,2026-09-24T08:25:02.516613+00:00
9910,0.8109999999999999,2026-09-24T08:25:02.517176+00:00
9911,0.829,2026-09-24T08:25:02.517936+00:00
9912,0.824,2026-09-24T08:25:02.518656+00:00
9913,0.8170000000000001,2026-09-24T08:25:02.519406+00:00
9914,0.8400000000000001,2026-09-24T08:25:02.520175+00:00
9915,0.795,2026-09-24T08:25:02.520877+00:00
9916,0.79,2026-09-24T08:25:02.521601+00:00
9917,0.815,2026-09-24T08:25:02.522299+00:00
9918,0.787,2026-09-24T08:25:02.522955+00:00
9919,0.748,2026-09-24T08:25:02.523675+00:00
9920,0.821,2026-09-24T08:25:02.524372+00:00
9921,0.9179999999999999,2026-09-24T08:25:02.525238+00:00
9922,0.912,2026-09-24T08:25:02.526096+00:00
9923,0.877,2026-09-24T08:25:02.526870+00:00
9924,0.86,2026-09-24T08:25:02.527653+00:00
9925,0.853,2026-09-24T08:25:02.528430+00:00
9926,0.851,2026-09-24T08:25:02.529192+00:00
9927,0.876,2026-09-24T08:25:02.529995+00:00
9928,0.7739999999999999,2026-09-24T08:25:02.530669+00:00
9929,0.8140000000000001,2026-09-24T08:25:02.531450+00:00
9930,0.8350000000000001,2026-09-24T08:25:02.532150+00:00
9931,0.838,2026-09-24T08:25:02.532945+00:00
9932,1.358,2026-09-24T08:25:02.534250+00:00
9933,0.7699999999999999,2026-09-24T08:25:02.534811+00:00
9934,0.758,2026-09-24T08:25:02.535457+00:00
9935,0.737,2026-09-24T08:25:02.536129+00:00
9936,0.656,2026-09-24T08:25:02.536745+00:00
9937,0.66,2026-09-24T08:25:02.537328+00:00
9938,0.6930000000000001,2026-09-24T08:25:02.537983+00:00
9939,0.66,2026-09-24T08:25:02.538566+00:00
9940,0.624,2026-09-24T08:25:02.539166+00:00
9941,0.6769999999999999,2026-09-24T08:25:02.539776+00:00
9942,0.653,2026-09-24T08:25:02.540399+00:00
9943,0.6849999999999999,2026-09-24T08:25:02.541036+00:00
9944,0.637,2026-09-24T08:25:02.541632+00:00
9945,0.708,2026-09-24T08:25:02.542286+00:00
9946,0.641,2026-09-24T08:25:02.542814+00:00
9947,0.6040000000000001,2026-09-24T08:25:02.543334+00:00
9948,0.6819999999999999,2026-09-24T08:25:02.543973+00:00
9949,0.6970000000000001,2026-09-24T08:25:02.544626+00:00
9950,0.723,2026-09-24T08:25:02.545267+00:00
9951,0.7,2026-09-24T08:25:02.545864+00:00
9952,0.679,2026-09-24T08:25:02.546518+00:00
9953,0.6759999999999999,2026-09-24T08:25:02.547146+00:00
9954,0.639,2026-09-24T08:25:02.547693+00:00
9955,0.626,2026-09-24T08:25:02.548291+00:00
9956,0.633,2026-09-24T08:25:02.548858+00:00
9957,0.622,2026-09-24T08:25:02.549461+00:00
9958,0.594,2026-09-24T08:25:02.549972+00:00
9959,0.734,2026-09-24T08:25:02.550676+00:00
9960,0.587,2026-09-24T08:25:02.551242+00:00
9961,0.5950000000000001,2026-09-24T08:25:02.551752+00:00
9962,0.64,2026-09-24T08:25:02.552367+00:00
9963,0.671,2026-09-24T08:25:02.552947+00:00
9964,0.666,2026-09-24T08:25:02.553567+00:00
9965,0.6449999999999999,2026-09-24T08:25:02.554134+00:00
9966,0.68,2026-09-24T08:25:02.554791+00:00
9967,0.6489999999999999,2026-09-24T08:25:02.555364+00:00
9968,0.9859999999999999,2026-09-24T08:25:02.556685+00:00
9969,0.778,2026-09-24T08:25:02.557541+00:00
9970,0.664,2026-09-24T08:25:02.558197+00:00
9971,0.875,2026-09-24T08:25:02.559213+00:00
9972,0.695,2026-09-24T08:25:02.559921+00:00
9973,0.607,2026-09-24T08:25:02.560489+00:00
9974,0.599,2026-09-24T08:25:02.561052+00:00
9975,0.627,2026-09-24T08:25:02.561634+00:00
9976,0.612,2026-09-24T08:25:02.562240+00:00
9977,0.6589999999999999,2026-09-24T08:25:02.562836+00:00
9978,0.6669999999999999,2026-09-24T08:25:02.563462+00:00
9979,0.674,2026-09-24T08:25:02.564036+00:00
9980,0.637,2026-09-24T08:25:02.564646+00:00
9981,0.816,2026-09-24T08:25:02.565436+00:00
9982,0.6539999999999999,2026-09-24T08:25:02.565802+00:00
9983,0.638,2026-09-24T08:25:02.566294+00:00
9984,0.641,2026-09-24T08:25:02.566842+00:00
9985,0.647,2026-09-24T08:25:02.567437+00:00
9986,0.646,2026-09-24T08:25:02.568019+00:00
9987,0.678,2026-09-24T08:25:02.568650+00:00
9988,0.653,2026-09-24T08:25:02.569254+00:00
9989,0.6719999999999999,2026-09-24T08:25:02.569880+00:00
9990,0.614,2026-09-24T08:25:02.570387+00:00
9991,0.652,2026-09-24T08:25:02.571001+00:00
9992,0.615,2026-09-24T08:25:02.571545+00:00
9993,0.616,2026-09-24T08:25:02.572136+00:00
9994,0.629,2026-09-24T08:25:02.572693+00:00
9995,0.601,2026-09-24T08:25:02.573252+00:00
9996,0.638,2026-09-24T08:25:02.573819+00:00
9997,0.6859999999999999,2026-09-24T08:25:02.574462+00:00
9998,0.651,2026-09-24T08:25:02.575000+00:00
9999,0.635,2026-09-24T08:25:02.575593+00:00
10000,0.661,2026-09-24T08:25:02.576177+00:00
10001,0.6489999999999999,2026-09-24T08:25:02.576799+00:00
10002,0.61,2026-09-24T08:25:02.577383+00:00
10003,0.762,2026-09-24T08:25:02.578115+00:00
10004,0.71,2026-09-24T08:25:02.578551+00:00
10005,0.5630000000000001,2026-09-24T08:25:02.578876+00:00
10006,0.549,2026-09-24T08:25:02.579379+00:00
10007,0.558,2026-09-24T08:25:02.579838+00:00
10008,0.703,2026-09-24T08:25:02.580496+00:00
10009,0.5199999999999999,2026-09-24T08:25:02.580845+00:00
10010,0.705,2026-09-24T08:25:02.581474+00:00
