seq,latency_ms,received_at
11,0.583,2026-09-24T08:32:27.709685+00:00
12,0.592,2026-09-24T08:32:27.710720+00:00
13,0.541,2026-09-24T08:32:27.711664+00:00
14,0.58,2026-09-24T08:32:27.712666+00:00
15,0.527,2026-09-24T08:32:27.713630+00:00
16,0.7879999999999999,2026-09-24T08:32:27.714994+00:00
17,0.5680000000000001,2026-09-24T08:32:27.716372+00:00
18,0.5569999999999999,2026-09-24T08:32:27.717356+00:00
19,0.535,2026-09-24T08:32:27.718326+00:00
20,0.505,2026-09-24T08:32:27.719297+00:00
21,0.519,2026-09-24T08:32:27.720279+00:00
22,0.5559999999999999,2026-09-24T08:32:27.721269+00:00
23,0.528,2026-09-24T08:32:27.722232+00:00
24,0.5479999999999999,2026-09-24T08:32:27.723196+00:00
25,0.5109999999999999,2026-09-24T08:32:27.724136+00:00
26,0.545,2026-09-24T08:32:27.725141+00:00
27,0.626,2026-09-24T08:32:27.726191+00:00
28,0.555,2026-09-24T08:32:27.727178+00:00
29,0.555,2026-09-24T08:32:27.728169+00:00
30,0.5509999999999999,2026-09-24T08:32:27.729160+00:00
31,0.545,2026-09-24T08:32:27.730252+00:00
32,0.48899999999999993,2026-09-24T08:32:27.731187+00:00
33,0.63,2026-09-24T08:32:27.732312+00:00
34,0.541,2026-09-24T08:32:27.733304+00:00
35,0.496,2026-09-24T08:32:27.734220+00:00
36,0.5419999999999999,2026-09-24T08:32:27.735204+00:00
37,0.526,2026-09-24T08:32:27.736160+00:00
38,0.515,2026-09-24T08:32:27.737125+00:00
39,0.518,2026-09-24T08:32:27.738073+00:00
40,0.496,2026-09-24T08:32:27.739051+00:00
41,0.5599999999999999,2026-09-24T08:32:27.740387+00:00
42,0.531,2026-09-24T08:32:27.741372+00:00
43,0.558,2026-09-24T08:32:27.742385+00:00
44,0.8270000000000001,2026-09-24T08:32:27.743697+00:00
45,0.7150000000000001,2026-09-24T08:32:27.744582+00:00
46,0.655,2026-09-24T08:32:27.745659+00:00
47,0.636,2026-09-24T08:32:27.746647+00:00
48,0.62,2026-09-24T08:32:27.747667+00:00
49,0.62,2026-09-24T08:32:27.748660+00:00
50,0.624,2026-09-24T08:32:27.749644+00:00
51,0.635,2026-09-24T08:32:27.750663+00:00
52,0.636,2026-09-24T08:32:27.751676+00:00
53,0.634,2026-09-24T08:32:27.752673+00:00
54,0.612,2026-09-24T08:32:27.753663+00:00
55,0.637,2026-09-24T08:32:27.754642+00:00
56,0.617,2026-09-24T08:32:27.755643+00:00
57,0.647,2026-09-24T08:32:27.756659+00:00
58,0.494,2026-09-24T08:32:27.757536+00:00
59,0.472,2026-09-24T08:32:27.758460+00:00
60,0.483,2026-09-24T08:32:27.759483+00:00
61,0.48700000000000004,2026-09-24T08:32:27.760545+00:00
62,0.905,2026-09-24T08:32:27.762134+00:00
63,0.7,2026-09-24T08:32:27.763439+00:00
64,0.873,2026-09-24T08:32:27.764936+00:00
65,0.939,2026-09-24T08:32:27.766806+00:00
66,0.911,2026-09-24T08:32:27.768471+00:00
67,0.748,2026-09-24T08:32:27.769877+00:00
68,0.6679999999999999,2026-09-24T08:32:27.771134+00:00
69,0.63,2026-09-24T08:32:27.772348+00:00
70,0.652,2026-09-24T08:32:27.773644+00:00
71,0.665,2026-09-24T08:32:27.774954+00:00
72,0.7010000000000001,2026-09-24T08:32:27.776375+00:00
73,0.661,2026-09-24T08:32:27.777622+00:00
74,0.635,2026-09-24T08:32:27.778862+00:00
75,0.629,2026-09-24T08:32:27.780095+00:00
76,0.805,2026-09-24T08:32:27.784721+00:00
77,0.703,2026-09-24T08:32:27.786140+00:00
78,0.614,2026-09-24T08:32:27.787321+00:00
79,0.5479999999999999,2026-09-24T08:32:27.788422+00:00
80,0.61,2026-09-24T08:32:27.789779+00:00
81,0.646,2026-09-24T08:32:27.790951+00:00
82,0.571,2026-09-24T08:32:27.792041+00:00
83,0.5289999999999999,2026-09-24T08:32:27.793086+00:00
84,0.549,2026-09-24T08:32:27.794195+00:00
85,0.533,2026-09-24T08:32:27.795366+00:00
86,0.6040000000000001,2026-09-24T08:32:27.796642+00:00
87,0.5640000000000001,2026-09-24T08:32:27.797735+00:00
88,0.596,2026-09-24T08:32:27.798824+00:00
89,0.559,2026-09-24T08:32:27.800192+00:00
90,0.558,2026-09-24T08:32:27.801298+00:00
91,0.566,2026-09-24T08:32:27.802535+00:00
92,0.615,2026-09-24T08:32:27.803691+00:00
93,0.648,2026-09-24T08:32:27.804900+00:00
94,0.58,2026-09-24T08:32:27.806038+00:00
95,0.5730000000000001,2026-09-24T08:32:27.807153+00:00
96,0.5860000000000001,2026-09-24T08:32:27.808279+00:00
97,0.732,2026-09-24T08:32:27.809503+00:00
98,0.5820000000000001,2026-09-24T08:32:27.810480+00:00
99,0.615,2026-09-24T08:32:27.811536+00:00
100,0.58,2026-09-24T08:32:27.812609+00:00
101,0.592,2026-09-24T08:32:27.813749+00:00
102,0.641,2026-09-24T08:32:27.814902+00:00
103,0.5599999999999999,2026-09-24T08:32:27.815989+00:00
104,0.522,2026-09-24T08:32:27.817081+00:00
105,0.5289999999999999,2026-09-24T08:32:27.818133+00:00
106,0.585,2026-09-24T08:32:27.819346+00:00
107,0.733,2026-09-24T08:32:27.820674+00:00
108,0.941,2026-09-24T08:32:27.822304+00:00
109,0.824,2026-09-24T08:32:27.823688+00:00
110,0.8019999999999999,2026-09-24T08:32:27.825151+00:00
111,0.799,2026-09-24T08:32:27.826526+00:00
112,0.903,2026-09-24T08:32:27.828253+00:00
113,0.708,2026-09-24T08:32:27.829573+00:00
114,0.669,2026-09-24T08:32:27.830854+00:00
115,0.629,2026-09-24T08:32:27.832087+00:00
116,0.63,2026-09-24T08:32:27.833303+00:00
117,0.625,2026-09-24T08:32:27.834510+00:00
118,0.651,2026-09-24T08:32:27.835822+00:00
119,0.805,2026-09-24T08:32:27.837180+00:00
120,1.017,2026-09-24T08:32:27.839053+00:00
121,0.718,2026-09-24T08:32:27.840653+00:00
122,0.625,2026-09-24T08:32:27.841832+00:00
123,0.559,2026-09-24T08:32:27.842926+00:00
124,0.523,2026-09-24T08:32:27.844006+00:00
125,0.514,2026-09-24T08:32:27.845045+00:00
126,0.5519999999999999,2026-09-24T08:32:27.846140+00:00
127,0.5289999999999999,2026-09-24T08:32:27.847203+00:00
128,0.5379999999999999,2026-09-24T08:32:27.848260+00:00
129,0.516,2026-09-24T08:32:27.849302+00:00
130,0.51,2026-09-24T08:32:27.850356+00:00
131,0.512,2026-09-24T08:32:27.851387+00:00
132,1.042,2026-09-24T08:32:27.853340+00:00
133,0.6759999999999999,2026-09-24T08:32:27.854753+00:00
134,0.611,2026-09-24T08:32:27.855959+00:00
135,2.8310000000000004,2026-09-24T08:32:27.859517+00:00
136,0.761,2026-09-24T08:32:27.860866+00:00
137,0.9269999999999999,2026-09-24T08:32:27.862395+00:00
138,0.7649999999999999,2026-09-24T08:32:27.863756+00:00
139,0.635,2026-09-24T08:32:27.864905+00:00
140,0.597,2026-09-24T08:32:27.865961+00:00
141,0.5429999999999999,2026-09-24T08:32:27.867009+00:00
142,0.55,2026-09-24T08:32:27.868072+00:00
143,0.6809999999999999,2026-09-24T08:32:27.869244+00:00
144,0.6930000000000001,2026-09-24T08:32:27.870505+00:00
145,0.545,2026-09-24T08:32:27.871447+00:00
146,0.602,2026-09-24T08:32:27.872554+00:00
147,0.717,2026-09-24T08:32:27.874074+00:00
148,0.553,2026-09-24T08:32:27.875239+00:00
149,0.505,2026-09-24T08:32:27.876317+00:00
150,0.54,2026-09-24T08:32:27.877634+00:00
151,0.494,2026-09-24T08:32:27.878666+00:00
152,0.47300000000000003,2026-09-24T08:32:27.879652+00:00
153,0.488,2026-09-24T08:32:27.880610+00:00
154,0.587,2026-09-24T08:32:27.881730+00:00
155,0.546,2026-09-24T08:32:27.882655+00:00
156,1.031,2026-09-24T08:32:27.884750+00:00
157,0.9179999999999999,2026-09-24T08:32:27.886240+00:00
158,0.606,2026-09-24T08:32:27.887327+00:00
159,0.521,2026-09-24T08:32:27.888319+00:00
160,0.47300000000000003,2026-09-24T08:32:27.889290+00:00
161,0.594,2026-09-24T08:32:27.890448+00:00
162,0.5900000000000001,2026-09-24T08:32:27.891533+00:00
163,0.832,2026-09-24T08:32:27.892781+00:00
164,0.644,2026-09-24T08:32:27.893858+00:00
165,0.549,2026-09-24T08:32:27.895161+00:00
166,0.528,2026-09-24T08:32:27.896171+00:00
167,0.47100000000000003,2026-09-24T08:32:27.897132+00:00
168,0.45,2026-09-24T08:32:27.898073+00:00
169,0.962,2026-09-24T08:32:27.899860+00:00
170,0.6849999999999999,2026-09-24T08:32:27.901091+00:00
171,0.508,2026-09-24T08:32:27.902135+00:00
172,0.506,2026-09-24T08:32:27.903175+00:00
173,0.47800000000000004,2026-09-24T08:32:27.904181+00:00
174,0.479,2026-09-24T08:32:27.905175+00:00
175,0.481,2026-09-24T08:32:27.906171+00:00
176,0.46599999999999997,2026-09-24T08:32:27.907150+00:00
177,0.447,2026-09-24T08:32:27.908115+00:00
178,0.441,2026-09-24T08:32:27.909103+00:00
179,0.46299999999999997,2026-09-24T08:32:27.910148+00:00
180,0.47800000000000004,2026-09-24T08:32:27.911271+00:00
181,0.457,2026-09-24T08:32:27.912247+00:00
182,0.46,2026-09-24T08:32:27.913222+00:00
183,0.44499999999999995,2026-09-24T08:32:27.914180+00:00
184,0.474,2026-09-24T08:32:27.915160+00:00
185,0.46099999999999997,2026-09-24T08:32:27.916117+00:00
186,0.491,2026-09-24T08:32:27.917182+00:00
187,0.43600000000000005,2026-09-24T08:32:27.918125+00:00
188,0.437,2026-09-24T08:32:27.919088+00:00
189,0.47300000000000003,2026-09-24T08:32:27.920073+00:00
190,0.455,2026-09-24T08:32:27.921063+00:00
191,0.46799999999999997,2026-09-24T08:32:27.922069+00:00
192,0.45899999999999996,2026-09-24T08:32:27.923085+00:00
193,0.462,2026-09-24T08:32:27.924064+00:00
194,0.46,2026-09-24T08:32:27.925047+00:00
195,0.5429999999999999,2026-09-24T08:32:27.926238+00:00
196,0.484,2026-09-24T08:32:27.927204+00:00
197,0.48000000000000004,2026-09-24T08:32:27.928215+00:00
198,0.46900000000000003,2026-09-24T08:32:27.929239+00:00
199,0.47800000000000004,2026-09-24T08:32:27.930257+00:00
200,0.5429999999999999,2026-09-24T08:32:27.931337+00:00
201,0.516,2026-09-24T08:32:27.932436+00:00
202,0.512,2026-09-24T08:32:27.933491+00:00
203,0.723,2026-09-24T08:32:27.934810+00:00
204,0.666,2026-09-24T08:32:27.936019+00:00
205,0.6579999999999999,2026-09-24T08:32:27.937303+00:00
206,1.145,2026-09-24T08:32:27.939021+00:00
207,0.8720000000000001,2026-09-24T08:32:27.940398+00:00
208,0.669,2026-09-24T08:32:27.941617+00:00
209,0.855,2026-09-24T08:32:27.942935+00:00
210,0.703,2026-09-24T08:32:27.944407+00:00
211,0.662,2026-09-24T08:32:27.945535+00:00
212,0.605,2026-09-24T08:32:27.946570+00:00
213,0.587,2026-09-24T08:32:27.947618+00:00
214,0.8069999999999999,2026-09-24T08:32:27.948844+00:00
215,0.5720000000000001,2026-09-24T08:32:27.949620+00:00
216,0.522,2026-09-24T08:32:27.950658+00:00
217,0.5569999999999999,2026-09-24T08:32:27.951722+00:00
218,0.507,2026-09-24T08:32:27.952753+00:00
219,0.544,2026-09-24T08:32:27.953812+00:00
220,0.514,2026-09-24T08:32:27.954813+00:00
221,0.507,2026-09-24T08:32:27.955832+00:00
222,0.507,2026-09-24T08:32:27.956872+00:00
223,0.5289999999999999,2026-09-24T08:32:27.957916+00:00
224,0.49700000000000005,2026-09-24T08:32:27.958929+00:00
225,0.555,2026-09-24T08:32:27.960128+00:00
226,0.5670000000000001,2026-09-24T08:32:27.961239+00:00
227,0.502,2026-09-24T08:32:27.962249+00:00
228,0.508,2026-09-24T08:32:27.963278+00:00
229,0.6819999999999999,2026-09-24T08:32:27.964494+00:00
230,0.5950000000000001,2026-09-24T08:32:27.965458+00:00
231,0.575,2026-09-24T08:32:27.966488+00:00
232,0.5519999999999999,2026-09-24T08:32:27.967505+00:00
233,0.535,2026-09-24T08:32:27.968541+00:00
234,0.527,2026-09-24T08:32:27.969575+00:00
235,0.623,2026-09-24T08:32:27.970788+00:00
236,0.569,2026-09-24T08:32:27.971960+00:00
237,0.562,2026-09-24T08:32:27.973035+00:00
238,0.528,2026-09-24T08:32:27.974089+00:00
239,0.5559999999999999,2026-09-24T08:32:27.975330+00:00
240,0.541,2026-09-24T08:32:27.976379+00:00
241,0.544,2026-09-24T08:32:27.977430+00:00
242,0.554,2026-09-24T08:32:27.978488+00:00
243,0.5670000000000001,2026-09-24T08:32:27.979570+00:00
244,0.5419999999999999,2026-09-24T08:32:27.980580+00:00
245,0.541,2026-09-24T08:32:27.981643+00:00
246,0.525,2026-09-24T08:32:27.982660+00:00
247,0.528,2026-09-24T08:32:27.983695+00:00
248,0.5950000000000001,2026-09-24T08:32:27.984785+00:00
249,0.571,2026-09-24T08:32:27.985841+00:00
250,0.5419999999999999,2026-09-24T08:32:27.986884+00:00
251,0.5429999999999999,2026-09-24T08:32:27.987930+00:00
252,0.695,2026-09-24T08:32:27.989212+00:00
253,0.5429999999999999,2026-09-24T08:32:27.990327+00:00
254,0.5559999999999999,2026-09-24T08:32:27.991470+00:00
255,0.5429999999999999,2026-09-24T08:32:27.992503+00:00
256,0.537,2026-09-24T08:32:27.993510+00:00
257,0.49200000000000005,2026-09-24T08:32:27.994492+00:00
258,0.8099999999999999,2026-09-24T08:32:27.995802+00:00
259,0.8140000000000001,2026-09-24T08:32:27.996806+00:00
260,0.614,2026-09-24T08:32:27.997722+00:00
261,0.55,2026-09-24T08:32:27.998655+00:00
262,0.5289999999999999,2026-09-24T08:32:27.999596+00:00
263,0.544,2026-09-24T08:32:28.000587+00:00
264,0.512,2026-09-24T08:32:28.001549+00:00
265,0.644,2026-09-24T08:32:28.002626+00:00
266,0.535,2026-09-24T08:32:28.003486+00:00
267,0.565,2026-09-24T08:32:28.004477+00:00
268,0.5810000000000001,2026-09-24T08:32:28.005482+00:00
269,0.5720000000000001,2026-09-24T08:32:28.006555+00:00
270,0.5609999999999999,2026-09-24T08:32:28.007567+00:00
271,0.54,2026-09-24T08:32:28.008573+00:00
272,0.521,2026-09-24T08:32:28.009539+00:00
273,0.554,2026-09-24T08:32:28.010702+00:00
274,0.523,2026-09-24T08:32:28.011973+00:00
275,0.509,2026-09-24T08:32:28.013022+00:00
276,0.537,2026-09-24T08:32:28.014059+00:00
277,0.5339999999999999,2026-09-24T08:32:28.015116+00:00
278,0.513,2026-09-24T08:32:28.016125+00:00
279,0.509,2026-09-24T08:32:28.017143+00:00
280,0.5479999999999999,2026-09-24T08:32:28.018194+00:00
281,0.502,2026-09-24T08:32:28.019178+00:00
282,0.592,2026-09-24T08:32:28.020334+00:00
283,0.528,2026-09-24T08:32:28.021337+00:00
284,0.5569999999999999,2026-09-24T08:32:28.022546+00:00
285,0.528,2026-09-24T08:32:28.023542+00:00
286,0.5640000000000001,2026-09-24T08:32:28.024567+00:00
287,0.5419999999999999,2026-09-24T08:32:28.025571+00:00
288,0.716,2026-09-24T08:32:28.026930+00:00
289,0.5720000000000001,2026-09-24T08:32:28.028081+00:00
290,0.517,2026-09-24T08:32:28.029148+00:00
291,0.477,2026-09-24T08:32:28.030148+00:00
292,0.513,2026-09-24T08:32:28.031208+00:00
293,0.532,2026-09-24T08:32:28.032394+00:00
294,0.519,2026-09-24T08:32:28.033542+00:00
295,0.5339999999999999,2026-09-24T08:32:28.034680+00:00
296,0.524,2026-09-24T08:32:28.035712+00:00
297,0.5109999999999999,2026-09-24T08:32:28.036691+00:00
298,0.519,2026-09-24T08:32:28.037691+00:00
299,0.5609999999999999,2026-09-24T08:32:28.038871+00:00
300,0.5469999999999999,2026-09-24T08:32:28.040058+00:00
301,0.526,2026-09-24T08:32:28.041214+00:00
302,0.508,2026-09-24T08:32:28.042302+00:00
303,0.488,2026-09-24T08:32:28.043293+00:00
304,0.519,2026-09-24T08:32:28.044358+00:00
305,0.483,2026-09-24T08:32:28.045363+00:00
306,0.541,2026-09-24T08:32:28.046399+00:00
307,0.58,2026-09-24T08:32:28.047496+00:00
308,0.603,2026-09-24T08:32:28.048594+00:00
309,0.555,2026-09-24T08:32:28.049635+00:00
310,0.522,2026-09-24T08:32:28.050638+00:00
311,0.488,2026-09-24T08:32:28.051608+00:00
312,0.506,2026-09-24T08:32:28.052644+00:00
313,0.505,2026-09-24T08:32:28.053623+00:00
314,0.6539999999999999,2026-09-24T08:32:28.055083+00:00
315,0.684,2026-09-24T08:32:28.056314+00:00
316,0.6819999999999999,2026-09-24T08:32:28.057532+00:00
317,0.6449999999999999,2026-09-24T08:32:28.058690+00:00
318,0.5630000000000001,2026-09-24T08:32:28.059752+00:00
319,0.679,2026-09-24T08:32:28.060925+00:00
320,0.5509999999999999,2026-09-24T08:32:28.062059+00:00
321,0.53,2026-09-24T08:32:28.063143+00:00
322,0.66,2026-09-24T08:32:28.064355+00:00
323,0.5339999999999999,2026-09-24T08:32:28.065379+00:00
324,0.517,2026-09-24T08:32:28.066408+00:00
325,0.5569999999999999,2026-09-24T08:32:28.067438+00:00
326,0.607,2026-09-24T08:32:28.068511+00:00
327,0.977,2026-09-24T08:32:28.069928+00:00
328,0.856,2026-09-24T08:32:28.071018+00:00
329,0.874,2026-09-24T08:32:28.072129+00:00
330,0.769,2026-09-24T08:32:28.073162+00:00
331,0.796,2026-09-24T08:32:28.074178+00:00
332,0.796,2026-09-24T08:32:28.075204+00:00
333,0.574,2026-09-24T08:32:28.076017+00:00
334,0.592,2026-09-24T08:32:28.077117+00:00
335,0.509,2026-09-24T08:32:28.078149+00:00
336,0.536,2026-09-24T08:32:28.079174+00:00
337,0.516,2026-09-24T08:32:28.080211+00:00
338,0.5199999999999999,2026-09-24T08:32:28.081280+00:00
339,0.509,2026-09-24T08:32:28.082316+00:00
340,0.5419999999999999,2026-09-24T08:32:28.083356+00:00
341,0.525,2026-09-24T08:32:28.084402+00:00
342,0.5469999999999999,2026-09-24T08:32:28.085442+00:00
343,0.545,2026-09-24T08:32:28.086596+00:00
344,0.618,2026-09-24T08:32:28.087744+00:00
345,0.515,2026-09-24T08:32:28.088752+00:00
346,0.5670000000000001,2026-09-24T08:32:28.089815+00:00
347,0.5469999999999999,2026-09-24T08:32:28.090826+00:00
348,0.5599999999999999,2026-09-24T08:32:28.091822+00:00
349,0.7789999999999999,2026-09-24T08:32:28.093050+00:00
350,0.5479999999999999,2026-09-24T08:32:28.094097+00:00
351,0.5680000000000001,2026-09-24T08:32:28.095221+00:00
352,0.49700000000000005,2026-09-24T08:32:28.096187+00:00
353,0.49799999999999994,2026-09-24T08:32:28.097184+00:00
354,0.5419999999999999,2026-09-24T08:32:28.098222+00:00
355,0.51,2026-09-24T08:32:28.099216+00:00
356,0.5569999999999999,2026-09-24T08:32:28.100209+00:00
357,0.5860000000000001,2026-09-24T08:32:28.101249+00:00
358,0.546,2026-09-24T08:32:28.102441+00:00
359,0.587,2026-09-24T08:32:28.103519+00:00
360,0.517,2026-09-24T08:32:28.104453+00:00
361,0.518,2026-09-24T08:32:28.105392+00:00
362,0.48899999999999993,2026-09-24T08:32:28.106319+00:00
363,0.513,2026-09-24T08:32:28.107276+00:00
364,0.482,2026-09-24T08:32:28.108199+00:00
365,0.5289999999999999,2026-09-24T08:32:28.109173+00:00
366,0.7110000000000001,2026-09-24T08:32:28.110377+00:00
367,0.819,2026-09-24T08:32:28.111618+00:00
368,0.68,2026-09-24T08:32:28.112649+00:00
369,0.53,2026-09-24T08:32:28.113598+00:00
370,0.504,2026-09-24T08:32:28.114542+00:00
371,0.519,2026-09-24T08:32:28.115542+00:00
372,0.508,2026-09-24T08:32:28.116517+00:00
373,0.51,2026-09-24T08:32:28.117649+00:00
374,0.57,2026-09-24T08:32:28.118631+00:00
375,0.505,2026-09-24T08:32:28.119588+00:00
376,0.503,2026-09-24T08:32:28.120536+00:00
377,0.509,2026-09-24T08:32:28.121492+00:00
378,0.524,2026-09-24T08:32:28.122483+00:00
379,0.537,2026-09-24T08:32:28.123455+00:00
380,0.524,2026-09-24T08:32:28.124421+00:00
381,0.488,2026-09-24T08:32:28.125351+00:00
382,0.512,2026-09-24T08:32:28.126333+00:00
383,0.606,2026-09-24T08:32:28.127439+00:00
384,0.554,2026-09-24T08:32:28.128440+00:00
385,0.502,2026-09-24T08:32:28.129404+00:00
386,0.536,2026-09-24T08:32:28.130424+00:00
387,0.499,2026-09-24T08:32:28.131373+00:00
388,0.574,2026-09-24T08:32:28.132578+00:00
389,0.533,2026-09-24T08:32:28.133558+00:00
390,0.623,2026-09-24T08:32:28.134651+00:00
391,0.65,2026-09-24T08:32:28.136393+00:00
392,0.5730000000000001,2026-09-24T08:32:28.137569+00:00
393,0.535,2026-09-24T08:32:28.138572+00:00
394,0.5479999999999999,2026-09-24T08:32:28.139620+00:00
395,0.553,2026-09-24T08:32:28.140663+00:00
396,0.559,2026-09-24T08:32:28.141758+00:00
397,0.541,2026-09-24T08:32:28.142835+00:00
398,0.73,2026-09-24T08:32:28.144024+00:00
399,1.0939999999999999,2026-09-24T08:32:28.145775+00:00
400,0.921,2026-09-24T08:32:28.146889+00:00
401,0.867,2026-09-24T08:32:28.148020+00:00
402,0.8630000000000001,2026-09-24T08:32:28.149118+00:00
403,0.7919999999999999,2026-09-24T08:32:28.150317+00:00
404,1.06,2026-09-24T08:32:28.151721+00:00
405,0.757,2026-09-24T08:32:28.152578+00:00
406,0.5429999999999999,2026-09-24T08:32:28.153538+00:00
407,0.535,2026-09-24T08:32:28.154510+00:00
408,0.49200000000000005,2026-09-24T08:32:28.155488+00:00
409,0.488,2026-09-24T08:32:28.156466+00:00
410,0.494,2026-09-24T08:32:28.157570+00:00
411,0.8809999999999999,2026-09-24T08:32:28.159236+00:00
412,0.614,2026-09-24T08:32:28.160432+00:00
413,0.569,2026-09-24T08:32:28.161655+00:00
414,0.519,2026-09-24T08:32:28.162677+00:00
415,0.5670000000000001,2026-09-24T08:32:28.163787+00:00
416,0.528,2026-09-24T08:32:28.164834+00:00
417,0.5479999999999999,2026-09-24T08:32:28.166163+00:00
418,0.619,2026-09-24T08:32:28.167298+00:00
419,3.417,2026-09-24T08:32:28.171312+00:00
420,0.742,2026-09-24T08:32:28.172196+00:00
421,0.6040000000000001,2026-09-24T08:32:28.173130+00:00
422,0.5469999999999999,2026-09-24T08:32:28.174072+00:00
423,0.612,2026-09-24T08:32:28.175134+00:00
424,0.569,2026-09-24T08:32:28.176115+00:00
425,0.53,2026-09-24T08:32:28.177061+00:00
426,0.51,2026-09-24T08:32:28.178036+00:00
427,0.496,2026-09-24T08:32:28.178968+00:00
428,0.47800000000000004,2026-09-24T08:32:28.179921+00:00
429,0.533,2026-09-24T08:32:28.180896+00:00
430,0.579,2026-09-24T08:32:28.181906+00:00
431,0.587,2026-09-24T08:32:28.182932+00:00
432,0.514,2026-09-24T08:32:28.184005+00:00
433,0.521,2026-09-24T08:32:28.184984+00:00
434,0.9740000000000001,2026-09-24T08:32:28.186470+00:00
435,0.63,2026-09-24T08:32:28.187186+00:00
436,0.578,2026-09-24T08:32:28.188177+00:00
437,0.821,2026-09-24T08:32:28.189396+00:00
438,0.609,2026-09-24T08:32:28.190135+00:00
439,0.707,2026-09-24T08:32:28.191277+00:00
440,0.5770000000000001,2026-09-24T08:32:28.192305+00:00
441,0.532,2026-09-24T08:32:28.193299+00:00
442,0.519,2026-09-24T08:32:28.194300+00:00
443,0.522,2026-09-24T08:32:28.195259+00:00
444,0.496,2026-09-24T08:32:28.196200+00:00
445,0.53,2026-09-24T08:32:28.197203+00:00
446,0.523,2026-09-24T08:32:28.198185+00:00
447,0.62,2026-09-24T08:32:28.199482+00:00
448,0.5569999999999999,2026-09-24T08:32:28.200580+00:00
449,0.5429999999999999,2026-09-24T08:32:28.201587+00:00
450,0.507,2026-09-24T08:32:28.202519+00:00
451,0.506,2026-09-24T08:32:28.203478+00:00
452,0.474,2026-09-24T08:32:28.204403+00:00
453,0.474,2026-09-24T08:32:28.205310+00:00
454,0.554,2026-09-24T08:32:28.206371+00:00
455,0.558,2026-09-24T08:32:28.207426+00:00
456,0.5109999999999999,2026-09-24T08:32:28.208366+00:00
457,0.532,2026-09-24T08:32:28.209333+00:00
458,0.527,2026-09-24T08:32:28.210292+00:00
459,0.5,2026-09-24T08:32:28.211204+00:00
460,0.518,2026-09-24T08:32:28.212147+00:00
461,0.526,2026-09-24T08:32:28.213136+00:00
462,0.54,2026-09-24T08:32:28.214305+00:00
463,0.583,2026-09-24T08:32:28.215382+00:00
464,0.532,2026-09-24T08:32:28.216375+00:00
465,0.51,2026-09-24T08:32:28.217338+00:00
466,0.527,2026-09-24T08:32:28.218316+00:00
467,0.528,2026-09-24T08:32:28.219272+00:00
468,0.481,2026-09-24T08:32:28.220185+00:00
469,0.5289999999999999,2026-09-24T08:32:28.221175+00:00
470,0.5,2026-09-24T08:32:28.222109+00:00
471,0.599,2026-09-24T08:32:28.223176+00:00
472,0.514,2026-09-24T08:32:28.224129+00:00
473,0.508,2026-09-24T08:32:28.225141+00:00
474,0.5429999999999999,2026-09-24T08:32:28.226169+00:00
475,0.532,2026-09-24T08:32:28.227196+00:00
476,0.486,2026-09-24T08:32:28.228140+00:00
477,0.8270000000000001,2026-09-24T08:32:28.229694+00:00
478,0.916,2026-09-24T08:32:28.230848+00:00
479,0.725,2026-09-24T08:32:28.231968+00:00
480,0.665,2026-09-24T08:32:28.233118+00:00
481,0.68,2026-09-24T08:32:28.234281+00:00
482,0.651,2026-09-24T08:32:28.235400+00:00
483,0.651,2026-09-24T08:32:28.236520+00:00
484,0.638,2026-09-24T08:32:28.237589+00:00
485,0.64,2026-09-24T08:32:28.238675+00:00
486,0.643,2026-09-24T08:32:28.239775+00:00
487,0.6489999999999999,2026-09-24T08:32:28.240885+00:00
488,0.602,2026-09-24T08:32:28.241924+00:00
489,0.62,2026-09-24T08:32:28.243009+00:00
490,0.6489999999999999,2026-09-24T08:32:28.244128+00:00
491,0.617,2026-09-24T08:32:28.245203+00:00
492,0.612,2026-09-24T08:32:28.246348+00:00
493,0.637,2026-09-24T08:32:28.247502+00:00
494,0.621,2026-09-24T08:32:28.248572+00:00
495,0.6719999999999999,2026-09-24T08:32:28.249679+00:00
496,0.638,2026-09-24T08:32:28.250756+00:00
497,0.642,2026-09-24T08:32:28.251867+00:00
498,0.612,2026-09-24T08:32:28.252943+00:00
499,0.6579999999999999,2026-09-24T08:32:28.254048+00:00
500,0.643,2026-09-24T08:32:28.255146+00:00
501,0.6130000000000001,2026-09-24T08:32:28.256216+00:00
502,0.593,2026-09-24T08:32:28.257291+00:00
503,0.618,2026-09-24T08:32:28.258382+00:00
504,0.644,2026-09-24T08:32:28.259505+00:00
505,0.6920000000000001,2026-09-24T08:32:28.260631+00:00
506,0.638,2026-09-24T08:32:28.261739+00:00
507,0.662,2026-09-24T08:32:28.262934+00:00
508,0.622,2026-09-24T08:32:28.264003+00:00
509,0.616,2026-09-24T08:32:28.265103+00:00
510,0.593,2026-09-24T08:32:28.266182+00:00
511,0.609,2026-09-24T08:32:28.267324+00:00
512,0.608,2026-09-24T08:32:28.268408+00:00
513,0.622,2026-09-24T08:32:28.269534+00:00
514,0.6719999999999999,2026-09-24T08:32:28.270699+00:00
515,0.629,2026-09-24T08:32:28.271760+00:00
516,0.635,2026-09-24T08:32:28.272830+00:00
517,0.6759999999999999,2026-09-24T08:32:28.273970+00:00
518,0.597,2026-09-24T08:32:28.275065+00:00
519,0.6539999999999999,2026-09-24T08:32:28.276182+00:00
520,0.636,2026-09-24T08:32:28.277306+00:00
521,0.704,2026-09-24T08:32:28.278532+00:00
522,0.737,2026-09-24T08:32:28.279855+00:00
523,0.747,2026-09-24T08:32:28.281153+00:00
524,0.722,2026-09-24T08:32:28.282425+00:00
525,0.7110000000000001,2026-09-24T08:32:28.283710+00:00
526,0.629,2026-09-24T08:32:28.284812+00:00
527,0.635,2026-09-24T08:32:28.285916+00:00
528,0.6769999999999999,2026-09-24T08:32:28.287063+00:00
529,0.66,2026-09-24T08:32:28.288189+00:00
530,0.723,2026-09-24T08:32:28.289492+00:00
531,0.632,2026-09-24T08:32:28.290616+00:00
532,0.661,2026-09-24T08:32:28.291796+00:00
533,0.615,2026-09-24T08:32:28.292881+00:00
534,0.628,2026-09-24T08:32:28.293965+00:00
535,0.6970000000000001,2026-09-24T08:32:28.295101+00:00
536,0.597,2026-09-24T08:32:28.296248+00:00
537,0.638,2026-09-24T08:32:28.297452+00:00
538,0.91,2026-09-24T08:32:28.298938+00:00
539,0.771,2026-09-24T08:32:28.300297+00:00
540,0.732,2026-09-24T08:32:28.301566+00:00
541,0.6759999999999999,2026-09-24T08:32:28.302729+00:00
542,0.703,2026-09-24T08:32:28.303959+00:00
543,0.696,2026-09-24T08:32:28.305104+00:00
544,0.607,2026-09-24T08:32:28.306211+00:00
545,0.598,2026-09-24T08:32:28.307268+00:00
546,0.6,2026-09-24T08:32:28.308319+00:00
547,0.5860000000000001,2026-09-24T08:32:28.309366+00:00
548,0.607,2026-09-24T08:32:28.310471+00:00
549,0.6040000000000001,2026-09-24T08:32:28.311539+00:00
550,0.6539999999999999,2026-09-24T08:32:28.312687+00:00
551,0.699,2026-09-24T08:32:28.313988+00:00
552,0.5950000000000001,2026-09-24T08:32:28.315056+00:00
553,0.6859999999999999,2026-09-24T08:32:28.316187+00:00
554,0.62,2026-09-24T08:32:28.317284+00:00
555,0.617,2026-09-24T08:32:28.318357+00:00
556,0.638,2026-09-24T08:32:28.319514+00:00
557,0.621,2026-09-24T08:32:28.320638+00:00
558,0.623,2026-09-24T08:32:28.321726+00:00
559,0.638,2026-09-24T08:32:28.322793+00:00
560,0.619,2026-09-24T08:32:28.323834+00:00
561,0.642,2026-09-24T08:32:28.324949+00:00
562,0.609,2026-09-24T08:32:28.326040+00:00
563,0.6679999999999999,2026-09-24T08:32:28.327150+00:00
564,0.63,2026-09-24T08:32:28.328285+00:00
565,0.609,2026-09-24T08:32:28.329366+00:00
566,0.652,2026-09-24T08:32:28.330603+00:00
567,0.642,2026-09-24T08:32:28.331706+00:00
568,0.624,2026-09-24T08:32:28.332810+00:00
569,0.5950000000000001,2026-09-24T08:32:28.333842+00:00
570,0.754,2026-09-24T08:32:28.335121+00:00
571,1.02,2026-09-24T08:32:28.336628+00:00
572,0.8899999999999999,2026-09-24T08:32:28.337791+00:00
573,0.6679999999999999,2026-09-24T08:32:28.338646+00:00
574,0.636,2026-09-24T08:32:28.339689+00:00
575,0.5569999999999999,2026-09-24T08:32:28.340650+00:00
576,0.521,2026-09-24T08:32:28.341658+00:00
577,0.6130000000000001,2026-09-24T08:32:28.342744+00:00
578,0.49799999999999994,2026-09-24T08:32:28.343681+00:00
579,0.532,2026-09-24T08:32:28.344770+00:00
580,0.464,2026-09-24T08:32:28.345720+00:00
581,0.566,2026-09-24T08:32:28.346939+00:00
582,0.47600000000000003,2026-09-24T08:32:28.347946+00:00
583,0.49200000000000005,2026-09-24T08:32:28.348952+00:00
584,0.48899999999999993,2026-09-24T08:32:28.349930+00:00
585,0.507,2026-09-24T08:32:28.350945+00:00
586,0.499,2026-09-24T08:32:28.351919+00:00
587,0.503,2026-09-24T08:32:28.352900+00:00
588,0.506,2026-09-24T08:32:28.353900+00:00
589,0.531,2026-09-24T08:32:28.354900+00:00
590,0.49299999999999994,2026-09-24T08:32:28.355883+00:00
591,0.49700000000000005,2026-09-24T08:32:28.356858+00:00
592,0.47100000000000003,2026-09-24T08:32:28.357811+00:00
593,0.544,2026-09-24T08:32:28.358837+00:00
594,0.546,2026-09-24T08:32:28.359879+00:00
595,0.725,2026-09-24T08:32:28.361105+00:00
596,0.8,2026-09-24T08:32:28.362408+00:00
597,0.674,2026-09-24T08:32:28.363671+00:00
598,0.66,2026-09-24T08:32:28.364806+00:00
599,0.637,2026-09-24T08:32:28.365900+00:00
600,0.7200000000000001,2026-09-24T08:32:28.367041+00:00
601,0.651,2026-09-24T08:32:28.368141+00:00
602,0.603,2026-09-24T08:32:28.369191+00:00
603,0.5760000000000001,2026-09-24T08:32:28.370221+00:00
604,0.597,2026-09-24T08:32:28.371248+00:00
605,0.7110000000000001,2026-09-24T08:32:28.372398+00:00
606,0.642,2026-09-24T08:32:28.373519+00:00
607,0.648,2026-09-24T08:32:28.374635+00:00
608,0.6679999999999999,2026-09-24T08:32:28.375775+00:00
609,0.647,2026-09-24T08:32:28.376871+00:00
610,0.6449999999999999,2026-09-24T08:32:28.378103+00:00
611,0.609,2026-09-24T08:32:28.379176+00:00
612,0.657,2026-09-24T08:32:28.380306+00:00
613,0.6489999999999999,2026-09-24T08:32:28.381385+00:00
614,0.6539999999999999,2026-09-24T08:32:28.382520+00:00
615,0.618,2026-09-24T08:32:28.383622+00:00
616,0.644,2026-09-24T08:32:28.384745+00:00
617,0.8350000000000001,2026-09-24T08:32:28.386200+00:00
618,0.696,2026-09-24T08:32:28.387408+00:00
619,0.691,2026-09-24T08:32:28.388598+00:00
620,0.635,2026-09-24T08:32:28.389684+00:00
621,0.889,2026-09-24T08:32:28.391248+00:00
622,0.704,2026-09-24T08:32:28.392505+00:00
623,0.844,2026-09-24T08:32:28.393812+00:00
624,0.949,2026-09-24T08:32:28.395190+00:00
625,0.694,2026-09-24T08:32:28.396430+00:00
626,0.656,2026-09-24T08:32:28.397567+00:00
627,0.694,2026-09-24T08:32:28.398729+00:00
628,0.652,2026-09-24T08:32:28.399822+00:00
629,1.195,2026-09-24T08:32:28.401804+00:00
630,0.8109999999999999,2026-09-24T08:32:28.403292+00:00
631,0.762,2026-09-24T08:32:28.404642+00:00
632,0.6849999999999999,2026-09-24T08:32:28.405816+00:00
633,1.125,2026-09-24T08:32:28.407754+00:00
634,0.9740000000000001,2026-09-24T08:32:28.409492+00:00
635,0.728,2026-09-24T08:32:28.410734+00:00
636,0.6809999999999999,2026-09-24T08:32:28.411936+00:00
637,0.7240000000000001,2026-09-24T08:32:28.413204+00:00
638,0.726,2026-09-24T08:32:28.414471+00:00
639,0.755,2026-09-24T08:32:28.415778+00:00
640,0.661,2026-09-24T08:32:28.417123+00:00
641,0.622,2026-09-24T08:32:28.418335+00:00
642,0.674,2026-09-24T08:32:28.419537+00:00
643,0.7010000000000001,2026-09-24T08:32:28.420753+00:00
644,0.7,2026-09-24T08:32:28.421946+00:00
645,0.894,2026-09-24T08:32:28.423335+00:00
646,1.702,2026-09-24T08:32:28.425658+00:00
647,0.867,2026-09-24T08:32:28.427004+00:00
648,0.753,2026-09-24T08:32:28.428284+00:00
649,0.7020000000000001,2026-09-24T08:32:28.429496+00:00
650,0.699,2026-09-24T08:32:28.430690+00:00
651,0.736,2026-09-24T08:32:28.431984+00:00
652,0.687,2026-09-24T08:32:28.433174+00:00
653,0.675,2026-09-24T08:32:28.434350+00:00
654,1.2329999999999999,2026-09-24T08:32:28.436306+00:00
655,0.896,2026-09-24T08:32:28.437985+00:00
656,0.79,2026-09-24T08:32:28.439472+00:00
657,1.037,2026-09-24T08:32:28.441158+00:00
658,0.763,2026-09-24T08:32:28.442564+00:00
659,0.7969999999999999,2026-09-24T08:32:28.443991+00:00
660,1.1440000000000001,2026-09-24T08:32:28.446116+00:00
661,0.8310000000000001,2026-09-24T08:32:28.447736+00:00
662,0.6970000000000001,2026-09-24T08:32:28.449098+00:00
663,0.6769999999999999,2026-09-24T08:32:28.450408+00:00
664,0.704,2026-09-24T08:32:28.451683+00:00
665,0.607,2026-09-24T08:32:28.452871+00:00
666,0.671,2026-09-24T08:32:28.454146+00:00
667,0.594,2026-09-24T08:32:28.455365+00:00
668,0.62,2026-09-24T08:32:28.456605+00:00
669,0.593,2026-09-24T08:32:28.457800+00:00
670,0.64,2026-09-24T08:32:28.459215+00:00
671,0.606,2026-09-24T08:32:28.460407+00:00
672,0.694,2026-09-24T08:32:28.461743+00:00
673,0.608,2026-09-24T08:32:28.463102+00:00
674,0.985,2026-09-24T08:32:28.464711+00:00
675,0.695,2026-09-24T08:32:28.466059+00:00
676,0.624,2026-09-24T08:32:28.467268+00:00
677,0.6040000000000001,2026-09-24T08:32:28.468427+00:00
678,0.641,2026-09-24T08:32:28.469664+00:00
679,0.612,2026-09-24T08:32:28.470902+00:00
680,1.1150000000000002,2026-09-24T08:32:28.472744+00:00
681,0.885,2026-09-24T08:32:28.473770+00:00
682,1.385,2026-09-24T08:32:28.479892+00:00
683,0.815,2026-09-24T08:32:28.480959+00:00
684,0.619,2026-09-24T08:32:28.481936+00:00
685,0.507,2026-09-24T08:32:28.483192+00:00
686,0.474,2026-09-24T08:32:28.484163+00:00
687,0.504,2026-09-24T08:32:28.485226+00:00
688,0.46900000000000003,2026-09-24T08:32:28.486253+00:00
689,0.46900000000000003,2026-09-24T08:32:28.487264+00:00
690,0.479,2026-09-24T08:32:28.488286+00:00
691,0.46599999999999997,2026-09-24T08:32:28.489287+00:00
692,0.451,2026-09-24T08:32:28.490264+00:00
693,0.443,2026-09-24T08:32:28.491252+00:00
694,0.44,2026-09-24T08:32:28.492257+00:00
695,0.453,2026-09-24T08:32:28.493238+00:00
696,0.45,2026-09-24T08:32:28.494202+00:00
697,0.49700000000000005,2026-09-24T08:32:28.495215+00:00
698,0.447,2026-09-24T08:32:28.496209+00:00
699,0.431,2026-09-24T08:32:28.497280+00:00
700,0.45399999999999996,2026-09-24T08:32:28.498325+00:00
701,0.448,2026-09-24T08:32:28.499304+00:00
702,0.431,2026-09-24T08:32:28.500272+00:00
703,0.49200000000000005,2026-09-24T08:32:28.501299+00:00
704,0.502,2026-09-24T08:32:28.502313+00:00
705,0.47100000000000003,2026-09-24T08:32:28.503328+00:00
706,0.457,2026-09-24T08:32:28.504317+00:00
707,0.46599999999999997,2026-09-24T08:32:28.505355+00:00
708,0.46,2026-09-24T08:32:28.506332+00:00
709,0.458,2026-09-24T08:32:28.507328+00:00
710,0.479,2026-09-24T08:32:28.508352+00:00
711,0.456,2026-09-24T08:32:28.509324+00:00
712,0.656,2026-09-24T08:32:28.510503+00:00
713,0.523,2026-09-24T08:32:28.511559+00:00
714,0.533,2026-09-24T08:32:28.512694+00:00
715,0.474,2026-09-24T08:32:28.513695+00:00
716,0.51,2026-09-24T08:32:28.514716+00:00
717,0.504,2026-09-24T08:32:28.515733+00:00
718,0.502,2026-09-24T08:32:28.516793+00:00
719,0.723,2026-09-24T08:32:28.518053+00:00
720,0.858,2026-09-24T08:32:28.519623+00:00
721,0.703,2026-09-24T08:32:28.520877+00:00
722,0.695,2026-09-24T08:32:28.522184+00:00
723,0.627,2026-09-24T08:32:28.523404+00:00
724,0.6980000000000001,2026-09-24T08:32:28.524678+00:00
725,0.763,2026-09-24T08:32:28.525957+00:00
726,0.66,2026-09-24T08:32:28.527190+00:00
727,0.6589999999999999,2026-09-24T08:32:28.528471+00:00
728,0.7150000000000001,2026-09-24T08:32:28.530048+00:00
729,0.597,2026-09-24T08:32:28.531309+00:00
730,0.6890000000000001,2026-09-24T08:32:28.532608+00:00
731,0.627,2026-09-24T08:32:28.533832+00:00
732,0.653,2026-09-24T08:32:28.535062+00:00
733,0.566,2026-09-24T08:32:28.536225+00:00
734,0.7110000000000001,2026-09-24T08:32:28.537512+00:00
735,0.705,2026-09-24T08:32:28.538866+00:00
736,0.823,2026-09-24T08:32:28.540331+00:00
737,0.599,2026-09-24T08:32:28.541555+00:00
738,0.569,2026-09-24T08:32:28.542712+00:00
739,0.512,2026-09-24T08:32:28.543743+00:00
740,0.503,2026-09-24T08:32:28.544772+00:00
741,0.5,2026-09-24T08:32:28.545816+00:00
742,0.502,2026-09-24T08:32:28.546946+00:00
743,0.46900000000000003,2026-09-24T08:32:28.547994+00:00
744,0.48500000000000004,2026-09-24T08:32:28.549148+00:00
745,0.45,2026-09-24T08:32:28.550117+00:00
746,0.499,2026-09-24T08:32:28.551142+00:00
747,0.479,2026-09-24T08:32:28.552152+00:00
748,0.453,2026-09-24T08:32:28.553118+00:00
749,0.451,2026-09-24T08:32:28.554085+00:00
750,0.465,2026-09-24T08:32:28.555092+00:00
751,0.496,2026-09-24T08:32:28.556139+00:00
752,0.49200000000000005,2026-09-24T08:32:28.557124+00:00
753,0.45399999999999996,2026-09-24T08:32:28.558111+00:00
754,0.5379999999999999,2026-09-24T08:32:28.559365+00:00
755,0.474,2026-09-24T08:32:28.560366+00:00
756,0.7829999999999999,2026-09-24T08:32:28.561783+00:00
757,0.6449999999999999,2026-09-24T08:32:28.562997+00:00
758,0.652,2026-09-24T08:32:28.564206+00:00
759,0.615,2026-09-24T08:32:28.565519+00:00
760,0.631,2026-09-24T08:32:28.566711+00:00
761,0.597,2026-09-24T08:32:28.567862+00:00
762,0.597,2026-09-24T08:32:28.569071+00:00
763,0.592,2026-09-24T08:32:28.570260+00:00
764,0.62,2026-09-24T08:32:28.571473+00:00
765,0.631,2026-09-24T08:32:28.572701+00:00
766,0.6449999999999999,2026-09-24T08:32:28.573937+00:00
767,0.815,2026-09-24T08:32:28.575627+00:00
768,0.639,2026-09-24T08:32:28.576838+00:00
769,0.541,2026-09-24T08:32:28.577949+00:00
770,0.521,2026-09-24T08:32:28.578995+00:00
771,0.508,2026-09-24T08:32:28.580010+00:00
772,0.49,2026-09-24T08:32:28.581014+00:00
773,0.462,2026-09-24T08:32:28.581970+00:00
774,0.49700000000000005,2026-09-24T08:32:28.583144+00:00
775,0.465,2026-09-24T08:32:28.584132+00:00
776,0.49299999999999994,2026-09-24T08:32:28.585138+00:00
777,0.457,2026-09-24T08:32:28.586092+00:00
778,0.514,2026-09-24T08:32:28.587122+00:00
779,0.467,2026-09-24T08:32:28.588109+00:00
780,0.467,2026-09-24T08:32:28.589105+00:00
781,0.46,2026-09-24T08:32:28.590061+00:00
782,0.559,2026-09-24T08:32:28.591215+00:00
783,0.47800000000000004,2026-09-24T08:32:28.592217+00:00
784,0.522,2026-09-24T08:32:28.593271+00:00
785,0.47100000000000003,2026-09-24T08:32:28.594222+00:00
786,0.45199999999999996,2026-09-24T08:32:28.595191+00:00
787,0.47,2026-09-24T08:32:28.596163+00:00
788,0.48000000000000004,2026-09-24T08:32:28.597230+00:00
789,0.45399999999999996,2026-09-24T08:32:28.598186+00:00
790,0.49299999999999994,2026-09-24T08:32:28.599186+00:00
791,0.46099999999999997,2026-09-24T08:32:28.600183+00:00
792,0.47600000000000003,2026-09-24T08:32:28.601174+00:00
793,0.443,2026-09-24T08:32:28.602096+00:00
794,0.574,2026-09-24T08:32:28.603169+00:00
795,0.5,2026-09-24T08:32:28.604203+00:00
796,0.46,2026-09-24T08:32:28.605162+00:00
797,0.45,2026-09-24T08:32:28.606117+00:00
798,0.647,2026-09-24T08:32:28.607300+00:00
799,0.622,2026-09-24T08:32:28.608405+00:00
800,0.584,2026-09-24T08:32:28.609711+00:00
801,0.5810000000000001,2026-09-24T08:32:28.610886+00:00
802,0.5379999999999999,2026-09-24T08:32:28.611996+00:00
803,0.525,2026-09-24T08:32:28.613281+00:00
804,0.539,2026-09-24T08:32:28.614331+00:00
805,0.525,2026-09-24T08:32:28.615366+00:00
806,0.517,2026-09-24T08:32:28.616393+00:00
807,0.532,2026-09-24T08:32:28.617450+00:00
808,0.51,2026-09-24T08:32:28.618461+00:00
809,0.5199999999999999,2026-09-24T08:32:28.619459+00:00
810,0.629,2026-09-24T08:32:28.620620+00:00
811,0.5199999999999999,2026-09-24T08:32:28.621634+00:00
812,0.9430000000000001,2026-09-24T08:32:28.623347+00:00
813,0.725,2026-09-24T08:32:28.624216+00:00
814,0.657,2026-09-24T08:32:28.625252+00:00
815,0.544,2026-09-24T08:32:28.626185+00:00
816,0.5289999999999999,2026-09-24T08:32:28.627170+00:00
817,0.532,2026-09-24T08:32:28.628224+00:00
818,0.537,2026-09-24T08:32:28.629378+00:00
819,0.523,2026-09-24T08:32:28.630375+00:00
820,0.516,2026-09-24T08:32:28.631337+00:00
821,0.509,2026-09-24T08:32:28.632300+00:00
822,0.47800000000000004,2026-09-24T08:32:28.633280+00:00
823,0.518,2026-09-24T08:32:28.634267+00:00
824,0.533,2026-09-24T08:32:28.635243+00:00
825,0.48500000000000004,2026-09-24T08:32:28.636168+00:00
826,0.49799999999999994,2026-09-24T08:32:28.637133+00:00
827,0.505,2026-09-24T08:32:28.638120+00:00
828,1.038,2026-09-24T08:32:28.639913+00:00
829,1.252,2026-09-24T08:32:28.641802+00:00
830,1.032,2026-09-24T08:32:28.643097+00:00
831,0.983,2026-09-24T08:32:28.644507+00:00
832,0.958,2026-09-24T08:32:28.645878+00:00
833,0.9129999999999999,2026-09-24T08:32:28.647338+00:00
834,0.953,2026-09-24T08:32:28.648744+00:00
835,0.9740000000000001,2026-09-24T08:32:28.650118+00:00
836,0.9510000000000001,2026-09-24T08:32:28.651466+00:00
837,0.921,2026-09-24T08:32:28.652807+00:00
838,0.9319999999999999,2026-09-24T08:32:28.654176+00:00
839,1.0839999999999999,2026-09-24T08:32:28.655717+00:00
840,1.1689999999999998,2026-09-24T08:32:28.657731+00:00
841,1.0759999999999998,2026-09-24T08:32:28.659244+00:00
842,1.008,2026-09-24T08:32:28.660748+00:00
843,1.012,2026-09-24T08:32:28.662220+00:00
844,1.029,2026-09-24T08:32:28.663710+00:00
845,0.995,2026-09-24T08:32:28.665149+00:00
846,0.7829999999999999,2026-09-24T08:32:28.666399+00:00
847,0.762,2026-09-24T08:32:28.667832+00:00
848,0.798,2026-09-24T08:32:28.669493+00:00
849,0.853,2026-09-24T08:32:28.671149+00:00
850,0.762,2026-09-24T08:32:28.672615+00:00
851,0.945,2026-09-24T08:32:28.674273+00:00
852,0.7929999999999999,2026-09-24T08:32:28.675663+00:00
853,0.735,2026-09-24T08:32:28.676953+00:00
854,0.763,2026-09-24T08:32:28.678304+00:00
855,0.6970000000000001,2026-09-24T08:32:28.679530+00:00
856,0.7969999999999999,2026-09-24T08:32:28.680990+00:00
857,0.696,2026-09-24T08:32:28.682306+00:00
858,0.934,2026-09-24T08:32:28.683809+00:00
859,0.764,2026-09-24T08:32:28.684886+00:00
860,0.8450000000000001,2026-09-24T08:32:28.686228+00:00
861,1.478,2026-09-24T08:32:28.688389+00:00
862,1.456,2026-09-24T08:32:28.690328+00:00
863,1.111,2026-09-24T08:32:28.692086+00:00
864,0.834,2026-09-24T08:32:28.693516+00:00
865,0.712,2026-09-24T08:32:28.694701+00:00
866,0.6849999999999999,2026-09-24T08:32:28.695900+00:00
867,0.669,2026-09-24T08:32:28.697103+00:00
868,0.709,2026-09-24T08:32:28.698302+00:00
869,0.637,2026-09-24T08:32:28.699432+00:00
870,0.653,2026-09-24T08:32:28.700565+00:00
871,0.794,2026-09-24T08:32:28.701832+00:00
872,0.684,2026-09-24T08:32:28.702733+00:00
873,0.626,2026-09-24T08:32:28.703655+00:00
874,0.6809999999999999,2026-09-24T08:32:28.704663+00:00
875,0.508,2026-09-24T08:32:28.705488+00:00
876,0.495,2026-09-24T08:32:28.706403+00:00
877,0.49299999999999994,2026-09-24T08:32:28.707383+00:00
878,0.55,2026-09-24T08:32:28.708489+00:00
879,0.48899999999999993,2026-09-24T08:32:28.709427+00:00
880,0.47300000000000003,2026-09-24T08:32:28.710407+00:00
881,0.574,2026-09-24T08:32:28.711487+00:00
882,0.513,2026-09-24T08:32:28.712452+00:00
883,0.465,2026-09-24T08:32:28.713390+00:00
884,0.449,2026-09-24T08:32:28.714329+00:00
885,0.467,2026-09-24T08:32:28.715319+00:00
886,0.484,2026-09-24T08:32:28.716313+00:00
887,0.449,2026-09-24T08:32:28.717265+00:00
888,0.496,2026-09-24T08:32:28.718256+00:00
889,0.464,2026-09-24T08:32:28.719185+00:00
890,0.49,2026-09-24T08:32:28.720151+00:00
891,0.44499999999999995,2026-09-24T08:32:28.721083+00:00
892,0.477,2026-09-24T08:32:28.722130+00:00
893,0.47300000000000003,2026-09-24T08:32:28.723078+00:00
894,0.484,2026-09-24T08:32:28.724053+00:00
895,0.433,2026-09-24T08:32:28.724957+00:00
896,0.438,2026-09-24T08:32:28.725886+00:00
897,0.451,2026-09-24T08:32:28.727004+00:00
898,0.496,2026-09-24T08:32:28.727990+00:00
899,0.46799999999999997,2026-09-24T08:32:28.728963+00:00
900,0.474,2026-09-24T08:32:28.729923+00:00
901,0.465,2026-09-24T08:32:28.730905+00:00
902,0.518,2026-09-24T08:32:28.731896+00:00
903,0.481,2026-09-24T08:32:28.732852+00:00
904,0.475,2026-09-24T08:32:28.733808+00:00
905,0.451,2026-09-24T08:32:28.734741+00:00
906,0.479,2026-09-24T08:32:28.735724+00:00
907,0.465,2026-09-24T08:32:28.736751+00:00
908,0.465,2026-09-24T08:32:28.737704+00:00
909,0.49,2026-09-24T08:32:28.738692+00:00
910,0.48000000000000004,2026-09-24T08:32:28.739643+00:00
911,0.448,2026-09-24T08:32:28.740584+00:00
912,0.456,2026-09-24T08:32:28.741530+00:00
913,0.46,2026-09-24T08:32:28.742481+00:00
914,0.47600000000000003,2026-09-24T08:32:28.743431+00:00
915,0.444,2026-09-24T08:32:28.744327+00:00
916,0.491,2026-09-24T08:32:28.745350+00:00
917,0.46599999999999997,2026-09-24T08:32:28.746287+00:00
918,0.46,2026-09-24T08:32:28.747204+00:00
919,0.457,2026-09-24T08:32:28.748130+00:00
920,0.458,2026-09-24T08:32:28.749108+00:00
921,0.451,2026-09-24T08:32:28.750044+00:00
922,0.462,2026-09-24T08:32:28.751092+00:00
923,0.472,2026-09-24T08:32:28.752074+00:00
924,0.447,2026-09-24T08:32:28.753021+00:00
925,0.474,2026-09-24T08:32:28.753963+00:00
926,0.456,2026-09-24T08:32:28.754912+00:00
927,0.491,2026-09-24T08:32:28.755883+00:00
928,0.467,2026-09-24T08:32:28.756811+00:00
929,0.477,2026-09-24T08:32:28.757773+00:00
930,0.45199999999999996,2026-09-24T08:32:28.758704+00:00
931,0.46599999999999997,2026-09-24T08:32:28.759628+00:00
932,0.442,2026-09-24T08:32:28.760539+00:00
933,0.505,2026-09-24T08:32:28.761531+00:00
934,0.483,2026-09-24T08:32:28.762507+00:00
935,0.479,2026-09-24T08:32:28.763492+00:00
936,0.47100000000000003,2026-09-24T08:32:28.764439+00:00
937,0.48700000000000004,2026-09-24T08:32:28.765482+00:00
938,0.441,2026-09-24T08:32:28.766404+00:00
939,0.428,2026-09-24T08:32:28.767319+00:00
940,0.43600000000000005,2026-09-24T08:32:28.768256+00:00
941,0.451,2026-09-24T08:32:28.769203+00:00
942,0.45899999999999996,2026-09-24T08:32:28.770157+00:00
943,0.475,2026-09-24T08:32:28.771103+00:00
944,0.46799999999999997,2026-09-24T08:32:28.772059+00:00
945,0.451,2026-09-24T08:32:28.772994+00:00
946,0.46099999999999997,2026-09-24T08:32:28.773946+00:00
947,0.462,2026-09-24T08:32:28.774922+00:00
948,0.47,2026-09-24T08:32:28.775874+00:00
949,0.439,2026-09-24T08:32:28.776811+00:00
950,0.47,2026-09-24T08:32:28.777755+00:00
951,0.5,2026-09-24T08:32:28.778755+00:00
952,0.484,2026-09-24T08:32:28.779793+00:00
953,0.475,2026-09-24T08:32:28.780759+00:00
954,0.47300000000000003,2026-09-24T08:32:28.781721+00:00
955,0.482,2026-09-24T08:32:28.782676+00:00
956,0.679,2026-09-24T08:32:28.784037+00:00
957,0.53,2026-09-24T08:32:28.785142+00:00
958,0.477,2026-09-24T08:32:28.786157+00:00
959,0.46900000000000003,2026-09-24T08:32:28.787136+00:00
960,0.46900000000000003,2026-09-24T08:32:28.788111+00:00
961,0.46,2026-09-24T08:32:28.789073+00:00
962,0.671,2026-09-24T08:32:28.790238+00:00
963,0.696,2026-09-24T08:32:28.791494+00:00
964,0.624,2026-09-24T08:32:28.792568+00:00
965,0.601,2026-09-24T08:32:28.793642+00:00
966,0.597,2026-09-24T08:32:28.794702+00:00
967,0.58,2026-09-24T08:32:28.795770+00:00
968,0.63,2026-09-24T08:32:28.796845+00:00
969,0.609,2026-09-24T08:32:28.797892+00:00
970,0.662,2026-09-24T08:32:28.798987+00:00
971,0.5680000000000001,2026-09-24T08:32:28.800006+00:00
972,0.626,2026-09-24T08:32:28.801119+00:00
973,0.63,2026-09-24T08:32:28.802244+00:00
974,0.615,2026-09-24T08:32:28.803305+00:00
975,0.5559999999999999,2026-09-24T08:32:28.804297+00:00
976,0.571,2026-09-24T08:32:28.805456+00:00
977,0.526,2026-09-24T08:32:28.806525+00:00
978,0.522,2026-09-24T08:32:28.807562+00:00
979,0.472,2026-09-24T08:32:28.808555+00:00
980,0.5199999999999999,2026-09-24T08:32:28.809588+00:00
981,0.521,2026-09-24T08:32:28.810810+00:00
982,0.532,2026-09-24T08:32:28.811881+00:00
983,0.517,2026-09-24T08:32:28.812953+00:00
984,0.5339999999999999,2026-09-24T08:32:28.814001+00:00
985,0.506,2026-09-24T08:32:28.815009+00:00
986,0.509,2026-09-24T08:32:28.816070+00:00
987,0.481,2026-09-24T08:32:28.817082+00:00
988,0.483,2026-09-24T08:32:28.818088+00:00
989,0.491,2026-09-24T08:32:28.819133+00:00
990,0.519,2026-09-24T08:32:28.820177+00:00
991,0.49,2026-09-24T08:32:28.821235+00:00
992,0.504,2026-09-24T08:32:28.822274+00:00
993,0.491,2026-09-24T08:32:28.823266+00:00
994,0.48000000000000004,2026-09-24T08:32:28.824264+00:00
995,0.474,2026-09-24T08:32:28.825234+00:00
996,0.502,2026-09-24T08:32:28.826382+00:00
997,0.477,2026-09-24T08:32:28.827392+00:00
998,0.47600000000000003,2026-09-24T08:32:28.828401+00:00
999,0.513,2026-09-24T08:32:28.829444+00:00
1000,0.523,2026-09-24T08:32:28.830463+00:00
1001,0.5479999999999999,2026-09-24T08:32:28.831517+00:00
1002,0.5429999999999999,2026-09-24T08:32:28.832619+00:00
1003,0.524,2026-09-24T08:32:28.833673+00:00
1004,0.49299999999999994,2026-09-24T08:32:28.834688+00:00
1005,0.488,2026-09-24T08:32:28.835666+00:00
1006,0.49299999999999994,2026-09-24T08:32:28.836662+00:00
1007,0.483,2026-09-24T08:32:28.837674+00:00
1008,0.517,2026-09-24T08:32:28.838699+00:00
1009,0.518,2026-09-24T08:32:28.839731+00:00
1010,0.48700000000000004,2026-09-24T08:32:28.840711+00:00
1011,0.505,2026-09-24T08:32:28.841871+00:00
1012,0.5,2026-09-24T08:32:28.842894+00:00
1013,0.486,2026-09-24T08:32:28.843928+00:00
1014,0.507,2026-09-24T08:32:28.844985+00:00
1015,0.49799999999999994,2026-09-24T08:32:28.846005+00:00
1016,0.506,2026-09-24T08:32:28.847049+00:00
1017,0.47800000000000004,2026-09-24T08:32:28.848050+00:00
1018,0.519,2026-09-24T08:32:28.849115+00:00
1019,0.484,2026-09-24T08:32:28.850127+00:00
1020,0.477,2026-09-24T08:32:28.851132+00:00
1021,0.488,2026-09-24T08:32:28.852129+00:00
1022,0.46599999999999997,2026-09-24T08:32:28.853139+00:00
1023,0.481,2026-09-24T08:32:28.854154+00:00
1024,0.482,2026-09-24T08:32:28.855167+00:00
1025,0.508,2026-09-24T08:32:28.856179+00:00
1026,0.496,2026-09-24T08:32:28.857288+00:00
1027,0.521,2026-09-24T08:32:28.858337+00:00
1028,0.87,2026-09-24T08:32:28.859948+00:00
1029,0.755,2026-09-24T08:32:28.861464+00:00
1030,0.727,2026-09-24T08:32:28.862895+00:00
1031,0.721,2026-09-24T08:32:28.864288+00:00
1032,0.708,2026-09-24T08:32:28.865678+00:00
1033,0.752,2026-09-24T08:32:28.867077+00:00
1034,0.7200000000000001,2026-09-24T08:32:28.868508+00:00
1035,1.125,2026-09-24T08:32:28.870331+00:00
1036,1.017,2026-09-24T08:32:28.871604+00:00
1037,0.9790000000000001,2026-09-24T08:32:28.873348+00:00
1038,0.741,2026-09-24T08:32:28.874703+00:00
1039,0.679,2026-09-24T08:32:28.875909+00:00
1040,0.754,2026-09-24T08:32:28.877149+00:00
1041,0.82,2026-09-24T08:32:28.878705+00:00
1042,1.012,2026-09-24T08:32:28.880148+00:00
1043,0.819,2026-09-24T08:32:28.881528+00:00
1044,0.7829999999999999,2026-09-24T08:32:28.882903+00:00
1045,0.759,2026-09-24T08:32:28.884314+00:00
1046,0.757,2026-09-24T08:32:28.885674+00:00
1047,0.785,2026-09-24T08:32:28.887100+00:00
1048,0.791,2026-09-24T08:32:28.888537+00:00
1049,0.823,2026-09-24T08:32:28.890027+00:00
1050,0.675,2026-09-24T08:32:28.891200+00:00
1051,0.652,2026-09-24T08:32:28.892395+00:00
1052,0.858,2026-09-24T08:32:28.893796+00:00
1053,0.675,2026-09-24T08:32:28.894757+00:00
1054,0.5770000000000001,2026-09-24T08:32:28.895777+00:00
1055,0.614,2026-09-24T08:32:28.897052+00:00
1056,0.527,2026-09-24T08:32:28.898151+00:00
1057,0.554,2026-09-24T08:32:28.899242+00:00
1058,0.535,2026-09-24T08:32:28.900326+00:00
1059,0.539,2026-09-24T08:32:28.901405+00:00
1060,0.553,2026-09-24T08:32:28.902504+00:00
1061,0.53,2026-09-24T08:32:28.903558+00:00
1062,0.54,2026-09-24T08:32:28.904643+00:00
1063,0.524,2026-09-24T08:32:28.905693+00:00
1064,0.505,2026-09-24T08:32:28.906730+00:00
1065,0.522,2026-09-24T08:32:28.907803+00:00
1066,0.628,2026-09-24T08:32:28.908965+00:00
1067,0.815,2026-09-24T08:32:28.910456+00:00
1068,0.716,2026-09-24T08:32:28.911833+00:00
1069,0.714,2026-09-24T08:32:28.913271+00:00
1070,0.733,2026-09-24T08:32:28.914838+00:00
1071,0.74,2026-09-24T08:32:28.916246+00:00
1072,0.6859999999999999,2026-09-24T08:32:28.917596+00:00
1073,0.749,2026-09-24T08:32:28.918982+00:00
1074,0.708,2026-09-24T08:32:28.920374+00:00
1075,0.71,2026-09-24T08:32:28.921800+00:00
1076,0.6629999999999999,2026-09-24T08:32:28.923125+00:00
1077,0.728,2026-09-24T08:32:28.924565+00:00
1078,0.7150000000000001,2026-09-24T08:32:28.926013+00:00
1079,0.6809999999999999,2026-09-24T08:32:28.927387+00:00
1080,0.732,2026-09-24T08:32:28.928785+00:00
1081,0.755,2026-09-24T08:32:28.930196+00:00
1082,0.6669999999999999,2026-09-24T08:32:28.931563+00:00
1083,0.696,2026-09-24T08:32:28.932942+00:00
1084,0.7,2026-09-24T08:32:28.934335+00:00
1085,0.768,2026-09-24T08:32:28.935943+00:00
1086,0.777,2026-09-24T08:32:28.937525+00:00
1087,0.761,2026-09-24T08:32:28.939059+00:00
1088,0.7060000000000001,2026-09-24T08:32:28.940501+00:00
1089,1.055,2026-09-24T08:32:28.942493+00:00
1090,0.9309999999999999,2026-09-24T08:32:28.944178+00:00
1091,0.758,2026-09-24T08:32:28.945647+00:00
1092,1.137,2026-09-24T08:32:28.947507+00:00
1093,0.865,2026-09-24T08:32:28.948736+00:00
1094,0.832,2026-09-24T08:32:28.950161+00:00
1095,0.771,2026-09-24T08:32:28.951585+00:00
1096,0.885,2026-09-24T08:32:28.953210+00:00
1097,0.789,2026-09-24T08:32:28.954700+00:00
1098,0.772,2026-09-24T08:32:28.956222+00:00
1099,0.799,2026-09-24T08:32:28.957706+00:00
1100,0.791,2026-09-24T08:32:28.959374+00:00
1101,0.8720000000000001,2026-09-24T08:32:28.961220+00:00
1102,0.66,2026-09-24T08:32:28.962488+00:00
1103,0.857,2026-09-24T08:32:28.963990+00:00
1104,0.66,2026-09-24T08:32:28.965269+00:00
1105,0.632,2026-09-24T08:32:28.966433+00:00
1106,0.5810000000000001,2026-09-24T08:32:28.967530+00:00
1107,0.606,2026-09-24T08:32:28.968638+00:00
1108,0.589,2026-09-24T08:32:28.969721+00:00
1109,0.597,2026-09-24T08:32:28.970875+00:00
1110,0.545,2026-09-24T08:32:28.972131+00:00
1111,0.7919999999999999,2026-09-24T08:32:28.973478+00:00
1112,0.723,2026-09-24T08:32:28.974473+00:00
1113,0.725,2026-09-24T08:32:28.975609+00:00
1114,0.656,2026-09-24T08:32:28.976705+00:00
1115,0.733,2026-09-24T08:32:28.978126+00:00
1116,0.8180000000000001,2026-09-24T08:32:28.979391+00:00
1117,0.9940000000000001,2026-09-24T08:32:28.980832+00:00
1118,0.832,2026-09-24T08:32:28.982269+00:00
1119,0.7649999999999999,2026-09-24T08:32:28.983514+00:00
1120,0.6809999999999999,2026-09-24T08:32:28.984616+00:00
1121,0.717,2026-09-24T08:32:28.985759+00:00
1122,0.53,2026-09-24T08:32:28.986691+00:00
1123,0.656,2026-09-24T08:32:28.987840+00:00
1124,0.494,2026-09-24T08:32:28.988719+00:00
1125,0.483,2026-09-24T08:32:28.989718+00:00
1126,0.9990000000000001,2026-09-24T08:32:28.991265+00:00
1127,0.8490000000000001,2026-09-24T08:32:28.992145+00:00
1128,0.712,2026-09-24T08:32:28.993042+00:00
1129,0.671,2026-09-24T08:32:28.994161+00:00
1130,0.665,2026-09-24T08:32:28.995158+00:00
1131,0.671,2026-09-24T08:32:28.996152+00:00
1132,0.6930000000000001,2026-09-24T08:32:28.997175+00:00
1133,0.763,2026-09-24T08:32:28.998372+00:00
1134,0.6589999999999999,2026-09-24T08:32:28.999344+00:00
1135,0.683,2026-09-24T08:32:29.000350+00:00
1136,0.647,2026-09-24T08:32:29.001347+00:00
1137,0.6769999999999999,2026-09-24T08:32:29.002393+00:00
1138,0.632,2026-09-24T08:32:29.003370+00:00
1139,0.726,2026-09-24T08:32:29.004475+00:00
1140,0.661,2026-09-24T08:32:29.005430+00:00
1141,0.734,2026-09-24T08:32:29.006818+00:00
1142,0.5609999999999999,2026-09-24T08:32:29.007854+00:00
1143,0.528,2026-09-24T08:32:29.008894+00:00
1144,0.771,2026-09-24T08:32:29.010482+00:00
1145,0.887,2026-09-24T08:32:29.012040+00:00
1146,0.742,2026-09-24T08:32:29.013332+00:00
1147,0.767,2026-09-24T08:32:29.014619+00:00
1148,0.7010000000000001,2026-09-24T08:32:29.015791+00:00
1149,0.759,2026-09-24T08:32:29.017059+00:00
1150,0.712,2026-09-24T08:32:29.018266+00:00
1151,0.7060000000000001,2026-09-24T08:32:29.019516+00:00
1152,0.578,2026-09-24T08:32:29.020545+00:00
1153,0.539,2026-09-24T08:32:29.021547+00:00
1154,0.571,2026-09-24T08:32:29.022644+00:00
1155,0.521,2026-09-24T08:32:29.023678+00:00
1156,0.728,2026-09-24T08:32:29.024901+00:00
1157,0.609,2026-09-24T08:32:29.026231+00:00
1158,0.723,2026-09-24T08:32:29.027557+00:00
1159,0.683,2026-09-24T08:32:29.028921+00:00
1160,0.627,2026-09-24T08:32:29.030137+00:00
1161,0.902,2026-09-24T08:32:29.031653+00:00
1162,1.083,2026-09-24T08:32:29.033564+00:00
1163,0.906,2026-09-24T08:32:29.035090+00:00
1164,0.728,2026-09-24T08:32:29.036244+00:00
1165,0.597,2026-09-24T08:32:29.037357+00:00
1166,0.608,2026-09-24T08:32:29.038512+00:00
1167,0.559,2026-09-24T08:32:29.039681+00:00
1168,0.848,2026-09-24T08:32:29.041395+00:00
1169,0.673,2026-09-24T08:32:29.042737+00:00
1170,0.635,2026-09-24T08:32:29.043968+00:00
1171,0.603,2026-09-24T08:32:29.045147+00:00
1172,0.585,2026-09-24T08:32:29.046309+00:00
1173,0.694,2026-09-24T08:32:29.047558+00:00
1174,1.178,2026-09-24T08:32:29.049581+00:00
1175,0.919,2026-09-24T08:32:29.051224+00:00
1176,0.694,2026-09-24T08:32:29.052455+00:00
1177,0.679,2026-09-24T08:32:29.053620+00:00
1178,0.707,2026-09-24T08:32:29.054816+00:00
1179,1.189,2026-09-24T08:32:29.056501+00:00
1180,0.82,2026-09-24T08:32:29.058062+00:00
1181,1.027,2026-09-24T08:32:29.059754+00:00
1182,0.8009999999999999,2026-09-24T08:32:29.060727+00:00
1183,1.124,2026-09-24T08:32:29.062554+00:00
1184,0.838,2026-09-24T08:32:29.063907+00:00
1185,0.7020000000000001,2026-09-24T08:32:29.065160+00:00
1186,0.747,2026-09-24T08:32:29.066636+00:00
1187,0.571,2026-09-24T08:32:29.067786+00:00
1188,0.507,2026-09-24T08:32:29.068935+00:00
1189,0.5720000000000001,2026-09-24T08:32:29.069957+00:00
1190,0.49799999999999994,2026-09-24T08:32:29.070898+00:00
1191,0.53,2026-09-24T08:32:29.071853+00:00
1192,0.506,2026-09-24T08:32:29.072792+00:00
1193,0.515,2026-09-24T08:32:29.073730+00:00
1194,0.49200000000000005,2026-09-24T08:32:29.074653+00:00
1195,0.53,2026-09-24T08:32:29.075606+00:00
1196,0.566,2026-09-24T08:32:29.076751+00:00
1197,0.549,2026-09-24T08:32:29.077750+00:00
1198,0.515,2026-09-24T08:32:29.078690+00:00
1199,0.5479999999999999,2026-09-24T08:32:29.079715+00:00
1200,0.5479999999999999,2026-09-24T08:32:29.080678+00:00
1201,0.5419999999999999,2026-09-24T08:32:29.081667+00:00
1202,0.629,2026-09-24T08:32:29.082752+00:00
1203,0.5770000000000001,2026-09-24T08:32:29.083836+00:00
1204,0.569,2026-09-24T08:32:29.084832+00:00
1205,0.536,2026-09-24T08:32:29.085797+00:00
1206,0.545,2026-09-24T08:32:29.086775+00:00
1207,0.518,2026-09-24T08:32:29.087706+00:00
1208,0.507,2026-09-24T08:32:29.088622+00:00
1209,0.521,2026-09-24T08:32:29.089546+00:00
1210,0.562,2026-09-24T08:32:29.090647+00:00
1211,0.532,2026-09-24T08:32:29.091660+00:00
1212,0.546,2026-09-24T08:32:29.092687+00:00
1213,0.558,2026-09-24T08:32:29.093696+00:00
1214,0.593,2026-09-24T08:32:29.094786+00:00
1215,0.5289999999999999,2026-09-24T08:32:29.095713+00:00
1216,0.528,2026-09-24T08:32:29.096611+00:00
1217,0.5670000000000001,2026-09-24T08:32:29.097537+00:00
1218,0.5569999999999999,2026-09-24T08:32:29.098573+00:00
1219,0.5760000000000001,2026-09-24T08:32:29.099565+00:00
1220,0.5429999999999999,2026-09-24T08:32:29.100471+00:00
1221,0.574,2026-09-24T08:32:29.101534+00:00
1222,0.549,2026-09-24T08:32:29.102764+00:00
1223,0.637,2026-09-24T08:32:29.103971+00:00
1224,0.653,2026-09-24T08:32:29.105078+00:00
1225,0.866,2026-09-24T08:32:29.106710+00:00
1226,0.619,2026-09-24T08:32:29.108079+00:00
1227,0.558,2026-09-24T08:32:29.109212+00:00
1228,0.5429999999999999,2026-09-24T08:32:29.110286+00:00
1229,0.5720000000000001,2026-09-24T08:32:29.111528+00:00
1230,0.5339999999999999,2026-09-24T08:32:29.112633+00:00
1231,0.528,2026-09-24T08:32:29.113715+00:00
1232,0.514,2026-09-24T08:32:29.114775+00:00
1233,0.526,2026-09-24T08:32:29.116044+00:00
1234,0.496,2026-09-24T08:32:29.117130+00:00
1235,0.531,2026-09-24T08:32:29.118205+00:00
1236,0.502,2026-09-24T08:32:29.119249+00:00
1237,0.516,2026-09-24T08:32:29.120303+00:00
1238,1.0330000000000001,2026-09-24T08:32:29.121925+00:00
1239,0.643,2026-09-24T08:32:29.122586+00:00
1240,0.524,2026-09-24T08:32:29.123599+00:00
1241,0.501,2026-09-24T08:32:29.124598+00:00
1242,0.514,2026-09-24T08:32:29.125612+00:00
1243,0.49700000000000005,2026-09-24T08:32:29.126570+00:00
1244,0.49299999999999994,2026-09-24T08:32:29.127549+00:00
1245,0.505,2026-09-24T08:32:29.128522+00:00
1246,0.531,2026-09-24T08:32:29.129545+00:00
1247,0.5289999999999999,2026-09-24T08:32:29.130572+00:00
1248,0.51,2026-09-24T08:32:29.131667+00:00
1249,0.546,2026-09-24T08:32:29.132869+00:00
1250,0.5,2026-09-24T08:32:29.134048+00:00
1251,0.8270000000000001,2026-09-24T08:32:29.135551+00:00
1252,0.891,2026-09-24T08:32:29.137015+00:00
1253,0.694,2026-09-24T08:32:29.138335+00:00
1254,0.68,2026-09-24T08:32:29.139685+00:00
1255,0.704,2026-09-24T08:32:29.141038+00:00
1256,0.648,2026-09-24T08:32:29.142251+00:00
1257,0.6880000000000001,2026-09-24T08:32:29.143495+00:00
1258,0.79,2026-09-24T08:32:29.145055+00:00
1259,0.611,2026-09-24T08:32:29.146284+00:00
1260,0.499,2026-09-24T08:32:29.147285+00:00
1261,0.823,2026-09-24T08:32:29.148622+00:00
1262,0.665,2026-09-24T08:32:29.149577+00:00
1263,0.605,2026-09-24T08:32:29.150471+00:00
1264,0.49299999999999994,2026-09-24T08:32:29.151358+00:00
1265,0.5670000000000001,2026-09-24T08:32:29.152472+00:00
1266,0.526,2026-09-24T08:32:29.153521+00:00
1267,0.592,2026-09-24T08:32:29.154616+00:00
1268,0.537,2026-09-24T08:32:29.155723+00:00
1269,0.516,2026-09-24T08:32:29.156749+00:00
1270,0.699,2026-09-24T08:32:29.158076+00:00
1271,0.533,2026-09-24T08:32:29.159162+00:00
1272,0.44499999999999995,2026-09-24T08:32:29.160095+00:00
1273,0.48500000000000004,2026-09-24T08:32:29.161153+00:00
1274,0.499,2026-09-24T08:32:29.162205+00:00
1275,0.47600000000000003,2026-09-24T08:32:29.163155+00:00
1276,0.444,2026-09-24T08:32:29.164090+00:00
1277,0.482,2026-09-24T08:32:29.165215+00:00
1278,0.475,2026-09-24T08:32:29.166215+00:00
1279,0.46799999999999997,2026-09-24T08:32:29.167212+00:00
1280,0.453,2026-09-24T08:32:29.168175+00:00
1281,0.483,2026-09-24T08:32:29.169150+00:00
1282,0.439,2026-09-24T08:32:29.170088+00:00
1283,0.495,2026-09-24T08:32:29.171093+00:00
1284,0.48899999999999993,2026-09-24T08:32:29.172085+00:00
1285,0.467,2026-09-24T08:32:29.173058+00:00
1286,0.47300000000000003,2026-09-24T08:32:29.174044+00:00
1287,0.499,2026-09-24T08:32:29.175108+00:00
1288,0.462,2026-09-24T08:32:29.176077+00:00
1289,0.449,2026-09-24T08:32:29.177085+00:00
1290,0.421,2026-09-24T08:32:29.178055+00:00
1291,0.6930000000000001,2026-09-24T08:32:29.179286+00:00
1292,0.664,2026-09-24T08:32:29.180318+00:00
1293,0.717,2026-09-24T08:32:29.181357+00:00
1294,0.675,2026-09-24T08:32:29.182385+00:00
1295,0.695,2026-09-24T08:32:29.183485+00:00
1296,0.684,2026-09-24T08:32:29.184496+00:00
1297,0.64,2026-09-24T08:32:29.185466+00:00
1298,0.867,2026-09-24T08:32:29.186903+00:00
1299,0.7829999999999999,2026-09-24T08:32:29.188287+00:00
1300,0.9,2026-09-24T08:32:29.189960+00:00
1301,0.95,2026-09-24T08:32:29.191782+00:00
1302,0.8180000000000001,2026-09-24T08:32:29.193069+00:00
1303,0.772,2026-09-24T08:32:29.194523+00:00
1304,0.519,2026-09-24T08:32:29.195554+00:00
1305,0.533,2026-09-24T08:32:29.196582+00:00
1306,0.482,2026-09-24T08:32:29.197565+00:00
1307,0.531,2026-09-24T08:32:29.198702+00:00
1308,0.8180000000000001,2026-09-24T08:32:29.200376+00:00
1309,0.8140000000000001,2026-09-24T08:32:29.201986+00:00
1310,0.776,2026-09-24T08:32:29.203521+00:00
1311,0.86,2026-09-24T08:32:29.205124+00:00
1312,0.764,2026-09-24T08:32:29.206668+00:00
1313,0.6669999999999999,2026-09-24T08:32:29.208018+00:00
1314,0.596,2026-09-24T08:32:29.209303+00:00
1315,0.629,2026-09-24T08:32:29.210636+00:00
1316,0.6040000000000001,2026-09-24T08:32:29.211954+00:00
1317,0.606,2026-09-24T08:32:29.213291+00:00
1318,0.63,2026-09-24T08:32:29.214621+00:00
1319,0.696,2026-09-24T08:32:29.215971+00:00
1320,0.6040000000000001,2026-09-24T08:32:29.217254+00:00
1321,0.8059999999999999,2026-09-24T08:32:29.218742+00:00
1322,0.823,2026-09-24T08:32:29.220246+00:00
1323,0.8140000000000001,2026-09-24T08:32:29.221614+00:00
1324,0.7020000000000001,2026-09-24T08:32:29.222772+00:00
1325,0.878,2026-09-24T08:32:29.224440+00:00
1326,0.6970000000000001,2026-09-24T08:32:29.225730+00:00
1327,0.8180000000000001,2026-09-24T08:32:29.227149+00:00
1328,0.773,2026-09-24T08:32:29.228390+00:00
1329,0.78,2026-09-24T08:32:29.229607+00:00
1330,0.707,2026-09-24T08:32:29.230768+00:00
1331,0.657,2026-09-24T08:32:29.232033+00:00
1332,0.684,2026-09-24T08:32:29.233341+00:00
1333,0.6489999999999999,2026-09-24T08:32:29.234656+00:00
1334,0.66,2026-09-24T08:32:29.235977+00:00
1335,0.6539999999999999,2026-09-24T08:32:29.237292+00:00
1336,0.8059999999999999,2026-09-24T08:32:29.238924+00:00
1337,0.821,2026-09-24T08:32:29.240248+00:00
1338,0.8130000000000001,2026-09-24T08:32:29.241637+00:00
1339,0.85,2026-09-24T08:32:29.242992+00:00
1340,0.7929999999999999,2026-09-24T08:32:29.244317+00:00
1341,0.8069999999999999,2026-09-24T08:32:29.245611+00:00
1342,0.8,2026-09-24T08:32:29.246960+00:00
1343,0.778,2026-09-24T08:32:29.248251+00:00
1344,0.7919999999999999,2026-09-24T08:32:29.249562+00:00
1345,0.6809999999999999,2026-09-24T08:32:29.250744+00:00
1346,0.629,2026-09-24T08:32:29.251953+00:00
1347,0.8099999999999999,2026-09-24T08:32:29.253444+00:00
1348,0.7789999999999999,2026-09-24T08:32:29.254814+00:00
1349,0.777,2026-09-24T08:32:29.256168+00:00
1350,0.596,2026-09-24T08:32:29.257221+00:00
1351,0.722,2026-09-24T08:32:29.258600+00:00
1352,0.541,2026-09-24T08:32:29.259492+00:00
1353,0.58,2026-09-24T08:32:29.260718+00:00
1354,0.7829999999999999,2026-09-24T08:32:29.262075+00:00
1355,0.592,2026-09-24T08:32:29.262989+00:00
1356,0.506,2026-09-24T08:32:29.263976+00:00
1357,0.48899999999999993,2026-09-24T08:32:29.264964+00:00
1358,0.482,2026-09-24T08:32:29.265966+00:00
1359,0.495,2026-09-24T08:32:29.266974+00:00
1360,0.665,2026-09-24T08:32:29.268189+00:00
1361,0.5109999999999999,2026-09-24T08:32:29.269045+00:00
1362,0.691,2026-09-24T08:32:29.270425+00:00
1363,0.546,2026-09-24T08:32:29.271611+00:00
1364,0.5109999999999999,2026-09-24T08:32:29.272663+00:00
1365,0.825,2026-09-24T08:32:29.274017+00:00
1366,0.786,2026-09-24T08:32:29.275140+00:00
1367,0.7829999999999999,2026-09-24T08:32:29.276254+00:00
1368,0.674,2026-09-24T08:32:29.277240+00:00
1369,0.541,2026-09-24T08:32:29.278151+00:00
1370,0.671,2026-09-24T08:32:29.279293+00:00
1371,0.5469999999999999,2026-09-24T08:32:29.280157+00:00
1372,0.506,2026-09-24T08:32:29.281123+00:00
1373,0.496,2026-09-24T08:32:29.282101+00:00
1374,0.5199999999999999,2026-09-24T08:32:29.283149+00:00
1375,0.508,2026-09-24T08:32:29.284156+00:00
1376,0.488,2026-09-24T08:32:29.285142+00:00
1377,0.536,2026-09-24T08:32:29.286257+00:00
1378,0.502,2026-09-24T08:32:29.287334+00:00
1379,0.518,2026-09-24T08:32:29.288354+00:00
1380,0.488,2026-09-24T08:32:29.289346+00:00
1381,0.49,2026-09-24T08:32:29.290463+00:00
1382,0.479,2026-09-24T08:32:29.291443+00:00
1383,0.49200000000000005,2026-09-24T08:32:29.292426+00:00
1384,0.515,2026-09-24T08:32:29.293461+00:00
1385,0.508,2026-09-24T08:32:29.294678+00:00
1386,0.512,2026-09-24T08:32:29.295701+00:00
1387,0.7240000000000001,2026-09-24T08:32:29.296930+00:00
1388,0.526,2026-09-24T08:32:29.298065+00:00
1389,0.523,2026-09-24T08:32:29.299162+00:00
1390,0.536,2026-09-24T08:32:29.300243+00:00
1391,0.49200000000000005,2026-09-24T08:32:29.301181+00:00
1392,0.491,2026-09-24T08:32:29.302154+00:00
1393,0.472,2026-09-24T08:32:29.303081+00:00
1394,0.482,2026-09-24T08:32:29.304091+00:00
1395,0.486,2026-09-24T08:32:29.305067+00:00
1396,0.48700000000000004,2026-09-24T08:32:29.306141+00:00
1397,0.505,2026-09-24T08:32:29.307132+00:00
1398,0.49700000000000005,2026-09-24T08:32:29.308098+00:00
1399,0.48500000000000004,2026-09-24T08:32:29.309067+00:00
1400,0.495,2026-09-24T08:32:29.310024+00:00
1401,0.569,2026-09-24T08:32:29.311405+00:00
1402,0.539,2026-09-24T08:32:29.312481+00:00
1403,0.51,2026-09-24T08:32:29.313477+00:00
1404,0.555,2026-09-24T08:32:29.314485+00:00
1405,0.565,2026-09-24T08:32:29.315509+00:00
1406,0.495,2026-09-24T08:32:29.316496+00:00
1407,0.501,2026-09-24T08:32:29.317485+00:00
1408,0.48500000000000004,2026-09-24T08:32:29.318475+00:00
1409,0.5109999999999999,2026-09-24T08:32:29.319461+00:00
1410,0.574,2026-09-24T08:32:29.320613+00:00
1411,0.513,2026-09-24T08:32:29.321603+00:00
1412,0.46900000000000003,2026-09-24T08:32:29.322568+00:00
1413,0.472,2026-09-24T08:32:29.323553+00:00
1414,0.515,2026-09-24T08:32:29.324562+00:00
1415,0.46900000000000003,2026-09-24T08:32:29.325517+00:00
1416,0.499,2026-09-24T08:32:29.326497+00:00
1417,0.652,2026-09-24T08:32:29.327915+00:00
1418,0.5479999999999999,2026-09-24T08:32:29.328986+00:00
1419,0.524,2026-09-24T08:32:29.330033+00:00
1420,0.477,2026-09-24T08:32:29.331024+00:00
1421,0.46599999999999997,2026-09-24T08:32:29.331991+00:00
1422,0.456,2026-09-24T08:32:29.332979+00:00
1423,0.541,2026-09-24T08:32:29.334034+00:00
1424,0.51,2026-09-24T08:32:29.335006+00:00
1425,0.479,2026-09-24T08:32:29.336101+00:00
1426,0.514,2026-09-24T08:32:29.337117+00:00
1427,0.48700000000000004,2026-09-24T08:32:29.338093+00:00
1428,0.49,2026-09-24T08:32:29.339097+00:00
1429,0.486,2026-09-24T08:32:29.340097+00:00
1430,0.46900000000000003,2026-09-24T08:32:29.341078+00:00
1431,0.45199999999999996,2026-09-24T08:32:29.342056+00:00
1432,0.455,2026-09-24T08:32:29.343047+00:00
1433,0.457,2026-09-24T08:32:29.344033+00:00
1434,0.533,2026-09-24T08:32:29.345053+00:00
1435,0.554,2026-09-24T08:32:29.346078+00:00
1436,0.5519999999999999,2026-09-24T08:32:29.347047+00:00
1437,0.559,2026-09-24T08:32:29.348055+00:00
1438,0.636,2026-09-24T08:32:29.349126+00:00
1439,0.615,2026-09-24T08:32:29.350130+00:00
1440,0.598,2026-09-24T08:32:29.351190+00:00
1441,0.584,2026-09-24T08:32:29.352170+00:00
1442,0.5429999999999999,2026-09-24T08:32:29.353126+00:00
1443,0.579,2026-09-24T08:32:29.354141+00:00
1444,0.571,2026-09-24T08:32:29.355146+00:00
1445,0.5730000000000001,2026-09-24T08:32:29.356146+00:00
1446,0.554,2026-09-24T08:32:29.357114+00:00
1447,0.5630000000000001,2026-09-24T08:32:29.358096+00:00
1448,0.574,2026-09-24T08:32:29.359063+00:00
1449,0.5609999999999999,2026-09-24T08:32:29.360012+00:00
1450,0.535,2026-09-24T08:32:29.360980+00:00
1451,0.5509999999999999,2026-09-24T08:32:29.361969+00:00
1452,0.648,2026-09-24T08:32:29.363005+00:00
1453,0.633,2026-09-24T08:32:29.364133+00:00
1454,0.621,2026-09-24T08:32:29.365146+00:00
1455,0.728,2026-09-24T08:32:29.366539+00:00
1456,0.678,2026-09-24T08:32:29.367700+00:00
1457,0.641,2026-09-24T08:32:29.368760+00:00
1458,0.593,2026-09-24T08:32:29.369756+00:00
1459,0.5670000000000001,2026-09-24T08:32:29.370752+00:00
1460,0.5810000000000001,2026-09-24T08:32:29.371755+00:00
1461,0.5910000000000001,2026-09-24T08:32:29.372754+00:00
1462,0.5770000000000001,2026-09-24T08:32:29.373706+00:00
1463,0.519,2026-09-24T08:32:29.374603+00:00
1464,0.553,2026-09-24T08:32:29.375574+00:00
1465,0.587,2026-09-24T08:32:29.376565+00:00
1466,0.589,2026-09-24T08:32:29.377552+00:00
1467,0.905,2026-09-24T08:32:29.381760+00:00
1468,0.749,2026-09-24T08:32:29.383088+00:00
1469,0.703,2026-09-24T08:32:29.384438+00:00
1470,0.9129999999999999,2026-09-24T08:32:29.385990+00:00
1471,0.733,2026-09-24T08:32:29.387216+00:00
1472,0.62,2026-09-24T08:32:29.388406+00:00
1473,0.61,2026-09-24T08:32:29.389636+00:00
1474,0.622,2026-09-24T08:32:29.390866+00:00
1475,0.599,2026-09-24T08:32:29.392077+00:00
1476,0.7919999999999999,2026-09-24T08:32:29.393480+00:00
1477,0.816,2026-09-24T08:32:29.397651+00:00
1478,0.638,2026-09-24T08:32:29.398810+00:00
1479,0.622,2026-09-24T08:32:29.399935+00:00
1480,0.5469999999999999,2026-09-24T08:32:29.401007+00:00
1481,0.6,2026-09-24T08:32:29.402132+00:00
1482,0.742,2026-09-24T08:32:29.403429+00:00
1483,0.5810000000000001,2026-09-24T08:32:29.404385+00:00
1484,0.746,2026-09-24T08:32:29.405906+00:00
1485,0.575,2026-09-24T08:32:29.407002+00:00
1486,0.717,2026-09-24T08:32:29.408302+00:00
1487,0.637,2026-09-24T08:32:29.409459+00:00
1488,0.6539999999999999,2026-09-24T08:32:29.410723+00:00
1489,0.6449999999999999,2026-09-24T08:32:29.411821+00:00
1490,0.713,2026-09-24T08:32:29.413092+00:00
1491,0.631,2026-09-24T08:32:29.414223+00:00
1492,0.6859999999999999,2026-09-24T08:32:29.415462+00:00
1493,0.901,2026-09-24T08:32:29.416846+00:00
1494,0.8109999999999999,2026-09-24T08:32:29.418281+00:00
1495,0.832,2026-09-24T08:32:29.419721+00:00
1496,0.842,2026-09-24T08:32:29.421166+00:00
1497,0.843,2026-09-24T08:32:29.422546+00:00
1498,0.829,2026-09-24T08:32:29.423921+00:00
1499,0.785,2026-09-24T08:32:29.425389+00:00
1500,0.823,2026-09-24T08:32:29.426813+00:00
1501,0.812,2026-09-24T08:32:29.428204+00:00
1502,0.772,2026-09-24T08:32:29.429539+00:00
1503,0.749,2026-09-24T08:32:29.430812+00:00
1504,0.8540000000000001,2026-09-24T08:32:29.432201+00:00
1505,0.746,2026-09-24T08:32:29.433459+00:00
1506,0.74,2026-09-24T08:32:29.434751+00:00
1507,0.865,2026-09-24T08:32:29.436165+00:00
1508,0.891,2026-09-24T08:32:29.437595+00:00
1509,0.882,2026-09-24T08:32:29.439007+00:00
1510,0.784,2026-09-24T08:32:29.440379+00:00
1511,0.879,2026-09-24T08:32:29.441939+00:00
1512,0.8989999999999999,2026-09-24T08:32:29.443737+00:00
1513,0.829,2026-09-24T08:32:29.445223+00:00
1514,0.8400000000000001,2026-09-24T08:32:29.446869+00:00
1515,0.782,2026-09-24T08:32:29.448243+00:00
1516,0.834,2026-09-24T08:32:29.449620+00:00
1517,0.8400000000000001,2026-09-24T08:32:29.451047+00:00
1518,0.75,2026-09-24T08:32:29.452398+00:00
1519,0.768,2026-09-24T08:32:29.453767+00:00
1520,0.7929999999999999,2026-09-24T08:32:29.455135+00:00
1521,0.5900000000000001,2026-09-24T08:32:29.456293+00:00
1522,0.608,2026-09-24T08:32:29.457427+00:00
1523,0.587,2026-09-24T08:32:29.458515+00:00
1524,0.569,2026-09-24T08:32:29.459571+00:00
1525,0.842,2026-09-24T08:32:29.461131+00:00
1526,0.8450000000000001,2026-09-24T08:32:29.462485+00:00
1527,0.753,2026-09-24T08:32:29.463503+00:00
1528,0.671,2026-09-24T08:32:29.464505+00:00
1529,0.6849999999999999,2026-09-24T08:32:29.465641+00:00
1530,0.67,2026-09-24T08:32:29.466685+00:00
1531,0.644,2026-09-24T08:32:29.467667+00:00
1532,0.648,2026-09-24T08:32:29.468691+00:00
1533,0.657,2026-09-24T08:32:29.469742+00:00
1534,0.656,2026-09-24T08:32:29.470727+00:00
1535,0.602,2026-09-24T08:32:29.471840+00:00
1536,0.58,2026-09-24T08:32:29.472921+00:00
1537,0.579,2026-09-24T08:32:29.473944+00:00
1538,0.694,2026-09-24T08:32:29.475157+00:00
1539,1.158,2026-09-24T08:32:29.476852+00:00
1540,0.744,2026-09-24T08:32:29.478148+00:00
1541,1.6509999999999998,2026-09-24T08:32:29.480442+00:00
1542,0.896,2026-09-24T08:32:29.481629+00:00
1543,0.665,2026-09-24T08:32:29.482780+00:00
1544,0.6920000000000001,2026-09-24T08:32:29.483982+00:00
1545,0.6,2026-09-24T08:32:29.485027+00:00
1546,0.622,2026-09-24T08:32:29.486076+00:00
1547,0.579,2026-09-24T08:32:29.487113+00:00
1548,0.6579999999999999,2026-09-24T08:32:29.488231+00:00
1549,0.628,2026-09-24T08:32:29.489297+00:00
1550,0.569,2026-09-24T08:32:29.490373+00:00
1551,0.5680000000000001,2026-09-24T08:32:29.491446+00:00
1552,0.624,2026-09-24T08:32:29.492575+00:00
1553,0.64,2026-09-24T08:32:29.493647+00:00
1554,0.64,2026-09-24T08:32:29.494744+00:00
1555,0.6,2026-09-24T08:32:29.495787+00:00
1556,0.6,2026-09-24T08:32:29.496826+00:00
1557,0.661,2026-09-24T08:32:29.497971+00:00
1558,0.648,2026-09-24T08:32:29.499202+00:00
1559,0.635,2026-09-24T08:32:29.500308+00:00
1560,0.634,2026-09-24T08:32:29.501390+00:00
1561,0.656,2026-09-24T08:32:29.502534+00:00
1562,0.655,2026-09-24T08:32:29.503662+00:00
1563,0.65,2026-09-24T08:32:29.504743+00:00
1564,0.9959999999999999,2026-09-24T08:32:29.506513+00:00
1565,0.79,2026-09-24T08:32:29.507663+00:00
1566,0.6,2026-09-24T08:32:29.508783+00:00
1567,0.609,2026-09-24T08:32:29.509942+00:00
1568,0.867,2026-09-24T08:32:29.511504+00:00
1569,0.733,2026-09-24T08:32:29.512932+00:00
1570,0.609,2026-09-24T08:32:29.514148+00:00
1571,0.588,2026-09-24T08:32:29.515333+00:00
1572,0.588,2026-09-24T08:32:29.516504+00:00
1573,0.746,2026-09-24T08:32:29.517910+00:00
1574,0.6759999999999999,2026-09-24T08:32:29.519133+00:00
1575,0.531,2026-09-24T08:32:29.520142+00:00
1576,0.48500000000000004,2026-09-24T08:32:29.521120+00:00
1577,0.479,2026-09-24T08:32:29.522080+00:00
1578,0.475,2026-09-24T08:32:29.523037+00:00
1579,0.506,2026-09-24T08:32:29.524027+00:00
1580,0.9219999999999999,2026-09-24T08:32:29.525408+00:00
1581,0.7699999999999999,2026-09-24T08:32:29.526304+00:00
1582,0.614,2026-09-24T08:32:29.527362+00:00
1583,0.546,2026-09-24T08:32:29.528439+00:00
1584,0.524,2026-09-24T08:32:29.529379+00:00
1585,0.486,2026-09-24T08:32:29.530284+00:00
1586,0.558,2026-09-24T08:32:29.531282+00:00
1587,0.51,2026-09-24T08:32:29.532213+00:00
1588,0.5199999999999999,2026-09-24T08:32:29.533309+00:00
1589,0.508,2026-09-24T08:32:29.534247+00:00
1590,0.488,2026-09-24T08:32:29.535140+00:00
1591,0.524,2026-09-24T08:32:29.536118+00:00
1592,0.501,2026-09-24T08:32:29.537108+00:00
1593,0.47600000000000003,2026-09-24T08:32:29.538000+00:00
1594,1.1119999999999999,2026-09-24T08:32:29.539571+00:00
1595,0.7699999999999999,2026-09-24T08:32:29.541014+00:00
1596,0.64,2026-09-24T08:32:29.542100+00:00
1597,0.5810000000000001,2026-09-24T08:32:29.543064+00:00
1598,0.509,2026-09-24T08:32:29.543972+00:00
1599,0.531,2026-09-24T08:32:29.544912+00:00
1600,0.535,2026-09-24T08:32:29.545842+00:00
1601,0.523,2026-09-24T08:32:29.546792+00:00
1602,0.515,2026-09-24T08:32:29.547727+00:00
1603,0.558,2026-09-24T08:32:29.548803+00:00
1604,0.523,2026-09-24T08:32:29.549762+00:00
1605,0.5760000000000001,2026-09-24T08:32:29.550748+00:00
1606,0.6579999999999999,2026-09-24T08:32:29.551879+00:00
1607,0.6489999999999999,2026-09-24T08:32:29.553127+00:00
1608,0.587,2026-09-24T08:32:29.554290+00:00
1609,0.704,2026-09-24T08:32:29.555575+00:00
1610,0.605,2026-09-24T08:32:29.556692+00:00
1611,0.5820000000000001,2026-09-24T08:32:29.557718+00:00
1612,0.5559999999999999,2026-09-24T08:32:29.558700+00:00
1613,0.574,2026-09-24T08:32:29.559678+00:00
1614,0.517,2026-09-24T08:32:29.560639+00:00
1615,0.533,2026-09-24T08:32:29.561611+00:00
1616,0.527,2026-09-24T08:32:29.562538+00:00
1617,0.53,2026-09-24T08:32:29.563632+00:00
1618,0.527,2026-09-24T08:32:29.564602+00:00
1619,0.505,2026-09-24T08:32:29.565546+00:00
1620,0.612,2026-09-24T08:32:29.566705+00:00
1621,0.675,2026-09-24T08:32:29.567976+00:00
1622,0.616,2026-09-24T08:32:29.569175+00:00
1623,0.569,2026-09-24T08:32:29.570264+00:00
1624,0.518,2026-09-24T08:32:29.571256+00:00
1625,0.531,2026-09-24T08:32:29.572198+00:00
1626,0.519,2026-09-24T08:32:29.573166+00:00
1627,0.504,2026-09-24T08:32:29.574120+00:00
1628,0.48899999999999993,2026-09-24T08:32:29.575092+00:00
1629,0.509,2026-09-24T08:32:29.576039+00:00
1630,0.589,2026-09-24T08:32:29.577147+00:00
1631,0.633,2026-09-24T08:32:29.578754+00:00
1632,0.5609999999999999,2026-09-24T08:32:29.579962+00:00
1633,0.536,2026-09-24T08:32:29.581019+00:00
1634,0.616,2026-09-24T08:32:29.582214+00:00
1635,0.628,2026-09-24T08:32:29.583253+00:00
1636,0.502,2026-09-24T08:32:29.584195+00:00
1637,0.521,2026-09-24T08:32:29.585155+00:00
1638,0.694,2026-09-24T08:32:29.586395+00:00
1639,0.5469999999999999,2026-09-24T08:32:29.587317+00:00
1640,0.516,2026-09-24T08:32:29.588239+00:00
1641,0.5289999999999999,2026-09-24T08:32:29.589166+00:00
1642,0.494,2026-09-24T08:32:29.590066+00:00
1643,0.629,2026-09-24T08:32:29.591107+00:00
1644,0.8009999999999999,2026-09-24T08:32:29.592679+00:00
1645,0.733,2026-09-24T08:32:29.593896+00:00
1646,0.9169999999999999,2026-09-24T08:32:29.595608+00:00
1647,0.7699999999999999,2026-09-24T08:32:29.597104+00:00
1648,0.789,2026-09-24T08:32:29.598432+00:00
1649,1.124,2026-09-24T08:32:29.600193+00:00
1650,0.6980000000000001,2026-09-24T08:32:29.601217+00:00
1651,0.583,2026-09-24T08:32:29.602229+00:00
1652,0.541,2026-09-24T08:32:29.603168+00:00
1653,0.533,2026-09-24T08:32:29.604130+00:00
1654,0.5289999999999999,2026-09-24T08:32:29.605076+00:00
1655,1.304,2026-09-24T08:32:29.606814+00:00
1656,0.95,2026-09-24T08:32:29.608292+00:00
1657,0.756,2026-09-24T08:32:29.609483+00:00
1658,0.664,2026-09-24T08:32:29.610636+00:00
1659,0.753,2026-09-24T08:32:29.613499+00:00
1660,0.83,2026-09-24T08:32:29.614805+00:00
1661,0.858,2026-09-24T08:32:29.615965+00:00
1662,0.619,2026-09-24T08:32:29.617111+00:00
1663,1.064,2026-09-24T08:32:29.618998+00:00
1664,0.915,2026-09-24T08:32:29.620755+00:00
1665,0.725,2026-09-24T08:32:29.622151+00:00
1666,0.9650000000000001,2026-09-24T08:32:29.623820+00:00
1667,0.8019999999999999,2026-09-24T08:32:29.625327+00:00
1668,0.588,2026-09-24T08:32:29.626512+00:00
1669,0.553,2026-09-24T08:32:29.627646+00:00
1670,0.533,2026-09-24T08:32:29.628707+00:00
1671,0.495,2026-09-24T08:32:29.629697+00:00
1672,1.01,2026-09-24T08:32:29.631210+00:00
1673,0.768,2026-09-24T08:32:29.632215+00:00
1674,0.8630000000000001,2026-09-24T08:32:29.633603+00:00
1675,1.804,2026-09-24T08:32:29.635916+00:00
1676,0.8360000000000001,2026-09-24T08:32:29.637734+00:00
1677,0.808,2026-09-24T08:32:29.639100+00:00
1678,0.616,2026-09-24T08:32:29.640308+00:00
1679,0.7020000000000001,2026-09-24T08:32:29.641535+00:00
1680,0.5429999999999999,2026-09-24T08:32:29.642601+00:00
1681,0.504,2026-09-24T08:32:29.643631+00:00
1682,0.483,2026-09-24T08:32:29.644649+00:00
1683,0.858,2026-09-24T08:32:29.646082+00:00
1684,0.8270000000000001,2026-09-24T08:32:29.647717+00:00
1685,0.541,2026-09-24T08:32:29.648879+00:00
1686,0.49299999999999994,2026-09-24T08:32:29.649928+00:00
1687,0.477,2026-09-24T08:32:29.650971+00:00
1688,0.8310000000000001,2026-09-24T08:32:29.652548+00:00
1689,0.6719999999999999,2026-09-24T08:32:29.653885+00:00
1690,0.754,2026-09-24T08:32:29.655578+00:00
1691,0.5569999999999999,2026-09-24T08:32:29.656920+00:00
1692,0.48500000000000004,2026-09-24T08:32:29.657946+00:00
1693,0.447,2026-09-24T08:32:29.658913+00:00
1694,0.44499999999999995,2026-09-24T08:32:29.659911+00:00
1695,0.449,2026-09-24T08:32:29.660897+00:00
1696,0.462,2026-09-24T08:32:29.661897+00:00
1697,0.616,2026-09-24T08:32:29.663257+00:00
1698,0.48500000000000004,2026-09-24T08:32:29.664265+00:00
1699,0.43,2026-09-24T08:32:29.665217+00:00
1700,0.423,2026-09-24T08:32:29.666136+00:00
1701,0.406,2026-09-24T08:32:29.667058+00:00
1702,0.607,2026-09-24T08:32:29.668190+00:00
1703,0.601,2026-09-24T08:32:29.669493+00:00
1704,0.798,2026-09-24T08:32:29.670915+00:00
1705,0.533,2026-09-24T08:32:29.672016+00:00
1706,0.49200000000000005,2026-09-24T08:32:29.673189+00:00
1707,0.446,2026-09-24T08:32:29.674175+00:00
1708,0.431,2026-09-24T08:32:29.675131+00:00
1709,0.44,2026-09-24T08:32:29.676102+00:00
1710,0.462,2026-09-24T08:32:29.677090+00:00
1711,0.44,2026-09-24T08:32:29.678082+00:00
1712,0.594,2026-09-24T08:32:29.679260+00:00
1713,0.518,2026-09-24T08:32:29.680298+00:00
1714,0.641,2026-09-24T08:32:29.681637+00:00
1715,0.496,2026-09-24T08:32:29.682704+00:00
1716,0.889,2026-09-24T08:32:29.684138+00:00
1717,0.68,2026-09-24T08:32:29.684942+00:00
1718,0.5900000000000001,2026-09-24T08:32:29.685955+00:00
1719,0.916,2026-09-24T08:32:29.687802+00:00
1720,0.725,2026-09-24T08:32:29.689265+00:00
1721,0.588,2026-09-24T08:32:29.690712+00:00
1722,0.5820000000000001,2026-09-24T08:32:29.691886+00:00
1723,0.535,2026-09-24T08:32:29.692892+00:00
1724,0.63,2026-09-24T08:32:29.693980+00:00
1725,0.6769999999999999,2026-09-24T08:32:29.695298+00:00
1726,0.574,2026-09-24T08:32:29.696327+00:00
1727,0.506,2026-09-24T08:32:29.697245+00:00
1728,0.494,2026-09-24T08:32:29.698183+00:00
1729,0.5519999999999999,2026-09-24T08:32:29.699341+00:00
1730,0.537,2026-09-24T08:32:29.700327+00:00
1731,0.518,2026-09-24T08:32:29.701299+00:00
1732,1.06,2026-09-24T08:32:29.702993+00:00
1733,0.619,2026-09-24T08:32:29.704183+00:00
1734,0.536,2026-09-24T08:32:29.705247+00:00
1735,0.531,2026-09-24T08:32:29.706255+00:00
1736,0.54,2026-09-24T08:32:29.707643+00:00
1737,0.495,2026-09-24T08:32:29.708574+00:00
1738,0.536,2026-09-24T08:32:29.709528+00:00
1739,0.533,2026-09-24T08:32:29.710509+00:00
1740,0.627,2026-09-24T08:32:29.711662+00:00
1741,0.5569999999999999,2026-09-24T08:32:29.712667+00:00
1742,0.527,2026-09-24T08:32:29.713644+00:00
1743,0.5379999999999999,2026-09-24T08:32:29.714641+00:00
1744,0.516,2026-09-24T08:32:29.715590+00:00
1745,0.506,2026-09-24T08:32:29.716532+00:00
1746,0.504,2026-09-24T08:32:29.717514+00:00
1747,0.624,2026-09-24T08:32:29.718665+00:00
1748,0.631,2026-09-24T08:32:29.719792+00:00
1749,0.562,2026-09-24T08:32:29.720807+00:00
1750,0.5519999999999999,2026-09-24T08:32:29.721978+00:00
1751,0.526,2026-09-24T08:32:29.723021+00:00
1752,0.521,2026-09-24T08:32:29.724013+00:00
1753,0.5559999999999999,2026-09-24T08:32:29.725041+00:00
1754,0.5559999999999999,2026-09-24T08:32:29.726106+00:00
1755,0.662,2026-09-24T08:32:29.727273+00:00
1756,0.525,2026-09-24T08:32:29.728294+00:00
1757,0.512,2026-09-24T08:32:29.729278+00:00
1758,0.521,2026-09-24T08:32:29.730293+00:00
1759,0.546,2026-09-24T08:32:29.731326+00:00
1760,0.5519999999999999,2026-09-24T08:32:29.732363+00:00
1761,0.48700000000000004,2026-09-24T08:32:29.733330+00:00
1762,0.5559999999999999,2026-09-24T08:32:29.734361+00:00
1763,0.6589999999999999,2026-09-24T08:32:29.735566+00:00
1764,0.5950000000000001,2026-09-24T08:32:29.736655+00:00
1765,0.612,2026-09-24T08:32:29.737856+00:00
1766,0.616,2026-09-24T08:32:29.738966+00:00
1767,0.592,2026-09-24T08:32:29.740064+00:00
1768,0.5860000000000001,2026-09-24T08:32:29.741131+00:00
1769,0.644,2026-09-24T08:32:29.742254+00:00
1770,0.8260000000000001,2026-09-24T08:32:29.743656+00:00
1771,0.786,2026-09-24T08:32:29.744828+00:00
1772,0.669,2026-09-24T08:32:29.745794+00:00
1773,0.6769999999999999,2026-09-24T08:32:29.746859+00:00
1774,0.651,2026-09-24T08:32:29.747869+00:00
1775,0.695,2026-09-24T08:32:29.748931+00:00
1776,0.646,2026-09-24T08:32:29.749919+00:00
1777,0.8450000000000001,2026-09-24T08:32:29.751108+00:00
1778,0.6819999999999999,2026-09-24T08:32:29.752216+00:00
1779,0.696,2026-09-24T08:32:29.753299+00:00
1780,0.648,2026-09-24T08:32:29.754395+00:00
1781,0.655,2026-09-24T08:32:29.755389+00:00
1782,0.614,2026-09-24T08:32:29.756319+00:00
1783,0.536,2026-09-24T08:32:29.757176+00:00
1784,0.491,2026-09-24T08:32:29.758155+00:00
1785,0.5680000000000001,2026-09-24T08:32:29.759238+00:00
1786,0.49,2026-09-24T08:32:29.760200+00:00
1787,0.6930000000000001,2026-09-24T08:32:29.761404+00:00
1788,0.607,2026-09-24T08:32:29.762387+00:00
1789,0.683,2026-09-24T08:32:29.763676+00:00
1790,0.588,2026-09-24T08:32:29.764706+00:00
1791,0.858,2026-09-24T08:32:29.766033+00:00
1792,2.064,2026-09-24T08:32:29.769126+00:00
1793,1.21,2026-09-24T08:32:29.770602+00:00
1794,0.7200000000000001,2026-09-24T08:32:29.771816+00:00
1795,0.579,2026-09-24T08:32:29.773063+00:00
1796,0.5519999999999999,2026-09-24T08:32:29.774007+00:00
1797,0.867,2026-09-24T08:32:29.775340+00:00
1798,0.665,2026-09-24T08:32:29.776377+00:00
1799,0.61,2026-09-24T08:32:29.777593+00:00
1800,0.621,2026-09-24T08:32:29.778696+00:00
1801,0.593,2026-09-24T08:32:29.779787+00:00
1802,0.587,2026-09-24T08:32:29.780897+00:00
1803,0.58,2026-09-24T08:32:29.781960+00:00
1804,0.772,2026-09-24T08:32:29.783286+00:00
1805,0.641,2026-09-24T08:32:29.784451+00:00
1806,0.579,2026-09-24T08:32:29.785490+00:00
1807,0.588,2026-09-24T08:32:29.786565+00:00
1808,0.5469999999999999,2026-09-24T08:32:29.787565+00:00
1809,0.5640000000000001,2026-09-24T08:32:29.788610+00:00
1810,0.532,2026-09-24T08:32:29.789732+00:00
1811,0.669,2026-09-24T08:32:29.790889+00:00
1812,0.6130000000000001,2026-09-24T08:32:29.791994+00:00
1813,0.569,2026-09-24T08:32:29.793174+00:00
1814,0.785,2026-09-24T08:32:29.794468+00:00
1815,0.8270000000000001,2026-09-24T08:32:29.795645+00:00
1816,0.635,2026-09-24T08:32:29.796671+00:00
1817,0.6589999999999999,2026-09-24T08:32:29.797839+00:00
1818,0.858,2026-09-24T08:32:29.799162+00:00
1819,0.7060000000000001,2026-09-24T08:32:29.800365+00:00
1820,0.629,2026-09-24T08:32:29.801467+00:00
1821,0.585,2026-09-24T08:32:29.802523+00:00
1822,0.5720000000000001,2026-09-24T08:32:29.803569+00:00
1823,0.578,2026-09-24T08:32:29.804605+00:00
1824,0.523,2026-09-24T08:32:29.805699+00:00
1825,0.63,2026-09-24T08:32:29.806825+00:00
1826,0.612,2026-09-24T08:32:29.807964+00:00
1827,0.5670000000000001,2026-09-24T08:32:29.808994+00:00
1828,0.5199999999999999,2026-09-24T08:32:29.809965+00:00
1829,1.062,2026-09-24T08:32:29.811491+00:00
1830,0.5760000000000001,2026-09-24T08:32:29.812689+00:00
1831,0.544,2026-09-24T08:32:29.813690+00:00
1832,0.6449999999999999,2026-09-24T08:32:29.814811+00:00
1833,0.643,2026-09-24T08:32:29.815946+00:00
1834,0.732,2026-09-24T08:32:29.817361+00:00
1835,0.606,2026-09-24T08:32:29.818286+00:00
1836,0.55,2026-09-24T08:32:29.819249+00:00
1837,0.517,2026-09-24T08:32:29.820200+00:00
1838,0.5509999999999999,2026-09-24T08:32:29.821193+00:00
1839,0.516,2026-09-24T08:32:29.822206+00:00
1840,0.626,2026-09-24T08:32:29.823372+00:00
1841,0.64,2026-09-24T08:32:29.824519+00:00
1842,0.515,2026-09-24T08:32:29.825435+00:00
1843,0.455,2026-09-24T08:32:29.826356+00:00
1844,0.46599999999999997,2026-09-24T08:32:29.827357+00:00
1845,0.435,2026-09-24T08:32:29.828298+00:00
1846,0.43600000000000005,2026-09-24T08:32:29.829303+00:00
1847,0.46099999999999997,2026-09-24T08:32:29.830302+00:00
1848,0.919,2026-09-24T08:32:29.831801+00:00
1849,0.9430000000000001,2026-09-24T08:32:29.832903+00:00
1850,0.804,2026-09-24T08:32:29.833872+00:00
1851,0.74,2026-09-24T08:32:29.834790+00:00
1852,0.744,2026-09-24T08:32:29.835783+00:00
1853,0.829,2026-09-24T08:32:29.836852+00:00
1854,0.778,2026-09-24T08:32:29.837942+00:00
1855,0.6589999999999999,2026-09-24T08:32:29.838826+00:00
1856,0.9179999999999999,2026-09-24T08:32:29.840216+00:00
1857,0.767,2026-09-24T08:32:29.841250+00:00
1858,0.733,2026-09-24T08:32:29.842226+00:00
1859,0.7649999999999999,2026-09-24T08:32:29.843220+00:00
1860,0.5509999999999999,2026-09-24T08:32:29.843979+00:00
1861,0.533,2026-09-24T08:32:29.844908+00:00
1862,0.506,2026-09-24T08:32:29.845888+00:00
1863,0.5720000000000001,2026-09-24T08:32:29.846900+00:00
1864,0.5760000000000001,2026-09-24T08:32:29.848117+00:00
1865,0.539,2026-09-24T08:32:29.849157+00:00
1866,0.47600000000000003,2026-09-24T08:32:29.850103+00:00
1867,0.512,2026-09-24T08:32:29.851056+00:00
1868,0.475,2026-09-24T08:32:29.851962+00:00
1869,0.549,2026-09-24T08:32:29.853124+00:00
1870,0.512,2026-09-24T08:32:29.854098+00:00
1871,0.603,2026-09-24T08:32:29.855175+00:00
1872,0.508,2026-09-24T08:32:29.856115+00:00
1873,0.46299999999999997,2026-09-24T08:32:29.857010+00:00
1874,0.517,2026-09-24T08:32:29.857996+00:00
1875,0.49700000000000005,2026-09-24T08:32:29.858933+00:00
1876,0.6880000000000001,2026-09-24T08:32:29.860071+00:00
1877,0.725,2026-09-24T08:32:29.861182+00:00
1878,0.607,2026-09-24T08:32:29.862376+00:00
1879,0.627,2026-09-24T08:32:29.863563+00:00
1880,0.517,2026-09-24T08:32:29.864580+00:00
1881,0.519,2026-09-24T08:32:29.865544+00:00
1882,0.506,2026-09-24T08:32:29.866509+00:00
1883,0.546,2026-09-24T08:32:29.867614+00:00
1884,0.49700000000000005,2026-09-24T08:32:29.868571+00:00
1885,0.714,2026-09-24T08:32:29.869748+00:00
1886,0.784,2026-09-24T08:32:29.871026+00:00
1887,0.6130000000000001,2026-09-24T08:32:29.872189+00:00
1888,0.748,2026-09-24T08:32:29.873425+00:00
1889,0.575,2026-09-24T08:32:29.874298+00:00
1890,0.501,2026-09-24T08:32:29.875219+00:00
1891,0.508,2026-09-24T08:32:29.876169+00:00
1892,0.47600000000000003,2026-09-24T08:32:29.877112+00:00
1893,0.509,2026-09-24T08:32:29.878091+00:00
1894,0.62,2026-09-24T08:32:29.879193+00:00
1895,0.48000000000000004,2026-09-24T08:32:29.880185+00:00
1896,0.448,2026-09-24T08:32:29.881098+00:00
1897,0.592,2026-09-24T08:32:29.882299+00:00
1898,0.5720000000000001,2026-09-24T08:32:29.883456+00:00
1899,0.502,2026-09-24T08:32:29.884355+00:00
1900,0.8130000000000001,2026-09-24T08:32:29.885637+00:00
1901,0.884,2026-09-24T08:32:29.886699+00:00
1902,0.71,2026-09-24T08:32:29.887642+00:00
1903,0.527,2026-09-24T08:32:29.888770+00:00
1904,0.467,2026-09-24T08:32:29.890040+00:00
1905,0.46299999999999997,2026-09-24T08:32:29.891219+00:00
1906,0.45199999999999996,2026-09-24T08:32:29.892303+00:00
1907,0.475,2026-09-24T08:32:29.893302+00:00
1908,0.671,2026-09-24T08:32:29.894519+00:00
1909,0.587,2026-09-24T08:32:29.895734+00:00
1910,0.47800000000000004,2026-09-24T08:32:29.896694+00:00
1911,0.486,2026-09-24T08:32:29.897727+00:00
1912,0.446,2026-09-24T08:32:29.898692+00:00
1913,0.49299999999999994,2026-09-24T08:32:29.899936+00:00
1914,0.45399999999999996,2026-09-24T08:32:29.900940+00:00
1915,0.514,2026-09-24T08:32:29.902012+00:00
1916,0.579,2026-09-24T08:32:29.903160+00:00
1917,0.479,2026-09-24T08:32:29.904166+00:00
1918,0.446,2026-09-24T08:32:29.905132+00:00
1919,0.47300000000000003,2026-09-24T08:32:29.906159+00:00
1920,0.472,2026-09-24T08:32:29.907132+00:00
1921,0.435,2026-09-24T08:32:29.908075+00:00
1922,0.44499999999999995,2026-09-24T08:32:29.909045+00:00
1923,0.45399999999999996,2026-09-24T08:32:29.910016+00:00
1924,1.072,2026-09-24T08:32:29.911629+00:00
1925,0.507,2026-09-24T08:32:29.912617+00:00
1926,0.46599999999999997,2026-09-24T08:32:29.913608+00:00
1927,0.474,2026-09-24T08:32:29.914609+00:00
1928,0.47300000000000003,2026-09-24T08:32:29.915719+00:00
1929,0.437,2026-09-24T08:32:29.916660+00:00
1930,0.458,2026-09-24T08:32:29.917623+00:00
1931,0.848,2026-09-24T08:32:29.918960+00:00
1932,0.782,2026-09-24T08:32:29.919842+00:00
1933,0.578,2026-09-24T08:32:29.920808+00:00
1934,0.5559999999999999,2026-09-24T08:32:29.921783+00:00
1935,0.734,2026-09-24T08:32:29.922917+00:00
1936,0.57,2026-09-24T08:32:29.923750+00:00
1937,0.523,2026-09-24T08:32:29.924660+00:00
1938,0.479,2026-09-24T08:32:29.925609+00:00
1939,0.834,2026-09-24T08:32:29.926906+00:00
1940,1.131,2026-09-24T08:32:29.928489+00:00
1941,1.032,2026-09-24T08:32:29.930232+00:00
1942,0.888,2026-09-24T08:32:29.931700+00:00
1943,0.732,2026-09-24T08:32:29.932971+00:00
1944,0.714,2026-09-24T08:32:29.934247+00:00
1945,0.8180000000000001,2026-09-24T08:32:29.935638+00:00
1946,0.6970000000000001,2026-09-24T08:32:29.936926+00:00
1947,0.635,2026-09-24T08:32:29.938134+00:00
1948,0.636,2026-09-24T08:32:29.939345+00:00
1949,0.9079999999999999,2026-09-24T08:32:29.940862+00:00
1950,0.911,2026-09-24T08:32:29.942542+00:00
1951,0.829,2026-09-24T08:32:29.944053+00:00
1952,0.6880000000000001,2026-09-24T08:32:29.945379+00:00
1953,0.851,2026-09-24T08:32:29.946836+00:00
1954,0.9,2026-09-24T08:32:29.948243+00:00
1955,0.761,2026-09-24T08:32:29.949460+00:00
1956,0.828,2026-09-24T08:32:29.950823+00:00
1957,0.8720000000000001,2026-09-24T08:32:29.952430+00:00
1958,0.821,2026-09-24T08:32:29.953832+00:00
1959,0.805,2026-09-24T08:32:29.955095+00:00
1960,0.743,2026-09-24T08:32:29.956330+00:00
1961,0.888,2026-09-24T08:32:29.957744+00:00
1962,0.857,2026-09-24T08:32:29.958966+00:00
1963,0.766,2026-09-24T08:32:29.960125+00:00
1964,0.635,2026-09-24T08:32:29.961272+00:00
1965,0.5730000000000001,2026-09-24T08:32:29.962350+00:00
1966,0.526,2026-09-24T08:32:29.963397+00:00
1967,0.527,2026-09-24T08:32:29.964438+00:00
1968,0.609,2026-09-24T08:32:29.965569+00:00
1969,0.5609999999999999,2026-09-24T08:32:29.966603+00:00
1970,0.554,2026-09-24T08:32:29.967677+00:00
1971,0.559,2026-09-24T08:32:29.968729+00:00
1972,0.558,2026-09-24T08:32:29.969814+00:00
1973,0.739,2026-09-24T08:32:29.971243+00:00
1974,0.638,2026-09-24T08:32:29.972624+00:00
1975,0.67,2026-09-24T08:32:29.973910+00:00
1976,0.5770000000000001,2026-09-24T08:32:29.975037+00:00
1977,0.599,2026-09-24T08:32:29.976142+00:00
1978,0.569,2026-09-24T08:32:29.977228+00:00
1979,0.559,2026-09-24T08:32:29.978271+00:00
1980,0.549,2026-09-24T08:32:29.979302+00:00
1981,0.5630000000000001,2026-09-24T08:32:29.980393+00:00
1982,0.5900000000000001,2026-09-24T08:32:29.981478+00:00
1983,0.5559999999999999,2026-09-24T08:32:29.982517+00:00
1984,0.58,2026-09-24T08:32:29.983607+00:00
1985,0.5760000000000001,2026-09-24T08:32:29.984670+00:00
1986,0.5509999999999999,2026-09-24T08:32:29.985714+00:00
1987,0.553,2026-09-24T08:32:29.986805+00:00
1988,0.574,2026-09-24T08:32:29.987883+00:00
1989,0.5680000000000001,2026-09-24T08:32:29.988964+00:00
1990,0.5469999999999999,2026-09-24T08:32:29.990008+00:00
1991,0.787,2026-09-24T08:32:29.991315+00:00
1992,0.5419999999999999,2026-09-24T08:32:29.992299+00:00
1993,0.856,2026-09-24T08:32:29.993894+00:00
1994,0.638,2026-09-24T08:32:29.995201+00:00
1995,0.565,2026-09-24T08:32:29.996353+00:00
1996,0.571,2026-09-24T08:32:29.997510+00:00
1997,0.5599999999999999,2026-09-24T08:32:29.998643+00:00
1998,0.5479999999999999,2026-09-24T08:32:29.999757+00:00
1999,0.587,2026-09-24T08:32:30.000924+00:00
2000,0.54,2026-09-24T08:32:30.002028+00:00
2001,0.528,2026-09-24T08:32:30.003156+00:00
2002,0.555,2026-09-24T08:32:30.004392+00:00
2003,0.515,2026-09-24T08:32:30.005473+00:00
2004,0.712,2026-09-24T08:32:30.006750+00:00
2005,0.57,2026-09-24T08:32:30.007679+00:00
2006,0.5509999999999999,2026-09-24T08:32:30.008744+00:00
2007,0.544,2026-09-24T08:32:30.009792+00:00
2008,0.507,2026-09-24T08:32:30.010842+00:00
2009,0.571,2026-09-24T08:32:30.011969+00:00
2010,0.541,2026-09-24T08:32:30.013082+00:00
2011,0.513,2026-09-24T08:32:30.014158+00:00
2012,0.5339999999999999,2026-09-24T08:32:30.015267+00:00
2013,0.5199999999999999,2026-09-24T08:32:30.016374+00:00
2014,0.516,2026-09-24T08:32:30.017465+00:00
2015,0.516,2026-09-24T08:32:30.018524+00:00
2016,0.48899999999999993,2026-09-24T08:32:30.019570+00:00
2017,0.5339999999999999,2026-09-24T08:32:30.020774+00:00
2018,0.55,2026-09-24T08:32:30.021883+00:00
2019,0.841,2026-09-24T08:32:30.023281+00:00
2020,0.555,2026-09-24T08:32:30.024386+00:00
2021,0.622,2026-09-24T08:32:30.025580+00:00
2022,0.571,2026-09-24T08:32:30.026635+00:00
2023,0.5479999999999999,2026-09-24T08:32:30.027656+00:00
2024,0.531,2026-09-24T08:32:30.028673+00:00
2025,0.555,2026-09-24T08:32:30.029698+00:00
2026,0.5630000000000001,2026-09-24T08:32:30.030709+00:00
2027,0.599,2026-09-24T08:32:30.031991+00:00
2028,0.5479999999999999,2026-09-24T08:32:30.033119+00:00
2029,0.5469999999999999,2026-09-24T08:32:30.034233+00:00
2030,0.5479999999999999,2026-09-24T08:32:30.035342+00:00
2031,0.544,2026-09-24T08:32:30.036472+00:00
2032,0.5199999999999999,2026-09-24T08:32:30.037461+00:00
2033,0.571,2026-09-24T08:32:30.038496+00:00
2034,0.517,2026-09-24T08:32:30.039458+00:00
2035,0.533,2026-09-24T08:32:30.040493+00:00
2036,0.525,2026-09-24T08:32:30.041579+00:00
2037,0.623,2026-09-24T08:32:30.042752+00:00
2038,0.5680000000000001,2026-09-24T08:32:30.043827+00:00
2039,0.569,2026-09-24T08:32:30.044875+00:00
2040,0.5670000000000001,2026-09-24T08:32:30.045911+00:00
2041,0.609,2026-09-24T08:32:30.047007+00:00
2042,0.687,2026-09-24T08:32:30.048267+00:00
2043,0.6589999999999999,2026-09-24T08:32:30.049463+00:00
2044,0.554,2026-09-24T08:32:30.050555+00:00
2045,0.555,2026-09-24T08:32:30.051774+00:00
2046,0.544,2026-09-24T08:32:30.052983+00:00
2047,0.5569999999999999,2026-09-24T08:32:30.054038+00:00
2048,0.57,2026-09-24T08:32:30.055074+00:00
2049,0.559,2026-09-24T08:32:30.056105+00:00
2050,0.513,2026-09-24T08:32:30.057100+00:00
2051,0.517,2026-09-24T08:32:30.058079+00:00
2052,0.524,2026-09-24T08:32:30.059113+00:00
2053,0.5199999999999999,2026-09-24T08:32:30.060122+00:00
2054,0.509,2026-09-24T08:32:30.061140+00:00
2055,0.51,2026-09-24T08:32:30.062147+00:00
2056,0.684,2026-09-24T08:32:30.063329+00:00
2057,0.5720000000000001,2026-09-24T08:32:30.064396+00:00
2058,0.669,2026-09-24T08:32:30.065564+00:00
2059,0.5640000000000001,2026-09-24T08:32:30.066616+00:00
2060,0.515,2026-09-24T08:32:30.067634+00:00
2061,0.5429999999999999,2026-09-24T08:32:30.068721+00:00
2062,0.537,2026-09-24T08:32:30.069698+00:00
2063,0.525,2026-09-24T08:32:30.070679+00:00
2064,0.5469999999999999,2026-09-24T08:32:30.071688+00:00
2065,0.5479999999999999,2026-09-24T08:32:30.072721+00:00
2066,0.5630000000000001,2026-09-24T08:32:30.073739+00:00
2067,0.5569999999999999,2026-09-24T08:32:30.074740+00:00
2068,0.522,2026-09-24T08:32:30.075706+00:00
2069,0.5640000000000001,2026-09-24T08:32:30.076712+00:00
2070,0.58,2026-09-24T08:32:30.077749+00:00
2071,0.5419999999999999,2026-09-24T08:32:30.078733+00:00
2072,0.527,2026-09-24T08:32:30.079704+00:00
2073,0.5379999999999999,2026-09-24T08:32:30.080715+00:00
2074,0.5419999999999999,2026-09-24T08:32:30.081708+00:00
2075,0.531,2026-09-24T08:32:30.082695+00:00
2076,0.57,2026-09-24T08:32:30.083778+00:00
2077,0.554,2026-09-24T08:32:30.084791+00:00
2078,0.549,2026-09-24T08:32:30.085806+00:00
2079,0.553,2026-09-24T08:32:30.086828+00:00
2080,0.553,2026-09-24T08:32:30.087832+00:00
2081,0.575,2026-09-24T08:32:30.088870+00:00
2082,0.55,2026-09-24T08:32:30.089879+00:00
2083,0.55,2026-09-24T08:32:30.090904+00:00
2084,0.5379999999999999,2026-09-24T08:32:30.091909+00:00
2085,0.562,2026-09-24T08:32:30.092947+00:00
2086,0.549,2026-09-24T08:32:30.093975+00:00
2087,0.536,2026-09-24T08:32:30.094977+00:00
2088,0.554,2026-09-24T08:32:30.096018+00:00
2089,0.5569999999999999,2026-09-24T08:32:30.097050+00:00
2090,0.5199999999999999,2026-09-24T08:32:30.098116+00:00
2091,0.517,2026-09-24T08:32:30.099109+00:00
2092,0.503,2026-09-24T08:32:30.100109+00:00
2093,0.533,2026-09-24T08:32:30.101127+00:00
2094,0.5109999999999999,2026-09-24T08:32:30.102117+00:00
2095,0.54,2026-09-24T08:32:30.103153+00:00
2096,0.5630000000000001,2026-09-24T08:32:30.104252+00:00
2097,0.5289999999999999,2026-09-24T08:32:30.105253+00:00
2098,0.5519999999999999,2026-09-24T08:32:30.106266+00:00
2099,0.713,2026-09-24T08:32:30.107785+00:00
2100,0.578,2026-09-24T08:32:30.109110+00:00
2101,0.54,2026-09-24T08:32:30.110233+00:00
2102,0.647,2026-09-24T08:32:30.111440+00:00
2103,0.615,2026-09-24T08:32:30.112656+00:00
2104,0.513,2026-09-24T08:32:30.113684+00:00
2105,0.5519999999999999,2026-09-24T08:32:30.114908+00:00
2106,0.5,2026-09-24T08:32:30.115956+00:00
2107,0.531,2026-09-24T08:32:30.117003+00:00
2108,0.519,2026-09-24T08:32:30.118042+00:00
2109,0.515,2026-09-24T08:32:30.119067+00:00
2110,0.495,2026-09-24T08:32:30.120082+00:00
2111,0.472,2026-09-24T08:32:30.121065+00:00
2112,0.46900000000000003,2026-09-24T08:32:30.122052+00:00
2113,0.47,2026-09-24T08:32:30.123060+00:00
2114,0.49799999999999994,2026-09-24T08:32:30.124058+00:00
2115,0.456,2026-09-24T08:32:30.125003+00:00
2116,0.535,2026-09-24T08:32:30.126037+00:00
2117,0.523,2026-09-24T08:32:30.127069+00:00
2118,0.47300000000000003,2026-09-24T08:32:30.128048+00:00
2119,0.46599999999999997,2026-09-24T08:32:30.129025+00:00
2120,0.49299999999999994,2026-09-24T08:32:30.130105+00:00
2121,0.482,2026-09-24T08:32:30.131109+00:00
2122,0.522,2026-09-24T08:32:30.132132+00:00
2123,0.467,2026-09-24T08:32:30.133210+00:00
2124,0.48500000000000004,2026-09-24T08:32:30.134267+00:00
2125,0.651,2026-09-24T08:32:30.135529+00:00
2126,0.598,2026-09-24T08:32:30.136646+00:00
2127,0.51,2026-09-24T08:32:30.137695+00:00
2128,0.54,2026-09-24T08:32:30.138714+00:00
2129,0.522,2026-09-24T08:32:30.139706+00:00
2130,0.515,2026-09-24T08:32:30.140688+00:00
2131,0.496,2026-09-24T08:32:30.141640+00:00
2132,0.569,2026-09-24T08:32:30.142732+00:00
2133,0.5810000000000001,2026-09-24T08:32:30.143833+00:00
2134,0.477,2026-09-24T08:32:30.144791+00:00
2135,0.479,2026-09-24T08:32:30.145830+00:00
2136,1.014,2026-09-24T08:32:30.147716+00:00
2137,0.665,2026-09-24T08:32:30.148826+00:00
2138,0.5670000000000001,2026-09-24T08:32:30.149882+00:00
2139,0.5289999999999999,2026-09-24T08:32:30.150982+00:00
2140,0.5820000000000001,2026-09-24T08:32:30.157124+00:00
2141,0.6930000000000001,2026-09-24T08:32:30.158531+00:00
2142,0.655,2026-09-24T08:32:30.160322+00:00
2143,0.517,2026-09-24T08:32:30.161392+00:00
2144,0.544,2026-09-24T08:32:30.162496+00:00
2145,0.536,2026-09-24T08:32:30.163601+00:00
2146,0.545,2026-09-24T08:32:30.164688+00:00
2147,0.512,2026-09-24T08:32:30.165731+00:00
2148,0.94,2026-09-24T08:32:30.167232+00:00
2149,0.857,2026-09-24T08:32:30.168788+00:00
2150,0.777,2026-09-24T08:32:30.170371+00:00
2151,0.8270000000000001,2026-09-24T08:32:30.171929+00:00
2152,0.819,2026-09-24T08:32:30.173512+00:00
2153,0.963,2026-09-24T08:32:30.175050+00:00
2154,0.86,2026-09-24T08:32:30.176619+00:00
2155,0.755,2026-09-24T08:32:30.177951+00:00
2156,0.708,2026-09-24T08:32:30.179269+00:00
2157,0.703,2026-09-24T08:32:30.180621+00:00
2158,0.782,2026-09-24T08:32:30.182001+00:00
2159,0.6849999999999999,2026-09-24T08:32:30.183224+00:00
2160,0.69,2026-09-24T08:32:30.184504+00:00
2161,0.67,2026-09-24T08:32:30.185739+00:00
2162,0.727,2026-09-24T08:32:30.187043+00:00
2163,1.2429999999999999,2026-09-24T08:32:30.189587+00:00
2164,1.2930000000000001,2026-09-24T08:32:30.191759+00:00
2165,0.975,2026-09-24T08:32:30.193465+00:00
2166,0.748,2026-09-24T08:32:30.194740+00:00
2167,0.699,2026-09-24T08:32:30.195899+00:00
2168,0.7150000000000001,2026-09-24T08:32:30.197080+00:00
2169,0.674,2026-09-24T08:32:30.198339+00:00
2170,0.618,2026-09-24T08:32:30.199609+00:00
2171,0.5429999999999999,2026-09-24T08:32:30.200670+00:00
2172,0.535,2026-09-24T08:32:30.201706+00:00
2173,0.558,2026-09-24T08:32:30.202734+00:00
2174,0.53,2026-09-24T08:32:30.203747+00:00
2175,0.647,2026-09-24T08:32:30.204866+00:00
2176,0.587,2026-09-24T08:32:30.206135+00:00
2177,0.6589999999999999,2026-09-24T08:32:30.207364+00:00
2178,1.286,2026-09-24T08:32:30.209442+00:00
2179,0.955,2026-09-24T08:32:30.210879+00:00
2180,0.7919999999999999,2026-09-24T08:32:30.212266+00:00
2181,0.621,2026-09-24T08:32:30.213431+00:00
2182,1.188,2026-09-24T08:32:30.221144+00:00
2183,0.887,2026-09-24T08:32:30.222747+00:00
2184,1.032,2026-09-24T08:32:30.224569+00:00
2185,0.781,2026-09-24T08:32:30.225834+00:00
2186,0.602,2026-09-24T08:32:30.226885+00:00
2187,0.583,2026-09-24T08:32:30.227924+00:00
2188,0.585,2026-09-24T08:32:30.229089+00:00
2189,0.5419999999999999,2026-09-24T08:32:30.230261+00:00
2190,0.527,2026-09-24T08:32:30.231272+00:00
2191,0.486,2026-09-24T08:32:30.232233+00:00
2192,0.517,2026-09-24T08:32:30.233277+00:00
2193,0.6880000000000001,2026-09-24T08:32:30.234496+00:00
2194,0.562,2026-09-24T08:32:30.235699+00:00
2195,0.535,2026-09-24T08:32:30.236727+00:00
2196,0.5479999999999999,2026-09-24T08:32:30.237735+00:00
2197,0.528,2026-09-24T08:32:30.238723+00:00
2198,0.49200000000000005,2026-09-24T08:32:30.239676+00:00
2199,0.501,2026-09-24T08:32:30.240654+00:00
2200,0.5569999999999999,2026-09-24T08:32:30.241701+00:00
2201,0.536,2026-09-24T08:32:30.242734+00:00
2202,0.527,2026-09-24T08:32:30.243729+00:00
2203,0.521,2026-09-24T08:32:30.244717+00:00
2204,0.522,2026-09-24T08:32:30.245700+00:00
2205,0.5109999999999999,2026-09-24T08:32:30.246668+00:00
2206,0.532,2026-09-24T08:32:30.247652+00:00
2207,0.507,2026-09-24T08:32:30.248613+00:00
2208,0.491,2026-09-24T08:32:30.249582+00:00
2209,0.508,2026-09-24T08:32:30.250632+00:00
2210,0.515,2026-09-24T08:32:30.251610+00:00
2211,0.49299999999999994,2026-09-24T08:32:30.252566+00:00
2212,0.525,2026-09-24T08:32:30.253553+00:00
2213,0.537,2026-09-24T08:32:30.254557+00:00
2214,0.571,2026-09-24T08:32:30.255620+00:00
2215,0.5339999999999999,2026-09-24T08:32:30.256628+00:00
2216,0.505,2026-09-24T08:32:30.257611+00:00
2217,0.5289999999999999,2026-09-24T08:32:30.258604+00:00
2218,0.49299999999999994,2026-09-24T08:32:30.259538+00:00
2219,0.565,2026-09-24T08:32:30.260666+00:00
2220,0.6130000000000001,2026-09-24T08:32:30.261800+00:00
2221,0.5379999999999999,2026-09-24T08:32:30.262722+00:00
2222,0.68,2026-09-24T08:32:30.263830+00:00
2223,0.565,2026-09-24T08:32:30.264862+00:00
2224,0.549,2026-09-24T08:32:30.265930+00:00
2225,0.5289999999999999,2026-09-24T08:32:30.266892+00:00
2226,0.55,2026-09-24T08:32:30.267890+00:00
2227,0.5609999999999999,2026-09-24T08:32:30.268904+00:00
2228,0.5199999999999999,2026-09-24T08:32:30.269854+00:00
2229,0.745,2026-09-24T08:32:30.271079+00:00
2230,0.539,2026-09-24T08:32:30.272161+00:00
2231,0.6880000000000001,2026-09-24T08:32:30.273340+00:00
2232,0.525,2026-09-24T08:32:30.274278+00:00
2233,0.708,2026-09-24T08:32:30.275557+00:00
2234,0.8009999999999999,2026-09-24T08:32:30.276708+00:00
2235,0.762,2026-09-24T08:32:30.277877+00:00
2236,0.716,2026-09-24T08:32:30.279020+00:00
2237,0.6629999999999999,2026-09-24T08:32:30.280141+00:00
2238,0.632,2026-09-24T08:32:30.281298+00:00
2239,0.623,2026-09-24T08:32:30.282383+00:00
2240,0.6679999999999999,2026-09-24T08:32:30.283589+00:00
2241,0.64,2026-09-24T08:32:30.284681+00:00
2242,0.634,2026-09-24T08:32:30.285771+00:00
2243,0.6539999999999999,2026-09-24T08:32:30.286855+00:00
2244,0.632,2026-09-24T08:32:30.287929+00:00
2245,0.617,2026-09-24T08:32:30.288994+00:00
2246,0.612,2026-09-24T08:32:30.290059+00:00
2247,0.638,2026-09-24T08:32:30.291127+00:00
2248,0.61,2026-09-24T08:32:30.292180+00:00
2249,0.583,2026-09-24T08:32:30.293195+00:00
2250,0.575,2026-09-24T08:32:30.294251+00:00
2251,0.603,2026-09-24T08:32:30.295327+00:00
2252,0.735,2026-09-24T08:32:30.296535+00:00
2253,0.5810000000000001,2026-09-24T08:32:30.297481+00:00
2254,0.51,2026-09-24T08:32:30.298380+00:00
2255,0.5289999999999999,2026-09-24T08:32:30.299331+00:00
2256,0.51,2026-09-24T08:32:30.300277+00:00
2257,0.48899999999999993,2026-09-24T08:32:30.301222+00:00
2258,0.48000000000000004,2026-09-24T08:32:30.302152+00:00
2259,0.47600000000000003,2026-09-24T08:32:30.303094+00:00
2260,0.495,2026-09-24T08:32:30.304058+00:00
2261,0.583,2026-09-24T08:32:30.305092+00:00
2262,0.798,2026-09-24T08:32:30.306511+00:00
2263,0.753,2026-09-24T08:32:30.307834+00:00
2264,0.691,2026-09-24T08:32:30.309067+00:00
2265,0.621,2026-09-24T08:32:30.310232+00:00
2266,0.68,2026-09-24T08:32:30.311463+00:00
2267,0.727,2026-09-24T08:32:30.312765+00:00
2268,0.66,2026-09-24T08:32:30.314062+00:00
2269,0.6629999999999999,2026-09-24T08:32:30.315270+00:00
2270,0.665,2026-09-24T08:32:30.316504+00:00
2271,0.726,2026-09-24T08:32:30.317789+00:00
2272,0.648,2026-09-24T08:32:30.318912+00:00
2273,0.7110000000000001,2026-09-24T08:32:30.320145+00:00
2274,0.615,2026-09-24T08:32:30.321276+00:00
2275,0.63,2026-09-24T08:32:30.322442+00:00
2276,0.638,2026-09-24T08:32:30.323592+00:00
2277,0.64,2026-09-24T08:32:30.324716+00:00
2278,0.639,2026-09-24T08:32:30.325885+00:00
2279,0.633,2026-09-24T08:32:30.327015+00:00
2280,0.61,2026-09-24T08:32:30.328169+00:00
2281,0.633,2026-09-24T08:32:30.329341+00:00
2282,0.67,2026-09-24T08:32:30.330496+00:00
2283,0.631,2026-09-24T08:32:30.331688+00:00
2284,0.683,2026-09-24T08:32:30.332893+00:00
2285,0.65,2026-09-24T08:32:30.334021+00:00
2286,0.6849999999999999,2026-09-24T08:32:30.335266+00:00
2287,0.629,2026-09-24T08:32:30.336555+00:00
2288,0.634,2026-09-24T08:32:30.337781+00:00
2289,0.621,2026-09-24T08:32:30.338953+00:00
2290,0.623,2026-09-24T08:32:30.340108+00:00
2291,0.603,2026-09-24T08:32:30.341256+00:00
2292,0.625,2026-09-24T08:32:30.342435+00:00
2293,0.616,2026-09-24T08:32:30.343579+00:00
2294,0.6489999999999999,2026-09-24T08:32:30.344758+00:00
2295,0.634,2026-09-24T08:32:30.345919+00:00
2296,0.602,2026-09-24T08:32:30.347076+00:00
2297,0.643,2026-09-24T08:32:30.348255+00:00
2298,0.619,2026-09-24T08:32:30.349489+00:00
2299,0.6930000000000001,2026-09-24T08:32:30.350713+00:00
2300,0.621,2026-09-24T08:32:30.351838+00:00
2301,0.666,2026-09-24T08:32:30.353058+00:00
2302,0.625,2026-09-24T08:32:30.354247+00:00
2303,0.657,2026-09-24T08:32:30.355518+00:00
2304,0.625,2026-09-24T08:32:30.356665+00:00
2305,0.622,2026-09-24T08:32:30.357799+00:00
2306,0.61,2026-09-24T08:32:30.358935+00:00
2307,0.646,2026-09-24T08:32:30.360127+00:00
2308,0.61,2026-09-24T08:32:30.361270+00:00
2309,0.608,2026-09-24T08:32:30.362429+00:00
2310,0.601,2026-09-24T08:32:30.363548+00:00
2311,0.9940000000000001,2026-09-24T08:32:30.365490+00:00
2312,0.782,2026-09-24T08:32:30.366969+00:00
2313,0.734,2026-09-24T08:32:30.368282+00:00
2314,0.628,2026-09-24T08:32:30.369425+00:00
2315,0.666,2026-09-24T08:32:30.370571+00:00
2316,0.745,2026-09-24T08:32:30.371811+00:00
2317,0.732,2026-09-24T08:32:30.373219+00:00
2318,0.5670000000000001,2026-09-24T08:32:30.374339+00:00
2319,0.574,2026-09-24T08:32:30.375407+00:00
2320,0.54,2026-09-24T08:32:30.376443+00:00
2321,0.5519999999999999,2026-09-24T08:32:30.377480+00:00
2322,0.599,2026-09-24T08:32:30.378734+00:00
2323,0.5479999999999999,2026-09-24T08:32:30.379719+00:00
2324,0.593,2026-09-24T08:32:30.380772+00:00
2325,0.5199999999999999,2026-09-24T08:32:30.381724+00:00
2326,0.5810000000000001,2026-09-24T08:32:30.382782+00:00
2327,1.036,2026-09-24T08:32:30.384545+00:00
2328,0.7010000000000001,2026-09-24T08:32:30.385299+00:00
2329,0.6,2026-09-24T08:32:30.386220+00:00
2330,0.553,2026-09-24T08:32:30.387195+00:00
2331,0.554,2026-09-24T08:32:30.388202+00:00
2332,0.5469999999999999,2026-09-24T08:32:30.389180+00:00
2333,0.525,2026-09-24T08:32:30.390139+00:00
2334,0.5429999999999999,2026-09-24T08:32:30.391115+00:00
2335,0.48899999999999993,2026-09-24T08:32:30.392052+00:00
2336,0.555,2026-09-24T08:32:30.393036+00:00
2337,0.95,2026-09-24T08:32:30.394443+00:00
2338,0.611,2026-09-24T08:32:30.395627+00:00
2339,0.675,2026-09-24T08:32:30.396769+00:00
2340,0.5810000000000001,2026-09-24T08:32:30.397793+00:00
2341,0.593,2026-09-24T08:32:30.398815+00:00
2342,0.596,2026-09-24T08:32:30.399919+00:00
2343,0.54,2026-09-24T08:32:30.400841+00:00
2344,0.531,2026-09-24T08:32:30.401831+00:00
2345,0.519,2026-09-24T08:32:30.402754+00:00
2346,0.51,2026-09-24T08:32:30.403689+00:00
2347,0.535,2026-09-24T08:32:30.404638+00:00
2348,0.5109999999999999,2026-09-24T08:32:30.405555+00:00
2349,0.54,2026-09-24T08:32:30.406502+00:00
2350,0.5810000000000001,2026-09-24T08:32:30.407495+00:00
2351,0.602,2026-09-24T08:32:30.408538+00:00
2352,0.57,2026-09-24T08:32:30.409456+00:00
2353,0.494,2026-09-24T08:32:30.410347+00:00
2354,0.502,2026-09-24T08:32:30.411292+00:00
2355,0.516,2026-09-24T08:32:30.412274+00:00
2356,0.508,2026-09-24T08:32:30.413264+00:00
2357,0.514,2026-09-24T08:32:30.414331+00:00
2358,0.483,2026-09-24T08:32:30.415295+00:00
2359,0.502,2026-09-24T08:32:30.416294+00:00
2360,0.49799999999999994,2026-09-24T08:32:30.417252+00:00
2361,0.453,2026-09-24T08:32:30.418194+00:00
2362,0.506,2026-09-24T08:32:30.419191+00:00
2363,0.49700000000000005,2026-09-24T08:32:30.420165+00:00
2364,0.46799999999999997,2026-09-24T08:32:30.421106+00:00
2365,0.46900000000000003,2026-09-24T08:32:30.422062+00:00
2366,0.462,2026-09-24T08:32:30.423037+00:00
2367,0.491,2026-09-24T08:32:30.424016+00:00
2368,0.691,2026-09-24T08:32:30.425280+00:00
2369,0.589,2026-09-24T08:32:30.426385+00:00
2370,0.639,2026-09-24T08:32:30.427517+00:00
2371,0.592,2026-09-24T08:32:30.428687+00:00
2372,0.58,2026-09-24T08:32:30.429736+00:00
2373,0.549,2026-09-24T08:32:30.430743+00:00
2374,0.549,2026-09-24T08:32:30.431789+00:00
2375,0.5599999999999999,2026-09-24T08:32:30.432820+00:00
2376,0.674,2026-09-24T08:32:30.433978+00:00
2377,0.6,2026-09-24T08:32:30.435059+00:00
2378,0.546,2026-09-24T08:32:30.436095+00:00
2379,0.5559999999999999,2026-09-24T08:32:30.437187+00:00
2380,0.5640000000000001,2026-09-24T08:32:30.438268+00:00
2381,0.54,2026-09-24T08:32:30.439289+00:00
2382,0.526,2026-09-24T08:32:30.440303+00:00
2383,0.5569999999999999,2026-09-24T08:32:30.441354+00:00
2384,0.9129999999999999,2026-09-24T08:32:30.442803+00:00
2385,1.017,2026-09-24T08:32:30.444304+00:00
2386,0.911,2026-09-24T08:32:30.445764+00:00
2387,0.842,2026-09-24T08:32:30.446868+00:00
2388,0.7739999999999999,2026-09-24T08:32:30.447859+00:00
2389,0.781,2026-09-24T08:32:30.448850+00:00
2390,0.8,2026-09-24T08:32:30.449817+00:00
2391,0.798,2026-09-24T08:32:30.450779+00:00
2392,0.776,2026-09-24T08:32:30.451720+00:00
2393,0.82,2026-09-24T08:32:30.452695+00:00
2394,0.903,2026-09-24T08:32:30.453765+00:00
2395,0.6759999999999999,2026-09-24T08:32:30.454563+00:00
2396,0.523,2026-09-24T08:32:30.455554+00:00
2397,0.544,2026-09-24T08:32:30.456552+00:00
2398,0.49299999999999994,2026-09-24T08:32:30.457544+00:00
2399,0.535,2026-09-24T08:32:30.458556+00:00
2400,0.5199999999999999,2026-09-24T08:32:30.459539+00:00
2401,0.64,2026-09-24T08:32:30.460802+00:00
2402,0.583,2026-09-24T08:32:30.461831+00:00
2403,0.63,2026-09-24T08:32:30.467466+00:00
2404,0.5419999999999999,2026-09-24T08:32:30.468473+00:00
2405,0.574,2026-09-24T08:32:30.469538+00:00
2406,0.6669999999999999,2026-09-24T08:32:30.470748+00:00
2407,0.7,2026-09-24T08:32:30.471870+00:00
2408,0.54,2026-09-24T08:32:30.472854+00:00
2409,0.541,2026-09-24T08:32:30.473874+00:00
2410,0.5720000000000001,2026-09-24T08:32:30.474969+00:00
2411,0.524,2026-09-24T08:32:30.476014+00:00
2412,0.48000000000000004,2026-09-24T08:32:30.477016+00:00
2413,0.46299999999999997,2026-09-24T08:32:30.478013+00:00
2414,0.505,2026-09-24T08:32:30.479018+00:00
2415,0.496,2026-09-24T08:32:30.480020+00:00
2416,0.48899999999999993,2026-09-24T08:32:30.481122+00:00
2417,0.501,2026-09-24T08:32:30.482142+00:00
2418,0.49200000000000005,2026-09-24T08:32:30.483142+00:00
2419,0.488,2026-09-24T08:32:30.484150+00:00
2420,0.505,2026-09-24T08:32:30.485195+00:00
2421,0.553,2026-09-24T08:32:30.486348+00:00
2422,0.749,2026-09-24T08:32:30.487582+00:00
2423,0.585,2026-09-24T08:32:30.488812+00:00
2424,0.505,2026-09-24T08:32:30.489798+00:00
2425,0.505,2026-09-24T08:32:30.490774+00:00
2426,0.524,2026-09-24T08:32:30.491811+00:00
2427,0.517,2026-09-24T08:32:30.492820+00:00
2428,0.524,2026-09-24T08:32:30.493845+00:00
2429,0.522,2026-09-24T08:32:30.494880+00:00
2430,0.531,2026-09-24T08:32:30.495902+00:00
2431,0.859,2026-09-24T08:32:30.497801+00:00
2432,0.733,2026-09-24T08:32:30.499221+00:00
2433,0.6980000000000001,2026-09-24T08:32:30.500629+00:00
2434,0.718,2026-09-24T08:32:30.502024+00:00
2435,0.683,2026-09-24T08:32:30.503408+00:00
2436,1.07,2026-09-24T08:32:30.505167+00:00
2437,0.834,2026-09-24T08:32:30.506461+00:00
2438,0.713,2026-09-24T08:32:30.507768+00:00
2439,0.6970000000000001,2026-09-24T08:32:30.509139+00:00
2440,0.635,2026-09-24T08:32:30.510458+00:00
2441,0.834,2026-09-24T08:32:30.511997+00:00
2442,0.7060000000000001,2026-09-24T08:32:30.513397+00:00
2443,0.675,2026-09-24T08:32:30.514799+00:00
2444,0.912,2026-09-24T08:32:30.516479+00:00
2445,0.787,2026-09-24T08:32:30.518018+00:00
2446,0.714,2026-09-24T08:32:30.519358+00:00
2447,1.123,2026-09-24T08:32:30.521083+00:00
2448,0.9460000000000001,2026-09-24T08:32:30.522205+00:00
2449,0.695,2026-09-24T08:32:30.523323+00:00
2450,0.614,2026-09-24T08:32:30.524390+00:00
2451,0.614,2026-09-24T08:32:30.525481+00:00
2452,0.589,2026-09-24T08:32:30.526496+00:00
2453,0.785,2026-09-24T08:32:30.527726+00:00
2454,0.6539999999999999,2026-09-24T08:32:30.528914+00:00
2455,0.615,2026-09-24T08:32:30.529979+00:00
2456,0.5730000000000001,2026-09-24T08:32:30.531006+00:00
2457,0.575,2026-09-24T08:32:30.532102+00:00
2458,0.5730000000000001,2026-09-24T08:32:30.533165+00:00
2459,0.6,2026-09-24T08:32:30.534224+00:00
2460,0.5519999999999999,2026-09-24T08:32:30.535368+00:00
2461,0.665,2026-09-24T08:32:30.536513+00:00
2462,0.585,2026-09-24T08:32:30.537483+00:00
2463,0.5720000000000001,2026-09-24T08:32:30.538483+00:00
2464,0.558,2026-09-24T08:32:30.539447+00:00
2465,0.594,2026-09-24T08:32:30.540467+00:00
2466,0.589,2026-09-24T08:32:30.541544+00:00
2467,0.5760000000000001,2026-09-24T08:32:30.542554+00:00
2468,0.655,2026-09-24T08:32:30.543724+00:00
2469,0.574,2026-09-24T08:32:30.544821+00:00
2470,0.5810000000000001,2026-09-24T08:32:30.545844+00:00
2471,0.5609999999999999,2026-09-24T08:32:30.546832+00:00
2472,0.565,2026-09-24T08:32:30.547843+00:00
2473,0.5609999999999999,2026-09-24T08:32:30.548837+00:00
2474,0.509,2026-09-24T08:32:30.549772+00:00
2475,0.5670000000000001,2026-09-24T08:32:30.550838+00:00
2476,0.5379999999999999,2026-09-24T08:32:30.551839+00:00
2477,0.5670000000000001,2026-09-24T08:32:30.552876+00:00
2478,0.585,2026-09-24T08:32:30.553908+00:00
2479,0.565,2026-09-24T08:32:30.554886+00:00
2480,0.5429999999999999,2026-09-24T08:32:30.555850+00:00
2481,0.518,2026-09-24T08:32:30.556800+00:00
2482,0.5419999999999999,2026-09-24T08:32:30.557778+00:00
2483,0.528,2026-09-24T08:32:30.558727+00:00
2484,0.526,2026-09-24T08:32:30.559679+00:00
2485,0.506,2026-09-24T08:32:30.560586+00:00
2486,0.57,2026-09-24T08:32:30.561593+00:00
2487,0.7929999999999999,2026-09-24T08:32:30.562989+00:00
2488,0.726,2026-09-24T08:32:30.564107+00:00
2489,0.571,2026-09-24T08:32:30.565087+00:00
2490,0.554,2026-09-24T08:32:30.566195+00:00
2491,0.727,2026-09-24T08:32:30.567352+00:00
2492,0.638,2026-09-24T08:32:30.568487+00:00
2493,0.5950000000000001,2026-09-24T08:32:30.569496+00:00
2494,0.652,2026-09-24T08:32:30.570675+00:00
2495,0.597,2026-09-24T08:32:30.571701+00:00
2496,0.578,2026-09-24T08:32:30.572708+00:00
2497,0.583,2026-09-24T08:32:30.573745+00:00
2498,0.583,2026-09-24T08:32:30.574781+00:00
2499,0.5640000000000001,2026-09-24T08:32:30.575775+00:00
2500,0.587,2026-09-24T08:32:30.576797+00:00
2501,0.901,2026-09-24T08:32:30.578141+00:00
2502,0.893,2026-09-24T08:32:30.579143+00:00
2503,0.8099999999999999,2026-09-24T08:32:30.580182+00:00
2504,0.775,2026-09-24T08:32:30.581149+00:00
2505,0.825,2026-09-24T08:32:30.582231+00:00
2506,0.789,2026-09-24T08:32:30.583231+00:00
2507,0.824,2026-09-24T08:32:30.584306+00:00
2508,0.923,2026-09-24T08:32:30.585554+00:00
2509,0.789,2026-09-24T08:32:30.586499+00:00
2510,0.597,2026-09-24T08:32:30.587334+00:00
2511,0.5519999999999999,2026-09-24T08:32:30.588313+00:00
2512,0.5339999999999999,2026-09-24T08:32:30.589308+00:00
2513,0.484,2026-09-24T08:32:30.590273+00:00
2514,0.491,2026-09-24T08:32:30.591266+00:00
2515,0.46,2026-09-24T08:32:30.592192+00:00
2516,0.483,2026-09-24T08:32:30.593169+00:00
2517,0.705,2026-09-24T08:32:30.594357+00:00
2518,0.496,2026-09-24T08:32:30.595280+00:00
2519,0.517,2026-09-24T08:32:30.596399+00:00
2520,0.496,2026-09-24T08:32:30.597355+00:00
2521,0.518,2026-09-24T08:32:30.598368+00:00
2522,0.565,2026-09-24T08:32:30.599442+00:00
2523,0.524,2026-09-24T08:32:30.600464+00:00
2524,0.599,2026-09-24T08:32:30.601522+00:00
2525,0.615,2026-09-24T08:32:30.602552+00:00
2526,0.55,2026-09-24T08:32:30.603476+00:00
2527,0.513,2026-09-24T08:32:30.604438+00:00
2528,0.475,2026-09-24T08:32:30.605362+00:00
2529,0.481,2026-09-24T08:32:30.606353+00:00
2530,0.46799999999999997,2026-09-24T08:32:30.607328+00:00
2531,0.49200000000000005,2026-09-24T08:32:30.608304+00:00
2532,0.45899999999999996,2026-09-24T08:32:30.609281+00:00
2533,0.488,2026-09-24T08:32:30.610283+00:00
2534,0.47100000000000003,2026-09-24T08:32:30.611301+00:00
2535,0.545,2026-09-24T08:32:30.612359+00:00
2536,0.482,2026-09-24T08:32:30.613297+00:00
2537,0.46900000000000003,2026-09-24T08:32:30.614287+00:00
2538,0.49,2026-09-24T08:32:30.615257+00:00
2539,0.467,2026-09-24T08:32:30.616207+00:00
2540,0.472,2026-09-24T08:32:30.617192+00:00
2541,0.47100000000000003,2026-09-24T08:32:30.618197+00:00
2542,0.47,2026-09-24T08:32:30.619156+00:00
2543,0.465,2026-09-24T08:32:30.620144+00:00
2544,0.494,2026-09-24T08:32:30.621140+00:00
2545,0.47100000000000003,2026-09-24T08:32:30.622116+00:00
2546,0.481,2026-09-24T08:32:30.623099+00:00
2547,0.49200000000000005,2026-09-24T08:32:30.624101+00:00
2548,0.481,2026-09-24T08:32:30.625081+00:00
2549,0.48899999999999993,2026-09-24T08:32:30.626127+00:00
2550,0.484,2026-09-24T08:32:30.627139+00:00
2551,0.45399999999999996,2026-09-24T08:32:30.628128+00:00
2552,0.45899999999999996,2026-09-24T08:32:30.629095+00:00
2553,0.488,2026-09-24T08:32:30.630104+00:00
2554,0.483,2026-09-24T08:32:30.631094+00:00
2555,0.47,2026-09-24T08:32:30.632069+00:00
2556,0.474,2026-09-24T08:32:30.633079+00:00
2557,0.746,2026-09-24T08:32:30.634338+00:00
2558,0.723,2026-09-24T08:32:30.635399+00:00
2559,0.695,2026-09-24T08:32:30.636531+00:00
2560,0.6669999999999999,2026-09-24T08:32:30.637633+00:00
2561,0.687,2026-09-24T08:32:30.638787+00:00
2562,0.712,2026-09-24T08:32:30.640072+00:00
2563,0.674,2026-09-24T08:32:30.641200+00:00
2564,0.704,2026-09-24T08:32:30.642456+00:00
2565,0.66,2026-09-24T08:32:30.643566+00:00
2566,0.699,2026-09-24T08:32:30.644717+00:00
2567,0.66,2026-09-24T08:32:30.645874+00:00
2568,0.664,2026-09-24T08:32:30.646956+00:00
2569,0.593,2026-09-24T08:32:30.647990+00:00
2570,0.631,2026-09-24T08:32:30.649064+00:00
2571,0.601,2026-09-24T08:32:30.650091+00:00
2572,0.606,2026-09-24T08:32:30.651205+00:00
2573,0.5680000000000001,2026-09-24T08:32:30.652228+00:00
2574,0.637,2026-09-24T08:32:30.653301+00:00
2575,0.592,2026-09-24T08:32:30.654337+00:00
2576,0.703,2026-09-24T08:32:30.655531+00:00
2577,0.69,2026-09-24T08:32:30.656700+00:00
2578,0.737,2026-09-24T08:32:30.657982+00:00
2579,0.675,2026-09-24T08:32:30.659120+00:00
2580,0.6890000000000001,2026-09-24T08:32:30.660341+00:00
2581,0.626,2026-09-24T08:32:30.661432+00:00
2582,0.6859999999999999,2026-09-24T08:32:30.662589+00:00
2583,0.665,2026-09-24T08:32:30.663794+00:00
2584,0.669,2026-09-24T08:32:30.664903+00:00
2585,0.639,2026-09-24T08:32:30.666070+00:00
2586,0.601,2026-09-24T08:32:30.667152+00:00
2587,0.638,2026-09-24T08:32:30.668245+00:00
2588,0.602,2026-09-24T08:32:30.669288+00:00
2589,0.933,2026-09-24T08:32:30.670660+00:00
2590,0.771,2026-09-24T08:32:30.671785+00:00
2591,0.7829999999999999,2026-09-24T08:32:30.673075+00:00
2592,1.01,2026-09-24T08:32:30.674787+00:00
2593,0.8630000000000001,2026-09-24T08:32:30.676258+00:00
2594,0.9460000000000001,2026-09-24T08:32:30.678009+00:00
2595,0.789,2026-09-24T08:32:30.679371+00:00
2596,0.764,2026-09-24T08:32:30.680662+00:00
2597,0.7240000000000001,2026-09-24T08:32:30.681896+00:00
2598,0.708,2026-09-24T08:32:30.683109+00:00
2599,0.847,2026-09-24T08:32:30.684644+00:00
2600,0.812,2026-09-24T08:32:30.685966+00:00
2601,0.7240000000000001,2026-09-24T08:32:30.687156+00:00
2602,0.6970000000000001,2026-09-24T08:32:30.688383+00:00
2603,0.684,2026-09-24T08:32:30.689550+00:00
2604,0.975,2026-09-24T08:32:30.691087+00:00
2605,0.907,2026-09-24T08:32:30.692520+00:00
2606,0.5860000000000001,2026-09-24T08:32:30.693352+00:00
2607,0.5339999999999999,2026-09-24T08:32:30.694307+00:00
2608,0.5,2026-09-24T08:32:30.695488+00:00
2609,0.524,2026-09-24T08:32:30.696485+00:00
2610,0.48700000000000004,2026-09-24T08:32:30.697451+00:00
2611,0.444,2026-09-24T08:32:30.698394+00:00
2612,0.435,2026-09-24T08:32:30.699346+00:00
2613,0.47800000000000004,2026-09-24T08:32:30.700380+00:00
2614,0.46299999999999997,2026-09-24T08:32:30.701362+00:00
2615,0.472,2026-09-24T08:32:30.702343+00:00
2616,0.481,2026-09-24T08:32:30.703322+00:00
2617,0.494,2026-09-24T08:32:30.704319+00:00
2618,0.451,2026-09-24T08:32:30.705271+00:00
2619,0.45,2026-09-24T08:32:30.706216+00:00
2620,0.47,2026-09-24T08:32:30.707198+00:00
2621,0.46900000000000003,2026-09-24T08:32:30.708180+00:00
2622,0.472,2026-09-24T08:32:30.709177+00:00
2623,0.448,2026-09-24T08:32:30.710192+00:00
2624,0.444,2026-09-24T08:32:30.711108+00:00
2625,0.46099999999999997,2026-09-24T08:32:30.712366+00:00
2626,0.48000000000000004,2026-09-24T08:32:30.713347+00:00
2627,0.458,2026-09-24T08:32:30.714300+00:00
2628,0.47800000000000004,2026-09-24T08:32:30.715283+00:00
2629,0.482,2026-09-24T08:32:30.716261+00:00
2630,0.44499999999999995,2026-09-24T08:32:30.717197+00:00
2631,0.45399999999999996,2026-09-24T08:32:30.718141+00:00
2632,0.45199999999999996,2026-09-24T08:32:30.719117+00:00
2633,0.519,2026-09-24T08:32:30.720203+00:00
2634,0.512,2026-09-24T08:32:30.721369+00:00
2635,0.509,2026-09-24T08:32:30.722380+00:00
2636,0.494,2026-09-24T08:32:30.723352+00:00
2637,0.46900000000000003,2026-09-24T08:32:30.724303+00:00
2638,0.504,2026-09-24T08:32:30.725436+00:00
2639,0.49200000000000005,2026-09-24T08:32:30.726437+00:00
2640,0.45,2026-09-24T08:32:30.727376+00:00
2641,0.481,2026-09-24T08:32:30.728359+00:00
2642,0.477,2026-09-24T08:32:30.729330+00:00
2643,0.496,2026-09-24T08:32:30.730326+00:00
2644,0.46,2026-09-24T08:32:30.731268+00:00
2645,0.49299999999999994,2026-09-24T08:32:30.732229+00:00
2646,0.45399999999999996,2026-09-24T08:32:30.733165+00:00
2647,0.457,2026-09-24T08:32:30.734126+00:00
2648,0.494,2026-09-24T08:32:30.735228+00:00
2649,0.616,2026-09-24T08:32:30.736503+00:00
2650,0.737,2026-09-24T08:32:30.738299+00:00
2651,0.615,2026-09-24T08:32:30.739613+00:00
2652,0.5630000000000001,2026-09-24T08:32:30.740847+00:00
2653,0.526,2026-09-24T08:32:30.741897+00:00
2654,0.514,2026-09-24T08:32:30.742970+00:00
2655,0.696,2026-09-24T08:32:30.744315+00:00
2656,0.5599999999999999,2026-09-24T08:32:30.745525+00:00
2657,0.5860000000000001,2026-09-24T08:32:30.746669+00:00
2658,0.565,2026-09-24T08:32:30.747752+00:00
2659,0.5379999999999999,2026-09-24T08:32:30.748820+00:00
2660,0.531,2026-09-24T08:32:30.749866+00:00
2661,0.5720000000000001,2026-09-24T08:32:30.751003+00:00
2662,0.648,2026-09-24T08:32:30.752279+00:00
2663,0.566,2026-09-24T08:32:30.753390+00:00
2664,0.495,2026-09-24T08:32:30.754351+00:00
2665,0.526,2026-09-24T08:32:30.755361+00:00
2666,0.518,2026-09-24T08:32:30.756393+00:00
2667,0.7110000000000001,2026-09-24T08:32:30.757849+00:00
2668,0.546,2026-09-24T08:32:30.758724+00:00
2669,0.865,2026-09-24T08:32:30.760184+00:00
2670,0.9319999999999999,2026-09-24T08:32:30.761535+00:00
2671,0.731,2026-09-24T08:32:30.762505+00:00
2672,0.699,2026-09-24T08:32:30.763508+00:00
2673,0.6,2026-09-24T08:32:30.764397+00:00
2674,0.5770000000000001,2026-09-24T08:32:30.765379+00:00
2675,0.588,2026-09-24T08:32:30.766408+00:00
2676,0.696,2026-09-24T08:32:30.767531+00:00
2677,0.6449999999999999,2026-09-24T08:32:30.768481+00:00
2678,0.5730000000000001,2026-09-24T08:32:30.769452+00:00
2679,0.787,2026-09-24T08:32:30.770930+00:00
2680,0.74,2026-09-24T08:32:30.772447+00:00
2681,0.58,2026-09-24T08:32:30.773512+00:00
2682,0.9179999999999999,2026-09-24T08:32:30.775548+00:00
2683,0.6890000000000001,2026-09-24T08:32:30.776997+00:00
2684,0.62,2026-09-24T08:32:30.778143+00:00
2685,0.608,2026-09-24T08:32:30.779298+00:00
2686,0.583,2026-09-24T08:32:30.780396+00:00
2687,0.599,2026-09-24T08:32:30.781535+00:00
2688,0.621,2026-09-24T08:32:30.782622+00:00
2689,1.035,2026-09-24T08:32:30.784313+00:00
2690,1.596,2026-09-24T08:32:30.786403+00:00
2691,0.841,2026-09-24T08:32:30.787805+00:00
2692,0.7010000000000001,2026-09-24T08:32:30.789175+00:00
2693,0.957,2026-09-24T08:32:30.790661+00:00
2694,0.964,2026-09-24T08:32:30.792162+00:00
2695,0.673,2026-09-24T08:32:30.793428+00:00
2696,0.6539999999999999,2026-09-24T08:32:30.794682+00:00
2697,0.601,2026-09-24T08:32:30.795895+00:00
2698,0.536,2026-09-24T08:32:30.796900+00:00
2699,0.49,2026-09-24T08:32:30.797918+00:00
2700,0.73,2026-09-24T08:32:30.799104+00:00
2701,0.6669999999999999,2026-09-24T08:32:30.800211+00:00
2702,0.63,2026-09-24T08:32:30.801334+00:00
2703,0.601,2026-09-24T08:32:30.802439+00:00
2704,0.5609999999999999,2026-09-24T08:32:30.803475+00:00
2705,0.61,2026-09-24T08:32:30.804564+00:00
2706,0.65,2026-09-24T08:32:30.805753+00:00
2707,1.776,2026-09-24T08:32:30.808063+00:00
2708,0.8220000000000001,2026-09-24T08:32:30.809613+00:00
2709,0.749,2026-09-24T08:32:30.810883+00:00
2710,0.684,2026-09-24T08:32:30.812060+00:00
2711,0.7290000000000001,2026-09-24T08:32:30.813314+00:00
2712,0.651,2026-09-24T08:32:30.814807+00:00
2713,0.541,2026-09-24T08:32:30.815891+00:00
2714,0.532,2026-09-24T08:32:30.816938+00:00
2715,0.519,2026-09-24T08:32:30.818009+00:00
2716,0.638,2026-09-24T08:32:30.819321+00:00
2717,0.5630000000000001,2026-09-24T08:32:30.820462+00:00
2718,0.566,2026-09-24T08:32:30.821522+00:00
2719,0.559,2026-09-24T08:32:30.822593+00:00
2720,0.5670000000000001,2026-09-24T08:32:30.823686+00:00
2721,0.5469999999999999,2026-09-24T08:32:30.824758+00:00
2722,0.523,2026-09-24T08:32:30.825775+00:00
2723,0.512,2026-09-24T08:32:30.826800+00:00
2724,0.5640000000000001,2026-09-24T08:32:30.827843+00:00
2725,0.513,2026-09-24T08:32:30.828823+00:00
2726,0.5429999999999999,2026-09-24T08:32:30.830023+00:00
2727,0.519,2026-09-24T08:32:30.831057+00:00
2728,0.47800000000000004,2026-09-24T08:32:30.832051+00:00
2729,0.496,2026-09-24T08:32:30.833065+00:00
2730,0.5109999999999999,2026-09-24T08:32:30.834123+00:00
2731,0.495,2026-09-24T08:32:30.835143+00:00
2732,0.49799999999999994,2026-09-24T08:32:30.836169+00:00
2733,0.525,2026-09-24T08:32:30.837185+00:00
2734,0.496,2026-09-24T08:32:30.838178+00:00
2735,0.549,2026-09-24T08:32:30.839239+00:00
2736,0.499,2026-09-24T08:32:30.840250+00:00
2737,0.49299999999999994,2026-09-24T08:32:30.841263+00:00
2738,0.49,2026-09-24T08:32:30.842269+00:00
2739,0.516,2026-09-24T08:32:30.843271+00:00
2740,0.507,2026-09-24T08:32:30.844262+00:00
2741,0.518,2026-09-24T08:32:30.845330+00:00
2742,0.513,2026-09-24T08:32:30.846347+00:00
2743,0.472,2026-09-24T08:32:30.847295+00:00
2744,0.51,2026-09-24T08:32:30.848315+00:00
2745,0.49,2026-09-24T08:32:30.849373+00:00
2746,0.644,2026-09-24T08:32:30.850545+00:00
2747,0.5509999999999999,2026-09-24T08:32:30.851446+00:00
2748,0.488,2026-09-24T08:32:30.852358+00:00
2749,0.496,2026-09-24T08:32:30.853309+00:00
2750,0.47,2026-09-24T08:32:30.854249+00:00
2751,0.523,2026-09-24T08:32:30.855297+00:00
2752,0.481,2026-09-24T08:32:30.856308+00:00
2753,0.472,2026-09-24T08:32:30.857305+00:00
2754,0.518,2026-09-24T08:32:30.858343+00:00
2755,0.48700000000000004,2026-09-24T08:32:30.859325+00:00
2756,0.537,2026-09-24T08:32:30.860418+00:00
2757,0.523,2026-09-24T08:32:30.861447+00:00
2758,0.48000000000000004,2026-09-24T08:32:30.862399+00:00
2759,0.5469999999999999,2026-09-24T08:32:30.863470+00:00
2760,0.508,2026-09-24T08:32:30.864533+00:00
2761,0.477,2026-09-24T08:32:30.865505+00:00
2762,0.48899999999999993,2026-09-24T08:32:30.866534+00:00
2763,0.521,2026-09-24T08:32:30.867536+00:00
2764,0.49700000000000005,2026-09-24T08:32:30.868527+00:00
2765,0.562,2026-09-24T08:32:30.869668+00:00
2766,0.54,2026-09-24T08:32:30.870754+00:00
2767,0.5820000000000001,2026-09-24T08:32:30.871956+00:00
2768,0.502,2026-09-24T08:32:30.873020+00:00
2769,0.531,2026-09-24T08:32:30.874093+00:00
2770,0.519,2026-09-24T08:32:30.875133+00:00
2771,0.506,2026-09-24T08:32:30.876234+00:00
2772,0.506,2026-09-24T08:32:30.877297+00:00
2773,0.49299999999999994,2026-09-24T08:32:30.878324+00:00
2774,0.585,2026-09-24T08:32:30.879547+00:00
2775,0.537,2026-09-24T08:32:30.880676+00:00
2776,0.507,2026-09-24T08:32:30.881705+00:00
2777,0.531,2026-09-24T08:32:30.882724+00:00
2778,0.521,2026-09-24T08:32:30.883751+00:00
2779,1.017,2026-09-24T08:32:30.885285+00:00
2780,0.91,2026-09-24T08:32:30.886448+00:00
2781,0.775,2026-09-24T08:32:30.887469+00:00
2782,0.758,2026-09-24T08:32:30.888445+00:00
2783,0.713,2026-09-24T08:32:30.889356+00:00
2784,0.758,2026-09-24T08:32:30.890405+00:00
2785,0.772,2026-09-24T08:32:30.891523+00:00
2786,0.768,2026-09-24T08:32:30.892532+00:00
2787,0.819,2026-09-24T08:32:30.893560+00:00
2788,0.82,2026-09-24T08:32:30.894576+00:00
2789,0.882,2026-09-24T08:32:30.895593+00:00
2790,0.533,2026-09-24T08:32:30.896530+00:00
2791,0.5289999999999999,2026-09-24T08:32:30.897515+00:00
2792,0.519,2026-09-24T08:32:30.898484+00:00
2793,0.5429999999999999,2026-09-24T08:32:30.899457+00:00
2794,0.523,2026-09-24T08:32:30.900422+00:00
2795,0.784,2026-09-24T08:32:30.901783+00:00
2796,0.606,2026-09-24T08:32:30.902628+00:00
2797,0.721,2026-09-24T08:32:30.903876+00:00
2798,0.5720000000000001,2026-09-24T08:32:30.904869+00:00
2799,0.5670000000000001,2026-09-24T08:32:30.905899+00:00
2800,0.531,2026-09-24T08:32:30.906962+00:00
2801,0.584,2026-09-24T08:32:30.908039+00:00
2802,0.5289999999999999,2026-09-24T08:32:30.909004+00:00
2803,0.5519999999999999,2026-09-24T08:32:30.909982+00:00
2804,0.6809999999999999,2026-09-24T08:32:30.911111+00:00
2805,0.5670000000000001,2026-09-24T08:32:30.912130+00:00
2806,0.49799999999999994,2026-09-24T08:32:30.913087+00:00
2807,0.521,2026-09-24T08:32:30.914117+00:00
2808,0.48000000000000004,2026-09-24T08:32:30.915088+00:00
2809,0.5289999999999999,2026-09-24T08:32:30.916106+00:00
2810,0.495,2026-09-24T08:32:30.917070+00:00
2811,0.525,2026-09-24T08:32:30.918074+00:00
2812,0.655,2026-09-24T08:32:30.919219+00:00
2813,0.5519999999999999,2026-09-24T08:32:30.920204+00:00
2814,0.49799999999999994,2026-09-24T08:32:30.921158+00:00
2815,0.48500000000000004,2026-09-24T08:32:30.922158+00:00
2816,0.49200000000000005,2026-09-24T08:32:30.923123+00:00
2817,0.515,2026-09-24T08:32:30.924112+00:00
2818,0.518,2026-09-24T08:32:30.925068+00:00
2819,0.512,2026-09-24T08:32:30.926014+00:00
2820,0.655,2026-09-24T08:32:30.927151+00:00
2821,0.527,2026-09-24T08:32:30.928139+00:00
2822,0.488,2026-09-24T08:32:30.929087+00:00
2823,0.521,2026-09-24T08:32:30.930071+00:00
2824,0.499,2026-09-24T08:32:30.931034+00:00
2825,0.533,2026-09-24T08:32:30.932016+00:00
2826,0.525,2026-09-24T08:32:30.933018+00:00
2827,0.5109999999999999,2026-09-24T08:32:30.933987+00:00
2828,0.662,2026-09-24T08:32:30.935114+00:00
2829,0.513,2026-09-24T08:32:30.936117+00:00
2830,0.506,2026-09-24T08:32:30.937159+00:00
2831,0.502,2026-09-24T08:32:30.938146+00:00
2832,0.506,2026-09-24T08:32:30.939105+00:00
2833,0.5109999999999999,2026-09-24T08:32:30.940081+00:00
2834,0.501,2026-09-24T08:32:30.941063+00:00
2835,0.9309999999999999,2026-09-24T08:32:30.942516+00:00
2836,0.726,2026-09-24T08:32:30.943710+00:00
2837,0.588,2026-09-24T08:32:30.944853+00:00
2838,0.5599999999999999,2026-09-24T08:32:30.945884+00:00
2839,0.5289999999999999,2026-09-24T08:32:30.946858+00:00
2840,0.522,2026-09-24T08:32:30.947814+00:00
2841,0.501,2026-09-24T08:32:30.948752+00:00
2842,0.523,2026-09-24T08:32:30.949706+00:00
2843,0.616,2026-09-24T08:32:30.950805+00:00
2844,0.58,2026-09-24T08:32:30.951912+00:00
2845,0.9039999999999999,2026-09-24T08:32:30.953641+00:00
2846,0.809,2026-09-24T08:32:30.955106+00:00
2847,0.7879999999999999,2026-09-24T08:32:30.956547+00:00
2848,0.755,2026-09-24T08:32:30.957950+00:00
2849,1.0070000000000001,2026-09-24T08:32:30.959622+00:00
2850,0.781,2026-09-24T08:32:30.961088+00:00
2851,0.741,2026-09-24T08:32:30.962530+00:00
2852,0.734,2026-09-24T08:32:30.963936+00:00
2853,0.853,2026-09-24T08:32:30.965561+00:00
2854,1.05,2026-09-24T08:32:30.967263+00:00
2855,0.846,2026-09-24T08:32:30.968666+00:00
2856,0.756,2026-09-24T08:32:30.969989+00:00
2857,0.805,2026-09-24T08:32:30.971317+00:00
2858,0.902,2026-09-24T08:32:30.972965+00:00
2859,0.733,2026-09-24T08:32:30.974268+00:00
2860,0.7010000000000001,2026-09-24T08:32:30.975473+00:00
2861,0.5559999999999999,2026-09-24T08:32:30.976517+00:00
2862,0.503,2026-09-24T08:32:30.977561+00:00
2863,0.523,2026-09-24T08:32:30.978594+00:00
2864,0.508,2026-09-24T08:32:30.979612+00:00
2865,0.558,2026-09-24T08:32:30.980669+00:00
2866,0.535,2026-09-24T08:32:30.981709+00:00
2867,0.91,2026-09-24T08:32:30.983306+00:00
2868,0.679,2026-09-24T08:32:30.984544+00:00
2869,0.599,2026-09-24T08:32:30.985631+00:00
2870,0.566,2026-09-24T08:32:30.986703+00:00
2871,0.513,2026-09-24T08:32:30.987720+00:00
2872,0.6130000000000001,2026-09-24T08:32:30.988874+00:00
2873,0.5860000000000001,2026-09-24T08:32:30.989989+00:00
2874,0.695,2026-09-24T08:32:30.991340+00:00
2875,0.5479999999999999,2026-09-24T08:32:30.992447+00:00
2876,0.523,2026-09-24T08:32:30.993510+00:00
2877,0.756,2026-09-24T08:32:30.994820+00:00
2878,0.644,2026-09-24T08:32:30.996021+00:00
2879,0.525,2026-09-24T08:32:30.997042+00:00
2880,0.57,2026-09-24T08:32:30.998135+00:00
2881,0.675,2026-09-24T08:32:30.999391+00:00
2882,0.531,2026-09-24T08:32:31.000525+00:00
2883,0.5860000000000001,2026-09-24T08:32:31.001668+00:00
2884,0.545,2026-09-24T08:32:31.002721+00:00
2885,0.512,2026-09-24T08:32:31.003722+00:00
2886,0.5479999999999999,2026-09-24T08:32:31.004772+00:00
2887,0.5640000000000001,2026-09-24T08:32:31.005839+00:00
2888,0.607,2026-09-24T08:32:31.006956+00:00
2889,0.569,2026-09-24T08:32:31.008229+00:00
2890,0.49700000000000005,2026-09-24T08:32:31.009289+00:00
2891,0.503,2026-09-24T08:32:31.010306+00:00
2892,0.49,2026-09-24T08:32:31.011361+00:00
2893,0.5720000000000001,2026-09-24T08:32:31.012455+00:00
2894,0.516,2026-09-24T08:32:31.013454+00:00
2895,0.5599999999999999,2026-09-24T08:32:31.014519+00:00
2896,0.5900000000000001,2026-09-24T08:32:31.015687+00:00
2897,0.53,2026-09-24T08:32:31.016737+00:00
2898,0.47,2026-09-24T08:32:31.017714+00:00
2899,0.488,2026-09-24T08:32:31.018686+00:00
2900,0.653,2026-09-24T08:32:31.019818+00:00
2901,0.641,2026-09-24T08:32:31.020956+00:00
2902,0.519,2026-09-24T08:32:31.021989+00:00
2903,0.673,2026-09-24T08:32:31.023183+00:00
2904,0.521,2026-09-24T08:32:31.024338+00:00
2905,0.49299999999999994,2026-09-24T08:32:31.025366+00:00
2906,0.482,2026-09-24T08:32:31.026403+00:00
2907,0.479,2026-09-24T08:32:31.027391+00:00
2908,0.49700000000000005,2026-09-24T08:32:31.028387+00:00
2909,0.502,2026-09-24T08:32:31.029400+00:00
2910,0.474,2026-09-24T08:32:31.030385+00:00
2911,0.5519999999999999,2026-09-24T08:32:31.031531+00:00
2912,0.499,2026-09-24T08:32:31.032521+00:00
2913,0.522,2026-09-24T08:32:31.033558+00:00
2914,0.499,2026-09-24T08:32:31.034562+00:00
2915,0.525,2026-09-24T08:32:31.035565+00:00
2916,0.512,2026-09-24T08:32:31.036556+00:00
2917,0.575,2026-09-24T08:32:31.037691+00:00
2918,0.523,2026-09-24T08:32:31.038695+00:00
2919,0.599,2026-09-24T08:32:31.040016+00:00
2920,0.596,2026-09-24T08:32:31.041189+00:00
2921,0.513,2026-09-24T08:32:31.042154+00:00
2922,0.509,2026-09-24T08:32:31.043214+00:00
2923,0.505,2026-09-24T08:32:31.044215+00:00
2924,0.544,2026-09-24T08:32:31.045254+00:00
2925,0.5109999999999999,2026-09-24T08:32:31.046265+00:00
2926,0.47600000000000003,2026-09-24T08:32:31.047252+00:00
2927,0.575,2026-09-24T08:32:31.048350+00:00
2928,0.533,2026-09-24T08:32:31.049487+00:00
2929,0.5199999999999999,2026-09-24T08:32:31.050503+00:00
2930,0.49200000000000005,2026-09-24T08:32:31.051503+00:00
2931,0.514,2026-09-24T08:32:31.052521+00:00
2932,0.516,2026-09-24T08:32:31.053554+00:00
2933,0.526,2026-09-24T08:32:31.054692+00:00
2934,0.584,2026-09-24T08:32:31.055828+00:00
2935,0.5469999999999999,2026-09-24T08:32:31.056953+00:00
2936,0.525,2026-09-24T08:32:31.057995+00:00
2937,0.531,2026-09-24T08:32:31.059037+00:00
2938,0.474,2026-09-24T08:32:31.060022+00:00
2939,0.484,2026-09-24T08:32:31.061023+00:00
2940,0.47800000000000004,2026-09-24T08:32:31.062013+00:00
2941,0.68,2026-09-24T08:32:31.063196+00:00
2942,0.54,2026-09-24T08:32:31.064292+00:00
2943,0.583,2026-09-24T08:32:31.065422+00:00
2944,0.5900000000000001,2026-09-24T08:32:31.066668+00:00
2945,0.541,2026-09-24T08:32:31.067736+00:00
2946,0.902,2026-09-24T08:32:31.069505+00:00
2947,1.063,2026-09-24T08:32:31.071306+00:00
2948,0.9740000000000001,2026-09-24T08:32:31.073334+00:00
2949,0.766,2026-09-24T08:32:31.074800+00:00
2950,0.6719999999999999,2026-09-24T08:32:31.076142+00:00
2951,0.69,2026-09-24T08:32:31.077499+00:00
2952,0.753,2026-09-24T08:32:31.078871+00:00
2953,0.741,2026-09-24T08:32:31.080285+00:00
2954,0.65,2026-09-24T08:32:31.081561+00:00
2955,0.67,2026-09-24T08:32:31.082822+00:00
2956,0.596,2026-09-24T08:32:31.083992+00:00
2957,0.612,2026-09-24T08:32:31.085184+00:00
2958,0.585,2026-09-24T08:32:31.086318+00:00
2959,0.7060000000000001,2026-09-24T08:32:31.087570+00:00
2960,0.533,2026-09-24T08:32:31.088594+00:00
2961,0.5199999999999999,2026-09-24T08:32:31.089604+00:00
2962,0.554,2026-09-24T08:32:31.090704+00:00
2963,0.565,2026-09-24T08:32:31.091878+00:00
2964,0.5680000000000001,2026-09-24T08:32:31.092934+00:00
2965,0.554,2026-09-24T08:32:31.094003+00:00
2966,0.675,2026-09-24T08:32:31.095206+00:00
2967,0.579,2026-09-24T08:32:31.096369+00:00
2968,0.537,2026-09-24T08:32:31.097455+00:00
2969,0.546,2026-09-24T08:32:31.098505+00:00
2970,0.5109999999999999,2026-09-24T08:32:31.099496+00:00
2971,0.541,2026-09-24T08:32:31.100521+00:00
2972,0.508,2026-09-24T08:32:31.101531+00:00
2973,0.626,2026-09-24T08:32:31.102687+00:00
2974,0.6130000000000001,2026-09-24T08:32:31.103845+00:00
2975,0.524,2026-09-24T08:32:31.104867+00:00
2976,0.532,2026-09-24T08:32:31.105899+00:00
2977,0.539,2026-09-24T08:32:31.106970+00:00
2978,0.495,2026-09-24T08:32:31.108072+00:00
2979,0.5419999999999999,2026-09-24T08:32:31.109130+00:00
2980,0.48899999999999993,2026-09-24T08:32:31.110136+00:00
2981,0.6880000000000001,2026-09-24T08:32:31.111332+00:00
2982,0.759,2026-09-24T08:32:31.112793+00:00
2983,0.6589999999999999,2026-09-24T08:32:31.114104+00:00
2984,0.5900000000000001,2026-09-24T08:32:31.115298+00:00
2985,0.5640000000000001,2026-09-24T08:32:31.116433+00:00
2986,0.516,2026-09-24T08:32:31.117438+00:00
2987,0.575,2026-09-24T08:32:31.118499+00:00
2988,0.705,2026-09-24T08:32:31.119748+00:00
2989,0.6489999999999999,2026-09-24T08:32:31.120953+00:00
2990,0.541,2026-09-24T08:32:31.122070+00:00
2991,0.555,2026-09-24T08:32:31.123177+00:00
2992,0.5379999999999999,2026-09-24T08:32:31.124231+00:00
2993,0.525,2026-09-24T08:32:31.125335+00:00
2994,0.601,2026-09-24T08:32:31.126461+00:00
2995,0.5810000000000001,2026-09-24T08:32:31.127550+00:00
2996,0.664,2026-09-24T08:32:31.128820+00:00
2997,0.597,2026-09-24T08:32:31.130033+00:00
2998,0.5559999999999999,2026-09-24T08:32:31.131123+00:00
2999,0.5519999999999999,2026-09-24T08:32:31.132173+00:00
3000,0.58,2026-09-24T08:32:31.133234+00:00
3001,0.5910000000000001,2026-09-24T08:32:31.134316+00:00
3002,1.109,2026-09-24T08:32:31.136113+00:00
3003,0.855,2026-09-24T08:32:31.137375+00:00
3004,0.661,2026-09-24T08:32:31.138524+00:00
3005,0.565,2026-09-24T08:32:31.139579+00:00
3006,0.5509999999999999,2026-09-24T08:32:31.140632+00:00
3007,0.5569999999999999,2026-09-24T08:32:31.141753+00:00
3008,0.518,2026-09-24T08:32:31.142740+00:00
3009,0.499,2026-09-24T08:32:31.143716+00:00
3010,0.506,2026-09-24T08:32:31.144720+00:00
3011,0.517,2026-09-24T08:32:31.145721+00:00
3012,0.546,2026-09-24T08:32:31.146752+00:00
3013,0.49299999999999994,2026-09-24T08:32:31.147711+00:00
3014,0.523,2026-09-24T08:32:31.148710+00:00
3015,0.502,2026-09-24T08:32:31.149672+00:00
3016,0.467,2026-09-24T08:32:31.150602+00:00
3017,0.5569999999999999,2026-09-24T08:32:31.151689+00:00
3018,0.519,2026-09-24T08:32:31.152755+00:00
3019,0.51,2026-09-24T08:32:31.153777+00:00
3020,0.544,2026-09-24T08:32:31.154823+00:00
3021,0.536,2026-09-24T08:32:31.155846+00:00
3022,0.5469999999999999,2026-09-24T08:32:31.156937+00:00
3023,0.495,2026-09-24T08:32:31.157897+00:00
3024,0.519,2026-09-24T08:32:31.158893+00:00
3025,0.499,2026-09-24T08:32:31.159863+00:00
3026,0.488,2026-09-24T08:32:31.160845+00:00
3027,0.507,2026-09-24T08:32:31.161814+00:00
3028,0.506,2026-09-24T08:32:31.162808+00:00
3029,0.5289999999999999,2026-09-24T08:32:31.163831+00:00
3030,0.57,2026-09-24T08:32:31.164874+00:00
3031,0.5609999999999999,2026-09-24T08:32:31.166010+00:00
3032,0.739,2026-09-24T08:32:31.167273+00:00
3033,0.554,2026-09-24T08:32:31.168423+00:00
3034,0.536,2026-09-24T08:32:31.169548+00:00
3035,0.524,2026-09-24T08:32:31.170586+00:00
3036,0.646,2026-09-24T08:32:31.171711+00:00
3037,0.598,2026-09-24T08:32:31.172930+00:00
3038,0.545,2026-09-24T08:32:31.173988+00:00
3039,0.523,2026-09-24T08:32:31.175059+00:00
3040,0.495,2026-09-24T08:32:31.176092+00:00
3041,0.519,2026-09-24T08:32:31.177134+00:00
3042,0.491,2026-09-24T08:32:31.178148+00:00
3043,0.5609999999999999,2026-09-24T08:32:31.179203+00:00
3044,0.533,2026-09-24T08:32:31.180247+00:00
3045,0.537,2026-09-24T08:32:31.181282+00:00
3046,0.49,2026-09-24T08:32:31.182243+00:00
3047,0.6040000000000001,2026-09-24T08:32:31.183430+00:00
3048,0.51,2026-09-24T08:32:31.184503+00:00
3049,0.517,2026-09-24T08:32:31.185554+00:00
3050,0.554,2026-09-24T08:32:31.186625+00:00
3051,0.5379999999999999,2026-09-24T08:32:31.187684+00:00
3052,0.687,2026-09-24T08:32:31.189007+00:00
3053,0.6669999999999999,2026-09-24T08:32:31.190216+00:00
3054,0.744,2026-09-24T08:32:31.191637+00:00
3055,0.662,2026-09-24T08:32:31.192925+00:00
3056,0.574,2026-09-24T08:32:31.194038+00:00
3057,0.5810000000000001,2026-09-24T08:32:31.195101+00:00
3058,0.553,2026-09-24T08:32:31.196330+00:00
3059,0.516,2026-09-24T08:32:31.197377+00:00
3060,0.5339999999999999,2026-09-24T08:32:31.198405+00:00
3061,0.669,2026-09-24T08:32:31.199631+00:00
3062,0.569,2026-09-24T08:32:31.200731+00:00
3063,0.522,2026-09-24T08:32:31.201743+00:00
3064,0.554,2026-09-24T08:32:31.202786+00:00
3065,0.584,2026-09-24T08:32:31.203857+00:00
3066,0.506,2026-09-24T08:32:31.205084+00:00
3067,0.499,2026-09-24T08:32:31.206082+00:00
3068,0.49799999999999994,2026-09-24T08:32:31.207108+00:00
3069,0.501,2026-09-24T08:32:31.208126+00:00
3070,0.506,2026-09-24T08:32:31.209123+00:00
3071,0.5199999999999999,2026-09-24T08:32:31.210141+00:00
3072,0.5,2026-09-24T08:32:31.211126+00:00
3073,0.536,2026-09-24T08:32:31.212141+00:00
3074,0.515,2026-09-24T08:32:31.213160+00:00
3075,0.516,2026-09-24T08:32:31.214182+00:00
3076,0.633,2026-09-24T08:32:31.215348+00:00
3077,0.5720000000000001,2026-09-24T08:32:31.216476+00:00
3078,0.5559999999999999,2026-09-24T08:32:31.217515+00:00
3079,0.541,2026-09-24T08:32:31.218567+00:00
3080,0.533,2026-09-24T08:32:31.219593+00:00
3081,0.513,2026-09-24T08:32:31.220749+00:00
3082,0.5289999999999999,2026-09-24T08:32:31.221793+00:00
3083,0.5730000000000001,2026-09-24T08:32:31.222877+00:00
3084,0.531,2026-09-24T08:32:31.223955+00:00
3085,0.516,2026-09-24T08:32:31.224970+00:00
3086,0.51,2026-09-24T08:32:31.226011+00:00
3087,0.51,2026-09-24T08:32:31.227042+00:00
3088,0.49299999999999994,2026-09-24T08:32:31.228062+00:00
3089,0.544,2026-09-24T08:32:31.229131+00:00
3090,0.514,2026-09-24T08:32:31.230157+00:00
3091,0.6579999999999999,2026-09-24T08:32:31.231401+00:00
3092,0.571,2026-09-24T08:32:31.232478+00:00
3093,0.512,2026-09-24T08:32:31.233427+00:00
3094,0.5109999999999999,2026-09-24T08:32:31.234455+00:00
3095,0.789,2026-09-24T08:32:31.235717+00:00
3096,0.747,2026-09-24T08:32:31.236859+00:00
3097,0.683,2026-09-24T08:32:31.237858+00:00
3098,0.607,2026-09-24T08:32:31.238819+00:00
3099,0.623,2026-09-24T08:32:31.239812+00:00
3100,0.599,2026-09-24T08:32:31.240776+00:00
3101,0.616,2026-09-24T08:32:31.241761+00:00
3102,0.584,2026-09-24T08:32:31.242697+00:00
3103,0.621,2026-09-24T08:32:31.243706+00:00
3104,0.5910000000000001,2026-09-24T08:32:31.244667+00:00
3105,0.601,2026-09-24T08:32:31.245653+00:00
3106,0.605,2026-09-24T08:32:31.246640+00:00
3107,0.623,2026-09-24T08:32:31.247634+00:00
3108,0.635,2026-09-24T08:32:31.248625+00:00
3109,0.608,2026-09-24T08:32:31.249590+00:00
3110,0.628,2026-09-24T08:32:31.250543+00:00
3111,0.601,2026-09-24T08:32:31.251551+00:00
3112,0.61,2026-09-24T08:32:31.252481+00:00
3113,0.606,2026-09-24T08:32:31.253454+00:00
3114,0.661,2026-09-24T08:32:31.254473+00:00
3115,0.628,2026-09-24T08:32:31.255434+00:00
3116,0.47800000000000004,2026-09-24T08:32:31.256368+00:00
3117,0.45199999999999996,2026-09-24T08:32:31.257341+00:00
3118,0.44499999999999995,2026-09-24T08:32:31.258309+00:00
3119,0.437,2026-09-24T08:32:31.259236+00:00
3120,0.446,2026-09-24T08:32:31.260195+00:00
3121,0.449,2026-09-24T08:32:31.261158+00:00
3122,0.429,2026-09-24T08:32:31.262087+00:00
3123,0.438,2026-09-24T08:32:31.263072+00:00
3124,0.446,2026-09-24T08:32:31.264048+00:00
3125,0.49700000000000005,2026-09-24T08:32:31.265058+00:00
3126,0.47100000000000003,2026-09-24T08:32:31.266099+00:00
3127,0.448,2026-09-24T08:32:31.267051+00:00
3128,0.431,2026-09-24T08:32:31.268014+00:00
3129,0.421,2026-09-24T08:32:31.268970+00:00
3130,0.44,2026-09-24T08:32:31.269960+00:00
3131,0.42700000000000005,2026-09-24T08:32:31.270897+00:00
3132,0.47,2026-09-24T08:32:31.271905+00:00
3133,0.46799999999999997,2026-09-24T08:32:31.272902+00:00
3134,0.432,2026-09-24T08:32:31.273858+00:00
3135,0.42700000000000005,2026-09-24T08:32:31.274792+00:00
3136,0.63,2026-09-24T08:32:31.275932+00:00
3137,0.482,2026-09-24T08:32:31.276967+00:00
3138,0.46599999999999997,2026-09-24T08:32:31.277936+00:00
3139,0.589,2026-09-24T08:32:31.279056+00:00
3140,0.5289999999999999,2026-09-24T08:32:31.280182+00:00
3141,0.46299999999999997,2026-09-24T08:32:31.281142+00:00
3142,0.472,2026-09-24T08:32:31.282138+00:00
3143,0.438,2026-09-24T08:32:31.283088+00:00
3144,0.426,2026-09-24T08:32:31.284044+00:00
3145,0.449,2026-09-24T08:32:31.285018+00:00
3146,0.48700000000000004,2026-09-24T08:32:31.286073+00:00
3147,0.47800000000000004,2026-09-24T08:32:31.287067+00:00
3148,0.8270000000000001,2026-09-24T08:32:31.288618+00:00
3149,0.759,2026-09-24T08:32:31.290050+00:00
3150,0.642,2026-09-24T08:32:31.291322+00:00
3151,0.6489999999999999,2026-09-24T08:32:31.292609+00:00
3152,0.627,2026-09-24T08:32:31.293814+00:00
3153,0.829,2026-09-24T08:32:31.295281+00:00
3154,0.759,2026-09-24T08:32:31.296716+00:00
3155,0.657,2026-09-24T08:32:31.298027+00:00
3156,0.639,2026-09-24T08:32:31.299257+00:00
3157,0.644,2026-09-24T08:32:31.300493+00:00
3158,0.642,2026-09-24T08:32:31.301745+00:00
3159,0.631,2026-09-24T08:32:31.302973+00:00
3160,0.592,2026-09-24T08:32:31.304195+00:00
3161,0.601,2026-09-24T08:32:31.305404+00:00
3162,0.608,2026-09-24T08:32:31.306637+00:00
3163,0.636,2026-09-24T08:32:31.307828+00:00
3164,0.639,2026-09-24T08:32:31.309020+00:00
3165,0.5109999999999999,2026-09-24T08:32:31.310085+00:00
3166,0.441,2026-09-24T08:32:31.311071+00:00
3167,0.472,2026-09-24T08:32:31.312087+00:00
3168,0.442,2026-09-24T08:32:31.313059+00:00
3169,0.451,2026-09-24T08:32:31.314043+00:00
3170,0.449,2026-09-24T08:32:31.315056+00:00
3171,0.46900000000000003,2026-09-24T08:32:31.316060+00:00
3172,0.451,2026-09-24T08:32:31.317034+00:00
3173,0.464,2026-09-24T08:32:31.318005+00:00
3174,0.633,2026-09-24T08:32:31.319258+00:00
3175,0.623,2026-09-24T08:32:31.320525+00:00
3176,0.6589999999999999,2026-09-24T08:32:31.321790+00:00
3177,0.636,2026-09-24T08:32:31.323019+00:00
3178,0.618,2026-09-24T08:32:31.324253+00:00
3179,0.63,2026-09-24T08:32:31.325477+00:00
3180,0.618,2026-09-24T08:32:31.326701+00:00
3181,0.615,2026-09-24T08:32:31.327895+00:00
3182,0.608,2026-09-24T08:32:31.329160+00:00
3183,0.5900000000000001,2026-09-24T08:32:31.330361+00:00
3184,1.03,2026-09-24T08:32:31.331982+00:00
3185,1.073,2026-09-24T08:32:31.333775+00:00
3186,0.959,2026-09-24T08:32:31.335397+00:00
3187,0.844,2026-09-24T08:32:31.336843+00:00
3188,0.737,2026-09-24T08:32:31.338077+00:00
3189,0.66,2026-09-24T08:32:31.339196+00:00
3190,0.647,2026-09-24T08:32:31.340311+00:00
3191,0.63,2026-09-24T08:32:31.341379+00:00
3192,0.616,2026-09-24T08:32:31.342479+00:00
3193,0.8009999999999999,2026-09-24T08:32:31.344484+00:00
3194,0.723,2026-09-24T08:32:31.345741+00:00
3195,0.662,2026-09-24T08:32:31.346859+00:00
3196,0.7290000000000001,2026-09-24T08:32:31.348029+00:00
3197,0.781,2026-09-24T08:32:31.349341+00:00
3198,0.7290000000000001,2026-09-24T08:32:31.350730+00:00
3199,0.644,2026-09-24T08:32:31.351929+00:00
3200,0.733,2026-09-24T08:32:31.353307+00:00
3201,0.6489999999999999,2026-09-24T08:32:31.354455+00:00
3202,0.642,2026-09-24T08:32:31.355580+00:00
3203,0.651,2026-09-24T08:32:31.356728+00:00
3204,0.644,2026-09-24T08:32:31.357817+00:00
3205,0.625,2026-09-24T08:32:31.358880+00:00
3206,1.003,2026-09-24T08:32:31.360376+00:00
3207,0.87,2026-09-24T08:32:31.361989+00:00
3208,0.696,2026-09-24T08:32:31.363138+00:00
3209,0.6809999999999999,2026-09-24T08:32:31.364367+00:00
3210,0.843,2026-09-24T08:32:31.365820+00:00
3211,0.74,2026-09-24T08:32:31.367035+00:00
3212,1.072,2026-09-24T08:32:31.368893+00:00
3213,0.903,2026-09-24T08:32:31.370523+00:00
3214,0.833,2026-09-24T08:32:31.372650+00:00
3215,1.009,2026-09-24T08:32:31.374266+00:00
3216,1.052,2026-09-24T08:32:31.375813+00:00
3217,1.082,2026-09-24T08:32:31.377420+00:00
3218,0.902,2026-09-24T08:32:31.379111+00:00
3219,0.823,2026-09-24T08:32:31.380732+00:00
3220,0.615,2026-09-24T08:32:31.382076+00:00
3221,1.124,2026-09-24T08:32:31.383962+00:00
3222,1.1820000000000002,2026-09-24T08:32:31.385969+00:00
3223,0.9359999999999999,2026-09-24T08:32:31.387390+00:00
3224,0.79,2026-09-24T08:32:31.388722+00:00
3225,0.816,2026-09-24T08:32:31.390078+00:00
3226,1.0219999999999998,2026-09-24T08:32:31.391736+00:00
3227,0.928,2026-09-24T08:32:31.393242+00:00
3228,0.679,2026-09-24T08:32:31.394464+00:00
3229,0.731,2026-09-24T08:32:31.395970+00:00
3230,0.598,2026-09-24T08:32:31.397027+00:00
3231,0.6489999999999999,2026-09-24T08:32:31.398134+00:00
3232,0.8989999999999999,2026-09-24T08:32:31.399498+00:00
3233,0.962,2026-09-24T08:32:31.402013+00:00
3234,0.657,2026-09-24T08:32:31.403196+00:00
3235,0.75,2026-09-24T08:32:31.404659+00:00
3236,0.63,2026-09-24T08:32:31.405744+00:00
3237,0.704,2026-09-24T08:32:31.406904+00:00
3238,1.671,2026-09-24T08:32:31.409056+00:00
3239,0.624,2026-09-24T08:32:31.409905+00:00
3240,0.51,2026-09-24T08:32:31.410890+00:00
3241,0.482,2026-09-24T08:32:31.411824+00:00
3242,0.484,2026-09-24T08:32:31.412811+00:00
3243,0.51,2026-09-24T08:32:31.413792+00:00
3244,0.458,2026-09-24T08:32:31.414921+00:00
3245,0.49,2026-09-24T08:32:31.415886+00:00
3246,0.484,2026-09-24T08:32:31.416860+00:00
3247,0.467,2026-09-24T08:32:31.417797+00:00
3248,0.448,2026-09-24T08:32:31.418719+00:00
3249,0.462,2026-09-24T08:32:31.419674+00:00
3250,0.467,2026-09-24T08:32:31.420622+00:00
3251,0.456,2026-09-24T08:32:31.421540+00:00
3252,0.456,2026-09-24T08:32:31.422468+00:00
3253,0.44499999999999995,2026-09-24T08:32:31.423391+00:00
3254,0.428,2026-09-24T08:32:31.424301+00:00
3255,0.428,2026-09-24T08:32:31.425231+00:00
3256,0.434,2026-09-24T08:32:31.426180+00:00
3257,0.488,2026-09-24T08:32:31.427150+00:00
3258,0.583,2026-09-24T08:32:31.428226+00:00
3259,0.477,2026-09-24T08:32:31.429300+00:00
3260,0.45,2026-09-24T08:32:31.430251+00:00
3261,0.475,2026-09-24T08:32:31.431223+00:00
3262,0.482,2026-09-24T08:32:31.432190+00:00
3263,0.496,2026-09-24T08:32:31.433190+00:00
3264,0.49799999999999994,2026-09-24T08:32:31.434170+00:00
3265,0.833,2026-09-24T08:32:31.435681+00:00
3266,0.742,2026-09-24T08:32:31.437040+00:00
3267,0.6679999999999999,2026-09-24T08:32:31.438321+00:00
3268,0.653,2026-09-24T08:32:31.439590+00:00
3269,0.612,2026-09-24T08:32:31.440822+00:00
3270,0.998,2026-09-24T08:32:31.442371+00:00
3271,0.9430000000000001,2026-09-24T08:32:31.444024+00:00
3272,1.142,2026-09-24T08:32:31.445758+00:00
3273,1.0230000000000001,2026-09-24T08:32:31.447048+00:00
3274,1.024,2026-09-24T08:32:31.448370+00:00
3275,0.9790000000000001,2026-09-24T08:32:31.449717+00:00
3276,0.962,2026-09-24T08:32:31.450983+00:00
3277,0.784,2026-09-24T08:32:31.452081+00:00
3278,0.666,2026-09-24T08:32:31.453221+00:00
3279,0.6890000000000001,2026-09-24T08:32:31.454376+00:00
3280,0.7010000000000001,2026-09-24T08:32:31.455617+00:00
3281,0.745,2026-09-24T08:32:31.456892+00:00
3282,0.747,2026-09-24T08:32:31.458129+00:00
3283,0.6880000000000001,2026-09-24T08:32:31.459341+00:00
3284,0.662,2026-09-24T08:32:31.460485+00:00
3285,0.8069999999999999,2026-09-24T08:32:31.461861+00:00
3286,0.743,2026-09-24T08:32:31.463109+00:00
3287,0.748,2026-09-24T08:32:31.464434+00:00
3288,0.762,2026-09-24T08:32:31.465862+00:00
3289,0.7060000000000001,2026-09-24T08:32:31.467103+00:00
3290,0.6539999999999999,2026-09-24T08:32:31.468286+00:00
3291,0.709,2026-09-24T08:32:31.469506+00:00
3292,0.691,2026-09-24T08:32:31.470679+00:00
3293,0.915,2026-09-24T08:32:31.472249+00:00
3294,0.721,2026-09-24T08:32:31.473523+00:00
3295,0.705,2026-09-24T08:32:31.474751+00:00
3296,0.722,2026-09-24T08:32:31.476008+00:00
3297,0.6980000000000001,2026-09-24T08:32:31.477255+00:00
3298,0.7020000000000001,2026-09-24T08:32:31.478484+00:00
3299,0.9520000000000001,2026-09-24T08:32:31.479985+00:00
3300,0.781,2026-09-24T08:32:31.481232+00:00
3301,0.7240000000000001,2026-09-24T08:32:31.482525+00:00
3302,0.69,2026-09-24T08:32:31.483778+00:00
3303,0.652,2026-09-24T08:32:31.485163+00:00
3304,0.6769999999999999,2026-09-24T08:32:31.486505+00:00
3305,0.6769999999999999,2026-09-24T08:32:31.487953+00:00
3306,0.68,2026-09-24T08:32:31.489274+00:00
3307,0.629,2026-09-24T08:32:31.490489+00:00
3308,0.6579999999999999,2026-09-24T08:32:31.491734+00:00
3309,0.684,2026-09-24T08:32:31.493065+00:00
3310,0.656,2026-09-24T08:32:31.494340+00:00
3311,0.608,2026-09-24T08:32:31.495541+00:00
3312,0.6589999999999999,2026-09-24T08:32:31.496817+00:00
3313,0.6769999999999999,2026-09-24T08:32:31.498064+00:00
3314,0.652,2026-09-24T08:32:31.499314+00:00
3315,1.035,2026-09-24T08:32:31.500930+00:00
3316,0.9319999999999999,2026-09-24T08:32:31.502018+00:00
3317,0.832,2026-09-24T08:32:31.503290+00:00
3318,0.757,2026-09-24T08:32:31.504631+00:00
3319,0.7240000000000001,2026-09-24T08:32:31.505834+00:00
3320,0.7739999999999999,2026-09-24T08:32:31.507099+00:00
3321,0.674,2026-09-24T08:32:31.508260+00:00
3322,0.737,2026-09-24T08:32:31.509498+00:00
3323,0.69,2026-09-24T08:32:31.510639+00:00
3324,0.727,2026-09-24T08:32:31.511861+00:00
3325,0.733,2026-09-24T08:32:31.513212+00:00
3326,0.853,2026-09-24T08:32:31.514656+00:00
3327,0.83,2026-09-24T08:32:31.515880+00:00
3328,0.745,2026-09-24T08:32:31.517080+00:00
3329,0.6589999999999999,2026-09-24T08:32:31.518245+00:00
3330,0.671,2026-09-24T08:32:31.519473+00:00
3331,0.655,2026-09-24T08:32:31.520676+00:00
3332,0.684,2026-09-24T08:32:31.521924+00:00
3333,0.639,2026-09-24T08:32:31.523266+00:00
3334,0.662,2026-09-24T08:32:31.524481+00:00
3335,0.631,2026-09-24T08:32:31.525686+00:00
3336,0.719,2026-09-24T08:32:31.526968+00:00
3337,0.708,2026-09-24T08:32:31.528269+00:00
3338,0.641,2026-09-24T08:32:31.529507+00:00
3339,0.655,2026-09-24T08:32:31.530720+00:00
3340,0.662,2026-09-24T08:32:31.531981+00:00
3341,0.636,2026-09-24T08:32:31.533203+00:00
3342,0.632,2026-09-24T08:32:31.534456+00:00
3343,0.636,2026-09-24T08:32:31.535642+00:00
3344,0.617,2026-09-24T08:32:31.536826+00:00
3345,0.731,2026-09-24T08:32:31.538090+00:00
3346,0.6489999999999999,2026-09-24T08:32:31.539239+00:00
3347,0.647,2026-09-24T08:32:31.540506+00:00
3348,1.185,2026-09-24T08:32:31.542222+00:00
3349,1.0610000000000002,2026-09-24T08:32:31.543963+00:00
3350,0.912,2026-09-24T08:32:31.545284+00:00
3351,0.705,2026-09-24T08:32:31.546529+00:00
3352,0.9259999999999999,2026-09-24T08:32:31.547954+00:00
3353,0.8490000000000001,2026-09-24T08:32:31.549081+00:00
3354,0.771,2026-09-24T08:32:31.550305+00:00
3355,0.772,2026-09-24T08:32:31.551403+00:00
3356,0.761,2026-09-24T08:32:31.552390+00:00
3357,0.777,2026-09-24T08:32:31.553397+00:00
3358,0.727,2026-09-24T08:32:31.554334+00:00
3359,0.48500000000000004,2026-09-24T08:32:31.555075+00:00
3360,0.501,2026-09-24T08:32:31.556065+00:00
3361,0.544,2026-09-24T08:32:31.557095+00:00
3362,0.533,2026-09-24T08:32:31.558261+00:00
3363,0.48000000000000004,2026-09-24T08:32:31.559229+00:00
3364,0.47300000000000003,2026-09-24T08:32:31.560198+00:00
3365,0.491,2026-09-24T08:32:31.561173+00:00
3366,0.49,2026-09-24T08:32:31.562151+00:00
3367,0.48000000000000004,2026-09-24T08:32:31.563189+00:00
3368,0.488,2026-09-24T08:32:31.564345+00:00
3369,0.491,2026-09-24T08:32:31.565381+00:00
3370,0.486,2026-09-24T08:32:31.566368+00:00
3371,0.48500000000000004,2026-09-24T08:32:31.567372+00:00
3372,0.47,2026-09-24T08:32:31.568336+00:00
3373,0.46799999999999997,2026-09-24T08:32:31.569312+00:00
3374,0.488,2026-09-24T08:32:31.570308+00:00
3375,0.475,2026-09-24T08:32:31.571286+00:00
3376,0.49200000000000005,2026-09-24T08:32:31.572278+00:00
3377,0.484,2026-09-24T08:32:31.573354+00:00
3378,0.47,2026-09-24T08:32:31.574317+00:00
3379,0.491,2026-09-24T08:32:31.575335+00:00
3380,0.491,2026-09-24T08:32:31.576313+00:00
3381,0.481,2026-09-24T08:32:31.577269+00:00
3382,0.502,2026-09-24T08:32:31.578241+00:00
3383,0.928,2026-09-24T08:32:31.579643+00:00
3384,1.217,2026-09-24T08:32:31.581241+00:00
3385,1.062,2026-09-24T08:32:31.582656+00:00
3386,0.8,2026-09-24T08:32:31.583859+00:00
3387,0.804,2026-09-24T08:32:31.584884+00:00
3388,0.757,2026-09-24T08:32:31.585850+00:00
3389,0.9169999999999999,2026-09-24T08:32:31.586955+00:00
3390,0.722,2026-09-24T08:32:31.587752+00:00
3391,0.747,2026-09-24T08:32:31.588854+00:00
3392,0.761,2026-09-24T08:32:31.590071+00:00
3393,0.7969999999999999,2026-09-24T08:32:31.591108+00:00
3394,0.786,2026-09-24T08:32:31.592149+00:00
3395,0.79,2026-09-24T08:32:31.593180+00:00
3396,0.776,2026-09-24T08:32:31.594175+00:00
3397,0.7789999999999999,2026-09-24T08:32:31.595176+00:00
3398,0.782,2026-09-24T08:32:31.596181+00:00
3399,0.756,2026-09-24T08:32:31.597140+00:00
3400,0.777,2026-09-24T08:32:31.598160+00:00
3401,0.877,2026-09-24T08:32:31.599281+00:00
3402,0.7929999999999999,2026-09-24T08:32:31.600345+00:00
3403,0.787,2026-09-24T08:32:31.601360+00:00
3404,0.5519999999999999,2026-09-24T08:32:31.602145+00:00
3405,0.839,2026-09-24T08:32:31.603538+00:00
3406,0.5429999999999999,2026-09-24T08:32:31.604550+00:00
3407,0.578,2026-09-24T08:32:31.606024+00:00
3408,0.494,2026-09-24T08:32:31.607083+00:00
3409,0.6040000000000001,2026-09-24T08:32:31.608181+00:00
3410,0.535,2026-09-24T08:32:31.609167+00:00
3411,0.49700000000000005,2026-09-24T08:32:31.610086+00:00
3412,0.49700000000000005,2026-09-24T08:32:31.611028+00:00
3413,0.519,2026-09-24T08:32:31.612007+00:00
3414,0.5339999999999999,2026-09-24T08:32:31.613060+00:00
3415,0.528,2026-09-24T08:32:31.614073+00:00
3416,0.544,2026-09-24T08:32:31.615108+00:00
3417,0.523,2026-09-24T08:32:31.616155+00:00
3418,0.48700000000000004,2026-09-24T08:32:31.617124+00:00
3419,0.535,2026-09-24T08:32:31.618083+00:00
3420,0.496,2026-09-24T08:32:31.618984+00:00
3421,0.528,2026-09-24T08:32:31.620130+00:00
3422,0.517,2026-09-24T08:32:31.621058+00:00
3423,0.49200000000000005,2026-09-24T08:32:31.621968+00:00
3424,0.5509999999999999,2026-09-24T08:32:31.622958+00:00
3425,0.524,2026-09-24T08:32:31.623878+00:00
3426,0.496,2026-09-24T08:32:31.624793+00:00
3427,0.533,2026-09-24T08:32:31.625743+00:00
3428,0.515,2026-09-24T08:32:31.626626+00:00
3429,0.519,2026-09-24T08:32:31.627538+00:00
3430,0.49,2026-09-24T08:32:31.628465+00:00
3431,0.8099999999999999,2026-09-24T08:32:31.629752+00:00
3432,0.515,2026-09-24T08:32:31.630705+00:00
3433,0.508,2026-09-24T08:32:31.631670+00:00
3434,0.508,2026-09-24T08:32:31.632601+00:00
3435,0.505,2026-09-24T08:32:31.633536+00:00
3436,0.518,2026-09-24T08:32:31.634571+00:00
3437,0.745,2026-09-24T08:32:31.635948+00:00
3438,0.554,2026-09-24T08:32:31.637003+00:00
3439,0.519,2026-09-24T08:32:31.638005+00:00
3440,0.506,2026-09-24T08:32:31.638965+00:00
3441,0.49700000000000005,2026-09-24T08:32:31.639925+00:00
3442,0.5,2026-09-24T08:32:31.640904+00:00
3443,0.539,2026-09-24T08:32:31.641868+00:00
3444,0.5479999999999999,2026-09-24T08:32:31.642834+00:00
3445,0.525,2026-09-24T08:32:31.643692+00:00
3446,0.744,2026-09-24T08:32:31.644880+00:00
3447,0.915,2026-09-24T08:32:31.646360+00:00
3448,0.636,2026-09-24T08:32:31.647463+00:00
3449,0.626,2026-09-24T08:32:31.648547+00:00
3450,0.902,2026-09-24T08:32:31.649893+00:00
3451,0.819,2026-09-24T08:32:31.650909+00:00
3452,0.767,2026-09-24T08:32:31.651878+00:00
3453,0.776,2026-09-24T08:32:31.652851+00:00
3454,0.778,2026-09-24T08:32:31.653806+00:00
3455,0.566,2026-09-24T08:32:31.654737+00:00
3456,0.49200000000000005,2026-09-24T08:32:31.655616+00:00
3457,0.517,2026-09-24T08:32:31.656544+00:00
3458,0.616,2026-09-24T08:32:31.657591+00:00
3459,0.714,2026-09-24T08:32:31.658647+00:00
3460,0.578,2026-09-24T08:32:31.659528+00:00
3461,0.571,2026-09-24T08:32:31.660469+00:00
3462,0.528,2026-09-24T08:32:31.661429+00:00
3463,0.526,2026-09-24T08:32:31.662375+00:00
3464,0.523,2026-09-24T08:32:31.663332+00:00
3465,0.477,2026-09-24T08:32:31.664249+00:00
3466,0.5429999999999999,2026-09-24T08:32:31.665465+00:00
3467,0.578,2026-09-24T08:32:31.666489+00:00
3468,0.5289999999999999,2026-09-24T08:32:31.667474+00:00
3469,0.5569999999999999,2026-09-24T08:32:31.668490+00:00
3470,0.521,2026-09-24T08:32:31.669474+00:00
3471,0.5199999999999999,2026-09-24T08:32:31.670426+00:00
3472,0.474,2026-09-24T08:32:31.671339+00:00
3473,0.679,2026-09-24T08:32:31.672564+00:00
3474,0.8,2026-09-24T08:32:31.673941+00:00
3475,0.5720000000000001,2026-09-24T08:32:31.674995+00:00
3476,0.49,2026-09-24T08:32:31.675950+00:00
3477,0.5820000000000001,2026-09-24T08:32:31.676971+00:00
3478,0.536,2026-09-24T08:32:31.677979+00:00
3479,0.526,2026-09-24T08:32:31.678921+00:00
3480,0.47,2026-09-24T08:32:31.679977+00:00
3481,0.509,2026-09-24T08:32:31.680955+00:00
3482,0.781,2026-09-24T08:32:31.682187+00:00
3483,0.723,2026-09-24T08:32:31.683474+00:00
3484,0.6849999999999999,2026-09-24T08:32:31.684638+00:00
3485,0.8350000000000001,2026-09-24T08:32:31.686623+00:00
3486,0.671,2026-09-24T08:32:31.687847+00:00
3487,0.675,2026-09-24T08:32:31.689478+00:00
3488,0.653,2026-09-24T08:32:31.690576+00:00
3489,1.098,2026-09-24T08:32:31.692691+00:00
3490,0.955,2026-09-24T08:32:31.693846+00:00
3491,0.875,2026-09-24T08:32:31.695038+00:00
3492,0.808,2026-09-24T08:32:31.696185+00:00
3493,0.7789999999999999,2026-09-24T08:32:31.697592+00:00
3494,0.8140000000000001,2026-09-24T08:32:31.698670+00:00
3495,0.71,2026-09-24T08:32:31.699894+00:00
3496,0.725,2026-09-24T08:32:31.700838+00:00
3497,0.764,2026-09-24T08:32:31.701837+00:00
3498,0.766,2026-09-24T08:32:31.702813+00:00
3499,0.75,2026-09-24T08:32:31.703830+00:00
3500,0.768,2026-09-24T08:32:31.704799+00:00
3501,0.8630000000000001,2026-09-24T08:32:31.711074+00:00
3502,0.828,2026-09-24T08:32:31.712278+00:00
3503,0.839,2026-09-24T08:32:31.713555+00:00
3504,0.8809999999999999,2026-09-24T08:32:31.715006+00:00
3505,0.841,2026-09-24T08:32:31.716035+00:00
3506,0.848,2026-09-24T08:32:31.717066+00:00
3507,0.786,2026-09-24T08:32:31.718024+00:00
3508,0.737,2026-09-24T08:32:31.718941+00:00
3509,0.777,2026-09-24T08:32:31.719899+00:00
3510,0.731,2026-09-24T08:32:31.720940+00:00
3511,0.753,2026-09-24T08:32:31.721884+00:00
3512,0.748,2026-09-24T08:32:31.722809+00:00
3513,0.777,2026-09-24T08:32:31.723804+00:00
3514,0.7699999999999999,2026-09-24T08:32:31.724741+00:00
3515,0.5599999999999999,2026-09-24T08:32:31.725461+00:00
3516,0.49200000000000005,2026-09-24T08:32:31.726320+00:00
3517,0.48899999999999993,2026-09-24T08:32:31.727236+00:00
3518,0.524,2026-09-24T08:32:31.728261+00:00
3519,0.507,2026-09-24T08:32:31.729264+00:00
3520,0.525,2026-09-24T08:32:31.730243+00:00
3521,0.519,2026-09-24T08:32:31.731207+00:00
3522,0.5339999999999999,2026-09-24T08:32:31.732157+00:00
3523,0.524,2026-09-24T08:32:31.733101+00:00
3524,0.477,2026-09-24T08:32:31.733990+00:00
3525,0.509,2026-09-24T08:32:31.735002+00:00
3526,0.488,2026-09-24T08:32:31.735973+00:00
3527,0.486,2026-09-24T08:32:31.736912+00:00
3528,0.525,2026-09-24T08:32:31.737851+00:00
3529,0.49799999999999994,2026-09-24T08:32:31.738771+00:00
3530,0.5199999999999999,2026-09-24T08:32:31.739693+00:00
3531,0.47100000000000003,2026-09-24T08:32:31.740558+00:00
3532,0.5339999999999999,2026-09-24T08:32:31.741514+00:00
3533,0.522,2026-09-24T08:32:31.742437+00:00
3534,0.49200000000000005,2026-09-24T08:32:31.743360+00:00
3535,0.6890000000000001,2026-09-24T08:32:31.744487+00:00
3536,0.5860000000000001,2026-09-24T08:32:31.745588+00:00
3537,0.5339999999999999,2026-09-24T08:32:31.746558+00:00
3538,0.53,2026-09-24T08:32:31.747509+00:00
3539,0.5199999999999999,2026-09-24T08:32:31.748439+00:00
3540,0.607,2026-09-24T08:32:31.749531+00:00
3541,0.637,2026-09-24T08:32:31.750515+00:00
3542,0.5810000000000001,2026-09-24T08:32:31.751570+00:00
3543,0.528,2026-09-24T08:32:31.752521+00:00
3544,0.886,2026-09-24T08:32:31.758966+00:00
3545,0.884,2026-09-24T08:32:31.760178+00:00
3546,0.5509999999999999,2026-09-24T08:32:31.760978+00:00
3547,0.5509999999999999,2026-09-24T08:32:31.761939+00:00
3548,0.528,2026-09-24T08:32:31.762891+00:00
3549,0.5429999999999999,2026-09-24T08:32:31.763842+00:00
3550,0.508,2026-09-24T08:32:31.764756+00:00
3551,0.523,2026-09-24T08:32:31.765727+00:00
3552,0.514,2026-09-24T08:32:31.766650+00:00
3553,0.5,2026-09-24T08:32:31.767561+00:00
3554,0.496,2026-09-24T08:32:31.768541+00:00
3555,0.539,2026-09-24T08:32:31.769519+00:00
3556,0.47800000000000004,2026-09-24T08:32:31.770384+00:00
3557,0.484,2026-09-24T08:32:31.771306+00:00
3558,0.465,2026-09-24T08:32:31.772232+00:00
3559,0.533,2026-09-24T08:32:31.773210+00:00
3560,0.479,2026-09-24T08:32:31.774110+00:00
3561,0.521,2026-09-24T08:32:31.775041+00:00
3562,0.6890000000000001,2026-09-24T08:32:31.776157+00:00
3563,0.526,2026-09-24T08:32:31.776927+00:00
3564,0.494,2026-09-24T08:32:31.777922+00:00
3565,0.514,2026-09-24T08:32:31.778876+00:00
3566,0.515,2026-09-24T08:32:31.779812+00:00
3567,0.51,2026-09-24T08:32:31.780774+00:00
3568,0.5199999999999999,2026-09-24T08:32:31.781702+00:00
3569,0.5,2026-09-24T08:32:31.782686+00:00
3570,0.49200000000000005,2026-09-24T08:32:31.783642+00:00
3571,0.46599999999999997,2026-09-24T08:32:31.784531+00:00
3572,0.507,2026-09-24T08:32:31.785462+00:00
3573,0.475,2026-09-24T08:32:31.786350+00:00
3574,0.5289999999999999,2026-09-24T08:32:31.787319+00:00
3575,0.5,2026-09-24T08:32:31.788251+00:00
3576,0.502,2026-09-24T08:32:31.789179+00:00
3577,0.502,2026-09-24T08:32:31.790097+00:00
3578,0.48500000000000004,2026-09-24T08:32:31.791021+00:00
3579,0.5199999999999999,2026-09-24T08:32:31.791965+00:00
3580,0.516,2026-09-24T08:32:31.792897+00:00
3581,0.504,2026-09-24T08:32:31.793814+00:00
3582,0.472,2026-09-24T08:32:31.794732+00:00
3583,0.495,2026-09-24T08:32:31.795673+00:00
3584,0.5569999999999999,2026-09-24T08:32:31.796739+00:00
3585,0.5479999999999999,2026-09-24T08:32:31.797716+00:00
3586,0.479,2026-09-24T08:32:31.798618+00:00
3587,0.5640000000000001,2026-09-24T08:32:31.799603+00:00
3588,0.501,2026-09-24T08:32:31.800574+00:00
3589,0.5109999999999999,2026-09-24T08:32:31.801522+00:00
3590,0.49299999999999994,2026-09-24T08:32:31.802443+00:00
3591,0.49299999999999994,2026-09-24T08:32:31.803366+00:00
3592,0.507,2026-09-24T08:32:31.804303+00:00
3593,0.48000000000000004,2026-09-24T08:32:31.805201+00:00
3594,0.48500000000000004,2026-09-24T08:32:31.806128+00:00
3595,0.537,2026-09-24T08:32:31.807107+00:00
3596,0.47100000000000003,2026-09-24T08:32:31.807976+00:00
3597,0.504,2026-09-24T08:32:31.808895+00:00
3598,0.481,2026-09-24T08:32:31.809781+00:00
3599,0.496,2026-09-24T08:32:31.810819+00:00
3600,0.48500000000000004,2026-09-24T08:32:31.811691+00:00
3601,0.525,2026-09-24T08:32:31.812663+00:00
3602,0.496,2026-09-24T08:32:31.813608+00:00
3603,0.488,2026-09-24T08:32:31.814552+00:00
3604,0.518,2026-09-24T08:32:31.815515+00:00
3605,0.486,2026-09-24T08:32:31.816421+00:00
3606,0.49799999999999994,2026-09-24T08:32:31.817335+00:00
3607,0.632,2026-09-24T08:32:31.818404+00:00
3608,0.504,2026-09-24T08:32:31.819229+00:00
3609,0.501,2026-09-24T08:32:31.820149+00:00
3610,0.47100000000000003,2026-09-24T08:32:31.821084+00:00
3611,0.45399999999999996,2026-09-24T08:32:31.822001+00:00
3612,0.49,2026-09-24T08:32:31.822947+00:00
3613,0.516,2026-09-24T08:32:31.823914+00:00
3614,0.483,2026-09-24T08:32:31.825011+00:00
3615,0.453,2026-09-24T08:32:31.825954+00:00
3616,0.474,2026-09-24T08:32:31.826892+00:00
3617,0.47300000000000003,2026-09-24T08:32:31.827825+00:00
3618,0.45199999999999996,2026-09-24T08:32:31.828747+00:00
3619,0.49700000000000005,2026-09-24T08:32:31.829696+00:00
3620,0.477,2026-09-24T08:32:31.830620+00:00
3621,0.462,2026-09-24T08:32:31.831518+00:00
3622,0.46299999999999997,2026-09-24T08:32:31.832454+00:00
3623,0.458,2026-09-24T08:32:31.833379+00:00
3624,0.422,2026-09-24T08:32:31.834281+00:00
3625,0.46099999999999997,2026-09-24T08:32:31.835254+00:00
3626,0.434,2026-09-24T08:32:31.836139+00:00
3627,0.516,2026-09-24T08:32:31.837133+00:00
3628,0.47,2026-09-24T08:32:31.838188+00:00
3629,0.479,2026-09-24T08:32:31.839132+00:00
3630,0.46299999999999997,2026-09-24T08:32:31.840057+00:00
3631,0.467,2026-09-24T08:32:31.841015+00:00
3632,0.464,2026-09-24T08:32:31.841938+00:00
3633,0.46299999999999997,2026-09-24T08:32:31.842861+00:00
3634,0.503,2026-09-24T08:32:31.843818+00:00
3635,0.494,2026-09-24T08:32:31.844759+00:00
3636,0.434,2026-09-24T08:32:31.845634+00:00
3637,0.447,2026-09-24T08:32:31.846540+00:00
3638,0.475,2026-09-24T08:32:31.847502+00:00
3639,0.48899999999999993,2026-09-24T08:32:31.848444+00:00
3640,0.447,2026-09-24T08:32:31.849338+00:00
3641,0.46900000000000003,2026-09-24T08:32:31.850269+00:00
3642,0.475,2026-09-24T08:32:31.851211+00:00
3643,0.483,2026-09-24T08:32:31.852255+00:00
3644,0.443,2026-09-24T08:32:31.853157+00:00
3645,0.46799999999999997,2026-09-24T08:32:31.854119+00:00
3646,0.435,2026-09-24T08:32:31.855036+00:00
3647,0.48500000000000004,2026-09-24T08:32:31.855979+00:00
3648,0.457,2026-09-24T08:32:31.856906+00:00
3649,0.458,2026-09-24T08:32:31.857818+00:00
3650,0.475,2026-09-24T08:32:31.858762+00:00
3651,0.449,2026-09-24T08:32:31.859680+00:00
3652,0.447,2026-09-24T08:32:31.860898+00:00
3653,0.745,2026-09-24T08:32:31.862321+00:00
3654,0.694,2026-09-24T08:32:31.863584+00:00
3655,0.889,2026-09-24T08:32:31.864911+00:00
3656,0.8260000000000001,2026-09-24T08:32:31.865904+00:00
3657,0.786,2026-09-24T08:32:31.866873+00:00
3658,0.743,2026-09-24T08:32:31.867935+00:00
3659,0.756,2026-09-24T08:32:31.868875+00:00
3660,0.762,2026-09-24T08:32:31.869868+00:00
3661,0.762,2026-09-24T08:32:31.870843+00:00
3662,0.7739999999999999,2026-09-24T08:32:31.871800+00:00
3663,0.795,2026-09-24T08:32:31.872788+00:00
3664,0.592,2026-09-24T08:32:31.873548+00:00
3665,0.58,2026-09-24T08:32:31.874508+00:00
3666,0.517,2026-09-24T08:32:31.875387+00:00
3667,0.558,2026-09-24T08:32:31.876375+00:00
3668,0.48899999999999993,2026-09-24T08:32:31.877256+00:00
3669,0.483,2026-09-24T08:32:31.878192+00:00
3670,0.47600000000000003,2026-09-24T08:32:31.879164+00:00
3671,0.494,2026-09-24T08:32:31.880116+00:00
3672,0.524,2026-09-24T08:32:31.881110+00:00
3673,0.47800000000000004,2026-09-24T08:32:31.882137+00:00
3674,0.47600000000000003,2026-09-24T08:32:31.883112+00:00
3675,0.464,2026-09-24T08:32:31.884042+00:00
3676,0.474,2026-09-24T08:32:31.884979+00:00
3677,0.675,2026-09-24T08:32:31.886367+00:00
3678,0.7150000000000001,2026-09-24T08:32:31.887630+00:00
3679,0.599,2026-09-24T08:32:31.888544+00:00
3680,0.49,2026-09-24T08:32:31.889404+00:00
3681,0.49200000000000005,2026-09-24T08:32:31.890349+00:00
3682,0.482,2026-09-24T08:32:31.891317+00:00
3683,0.48700000000000004,2026-09-24T08:32:31.892277+00:00
3684,0.45899999999999996,2026-09-24T08:32:31.893187+00:00
3685,0.482,2026-09-24T08:32:31.894157+00:00
3686,0.464,2026-09-24T08:32:31.895108+00:00
3687,0.494,2026-09-24T08:32:31.896151+00:00
3688,0.465,2026-09-24T08:32:31.897078+00:00
3689,0.47,2026-09-24T08:32:31.898045+00:00
3690,0.443,2026-09-24T08:32:31.898970+00:00
3691,0.482,2026-09-24T08:32:31.899959+00:00
3692,0.45399999999999996,2026-09-24T08:32:31.900933+00:00
3693,0.514,2026-09-24T08:32:31.901916+00:00
3694,0.482,2026-09-24T08:32:31.902882+00:00
3695,0.519,2026-09-24T08:32:31.903861+00:00
3696,0.491,2026-09-24T08:32:31.904808+00:00
3697,0.47,2026-09-24T08:32:31.905760+00:00
3698,0.486,2026-09-24T08:32:31.906735+00:00
3699,0.45899999999999996,2026-09-24T08:32:31.907659+00:00
3700,0.446,2026-09-24T08:32:31.908594+00:00
3701,0.43600000000000005,2026-09-24T08:32:31.909568+00:00
3702,0.46900000000000003,2026-09-24T08:32:31.910692+00:00
3703,0.474,2026-09-24T08:32:31.911655+00:00
3704,0.48000000000000004,2026-09-24T08:32:31.912622+00:00
3705,0.49799999999999994,2026-09-24T08:32:31.913604+00:00
3706,0.47800000000000004,2026-09-24T08:32:31.914571+00:00
3707,0.47100000000000003,2026-09-24T08:32:31.915537+00:00
3708,0.449,2026-09-24T08:32:31.916454+00:00
3709,0.462,2026-09-24T08:32:31.917424+00:00
3710,0.46099999999999997,2026-09-24T08:32:31.918363+00:00
3711,0.441,2026-09-24T08:32:31.919280+00:00
3712,0.48899999999999993,2026-09-24T08:32:31.920257+00:00
3713,0.615,2026-09-24T08:32:31.921404+00:00
3714,0.51,2026-09-24T08:32:31.922629+00:00
3715,0.486,2026-09-24T08:32:31.923669+00:00
3716,1.042,2026-09-24T08:32:31.927252+00:00
3717,0.852,2026-09-24T08:32:31.928985+00:00
3718,0.683,2026-09-24T08:32:31.930270+00:00
3719,0.707,2026-09-24T08:32:31.931539+00:00
3720,0.6489999999999999,2026-09-24T08:32:31.932721+00:00
3721,0.6859999999999999,2026-09-24T08:32:31.933957+00:00
3722,0.632,2026-09-24T08:32:31.935146+00:00
3723,0.634,2026-09-24T08:32:31.936336+00:00
3724,0.726,2026-09-24T08:32:31.937663+00:00
3725,0.9380000000000001,2026-09-24T08:32:31.939628+00:00
3726,0.9219999999999999,2026-09-24T08:32:31.941297+00:00
3727,0.9380000000000001,2026-09-24T08:32:31.942889+00:00
3728,0.9259999999999999,2026-09-24T08:32:31.944249+00:00
3729,1.085,2026-09-24T08:32:31.945939+00:00
3730,0.9269999999999999,2026-09-24T08:32:31.947627+00:00
3731,1.039,2026-09-24T08:32:31.949293+00:00
3732,1.101,2026-09-24T08:32:31.950858+00:00
3733,0.9790000000000001,2026-09-24T08:32:31.952288+00:00
3734,0.867,2026-09-24T08:32:31.953675+00:00
3735,0.723,2026-09-24T08:32:31.954790+00:00
3736,0.6719999999999999,2026-09-24T08:32:31.955859+00:00
3737,0.838,2026-09-24T08:32:31.957213+00:00
3738,0.619,2026-09-24T08:32:31.958320+00:00
3739,0.775,2026-09-24T08:32:31.959522+00:00
3740,1.171,2026-09-24T08:32:31.961326+00:00
3741,1.1789999999999998,2026-09-24T08:32:31.963124+00:00
3742,0.9380000000000001,2026-09-24T08:32:31.964816+00:00
3743,1.2080000000000002,2026-09-24T08:32:31.970187+00:00
3744,0.79,2026-09-24T08:32:31.971536+00:00
3745,0.718,2026-09-24T08:32:31.972861+00:00
3746,0.695,2026-09-24T08:32:31.974188+00:00
3747,0.736,2026-09-24T08:32:31.975597+00:00
3748,0.9129999999999999,2026-09-24T08:32:31.977085+00:00
3749,0.723,2026-09-24T08:32:31.978332+00:00
3750,0.67,2026-09-24T08:32:31.979579+00:00
3751,1.1900000000000002,2026-09-24T08:32:31.981382+00:00
3752,0.733,2026-09-24T08:32:31.982713+00:00
3753,0.5950000000000001,2026-09-24T08:32:31.983823+00:00
3754,0.598,2026-09-24T08:32:31.984932+00:00
3755,0.599,2026-09-24T08:32:31.986040+00:00
3756,0.575,2026-09-24T08:32:31.987162+00:00
3757,0.737,2026-09-24T08:32:31.988845+00:00
3758,0.638,2026-09-24T08:32:31.989934+00:00
3759,0.6489999999999999,2026-09-24T08:32:31.991562+00:00
3760,0.512,2026-09-24T08:32:31.992586+00:00
3761,2.008,2026-09-24T08:32:31.995341+00:00
3762,0.723,2026-09-24T08:32:31.996686+00:00
3763,0.593,2026-09-24T08:32:31.997743+00:00
3764,0.539,2026-09-24T08:32:31.999137+00:00
3765,0.532,2026-09-24T08:32:32.000177+00:00
3766,0.565,2026-09-24T08:32:32.001252+00:00
3767,0.605,2026-09-24T08:32:32.002388+00:00
3768,0.559,2026-09-24T08:32:32.003432+00:00
3769,0.598,2026-09-24T08:32:32.004583+00:00
3770,0.5730000000000001,2026-09-24T08:32:32.005637+00:00
3771,0.569,2026-09-24T08:32:32.006647+00:00
3772,0.5730000000000001,2026-09-24T08:32:32.007638+00:00
3773,0.657,2026-09-24T08:32:32.008942+00:00
3774,1.01,2026-09-24T08:32:32.010587+00:00
3775,0.875,2026-09-24T08:32:32.012033+00:00
3776,0.9610000000000001,2026-09-24T08:32:32.014007+00:00
3777,0.6669999999999999,2026-09-24T08:32:32.015268+00:00
3778,0.559,2026-09-24T08:32:32.016334+00:00
3779,0.5609999999999999,2026-09-24T08:32:32.017397+00:00
3780,0.521,2026-09-24T08:32:32.018396+00:00
3781,0.64,2026-09-24T08:32:32.019596+00:00
3782,0.571,2026-09-24T08:32:32.020624+00:00
3783,0.562,2026-09-24T08:32:32.021646+00:00
3784,0.594,2026-09-24T08:32:32.022721+00:00
3785,0.603,2026-09-24T08:32:32.023853+00:00
3786,0.555,2026-09-24T08:32:32.024867+00:00
3787,0.844,2026-09-24T08:32:32.026157+00:00
3788,0.796,2026-09-24T08:32:32.027567+00:00
3789,0.798,2026-09-24T08:32:32.028908+00:00
3790,0.731,2026-09-24T08:32:32.030223+00:00
3791,0.766,2026-09-24T08:32:32.031741+00:00
3792,0.716,2026-09-24T08:32:32.032978+00:00
3793,0.761,2026-09-24T08:32:32.034268+00:00
3794,0.734,2026-09-24T08:32:32.035500+00:00
3795,0.731,2026-09-24T08:32:32.036706+00:00
3796,0.709,2026-09-24T08:32:32.037892+00:00
3797,0.756,2026-09-24T08:32:32.039163+00:00
3798,0.7380000000000001,2026-09-24T08:32:32.040433+00:00
3799,0.753,2026-09-24T08:32:32.041694+00:00
3800,0.736,2026-09-24T08:32:32.043004+00:00
3801,0.737,2026-09-24T08:32:32.044474+00:00
3802,0.9349999999999999,2026-09-24T08:32:32.046166+00:00
3803,0.934,2026-09-24T08:32:32.047835+00:00
3804,1.077,2026-09-24T08:32:32.049479+00:00
3805,0.664,2026-09-24T08:32:32.050518+00:00
3806,0.603,2026-09-24T08:32:32.051746+00:00
3807,0.607,2026-09-24T08:32:32.052872+00:00
3808,0.566,2026-09-24T08:32:32.053946+00:00
3809,0.539,2026-09-24T08:32:32.055005+00:00
3810,0.5559999999999999,2026-09-24T08:32:32.056077+00:00
3811,0.58,2026-09-24T08:32:32.057196+00:00
3812,0.499,2026-09-24T08:32:32.058180+00:00
3813,0.464,2026-09-24T08:32:32.059141+00:00
3814,0.46,2026-09-24T08:32:32.060127+00:00
3815,0.731,2026-09-24T08:32:32.061444+00:00
3816,0.691,2026-09-24T08:32:32.062655+00:00
3817,0.673,2026-09-24T08:32:32.063763+00:00
3818,0.69,2026-09-24T08:32:32.064892+00:00
3819,1.108,2026-09-24T08:32:32.066472+00:00
3820,0.726,2026-09-24T08:32:32.067311+00:00
3821,0.639,2026-09-24T08:32:32.068456+00:00
3822,0.6679999999999999,2026-09-24T08:32:32.069527+00:00
3823,0.6539999999999999,2026-09-24T08:32:32.070553+00:00
3824,0.566,2026-09-24T08:32:32.071510+00:00
3825,0.574,2026-09-24T08:32:32.072503+00:00
3826,0.531,2026-09-24T08:32:32.073491+00:00
3827,0.518,2026-09-24T08:32:32.074464+00:00
3828,0.502,2026-09-24T08:32:32.075444+00:00
3829,0.505,2026-09-24T08:32:32.076403+00:00
3830,0.504,2026-09-24T08:32:32.077393+00:00
3831,0.505,2026-09-24T08:32:32.078376+00:00
3832,0.49,2026-09-24T08:32:32.079326+00:00
3833,0.553,2026-09-24T08:32:32.080357+00:00
3834,0.528,2026-09-24T08:32:32.081346+00:00
3835,0.491,2026-09-24T08:32:32.082394+00:00
3836,0.494,2026-09-24T08:32:32.083377+00:00
3837,0.501,2026-09-24T08:32:32.084364+00:00
3838,0.515,2026-09-24T08:32:32.085361+00:00
3839,0.519,2026-09-24T08:32:32.086343+00:00
3840,0.519,2026-09-24T08:32:32.087327+00:00
3841,0.592,2026-09-24T08:32:32.088407+00:00
3842,0.524,2026-09-24T08:32:32.089373+00:00
3843,0.5479999999999999,2026-09-24T08:32:32.090389+00:00
3844,0.562,2026-09-24T08:32:32.091531+00:00
3845,0.584,2026-09-24T08:32:32.092600+00:00
3846,0.5770000000000001,2026-09-24T08:32:32.093657+00:00
3847,0.562,2026-09-24T08:32:32.094694+00:00
3848,0.579,2026-09-24T08:32:32.095703+00:00
3849,0.5559999999999999,2026-09-24T08:32:32.096719+00:00
3850,0.612,2026-09-24T08:32:32.097905+00:00
3851,0.5810000000000001,2026-09-24T08:32:32.098951+00:00
3852,0.544,2026-09-24T08:32:32.099989+00:00
3853,0.565,2026-09-24T08:32:32.101041+00:00
3854,0.578,2026-09-24T08:32:32.102087+00:00
3855,0.7240000000000001,2026-09-24T08:32:32.103308+00:00
3856,0.7,2026-09-24T08:32:32.104585+00:00
3857,0.6759999999999999,2026-09-24T08:32:32.105897+00:00
3858,0.626,2026-09-24T08:32:32.107126+00:00
3859,0.599,2026-09-24T08:32:32.108253+00:00
3860,0.5900000000000001,2026-09-24T08:32:32.109294+00:00
3861,0.609,2026-09-24T08:32:32.110349+00:00
3862,0.566,2026-09-24T08:32:32.111385+00:00
3863,0.6040000000000001,2026-09-24T08:32:32.112448+00:00
3864,0.536,2026-09-24T08:32:32.113461+00:00
3865,0.527,2026-09-24T08:32:32.114549+00:00
3866,0.553,2026-09-24T08:32:32.115596+00:00
3867,0.537,2026-09-24T08:32:32.116612+00:00
3868,0.512,2026-09-24T08:32:32.117598+00:00
3869,0.522,2026-09-24T08:32:32.118603+00:00
3870,0.505,2026-09-24T08:32:32.119597+00:00
3871,0.532,2026-09-24T08:32:32.120619+00:00
3872,0.514,2026-09-24T08:32:32.121610+00:00
3873,0.5289999999999999,2026-09-24T08:32:32.122618+00:00
3874,0.516,2026-09-24T08:32:32.123598+00:00
3875,0.491,2026-09-24T08:32:32.124563+00:00
3876,0.494,2026-09-24T08:32:32.125512+00:00
3877,0.532,2026-09-24T08:32:32.126550+00:00
3878,0.532,2026-09-24T08:32:32.127546+00:00
3879,0.55,2026-09-24T08:32:32.128557+00:00
3880,0.521,2026-09-24T08:32:32.129611+00:00
3881,0.521,2026-09-24T08:32:32.130593+00:00
3882,0.499,2026-09-24T08:32:32.131575+00:00
3883,0.504,2026-09-24T08:32:32.132530+00:00
3884,0.5,2026-09-24T08:32:32.133532+00:00
3885,0.514,2026-09-24T08:32:32.134529+00:00
3886,0.9169999999999999,2026-09-24T08:32:32.136113+00:00
3887,0.642,2026-09-24T08:32:32.137194+00:00
3888,0.674,2026-09-24T08:32:32.138456+00:00
3889,0.619,2026-09-24T08:32:32.139568+00:00
3890,0.627,2026-09-24T08:32:32.140666+00:00
3891,0.599,2026-09-24T08:32:32.141753+00:00
3892,0.579,2026-09-24T08:32:32.142835+00:00
3893,0.6040000000000001,2026-09-24T08:32:32.143943+00:00
3894,0.559,2026-09-24T08:32:32.145025+00:00
3895,0.5730000000000001,2026-09-24T08:32:32.146267+00:00
3896,0.623,2026-09-24T08:32:32.147421+00:00
3897,0.624,2026-09-24T08:32:32.148523+00:00
3898,0.5509999999999999,2026-09-24T08:32:32.149589+00:00
3899,0.5609999999999999,2026-09-24T08:32:32.150791+00:00
3900,0.5479999999999999,2026-09-24T08:32:32.152006+00:00
3901,0.55,2026-09-24T08:32:32.153181+00:00
3902,0.5429999999999999,2026-09-24T08:32:32.154243+00:00
3903,0.61,2026-09-24T08:32:32.155344+00:00
3904,0.541,2026-09-24T08:32:32.156363+00:00
3905,0.521,2026-09-24T08:32:32.157354+00:00
3906,0.515,2026-09-24T08:32:32.158384+00:00
3907,0.5569999999999999,2026-09-24T08:32:32.159437+00:00
3908,0.524,2026-09-24T08:32:32.160408+00:00
3909,0.527,2026-09-24T08:32:32.161530+00:00
3910,0.566,2026-09-24T08:32:32.162578+00:00
3911,0.5569999999999999,2026-09-24T08:32:32.163600+00:00
3912,0.71,2026-09-24T08:32:32.164776+00:00
3913,0.75,2026-09-24T08:32:32.166084+00:00
3914,0.723,2026-09-24T08:32:32.167391+00:00
3915,0.6589999999999999,2026-09-24T08:32:32.168530+00:00
3916,0.753,2026-09-24T08:32:32.169738+00:00
3917,0.748,2026-09-24T08:32:32.171003+00:00
3918,0.652,2026-09-24T08:32:32.172136+00:00
3919,0.634,2026-09-24T08:32:32.173271+00:00
3920,0.637,2026-09-24T08:32:32.174378+00:00
3921,0.64,2026-09-24T08:32:32.175496+00:00
3922,0.6669999999999999,2026-09-24T08:32:32.176615+00:00
3923,0.632,2026-09-24T08:32:32.177706+00:00
3924,0.704,2026-09-24T08:32:32.179011+00:00
3925,0.6130000000000001,2026-09-24T08:32:32.180090+00:00
3926,0.637,2026-09-24T08:32:32.181240+00:00
3927,0.611,2026-09-24T08:32:32.182312+00:00
3928,0.587,2026-09-24T08:32:32.183368+00:00
3929,0.643,2026-09-24T08:32:32.184510+00:00
3930,0.656,2026-09-24T08:32:32.185631+00:00
3931,0.64,2026-09-24T08:32:32.186752+00:00
3932,0.605,2026-09-24T08:32:32.187812+00:00
3933,0.784,2026-09-24T08:32:32.189180+00:00
3934,0.6890000000000001,2026-09-24T08:32:32.190397+00:00
3935,0.7010000000000001,2026-09-24T08:32:32.191646+00:00
3936,1.649,2026-09-24T08:32:32.194217+00:00
3937,1.16,2026-09-24T08:32:32.195993+00:00
3938,0.916,2026-09-24T08:32:32.197552+00:00
3939,0.898,2026-09-24T08:32:32.199165+00:00
3940,0.8220000000000001,2026-09-24T08:32:32.200633+00:00
3941,0.823,2026-09-24T08:32:32.202104+00:00
3942,1.0250000000000001,2026-09-24T08:32:32.203812+00:00
3943,0.832,2026-09-24T08:32:32.205178+00:00
3944,0.7829999999999999,2026-09-24T08:32:32.206640+00:00
3945,0.775,2026-09-24T08:32:32.208118+00:00
3946,0.737,2026-09-24T08:32:32.209600+00:00
3947,0.7200000000000001,2026-09-24T08:32:32.210994+00:00
3948,0.748,2026-09-24T08:32:32.212407+00:00
3949,0.725,2026-09-24T08:32:32.213816+00:00
3950,0.753,2026-09-24T08:32:32.215258+00:00
3951,0.751,2026-09-24T08:32:32.216714+00:00
3952,0.722,2026-09-24T08:32:32.218097+00:00
3953,0.6980000000000001,2026-09-24T08:32:32.219491+00:00
3954,0.877,2026-09-24T08:32:32.221580+00:00
3955,0.784,2026-09-24T08:32:32.223159+00:00
3956,0.736,2026-09-24T08:32:32.224670+00:00
3957,0.6859999999999999,2026-09-24T08:32:32.225909+00:00
3958,0.703,2026-09-24T08:32:32.227225+00:00
3959,0.678,2026-09-24T08:32:32.228488+00:00
3960,0.6890000000000001,2026-09-24T08:32:32.229752+00:00
3961,0.6890000000000001,2026-09-24T08:32:32.231020+00:00
3962,0.619,2026-09-24T08:32:32.232221+00:00
3963,0.593,2026-09-24T08:32:32.233310+00:00
3964,0.5479999999999999,2026-09-24T08:32:32.234335+00:00
3965,0.566,2026-09-24T08:32:32.235391+00:00
3966,0.533,2026-09-24T08:32:32.236407+00:00
3967,0.5429999999999999,2026-09-24T08:32:32.237434+00:00
3968,0.628,2026-09-24T08:32:32.238687+00:00
3969,0.619,2026-09-24T08:32:32.239842+00:00
3970,0.626,2026-09-24T08:32:32.240939+00:00
3971,0.589,2026-09-24T08:32:32.242012+00:00
3972,0.608,2026-09-24T08:32:32.243103+00:00
3973,0.599,2026-09-24T08:32:32.244197+00:00
3974,0.5910000000000001,2026-09-24T08:32:32.245270+00:00
3975,0.5640000000000001,2026-09-24T08:32:32.246323+00:00
3976,0.5670000000000001,2026-09-24T08:32:32.247394+00:00
3977,0.584,2026-09-24T08:32:32.248469+00:00
3978,0.5910000000000001,2026-09-24T08:32:32.249535+00:00
3979,0.602,2026-09-24T08:32:32.250587+00:00
3980,0.593,2026-09-24T08:32:32.251645+00:00
3981,0.619,2026-09-24T08:32:32.252728+00:00
3982,0.623,2026-09-24T08:32:32.253825+00:00
3983,0.616,2026-09-24T08:32:32.255024+00:00
3984,0.5730000000000001,2026-09-24T08:32:32.256088+00:00
3985,0.575,2026-09-24T08:32:32.257199+00:00
3986,0.5760000000000001,2026-09-24T08:32:32.258290+00:00
3987,0.607,2026-09-24T08:32:32.259389+00:00
3988,0.5950000000000001,2026-09-24T08:32:32.260461+00:00
3989,0.5860000000000001,2026-09-24T08:32:32.261509+00:00
3990,0.558,2026-09-24T08:32:32.262513+00:00
3991,0.598,2026-09-24T08:32:32.263570+00:00
3992,0.5910000000000001,2026-09-24T08:32:32.264638+00:00
3993,0.5720000000000001,2026-09-24T08:32:32.265697+00:00
3994,0.67,2026-09-24T08:32:32.266832+00:00
3995,0.638,2026-09-24T08:32:32.267965+00:00
3996,0.621,2026-09-24T08:32:32.269069+00:00
3997,0.63,2026-09-24T08:32:32.270170+00:00
3998,0.5810000000000001,2026-09-24T08:32:32.271334+00:00
3999,0.5429999999999999,2026-09-24T08:32:32.272382+00:00
4000,0.794,2026-09-24T08:32:32.273765+00:00
4001,0.674,2026-09-24T08:32:32.274936+00:00
4002,0.579,2026-09-24T08:32:32.276007+00:00
4003,0.622,2026-09-24T08:32:32.277106+00:00
4004,0.536,2026-09-24T08:32:32.278131+00:00
4005,0.565,2026-09-24T08:32:32.279208+00:00
4006,0.54,2026-09-24T08:32:32.280218+00:00
4007,0.584,2026-09-24T08:32:32.281244+00:00
4008,0.54,2026-09-24T08:32:32.282239+00:00
4009,0.566,2026-09-24T08:32:32.283256+00:00
4010,0.5509999999999999,2026-09-24T08:32:32.284262+00:00
4011,0.5509999999999999,2026-09-24T08:32:32.285274+00:00
4012,0.5339999999999999,2026-09-24T08:32:32.286281+00:00
4013,0.544,2026-09-24T08:32:32.287397+00:00
4014,0.627,2026-09-24T08:32:32.288515+00:00
4015,0.608,2026-09-24T08:32:32.289607+00:00
4016,0.5770000000000001,2026-09-24T08:32:32.290642+00:00
4017,0.533,2026-09-24T08:32:32.291632+00:00
4018,0.524,2026-09-24T08:32:32.292604+00:00
4019,0.5569999999999999,2026-09-24T08:32:32.293633+00:00
4020,0.53,2026-09-24T08:32:32.294601+00:00
4021,0.571,2026-09-24T08:32:32.296372+00:00
4022,0.587,2026-09-24T08:32:32.297603+00:00
4023,0.5599999999999999,2026-09-24T08:32:32.298716+00:00
4024,0.5670000000000001,2026-09-24T08:32:32.299752+00:00
4025,0.545,2026-09-24T08:32:32.300775+00:00
4026,0.559,2026-09-24T08:32:32.301782+00:00
4027,0.593,2026-09-24T08:32:32.302849+00:00
4028,0.545,2026-09-24T08:32:32.303942+00:00
4029,0.5910000000000001,2026-09-24T08:32:32.305079+00:00
4030,0.527,2026-09-24T08:32:32.306100+00:00
4031,0.518,2026-09-24T08:32:32.307117+00:00
4032,0.519,2026-09-24T08:32:32.308106+00:00
4033,0.517,2026-09-24T08:32:32.309087+00:00
4034,0.5599999999999999,2026-09-24T08:32:32.310144+00:00
4035,0.566,2026-09-24T08:32:32.311200+00:00
4036,0.536,2026-09-24T08:32:32.312208+00:00
4037,0.562,2026-09-24T08:32:32.313253+00:00
4038,0.545,2026-09-24T08:32:32.314282+00:00
4039,0.505,2026-09-24T08:32:32.315263+00:00
4040,0.48700000000000004,2026-09-24T08:32:32.316240+00:00
4041,0.5379999999999999,2026-09-24T08:32:32.317263+00:00
4042,0.536,2026-09-24T08:32:32.318431+00:00
4043,0.571,2026-09-24T08:32:32.319451+00:00
4044,0.527,2026-09-24T08:32:32.320437+00:00
4045,0.5,2026-09-24T08:32:32.321395+00:00
4046,0.494,2026-09-24T08:32:32.322373+00:00
4047,0.506,2026-09-24T08:32:32.323379+00:00
4048,0.51,2026-09-24T08:32:32.324362+00:00
4049,0.494,2026-09-24T08:32:32.325332+00:00
4050,0.514,2026-09-24T08:32:32.326333+00:00
4051,0.515,2026-09-24T08:32:32.327336+00:00
4052,0.566,2026-09-24T08:32:32.328377+00:00
4053,0.553,2026-09-24T08:32:32.329429+00:00
4054,0.54,2026-09-24T08:32:32.330456+00:00
4055,0.549,2026-09-24T08:32:32.331503+00:00
4056,0.5720000000000001,2026-09-24T08:32:32.332549+00:00
4057,0.527,2026-09-24T08:32:32.333652+00:00
4058,0.562,2026-09-24T08:32:32.334676+00:00
4059,0.541,2026-09-24T08:32:32.335665+00:00
4060,0.49299999999999994,2026-09-24T08:32:32.336566+00:00
4061,0.526,2026-09-24T08:32:32.337569+00:00
4062,0.525,2026-09-24T08:32:32.338581+00:00
4063,0.5720000000000001,2026-09-24T08:32:32.339643+00:00
4064,0.516,2026-09-24T08:32:32.340616+00:00
4065,0.592,2026-09-24T08:32:32.341699+00:00
4066,0.5339999999999999,2026-09-24T08:32:32.342666+00:00
4067,0.531,2026-09-24T08:32:32.343670+00:00
4068,0.516,2026-09-24T08:32:32.344642+00:00
4069,0.528,2026-09-24T08:32:32.345651+00:00
4070,0.509,2026-09-24T08:32:32.346625+00:00
4071,0.541,2026-09-24T08:32:32.347627+00:00
4072,0.522,2026-09-24T08:32:32.348700+00:00
4073,0.536,2026-09-24T08:32:32.349710+00:00
4074,0.518,2026-09-24T08:32:32.350680+00:00
4075,0.527,2026-09-24T08:32:32.351689+00:00
4076,0.506,2026-09-24T08:32:32.352672+00:00
4077,0.5429999999999999,2026-09-24T08:32:32.353675+00:00
4078,0.544,2026-09-24T08:32:32.354687+00:00
4079,0.5599999999999999,2026-09-24T08:32:32.355715+00:00
4080,0.533,2026-09-24T08:32:32.356721+00:00
4081,0.524,2026-09-24T08:32:32.357693+00:00
4082,0.514,2026-09-24T08:32:32.358655+00:00
4083,0.513,2026-09-24T08:32:32.359636+00:00
4084,0.535,2026-09-24T08:32:32.360622+00:00
4085,0.5509999999999999,2026-09-24T08:32:32.361614+00:00
4086,0.928,2026-09-24T08:32:32.363012+00:00
4087,1.0330000000000001,2026-09-24T08:32:32.364203+00:00
4088,0.889,2026-09-24T08:32:32.365094+00:00
4089,0.868,2026-09-24T08:32:32.366126+00:00
4090,0.8400000000000001,2026-09-24T08:32:32.367285+00:00
4091,0.791,2026-09-24T08:32:32.368443+00:00
4092,0.769,2026-09-24T08:32:32.369470+00:00
4093,0.768,2026-09-24T08:32:32.370465+00:00
4094,0.799,2026-09-24T08:32:32.371492+00:00
4095,0.8059999999999999,2026-09-24T08:32:32.372506+00:00
4096,0.8130000000000001,2026-09-24T08:32:32.373535+00:00
4097,0.796,2026-09-24T08:32:32.374547+00:00
4098,0.781,2026-09-24T08:32:32.375546+00:00
4099,0.8130000000000001,2026-09-24T08:32:32.376570+00:00
4100,0.5419999999999999,2026-09-24T08:32:32.377327+00:00
4101,0.512,2026-09-24T08:32:32.378278+00:00
4102,0.656,2026-09-24T08:32:32.379656+00:00
4103,0.5429999999999999,2026-09-24T08:32:32.380574+00:00
4104,0.515,2026-09-24T08:32:32.381561+00:00
4105,0.501,2026-09-24T08:32:32.382555+00:00
4106,0.49299999999999994,2026-09-24T08:32:32.383538+00:00
4107,0.482,2026-09-24T08:32:32.384534+00:00
4108,0.8630000000000001,2026-09-24T08:32:32.386148+00:00
4109,0.727,2026-09-24T08:32:32.387562+00:00
4110,0.756,2026-09-24T08:32:32.388914+00:00
4111,0.679,2026-09-24T08:32:32.390176+00:00
4112,0.68,2026-09-24T08:32:32.391432+00:00
4113,0.67,2026-09-24T08:32:32.392684+00:00
4114,0.6719999999999999,2026-09-24T08:32:32.393930+00:00
4115,0.656,2026-09-24T08:32:32.395181+00:00
4116,0.66,2026-09-24T08:32:32.396583+00:00
4117,0.641,2026-09-24T08:32:32.397842+00:00
4118,0.671,2026-09-24T08:32:32.399109+00:00
4119,0.6859999999999999,2026-09-24T08:32:32.400416+00:00
4120,0.704,2026-09-24T08:32:32.401732+00:00
4121,0.6589999999999999,2026-09-24T08:32:32.402956+00:00
4122,0.665,2026-09-24T08:32:32.404215+00:00
4123,0.62,2026-09-24T08:32:32.405400+00:00
4124,0.6579999999999999,2026-09-24T08:32:32.406673+00:00
4125,0.6880000000000001,2026-09-24T08:32:32.407929+00:00
4126,0.664,2026-09-24T08:32:32.409200+00:00
4127,0.6920000000000001,2026-09-24T08:32:32.410490+00:00
4128,0.694,2026-09-24T08:32:32.411799+00:00
4129,0.655,2026-09-24T08:32:32.413144+00:00
4130,0.635,2026-09-24T08:32:32.414370+00:00
4131,0.65,2026-09-24T08:32:32.415761+00:00
4132,0.6669999999999999,2026-09-24T08:32:32.416993+00:00
4133,0.656,2026-09-24T08:32:32.418214+00:00
4134,0.6920000000000001,2026-09-24T08:32:32.419493+00:00
4135,0.684,2026-09-24T08:32:32.420741+00:00
4136,0.6629999999999999,2026-09-24T08:32:32.421951+00:00
4137,0.641,2026-09-24T08:32:32.423184+00:00
4138,0.628,2026-09-24T08:32:32.424391+00:00
4139,0.683,2026-09-24T08:32:32.425630+00:00
4140,0.665,2026-09-24T08:32:32.426866+00:00
4141,0.64,2026-09-24T08:32:32.428112+00:00
4142,0.633,2026-09-24T08:32:32.429339+00:00
4143,0.671,2026-09-24T08:32:32.430615+00:00
4144,0.707,2026-09-24T08:32:32.431882+00:00
4145,0.65,2026-09-24T08:32:32.433097+00:00
4146,0.6920000000000001,2026-09-24T08:32:32.434494+00:00
4147,0.7060000000000001,2026-09-24T08:32:32.435770+00:00
4148,0.66,2026-09-24T08:32:32.436992+00:00
4149,0.636,2026-09-24T08:32:32.438210+00:00
4150,0.6859999999999999,2026-09-24T08:32:32.439516+00:00
4151,0.675,2026-09-24T08:32:32.440794+00:00
4152,0.664,2026-09-24T08:32:32.442000+00:00
4153,0.661,2026-09-24T08:32:32.443224+00:00
4154,0.683,2026-09-24T08:32:32.444464+00:00
4155,0.759,2026-09-24T08:32:32.445845+00:00
4156,0.6859999999999999,2026-09-24T08:32:32.447159+00:00
4157,0.683,2026-09-24T08:32:32.448446+00:00
4158,0.6970000000000001,2026-09-24T08:32:32.449668+00:00
4159,0.6769999999999999,2026-09-24T08:32:32.450897+00:00
4160,0.703,2026-09-24T08:32:32.452149+00:00
4161,0.66,2026-09-24T08:32:32.453525+00:00
4162,0.656,2026-09-24T08:32:32.454761+00:00
4163,0.657,2026-09-24T08:32:32.455990+00:00
4164,0.651,2026-09-24T08:32:32.457250+00:00
4165,0.633,2026-09-24T08:32:32.458471+00:00
4166,0.6849999999999999,2026-09-24T08:32:32.459739+00:00
4167,0.647,2026-09-24T08:32:32.460940+00:00
4168,0.6819999999999999,2026-09-24T08:32:32.462195+00:00
4169,0.622,2026-09-24T08:32:32.463383+00:00
4170,0.673,2026-09-24T08:32:32.464618+00:00
4171,0.6719999999999999,2026-09-24T08:32:32.465862+00:00
4172,0.671,2026-09-24T08:32:32.467138+00:00
4173,0.662,2026-09-24T08:32:32.468439+00:00
4174,0.716,2026-09-24T08:32:32.469980+00:00
4175,0.735,2026-09-24T08:32:32.471572+00:00
4176,0.739,2026-09-24T08:32:32.472886+00:00
4177,0.68,2026-09-24T08:32:32.474164+00:00
4178,0.674,2026-09-24T08:32:32.475450+00:00
4179,0.6920000000000001,2026-09-24T08:32:32.476705+00:00
4180,0.648,2026-09-24T08:32:32.477895+00:00
4181,0.683,2026-09-24T08:32:32.479150+00:00
4182,0.662,2026-09-24T08:32:32.480392+00:00
4183,0.675,2026-09-24T08:32:32.481656+00:00
4184,0.6449999999999999,2026-09-24T08:32:32.482855+00:00
4185,0.646,2026-09-24T08:32:32.484116+00:00
4186,0.64,2026-09-24T08:32:32.485387+00:00
4187,0.6920000000000001,2026-09-24T08:32:32.486679+00:00
4188,0.647,2026-09-24T08:32:32.487899+00:00
4189,0.704,2026-09-24T08:32:32.489186+00:00
4190,0.652,2026-09-24T08:32:32.490517+00:00
4191,0.675,2026-09-24T08:32:32.491758+00:00
4192,0.6579999999999999,2026-09-24T08:32:32.492991+00:00
4193,0.6449999999999999,2026-09-24T08:32:32.494226+00:00
4194,0.634,2026-09-24T08:32:32.495420+00:00
4195,0.707,2026-09-24T08:32:32.496723+00:00
4196,0.691,2026-09-24T08:32:32.497989+00:00
4197,0.653,2026-09-24T08:32:32.499218+00:00
4198,0.6920000000000001,2026-09-24T08:32:32.500503+00:00
4199,0.6629999999999999,2026-09-24T08:32:32.501752+00:00
4200,0.673,2026-09-24T08:32:32.503025+00:00
4201,0.671,2026-09-24T08:32:32.504277+00:00
4202,0.69,2026-09-24T08:32:32.505574+00:00
4203,0.687,2026-09-24T08:32:32.506841+00:00
4204,0.6890000000000001,2026-09-24T08:32:32.508088+00:00
4205,0.967,2026-09-24T08:32:32.509832+00:00
4206,0.898,2026-09-24T08:32:32.511166+00:00
4207,0.699,2026-09-24T08:32:32.512373+00:00
4208,0.696,2026-09-24T08:32:32.513961+00:00
4209,0.638,2026-09-24T08:32:32.515380+00:00
4210,0.661,2026-09-24T08:32:32.516664+00:00
4211,0.626,2026-09-24T08:32:32.517857+00:00
4212,0.607,2026-09-24T08:32:32.519079+00:00
4213,0.5900000000000001,2026-09-24T08:32:32.520237+00:00
4214,0.629,2026-09-24T08:32:32.521481+00:00
4215,0.614,2026-09-24T08:32:32.522674+00:00
4216,0.751,2026-09-24T08:32:32.524035+00:00
4217,1.0230000000000001,2026-09-24T08:32:32.525998+00:00
4218,0.763,2026-09-24T08:32:32.527580+00:00
4219,0.624,2026-09-24T08:32:32.528643+00:00
4220,0.5569999999999999,2026-09-24T08:32:32.529893+00:00
4221,0.536,2026-09-24T08:32:32.530965+00:00
4222,0.536,2026-09-24T08:32:32.532024+00:00
4223,0.5199999999999999,2026-09-24T08:32:32.533052+00:00
4224,0.48000000000000004,2026-09-24T08:32:32.534044+00:00
4225,0.467,2026-09-24T08:32:32.535058+00:00
4226,1.1219999999999999,2026-09-24T08:32:32.536721+00:00
4227,0.739,2026-09-24T08:32:32.537874+00:00
4228,0.5640000000000001,2026-09-24T08:32:32.538919+00:00
4229,0.515,2026-09-24T08:32:32.539982+00:00
4230,0.499,2026-09-24T08:32:32.541023+00:00
4231,1.367,2026-09-24T08:32:32.543197+00:00
4232,0.9129999999999999,2026-09-24T08:32:32.544495+00:00
4233,0.805,2026-09-24T08:32:32.545910+00:00
4234,0.758,2026-09-24T08:32:32.547239+00:00
4235,0.64,2026-09-24T08:32:32.548508+00:00
4236,0.574,2026-09-24T08:32:32.549517+00:00
4237,0.569,2026-09-24T08:32:32.550486+00:00
4238,0.5680000000000001,2026-09-24T08:32:32.551467+00:00
4239,0.523,2026-09-24T08:32:32.552396+00:00
4240,0.9,2026-09-24T08:32:32.556758+00:00
4241,0.721,2026-09-24T08:32:32.557952+00:00
4242,0.733,2026-09-24T08:32:32.559154+00:00
4243,0.675,2026-09-24T08:32:32.560266+00:00
4244,0.6819999999999999,2026-09-24T08:32:32.561419+00:00
4245,1.1689999999999998,2026-09-24T08:32:32.563056+00:00
4246,0.837,2026-09-24T08:32:32.564558+00:00
4247,0.608,2026-09-24T08:32:32.565657+00:00
4248,0.5730000000000001,2026-09-24T08:32:32.566702+00:00
4249,0.549,2026-09-24T08:32:32.567989+00:00
4250,0.8180000000000001,2026-09-24T08:32:32.569453+00:00
4251,0.627,2026-09-24T08:32:32.570664+00:00
4252,0.569,2026-09-24T08:32:32.571795+00:00
4253,0.75,2026-09-24T08:32:32.575282+00:00
4254,0.5509999999999999,2026-09-24T08:32:32.576440+00:00
4255,0.528,2026-09-24T08:32:32.577480+00:00
4256,0.509,2026-09-24T08:32:32.578491+00:00
4257,0.9700000000000001,2026-09-24T08:32:32.580075+00:00
4258,0.9970000000000001,2026-09-24T08:32:32.581404+00:00
4259,0.782,2026-09-24T08:32:32.582378+00:00
4260,0.554,2026-09-24T08:32:32.583140+00:00
4261,0.549,2026-09-24T08:32:32.584099+00:00
4262,0.5950000000000001,2026-09-24T08:32:32.585233+00:00
4263,0.516,2026-09-24T08:32:32.586204+00:00
4264,0.531,2026-09-24T08:32:32.587393+00:00
4265,0.546,2026-09-24T08:32:32.588424+00:00
4266,0.5339999999999999,2026-09-24T08:32:32.589443+00:00
4267,0.5379999999999999,2026-09-24T08:32:32.590426+00:00
4268,0.565,2026-09-24T08:32:32.591439+00:00
4269,0.5640000000000001,2026-09-24T08:32:32.592442+00:00
4270,0.523,2026-09-24T08:32:32.593464+00:00
4271,0.544,2026-09-24T08:32:32.594465+00:00
4272,0.49799999999999994,2026-09-24T08:32:32.595397+00:00
4273,0.47300000000000003,2026-09-24T08:32:32.596302+00:00
4274,0.502,2026-09-24T08:32:32.597262+00:00
4275,0.519,2026-09-24T08:32:32.598228+00:00
4276,0.53,2026-09-24T08:32:32.599196+00:00
4277,0.526,2026-09-24T08:32:32.600168+00:00
4278,0.491,2026-09-24T08:32:32.601101+00:00
4279,0.636,2026-09-24T08:32:32.602280+00:00
4280,0.549,2026-09-24T08:32:32.603347+00:00
4281,0.527,2026-09-24T08:32:32.604351+00:00
4282,0.522,2026-09-24T08:32:32.605394+00:00
4283,0.5670000000000001,2026-09-24T08:32:32.606431+00:00
4284,0.583,2026-09-24T08:32:32.607482+00:00
4285,0.526,2026-09-24T08:32:32.608442+00:00
4286,0.562,2026-09-24T08:32:32.609496+00:00
4287,0.79,2026-09-24T08:32:32.610868+00:00
4288,0.651,2026-09-24T08:32:32.612000+00:00
4289,0.5670000000000001,2026-09-24T08:32:32.613026+00:00
4290,0.512,2026-09-24T08:32:32.614075+00:00
4291,0.545,2026-09-24T08:32:32.615130+00:00
4292,0.536,2026-09-24T08:32:32.616175+00:00
4293,0.526,2026-09-24T08:32:32.617195+00:00
4294,0.5469999999999999,2026-09-24T08:32:32.618448+00:00
4295,0.5630000000000001,2026-09-24T08:32:32.619490+00:00
4296,0.54,2026-09-24T08:32:32.620541+00:00
4297,0.5640000000000001,2026-09-24T08:32:32.621629+00:00
4298,0.528,2026-09-24T08:32:32.622696+00:00
4299,0.521,2026-09-24T08:32:32.623868+00:00
4300,0.503,2026-09-24T08:32:32.624894+00:00
4301,0.5109999999999999,2026-09-24T08:32:32.626017+00:00
4302,0.506,2026-09-24T08:32:32.627079+00:00
4303,0.475,2026-09-24T08:32:32.628086+00:00
4304,0.519,2026-09-24T08:32:32.629127+00:00
4305,0.54,2026-09-24T08:32:32.630561+00:00
4306,0.509,2026-09-24T08:32:32.631635+00:00
4307,0.5109999999999999,2026-09-24T08:32:32.632680+00:00
4308,0.486,2026-09-24T08:32:32.633730+00:00
4309,0.6849999999999999,2026-09-24T08:32:32.635147+00:00
4310,0.916,2026-09-24T08:32:32.636642+00:00
4311,0.713,2026-09-24T08:32:32.637704+00:00
4312,0.627,2026-09-24T08:32:32.638756+00:00
4313,0.5900000000000001,2026-09-24T08:32:32.639873+00:00
4314,0.5770000000000001,2026-09-24T08:32:32.640919+00:00
4315,0.562,2026-09-24T08:32:32.641916+00:00
4316,0.569,2026-09-24T08:32:32.642938+00:00
4317,0.562,2026-09-24T08:32:32.643917+00:00
4318,0.5730000000000001,2026-09-24T08:32:32.644948+00:00
4319,0.578,2026-09-24T08:32:32.645940+00:00
4320,0.5670000000000001,2026-09-24T08:32:32.646916+00:00
4321,0.5730000000000001,2026-09-24T08:32:32.647929+00:00
4322,0.541,2026-09-24T08:32:32.648858+00:00
4323,0.531,2026-09-24T08:32:32.649990+00:00
4324,0.558,2026-09-24T08:32:32.651008+00:00
4325,0.5509999999999999,2026-09-24T08:32:32.651989+00:00
4326,0.533,2026-09-24T08:32:32.652971+00:00
4327,0.532,2026-09-24T08:32:32.653954+00:00
4328,0.53,2026-09-24T08:32:32.654918+00:00
4329,0.539,2026-09-24T08:32:32.655875+00:00
4330,0.535,2026-09-24T08:32:32.656854+00:00
4331,0.5640000000000001,2026-09-24T08:32:32.657845+00:00
4332,0.539,2026-09-24T08:32:32.658815+00:00
4333,0.5289999999999999,2026-09-24T08:32:32.659772+00:00
4334,0.527,2026-09-24T08:32:32.660725+00:00
4335,0.524,2026-09-24T08:32:32.661689+00:00
4336,0.509,2026-09-24T08:32:32.662631+00:00
4337,0.509,2026-09-24T08:32:32.663575+00:00
4338,0.515,2026-09-24T08:32:32.664644+00:00
4339,0.5339999999999999,2026-09-24T08:32:32.665600+00:00
4340,0.496,2026-09-24T08:32:32.666510+00:00
4341,0.5519999999999999,2026-09-24T08:32:32.667522+00:00
4342,0.546,2026-09-24T08:32:32.668505+00:00
4343,0.533,2026-09-24T08:32:32.669493+00:00
4344,0.49299999999999994,2026-09-24T08:32:32.670397+00:00
4345,0.517,2026-09-24T08:32:32.671371+00:00
4346,0.54,2026-09-24T08:32:32.672380+00:00
4347,0.521,2026-09-24T08:32:32.673329+00:00
4348,0.5379999999999999,2026-09-24T08:32:32.674324+00:00
4349,0.755,2026-09-24T08:32:32.675528+00:00
4350,0.666,2026-09-24T08:32:32.676399+00:00
4351,0.655,2026-09-24T08:32:32.677389+00:00
4352,0.631,2026-09-24T08:32:32.678356+00:00
4353,0.683,2026-09-24T08:32:32.679479+00:00
4354,0.636,2026-09-24T08:32:32.680447+00:00
4355,0.665,2026-09-24T08:32:32.681466+00:00
4356,0.7240000000000001,2026-09-24T08:32:32.682555+00:00
4357,0.65,2026-09-24T08:32:32.683490+00:00
4358,0.574,2026-09-24T08:32:32.684545+00:00
4359,0.55,2026-09-24T08:32:32.685650+00:00
4360,0.519,2026-09-24T08:32:32.686753+00:00
4361,0.515,2026-09-24T08:32:32.687828+00:00
4362,0.49200000000000005,2026-09-24T08:32:32.688800+00:00
4363,0.521,2026-09-24T08:32:32.689799+00:00
4364,1.03,2026-09-24T08:32:32.691369+00:00
4365,0.7969999999999999,2026-09-24T08:32:32.692353+00:00
4366,1.0230000000000001,2026-09-24T08:32:32.694059+00:00
4367,0.671,2026-09-24T08:32:32.695306+00:00
4368,0.7150000000000001,2026-09-24T08:32:32.696659+00:00
4369,0.937,2026-09-24T08:32:32.698092+00:00
4370,0.5900000000000001,2026-09-24T08:32:32.699319+00:00
4371,0.721,2026-09-24T08:32:32.700650+00:00
4372,0.6539999999999999,2026-09-24T08:32:32.701833+00:00
4373,0.583,2026-09-24T08:32:32.703106+00:00
4374,0.602,2026-09-24T08:32:32.704263+00:00
4375,0.571,2026-09-24T08:32:32.705337+00:00
4376,0.555,2026-09-24T08:32:32.706404+00:00
4377,0.512,2026-09-24T08:32:32.707442+00:00
4378,0.541,2026-09-24T08:32:32.708544+00:00
4379,0.583,2026-09-24T08:32:32.709628+00:00
4380,0.5599999999999999,2026-09-24T08:32:32.710748+00:00
4381,0.5860000000000001,2026-09-24T08:32:32.711847+00:00
4382,0.579,2026-09-24T08:32:32.713072+00:00
4383,0.522,2026-09-24T08:32:32.714159+00:00
4384,0.5670000000000001,2026-09-24T08:32:32.715261+00:00
4385,0.528,2026-09-24T08:32:32.716326+00:00
4386,0.539,2026-09-24T08:32:32.717404+00:00
4387,0.5860000000000001,2026-09-24T08:32:32.718517+00:00
4388,0.5680000000000001,2026-09-24T08:32:32.719598+00:00
4389,0.5900000000000001,2026-09-24T08:32:32.720716+00:00
4390,0.575,2026-09-24T08:32:32.721832+00:00
4391,0.791,2026-09-24T08:32:32.723135+00:00
4392,0.653,2026-09-24T08:32:32.724545+00:00
4393,0.55,2026-09-24T08:32:32.725657+00:00
4394,0.533,2026-09-24T08:32:32.726688+00:00
4395,0.5770000000000001,2026-09-24T08:32:32.727754+00:00
4396,0.5950000000000001,2026-09-24T08:32:32.728886+00:00
4397,0.512,2026-09-24T08:32:32.730007+00:00
4398,0.504,2026-09-24T08:32:32.731010+00:00
4399,0.521,2026-09-24T08:32:32.732142+00:00
4400,0.537,2026-09-24T08:32:32.733239+00:00
4401,0.49799999999999994,2026-09-24T08:32:32.734281+00:00
4402,0.8720000000000001,2026-09-24T08:32:32.735729+00:00
4403,0.82,2026-09-24T08:32:32.737061+00:00
4404,1.034,2026-09-24T08:32:32.738949+00:00
4405,1.828,2026-09-24T08:32:32.741630+00:00
4406,1.3470000000000002,2026-09-24T08:32:32.744054+00:00
4407,0.915,2026-09-24T08:32:32.745662+00:00
4408,0.766,2026-09-24T08:32:32.746957+00:00
4409,0.877,2026-09-24T08:32:32.748360+00:00
4410,0.9970000000000001,2026-09-24T08:32:32.750141+00:00
4411,0.786,2026-09-24T08:32:32.751615+00:00
4412,0.722,2026-09-24T08:32:32.753125+00:00
4413,0.619,2026-09-24T08:32:32.754291+00:00
4414,0.6679999999999999,2026-09-24T08:32:32.755523+00:00
4415,0.623,2026-09-24T08:32:32.756737+00:00
4416,0.833,2026-09-24T08:32:32.758099+00:00
4417,0.75,2026-09-24T08:32:32.759557+00:00
4418,0.6849999999999999,2026-09-24T08:32:32.760824+00:00
4419,0.587,2026-09-24T08:32:32.761965+00:00
4420,0.594,2026-09-24T08:32:32.763127+00:00
4421,0.655,2026-09-24T08:32:32.764287+00:00
4422,0.705,2026-09-24T08:32:32.765577+00:00
4423,0.7200000000000001,2026-09-24T08:32:32.766797+00:00
4424,0.741,2026-09-24T08:32:32.768065+00:00
4425,0.596,2026-09-24T08:32:32.769306+00:00
4426,0.657,2026-09-24T08:32:32.770487+00:00
4427,0.578,2026-09-24T08:32:32.771769+00:00
4428,0.5910000000000001,2026-09-24T08:32:32.772881+00:00
4429,0.53,2026-09-24T08:32:32.773930+00:00
4430,0.869,2026-09-24T08:32:32.775318+00:00
4431,0.957,2026-09-24T08:32:32.776757+00:00
4432,0.8019999999999999,2026-09-24T08:32:32.778101+00:00
4433,0.6880000000000001,2026-09-24T08:32:32.779426+00:00
4434,0.6759999999999999,2026-09-24T08:32:32.780620+00:00
4435,0.6679999999999999,2026-09-24T08:32:32.781873+00:00
4436,0.64,2026-09-24T08:32:32.783365+00:00
4437,0.603,2026-09-24T08:32:32.784540+00:00
4438,0.5559999999999999,2026-09-24T08:32:32.785652+00:00
4439,0.8009999999999999,2026-09-24T08:32:32.787180+00:00
4440,0.737,2026-09-24T08:32:32.788555+00:00
4441,0.678,2026-09-24T08:32:32.789876+00:00
4442,0.8109999999999999,2026-09-24T08:32:32.791493+00:00
4443,0.691,2026-09-24T08:32:32.792848+00:00
4444,0.5860000000000001,2026-09-24T08:32:32.794025+00:00
4445,0.495,2026-09-24T08:32:32.795066+00:00
4446,0.49700000000000005,2026-09-24T08:32:32.796165+00:00
4447,0.839,2026-09-24T08:32:32.797816+00:00
4448,0.705,2026-09-24T08:32:32.799213+00:00
4449,0.632,2026-09-24T08:32:32.800517+00:00
4450,0.673,2026-09-24T08:32:32.801879+00:00
4451,0.617,2026-09-24T08:32:32.803170+00:00
4452,0.772,2026-09-24T08:32:32.804628+00:00
4453,0.656,2026-09-24T08:32:32.805916+00:00
4454,0.643,2026-09-24T08:32:32.807230+00:00
4455,0.699,2026-09-24T08:32:32.808764+00:00
4456,0.628,2026-09-24T08:32:32.810384+00:00
4457,0.569,2026-09-24T08:32:32.811543+00:00
4458,0.638,2026-09-24T08:32:32.812739+00:00
4459,0.5900000000000001,2026-09-24T08:32:32.813882+00:00
4460,0.5730000000000001,2026-09-24T08:32:32.815083+00:00
4461,0.5509999999999999,2026-09-24T08:32:32.816287+00:00
4462,0.5640000000000001,2026-09-24T08:32:32.817465+00:00
4463,0.612,2026-09-24T08:32:32.818647+00:00
4464,0.588,2026-09-24T08:32:32.819841+00:00
4465,0.626,2026-09-24T08:32:32.821073+00:00
4466,0.598,2026-09-24T08:32:32.822265+00:00
4467,0.5509999999999999,2026-09-24T08:32:32.823378+00:00
4468,0.5419999999999999,2026-09-24T08:32:32.824480+00:00
4469,0.539,2026-09-24T08:32:32.825627+00:00
4470,0.575,2026-09-24T08:32:32.826741+00:00
4471,0.565,2026-09-24T08:32:32.827962+00:00
4472,0.615,2026-09-24T08:32:32.829128+00:00
4473,0.85,2026-09-24T08:32:32.830536+00:00
4474,0.5770000000000001,2026-09-24T08:32:32.831677+00:00
4475,0.559,2026-09-24T08:32:32.832800+00:00
4476,0.5900000000000001,2026-09-24T08:32:32.833995+00:00
4477,0.553,2026-09-24T08:32:32.835124+00:00
4478,0.662,2026-09-24T08:32:32.836348+00:00
4479,0.606,2026-09-24T08:32:32.837522+00:00
4480,0.588,2026-09-24T08:32:32.838661+00:00
4481,0.637,2026-09-24T08:32:32.839846+00:00
4482,0.619,2026-09-24T08:32:32.841007+00:00
4483,0.731,2026-09-24T08:32:32.842494+00:00
4484,0.662,2026-09-24T08:32:32.843806+00:00
4485,0.5289999999999999,2026-09-24T08:32:32.845109+00:00
4486,0.532,2026-09-24T08:32:32.846304+00:00
4487,0.554,2026-09-24T08:32:32.847569+00:00
4488,0.588,2026-09-24T08:32:32.848769+00:00
4489,0.61,2026-09-24T08:32:32.849964+00:00
4490,0.5630000000000001,2026-09-24T08:32:32.851047+00:00
4491,0.5810000000000001,2026-09-24T08:32:32.852136+00:00
4492,0.553,2026-09-24T08:32:32.853178+00:00
4493,0.532,2026-09-24T08:32:32.854215+00:00
4494,0.521,2026-09-24T08:32:32.855230+00:00
4495,0.617,2026-09-24T08:32:32.856389+00:00
4496,0.597,2026-09-24T08:32:32.857522+00:00
4497,0.601,2026-09-24T08:32:32.858629+00:00
4498,0.646,2026-09-24T08:32:32.859753+00:00
4499,0.848,2026-09-24T08:32:32.861079+00:00
4500,0.6809999999999999,2026-09-24T08:32:32.861993+00:00
4501,0.562,2026-09-24T08:32:32.863082+00:00
4502,0.555,2026-09-24T08:32:32.864101+00:00
4503,0.553,2026-09-24T08:32:32.865116+00:00
4504,0.5680000000000001,2026-09-24T08:32:32.866162+00:00
4505,0.609,2026-09-24T08:32:32.867227+00:00
4506,0.5860000000000001,2026-09-24T08:32:32.868284+00:00
4507,0.531,2026-09-24T08:32:32.869281+00:00
4508,0.6,2026-09-24T08:32:32.870374+00:00
4509,0.7380000000000001,2026-09-24T08:32:32.871802+00:00
4510,0.6489999999999999,2026-09-24T08:32:32.873009+00:00
4511,0.723,2026-09-24T08:32:32.874452+00:00
4512,0.739,2026-09-24T08:32:32.875704+00:00
4513,0.646,2026-09-24T08:32:32.876776+00:00
4514,0.761,2026-09-24T08:32:32.878038+00:00
4515,0.597,2026-09-24T08:32:32.879118+00:00
4516,0.7699999999999999,2026-09-24T08:32:32.880607+00:00
4517,0.597,2026-09-24T08:32:32.881719+00:00
4518,0.612,2026-09-24T08:32:32.882836+00:00
4519,0.608,2026-09-24T08:32:32.883947+00:00
4520,1.0230000000000001,2026-09-24T08:32:32.885482+00:00
4521,1.13,2026-09-24T08:32:32.886910+00:00
4522,0.934,2026-09-24T08:32:32.888123+00:00
4523,0.857,2026-09-24T08:32:32.889227+00:00
4524,0.8270000000000001,2026-09-24T08:32:32.890301+00:00
4525,0.825,2026-09-24T08:32:32.891389+00:00
4526,0.868,2026-09-24T08:32:32.892500+00:00
4527,0.578,2026-09-24T08:32:32.893288+00:00
4528,0.5509999999999999,2026-09-24T08:32:32.894280+00:00
4529,0.6040000000000001,2026-09-24T08:32:32.895487+00:00
4530,0.634,2026-09-24T08:32:32.896743+00:00
4531,0.625,2026-09-24T08:32:32.897805+00:00
4532,0.62,2026-09-24T08:32:32.898858+00:00
4533,0.61,2026-09-24T08:32:32.899907+00:00
4534,0.592,2026-09-24T08:32:32.900979+00:00
4535,0.5599999999999999,2026-09-24T08:32:32.901989+00:00
4536,0.653,2026-09-24T08:32:32.903144+00:00
4537,0.575,2026-09-24T08:32:32.904207+00:00
4538,0.68,2026-09-24T08:32:32.905402+00:00
4539,0.627,2026-09-24T08:32:32.906588+00:00
4540,0.671,2026-09-24T08:32:32.907704+00:00
4541,0.5640000000000001,2026-09-24T08:32:32.908686+00:00
4542,0.532,2026-09-24T08:32:32.909699+00:00
4543,0.5289999999999999,2026-09-24T08:32:32.910700+00:00
4544,0.558,2026-09-24T08:32:32.911729+00:00
4545,0.549,2026-09-24T08:32:32.912914+00:00
4546,0.5730000000000001,2026-09-24T08:32:32.913957+00:00
4547,0.5199999999999999,2026-09-24T08:32:32.914976+00:00
4548,0.5379999999999999,2026-09-24T08:32:32.916025+00:00
4549,0.553,2026-09-24T08:32:32.917080+00:00
4550,0.521,2026-09-24T08:32:32.918149+00:00
4551,0.495,2026-09-24T08:32:32.919181+00:00
4552,0.518,2026-09-24T08:32:32.920211+00:00
4553,0.5720000000000001,2026-09-24T08:32:32.921276+00:00
4554,0.5569999999999999,2026-09-24T08:32:32.922338+00:00
4555,0.504,2026-09-24T08:32:32.923356+00:00
4556,0.507,2026-09-24T08:32:32.924408+00:00
4557,0.503,2026-09-24T08:32:32.925450+00:00
4558,0.514,2026-09-24T08:32:32.926468+00:00
4559,0.5720000000000001,2026-09-24T08:32:32.927559+00:00
4560,0.8,2026-09-24T08:32:32.929005+00:00
4561,0.579,2026-09-24T08:32:32.930033+00:00
4562,0.623,2026-09-24T08:32:32.931127+00:00
4563,0.541,2026-09-24T08:32:32.932161+00:00
4564,0.625,2026-09-24T08:32:32.933317+00:00
4565,0.637,2026-09-24T08:32:32.934405+00:00
4566,0.7110000000000001,2026-09-24T08:32:32.935585+00:00
4567,0.7150000000000001,2026-09-24T08:32:32.936665+00:00
4568,0.652,2026-09-24T08:32:32.937792+00:00
4569,0.61,2026-09-24T08:32:32.938839+00:00
4570,0.5770000000000001,2026-09-24T08:32:32.939849+00:00
4571,0.5820000000000001,2026-09-24T08:32:32.940928+00:00
4572,0.66,2026-09-24T08:32:32.942038+00:00
4573,0.598,2026-09-24T08:32:32.943093+00:00
4574,0.558,2026-09-24T08:32:32.944131+00:00
4575,1.556,2026-09-24T08:32:32.946650+00:00
4576,1.1150000000000002,2026-09-24T08:32:32.948593+00:00
4577,0.937,2026-09-24T08:32:32.950152+00:00
4578,0.7829999999999999,2026-09-24T08:32:32.951514+00:00
4579,0.628,2026-09-24T08:32:32.952599+00:00
4580,0.628,2026-09-24T08:32:32.953747+00:00
4581,0.653,2026-09-24T08:32:32.954880+00:00
4582,0.825,2026-09-24T08:32:32.956381+00:00
4583,0.6849999999999999,2026-09-24T08:32:32.957623+00:00
4584,0.621,2026-09-24T08:32:32.958684+00:00
4585,0.6539999999999999,2026-09-24T08:32:32.959754+00:00
4586,0.583,2026-09-24T08:32:32.960793+00:00
4587,0.7010000000000001,2026-09-24T08:32:32.962056+00:00
4588,0.5730000000000001,2026-09-24T08:32:32.963095+00:00
4589,0.587,2026-09-24T08:32:32.964309+00:00
4590,0.603,2026-09-24T08:32:32.965390+00:00
4591,0.562,2026-09-24T08:32:32.966391+00:00
4592,0.628,2026-09-24T08:32:32.967506+00:00
4593,0.7699999999999999,2026-09-24T08:32:32.968722+00:00
4594,0.8069999999999999,2026-09-24T08:32:32.969967+00:00
4595,1.052,2026-09-24T08:32:32.971406+00:00
4596,0.864,2026-09-24T08:32:32.972574+00:00
4597,0.721,2026-09-24T08:32:32.973604+00:00
4598,0.726,2026-09-24T08:32:32.974732+00:00
4599,0.683,2026-09-24T08:32:32.975766+00:00
4600,0.832,2026-09-24T08:32:32.977030+00:00
4601,0.9219999999999999,2026-09-24T08:32:32.978518+00:00
4602,0.8809999999999999,2026-09-24T08:32:32.979837+00:00
4603,0.837,2026-09-24T08:32:32.981087+00:00
4604,0.911,2026-09-24T08:32:32.982619+00:00
4605,0.798,2026-09-24T08:32:32.983917+00:00
4606,0.808,2026-09-24T08:32:32.985192+00:00
4607,0.8220000000000001,2026-09-24T08:32:32.986589+00:00
4608,0.891,2026-09-24T08:32:32.987991+00:00
4609,0.8,2026-09-24T08:32:32.989269+00:00
4610,0.809,2026-09-24T08:32:32.990554+00:00
4611,0.877,2026-09-24T08:32:32.991841+00:00
4612,0.838,2026-09-24T08:32:32.993117+00:00
4613,0.763,2026-09-24T08:32:32.994352+00:00
4614,0.821,2026-09-24T08:32:32.995651+00:00
4615,0.748,2026-09-24T08:32:32.996850+00:00
4616,0.803,2026-09-24T08:32:32.998085+00:00
4617,0.762,2026-09-24T08:32:32.999276+00:00
4618,0.8180000000000001,2026-09-24T08:32:33.000591+00:00
4619,0.821,2026-09-24T08:32:33.001998+00:00
4620,0.79,2026-09-24T08:32:33.003273+00:00
4621,0.867,2026-09-24T08:32:33.004653+00:00
4622,0.71,2026-09-24T08:32:33.005638+00:00
4623,0.5640000000000001,2026-09-24T08:32:33.006651+00:00
4624,0.558,2026-09-24T08:32:33.007716+00:00
4625,0.5810000000000001,2026-09-24T08:32:33.008769+00:00
4626,0.5730000000000001,2026-09-24T08:32:33.009827+00:00
4627,0.5569999999999999,2026-09-24T08:32:33.010889+00:00
4628,0.641,2026-09-24T08:32:33.012039+00:00
4629,0.5640000000000001,2026-09-24T08:32:33.013144+00:00
4630,0.544,2026-09-24T08:32:33.014222+00:00
4631,0.549,2026-09-24T08:32:33.015320+00:00
4632,0.562,2026-09-24T08:32:33.016368+00:00
4633,0.5109999999999999,2026-09-24T08:32:33.017382+00:00
4634,0.651,2026-09-24T08:32:33.018671+00:00
4635,0.5339999999999999,2026-09-24T08:32:33.019638+00:00
4636,0.5339999999999999,2026-09-24T08:32:33.020700+00:00
4637,0.51,2026-09-24T08:32:33.021701+00:00
4638,0.5289999999999999,2026-09-24T08:32:33.022764+00:00
4639,0.528,2026-09-24T08:32:33.023776+00:00
4640,0.5419999999999999,2026-09-24T08:32:33.024814+00:00
4641,0.579,2026-09-24T08:32:33.025897+00:00
4642,0.554,2026-09-24T08:32:33.026962+00:00
4643,0.5199999999999999,2026-09-24T08:32:33.027991+00:00
4644,0.526,2026-09-24T08:32:33.029026+00:00
4645,0.515,2026-09-24T08:32:33.030118+00:00
4646,0.525,2026-09-24T08:32:33.031163+00:00
4647,0.539,2026-09-24T08:32:33.032221+00:00
4648,0.516,2026-09-24T08:32:33.033252+00:00
4649,0.5289999999999999,2026-09-24T08:32:33.034358+00:00
4650,0.519,2026-09-24T08:32:33.035406+00:00
4651,0.571,2026-09-24T08:32:33.036497+00:00
4652,0.544,2026-09-24T08:32:33.037534+00:00
4653,0.5,2026-09-24T08:32:33.038550+00:00
4654,0.5379999999999999,2026-09-24T08:32:33.039596+00:00
4655,0.528,2026-09-24T08:32:33.040694+00:00
4656,0.61,2026-09-24T08:32:33.041799+00:00
4657,0.549,2026-09-24T08:32:33.042823+00:00
4658,0.662,2026-09-24T08:32:33.044051+00:00
4659,0.569,2026-09-24T08:32:33.045158+00:00
4660,0.541,2026-09-24T08:32:33.046202+00:00
4661,0.525,2026-09-24T08:32:33.047236+00:00
4662,0.49299999999999994,2026-09-24T08:32:33.048279+00:00
4663,0.5860000000000001,2026-09-24T08:32:33.049453+00:00
4664,0.546,2026-09-24T08:32:33.050517+00:00
4665,0.585,2026-09-24T08:32:33.051616+00:00
4666,0.5569999999999999,2026-09-24T08:32:33.052691+00:00
4667,0.514,2026-09-24T08:32:33.053695+00:00
4668,0.49700000000000005,2026-09-24T08:32:33.054688+00:00
4669,0.503,2026-09-24T08:32:33.055724+00:00
4670,0.53,2026-09-24T08:32:33.056777+00:00
4671,0.519,2026-09-24T08:32:33.057778+00:00
4672,0.54,2026-09-24T08:32:33.058806+00:00
4673,0.5630000000000001,2026-09-24T08:32:33.059867+00:00
4674,0.536,2026-09-24T08:32:33.060922+00:00
4675,0.5,2026-09-24T08:32:33.061950+00:00
4676,0.535,2026-09-24T08:32:33.063022+00:00
4677,0.499,2026-09-24T08:32:33.064054+00:00
4678,0.48899999999999993,2026-09-24T08:32:33.065129+00:00
4679,0.615,2026-09-24T08:32:33.066266+00:00
4680,0.554,2026-09-24T08:32:33.067320+00:00
4681,0.504,2026-09-24T08:32:33.068316+00:00
4682,0.5429999999999999,2026-09-24T08:32:33.069376+00:00
4683,0.482,2026-09-24T08:32:33.070405+00:00
4684,0.584,2026-09-24T08:32:33.071578+00:00
4685,0.597,2026-09-24T08:32:33.072698+00:00
4686,0.6539999999999999,2026-09-24T08:32:33.073866+00:00
4687,0.54,2026-09-24T08:32:33.074885+00:00
4688,0.546,2026-09-24T08:32:33.076020+00:00
4689,0.559,2026-09-24T08:32:33.077159+00:00
4690,0.532,2026-09-24T08:32:33.078226+00:00
4691,0.5760000000000001,2026-09-24T08:32:33.079341+00:00
4692,0.8310000000000001,2026-09-24T08:32:33.080723+00:00
4693,0.959,2026-09-24T08:32:33.082130+00:00
4694,0.884,2026-09-24T08:32:33.083319+00:00
4695,0.7919999999999999,2026-09-24T08:32:33.084535+00:00
4696,0.756,2026-09-24T08:32:33.085665+00:00
4697,0.6859999999999999,2026-09-24T08:32:33.086753+00:00
4698,0.761,2026-09-24T08:32:33.087942+00:00
4699,0.665,2026-09-24T08:32:33.089055+00:00
4700,0.76,2026-09-24T08:32:33.090297+00:00
4701,0.634,2026-09-24T08:32:33.091423+00:00
4702,0.63,2026-09-24T08:32:33.092621+00:00
4703,0.635,2026-09-24T08:32:33.093716+00:00
4704,0.634,2026-09-24T08:32:33.094762+00:00
4705,0.6489999999999999,2026-09-24T08:32:33.095870+00:00
4706,0.7020000000000001,2026-09-24T08:32:33.097020+00:00
4707,0.594,2026-09-24T08:32:33.098080+00:00
4708,0.624,2026-09-24T08:32:33.099386+00:00
4709,0.5820000000000001,2026-09-24T08:32:33.100428+00:00
4710,0.593,2026-09-24T08:32:33.101538+00:00
4711,0.608,2026-09-24T08:32:33.102704+00:00
4712,0.719,2026-09-24T08:32:33.103926+00:00
4713,0.635,2026-09-24T08:32:33.105000+00:00
4714,0.6890000000000001,2026-09-24T08:32:33.106173+00:00
4715,0.574,2026-09-24T08:32:33.107193+00:00
4716,0.5810000000000001,2026-09-24T08:32:33.108288+00:00
4717,0.615,2026-09-24T08:32:33.109359+00:00
4718,0.565,2026-09-24T08:32:33.110403+00:00
4719,0.6489999999999999,2026-09-24T08:32:33.111559+00:00
4720,0.687,2026-09-24T08:32:33.112873+00:00
4721,1.139,2026-09-24T08:32:33.114519+00:00
4722,1.201,2026-09-24T08:32:33.116331+00:00
4723,0.794,2026-09-24T08:32:33.117691+00:00
4724,0.753,2026-09-24T08:32:33.118884+00:00
4725,0.749,2026-09-24T08:32:33.120098+00:00
4726,0.6890000000000001,2026-09-24T08:32:33.121239+00:00
4727,1.3719999999999999,2026-09-24T08:32:33.123088+00:00
4728,0.669,2026-09-24T08:32:33.124274+00:00
4729,0.627,2026-09-24T08:32:33.125374+00:00
4730,0.6980000000000001,2026-09-24T08:32:33.126520+00:00
4731,0.982,2026-09-24T08:32:33.127894+00:00
4732,1.189,2026-09-24T08:32:33.129772+00:00
4733,0.9269999999999999,2026-09-24T08:32:33.131356+00:00
4734,0.7200000000000001,2026-09-24T08:32:33.132592+00:00
4735,0.6930000000000001,2026-09-24T08:32:33.133768+00:00
4736,0.8400000000000001,2026-09-24T08:32:33.135229+00:00
4737,1.173,2026-09-24T08:32:33.137678+00:00
4738,1.258,2026-09-24T08:32:33.139690+00:00
4739,0.8720000000000001,2026-09-24T08:32:33.140955+00:00
4740,0.731,2026-09-24T08:32:33.142098+00:00
4741,1.335,2026-09-24T08:32:33.144099+00:00
4742,1.408,2026-09-24T08:32:33.146456+00:00
4743,0.906,2026-09-24T08:32:33.147747+00:00
4744,0.838,2026-09-24T08:32:33.149105+00:00
4745,0.871,2026-09-24T08:32:33.150616+00:00
4746,0.88,2026-09-24T08:32:33.152110+00:00
4747,0.6920000000000001,2026-09-24T08:32:33.153274+00:00
4748,0.93,2026-09-24T08:32:33.154761+00:00
4749,0.93,2026-09-24T08:32:33.156331+00:00
4750,1.14,2026-09-24T08:32:33.158174+00:00
4751,0.891,2026-09-24T08:32:33.159767+00:00
4752,1.479,2026-09-24T08:32:33.162019+00:00
4753,1.1869999999999998,2026-09-24T08:32:33.164499+00:00
4754,0.879,2026-09-24T08:32:33.166133+00:00
4755,1.124,2026-09-24T08:32:33.167929+00:00
4756,1.49,2026-09-24T08:32:33.170001+00:00
4757,0.7010000000000001,2026-09-24T08:32:33.171207+00:00
4758,0.716,2026-09-24T08:32:33.172584+00:00
4759,0.7699999999999999,2026-09-24T08:32:33.173910+00:00
4760,0.721,2026-09-24T08:32:33.175151+00:00
4761,0.578,2026-09-24T08:32:33.176209+00:00
4762,0.588,2026-09-24T08:32:33.177293+00:00
4763,0.617,2026-09-24T08:32:33.178562+00:00
4764,0.635,2026-09-24T08:32:33.179711+00:00
4765,0.5810000000000001,2026-09-24T08:32:33.180792+00:00
4766,0.6679999999999999,2026-09-24T08:32:33.181956+00:00
4767,0.757,2026-09-24T08:32:33.183437+00:00
4768,0.776,2026-09-24T08:32:33.185176+00:00
4769,0.657,2026-09-24T08:32:33.186402+00:00
4770,0.893,2026-09-24T08:32:33.187960+00:00
4771,0.768,2026-09-24T08:32:33.189265+00:00
4772,1.745,2026-09-24T08:32:33.191897+00:00
4773,1.32,2026-09-24T08:32:33.193459+00:00
4774,0.885,2026-09-24T08:32:33.194889+00:00
4775,1.091,2026-09-24T08:32:33.196403+00:00
4776,0.893,2026-09-24T08:32:33.197737+00:00
4777,0.776,2026-09-24T08:32:33.199055+00:00
4778,0.733,2026-09-24T08:32:33.200427+00:00
4779,0.615,2026-09-24T08:32:33.201554+00:00
4780,0.598,2026-09-24T08:32:33.202721+00:00
4781,0.687,2026-09-24T08:32:33.203984+00:00
4782,0.6849999999999999,2026-09-24T08:32:33.205387+00:00
4783,0.609,2026-09-24T08:32:33.206538+00:00
4784,0.709,2026-09-24T08:32:33.208070+00:00
4785,0.58,2026-09-24T08:32:33.209295+00:00
4786,0.6890000000000001,2026-09-24T08:32:33.210502+00:00
4787,0.67,2026-09-24T08:32:33.211729+00:00
4788,0.6040000000000001,2026-09-24T08:32:33.212826+00:00
4789,0.8069999999999999,2026-09-24T08:32:33.214386+00:00
4790,0.6980000000000001,2026-09-24T08:32:33.215814+00:00
4791,0.6629999999999999,2026-09-24T08:32:33.217050+00:00
4792,0.794,2026-09-24T08:32:33.219354+00:00
4793,0.939,2026-09-24T08:32:33.220878+00:00
4794,0.975,2026-09-24T08:32:33.222283+00:00
4795,1.0219999999999998,2026-09-24T08:32:33.223826+00:00
4796,1.0070000000000001,2026-09-24T08:32:33.225520+00:00
4797,0.9650000000000001,2026-09-24T08:32:33.227439+00:00
4798,0.869,2026-09-24T08:32:33.229310+00:00
4799,0.812,2026-09-24T08:32:33.230917+00:00
4800,0.6980000000000001,2026-09-24T08:32:33.232288+00:00
4801,0.641,2026-09-24T08:32:33.233494+00:00
4802,0.6679999999999999,2026-09-24T08:32:33.234729+00:00
4803,0.589,2026-09-24T08:32:33.235877+00:00
4804,0.66,2026-09-24T08:32:33.237104+00:00
4805,0.584,2026-09-24T08:32:33.238240+00:00
4806,0.661,2026-09-24T08:32:33.239519+00:00
4807,0.644,2026-09-24T08:32:33.240740+00:00
4808,0.6130000000000001,2026-09-24T08:32:33.241933+00:00
4809,0.575,2026-09-24T08:32:33.243046+00:00
4810,0.558,2026-09-24T08:32:33.244201+00:00
4811,0.625,2026-09-24T08:32:33.245479+00:00
4812,0.8630000000000001,2026-09-24T08:32:33.246879+00:00
4813,0.816,2026-09-24T08:32:33.248031+00:00
4814,0.6489999999999999,2026-09-24T08:32:33.249131+00:00
4815,0.5820000000000001,2026-09-24T08:32:33.250159+00:00
4816,0.696,2026-09-24T08:32:33.251380+00:00
4817,0.653,2026-09-24T08:32:33.252513+00:00
4818,0.636,2026-09-24T08:32:33.253583+00:00
4819,0.873,2026-09-24T08:32:33.254927+00:00
4820,1.125,2026-09-24T08:32:33.256748+00:00
4821,0.9460000000000001,2026-09-24T08:32:33.258021+00:00
4822,0.7,2026-09-24T08:32:33.259009+00:00
4823,0.5680000000000001,2026-09-24T08:32:33.260010+00:00
4824,0.777,2026-09-24T08:32:33.261424+00:00
4825,0.632,2026-09-24T08:32:33.262513+00:00
4826,0.746,2026-09-24T08:32:33.263851+00:00
4827,0.608,2026-09-24T08:32:33.264882+00:00
4828,0.5730000000000001,2026-09-24T08:32:33.265913+00:00
4829,0.566,2026-09-24T08:32:33.267003+00:00
4830,0.5950000000000001,2026-09-24T08:32:33.268087+00:00
4831,0.588,2026-09-24T08:32:33.269192+00:00
4832,0.601,2026-09-24T08:32:33.270236+00:00
4833,0.608,2026-09-24T08:32:33.271323+00:00
4834,0.6679999999999999,2026-09-24T08:32:33.272480+00:00
4835,0.5820000000000001,2026-09-24T08:32:33.273492+00:00
4836,0.5670000000000001,2026-09-24T08:32:33.274522+00:00
4837,0.5199999999999999,2026-09-24T08:32:33.275488+00:00
4838,0.554,2026-09-24T08:32:33.276582+00:00
4839,0.5860000000000001,2026-09-24T08:32:33.277649+00:00
4840,0.82,2026-09-24T08:32:33.279184+00:00
4841,0.624,2026-09-24T08:32:33.280305+00:00
4842,0.632,2026-09-24T08:32:33.281443+00:00
4843,0.559,2026-09-24T08:32:33.282449+00:00
4844,0.643,2026-09-24T08:32:33.283572+00:00
4845,0.611,2026-09-24T08:32:33.284641+00:00
4846,0.585,2026-09-24T08:32:33.285720+00:00
4847,0.8630000000000001,2026-09-24T08:32:33.287116+00:00
4848,1.053,2026-09-24T08:32:33.288785+00:00
4849,1.3359999999999999,2026-09-24T08:32:33.290609+00:00
4850,0.838,2026-09-24T08:32:33.291695+00:00
4851,0.6579999999999999,2026-09-24T08:32:33.292782+00:00
4852,0.712,2026-09-24T08:32:33.293960+00:00
4853,0.7929999999999999,2026-09-24T08:32:33.295232+00:00
4854,0.657,2026-09-24T08:32:33.296384+00:00
4855,0.891,2026-09-24T08:32:33.297762+00:00
4856,0.741,2026-09-24T08:32:33.298961+00:00
4857,0.603,2026-09-24T08:32:33.299936+00:00
4858,0.5609999999999999,2026-09-24T08:32:33.301008+00:00
4859,0.575,2026-09-24T08:32:33.302080+00:00
4860,0.6040000000000001,2026-09-24T08:32:33.303267+00:00
4861,0.524,2026-09-24T08:32:33.304320+00:00
4862,0.554,2026-09-24T08:32:33.305428+00:00
4863,0.519,2026-09-24T08:32:33.306499+00:00
4864,0.54,2026-09-24T08:32:33.307579+00:00
4865,0.5680000000000001,2026-09-24T08:32:33.308656+00:00
4866,0.5640000000000001,2026-09-24T08:32:33.309700+00:00
4867,0.522,2026-09-24T08:32:33.310715+00:00
4868,0.566,2026-09-24T08:32:33.311806+00:00
4869,0.495,2026-09-24T08:32:33.312831+00:00
4870,0.673,2026-09-24T08:32:33.314345+00:00
4871,0.5760000000000001,2026-09-24T08:32:33.315478+00:00
4872,0.647,2026-09-24T08:32:33.316623+00:00
4873,0.579,2026-09-24T08:32:33.317749+00:00
4874,0.873,2026-09-24T08:32:33.319176+00:00
4875,0.94,2026-09-24T08:32:33.320731+00:00
4876,0.699,2026-09-24T08:32:33.322105+00:00
4877,0.5720000000000001,2026-09-24T08:32:33.323293+00:00
4878,0.5910000000000001,2026-09-24T08:32:33.324432+00:00
4879,0.531,2026-09-24T08:32:33.325483+00:00
4880,0.7110000000000001,2026-09-24T08:32:33.326738+00:00
4881,0.6970000000000001,2026-09-24T08:32:33.328130+00:00
4882,0.63,2026-09-24T08:32:33.329325+00:00
4883,0.587,2026-09-24T08:32:33.330450+00:00
4884,0.6769999999999999,2026-09-24T08:32:33.331735+00:00
4885,0.637,2026-09-24T08:32:33.333081+00:00
4886,0.614,2026-09-24T08:32:33.334245+00:00
4887,0.594,2026-09-24T08:32:33.335380+00:00
4888,0.88,2026-09-24T08:32:33.336814+00:00
4889,0.752,2026-09-24T08:32:33.338223+00:00
4890,0.733,2026-09-24T08:32:33.339549+00:00
4891,0.719,2026-09-24T08:32:33.340795+00:00
4892,0.784,2026-09-24T08:32:33.342105+00:00
4893,0.82,2026-09-24T08:32:33.343459+00:00
4894,0.759,2026-09-24T08:32:33.344787+00:00
4895,0.619,2026-09-24T08:32:33.345891+00:00
4896,0.696,2026-09-24T08:32:33.347099+00:00
4897,0.639,2026-09-24T08:32:33.348323+00:00
4898,0.5770000000000001,2026-09-24T08:32:33.349455+00:00
4899,0.8009999999999999,2026-09-24T08:32:33.350791+00:00
4900,0.855,2026-09-24T08:32:33.352106+00:00
4901,1.088,2026-09-24T08:32:33.353769+00:00
4902,0.821,2026-09-24T08:32:33.355253+00:00
4903,0.629,2026-09-24T08:32:33.356360+00:00
4904,0.609,2026-09-24T08:32:33.357460+00:00
4905,0.525,2026-09-24T08:32:33.358449+00:00
4906,0.722,2026-09-24T08:32:33.359750+00:00
4907,0.58,2026-09-24T08:32:33.360800+00:00
4908,0.569,2026-09-24T08:32:33.361853+00:00
4909,0.5900000000000001,2026-09-24T08:32:33.362889+00:00
4910,0.669,2026-09-24T08:32:33.364090+00:00
4911,0.589,2026-09-24T08:32:33.365147+00:00
4912,0.5720000000000001,2026-09-24T08:32:33.366225+00:00
4913,0.8310000000000001,2026-09-24T08:32:33.367621+00:00
4914,1.141,2026-09-24T08:32:33.369390+00:00
4915,1.077,2026-09-24T08:32:33.371279+00:00
4916,0.741,2026-09-24T08:32:33.372365+00:00
4917,0.648,2026-09-24T08:32:33.373445+00:00
4918,0.647,2026-09-24T08:32:33.374604+00:00
4919,0.664,2026-09-24T08:32:33.375763+00:00
4920,0.67,2026-09-24T08:32:33.376861+00:00
4921,0.703,2026-09-24T08:32:33.378016+00:00
4922,0.62,2026-09-24T08:32:33.379120+00:00
4923,0.5479999999999999,2026-09-24T08:32:33.380207+00:00
4924,0.64,2026-09-24T08:32:33.381378+00:00
4925,0.74,2026-09-24T08:32:33.382619+00:00
4926,0.6759999999999999,2026-09-24T08:32:33.383621+00:00
4927,0.753,2026-09-24T08:32:33.384795+00:00
4928,0.8059999999999999,2026-09-24T08:32:33.385907+00:00
4929,0.912,2026-09-24T08:32:33.387382+00:00
4930,1.1199999999999999,2026-09-24T08:32:33.389293+00:00
4931,0.596,2026-09-24T08:32:33.390377+00:00
4932,0.705,2026-09-24T08:32:33.391707+00:00
4933,0.627,2026-09-24T08:32:33.392840+00:00
4934,0.8059999999999999,2026-09-24T08:32:33.394207+00:00
4935,0.62,2026-09-24T08:32:33.395287+00:00
4936,0.5720000000000001,2026-09-24T08:32:33.396396+00:00
4937,0.8450000000000001,2026-09-24T08:32:33.397741+00:00
4938,0.62,2026-09-24T08:32:33.398879+00:00
4939,0.732,2026-09-24T08:32:33.400127+00:00
4940,0.707,2026-09-24T08:32:33.401401+00:00
4941,0.739,2026-09-24T08:32:33.402582+00:00
4942,0.858,2026-09-24T08:32:33.404096+00:00
4943,0.5900000000000001,2026-09-24T08:32:33.405298+00:00
4944,0.6130000000000001,2026-09-24T08:32:33.406513+00:00
4945,0.69,2026-09-24T08:32:33.407935+00:00
4946,0.585,2026-09-24T08:32:33.409060+00:00
4947,0.521,2026-09-24T08:32:33.410134+00:00
4948,0.5519999999999999,2026-09-24T08:32:33.411233+00:00
4949,0.523,2026-09-24T08:32:33.412291+00:00
4950,0.49,2026-09-24T08:32:33.413308+00:00
4951,0.657,2026-09-24T08:32:33.414504+00:00
4952,0.6040000000000001,2026-09-24T08:32:33.415603+00:00
4953,0.524,2026-09-24T08:32:33.416628+00:00
4954,0.615,2026-09-24T08:32:33.417735+00:00
4955,0.574,2026-09-24T08:32:33.418798+00:00
4956,0.911,2026-09-24T08:32:33.420371+00:00
4957,0.71,2026-09-24T08:32:33.421638+00:00
4958,0.541,2026-09-24T08:32:33.422747+00:00
4959,0.9259999999999999,2026-09-24T08:32:33.424326+00:00
4960,0.679,2026-09-24T08:32:33.425350+00:00
4961,0.5609999999999999,2026-09-24T08:32:33.426373+00:00
4962,0.55,2026-09-24T08:32:33.427426+00:00
4963,0.5559999999999999,2026-09-24T08:32:33.428455+00:00
4964,0.536,2026-09-24T08:32:33.429502+00:00
4965,1.0399999999999998,2026-09-24T08:32:33.431066+00:00
4966,0.848,2026-09-24T08:32:33.431992+00:00
4967,0.636,2026-09-24T08:32:33.433078+00:00
4968,0.611,2026-09-24T08:32:33.434140+00:00
4969,0.619,2026-09-24T08:32:33.435172+00:00
4970,0.887,2026-09-24T08:32:33.436555+00:00
4971,0.898,2026-09-24T08:32:33.437903+00:00
4972,1.045,2026-09-24T08:32:33.439440+00:00
4973,0.566,2026-09-24T08:32:33.440391+00:00
4974,0.599,2026-09-24T08:32:33.441611+00:00
4975,0.535,2026-09-24T08:32:33.442651+00:00
4976,0.575,2026-09-24T08:32:33.443717+00:00
4977,0.674,2026-09-24T08:32:33.444891+00:00
4978,0.901,2026-09-24T08:32:33.446386+00:00
4979,0.804,2026-09-24T08:32:33.448032+00:00
4980,0.768,2026-09-24T08:32:33.449560+00:00
4981,0.615,2026-09-24T08:32:33.450779+00:00
4982,0.605,2026-09-24T08:32:33.451893+00:00
4983,1.702,2026-09-24T08:32:33.454477+00:00
4984,1.204,2026-09-24T08:32:33.456486+00:00
4985,0.725,2026-09-24T08:32:33.458022+00:00
4986,0.592,2026-09-24T08:32:33.459256+00:00
4987,0.507,2026-09-24T08:32:33.460319+00:00
4988,0.9079999999999999,2026-09-24T08:32:33.462000+00:00
4989,0.7969999999999999,2026-09-24T08:32:33.463707+00:00
4990,0.662,2026-09-24T08:32:33.465041+00:00
4991,0.6669999999999999,2026-09-24T08:32:33.466308+00:00
4992,0.74,2026-09-24T08:32:33.467604+00:00
4993,0.903,2026-09-24T08:32:33.469333+00:00
4994,1.111,2026-09-24T08:32:33.470934+00:00
4995,1.196,2026-09-24T08:32:33.472932+00:00
4996,0.789,2026-09-24T08:32:33.474053+00:00
4997,0.635,2026-09-24T08:32:33.475178+00:00
4998,0.603,2026-09-24T08:32:33.476306+00:00
4999,0.719,2026-09-24T08:32:33.477571+00:00
5000,0.7150000000000001,2026-09-24T08:32:33.478681+00:00
5001,0.68,2026-09-24T08:32:33.479847+00:00
5002,0.8019999999999999,2026-09-24T08:32:33.481149+00:00
5003,0.62,2026-09-24T08:32:33.482342+00:00
5004,0.565,2026-09-24T08:32:33.483539+00:00
5005,0.643,2026-09-24T08:32:33.484732+00:00
5006,0.5760000000000001,2026-09-24T08:32:33.485867+00:00
5007,1.036,2026-09-24T08:32:33.487897+00:00
5008,0.8059999999999999,2026-09-24T08:32:33.489368+00:00
5009,0.7,2026-09-24T08:32:33.490666+00:00
5010,0.634,2026-09-24T08:32:33.491854+00:00
5011,0.588,2026-09-24T08:32:33.492974+00:00
5012,0.679,2026-09-24T08:32:33.494339+00:00
5013,0.691,2026-09-24T08:32:33.495609+00:00
5014,0.605,2026-09-24T08:32:33.496735+00:00
5015,0.734,2026-09-24T08:32:33.497994+00:00
5016,0.6130000000000001,2026-09-24T08:32:33.499153+00:00
5017,0.6,2026-09-24T08:32:33.500288+00:00
5018,0.746,2026-09-24T08:32:33.501667+00:00
5019,0.803,2026-09-24T08:32:33.502950+00:00
5020,0.62,2026-09-24T08:32:33.504121+00:00
5021,0.5950000000000001,2026-09-24T08:32:33.505240+00:00
5022,0.641,2026-09-24T08:32:33.506400+00:00
5023,0.626,2026-09-24T08:32:33.507544+00:00
5024,0.6489999999999999,2026-09-24T08:32:33.508706+00:00
5025,0.63,2026-09-24T08:32:33.509892+00:00
5026,0.624,2026-09-24T08:32:33.511047+00:00
5027,0.8630000000000001,2026-09-24T08:32:33.512579+00:00
5028,0.617,2026-09-24T08:32:33.513601+00:00
5029,0.694,2026-09-24T08:32:33.514906+00:00
5030,0.588,2026-09-24T08:32:33.515961+00:00
5031,0.5379999999999999,2026-09-24T08:32:33.517022+00:00
5032,0.7969999999999999,2026-09-24T08:32:33.518356+00:00
5033,0.79,2026-09-24T08:32:33.519552+00:00
5034,0.7020000000000001,2026-09-24T08:32:33.520644+00:00
5035,0.593,2026-09-24T08:32:33.521831+00:00
5036,0.641,2026-09-24T08:32:33.522995+00:00
5037,0.602,2026-09-24T08:32:33.524060+00:00
5038,0.49700000000000005,2026-09-24T08:32:33.525059+00:00
5039,0.484,2026-09-24T08:32:33.526116+00:00
5040,1.009,2026-09-24T08:32:33.528044+00:00
5041,0.665,2026-09-24T08:32:33.529335+00:00
5042,0.888,2026-09-24T08:32:33.531165+00:00
5043,0.588,2026-09-24T08:32:33.532303+00:00
5044,0.601,2026-09-24T08:32:33.533496+00:00
5045,0.575,2026-09-24T08:32:33.534634+00:00
5046,0.619,2026-09-24T08:32:33.535873+00:00
5047,0.549,2026-09-24T08:32:33.537031+00:00
5048,0.5509999999999999,2026-09-24T08:32:33.538296+00:00
5049,0.5680000000000001,2026-09-24T08:32:33.539403+00:00
5050,0.5509999999999999,2026-09-24T08:32:33.540534+00:00
5051,0.5429999999999999,2026-09-24T08:32:33.541661+00:00
5052,0.815,2026-09-24T08:32:33.543060+00:00
5053,0.823,2026-09-24T08:32:33.544184+00:00
5054,0.9940000000000001,2026-09-24T08:32:33.545996+00:00
5055,0.785,2026-09-24T08:32:33.547249+00:00
5056,0.966,2026-09-24T08:32:33.548765+00:00
5057,0.866,2026-09-24T08:32:33.550549+00:00
5058,1.006,2026-09-24T08:32:33.552175+00:00
5059,1.03,2026-09-24T08:32:33.554030+00:00
5060,0.887,2026-09-24T08:32:33.555464+00:00
5061,0.875,2026-09-24T08:32:33.556985+00:00
5062,0.684,2026-09-24T08:32:33.558284+00:00
5063,0.8260000000000001,2026-09-24T08:32:33.559801+00:00
5064,0.8099999999999999,2026-09-24T08:32:33.561258+00:00
5065,0.803,2026-09-24T08:32:33.562511+00:00
5066,0.8,2026-09-24T08:32:33.563867+00:00
5067,0.82,2026-09-24T08:32:33.565202+00:00
5068,0.775,2026-09-24T08:32:33.566520+00:00
5069,0.67,2026-09-24T08:32:33.567577+00:00
5070,0.612,2026-09-24T08:32:33.568675+00:00
5071,0.683,2026-09-24T08:32:33.569836+00:00
5072,0.571,2026-09-24T08:32:33.570866+00:00
5073,0.575,2026-09-24T08:32:33.571953+00:00
5074,0.54,2026-09-24T08:32:33.573023+00:00
5075,0.5519999999999999,2026-09-24T08:32:33.574166+00:00
5076,0.5640000000000001,2026-09-24T08:32:33.575322+00:00
5077,0.596,2026-09-24T08:32:33.576692+00:00
5078,0.598,2026-09-24T08:32:33.577813+00:00
5079,0.619,2026-09-24T08:32:33.578887+00:00
5080,0.5339999999999999,2026-09-24T08:32:33.579908+00:00
5081,0.603,2026-09-24T08:32:33.581029+00:00
5082,0.5910000000000001,2026-09-24T08:32:33.582174+00:00
5083,0.593,2026-09-24T08:32:33.583372+00:00
5084,0.6880000000000001,2026-09-24T08:32:33.584660+00:00
5085,0.76,2026-09-24T08:32:33.585930+00:00
5086,1.011,2026-09-24T08:32:33.587745+00:00
5087,0.819,2026-09-24T08:32:33.589321+00:00
5088,0.809,2026-09-24T08:32:33.590851+00:00
5089,0.7010000000000001,2026-09-24T08:32:33.592253+00:00
5090,0.57,2026-09-24T08:32:33.593473+00:00
5091,0.5680000000000001,2026-09-24T08:32:33.594625+00:00
5092,0.546,2026-09-24T08:32:33.595857+00:00
5093,0.5640000000000001,2026-09-24T08:32:33.597014+00:00
5094,0.683,2026-09-24T08:32:33.598303+00:00
5095,0.597,2026-09-24T08:32:33.599380+00:00
5096,0.5569999999999999,2026-09-24T08:32:33.600485+00:00
5097,0.5379999999999999,2026-09-24T08:32:33.601569+00:00
5098,0.515,2026-09-24T08:32:33.602645+00:00
5099,0.546,2026-09-24T08:32:33.603725+00:00
5100,0.5109999999999999,2026-09-24T08:32:33.604795+00:00
5101,0.569,2026-09-24T08:32:33.605916+00:00
5102,0.5109999999999999,2026-09-24T08:32:33.606974+00:00
5103,0.507,2026-09-24T08:32:33.608019+00:00
5104,0.512,2026-09-24T08:32:33.609110+00:00
5105,0.541,2026-09-24T08:32:33.610288+00:00
5106,0.514,2026-09-24T08:32:33.611381+00:00
5107,0.578,2026-09-24T08:32:33.612601+00:00
5108,0.505,2026-09-24T08:32:33.613633+00:00
5109,0.559,2026-09-24T08:32:33.614713+00:00
5110,0.507,2026-09-24T08:32:33.615742+00:00
5111,0.5730000000000001,2026-09-24T08:32:33.616834+00:00
5112,0.5199999999999999,2026-09-24T08:32:33.617857+00:00
5113,0.526,2026-09-24T08:32:33.619125+00:00
5114,0.549,2026-09-24T08:32:33.620335+00:00
5115,0.5810000000000001,2026-09-24T08:32:33.621487+00:00
5116,0.5199999999999999,2026-09-24T08:32:33.622569+00:00
5117,0.588,2026-09-24T08:32:33.623729+00:00
5118,0.5519999999999999,2026-09-24T08:32:33.624824+00:00
5119,0.57,2026-09-24T08:32:33.625929+00:00
5120,0.554,2026-09-24T08:32:33.627016+00:00
5121,0.5289999999999999,2026-09-24T08:32:33.628123+00:00
5122,0.6,2026-09-24T08:32:33.629373+00:00
5123,0.5479999999999999,2026-09-24T08:32:33.630421+00:00
5124,0.5469999999999999,2026-09-24T08:32:33.631766+00:00
5125,0.5469999999999999,2026-09-24T08:32:33.632820+00:00
5126,0.723,2026-09-24T08:32:33.634099+00:00
5127,0.934,2026-09-24T08:32:33.635768+00:00
5128,0.696,2026-09-24T08:32:33.636762+00:00
5129,0.5640000000000001,2026-09-24T08:32:33.637746+00:00
5130,0.5630000000000001,2026-09-24T08:32:33.638795+00:00
5131,0.527,2026-09-24T08:32:33.639811+00:00
5132,0.5109999999999999,2026-09-24T08:32:33.640838+00:00
5133,0.516,2026-09-24T08:32:33.642008+00:00
5134,0.504,2026-09-24T08:32:33.643059+00:00
5135,0.48000000000000004,2026-09-24T08:32:33.644081+00:00
5136,0.5599999999999999,2026-09-24T08:32:33.645199+00:00
5137,0.541,2026-09-24T08:32:33.646405+00:00
5138,0.506,2026-09-24T08:32:33.647437+00:00
5139,0.514,2026-09-24T08:32:33.648641+00:00
5140,0.516,2026-09-24T08:32:33.649727+00:00
5141,0.533,2026-09-24T08:32:33.650767+00:00
5142,0.521,2026-09-24T08:32:33.651816+00:00
5143,0.949,2026-09-24T08:32:33.653277+00:00
5144,0.903,2026-09-24T08:32:33.654337+00:00
5145,0.758,2026-09-24T08:32:33.655351+00:00
5146,0.555,2026-09-24T08:32:33.656321+00:00
5147,0.541,2026-09-24T08:32:33.657345+00:00
5148,0.54,2026-09-24T08:32:33.658404+00:00
5149,0.537,2026-09-24T08:32:33.659470+00:00
5150,0.5559999999999999,2026-09-24T08:32:33.660531+00:00
5151,0.63,2026-09-24T08:32:33.661869+00:00
5152,0.5479999999999999,2026-09-24T08:32:33.663069+00:00
5153,0.562,2026-09-24T08:32:33.664193+00:00
5154,0.512,2026-09-24T08:32:33.665229+00:00
5155,0.505,2026-09-24T08:32:33.666302+00:00
5156,0.536,2026-09-24T08:32:33.667369+00:00
5157,0.54,2026-09-24T08:32:33.668439+00:00
5158,0.526,2026-09-24T08:32:33.669456+00:00
5159,0.528,2026-09-24T08:32:33.670503+00:00
5160,0.525,2026-09-24T08:32:33.671535+00:00
5161,0.49700000000000005,2026-09-24T08:32:33.672527+00:00
5162,0.502,2026-09-24T08:32:33.673576+00:00
5163,0.508,2026-09-24T08:32:33.674697+00:00
5164,0.5559999999999999,2026-09-24T08:32:33.675790+00:00
5165,0.6980000000000001,2026-09-24T08:32:33.677008+00:00
5166,0.5820000000000001,2026-09-24T08:32:33.678386+00:00
5167,0.558,2026-09-24T08:32:33.679493+00:00
5168,0.506,2026-09-24T08:32:33.680456+00:00
5169,0.5199999999999999,2026-09-24T08:32:33.681488+00:00
5170,0.679,2026-09-24T08:32:33.682812+00:00
5171,0.66,2026-09-24T08:32:33.684016+00:00
5172,0.737,2026-09-24T08:32:33.685309+00:00
5173,0.646,2026-09-24T08:32:33.686503+00:00
5174,0.957,2026-09-24T08:32:33.687894+00:00
5175,0.833,2026-09-24T08:32:33.688839+00:00
5176,0.622,2026-09-24T08:32:33.689788+00:00
5177,0.755,2026-09-24T08:32:33.691049+00:00
5178,0.727,2026-09-24T08:32:33.692116+00:00
5179,0.58,2026-09-24T08:32:33.693220+00:00
5180,1.0,2026-09-24T08:32:33.694787+00:00
5181,0.9430000000000001,2026-09-24T08:32:33.697310+00:00
5182,0.786,2026-09-24T08:32:33.698532+00:00
5183,0.615,2026-09-24T08:32:33.699499+00:00
5184,0.5509999999999999,2026-09-24T08:32:33.700581+00:00
5185,0.7240000000000001,2026-09-24T08:32:33.701826+00:00
5186,0.714,2026-09-24T08:32:33.702946+00:00
5187,0.759,2026-09-24T08:32:33.704245+00:00
5188,0.743,2026-09-24T08:32:33.705433+00:00
5189,0.82,2026-09-24T08:32:33.706738+00:00
5190,0.767,2026-09-24T08:32:33.707945+00:00
5191,0.7240000000000001,2026-09-24T08:32:33.709227+00:00
5192,0.71,2026-09-24T08:32:33.710349+00:00
5193,0.9610000000000001,2026-09-24T08:32:33.712210+00:00
5194,0.6629999999999999,2026-09-24T08:32:33.713406+00:00
5195,0.953,2026-09-24T08:32:33.714880+00:00
5196,0.777,2026-09-24T08:32:33.715941+00:00
5197,0.616,2026-09-24T08:32:33.716849+00:00
5198,0.57,2026-09-24T08:32:33.717845+00:00
5199,0.7380000000000001,2026-09-24T08:32:33.718980+00:00
5200,0.902,2026-09-24T08:32:33.720555+00:00
5201,0.9269999999999999,2026-09-24T08:32:33.722256+00:00
5202,0.759,2026-09-24T08:32:33.723612+00:00
5203,0.695,2026-09-24T08:32:33.724829+00:00
5204,0.8490000000000001,2026-09-24T08:32:33.726145+00:00
5205,2.2529999999999997,2026-09-24T08:32:33.729374+00:00
5206,1.1900000000000002,2026-09-24T08:32:33.731433+00:00
5207,1.0070000000000001,2026-09-24T08:32:33.733292+00:00
5208,0.743,2026-09-24T08:32:33.734616+00:00
5209,0.713,2026-09-24T08:32:33.735876+00:00
5210,0.661,2026-09-24T08:32:33.737013+00:00
5211,0.593,2026-09-24T08:32:33.738258+00:00
5212,0.5760000000000001,2026-09-24T08:32:33.739301+00:00
5213,0.58,2026-09-24T08:32:33.740401+00:00
5214,0.69,2026-09-24T08:32:33.741572+00:00
5215,0.6130000000000001,2026-09-24T08:32:33.742593+00:00
5216,0.787,2026-09-24T08:32:33.743939+00:00
5217,0.673,2026-09-24T08:32:33.745241+00:00
5218,0.626,2026-09-24T08:32:33.746406+00:00
5219,0.648,2026-09-24T08:32:33.747633+00:00
5220,1.312,2026-09-24T08:32:33.750426+00:00
5221,1.014,2026-09-24T08:32:33.752087+00:00
5222,0.8009999999999999,2026-09-24T08:32:33.753562+00:00
5223,0.944,2026-09-24T08:32:33.755271+00:00
5224,0.747,2026-09-24T08:32:33.756602+00:00
5225,0.623,2026-09-24T08:32:33.757888+00:00
5226,0.833,2026-09-24T08:32:33.759233+00:00
5227,0.635,2026-09-24T08:32:33.760377+00:00
5228,0.5820000000000001,2026-09-24T08:32:33.761478+00:00
5229,0.716,2026-09-24T08:32:33.762704+00:00
5230,0.63,2026-09-24T08:32:33.763792+00:00
5231,0.683,2026-09-24T08:32:33.765190+00:00
5232,0.732,2026-09-24T08:32:33.766713+00:00
5233,0.592,2026-09-24T08:32:33.768115+00:00
5234,0.5199999999999999,2026-09-24T08:32:33.769275+00:00
5235,0.54,2026-09-24T08:32:33.770493+00:00
5236,0.5670000000000001,2026-09-24T08:32:33.771692+00:00
5237,0.7060000000000001,2026-09-24T08:32:33.773042+00:00
5238,0.71,2026-09-24T08:32:33.774522+00:00
5239,0.699,2026-09-24T08:32:33.775878+00:00
5240,0.558,2026-09-24T08:32:33.777363+00:00
5241,0.664,2026-09-24T08:32:33.778664+00:00
5242,0.594,2026-09-24T08:32:33.779815+00:00
5243,0.5599999999999999,2026-09-24T08:32:33.781023+00:00
5244,0.537,2026-09-24T08:32:33.782174+00:00
5245,0.622,2026-09-24T08:32:33.783423+00:00
5246,1.003,2026-09-24T08:32:33.785305+00:00
5247,0.833,2026-09-24T08:32:33.786883+00:00
5248,0.699,2026-09-24T08:32:33.788223+00:00
5249,0.574,2026-09-24T08:32:33.789447+00:00
5250,0.683,2026-09-24T08:32:33.790851+00:00
5251,0.62,2026-09-24T08:32:33.792094+00:00
5252,0.638,2026-09-24T08:32:33.793450+00:00
5253,0.6930000000000001,2026-09-24T08:32:33.794748+00:00
5254,0.6769999999999999,2026-09-24T08:32:33.796021+00:00
5255,0.669,2026-09-24T08:32:33.797453+00:00
5256,0.707,2026-09-24T08:32:33.798715+00:00
5257,0.589,2026-09-24T08:32:33.799887+00:00
5258,0.605,2026-09-24T08:32:33.801134+00:00
5259,0.624,2026-09-24T08:32:33.802326+00:00
5260,0.575,2026-09-24T08:32:33.803493+00:00
5261,0.7110000000000001,2026-09-24T08:32:33.804786+00:00
5262,0.637,2026-09-24T08:32:33.806054+00:00
5263,0.609,2026-09-24T08:32:33.807278+00:00
5264,0.5760000000000001,2026-09-24T08:32:33.808434+00:00
5265,0.6040000000000001,2026-09-24T08:32:33.809666+00:00
5266,0.541,2026-09-24T08:32:33.810788+00:00
5267,1.02,2026-09-24T08:32:33.812349+00:00
5268,0.759,2026-09-24T08:32:33.813327+00:00
5269,0.809,2026-09-24T08:32:33.814463+00:00
5270,0.671,2026-09-24T08:32:33.815873+00:00
5271,0.627,2026-09-24T08:32:33.816932+00:00
5272,2.502,2026-09-24T08:32:33.819923+00:00
5273,2.125,2026-09-24T08:32:33.820614+00:00
5274,1.2080000000000002,2026-09-24T08:32:33.820808+00:00
5275,0.907,2026-09-24T08:32:33.821872+00:00
5276,0.848,2026-09-24T08:32:33.823326+00:00
5277,0.885,2026-09-24T08:32:33.824933+00:00
5278,0.71,2026-09-24T08:32:33.826303+00:00
5279,0.664,2026-09-24T08:32:33.827576+00:00
5280,0.6489999999999999,2026-09-24T08:32:33.828991+00:00
5281,0.669,2026-09-24T08:32:33.830216+00:00
5282,0.7200000000000001,2026-09-24T08:32:33.831739+00:00
5283,0.713,2026-09-24T08:32:33.833038+00:00
5284,0.6920000000000001,2026-09-24T08:32:33.834444+00:00
5285,0.644,2026-09-24T08:32:33.835664+00:00
5286,0.626,2026-09-24T08:32:33.836805+00:00
5287,0.618,2026-09-24T08:32:33.838058+00:00
5288,0.598,2026-09-24T08:32:33.839220+00:00
5289,0.592,2026-09-24T08:32:33.840383+00:00
5290,0.5680000000000001,2026-09-24T08:32:33.841532+00:00
5291,0.585,2026-09-24T08:32:33.842699+00:00
5292,0.5379999999999999,2026-09-24T08:32:33.843774+00:00
5293,0.623,2026-09-24T08:32:33.844980+00:00
5294,0.566,2026-09-24T08:32:33.846094+00:00
5295,0.643,2026-09-24T08:32:33.847318+00:00
5296,0.558,2026-09-24T08:32:33.848508+00:00
5297,0.841,2026-09-24T08:32:33.849918+00:00
5298,0.733,2026-09-24T08:32:33.850885+00:00
5299,0.5950000000000001,2026-09-24T08:32:33.851913+00:00
5300,0.614,2026-09-24T08:32:33.853140+00:00
5301,1.019,2026-09-24T08:32:33.854788+00:00
5302,0.895,2026-09-24T08:32:33.856463+00:00
5303,0.6880000000000001,2026-09-24T08:32:33.857630+00:00
5304,0.554,2026-09-24T08:32:33.858610+00:00
5305,0.528,2026-09-24T08:32:33.859690+00:00
5306,0.532,2026-09-24T08:32:33.860751+00:00
5307,0.58,2026-09-24T08:32:33.861917+00:00
5308,0.5599999999999999,2026-09-24T08:32:33.862997+00:00
5309,0.619,2026-09-24T08:32:33.864215+00:00
5310,0.6669999999999999,2026-09-24T08:32:33.865696+00:00
5311,0.638,2026-09-24T08:32:33.866838+00:00
5312,0.554,2026-09-24T08:32:33.867915+00:00
5313,0.5569999999999999,2026-09-24T08:32:33.869031+00:00
5314,0.574,2026-09-24T08:32:33.870315+00:00
5315,0.5910000000000001,2026-09-24T08:32:33.871438+00:00
5316,0.65,2026-09-24T08:32:33.872603+00:00
5317,0.68,2026-09-24T08:32:33.873778+00:00
5318,0.662,2026-09-24T08:32:33.874886+00:00
5319,0.608,2026-09-24T08:32:33.875925+00:00
5320,0.608,2026-09-24T08:32:33.877046+00:00
5321,0.5810000000000001,2026-09-24T08:32:33.878184+00:00
5322,0.625,2026-09-24T08:32:33.879399+00:00
5323,0.588,2026-09-24T08:32:33.880485+00:00
5324,0.608,2026-09-24T08:32:33.881901+00:00
5325,0.5860000000000001,2026-09-24T08:32:33.883011+00:00
5326,0.5820000000000001,2026-09-24T08:32:33.884128+00:00
5327,0.5630000000000001,2026-09-24T08:32:33.885339+00:00
5328,0.5509999999999999,2026-09-24T08:32:33.886460+00:00
5329,0.623,2026-09-24T08:32:33.887791+00:00
5330,0.5900000000000001,2026-09-24T08:32:33.888901+00:00
5331,0.662,2026-09-24T08:32:33.890055+00:00
5332,0.596,2026-09-24T08:32:33.891180+00:00
5333,0.5479999999999999,2026-09-24T08:32:33.892235+00:00
5334,0.54,2026-09-24T08:32:33.893301+00:00
5335,0.584,2026-09-24T08:32:33.894479+00:00
5336,0.5519999999999999,2026-09-24T08:32:33.895577+00:00
5337,0.579,2026-09-24T08:32:33.896673+00:00
5338,0.532,2026-09-24T08:32:33.897728+00:00
5339,0.588,2026-09-24T08:32:33.899013+00:00
5340,0.54,2026-09-24T08:32:33.900089+00:00
5341,0.602,2026-09-24T08:32:33.901229+00:00
5342,0.544,2026-09-24T08:32:33.902298+00:00
5343,0.5429999999999999,2026-09-24T08:32:33.903395+00:00
5344,0.546,2026-09-24T08:32:33.904599+00:00
5345,0.5910000000000001,2026-09-24T08:32:33.905711+00:00
5346,0.5609999999999999,2026-09-24T08:32:33.906770+00:00
5347,0.588,2026-09-24T08:32:33.907867+00:00
5348,0.57,2026-09-24T08:32:33.908963+00:00
5349,0.553,2026-09-24T08:32:33.910063+00:00
5350,0.5730000000000001,2026-09-24T08:32:33.911165+00:00
5351,0.5900000000000001,2026-09-24T08:32:33.912283+00:00
5352,0.532,2026-09-24T08:32:33.913313+00:00
5353,0.506,2026-09-24T08:32:33.914331+00:00
5354,0.5519999999999999,2026-09-24T08:32:33.915745+00:00
5355,0.5289999999999999,2026-09-24T08:32:33.916769+00:00
5356,0.526,2026-09-24T08:32:33.917816+00:00
5357,0.569,2026-09-24T08:32:33.918898+00:00
5358,0.642,2026-09-24T08:32:33.920168+00:00
5359,0.5730000000000001,2026-09-24T08:32:33.921289+00:00
5360,0.559,2026-09-24T08:32:33.922356+00:00
5361,0.536,2026-09-24T08:32:33.923435+00:00
5362,0.546,2026-09-24T08:32:33.924503+00:00
5363,0.574,2026-09-24T08:32:33.925571+00:00
5364,0.888,2026-09-24T08:32:33.926948+00:00
5365,0.816,2026-09-24T08:32:33.927887+00:00
5366,0.8220000000000001,2026-09-24T08:32:33.929124+00:00
5367,0.83,2026-09-24T08:32:33.930191+00:00
5368,0.776,2026-09-24T08:32:33.931207+00:00
5369,0.962,2026-09-24T08:32:33.932692+00:00
5370,0.655,2026-09-24T08:32:33.933496+00:00
5371,0.5670000000000001,2026-09-24T08:32:33.934441+00:00
5372,0.828,2026-09-24T08:32:33.935774+00:00
5373,1.1820000000000002,2026-09-24T08:32:33.937591+00:00
5374,0.8630000000000001,2026-09-24T08:32:33.939004+00:00
5375,0.63,2026-09-24T08:32:33.940217+00:00
5376,0.5630000000000001,2026-09-24T08:32:33.941376+00:00
5377,0.5379999999999999,2026-09-24T08:32:33.942506+00:00
5378,0.6489999999999999,2026-09-24T08:32:33.943883+00:00
5379,0.589,2026-09-24T08:32:33.945068+00:00
5380,0.5519999999999999,2026-09-24T08:32:33.946213+00:00
5381,1.4829999999999999,2026-09-24T08:32:33.948635+00:00
5382,1.078,2026-09-24T08:32:33.950084+00:00
5383,0.8540000000000001,2026-09-24T08:32:33.951548+00:00
5384,0.732,2026-09-24T08:32:33.952925+00:00
5385,0.703,2026-09-24T08:32:33.954327+00:00
5386,0.62,2026-09-24T08:32:33.955516+00:00
5387,0.5760000000000001,2026-09-24T08:32:33.956598+00:00
5388,0.593,2026-09-24T08:32:33.957825+00:00
5389,0.5379999999999999,2026-09-24T08:32:33.958849+00:00
5390,0.644,2026-09-24T08:32:33.960007+00:00
5391,0.5379999999999999,2026-09-24T08:32:33.961054+00:00
5392,0.484,2026-09-24T08:32:33.962175+00:00
5393,0.516,2026-09-24T08:32:33.963247+00:00
5394,0.5820000000000001,2026-09-24T08:32:33.964391+00:00
5395,0.628,2026-09-24T08:32:33.965711+00:00
5396,0.5760000000000001,2026-09-24T08:32:33.966883+00:00
5397,0.679,2026-09-24T08:32:33.968175+00:00
5398,0.726,2026-09-24T08:32:33.969559+00:00
5399,0.809,2026-09-24T08:32:33.971097+00:00
5400,0.713,2026-09-24T08:32:33.972584+00:00
5401,0.612,2026-09-24T08:32:33.973878+00:00
5402,0.593,2026-09-24T08:32:33.975093+00:00
5403,0.651,2026-09-24T08:32:33.976460+00:00
5404,0.628,2026-09-24T08:32:33.977670+00:00
5405,0.5479999999999999,2026-09-24T08:32:33.978760+00:00
5406,0.959,2026-09-24T08:32:33.980314+00:00
5407,0.8400000000000001,2026-09-24T08:32:33.981428+00:00
5408,0.8109999999999999,2026-09-24T08:32:33.982621+00:00
5409,0.764,2026-09-24T08:32:33.983896+00:00
5410,0.69,2026-09-24T08:32:33.985085+00:00
5411,0.939,2026-09-24T08:32:33.986710+00:00
5412,0.906,2026-09-24T08:32:33.988294+00:00
5413,0.88,2026-09-24T08:32:33.989869+00:00
5414,0.873,2026-09-24T08:32:33.991527+00:00
5415,0.768,2026-09-24T08:32:33.993000+00:00
5416,0.864,2026-09-24T08:32:33.994559+00:00
5417,0.777,2026-09-24T08:32:33.996012+00:00
5418,0.903,2026-09-24T08:32:33.997733+00:00
5419,0.864,2026-09-24T08:32:33.999168+00:00
5420,0.747,2026-09-24T08:32:34.000633+00:00
5421,0.847,2026-09-24T08:32:34.002205+00:00
5422,0.992,2026-09-24T08:32:34.003937+00:00
5423,0.9790000000000001,2026-09-24T08:32:34.005679+00:00
5424,0.955,2026-09-24T08:32:34.007230+00:00
5425,0.803,2026-09-24T08:32:34.008763+00:00
5426,0.8140000000000001,2026-09-24T08:32:34.010265+00:00
5427,0.762,2026-09-24T08:32:34.011629+00:00
5428,0.7699999999999999,2026-09-24T08:32:34.013090+00:00
5429,0.9650000000000001,2026-09-24T08:32:34.014761+00:00
5430,1.062,2026-09-24T08:32:34.016265+00:00
5431,0.957,2026-09-24T08:32:34.017495+00:00
5432,0.921,2026-09-24T08:32:34.018813+00:00
5433,1.105,2026-09-24T08:32:34.020267+00:00
5434,1.049,2026-09-24T08:32:34.021936+00:00
5435,0.893,2026-09-24T08:32:34.023333+00:00
5436,0.852,2026-09-24T08:32:34.024738+00:00
5437,0.8270000000000001,2026-09-24T08:32:34.026154+00:00
5438,0.746,2026-09-24T08:32:34.027476+00:00
5439,0.7649999999999999,2026-09-24T08:32:34.028876+00:00
5440,0.7150000000000001,2026-09-24T08:32:34.030165+00:00
5441,0.723,2026-09-24T08:32:34.031444+00:00
5442,0.763,2026-09-24T08:32:34.032794+00:00
5443,0.744,2026-09-24T08:32:34.034067+00:00
5444,0.7789999999999999,2026-09-24T08:32:34.035437+00:00
5445,0.888,2026-09-24T08:32:34.036915+00:00
5446,0.909,2026-09-24T08:32:34.039676+00:00
5447,0.796,2026-09-24T08:32:34.041249+00:00
5448,0.726,2026-09-24T08:32:34.042558+00:00
5449,0.7240000000000001,2026-09-24T08:32:34.043797+00:00
5450,0.76,2026-09-24T08:32:34.045130+00:00
5451,0.6719999999999999,2026-09-24T08:32:34.046390+00:00
5452,0.723,2026-09-24T08:32:34.047646+00:00
5453,0.743,2026-09-24T08:32:34.048927+00:00
5454,0.705,2026-09-24T08:32:34.050182+00:00
5455,0.941,2026-09-24T08:32:34.051714+00:00
5456,1.02,2026-09-24T08:32:34.053484+00:00
5457,0.778,2026-09-24T08:32:34.054644+00:00
5458,0.705,2026-09-24T08:32:34.055827+00:00
5459,0.655,2026-09-24T08:32:34.057013+00:00
5460,0.691,2026-09-24T08:32:34.058299+00:00
5461,0.651,2026-09-24T08:32:34.059518+00:00
5462,0.64,2026-09-24T08:32:34.060894+00:00
5463,0.9319999999999999,2026-09-24T08:32:34.062693+00:00
5464,0.8490000000000001,2026-09-24T08:32:34.064156+00:00
5465,0.6849999999999999,2026-09-24T08:32:34.065373+00:00
5466,0.719,2026-09-24T08:32:34.066774+00:00
5467,0.749,2026-09-24T08:32:34.068182+00:00
5468,0.737,2026-09-24T08:32:34.069523+00:00
5469,0.699,2026-09-24T08:32:34.070793+00:00
5470,0.821,2026-09-24T08:32:34.072394+00:00
5471,0.91,2026-09-24T08:32:34.075421+00:00
5472,0.76,2026-09-24T08:32:34.076774+00:00
5473,0.696,2026-09-24T08:32:34.078035+00:00
5474,0.619,2026-09-24T08:32:34.079264+00:00
5475,0.617,2026-09-24T08:32:34.080440+00:00
5476,0.714,2026-09-24T08:32:34.081761+00:00
5477,0.6679999999999999,2026-09-24T08:32:34.083144+00:00
5478,0.602,2026-09-24T08:32:34.084333+00:00
5479,0.648,2026-09-24T08:32:34.085566+00:00
5480,0.648,2026-09-24T08:32:34.086784+00:00
5481,0.7150000000000001,2026-09-24T08:32:34.088052+00:00
5482,0.633,2026-09-24T08:32:34.089250+00:00
5483,0.64,2026-09-24T08:32:34.090463+00:00
5484,0.6579999999999999,2026-09-24T08:32:34.091687+00:00
5485,0.6629999999999999,2026-09-24T08:32:34.092931+00:00
5486,0.641,2026-09-24T08:32:34.094197+00:00
5487,0.6669999999999999,2026-09-24T08:32:34.095457+00:00
5488,0.64,2026-09-24T08:32:34.096633+00:00
5489,0.648,2026-09-24T08:32:34.097824+00:00
5490,0.632,2026-09-24T08:32:34.098973+00:00
5491,0.665,2026-09-24T08:32:34.100231+00:00
5492,0.624,2026-09-24T08:32:34.101508+00:00
5493,0.6449999999999999,2026-09-24T08:32:34.102730+00:00
5494,0.75,2026-09-24T08:32:34.104042+00:00
5495,0.637,2026-09-24T08:32:34.105262+00:00
5496,0.726,2026-09-24T08:32:34.106608+00:00
5497,0.648,2026-09-24T08:32:34.107907+00:00
5498,0.705,2026-09-24T08:32:34.109246+00:00
5499,0.632,2026-09-24T08:32:34.110450+00:00
5500,0.655,2026-09-24T08:32:34.111659+00:00
5501,0.6449999999999999,2026-09-24T08:32:34.112829+00:00
5502,0.655,2026-09-24T08:32:34.114120+00:00
5503,0.6040000000000001,2026-09-24T08:32:34.115280+00:00
5504,0.661,2026-09-24T08:32:34.116513+00:00
5505,0.6719999999999999,2026-09-24T08:32:34.117742+00:00
5506,0.6759999999999999,2026-09-24T08:32:34.119074+00:00
5507,0.628,2026-09-24T08:32:34.120318+00:00
5508,0.629,2026-09-24T08:32:34.121530+00:00
5509,0.653,2026-09-24T08:32:34.122710+00:00
5510,0.631,2026-09-24T08:32:34.123898+00:00
5511,0.651,2026-09-24T08:32:34.125103+00:00
5512,0.623,2026-09-24T08:32:34.126305+00:00
5513,0.601,2026-09-24T08:32:34.127445+00:00
5514,0.602,2026-09-24T08:32:34.128571+00:00
5515,0.638,2026-09-24T08:32:34.129795+00:00
5516,0.669,2026-09-24T08:32:34.131023+00:00
5517,0.8270000000000001,2026-09-24T08:32:34.132442+00:00
5518,0.727,2026-09-24T08:32:34.133708+00:00
5519,0.866,2026-09-24T08:32:34.135126+00:00
5520,1.017,2026-09-24T08:32:34.136840+00:00
5521,0.9380000000000001,2026-09-24T08:32:34.138620+00:00
5522,0.687,2026-09-24T08:32:34.139831+00:00
5523,0.6759999999999999,2026-09-24T08:32:34.141110+00:00
5524,0.614,2026-09-24T08:32:34.142329+00:00
5525,0.625,2026-09-24T08:32:34.143544+00:00
5526,0.6669999999999999,2026-09-24T08:32:34.144813+00:00
5527,0.647,2026-09-24T08:32:34.146044+00:00
5528,0.603,2026-09-24T08:32:34.147317+00:00
5529,0.596,2026-09-24T08:32:34.148518+00:00
5530,0.6669999999999999,2026-09-24T08:32:34.149776+00:00
5531,0.699,2026-09-24T08:32:34.151047+00:00
5532,0.6589999999999999,2026-09-24T08:32:34.152309+00:00
5533,0.916,2026-09-24T08:32:34.153801+00:00
5534,0.839,2026-09-24T08:32:34.154953+00:00
5535,0.7879999999999999,2026-09-24T08:32:34.156250+00:00
5536,0.799,2026-09-24T08:32:34.157673+00:00
5537,0.79,2026-09-24T08:32:34.158915+00:00
5538,0.795,2026-09-24T08:32:34.160192+00:00
5539,0.7739999999999999,2026-09-24T08:32:34.161444+00:00
5540,0.666,2026-09-24T08:32:34.162583+00:00
5541,0.646,2026-09-24T08:32:34.163832+00:00
5542,0.6809999999999999,2026-09-24T08:32:34.165075+00:00
5543,0.609,2026-09-24T08:32:34.166292+00:00
5544,0.615,2026-09-24T08:32:34.167508+00:00
5545,0.64,2026-09-24T08:32:34.168734+00:00
5546,0.749,2026-09-24T08:32:34.170126+00:00
5547,1.236,2026-09-24T08:32:34.172095+00:00
5548,0.879,2026-09-24T08:32:34.173000+00:00
5549,0.866,2026-09-24T08:32:34.174248+00:00
5550,0.7150000000000001,2026-09-24T08:32:34.175465+00:00
5551,1.0759999999999998,2026-09-24T08:32:34.177371+00:00
5552,0.7240000000000001,2026-09-24T08:32:34.178347+00:00
5553,0.805,2026-09-24T08:32:34.179658+00:00
5554,0.687,2026-09-24T08:32:34.180757+00:00
5555,0.773,2026-09-24T08:32:34.182068+00:00
5556,0.662,2026-09-24T08:32:34.183213+00:00
5557,0.745,2026-09-24T08:32:34.184537+00:00
5558,0.716,2026-09-24T08:32:34.185734+00:00
5559,0.6819999999999999,2026-09-24T08:32:34.187034+00:00
5560,0.772,2026-09-24T08:32:34.188433+00:00
5561,0.666,2026-09-24T08:32:34.189603+00:00
5562,0.7380000000000001,2026-09-24T08:32:34.190886+00:00
5563,0.6849999999999999,2026-09-24T08:32:34.192049+00:00
5564,0.7739999999999999,2026-09-24T08:32:34.193529+00:00
5565,1.108,2026-09-24T08:32:34.195712+00:00
5566,0.858,2026-09-24T08:32:34.197177+00:00
5567,0.622,2026-09-24T08:32:34.198086+00:00
5568,0.589,2026-09-24T08:32:34.199109+00:00
5569,0.5,2026-09-24T08:32:34.200118+00:00
5570,0.584,2026-09-24T08:32:34.201325+00:00
5571,0.76,2026-09-24T08:32:34.202758+00:00
5572,0.6859999999999999,2026-09-24T08:32:34.204059+00:00
5573,0.5569999999999999,2026-09-24T08:32:34.205064+00:00
5574,0.5820000000000001,2026-09-24T08:32:34.206086+00:00
5575,0.5599999999999999,2026-09-24T08:32:34.207095+00:00
5576,0.524,2026-09-24T08:32:34.208054+00:00
5577,0.522,2026-09-24T08:32:34.208977+00:00
5578,0.754,2026-09-24T08:32:34.210174+00:00
5579,0.666,2026-09-24T08:32:34.211402+00:00
5580,0.651,2026-09-24T08:32:34.212768+00:00
5581,0.6589999999999999,2026-09-24T08:32:34.213944+00:00
5582,0.6489999999999999,2026-09-24T08:32:34.215165+00:00
5583,0.874,2026-09-24T08:32:34.216618+00:00
5584,0.7290000000000001,2026-09-24T08:32:34.217914+00:00
5585,0.853,2026-09-24T08:32:34.219408+00:00
5586,0.588,2026-09-24T08:32:34.220478+00:00
5587,0.648,2026-09-24T08:32:34.221565+00:00
5588,0.855,2026-09-24T08:32:34.222888+00:00
5589,0.9840000000000001,2026-09-24T08:32:34.224459+00:00
5590,0.769,2026-09-24T08:32:34.225642+00:00
5591,0.718,2026-09-24T08:32:34.226695+00:00
5592,0.7060000000000001,2026-09-24T08:32:34.227776+00:00
5593,0.6970000000000001,2026-09-24T08:32:34.228784+00:00
5594,0.687,2026-09-24T08:32:34.229817+00:00
5595,0.536,2026-09-24T08:32:34.230771+00:00
5596,0.522,2026-09-24T08:32:34.231750+00:00
5597,0.522,2026-09-24T08:32:34.232731+00:00
5598,0.49200000000000005,2026-09-24T08:32:34.233752+00:00
5599,0.526,2026-09-24T08:32:34.234783+00:00
5600,0.531,2026-09-24T08:32:34.235825+00:00
5601,0.531,2026-09-24T08:32:34.236882+00:00
5602,0.652,2026-09-24T08:32:34.238029+00:00
5603,0.5199999999999999,2026-09-24T08:32:34.239060+00:00
5604,0.48000000000000004,2026-09-24T08:32:34.240037+00:00
5605,0.46799999999999997,2026-09-24T08:32:34.241031+00:00
5606,0.457,2026-09-24T08:32:34.242003+00:00
5607,0.46599999999999997,2026-09-24T08:32:34.242942+00:00
5608,0.474,2026-09-24T08:32:34.243914+00:00
5609,0.514,2026-09-24T08:32:34.244899+00:00
5610,0.458,2026-09-24T08:32:34.245897+00:00
5611,0.46599999999999997,2026-09-24T08:32:34.246836+00:00
5612,0.46099999999999997,2026-09-24T08:32:34.247775+00:00
5613,0.48500000000000004,2026-09-24T08:32:34.248714+00:00
5614,0.451,2026-09-24T08:32:34.249646+00:00
5615,0.49799999999999994,2026-09-24T08:32:34.250618+00:00
5616,0.47,2026-09-24T08:32:34.251555+00:00
5617,0.453,2026-09-24T08:32:34.252471+00:00
5618,0.448,2026-09-24T08:32:34.253407+00:00
5619,0.464,2026-09-24T08:32:34.254380+00:00
5620,0.7110000000000001,2026-09-24T08:32:34.255556+00:00
5621,0.722,2026-09-24T08:32:34.256607+00:00
5622,0.6859999999999999,2026-09-24T08:32:34.257762+00:00
5623,0.7020000000000001,2026-09-24T08:32:34.258899+00:00
5624,0.694,2026-09-24T08:32:34.260034+00:00
5625,0.7060000000000001,2026-09-24T08:32:34.261219+00:00
5626,0.639,2026-09-24T08:32:34.262324+00:00
5627,0.585,2026-09-24T08:32:34.263364+00:00
5628,0.708,2026-09-24T08:32:34.264570+00:00
5629,0.637,2026-09-24T08:32:34.265607+00:00
5630,0.606,2026-09-24T08:32:34.266709+00:00
5631,0.618,2026-09-24T08:32:34.267760+00:00
5632,0.639,2026-09-24T08:32:34.268826+00:00
5633,0.596,2026-09-24T08:32:34.269855+00:00
5634,0.684,2026-09-24T08:32:34.270967+00:00
5635,0.615,2026-09-24T08:32:34.272043+00:00
5636,0.635,2026-09-24T08:32:34.273131+00:00
5637,0.554,2026-09-24T08:32:34.274105+00:00
5638,0.592,2026-09-24T08:32:34.275167+00:00
5639,0.607,2026-09-24T08:32:34.276344+00:00
5640,0.579,2026-09-24T08:32:34.277533+00:00
5641,0.7829999999999999,2026-09-24T08:32:34.278904+00:00
5642,0.86,2026-09-24T08:32:34.280577+00:00
5643,0.775,2026-09-24T08:32:34.281941+00:00
5644,0.737,2026-09-24T08:32:34.283276+00:00
5645,0.7380000000000001,2026-09-24T08:32:34.284627+00:00
5646,0.755,2026-09-24T08:32:34.285992+00:00
5647,1.03,2026-09-24T08:32:34.287783+00:00
5648,0.755,2026-09-24T08:32:34.289102+00:00
5649,0.669,2026-09-24T08:32:34.290261+00:00
5650,0.6579999999999999,2026-09-24T08:32:34.291431+00:00
5651,0.83,2026-09-24T08:32:34.292766+00:00
5652,0.657,2026-09-24T08:32:34.293730+00:00
5653,1.274,2026-09-24T08:32:34.295478+00:00
5654,0.973,2026-09-24T08:32:34.297297+00:00
5655,0.894,2026-09-24T08:32:34.298783+00:00
5656,0.846,2026-09-24T08:32:34.300154+00:00
5657,0.837,2026-09-24T08:32:34.301529+00:00
5658,0.8270000000000001,2026-09-24T08:32:34.302869+00:00
5659,0.746,2026-09-24T08:32:34.304127+00:00
5660,0.679,2026-09-24T08:32:34.305356+00:00
5661,1.494,2026-09-24T08:32:34.307429+00:00
5662,0.95,2026-09-24T08:32:34.308857+00:00
5663,0.7879999999999999,2026-09-24T08:32:34.310144+00:00
5664,0.648,2026-09-24T08:32:34.311370+00:00
5665,0.6880000000000001,2026-09-24T08:32:34.312637+00:00
5666,0.966,2026-09-24T08:32:34.314190+00:00
5667,0.876,2026-09-24T08:32:34.315361+00:00
5668,1.0610000000000002,2026-09-24T08:32:34.317169+00:00
5669,1.366,2026-09-24T08:32:34.319208+00:00
5670,0.789,2026-09-24T08:32:34.320623+00:00
5671,0.816,2026-09-24T08:32:34.322025+00:00
5672,0.716,2026-09-24T08:32:34.323355+00:00
5673,0.708,2026-09-24T08:32:34.324632+00:00
5674,0.837,2026-09-24T08:32:34.326117+00:00
5675,0.884,2026-09-24T08:32:34.327827+00:00
5676,0.625,2026-09-24T08:32:34.329075+00:00
5677,0.6040000000000001,2026-09-24T08:32:34.330285+00:00
5678,0.585,2026-09-24T08:32:34.331447+00:00
5679,0.571,2026-09-24T08:32:34.332544+00:00
5680,0.54,2026-09-24T08:32:34.333626+00:00
5681,0.5569999999999999,2026-09-24T08:32:34.334757+00:00
5682,0.574,2026-09-24T08:32:34.335826+00:00
5683,0.537,2026-09-24T08:32:34.336882+00:00
5684,0.992,2026-09-24T08:32:34.339010+00:00
5685,1.25,2026-09-24T08:32:34.341289+00:00
5686,0.7969999999999999,2026-09-24T08:32:34.342761+00:00
5687,0.662,2026-09-24T08:32:34.344084+00:00
5688,0.651,2026-09-24T08:32:34.345369+00:00
5689,0.749,2026-09-24T08:32:34.346690+00:00
5690,0.648,2026-09-24T08:32:34.347872+00:00
5691,0.62,2026-09-24T08:32:34.349079+00:00
5692,0.571,2026-09-24T08:32:34.350201+00:00
5693,0.618,2026-09-24T08:32:34.351432+00:00
5694,0.82,2026-09-24T08:32:34.352965+00:00
5695,0.636,2026-09-24T08:32:34.354203+00:00
5696,0.6489999999999999,2026-09-24T08:32:34.355449+00:00
5697,0.745,2026-09-24T08:32:34.356929+00:00
5698,0.7110000000000001,2026-09-24T08:32:34.358398+00:00
5699,0.704,2026-09-24T08:32:34.360068+00:00
5700,0.6809999999999999,2026-09-24T08:32:34.361479+00:00
5701,1.0939999999999999,2026-09-24T08:32:34.363328+00:00
5702,0.907,2026-09-24T08:32:34.364525+00:00
5703,0.832,2026-09-24T08:32:34.365891+00:00
5704,0.735,2026-09-24T08:32:34.367210+00:00
5705,0.9169999999999999,2026-09-24T08:32:34.369085+00:00
5706,0.648,2026-09-24T08:32:34.370385+00:00
5707,0.588,2026-09-24T08:32:34.371488+00:00
5708,0.593,2026-09-24T08:32:34.372619+00:00
5709,0.54,2026-09-24T08:32:34.373653+00:00
5710,0.587,2026-09-24T08:32:34.374746+00:00
5711,0.5680000000000001,2026-09-24T08:32:34.375814+00:00
5712,0.57,2026-09-24T08:32:34.376893+00:00
5713,0.571,2026-09-24T08:32:34.378095+00:00
5714,0.5630000000000001,2026-09-24T08:32:34.379217+00:00
5715,0.566,2026-09-24T08:32:34.380327+00:00
5716,0.5730000000000001,2026-09-24T08:32:34.381400+00:00
5717,0.527,2026-09-24T08:32:34.382428+00:00
5718,0.5569999999999999,2026-09-24T08:32:34.383491+00:00
5719,0.5770000000000001,2026-09-24T08:32:34.384597+00:00
5720,0.5680000000000001,2026-09-24T08:32:34.385650+00:00
5721,0.565,2026-09-24T08:32:34.386705+00:00
5722,0.5469999999999999,2026-09-24T08:32:34.387751+00:00
5723,0.5599999999999999,2026-09-24T08:32:34.388804+00:00
5724,0.626,2026-09-24T08:32:34.389947+00:00
5725,0.5760000000000001,2026-09-24T08:32:34.390997+00:00
5726,0.539,2026-09-24T08:32:34.392061+00:00
5727,0.5429999999999999,2026-09-24T08:32:34.393189+00:00
5728,0.536,2026-09-24T08:32:34.394320+00:00
5729,0.5509999999999999,2026-09-24T08:32:34.395379+00:00
5730,0.532,2026-09-24T08:32:34.396436+00:00
5731,0.5670000000000001,2026-09-24T08:32:34.397503+00:00
5732,0.6759999999999999,2026-09-24T08:32:34.398698+00:00
5733,0.808,2026-09-24T08:32:34.400063+00:00
5734,0.661,2026-09-24T08:32:34.401384+00:00
5735,0.644,2026-09-24T08:32:34.402674+00:00
5736,0.633,2026-09-24T08:32:34.403883+00:00
5737,0.876,2026-09-24T08:32:34.405271+00:00
5738,0.874,2026-09-24T08:32:34.406748+00:00
5739,0.713,2026-09-24T08:32:34.407782+00:00
5740,0.5630000000000001,2026-09-24T08:32:34.408776+00:00
5741,0.601,2026-09-24T08:32:34.409866+00:00
5742,0.531,2026-09-24T08:32:34.410892+00:00
5743,0.8069999999999999,2026-09-24T08:32:34.412440+00:00
5744,0.746,2026-09-24T08:32:34.413528+00:00
5745,0.553,2026-09-24T08:32:34.414451+00:00
5746,0.517,2026-09-24T08:32:34.415453+00:00
5747,0.619,2026-09-24T08:32:34.416580+00:00
5748,0.847,2026-09-24T08:32:34.417867+00:00
5749,0.8270000000000001,2026-09-24T08:32:34.418894+00:00
5750,0.885,2026-09-24T08:32:34.420160+00:00
5751,0.9,2026-09-24T08:32:34.421352+00:00
5752,1.016,2026-09-24T08:32:34.422802+00:00
5753,0.866,2026-09-24T08:32:34.424261+00:00
5754,0.766,2026-09-24T08:32:34.425684+00:00
5755,0.747,2026-09-24T08:32:34.427038+00:00
5756,0.708,2026-09-24T08:32:34.428420+00:00
5757,0.737,2026-09-24T08:32:34.429823+00:00
5758,0.9779999999999999,2026-09-24T08:32:34.431664+00:00
5759,0.8,2026-09-24T08:32:34.433015+00:00
5760,0.636,2026-09-24T08:32:34.434142+00:00
5761,0.571,2026-09-24T08:32:34.435264+00:00
5762,0.5720000000000001,2026-09-24T08:32:34.436367+00:00
5763,0.594,2026-09-24T08:32:34.437455+00:00
5764,0.526,2026-09-24T08:32:34.438461+00:00
5765,0.54,2026-09-24T08:32:34.439479+00:00
5766,0.555,2026-09-24T08:32:34.440536+00:00
5767,0.513,2026-09-24T08:32:34.441541+00:00
5768,0.833,2026-09-24T08:32:34.443182+00:00
5769,0.816,2026-09-24T08:32:34.444731+00:00
5770,0.787,2026-09-24T08:32:34.446373+00:00
5771,0.837,2026-09-24T08:32:34.447953+00:00
5772,0.874,2026-09-24T08:32:34.449553+00:00
5773,1.034,2026-09-24T08:32:34.451224+00:00
5774,0.838,2026-09-24T08:32:34.452581+00:00
5775,1.0410000000000001,2026-09-24T08:32:34.454186+00:00
5776,0.713,2026-09-24T08:32:34.455116+00:00
5777,0.92,2026-09-24T08:32:34.456566+00:00
5778,0.674,2026-09-24T08:32:34.457463+00:00
5779,0.6629999999999999,2026-09-24T08:32:34.458547+00:00
5780,0.5910000000000001,2026-09-24T08:32:34.459588+00:00
5781,0.598,2026-09-24T08:32:34.460660+00:00
5782,0.562,2026-09-24T08:32:34.461651+00:00
5783,0.5770000000000001,2026-09-24T08:32:34.462644+00:00
5784,0.533,2026-09-24T08:32:34.463607+00:00
5785,0.5519999999999999,2026-09-24T08:32:34.464634+00:00
5786,0.578,2026-09-24T08:32:34.465668+00:00
5787,0.6890000000000001,2026-09-24T08:32:34.466895+00:00
5788,0.585,2026-09-24T08:32:34.467904+00:00
5789,0.5680000000000001,2026-09-24T08:32:34.468925+00:00
5790,0.578,2026-09-24T08:32:34.469970+00:00
5791,0.5519999999999999,2026-09-24T08:32:34.470991+00:00
5792,0.636,2026-09-24T08:32:34.472072+00:00
5793,0.566,2026-09-24T08:32:34.473203+00:00
5794,0.579,2026-09-24T08:32:34.474232+00:00
5795,0.5720000000000001,2026-09-24T08:32:34.475242+00:00
5796,0.5519999999999999,2026-09-24T08:32:34.476237+00:00
5797,0.539,2026-09-24T08:32:34.477211+00:00
5798,0.583,2026-09-24T08:32:34.478290+00:00
5799,0.578,2026-09-24T08:32:34.479332+00:00
5800,0.545,2026-09-24T08:32:34.480329+00:00
5801,0.605,2026-09-24T08:32:34.481398+00:00
5802,0.584,2026-09-24T08:32:34.482618+00:00
5803,0.559,2026-09-24T08:32:34.483652+00:00
5804,0.646,2026-09-24T08:32:34.484789+00:00
5805,0.674,2026-09-24T08:32:34.486031+00:00
5806,0.712,2026-09-24T08:32:34.487285+00:00
5807,0.6849999999999999,2026-09-24T08:32:34.488481+00:00
5808,0.627,2026-09-24T08:32:34.489565+00:00
5809,0.57,2026-09-24T08:32:34.490596+00:00
5810,0.559,2026-09-24T08:32:34.491634+00:00
5811,0.599,2026-09-24T08:32:34.492698+00:00
5812,0.589,2026-09-24T08:32:34.493830+00:00
5813,0.5509999999999999,2026-09-24T08:32:34.494826+00:00
5814,0.57,2026-09-24T08:32:34.495837+00:00
5815,0.54,2026-09-24T08:32:34.496805+00:00
5816,0.575,2026-09-24T08:32:34.497842+00:00
5817,0.545,2026-09-24T08:32:34.499186+00:00
5818,0.58,2026-09-24T08:32:34.500268+00:00
5819,0.502,2026-09-24T08:32:34.501181+00:00
5820,0.5630000000000001,2026-09-24T08:32:34.502290+00:00
5821,0.587,2026-09-24T08:32:34.503378+00:00
5822,0.555,2026-09-24T08:32:34.504315+00:00
5823,0.549,2026-09-24T08:32:34.505301+00:00
5824,0.491,2026-09-24T08:32:34.506332+00:00
5825,0.49299999999999994,2026-09-24T08:32:34.507300+00:00
5826,0.491,2026-09-24T08:32:34.508252+00:00
5827,0.508,2026-09-24T08:32:34.509200+00:00
5828,0.46799999999999997,2026-09-24T08:32:34.510063+00:00
5829,0.515,2026-09-24T08:32:34.510988+00:00
5830,0.546,2026-09-24T08:32:34.511937+00:00
5831,0.524,2026-09-24T08:32:34.512860+00:00
5832,0.513,2026-09-24T08:32:34.513987+00:00
5833,0.48700000000000004,2026-09-24T08:32:34.514906+00:00
5834,0.546,2026-09-24T08:32:34.515904+00:00
5835,0.708,2026-09-24T08:32:34.517196+00:00
5836,0.634,2026-09-24T08:32:34.518187+00:00
5837,0.628,2026-09-24T08:32:34.519124+00:00
5838,0.537,2026-09-24T08:32:34.520101+00:00
5839,0.5479999999999999,2026-09-24T08:32:34.521042+00:00
5840,0.876,2026-09-24T08:32:34.522399+00:00
5841,0.6809999999999999,2026-09-24T08:32:34.523135+00:00
5842,0.519,2026-09-24T08:32:34.524318+00:00
5843,0.5,2026-09-24T08:32:34.525384+00:00
5844,0.465,2026-09-24T08:32:34.526354+00:00
5845,0.486,2026-09-24T08:32:34.527317+00:00
5846,0.46599999999999997,2026-09-24T08:32:34.528378+00:00
5847,0.46099999999999997,2026-09-24T08:32:34.529358+00:00
5848,0.442,2026-09-24T08:32:34.530271+00:00
5849,0.43600000000000005,2026-09-24T08:32:34.531220+00:00
5850,0.438,2026-09-24T08:32:34.532136+00:00
5851,0.465,2026-09-24T08:32:34.533130+00:00
5852,0.47100000000000003,2026-09-24T08:32:34.534206+00:00
5853,0.447,2026-09-24T08:32:34.535172+00:00
5854,0.447,2026-09-24T08:32:34.536139+00:00
5855,0.448,2026-09-24T08:32:34.537118+00:00
5856,0.443,2026-09-24T08:32:34.538081+00:00
5857,0.426,2026-09-24T08:32:34.539052+00:00
5858,1.171,2026-09-24T08:32:34.541395+00:00
5859,0.633,2026-09-24T08:32:34.542481+00:00
5860,0.614,2026-09-24T08:32:34.543564+00:00
5861,0.549,2026-09-24T08:32:34.544740+00:00
5862,0.5720000000000001,2026-09-24T08:32:34.545796+00:00
5863,0.522,2026-09-24T08:32:34.546793+00:00
5864,0.5429999999999999,2026-09-24T08:32:34.547825+00:00
5865,0.526,2026-09-24T08:32:34.548890+00:00
5866,0.5199999999999999,2026-09-24T08:32:34.549911+00:00
5867,0.514,2026-09-24T08:32:34.550884+00:00
5868,0.521,2026-09-24T08:32:34.551902+00:00
5869,0.522,2026-09-24T08:32:34.552964+00:00
5870,0.507,2026-09-24T08:32:34.553968+00:00
5871,0.5289999999999999,2026-09-24T08:32:34.554979+00:00
5872,0.501,2026-09-24T08:32:34.555992+00:00
5873,0.502,2026-09-24T08:32:34.556997+00:00
5874,0.504,2026-09-24T08:32:34.558041+00:00
5875,0.495,2026-09-24T08:32:34.559058+00:00
5876,0.491,2026-09-24T08:32:34.560171+00:00
5877,0.513,2026-09-24T08:32:34.561192+00:00
5878,0.48899999999999993,2026-09-24T08:32:34.562269+00:00
5879,0.53,2026-09-24T08:32:34.563305+00:00
5880,0.501,2026-09-24T08:32:34.564340+00:00
5881,0.521,2026-09-24T08:32:34.565369+00:00
5882,0.504,2026-09-24T08:32:34.566352+00:00
5883,0.494,2026-09-24T08:32:34.567335+00:00
5884,0.508,2026-09-24T08:32:34.568335+00:00
5885,0.518,2026-09-24T08:32:34.569350+00:00
5886,0.673,2026-09-24T08:32:34.571706+00:00
5887,0.7150000000000001,2026-09-24T08:32:34.572954+00:00
5888,0.541,2026-09-24T08:32:34.574001+00:00
5889,0.518,2026-09-24T08:32:34.575029+00:00
5890,0.5469999999999999,2026-09-24T08:32:34.576062+00:00
5891,0.516,2026-09-24T08:32:34.577153+00:00
5892,0.535,2026-09-24T08:32:34.578172+00:00
5893,0.517,2026-09-24T08:32:34.579175+00:00
5894,0.496,2026-09-24T08:32:34.580153+00:00
5895,0.553,2026-09-24T08:32:34.581192+00:00
5896,0.528,2026-09-24T08:32:34.582229+00:00
5897,0.504,2026-09-24T08:32:34.583222+00:00
5898,0.508,2026-09-24T08:32:34.584236+00:00
5899,0.518,2026-09-24T08:32:34.585225+00:00
5900,0.5419999999999999,2026-09-24T08:32:34.586236+00:00
5901,0.545,2026-09-24T08:32:34.587269+00:00
5902,0.532,2026-09-24T08:32:34.588295+00:00
5903,0.523,2026-09-24T08:32:34.589308+00:00
5904,0.526,2026-09-24T08:32:34.590314+00:00
5905,0.5,2026-09-24T08:32:34.591312+00:00
5906,0.5289999999999999,2026-09-24T08:32:34.592420+00:00
5907,0.569,2026-09-24T08:32:34.593462+00:00
5908,0.532,2026-09-24T08:32:34.594454+00:00
5909,0.554,2026-09-24T08:32:34.595475+00:00
5910,0.5519999999999999,2026-09-24T08:32:34.596503+00:00
5911,0.537,2026-09-24T08:32:34.597511+00:00
5912,0.518,2026-09-24T08:32:34.598486+00:00
5913,0.516,2026-09-24T08:32:34.599476+00:00
5914,0.533,2026-09-24T08:32:34.600496+00:00
5915,0.5599999999999999,2026-09-24T08:32:34.601507+00:00
5916,0.5339999999999999,2026-09-24T08:32:34.602484+00:00
5917,0.7010000000000001,2026-09-24T08:32:34.603648+00:00
5918,0.523,2026-09-24T08:32:34.604490+00:00
5919,0.506,2026-09-24T08:32:34.605474+00:00
5920,0.47300000000000003,2026-09-24T08:32:34.606550+00:00
5921,0.45899999999999996,2026-09-24T08:32:34.607507+00:00
5922,0.541,2026-09-24T08:32:34.608579+00:00
5923,0.5289999999999999,2026-09-24T08:32:34.609538+00:00
5924,0.523,2026-09-24T08:32:34.610539+00:00
5925,0.515,2026-09-24T08:32:34.611531+00:00
5926,0.5109999999999999,2026-09-24T08:32:34.612545+00:00
5927,0.509,2026-09-24T08:32:34.613532+00:00
5928,0.55,2026-09-24T08:32:34.614560+00:00
5929,0.506,2026-09-24T08:32:34.615547+00:00
5930,0.618,2026-09-24T08:32:34.616675+00:00
5931,0.5609999999999999,2026-09-24T08:32:34.617735+00:00
5932,0.903,2026-09-24T08:32:34.619180+00:00
5933,0.679,2026-09-24T08:32:34.620037+00:00
5934,0.58,2026-09-24T08:32:34.620982+00:00
5935,0.644,2026-09-24T08:32:34.622142+00:00
5936,0.598,2026-09-24T08:32:34.623180+00:00
5937,0.575,2026-09-24T08:32:34.624176+00:00
5938,0.531,2026-09-24T08:32:34.625169+00:00
5939,0.549,2026-09-24T08:32:34.626178+00:00
5940,0.526,2026-09-24T08:32:34.627179+00:00
5941,0.533,2026-09-24T08:32:34.628157+00:00
5942,0.5559999999999999,2026-09-24T08:32:34.629174+00:00
5943,0.5720000000000001,2026-09-24T08:32:34.630209+00:00
5944,0.48000000000000004,2026-09-24T08:32:34.631142+00:00
5945,0.509,2026-09-24T08:32:34.632110+00:00
5946,0.482,2026-09-24T08:32:34.633069+00:00
5947,0.5429999999999999,2026-09-24T08:32:34.634053+00:00
5948,0.504,2026-09-24T08:32:34.635008+00:00
5949,0.675,2026-09-24T08:32:34.636339+00:00
5950,0.5730000000000001,2026-09-24T08:32:34.637536+00:00
5951,0.526,2026-09-24T08:32:34.638553+00:00
5952,0.5429999999999999,2026-09-24T08:32:34.639551+00:00
5953,0.507,2026-09-24T08:32:34.640494+00:00
5954,0.49299999999999994,2026-09-24T08:32:34.641445+00:00
5955,0.531,2026-09-24T08:32:34.642449+00:00
5956,0.495,2026-09-24T08:32:34.643374+00:00
5957,0.505,2026-09-24T08:32:34.644335+00:00
5958,0.48899999999999993,2026-09-24T08:32:34.645302+00:00
5959,0.528,2026-09-24T08:32:34.646283+00:00
5960,0.504,2026-09-24T08:32:34.647252+00:00
5961,0.49,2026-09-24T08:32:34.648207+00:00
5962,0.494,2026-09-24T08:32:34.649171+00:00
5963,0.601,2026-09-24T08:32:34.650196+00:00
5964,0.544,2026-09-24T08:32:34.651039+00:00
5965,0.525,2026-09-24T08:32:34.652086+00:00
5966,0.524,2026-09-24T08:32:34.653068+00:00
5967,0.526,2026-09-24T08:32:34.654046+00:00
5968,0.49799999999999994,2026-09-24T08:32:34.654987+00:00
5969,0.494,2026-09-24T08:32:34.655955+00:00
5970,0.49799999999999994,2026-09-24T08:32:34.656903+00:00
5971,0.508,2026-09-24T08:32:34.657860+00:00
5972,0.519,2026-09-24T08:32:34.658823+00:00
5973,0.531,2026-09-24T08:32:34.659786+00:00
5974,0.496,2026-09-24T08:32:34.660694+00:00
5975,0.506,2026-09-24T08:32:34.661650+00:00
5976,0.48000000000000004,2026-09-24T08:32:34.662576+00:00
5977,0.49700000000000005,2026-09-24T08:32:34.663567+00:00
5978,0.523,2026-09-24T08:32:34.664560+00:00
5979,0.748,2026-09-24T08:32:34.665802+00:00
5980,0.824,2026-09-24T08:32:34.667210+00:00
5981,0.6669999999999999,2026-09-24T08:32:34.668375+00:00
5982,0.488,2026-09-24T08:32:34.669389+00:00
5983,0.655,2026-09-24T08:32:34.670594+00:00
5984,0.6769999999999999,2026-09-24T08:32:34.671750+00:00
5985,0.6449999999999999,2026-09-24T08:32:34.672896+00:00
5986,0.553,2026-09-24T08:32:34.673893+00:00
5987,0.49299999999999994,2026-09-24T08:32:34.674870+00:00
5988,0.479,2026-09-24T08:32:34.675859+00:00
5989,0.45899999999999996,2026-09-24T08:32:34.676827+00:00
5990,0.48500000000000004,2026-09-24T08:32:34.677835+00:00
5991,0.482,2026-09-24T08:32:34.678810+00:00
5992,0.482,2026-09-24T08:32:34.679804+00:00
5993,0.467,2026-09-24T08:32:34.680786+00:00
5994,0.462,2026-09-24T08:32:34.681918+00:00
5995,0.49200000000000005,2026-09-24T08:32:34.682934+00:00
5996,0.472,2026-09-24T08:32:34.683933+00:00
5997,0.444,2026-09-24T08:32:34.684891+00:00
5998,0.535,2026-09-24T08:32:34.686015+00:00
5999,0.64,2026-09-24T08:32:34.687289+00:00
6000,0.609,2026-09-24T08:32:34.688504+00:00
6001,0.634,2026-09-24T08:32:34.689742+00:00
6002,0.64,2026-09-24T08:32:34.690994+00:00
6003,0.88,2026-09-24T08:32:34.692533+00:00
6004,0.665,2026-09-24T08:32:34.693334+00:00
6005,0.782,2026-09-24T08:32:34.694677+00:00
6006,0.7060000000000001,2026-09-24T08:32:34.695943+00:00
6007,0.597,2026-09-24T08:32:34.697134+00:00
6008,0.5419999999999999,2026-09-24T08:32:34.698190+00:00
6009,0.629,2026-09-24T08:32:34.699462+00:00
6010,0.5609999999999999,2026-09-24T08:32:34.700496+00:00
6011,0.555,2026-09-24T08:32:34.701559+00:00
6012,0.506,2026-09-24T08:32:34.702576+00:00
6013,0.509,2026-09-24T08:32:34.703544+00:00
6014,0.559,2026-09-24T08:32:34.704641+00:00
6015,0.528,2026-09-24T08:32:34.705692+00:00
6016,0.517,2026-09-24T08:32:34.706700+00:00
6017,0.5479999999999999,2026-09-24T08:32:34.707740+00:00
6018,0.5199999999999999,2026-09-24T08:32:34.708722+00:00
6019,0.522,2026-09-24T08:32:34.709714+00:00
6020,0.515,2026-09-24T08:32:34.710909+00:00
6021,0.558,2026-09-24T08:32:34.711954+00:00
6022,0.505,2026-09-24T08:32:34.712974+00:00
6023,0.5289999999999999,2026-09-24T08:32:34.713992+00:00
6024,0.5339999999999999,2026-09-24T08:32:34.715235+00:00
6025,0.541,2026-09-24T08:32:34.716234+00:00
6026,0.507,2026-09-24T08:32:34.717212+00:00
6027,0.518,2026-09-24T08:32:34.718194+00:00
6028,0.49700000000000005,2026-09-24T08:32:34.719172+00:00
6029,0.509,2026-09-24T08:32:34.720181+00:00
6030,0.51,2026-09-24T08:32:34.721168+00:00
6031,0.505,2026-09-24T08:32:34.722123+00:00
6032,0.527,2026-09-24T08:32:34.723133+00:00
6033,0.509,2026-09-24T08:32:34.724165+00:00
6034,0.494,2026-09-24T08:32:34.725146+00:00
6035,0.49700000000000005,2026-09-24T08:32:34.726138+00:00
6036,0.522,2026-09-24T08:32:34.727153+00:00
6037,0.521,2026-09-24T08:32:34.728155+00:00
6038,0.5109999999999999,2026-09-24T08:32:34.729157+00:00
6039,0.509,2026-09-24T08:32:34.730226+00:00
6040,0.49299999999999994,2026-09-24T08:32:34.731203+00:00
6041,0.49200000000000005,2026-09-24T08:32:34.732183+00:00
6042,0.526,2026-09-24T08:32:34.733198+00:00
6043,0.5,2026-09-24T08:32:34.734163+00:00
6044,0.515,2026-09-24T08:32:34.735159+00:00
6045,0.524,2026-09-24T08:32:34.736177+00:00
6046,0.495,2026-09-24T08:32:34.737151+00:00
6047,0.499,2026-09-24T08:32:34.738130+00:00
6048,0.499,2026-09-24T08:32:34.739135+00:00
6049,0.519,2026-09-24T08:32:34.740137+00:00
6050,0.494,2026-09-24T08:32:34.741131+00:00
6051,0.5289999999999999,2026-09-24T08:32:34.742154+00:00
6052,0.526,2026-09-24T08:32:34.743177+00:00
6053,0.502,2026-09-24T08:32:34.744221+00:00
6054,0.49799999999999994,2026-09-24T08:32:34.745225+00:00
6055,0.521,2026-09-24T08:32:34.746236+00:00
6056,0.525,2026-09-24T08:32:34.747257+00:00
6057,0.507,2026-09-24T08:32:34.748251+00:00
6058,0.504,2026-09-24T08:32:34.749233+00:00
6059,0.51,2026-09-24T08:32:34.750222+00:00
6060,0.506,2026-09-24T08:32:34.751191+00:00
6061,0.502,2026-09-24T08:32:34.752164+00:00
6062,0.512,2026-09-24T08:32:34.753171+00:00
6063,0.506,2026-09-24T08:32:34.754156+00:00
6064,0.522,2026-09-24T08:32:34.755169+00:00
6065,0.526,2026-09-24T08:32:34.756191+00:00
6066,0.48899999999999993,2026-09-24T08:32:34.757164+00:00
6067,0.494,2026-09-24T08:32:34.758161+00:00
6068,0.48700000000000004,2026-09-24T08:32:34.759240+00:00
6069,0.522,2026-09-24T08:32:34.760240+00:00
6070,0.494,2026-09-24T08:32:34.761207+00:00
6071,0.531,2026-09-24T08:32:34.762273+00:00
6072,0.512,2026-09-24T08:32:34.763273+00:00
6073,0.486,2026-09-24T08:32:34.764229+00:00
6074,0.494,2026-09-24T08:32:34.765217+00:00
6075,0.505,2026-09-24T08:32:34.766231+00:00
6076,0.508,2026-09-24T08:32:34.767210+00:00
6077,0.484,2026-09-24T08:32:34.768150+00:00
6078,0.496,2026-09-24T08:32:34.769121+00:00
6079,0.655,2026-09-24T08:32:34.770252+00:00
6080,1.423,2026-09-24T08:32:34.772356+00:00
6081,1.139,2026-09-24T08:32:34.773852+00:00
6082,0.533,2026-09-24T08:32:34.774835+00:00
6083,0.5509999999999999,2026-09-24T08:32:34.775947+00:00
6084,0.514,2026-09-24T08:32:34.776975+00:00
6085,0.541,2026-09-24T08:32:34.778006+00:00
6086,0.504,2026-09-24T08:32:34.778995+00:00
6087,0.5289999999999999,2026-09-24T08:32:34.780015+00:00
6088,0.539,2026-09-24T08:32:34.781037+00:00
6089,0.532,2026-09-24T08:32:34.782065+00:00
6090,0.504,2026-09-24T08:32:34.783046+00:00
6091,0.513,2026-09-24T08:32:34.784056+00:00
6092,0.495,2026-09-24T08:32:34.785052+00:00
6093,0.506,2026-09-24T08:32:34.786049+00:00
6094,0.481,2026-09-24T08:32:34.787045+00:00
6095,0.525,2026-09-24T08:32:34.788069+00:00
6096,0.541,2026-09-24T08:32:34.789181+00:00
6097,0.5289999999999999,2026-09-24T08:32:34.790206+00:00
6098,0.494,2026-09-24T08:32:34.791287+00:00
6099,0.5429999999999999,2026-09-24T08:32:34.792329+00:00
6100,0.571,2026-09-24T08:32:34.793392+00:00
6101,0.496,2026-09-24T08:32:34.794365+00:00
6102,0.488,2026-09-24T08:32:34.795346+00:00
6103,0.505,2026-09-24T08:32:34.796359+00:00
6104,0.502,2026-09-24T08:32:34.797389+00:00
6105,0.5199999999999999,2026-09-24T08:32:34.798390+00:00
6106,0.509,2026-09-24T08:32:34.799404+00:00
6107,0.5479999999999999,2026-09-24T08:32:34.800432+00:00
6108,0.508,2026-09-24T08:32:34.801422+00:00
6109,0.508,2026-09-24T08:32:34.802406+00:00
6110,0.482,2026-09-24T08:32:34.803380+00:00
6111,0.494,2026-09-24T08:32:34.804384+00:00
6112,0.509,2026-09-24T08:32:34.805389+00:00
6113,0.5429999999999999,2026-09-24T08:32:34.806537+00:00
6114,0.558,2026-09-24T08:32:34.807698+00:00
6115,0.5289999999999999,2026-09-24T08:32:34.808701+00:00
6116,0.5289999999999999,2026-09-24T08:32:34.809678+00:00
6117,0.515,2026-09-24T08:32:34.810646+00:00
6118,0.495,2026-09-24T08:32:34.811600+00:00
6119,0.5109999999999999,2026-09-24T08:32:34.812579+00:00
6120,0.506,2026-09-24T08:32:34.813547+00:00
6121,0.516,2026-09-24T08:32:34.814531+00:00
6122,0.5429999999999999,2026-09-24T08:32:34.815547+00:00
6123,0.536,2026-09-24T08:32:34.816546+00:00
6124,0.515,2026-09-24T08:32:34.817582+00:00
6125,0.562,2026-09-24T08:32:34.818925+00:00
6126,0.507,2026-09-24T08:32:34.820118+00:00
6127,0.519,2026-09-24T08:32:34.821380+00:00
6128,0.49200000000000005,2026-09-24T08:32:34.822439+00:00
6129,0.541,2026-09-24T08:32:34.823461+00:00
6130,0.516,2026-09-24T08:32:34.824440+00:00
6131,0.515,2026-09-24T08:32:34.825428+00:00
6132,0.499,2026-09-24T08:32:34.826398+00:00
6133,0.512,2026-09-24T08:32:34.827433+00:00
6134,0.514,2026-09-24T08:32:34.828440+00:00
6135,0.554,2026-09-24T08:32:34.829494+00:00
6136,0.516,2026-09-24T08:32:34.830503+00:00
6137,0.522,2026-09-24T08:32:34.831525+00:00
6138,0.507,2026-09-24T08:32:34.832514+00:00
6139,0.519,2026-09-24T08:32:34.833543+00:00
6140,0.509,2026-09-24T08:32:34.834559+00:00
6141,0.53,2026-09-24T08:32:34.835577+00:00
6142,0.51,2026-09-24T08:32:34.836653+00:00
6143,0.5379999999999999,2026-09-24T08:32:34.837666+00:00
6144,0.5289999999999999,2026-09-24T08:32:34.838684+00:00
6145,0.504,2026-09-24T08:32:34.839658+00:00
6146,0.507,2026-09-24T08:32:34.840654+00:00
6147,0.506,2026-09-24T08:32:34.841645+00:00
6148,0.515,2026-09-24T08:32:34.842622+00:00
6149,0.49,2026-09-24T08:32:34.843571+00:00
6150,0.533,2026-09-24T08:32:34.844574+00:00
6151,0.587,2026-09-24T08:32:34.845783+00:00
6152,0.5630000000000001,2026-09-24T08:32:34.846923+00:00
6153,0.532,2026-09-24T08:32:34.847966+00:00
6154,0.537,2026-09-24T08:32:34.849042+00:00
6155,0.54,2026-09-24T08:32:34.850131+00:00
6156,0.539,2026-09-24T08:32:34.851182+00:00
6157,0.5640000000000001,2026-09-24T08:32:34.852353+00:00
6158,0.5379999999999999,2026-09-24T08:32:34.853389+00:00
6159,0.536,2026-09-24T08:32:34.854434+00:00
6160,0.518,2026-09-24T08:32:34.855455+00:00
6161,0.541,2026-09-24T08:32:34.856477+00:00
6162,0.554,2026-09-24T08:32:34.857533+00:00
6163,0.546,2026-09-24T08:32:34.858585+00:00
6164,0.571,2026-09-24T08:32:34.859653+00:00
6165,0.9610000000000001,2026-09-24T08:32:34.861097+00:00
6166,0.6539999999999999,2026-09-24T08:32:34.861814+00:00
6167,0.733,2026-09-24T08:32:34.862941+00:00
6168,0.7380000000000001,2026-09-24T08:32:34.863927+00:00
6169,0.69,2026-09-24T08:32:34.864852+00:00
6170,3.799,2026-09-24T08:32:34.869153+00:00
6171,0.9420000000000001,2026-09-24T08:32:34.870763+00:00
6172,0.99,2026-09-24T08:32:34.872438+00:00
6173,0.7829999999999999,2026-09-24T08:32:34.873766+00:00
6174,0.739,2026-09-24T08:32:34.875003+00:00
6175,0.69,2026-09-24T08:32:34.876329+00:00
6176,0.678,2026-09-24T08:32:34.877515+00:00
6177,0.7290000000000001,2026-09-24T08:32:34.878774+00:00
6178,0.691,2026-09-24T08:32:34.880000+00:00
6179,0.717,2026-09-24T08:32:34.881322+00:00
6180,0.796,2026-09-24T08:32:34.882606+00:00
6181,0.731,2026-09-24T08:32:34.883778+00:00
6182,1.138,2026-09-24T08:32:34.885478+00:00
6183,1.287,2026-09-24T08:32:34.887145+00:00
6184,0.838,2026-09-24T08:32:34.888145+00:00
6185,1.254,2026-09-24T08:32:34.889819+00:00
6186,1.083,2026-09-24T08:32:34.891653+00:00
6187,0.732,2026-09-24T08:32:34.892747+00:00
6188,0.74,2026-09-24T08:32:34.893941+00:00
6189,1.055,2026-09-24T08:32:34.895524+00:00
6190,1.5399999999999998,2026-09-24T08:32:34.897594+00:00
6191,0.992,2026-09-24T08:32:34.899004+00:00
6192,0.742,2026-09-24T08:32:34.900312+00:00
6193,0.796,2026-09-24T08:32:34.901651+00:00
6194,0.798,2026-09-24T08:32:34.902945+00:00
6195,0.642,2026-09-24T08:32:34.904171+00:00
6196,0.5559999999999999,2026-09-24T08:32:34.905159+00:00
6197,0.608,2026-09-24T08:32:34.906234+00:00
6198,0.75,2026-09-24T08:32:34.907455+00:00
6199,0.609,2026-09-24T08:32:34.908544+00:00
6200,0.761,2026-09-24T08:32:34.909902+00:00
6201,0.767,2026-09-24T08:32:34.911102+00:00
6202,1.09,2026-09-24T08:32:34.912755+00:00
6203,0.644,2026-09-24T08:32:34.913604+00:00
6204,0.5599999999999999,2026-09-24T08:32:34.914558+00:00
6205,1.1869999999999998,2026-09-24T08:32:34.916189+00:00
6206,0.82,2026-09-24T08:32:34.917761+00:00
6207,0.8,2026-09-24T08:32:34.919020+00:00
6208,0.657,2026-09-24T08:32:34.920133+00:00
6209,0.619,2026-09-24T08:32:34.921214+00:00
6210,0.621,2026-09-24T08:32:34.922285+00:00
6211,0.619,2026-09-24T08:32:34.923330+00:00
6212,0.599,2026-09-24T08:32:34.924355+00:00
6213,0.619,2026-09-24T08:32:34.925430+00:00
6214,0.585,2026-09-24T08:32:34.926455+00:00
6215,0.61,2026-09-24T08:32:34.927512+00:00
6216,0.683,2026-09-24T08:32:34.928863+00:00
6217,0.76,2026-09-24T08:32:34.930062+00:00
6218,0.6589999999999999,2026-09-24T08:32:34.931339+00:00
6219,0.694,2026-09-24T08:32:34.932576+00:00
6220,0.6719999999999999,2026-09-24T08:32:34.933697+00:00
6221,0.7020000000000001,2026-09-24T08:32:34.934924+00:00
6222,0.5810000000000001,2026-09-24T08:32:34.935982+00:00
6223,0.558,2026-09-24T08:32:34.936989+00:00
6224,0.5630000000000001,2026-09-24T08:32:34.937992+00:00
6225,0.596,2026-09-24T08:32:34.939039+00:00
6226,0.652,2026-09-24T08:32:34.940145+00:00
6227,0.5680000000000001,2026-09-24T08:32:34.941139+00:00
6228,0.574,2026-09-24T08:32:34.942168+00:00
6229,0.593,2026-09-24T08:32:34.943234+00:00
6230,0.58,2026-09-24T08:32:34.944222+00:00
6231,0.628,2026-09-24T08:32:34.945556+00:00
6232,0.894,2026-09-24T08:32:34.947379+00:00
6233,0.731,2026-09-24T08:32:34.948743+00:00
6234,0.7,2026-09-24T08:32:34.949993+00:00
6235,0.6809999999999999,2026-09-24T08:32:34.951176+00:00
6236,0.632,2026-09-24T08:32:34.952285+00:00
6237,0.608,2026-09-24T08:32:34.953362+00:00
6238,0.611,2026-09-24T08:32:34.954504+00:00
6239,0.609,2026-09-24T08:32:34.955586+00:00
6240,0.605,2026-09-24T08:32:34.956725+00:00
6241,0.695,2026-09-24T08:32:34.957901+00:00
6242,0.637,2026-09-24T08:32:34.959017+00:00
6243,0.857,2026-09-24T08:32:34.960548+00:00
6244,0.719,2026-09-24T08:32:34.961852+00:00
6245,0.6809999999999999,2026-09-24T08:32:34.963013+00:00
6246,0.597,2026-09-24T08:32:34.964190+00:00
6247,0.593,2026-09-24T08:32:34.965271+00:00
6248,0.636,2026-09-24T08:32:34.966344+00:00
6249,0.721,2026-09-24T08:32:34.967574+00:00
6250,0.63,2026-09-24T08:32:34.968657+00:00
6251,0.662,2026-09-24T08:32:34.969747+00:00
6252,0.655,2026-09-24T08:32:34.970831+00:00
6253,0.69,2026-09-24T08:32:34.971943+00:00
6254,0.621,2026-09-24T08:32:34.973126+00:00
6255,0.652,2026-09-24T08:32:34.974239+00:00
6256,0.733,2026-09-24T08:32:34.975532+00:00
6257,0.6920000000000001,2026-09-24T08:32:34.976689+00:00
6258,0.662,2026-09-24T08:32:34.977897+00:00
6259,0.69,2026-09-24T08:32:34.979038+00:00
6260,0.5860000000000001,2026-09-24T08:32:34.980218+00:00
6261,0.63,2026-09-24T08:32:34.981333+00:00
6262,0.635,2026-09-24T08:32:34.982451+00:00
6263,0.643,2026-09-24T08:32:34.983568+00:00
6264,0.609,2026-09-24T08:32:34.984622+00:00
6265,0.68,2026-09-24T08:32:34.985732+00:00
6266,0.63,2026-09-24T08:32:34.986822+00:00
6267,0.585,2026-09-24T08:32:34.987847+00:00
6268,0.5569999999999999,2026-09-24T08:32:34.988850+00:00
6269,0.684,2026-09-24T08:32:34.989949+00:00
6270,0.69,2026-09-24T08:32:34.991068+00:00
6271,0.616,2026-09-24T08:32:34.992136+00:00
6272,0.5810000000000001,2026-09-24T08:32:34.993185+00:00
6273,0.5910000000000001,2026-09-24T08:32:34.994208+00:00
6274,0.5770000000000001,2026-09-24T08:32:34.995241+00:00
6275,0.57,2026-09-24T08:32:34.996362+00:00
6276,0.646,2026-09-24T08:32:34.997488+00:00
6277,0.678,2026-09-24T08:32:34.998615+00:00
6278,0.617,2026-09-24T08:32:34.999824+00:00
6279,0.643,2026-09-24T08:32:35.000877+00:00
6280,0.603,2026-09-24T08:32:35.001899+00:00
6281,0.652,2026-09-24T08:32:35.003001+00:00
6282,0.601,2026-09-24T08:32:35.004072+00:00
6283,1.0070000000000001,2026-09-24T08:32:35.005856+00:00
6284,0.799,2026-09-24T08:32:35.007234+00:00
6285,0.7969999999999999,2026-09-24T08:32:35.008522+00:00
6286,0.877,2026-09-24T08:32:35.009850+00:00
6287,0.782,2026-09-24T08:32:35.010907+00:00
6288,0.735,2026-09-24T08:32:35.012019+00:00
6289,0.7150000000000001,2026-09-24T08:32:35.013230+00:00
6290,0.68,2026-09-24T08:32:35.014692+00:00
6291,0.601,2026-09-24T08:32:35.015724+00:00
6292,0.535,2026-09-24T08:32:35.016680+00:00
6293,0.5519999999999999,2026-09-24T08:32:35.017684+00:00
6294,0.531,2026-09-24T08:32:35.018645+00:00
6295,0.57,2026-09-24T08:32:35.019623+00:00
6296,0.848,2026-09-24T08:32:35.022388+00:00
6297,0.662,2026-09-24T08:32:35.023814+00:00
6298,0.635,2026-09-24T08:32:35.024965+00:00
6299,0.619,2026-09-24T08:32:35.026136+00:00
6300,0.749,2026-09-24T08:32:35.027486+00:00
6301,0.735,2026-09-24T08:32:35.028721+00:00
6302,0.7,2026-09-24T08:32:35.029896+00:00
6303,0.713,2026-09-24T08:32:35.031045+00:00
6304,0.678,2026-09-24T08:32:35.032244+00:00
6305,0.675,2026-09-24T08:32:35.033872+00:00
6306,0.683,2026-09-24T08:32:35.035058+00:00
6307,0.773,2026-09-24T08:32:35.036320+00:00
6308,0.708,2026-09-24T08:32:35.037567+00:00
6309,0.7879999999999999,2026-09-24T08:32:35.038897+00:00
6310,0.717,2026-09-24T08:32:35.040064+00:00
6311,0.696,2026-09-24T08:32:35.041279+00:00
6312,1.02,2026-09-24T08:32:35.042809+00:00
6313,0.719,2026-09-24T08:32:35.043699+00:00
6314,0.616,2026-09-24T08:32:35.044691+00:00
6315,0.755,2026-09-24T08:32:35.045975+00:00
6316,0.9859999999999999,2026-09-24T08:32:35.048096+00:00
6317,0.7200000000000001,2026-09-24T08:32:35.049019+00:00
6318,0.603,2026-09-24T08:32:35.050059+00:00
6319,0.631,2026-09-24T08:32:35.051242+00:00
6320,0.583,2026-09-24T08:32:35.052562+00:00
6321,0.584,2026-09-24T08:32:35.053627+00:00
6322,0.539,2026-09-24T08:32:35.054667+00:00
6323,0.5519999999999999,2026-09-24T08:32:35.055716+00:00
6324,0.55,2026-09-24T08:32:35.056747+00:00
6325,0.5479999999999999,2026-09-24T08:32:35.057779+00:00
6326,0.536,2026-09-24T08:32:35.058814+00:00
6327,0.574,2026-09-24T08:32:35.059836+00:00
6328,0.531,2026-09-24T08:32:35.060783+00:00
6329,0.527,2026-09-24T08:32:35.061786+00:00
6330,0.675,2026-09-24T08:32:35.062929+00:00
6331,0.5609999999999999,2026-09-24T08:32:35.063906+00:00
6332,0.546,2026-09-24T08:32:35.065057+00:00
6333,0.5519999999999999,2026-09-24T08:32:35.066097+00:00
6334,0.611,2026-09-24T08:32:35.067264+00:00
6335,0.5559999999999999,2026-09-24T08:32:35.068263+00:00
6336,0.5900000000000001,2026-09-24T08:32:35.069376+00:00
6337,0.666,2026-09-24T08:32:35.070462+00:00
6338,0.598,2026-09-24T08:32:35.071585+00:00
6339,0.558,2026-09-24T08:32:35.072707+00:00
6340,0.5509999999999999,2026-09-24T08:32:35.073796+00:00
6341,0.532,2026-09-24T08:32:35.074868+00:00
6342,0.504,2026-09-24T08:32:35.075946+00:00
6343,0.508,2026-09-24T08:32:35.077005+00:00
6344,0.502,2026-09-24T08:32:35.078064+00:00
6345,0.49200000000000005,2026-09-24T08:32:35.079154+00:00
6346,0.509,2026-09-24T08:32:35.080223+00:00
6347,0.501,2026-09-24T08:32:35.081258+00:00
6348,0.509,2026-09-24T08:32:35.082302+00:00
6349,0.5289999999999999,2026-09-24T08:32:35.083600+00:00
6350,0.49799999999999994,2026-09-24T08:32:35.084650+00:00
6351,0.596,2026-09-24T08:32:35.085854+00:00
6352,0.488,2026-09-24T08:32:35.086925+00:00
6353,0.505,2026-09-24T08:32:35.087970+00:00
6354,0.49700000000000005,2026-09-24T08:32:35.089007+00:00
6355,0.48700000000000004,2026-09-24T08:32:35.090021+00:00
6356,0.526,2026-09-24T08:32:35.091090+00:00
6357,0.502,2026-09-24T08:32:35.092137+00:00
6358,0.479,2026-09-24T08:32:35.093171+00:00
6359,0.504,2026-09-24T08:32:35.094233+00:00
6360,0.479,2026-09-24T08:32:35.095260+00:00
6361,0.504,2026-09-24T08:32:35.096302+00:00
6362,0.523,2026-09-24T08:32:35.097375+00:00
6363,0.541,2026-09-24T08:32:35.098461+00:00
6364,0.495,2026-09-24T08:32:35.099601+00:00
6365,0.5,2026-09-24T08:32:35.100659+00:00
6366,0.48700000000000004,2026-09-24T08:32:35.101686+00:00
6367,0.526,2026-09-24T08:32:35.102739+00:00
6368,0.504,2026-09-24T08:32:35.103765+00:00
6369,0.5720000000000001,2026-09-24T08:32:35.104894+00:00
6370,0.516,2026-09-24T08:32:35.105978+00:00
6371,0.51,2026-09-24T08:32:35.107066+00:00
6372,0.488,2026-09-24T08:32:35.108116+00:00
6373,0.49700000000000005,2026-09-24T08:32:35.109188+00:00
6374,0.467,2026-09-24T08:32:35.110218+00:00
6375,0.499,2026-09-24T08:32:35.111249+00:00
6376,0.496,2026-09-24T08:32:35.112307+00:00
6377,0.496,2026-09-24T08:32:35.113352+00:00
6378,0.479,2026-09-24T08:32:35.114391+00:00
6379,0.525,2026-09-24T08:32:35.115596+00:00
6380,0.488,2026-09-24T08:32:35.116634+00:00
6381,0.501,2026-09-24T08:32:35.117701+00:00
6382,0.49,2026-09-24T08:32:35.118740+00:00
6383,0.539,2026-09-24T08:32:35.119812+00:00
6384,0.617,2026-09-24T08:32:35.120959+00:00
6385,0.541,2026-09-24T08:32:35.122093+00:00
6386,0.48000000000000004,2026-09-24T08:32:35.123149+00:00
6387,0.464,2026-09-24T08:32:35.124153+00:00
6388,0.458,2026-09-24T08:32:35.125135+00:00
6389,0.446,2026-09-24T08:32:35.126107+00:00
6390,0.716,2026-09-24T08:32:35.127366+00:00
6391,0.808,2026-09-24T08:32:35.128728+00:00
6392,0.723,2026-09-24T08:32:35.129919+00:00
6393,0.5720000000000001,2026-09-24T08:32:35.130811+00:00
6394,0.5429999999999999,2026-09-24T08:32:35.131853+00:00
6395,0.536,2026-09-24T08:32:35.132824+00:00
6396,0.496,2026-09-24T08:32:35.133766+00:00
6397,0.602,2026-09-24T08:32:35.134839+00:00
6398,0.871,2026-09-24T08:32:35.136195+00:00
6399,0.785,2026-09-24T08:32:35.137242+00:00
6400,0.5820000000000001,2026-09-24T08:32:35.138079+00:00
6401,0.579,2026-09-24T08:32:35.139172+00:00
6402,0.49299999999999994,2026-09-24T08:32:35.140114+00:00
6403,0.522,2026-09-24T08:32:35.141120+00:00
6404,0.479,2026-09-24T08:32:35.142078+00:00
6405,0.5950000000000001,2026-09-24T08:32:35.143174+00:00
6406,0.518,2026-09-24T08:32:35.144066+00:00
6407,0.868,2026-09-24T08:32:35.145479+00:00
6408,0.757,2026-09-24T08:32:35.146893+00:00
6409,0.687,2026-09-24T08:32:35.148124+00:00
6410,0.6849999999999999,2026-09-24T08:32:35.149360+00:00
6411,0.88,2026-09-24T08:32:35.150827+00:00
6412,0.798,2026-09-24T08:32:35.152269+00:00
6413,0.655,2026-09-24T08:32:35.153703+00:00
6414,0.5810000000000001,2026-09-24T08:32:35.154910+00:00
6415,0.5810000000000001,2026-09-24T08:32:35.156045+00:00
6416,0.527,2026-09-24T08:32:35.157141+00:00
6417,0.49299999999999994,2026-09-24T08:32:35.158185+00:00
6418,0.562,2026-09-24T08:32:35.159351+00:00
6419,0.523,2026-09-24T08:32:35.160482+00:00
6420,0.5630000000000001,2026-09-24T08:32:35.161774+00:00
6421,0.574,2026-09-24T08:32:35.162979+00:00
6422,0.558,2026-09-24T08:32:35.164130+00:00
6423,0.5720000000000001,2026-09-24T08:32:35.165541+00:00
6424,0.9460000000000001,2026-09-24T08:32:35.167053+00:00
6425,0.7110000000000001,2026-09-24T08:32:35.167933+00:00
6426,0.608,2026-09-24T08:32:35.168998+00:00
6427,0.593,2026-09-24T08:32:35.170092+00:00
6428,0.558,2026-09-24T08:32:35.171178+00:00
6429,0.571,2026-09-24T08:32:35.172300+00:00
6430,0.531,2026-09-24T08:32:35.173339+00:00
6431,0.57,2026-09-24T08:32:35.174405+00:00
6432,0.632,2026-09-24T08:32:35.175580+00:00
6433,0.6449999999999999,2026-09-24T08:32:35.176712+00:00
6434,0.605,2026-09-24T08:32:35.177832+00:00
6435,0.754,2026-09-24T08:32:35.179049+00:00
6436,0.723,2026-09-24T08:32:35.180375+00:00
6437,0.7380000000000001,2026-09-24T08:32:35.181716+00:00
6438,0.805,2026-09-24T08:32:35.183204+00:00
6439,0.64,2026-09-24T08:32:35.184364+00:00
6440,0.628,2026-09-24T08:32:35.185598+00:00
6441,0.599,2026-09-24T08:32:35.186810+00:00
6442,0.5429999999999999,2026-09-24T08:32:35.187934+00:00
6443,0.518,2026-09-24T08:32:35.188940+00:00
6444,0.521,2026-09-24T08:32:35.189960+00:00
6445,0.5720000000000001,2026-09-24T08:32:35.191012+00:00
6446,0.664,2026-09-24T08:32:35.192168+00:00
6447,0.608,2026-09-24T08:32:35.193576+00:00
6448,1.274,2026-09-24T08:32:35.195431+00:00
6449,0.9319999999999999,2026-09-24T08:32:35.196614+00:00
6450,0.9129999999999999,2026-09-24T08:32:35.198131+00:00
6451,1.121,2026-09-24T08:32:35.199879+00:00
6452,0.902,2026-09-24T08:32:35.201159+00:00
6453,0.815,2026-09-24T08:32:35.202747+00:00
6454,0.769,2026-09-24T08:32:35.204104+00:00
6455,0.727,2026-09-24T08:32:35.205491+00:00
6456,0.781,2026-09-24T08:32:35.206879+00:00
6457,0.739,2026-09-24T08:32:35.208144+00:00
6458,0.652,2026-09-24T08:32:35.209397+00:00
6459,0.707,2026-09-24T08:32:35.210582+00:00
6460,0.6629999999999999,2026-09-24T08:32:35.211723+00:00
6461,0.664,2026-09-24T08:32:35.212922+00:00
6462,0.633,2026-09-24T08:32:35.214108+00:00
6463,0.655,2026-09-24T08:32:35.215351+00:00
6464,0.983,2026-09-24T08:32:35.216865+00:00
6465,0.8450000000000001,2026-09-24T08:32:35.217932+00:00
6466,0.726,2026-09-24T08:32:35.219094+00:00
6467,0.605,2026-09-24T08:32:35.220277+00:00
6468,0.596,2026-09-24T08:32:35.221296+00:00
6469,0.635,2026-09-24T08:32:35.222389+00:00
6470,0.583,2026-09-24T08:32:35.223446+00:00
6471,0.851,2026-09-24T08:32:35.224792+00:00
6472,0.911,2026-09-24T08:32:35.226002+00:00
6473,0.71,2026-09-24T08:32:35.227189+00:00
6474,0.6449999999999999,2026-09-24T08:32:35.228320+00:00
6475,0.626,2026-09-24T08:32:35.229407+00:00
6476,0.637,2026-09-24T08:32:35.230615+00:00
6477,0.721,2026-09-24T08:32:35.231883+00:00
6478,0.684,2026-09-24T08:32:35.233055+00:00
6479,0.6589999999999999,2026-09-24T08:32:35.234401+00:00
6480,0.846,2026-09-24T08:32:35.235726+00:00
6481,0.713,2026-09-24T08:32:35.236720+00:00
6482,0.722,2026-09-24T08:32:35.238123+00:00
6483,0.5910000000000001,2026-09-24T08:32:35.239110+00:00
6484,0.5479999999999999,2026-09-24T08:32:35.240139+00:00
6485,0.6880000000000001,2026-09-24T08:32:35.241336+00:00
6486,0.5419999999999999,2026-09-24T08:32:35.242250+00:00
6487,0.709,2026-09-24T08:32:35.243482+00:00
6488,0.5339999999999999,2026-09-24T08:32:35.244350+00:00
6489,0.544,2026-09-24T08:32:35.245358+00:00
6490,0.503,2026-09-24T08:32:35.246357+00:00
6491,0.532,2026-09-24T08:32:35.247436+00:00
6492,0.507,2026-09-24T08:32:35.248463+00:00
6493,0.514,2026-09-24T08:32:35.249466+00:00
6494,0.856,2026-09-24T08:32:35.250922+00:00
6495,1.085,2026-09-24T08:32:35.252468+00:00
6496,0.787,2026-09-24T08:32:35.253657+00:00
6497,0.733,2026-09-24T08:32:35.254971+00:00
6498,0.7020000000000001,2026-09-24T08:32:35.256178+00:00
6499,0.7,2026-09-24T08:32:35.257400+00:00
6500,0.6679999999999999,2026-09-24T08:32:35.258565+00:00
6501,0.691,2026-09-24T08:32:35.259842+00:00
6502,0.6809999999999999,2026-09-24T08:32:35.261033+00:00
6503,0.678,2026-09-24T08:32:35.262192+00:00
6504,0.68,2026-09-24T08:32:35.263443+00:00
6505,0.6759999999999999,2026-09-24T08:32:35.264599+00:00
6506,0.6719999999999999,2026-09-24T08:32:35.265747+00:00
6507,0.655,2026-09-24T08:32:35.266850+00:00
6508,0.809,2026-09-24T08:32:35.268111+00:00
6509,0.656,2026-09-24T08:32:35.269289+00:00
6510,0.674,2026-09-24T08:32:35.270450+00:00
6511,0.678,2026-09-24T08:32:35.271632+00:00
6512,0.63,2026-09-24T08:32:35.272846+00:00
6513,0.6629999999999999,2026-09-24T08:32:35.274000+00:00
6514,0.64,2026-09-24T08:32:35.275130+00:00
6515,0.683,2026-09-24T08:32:35.276291+00:00
6516,0.62,2026-09-24T08:32:35.277375+00:00
6517,0.6629999999999999,2026-09-24T08:32:35.278505+00:00
6518,0.647,2026-09-24T08:32:35.279609+00:00
6519,0.745,2026-09-24T08:32:35.280840+00:00
6520,0.775,2026-09-24T08:32:35.282078+00:00
6521,0.824,2026-09-24T08:32:35.283510+00:00
6522,0.7150000000000001,2026-09-24T08:32:35.284719+00:00
6523,0.71,2026-09-24T08:32:35.285874+00:00
6524,0.661,2026-09-24T08:32:35.286982+00:00
6525,0.637,2026-09-24T08:32:35.288129+00:00
6526,0.657,2026-09-24T08:32:35.289303+00:00
6527,0.664,2026-09-24T08:32:35.290545+00:00
6528,0.684,2026-09-24T08:32:35.291678+00:00
6529,0.862,2026-09-24T08:32:35.293134+00:00
6530,0.637,2026-09-24T08:32:35.294163+00:00
6531,0.699,2026-09-24T08:32:35.295367+00:00
6532,0.651,2026-09-24T08:32:35.296498+00:00
6533,0.787,2026-09-24T08:32:35.297723+00:00
6534,0.985,2026-09-24T08:32:35.299267+00:00
6535,0.679,2026-09-24T08:32:35.300500+00:00
6536,0.57,2026-09-24T08:32:35.301564+00:00
6537,0.839,2026-09-24T08:32:35.302849+00:00
6538,0.782,2026-09-24T08:32:35.303930+00:00
6539,0.616,2026-09-24T08:32:35.304926+00:00
6540,0.587,2026-09-24T08:32:35.305903+00:00
6541,0.558,2026-09-24T08:32:35.307081+00:00
6542,0.524,2026-09-24T08:32:35.308047+00:00
6543,0.523,2026-09-24T08:32:35.309014+00:00
6544,0.491,2026-09-24T08:32:35.309924+00:00
6545,0.509,2026-09-24T08:32:35.310856+00:00
6546,0.54,2026-09-24T08:32:35.311865+00:00
6547,0.605,2026-09-24T08:32:35.312932+00:00
6548,0.5609999999999999,2026-09-24T08:32:35.313936+00:00
6549,0.553,2026-09-24T08:32:35.314917+00:00
6550,0.515,2026-09-24T08:32:35.315857+00:00
6551,0.531,2026-09-24T08:32:35.316850+00:00
6552,0.509,2026-09-24T08:32:35.317780+00:00
6553,0.558,2026-09-24T08:32:35.318772+00:00
6554,0.843,2026-09-24T08:32:35.320116+00:00
6555,0.6579999999999999,2026-09-24T08:32:35.321169+00:00
6556,0.549,2026-09-24T08:32:35.322392+00:00
6557,0.49299999999999994,2026-09-24T08:32:35.323399+00:00
6558,0.495,2026-09-24T08:32:35.324355+00:00
6559,0.49299999999999994,2026-09-24T08:32:35.325342+00:00
6560,0.48000000000000004,2026-09-24T08:32:35.326286+00:00
6561,0.592,2026-09-24T08:32:35.327394+00:00
6562,0.5199999999999999,2026-09-24T08:32:35.328399+00:00
6563,0.5509999999999999,2026-09-24T08:32:35.329417+00:00
6564,0.488,2026-09-24T08:32:35.330380+00:00
6565,0.47600000000000003,2026-09-24T08:32:35.331329+00:00
6566,0.47300000000000003,2026-09-24T08:32:35.332317+00:00
6567,0.479,2026-09-24T08:32:35.333265+00:00
6568,0.458,2026-09-24T08:32:35.334229+00:00
6569,0.8809999999999999,2026-09-24T08:32:35.335816+00:00
6570,0.621,2026-09-24T08:32:35.336967+00:00
6571,0.721,2026-09-24T08:32:35.338269+00:00
6572,0.687,2026-09-24T08:32:35.339394+00:00
6573,0.684,2026-09-24T08:32:35.340528+00:00
6574,0.533,2026-09-24T08:32:35.341462+00:00
6575,0.532,2026-09-24T08:32:35.342431+00:00
6576,0.603,2026-09-24T08:32:35.343532+00:00
6577,0.5559999999999999,2026-09-24T08:32:35.344531+00:00
6578,0.536,2026-09-24T08:32:35.345534+00:00
6579,0.522,2026-09-24T08:32:35.346614+00:00
6580,0.544,2026-09-24T08:32:35.347906+00:00
6581,0.513,2026-09-24T08:32:35.349072+00:00
6582,0.512,2026-09-24T08:32:35.350109+00:00
6583,0.619,2026-09-24T08:32:35.351253+00:00
6584,0.525,2026-09-24T08:32:35.352263+00:00
6585,0.5109999999999999,2026-09-24T08:32:35.353306+00:00
6586,0.536,2026-09-24T08:32:35.354485+00:00
6587,0.531,2026-09-24T08:32:35.355465+00:00
6588,0.484,2026-09-24T08:32:35.356404+00:00
6589,0.55,2026-09-24T08:32:35.357431+00:00
6590,0.509,2026-09-24T08:32:35.358388+00:00
6591,0.574,2026-09-24T08:32:35.359495+00:00
6592,0.518,2026-09-24T08:32:35.360498+00:00
6593,0.509,2026-09-24T08:32:35.361514+00:00
6594,0.8260000000000001,2026-09-24T08:32:35.362831+00:00
6595,0.9970000000000001,2026-09-24T08:32:35.364460+00:00
6596,0.757,2026-09-24T08:32:35.365815+00:00
6597,0.838,2026-09-24T08:32:35.367303+00:00
6598,1.052,2026-09-24T08:32:35.368978+00:00
6599,0.983,2026-09-24T08:32:35.370275+00:00
6600,0.8260000000000001,2026-09-24T08:32:35.371782+00:00
6601,0.7240000000000001,2026-09-24T08:32:35.373294+00:00
6602,0.6679999999999999,2026-09-24T08:32:35.374532+00:00
6603,0.749,2026-09-24T08:32:35.375963+00:00
6604,0.857,2026-09-24T08:32:35.377400+00:00
6605,0.7739999999999999,2026-09-24T08:32:35.378658+00:00
6606,0.7060000000000001,2026-09-24T08:32:35.379901+00:00
6607,0.723,2026-09-24T08:32:35.381204+00:00
6608,0.622,2026-09-24T08:32:35.382334+00:00
6609,0.766,2026-09-24T08:32:35.383735+00:00
6610,0.723,2026-09-24T08:32:35.385016+00:00
6611,0.6849999999999999,2026-09-24T08:32:35.386232+00:00
6612,0.67,2026-09-24T08:32:35.387400+00:00
6613,0.9309999999999999,2026-09-24T08:32:35.388943+00:00
6614,0.6679999999999999,2026-09-24T08:32:35.389837+00:00
6615,0.644,2026-09-24T08:32:35.390919+00:00
6616,0.934,2026-09-24T08:32:35.392426+00:00
6617,0.664,2026-09-24T08:32:35.393519+00:00
6618,0.6489999999999999,2026-09-24T08:32:35.394587+00:00
6619,0.574,2026-09-24T08:32:35.395517+00:00
6620,0.49799999999999994,2026-09-24T08:32:35.396448+00:00
6621,0.496,2026-09-24T08:32:35.397395+00:00
6622,0.554,2026-09-24T08:32:35.398458+00:00
6623,0.85,2026-09-24T08:32:35.399942+00:00
6624,0.6629999999999999,2026-09-24T08:32:35.401179+00:00
6625,0.69,2026-09-24T08:32:35.402432+00:00
6626,0.5860000000000001,2026-09-24T08:32:35.403544+00:00
6627,0.795,2026-09-24T08:32:35.404898+00:00
6628,0.6930000000000001,2026-09-24T08:32:35.406157+00:00
6629,0.699,2026-09-24T08:32:35.407399+00:00
6630,0.839,2026-09-24T08:32:35.408895+00:00
6631,0.8809999999999999,2026-09-24T08:32:35.410060+00:00
6632,0.816,2026-09-24T08:32:35.411087+00:00
6633,0.7879999999999999,2026-09-24T08:32:35.412069+00:00
6634,0.848,2026-09-24T08:32:35.413150+00:00
6635,0.838,2026-09-24T08:32:35.414226+00:00
6636,1.106,2026-09-24T08:32:35.415572+00:00
6637,1.132,2026-09-24T08:32:35.417098+00:00
6638,1.021,2026-09-24T08:32:35.418453+00:00
6639,1.019,2026-09-24T08:32:35.419780+00:00
6640,1.003,2026-09-24T08:32:35.421099+00:00
6641,0.9840000000000001,2026-09-24T08:32:35.422374+00:00
6642,1.098,2026-09-24T08:32:35.423965+00:00
6643,1.176,2026-09-24T08:32:35.425615+00:00
6644,0.957,2026-09-24T08:32:35.426970+00:00
6645,0.894,2026-09-24T08:32:35.428277+00:00
6646,0.855,2026-09-24T08:32:35.429500+00:00
6647,0.852,2026-09-24T08:32:35.430615+00:00
6648,0.8809999999999999,2026-09-24T08:32:35.431782+00:00
6649,0.896,2026-09-24T08:32:35.432929+00:00
6650,0.903,2026-09-24T08:32:35.434038+00:00
6651,0.86,2026-09-24T08:32:35.435147+00:00
6652,1.042,2026-09-24T08:32:35.436424+00:00
6653,1.037,2026-09-24T08:32:35.437798+00:00
6654,1.049,2026-09-24T08:32:35.439188+00:00
6655,1.042,2026-09-24T08:32:35.440627+00:00
6656,0.9990000000000001,2026-09-24T08:32:35.442183+00:00
6657,0.844,2026-09-24T08:32:35.443396+00:00
6658,0.9890000000000001,2026-09-24T08:32:35.444636+00:00
6659,1.142,2026-09-24T08:32:35.446073+00:00
6660,1.268,2026-09-24T08:32:35.447785+00:00
6661,0.995,2026-09-24T08:32:35.449088+00:00
6662,0.962,2026-09-24T08:32:35.450676+00:00
6663,0.7020000000000001,2026-09-24T08:32:35.451910+00:00
6664,0.644,2026-09-24T08:32:35.453155+00:00
6665,0.605,2026-09-24T08:32:35.454343+00:00
6666,0.78,2026-09-24T08:32:35.455748+00:00
6667,1.142,2026-09-24T08:32:35.457352+00:00
6668,0.9940000000000001,2026-09-24T08:32:35.458509+00:00
6669,0.9560000000000001,2026-09-24T08:32:35.459790+00:00
6670,0.9470000000000001,2026-09-24T08:32:35.461100+00:00
6671,1.081,2026-09-24T08:32:35.462754+00:00
6672,0.728,2026-09-24T08:32:35.463785+00:00
6673,1.006,2026-09-24T08:32:35.465237+00:00
6674,1.242,2026-09-24T08:32:35.467147+00:00
6675,0.766,2026-09-24T08:32:35.468623+00:00
6676,0.6589999999999999,2026-09-24T08:32:35.469750+00:00
6677,1.088,2026-09-24T08:32:35.471337+00:00
6678,0.976,2026-09-24T08:32:35.472742+00:00
6679,0.9470000000000001,2026-09-24T08:32:35.474284+00:00
6680,0.725,2026-09-24T08:32:35.475459+00:00
6681,0.7010000000000001,2026-09-24T08:32:35.476640+00:00
6682,0.6890000000000001,2026-09-24T08:32:35.477808+00:00
6683,1.3370000000000002,2026-09-24T08:32:35.479613+00:00
6684,0.7649999999999999,2026-09-24T08:32:35.480787+00:00
6685,0.6890000000000001,2026-09-24T08:32:35.481952+00:00
6686,0.638,2026-09-24T08:32:35.483094+00:00
6687,0.656,2026-09-24T08:32:35.484262+00:00
6688,0.905,2026-09-24T08:32:35.485641+00:00
6689,0.883,2026-09-24T08:32:35.486845+00:00
6690,0.9039999999999999,2026-09-24T08:32:35.488593+00:00
6691,1.064,2026-09-24T08:32:35.490109+00:00
6692,1.201,2026-09-24T08:32:35.492213+00:00
6693,1.1,2026-09-24T08:32:35.494003+00:00
6694,0.9359999999999999,2026-09-24T08:32:35.495518+00:00
6695,0.972,2026-09-24T08:32:35.497133+00:00
6696,0.9179999999999999,2026-09-24T08:32:35.498705+00:00
6697,0.786,2026-09-24T08:32:35.500010+00:00
6698,0.749,2026-09-24T08:32:35.501371+00:00
6699,1.107,2026-09-24T08:32:35.503041+00:00
6700,1.295,2026-09-24T08:32:35.505152+00:00
6701,0.954,2026-09-24T08:32:35.506524+00:00
6702,0.841,2026-09-24T08:32:35.507877+00:00
6703,0.887,2026-09-24T08:32:35.509272+00:00
6704,1.077,2026-09-24T08:32:35.511058+00:00
6705,1.0430000000000001,2026-09-24T08:32:35.512356+00:00
6706,0.889,2026-09-24T08:32:35.513661+00:00
6707,1.5939999999999999,2026-09-24T08:32:35.515999+00:00
6708,0.8019999999999999,2026-09-24T08:32:35.517348+00:00
6709,0.662,2026-09-24T08:32:35.518548+00:00
6710,0.559,2026-09-24T08:32:35.519800+00:00
6711,0.641,2026-09-24T08:32:35.521205+00:00
6712,0.5429999999999999,2026-09-24T08:32:35.522324+00:00
6713,0.512,2026-09-24T08:32:35.523292+00:00
6714,0.54,2026-09-24T08:32:35.524307+00:00
6715,0.535,2026-09-24T08:32:35.525302+00:00
6716,0.532,2026-09-24T08:32:35.526310+00:00
6717,0.794,2026-09-24T08:32:35.527760+00:00
6718,0.5599999999999999,2026-09-24T08:32:35.528877+00:00
6719,0.515,2026-09-24T08:32:35.530118+00:00
6720,0.447,2026-09-24T08:32:35.531100+00:00
6721,0.503,2026-09-24T08:32:35.532156+00:00
6722,0.48000000000000004,2026-09-24T08:32:35.533181+00:00
6723,0.449,2026-09-24T08:32:35.534114+00:00
6724,0.491,2026-09-24T08:32:35.535105+00:00
6725,0.45399999999999996,2026-09-24T08:32:35.536059+00:00
6726,0.443,2026-09-24T08:32:35.537001+00:00
6727,0.441,2026-09-24T08:32:35.537958+00:00
6728,0.45899999999999996,2026-09-24T08:32:35.538900+00:00
6729,0.447,2026-09-24T08:32:35.539826+00:00
6730,0.48500000000000004,2026-09-24T08:32:35.540807+00:00
6731,0.47800000000000004,2026-09-24T08:32:35.541758+00:00
6732,0.501,2026-09-24T08:32:35.542732+00:00
6733,0.46299999999999997,2026-09-24T08:32:35.543643+00:00
6734,0.465,2026-09-24T08:32:35.544929+00:00
6735,0.455,2026-09-24T08:32:35.545879+00:00
6736,0.54,2026-09-24T08:32:35.546936+00:00
6737,0.44499999999999995,2026-09-24T08:32:35.547877+00:00
6738,0.46299999999999997,2026-09-24T08:32:35.548843+00:00
6739,0.455,2026-09-24T08:32:35.549771+00:00
6740,0.524,2026-09-24T08:32:35.550813+00:00
6741,0.533,2026-09-24T08:32:35.551806+00:00
6742,0.502,2026-09-24T08:32:35.552794+00:00
6743,0.584,2026-09-24T08:32:35.553850+00:00
6744,0.531,2026-09-24T08:32:35.554808+00:00
6745,0.49,2026-09-24T08:32:35.555758+00:00
6746,0.488,2026-09-24T08:32:35.556721+00:00
6747,0.5109999999999999,2026-09-24T08:32:35.557742+00:00
6748,0.554,2026-09-24T08:32:35.558858+00:00
6749,0.544,2026-09-24T08:32:35.559929+00:00
6750,0.481,2026-09-24T08:32:35.560911+00:00
6751,0.516,2026-09-24T08:32:35.561919+00:00
6752,0.46599999999999997,2026-09-24T08:32:35.562887+00:00
6753,0.457,2026-09-24T08:32:35.563846+00:00
6754,0.521,2026-09-24T08:32:35.564860+00:00
6755,0.472,2026-09-24T08:32:35.565831+00:00
6756,0.535,2026-09-24T08:32:35.566849+00:00
6757,0.475,2026-09-24T08:32:35.567783+00:00
6758,0.539,2026-09-24T08:32:35.568824+00:00
6759,0.51,2026-09-24T08:32:35.569834+00:00
6760,0.488,2026-09-24T08:32:35.570824+00:00
6761,0.615,2026-09-24T08:32:35.571902+00:00
6762,0.486,2026-09-24T08:32:35.572751+00:00
6763,0.484,2026-09-24T08:32:35.573956+00:00
6764,0.506,2026-09-24T08:32:35.574966+00:00
6765,0.48700000000000004,2026-09-24T08:32:35.575987+00:00
6766,0.482,2026-09-24T08:32:35.576961+00:00
6767,0.462,2026-09-24T08:32:35.577930+00:00
6768,0.514,2026-09-24T08:32:35.578907+00:00
6769,0.47800000000000004,2026-09-24T08:32:35.579848+00:00
6770,0.47,2026-09-24T08:32:35.580792+00:00
6771,0.484,2026-09-24T08:32:35.581753+00:00
6772,0.5599999999999999,2026-09-24T08:32:35.582777+00:00
6773,0.48899999999999993,2026-09-24T08:32:35.583700+00:00
6774,0.462,2026-09-24T08:32:35.584620+00:00
6775,0.46900000000000003,2026-09-24T08:32:35.585576+00:00
6776,0.472,2026-09-24T08:32:35.586592+00:00
6777,0.484,2026-09-24T08:32:35.587552+00:00
6778,0.483,2026-09-24T08:32:35.588609+00:00
6779,0.448,2026-09-24T08:32:35.589516+00:00
6780,0.462,2026-09-24T08:32:35.590464+00:00
6781,0.486,2026-09-24T08:32:35.591469+00:00
6782,0.47800000000000004,2026-09-24T08:32:35.592458+00:00
6783,0.438,2026-09-24T08:32:35.593366+00:00
6784,0.447,2026-09-24T08:32:35.594302+00:00
6785,0.456,2026-09-24T08:32:35.595252+00:00
6786,0.46099999999999997,2026-09-24T08:32:35.596193+00:00
6787,0.458,2026-09-24T08:32:35.597141+00:00
6788,0.45899999999999996,2026-09-24T08:32:35.598131+00:00
6789,0.519,2026-09-24T08:32:35.599167+00:00
6790,0.47,2026-09-24T08:32:35.600112+00:00
6791,0.483,2026-09-24T08:32:35.601091+00:00
6792,0.464,2026-09-24T08:32:35.602055+00:00
6793,0.484,2026-09-24T08:32:35.603158+00:00
6794,0.467,2026-09-24T08:32:35.604115+00:00
6795,0.467,2026-09-24T08:32:35.605096+00:00
6796,0.53,2026-09-24T08:32:35.606169+00:00
6797,0.47300000000000003,2026-09-24T08:32:35.607159+00:00
6798,0.954,2026-09-24T08:32:35.608615+00:00
6799,0.7060000000000001,2026-09-24T08:32:35.609367+00:00
6800,0.5720000000000001,2026-09-24T08:32:35.610326+00:00
6801,0.514,2026-09-24T08:32:35.611286+00:00
6802,0.5419999999999999,2026-09-24T08:32:35.612291+00:00
6803,0.5289999999999999,2026-09-24T08:32:35.613314+00:00
6804,0.535,2026-09-24T08:32:35.614314+00:00
6805,0.536,2026-09-24T08:32:35.615322+00:00
6806,0.537,2026-09-24T08:32:35.616321+00:00
6807,0.48000000000000004,2026-09-24T08:32:35.617305+00:00
6808,0.549,2026-09-24T08:32:35.618518+00:00
6809,0.513,2026-09-24T08:32:35.619512+00:00
6810,0.502,2026-09-24T08:32:35.620508+00:00
6811,0.518,2026-09-24T08:32:35.621488+00:00
6812,0.687,2026-09-24T08:32:35.622637+00:00
6813,0.62,2026-09-24T08:32:35.623563+00:00
6814,0.526,2026-09-24T08:32:35.624475+00:00
6815,0.514,2026-09-24T08:32:35.625437+00:00
6816,0.481,2026-09-24T08:32:35.626379+00:00
6817,0.47100000000000003,2026-09-24T08:32:35.627355+00:00
6818,0.475,2026-09-24T08:32:35.628319+00:00
6819,0.5199999999999999,2026-09-24T08:32:35.629330+00:00
6820,0.477,2026-09-24T08:32:35.630258+00:00
6821,0.516,2026-09-24T08:32:35.631300+00:00
6822,0.539,2026-09-24T08:32:35.632487+00:00
6823,0.474,2026-09-24T08:32:35.633435+00:00
6824,0.47800000000000004,2026-09-24T08:32:35.634421+00:00
6825,0.7380000000000001,2026-09-24T08:32:35.635653+00:00
6826,0.5860000000000001,2026-09-24T08:32:35.636444+00:00
6827,0.507,2026-09-24T08:32:35.637324+00:00
6828,0.46900000000000003,2026-09-24T08:32:35.638219+00:00
6829,0.524,2026-09-24T08:32:35.639251+00:00
6830,0.449,2026-09-24T08:32:35.640192+00:00
6831,0.457,2026-09-24T08:32:35.641149+00:00
6832,0.458,2026-09-24T08:32:35.642065+00:00
6833,0.45199999999999996,2026-09-24T08:32:35.643007+00:00
6834,0.514,2026-09-24T08:32:35.644033+00:00
6835,1.092,2026-09-24T08:32:35.645895+00:00
6836,0.722,2026-09-24T08:32:35.647245+00:00
6837,0.5720000000000001,2026-09-24T08:32:35.648570+00:00
6838,0.5419999999999999,2026-09-24T08:32:35.649712+00:00
6839,0.5379999999999999,2026-09-24T08:32:35.650812+00:00
6840,0.575,2026-09-24T08:32:35.651929+00:00
6841,0.527,2026-09-24T08:32:35.652978+00:00
6842,0.7150000000000001,2026-09-24T08:32:35.654223+00:00
6843,0.828,2026-09-24T08:32:35.655388+00:00
6844,0.633,2026-09-24T08:32:35.656221+00:00
6845,0.5339999999999999,2026-09-24T08:32:35.657170+00:00
6846,0.521,2026-09-24T08:32:35.658168+00:00
6847,0.521,2026-09-24T08:32:35.659206+00:00
6848,0.5199999999999999,2026-09-24T08:32:35.660239+00:00
6849,0.522,2026-09-24T08:32:35.661269+00:00
6850,0.569,2026-09-24T08:32:35.662366+00:00
6851,0.5289999999999999,2026-09-24T08:32:35.663402+00:00
6852,0.5479999999999999,2026-09-24T08:32:35.664539+00:00
6853,0.522,2026-09-24T08:32:35.665544+00:00
6854,0.514,2026-09-24T08:32:35.666540+00:00
6855,0.508,2026-09-24T08:32:35.667565+00:00
6856,0.512,2026-09-24T08:32:35.668574+00:00
6857,0.481,2026-09-24T08:32:35.669543+00:00
6858,0.515,2026-09-24T08:32:35.670572+00:00
6859,0.5199999999999999,2026-09-24T08:32:35.671599+00:00
6860,0.48000000000000004,2026-09-24T08:32:35.672575+00:00
6861,0.512,2026-09-24T08:32:35.673594+00:00
6862,0.522,2026-09-24T08:32:35.674728+00:00
6863,0.531,2026-09-24T08:32:35.675780+00:00
6864,0.549,2026-09-24T08:32:35.676823+00:00
6865,0.532,2026-09-24T08:32:35.677859+00:00
6866,0.5720000000000001,2026-09-24T08:32:35.678917+00:00
6867,0.531,2026-09-24T08:32:35.680046+00:00
6868,0.53,2026-09-24T08:32:35.681060+00:00
6869,0.49299999999999994,2026-09-24T08:32:35.682084+00:00
6870,0.5109999999999999,2026-09-24T08:32:35.683159+00:00
6871,0.49200000000000005,2026-09-24T08:32:35.684146+00:00
6872,0.513,2026-09-24T08:32:35.685162+00:00
6873,0.517,2026-09-24T08:32:35.686179+00:00
6874,0.521,2026-09-24T08:32:35.687198+00:00
6875,0.488,2026-09-24T08:32:35.688204+00:00
6876,0.506,2026-09-24T08:32:35.689257+00:00
6877,0.504,2026-09-24T08:32:35.690259+00:00
6878,0.482,2026-09-24T08:32:35.691249+00:00
6879,0.539,2026-09-24T08:32:35.692305+00:00
6880,0.8130000000000001,2026-09-24T08:32:35.693885+00:00
6881,0.85,2026-09-24T08:32:35.695617+00:00
6882,0.934,2026-09-24T08:32:35.697164+00:00
6883,0.6759999999999999,2026-09-24T08:32:35.698468+00:00
6884,0.601,2026-09-24T08:32:35.699609+00:00
6885,0.5599999999999999,2026-09-24T08:32:35.700716+00:00
6886,0.5910000000000001,2026-09-24T08:32:35.701846+00:00
6887,0.5730000000000001,2026-09-24T08:32:35.703024+00:00
6888,0.5479999999999999,2026-09-24T08:32:35.704164+00:00
6889,0.5720000000000001,2026-09-24T08:32:35.705192+00:00
6890,0.521,2026-09-24T08:32:35.706201+00:00
6891,0.608,2026-09-24T08:32:35.707290+00:00
6892,0.8809999999999999,2026-09-24T08:32:35.708992+00:00
6893,0.62,2026-09-24T08:32:35.710150+00:00
6894,0.626,2026-09-24T08:32:35.711378+00:00
6895,0.5760000000000001,2026-09-24T08:32:35.712494+00:00
6896,0.558,2026-09-24T08:32:35.713734+00:00
6897,0.569,2026-09-24T08:32:35.714832+00:00
6898,0.5640000000000001,2026-09-24T08:32:35.715907+00:00
6899,0.524,2026-09-24T08:32:35.716920+00:00
6900,0.5519999999999999,2026-09-24T08:32:35.718020+00:00
6901,0.634,2026-09-24T08:32:35.719239+00:00
6902,0.5599999999999999,2026-09-24T08:32:35.720301+00:00
6903,0.527,2026-09-24T08:32:35.721330+00:00
6904,0.5289999999999999,2026-09-24T08:32:35.722382+00:00
6905,0.5339999999999999,2026-09-24T08:32:35.723406+00:00
6906,0.5559999999999999,2026-09-24T08:32:35.724489+00:00
6907,0.5289999999999999,2026-09-24T08:32:35.725533+00:00
6908,0.527,2026-09-24T08:32:35.726572+00:00
6909,0.562,2026-09-24T08:32:35.727655+00:00
6910,0.533,2026-09-24T08:32:35.728679+00:00
6911,0.554,2026-09-24T08:32:35.729818+00:00
6912,0.53,2026-09-24T08:32:35.730852+00:00
6913,0.5519999999999999,2026-09-24T08:32:35.731920+00:00
6914,0.544,2026-09-24T08:32:35.732986+00:00
6915,0.51,2026-09-24T08:32:35.733995+00:00
6916,0.5339999999999999,2026-09-24T08:32:35.735087+00:00
6917,0.5429999999999999,2026-09-24T08:32:35.736344+00:00
6918,0.5770000000000001,2026-09-24T08:32:35.737509+00:00
6919,0.574,2026-09-24T08:32:35.738624+00:00
6920,0.562,2026-09-24T08:32:35.739733+00:00
6921,0.578,2026-09-24T08:32:35.740856+00:00
6922,0.541,2026-09-24T08:32:35.741991+00:00
6923,0.566,2026-09-24T08:32:35.743191+00:00
6924,0.532,2026-09-24T08:32:35.744302+00:00
6925,0.502,2026-09-24T08:32:35.745371+00:00
6926,0.5810000000000001,2026-09-24T08:32:35.746751+00:00
6927,0.554,2026-09-24T08:32:35.747860+00:00
6928,0.726,2026-09-24T08:32:35.749134+00:00
6929,0.5910000000000001,2026-09-24T08:32:35.750168+00:00
6930,0.609,2026-09-24T08:32:35.751273+00:00
6931,0.5339999999999999,2026-09-24T08:32:35.752313+00:00
6932,0.6859999999999999,2026-09-24T08:32:35.753588+00:00
6933,0.704,2026-09-24T08:32:35.754835+00:00
6934,0.6980000000000001,2026-09-24T08:32:35.756079+00:00
6935,0.5630000000000001,2026-09-24T08:32:35.757184+00:00
6936,0.559,2026-09-24T08:32:35.758252+00:00
6937,0.533,2026-09-24T08:32:35.759303+00:00
6938,0.519,2026-09-24T08:32:35.760363+00:00
6939,0.541,2026-09-24T08:32:35.761476+00:00
6940,0.533,2026-09-24T08:32:35.762544+00:00
6941,0.5599999999999999,2026-09-24T08:32:35.763766+00:00
6942,0.554,2026-09-24T08:32:35.764838+00:00
6943,0.569,2026-09-24T08:32:35.765915+00:00
6944,0.57,2026-09-24T08:32:35.767008+00:00
6945,0.528,2026-09-24T08:32:35.768072+00:00
6946,0.513,2026-09-24T08:32:35.769150+00:00
6947,0.521,2026-09-24T08:32:35.770251+00:00
6948,0.578,2026-09-24T08:32:35.771364+00:00
6949,0.504,2026-09-24T08:32:35.772381+00:00
6950,0.5609999999999999,2026-09-24T08:32:35.773476+00:00
6951,0.562,2026-09-24T08:32:35.774586+00:00
6952,0.988,2026-09-24T08:32:35.776084+00:00
6953,0.716,2026-09-24T08:32:35.776864+00:00
6954,0.889,2026-09-24T08:32:35.778126+00:00
6955,0.846,2026-09-24T08:32:35.779363+00:00
6956,0.816,2026-09-24T08:32:35.780459+00:00
6957,0.8109999999999999,2026-09-24T08:32:35.781506+00:00
6958,0.816,2026-09-24T08:32:35.782574+00:00
6959,0.733,2026-09-24T08:32:35.783545+00:00
6960,0.8220000000000001,2026-09-24T08:32:35.784939+00:00
6961,0.7699999999999999,2026-09-24T08:32:35.786253+00:00
6962,0.69,2026-09-24T08:32:35.787448+00:00
6963,0.7380000000000001,2026-09-24T08:32:35.788644+00:00
6964,0.6669999999999999,2026-09-24T08:32:35.789804+00:00
6965,0.6819999999999999,2026-09-24T08:32:35.790943+00:00
6966,0.644,2026-09-24T08:32:35.792048+00:00
6967,0.632,2026-09-24T08:32:35.793166+00:00
6968,0.631,2026-09-24T08:32:35.794294+00:00
6969,0.841,2026-09-24T08:32:35.795631+00:00
6970,0.763,2026-09-24T08:32:35.796790+00:00
6971,0.7699999999999999,2026-09-24T08:32:35.797805+00:00
6972,0.767,2026-09-24T08:32:35.798827+00:00
6973,0.771,2026-09-24T08:32:35.799862+00:00
6974,0.786,2026-09-24T08:32:35.800947+00:00
6975,0.753,2026-09-24T08:32:35.801933+00:00
6976,0.755,2026-09-24T08:32:35.802940+00:00
6977,0.744,2026-09-24T08:32:35.803916+00:00
6978,0.776,2026-09-24T08:32:35.804958+00:00
6979,0.8130000000000001,2026-09-24T08:32:35.805998+00:00
6980,0.795,2026-09-24T08:32:35.806999+00:00
6981,0.743,2026-09-24T08:32:35.807965+00:00
6982,0.5900000000000001,2026-09-24T08:32:35.808811+00:00
6983,0.737,2026-09-24T08:32:35.809984+00:00
6984,0.708,2026-09-24T08:32:35.811332+00:00
6985,0.772,2026-09-24T08:32:35.812815+00:00
6986,0.741,2026-09-24T08:32:35.814066+00:00
6987,0.6859999999999999,2026-09-24T08:32:35.815251+00:00
6988,0.6629999999999999,2026-09-24T08:32:35.816400+00:00
6989,0.639,2026-09-24T08:32:35.817560+00:00
6990,0.638,2026-09-24T08:32:35.818721+00:00
6991,0.644,2026-09-24T08:32:35.819865+00:00
6992,0.669,2026-09-24T08:32:35.821030+00:00
6993,0.633,2026-09-24T08:32:35.822166+00:00
6994,0.6849999999999999,2026-09-24T08:32:35.823327+00:00
6995,0.669,2026-09-24T08:32:35.824473+00:00
6996,0.703,2026-09-24T08:32:35.825620+00:00
6997,0.565,2026-09-24T08:32:35.826604+00:00
6998,0.57,2026-09-24T08:32:35.827688+00:00
6999,0.517,2026-09-24T08:32:35.828671+00:00
7000,0.695,2026-09-24T08:32:35.829946+00:00
7001,0.629,2026-09-24T08:32:35.831171+00:00
7002,0.531,2026-09-24T08:32:35.832245+00:00
7003,0.521,2026-09-24T08:32:35.833334+00:00
7004,0.517,2026-09-24T08:32:35.834392+00:00
7005,0.53,2026-09-24T08:32:35.835439+00:00
7006,0.533,2026-09-24T08:32:35.836483+00:00
7007,0.531,2026-09-24T08:32:35.837522+00:00
7008,0.49799999999999994,2026-09-24T08:32:35.838527+00:00
7009,0.535,2026-09-24T08:32:35.839584+00:00
7010,0.5199999999999999,2026-09-24T08:32:35.840644+00:00
7011,0.521,2026-09-24T08:32:35.841702+00:00
7012,0.522,2026-09-24T08:32:35.842765+00:00
7013,0.54,2026-09-24T08:32:35.843811+00:00
7014,0.5569999999999999,2026-09-24T08:32:35.844876+00:00
7015,0.79,2026-09-24T08:32:35.846348+00:00
7016,0.6920000000000001,2026-09-24T08:32:35.847714+00:00
7017,0.646,2026-09-24T08:32:35.848986+00:00
7018,0.669,2026-09-24T08:32:35.850275+00:00
7019,0.638,2026-09-24T08:32:35.851512+00:00
7020,0.671,2026-09-24T08:32:35.852740+00:00
7021,0.652,2026-09-24T08:32:35.853944+00:00
7022,0.634,2026-09-24T08:32:35.855163+00:00
7023,0.592,2026-09-24T08:32:35.856313+00:00
7024,0.632,2026-09-24T08:32:35.857567+00:00
7025,0.633,2026-09-24T08:32:35.858781+00:00
7026,0.6629999999999999,2026-09-24T08:32:35.860009+00:00
7027,0.597,2026-09-24T08:32:35.861137+00:00
7028,0.617,2026-09-24T08:32:35.862309+00:00
7029,0.5950000000000001,2026-09-24T08:32:35.863536+00:00
7030,0.674,2026-09-24T08:32:35.864752+00:00
7031,0.691,2026-09-24T08:32:35.866058+00:00
7032,0.584,2026-09-24T08:32:35.867237+00:00
7033,0.574,2026-09-24T08:32:35.868380+00:00
7034,0.622,2026-09-24T08:32:35.869606+00:00
7035,0.6629999999999999,2026-09-24T08:32:35.870809+00:00
7036,0.661,2026-09-24T08:32:35.872039+00:00
7037,0.631,2026-09-24T08:32:35.873210+00:00
7038,0.684,2026-09-24T08:32:35.874464+00:00
7039,0.656,2026-09-24T08:32:35.875684+00:00
7040,0.597,2026-09-24T08:32:35.876802+00:00
7041,0.615,2026-09-24T08:32:35.878011+00:00
7042,0.619,2026-09-24T08:32:35.879177+00:00
7043,0.603,2026-09-24T08:32:35.880333+00:00
7044,0.64,2026-09-24T08:32:35.881610+00:00
7045,0.639,2026-09-24T08:32:35.882787+00:00
7046,0.608,2026-09-24T08:32:35.883933+00:00
7047,0.87,2026-09-24T08:32:35.885366+00:00
7048,0.819,2026-09-24T08:32:35.886469+00:00
7049,0.856,2026-09-24T08:32:35.887869+00:00
7050,0.718,2026-09-24T08:32:35.888994+00:00
7051,0.695,2026-09-24T08:32:35.890063+00:00
7052,0.652,2026-09-24T08:32:35.891073+00:00
7053,0.637,2026-09-24T08:32:35.892057+00:00
7054,0.6679999999999999,2026-09-24T08:32:35.893044+00:00
7055,0.638,2026-09-24T08:32:35.894017+00:00
7056,0.647,2026-09-24T08:32:35.894980+00:00
7057,0.627,2026-09-24T08:32:35.895955+00:00
7058,0.6849999999999999,2026-09-24T08:32:35.896963+00:00
7059,0.617,2026-09-24T08:32:35.897987+00:00
7060,0.644,2026-09-24T08:32:35.898959+00:00
7061,0.661,2026-09-24T08:32:35.899997+00:00
7062,0.656,2026-09-24T08:32:35.900999+00:00
7063,0.629,2026-09-24T08:32:35.901959+00:00
7064,0.612,2026-09-24T08:32:35.902883+00:00
7065,0.617,2026-09-24T08:32:35.903873+00:00
7066,0.599,2026-09-24T08:32:35.904809+00:00
7067,0.771,2026-09-24T08:32:35.905932+00:00
7068,0.5900000000000001,2026-09-24T08:32:35.906724+00:00
7069,0.578,2026-09-24T08:32:35.907750+00:00
7070,0.5469999999999999,2026-09-24T08:32:35.908720+00:00
7071,0.504,2026-09-24T08:32:35.909610+00:00
7072,0.536,2026-09-24T08:32:35.910545+00:00
7073,0.495,2026-09-24T08:32:35.911421+00:00
7074,0.522,2026-09-24T08:32:35.912478+00:00
7075,0.496,2026-09-24T08:32:35.913377+00:00
7076,0.512,2026-09-24T08:32:35.914327+00:00
7077,0.517,2026-09-24T08:32:35.915262+00:00
7078,0.482,2026-09-24T08:32:35.916170+00:00
7079,0.49700000000000005,2026-09-24T08:32:35.917108+00:00
7080,0.494,2026-09-24T08:32:35.918044+00:00
7081,0.536,2026-09-24T08:32:35.919004+00:00
7082,0.502,2026-09-24T08:32:35.919940+00:00
7083,0.53,2026-09-24T08:32:35.920874+00:00
7084,0.527,2026-09-24T08:32:35.921807+00:00
7085,0.503,2026-09-24T08:32:35.922719+00:00
7086,0.527,2026-09-24T08:32:35.923670+00:00
7087,0.514,2026-09-24T08:32:35.924632+00:00
7088,0.6880000000000001,2026-09-24T08:32:35.925778+00:00
7089,0.713,2026-09-24T08:32:35.927037+00:00
7090,0.629,2026-09-24T08:32:35.928123+00:00
7091,0.6669999999999999,2026-09-24T08:32:35.929242+00:00
7092,0.841,2026-09-24T08:32:35.930729+00:00
7093,0.742,2026-09-24T08:32:35.931988+00:00
7094,0.629,2026-09-24T08:32:35.933085+00:00
7095,0.683,2026-09-24T08:32:35.934204+00:00
7096,0.624,2026-09-24T08:32:35.935251+00:00
7097,0.5670000000000001,2026-09-24T08:32:35.936263+00:00
7098,0.562,2026-09-24T08:32:35.937302+00:00
7099,0.5419999999999999,2026-09-24T08:32:35.938304+00:00
7100,0.5609999999999999,2026-09-24T08:32:35.939351+00:00
7101,0.562,2026-09-24T08:32:35.940392+00:00
7102,0.517,2026-09-24T08:32:35.941373+00:00
7103,0.5419999999999999,2026-09-24T08:32:35.942561+00:00
7104,0.521,2026-09-24T08:32:35.943575+00:00
7105,0.553,2026-09-24T08:32:35.944578+00:00
7106,0.5429999999999999,2026-09-24T08:32:35.945566+00:00
7107,0.6489999999999999,2026-09-24T08:32:35.946655+00:00
7108,0.867,2026-09-24T08:32:35.948013+00:00
7109,0.794,2026-09-24T08:32:35.949381+00:00
7110,0.699,2026-09-24T08:32:35.950585+00:00
7111,0.6759999999999999,2026-09-24T08:32:35.951818+00:00
7112,0.641,2026-09-24T08:32:35.952930+00:00
7113,0.632,2026-09-24T08:32:35.954003+00:00
7114,0.657,2026-09-24T08:32:35.955134+00:00
7115,0.618,2026-09-24T08:32:35.956210+00:00
7116,0.646,2026-09-24T08:32:35.957301+00:00
7117,0.6669999999999999,2026-09-24T08:32:35.958425+00:00
7118,0.65,2026-09-24T08:32:35.959564+00:00
7119,0.745,2026-09-24T08:32:35.960732+00:00
7120,0.626,2026-09-24T08:32:35.961760+00:00
7121,0.5910000000000001,2026-09-24T08:32:35.962829+00:00
7122,0.553,2026-09-24T08:32:35.964120+00:00
7123,0.5339999999999999,2026-09-24T08:32:35.965216+00:00
7124,0.566,2026-09-24T08:32:35.966280+00:00
7125,0.596,2026-09-24T08:32:35.967358+00:00
7126,0.5599999999999999,2026-09-24T08:32:35.968397+00:00
7127,0.516,2026-09-24T08:32:35.969374+00:00
7128,0.5,2026-09-24T08:32:35.970364+00:00
7129,0.5469999999999999,2026-09-24T08:32:35.971423+00:00
7130,0.633,2026-09-24T08:32:35.972530+00:00
7131,0.5770000000000001,2026-09-24T08:32:35.973546+00:00
7132,0.675,2026-09-24T08:32:35.974766+00:00
7133,0.618,2026-09-24T08:32:35.975974+00:00
7134,0.6,2026-09-24T08:32:35.977040+00:00
7135,0.5609999999999999,2026-09-24T08:32:35.978090+00:00
7136,0.533,2026-09-24T08:32:35.979126+00:00
7137,0.512,2026-09-24T08:32:35.980125+00:00
7138,0.532,2026-09-24T08:32:35.981127+00:00
7139,0.553,2026-09-24T08:32:35.982157+00:00
7140,0.5559999999999999,2026-09-24T08:32:35.983174+00:00
7141,0.539,2026-09-24T08:32:35.984196+00:00
7142,0.545,2026-09-24T08:32:35.985212+00:00
7143,0.517,2026-09-24T08:32:35.986191+00:00
7144,0.5469999999999999,2026-09-24T08:32:35.987217+00:00
7145,0.512,2026-09-24T08:32:35.988192+00:00
7146,0.537,2026-09-24T08:32:35.989206+00:00
7147,0.545,2026-09-24T08:32:35.990213+00:00
7148,0.537,2026-09-24T08:32:35.991319+00:00
7149,0.5289999999999999,2026-09-24T08:32:35.992360+00:00
7150,0.524,2026-09-24T08:32:35.993368+00:00
7151,0.524,2026-09-24T08:32:35.994394+00:00
7152,0.518,2026-09-24T08:32:35.995408+00:00
7153,0.532,2026-09-24T08:32:35.996408+00:00
7154,0.532,2026-09-24T08:32:35.997423+00:00
7155,0.506,2026-09-24T08:32:35.998391+00:00
7156,0.49799999999999994,2026-09-24T08:32:35.999358+00:00
7157,0.5419999999999999,2026-09-24T08:32:36.000401+00:00
7158,0.615,2026-09-24T08:32:36.001517+00:00
7159,0.5640000000000001,2026-09-24T08:32:36.002513+00:00
7160,0.5640000000000001,2026-09-24T08:32:36.003529+00:00
7161,0.558,2026-09-24T08:32:36.004548+00:00
7162,0.5509999999999999,2026-09-24T08:32:36.005665+00:00
7163,0.5599999999999999,2026-09-24T08:32:36.006728+00:00
7164,0.646,2026-09-24T08:32:36.007982+00:00
7165,0.6,2026-09-24T08:32:36.009098+00:00
7166,0.5720000000000001,2026-09-24T08:32:36.010203+00:00
7167,0.583,2026-09-24T08:32:36.011318+00:00
7168,0.5609999999999999,2026-09-24T08:32:36.012370+00:00
7169,0.5599999999999999,2026-09-24T08:32:36.013463+00:00
7170,0.651,2026-09-24T08:32:36.014637+00:00
7171,0.642,2026-09-24T08:32:36.015802+00:00
7172,0.647,2026-09-24T08:32:36.016966+00:00
7173,0.616,2026-09-24T08:32:36.018066+00:00
7174,0.602,2026-09-24T08:32:36.019138+00:00
7175,0.55,2026-09-24T08:32:36.020162+00:00
7176,0.536,2026-09-24T08:32:36.021209+00:00
7177,0.518,2026-09-24T08:32:36.022260+00:00
7178,0.523,2026-09-24T08:32:36.023303+00:00
7179,0.5820000000000001,2026-09-24T08:32:36.024345+00:00
7180,0.5509999999999999,2026-09-24T08:32:36.025385+00:00
7181,0.5820000000000001,2026-09-24T08:32:36.026680+00:00
7182,0.5519999999999999,2026-09-24T08:32:36.027866+00:00
7183,0.5429999999999999,2026-09-24T08:32:36.029042+00:00
7184,0.558,2026-09-24T08:32:36.030190+00:00
7185,0.5950000000000001,2026-09-24T08:32:36.031375+00:00
7186,0.624,2026-09-24T08:32:36.032519+00:00
7187,0.584,2026-09-24T08:32:36.033604+00:00
7188,0.579,2026-09-24T08:32:36.034730+00:00
7189,0.602,2026-09-24T08:32:36.035831+00:00
7190,0.596,2026-09-24T08:32:36.036953+00:00
7191,0.637,2026-09-24T08:32:36.038090+00:00
7192,0.609,2026-09-24T08:32:36.039393+00:00
7193,0.879,2026-09-24T08:32:36.040841+00:00
7194,0.852,2026-09-24T08:32:36.042338+00:00
7195,0.624,2026-09-24T08:32:36.043273+00:00
7196,0.554,2026-09-24T08:32:36.044281+00:00
7197,0.544,2026-09-24T08:32:36.045338+00:00
7198,0.533,2026-09-24T08:32:36.046378+00:00
7199,0.633,2026-09-24T08:32:36.047662+00:00
7200,0.5640000000000001,2026-09-24T08:32:36.048716+00:00
7201,0.6,2026-09-24T08:32:36.049822+00:00
7202,0.789,2026-09-24T08:32:36.051145+00:00
7203,0.616,2026-09-24T08:32:36.052285+00:00
7204,0.601,2026-09-24T08:32:36.053545+00:00
7205,0.629,2026-09-24T08:32:36.054851+00:00
7206,0.8360000000000001,2026-09-24T08:32:36.056210+00:00
7207,1.168,2026-09-24T08:32:36.058007+00:00
7208,0.876,2026-09-24T08:32:36.059544+00:00
7209,0.7969999999999999,2026-09-24T08:32:36.060911+00:00
7210,0.8009999999999999,2026-09-24T08:32:36.062272+00:00
7211,0.8450000000000001,2026-09-24T08:32:36.063724+00:00
7212,0.8059999999999999,2026-09-24T08:32:36.065143+00:00
7213,0.712,2026-09-24T08:32:36.066458+00:00
7214,0.9790000000000001,2026-09-24T08:32:36.068063+00:00
7215,0.8270000000000001,2026-09-24T08:32:36.069474+00:00
7216,0.864,2026-09-24T08:32:36.070928+00:00
7217,0.873,2026-09-24T08:32:36.072344+00:00
7218,0.747,2026-09-24T08:32:36.073647+00:00
7219,0.85,2026-09-24T08:32:36.075123+00:00
7220,0.679,2026-09-24T08:32:36.076458+00:00
7221,0.637,2026-09-24T08:32:36.077594+00:00
7222,0.58,2026-09-24T08:32:36.078810+00:00
7223,1.002,2026-09-24T08:32:36.080621+00:00
7224,0.769,2026-09-24T08:32:36.082032+00:00
7225,1.026,2026-09-24T08:32:36.083630+00:00
7226,0.889,2026-09-24T08:32:36.085093+00:00
7227,0.7150000000000001,2026-09-24T08:32:36.086381+00:00
7228,0.626,2026-09-24T08:32:36.087508+00:00
7229,0.612,2026-09-24T08:32:36.088599+00:00
7230,0.601,2026-09-24T08:32:36.089667+00:00
7231,0.6449999999999999,2026-09-24T08:32:36.090752+00:00
7232,0.631,2026-09-24T08:32:36.091826+00:00
7233,0.6,2026-09-24T08:32:36.092866+00:00
7234,0.611,2026-09-24T08:32:36.094007+00:00
7235,0.619,2026-09-24T08:32:36.095151+00:00
7236,0.602,2026-09-24T08:32:36.096390+00:00
7237,0.61,2026-09-24T08:32:36.097468+00:00
7238,0.5640000000000001,2026-09-24T08:32:36.098500+00:00
7239,0.554,2026-09-24T08:32:36.099522+00:00
7240,0.5479999999999999,2026-09-24T08:32:36.100529+00:00
7241,0.5760000000000001,2026-09-24T08:32:36.101619+00:00
7242,1.0219999999999998,2026-09-24T08:32:36.103239+00:00
7243,0.752,2026-09-24T08:32:36.104501+00:00
7244,0.7829999999999999,2026-09-24T08:32:36.105963+00:00
7245,0.8360000000000001,2026-09-24T08:32:36.107378+00:00
7246,0.621,2026-09-24T08:32:36.108553+00:00
7247,0.696,2026-09-24T08:32:36.109905+00:00
7248,0.632,2026-09-24T08:32:36.111030+00:00
7249,0.574,2026-09-24T08:32:36.112173+00:00
7250,0.521,2026-09-24T08:32:36.113353+00:00
7251,0.5860000000000001,2026-09-24T08:32:36.114649+00:00
7252,0.634,2026-09-24T08:32:36.115840+00:00
7253,0.533,2026-09-24T08:32:36.117050+00:00
7254,0.5630000000000001,2026-09-24T08:32:36.118155+00:00
7255,0.515,2026-09-24T08:32:36.119156+00:00
7256,0.488,2026-09-24T08:32:36.120144+00:00
7257,0.482,2026-09-24T08:32:36.121153+00:00
7258,0.484,2026-09-24T08:32:36.122157+00:00
7259,0.528,2026-09-24T08:32:36.123187+00:00
7260,0.578,2026-09-24T08:32:36.124237+00:00
7261,0.5289999999999999,2026-09-24T08:32:36.125255+00:00
7262,0.507,2026-09-24T08:32:36.126256+00:00
7263,0.49,2026-09-24T08:32:36.127251+00:00
7264,0.482,2026-09-24T08:32:36.128220+00:00
7265,0.494,2026-09-24T08:32:36.129234+00:00
7266,0.5109999999999999,2026-09-24T08:32:36.130322+00:00
7267,0.479,2026-09-24T08:32:36.131297+00:00
7268,0.512,2026-09-24T08:32:36.132327+00:00
7269,0.516,2026-09-24T08:32:36.133331+00:00
7270,0.48500000000000004,2026-09-24T08:32:36.134309+00:00
7271,0.928,2026-09-24T08:32:36.135994+00:00
7272,0.643,2026-09-24T08:32:36.137081+00:00
7273,0.553,2026-09-24T08:32:36.138147+00:00
7274,0.569,2026-09-24T08:32:36.139222+00:00
7275,0.555,2026-09-24T08:32:36.140249+00:00
7276,0.5670000000000001,2026-09-24T08:32:36.141284+00:00
7277,0.532,2026-09-24T08:32:36.142321+00:00
7278,0.562,2026-09-24T08:32:36.143390+00:00
7279,0.536,2026-09-24T08:32:36.144452+00:00
7280,0.515,2026-09-24T08:32:36.145480+00:00
7281,0.539,2026-09-24T08:32:36.146607+00:00
7282,0.5640000000000001,2026-09-24T08:32:36.147682+00:00
7283,0.562,2026-09-24T08:32:36.148732+00:00
7284,0.5339999999999999,2026-09-24T08:32:36.149757+00:00
7285,0.67,2026-09-24T08:32:36.150967+00:00
7286,0.546,2026-09-24T08:32:36.152032+00:00
7287,0.5770000000000001,2026-09-24T08:32:36.153130+00:00
7288,0.5289999999999999,2026-09-24T08:32:36.154154+00:00
7289,0.53,2026-09-24T08:32:36.155189+00:00
7290,0.53,2026-09-24T08:32:36.156237+00:00
7291,0.5419999999999999,2026-09-24T08:32:36.157267+00:00
7292,0.516,2026-09-24T08:32:36.158296+00:00
7293,0.612,2026-09-24T08:32:36.159401+00:00
7294,0.632,2026-09-24T08:32:36.160583+00:00
7295,0.62,2026-09-24T08:32:36.161689+00:00
7296,0.642,2026-09-24T08:32:36.162972+00:00
7297,0.584,2026-09-24T08:32:36.164090+00:00
7298,0.61,2026-09-24T08:32:36.165236+00:00
7299,0.5950000000000001,2026-09-24T08:32:36.166337+00:00
7300,0.611,2026-09-24T08:32:36.167457+00:00
7301,0.622,2026-09-24T08:32:36.168573+00:00
7302,0.643,2026-09-24T08:32:36.169702+00:00
7303,0.5900000000000001,2026-09-24T08:32:36.170713+00:00
7304,0.616,2026-09-24T08:32:36.171868+00:00
7305,0.619,2026-09-24T08:32:36.172948+00:00
7306,0.592,2026-09-24T08:32:36.174026+00:00
7307,0.5559999999999999,2026-09-24T08:32:36.175070+00:00
7308,0.5569999999999999,2026-09-24T08:32:36.176118+00:00
7309,0.5609999999999999,2026-09-24T08:32:36.177178+00:00
7310,0.559,2026-09-24T08:32:36.178368+00:00
7311,0.599,2026-09-24T08:32:36.179457+00:00
7312,0.544,2026-09-24T08:32:36.180453+00:00
7313,0.599,2026-09-24T08:32:36.181498+00:00
7314,0.599,2026-09-24T08:32:36.182542+00:00
7315,0.623,2026-09-24T08:32:36.183732+00:00
7316,0.566,2026-09-24T08:32:36.184764+00:00
7317,0.5519999999999999,2026-09-24T08:32:36.185797+00:00
7318,0.6,2026-09-24T08:32:36.186874+00:00
7319,0.555,2026-09-24T08:32:36.187898+00:00
7320,0.608,2026-09-24T08:32:36.188973+00:00
7321,0.5609999999999999,2026-09-24T08:32:36.190005+00:00
7322,0.5820000000000001,2026-09-24T08:32:36.191057+00:00
7323,0.5569999999999999,2026-09-24T08:32:36.192071+00:00
7324,0.544,2026-09-24T08:32:36.193137+00:00
7325,0.549,2026-09-24T08:32:36.194315+00:00
7326,0.732,2026-09-24T08:32:36.195575+00:00
7327,0.736,2026-09-24T08:32:36.196977+00:00
7328,0.598,2026-09-24T08:32:36.198076+00:00
7329,0.6,2026-09-24T08:32:36.199140+00:00
7330,0.589,2026-09-24T08:32:36.200247+00:00
7331,0.5640000000000001,2026-09-24T08:32:36.201294+00:00
7332,0.594,2026-09-24T08:32:36.202400+00:00
7333,0.5810000000000001,2026-09-24T08:32:36.203505+00:00
7334,0.646,2026-09-24T08:32:36.204648+00:00
7335,0.583,2026-09-24T08:32:36.205713+00:00
7336,0.562,2026-09-24T08:32:36.206738+00:00
7337,0.559,2026-09-24T08:32:36.207752+00:00
7338,0.5760000000000001,2026-09-24T08:32:36.208823+00:00
7339,0.521,2026-09-24T08:32:36.209794+00:00
7340,0.531,2026-09-24T08:32:36.210953+00:00
7341,0.565,2026-09-24T08:32:36.211997+00:00
7342,0.58,2026-09-24T08:32:36.213036+00:00
7343,0.528,2026-09-24T08:32:36.214036+00:00
7344,0.57,2026-09-24T08:32:36.215083+00:00
7345,0.55,2026-09-24T08:32:36.216088+00:00
7346,0.55,2026-09-24T08:32:36.217139+00:00
7347,0.546,2026-09-24T08:32:36.218171+00:00
7348,0.5479999999999999,2026-09-24T08:32:36.219236+00:00
7349,0.5640000000000001,2026-09-24T08:32:36.220307+00:00
7350,0.588,2026-09-24T08:32:36.221374+00:00
7351,0.574,2026-09-24T08:32:36.222429+00:00
7352,0.609,2026-09-24T08:32:36.223489+00:00
7353,0.58,2026-09-24T08:32:36.224534+00:00
7354,0.546,2026-09-24T08:32:36.225552+00:00
7355,0.566,2026-09-24T08:32:36.226695+00:00
7356,0.546,2026-09-24T08:32:36.227728+00:00
7357,0.5199999999999999,2026-09-24T08:32:36.228715+00:00
7358,0.562,2026-09-24T08:32:36.229779+00:00
7359,0.5730000000000001,2026-09-24T08:32:36.230806+00:00
7360,0.533,2026-09-24T08:32:36.231769+00:00
7361,0.549,2026-09-24T08:32:36.232748+00:00
7362,0.584,2026-09-24T08:32:36.233800+00:00
7363,0.546,2026-09-24T08:32:36.234803+00:00
7364,0.565,2026-09-24T08:32:36.235855+00:00
7365,0.5760000000000001,2026-09-24T08:32:36.236873+00:00
7366,0.733,2026-09-24T08:32:36.238084+00:00
7367,0.621,2026-09-24T08:32:36.239228+00:00
7368,0.5680000000000001,2026-09-24T08:32:36.240360+00:00
7369,0.614,2026-09-24T08:32:36.241676+00:00
7370,0.601,2026-09-24T08:32:36.242816+00:00
7371,0.5900000000000001,2026-09-24T08:32:36.243922+00:00
7372,0.5910000000000001,2026-09-24T08:32:36.244969+00:00
7373,0.599,2026-09-24T08:32:36.246043+00:00
7374,0.578,2026-09-24T08:32:36.247113+00:00
7375,0.5760000000000001,2026-09-24T08:32:36.248208+00:00
7376,0.58,2026-09-24T08:32:36.249301+00:00
7377,0.661,2026-09-24T08:32:36.250479+00:00
7378,0.816,2026-09-24T08:32:36.251774+00:00
7379,1.1520000000000001,2026-09-24T08:32:36.253548+00:00
7380,0.9259999999999999,2026-09-24T08:32:36.254587+00:00
7381,0.888,2026-09-24T08:32:36.255618+00:00
7382,0.78,2026-09-24T08:32:36.256594+00:00
7383,0.812,2026-09-24T08:32:36.257599+00:00
7384,0.78,2026-09-24T08:32:36.258732+00:00
7385,0.794,2026-09-24T08:32:36.259711+00:00
7386,0.768,2026-09-24T08:32:36.260685+00:00
7387,0.816,2026-09-24T08:32:36.261680+00:00
7388,0.862,2026-09-24T08:32:36.262725+00:00
7389,0.674,2026-09-24T08:32:36.263513+00:00
7390,0.592,2026-09-24T08:32:36.264590+00:00
7391,1.456,2026-09-24T08:32:36.269155+00:00
7392,0.781,2026-09-24T08:32:36.270425+00:00
7393,0.732,2026-09-24T08:32:36.271618+00:00
7394,0.732,2026-09-24T08:32:36.272892+00:00
7395,3.283,2026-09-24T08:32:36.277238+00:00
7396,0.746,2026-09-24T08:32:36.278589+00:00
7397,0.6579999999999999,2026-09-24T08:32:36.279730+00:00
7398,0.862,2026-09-24T08:32:36.281069+00:00
7399,1.285,2026-09-24T08:32:36.283992+00:00
7400,0.954,2026-09-24T08:32:36.285613+00:00
7401,1.211,2026-09-24T08:32:36.287491+00:00
7402,0.9890000000000001,2026-09-24T08:32:36.288657+00:00
7403,0.889,2026-09-24T08:32:36.289907+00:00
7404,0.749,2026-09-24T08:32:36.291246+00:00
7405,0.631,2026-09-24T08:32:36.292372+00:00
7406,0.769,2026-09-24T08:32:36.293613+00:00
7407,0.841,2026-09-24T08:32:36.294828+00:00
7408,0.828,2026-09-24T08:32:36.296174+00:00
7409,0.7060000000000001,2026-09-24T08:32:36.297441+00:00
7410,0.638,2026-09-24T08:32:36.298549+00:00
7411,0.637,2026-09-24T08:32:36.299673+00:00
7412,0.65,2026-09-24T08:32:36.301139+00:00
7413,0.637,2026-09-24T08:32:36.302279+00:00
7414,0.603,2026-09-24T08:32:36.303574+00:00
7415,0.603,2026-09-24T08:32:36.304646+00:00
7416,0.584,2026-09-24T08:32:36.305692+00:00
7417,0.5810000000000001,2026-09-24T08:32:36.306739+00:00
7418,0.5820000000000001,2026-09-24T08:32:36.307794+00:00
7419,0.69,2026-09-24T08:32:36.308991+00:00
7420,0.6769999999999999,2026-09-24T08:32:36.310264+00:00
7421,0.7110000000000001,2026-09-24T08:32:36.311516+00:00
7422,0.623,2026-09-24T08:32:36.312663+00:00
7423,0.593,2026-09-24T08:32:36.313706+00:00
7424,0.535,2026-09-24T08:32:36.314727+00:00
7425,0.532,2026-09-24T08:32:36.315752+00:00
7426,0.725,2026-09-24T08:32:36.316944+00:00
7427,0.789,2026-09-24T08:32:36.318297+00:00
7428,0.879,2026-09-24T08:32:36.319749+00:00
7429,0.9359999999999999,2026-09-24T08:32:36.321403+00:00
7430,1.13,2026-09-24T08:32:36.323393+00:00
7431,0.944,2026-09-24T08:32:36.324907+00:00
7432,0.7200000000000001,2026-09-24T08:32:36.326056+00:00
7433,0.66,2026-09-24T08:32:36.327192+00:00
7434,0.5910000000000001,2026-09-24T08:32:36.328317+00:00
7435,0.714,2026-09-24T08:32:36.329575+00:00
7436,0.583,2026-09-24T08:32:36.330639+00:00
7437,0.5670000000000001,2026-09-24T08:32:36.331656+00:00
7438,0.5479999999999999,2026-09-24T08:32:36.332650+00:00
7439,0.566,2026-09-24T08:32:36.333653+00:00
7440,0.587,2026-09-24T08:32:36.334728+00:00
7441,0.584,2026-09-24T08:32:36.336029+00:00
7442,0.545,2026-09-24T08:32:36.337227+00:00
7443,0.579,2026-09-24T08:32:36.338608+00:00
7444,0.531,2026-09-24T08:32:36.339714+00:00
7445,0.5569999999999999,2026-09-24T08:32:36.340778+00:00
7446,0.544,2026-09-24T08:32:36.341810+00:00
7447,0.619,2026-09-24T08:32:36.342920+00:00
7448,0.743,2026-09-24T08:32:36.344188+00:00
7449,0.646,2026-09-24T08:32:36.345470+00:00
7450,0.583,2026-09-24T08:32:36.346552+00:00
7451,0.5720000000000001,2026-09-24T08:32:36.347653+00:00
7452,0.526,2026-09-24T08:32:36.348668+00:00
7453,0.546,2026-09-24T08:32:36.349754+00:00
7454,0.615,2026-09-24T08:32:36.350867+00:00
7455,0.5469999999999999,2026-09-24T08:32:36.351920+00:00
7456,0.565,2026-09-24T08:32:36.352930+00:00
7457,0.5339999999999999,2026-09-24T08:32:36.353907+00:00
7458,0.5469999999999999,2026-09-24T08:32:36.355159+00:00
7459,0.53,2026-09-24T08:32:36.356208+00:00
7460,0.5640000000000001,2026-09-24T08:32:36.357279+00:00
7461,0.5640000000000001,2026-09-24T08:32:36.358299+00:00
7462,0.5730000000000001,2026-09-24T08:32:36.359368+00:00
7463,0.5469999999999999,2026-09-24T08:32:36.360365+00:00
7464,0.609,2026-09-24T08:32:36.361451+00:00
7465,0.781,2026-09-24T08:32:36.362839+00:00
7466,0.592,2026-09-24T08:32:36.363764+00:00
7467,0.614,2026-09-24T08:32:36.364927+00:00
7468,0.5760000000000001,2026-09-24T08:32:36.365976+00:00
7469,0.61,2026-09-24T08:32:36.367057+00:00
7470,0.541,2026-09-24T08:32:36.368121+00:00
7471,0.524,2026-09-24T08:32:36.369139+00:00
7472,0.669,2026-09-24T08:32:36.370281+00:00
7473,0.513,2026-09-24T08:32:36.371384+00:00
7474,0.858,2026-09-24T08:32:36.372746+00:00
7475,0.661,2026-09-24T08:32:36.373573+00:00
7476,0.541,2026-09-24T08:32:36.374514+00:00
7477,0.5820000000000001,2026-09-24T08:32:36.375555+00:00
7478,0.517,2026-09-24T08:32:36.376518+00:00
7479,0.5569999999999999,2026-09-24T08:32:36.377524+00:00
7480,0.571,2026-09-24T08:32:36.378666+00:00
7481,0.521,2026-09-24T08:32:36.379654+00:00
7482,0.513,2026-09-24T08:32:36.380640+00:00
7483,0.515,2026-09-24T08:32:36.381625+00:00
7484,0.516,2026-09-24T08:32:36.382604+00:00
7485,0.5419999999999999,2026-09-24T08:32:36.383645+00:00
7486,0.5109999999999999,2026-09-24T08:32:36.384634+00:00
7487,0.714,2026-09-24T08:32:36.386005+00:00
7488,0.622,2026-09-24T08:32:36.387359+00:00
7489,0.541,2026-09-24T08:32:36.388437+00:00
7490,0.541,2026-09-24T08:32:36.389462+00:00
7491,1.1199999999999999,2026-09-24T08:32:36.391321+00:00
7492,0.735,2026-09-24T08:32:36.392644+00:00
7493,1.036,2026-09-24T08:32:36.394310+00:00
7494,0.8270000000000001,2026-09-24T08:32:36.396095+00:00
7495,0.7060000000000001,2026-09-24T08:32:36.397328+00:00
7496,0.5609999999999999,2026-09-24T08:32:36.398357+00:00
7497,0.76,2026-09-24T08:32:36.399777+00:00
7498,1.073,2026-09-24T08:32:36.401686+00:00
7499,0.756,2026-09-24T08:32:36.403014+00:00
7500,0.68,2026-09-24T08:32:36.404262+00:00
7501,0.5900000000000001,2026-09-24T08:32:36.405477+00:00
7502,0.735,2026-09-24T08:32:36.406804+00:00
7503,0.6970000000000001,2026-09-24T08:32:36.408246+00:00
7504,0.7020000000000001,2026-09-24T08:32:36.409576+00:00
7505,0.5910000000000001,2026-09-24T08:32:36.410628+00:00
7506,0.695,2026-09-24T08:32:36.411818+00:00
7507,0.5640000000000001,2026-09-24T08:32:36.412918+00:00
7508,0.5720000000000001,2026-09-24T08:32:36.413998+00:00
7509,0.638,2026-09-24T08:32:36.415169+00:00
7510,0.5900000000000001,2026-09-24T08:32:36.416308+00:00
7511,0.53,2026-09-24T08:32:36.417353+00:00
7512,0.57,2026-09-24T08:32:36.418440+00:00
7513,0.5760000000000001,2026-09-24T08:32:36.419493+00:00
7514,0.616,2026-09-24T08:32:36.420731+00:00
7515,0.575,2026-09-24T08:32:36.421855+00:00
7516,0.5609999999999999,2026-09-24T08:32:36.422892+00:00
7517,0.656,2026-09-24T08:32:36.424176+00:00
7518,0.871,2026-09-24T08:32:36.425619+00:00
7519,0.8,2026-09-24T08:32:36.426891+00:00
7520,0.616,2026-09-24T08:32:36.428053+00:00
7521,0.7290000000000001,2026-09-24T08:32:36.429400+00:00
7522,0.8360000000000001,2026-09-24T08:32:36.430810+00:00
7523,0.71,2026-09-24T08:32:36.432098+00:00
7524,0.554,2026-09-24T08:32:36.433290+00:00
7525,0.612,2026-09-24T08:32:36.434542+00:00
7526,0.5599999999999999,2026-09-24T08:32:36.435626+00:00
7527,0.5910000000000001,2026-09-24T08:32:36.436727+00:00
7528,0.57,2026-09-24T08:32:36.437783+00:00
7529,0.6890000000000001,2026-09-24T08:32:36.438950+00:00
7530,0.578,2026-09-24T08:32:36.439980+00:00
7531,0.541,2026-09-24T08:32:36.440984+00:00
7532,0.519,2026-09-24T08:32:36.442039+00:00
7533,0.5199999999999999,2026-09-24T08:32:36.443039+00:00
7534,0.532,2026-09-24T08:32:36.444088+00:00
7535,0.5519999999999999,2026-09-24T08:32:36.445180+00:00
7536,0.5559999999999999,2026-09-24T08:32:36.446281+00:00
7537,0.732,2026-09-24T08:32:36.447547+00:00
7538,0.643,2026-09-24T08:32:36.448814+00:00
7539,0.631,2026-09-24T08:32:36.449959+00:00
7540,0.606,2026-09-24T08:32:36.451203+00:00
7541,0.545,2026-09-24T08:32:36.452239+00:00
7542,0.546,2026-09-24T08:32:36.453239+00:00
7543,0.55,2026-09-24T08:32:36.454231+00:00
7544,0.5680000000000001,2026-09-24T08:32:36.455246+00:00
7545,0.5379999999999999,2026-09-24T08:32:36.456218+00:00
7546,0.5720000000000001,2026-09-24T08:32:36.457274+00:00
7547,0.544,2026-09-24T08:32:36.458400+00:00
7548,0.583,2026-09-24T08:32:36.459501+00:00
7549,0.6130000000000001,2026-09-24T08:32:36.460746+00:00
7550,0.559,2026-09-24T08:32:36.462028+00:00
7551,0.559,2026-09-24T08:32:36.463161+00:00
7552,0.5559999999999999,2026-09-24T08:32:36.464298+00:00
7553,0.5720000000000001,2026-09-24T08:32:36.465365+00:00
7554,0.528,2026-09-24T08:32:36.466395+00:00
7555,0.5720000000000001,2026-09-24T08:32:36.467464+00:00
7556,0.533,2026-09-24T08:32:36.468472+00:00
7557,0.5429999999999999,2026-09-24T08:32:36.469491+00:00
7558,0.545,2026-09-24T08:32:36.470557+00:00
7559,0.583,2026-09-24T08:32:36.471677+00:00
7560,0.5730000000000001,2026-09-24T08:32:36.472781+00:00
7561,0.708,2026-09-24T08:32:36.473969+00:00
7562,0.871,2026-09-24T08:32:36.475520+00:00
7563,0.614,2026-09-24T08:32:36.476619+00:00
7564,0.584,2026-09-24T08:32:36.477736+00:00
7565,0.578,2026-09-24T08:32:36.478886+00:00
7566,0.5559999999999999,2026-09-24T08:32:36.479919+00:00
7567,0.5730000000000001,2026-09-24T08:32:36.480979+00:00
7568,0.5339999999999999,2026-09-24T08:32:36.482014+00:00
7569,0.5609999999999999,2026-09-24T08:32:36.483052+00:00
7570,0.541,2026-09-24T08:32:36.484299+00:00
7571,0.539,2026-09-24T08:32:36.485328+00:00
7572,0.5379999999999999,2026-09-24T08:32:36.486354+00:00
7573,0.554,2026-09-24T08:32:36.487436+00:00
7574,0.5469999999999999,2026-09-24T08:32:36.488474+00:00
7575,0.634,2026-09-24T08:32:36.489644+00:00
7576,1.2899999999999998,2026-09-24T08:32:36.491605+00:00
7577,0.638,2026-09-24T08:32:36.492493+00:00
7578,1.054,2026-09-24T08:32:36.494141+00:00
7579,0.781,2026-09-24T08:32:36.495174+00:00
7580,0.618,2026-09-24T08:32:36.496198+00:00
7581,0.769,2026-09-24T08:32:36.497569+00:00
7582,0.607,2026-09-24T08:32:36.498791+00:00
7583,0.619,2026-09-24T08:32:36.499905+00:00
7584,0.8310000000000001,2026-09-24T08:32:36.501456+00:00
7585,0.746,2026-09-24T08:32:36.502480+00:00
7586,0.93,2026-09-24T08:32:36.504177+00:00
7587,0.941,2026-09-24T08:32:36.505893+00:00
7588,0.703,2026-09-24T08:32:36.507171+00:00
7589,0.666,2026-09-24T08:32:36.508318+00:00
7590,0.707,2026-09-24T08:32:36.509511+00:00
7591,0.67,2026-09-24T08:32:36.510757+00:00
7592,0.8180000000000001,2026-09-24T08:32:36.512196+00:00
7593,0.631,2026-09-24T08:32:36.513373+00:00
7594,0.705,2026-09-24T08:32:36.514577+00:00
7595,0.635,2026-09-24T08:32:36.515671+00:00
7596,0.631,2026-09-24T08:32:36.516817+00:00
7597,0.636,2026-09-24T08:32:36.517925+00:00
7598,0.648,2026-09-24T08:32:36.518995+00:00
7599,0.907,2026-09-24T08:32:36.520611+00:00
7600,1.193,2026-09-24T08:32:36.522371+00:00
7601,1.046,2026-09-24T08:32:36.523681+00:00
7602,0.778,2026-09-24T08:32:36.524912+00:00
7603,0.64,2026-09-24T08:32:36.526124+00:00
7604,0.601,2026-09-24T08:32:36.527286+00:00
7605,0.569,2026-09-24T08:32:36.528435+00:00
7606,0.8099999999999999,2026-09-24T08:32:36.529972+00:00
7607,0.6859999999999999,2026-09-24T08:32:36.531026+00:00
7608,0.5720000000000001,2026-09-24T08:32:36.532071+00:00
7609,0.5509999999999999,2026-09-24T08:32:36.533115+00:00
7610,0.514,2026-09-24T08:32:36.534125+00:00
7611,0.594,2026-09-24T08:32:36.535187+00:00
7612,0.5680000000000001,2026-09-24T08:32:36.536195+00:00
7613,0.504,2026-09-24T08:32:36.537159+00:00
7614,0.517,2026-09-24T08:32:36.538155+00:00
7615,0.513,2026-09-24T08:32:36.539135+00:00
7616,0.519,2026-09-24T08:32:36.540101+00:00
7617,0.496,2026-09-24T08:32:36.541062+00:00
7618,0.517,2026-09-24T08:32:36.542056+00:00
7619,0.5429999999999999,2026-09-24T08:32:36.543060+00:00
7620,0.504,2026-09-24T08:32:36.543992+00:00
7621,0.587,2026-09-24T08:32:36.545238+00:00
7622,0.51,2026-09-24T08:32:36.546265+00:00
7623,0.5,2026-09-24T08:32:36.547239+00:00
7624,0.5419999999999999,2026-09-24T08:32:36.548226+00:00
7625,0.49200000000000005,2026-09-24T08:32:36.549167+00:00
7626,0.525,2026-09-24T08:32:36.550177+00:00
7627,0.527,2026-09-24T08:32:36.551134+00:00
7628,0.527,2026-09-24T08:32:36.552085+00:00
7629,0.513,2026-09-24T08:32:36.553068+00:00
7630,0.481,2026-09-24T08:32:36.554030+00:00
7631,0.49799999999999994,2026-09-24T08:32:36.554963+00:00
7632,0.605,2026-09-24T08:32:36.556035+00:00
7633,1.33,2026-09-24T08:32:36.557856+00:00
7634,0.704,2026-09-24T08:32:36.559184+00:00
7635,0.555,2026-09-24T08:32:36.560230+00:00
7636,0.5720000000000001,2026-09-24T08:32:36.561383+00:00
7637,0.521,2026-09-24T08:32:36.562331+00:00
7638,0.482,2026-09-24T08:32:36.563283+00:00
7639,0.514,2026-09-24T08:32:36.564279+00:00
7640,0.588,2026-09-24T08:32:36.565340+00:00
7641,0.532,2026-09-24T08:32:36.566313+00:00
7642,0.635,2026-09-24T08:32:36.567492+00:00
7643,0.531,2026-09-24T08:32:36.568521+00:00
7644,0.531,2026-09-24T08:32:36.569564+00:00
7645,0.506,2026-09-24T08:32:36.570576+00:00
7646,0.5199999999999999,2026-09-24T08:32:36.571602+00:00
7647,0.6449999999999999,2026-09-24T08:32:36.572738+00:00
7648,0.5,2026-09-24T08:32:36.573739+00:00
7649,0.512,2026-09-24T08:32:36.574775+00:00
7650,0.5419999999999999,2026-09-24T08:32:36.575912+00:00
7651,0.53,2026-09-24T08:32:36.576982+00:00
7652,0.541,2026-09-24T08:32:36.578032+00:00
7653,0.5339999999999999,2026-09-24T08:32:36.579170+00:00
7654,0.477,2026-09-24T08:32:36.580161+00:00
7655,0.46799999999999997,2026-09-24T08:32:36.581127+00:00
7656,0.49799999999999994,2026-09-24T08:32:36.582126+00:00
7657,0.5289999999999999,2026-09-24T08:32:36.583161+00:00
7658,0.477,2026-09-24T08:32:36.584102+00:00
7659,0.5199999999999999,2026-09-24T08:32:36.585112+00:00
7660,0.51,2026-09-24T08:32:36.586116+00:00
7661,0.524,2026-09-24T08:32:36.587127+00:00
7662,0.494,2026-09-24T08:32:36.588110+00:00
7663,1.449,2026-09-24T08:32:36.590079+00:00
7664,0.5720000000000001,2026-09-24T08:32:36.591272+00:00
7665,0.583,2026-09-24T08:32:36.592525+00:00
7666,0.513,2026-09-24T08:32:36.593516+00:00
7667,0.5569999999999999,2026-09-24T08:32:36.594547+00:00
7668,0.513,2026-09-24T08:32:36.595509+00:00
7669,0.5559999999999999,2026-09-24T08:32:36.596534+00:00
7670,0.5,2026-09-24T08:32:36.597502+00:00
7671,0.519,2026-09-24T08:32:36.598509+00:00
7672,0.57,2026-09-24T08:32:36.599552+00:00
7673,0.5569999999999999,2026-09-24T08:32:36.600769+00:00
7674,0.535,2026-09-24T08:32:36.602150+00:00
7675,0.472,2026-09-24T08:32:36.603235+00:00
7676,0.467,2026-09-24T08:32:36.604333+00:00
7677,0.525,2026-09-24T08:32:36.605516+00:00
7678,0.799,2026-09-24T08:32:36.607064+00:00
7679,0.549,2026-09-24T08:32:36.608109+00:00
7680,0.528,2026-09-24T08:32:36.609283+00:00
7681,0.506,2026-09-24T08:32:36.610258+00:00
7682,0.495,2026-09-24T08:32:36.611252+00:00
7683,0.518,2026-09-24T08:32:36.612229+00:00
7684,0.488,2026-09-24T08:32:36.613216+00:00
7685,0.486,2026-09-24T08:32:36.614199+00:00
7686,0.51,2026-09-24T08:32:36.615197+00:00
7687,0.49700000000000005,2026-09-24T08:32:36.616163+00:00
7688,0.5339999999999999,2026-09-24T08:32:36.617206+00:00
7689,0.496,2026-09-24T08:32:36.618183+00:00
7690,0.504,2026-09-24T08:32:36.619181+00:00
7691,0.49799999999999994,2026-09-24T08:32:36.620160+00:00
7692,0.484,2026-09-24T08:32:36.621151+00:00
7693,0.527,2026-09-24T08:32:36.622248+00:00
7694,0.579,2026-09-24T08:32:36.623398+00:00
7695,0.562,2026-09-24T08:32:36.624659+00:00
7696,0.523,2026-09-24T08:32:36.625651+00:00
7697,0.483,2026-09-24T08:32:36.626600+00:00
7698,0.528,2026-09-24T08:32:36.627836+00:00
7699,0.5109999999999999,2026-09-24T08:32:36.629074+00:00
7700,0.488,2026-09-24T08:32:36.630157+00:00
7701,0.518,2026-09-24T08:32:36.631202+00:00
7702,0.5339999999999999,2026-09-24T08:32:36.632271+00:00
7703,0.54,2026-09-24T08:32:36.633343+00:00
7704,0.499,2026-09-24T08:32:36.634360+00:00
7705,0.517,2026-09-24T08:32:36.635543+00:00
7706,0.49200000000000005,2026-09-24T08:32:36.636591+00:00
7707,0.482,2026-09-24T08:32:36.637640+00:00
7708,0.47800000000000004,2026-09-24T08:32:36.638658+00:00
7709,0.465,2026-09-24T08:32:36.639642+00:00
7710,2.045,2026-09-24T08:32:36.642444+00:00
7711,0.554,2026-09-24T08:32:36.643493+00:00
7712,0.505,2026-09-24T08:32:36.644519+00:00
7713,0.5109999999999999,2026-09-24T08:32:36.645616+00:00
7714,0.505,2026-09-24T08:32:36.646651+00:00
7715,1.328,2026-09-24T08:32:36.648884+00:00
7716,0.873,2026-09-24T08:32:36.649788+00:00
7717,0.728,2026-09-24T08:32:36.650882+00:00
7718,0.768,2026-09-24T08:32:36.652077+00:00
7719,0.608,2026-09-24T08:32:36.653266+00:00
7720,0.536,2026-09-24T08:32:36.654299+00:00
7721,0.537,2026-09-24T08:32:36.655439+00:00
7722,0.812,2026-09-24T08:32:36.656808+00:00
7723,0.778,2026-09-24T08:32:36.657876+00:00
7724,0.647,2026-09-24T08:32:36.659117+00:00
7725,0.955,2026-09-24T08:32:36.660609+00:00
7726,4.630999999999999,2026-09-24T08:32:36.665450+00:00
7727,1.177,2026-09-24T08:32:36.667160+00:00
7728,0.8989999999999999,2026-09-24T08:32:36.668533+00:00
7729,0.8180000000000001,2026-09-24T08:32:36.669997+00:00
7730,0.776,2026-09-24T08:32:36.671373+00:00
7731,1.332,2026-09-24T08:32:36.673476+00:00
7732,0.742,2026-09-24T08:32:36.674597+00:00
7733,0.621,2026-09-24T08:32:36.675650+00:00
7734,0.6449999999999999,2026-09-24T08:32:36.676766+00:00
7735,0.768,2026-09-24T08:32:36.678077+00:00
7736,0.699,2026-09-24T08:32:36.679402+00:00
7737,0.657,2026-09-24T08:32:36.680645+00:00
7738,0.562,2026-09-24T08:32:36.681741+00:00
7739,0.574,2026-09-24T08:32:36.683014+00:00
7740,0.535,2026-09-24T08:32:36.684003+00:00
7741,0.5339999999999999,2026-09-24T08:32:36.684999+00:00
7742,0.5469999999999999,2026-09-24T08:32:36.685985+00:00
7743,0.528,2026-09-24T08:32:36.686948+00:00
7744,0.566,2026-09-24T08:32:36.687928+00:00
7745,3.9379999999999997,2026-09-24T08:32:36.692280+00:00
7746,0.8059999999999999,2026-09-24T08:32:36.693744+00:00
7747,1.1789999999999998,2026-09-24T08:32:36.695926+00:00
7748,0.948,2026-09-24T08:32:36.697617+00:00
7749,0.723,2026-09-24T08:32:36.698916+00:00
7750,0.812,2026-09-24T08:32:36.700299+00:00
7751,0.5910000000000001,2026-09-24T08:32:36.701458+00:00
7752,0.5680000000000001,2026-09-24T08:32:36.702467+00:00
7753,0.516,2026-09-24T08:32:36.703356+00:00
7754,0.523,2026-09-24T08:32:36.704495+00:00
7755,0.794,2026-09-24T08:32:36.705709+00:00
7756,0.784,2026-09-24T08:32:36.706984+00:00
7757,0.546,2026-09-24T08:32:36.707976+00:00
7758,0.5109999999999999,2026-09-24T08:32:36.708958+00:00
7759,0.506,2026-09-24T08:32:36.709965+00:00
7760,0.554,2026-09-24T08:32:36.710960+00:00
7761,0.5429999999999999,2026-09-24T08:32:36.712017+00:00
7762,0.525,2026-09-24T08:32:36.713017+00:00
7763,0.49,2026-09-24T08:32:36.713963+00:00
7764,0.5429999999999999,2026-09-24T08:32:36.714975+00:00
7765,0.508,2026-09-24T08:32:36.715886+00:00
7766,0.518,2026-09-24T08:32:36.716875+00:00
7767,0.536,2026-09-24T08:32:36.717864+00:00
7768,0.575,2026-09-24T08:32:36.718914+00:00
7769,0.5630000000000001,2026-09-24T08:32:36.720171+00:00
7770,0.708,2026-09-24T08:32:36.721347+00:00
7771,0.6930000000000001,2026-09-24T08:32:36.722398+00:00
7772,0.533,2026-09-24T08:32:36.723364+00:00
7773,0.517,2026-09-24T08:32:36.724338+00:00
7774,0.51,2026-09-24T08:32:36.725313+00:00
7775,0.49700000000000005,2026-09-24T08:32:36.726238+00:00
7776,0.539,2026-09-24T08:32:36.727231+00:00
7777,0.539,2026-09-24T08:32:36.728214+00:00
7778,0.512,2026-09-24T08:32:36.729162+00:00
7779,0.54,2026-09-24T08:32:36.730163+00:00
7780,0.536,2026-09-24T08:32:36.731139+00:00
7781,0.532,2026-09-24T08:32:36.732137+00:00
7782,0.554,2026-09-24T08:32:36.733158+00:00
7783,0.5509999999999999,2026-09-24T08:32:36.734253+00:00
7784,0.5569999999999999,2026-09-24T08:32:36.735250+00:00
7785,0.513,2026-09-24T08:32:36.736201+00:00
7786,0.496,2026-09-24T08:32:36.737146+00:00
7787,0.514,2026-09-24T08:32:36.738118+00:00
7788,0.533,2026-09-24T08:32:36.739134+00:00
7789,0.5730000000000001,2026-09-24T08:32:36.740162+00:00
7790,0.525,2026-09-24T08:32:36.741148+00:00
7791,0.562,2026-09-24T08:32:36.742158+00:00
7792,0.546,2026-09-24T08:32:36.743165+00:00
7793,0.508,2026-09-24T08:32:36.744131+00:00
7794,0.519,2026-09-24T08:32:36.745140+00:00
7795,0.532,2026-09-24T08:32:36.746116+00:00
7796,0.532,2026-09-24T08:32:36.747127+00:00
7797,0.544,2026-09-24T08:32:36.748136+00:00
7798,0.5770000000000001,2026-09-24T08:32:36.749272+00:00
7799,0.545,2026-09-24T08:32:36.750270+00:00
7800,0.5630000000000001,2026-09-24T08:32:36.751276+00:00
7801,0.574,2026-09-24T08:32:36.752329+00:00
7802,0.553,2026-09-24T08:32:36.753329+00:00
7803,0.5109999999999999,2026-09-24T08:32:36.754312+00:00
7804,0.526,2026-09-24T08:32:36.755327+00:00
7805,0.565,2026-09-24T08:32:36.756371+00:00
7806,0.537,2026-09-24T08:32:36.757356+00:00
7807,0.5860000000000001,2026-09-24T08:32:36.758367+00:00
7808,0.541,2026-09-24T08:32:36.759363+00:00
7809,0.5429999999999999,2026-09-24T08:32:36.760346+00:00
7810,0.533,2026-09-24T08:32:36.761348+00:00
7811,0.525,2026-09-24T08:32:36.762337+00:00
7812,0.503,2026-09-24T08:32:36.763295+00:00
7813,0.527,2026-09-24T08:32:36.764341+00:00
7814,0.578,2026-09-24T08:32:36.765401+00:00
7815,0.55,2026-09-24T08:32:36.766368+00:00
7816,0.541,2026-09-24T08:32:36.767384+00:00
7817,0.5339999999999999,2026-09-24T08:32:36.768353+00:00
7818,0.535,2026-09-24T08:32:36.769444+00:00
7819,0.5680000000000001,2026-09-24T08:32:36.770598+00:00
7820,0.5339999999999999,2026-09-24T08:32:36.771659+00:00
7821,0.851,2026-09-24T08:32:36.772986+00:00
7822,1.0959999999999999,2026-09-24T08:32:36.774712+00:00
7823,0.8260000000000001,2026-09-24T08:32:36.776114+00:00
7824,0.727,2026-09-24T08:32:36.777393+00:00
7825,0.764,2026-09-24T08:32:36.778709+00:00
7826,0.71,2026-09-24T08:32:36.779922+00:00
7827,0.6679999999999999,2026-09-24T08:32:36.781094+00:00
7828,0.669,2026-09-24T08:32:36.782374+00:00
7829,0.726,2026-09-24T08:32:36.783611+00:00
7830,0.6920000000000001,2026-09-24T08:32:36.784799+00:00
7831,0.968,2026-09-24T08:32:36.786251+00:00
7832,0.726,2026-09-24T08:32:36.787383+00:00
7833,0.7010000000000001,2026-09-24T08:32:36.788615+00:00
7834,0.716,2026-09-24T08:32:36.789822+00:00
7835,0.751,2026-09-24T08:32:36.791133+00:00
7836,0.744,2026-09-24T08:32:36.792399+00:00
7837,0.6920000000000001,2026-09-24T08:32:36.793667+00:00
7838,0.674,2026-09-24T08:32:36.794858+00:00
7839,0.743,2026-09-24T08:32:36.796098+00:00
7840,0.696,2026-09-24T08:32:36.797324+00:00
7841,0.75,2026-09-24T08:32:36.798596+00:00
7842,0.6579999999999999,2026-09-24T08:32:36.799747+00:00
7843,1.024,2026-09-24T08:32:36.801342+00:00
7844,0.8059999999999999,2026-09-24T08:32:36.802666+00:00
7845,0.866,2026-09-24T08:32:36.803877+00:00
7846,0.85,2026-09-24T08:32:36.804925+00:00
7847,0.85,2026-09-24T08:32:36.805985+00:00
7848,0.8170000000000001,2026-09-24T08:32:36.807004+00:00
7849,0.884,2026-09-24T08:32:36.808183+00:00
7850,0.816,2026-09-24T08:32:36.809450+00:00
7851,0.841,2026-09-24T08:32:36.810629+00:00
7852,0.7969999999999999,2026-09-24T08:32:36.811724+00:00
7853,0.8490000000000001,2026-09-24T08:32:36.812806+00:00
7854,0.79,2026-09-24T08:32:36.813843+00:00
7855,0.851,2026-09-24T08:32:36.814961+00:00
7856,0.837,2026-09-24T08:32:36.816044+00:00
7857,0.8180000000000001,2026-09-24T08:32:36.817260+00:00
7858,0.8450000000000001,2026-09-24T08:32:36.818377+00:00
7859,0.892,2026-09-24T08:32:36.819505+00:00
7860,0.86,2026-09-24T08:32:36.820610+00:00
7861,0.739,2026-09-24T08:32:36.821576+00:00
7862,0.696,2026-09-24T08:32:36.822697+00:00
7863,0.7110000000000001,2026-09-24T08:32:36.823906+00:00
7864,0.9790000000000001,2026-09-24T08:32:36.825403+00:00
7865,0.83,2026-09-24T08:32:36.826926+00:00
7866,0.756,2026-09-24T08:32:36.828319+00:00
7867,0.742,2026-09-24T08:32:36.829684+00:00
7868,0.76,2026-09-24T08:32:36.831046+00:00
7869,0.752,2026-09-24T08:32:36.832362+00:00
7870,0.746,2026-09-24T08:32:36.833729+00:00
7871,0.7649999999999999,2026-09-24T08:32:36.835102+00:00
7872,0.828,2026-09-24T08:32:36.836648+00:00
7873,0.9840000000000001,2026-09-24T08:32:36.838126+00:00
7874,0.933,2026-09-24T08:32:36.839388+00:00
7875,0.998,2026-09-24T08:32:36.840732+00:00
7876,0.964,2026-09-24T08:32:36.841992+00:00
7877,0.722,2026-09-24T08:32:36.843122+00:00
7878,0.675,2026-09-24T08:32:36.844231+00:00
7879,0.6669999999999999,2026-09-24T08:32:36.845322+00:00
7880,0.628,2026-09-24T08:32:36.846360+00:00
7881,0.653,2026-09-24T08:32:36.847437+00:00
7882,0.637,2026-09-24T08:32:36.848450+00:00
7883,0.662,2026-09-24T08:32:36.849464+00:00
7884,0.6679999999999999,2026-09-24T08:32:36.850494+00:00
7885,0.483,2026-09-24T08:32:36.851341+00:00
7886,0.467,2026-09-24T08:32:36.852310+00:00
7887,0.483,2026-09-24T08:32:36.853431+00:00
7888,0.465,2026-09-24T08:32:36.854422+00:00
7889,0.46900000000000003,2026-09-24T08:32:36.855386+00:00
7890,0.464,2026-09-24T08:32:36.856362+00:00
7891,0.48700000000000004,2026-09-24T08:32:36.857364+00:00
7892,0.45399999999999996,2026-09-24T08:32:36.858336+00:00
7893,0.464,2026-09-24T08:32:36.859335+00:00
7894,0.45199999999999996,2026-09-24T08:32:36.860315+00:00
7895,0.441,2026-09-24T08:32:36.861303+00:00
7896,0.5,2026-09-24T08:32:36.862355+00:00
7897,0.45199999999999996,2026-09-24T08:32:36.863311+00:00
7898,0.49200000000000005,2026-09-24T08:32:36.864324+00:00
7899,0.496,2026-09-24T08:32:36.865338+00:00
7900,0.456,2026-09-24T08:32:36.866307+00:00
7901,0.838,2026-09-24T08:32:36.867830+00:00
7902,0.643,2026-09-24T08:32:36.869079+00:00
7903,0.902,2026-09-24T08:32:36.870493+00:00
7904,0.742,2026-09-24T08:32:36.871353+00:00
7905,0.622,2026-09-24T08:32:36.872306+00:00
7906,0.587,2026-09-24T08:32:36.873305+00:00
7907,0.764,2026-09-24T08:32:36.874769+00:00
7908,0.575,2026-09-24T08:32:36.875704+00:00
7909,0.5419999999999999,2026-09-24T08:32:36.876723+00:00
7910,0.49299999999999994,2026-09-24T08:32:36.877706+00:00
7911,0.48500000000000004,2026-09-24T08:32:36.878704+00:00
7912,0.49700000000000005,2026-09-24T08:32:36.879711+00:00
7913,0.47,2026-09-24T08:32:36.880668+00:00
7914,0.5609999999999999,2026-09-24T08:32:36.881912+00:00
7915,0.49,2026-09-24T08:32:36.882932+00:00
7916,0.528,2026-09-24T08:32:36.883997+00:00
7917,0.656,2026-09-24T08:32:36.885297+00:00
7918,0.5900000000000001,2026-09-24T08:32:36.886201+00:00
7919,0.5479999999999999,2026-09-24T08:32:36.887163+00:00
7920,0.533,2026-09-24T08:32:36.888167+00:00
7921,0.53,2026-09-24T08:32:36.889139+00:00
7922,0.584,2026-09-24T08:32:36.890176+00:00
7923,0.558,2026-09-24T08:32:36.891177+00:00
7924,0.524,2026-09-24T08:32:36.892154+00:00
7925,0.523,2026-09-24T08:32:36.893155+00:00
7926,0.5469999999999999,2026-09-24T08:32:36.894175+00:00
7927,0.603,2026-09-24T08:32:36.895233+00:00
7928,0.541,2026-09-24T08:32:36.896216+00:00
7929,0.5950000000000001,2026-09-24T08:32:36.897237+00:00
7930,0.616,2026-09-24T08:32:36.898306+00:00
7931,0.592,2026-09-24T08:32:36.899483+00:00
7932,0.7,2026-09-24T08:32:36.900581+00:00
7933,0.707,2026-09-24T08:32:36.901690+00:00
7934,0.617,2026-09-24T08:32:36.902642+00:00
7935,0.837,2026-09-24T08:32:36.903954+00:00
7936,0.666,2026-09-24T08:32:36.904829+00:00
7937,0.669,2026-09-24T08:32:36.905844+00:00
7938,0.67,2026-09-24T08:32:36.906844+00:00
7939,0.643,2026-09-24T08:32:36.907848+00:00
7940,0.5569999999999999,2026-09-24T08:32:36.908777+00:00
7941,0.47600000000000003,2026-09-24T08:32:36.909714+00:00
7942,0.46099999999999997,2026-09-24T08:32:36.910680+00:00
7943,0.646,2026-09-24T08:32:36.911834+00:00
7944,0.63,2026-09-24T08:32:36.912855+00:00
7945,0.631,2026-09-24T08:32:36.913850+00:00
7946,0.6849999999999999,2026-09-24T08:32:36.915004+00:00
7947,0.624,2026-09-24T08:32:36.915999+00:00
7948,0.67,2026-09-24T08:32:36.917055+00:00
7949,0.6449999999999999,2026-09-24T08:32:36.918095+00:00
7950,0.65,2026-09-24T08:32:36.919126+00:00
7951,0.647,2026-09-24T08:32:36.920172+00:00
7952,0.627,2026-09-24T08:32:36.921188+00:00
7953,0.638,2026-09-24T08:32:36.922218+00:00
7954,0.626,2026-09-24T08:32:36.923217+00:00
7955,0.507,2026-09-24T08:32:36.924096+00:00
7956,0.482,2026-09-24T08:32:36.925065+00:00
7957,0.62,2026-09-24T08:32:36.926185+00:00
7958,0.627,2026-09-24T08:32:36.927177+00:00
7959,0.625,2026-09-24T08:32:36.928200+00:00
7960,0.7020000000000001,2026-09-24T08:32:36.929346+00:00
7961,0.6759999999999999,2026-09-24T08:32:36.930697+00:00
7962,0.575,2026-09-24T08:32:36.931721+00:00
7963,0.9380000000000001,2026-09-24T08:32:36.933139+00:00
7964,0.897,2026-09-24T08:32:36.934178+00:00
7965,0.8170000000000001,2026-09-24T08:32:36.935195+00:00
7966,0.6629999999999999,2026-09-24T08:32:36.936035+00:00
7967,0.5199999999999999,2026-09-24T08:32:36.937243+00:00
7968,0.503,2026-09-24T08:32:36.938356+00:00
7969,0.475,2026-09-24T08:32:36.939386+00:00
7970,0.491,2026-09-24T08:32:36.940378+00:00
7971,0.491,2026-09-24T08:32:36.941371+00:00
7972,0.472,2026-09-24T08:32:36.942343+00:00
7973,0.448,2026-09-24T08:32:36.943318+00:00
7974,0.439,2026-09-24T08:32:36.944308+00:00
7975,0.479,2026-09-24T08:32:36.945300+00:00
7976,0.647,2026-09-24T08:32:36.946600+00:00
7977,0.757,2026-09-24T08:32:36.947900+00:00
7978,0.5640000000000001,2026-09-24T08:32:36.949305+00:00
7979,0.5479999999999999,2026-09-24T08:32:36.950429+00:00
7980,0.495,2026-09-24T08:32:36.951372+00:00
7981,0.523,2026-09-24T08:32:36.952401+00:00
7982,0.483,2026-09-24T08:32:36.953384+00:00
7983,0.481,2026-09-24T08:32:36.954340+00:00
7984,0.48500000000000004,2026-09-24T08:32:36.955306+00:00
7985,0.503,2026-09-24T08:32:36.956283+00:00
7986,0.488,2026-09-24T08:32:36.957251+00:00
7987,0.504,2026-09-24T08:32:36.958222+00:00
7988,0.486,2026-09-24T08:32:36.959177+00:00
7989,0.47800000000000004,2026-09-24T08:32:36.960166+00:00
7990,0.47600000000000003,2026-09-24T08:32:36.961125+00:00
7991,0.49299999999999994,2026-09-24T08:32:36.962256+00:00
7992,0.49700000000000005,2026-09-24T08:32:36.963227+00:00
7993,0.475,2026-09-24T08:32:36.964175+00:00
7994,0.512,2026-09-24T08:32:36.965170+00:00
7995,0.494,2026-09-24T08:32:36.966131+00:00
7996,0.488,2026-09-24T08:32:36.967104+00:00
7997,0.462,2026-09-24T08:32:36.968043+00:00
7998,0.46900000000000003,2026-09-24T08:32:36.969003+00:00
7999,0.501,2026-09-24T08:32:36.969979+00:00
8000,0.521,2026-09-24T08:32:36.970989+00:00
8001,0.669,2026-09-24T08:32:36.972148+00:00
8002,0.589,2026-09-24T08:32:36.973306+00:00
8003,0.546,2026-09-24T08:32:36.974321+00:00
8004,0.516,2026-09-24T08:32:36.975338+00:00
8005,0.522,2026-09-24T08:32:36.976446+00:00
8006,0.507,2026-09-24T08:32:36.977423+00:00
8007,0.509,2026-09-24T08:32:36.978405+00:00
8008,0.488,2026-09-24T08:32:36.979372+00:00
8009,0.518,2026-09-24T08:32:36.980368+00:00
8010,0.513,2026-09-24T08:32:36.981367+00:00
8011,0.49200000000000005,2026-09-24T08:32:36.982327+00:00
8012,0.491,2026-09-24T08:32:36.983361+00:00
8013,0.481,2026-09-24T08:32:36.984330+00:00
8014,0.496,2026-09-24T08:32:36.985301+00:00
8015,0.481,2026-09-24T08:32:36.986254+00:00
8016,0.48899999999999993,2026-09-24T08:32:36.987207+00:00
8017,0.496,2026-09-24T08:32:36.988166+00:00
8018,0.504,2026-09-24T08:32:36.989152+00:00
8019,0.49,2026-09-24T08:32:36.990101+00:00
8020,1.195,2026-09-24T08:32:36.992173+00:00
8021,0.87,2026-09-24T08:32:36.993252+00:00
8022,0.7929999999999999,2026-09-24T08:32:36.994315+00:00
8023,0.769,2026-09-24T08:32:36.995306+00:00
8024,0.755,2026-09-24T08:32:36.996264+00:00
8025,0.745,2026-09-24T08:32:36.997232+00:00
8026,0.749,2026-09-24T08:32:36.998188+00:00
8027,0.784,2026-09-24T08:32:36.999171+00:00
8028,0.763,2026-09-24T08:32:37.000137+00:00
8029,0.57,2026-09-24T08:32:37.000911+00:00
8030,0.537,2026-09-24T08:32:37.001854+00:00
8031,0.509,2026-09-24T08:32:37.002780+00:00
8032,0.524,2026-09-24T08:32:37.003846+00:00
8033,0.804,2026-09-24T08:32:37.005112+00:00
8034,0.7649999999999999,2026-09-24T08:32:37.006059+00:00
8035,0.623,2026-09-24T08:32:37.006962+00:00
8036,0.9259999999999999,2026-09-24T08:32:37.008568+00:00
8037,0.6579999999999999,2026-09-24T08:32:37.009917+00:00
8038,0.5289999999999999,2026-09-24T08:32:37.011050+00:00
8039,0.5419999999999999,2026-09-24T08:32:37.012159+00:00
8040,0.472,2026-09-24T08:32:37.013182+00:00
8041,0.496,2026-09-24T08:32:37.014235+00:00
8042,0.647,2026-09-24T08:32:37.015495+00:00
8043,0.539,2026-09-24T08:32:37.016529+00:00
8044,0.519,2026-09-24T08:32:37.017546+00:00
8045,0.496,2026-09-24T08:32:37.018514+00:00
8046,0.484,2026-09-24T08:32:37.019504+00:00
8047,0.496,2026-09-24T08:32:37.020508+00:00
8048,0.496,2026-09-24T08:32:37.021484+00:00
8049,0.488,2026-09-24T08:32:37.022478+00:00
8050,0.527,2026-09-24T08:32:37.023749+00:00
8051,0.523,2026-09-24T08:32:37.024758+00:00
8052,0.464,2026-09-24T08:32:37.025704+00:00
8053,0.48700000000000004,2026-09-24T08:32:37.026675+00:00
8054,0.474,2026-09-24T08:32:37.027639+00:00
8055,0.484,2026-09-24T08:32:37.028624+00:00
8056,0.47,2026-09-24T08:32:37.029555+00:00
8057,0.486,2026-09-24T08:32:37.030530+00:00
8058,0.522,2026-09-24T08:32:37.031539+00:00
8059,0.504,2026-09-24T08:32:37.032524+00:00
8060,0.472,2026-09-24T08:32:37.033465+00:00
8061,0.503,2026-09-24T08:32:37.034425+00:00
8062,0.479,2026-09-24T08:32:37.035393+00:00
8063,0.464,2026-09-24T08:32:37.036329+00:00
8064,0.5199999999999999,2026-09-24T08:32:37.037510+00:00
8065,0.507,2026-09-24T08:32:37.038499+00:00
8066,0.48000000000000004,2026-09-24T08:32:37.039474+00:00
8067,0.501,2026-09-24T08:32:37.040461+00:00
8068,0.456,2026-09-24T08:32:37.041381+00:00
8069,0.47100000000000003,2026-09-24T08:32:37.042332+00:00
8070,0.46599999999999997,2026-09-24T08:32:37.043308+00:00
8071,0.46900000000000003,2026-09-24T08:32:37.044275+00:00
8072,0.486,2026-09-24T08:32:37.045237+00:00
8073,0.49799999999999994,2026-09-24T08:32:37.046216+00:00
8074,0.46299999999999997,2026-09-24T08:32:37.047166+00:00
8075,0.62,2026-09-24T08:32:37.048286+00:00
8076,1.044,2026-09-24T08:32:37.049728+00:00
8077,1.026,2026-09-24T08:32:37.050877+00:00
8078,0.7969999999999999,2026-09-24T08:32:37.051787+00:00
8079,0.876,2026-09-24T08:32:37.053054+00:00
8080,0.781,2026-09-24T08:32:37.054026+00:00
8081,0.785,2026-09-24T08:32:37.054993+00:00
8082,0.755,2026-09-24T08:32:37.055925+00:00
8083,0.824,2026-09-24T08:32:37.056918+00:00
8084,0.902,2026-09-24T08:32:37.058288+00:00
8085,0.617,2026-09-24T08:32:37.059181+00:00
8086,0.524,2026-09-24T08:32:37.060083+00:00
8087,0.5609999999999999,2026-09-24T08:32:37.061059+00:00
8088,0.491,2026-09-24T08:32:37.061978+00:00
8089,0.569,2026-09-24T08:32:37.063007+00:00
8090,0.486,2026-09-24T08:32:37.063869+00:00
8091,0.514,2026-09-24T08:32:37.064998+00:00
8092,0.49200000000000005,2026-09-24T08:32:37.066004+00:00
8093,0.47100000000000003,2026-09-24T08:32:37.066970+00:00
8094,0.546,2026-09-24T08:32:37.068248+00:00
8095,0.499,2026-09-24T08:32:37.069217+00:00
8096,0.472,2026-09-24T08:32:37.070199+00:00
8097,0.47300000000000003,2026-09-24T08:32:37.071163+00:00
8098,0.494,2026-09-24T08:32:37.072170+00:00
8099,0.49200000000000005,2026-09-24T08:32:37.073146+00:00
8100,0.46900000000000003,2026-09-24T08:32:37.074117+00:00
8101,0.526,2026-09-24T08:32:37.075144+00:00
8102,0.484,2026-09-24T08:32:37.076146+00:00
8103,0.482,2026-09-24T08:32:37.077137+00:00
8104,0.467,2026-09-24T08:32:37.078115+00:00
8105,0.479,2026-09-24T08:32:37.079119+00:00
8106,0.47300000000000003,2026-09-24T08:32:37.080115+00:00
8107,0.486,2026-09-24T08:32:37.081098+00:00
8108,0.495,2026-09-24T08:32:37.082102+00:00
8109,0.48700000000000004,2026-09-24T08:32:37.083214+00:00
8110,0.46299999999999997,2026-09-24T08:32:37.084226+00:00
8111,0.477,2026-09-24T08:32:37.085203+00:00
8112,0.46,2026-09-24T08:32:37.086152+00:00
8113,0.517,2026-09-24T08:32:37.087175+00:00
8114,0.5,2026-09-24T08:32:37.088151+00:00
8115,0.46299999999999997,2026-09-24T08:32:37.089117+00:00
8116,0.474,2026-09-24T08:32:37.090114+00:00
8117,0.483,2026-09-24T08:32:37.091107+00:00
8118,0.46,2026-09-24T08:32:37.092081+00:00
8119,0.47600000000000003,2026-09-24T08:32:37.093069+00:00
8120,0.449,2026-09-24T08:32:37.094021+00:00
8121,0.513,2026-09-24T08:32:37.095038+00:00
8122,0.48500000000000004,2026-09-24T08:32:37.096046+00:00
8123,0.47300000000000003,2026-09-24T08:32:37.097036+00:00
8124,0.465,2026-09-24T08:32:37.098179+00:00
8125,0.465,2026-09-24T08:32:37.099144+00:00
8126,0.5,2026-09-24T08:32:37.100210+00:00
8127,0.507,2026-09-24T08:32:37.101324+00:00
8128,0.48899999999999993,2026-09-24T08:32:37.102360+00:00
8129,0.524,2026-09-24T08:32:37.103402+00:00
8130,0.46900000000000003,2026-09-24T08:32:37.104398+00:00
8131,0.479,2026-09-24T08:32:37.105389+00:00
8132,0.45199999999999996,2026-09-24T08:32:37.106387+00:00
8133,0.464,2026-09-24T08:32:37.107371+00:00
8134,0.48500000000000004,2026-09-24T08:32:37.108365+00:00
8135,0.47,2026-09-24T08:32:37.109310+00:00
8136,0.449,2026-09-24T08:32:37.110263+00:00
8137,0.514,2026-09-24T08:32:37.111273+00:00
8138,0.51,2026-09-24T08:32:37.112447+00:00
8139,0.47600000000000003,2026-09-24T08:32:37.113405+00:00
8140,0.458,2026-09-24T08:32:37.114350+00:00
8141,0.47800000000000004,2026-09-24T08:32:37.115361+00:00
8142,0.448,2026-09-24T08:32:37.116321+00:00
8143,0.496,2026-09-24T08:32:37.117314+00:00
8144,0.462,2026-09-24T08:32:37.118288+00:00
8145,0.524,2026-09-24T08:32:37.119355+00:00
8146,0.503,2026-09-24T08:32:37.120375+00:00
8147,0.48000000000000004,2026-09-24T08:32:37.121338+00:00
8148,0.474,2026-09-24T08:32:37.122330+00:00
8149,0.47600000000000003,2026-09-24T08:32:37.123320+00:00
8150,0.46,2026-09-24T08:32:37.124291+00:00
8151,0.46,2026-09-24T08:32:37.125305+00:00
8152,0.491,2026-09-24T08:32:37.126300+00:00
8153,0.51,2026-09-24T08:32:37.127431+00:00
8154,0.467,2026-09-24T08:32:37.128383+00:00
8155,0.472,2026-09-24T08:32:37.129377+00:00
8156,0.525,2026-09-24T08:32:37.130423+00:00
8157,0.522,2026-09-24T08:32:37.131433+00:00
8158,0.503,2026-09-24T08:32:37.132430+00:00
8159,0.509,2026-09-24T08:32:37.133439+00:00
8160,0.474,2026-09-24T08:32:37.134403+00:00
8161,0.9179999999999999,2026-09-24T08:32:37.135998+00:00
8162,0.7150000000000001,2026-09-24T08:32:37.137114+00:00
8163,0.5720000000000001,2026-09-24T08:32:37.138169+00:00
8164,0.518,2026-09-24T08:32:37.139187+00:00
8165,0.735,2026-09-24T08:32:37.140501+00:00
8166,0.608,2026-09-24T08:32:37.141593+00:00
8167,0.5599999999999999,2026-09-24T08:32:37.142594+00:00
8168,0.546,2026-09-24T08:32:37.143775+00:00
8169,0.55,2026-09-24T08:32:37.144743+00:00
8170,0.54,2026-09-24T08:32:37.145712+00:00
8171,0.505,2026-09-24T08:32:37.146641+00:00
8172,0.506,2026-09-24T08:32:37.147594+00:00
8173,0.515,2026-09-24T08:32:37.148557+00:00
8174,0.541,2026-09-24T08:32:37.149558+00:00
8175,0.539,2026-09-24T08:32:37.150532+00:00
8176,0.598,2026-09-24T08:32:37.151567+00:00
8177,0.879,2026-09-24T08:32:37.152839+00:00
8178,0.865,2026-09-24T08:32:37.153792+00:00
8179,0.796,2026-09-24T08:32:37.154805+00:00
8180,0.776,2026-09-24T08:32:37.155794+00:00
8181,0.78,2026-09-24T08:32:37.156771+00:00
8182,0.799,2026-09-24T08:32:37.157768+00:00
8183,0.808,2026-09-24T08:32:37.158906+00:00
8184,0.767,2026-09-24T08:32:37.159883+00:00
8185,0.7789999999999999,2026-09-24T08:32:37.160866+00:00
8186,0.73,2026-09-24T08:32:37.161801+00:00
8187,0.78,2026-09-24T08:32:37.162806+00:00
8188,0.823,2026-09-24T08:32:37.163836+00:00
8189,0.741,2026-09-24T08:32:37.165167+00:00
8190,0.641,2026-09-24T08:32:37.166235+00:00
8191,0.699,2026-09-24T08:32:37.167456+00:00
8192,0.608,2026-09-24T08:32:37.168509+00:00
8193,0.615,2026-09-24T08:32:37.169696+00:00
8194,0.6040000000000001,2026-09-24T08:32:37.170857+00:00
8195,0.747,2026-09-24T08:32:37.172116+00:00
8196,0.579,2026-09-24T08:32:37.173258+00:00
8197,0.889,2026-09-24T08:32:37.174631+00:00
8198,0.823,2026-09-24T08:32:37.175766+00:00
8199,0.803,2026-09-24T08:32:37.176788+00:00
8200,0.865,2026-09-24T08:32:37.177867+00:00
8201,0.638,2026-09-24T08:32:37.178671+00:00
8202,0.5640000000000001,2026-09-24T08:32:37.179800+00:00
8203,0.599,2026-09-24T08:32:37.180902+00:00
8204,0.549,2026-09-24T08:32:37.181988+00:00
8205,0.5479999999999999,2026-09-24T08:32:37.183076+00:00
8206,0.578,2026-09-24T08:32:37.184203+00:00
8207,0.484,2026-09-24T08:32:37.185180+00:00
8208,0.47800000000000004,2026-09-24T08:32:37.186157+00:00
8209,0.457,2026-09-24T08:32:37.187140+00:00
8210,0.483,2026-09-24T08:32:37.188166+00:00
8211,0.47100000000000003,2026-09-24T08:32:37.189143+00:00
8212,0.48000000000000004,2026-09-24T08:32:37.190237+00:00
8213,0.47800000000000004,2026-09-24T08:32:37.191220+00:00
8214,0.48700000000000004,2026-09-24T08:32:37.192234+00:00
8215,0.46599999999999997,2026-09-24T08:32:37.193208+00:00
8216,0.533,2026-09-24T08:32:37.194298+00:00
8217,0.46900000000000003,2026-09-24T08:32:37.195234+00:00
8218,0.647,2026-09-24T08:32:37.196525+00:00
8219,0.612,2026-09-24T08:32:37.197704+00:00
8220,0.587,2026-09-24T08:32:37.198850+00:00
8221,0.6809999999999999,2026-09-24T08:32:37.200216+00:00
8222,0.55,2026-09-24T08:32:37.201355+00:00
8223,0.532,2026-09-24T08:32:37.202457+00:00
8224,0.611,2026-09-24T08:32:37.203624+00:00
8225,0.486,2026-09-24T08:32:37.204709+00:00
8226,0.505,2026-09-24T08:32:37.205767+00:00
8227,0.5640000000000001,2026-09-24T08:32:37.206991+00:00
8228,0.532,2026-09-24T08:32:37.208103+00:00
8229,0.54,2026-09-24T08:32:37.209202+00:00
8230,0.771,2026-09-24T08:32:37.210611+00:00
8231,0.5609999999999999,2026-09-24T08:32:37.211545+00:00
8232,0.512,2026-09-24T08:32:37.212585+00:00
8233,0.496,2026-09-24T08:32:37.213608+00:00
8234,0.545,2026-09-24T08:32:37.214687+00:00
8235,0.533,2026-09-24T08:32:37.215726+00:00
8236,0.712,2026-09-24T08:32:37.216951+00:00
8237,0.5379999999999999,2026-09-24T08:32:37.217805+00:00
8238,0.506,2026-09-24T08:32:37.218811+00:00
8239,0.51,2026-09-24T08:32:37.219892+00:00
8240,0.496,2026-09-24T08:32:37.220931+00:00
8241,0.495,2026-09-24T08:32:37.221971+00:00
8242,0.521,2026-09-24T08:32:37.223205+00:00
8243,0.5,2026-09-24T08:32:37.224263+00:00
8244,0.46599999999999997,2026-09-24T08:32:37.225280+00:00
8245,0.546,2026-09-24T08:32:37.226367+00:00
8246,0.864,2026-09-24T08:32:37.227746+00:00
8247,0.891,2026-09-24T08:32:37.228765+00:00
8248,0.782,2026-09-24T08:32:37.229786+00:00
8249,0.8140000000000001,2026-09-24T08:32:37.230992+00:00
8250,0.786,2026-09-24T08:32:37.231992+00:00
8251,0.8180000000000001,2026-09-24T08:32:37.233034+00:00
8252,1.4760000000000002,2026-09-24T08:32:37.234788+00:00
8253,0.794,2026-09-24T08:32:37.236126+00:00
8254,0.722,2026-09-24T08:32:37.237358+00:00
8255,0.683,2026-09-24T08:32:37.238515+00:00
8256,0.67,2026-09-24T08:32:37.239664+00:00
8257,0.666,2026-09-24T08:32:37.240956+00:00
8258,0.6819999999999999,2026-09-24T08:32:37.242120+00:00
8259,0.646,2026-09-24T08:32:37.243243+00:00
8260,1.1620000000000001,2026-09-24T08:32:37.244903+00:00
8261,0.684,2026-09-24T08:32:37.246054+00:00
8262,0.653,2026-09-24T08:32:37.247183+00:00
8263,0.628,2026-09-24T08:32:37.248278+00:00
8264,1.1689999999999998,2026-09-24T08:32:37.250075+00:00
8265,0.859,2026-09-24T08:32:37.251629+00:00
8266,0.8019999999999999,2026-09-24T08:32:37.253018+00:00
8267,0.752,2026-09-24T08:32:37.254341+00:00
8268,0.839,2026-09-24T08:32:37.255767+00:00
8269,0.796,2026-09-24T08:32:37.257054+00:00
8270,0.834,2026-09-24T08:32:37.258405+00:00
8271,0.843,2026-09-24T08:32:37.259914+00:00
8272,0.761,2026-09-24T08:32:37.261206+00:00
8273,0.737,2026-09-24T08:32:37.262498+00:00
8274,0.8059999999999999,2026-09-24T08:32:37.263815+00:00
8275,0.85,2026-09-24T08:32:37.265370+00:00
8276,0.661,2026-09-24T08:32:37.266579+00:00
8277,0.6769999999999999,2026-09-24T08:32:37.267724+00:00
8278,0.68,2026-09-24T08:32:37.268875+00:00
8279,0.65,2026-09-24T08:32:37.269957+00:00
8280,0.642,2026-09-24T08:32:37.271042+00:00
8281,0.608,2026-09-24T08:32:37.272100+00:00
8282,0.639,2026-09-24T08:32:37.273207+00:00
8283,0.588,2026-09-24T08:32:37.274252+00:00
8284,0.642,2026-09-24T08:32:37.275346+00:00
8285,0.636,2026-09-24T08:32:37.276441+00:00
8286,0.626,2026-09-24T08:32:37.277628+00:00
8287,0.598,2026-09-24T08:32:37.278650+00:00
8288,0.5950000000000001,2026-09-24T08:32:37.279693+00:00
8289,0.877,2026-09-24T08:32:37.281093+00:00
8290,0.9219999999999999,2026-09-24T08:32:37.282617+00:00
8291,0.87,2026-09-24T08:32:37.284072+00:00
8292,0.855,2026-09-24T08:32:37.285626+00:00
8293,0.843,2026-09-24T08:32:37.287025+00:00
8294,0.775,2026-09-24T08:32:37.288348+00:00
8295,0.8180000000000001,2026-09-24T08:32:37.289729+00:00
8296,0.851,2026-09-24T08:32:37.291184+00:00
8297,0.787,2026-09-24T08:32:37.292563+00:00
8298,0.775,2026-09-24T08:32:37.293877+00:00
8299,0.768,2026-09-24T08:32:37.295166+00:00
8300,0.841,2026-09-24T08:32:37.296588+00:00
8301,0.803,2026-09-24T08:32:37.298204+00:00
8302,0.769,2026-09-24T08:32:37.299515+00:00
8303,0.771,2026-09-24T08:32:37.300781+00:00
8304,0.771,2026-09-24T08:32:37.302094+00:00
8305,0.749,2026-09-24T08:32:37.303372+00:00
8306,0.766,2026-09-24T08:32:37.304708+00:00
8307,0.8180000000000001,2026-09-24T08:32:37.306022+00:00
8308,0.775,2026-09-24T08:32:37.307342+00:00
8309,0.773,2026-09-24T08:32:37.308640+00:00
8310,0.772,2026-09-24T08:32:37.309938+00:00
8311,0.8109999999999999,2026-09-24T08:32:37.311306+00:00
8312,0.778,2026-09-24T08:32:37.312632+00:00
8313,0.772,2026-09-24T08:32:37.313931+00:00
8314,0.756,2026-09-24T08:32:37.315242+00:00
8315,0.824,2026-09-24T08:32:37.316612+00:00
8316,0.848,2026-09-24T08:32:37.318149+00:00
8317,0.8270000000000001,2026-09-24T08:32:37.319532+00:00
8318,0.875,2026-09-24T08:32:37.320961+00:00
8319,0.809,2026-09-24T08:32:37.322326+00:00
8320,0.83,2026-09-24T08:32:37.323730+00:00
8321,0.815,2026-09-24T08:32:37.325111+00:00
8322,0.838,2026-09-24T08:32:37.326607+00:00
8323,0.799,2026-09-24T08:32:37.327955+00:00
8324,0.8019999999999999,2026-09-24T08:32:37.329315+00:00
8325,0.879,2026-09-24T08:32:37.330755+00:00
8326,0.771,2026-09-24T08:32:37.332002+00:00
8327,0.691,2026-09-24T08:32:37.333220+00:00
8328,0.756,2026-09-24T08:32:37.334540+00:00
8329,1.2489999999999999,2026-09-24T08:32:37.336637+00:00
8330,0.6890000000000001,2026-09-24T08:32:37.338015+00:00
8331,0.57,2026-09-24T08:32:37.339276+00:00
8332,0.9859999999999999,2026-09-24T08:32:37.340806+00:00
8333,0.825,2026-09-24T08:32:37.341740+00:00
8334,0.679,2026-09-24T08:32:37.342805+00:00
8335,0.609,2026-09-24T08:32:37.343833+00:00
8336,0.748,2026-09-24T08:32:37.345001+00:00
8337,0.734,2026-09-24T08:32:37.346357+00:00
8338,0.633,2026-09-24T08:32:37.347509+00:00
8339,0.597,2026-09-24T08:32:37.348531+00:00
8340,0.624,2026-09-24T08:32:37.349594+00:00
8341,0.566,2026-09-24T08:32:37.350575+00:00
8342,0.575,2026-09-24T08:32:37.351602+00:00
8343,0.5519999999999999,2026-09-24T08:32:37.352640+00:00
8344,0.5569999999999999,2026-09-24T08:32:37.353689+00:00
8345,0.609,2026-09-24T08:32:37.354918+00:00
8346,0.574,2026-09-24T08:32:37.355901+00:00
8347,0.558,2026-09-24T08:32:37.356859+00:00
8348,0.5339999999999999,2026-09-24T08:32:37.357836+00:00
8349,0.522,2026-09-24T08:32:37.358781+00:00
8350,0.536,2026-09-24T08:32:37.359728+00:00
8351,0.55,2026-09-24T08:32:37.360692+00:00
8352,0.502,2026-09-24T08:32:37.361635+00:00
8353,0.486,2026-09-24T08:32:37.362571+00:00
8354,0.496,2026-09-24T08:32:37.363528+00:00
8355,0.482,2026-09-24T08:32:37.364484+00:00
8356,0.535,2026-09-24T08:32:37.365440+00:00
8357,0.499,2026-09-24T08:32:37.366325+00:00
8358,0.6,2026-09-24T08:32:37.367354+00:00
8359,0.537,2026-09-24T08:32:37.368680+00:00
8360,0.661,2026-09-24T08:32:37.370182+00:00
8361,1.138,2026-09-24T08:32:37.372220+00:00
8362,0.866,2026-09-24T08:32:37.373790+00:00
8363,0.758,2026-09-24T08:32:37.375094+00:00
8364,0.737,2026-09-24T08:32:37.376387+00:00
8365,0.739,2026-09-24T08:32:37.377657+00:00
8366,0.726,2026-09-24T08:32:37.378995+00:00
8367,0.664,2026-09-24T08:32:37.380209+00:00
8368,0.629,2026-09-24T08:32:37.381352+00:00
8369,0.665,2026-09-24T08:32:37.382523+00:00
8370,0.6809999999999999,2026-09-24T08:32:37.383775+00:00
8371,0.775,2026-09-24T08:32:37.385026+00:00
8372,0.7020000000000001,2026-09-24T08:32:37.386214+00:00
8373,0.847,2026-09-24T08:32:37.387567+00:00
8374,0.7919999999999999,2026-09-24T08:32:37.388834+00:00
8375,0.678,2026-09-24T08:32:37.390222+00:00
8376,0.632,2026-09-24T08:32:37.391447+00:00
8377,0.6489999999999999,2026-09-24T08:32:37.392757+00:00
8378,0.638,2026-09-24T08:32:37.393928+00:00
8379,0.571,2026-09-24T08:32:37.395062+00:00
8380,0.504,2026-09-24T08:32:37.396085+00:00
8381,0.467,2026-09-24T08:32:37.397092+00:00
8382,0.491,2026-09-24T08:32:37.398107+00:00
8383,0.47100000000000003,2026-09-24T08:32:37.399072+00:00
8384,0.5199999999999999,2026-09-24T08:32:37.400082+00:00
8385,0.48000000000000004,2026-09-24T08:32:37.401089+00:00
8386,0.45399999999999996,2026-09-24T08:32:37.402056+00:00
8387,0.453,2026-09-24T08:32:37.403020+00:00
8388,0.46299999999999997,2026-09-24T08:32:37.404000+00:00
8389,0.45899999999999996,2026-09-24T08:32:37.404944+00:00
8390,0.456,2026-09-24T08:32:37.406049+00:00
8391,0.491,2026-09-24T08:32:37.407028+00:00
8392,0.653,2026-09-24T08:32:37.408373+00:00
8393,0.531,2026-09-24T08:32:37.409501+00:00
8394,0.483,2026-09-24T08:32:37.410531+00:00
8395,0.5519999999999999,2026-09-24T08:32:37.411773+00:00
8396,0.517,2026-09-24T08:32:37.412860+00:00
8397,0.55,2026-09-24T08:32:37.413907+00:00
8398,0.5429999999999999,2026-09-24T08:32:37.414975+00:00
8399,0.566,2026-09-24T08:32:37.416147+00:00
8400,0.5569999999999999,2026-09-24T08:32:37.417241+00:00
8401,0.513,2026-09-24T08:32:37.418227+00:00
8402,0.565,2026-09-24T08:32:37.419324+00:00
8403,0.507,2026-09-24T08:32:37.420343+00:00
8404,0.6539999999999999,2026-09-24T08:32:37.421546+00:00
8405,0.6880000000000001,2026-09-24T08:32:37.422912+00:00
8406,0.712,2026-09-24T08:32:37.424229+00:00
8407,0.585,2026-09-24T08:32:37.425354+00:00
8408,0.546,2026-09-24T08:32:37.426423+00:00
8409,0.5289999999999999,2026-09-24T08:32:37.427714+00:00
8410,0.48700000000000004,2026-09-24T08:32:37.428937+00:00
8411,0.508,2026-09-24T08:32:37.430123+00:00
8412,0.47800000000000004,2026-09-24T08:32:37.431169+00:00
8413,0.47,2026-09-24T08:32:37.432164+00:00
8414,0.465,2026-09-24T08:32:37.433212+00:00
8415,0.44,2026-09-24T08:32:37.434183+00:00
8416,0.457,2026-09-24T08:32:37.435176+00:00
8417,0.482,2026-09-24T08:32:37.436172+00:00
8418,0.462,2026-09-24T08:32:37.437161+00:00
8419,0.47800000000000004,2026-09-24T08:32:37.438296+00:00
8420,0.477,2026-09-24T08:32:37.439299+00:00
8421,0.47300000000000003,2026-09-24T08:32:37.440304+00:00
8422,0.467,2026-09-24T08:32:37.441301+00:00
8423,0.508,2026-09-24T08:32:37.442365+00:00
8424,0.474,2026-09-24T08:32:37.443380+00:00
8425,0.483,2026-09-24T08:32:37.444424+00:00
8426,0.46299999999999997,2026-09-24T08:32:37.445398+00:00
8427,0.47300000000000003,2026-09-24T08:32:37.446406+00:00
8428,0.526,2026-09-24T08:32:37.447470+00:00
8429,0.968,2026-09-24T08:32:37.448969+00:00
8430,0.799,2026-09-24T08:32:37.450278+00:00
8431,0.78,2026-09-24T08:32:37.451764+00:00
8432,0.725,2026-09-24T08:32:37.453585+00:00
8433,0.799,2026-09-24T08:32:37.454880+00:00
8434,0.5640000000000001,2026-09-24T08:32:37.456042+00:00
8435,0.541,2026-09-24T08:32:37.457096+00:00
8436,0.49700000000000005,2026-09-24T08:32:37.458128+00:00
8437,0.48000000000000004,2026-09-24T08:32:37.459132+00:00
8438,0.46299999999999997,2026-09-24T08:32:37.460141+00:00
8439,0.514,2026-09-24T08:32:37.461183+00:00
8440,0.479,2026-09-24T08:32:37.462193+00:00
8441,0.479,2026-09-24T08:32:37.463190+00:00
8442,0.472,2026-09-24T08:32:37.464198+00:00
8443,0.465,2026-09-24T08:32:37.465227+00:00
8444,0.48500000000000004,2026-09-24T08:32:37.466277+00:00
8445,0.47800000000000004,2026-09-24T08:32:37.467285+00:00
8446,0.464,2026-09-24T08:32:37.468311+00:00
8447,0.589,2026-09-24T08:32:37.469495+00:00
8448,0.605,2026-09-24T08:32:37.470657+00:00
8449,0.73,2026-09-24T08:32:37.472128+00:00
8450,0.745,2026-09-24T08:32:37.473642+00:00
8451,0.747,2026-09-24T08:32:37.475011+00:00
8452,0.67,2026-09-24T08:32:37.476343+00:00
8453,0.544,2026-09-24T08:32:37.477466+00:00
8454,0.54,2026-09-24T08:32:37.478545+00:00
8455,0.51,2026-09-24T08:32:37.479565+00:00
8456,0.503,2026-09-24T08:32:37.480550+00:00
8457,0.514,2026-09-24T08:32:37.481571+00:00
8458,0.521,2026-09-24T08:32:37.482639+00:00
8459,0.49700000000000005,2026-09-24T08:32:37.483651+00:00
8460,0.5,2026-09-24T08:32:37.484661+00:00
8461,0.5199999999999999,2026-09-24T08:32:37.485682+00:00
8462,0.5479999999999999,2026-09-24T08:32:37.486890+00:00
8463,0.739,2026-09-24T08:32:37.488144+00:00
8464,0.626,2026-09-24T08:32:37.489517+00:00
8465,0.55,2026-09-24T08:32:37.490617+00:00
8466,0.505,2026-09-24T08:32:37.491636+00:00
8467,0.475,2026-09-24T08:32:37.492567+00:00
8468,0.47600000000000003,2026-09-24T08:32:37.493498+00:00
8469,0.531,2026-09-24T08:32:37.494521+00:00
8470,0.479,2026-09-24T08:32:37.495444+00:00
8471,0.462,2026-09-24T08:32:37.496358+00:00
8472,0.508,2026-09-24T08:32:37.497373+00:00
8473,0.481,2026-09-24T08:32:37.498348+00:00
8474,0.671,2026-09-24T08:32:37.499573+00:00
8475,0.545,2026-09-24T08:32:37.500580+00:00
8476,0.583,2026-09-24T08:32:37.501793+00:00
8477,0.496,2026-09-24T08:32:37.502728+00:00
8478,0.486,2026-09-24T08:32:37.503843+00:00
8479,0.76,2026-09-24T08:32:37.505222+00:00
8480,0.5469999999999999,2026-09-24T08:32:37.506089+00:00
8481,0.48700000000000004,2026-09-24T08:32:37.507023+00:00
8482,0.46799999999999997,2026-09-24T08:32:37.507957+00:00
8483,0.496,2026-09-24T08:32:37.508941+00:00
8484,0.47800000000000004,2026-09-24T08:32:37.509901+00:00
8485,0.482,2026-09-24T08:32:37.510886+00:00
8486,0.5,2026-09-24T08:32:37.511868+00:00
8487,0.464,2026-09-24T08:32:37.512834+00:00
8488,0.431,2026-09-24T08:32:37.513745+00:00
8489,0.481,2026-09-24T08:32:37.514725+00:00
8490,0.823,2026-09-24T08:32:37.516120+00:00
8491,0.732,2026-09-24T08:32:37.517478+00:00
8492,0.656,2026-09-24T08:32:37.518749+00:00
8493,1.295,2026-09-24T08:32:37.520646+00:00
8494,1.059,2026-09-24T08:32:37.522478+00:00
8495,0.6890000000000001,2026-09-24T08:32:37.523729+00:00
8496,0.584,2026-09-24T08:32:37.524832+00:00
8497,0.5509999999999999,2026-09-24T08:32:37.525852+00:00
8498,0.516,2026-09-24T08:32:37.526878+00:00
8499,0.524,2026-09-24T08:32:37.527891+00:00
8500,0.501,2026-09-24T08:32:37.528865+00:00
8501,0.58,2026-09-24T08:32:37.529931+00:00
8502,0.474,2026-09-24T08:32:37.530883+00:00
8503,0.486,2026-09-24T08:32:37.531841+00:00
8504,0.49200000000000005,2026-09-24T08:32:37.532807+00:00
8505,0.526,2026-09-24T08:32:37.533799+00:00
8506,0.484,2026-09-24T08:32:37.534759+00:00
8507,0.488,2026-09-24T08:32:37.535708+00:00
8508,0.5,2026-09-24T08:32:37.536868+00:00
8509,0.526,2026-09-24T08:32:37.537883+00:00
8510,0.483,2026-09-24T08:32:37.538836+00:00
8511,0.477,2026-09-24T08:32:37.539782+00:00
8512,0.49200000000000005,2026-09-24T08:32:37.540746+00:00
8513,0.49,2026-09-24T08:32:37.541738+00:00
8514,0.48000000000000004,2026-09-24T08:32:37.542698+00:00
8515,0.617,2026-09-24T08:32:37.543908+00:00
8516,0.675,2026-09-24T08:32:37.545187+00:00
8517,0.587,2026-09-24T08:32:37.546328+00:00
8518,0.545,2026-09-24T08:32:37.547401+00:00
8519,0.504,2026-09-24T08:32:37.548394+00:00
8520,0.46799999999999997,2026-09-24T08:32:37.549402+00:00
8521,0.526,2026-09-24T08:32:37.550566+00:00
8522,0.522,2026-09-24T08:32:37.551647+00:00
8523,0.5670000000000001,2026-09-24T08:32:37.552907+00:00
8524,0.5559999999999999,2026-09-24T08:32:37.554095+00:00
8525,0.555,2026-09-24T08:32:37.555228+00:00
8526,0.683,2026-09-24T08:32:37.557317+00:00
8527,0.614,2026-09-24T08:32:37.558447+00:00
8528,0.615,2026-09-24T08:32:37.559549+00:00
8529,0.6579999999999999,2026-09-24T08:32:37.560803+00:00
8530,0.626,2026-09-24T08:32:37.562109+00:00
8531,0.5599999999999999,2026-09-24T08:32:37.563225+00:00
8532,0.523,2026-09-24T08:32:37.564241+00:00
8533,0.606,2026-09-24T08:32:37.565340+00:00
8534,0.531,2026-09-24T08:32:37.566434+00:00
8535,0.5670000000000001,2026-09-24T08:32:37.567563+00:00
8536,0.736,2026-09-24T08:32:37.568795+00:00
8537,0.733,2026-09-24T08:32:37.570109+00:00
8538,0.717,2026-09-24T08:32:37.571370+00:00
8539,0.648,2026-09-24T08:32:37.572495+00:00
8540,0.62,2026-09-24T08:32:37.573542+00:00
8541,0.625,2026-09-24T08:32:37.574600+00:00
8542,0.805,2026-09-24T08:32:37.575930+00:00
8543,0.632,2026-09-24T08:32:37.577020+00:00
8544,0.641,2026-09-24T08:32:37.578109+00:00
8545,0.635,2026-09-24T08:32:37.579230+00:00
8546,0.585,2026-09-24T08:32:37.580297+00:00
8547,0.625,2026-09-24T08:32:37.581365+00:00
8548,0.637,2026-09-24T08:32:37.582461+00:00
8549,0.696,2026-09-24T08:32:37.583602+00:00
8550,0.678,2026-09-24T08:32:37.584743+00:00
8551,0.634,2026-09-24T08:32:37.585827+00:00
8552,0.615,2026-09-24T08:32:37.587012+00:00
8553,0.628,2026-09-24T08:32:37.588140+00:00
8554,0.6489999999999999,2026-09-24T08:32:37.589376+00:00
8555,0.7010000000000001,2026-09-24T08:32:37.591072+00:00
8556,0.612,2026-09-24T08:32:37.592278+00:00
8557,0.509,2026-09-24T08:32:37.593282+00:00
8558,0.496,2026-09-24T08:32:37.594292+00:00
8559,0.47300000000000003,2026-09-24T08:32:37.595255+00:00
8560,0.515,2026-09-24T08:32:37.596249+00:00
8561,0.46,2026-09-24T08:32:37.597152+00:00
8562,0.48899999999999993,2026-09-24T08:32:37.598129+00:00
8563,0.502,2026-09-24T08:32:37.599127+00:00
8564,0.503,2026-09-24T08:32:37.600185+00:00
8565,0.49299999999999994,2026-09-24T08:32:37.601168+00:00
8566,0.494,2026-09-24T08:32:37.602269+00:00
8567,0.539,2026-09-24T08:32:37.603458+00:00
8568,0.48500000000000004,2026-09-24T08:32:37.604432+00:00
8569,0.5419999999999999,2026-09-24T08:32:37.605444+00:00
8570,0.5109999999999999,2026-09-24T08:32:37.606434+00:00
8571,0.623,2026-09-24T08:32:37.607554+00:00
8572,0.584,2026-09-24T08:32:37.608635+00:00
8573,0.533,2026-09-24T08:32:37.609677+00:00
8574,0.521,2026-09-24T08:32:37.610660+00:00
8575,0.5379999999999999,2026-09-24T08:32:37.611706+00:00
8576,0.531,2026-09-24T08:32:37.612740+00:00
8577,0.51,2026-09-24T08:32:37.613714+00:00
8578,0.525,2026-09-24T08:32:37.614692+00:00
8579,0.592,2026-09-24T08:32:37.615829+00:00
8580,0.545,2026-09-24T08:32:37.616887+00:00
8581,0.5429999999999999,2026-09-24T08:32:37.617911+00:00
8582,0.635,2026-09-24T08:32:37.619261+00:00
8583,0.535,2026-09-24T08:32:37.620297+00:00
8584,0.519,2026-09-24T08:32:37.621318+00:00
8585,0.51,2026-09-24T08:32:37.622307+00:00
8586,0.5730000000000001,2026-09-24T08:32:37.623398+00:00
8587,0.5559999999999999,2026-09-24T08:32:37.624503+00:00
8588,0.565,2026-09-24T08:32:37.625565+00:00
8589,0.519,2026-09-24T08:32:37.626546+00:00
8590,0.522,2026-09-24T08:32:37.627585+00:00
8591,0.495,2026-09-24T08:32:37.628550+00:00
8592,0.518,2026-09-24T08:32:37.629545+00:00
8593,0.5820000000000001,2026-09-24T08:32:37.630628+00:00
8594,0.5760000000000001,2026-09-24T08:32:37.631757+00:00
8595,0.531,2026-09-24T08:32:37.632788+00:00
8596,0.533,2026-09-24T08:32:37.633807+00:00
8597,0.519,2026-09-24T08:32:37.634944+00:00
8598,0.494,2026-09-24T08:32:37.635937+00:00
8599,0.533,2026-09-24T08:32:37.636961+00:00
8600,0.516,2026-09-24T08:32:37.637969+00:00
8601,0.562,2026-09-24T08:32:37.639073+00:00
8602,0.5509999999999999,2026-09-24T08:32:37.640181+00:00
8603,0.533,2026-09-24T08:32:37.641224+00:00
8604,0.5429999999999999,2026-09-24T08:32:37.642253+00:00
8605,0.501,2026-09-24T08:32:37.643229+00:00
8606,0.509,2026-09-24T08:32:37.644225+00:00
8607,0.514,2026-09-24T08:32:37.645206+00:00
8608,0.504,2026-09-24T08:32:37.646220+00:00
8609,0.5479999999999999,2026-09-24T08:32:37.647241+00:00
8610,0.554,2026-09-24T08:32:37.648333+00:00
8611,0.512,2026-09-24T08:32:37.649343+00:00
8612,0.5109999999999999,2026-09-24T08:32:37.650520+00:00
8613,0.526,2026-09-24T08:32:37.651551+00:00
8614,0.7020000000000001,2026-09-24T08:32:37.652723+00:00
8615,0.805,2026-09-24T08:32:37.654104+00:00
8616,1.13,2026-09-24T08:32:37.655782+00:00
8617,0.944,2026-09-24T08:32:37.656824+00:00
8618,0.79,2026-09-24T08:32:37.657828+00:00
8619,0.787,2026-09-24T08:32:37.658816+00:00
8620,0.761,2026-09-24T08:32:37.659770+00:00
8621,0.7929999999999999,2026-09-24T08:32:37.660765+00:00
8622,0.8310000000000001,2026-09-24T08:32:37.661771+00:00
8623,0.7879999999999999,2026-09-24T08:32:37.662744+00:00
8624,0.622,2026-09-24T08:32:37.663548+00:00
8625,0.611,2026-09-24T08:32:37.664617+00:00
8626,0.669,2026-09-24T08:32:37.665831+00:00
8627,0.622,2026-09-24T08:32:37.666890+00:00
8628,0.5630000000000001,2026-09-24T08:32:37.667868+00:00
8629,0.5479999999999999,2026-09-24T08:32:37.668837+00:00
8630,0.5339999999999999,2026-09-24T08:32:37.669830+00:00
8631,0.54,2026-09-24T08:32:37.670800+00:00
8632,0.593,2026-09-24T08:32:37.671870+00:00
8633,0.614,2026-09-24T08:32:37.672934+00:00
8634,0.554,2026-09-24T08:32:37.673928+00:00
8635,0.555,2026-09-24T08:32:37.674887+00:00
8636,0.664,2026-09-24T08:32:37.675974+00:00
8637,0.619,2026-09-24T08:32:37.676999+00:00
8638,0.531,2026-09-24T08:32:37.677927+00:00
8639,0.585,2026-09-24T08:32:37.678925+00:00
8640,0.587,2026-09-24T08:32:37.679949+00:00
8641,0.565,2026-09-24T08:32:37.681086+00:00
8642,0.532,2026-09-24T08:32:37.682064+00:00
8643,0.514,2026-09-24T08:32:37.683010+00:00
8644,0.48899999999999993,2026-09-24T08:32:37.683909+00:00
8645,0.5479999999999999,2026-09-24T08:32:37.684891+00:00
8646,0.53,2026-09-24T08:32:37.685846+00:00
8647,0.525,2026-09-24T08:32:37.686788+00:00
8648,0.609,2026-09-24T08:32:37.687917+00:00
8649,0.5429999999999999,2026-09-24T08:32:37.688912+00:00
8650,0.539,2026-09-24T08:32:37.689902+00:00
8651,0.536,2026-09-24T08:32:37.690862+00:00
8652,0.519,2026-09-24T08:32:37.691824+00:00
8653,0.5569999999999999,2026-09-24T08:32:37.692790+00:00
8654,1.123,2026-09-24T08:32:37.694399+00:00
8655,0.768,2026-09-24T08:32:37.696000+00:00
8656,0.8270000000000001,2026-09-24T08:32:37.697901+00:00
8657,0.608,2026-09-24T08:32:37.699351+00:00
8658,0.5569999999999999,2026-09-24T08:32:37.700626+00:00
8659,0.545,2026-09-24T08:32:37.701741+00:00
8660,0.475,2026-09-24T08:32:37.702721+00:00
8661,0.503,2026-09-24T08:32:37.703845+00:00
8662,0.47,2026-09-24T08:32:37.704803+00:00
8663,0.495,2026-09-24T08:32:37.705820+00:00
8664,0.594,2026-09-24T08:32:37.706888+00:00
8665,0.47800000000000004,2026-09-24T08:32:37.707907+00:00
8666,0.479,2026-09-24T08:32:37.708899+00:00
8667,0.451,2026-09-24T08:32:37.709910+00:00
8668,0.455,2026-09-24T08:32:37.710855+00:00
8669,1.071,2026-09-24T08:32:37.712783+00:00
8670,0.9169999999999999,2026-09-24T08:32:37.714442+00:00
8671,0.78,2026-09-24T08:32:37.716114+00:00
8672,1.01,2026-09-24T08:32:37.717874+00:00
8673,0.71,2026-09-24T08:32:37.719171+00:00
8674,0.6759999999999999,2026-09-24T08:32:37.720548+00:00
8675,0.777,2026-09-24T08:32:37.721927+00:00
8676,0.7829999999999999,2026-09-24T08:32:37.723244+00:00
8677,0.782,2026-09-24T08:32:37.724684+00:00
8678,0.737,2026-09-24T08:32:37.725971+00:00
8679,0.839,2026-09-24T08:32:37.727492+00:00
8680,0.74,2026-09-24T08:32:37.728755+00:00
8681,0.8130000000000001,2026-09-24T08:32:37.730148+00:00
8682,1.193,2026-09-24T08:32:37.731872+00:00
8683,0.7739999999999999,2026-09-24T08:32:37.732732+00:00
8684,0.83,2026-09-24T08:32:37.733891+00:00
8685,1.008,2026-09-24T08:32:37.735314+00:00
8686,0.748,2026-09-24T08:32:37.736182+00:00
8687,0.819,2026-09-24T08:32:37.737672+00:00
8688,0.7879999999999999,2026-09-24T08:32:37.738832+00:00
8689,0.9460000000000001,2026-09-24T08:32:37.740112+00:00
8690,0.9129999999999999,2026-09-24T08:32:37.741257+00:00
8691,0.902,2026-09-24T08:32:37.742560+00:00
8692,0.9610000000000001,2026-09-24T08:32:37.743775+00:00
8693,0.619,2026-09-24T08:32:37.744633+00:00
8694,0.5820000000000001,2026-09-24T08:32:37.745629+00:00
8695,0.5339999999999999,2026-09-24T08:32:37.746615+00:00
8696,0.5609999999999999,2026-09-24T08:32:37.747604+00:00
8697,0.528,2026-09-24T08:32:37.748548+00:00
8698,0.607,2026-09-24T08:32:37.749558+00:00
8699,0.851,2026-09-24T08:32:37.750857+00:00
8700,1.035,2026-09-24T08:32:37.752673+00:00
8701,0.873,2026-09-24T08:32:37.754169+00:00
8702,0.909,2026-09-24T08:32:37.755783+00:00
8703,0.9560000000000001,2026-09-24T08:32:37.757558+00:00
8704,0.7969999999999999,2026-09-24T08:32:37.758931+00:00
8705,0.898,2026-09-24T08:32:37.760549+00:00
8706,0.7150000000000001,2026-09-24T08:32:37.761804+00:00
8707,0.611,2026-09-24T08:32:37.763011+00:00
8708,0.496,2026-09-24T08:32:37.764026+00:00
8709,0.933,2026-09-24T08:32:37.765477+00:00
8710,0.8809999999999999,2026-09-24T08:32:37.766530+00:00
8711,0.948,2026-09-24T08:32:37.767828+00:00
8712,0.9790000000000001,2026-09-24T08:32:37.769461+00:00
8713,0.637,2026-09-24T08:32:37.770308+00:00
8714,0.602,2026-09-24T08:32:37.771279+00:00
8715,0.6,2026-09-24T08:32:37.772485+00:00
8716,0.6859999999999999,2026-09-24T08:32:37.773597+00:00
8717,0.6849999999999999,2026-09-24T08:32:37.774806+00:00
8718,0.745,2026-09-24T08:32:37.776009+00:00
8719,0.606,2026-09-24T08:32:37.777140+00:00
8720,0.603,2026-09-24T08:32:37.778322+00:00
8721,0.583,2026-09-24T08:32:37.779481+00:00
8722,0.601,2026-09-24T08:32:37.780523+00:00
8723,0.593,2026-09-24T08:32:37.781512+00:00
8724,0.506,2026-09-24T08:32:37.782403+00:00
8725,0.695,2026-09-24T08:32:37.783629+00:00
8726,0.842,2026-09-24T08:32:37.784892+00:00
8727,0.608,2026-09-24T08:32:37.785700+00:00
8728,0.571,2026-09-24T08:32:37.786663+00:00
8729,0.732,2026-09-24T08:32:37.787807+00:00
8730,0.6890000000000001,2026-09-24T08:32:37.789115+00:00
8731,0.54,2026-09-24T08:32:37.790114+00:00
8732,0.619,2026-09-24T08:32:37.791186+00:00
8733,0.851,2026-09-24T08:32:37.792760+00:00
8734,0.6489999999999999,2026-09-24T08:32:37.794103+00:00
8735,0.558,2026-09-24T08:32:37.795156+00:00
8736,0.629,2026-09-24T08:32:37.796291+00:00
8737,0.5559999999999999,2026-09-24T08:32:37.797329+00:00
8738,0.621,2026-09-24T08:32:37.798579+00:00
8739,0.625,2026-09-24T08:32:37.799739+00:00
8740,0.592,2026-09-24T08:32:37.801041+00:00
8741,0.5680000000000001,2026-09-24T08:32:37.802217+00:00
8742,0.727,2026-09-24T08:32:37.803443+00:00
8743,0.5910000000000001,2026-09-24T08:32:37.804348+00:00
8744,0.798,2026-09-24T08:32:37.805748+00:00
8745,0.8540000000000001,2026-09-24T08:32:37.807388+00:00
8746,0.928,2026-09-24T08:32:37.808809+00:00
8747,0.787,2026-09-24T08:32:37.810226+00:00
8748,0.6930000000000001,2026-09-24T08:32:37.811477+00:00
8749,0.684,2026-09-24T08:32:37.812784+00:00
8750,0.691,2026-09-24T08:32:37.814035+00:00
8751,0.694,2026-09-24T08:32:37.815355+00:00
8752,0.85,2026-09-24T08:32:37.816926+00:00
8753,0.745,2026-09-24T08:32:37.818178+00:00
8754,0.725,2026-09-24T08:32:37.819496+00:00
8755,0.7649999999999999,2026-09-24T08:32:37.820828+00:00
8756,1.613,2026-09-24T08:32:37.823386+00:00
8757,0.9510000000000001,2026-09-24T08:32:37.824863+00:00
8758,0.874,2026-09-24T08:32:37.826479+00:00
8759,1.3719999999999999,2026-09-24T08:32:37.828710+00:00
8760,0.8989999999999999,2026-09-24T08:32:37.830283+00:00
8761,0.7240000000000001,2026-09-24T08:32:37.831549+00:00
8762,0.8,2026-09-24T08:32:37.832943+00:00
8763,0.754,2026-09-24T08:32:37.834259+00:00
8764,1.072,2026-09-24T08:32:37.835859+00:00
8765,0.837,2026-09-24T08:32:37.837200+00:00
8766,0.713,2026-09-24T08:32:37.838464+00:00
8767,0.6819999999999999,2026-09-24T08:32:37.839756+00:00
8768,0.665,2026-09-24T08:32:37.840995+00:00
8769,0.608,2026-09-24T08:32:37.842293+00:00
8770,0.575,2026-09-24T08:32:37.843533+00:00
8771,0.717,2026-09-24T08:32:37.844819+00:00
8772,0.712,2026-09-24T08:32:37.846002+00:00
8773,0.594,2026-09-24T08:32:37.847125+00:00
8774,0.665,2026-09-24T08:32:37.848578+00:00
8775,0.514,2026-09-24T08:32:37.849523+00:00
8776,0.507,2026-09-24T08:32:37.850545+00:00
8777,0.486,2026-09-24T08:32:37.851803+00:00
8778,1.9589999999999999,2026-09-24T08:32:37.854312+00:00
8779,0.678,2026-09-24T08:32:37.855544+00:00
8780,0.662,2026-09-24T08:32:37.856695+00:00
8781,0.776,2026-09-24T08:32:37.858366+00:00
8782,0.634,2026-09-24T08:32:37.859485+00:00
8783,0.592,2026-09-24T08:32:37.860546+00:00
8784,0.653,2026-09-24T08:32:37.861933+00:00
8785,0.735,2026-09-24T08:32:37.863183+00:00
8786,0.636,2026-09-24T08:32:37.864357+00:00
8787,1.013,2026-09-24T08:32:37.869007+00:00
8788,0.816,2026-09-24T08:32:37.870606+00:00
8789,0.877,2026-09-24T08:32:37.872353+00:00
8790,0.804,2026-09-24T08:32:37.873712+00:00
8791,0.963,2026-09-24T08:32:37.875203+00:00
8792,0.892,2026-09-24T08:32:37.877228+00:00
8793,1.15,2026-09-24T08:32:37.879332+00:00
8794,0.671,2026-09-24T08:32:37.880647+00:00
8795,0.805,2026-09-24T08:32:37.882040+00:00
8796,0.825,2026-09-24T08:32:37.883454+00:00
8797,0.719,2026-09-24T08:32:37.884722+00:00
8798,0.639,2026-09-24T08:32:37.885787+00:00
8799,0.5569999999999999,2026-09-24T08:32:37.886788+00:00
8800,0.566,2026-09-24T08:32:37.887818+00:00
8801,0.525,2026-09-24T08:32:37.888833+00:00
8802,0.5599999999999999,2026-09-24T08:32:37.889899+00:00
8803,0.55,2026-09-24T08:32:37.890926+00:00
8804,0.509,2026-09-24T08:32:37.892129+00:00
8805,0.484,2026-09-24T08:32:37.893097+00:00
8806,0.508,2026-09-24T08:32:37.894121+00:00
8807,0.513,2026-09-24T08:32:37.895127+00:00
8808,0.8140000000000001,2026-09-24T08:32:37.896770+00:00
8809,1.16,2026-09-24T08:32:37.898448+00:00
8810,0.621,2026-09-24T08:32:37.899825+00:00
8811,0.496,2026-09-24T08:32:37.900866+00:00
8812,0.483,2026-09-24T08:32:37.901865+00:00
8813,0.526,2026-09-24T08:32:37.902881+00:00
8814,0.541,2026-09-24T08:32:37.903891+00:00
8815,0.611,2026-09-24T08:32:37.905078+00:00
8816,0.584,2026-09-24T08:32:37.906310+00:00
8817,0.49799999999999994,2026-09-24T08:32:37.907361+00:00
8818,0.472,2026-09-24T08:32:37.908349+00:00
8819,0.49200000000000005,2026-09-24T08:32:37.909556+00:00
8820,0.48500000000000004,2026-09-24T08:32:37.910574+00:00
8821,0.545,2026-09-24T08:32:37.911697+00:00
8822,0.531,2026-09-24T08:32:37.912754+00:00
8823,0.5770000000000001,2026-09-24T08:32:37.913851+00:00
8824,0.5760000000000001,2026-09-24T08:32:37.914953+00:00
8825,0.49700000000000005,2026-09-24T08:32:37.915976+00:00
8826,0.481,2026-09-24T08:32:37.916988+00:00
8827,0.488,2026-09-24T08:32:37.918014+00:00
8828,0.546,2026-09-24T08:32:37.919087+00:00
8829,0.502,2026-09-24T08:32:37.920129+00:00
8830,0.49700000000000005,2026-09-24T08:32:37.921148+00:00
8831,0.526,2026-09-24T08:32:37.922234+00:00
8832,0.5509999999999999,2026-09-24T08:32:37.923430+00:00
8833,0.5760000000000001,2026-09-24T08:32:37.924747+00:00
8834,0.601,2026-09-24T08:32:37.925865+00:00
8835,0.647,2026-09-24T08:32:37.927006+00:00
8836,0.75,2026-09-24T08:32:37.928307+00:00
8837,0.885,2026-09-24T08:32:37.929607+00:00
8838,0.64,2026-09-24T08:32:37.930468+00:00
8839,0.5609999999999999,2026-09-24T08:32:37.931428+00:00
8840,0.522,2026-09-24T08:32:37.932373+00:00
8841,0.512,2026-09-24T08:32:37.933376+00:00
8842,0.518,2026-09-24T08:32:37.934369+00:00
8843,0.533,2026-09-24T08:32:37.935408+00:00
8844,0.509,2026-09-24T08:32:37.936400+00:00
8845,0.526,2026-09-24T08:32:37.937393+00:00
8846,0.694,2026-09-24T08:32:37.938583+00:00
8847,0.5289999999999999,2026-09-24T08:32:37.939459+00:00
8848,0.512,2026-09-24T08:32:37.940541+00:00
8849,0.494,2026-09-24T08:32:37.941508+00:00
8850,0.502,2026-09-24T08:32:37.942541+00:00
8851,0.61,2026-09-24T08:32:37.943776+00:00
8852,0.5569999999999999,2026-09-24T08:32:37.944860+00:00
8853,0.627,2026-09-24T08:32:37.946093+00:00
8854,0.638,2026-09-24T08:32:37.947395+00:00
8855,1.35,2026-09-24T08:32:37.949608+00:00
8856,1.159,2026-09-24T08:32:37.951303+00:00
8857,0.848,2026-09-24T08:32:37.952510+00:00
8858,0.626,2026-09-24T08:32:37.953540+00:00
8859,0.674,2026-09-24T08:32:37.954747+00:00
8860,0.627,2026-09-24T08:32:37.955916+00:00
8861,0.5680000000000001,2026-09-24T08:32:37.957023+00:00
8862,0.5479999999999999,2026-09-24T08:32:37.958084+00:00
8863,0.609,2026-09-24T08:32:37.959428+00:00
8864,0.521,2026-09-24T08:32:37.960334+00:00
8865,0.9359999999999999,2026-09-24T08:32:37.961789+00:00
8866,1.833,2026-09-24T08:32:37.964150+00:00
8867,0.887,2026-09-24T08:32:37.965616+00:00
8868,0.726,2026-09-24T08:32:37.966879+00:00
8869,0.737,2026-09-24T08:32:37.968785+00:00
8870,0.6449999999999999,2026-09-24T08:32:37.970028+00:00
8871,0.589,2026-09-24T08:32:37.971126+00:00
8872,0.889,2026-09-24T08:32:37.972584+00:00
8873,0.878,2026-09-24T08:32:37.973877+00:00
8874,0.8009999999999999,2026-09-24T08:32:37.975121+00:00
8875,0.855,2026-09-24T08:32:37.976583+00:00
8876,0.74,2026-09-24T08:32:37.977777+00:00
8877,0.756,2026-09-24T08:32:37.979090+00:00
8878,0.675,2026-09-24T08:32:37.980338+00:00
8879,0.725,2026-09-24T08:32:37.981570+00:00
8880,0.7,2026-09-24T08:32:37.982733+00:00
8881,0.796,2026-09-24T08:32:37.984346+00:00
8882,0.661,2026-09-24T08:32:37.985449+00:00
8883,0.553,2026-09-24T08:32:37.986512+00:00
8884,0.9359999999999999,2026-09-24T08:32:37.987922+00:00
8885,0.9359999999999999,2026-09-24T08:32:37.989137+00:00
8886,0.853,2026-09-24T08:32:37.990516+00:00
8887,0.732,2026-09-24T08:32:37.991758+00:00
8888,0.768,2026-09-24T08:32:37.993025+00:00
8889,0.639,2026-09-24T08:32:37.994170+00:00
8890,0.583,2026-09-24T08:32:37.995286+00:00
8891,0.579,2026-09-24T08:32:37.996395+00:00
8892,0.523,2026-09-24T08:32:37.997385+00:00
8893,0.6859999999999999,2026-09-24T08:32:37.998776+00:00
8894,0.973,2026-09-24T08:32:38.000536+00:00
8895,0.661,2026-09-24T08:32:38.001715+00:00
8896,0.781,2026-09-24T08:32:38.003093+00:00
8897,0.67,2026-09-24T08:32:38.004316+00:00
8898,0.559,2026-09-24T08:32:38.005366+00:00
8899,0.5199999999999999,2026-09-24T08:32:38.006354+00:00
8900,0.833,2026-09-24T08:32:38.007649+00:00
8901,0.839,2026-09-24T08:32:38.009045+00:00
8902,0.57,2026-09-24T08:32:38.009957+00:00
8903,0.518,2026-09-24T08:32:38.010917+00:00
8904,0.6489999999999999,2026-09-24T08:32:38.012209+00:00
8905,0.514,2026-09-24T08:32:38.013199+00:00
8906,0.48500000000000004,2026-09-24T08:32:38.014176+00:00
8907,0.823,2026-09-24T08:32:38.015733+00:00
8908,0.8,2026-09-24T08:32:38.016810+00:00
8909,0.646,2026-09-24T08:32:38.017860+00:00
8910,0.652,2026-09-24T08:32:38.018982+00:00
8911,0.628,2026-09-24T08:32:38.020053+00:00
8912,0.843,2026-09-24T08:32:38.021452+00:00
8913,0.843,2026-09-24T08:32:38.022877+00:00
8914,0.773,2026-09-24T08:32:38.024244+00:00
8915,0.7929999999999999,2026-09-24T08:32:38.025620+00:00
8916,0.85,2026-09-24T08:32:38.027034+00:00
8917,0.825,2026-09-24T08:32:38.028673+00:00
8918,0.728,2026-09-24T08:32:38.029909+00:00
8919,0.866,2026-09-24T08:32:38.031377+00:00
8920,0.8059999999999999,2026-09-24T08:32:38.032716+00:00
8921,0.662,2026-09-24T08:32:38.033856+00:00
8922,0.6719999999999999,2026-09-24T08:32:38.035373+00:00
8923,0.652,2026-09-24T08:32:38.036554+00:00
8924,0.628,2026-09-24T08:32:38.037618+00:00
8925,0.629,2026-09-24T08:32:38.038696+00:00
8926,0.696,2026-09-24T08:32:38.039894+00:00
8927,0.6819999999999999,2026-09-24T08:32:38.041123+00:00
8928,0.736,2026-09-24T08:32:38.042434+00:00
8929,0.6629999999999999,2026-09-24T08:32:38.043575+00:00
8930,0.6489999999999999,2026-09-24T08:32:38.044750+00:00
8931,0.696,2026-09-24T08:32:38.046028+00:00
8932,0.593,2026-09-24T08:32:38.047119+00:00
8933,0.607,2026-09-24T08:32:38.048209+00:00
8934,0.608,2026-09-24T08:32:38.049331+00:00
8935,0.609,2026-09-24T08:32:38.050378+00:00
8936,0.644,2026-09-24T08:32:38.051478+00:00
8937,0.675,2026-09-24T08:32:38.052755+00:00
8938,0.612,2026-09-24T08:32:38.053815+00:00
8939,0.6669999999999999,2026-09-24T08:32:38.055005+00:00
8940,0.695,2026-09-24T08:32:38.056267+00:00
8941,0.651,2026-09-24T08:32:38.057453+00:00
8942,0.839,2026-09-24T08:32:38.058807+00:00
8943,0.625,2026-09-24T08:32:38.059784+00:00
8944,1.018,2026-09-24T08:32:38.061248+00:00
8945,0.976,2026-09-24T08:32:38.062598+00:00
8946,0.841,2026-09-24T08:32:38.064093+00:00
8947,0.886,2026-09-24T08:32:38.065650+00:00
8948,1.0790000000000002,2026-09-24T08:32:38.067407+00:00
8949,0.9700000000000001,2026-09-24T08:32:38.069116+00:00
8950,0.7919999999999999,2026-09-24T08:32:38.070517+00:00
8951,0.785,2026-09-24T08:32:38.071861+00:00
8952,0.771,2026-09-24T08:32:38.073399+00:00
8953,0.704,2026-09-24T08:32:38.074654+00:00
8954,0.6819999999999999,2026-09-24T08:32:38.075823+00:00
8955,0.759,2026-09-24T08:32:38.077123+00:00
8956,0.6880000000000001,2026-09-24T08:32:38.078329+00:00
8957,0.721,2026-09-24T08:32:38.079551+00:00
8958,0.7919999999999999,2026-09-24T08:32:38.080911+00:00
8959,0.691,2026-09-24T08:32:38.082136+00:00
8960,0.749,2026-09-24T08:32:38.083435+00:00
8961,0.7290000000000001,2026-09-24T08:32:38.084721+00:00
8962,0.703,2026-09-24T08:32:38.086070+00:00
8963,0.671,2026-09-24T08:32:38.087382+00:00
8964,0.762,2026-09-24T08:32:38.088778+00:00
8965,0.7699999999999999,2026-09-24T08:32:38.090172+00:00
8966,0.759,2026-09-24T08:32:38.091696+00:00
8967,0.6629999999999999,2026-09-24T08:32:38.092859+00:00
8968,0.816,2026-09-24T08:32:38.094197+00:00
8969,0.717,2026-09-24T08:32:38.095452+00:00
8970,0.868,2026-09-24T08:32:38.096946+00:00
8971,0.9169999999999999,2026-09-24T08:32:38.098557+00:00
8972,0.859,2026-09-24T08:32:38.099987+00:00
8973,0.8009999999999999,2026-09-24T08:32:38.101342+00:00
8974,0.754,2026-09-24T08:32:38.102648+00:00
8975,1.206,2026-09-24T08:32:38.104686+00:00
8976,0.893,2026-09-24T08:32:38.106236+00:00
8977,0.966,2026-09-24T08:32:38.107767+00:00
8978,0.76,2026-09-24T08:32:38.108828+00:00
8979,0.6819999999999999,2026-09-24T08:32:38.110004+00:00
8980,0.615,2026-09-24T08:32:38.111114+00:00
8981,0.758,2026-09-24T08:32:38.112832+00:00
8982,0.703,2026-09-24T08:32:38.114188+00:00
8983,0.636,2026-09-24T08:32:38.115399+00:00
8984,0.69,2026-09-24T08:32:38.116610+00:00
8985,0.5910000000000001,2026-09-24T08:32:38.117720+00:00
8986,0.635,2026-09-24T08:32:38.119206+00:00
8987,0.652,2026-09-24T08:32:38.120518+00:00
8988,0.704,2026-09-24T08:32:38.121860+00:00
8989,0.647,2026-09-24T08:32:38.123156+00:00
8990,0.9909999999999999,2026-09-24T08:32:38.124778+00:00
8991,0.876,2026-09-24T08:32:38.125881+00:00
8992,0.838,2026-09-24T08:32:38.127201+00:00
8993,0.6890000000000001,2026-09-24T08:32:38.128569+00:00
8994,0.895,2026-09-24T08:32:38.130017+00:00
8995,0.833,2026-09-24T08:32:38.131519+00:00
8996,0.725,2026-09-24T08:32:38.133110+00:00
8997,0.629,2026-09-24T08:32:38.134224+00:00
8998,1.193,2026-09-24T08:32:38.136091+00:00
8999,0.773,2026-09-24T08:32:38.137316+00:00
9000,0.637,2026-09-24T08:32:38.138493+00:00
9001,0.574,2026-09-24T08:32:38.139769+00:00
9002,0.815,2026-09-24T08:32:38.141104+00:00
9003,0.553,2026-09-24T08:32:38.142074+00:00
9004,0.6759999999999999,2026-09-24T08:32:38.143339+00:00
9005,0.634,2026-09-24T08:32:38.144607+00:00
9006,0.647,2026-09-24T08:32:38.145854+00:00
9007,0.633,2026-09-24T08:32:38.147095+00:00
9008,0.621,2026-09-24T08:32:38.148330+00:00
9009,0.7380000000000001,2026-09-24T08:32:38.149696+00:00
9010,0.666,2026-09-24T08:32:38.150975+00:00
9011,0.646,2026-09-24T08:32:38.152369+00:00
9012,1.02,2026-09-24T08:32:38.153968+00:00
9013,0.808,2026-09-24T08:32:38.154889+00:00
9014,1.024,2026-09-24T08:32:38.156347+00:00
9015,1.123,2026-09-24T08:32:38.158179+00:00
9016,0.882,2026-09-24T08:32:38.159434+00:00
9017,1.338,2026-09-24T08:32:38.162010+00:00
9018,1.173,2026-09-24T08:32:38.163981+00:00
9019,1.106,2026-09-24T08:32:38.165570+00:00
9020,1.0070000000000001,2026-09-24T08:32:38.167277+00:00
9021,1.016,2026-09-24T08:32:38.169055+00:00
9022,0.805,2026-09-24T08:32:38.170451+00:00
9023,0.794,2026-09-24T08:32:38.171762+00:00
9024,0.7200000000000001,2026-09-24T08:32:38.172897+00:00
9025,0.76,2026-09-24T08:32:38.174240+00:00
9026,0.6920000000000001,2026-09-24T08:32:38.175640+00:00
9027,0.696,2026-09-24T08:32:38.176772+00:00
9028,0.652,2026-09-24T08:32:38.177801+00:00
9029,0.587,2026-09-24T08:32:38.178829+00:00
9030,0.5569999999999999,2026-09-24T08:32:38.179815+00:00
9031,0.856,2026-09-24T08:32:38.181236+00:00
9032,0.748,2026-09-24T08:32:38.182482+00:00
9033,0.861,2026-09-24T08:32:38.183879+00:00
9034,0.768,2026-09-24T08:32:38.185137+00:00
9035,0.734,2026-09-24T08:32:38.186381+00:00
9036,0.732,2026-09-24T08:32:38.187672+00:00
9037,0.731,2026-09-24T08:32:38.188936+00:00
9038,0.778,2026-09-24T08:32:38.190454+00:00
9039,0.885,2026-09-24T08:32:38.191849+00:00
9040,1.093,2026-09-24T08:32:38.193891+00:00
9041,2.055,2026-09-24T08:32:38.196643+00:00
9042,1.106,2026-09-24T08:32:38.198404+00:00
9043,1.232,2026-09-24T08:32:38.200179+00:00
9044,1.0970000000000002,2026-09-24T08:32:38.202100+00:00
9045,0.92,2026-09-24T08:32:38.203708+00:00
9046,0.671,2026-09-24T08:32:38.204814+00:00
9047,0.68,2026-09-24T08:32:38.206041+00:00
9048,0.63,2026-09-24T08:32:38.207200+00:00
9049,0.768,2026-09-24T08:32:38.208828+00:00
9050,0.62,2026-09-24T08:32:38.210098+00:00
9051,0.5559999999999999,2026-09-24T08:32:38.211194+00:00
9052,0.583,2026-09-24T08:32:38.212330+00:00
9053,0.553,2026-09-24T08:32:38.213398+00:00
9054,0.533,2026-09-24T08:32:38.214484+00:00
9055,1.003,2026-09-24T08:32:38.216512+00:00
9056,0.785,2026-09-24T08:32:38.218002+00:00
9057,0.605,2026-09-24T08:32:38.219194+00:00
9058,0.516,2026-09-24T08:32:38.220289+00:00
9059,0.501,2026-09-24T08:32:38.221343+00:00
9060,0.496,2026-09-24T08:32:38.222402+00:00
9061,1.229,2026-09-24T08:32:38.224430+00:00
9062,0.804,2026-09-24T08:32:38.225448+00:00
9063,1.059,2026-09-24T08:32:38.227208+00:00
9064,0.842,2026-09-24T08:32:38.228669+00:00
9065,0.879,2026-09-24T08:32:38.230166+00:00
9066,0.898,2026-09-24T08:32:38.231611+00:00
9067,0.764,2026-09-24T08:32:38.232961+00:00
9068,0.766,2026-09-24T08:32:38.234302+00:00
9069,0.6629999999999999,2026-09-24T08:32:38.235551+00:00
9070,0.662,2026-09-24T08:32:38.236867+00:00
9071,0.619,2026-09-24T08:32:38.237908+00:00
9072,0.8130000000000001,2026-09-24T08:32:38.239130+00:00
9073,0.566,2026-09-24T08:32:38.240100+00:00
9074,0.553,2026-09-24T08:32:38.241252+00:00
9075,0.5419999999999999,2026-09-24T08:32:38.242344+00:00
9076,0.5419999999999999,2026-09-24T08:32:38.243378+00:00
9077,0.5109999999999999,2026-09-24T08:32:38.244335+00:00
9078,0.5569999999999999,2026-09-24T08:32:38.245390+00:00
9079,0.54,2026-09-24T08:32:38.246351+00:00
9080,0.5609999999999999,2026-09-24T08:32:38.247389+00:00
9081,0.6819999999999999,2026-09-24T08:32:38.248684+00:00
9082,0.821,2026-09-24T08:32:38.250575+00:00
9083,0.652,2026-09-24T08:32:38.251662+00:00
9084,0.5760000000000001,2026-09-24T08:32:38.252770+00:00
9085,0.598,2026-09-24T08:32:38.254049+00:00
9086,0.63,2026-09-24T08:32:38.255130+00:00
9087,0.566,2026-09-24T08:32:38.256216+00:00
9088,0.596,2026-09-24T08:32:38.257254+00:00
9089,0.5730000000000001,2026-09-24T08:32:38.258236+00:00
9090,1.046,2026-09-24T08:32:38.259747+00:00
9091,1.1280000000000001,2026-09-24T08:32:38.261218+00:00
9092,0.995,2026-09-24T08:32:38.262828+00:00
9093,0.851,2026-09-24T08:32:38.264317+00:00
9094,1.322,2026-09-24T08:32:38.266230+00:00
9095,0.678,2026-09-24T08:32:38.267478+00:00
9096,0.598,2026-09-24T08:32:38.268533+00:00
9097,0.5509999999999999,2026-09-24T08:32:38.269526+00:00
9098,0.525,2026-09-24T08:32:38.270523+00:00
9099,0.633,2026-09-24T08:32:38.271602+00:00
9100,0.575,2026-09-24T08:32:38.272840+00:00
9101,0.6809999999999999,2026-09-24T08:32:38.274074+00:00
9102,0.587,2026-09-24T08:32:38.275271+00:00
9103,0.601,2026-09-24T08:32:38.276285+00:00
9104,0.5609999999999999,2026-09-24T08:32:38.277355+00:00
9105,0.662,2026-09-24T08:32:38.278606+00:00
9106,0.64,2026-09-24T08:32:38.279742+00:00
9107,0.609,2026-09-24T08:32:38.280782+00:00
9108,0.749,2026-09-24T08:32:38.282034+00:00
9109,1.012,2026-09-24T08:32:38.283898+00:00
9110,0.851,2026-09-24T08:32:38.285344+00:00
9111,0.727,2026-09-24T08:32:38.286634+00:00
9112,0.763,2026-09-24T08:32:38.288022+00:00
9113,0.794,2026-09-24T08:32:38.289506+00:00
9114,0.741,2026-09-24T08:32:38.291093+00:00
9115,0.875,2026-09-24T08:32:38.292486+00:00
9116,0.867,2026-09-24T08:32:38.293877+00:00
9117,0.954,2026-09-24T08:32:38.295379+00:00
9118,1.157,2026-09-24T08:32:38.297529+00:00
9119,0.838,2026-09-24T08:32:38.298770+00:00
9120,0.713,2026-09-24T08:32:38.299878+00:00
9121,0.924,2026-09-24T08:32:38.301400+00:00
9122,4.263,2026-09-24T08:32:38.306337+00:00
9123,0.9460000000000001,2026-09-24T08:32:38.307987+00:00
9124,0.709,2026-09-24T08:32:38.309311+00:00
9125,0.721,2026-09-24T08:32:38.310525+00:00
9126,0.6920000000000001,2026-09-24T08:32:38.311580+00:00
9127,0.828,2026-09-24T08:32:38.312960+00:00
9128,0.912,2026-09-24T08:32:38.314465+00:00
9129,1.038,2026-09-24T08:32:38.316357+00:00
9130,1.021,2026-09-24T08:32:38.318197+00:00
9131,1.161,2026-09-24T08:32:38.320091+00:00
9132,0.7789999999999999,2026-09-24T08:32:38.321181+00:00
9133,0.76,2026-09-24T08:32:38.322453+00:00
9134,0.791,2026-09-24T08:32:38.323789+00:00
9135,0.7929999999999999,2026-09-24T08:32:38.325131+00:00
9136,0.619,2026-09-24T08:32:38.326218+00:00
9137,0.959,2026-09-24T08:32:38.327801+00:00
9138,0.884,2026-09-24T08:32:38.329318+00:00
9139,1.196,2026-09-24T08:32:38.331156+00:00
9140,0.9169999999999999,2026-09-24T08:32:38.332862+00:00
9141,0.859,2026-09-24T08:32:38.334359+00:00
9142,0.874,2026-09-24T08:32:38.335824+00:00
9143,0.719,2026-09-24T08:32:38.336822+00:00
9144,0.599,2026-09-24T08:32:38.337927+00:00
9145,0.644,2026-09-24T08:32:38.339023+00:00
9146,0.603,2026-09-24T08:32:38.340097+00:00
9147,0.5720000000000001,2026-09-24T08:32:38.341065+00:00
9148,0.524,2026-09-24T08:32:38.342156+00:00
9149,0.768,2026-09-24T08:32:38.343506+00:00
9150,0.594,2026-09-24T08:32:38.344461+00:00
9151,0.5670000000000001,2026-09-24T08:32:38.345517+00:00
9152,0.566,2026-09-24T08:32:38.346586+00:00
9153,0.629,2026-09-24T08:32:38.347755+00:00
9154,0.619,2026-09-24T08:32:38.348968+00:00
9155,0.699,2026-09-24T08:32:38.350171+00:00
9156,0.828,2026-09-24T08:32:38.351560+00:00
9157,0.6669999999999999,2026-09-24T08:32:38.352562+00:00
9158,0.5630000000000001,2026-09-24T08:32:38.353564+00:00
9159,0.583,2026-09-24T08:32:38.354792+00:00
9160,0.628,2026-09-24T08:32:38.356023+00:00
9161,0.5609999999999999,2026-09-24T08:32:38.357185+00:00
9162,0.555,2026-09-24T08:32:38.358269+00:00
9163,0.8109999999999999,2026-09-24T08:32:38.359596+00:00
9164,0.67,2026-09-24T08:32:38.360731+00:00
9165,1.081,2026-09-24T08:32:38.362200+00:00
9166,1.048,2026-09-24T08:32:38.363956+00:00
9167,1.137,2026-09-24T08:32:38.365663+00:00
9168,0.804,2026-09-24T08:32:38.366593+00:00
9169,0.828,2026-09-24T08:32:38.367799+00:00
9170,0.737,2026-09-24T08:32:38.368995+00:00
9171,0.66,2026-09-24T08:32:38.370163+00:00
9172,0.61,2026-09-24T08:32:38.371276+00:00
9173,0.646,2026-09-24T08:32:38.372608+00:00
9174,0.662,2026-09-24T08:32:38.373768+00:00
9175,0.608,2026-09-24T08:32:38.374855+00:00
9176,0.627,2026-09-24T08:32:38.375998+00:00
9177,0.643,2026-09-24T08:32:38.377172+00:00
9178,0.6859999999999999,2026-09-24T08:32:38.378370+00:00
9179,0.627,2026-09-24T08:32:38.379516+00:00
9180,0.606,2026-09-24T08:32:38.380625+00:00
9181,0.621,2026-09-24T08:32:38.381728+00:00
9182,0.7110000000000001,2026-09-24T08:32:38.382942+00:00
9183,0.9970000000000001,2026-09-24T08:32:38.384629+00:00
9184,0.7699999999999999,2026-09-24T08:32:38.386163+00:00
9185,0.722,2026-09-24T08:32:38.387602+00:00
9186,0.64,2026-09-24T08:32:38.388909+00:00
9187,0.842,2026-09-24T08:32:38.390432+00:00
9188,0.679,2026-09-24T08:32:38.391965+00:00
9189,0.8899999999999999,2026-09-24T08:32:38.393547+00:00
9190,0.903,2026-09-24T08:32:38.395264+00:00
9191,0.886,2026-09-24T08:32:38.396813+00:00
9192,0.898,2026-09-24T08:32:38.398281+00:00
9193,1.095,2026-09-24T08:32:38.400581+00:00
9194,0.958,2026-09-24T08:32:38.402277+00:00
9195,0.799,2026-09-24T08:32:38.403725+00:00
9196,0.8019999999999999,2026-09-24T08:32:38.405115+00:00
9197,0.743,2026-09-24T08:32:38.406520+00:00
9198,1.035,2026-09-24T08:32:38.408208+00:00
9199,0.9179999999999999,2026-09-24T08:32:38.409524+00:00
9200,0.8630000000000001,2026-09-24T08:32:38.410917+00:00
9201,1.147,2026-09-24T08:32:38.412846+00:00
9202,1.158,2026-09-24T08:32:38.414984+00:00
9203,1.13,2026-09-24T08:32:38.417374+00:00
9204,0.9790000000000001,2026-09-24T08:32:38.419135+00:00
9205,1.016,2026-09-24T08:32:38.420864+00:00
9206,0.9129999999999999,2026-09-24T08:32:38.422537+00:00
9207,1.497,2026-09-24T08:32:38.424783+00:00
9208,1.2650000000000001,2026-09-24T08:32:38.426897+00:00
9209,0.856,2026-09-24T08:32:38.428291+00:00
9210,0.8350000000000001,2026-09-24T08:32:38.429762+00:00
9211,1.2830000000000001,2026-09-24T08:32:38.431661+00:00
9212,1.155,2026-09-24T08:32:38.433443+00:00
9213,0.846,2026-09-24T08:32:38.434851+00:00
9214,0.643,2026-09-24T08:32:38.436164+00:00
9215,0.727,2026-09-24T08:32:38.437516+00:00
9216,0.683,2026-09-24T08:32:38.439020+00:00
9217,0.626,2026-09-24T08:32:38.440273+00:00
9218,0.9840000000000001,2026-09-24T08:32:38.442045+00:00
9219,0.809,2026-09-24T08:32:38.443322+00:00
9220,0.8170000000000001,2026-09-24T08:32:38.444838+00:00
9221,0.815,2026-09-24T08:32:38.446331+00:00
9222,1.2149999999999999,2026-09-24T08:32:38.448387+00:00
9223,0.939,2026-09-24T08:32:38.450021+00:00
9224,0.8170000000000001,2026-09-24T08:32:38.451510+00:00
9225,0.8360000000000001,2026-09-24T08:32:38.453006+00:00
9226,0.745,2026-09-24T08:32:38.454331+00:00
9227,0.794,2026-09-24T08:32:38.455846+00:00
9228,0.683,2026-09-24T08:32:38.457147+00:00
9229,0.843,2026-09-24T08:32:38.458673+00:00
9230,1.625,2026-09-24T08:32:38.461271+00:00
9231,0.9460000000000001,2026-09-24T08:32:38.462693+00:00
9232,1.312,2026-09-24T08:32:38.466236+00:00
9233,0.877,2026-09-24T08:32:38.467942+00:00
9234,0.67,2026-09-24T08:32:38.469373+00:00
9235,0.5640000000000001,2026-09-24T08:32:38.470479+00:00
9236,0.8260000000000001,2026-09-24T08:32:38.472552+00:00
9237,0.781,2026-09-24T08:32:38.473929+00:00
9238,0.559,2026-09-24T08:32:38.474778+00:00
9239,0.6679999999999999,2026-09-24T08:32:38.475918+00:00
9240,0.959,2026-09-24T08:32:38.477259+00:00
9241,0.569,2026-09-24T08:32:38.478300+00:00
9242,0.5,2026-09-24T08:32:38.479248+00:00
9243,0.958,2026-09-24T08:32:38.480874+00:00
9244,0.8989999999999999,2026-09-24T08:32:38.482440+00:00
9245,0.944,2026-09-24T08:32:38.484090+00:00
9246,0.789,2026-09-24T08:32:38.485536+00:00
9247,1.075,2026-09-24T08:32:38.487863+00:00
9248,0.705,2026-09-24T08:32:38.488810+00:00
9249,0.616,2026-09-24T08:32:38.489884+00:00
9250,0.713,2026-09-24T08:32:38.491247+00:00
9251,0.8180000000000001,2026-09-24T08:32:38.492625+00:00
9252,0.8009999999999999,2026-09-24T08:32:38.493968+00:00
9253,0.6819999999999999,2026-09-24T08:32:38.494950+00:00
9254,0.67,2026-09-24T08:32:38.496100+00:00
9255,0.6669999999999999,2026-09-24T08:32:38.497275+00:00
9256,0.5950000000000001,2026-09-24T08:32:38.498477+00:00
9257,0.839,2026-09-24T08:32:38.499938+00:00
9258,0.896,2026-09-24T08:32:38.501585+00:00
9259,0.808,2026-09-24T08:32:38.502982+00:00
9260,0.8130000000000001,2026-09-24T08:32:38.504448+00:00
9261,0.759,2026-09-24T08:32:38.505743+00:00
9262,0.7,2026-09-24T08:32:38.507147+00:00
9263,0.635,2026-09-24T08:32:38.508275+00:00
9264,0.559,2026-09-24T08:32:38.509380+00:00
9265,0.553,2026-09-24T08:32:38.510446+00:00
9266,0.7110000000000001,2026-09-24T08:32:38.511748+00:00
9267,0.712,2026-09-24T08:32:38.513107+00:00
9268,0.589,2026-09-24T08:32:38.514201+00:00
9269,0.5670000000000001,2026-09-24T08:32:38.515268+00:00
9270,0.9349999999999999,2026-09-24T08:32:38.516968+00:00
9271,0.785,2026-09-24T08:32:38.518363+00:00
9272,0.691,2026-09-24T08:32:38.519681+00:00
9273,0.858,2026-09-24T08:32:38.521165+00:00
9274,0.6589999999999999,2026-09-24T08:32:38.522471+00:00
9275,0.594,2026-09-24T08:32:38.523773+00:00
9276,0.5760000000000001,2026-09-24T08:32:38.524890+00:00
9277,0.6819999999999999,2026-09-24T08:32:38.526360+00:00
9278,0.5519999999999999,2026-09-24T08:32:38.527499+00:00
9279,0.554,2026-09-24T08:32:38.528659+00:00
9280,0.5680000000000001,2026-09-24T08:32:38.529779+00:00
9281,1.1280000000000001,2026-09-24T08:32:38.531607+00:00
9282,0.752,2026-09-24T08:32:38.533024+00:00
9283,0.795,2026-09-24T08:32:38.534496+00:00
9284,0.768,2026-09-24T08:32:38.536006+00:00
9285,0.587,2026-09-24T08:32:38.537166+00:00
9286,0.49700000000000005,2026-09-24T08:32:38.538201+00:00
9287,0.518,2026-09-24T08:32:38.539225+00:00
9288,0.46799999999999997,2026-09-24T08:32:38.540216+00:00
9289,0.462,2026-09-24T08:32:38.541214+00:00
9290,0.45399999999999996,2026-09-24T08:32:38.542295+00:00
9291,0.569,2026-09-24T08:32:38.543479+00:00
9292,0.745,2026-09-24T08:32:38.545140+00:00
9293,0.68,2026-09-24T08:32:38.546368+00:00
9294,0.6920000000000001,2026-09-24T08:32:38.547547+00:00
9295,0.6809999999999999,2026-09-24T08:32:38.548775+00:00
9296,0.66,2026-09-24T08:32:38.549934+00:00
9297,0.74,2026-09-24T08:32:38.551269+00:00
9298,0.7010000000000001,2026-09-24T08:32:38.552598+00:00
9299,0.651,2026-09-24T08:32:38.553769+00:00
9300,0.639,2026-09-24T08:32:38.554916+00:00
9301,0.637,2026-09-24T08:32:38.556089+00:00
9302,0.631,2026-09-24T08:32:38.557325+00:00
9303,0.618,2026-09-24T08:32:38.558498+00:00
9304,0.777,2026-09-24T08:32:38.559825+00:00
9305,0.7110000000000001,2026-09-24T08:32:38.561073+00:00
9306,0.8,2026-09-24T08:32:38.562470+00:00
9307,0.8,2026-09-24T08:32:38.563939+00:00
9308,0.723,2026-09-24T08:32:38.565234+00:00
9309,0.764,2026-09-24T08:32:38.566505+00:00
9310,0.732,2026-09-24T08:32:38.567778+00:00
9311,0.7380000000000001,2026-09-24T08:32:38.569004+00:00
9312,0.651,2026-09-24T08:32:38.570183+00:00
9313,0.669,2026-09-24T08:32:38.571442+00:00
9314,0.639,2026-09-24T08:32:38.572594+00:00
9315,0.8069999999999999,2026-09-24T08:32:38.573854+00:00
9316,0.622,2026-09-24T08:32:38.574706+00:00
9317,0.673,2026-09-24T08:32:38.575849+00:00
9318,0.5950000000000001,2026-09-24T08:32:38.576853+00:00
9319,0.593,2026-09-24T08:32:38.577864+00:00
9320,0.583,2026-09-24T08:32:38.578918+00:00
9321,0.495,2026-09-24T08:32:38.580134+00:00
9322,0.507,2026-09-24T08:32:38.581197+00:00
9323,0.618,2026-09-24T08:32:38.582354+00:00
9324,0.5810000000000001,2026-09-24T08:32:38.583368+00:00
9325,0.546,2026-09-24T08:32:38.584425+00:00
9326,0.5469999999999999,2026-09-24T08:32:38.585501+00:00
9327,0.483,2026-09-24T08:32:38.586502+00:00
9328,0.46099999999999997,2026-09-24T08:32:38.587507+00:00
9329,0.47100000000000003,2026-09-24T08:32:38.588533+00:00
9330,0.47100000000000003,2026-09-24T08:32:38.589522+00:00
9331,0.5820000000000001,2026-09-24T08:32:38.590607+00:00
9332,0.763,2026-09-24T08:32:38.592072+00:00
9333,0.6880000000000001,2026-09-24T08:32:38.593288+00:00
9334,0.8310000000000001,2026-09-24T08:32:38.594626+00:00
9335,0.578,2026-09-24T08:32:38.595693+00:00
9336,0.705,2026-09-24T08:32:38.597344+00:00
9337,0.7010000000000001,2026-09-24T08:32:38.598621+00:00
9338,1.1139999999999999,2026-09-24T08:32:38.600545+00:00
9339,0.911,2026-09-24T08:32:38.602128+00:00
9340,0.8720000000000001,2026-09-24T08:32:38.603707+00:00
9341,0.992,2026-09-24T08:32:38.605329+00:00
9342,0.884,2026-09-24T08:32:38.606897+00:00
9343,0.746,2026-09-24T08:32:38.608214+00:00
9344,0.776,2026-09-24T08:32:38.609641+00:00
9345,0.739,2026-09-24T08:32:38.610924+00:00
9346,0.768,2026-09-24T08:32:38.612288+00:00
9347,0.747,2026-09-24T08:32:38.613592+00:00
9348,0.713,2026-09-24T08:32:38.614806+00:00
9349,0.747,2026-09-24T08:32:38.616039+00:00
9350,1.093,2026-09-24T08:32:38.617796+00:00
9351,1.108,2026-09-24T08:32:38.619759+00:00
9352,0.781,2026-09-24T08:32:38.620716+00:00
9353,0.6819999999999999,2026-09-24T08:32:38.621782+00:00
9354,0.8170000000000001,2026-09-24T08:32:38.623151+00:00
9355,0.639,2026-09-24T08:32:38.624314+00:00
9356,0.5900000000000001,2026-09-24T08:32:38.625384+00:00
9357,0.596,2026-09-24T08:32:38.626510+00:00
9358,0.6130000000000001,2026-09-24T08:32:38.627627+00:00
9359,0.6809999999999999,2026-09-24T08:32:38.628740+00:00
9360,0.9219999999999999,2026-09-24T08:32:38.630032+00:00
9361,0.787,2026-09-24T08:32:38.631486+00:00
9362,0.6920000000000001,2026-09-24T08:32:38.632720+00:00
9363,0.85,2026-09-24T08:32:38.634132+00:00
9364,0.707,2026-09-24T08:32:38.635423+00:00
9365,0.75,2026-09-24T08:32:38.636690+00:00
9366,0.719,2026-09-24T08:32:38.637950+00:00
9367,0.728,2026-09-24T08:32:38.639167+00:00
9368,0.5609999999999999,2026-09-24T08:32:38.640168+00:00
9369,0.636,2026-09-24T08:32:38.641317+00:00
9370,0.537,2026-09-24T08:32:38.642284+00:00
9371,0.5640000000000001,2026-09-24T08:32:38.643321+00:00
9372,0.597,2026-09-24T08:32:38.644744+00:00
9373,0.646,2026-09-24T08:32:38.645953+00:00
9374,0.632,2026-09-24T08:32:38.647085+00:00
9375,0.617,2026-09-24T08:32:38.648226+00:00
9376,0.589,2026-09-24T08:32:38.649301+00:00
9377,0.6819999999999999,2026-09-24T08:32:38.650555+00:00
9378,0.628,2026-09-24T08:32:38.651729+00:00
9379,0.619,2026-09-24T08:32:38.652880+00:00
9380,0.624,2026-09-24T08:32:38.654221+00:00
9381,0.65,2026-09-24T08:32:38.655344+00:00
9382,0.67,2026-09-24T08:32:38.656546+00:00
9383,0.603,2026-09-24T08:32:38.657666+00:00
9384,0.641,2026-09-24T08:32:38.658796+00:00
9385,0.627,2026-09-24T08:32:38.659926+00:00
9386,0.761,2026-09-24T08:32:38.661238+00:00
9387,0.6589999999999999,2026-09-24T08:32:38.662215+00:00
9388,0.937,2026-09-24T08:32:38.663656+00:00
9389,0.832,2026-09-24T08:32:38.664957+00:00
9390,0.9430000000000001,2026-09-24T08:32:38.666653+00:00
9391,0.834,2026-09-24T08:32:38.668092+00:00
9392,0.745,2026-09-24T08:32:38.669402+00:00
9393,0.754,2026-09-24T08:32:38.670700+00:00
9394,0.675,2026-09-24T08:32:38.671916+00:00
9395,0.713,2026-09-24T08:32:38.673334+00:00
9396,0.678,2026-09-24T08:32:38.674545+00:00
9397,0.68,2026-09-24T08:32:38.675745+00:00
9398,0.68,2026-09-24T08:32:38.676900+00:00
9399,0.718,2026-09-24T08:32:38.678098+00:00
9400,0.754,2026-09-24T08:32:38.679383+00:00
9401,0.769,2026-09-24T08:32:38.680699+00:00
9402,0.6920000000000001,2026-09-24T08:32:38.681937+00:00
9403,0.716,2026-09-24T08:32:38.683172+00:00
9404,0.9970000000000001,2026-09-24T08:32:38.684988+00:00
9405,0.8220000000000001,2026-09-24T08:32:38.686443+00:00
9406,1.0790000000000002,2026-09-24T08:32:38.688078+00:00
9407,0.925,2026-09-24T08:32:38.689094+00:00
9408,0.775,2026-09-24T08:32:38.690180+00:00
9409,0.745,2026-09-24T08:32:38.691252+00:00
9410,0.736,2026-09-24T08:32:38.692545+00:00
9411,0.92,2026-09-24T08:32:38.693828+00:00
9412,0.858,2026-09-24T08:32:38.695024+00:00
9413,3.533,2026-09-24T08:32:38.699268+00:00
9414,1.246,2026-09-24T08:32:38.701306+00:00
9415,0.903,2026-09-24T08:32:38.703006+00:00
9416,0.743,2026-09-24T08:32:38.704327+00:00
9417,0.736,2026-09-24T08:32:38.705607+00:00
9418,0.732,2026-09-24T08:32:38.706865+00:00
9419,0.762,2026-09-24T08:32:38.708309+00:00
9420,0.6920000000000001,2026-09-24T08:32:38.709560+00:00
9421,0.679,2026-09-24T08:32:38.710740+00:00
9422,0.7240000000000001,2026-09-24T08:32:38.711953+00:00
9423,0.848,2026-09-24T08:32:38.713442+00:00
9424,0.6579999999999999,2026-09-24T08:32:38.714767+00:00
9425,1.209,2026-09-24T08:32:38.717566+00:00
9426,0.734,2026-09-24T08:32:38.718786+00:00
9427,0.641,2026-09-24T08:32:38.719982+00:00
9428,0.619,2026-09-24T08:32:38.721193+00:00
9429,0.566,2026-09-24T08:32:38.722313+00:00
9430,0.5820000000000001,2026-09-24T08:32:38.723554+00:00
9431,0.565,2026-09-24T08:32:38.724697+00:00
9432,0.637,2026-09-24T08:32:38.726065+00:00
9433,0.7,2026-09-24T08:32:38.727330+00:00
9434,0.606,2026-09-24T08:32:38.728543+00:00
9435,0.623,2026-09-24T08:32:38.729811+00:00
9436,0.948,2026-09-24T08:32:38.731473+00:00
9437,0.736,2026-09-24T08:32:38.732921+00:00
9438,0.718,2026-09-24T08:32:38.734355+00:00
9439,0.809,2026-09-24T08:32:38.735684+00:00
9440,0.587,2026-09-24T08:32:38.737126+00:00
9441,0.566,2026-09-24T08:32:38.738309+00:00
9442,0.588,2026-09-24T08:32:38.739514+00:00
9443,0.58,2026-09-24T08:32:38.740673+00:00
9444,0.593,2026-09-24T08:32:38.741833+00:00
9445,0.562,2026-09-24T08:32:38.743023+00:00
9446,0.523,2026-09-24T08:32:38.744126+00:00
9447,0.625,2026-09-24T08:32:38.745318+00:00
9448,1.1340000000000001,2026-09-24T08:32:38.747049+00:00
9449,0.5670000000000001,2026-09-24T08:32:38.748222+00:00
9450,0.632,2026-09-24T08:32:38.749454+00:00
9451,0.646,2026-09-24T08:32:38.750728+00:00
9452,0.594,2026-09-24T08:32:38.751891+00:00
9453,0.569,2026-09-24T08:32:38.753057+00:00
9454,0.562,2026-09-24T08:32:38.754537+00:00
9455,0.612,2026-09-24T08:32:38.755731+00:00
9456,0.5599999999999999,2026-09-24T08:32:38.756850+00:00
9457,0.5770000000000001,2026-09-24T08:32:38.757980+00:00
9458,0.82,2026-09-24T08:32:38.759662+00:00
9459,0.848,2026-09-24T08:32:38.761242+00:00
9460,0.6130000000000001,2026-09-24T08:32:38.762401+00:00
9461,0.605,2026-09-24T08:32:38.763529+00:00
9462,0.618,2026-09-24T08:32:38.764728+00:00
9463,0.592,2026-09-24T08:32:38.765850+00:00
9464,0.761,2026-09-24T08:32:38.767131+00:00
9465,0.722,2026-09-24T08:32:38.768524+00:00
9466,0.6880000000000001,2026-09-24T08:32:38.769883+00:00
9467,0.594,2026-09-24T08:32:38.771130+00:00
9468,0.566,2026-09-24T08:32:38.772335+00:00
9469,0.535,2026-09-24T08:32:38.773626+00:00
9470,0.509,2026-09-24T08:32:38.774686+00:00
9471,0.495,2026-09-24T08:32:38.775704+00:00
9472,0.475,2026-09-24T08:32:38.776715+00:00
9473,0.495,2026-09-24T08:32:38.777740+00:00
9474,0.526,2026-09-24T08:32:38.778801+00:00
9475,0.528,2026-09-24T08:32:38.779850+00:00
9476,0.5109999999999999,2026-09-24T08:32:38.780894+00:00
9477,0.537,2026-09-24T08:32:38.781941+00:00
9478,0.448,2026-09-24T08:32:38.782936+00:00
9479,0.46900000000000003,2026-09-24T08:32:38.783968+00:00
9480,0.488,2026-09-24T08:32:38.785019+00:00
9481,0.45899999999999996,2026-09-24T08:32:38.786063+00:00
9482,0.477,2026-09-24T08:32:38.787122+00:00
9483,0.47,2026-09-24T08:32:38.788132+00:00
9484,0.46799999999999997,2026-09-24T08:32:38.789217+00:00
9485,0.481,2026-09-24T08:32:38.790257+00:00
9486,0.46900000000000003,2026-09-24T08:32:38.791273+00:00
9487,0.458,2026-09-24T08:32:38.792267+00:00
9488,0.5109999999999999,2026-09-24T08:32:38.793297+00:00
9489,0.458,2026-09-24T08:32:38.794277+00:00
9490,0.47800000000000004,2026-09-24T08:32:38.795279+00:00
9491,0.438,2026-09-24T08:32:38.796207+00:00
9492,0.491,2026-09-24T08:32:38.797276+00:00
9493,0.45399999999999996,2026-09-24T08:32:38.798256+00:00
9494,0.444,2026-09-24T08:32:38.799238+00:00
9495,0.444,2026-09-24T08:32:38.800208+00:00
9496,0.46900000000000003,2026-09-24T08:32:38.801267+00:00
9497,0.46799999999999997,2026-09-24T08:32:38.802284+00:00
9498,0.484,2026-09-24T08:32:38.803311+00:00
9499,0.512,2026-09-24T08:32:38.804448+00:00
9500,0.51,2026-09-24T08:32:38.805521+00:00
9501,0.48700000000000004,2026-09-24T08:32:38.806563+00:00
9502,0.558,2026-09-24T08:32:38.807663+00:00
9503,0.48500000000000004,2026-09-24T08:32:38.808720+00:00
9504,0.789,2026-09-24T08:32:38.810033+00:00
9505,1.303,2026-09-24T08:32:38.812291+00:00
9506,3.563,2026-09-24T08:32:38.816666+00:00
9507,1.424,2026-09-24T08:32:38.819024+00:00
9508,0.879,2026-09-24T08:32:38.820383+00:00
9509,0.88,2026-09-24T08:32:38.821904+00:00
9510,0.821,2026-09-24T08:32:38.823376+00:00
9511,0.678,2026-09-24T08:32:38.824594+00:00
9512,0.785,2026-09-24T08:32:38.825952+00:00
9513,0.642,2026-09-24T08:32:38.827079+00:00
9514,0.7969999999999999,2026-09-24T08:32:38.829282+00:00
9515,1.002,2026-09-24T08:32:38.830791+00:00
9516,2.859,2026-09-24T08:32:38.834659+00:00
9517,1.193,2026-09-24T08:32:38.836437+00:00
9518,0.7739999999999999,2026-09-24T08:32:38.837771+00:00
9519,0.781,2026-09-24T08:32:38.839055+00:00
9520,0.719,2026-09-24T08:32:38.840365+00:00
9521,1.093,2026-09-24T08:32:38.842107+00:00
9522,0.8019999999999999,2026-09-24T08:32:38.843458+00:00
9523,0.716,2026-09-24T08:32:38.844689+00:00
9524,0.8989999999999999,2026-09-24T08:32:38.846071+00:00
9525,1.212,2026-09-24T08:32:38.847920+00:00
9526,1.0150000000000001,2026-09-24T08:32:38.849894+00:00
9527,0.837,2026-09-24T08:32:38.851361+00:00
9528,0.8540000000000001,2026-09-24T08:32:38.852956+00:00
9529,0.841,2026-09-24T08:32:38.854357+00:00
9530,0.764,2026-09-24T08:32:38.855605+00:00
9531,0.995,2026-09-24T08:32:38.857460+00:00
9532,0.809,2026-09-24T08:32:38.858821+00:00
9533,0.9430000000000001,2026-09-24T08:32:38.860536+00:00
9534,0.736,2026-09-24T08:32:38.861797+00:00
9535,0.6809999999999999,2026-09-24T08:32:38.862907+00:00
9536,0.656,2026-09-24T08:32:38.864020+00:00
9537,0.631,2026-09-24T08:32:38.865099+00:00
9538,0.773,2026-09-24T08:32:38.866399+00:00
9539,0.769,2026-09-24T08:32:38.867492+00:00
9540,1.011,2026-09-24T08:32:38.869071+00:00
9541,0.9810000000000001,2026-09-24T08:32:38.871210+00:00
9542,0.775,2026-09-24T08:32:38.872573+00:00
9543,0.799,2026-09-24T08:32:38.874107+00:00
9544,1.074,2026-09-24T08:32:38.875687+00:00
9545,0.712,2026-09-24T08:32:38.876507+00:00
9546,0.648,2026-09-24T08:32:38.877632+00:00
9547,0.622,2026-09-24T08:32:38.878792+00:00
9548,0.819,2026-09-24T08:32:38.880143+00:00
9549,1.098,2026-09-24T08:32:38.882102+00:00
9550,1.0150000000000001,2026-09-24T08:32:38.883939+00:00
9551,1.2069999999999999,2026-09-24T08:32:38.885968+00:00
9552,1.204,2026-09-24T08:32:38.887627+00:00
9553,1.1720000000000002,2026-09-24T08:32:38.889741+00:00
9554,0.787,2026-09-24T08:32:38.890683+00:00
9555,0.746,2026-09-24T08:32:38.891954+00:00
9556,0.7739999999999999,2026-09-24T08:32:38.893208+00:00
9557,0.6809999999999999,2026-09-24T08:32:38.894425+00:00
9558,0.7380000000000001,2026-09-24T08:32:38.896048+00:00
9559,0.5820000000000001,2026-09-24T08:32:38.897196+00:00
9560,0.502,2026-09-24T08:32:38.898218+00:00
9561,0.523,2026-09-24T08:32:38.899224+00:00
9562,0.474,2026-09-24T08:32:38.900208+00:00
9563,0.46799999999999997,2026-09-24T08:32:38.901168+00:00
9564,0.509,2026-09-24T08:32:38.902160+00:00
9565,0.928,2026-09-24T08:32:38.903605+00:00
9566,0.6669999999999999,2026-09-24T08:32:38.904339+00:00
9567,0.756,2026-09-24T08:32:38.905462+00:00
9568,0.8170000000000001,2026-09-24T08:32:38.906507+00:00
9569,0.8270000000000001,2026-09-24T08:32:38.907541+00:00
9570,0.929,2026-09-24T08:32:38.908815+00:00
9571,0.727,2026-09-24T08:32:38.910044+00:00
9572,0.9790000000000001,2026-09-24T08:32:38.911564+00:00
9573,0.815,2026-09-24T08:32:38.912812+00:00
9574,0.995,2026-09-24T08:32:38.914302+00:00
9575,0.8,2026-09-24T08:32:38.915577+00:00
9576,0.71,2026-09-24T08:32:38.916681+00:00
9577,0.651,2026-09-24T08:32:38.917653+00:00
9578,0.6539999999999999,2026-09-24T08:32:38.918823+00:00
9579,0.819,2026-09-24T08:32:38.920210+00:00
9580,0.616,2026-09-24T08:32:38.921173+00:00
9581,0.691,2026-09-24T08:32:38.922315+00:00
9582,0.614,2026-09-24T08:32:38.923280+00:00
9583,0.646,2026-09-24T08:32:38.924500+00:00
9584,0.6040000000000001,2026-09-24T08:32:38.925567+00:00
9585,0.618,2026-09-24T08:32:38.926581+00:00
9586,0.754,2026-09-24T08:32:38.927856+00:00
9587,0.993,2026-09-24T08:32:38.929508+00:00
9588,1.251,2026-09-24T08:32:38.932120+00:00
9589,0.9169999999999999,2026-09-24T08:32:38.933726+00:00
9590,0.886,2026-09-24T08:32:38.935154+00:00
9591,1.1509999999999998,2026-09-24T08:32:38.936954+00:00
9592,0.919,2026-09-24T08:32:38.938155+00:00
9593,0.887,2026-09-24T08:32:38.939558+00:00
9594,0.855,2026-09-24T08:32:38.940921+00:00
9595,0.734,2026-09-24T08:32:38.942193+00:00
9596,0.916,2026-09-24T08:32:38.944051+00:00
9597,1.027,2026-09-24T08:32:38.945786+00:00
9598,0.785,2026-09-24T08:32:38.947246+00:00
9599,0.736,2026-09-24T08:32:38.948642+00:00
9600,1.0859999999999999,2026-09-24T08:32:38.950309+00:00
9601,1.15,2026-09-24T08:32:38.951990+00:00
9602,0.907,2026-09-24T08:32:38.953580+00:00
9603,0.8180000000000001,2026-09-24T08:32:38.954965+00:00
9604,0.8009999999999999,2026-09-24T08:32:38.956338+00:00
9605,0.8630000000000001,2026-09-24T08:32:38.957852+00:00
9606,1.013,2026-09-24T08:32:38.959661+00:00
9607,0.933,2026-09-24T08:32:38.961050+00:00
9608,0.736,2026-09-24T08:32:38.962319+00:00
9609,0.823,2026-09-24T08:32:38.963727+00:00
9610,0.8,2026-09-24T08:32:38.965033+00:00
9611,0.8130000000000001,2026-09-24T08:32:38.966385+00:00
9612,0.862,2026-09-24T08:32:38.967813+00:00
9613,0.736,2026-09-24T08:32:38.969199+00:00
9614,0.671,2026-09-24T08:32:38.970488+00:00
9615,0.7110000000000001,2026-09-24T08:32:38.971962+00:00
9616,0.8130000000000001,2026-09-24T08:32:38.973660+00:00
9617,0.696,2026-09-24T08:32:38.975182+00:00
9618,0.652,2026-09-24T08:32:38.976498+00:00
9619,0.7010000000000001,2026-09-24T08:32:38.977801+00:00
9620,0.66,2026-09-24T08:32:38.979089+00:00
9621,0.737,2026-09-24T08:32:38.980435+00:00
9622,0.791,2026-09-24T08:32:38.981917+00:00
9623,1.6139999999999999,2026-09-24T08:32:38.984102+00:00
9624,0.898,2026-09-24T08:32:38.985550+00:00
9625,0.8490000000000001,2026-09-24T08:32:38.986974+00:00
9626,0.808,2026-09-24T08:32:38.988429+00:00
9627,0.8540000000000001,2026-09-24T08:32:38.989835+00:00
9628,0.784,2026-09-24T08:32:38.991257+00:00
9629,0.847,2026-09-24T08:32:38.992756+00:00
9630,0.867,2026-09-24T08:32:38.994201+00:00
9631,0.867,2026-09-24T08:32:38.995654+00:00
9632,1.026,2026-09-24T08:32:38.997484+00:00
9633,0.791,2026-09-24T08:32:38.998840+00:00
9634,0.882,2026-09-24T08:32:39.000254+00:00
9635,0.8069999999999999,2026-09-24T08:32:39.001687+00:00
9636,0.848,2026-09-24T08:32:39.003093+00:00
9637,0.8400000000000001,2026-09-24T08:32:39.004522+00:00
9638,0.839,2026-09-24T08:32:39.005979+00:00
9639,1.124,2026-09-24T08:32:39.007835+00:00
9640,0.82,2026-09-24T08:32:39.009282+00:00
9641,0.847,2026-09-24T08:32:39.010696+00:00
9642,1.0579999999999998,2026-09-24T08:32:39.012348+00:00
9643,0.843,2026-09-24T08:32:39.013816+00:00
9644,0.815,2026-09-24T08:32:39.015189+00:00
9645,0.897,2026-09-24T08:32:39.016696+00:00
9646,0.861,2026-09-24T08:32:39.018092+00:00
9647,0.778,2026-09-24T08:32:39.019653+00:00
9648,1.01,2026-09-24T08:32:39.021211+00:00
9649,0.9560000000000001,2026-09-24T08:32:39.022846+00:00
9650,0.88,2026-09-24T08:32:39.024369+00:00
9651,0.8260000000000001,2026-09-24T08:32:39.025773+00:00
9652,0.865,2026-09-24T08:32:39.027162+00:00
9653,0.9560000000000001,2026-09-24T08:32:39.028700+00:00
9654,0.865,2026-09-24T08:32:39.030099+00:00
9655,0.877,2026-09-24T08:32:39.031593+00:00
9656,0.8809999999999999,2026-09-24T08:32:39.033096+00:00
9657,1.228,2026-09-24T08:32:39.035306+00:00
9658,0.955,2026-09-24T08:32:39.037038+00:00
9659,0.969,2026-09-24T08:32:39.038675+00:00
9660,0.842,2026-09-24T08:32:39.040143+00:00
9661,0.8109999999999999,2026-09-24T08:32:39.041733+00:00
9662,0.794,2026-09-24T08:32:39.043083+00:00
9663,0.805,2026-09-24T08:32:39.044395+00:00
9664,0.939,2026-09-24T08:32:39.045928+00:00
9665,0.916,2026-09-24T08:32:39.047513+00:00
9666,1.239,2026-09-24T08:32:39.049553+00:00
9667,1.238,2026-09-24T08:32:39.051740+00:00
9668,0.9890000000000001,2026-09-24T08:32:39.054082+00:00
9669,0.767,2026-09-24T08:32:39.055469+00:00
9670,1.193,2026-09-24T08:32:39.057301+00:00
9671,0.847,2026-09-24T08:32:39.058326+00:00
9672,0.777,2026-09-24T08:32:39.059625+00:00
9673,0.664,2026-09-24T08:32:39.060830+00:00
9674,1.206,2026-09-24T08:32:39.062828+00:00
9675,0.923,2026-09-24T08:32:39.064271+00:00
9676,0.785,2026-09-24T08:32:39.066009+00:00
9677,0.73,2026-09-24T08:32:39.067250+00:00
9678,1.196,2026-09-24T08:32:39.069164+00:00
9679,0.898,2026-09-24T08:32:39.070799+00:00
9680,0.636,2026-09-24T08:32:39.071944+00:00
9681,0.633,2026-09-24T08:32:39.073040+00:00
9682,0.5469999999999999,2026-09-24T08:32:39.074084+00:00
9683,0.53,2026-09-24T08:32:39.075098+00:00
9684,0.508,2026-09-24T08:32:39.076089+00:00
9685,0.5810000000000001,2026-09-24T08:32:39.077170+00:00
9686,0.638,2026-09-24T08:32:39.078276+00:00
9687,0.537,2026-09-24T08:32:39.079176+00:00
9688,0.579,2026-09-24T08:32:39.080189+00:00
9689,0.55,2026-09-24T08:32:39.081267+00:00
9690,0.5950000000000001,2026-09-24T08:32:39.082344+00:00
9691,0.7020000000000001,2026-09-24T08:32:39.083792+00:00
9692,0.718,2026-09-24T08:32:39.085076+00:00
9693,0.601,2026-09-24T08:32:39.086279+00:00
9694,0.533,2026-09-24T08:32:39.087314+00:00
9695,0.634,2026-09-24T08:32:39.088469+00:00
9696,0.725,2026-09-24T08:32:39.089615+00:00
9697,0.6669999999999999,2026-09-24T08:32:39.090626+00:00
9698,0.768,2026-09-24T08:32:39.091846+00:00
9699,0.709,2026-09-24T08:32:39.092922+00:00
9700,0.772,2026-09-24T08:32:39.094355+00:00
9701,0.669,2026-09-24T08:32:39.095589+00:00
9702,0.609,2026-09-24T08:32:39.096701+00:00
9703,0.638,2026-09-24T08:32:39.097943+00:00
9704,0.5429999999999999,2026-09-24T08:32:39.098998+00:00
9705,0.891,2026-09-24T08:32:39.100570+00:00
9706,0.861,2026-09-24T08:32:39.102120+00:00
9707,0.781,2026-09-24T08:32:39.103451+00:00
9708,0.728,2026-09-24T08:32:39.104716+00:00
9709,0.733,2026-09-24T08:32:39.105866+00:00
9710,0.6040000000000001,2026-09-24T08:32:39.106802+00:00
9711,0.5680000000000001,2026-09-24T08:32:39.107795+00:00
9712,0.544,2026-09-24T08:32:39.108751+00:00
9713,0.5680000000000001,2026-09-24T08:32:39.109850+00:00
9714,0.622,2026-09-24T08:32:39.110943+00:00
9715,0.656,2026-09-24T08:32:39.112228+00:00
9716,0.549,2026-09-24T08:32:39.113255+00:00
9717,0.6539999999999999,2026-09-24T08:32:39.114459+00:00
9718,0.6579999999999999,2026-09-24T08:32:39.115689+00:00
9719,0.875,2026-09-24T08:32:39.117315+00:00
9720,0.65,2026-09-24T08:32:39.118570+00:00
9721,0.684,2026-09-24T08:32:39.119982+00:00
9722,0.611,2026-09-24T08:32:39.121264+00:00
9723,0.574,2026-09-24T08:32:39.122355+00:00
9724,0.9269999999999999,2026-09-24T08:32:39.123854+00:00
9725,0.855,2026-09-24T08:32:39.125183+00:00
9726,0.975,2026-09-24T08:32:39.126719+00:00
9727,0.74,2026-09-24T08:32:39.127776+00:00
9728,0.626,2026-09-24T08:32:39.128879+00:00
9729,0.58,2026-09-24T08:32:39.129927+00:00
9730,0.5559999999999999,2026-09-24T08:32:39.131014+00:00
9731,0.752,2026-09-24T08:32:39.132309+00:00
9732,0.607,2026-09-24T08:32:39.133231+00:00
9733,0.578,2026-09-24T08:32:39.134293+00:00
9734,0.5569999999999999,2026-09-24T08:32:39.135297+00:00
9735,0.5910000000000001,2026-09-24T08:32:39.136675+00:00
9736,0.54,2026-09-24T08:32:39.137658+00:00
9737,0.5509999999999999,2026-09-24T08:32:39.138667+00:00
9738,0.541,2026-09-24T08:32:39.139635+00:00
9739,0.544,2026-09-24T08:32:39.140627+00:00
9740,0.569,2026-09-24T08:32:39.141653+00:00
9741,0.554,2026-09-24T08:32:39.142675+00:00
9742,0.562,2026-09-24T08:32:39.143684+00:00
9743,0.596,2026-09-24T08:32:39.144708+00:00
9744,0.7290000000000001,2026-09-24T08:32:39.146039+00:00
9745,0.842,2026-09-24T08:32:39.147592+00:00
9746,0.67,2026-09-24T08:32:39.148849+00:00
9747,0.615,2026-09-24T08:32:39.149919+00:00
9748,0.58,2026-09-24T08:32:39.150977+00:00
9749,0.553,2026-09-24T08:32:39.151956+00:00
9750,0.562,2026-09-24T08:32:39.153110+00:00
9751,0.571,2026-09-24T08:32:39.154160+00:00
9752,0.541,2026-09-24T08:32:39.155141+00:00
9753,1.433,2026-09-24T08:32:39.157046+00:00
9754,0.734,2026-09-24T08:32:39.158281+00:00
9755,0.704,2026-09-24T08:32:39.159523+00:00
9756,0.585,2026-09-24T08:32:39.160487+00:00
9757,1.4749999999999999,2026-09-24T08:32:39.162444+00:00
9758,0.68,2026-09-24T08:32:39.163319+00:00
9759,0.7879999999999999,2026-09-24T08:32:39.164590+00:00
9760,0.8630000000000001,2026-09-24T08:32:39.166060+00:00
9761,0.642,2026-09-24T08:32:39.167323+00:00
9762,0.5670000000000001,2026-09-24T08:32:39.168344+00:00
9763,0.514,2026-09-24T08:32:39.169354+00:00
9764,0.491,2026-09-24T08:32:39.170316+00:00
9765,0.504,2026-09-24T08:32:39.171496+00:00
9766,0.494,2026-09-24T08:32:39.172509+00:00
9767,0.486,2026-09-24T08:32:39.173498+00:00
9768,0.502,2026-09-24T08:32:39.174472+00:00
9769,0.484,2026-09-24T08:32:39.175489+00:00
9770,0.47800000000000004,2026-09-24T08:32:39.176497+00:00
9771,0.48500000000000004,2026-09-24T08:32:39.177465+00:00
9772,0.5419999999999999,2026-09-24T08:32:39.178496+00:00
9773,1.063,2026-09-24T08:32:39.180064+00:00
9774,0.9779999999999999,2026-09-24T08:32:39.181106+00:00
9775,1.046,2026-09-24T08:32:39.182672+00:00
9776,0.66,2026-09-24T08:32:39.183578+00:00
9777,0.704,2026-09-24T08:32:39.184748+00:00
9778,0.884,2026-09-24T08:32:39.186181+00:00
9779,0.803,2026-09-24T08:32:39.187641+00:00
9780,1.064,2026-09-24T08:32:39.189497+00:00
9781,0.91,2026-09-24T08:32:39.190629+00:00
9782,1.028,2026-09-24T08:32:39.192042+00:00
9783,0.891,2026-09-24T08:32:39.193234+00:00
9784,1.012,2026-09-24T08:32:39.194487+00:00
9785,0.865,2026-09-24T08:32:39.195602+00:00
9786,0.844,2026-09-24T08:32:39.196823+00:00
9787,0.825,2026-09-24T08:32:39.198103+00:00
9788,0.969,2026-09-24T08:32:39.199866+00:00
9789,1.165,2026-09-24T08:32:39.201991+00:00
9790,1.0230000000000001,2026-09-24T08:32:39.203394+00:00
9791,1.213,2026-09-24T08:32:39.205374+00:00
9792,0.92,2026-09-24T08:32:39.206777+00:00
9793,0.759,2026-09-24T08:32:39.208041+00:00
9794,0.6489999999999999,2026-09-24T08:32:39.209224+00:00
9795,0.753,2026-09-24T08:32:39.210942+00:00
9796,0.857,2026-09-24T08:32:39.212386+00:00
9797,0.6769999999999999,2026-09-24T08:32:39.213667+00:00
9798,0.623,2026-09-24T08:32:39.214795+00:00
9799,0.695,2026-09-24T08:32:39.216010+00:00
9800,1.018,2026-09-24T08:32:39.217793+00:00
9801,0.721,2026-09-24T08:32:39.219080+00:00
9802,0.637,2026-09-24T08:32:39.220371+00:00
9803,0.9460000000000001,2026-09-24T08:32:39.221832+00:00
9804,0.9,2026-09-24T08:32:39.223049+00:00
9805,0.7240000000000001,2026-09-24T08:32:39.224344+00:00
9806,0.666,2026-09-24T08:32:39.225577+00:00
9807,0.619,2026-09-24T08:32:39.226738+00:00
9808,0.606,2026-09-24T08:32:39.227829+00:00
9809,0.61,2026-09-24T08:32:39.229211+00:00
9810,0.565,2026-09-24T08:32:39.230354+00:00
9811,0.716,2026-09-24T08:32:39.231599+00:00
9812,0.644,2026-09-24T08:32:39.232599+00:00
9813,0.599,2026-09-24T08:32:39.233689+00:00
9814,0.5289999999999999,2026-09-24T08:32:39.234705+00:00
9815,0.555,2026-09-24T08:32:39.235760+00:00
9816,0.537,2026-09-24T08:32:39.236897+00:00
9817,0.55,2026-09-24T08:32:39.238010+00:00
9818,0.69,2026-09-24T08:32:39.239259+00:00
9819,0.6669999999999999,2026-09-24T08:32:39.240518+00:00
9820,0.7,2026-09-24T08:32:39.241782+00:00
9821,0.69,2026-09-24T08:32:39.243129+00:00
9822,0.705,2026-09-24T08:32:39.244455+00:00
9823,0.6719999999999999,2026-09-24T08:32:39.245842+00:00
9824,0.722,2026-09-24T08:32:39.247309+00:00
9825,0.934,2026-09-24T08:32:39.248966+00:00
9826,0.9219999999999999,2026-09-24T08:32:39.250440+00:00
9827,0.9259999999999999,2026-09-24T08:32:39.251983+00:00
9828,0.746,2026-09-24T08:32:39.253229+00:00
9829,0.756,2026-09-24T08:32:39.254547+00:00
9830,0.622,2026-09-24T08:32:39.255628+00:00
9831,0.601,2026-09-24T08:32:39.256711+00:00
9832,0.536,2026-09-24T08:32:39.257718+00:00
9833,0.6,2026-09-24T08:32:39.258782+00:00
9834,0.55,2026-09-24T08:32:39.259769+00:00
9835,0.606,2026-09-24T08:32:39.260835+00:00
9836,0.566,2026-09-24T08:32:39.261841+00:00
9837,0.585,2026-09-24T08:32:39.262885+00:00
9838,0.53,2026-09-24T08:32:39.263924+00:00
9839,0.518,2026-09-24T08:32:39.265198+00:00
9840,0.51,2026-09-24T08:32:39.266191+00:00
9841,0.507,2026-09-24T08:32:39.267185+00:00
9842,0.5670000000000001,2026-09-24T08:32:39.268249+00:00
9843,0.508,2026-09-24T08:32:39.269248+00:00
9844,0.501,2026-09-24T08:32:39.270235+00:00
9845,0.506,2026-09-24T08:32:39.271216+00:00
9846,0.508,2026-09-24T08:32:39.272241+00:00
9847,0.477,2026-09-24T08:32:39.273195+00:00
9848,0.488,2026-09-24T08:32:39.274171+00:00
9849,0.491,2026-09-24T08:32:39.275153+00:00
9850,0.491,2026-09-24T08:32:39.276160+00:00
9851,0.574,2026-09-24T08:32:39.277241+00:00
9852,0.5680000000000001,2026-09-24T08:32:39.278391+00:00
9853,0.632,2026-09-24T08:32:39.279538+00:00
9854,0.541,2026-09-24T08:32:39.280662+00:00
9855,1.127,2026-09-24T08:32:39.282441+00:00
9856,0.843,2026-09-24T08:32:39.283597+00:00
9857,0.955,2026-09-24T08:32:39.285168+00:00
9858,0.737,2026-09-24T08:32:39.286450+00:00
9859,0.674,2026-09-24T08:32:39.287732+00:00
9860,0.607,2026-09-24T08:32:39.288876+00:00
9861,0.5509999999999999,2026-09-24T08:32:39.290022+00:00
9862,0.532,2026-09-24T08:32:39.291149+00:00
9863,0.5199999999999999,2026-09-24T08:32:39.292278+00:00
9864,0.549,2026-09-24T08:32:39.293392+00:00
9865,0.555,2026-09-24T08:32:39.294523+00:00
9866,0.5469999999999999,2026-09-24T08:32:39.295736+00:00
9867,0.541,2026-09-24T08:32:39.296840+00:00
9868,0.734,2026-09-24T08:32:39.298458+00:00
9869,0.674,2026-09-24T08:32:39.299719+00:00
9870,0.5770000000000001,2026-09-24T08:32:39.300862+00:00
9871,0.585,2026-09-24T08:32:39.302027+00:00
9872,0.5469999999999999,2026-09-24T08:32:39.303284+00:00
9873,0.513,2026-09-24T08:32:39.304390+00:00
9874,0.503,2026-09-24T08:32:39.305465+00:00
9875,0.5509999999999999,2026-09-24T08:32:39.306586+00:00
9876,0.5599999999999999,2026-09-24T08:32:39.307697+00:00
9877,0.5479999999999999,2026-09-24T08:32:39.308755+00:00
9878,1.009,2026-09-24T08:32:39.310658+00:00
9879,1.101,2026-09-24T08:32:39.312591+00:00
9880,0.988,2026-09-24T08:32:39.314273+00:00
9881,0.7060000000000001,2026-09-24T08:32:39.315560+00:00
9882,0.647,2026-09-24T08:32:39.316722+00:00
9883,0.735,2026-09-24T08:32:39.318310+00:00
9884,0.837,2026-09-24T08:32:39.319672+00:00
9885,1.132,2026-09-24T08:32:39.321345+00:00
9886,0.944,2026-09-24T08:32:39.322704+00:00
9887,0.786,2026-09-24T08:32:39.324033+00:00
9888,0.757,2026-09-24T08:32:39.325367+00:00
9889,1.0219999999999998,2026-09-24T08:32:39.327094+00:00
9890,1.028,2026-09-24T08:32:39.328954+00:00
9891,1.107,2026-09-24T08:32:39.330744+00:00
9892,1.304,2026-09-24T08:32:39.332936+00:00
9893,1.268,2026-09-24T08:32:39.334562+00:00
9894,1.062,2026-09-24T08:32:39.336055+00:00
9895,0.893,2026-09-24T08:32:39.337618+00:00
9896,0.88,2026-09-24T08:32:39.339114+00:00
9897,0.8260000000000001,2026-09-24T08:32:39.340469+00:00
9898,1.101,2026-09-24T08:32:39.342324+00:00
9899,0.988,2026-09-24T08:32:39.343533+00:00
9900,1.185,2026-09-24T08:32:39.347692+00:00
9901,0.9079999999999999,2026-09-24T08:32:39.349398+00:00
9902,0.8109999999999999,2026-09-24T08:32:39.350840+00:00
9903,1.269,2026-09-24T08:32:39.352817+00:00
9904,1.001,2026-09-24T08:32:39.354231+00:00
9905,0.768,2026-09-24T08:32:39.355430+00:00
9906,0.673,2026-09-24T08:32:39.356645+00:00
9907,0.762,2026-09-24T08:32:39.357991+00:00
9908,0.643,2026-09-24T08:32:39.359302+00:00
9909,0.657,2026-09-24T08:32:39.360439+00:00
9910,0.641,2026-09-24T08:32:39.361585+00:00
9911,0.644,2026-09-24T08:32:39.362815+00:00
9912,0.644,2026-09-24T08:32:39.364018+00:00
9913,0.644,2026-09-24T08:32:39.365431+00:00
9914,0.5900000000000001,2026-09-24T08:32:39.366520+00:00
9915,0.9859999999999999,2026-09-24T08:32:39.368270+00:00
9916,1.22,2026-09-24T08:32:39.370176+00:00
9917,1.161,2026-09-24T08:32:39.372063+00:00
9918,0.9510000000000001,2026-09-24T08:32:39.373242+00:00
9919,0.862,2026-09-24T08:32:39.374637+00:00
9920,0.832,2026-09-24T08:32:39.376015+00:00
9921,0.653,2026-09-24T08:32:39.377209+00:00
9922,0.635,2026-09-24T08:32:39.378312+00:00
9923,0.626,2026-09-24T08:32:39.379427+00:00
9924,0.8540000000000001,2026-09-24T08:32:39.380993+00:00
9925,0.751,2026-09-24T08:32:39.382303+00:00
9926,0.748,2026-09-24T08:32:39.383557+00:00
9927,1.1620000000000001,2026-09-24T08:32:39.385219+00:00
9928,0.6930000000000001,2026-09-24T08:32:39.386215+00:00
9929,0.95,2026-09-24T08:32:39.387765+00:00
9930,0.815,2026-09-24T08:32:39.389091+00:00
9931,0.721,2026-09-24T08:32:39.390396+00:00
9932,0.67,2026-09-24T08:32:39.391570+00:00
9933,3.165,2026-09-24T08:32:39.395233+00:00
9934,0.808,2026-09-24T08:32:39.396888+00:00
9935,0.755,2026-09-24T08:32:39.398199+00:00
9936,0.666,2026-09-24T08:32:39.399558+00:00
9937,0.7150000000000001,2026-09-24T08:32:39.400818+00:00
9938,0.76,2026-09-24T08:32:39.403141+00:00
9939,1.2049999999999998,2026-09-24T08:32:39.405068+00:00
9940,0.709,2026-09-24T08:32:39.406037+00:00
9941,0.734,2026-09-24T08:32:39.407330+00:00
9942,0.6759999999999999,2026-09-24T08:32:39.408825+00:00
9943,0.6759999999999999,2026-09-24T08:32:39.409958+00:00
9944,0.7110000000000001,2026-09-24T08:32:39.411292+00:00
9945,0.761,2026-09-24T08:32:39.412774+00:00
9946,0.757,2026-09-24T08:32:39.413997+00:00
9947,0.953,2026-09-24T08:32:39.417855+00:00
9948,0.722,2026-09-24T08:32:39.419166+00:00
9949,0.665,2026-09-24T08:32:39.420393+00:00
9950,0.653,2026-09-24T08:32:39.421609+00:00
9951,0.6579999999999999,2026-09-24T08:32:39.422810+00:00
9952,0.653,2026-09-24T08:32:39.424054+00:00
9953,0.626,2026-09-24T08:32:39.425239+00:00
9954,0.607,2026-09-24T08:32:39.426362+00:00
9955,0.757,2026-09-24T08:32:39.427651+00:00
9956,0.757,2026-09-24T08:32:39.428922+00:00
9957,1.034,2026-09-24T08:32:39.430714+00:00
9958,1.306,2026-09-24T08:32:39.432853+00:00
9959,0.7929999999999999,2026-09-24T08:32:39.434299+00:00
9960,0.721,2026-09-24T08:32:39.435490+00:00
9961,0.619,2026-09-24T08:32:39.436552+00:00
9962,0.6489999999999999,2026-09-24T08:32:39.437994+00:00
9963,0.647,2026-09-24T08:32:39.439330+00:00
9964,0.5670000000000001,2026-09-24T08:32:39.440389+00:00
9965,0.592,2026-09-24T08:32:39.441443+00:00
9966,0.5950000000000001,2026-09-24T08:32:39.442506+00:00
9967,0.575,2026-09-24T08:32:39.443550+00:00
9968,0.5730000000000001,2026-09-24T08:32:39.444604+00:00
9969,0.549,2026-09-24T08:32:39.445632+00:00
9970,0.6849999999999999,2026-09-24T08:32:39.446829+00:00
9971,2.782,2026-09-24T08:32:39.450092+00:00
9972,1.229,2026-09-24T08:32:39.452232+00:00
9973,0.844,2026-09-24T08:32:39.453807+00:00
9974,0.739,2026-09-24T08:32:39.455274+00:00
9975,1.175,2026-09-24T08:32:39.457023+00:00
9976,0.757,2026-09-24T08:32:39.458195+00:00
9977,0.644,2026-09-24T08:32:39.459270+00:00
9978,0.53,2026-09-24T08:32:39.460229+00:00
9979,0.6579999999999999,2026-09-24T08:32:39.461380+00:00
9980,0.6679999999999999,2026-09-24T08:32:39.462673+00:00
9981,1.183,2026-09-24T08:32:39.464862+00:00
9982,0.761,2026-09-24T08:32:39.466237+00:00
9983,0.656,2026-09-24T08:32:39.467357+00:00
9984,0.6759999999999999,2026-09-24T08:32:39.468482+00:00
9985,0.623,2026-09-24T08:32:39.469586+00:00
9986,0.588,2026-09-24T08:32:39.470767+00:00
9987,0.87,2026-09-24T08:32:39.472496+00:00
9988,0.721,2026-09-24T08:32:39.473826+00:00
9989,0.588,2026-09-24T08:32:39.474926+00:00
9990,0.597,2026-09-24T08:32:39.476089+00:00
9991,0.5810000000000001,2026-09-24T08:32:39.477196+00:00
9992,0.559,2026-09-24T08:32:39.478361+00:00
9993,0.6970000000000001,2026-09-24T08:32:39.479607+00:00
9994,0.748,2026-09-24T08:32:39.480997+00:00
9995,0.816,2026-09-24T08:32:39.482330+00:00
9996,0.992,2026-09-24T08:32:39.483744+00:00
9997,0.8260000000000001,2026-09-24T08:32:39.484861+00:00
9998,0.912,2026-09-24T08:32:39.486397+00:00
9999,1.059,2026-09-24T08:32:39.488106+00:00
10000,0.771,2026-09-24T08:32:39.489490+00:00
10001,0.631,2026-09-24T08:32:39.490626+00:00
10002,0.6629999999999999,2026-09-24T08:32:39.492066+00:00
10003,0.639,2026-09-24T08:32:39.493308+00:00
10004,0.8270000000000001,2026-09-24T08:32:39.494647+00:00
10005,0.9840000000000001,2026-09-24T08:32:39.496176+00:00
10006,0.844,2026-09-24T08:32:39.497604+00:00
10007,0.736,2026-09-24T08:32:39.498896+00:00
10008,0.644,2026-09-24T08:32:39.500142+00:00
10009,0.6489999999999999,2026-09-24T08:32:39.501383+00:00
10010,0.73,2026-09-24T08:32:39.502689+00:00
