Linux 7.2.6-200.fc44.x86_64 (fedora.fritz.box) 	09/27/2026 	_x86_64_	(16 CPU)

avg-cpu:  %user   %nice %system %iowait  %steal   %idle
           0.49    0.04    0.50    1.84    0.00   97.13

Device            r/s     rkB/s   rrqm/s  %rrqm r_await rareq-sz     w/s     wkB/s   wrqm/s  %wrqm w_await wareq-sz     d/s     dkB/s   drqm/s  %drqm d_await dareq-sz     f/s f_await  aqu-sz  %util
nvme0n1         62.27   1815.05     8.43  11.92    1.49    29.15 1249.31  16064.19     0.18   0.01    0.46    12.86    0.37     32.68     0.00   0.00    2.19    87.96   96.21    1.99    0.86  29.32


avg-cpu:  %user   %nice %system %iowait  %steal   %idle
           1.06    0.06    1.00    1.74    0.00   96.14

Device            r/s     rkB/s   rrqm/s  %rrqm r_await rareq-sz     w/s     wkB/s   wrqm/s  %wrqm w_await wareq-sz     d/s     dkB/s   drqm/s  %drqm d_await dareq-sz     f/s f_await  aqu-sz  %util
nvme0n1          0.00      0.00     0.00   0.00    0.00     0.00 1173.00  14612.00     0.00   0.00    0.29    12.46    0.00      0.00     0.00   0.00    0.00     0.00  100.00    1.96    0.54  29.40


avg-cpu:  %user   %nice %system %iowait  %steal   %idle
           0.12    0.00    0.43    5.33    0.00   94.11

Device            r/s     rkB/s   rrqm/s  %rrqm r_await rareq-sz     w/s     wkB/s   wrqm/s  %wrqm w_await wareq-sz     d/s     dkB/s   drqm/s  %drqm d_await dareq-sz     f/s f_await  aqu-sz  %util
nvme0n1          0.00      0.00     0.00   0.00    0.00     0.00 3885.00  50200.00     0.00   0.00    0.27    12.92    0.00      0.00     0.00   0.00    0.00     0.00  299.00    1.95    1.62  87.30


avg-cpu:  %user   %nice %system %iowait  %steal   %idle
           0.25    0.00    0.62    5.27    0.00   93.86

Device            r/s     rkB/s   rrqm/s  %rrqm r_await rareq-sz     w/s     wkB/s   wrqm/s  %wrqm w_await wareq-sz     d/s     dkB/s   drqm/s  %drqm d_await dareq-sz     f/s f_await  aqu-sz  %util
nvme0n1          0.00      0.00     0.00   0.00    0.00     0.00 3911.00  50536.00     0.00   0.00    0.27    12.92    0.00      0.00     0.00   0.00    0.00     0.00  301.00    1.94    1.64  86.70


avg-cpu:  %user   %nice %system %iowait  %steal   %idle
           0.31    0.00    0.56    5.15    0.00   93.99

Device            r/s     rkB/s   rrqm/s  %rrqm r_await rareq-sz     w/s     wkB/s   wrqm/s  %wrqm w_await wareq-sz     d/s     dkB/s   drqm/s  %drqm d_await dareq-sz     f/s f_await  aqu-sz  %util
nvme0n1          0.00      0.00     0.00   0.00    0.00     0.00 3918.00  50688.00     0.00   0.00    0.27    12.94    0.00      0.00     0.00   0.00    0.00     0.00  300.00    1.94    1.63  85.70


avg-cpu:  %user   %nice %system %iowait  %steal   %idle
           0.19    0.00    0.50    5.20    0.00   94.12

Device            r/s     rkB/s   rrqm/s  %rrqm r_await rareq-sz     w/s     wkB/s   wrqm/s  %wrqm w_await wareq-sz     d/s     dkB/s   drqm/s  %drqm d_await dareq-sz     f/s f_await  aqu-sz  %util
nvme0n1          0.00      0.00     0.00   0.00    0.00     0.00 3892.00  50296.00     0.00   0.00    0.27    12.92    0.00      0.00     0.00   0.00    0.00     0.00  300.00    1.91    1.61  85.40


avg-cpu:  %user   %nice %system %iowait  %steal   %idle
           0.19    0.00    0.43    5.20    0.00   94.18

Device            r/s     rkB/s   rrqm/s  %rrqm r_await rareq-sz     w/s     wkB/s   wrqm/s  %wrqm w_await wareq-sz     d/s     dkB/s   drqm/s  %drqm d_await dareq-sz     f/s f_await  aqu-sz  %util
nvme0n1          0.00      0.00     0.00   0.00    0.00     0.00 3906.00  50496.00     0.00   0.00    0.27    12.93    0.00      0.00     0.00   0.00    0.00     0.00  300.00    1.95    1.63  86.60


avg-cpu:  %user   %nice %system %iowait  %steal   %idle
           0.12    0.00    0.62    5.20    0.00   94.05

Device            r/s     rkB/s   rrqm/s  %rrqm r_await rareq-sz     w/s     wkB/s   wrqm/s  %wrqm w_await wareq-sz     d/s     dkB/s   drqm/s  %drqm d_await dareq-sz     f/s f_await  aqu-sz  %util
nvme0n1          0.00      0.00     0.00   0.00    0.00     0.00 3904.00  50464.00     0.00   0.00    0.27    12.93    0.00      0.00     0.00   0.00    0.00     0.00  300.00    1.94    1.64  84.70


avg-cpu:  %user   %nice %system %iowait  %steal   %idle
           0.19    0.00    0.50    5.27    0.00   94.05

Device            r/s     rkB/s   rrqm/s  %rrqm r_await rareq-sz     w/s     wkB/s   wrqm/s  %wrqm w_await wareq-sz     d/s     dkB/s   drqm/s  %drqm d_await dareq-sz     f/s f_await  aqu-sz  %util
nvme0n1          0.00      0.00     0.00   0.00    0.00     0.00 3915.00  50656.00     0.00   0.00    0.27    12.94    0.00      0.00     0.00   0.00    0.00     0.00  299.00    1.99    1.65  86.10


avg-cpu:  %user   %nice %system %iowait  %steal   %idle
           0.25    0.00    0.50    5.39    0.00   93.87

Device            r/s     rkB/s   rrqm/s  %rrqm r_await rareq-sz     w/s     wkB/s   wrqm/s  %wrqm w_await wareq-sz     d/s     dkB/s   drqm/s  %drqm d_await dareq-sz     f/s f_await  aqu-sz  %util
nvme0n1          1.00      4.00     0.00   0.00    2.00     4.00 3900.00  50400.00     0.00   0.00    0.27    12.92    0.00      0.00     0.00   0.00    0.00     0.00  300.00    1.99    1.66  88.10


avg-cpu:  %user   %nice %system %iowait  %steal   %idle
           0.81    0.00    0.74    5.33    0.00   93.12

Device            r/s     rkB/s   rrqm/s  %rrqm r_await rareq-sz     w/s     wkB/s   wrqm/s  %wrqm w_await wareq-sz     d/s     dkB/s   drqm/s  %drqm d_await dareq-sz     f/s f_await  aqu-sz  %util
nvme0n1          0.00      0.00     0.00   0.00    0.00     0.00 3937.00  50952.00     0.00   0.00    0.27    12.94    0.00      0.00     0.00   0.00    0.00     0.00  301.00    1.99    1.67  88.60


avg-cpu:  %user   %nice %system %iowait  %steal   %idle
           0.31    0.00    0.56    5.39    0.00   93.74

Device            r/s     rkB/s   rrqm/s  %rrqm r_await rareq-sz     w/s     wkB/s   wrqm/s  %wrqm w_await wareq-sz     d/s     dkB/s   drqm/s  %drqm d_await dareq-sz     f/s f_await  aqu-sz  %util
nvme0n1          0.00      0.00     0.00   0.00    0.00     0.00 3939.00  50976.00     0.00   0.00    0.27    12.94    0.00      0.00     0.00   0.00    0.00     0.00  303.00    1.93    1.65  87.10


avg-cpu:  %user   %nice %system %iowait  %steal   %idle
           0.19    0.00    0.43    5.14    0.00   94.24

Device            r/s     rkB/s   rrqm/s  %rrqm r_await rareq-sz     w/s     wkB/s   wrqm/s  %wrqm w_await wareq-sz     d/s     dkB/s   drqm/s  %drqm d_await dareq-sz     f/s f_await  aqu-sz  %util
nvme0n1          0.00      0.00     0.00   0.00    0.00     0.00 3922.00  50728.00     0.00   0.00    0.27    12.93    0.00      0.00     0.00   0.00    0.00     0.00  300.00    1.95    1.63  85.00


avg-cpu:  %user   %nice %system %iowait  %steal   %idle
           0.25    0.00    0.43    5.39    0.00   93.93

Device            r/s     rkB/s   rrqm/s  %rrqm r_await rareq-sz     w/s     wkB/s   wrqm/s  %wrqm w_await wareq-sz     d/s     dkB/s   drqm/s  %drqm d_await dareq-sz     f/s f_await  aqu-sz  %util
nvme0n1          0.00      0.00     0.00   0.00    0.00     0.00 3888.00  50232.00     0.00   0.00    0.27    12.92    0.00      0.00     0.00   0.00    0.00     0.00  300.00    1.99    1.64  88.50


avg-cpu:  %user   %nice %system %iowait  %steal   %idle
           0.19    0.00    0.50    5.28    0.00   94.04

Device            r/s     rkB/s   rrqm/s  %rrqm r_await rareq-sz     w/s     wkB/s   wrqm/s  %wrqm w_await wareq-sz     d/s     dkB/s   drqm/s  %drqm d_await dareq-sz     f/s f_await  aqu-sz  %util
nvme0n1          0.00      0.00     0.00   0.00    0.00     0.00 3914.00  50600.00     0.00   0.00    0.27    12.93    0.00      0.00     0.00   0.00    0.00     0.00  300.00    1.98    1.65  86.60


avg-cpu:  %user   %nice %system %iowait  %steal   %idle
           0.12    0.00    0.56    5.21    0.00   94.10

Device            r/s     rkB/s   rrqm/s  %rrqm r_await rareq-sz     w/s     wkB/s   wrqm/s  %wrqm w_await wareq-sz     d/s     dkB/s   drqm/s  %drqm d_await dareq-sz     f/s f_await  aqu-sz  %util
nvme0n1          0.00      0.00     0.00   0.00    0.00     0.00 3912.00  50592.00     0.00   0.00    0.26    12.93    0.00      0.00     0.00   0.00    0.00     0.00  300.00    1.94    1.62  84.30


avg-cpu:  %user   %nice %system %iowait  %steal   %idle
           0.19    0.00    0.37    5.33    0.00   94.11

Device            r/s     rkB/s   rrqm/s  %rrqm r_await rareq-sz     w/s     wkB/s   wrqm/s  %wrqm w_await wareq-sz     d/s     dkB/s   drqm/s  %drqm d_await dareq-sz     f/s f_await  aqu-sz  %util
nvme0n1          0.00      0.00     0.00   0.00    0.00     0.00 3902.00  50432.00     0.00   0.00    0.26    12.92    0.00      0.00     0.00   0.00    0.00     0.00  300.00    1.94    1.61  87.40


avg-cpu:  %user   %nice %system %iowait  %steal   %idle
           0.12    0.00    0.50    5.28    0.00   94.10

Device            r/s     rkB/s   rrqm/s  %rrqm r_await rareq-sz     w/s     wkB/s   wrqm/s  %wrqm w_await wareq-sz     d/s     dkB/s   drqm/s  %drqm d_await dareq-sz     f/s f_await  aqu-sz  %util
nvme0n1          0.00      0.00     0.00   0.00    0.00     0.00 3896.00  50336.00     0.00   0.00    0.27    12.92    0.00      0.00     0.00   0.00    0.00     0.00  300.00    1.93    1.62  87.20


avg-cpu:  %user   %nice %system %iowait  %steal   %idle
           0.19    0.00    0.43    5.40    0.00   93.98

Device            r/s     rkB/s   rrqm/s  %rrqm r_await rareq-sz     w/s     wkB/s   wrqm/s  %wrqm w_await wareq-sz     d/s     dkB/s   drqm/s  %drqm d_await dareq-sz     f/s f_await  aqu-sz  %util
nvme0n1          0.00      0.00     0.00   0.00    0.00     0.00 3915.00  50624.00     0.00   0.00    0.27    12.93    0.00      0.00     0.00   0.00    0.00     0.00  301.00    2.00    1.66  88.50


avg-cpu:  %user   %nice %system %iowait  %steal   %idle
           0.12    0.00    0.50    5.34    0.00   94.04

Device            r/s     rkB/s   rrqm/s  %rrqm r_await rareq-sz     w/s     wkB/s   wrqm/s  %wrqm w_await wareq-sz     d/s     dkB/s   drqm/s  %drqm d_await dareq-sz     f/s f_await  aqu-sz  %util
nvme0n1          0.00      0.00     0.00   0.00    0.00     0.00 4133.00  51560.00     2.00   0.05    0.43    12.48    0.00      0.00     0.00   0.00    0.00     0.00  301.00    1.99    2.37  87.70


avg-cpu:  %user   %nice %system %iowait  %steal   %idle
           0.19    0.00    0.43    5.21    0.00   94.17

Device            r/s     rkB/s   rrqm/s  %rrqm r_await rareq-sz     w/s     wkB/s   wrqm/s  %wrqm w_await wareq-sz     d/s     dkB/s   drqm/s  %drqm d_await dareq-sz     f/s f_await  aqu-sz  %util
nvme0n1          0.00      0.00     0.00   0.00    0.00     0.00 3901.00  50456.00     0.00   0.00    0.27    12.93    0.00      0.00     0.00   0.00    0.00     0.00  299.00    1.91    1.60  85.10


avg-cpu:  %user   %nice %system %iowait  %steal   %idle
           0.19    0.00    0.43    5.21    0.00   94.17

Device            r/s     rkB/s   rrqm/s  %rrqm r_await rareq-sz     w/s     wkB/s   wrqm/s  %wrqm w_await wareq-sz     d/s     dkB/s   drqm/s  %drqm d_await dareq-sz     f/s f_await  aqu-sz  %util
nvme0n1          0.00      0.00     0.00   0.00    0.00     0.00 3910.00  50560.00     0.00   0.00    0.26    12.93    0.00      0.00     0.00   0.00    0.00     0.00  300.00    1.93    1.61  86.70


avg-cpu:  %user   %nice %system %iowait  %steal   %idle
           0.19    0.00    0.50    5.21    0.00   94.10

Device            r/s     rkB/s   rrqm/s  %rrqm r_await rareq-sz     w/s     wkB/s   wrqm/s  %wrqm w_await wareq-sz     d/s     dkB/s   drqm/s  %drqm d_await dareq-sz     f/s f_await  aqu-sz  %util
nvme0n1          0.00      0.00     0.00   0.00    0.00     0.00 3917.00  50632.00     0.00   0.00    0.26    12.93    0.00      0.00     0.00   0.00    0.00     0.00  301.00    1.91    1.60  85.20


avg-cpu:  %user   %nice %system %iowait  %steal   %idle
           0.12    0.00    0.37    6.76    0.00   92.74

Device            r/s     rkB/s   rrqm/s  %rrqm r_await rareq-sz     w/s     wkB/s   wrqm/s  %wrqm w_await wareq-sz     d/s     dkB/s   drqm/s  %drqm d_await dareq-sz     f/s f_await  aqu-sz  %util
nvme0n1          0.00      0.00     0.00   0.00    0.00     0.00 3553.00  45896.00     0.00   0.00    0.30    12.92   79.00   3796.00     0.00   0.00    2.46    48.05  275.00    1.96    1.81  92.40


avg-cpu:  %user   %nice %system %iowait  %steal   %idle
           0.19    0.00    0.37    5.39    0.00   94.06

Device            r/s     rkB/s   rrqm/s  %rrqm r_await rareq-sz     w/s     wkB/s   wrqm/s  %wrqm w_await wareq-sz     d/s     dkB/s   drqm/s  %drqm d_await dareq-sz     f/s f_await  aqu-sz  %util
nvme0n1          0.00      0.00     0.00   0.00    0.00     0.00 4035.00  52176.00     0.00   0.00    0.26    12.93    0.00      0.00     0.00   0.00    0.00     0.00  309.00    1.91    1.65  88.50


avg-cpu:  %user   %nice %system %iowait  %steal   %idle
           0.12    0.00    0.50    5.27    0.00   94.11

Device            r/s     rkB/s   rrqm/s  %rrqm r_await rareq-sz     w/s     wkB/s   wrqm/s  %wrqm w_await wareq-sz     d/s     dkB/s   drqm/s  %drqm d_await dareq-sz     f/s f_await  aqu-sz  %util
nvme0n1          0.00      0.00     0.00   0.00    0.00     0.00 3904.00  50464.00     0.00   0.00    0.27    12.93    0.00      0.00     0.00   0.00    0.00     0.00  300.00    1.95    1.63  86.40


avg-cpu:  %user   %nice %system %iowait  %steal   %idle
           0.12    0.00    0.43    5.28    0.00   94.16

Device            r/s     rkB/s   rrqm/s  %rrqm r_await rareq-sz     w/s     wkB/s   wrqm/s  %wrqm w_await wareq-sz     d/s     dkB/s   drqm/s  %drqm d_await dareq-sz     f/s f_await  aqu-sz  %util
nvme0n1          0.00      0.00     0.00   0.00    0.00     0.00 3916.00  50616.00     0.00   0.00    0.27    12.93    0.00      0.00     0.00   0.00    0.00     0.00  301.00    1.97    1.64  86.00


avg-cpu:  %user   %nice %system %iowait  %steal   %idle
           0.19    0.00    0.56    5.40    0.00   93.85

Device            r/s     rkB/s   rrqm/s  %rrqm r_await rareq-sz     w/s     wkB/s   wrqm/s  %wrqm w_await wareq-sz     d/s     dkB/s   drqm/s  %drqm d_await dareq-sz     f/s f_await  aqu-sz  %util
nvme0n1          2.00     32.00     0.00   0.00    1.00    16.00 4838.00  65412.00     1.00   0.02    0.87    13.52    0.00      0.00     0.00   0.00    0.00     0.00  299.00    2.03    4.81  89.90


avg-cpu:  %user   %nice %system %iowait  %steal   %idle
           0.19    0.00    0.75    5.22    0.00   93.84

Device            r/s     rkB/s   rrqm/s  %rrqm r_await rareq-sz     w/s     wkB/s   wrqm/s  %wrqm w_await wareq-sz     d/s     dkB/s   drqm/s  %drqm d_await dareq-sz     f/s f_await  aqu-sz  %util
nvme0n1          5.00     80.00     0.00   0.00    1.60    16.00 5471.00  75708.00     0.00   0.00    2.69    13.84    0.00      0.00     0.00   0.00    0.00     0.00  296.00    1.90   15.27  84.60


avg-cpu:  %user   %nice %system %iowait  %steal   %idle
           0.12    0.00    0.37    5.23    0.00   94.28

Device            r/s     rkB/s   rrqm/s  %rrqm r_await rareq-sz     w/s     wkB/s   wrqm/s  %wrqm w_await wareq-sz     d/s     dkB/s   drqm/s  %drqm d_await dareq-sz     f/s f_await  aqu-sz  %util
nvme0n1          0.00      0.00     0.00   0.00    0.00     0.00 2390.00  26268.00     0.00   0.00    0.37    10.99    0.00      0.00     0.00   0.00    0.00     0.00  299.00    1.88    1.44  84.30


avg-cpu:  %user   %nice %system %iowait  %steal   %idle
           0.19    0.00    0.37    5.15    0.00   94.29

Device            r/s     rkB/s   rrqm/s  %rrqm r_await rareq-sz     w/s     wkB/s   wrqm/s  %wrqm w_await wareq-sz     d/s     dkB/s   drqm/s  %drqm d_await dareq-sz     f/s f_await  aqu-sz  %util
nvme0n1          0.00      0.00     0.00   0.00    0.00     0.00 3069.00  37116.00     0.00   0.00    0.31    12.09    0.00      0.00     0.00   0.00    0.00     0.00  300.00    1.89    1.51  84.10


avg-cpu:  %user   %nice %system %iowait  %steal   %idle
           0.12    0.00    0.50    5.10    0.00   94.28

Device            r/s     rkB/s   rrqm/s  %rrqm r_await rareq-sz     w/s     wkB/s   wrqm/s  %wrqm w_await wareq-sz     d/s     dkB/s   drqm/s  %drqm d_await dareq-sz     f/s f_await  aqu-sz  %util
nvme0n1          0.00      0.00     0.00   0.00    0.00     0.00 3302.00  40760.00     0.00   0.00    0.29    12.34    0.00      0.00     0.00   0.00    0.00     0.00  300.00    1.88    1.52  83.10


avg-cpu:  %user   %nice %system %iowait  %steal   %idle
           0.19    0.00    0.37    5.22    0.00   94.22

Device            r/s     rkB/s   rrqm/s  %rrqm r_await rareq-sz     w/s     wkB/s   wrqm/s  %wrqm w_await wareq-sz     d/s     dkB/s   drqm/s  %drqm d_await dareq-sz     f/s f_await  aqu-sz  %util
nvme0n1          0.00      0.00     0.00   0.00    0.00     0.00 3446.00  43136.00     0.00   0.00    0.39    12.52    0.00      0.00     0.00   0.00    0.00     0.00  300.00    1.91    1.90  84.80


avg-cpu:  %user   %nice %system %iowait  %steal   %idle
           0.12    0.00    0.56    5.27    0.00   94.05

Device            r/s     rkB/s   rrqm/s  %rrqm r_await rareq-sz     w/s     wkB/s   wrqm/s  %wrqm w_await wareq-sz     d/s     dkB/s   drqm/s  %drqm d_await dareq-sz     f/s f_await  aqu-sz  %util
nvme0n1          0.00      0.00     0.00   0.00    0.00     0.00 3904.00  50492.00     0.00   0.00    0.27    12.93    0.00      0.00     0.00   0.00    0.00     0.00  299.00    1.88    1.60  85.90


avg-cpu:  %user   %nice %system %iowait  %steal   %idle
           0.25    0.00    0.31    5.28    0.00   94.16

Device            r/s     rkB/s   rrqm/s  %rrqm r_await rareq-sz     w/s     wkB/s   wrqm/s  %wrqm w_await wareq-sz     d/s     dkB/s   drqm/s  %drqm d_await dareq-sz     f/s f_await  aqu-sz  %util
nvme0n1          0.00      0.00     0.00   0.00    0.00     0.00 3908.00  50528.00     0.00   0.00    0.27    12.93    0.00      0.00     0.00   0.00    0.00     0.00  300.00    1.94    1.63  86.40


avg-cpu:  %user   %nice %system %iowait  %steal   %idle
           0.12    0.00    0.56    5.21    0.00   94.11

Device            r/s     rkB/s   rrqm/s  %rrqm r_await rareq-sz     w/s     wkB/s   wrqm/s  %wrqm w_await wareq-sz     d/s     dkB/s   drqm/s  %drqm d_await dareq-sz     f/s f_await  aqu-sz  %util
nvme0n1          0.00      0.00     0.00   0.00    0.00     0.00 3908.00  50528.00     0.00   0.00    0.27    12.93    0.00      0.00     0.00   0.00    0.00     0.00  300.00    1.93    1.64  85.70


avg-cpu:  %user   %nice %system %iowait  %steal   %idle
           0.25    0.00    0.44    5.23    0.00   94.09

Device            r/s     rkB/s   rrqm/s  %rrqm r_await rareq-sz     w/s     wkB/s   wrqm/s  %wrqm w_await wareq-sz     d/s     dkB/s   drqm/s  %drqm d_await dareq-sz     f/s f_await  aqu-sz  %util
nvme0n1          0.00      0.00     0.00   0.00    0.00     0.00 3909.00  50584.00     0.00   0.00    0.27    12.94    0.00      0.00     0.00   0.00    0.00     0.00  299.00    1.91    1.62  85.40


avg-cpu:  %user   %nice %system %iowait  %steal   %idle
           0.12    0.00    0.50    5.40    0.00   93.98

Device            r/s     rkB/s   rrqm/s  %rrqm r_await rareq-sz     w/s     wkB/s   wrqm/s  %wrqm w_await wareq-sz     d/s     dkB/s   drqm/s  %drqm d_await dareq-sz     f/s f_await  aqu-sz  %util
nvme0n1          0.00      0.00     0.00   0.00    0.00     0.00 3908.00  50500.00     0.00   0.00    0.27    12.92    0.00      0.00     0.00   0.00    0.00     0.00  301.00    1.99    1.67  88.60


avg-cpu:  %user   %nice %system %iowait  %steal   %idle
           0.25    0.00    0.31    5.44    0.00   94.01

Device            r/s     rkB/s   rrqm/s  %rrqm r_await rareq-sz     w/s     wkB/s   wrqm/s  %wrqm w_await wareq-sz     d/s     dkB/s   drqm/s  %drqm d_await dareq-sz     f/s f_await  aqu-sz  %util
nvme0n1          0.00      0.00     0.00   0.00    0.00     0.00 3908.00  50528.00     0.00   0.00    0.28    12.93    0.00      0.00     0.00   0.00    0.00     0.00  300.00    1.99    1.67  89.80


avg-cpu:  %user   %nice %system %iowait  %steal   %idle
           0.19    0.00    0.50    5.46    0.00   93.86

Device            r/s     rkB/s   rrqm/s  %rrqm r_await rareq-sz     w/s     wkB/s   wrqm/s  %wrqm w_await wareq-sz     d/s     dkB/s   drqm/s  %drqm d_await dareq-sz     f/s f_await  aqu-sz  %util
nvme0n1          0.00      0.00     0.00   0.00    0.00     0.00 3923.00  50756.00     0.00   0.00    0.27    12.94    0.00      0.00     0.00   0.00    0.00     0.00  300.00    1.96    1.66  89.40


avg-cpu:  %user   %nice %system %iowait  %steal   %idle
           0.12    0.00    0.44    5.34    0.00   94.10

Device            r/s     rkB/s   rrqm/s  %rrqm r_await rareq-sz     w/s     wkB/s   wrqm/s  %wrqm w_await wareq-sz     d/s     dkB/s   drqm/s  %drqm d_await dareq-sz     f/s f_await  aqu-sz  %util
nvme0n1          0.00      0.00     0.00   0.00    0.00     0.00 3874.00  50064.00     0.00   0.00    0.27    12.92    0.00      0.00     0.00   0.00    0.00     0.00  298.00    1.98    1.65  88.10


avg-cpu:  %user   %nice %system %iowait  %steal   %idle
           0.12    0.00    0.49    5.38    0.00   94.00

Device            r/s     rkB/s   rrqm/s  %rrqm r_await rareq-sz     w/s     wkB/s   wrqm/s  %wrqm w_await wareq-sz     d/s     dkB/s   drqm/s  %drqm d_await dareq-sz     f/s f_await  aqu-sz  %util
nvme0n1          0.00      0.00     0.00   0.00    0.00     0.00 3936.00  50928.00     0.00   0.00    0.27    12.94    0.00      0.00     0.00   0.00    0.00     0.00  301.00    1.95    1.66  88.30


avg-cpu:  %user   %nice %system %iowait  %steal   %idle
           0.12    0.00    0.43    5.39    0.00   94.05

Device            r/s     rkB/s   rrqm/s  %rrqm r_await rareq-sz     w/s     wkB/s   wrqm/s  %wrqm w_await wareq-sz     d/s     dkB/s   drqm/s  %drqm d_await dareq-sz     f/s f_await  aqu-sz  %util
nvme0n1          0.00      0.00     0.00   0.00    0.00     0.00 3908.00  50528.00     0.00   0.00    0.28    12.93    0.00      0.00     0.00   0.00    0.00     0.00  300.00    2.01    1.68  88.10


avg-cpu:  %user   %nice %system %iowait  %steal   %idle
           0.19    0.00    0.56    5.27    0.00   93.99

Device            r/s     rkB/s   rrqm/s  %rrqm r_await rareq-sz     w/s     wkB/s   wrqm/s  %wrqm w_await wareq-sz     d/s     dkB/s   drqm/s  %drqm d_await dareq-sz     f/s f_await  aqu-sz  %util
nvme0n1          0.00      0.00     0.00   0.00    0.00     0.00 3936.00  50976.00     0.00   0.00    0.27    12.95    0.00      0.00     0.00   0.00    0.00     0.00  300.00    1.90    1.63  87.00


avg-cpu:  %user   %nice %system %iowait  %steal   %idle
           0.12    0.00    0.43    5.15    0.00   94.30

Device            r/s     rkB/s   rrqm/s  %rrqm r_await rareq-sz     w/s     wkB/s   wrqm/s  %wrqm w_await wareq-sz     d/s     dkB/s   drqm/s  %drqm d_await dareq-sz     f/s f_await  aqu-sz  %util
nvme0n1          0.00      0.00     0.00   0.00    0.00     0.00 3926.00  50816.00     0.00   0.00    0.27    12.94    0.00      0.00     0.00   0.00    0.00     0.00  300.00    1.88    1.61  84.60


avg-cpu:  %user   %nice %system %iowait  %steal   %idle
           0.25    0.00    0.68    5.31    0.00   93.76

Device            r/s     rkB/s   rrqm/s  %rrqm r_await rareq-sz     w/s     wkB/s   wrqm/s  %wrqm w_await wareq-sz     d/s     dkB/s   drqm/s  %drqm d_await dareq-sz     f/s f_await  aqu-sz  %util
nvme0n1          0.00      0.00     0.00   0.00    0.00     0.00 3908.00  50528.00     0.00   0.00    0.27    12.93    0.00      0.00     0.00   0.00    0.00     0.00  300.00    2.00    1.67  88.00


avg-cpu:  %user   %nice %system %iowait  %steal   %idle
           0.19    0.00    0.43    5.27    0.00   94.11

Device            r/s     rkB/s   rrqm/s  %rrqm r_await rareq-sz     w/s     wkB/s   wrqm/s  %wrqm w_await wareq-sz     d/s     dkB/s   drqm/s  %drqm d_await dareq-sz     f/s f_await  aqu-sz  %util
nvme0n1          0.00      0.00     0.00   0.00    0.00     0.00 3900.00  50400.00     0.00   0.00    0.27    12.92    0.00      0.00     0.00   0.00    0.00     0.00  300.00    1.95    1.64  86.30


avg-cpu:  %user   %nice %system %iowait  %steal   %idle
           0.19    0.00    0.37    5.46    0.00   93.98

Device            r/s     rkB/s   rrqm/s  %rrqm r_await rareq-sz     w/s     wkB/s   wrqm/s  %wrqm w_await wareq-sz     d/s     dkB/s   drqm/s  %drqm d_await dareq-sz     f/s f_await  aqu-sz  %util
nvme0n1          0.00      0.00     0.00   0.00    0.00     0.00 3905.00  50464.00     0.00   0.00    0.27    12.92    0.00      0.00     0.00   0.00    0.00     0.00  301.00    1.96    1.66  88.80


avg-cpu:  %user   %nice %system %iowait  %steal   %idle
           0.06    0.00    0.50    5.33    0.00   94.11

Device            r/s     rkB/s   rrqm/s  %rrqm r_await rareq-sz     w/s     wkB/s   wrqm/s  %wrqm w_await wareq-sz     d/s     dkB/s   drqm/s  %drqm d_await dareq-sz     f/s f_await  aqu-sz  %util
nvme0n1          0.00      0.00     0.00   0.00    0.00     0.00 3915.00  50656.00     0.00   0.00    0.27    12.94    0.00      0.00     0.00   0.00    0.00     0.00  299.00    1.93    1.64  87.60


avg-cpu:  %user   %nice %system %iowait  %steal   %idle
           0.19    0.00    0.43    5.15    0.00   94.23

Device            r/s     rkB/s   rrqm/s  %rrqm r_await rareq-sz     w/s     wkB/s   wrqm/s  %wrqm w_await wareq-sz     d/s     dkB/s   drqm/s  %drqm d_await dareq-sz     f/s f_await  aqu-sz  %util
nvme0n1          0.00      0.00     0.00   0.00    0.00     0.00 3902.00  50456.00     0.00   0.00    0.27    12.93    0.00      0.00     0.00   0.00    0.00     0.00  300.00    1.89    1.62  84.40


avg-cpu:  %user   %nice %system %iowait  %steal   %idle
           0.12    0.00    0.56    5.26    0.00   94.06

Device            r/s     rkB/s   rrqm/s  %rrqm r_await rareq-sz     w/s     wkB/s   wrqm/s  %wrqm w_await wareq-sz     d/s     dkB/s   drqm/s  %drqm d_await dareq-sz     f/s f_await  aqu-sz  %util
nvme0n1          0.00      0.00     0.00   0.00    0.00     0.00 3931.00  50912.00     0.00   0.00    0.27    12.95    0.00      0.00     0.00   0.00    0.00     0.00  299.00    1.96    1.65  87.10


avg-cpu:  %user   %nice %system %iowait  %steal   %idle
           0.19    0.00    0.43    5.45    0.00   93.93

Device            r/s     rkB/s   rrqm/s  %rrqm r_await rareq-sz     w/s     wkB/s   wrqm/s  %wrqm w_await wareq-sz     d/s     dkB/s   drqm/s  %drqm d_await dareq-sz     f/s f_await  aqu-sz  %util
nvme0n1          0.00      0.00     0.00   0.00    0.00     0.00 3920.00  50720.00     0.00   0.00    0.27    12.94    0.00      0.00     0.00   0.00    0.00     0.00  300.00    1.98    1.67  89.80


avg-cpu:  %user   %nice %system %iowait  %steal   %idle
           0.19    0.00    0.62    5.27    0.00   93.93

Device            r/s     rkB/s   rrqm/s  %rrqm r_await rareq-sz     w/s     wkB/s   wrqm/s  %wrqm w_await wareq-sz     d/s     dkB/s   drqm/s  %drqm d_await dareq-sz     f/s f_await  aqu-sz  %util
nvme0n1          0.00      0.00     0.00   0.00    0.00     0.00 3902.00  50432.00     0.00   0.00    0.27    12.92    0.00      0.00     0.00   0.00    0.00     0.00  300.00    1.95    1.65  87.50


avg-cpu:  %user   %nice %system %iowait  %steal   %idle
           0.25    0.00    0.43    5.07    0.00   94.25

Device            r/s     rkB/s   rrqm/s  %rrqm r_await rareq-sz     w/s     wkB/s   wrqm/s  %wrqm w_await wareq-sz     d/s     dkB/s   drqm/s  %drqm d_await dareq-sz     f/s f_await  aqu-sz  %util
nvme0n1          0.00      0.00     0.00   0.00    0.00     0.00 3906.00  50496.00     0.00   0.00    0.27    12.93    0.00      0.00     0.00   0.00    0.00     0.00  300.00    1.87    1.60  83.90


avg-cpu:  %user   %nice %system %iowait  %steal   %idle
           0.12    0.00    0.43    5.21    0.00   94.23

Device            r/s     rkB/s   rrqm/s  %rrqm r_await rareq-sz     w/s     wkB/s   wrqm/s  %wrqm w_await wareq-sz     d/s     dkB/s   drqm/s  %drqm d_await dareq-sz     f/s f_await  aqu-sz  %util
nvme0n1          0.00      0.00     0.00   0.00    0.00     0.00 3906.00  50496.00     0.00   0.00    0.27    12.93    0.00      0.00     0.00   0.00    0.00     0.00  300.00    1.89    1.61  85.70


avg-cpu:  %user   %nice %system %iowait  %steal   %idle
           0.19    0.00    0.50    5.45    0.00   93.87

Device            r/s     rkB/s   rrqm/s  %rrqm r_await rareq-sz     w/s     wkB/s   wrqm/s  %wrqm w_await wareq-sz     d/s     dkB/s   drqm/s  %drqm d_await dareq-sz     f/s f_await  aqu-sz  %util
nvme0n1          0.00      0.00     0.00   0.00    0.00     0.00 3904.00  50464.00     0.00   0.00    0.28    12.93    0.00      0.00     0.00   0.00    0.00     0.00  300.00    1.98    1.69  88.90


avg-cpu:  %user   %nice %system %iowait  %steal   %idle
           0.25    0.00    0.37    5.28    0.00   94.10

Device            r/s     rkB/s   rrqm/s  %rrqm r_await rareq-sz     w/s     wkB/s   wrqm/s  %wrqm w_await wareq-sz     d/s     dkB/s   drqm/s  %drqm d_await dareq-sz     f/s f_await  aqu-sz  %util
nvme0n1          0.00      0.00     0.00   0.00    0.00     0.00 3918.00  50688.00     0.00   0.00    0.27    12.94    0.00      0.00     0.00   0.00    0.00     0.00  300.00    1.96    1.65  86.90


avg-cpu:  %user   %nice %system %iowait  %steal   %idle
           0.19    0.00    0.43    5.34    0.00   94.04

Device            r/s     rkB/s   rrqm/s  %rrqm r_await rareq-sz     w/s     wkB/s   wrqm/s  %wrqm w_await wareq-sz     d/s     dkB/s   drqm/s  %drqm d_await dareq-sz     f/s f_await  aqu-sz  %util
nvme0n1          0.00      0.00     0.00   0.00    0.00     0.00 3917.00  50632.00     0.00   0.00    0.27    12.93    0.00      0.00     0.00   0.00    0.00     0.00  301.00    1.95    1.65  87.00


avg-cpu:  %user   %nice %system %iowait  %steal   %idle
           0.19    0.00    0.74    5.15    0.00   93.92

Device            r/s     rkB/s   rrqm/s  %rrqm r_await rareq-sz     w/s     wkB/s   wrqm/s  %wrqm w_await wareq-sz     d/s     dkB/s   drqm/s  %drqm d_await dareq-sz     f/s f_await  aqu-sz  %util
nvme0n1          6.00     96.00     0.00   0.00    1.17    16.00 5839.00  81732.00     0.00   0.00    3.45    14.00    0.00      0.00     0.00   0.00    0.00     0.00  292.00    1.90   20.73  84.80


avg-cpu:  %user   %nice %system %iowait  %steal   %idle
           0.19    0.00    0.31    5.15    0.00   94.35

Device            r/s     rkB/s   rrqm/s  %rrqm r_await rareq-sz     w/s     wkB/s   wrqm/s  %wrqm w_await wareq-sz     d/s     dkB/s   drqm/s  %drqm d_await dareq-sz     f/s f_await  aqu-sz  %util
nvme0n1          0.00      0.00     0.00   0.00    0.00     0.00 2204.00  23288.00     0.00   0.00    0.39    10.57    0.00      0.00     0.00   0.00    0.00     0.00  300.00    1.87    1.42  83.90


avg-cpu:  %user   %nice %system %iowait  %steal   %idle
           0.12    0.00    0.56    5.21    0.00   94.11

Device            r/s     rkB/s   rrqm/s  %rrqm r_await rareq-sz     w/s     wkB/s   wrqm/s  %wrqm w_await wareq-sz     d/s     dkB/s   drqm/s  %drqm d_await dareq-sz     f/s f_await  aqu-sz  %util
nvme0n1          0.00      0.00     0.00   0.00    0.00     0.00 3014.00  36200.00     0.00   0.00    0.31    12.01    0.00      0.00     0.00   0.00    0.00     0.00  300.00    1.89    1.50  85.50


avg-cpu:  %user   %nice %system %iowait  %steal   %idle
           0.12    0.00    0.37    5.15    0.00   94.36

Device            r/s     rkB/s   rrqm/s  %rrqm r_await rareq-sz     w/s     wkB/s   wrqm/s  %wrqm w_await wareq-sz     d/s     dkB/s   drqm/s  %drqm d_await dareq-sz     f/s f_await  aqu-sz  %util
nvme0n1          0.00      0.00     0.00   0.00    0.00     0.00 3206.00  39296.00     0.00   0.00    0.30    12.26    0.00      0.00     0.00   0.00    0.00     0.00  300.00    1.90    1.53  84.60


avg-cpu:  %user   %nice %system %iowait  %steal   %idle
           0.19    0.00    0.50    5.15    0.00   94.17

Device            r/s     rkB/s   rrqm/s  %rrqm r_await rareq-sz     w/s     wkB/s   wrqm/s  %wrqm w_await wareq-sz     d/s     dkB/s   drqm/s  %drqm d_await dareq-sz     f/s f_await  aqu-sz  %util
nvme0n1          0.00      0.00     0.00   0.00    0.00     0.00 3466.00  43432.00     0.00   0.00    0.29    12.53    0.00      0.00     0.00   0.00    0.00     0.00  300.00    1.92    1.58  84.80


avg-cpu:  %user   %nice %system %iowait  %steal   %idle
           0.19    0.00    0.43    5.22    0.00   94.16

Device            r/s     rkB/s   rrqm/s  %rrqm r_await rareq-sz     w/s     wkB/s   wrqm/s  %wrqm w_await wareq-sz     d/s     dkB/s   drqm/s  %drqm d_await dareq-sz     f/s f_await  aqu-sz  %util
nvme0n1          0.00      0.00     0.00   0.00    0.00     0.00 4062.00  52992.00     0.00   0.00    0.34    13.05    0.00      0.00     0.00   0.00    0.00     0.00  300.00    1.94    1.96  85.80


avg-cpu:  %user   %nice %system %iowait  %steal   %idle
           0.25    0.00    0.43    5.14    0.00   94.18

Device            r/s     rkB/s   rrqm/s  %rrqm r_await rareq-sz     w/s     wkB/s   wrqm/s  %wrqm w_await wareq-sz     d/s     dkB/s   drqm/s  %drqm d_await dareq-sz     f/s f_await  aqu-sz  %util
nvme0n1          0.00      0.00     0.00   0.00    0.00     0.00 3915.00  50628.00     0.00   0.00    0.27    12.93    0.00      0.00     0.00   0.00    0.00     0.00  300.00    1.95    1.64  84.30


avg-cpu:  %user   %nice %system %iowait  %steal   %idle
           0.12    0.00    0.44    5.28    0.00   94.16

Device            r/s     rkB/s   rrqm/s  %rrqm r_await rareq-sz     w/s     wkB/s   wrqm/s  %wrqm w_await wareq-sz     d/s     dkB/s   drqm/s  %drqm d_await dareq-sz     f/s f_await  aqu-sz  %util
nvme0n1          0.00      0.00     0.00   0.00    0.00     0.00 3897.00  50364.00     0.00   0.00    0.27    12.92    0.00      0.00     0.00   0.00    0.00     0.00  300.00    1.98    1.66  86.50


avg-cpu:  %user   %nice %system %iowait  %steal   %idle
           0.31    0.00    0.50    5.33    0.00   93.87

Device            r/s     rkB/s   rrqm/s  %rrqm r_await rareq-sz     w/s     wkB/s   wrqm/s  %wrqm w_await wareq-sz     d/s     dkB/s   drqm/s  %drqm d_await dareq-sz     f/s f_await  aqu-sz  %util
nvme0n1          0.00      0.00     0.00   0.00    0.00     0.00 3902.00  50460.00     0.00   0.00    0.27    12.93    0.00      0.00     0.00   0.00    0.00     0.00  299.00    1.97    1.66  86.80


avg-cpu:  %user   %nice %system %iowait  %steal   %idle
           0.12    0.00    0.50    5.22    0.00   94.15

Device            r/s     rkB/s   rrqm/s  %rrqm r_await rareq-sz     w/s     wkB/s   wrqm/s  %wrqm w_await wareq-sz     d/s     dkB/s   drqm/s  %drqm d_await dareq-sz     f/s f_await  aqu-sz  %util
nvme0n1          0.00      0.00     0.00   0.00    0.00     0.00 3911.00  50536.00     0.00   0.00    0.27    12.92    0.00      0.00     0.00   0.00    0.00     0.00  301.00    1.95    1.65  86.40


avg-cpu:  %user   %nice %system %iowait  %steal   %idle
           0.31    0.00    0.50    5.22    0.00   93.98

Device            r/s     rkB/s   rrqm/s  %rrqm r_await rareq-sz     w/s     wkB/s   wrqm/s  %wrqm w_await wareq-sz     d/s     dkB/s   drqm/s  %drqm d_await dareq-sz     f/s f_await  aqu-sz  %util
nvme0n1          0.00      0.00     0.00   0.00    0.00     0.00 3892.00  50300.00     0.00   0.00    0.28    12.92    0.00      0.00     0.00   0.00    0.00     0.00  299.00    2.01    1.68  86.70


avg-cpu:  %user   %nice %system %iowait  %steal   %idle
           0.12    0.00    0.43    5.15    0.00   94.30

Device            r/s     rkB/s   rrqm/s  %rrqm r_await rareq-sz     w/s     wkB/s   wrqm/s  %wrqm w_await wareq-sz     d/s     dkB/s   drqm/s  %drqm d_await dareq-sz     f/s f_await  aqu-sz  %util
nvme0n1          0.00      0.00     0.00   0.00    0.00     0.00 3907.00  50500.00     0.00   0.00    0.27    12.93    0.00      0.00     0.00   0.00    0.00     0.00  300.00    1.89    1.61  84.80


avg-cpu:  %user   %nice %system %iowait  %steal   %idle
           0.19    0.00    0.50    5.52    0.00   93.80

Device            r/s     rkB/s   rrqm/s  %rrqm r_await rareq-sz     w/s     wkB/s   wrqm/s  %wrqm w_await wareq-sz     d/s     dkB/s   drqm/s  %drqm d_await dareq-sz     f/s f_await  aqu-sz  %util
nvme0n1          0.00      0.00     0.00   0.00    0.00     0.00 3935.00  50888.00     0.00   0.00    0.28    12.93    0.00      0.00     0.00   0.00    0.00     0.00  303.00    2.01    1.71  89.10


avg-cpu:  %user   %nice %system %iowait  %steal   %idle
           0.06    0.00    0.43    5.52    0.00   93.98

Device            r/s     rkB/s   rrqm/s  %rrqm r_await rareq-sz     w/s     wkB/s   wrqm/s  %wrqm w_await wareq-sz     d/s     dkB/s   drqm/s  %drqm d_await dareq-sz     f/s f_await  aqu-sz  %util
nvme0n1          0.00      0.00     0.00   0.00    0.00     0.00 3902.00  50432.00     0.00   0.00    0.28    12.92    0.00      0.00     0.00   0.00    0.00     0.00  300.00    2.05    1.71  91.10


avg-cpu:  %user   %nice %system %iowait  %steal   %idle
           0.19    0.00    0.49    5.50    0.00   93.82

Device            r/s     rkB/s   rrqm/s  %rrqm r_await rareq-sz     w/s     wkB/s   wrqm/s  %wrqm w_await wareq-sz     d/s     dkB/s   drqm/s  %drqm d_await dareq-sz     f/s f_await  aqu-sz  %util
nvme0n1          0.00      0.00     0.00   0.00    0.00     0.00 3908.00  50528.00     0.00   0.00    0.27    12.93    0.00      0.00     0.00   0.00    0.00     0.00  300.00    2.02    1.68  90.40


avg-cpu:  %user   %nice %system %iowait  %steal   %idle
           0.12    0.00    0.43    5.37    0.00   94.07

Device            r/s     rkB/s   rrqm/s  %rrqm r_await rareq-sz     w/s     wkB/s   wrqm/s  %wrqm w_await wareq-sz     d/s     dkB/s   drqm/s  %drqm d_await dareq-sz     f/s f_await  aqu-sz  %util
nvme0n1          0.00      0.00     0.00   0.00    0.00     0.00 3902.00  50432.00     0.00   0.00    0.27    12.92    0.00      0.00     0.00   0.00    0.00     0.00  300.00    1.98    1.66  89.10


avg-cpu:  %user   %nice %system %iowait  %steal   %idle
           0.19    0.00    0.43    5.71    0.00   93.67

Device            r/s     rkB/s   rrqm/s  %rrqm r_await rareq-sz     w/s     wkB/s   wrqm/s  %wrqm w_await wareq-sz     d/s     dkB/s   drqm/s  %drqm d_await dareq-sz     f/s f_await  aqu-sz  %util
nvme0n1          0.00      0.00     0.00   0.00    0.00     0.00 3901.00  50432.00     0.00   0.00    0.28    12.93    0.00      0.00     0.00   0.00    0.00     0.00  299.00    2.07    1.71  92.00


avg-cpu:  %user   %nice %system %iowait  %steal   %idle
           0.19    0.00    0.37    5.41    0.00   94.03

Device            r/s     rkB/s   rrqm/s  %rrqm r_await rareq-sz     w/s     wkB/s   wrqm/s  %wrqm w_await wareq-sz     d/s     dkB/s   drqm/s  %drqm d_await dareq-sz     f/s f_await  aqu-sz  %util
nvme0n1          0.00      0.00     0.00   0.00    0.00     0.00 3915.00  50600.00     0.00   0.00    0.27    12.92    0.00      0.00     0.00   0.00    0.00     0.00  301.00    2.00    1.68  88.90


avg-cpu:  %user   %nice %system %iowait  %steal   %idle
           0.19    0.00    0.50    5.46    0.00   93.86

Device            r/s     rkB/s   rrqm/s  %rrqm r_await rareq-sz     w/s     wkB/s   wrqm/s  %wrqm w_await wareq-sz     d/s     dkB/s   drqm/s  %drqm d_await dareq-sz     f/s f_await  aqu-sz  %util
nvme0n1          0.00      0.00     0.00   0.00    0.00     0.00 3906.00  50496.00     0.00   0.00    0.27    12.93    0.00      0.00     0.00   0.00    0.00     0.00  300.00    2.02    1.68  88.80


avg-cpu:  %user   %nice %system %iowait  %steal   %idle
           0.12    0.00    0.37    5.46    0.00   94.04

Device            r/s     rkB/s   rrqm/s  %rrqm r_await rareq-sz     w/s     wkB/s   wrqm/s  %wrqm w_await wareq-sz     d/s     dkB/s   drqm/s  %drqm d_await dareq-sz     f/s f_await  aqu-sz  %util
nvme0n1          0.00      0.00     0.00   0.00    0.00     0.00 3906.00  50496.00     0.00   0.00    0.27    12.93    0.00      0.00     0.00   0.00    0.00     0.00  300.00    1.99    1.67  89.80


avg-cpu:  %user   %nice %system %iowait  %steal   %idle
           0.19    0.00    0.44    5.41    0.00   93.97

Device            r/s     rkB/s   rrqm/s  %rrqm r_await rareq-sz     w/s     wkB/s   wrqm/s  %wrqm w_await wareq-sz     d/s     dkB/s   drqm/s  %drqm d_await dareq-sz     f/s f_await  aqu-sz  %util
nvme0n1          0.00      0.00     0.00   0.00    0.00     0.00 3889.00  50264.00     0.00   0.00    0.27    12.92    0.00      0.00     0.00   0.00    0.00     0.00  299.00    1.99    1.66  88.70


avg-cpu:  %user   %nice %system %iowait  %steal   %idle
           1.06    0.25    0.87    1.74    0.00   96.07

Device            r/s     rkB/s   rrqm/s  %rrqm r_await rareq-sz     w/s     wkB/s   wrqm/s  %wrqm w_await wareq-sz     d/s     dkB/s   drqm/s  %drqm d_await dareq-sz     f/s f_await  aqu-sz  %util
nvme0n1          0.00      0.00     0.00   0.00    0.00     0.00 1193.00  15064.00     0.00   0.00    0.28    12.63    0.00      0.00     0.00   0.00    0.00     0.00   97.00    1.95    0.53  28.30


avg-cpu:  %user   %nice %system %iowait  %steal   %idle
           0.25    0.00    0.56    5.52    0.00   93.68

Device            r/s     rkB/s   rrqm/s  %rrqm r_await rareq-sz     w/s     wkB/s   wrqm/s  %wrqm w_await wareq-sz     d/s     dkB/s   drqm/s  %drqm d_await dareq-sz     f/s f_await  aqu-sz  %util
nvme0n1          0.00      0.00     0.00   0.00    0.00     0.00 3923.00  50728.00     0.00   0.00    0.27    12.93    0.00      0.00     0.00   0.00    0.00     0.00  301.00    1.99    1.67  90.60


avg-cpu:  %user   %nice %system %iowait  %steal   %idle
           0.31    0.00    0.56    5.46    0.00   93.67

Device            r/s     rkB/s   rrqm/s  %rrqm r_await rareq-sz     w/s     wkB/s   wrqm/s  %wrqm w_await wareq-sz     d/s     dkB/s   drqm/s  %drqm d_await dareq-sz     f/s f_await  aqu-sz  %util
nvme0n1          0.00      0.00     0.00   0.00    0.00     0.00 3905.00  50464.00     0.00   0.00    0.27    12.92    0.00      0.00     0.00   0.00    0.00     0.00  301.00    1.98    1.66  89.40


avg-cpu:  %user   %nice %system %iowait  %steal   %idle
           0.25    0.00    0.37    5.40    0.00   93.98

Device            r/s     rkB/s   rrqm/s  %rrqm r_await rareq-sz     w/s     wkB/s   wrqm/s  %wrqm w_await wareq-sz     d/s     dkB/s   drqm/s  %drqm d_await dareq-sz     f/s f_await  aqu-sz  %util
nvme0n1          0.00      0.00     0.00   0.00    0.00     0.00 3914.00  50624.00     0.00   0.00    0.27    12.93    0.00      0.00     0.00   0.00    0.00     0.00  300.00    1.98    1.66  88.50


avg-cpu:  %user   %nice %system %iowait  %steal   %idle
           0.19    0.00    0.62    5.19    0.00   94.00

Device            r/s     rkB/s   rrqm/s  %rrqm r_await rareq-sz     w/s     wkB/s   wrqm/s  %wrqm w_await wareq-sz     d/s     dkB/s   drqm/s  %drqm d_await dareq-sz     f/s f_await  aqu-sz  %util
nvme0n1          0.00      0.00     0.00   0.00    0.00     0.00 3908.00  50528.00     0.00   0.00    0.27    12.93    0.00      0.00     0.00   0.00    0.00     0.00  300.00    1.92    1.63  86.10


avg-cpu:  %user   %nice %system %iowait  %steal   %idle
           0.19    0.00    0.43    5.33    0.00   94.05

Device            r/s     rkB/s   rrqm/s  %rrqm r_await rareq-sz     w/s     wkB/s   wrqm/s  %wrqm w_await wareq-sz     d/s     dkB/s   drqm/s  %drqm d_await dareq-sz     f/s f_await  aqu-sz  %util
nvme0n1          0.00      0.00     0.00   0.00    0.00     0.00 3914.00  50624.00     0.00   0.00    0.27    12.93    0.00      0.00     0.00   0.00    0.00     0.00  300.00    1.97    1.66  87.30


avg-cpu:  %user   %nice %system %iowait  %steal   %idle
           0.19    0.00    0.50    5.33    0.00   93.99

Device            r/s     rkB/s   rrqm/s  %rrqm r_await rareq-sz     w/s     wkB/s   wrqm/s  %wrqm w_await wareq-sz     d/s     dkB/s   drqm/s  %drqm d_await dareq-sz     f/s f_await  aqu-sz  %util
nvme0n1          0.00      0.00     0.00   0.00    0.00     0.00 3914.00  50600.00     0.00   0.00    0.27    12.93    0.00      0.00     0.00   0.00    0.00     0.00  300.00    1.94    1.64  87.60


avg-cpu:  %user   %nice %system %iowait  %steal   %idle
           0.19    0.00    0.44    5.28    0.00   94.10

Device            r/s     rkB/s   rrqm/s  %rrqm r_await rareq-sz     w/s     wkB/s   wrqm/s  %wrqm w_await wareq-sz     d/s     dkB/s   drqm/s  %drqm d_await dareq-sz     f/s f_await  aqu-sz  %util
nvme0n1          0.00      0.00     0.00   0.00    0.00     0.00 3941.00  51024.00     2.00   0.05    0.27    12.95    0.00      0.00     0.00   0.00    0.00     0.00  300.00    1.97    1.67  87.50


avg-cpu:  %user   %nice %system %iowait  %steal   %idle
           0.12    0.00    0.50    5.33    0.00   94.05

Device            r/s     rkB/s   rrqm/s  %rrqm r_await rareq-sz     w/s     wkB/s   wrqm/s  %wrqm w_await wareq-sz     d/s     dkB/s   drqm/s  %drqm d_await dareq-sz     f/s f_await  aqu-sz  %util
nvme0n1          0.00      0.00     0.00   0.00    0.00     0.00 3914.00  50624.00     0.00   0.00    0.27    12.93    0.00      0.00     0.00   0.00    0.00     0.00  300.00    1.97    1.65  87.70


avg-cpu:  %user   %nice %system %iowait  %steal   %idle
           0.19    0.00    0.75    5.40    0.00   93.66

Device            r/s     rkB/s   rrqm/s  %rrqm r_await rareq-sz     w/s     wkB/s   wrqm/s  %wrqm w_await wareq-sz     d/s     dkB/s   drqm/s  %drqm d_await dareq-sz     f/s f_await  aqu-sz  %util
nvme0n1         22.00    352.00     0.00   0.00    1.23    16.00 6397.00  90580.00     0.00   0.00    2.44    14.16    0.00      0.00     0.00   0.00    0.00     0.00  294.00    1.92   16.20  87.00


avg-cpu:  %user   %nice %system %iowait  %steal   %idle
           0.12    0.00    0.43    5.28    0.00   94.17

Device            r/s     rkB/s   rrqm/s  %rrqm r_await rareq-sz     w/s     wkB/s   wrqm/s  %wrqm w_await wareq-sz     d/s     dkB/s   drqm/s  %drqm d_await dareq-sz     f/s f_await  aqu-sz  %util
nvme0n1          0.00      0.00     0.00   0.00    0.00     0.00 2100.00  21600.00     0.00   0.00    0.40    10.29    0.00      0.00     0.00   0.00    0.00     0.00  300.00    1.88    1.41  84.80


avg-cpu:  %user   %nice %system %iowait  %steal   %idle
           0.25    0.00    0.50    5.21    0.00   94.04

Device            r/s     rkB/s   rrqm/s  %rrqm r_await rareq-sz     w/s     wkB/s   wrqm/s  %wrqm w_await wareq-sz     d/s     dkB/s   drqm/s  %drqm d_await dareq-sz     f/s f_await  aqu-sz  %util
nvme0n1          0.00      0.00     0.00   0.00    0.00     0.00 2920.00  34720.00     0.00   0.00    0.32    11.89    0.00      0.00     0.00   0.00    0.00     0.00  300.00    1.91    1.51  86.50


avg-cpu:  %user   %nice %system %iowait  %steal   %idle
           0.25    0.00    0.49    5.25    0.00   94.01

Device            r/s     rkB/s   rrqm/s  %rrqm r_await rareq-sz     w/s     wkB/s   wrqm/s  %wrqm w_await wareq-sz     d/s     dkB/s   drqm/s  %drqm d_await dareq-sz     f/s f_await  aqu-sz  %util
nvme0n1          0.00      0.00     0.00   0.00    0.00     0.00 3148.00  38392.00     0.00   0.00    0.31    12.20    0.00      0.00     0.00   0.00    0.00     0.00  300.00    1.92    1.54  85.60


avg-cpu:  %user   %nice %system %iowait  %steal   %idle
           0.19    0.00    0.37    5.16    0.00   94.28

Device            r/s     rkB/s   rrqm/s  %rrqm r_await rareq-sz     w/s     wkB/s   wrqm/s  %wrqm w_await wareq-sz     d/s     dkB/s   drqm/s  %drqm d_await dareq-sz     f/s f_await  aqu-sz  %util
nvme0n1          0.00      0.00     0.00   0.00    0.00     0.00 3238.00  39812.00     0.00   0.00    0.30    12.30    0.00      0.00     0.00   0.00    0.00     0.00  299.00    1.91    1.54  83.70


avg-cpu:  %user   %nice %system %iowait  %steal   %idle
           0.12    0.00    0.37    5.48    0.00   94.02

Device            r/s     rkB/s   rrqm/s  %rrqm r_await rareq-sz     w/s     wkB/s   wrqm/s  %wrqm w_await wareq-sz     d/s     dkB/s   drqm/s  %drqm d_await dareq-sz     f/s f_await  aqu-sz  %util
nvme0n1          0.00      0.00     0.00   0.00    0.00     0.00 3981.00  51656.00     0.00   0.00    0.42    12.98    0.00      0.00     0.00   0.00    0.00     0.00  301.00    1.97    2.26  88.50


avg-cpu:  %user   %nice %system %iowait  %steal   %idle
           0.06    0.00    0.43    5.46    0.00   94.04

Device            r/s     rkB/s   rrqm/s  %rrqm r_await rareq-sz     w/s     wkB/s   wrqm/s  %wrqm w_await wareq-sz     d/s     dkB/s   drqm/s  %drqm d_await dareq-sz     f/s f_await  aqu-sz  %util
nvme0n1          0.00      0.00     0.00   0.00    0.00     0.00 3904.00  50464.00     0.00   0.00    0.27    12.93    0.00      0.00     0.00   0.00    0.00     0.00  300.00    1.98    1.65  89.40


avg-cpu:  %user   %nice %system %iowait  %steal   %idle
           0.25    0.00    0.43    5.32    0.00   94.00

Device            r/s     rkB/s   rrqm/s  %rrqm r_await rareq-sz     w/s     wkB/s   wrqm/s  %wrqm w_await wareq-sz     d/s     dkB/s   drqm/s  %drqm d_await dareq-sz     f/s f_await  aqu-sz  %util
nvme0n1          0.00      0.00     0.00   0.00    0.00     0.00 3903.00  50460.00     0.00   0.00    0.27    12.93    0.00      0.00     0.00   0.00    0.00     0.00  300.00    2.00    1.67  87.50


avg-cpu:  %user   %nice %system %iowait  %steal   %idle
           0.25    0.00    0.43    5.25    0.00   94.07

Device            r/s     rkB/s   rrqm/s  %rrqm r_await rareq-sz     w/s     wkB/s   wrqm/s  %wrqm w_await wareq-sz     d/s     dkB/s   drqm/s  %drqm d_await dareq-sz     f/s f_await  aqu-sz  %util
nvme0n1          0.00      0.00     0.00   0.00    0.00     0.00 3906.00  50496.00     0.00   0.00    0.27    12.93    0.00      0.00     0.00   0.00    0.00     0.00  300.00    1.98    1.66  86.00


avg-cpu:  %user   %nice %system %iowait  %steal   %idle
           0.19    0.00    0.50    5.27    0.00   94.05

Device            r/s     rkB/s   rrqm/s  %rrqm r_await rareq-sz     w/s     wkB/s   wrqm/s  %wrqm w_await wareq-sz     d/s     dkB/s   drqm/s  %drqm d_await dareq-sz     f/s f_await  aqu-sz  %util
nvme0n1          0.00      0.00     0.00   0.00    0.00     0.00 3931.00  50860.00     0.00   0.00    0.27    12.94    0.00      0.00     0.00   0.00    0.00     0.00  300.00    1.99    1.67  86.40


avg-cpu:  %user   %nice %system %iowait  %steal   %idle
           0.25    0.00    0.37    5.29    0.00   94.09

Device            r/s     rkB/s   rrqm/s  %rrqm r_await rareq-sz     w/s     wkB/s   wrqm/s  %wrqm w_await wareq-sz     d/s     dkB/s   drqm/s  %drqm d_await dareq-sz     f/s f_await  aqu-sz  %util
nvme0n1          0.00      0.00     0.00   0.00    0.00     0.00 3926.00  50868.00     0.00   0.00    0.27    12.96    0.00      0.00     0.00   0.00    0.00     0.00  299.00    1.94    1.64  86.80


avg-cpu:  %user   %nice %system %iowait  %steal   %idle
           0.19    0.00    0.43    5.21    0.00   94.17

Device            r/s     rkB/s   rrqm/s  %rrqm r_await rareq-sz     w/s     wkB/s   wrqm/s  %wrqm w_await wareq-sz     d/s     dkB/s   drqm/s  %drqm d_await dareq-sz     f/s f_await  aqu-sz  %util
nvme0n1          0.00      0.00     0.00   0.00    0.00     0.00 3314.00  40996.00     0.00   0.00    0.29    12.37    0.00      0.00     0.00   0.00    0.00     0.00  301.00    1.91    1.55  85.10


avg-cpu:  %user   %nice %system %iowait  %steal   %idle
           0.19    0.00    0.43    5.21    0.00   94.17

Device            r/s     rkB/s   rrqm/s  %rrqm r_await rareq-sz     w/s     wkB/s   wrqm/s  %wrqm w_await wareq-sz     d/s     dkB/s   drqm/s  %drqm d_await dareq-sz     f/s f_await  aqu-sz  %util
nvme0n1          0.00      0.00     0.00   0.00    0.00     0.00 3331.00  41288.00     0.00   0.00    0.29    12.40    0.00      0.00     0.00   0.00    0.00     0.00  300.00    1.91    1.55  84.60


avg-cpu:  %user   %nice %system %iowait  %steal   %idle
           0.19    0.00    0.37    5.27    0.00   94.17

Device            r/s     rkB/s   rrqm/s  %rrqm r_await rareq-sz     w/s     wkB/s   wrqm/s  %wrqm w_await wareq-sz     d/s     dkB/s   drqm/s  %drqm d_await dareq-sz     f/s f_await  aqu-sz  %util
nvme0n1          0.00      0.00     0.00   0.00    0.00     0.00 3446.00  41724.00     1.00   0.03    0.31    12.11    0.00      0.00     0.00   0.00    0.00     0.00  300.00    1.91    1.65  86.00


avg-cpu:  %user   %nice %system %iowait  %steal   %idle
           0.19    0.00    0.31    5.28    0.00   94.22

Device            r/s     rkB/s   rrqm/s  %rrqm r_await rareq-sz     w/s     wkB/s   wrqm/s  %wrqm w_await wareq-sz     d/s     dkB/s   drqm/s  %drqm d_await dareq-sz     f/s f_await  aqu-sz  %util
nvme0n1          0.00      0.00     0.00   0.00    0.00     0.00 3321.00  41096.00     0.00   0.00    0.30    12.37    0.00      0.00     0.00   0.00    0.00     0.00  301.00    1.89    1.55  87.00


avg-cpu:  %user   %nice %system %iowait  %steal   %idle
           0.12    0.00    0.43    5.38    0.00   94.06

Device            r/s     rkB/s   rrqm/s  %rrqm r_await rareq-sz     w/s     wkB/s   wrqm/s  %wrqm w_await wareq-sz     d/s     dkB/s   drqm/s  %drqm d_await dareq-sz     f/s f_await  aqu-sz  %util
nvme0n1          0.00      0.00     0.00   0.00    0.00     0.00 3407.00  42500.00     0.00   0.00    0.29    12.47    0.00      0.00     0.00   0.00    0.00     0.00  300.00    1.91    1.56  87.80


avg-cpu:  %user   %nice %system %iowait  %steal   %idle
           0.25    0.00    0.43    5.45    0.00   93.87

Device            r/s     rkB/s   rrqm/s  %rrqm r_await rareq-sz     w/s     wkB/s   wrqm/s  %wrqm w_await wareq-sz     d/s     dkB/s   drqm/s  %drqm d_await dareq-sz     f/s f_await  aqu-sz  %util
nvme0n1          0.00      0.00     0.00   0.00    0.00     0.00 3902.00  50432.00     0.00   0.00    0.28    12.92    0.00      0.00     0.00   0.00    0.00     0.00  300.00    2.03    1.69  89.50


avg-cpu:  %user   %nice %system %iowait  %steal   %idle
           0.19    0.00    0.43    5.26    0.00   94.12

Device            r/s     rkB/s   rrqm/s  %rrqm r_await rareq-sz     w/s     wkB/s   wrqm/s  %wrqm w_await wareq-sz     d/s     dkB/s   drqm/s  %drqm d_await dareq-sz     f/s f_await  aqu-sz  %util
nvme0n1          0.00      0.00     0.00   0.00    0.00     0.00 3927.00  50820.00     0.00   0.00    0.27    12.94    0.00      0.00     0.00   0.00    0.00     0.00  300.00    1.91    1.62  86.10


avg-cpu:  %user   %nice %system %iowait  %steal   %idle
           0.12    0.00    0.50    5.15    0.00   94.23

Device            r/s     rkB/s   rrqm/s  %rrqm r_await rareq-sz     w/s     wkB/s   wrqm/s  %wrqm w_await wareq-sz     d/s     dkB/s   drqm/s  %drqm d_await dareq-sz     f/s f_await  aqu-sz  %util
nvme0n1          0.00      0.00     0.00   0.00    0.00     0.00 3934.00  50968.00     0.00   0.00    0.26    12.96    0.00      0.00     0.00   0.00    0.00     0.00  300.00    1.86    1.60  84.80


avg-cpu:  %user   %nice %system %iowait  %steal   %idle
           0.12    0.00    0.31    5.33    0.00   94.23

Device            r/s     rkB/s   rrqm/s  %rrqm r_await rareq-sz     w/s     wkB/s   wrqm/s  %wrqm w_await wareq-sz     d/s     dkB/s   drqm/s  %drqm d_await dareq-sz     f/s f_await  aqu-sz  %util
nvme0n1          0.00      0.00     0.00   0.00    0.00     0.00 3915.00  50600.00     0.00   0.00    0.27    12.92    0.00      0.00     0.00   0.00    0.00     0.00  301.00    1.93    1.64  87.60


avg-cpu:  %user   %nice %system %iowait  %steal   %idle
           0.19    0.00    0.56    5.39    0.00   93.87

Device            r/s     rkB/s   rrqm/s  %rrqm r_await rareq-sz     w/s     wkB/s   wrqm/s  %wrqm w_await wareq-sz     d/s     dkB/s   drqm/s  %drqm d_await dareq-sz     f/s f_await  aqu-sz  %util
nvme0n1          0.00      0.00     0.00   0.00    0.00     0.00 3897.00  50392.00     0.00   0.00    0.28    12.93    0.00      0.00     0.00   0.00    0.00     0.00  299.00    1.98    1.67  89.40


avg-cpu:  %user   %nice %system %iowait  %steal   %idle
           0.19    0.00    0.37    5.33    0.00   94.11

Device            r/s     rkB/s   rrqm/s  %rrqm r_await rareq-sz     w/s     wkB/s   wrqm/s  %wrqm w_await wareq-sz     d/s     dkB/s   drqm/s  %drqm d_await dareq-sz     f/s f_await  aqu-sz  %util
nvme0n1          0.00      0.00     0.00   0.00    0.00     0.00 3984.00  51720.00     0.00   0.00    0.27    12.98    0.00      0.00     0.00   0.00    0.00     0.00  300.00    1.93    1.63  87.40


avg-cpu:  %user   %nice %system %iowait  %steal   %idle
           0.19    0.00    0.56    5.21    0.00   94.04

Device            r/s     rkB/s   rrqm/s  %rrqm r_await rareq-sz     w/s     wkB/s   wrqm/s  %wrqm w_await wareq-sz     d/s     dkB/s   drqm/s  %drqm d_await dareq-sz     f/s f_await  aqu-sz  %util
nvme0n1          0.00      0.00     0.00   0.00    0.00     0.00 3938.00  50984.00     0.00   0.00    0.27    12.95    0.00      0.00     0.00   0.00    0.00     0.00  300.00    1.96    1.66  86.90


avg-cpu:  %user   %nice %system %iowait  %steal   %idle
           0.19    0.00    0.37    5.27    0.00   94.17

Device            r/s     rkB/s   rrqm/s  %rrqm r_await rareq-sz     w/s     wkB/s   wrqm/s  %wrqm w_await wareq-sz     d/s     dkB/s   drqm/s  %drqm d_await dareq-sz     f/s f_await  aqu-sz  %util
nvme0n1          0.00      0.00     0.00   0.00    0.00     0.00 3911.00  50588.00     0.00   0.00    0.27    12.93    0.00      0.00     0.00   0.00    0.00     0.00  300.00    1.89    1.61  85.80


avg-cpu:  %user   %nice %system %iowait  %steal   %idle
           0.19    0.00    0.56    5.21    0.00   94.04

Device            r/s     rkB/s   rrqm/s  %rrqm r_await rareq-sz     w/s     wkB/s   wrqm/s  %wrqm w_await wareq-sz     d/s     dkB/s   drqm/s  %drqm d_await dareq-sz     f/s f_await  aqu-sz  %util
nvme0n1          0.00      0.00     0.00   0.00    0.00     0.00 3935.00  50948.00     0.00   0.00    0.27    12.95    0.00      0.00     0.00   0.00    0.00     0.00  300.00    1.94    1.64  86.50


avg-cpu:  %user   %nice %system %iowait  %steal   %idle
           0.19    0.00    0.43    5.21    0.00   94.17

Device            r/s     rkB/s   rrqm/s  %rrqm r_await rareq-sz     w/s     wkB/s   wrqm/s  %wrqm w_await wareq-sz     d/s     dkB/s   drqm/s  %drqm d_await dareq-sz     f/s f_await  aqu-sz  %util
nvme0n1          0.00      0.00     0.00   0.00    0.00     0.00 3950.00  51172.00     0.00   0.00    0.27    12.95    0.00      0.00     0.00   0.00    0.00     0.00  301.00    1.92    1.64  86.30


avg-cpu:  %user   %nice %system %iowait  %steal   %idle
           0.19    0.00    0.43    5.33    0.00   94.04

Device            r/s     rkB/s   rrqm/s  %rrqm r_await rareq-sz     w/s     wkB/s   wrqm/s  %wrqm w_await wareq-sz     d/s     dkB/s   drqm/s  %drqm d_await dareq-sz     f/s f_await  aqu-sz  %util
nvme0n1          0.00      0.00     0.00   0.00    0.00     0.00 3974.00  51616.00     0.00   0.00    0.27    12.99    0.00      0.00     0.00   0.00    0.00     0.00  298.00    1.95    1.65  86.50


avg-cpu:  %user   %nice %system %iowait  %steal   %idle
           0.19    0.00    0.50    5.40    0.00   93.92

Device            r/s     rkB/s   rrqm/s  %rrqm r_await rareq-sz     w/s     wkB/s   wrqm/s  %wrqm w_await wareq-sz     d/s     dkB/s   drqm/s  %drqm d_await dareq-sz     f/s f_await  aqu-sz  %util
nvme0n1          0.00      0.00     0.00   0.00    0.00     0.00 3902.00  50404.00     0.00   0.00    0.28    12.92    0.00      0.00     0.00   0.00    0.00     0.00  301.00    2.08    1.72  89.90


avg-cpu:  %user   %nice %system %iowait  %steal   %idle
           0.12    0.00    0.62    5.34    0.00   93.92

Device            r/s     rkB/s   rrqm/s  %rrqm r_await rareq-sz     w/s     wkB/s   wrqm/s  %wrqm w_await wareq-sz     d/s     dkB/s   drqm/s  %drqm d_await dareq-sz     f/s f_await  aqu-sz  %util
nvme0n1          0.00      0.00     0.00   0.00    0.00     0.00 3911.00  50588.00     0.00   0.00    0.27    12.93    0.00      0.00     0.00   0.00    0.00     0.00  300.00    1.99    1.67  88.00


avg-cpu:  %user   %nice %system %iowait  %steal   %idle
           0.12    0.00    0.37    5.47    0.00   94.04

Device            r/s     rkB/s   rrqm/s  %rrqm r_await rareq-sz     w/s     wkB/s   wrqm/s  %wrqm w_await wareq-sz     d/s     dkB/s   drqm/s  %drqm d_await dareq-sz     f/s f_await  aqu-sz  %util
nvme0n1          0.00      0.00     0.00   0.00    0.00     0.00 3911.00  50564.00     0.00   0.00    0.28    12.93    0.00      0.00     0.00   0.00    0.00     0.00  300.00    2.01    1.69  90.20


avg-cpu:  %user   %nice %system %iowait  %steal   %idle
           0.12    0.00    0.87    5.33    0.00   93.67

Device            r/s     rkB/s   rrqm/s  %rrqm r_await rareq-sz     w/s     wkB/s   wrqm/s  %wrqm w_await wareq-sz     d/s     dkB/s   drqm/s  %drqm d_await dareq-sz     f/s f_await  aqu-sz  %util
nvme0n1          0.00      0.00     0.00   0.00    0.00     0.00 6592.00  93712.00     0.00   0.00    2.31    14.22    0.00      0.00     0.00   0.00    0.00     0.00  294.00    1.96   15.80  88.30


avg-cpu:  %user   %nice %system %iowait  %steal   %idle
           0.19    0.00    0.37    4.97    0.00   94.48

Device            r/s     rkB/s   rrqm/s  %rrqm r_await rareq-sz     w/s     wkB/s   wrqm/s  %wrqm w_await wareq-sz     d/s     dkB/s   drqm/s  %drqm d_await dareq-sz     f/s f_await  aqu-sz  %util
nvme0n1          0.00      0.00     0.00   0.00    0.00     0.00 2101.00  21604.00     0.00   0.00    0.41    10.28    0.00      0.00     0.00   0.00    0.00     0.00  300.00    1.88    1.42  81.20


avg-cpu:  %user   %nice %system %iowait  %steal   %idle
           0.19    0.00    0.49    5.32    0.00   94.00

Device            r/s     rkB/s   rrqm/s  %rrqm r_await rareq-sz     w/s     wkB/s   wrqm/s  %wrqm w_await wareq-sz     d/s     dkB/s   drqm/s  %drqm d_await dareq-sz     f/s f_await  aqu-sz  %util
nvme0n1          0.00      0.00     0.00   0.00    0.00     0.00 2757.00  32100.00     0.00   0.00    0.33    11.64    0.00      0.00     0.00   0.00    0.00     0.00  300.00    1.90    1.49  86.80


avg-cpu:  %user   %nice %system %iowait  %steal   %idle
           0.12    0.00    0.37    5.34    0.00   94.16

Device            r/s     rkB/s   rrqm/s  %rrqm r_await rareq-sz     w/s     wkB/s   wrqm/s  %wrqm w_await wareq-sz     d/s     dkB/s   drqm/s  %drqm d_await dareq-sz     f/s f_await  aqu-sz  %util
nvme0n1          0.00      0.00     0.00   0.00    0.00     0.00 3129.00  38104.00     0.00   0.00    0.31    12.18    0.00      0.00     0.00   0.00    0.00     0.00  299.00    1.91    1.54  87.10


avg-cpu:  %user   %nice %system %iowait  %steal   %idle
           0.12    0.00    0.43    5.26    0.00   94.18

Device            r/s     rkB/s   rrqm/s  %rrqm r_await rareq-sz     w/s     wkB/s   wrqm/s  %wrqm w_await wareq-sz     d/s     dkB/s   drqm/s  %drqm d_await dareq-sz     f/s f_await  aqu-sz  %util
nvme0n1          0.00      0.00     0.00   0.00    0.00     0.00 3251.00  40000.00     0.00   0.00    0.30    12.30    0.00      0.00     0.00   0.00    0.00     0.00  301.00    1.91    1.54  86.30


avg-cpu:  %user   %nice %system %iowait  %steal   %idle
           0.12    0.00    0.56    5.16    0.00   94.16

Device            r/s     rkB/s   rrqm/s  %rrqm r_await rareq-sz     w/s     wkB/s   wrqm/s  %wrqm w_await wareq-sz     d/s     dkB/s   drqm/s  %drqm d_await dareq-sz     f/s f_await  aqu-sz  %util
nvme0n1          0.00      0.00     0.00   0.00    0.00     0.00 3601.00  45604.00     0.00   0.00    0.28    12.66    0.00      0.00     0.00   0.00    0.00     0.00  300.00    1.94    1.59  85.80


avg-cpu:  %user   %nice %system %iowait  %steal   %idle
           0.25    0.00    0.50    5.33    0.00   93.92

Device            r/s     rkB/s   rrqm/s  %rrqm r_await rareq-sz     w/s     wkB/s   wrqm/s  %wrqm w_await wareq-sz     d/s     dkB/s   drqm/s  %drqm d_await dareq-sz     f/s f_await  aqu-sz  %util
nvme0n1          0.00      0.00     0.00   0.00    0.00     0.00 4170.00  54748.00     0.00   0.00    0.41    13.13    0.00      0.00     0.00   0.00    0.00     0.00  299.00    1.96    2.31  87.00


avg-cpu:  %user   %nice %system %iowait  %steal   %idle
           0.25    0.00    0.50    5.26    0.00   94.00

Device            r/s     rkB/s   rrqm/s  %rrqm r_await rareq-sz     w/s     wkB/s   wrqm/s  %wrqm w_await wareq-sz     d/s     dkB/s   drqm/s  %drqm d_await dareq-sz     f/s f_await  aqu-sz  %util
nvme0n1          0.00      0.00     0.00   0.00    0.00     0.00 3912.00  50592.00     0.00   0.00    0.27    12.93    0.00      0.00     0.00   0.00    0.00     0.00  300.00    2.00    1.67  87.40


avg-cpu:  %user   %nice %system %iowait  %steal   %idle
           0.25    0.00    0.50    5.39    0.00   93.87

Device            r/s     rkB/s   rrqm/s  %rrqm r_await rareq-sz     w/s     wkB/s   wrqm/s  %wrqm w_await wareq-sz     d/s     dkB/s   drqm/s  %drqm d_await dareq-sz     f/s f_await  aqu-sz  %util
nvme0n1          0.00      0.00     0.00   0.00    0.00     0.00 3911.00  50564.00     0.00   0.00    0.28    12.93    0.00      0.00     0.00   0.00    0.00     0.00  300.00    2.02    1.69  89.30


avg-cpu:  %user   %nice %system %iowait  %steal   %idle
           0.19    0.00    0.44    5.29    0.00   94.09

Device            r/s     rkB/s   rrqm/s  %rrqm r_await rareq-sz     w/s     wkB/s   wrqm/s  %wrqm w_await wareq-sz     d/s     dkB/s   drqm/s  %drqm d_await dareq-sz     f/s f_await  aqu-sz  %util
nvme0n1          0.00      0.00     0.00   0.00    0.00     0.00 3899.00  50424.00     0.00   0.00    0.27    12.93    0.00      0.00     0.00   0.00    0.00     0.00  299.00    1.96    1.65  86.60


avg-cpu:  %user   %nice %system %iowait  %steal   %idle
           0.19    0.00    0.49    5.26    0.00   94.06

Device            r/s     rkB/s   rrqm/s  %rrqm r_await rareq-sz     w/s     wkB/s   wrqm/s  %wrqm w_await wareq-sz     d/s     dkB/s   drqm/s  %drqm d_await dareq-sz     f/s f_await  aqu-sz  %util
nvme0n1          0.00      0.00     0.00   0.00    0.00     0.00 3904.00  50440.00     0.00   0.00    0.27    12.92    0.00      0.00     0.00   0.00    0.00     0.00  300.00    1.97    1.66  87.10


avg-cpu:  %user   %nice %system %iowait  %steal   %idle
           0.19    0.00    0.43    5.22    0.00   94.16

Device            r/s     rkB/s   rrqm/s  %rrqm r_await rareq-sz     w/s     wkB/s   wrqm/s  %wrqm w_await wareq-sz     d/s     dkB/s   drqm/s  %drqm d_await dareq-sz     f/s f_await  aqu-sz  %util
nvme0n1          0.00      0.00     0.00   0.00    0.00     0.00 3904.00  50464.00     0.00   0.00    0.27    12.93    0.00      0.00     0.00   0.00    0.00     0.00  300.00    1.96    1.64  85.40


avg-cpu:  %user   %nice %system %iowait  %steal   %idle
           0.12    0.00    0.43    5.33    0.00   94.11

Device            r/s     rkB/s   rrqm/s  %rrqm r_await rareq-sz     w/s     wkB/s   wrqm/s  %wrqm w_await wareq-sz     d/s     dkB/s   drqm/s  %drqm d_await dareq-sz     f/s f_await  aqu-sz  %util
nvme0n1          0.00      0.00     0.00   0.00    0.00     0.00 3912.00  50592.00     0.00   0.00    0.27    12.93    0.00      0.00     0.00   0.00    0.00     0.00  300.00    1.91    1.62  86.80


avg-cpu:  %user   %nice %system %iowait  %steal   %idle
           0.19    0.00    0.43    5.40    0.00   93.98

Device            r/s     rkB/s   rrqm/s  %rrqm r_await rareq-sz     w/s     wkB/s   wrqm/s  %wrqm w_await wareq-sz     d/s     dkB/s   drqm/s  %drqm d_await dareq-sz     f/s f_await  aqu-sz  %util
nvme0n1          0.00      0.00     0.00   0.00    0.00     0.00 3930.00  50880.00     0.00   0.00    0.27    12.95    0.00      0.00     0.00   0.00    0.00     0.00  300.00    1.95    1.65  89.10


avg-cpu:  %user   %nice %system %iowait  %steal   %idle
           0.12    0.00    0.44    5.22    0.00   94.22

Device            r/s     rkB/s   rrqm/s  %rrqm r_await rareq-sz     w/s     wkB/s   wrqm/s  %wrqm w_await wareq-sz     d/s     dkB/s   drqm/s  %drqm d_await dareq-sz     f/s f_await  aqu-sz  %util
nvme0n1          0.00      0.00     0.00   0.00    0.00     0.00 3908.00  50528.00     0.00   0.00    0.27    12.93    0.00      0.00     0.00   0.00    0.00     0.00  300.00    1.91    1.62  86.50


avg-cpu:  %user   %nice %system %iowait  %steal   %idle
           0.25    0.00    0.50    5.27    0.00   93.99

Device            r/s     rkB/s   rrqm/s  %rrqm r_await rareq-sz     w/s     wkB/s   wrqm/s  %wrqm w_await wareq-sz     d/s     dkB/s   drqm/s  %drqm d_await dareq-sz     f/s f_await  aqu-sz  %util
nvme0n1          0.00      0.00     0.00   0.00    0.00     0.00 3926.00  50816.00     0.00   0.00    0.27    12.94    0.00      0.00     0.00   0.00    0.00     0.00  300.00    1.94    1.65  85.70


avg-cpu:  %user   %nice %system %iowait  %steal   %idle
           0.12    0.00    0.50    5.40    0.00   93.98

Device            r/s     rkB/s   rrqm/s  %rrqm r_await rareq-sz     w/s     wkB/s   wrqm/s  %wrqm w_await wareq-sz     d/s     dkB/s   drqm/s  %drqm d_await dareq-sz     f/s f_await  aqu-sz  %util
nvme0n1          0.00      0.00     0.00   0.00    0.00     0.00 3904.00  50464.00     0.00   0.00    0.27    12.93    0.00      0.00     0.00   0.00    0.00     0.00  300.00    1.95    1.64  88.30


avg-cpu:  %user   %nice %system %iowait  %steal   %idle
           0.12    0.00    0.43    5.40    0.00   94.04

Device            r/s     rkB/s   rrqm/s  %rrqm r_await rareq-sz     w/s     wkB/s   wrqm/s  %wrqm w_await wareq-sz     d/s     dkB/s   drqm/s  %drqm d_await dareq-sz     f/s f_await  aqu-sz  %util
nvme0n1          0.00      0.00     0.00   0.00    0.00     0.00 3918.00  50688.00     0.00   0.00    0.27    12.94    0.00      0.00     0.00   0.00    0.00     0.00  300.00    2.00    1.68  89.80


avg-cpu:  %user   %nice %system %iowait  %steal   %idle
           0.12    0.00    0.43    5.27    0.00   94.18

Device            r/s     rkB/s   rrqm/s  %rrqm r_await rareq-sz     w/s     wkB/s   wrqm/s  %wrqm w_await wareq-sz     d/s     dkB/s   drqm/s  %drqm d_await dareq-sz     f/s f_await  aqu-sz  %util
nvme0n1          0.00      0.00     0.00   0.00    0.00     0.00 3949.00  51144.00     0.00   0.00    0.27    12.95    0.00      0.00     0.00   0.00    0.00     0.00  301.00    1.96    1.67  86.50


avg-cpu:  %user   %nice %system %iowait  %steal   %idle
           0.19    0.00    0.43    5.33    0.00   94.06

Device            r/s     rkB/s   rrqm/s  %rrqm r_await rareq-sz     w/s     wkB/s   wrqm/s  %wrqm w_await wareq-sz     d/s     dkB/s   drqm/s  %drqm d_await dareq-sz     f/s f_await  aqu-sz  %util
nvme0n1          0.00      0.00     0.00   0.00    0.00     0.00 3916.00  50736.00     0.00   0.00    0.27    12.96    0.00      0.00     0.00   0.00    0.00     0.00  298.00    1.98    1.66  88.70


avg-cpu:  %user   %nice %system %iowait  %steal   %idle
           0.19    0.00    0.43    5.50    0.00   93.88

Device            r/s     rkB/s   rrqm/s  %rrqm r_await rareq-sz     w/s     wkB/s   wrqm/s  %wrqm w_await wareq-sz     d/s     dkB/s   drqm/s  %drqm d_await dareq-sz     f/s f_await  aqu-sz  %util
nvme0n1          0.00      0.00     0.00   0.00    0.00     0.00 3926.00  50816.00     0.00   0.00    0.27    12.94    0.00      0.00     0.00   0.00    0.00     0.00  300.00    1.98    1.66  89.80


avg-cpu:  %user   %nice %system %iowait  %steal   %idle
           0.19    0.00    0.43    5.45    0.00   93.93

Device            r/s     rkB/s   rrqm/s  %rrqm r_await rareq-sz     w/s     wkB/s   wrqm/s  %wrqm w_await wareq-sz     d/s     dkB/s   drqm/s  %drqm d_await dareq-sz     f/s f_await  aqu-sz  %util
nvme0n1          0.00      0.00     0.00   0.00    0.00     0.00 3902.00  50432.00     0.00   0.00    0.27    12.92    0.00      0.00     0.00   0.00    0.00     0.00  300.00    1.98    1.65  89.10


avg-cpu:  %user   %nice %system %iowait  %steal   %idle
           0.25    0.00    0.49    5.50    0.00   93.76

Device            r/s     rkB/s   rrqm/s  %rrqm r_await rareq-sz     w/s     wkB/s   wrqm/s  %wrqm w_await wareq-sz     d/s     dkB/s   drqm/s  %drqm d_await dareq-sz     f/s f_await  aqu-sz  %util
nvme0n1          0.00      0.00     0.00   0.00    0.00     0.00 3916.00  50656.00     0.00   0.00    0.28    12.94    0.00      0.00     0.00   0.00    0.00     0.00  300.00    2.03    1.69  91.40


avg-cpu:  %user   %nice %system %iowait  %steal   %idle
           0.12    0.00    0.43    5.26    0.00   94.18

Device            r/s     rkB/s   rrqm/s  %rrqm r_await rareq-sz     w/s     wkB/s   wrqm/s  %wrqm w_await wareq-sz     d/s     dkB/s   drqm/s  %drqm d_await dareq-sz     f/s f_await  aqu-sz  %util
nvme0n1          0.00      0.00     0.00   0.00    0.00     0.00 3948.00  51168.00     0.00   0.00    0.27    12.96    0.00      0.00     0.00   0.00    0.00     0.00  300.00    1.93    1.64  86.80


avg-cpu:  %user   %nice %system %iowait  %steal   %idle
           0.25    0.00    0.49    5.31    0.00   93.95

Device            r/s     rkB/s   rrqm/s  %rrqm r_await rareq-sz     w/s     wkB/s   wrqm/s  %wrqm w_await wareq-sz     d/s     dkB/s   drqm/s  %drqm d_await dareq-sz     f/s f_await  aqu-sz  %util
nvme0n1          0.00      0.00     0.00   0.00    0.00     0.00 3910.00  50560.00     0.00   0.00    0.27    12.93    0.00      0.00     0.00   0.00    0.00     0.00  300.00    1.98    1.66  87.20


avg-cpu:  %user   %nice %system %iowait  %steal   %idle
           0.19    0.00    0.43    5.33    0.00   94.05

Device            r/s     rkB/s   rrqm/s  %rrqm r_await rareq-sz     w/s     wkB/s   wrqm/s  %wrqm w_await wareq-sz     d/s     dkB/s   drqm/s  %drqm d_await dareq-sz     f/s f_await  aqu-sz  %util
nvme0n1          0.00      0.00     0.00   0.00    0.00     0.00 3922.00  50752.00     0.00   0.00    0.27    12.94    0.00      0.00     0.00   0.00    0.00     0.00  300.00    1.96    1.66  87.40


avg-cpu:  %user   %nice %system %iowait  %steal   %idle
           0.06    0.00    0.44    5.47    0.00   94.03

Device            r/s     rkB/s   rrqm/s  %rrqm r_await rareq-sz     w/s     wkB/s   wrqm/s  %wrqm w_await wareq-sz     d/s     dkB/s   drqm/s  %drqm d_await dareq-sz     f/s f_await  aqu-sz  %util
nvme0n1          0.00      0.00     0.00   0.00    0.00     0.00 3914.00  50596.00     0.00   0.00    0.27    12.93    0.00      0.00     0.00   0.00    0.00     0.00  301.00    1.93    1.64  89.20


avg-cpu:  %user   %nice %system %iowait  %steal   %idle
           0.19    0.00    0.37    5.39    0.00   94.05

Device            r/s     rkB/s   rrqm/s  %rrqm r_await rareq-sz     w/s     wkB/s   wrqm/s  %wrqm w_await wareq-sz     d/s     dkB/s   drqm/s  %drqm d_await dareq-sz     f/s f_await  aqu-sz  %util
nvme0n1          0.00      0.00     0.00   0.00    0.00     0.00 3902.00  50432.00     0.00   0.00    0.27    12.92    0.00      0.00     0.00   0.00    0.00     0.00  300.00    1.94    1.64  87.90


avg-cpu:  %user   %nice %system %iowait  %steal   %idle
           0.19    0.00    0.43    5.27    0.00   94.11

Device            r/s     rkB/s   rrqm/s  %rrqm r_await rareq-sz     w/s     wkB/s   wrqm/s  %wrqm w_await wareq-sz     d/s     dkB/s   drqm/s  %drqm d_await dareq-sz     f/s f_await  aqu-sz  %util
nvme0n1          0.00      0.00     0.00   0.00    0.00     0.00 3889.00  50292.00     0.00   0.00    0.27    12.93    0.00      0.00     0.00   0.00    0.00     0.00  298.00    1.93    1.63  86.90


avg-cpu:  %user   %nice %system %iowait  %steal   %idle
           0.25    0.00    0.50    5.26    0.00   94.00

Device            r/s     rkB/s   rrqm/s  %rrqm r_await rareq-sz     w/s     wkB/s   wrqm/s  %wrqm w_await wareq-sz     d/s     dkB/s   drqm/s  %drqm d_await dareq-sz     f/s f_await  aqu-sz  %util
nvme0n1          0.00      0.00     0.00   0.00    0.00     0.00 3908.00  50528.00     0.00   0.00    0.27    12.93    0.00      0.00     0.00   0.00    0.00     0.00  300.00    1.95    1.65  85.90


avg-cpu:  %user   %nice %system %iowait  %steal   %idle
           0.19    0.00    0.56    5.33    0.00   93.92

Device            r/s     rkB/s   rrqm/s  %rrqm r_await rareq-sz     w/s     wkB/s   wrqm/s  %wrqm w_await wareq-sz     d/s     dkB/s   drqm/s  %drqm d_await dareq-sz     f/s f_await  aqu-sz  %util
nvme0n1          0.00      0.00     0.00   0.00    0.00     0.00 3908.00  50528.00     0.00   0.00    0.28    12.93    0.00      0.00     0.00   0.00    0.00     0.00  300.00    2.01    1.69  88.90


avg-cpu:  %user   %nice %system %iowait  %steal   %idle
           0.19    0.00    0.74    5.09    0.00   93.98

Device            r/s     rkB/s   rrqm/s  %rrqm r_await rareq-sz     w/s     wkB/s   wrqm/s  %wrqm w_await wareq-sz     d/s     dkB/s   drqm/s  %drqm d_await dareq-sz     f/s f_await  aqu-sz  %util
nvme0n1          3.00     48.00     0.00   0.00    1.00    16.00 5242.00  72060.00     0.00   0.00    2.63    13.75    0.00      0.00     0.00   0.00    0.00     0.00  295.00    1.89   14.35  83.20


avg-cpu:  %user   %nice %system %iowait  %steal   %idle
           0.19    0.00    0.50    5.02    0.00   94.30

Device            r/s     rkB/s   rrqm/s  %rrqm r_await rareq-sz     w/s     wkB/s   wrqm/s  %wrqm w_await wareq-sz     d/s     dkB/s   drqm/s  %drqm d_await dareq-sz     f/s f_await  aqu-sz  %util
nvme0n1          0.00      0.00     0.00   0.00    0.00     0.00 2584.00  29344.00     0.00   0.00    0.35    11.36    0.00      0.00     0.00   0.00    0.00     0.00  300.00    1.89    1.46  81.90


avg-cpu:  %user   %nice %system %iowait  %steal   %idle
           0.19    0.00    0.31    5.21    0.00   94.29

Device            r/s     rkB/s   rrqm/s  %rrqm r_await rareq-sz     w/s     wkB/s   wrqm/s  %wrqm w_await wareq-sz     d/s     dkB/s   drqm/s  %drqm d_await dareq-sz     f/s f_await  aqu-sz  %util
nvme0n1          0.00      0.00     0.00   0.00    0.00     0.00 3080.00  37280.00     0.00   0.00    0.31    12.10    0.00      0.00     0.00   0.00    0.00     0.00  300.00    1.90    1.53  85.00


avg-cpu:  %user   %nice %system %iowait  %steal   %idle
           0.19    0.00    0.43    5.34    0.00   94.04

Device            r/s     rkB/s   rrqm/s  %rrqm r_await rareq-sz     w/s     wkB/s   wrqm/s  %wrqm w_await wareq-sz     d/s     dkB/s   drqm/s  %drqm d_await dareq-sz     f/s f_await  aqu-sz  %util
nvme0n1          0.00      0.00     0.00   0.00    0.00     0.00 3228.00  39648.00     0.00   0.00    0.30    12.28    0.00      0.00     0.00   0.00    0.00     0.00  300.00    1.91    1.54  87.00


avg-cpu:  %user   %nice %system %iowait  %steal   %idle
           0.12    0.00    0.44    5.34    0.00   94.10

Device            r/s     rkB/s   rrqm/s  %rrqm r_await rareq-sz     w/s     wkB/s   wrqm/s  %wrqm w_await wareq-sz     d/s     dkB/s   drqm/s  %drqm d_await dareq-sz     f/s f_await  aqu-sz  %util
nvme0n1          0.00      0.00     0.00   0.00    0.00     0.00 3425.00  42812.00     0.00   0.00    0.29    12.50    0.00      0.00     0.00   0.00    0.00     0.00  300.00    1.94    1.58  87.20


avg-cpu:  %user   %nice %system %iowait  %steal   %idle
           0.25    0.00    0.56    5.40    0.00   93.80

Device            r/s     rkB/s   rrqm/s  %rrqm r_await rareq-sz     w/s     wkB/s   wrqm/s  %wrqm w_await wareq-sz     d/s     dkB/s   drqm/s  %drqm d_await dareq-sz     f/s f_await  aqu-sz  %util
nvme0n1          0.00      0.00     0.00   0.00    0.00     0.00 3902.00  50432.00     0.00   0.00    0.28    12.92    0.00      0.00     0.00   0.00    0.00     0.00  300.00    2.07    1.72  90.20


avg-cpu:  %user   %nice %system %iowait  %steal   %idle
           0.25    0.00    0.50    5.33    0.00   93.93

Device            r/s     rkB/s   rrqm/s  %rrqm r_await rareq-sz     w/s     wkB/s   wrqm/s  %wrqm w_await wareq-sz     d/s     dkB/s   drqm/s  %drqm d_await dareq-sz     f/s f_await  aqu-sz  %util
nvme0n1          0.00      0.00     0.00   0.00    0.00     0.00 4229.00  55652.00     0.00   0.00    0.49    13.16    0.00      0.00     0.00   0.00    0.00     0.00  300.00    2.02    2.66  88.60


avg-cpu:  %user   %nice %system %iowait  %steal   %idle
           0.19    0.00    0.50    5.40    0.00   93.92

Device            r/s     rkB/s   rrqm/s  %rrqm r_await rareq-sz     w/s     wkB/s   wrqm/s  %wrqm w_await wareq-sz     d/s     dkB/s   drqm/s  %drqm d_await dareq-sz     f/s f_await  aqu-sz  %util
nvme0n1          0.00      0.00     0.00   0.00    0.00     0.00 3884.00  50224.00     0.00   0.00    0.28    12.93    0.00      0.00     0.00   0.00    0.00     0.00  298.00    1.98    1.66  87.90


avg-cpu:  %user   %nice %system %iowait  %steal   %idle
           1.06    0.31    0.99    1.93    0.00   95.71

Device            r/s     rkB/s   rrqm/s  %rrqm r_await rareq-sz     w/s     wkB/s   wrqm/s  %wrqm w_await wareq-sz     d/s     dkB/s   drqm/s  %drqm d_await dareq-sz     f/s f_await  aqu-sz  %util
nvme0n1          0.00      0.00     0.00   0.00    0.00     0.00 1361.00  17272.00     0.00   0.00    0.28    12.69    0.00      0.00     0.00   0.00    0.00     0.00  109.00    1.95    0.60  32.10


avg-cpu:  %user   %nice %system %iowait  %steal   %idle
           0.19    0.00    0.43    5.34    0.00   94.04

Device            r/s     rkB/s   rrqm/s  %rrqm r_await rareq-sz     w/s     wkB/s   wrqm/s  %wrqm w_await wareq-sz     d/s     dkB/s   drqm/s  %drqm d_await dareq-sz     f/s f_await  aqu-sz  %util
nvme0n1          0.00      0.00     0.00   0.00    0.00     0.00 3917.00  50632.00     0.00   0.00    0.27    12.93    0.00      0.00     0.00   0.00    0.00     0.00  301.00    2.01    1.68  87.30


avg-cpu:  %user   %nice %system %iowait  %steal   %idle
           0.37    0.00    0.56    5.14    0.00   93.93

Device            r/s     rkB/s   rrqm/s  %rrqm r_await rareq-sz     w/s     wkB/s   wrqm/s  %wrqm w_await wareq-sz     d/s     dkB/s   drqm/s  %drqm d_await dareq-sz     f/s f_await  aqu-sz  %util
nvme0n1          0.00      0.00     0.00   0.00    0.00     0.00 3900.00  50352.00     0.00   0.00    0.27    12.91    0.00      0.00     0.00   0.00    0.00     0.00  300.00    1.89    1.61  85.40


avg-cpu:  %user   %nice %system %iowait  %steal   %idle
           0.25    0.00    0.37    5.33    0.00   94.04

Device            r/s     rkB/s   rrqm/s  %rrqm r_await rareq-sz     w/s     wkB/s   wrqm/s  %wrqm w_await wareq-sz     d/s     dkB/s   drqm/s  %drqm d_await dareq-sz     f/s f_await  aqu-sz  %util
nvme0n1          0.00      0.00     0.00   0.00    0.00     0.00 3905.00  50496.00     0.00   0.00    0.27    12.93    0.00      0.00     0.00   0.00    0.00     0.00  299.00    1.93    1.63  87.20


avg-cpu:  %user   %nice %system %iowait  %steal   %idle
           0.19    0.00    0.50    5.41    0.00   93.91

Device            r/s     rkB/s   rrqm/s  %rrqm r_await rareq-sz     w/s     wkB/s   wrqm/s  %wrqm w_await wareq-sz     d/s     dkB/s   drqm/s  %drqm d_await dareq-sz     f/s f_await  aqu-sz  %util
nvme0n1          0.00      0.00     0.00   0.00    0.00     0.00 3940.00  51000.00     0.00   0.00    0.27    12.94    0.00      0.00     0.00   0.00    0.00     0.00  301.00    1.98    1.66  88.00


avg-cpu:  %user   %nice %system %iowait  %steal   %idle
           0.19    0.00    0.37    5.41    0.00   94.03

Device            r/s     rkB/s   rrqm/s  %rrqm r_await rareq-sz     w/s     wkB/s   wrqm/s  %wrqm w_await wareq-sz     d/s     dkB/s   drqm/s  %drqm d_await dareq-sz     f/s f_await  aqu-sz  %util
nvme0n1          0.00      0.00     0.00   0.00    0.00     0.00 3961.00  51376.00     0.00   0.00    0.27    12.97    0.00      0.00     0.00   0.00    0.00     0.00  300.00    1.94    1.64  88.30


avg-cpu:  %user   %nice %system %iowait  %steal   %idle
           0.19    0.00    0.43    5.46    0.00   93.92

Device            r/s     rkB/s   rrqm/s  %rrqm r_await rareq-sz     w/s     wkB/s   wrqm/s  %wrqm w_await wareq-sz     d/s     dkB/s   drqm/s  %drqm d_await dareq-sz     f/s f_await  aqu-sz  %util
nvme0n1          0.00      0.00     0.00   0.00    0.00     0.00 3926.00  50784.00     0.00   0.00    0.27    12.94    0.00      0.00     0.00   0.00    0.00     0.00  302.00    1.95    1.65  89.90


avg-cpu:  %user   %nice %system %iowait  %steal   %idle
           0.25    0.00    0.56    5.33    0.00   93.86

Device            r/s     rkB/s   rrqm/s  %rrqm r_await rareq-sz     w/s     wkB/s   wrqm/s  %wrqm w_await wareq-sz     d/s     dkB/s   drqm/s  %drqm d_await dareq-sz     f/s f_await  aqu-sz  %util
nvme0n1          0.00      0.00     0.00   0.00    0.00     0.00 3930.00  50880.00     0.00   0.00    0.27    12.95    0.00      0.00     0.00   0.00    0.00     0.00  300.00    1.96    1.64  87.70


avg-cpu:  %user   %nice %system %iowait  %steal   %idle
           0.25    0.00    0.56    5.37    0.00   93.83

Device            r/s     rkB/s   rrqm/s  %rrqm r_await rareq-sz     w/s     wkB/s   wrqm/s  %wrqm w_await wareq-sz     d/s     dkB/s   drqm/s  %drqm d_await dareq-sz     f/s f_await  aqu-sz  %util
nvme0n1          0.00      0.00     0.00   0.00    0.00     0.00 3940.00  51016.00     0.00   0.00    0.27    12.95    0.00      0.00     0.00   0.00    0.00     0.00  300.00    1.98    1.66  88.70


avg-cpu:  %user   %nice %system %iowait  %steal   %idle
           0.25    0.00    0.43    5.34    0.00   93.98

Device            r/s     rkB/s   rrqm/s  %rrqm r_await rareq-sz     w/s     wkB/s   wrqm/s  %wrqm w_await wareq-sz     d/s     dkB/s   drqm/s  %drqm d_await dareq-sz     f/s f_await  aqu-sz  %util
nvme0n1          0.00      0.00     0.00   0.00    0.00     0.00 3894.00  50384.00     0.00   0.00    0.27    12.94    0.00      0.00     0.00   0.00    0.00     0.00  298.00    1.99    1.65  87.90


avg-cpu:  %user   %nice %system %iowait  %steal   %idle
           0.12    0.00    0.50    5.28    0.00   94.10

Device            r/s     rkB/s   rrqm/s  %rrqm r_await rareq-sz     w/s     wkB/s   wrqm/s  %wrqm w_await wareq-sz     d/s     dkB/s   drqm/s  %drqm d_await dareq-sz     f/s f_await  aqu-sz  %util
nvme0n1          0.00      0.00     0.00   0.00    0.00     0.00 3922.00  50752.00     0.00   0.00    0.27    12.94    0.00      0.00     0.00   0.00    0.00     0.00  300.00    1.94    1.64  86.10


avg-cpu:  %user   %nice %system %iowait  %steal   %idle
           0.12    0.00    0.44    5.35    0.00   94.09

Device            r/s     rkB/s   rrqm/s  %rrqm r_await rareq-sz     w/s     wkB/s   wrqm/s  %wrqm w_await wareq-sz     d/s     dkB/s   drqm/s  %drqm d_await dareq-sz     f/s f_await  aqu-sz  %util
nvme0n1          0.00      0.00     0.00   0.00    0.00     0.00 3944.00  51104.00     0.00   0.00    0.27    12.96    0.00      0.00     0.00   0.00    0.00     0.00  300.00    1.98    1.67  88.00


avg-cpu:  %user   %nice %system %iowait  %steal   %idle
           0.12    0.00    0.50    5.45    0.00   93.93

Device            r/s     rkB/s   rrqm/s  %rrqm r_await rareq-sz     w/s     wkB/s   wrqm/s  %wrqm w_await wareq-sz     d/s     dkB/s   drqm/s  %drqm d_await dareq-sz     f/s f_await  aqu-sz  %util
nvme0n1          0.00      0.00     0.00   0.00    0.00     0.00 3929.00  50848.00     0.00   0.00    0.27    12.94    0.00      0.00     0.00   0.00    0.00     0.00  301.00    1.98    1.66  88.90


avg-cpu:  %user   %nice %system %iowait  %steal   %idle
           0.25    0.00    0.43    5.20    0.00   94.11

Device            r/s     rkB/s   rrqm/s  %rrqm r_await rareq-sz     w/s     wkB/s   wrqm/s  %wrqm w_await wareq-sz     d/s     dkB/s   drqm/s  %drqm d_await dareq-sz     f/s f_await  aqu-sz  %util
nvme0n1          0.00      0.00     0.00   0.00    0.00     0.00 3918.00  50688.00     0.00   0.00    0.27    12.94    0.00      0.00     0.00   0.00    0.00     0.00  300.00    1.98    1.65  85.70


avg-cpu:  %user   %nice %system %iowait  %steal   %idle
           0.19    0.00    0.56    5.38    0.00   93.88

Device            r/s     rkB/s   rrqm/s  %rrqm r_await rareq-sz     w/s     wkB/s   wrqm/s  %wrqm w_await wareq-sz     d/s     dkB/s   drqm/s  %drqm d_await dareq-sz     f/s f_await  aqu-sz  %util
nvme0n1          0.00      0.00     0.00   0.00    0.00     0.00 3910.00  50560.00     0.00   0.00    0.27    12.93    0.00      0.00     0.00   0.00    0.00     0.00  300.00    2.03    1.68  90.00


avg-cpu:  %user   %nice %system %iowait  %steal   %idle
           0.19    0.00    0.37    5.44    0.00   94.00

Device            r/s     rkB/s   rrqm/s  %rrqm r_await rareq-sz     w/s     wkB/s   wrqm/s  %wrqm w_await wareq-sz     d/s     dkB/s   drqm/s  %drqm d_await dareq-sz     f/s f_await  aqu-sz  %util
nvme0n1          0.00      0.00     0.00   0.00    0.00     0.00 3904.00  50464.00     0.00   0.00    0.27    12.93    0.00      0.00     0.00   0.00    0.00     0.00  300.00    1.97    1.65  89.50


avg-cpu:  %user   %nice %system %iowait  %steal   %idle
           0.25    0.00    0.37    5.46    0.00   93.92

Device            r/s     rkB/s   rrqm/s  %rrqm r_await rareq-sz     w/s     wkB/s   wrqm/s  %wrqm w_await wareq-sz     d/s     dkB/s   drqm/s  %drqm d_await dareq-sz     f/s f_await  aqu-sz  %util
nvme0n1          0.00      0.00     0.00   0.00    0.00     0.00 3904.00  50464.00     0.00   0.00    0.28    12.93    0.00      0.00     0.00   0.00    0.00     0.00  300.00    2.03    1.70  89.30


avg-cpu:  %user   %nice %system %iowait  %steal   %idle
           0.19    0.00    0.50    5.32    0.00   94.00

Device            r/s     rkB/s   rrqm/s  %rrqm r_await rareq-sz     w/s     wkB/s   wrqm/s  %wrqm w_await wareq-sz     d/s     dkB/s   drqm/s  %drqm d_await dareq-sz     f/s f_await  aqu-sz  %util
nvme0n1          0.00      0.00     0.00   0.00    0.00     0.00 3947.00  51168.00     0.00   0.00    0.27    12.96    0.00      0.00     0.00   0.00    0.00     0.00  299.00    1.97    1.65  88.80


avg-cpu:  %user   %nice %system %iowait  %steal   %idle
           0.12    0.00    0.56    5.27    0.00   94.04

Device            r/s     rkB/s   rrqm/s  %rrqm r_await rareq-sz     w/s     wkB/s   wrqm/s  %wrqm w_await wareq-sz     d/s     dkB/s   drqm/s  %drqm d_await dareq-sz     f/s f_await  aqu-sz  %util
nvme0n1          0.00      0.00     0.00   0.00    0.00     0.00 3917.00  50632.00     0.00   0.00    0.27    12.93    0.00      0.00     0.00   0.00    0.00     0.00  301.00    2.00    1.67  86.20


avg-cpu:  %user   %nice %system %iowait  %steal   %idle
           0.12    0.00    0.44    5.47    0.00   93.97

Device            r/s     rkB/s   rrqm/s  %rrqm r_await rareq-sz     w/s     wkB/s   wrqm/s  %wrqm w_await wareq-sz     d/s     dkB/s   drqm/s  %drqm d_await dareq-sz     f/s f_await  aqu-sz  %util
nvme0n1          0.00      0.00     0.00   0.00    0.00     0.00 3893.00  50328.00     0.00   0.00    0.27    12.93    0.00      0.00     0.00   0.00    0.00     0.00  299.00    2.01    1.66  90.30


avg-cpu:  %user   %nice %system %iowait  %steal   %idle
           0.12    0.00    0.50    5.08    0.00   94.30

Device            r/s     rkB/s   rrqm/s  %rrqm r_await rareq-sz     w/s     wkB/s   wrqm/s  %wrqm w_await wareq-sz     d/s     dkB/s   drqm/s  %drqm d_await dareq-sz     f/s f_await  aqu-sz  %util
nvme0n1          0.00      0.00     0.00   0.00    0.00     0.00 3902.00  50432.00     0.00   0.00    0.26    12.92    0.00      0.00     0.00   0.00    0.00     0.00  300.00    1.86    1.58  83.80


avg-cpu:  %user   %nice %system %iowait  %steal   %idle
           0.19    0.00    0.43    5.26    0.00   94.12

Device            r/s     rkB/s   rrqm/s  %rrqm r_await rareq-sz     w/s     wkB/s   wrqm/s  %wrqm w_await wareq-sz     d/s     dkB/s   drqm/s  %drqm d_await dareq-sz     f/s f_await  aqu-sz  %util
nvme0n1          0.00      0.00     0.00   0.00    0.00     0.00 3916.00  50656.00     0.00   0.00    0.27    12.94    0.00      0.00     0.00   0.00    0.00     0.00  300.00    1.97    1.66  86.10


avg-cpu:  %user   %nice %system %iowait  %steal   %idle
           0.19    0.00    0.74    5.27    0.00   93.80

Device            r/s     rkB/s   rrqm/s  %rrqm r_await rareq-sz     w/s     wkB/s   wrqm/s  %wrqm w_await wareq-sz     d/s     dkB/s   drqm/s  %drqm d_await dareq-sz     f/s f_await  aqu-sz  %util
nvme0n1          5.00     80.00     0.00   0.00    0.80    16.00 5754.00  80356.00     0.00   0.00    3.15    13.97    0.00      0.00     0.00   0.00    0.00     0.00  293.00    1.88   18.69  86.30


avg-cpu:  %user   %nice %system %iowait  %steal   %idle
           0.19    0.00    0.37    5.20    0.00   94.24

Device            r/s     rkB/s   rrqm/s  %rrqm r_await rareq-sz     w/s     wkB/s   wrqm/s  %wrqm w_await wareq-sz     d/s     dkB/s   drqm/s  %drqm d_await dareq-sz     f/s f_await  aqu-sz  %util
nvme0n1          0.00      0.00     0.00   0.00    0.00     0.00 2352.00  25632.00     0.00   0.00    0.37    10.90    0.00      0.00     0.00   0.00    0.00     0.00  300.00    1.87    1.43  84.10


avg-cpu:  %user   %nice %system %iowait  %steal   %idle
           0.19    0.00    0.31    5.20    0.00   94.30

Device            r/s     rkB/s   rrqm/s  %rrqm r_await rareq-sz     w/s     wkB/s   wrqm/s  %wrqm w_await wareq-sz     d/s     dkB/s   drqm/s  %drqm d_await dareq-sz     f/s f_await  aqu-sz  %util
nvme0n1          0.00      0.00     0.00   0.00    0.00     0.00 3067.00  37088.00     0.00   0.00    0.31    12.09    0.00      0.00     0.00   0.00    0.00     0.00  299.00    1.90    1.52  84.70


avg-cpu:  %user   %nice %system %iowait  %steal   %idle
           0.19    0.00    0.56    5.15    0.00   94.10

Device            r/s     rkB/s   rrqm/s  %rrqm r_await rareq-sz     w/s     wkB/s   wrqm/s  %wrqm w_await wareq-sz     d/s     dkB/s   drqm/s  %drqm d_await dareq-sz     f/s f_await  aqu-sz  %util
nvme0n1          0.00      0.00     0.00   0.00    0.00     0.00 3202.00  39256.00     0.00   0.00    0.30    12.26    0.00      0.00     0.00   0.00    0.00     0.00  300.00    1.90    1.54  84.40


avg-cpu:  %user   %nice %system %iowait  %steal   %idle
           0.12    0.00    0.31    5.28    0.00   94.28

Device            r/s     rkB/s   rrqm/s  %rrqm r_await rareq-sz     w/s     wkB/s   wrqm/s  %wrqm w_await wareq-sz     d/s     dkB/s   drqm/s  %drqm d_await dareq-sz     f/s f_await  aqu-sz  %util
nvme0n1          0.00      0.00     0.00   0.00    0.00     0.00 3400.00  42376.00     0.00   0.00    0.29    12.46    0.00      0.00     0.00   0.00    0.00     0.00  300.00    1.93    1.56  85.60


avg-cpu:  %user   %nice %system %iowait  %steal   %idle
           0.12    0.00    0.50    5.45    0.00   93.93

Device            r/s     rkB/s   rrqm/s  %rrqm r_await rareq-sz     w/s     wkB/s   wrqm/s  %wrqm w_await wareq-sz     d/s     dkB/s   drqm/s  %drqm d_await dareq-sz     f/s f_await  aqu-sz  %util
nvme0n1          0.00      0.00     0.00   0.00    0.00     0.00 3869.00  49888.00     0.00   0.00    0.28    12.89    0.00      0.00     0.00   0.00    0.00     0.00  301.00    2.03    1.68  89.60


avg-cpu:  %user   %nice %system %iowait  %steal   %idle
           0.19    0.00    0.43    5.40    0.00   93.98

Device            r/s     rkB/s   rrqm/s  %rrqm r_await rareq-sz     w/s     wkB/s   wrqm/s  %wrqm w_await wareq-sz     d/s     dkB/s   drqm/s  %drqm d_await dareq-sz     f/s f_await  aqu-sz  %util
nvme0n1          0.00      0.00     0.00   0.00    0.00     0.00 4246.00  55936.00     0.00   0.00    0.38    13.17    0.00      0.00     0.00   0.00    0.00     0.00  300.00    2.02    2.22  88.40


avg-cpu:  %user   %nice %system %iowait  %steal   %idle
           0.12    0.00    0.56    5.21    0.00   94.11

Device            r/s     rkB/s   rrqm/s  %rrqm r_await rareq-sz     w/s     wkB/s   wrqm/s  %wrqm w_await wareq-sz     d/s     dkB/s   drqm/s  %drqm d_await dareq-sz     f/s f_await  aqu-sz  %util
nvme0n1          0.00      0.00     0.00   0.00    0.00     0.00 3896.00  50364.00     0.00   0.00    0.27    12.93    0.00      0.00     0.00   0.00    0.00     0.00  299.00    1.92    1.63  86.20


avg-cpu:  %user   %nice %system %iowait  %steal   %idle
           0.12    0.00    0.43    5.39    0.00   94.05

Device            r/s     rkB/s   rrqm/s  %rrqm r_await rareq-sz     w/s     wkB/s   wrqm/s  %wrqm w_await wareq-sz     d/s     dkB/s   drqm/s  %drqm d_await dareq-sz     f/s f_await  aqu-sz  %util
nvme0n1          0.00      0.00     0.00   0.00    0.00     0.00 4041.00  51416.00     1.00   0.02    0.27    12.72    0.00      0.00     0.00   0.00    0.00     0.00  300.00    1.97    1.70  88.20


avg-cpu:  %user   %nice %system %iowait  %steal   %idle
           0.19    0.00    0.50    5.58    0.00   93.74

Device            r/s     rkB/s   rrqm/s  %rrqm r_await rareq-sz     w/s     wkB/s   wrqm/s  %wrqm w_await wareq-sz     d/s     dkB/s   drqm/s  %drqm d_await dareq-sz     f/s f_await  aqu-sz  %util
nvme0n1          0.00      0.00     0.00   0.00    0.00     0.00 3921.00  50708.00     0.00   0.00    0.27    12.93    0.00      0.00     0.00   0.00    0.00     0.00  300.00    1.99    1.67  90.90


avg-cpu:  %user   %nice %system %iowait  %steal   %idle
           0.12    0.00    0.43    5.46    0.00   93.98

Device            r/s     rkB/s   rrqm/s  %rrqm r_await rareq-sz     w/s     wkB/s   wrqm/s  %wrqm w_await wareq-sz     d/s     dkB/s   drqm/s  %drqm d_await dareq-sz     f/s f_await  aqu-sz  %util
nvme0n1          0.00      0.00     0.00   0.00    0.00     0.00 3891.00  50296.00     0.00   0.00    0.28    12.93    0.00      0.00     0.00   0.00    0.00     0.00  299.00    2.02    1.68  89.00


avg-cpu:  %user   %nice %system %iowait  %steal   %idle
           0.12    0.00    0.43    5.28    0.00   94.16

Device            r/s     rkB/s   rrqm/s  %rrqm r_await rareq-sz     w/s     wkB/s   wrqm/s  %wrqm w_await wareq-sz     d/s     dkB/s   drqm/s  %drqm d_await dareq-sz     f/s f_await  aqu-sz  %util
nvme0n1          0.00      0.00     0.00   0.00    0.00     0.00 3935.00  50872.00     0.00   0.00    0.27    12.93    0.00      0.00     0.00   0.00    0.00     0.00  301.00    1.94    1.65  87.00


avg-cpu:  %user   %nice %system %iowait  %steal   %idle
           0.19    0.00    0.43    5.15    0.00   94.23

Device            r/s     rkB/s   rrqm/s  %rrqm r_await rareq-sz     w/s     wkB/s   wrqm/s  %wrqm w_await wareq-sz     d/s     dkB/s   drqm/s  %drqm d_await dareq-sz     f/s f_await  aqu-sz  %util
nvme0n1          0.00      0.00     0.00   0.00    0.00     0.00 3901.00  50404.00     0.00   0.00    0.26    12.92    0.00      0.00     0.00   0.00    0.00     0.00  300.00    1.86    1.59  84.90


avg-cpu:  %user   %nice %system %iowait  %steal   %idle
           0.12    0.00    0.50    5.26    0.00   94.12

Device            r/s     rkB/s   rrqm/s  %rrqm r_await rareq-sz     w/s     wkB/s   wrqm/s  %wrqm w_await wareq-sz     d/s     dkB/s   drqm/s  %drqm d_await dareq-sz     f/s f_await  aqu-sz  %util
nvme0n1          0.00      0.00     0.00   0.00    0.00     0.00 3909.00  50528.00     0.00   0.00    0.27    12.93    0.00      0.00     0.00   0.00    0.00     0.00  301.00    1.88    1.62  86.80


avg-cpu:  %user   %nice %system %iowait  %steal   %idle
           0.19    0.00    0.43    5.34    0.00   94.04

Device            r/s     rkB/s   rrqm/s  %rrqm r_await rareq-sz     w/s     wkB/s   wrqm/s  %wrqm w_await wareq-sz     d/s     dkB/s   drqm/s  %drqm d_await dareq-sz     f/s f_await  aqu-sz  %util
nvme0n1          0.00      0.00     0.00   0.00    0.00     0.00 3928.00  50848.00     0.00   0.00    0.27    12.95    0.00      0.00     0.00   0.00    0.00     0.00  300.00    2.00    1.68  88.40


avg-cpu:  %user   %nice %system %iowait  %steal   %idle
           0.12    0.00    0.56    5.27    0.00   94.05

Device            r/s     rkB/s   rrqm/s  %rrqm r_await rareq-sz     w/s     wkB/s   wrqm/s  %wrqm w_await wareq-sz     d/s     dkB/s   drqm/s  %drqm d_await dareq-sz     f/s f_await  aqu-sz  %util
nvme0n1          0.00      0.00     0.00   0.00    0.00     0.00 3902.00  50432.00     0.00   0.00    0.27    12.92    0.00      0.00     0.00   0.00    0.00     0.00  300.00    1.96    1.65  87.10


avg-cpu:  %user   %nice %system %iowait  %steal   %idle
           0.19    0.00    0.43    5.28    0.00   94.10

Device            r/s     rkB/s   rrqm/s  %rrqm r_await rareq-sz     w/s     wkB/s   wrqm/s  %wrqm w_await wareq-sz     d/s     dkB/s   drqm/s  %drqm d_await dareq-sz     f/s f_await  aqu-sz  %util
nvme0n1          0.00      0.00     0.00   0.00    0.00     0.00 3909.00  50560.00     0.00   0.00    0.27    12.93    0.00      0.00     0.00   0.00    0.00     0.00  299.00    1.92    1.63  86.50


avg-cpu:  %user   %nice %system %iowait  %steal   %idle
           0.19    0.00    0.37    5.27    0.00   94.17

Device            r/s     rkB/s   rrqm/s  %rrqm r_await rareq-sz     w/s     wkB/s   wrqm/s  %wrqm w_await wareq-sz     d/s     dkB/s   drqm/s  %drqm d_await dareq-sz     f/s f_await  aqu-sz  %util
nvme0n1          0.00      0.00     0.00   0.00    0.00     0.00 3929.00  50848.00     0.00   0.00    0.27    12.94    0.00      0.00     0.00   0.00    0.00     0.00  301.00    1.92    1.63  86.80


avg-cpu:  %user   %nice %system %iowait  %steal   %idle
           0.19    0.00    0.50    5.28    0.00   94.04

Device            r/s     rkB/s   rrqm/s  %rrqm r_await rareq-sz     w/s     wkB/s   wrqm/s  %wrqm w_await wareq-sz     d/s     dkB/s   drqm/s  %drqm d_await dareq-sz     f/s f_await  aqu-sz  %util
nvme0n1          0.00      0.00     0.00   0.00    0.00     0.00 3939.00  51040.00     0.00   0.00    0.27    12.96    0.00      0.00     0.00   0.00    0.00     0.00  299.00    1.95    1.65  87.70


avg-cpu:  %user   %nice %system %iowait  %steal   %idle
           0.12    0.00    0.50    5.27    0.00   94.11

Device            r/s     rkB/s   rrqm/s  %rrqm r_await rareq-sz     w/s     wkB/s   wrqm/s  %wrqm w_await wareq-sz     d/s     dkB/s   drqm/s  %drqm d_await dareq-sz     f/s f_await  aqu-sz  %util
nvme0n1          0.00      0.00     0.00   0.00    0.00     0.00 3916.00  50656.00     0.00   0.00    0.27    12.94    0.00      0.00     0.00   0.00    0.00     0.00  300.00    1.94    1.64  86.10


avg-cpu:  %user   %nice %system %iowait  %steal   %idle
           0.19    0.00    0.50    5.16    0.00   94.16

Device            r/s     rkB/s   rrqm/s  %rrqm r_await rareq-sz     w/s     wkB/s   wrqm/s  %wrqm w_await wareq-sz     d/s     dkB/s   drqm/s  %drqm d_await dareq-sz     f/s f_await  aqu-sz  %util
nvme0n1          0.00      0.00     0.00   0.00    0.00     0.00 3924.00  50784.00     0.00   0.00    0.27    12.94    0.00      0.00     0.00   0.00    0.00     0.00  300.00    1.96    1.65  85.60


avg-cpu:  %user   %nice %system %iowait  %steal   %idle
           0.19    0.00    0.37    5.46    0.00   93.99

Device            r/s     rkB/s   rrqm/s  %rrqm r_await rareq-sz     w/s     wkB/s   wrqm/s  %wrqm w_await wareq-sz     d/s     dkB/s   drqm/s  %drqm d_await dareq-sz     f/s f_await  aqu-sz  %util
nvme0n1          0.00      0.00     0.00   0.00    0.00     0.00 3936.00  50976.00     0.00   0.00    0.27    12.95    0.00      0.00     0.00   0.00    0.00     0.00  300.00    1.97    1.65  89.00


avg-cpu:  %user   %nice %system %iowait  %steal   %idle
           0.12    0.00    0.43    5.52    0.00   93.92

Device            r/s     rkB/s   rrqm/s  %rrqm r_await rareq-sz     w/s     wkB/s   wrqm/s  %wrqm w_await wareq-sz     d/s     dkB/s   drqm/s  %drqm d_await dareq-sz     f/s f_await  aqu-sz  %util
nvme0n1          0.00      0.00     0.00   0.00    0.00     0.00 3875.00  49932.00     0.00   0.00    0.28    12.89    0.00      0.00     0.00   0.00    0.00     0.00  302.00    1.98    1.67  90.30


avg-cpu:  %user   %nice %system %iowait  %steal   %idle
           0.19    0.00    0.43    5.32    0.00   94.06

Device            r/s     rkB/s   rrqm/s  %rrqm r_await rareq-sz     w/s     wkB/s   wrqm/s  %wrqm w_await wareq-sz     d/s     dkB/s   drqm/s  %drqm d_await dareq-sz     f/s f_await  aqu-sz  %util
nvme0n1          0.00      0.00     0.00   0.00    0.00     0.00 3315.00  41028.00     0.00   0.00    0.30    12.38    1.00    528.00     0.00   0.00    2.00   528.00  300.00    1.90    1.55  87.40


avg-cpu:  %user   %nice %system %iowait  %steal   %idle
           0.25    0.00    0.43    5.15    0.00   94.17

Device            r/s     rkB/s   rrqm/s  %rrqm r_await rareq-sz     w/s     wkB/s   wrqm/s  %wrqm w_await wareq-sz     d/s     dkB/s   drqm/s  %drqm d_await dareq-sz     f/s f_await  aqu-sz  %util
nvme0n1          0.00      0.00     0.00   0.00    0.00     0.00 3339.00  41424.00     0.00   0.00    0.29    12.41    0.00      0.00     0.00   0.00    0.00     0.00  300.00    1.91    1.55  84.60


avg-cpu:  %user   %nice %system %iowait  %steal   %idle
           0.19    0.00    0.56    5.27    0.00   93.99

Device            r/s     rkB/s   rrqm/s  %rrqm r_await rareq-sz     w/s     wkB/s   wrqm/s  %wrqm w_await wareq-sz     d/s     dkB/s   drqm/s  %drqm d_await dareq-sz     f/s f_await  aqu-sz  %util
nvme0n1          0.00      0.00     0.00   0.00    0.00     0.00 3570.00  45104.00     0.00   0.00    0.28    12.63    0.00      0.00     0.00   0.00    0.00     0.00  301.00    1.91    1.58  84.90


avg-cpu:  %user   %nice %system %iowait  %steal   %idle
           0.19    0.00    0.37    5.34    0.00   94.10

Device            r/s     rkB/s   rrqm/s  %rrqm r_await rareq-sz     w/s     wkB/s   wrqm/s  %wrqm w_await wareq-sz     d/s     dkB/s   drqm/s  %drqm d_await dareq-sz     f/s f_await  aqu-sz  %util
nvme0n1          0.00      0.00     0.00   0.00    0.00     0.00 3890.00  50296.00     0.00   0.00    0.27    12.93    0.00      0.00     0.00   0.00    0.00     0.00  298.00    1.98    1.65  87.00


avg-cpu:  %user   %nice %system %iowait  %steal   %idle
           0.19    0.00    0.56    5.44    0.00   93.82

Device            r/s     rkB/s   rrqm/s  %rrqm r_await rareq-sz     w/s     wkB/s   wrqm/s  %wrqm w_await wareq-sz     d/s     dkB/s   drqm/s  %drqm d_await dareq-sz     f/s f_await  aqu-sz  %util
nvme0n1          0.00      0.00     0.00   0.00    0.00     0.00 3917.00  50632.00     0.00   0.00    0.28    12.93    0.00      0.00     0.00   0.00    0.00     0.00  301.00    2.06    1.71  91.00


avg-cpu:  %user   %nice %system %iowait  %steal   %idle
           0.12    0.00    0.37    5.29    0.00   94.21

Device            r/s     rkB/s   rrqm/s  %rrqm r_await rareq-sz     w/s     wkB/s   wrqm/s  %wrqm w_await wareq-sz     d/s     dkB/s   drqm/s  %drqm d_await dareq-sz     f/s f_await  aqu-sz  %util
nvme0n1          0.00      0.00     0.00   0.00    0.00     0.00 3908.00  50528.00     0.00   0.00    0.27    12.93    0.00      0.00     0.00   0.00    0.00     0.00  300.00    1.96    1.65  86.60


avg-cpu:  %user   %nice %system %iowait  %steal   %idle
           0.12    0.00    0.56    5.51    0.00   93.80

Device            r/s     rkB/s   rrqm/s  %rrqm r_await rareq-sz     w/s     wkB/s   wrqm/s  %wrqm w_await wareq-sz     d/s     dkB/s   drqm/s  %drqm d_await dareq-sz     f/s f_await  aqu-sz  %util
nvme0n1          0.00      0.00     0.00   0.00    0.00     0.00 3886.00  50256.00     0.00   0.00    0.28    12.93   11.00    352.00     0.00   0.00    2.55    32.00  298.00    1.97    1.69  88.10


avg-cpu:  %user   %nice %system %iowait  %steal   %idle
           0.25    0.00    0.74    5.21    0.00   93.79

Device            r/s     rkB/s   rrqm/s  %rrqm r_await rareq-sz     w/s     wkB/s   wrqm/s  %wrqm w_await wareq-sz     d/s     dkB/s   drqm/s  %drqm d_await dareq-sz     f/s f_await  aqu-sz  %util
nvme0n1          1.00     16.00     0.00   0.00    1.00    16.00 5989.00  84024.00     0.00   0.00    2.64    14.03    0.00      0.00     0.00   0.00    0.00     0.00  295.00    1.91   16.38  86.20


avg-cpu:  %user   %nice %system %iowait  %steal   %idle
           0.25    0.00    0.49    5.06    0.00   94.19

Device            r/s     rkB/s   rrqm/s  %rrqm r_await rareq-sz     w/s     wkB/s   wrqm/s  %wrqm w_await wareq-sz     d/s     dkB/s   drqm/s  %drqm d_await dareq-sz     f/s f_await  aqu-sz  %util
nvme0n1          0.00      0.00     0.00   0.00    0.00     0.00 2176.00  22816.00     0.00   0.00    0.39    10.49    0.00      0.00     0.00   0.00    0.00     0.00  300.00    1.88    1.42  83.70


avg-cpu:  %user   %nice %system %iowait  %steal   %idle
           0.25    0.00    0.43    5.28    0.00   94.04

Device            r/s     rkB/s   rrqm/s  %rrqm r_await rareq-sz     w/s     wkB/s   wrqm/s  %wrqm w_await wareq-sz     d/s     dkB/s   drqm/s  %drqm d_await dareq-sz     f/s f_await  aqu-sz  %util
nvme0n1          0.00      0.00     0.00   0.00    0.00     0.00 3034.00  36596.00     0.00   0.00    0.31    12.06    0.00      0.00     0.00   0.00    0.00     0.00  299.00    1.92    1.53  86.60


avg-cpu:  %user   %nice %system %iowait  %steal   %idle
           0.12    0.00    0.43    5.21    0.00   94.23

Device            r/s     rkB/s   rrqm/s  %rrqm r_await rareq-sz     w/s     wkB/s   wrqm/s  %wrqm w_await wareq-sz     d/s     dkB/s   drqm/s  %drqm d_await dareq-sz     f/s f_await  aqu-sz  %util
nvme0n1          0.00      0.00     0.00   0.00    0.00     0.00 3205.00  39296.00     0.00   0.00    0.30    12.26    0.00      0.00     0.00   0.00    0.00     0.00  299.00    1.89    1.52  85.50


avg-cpu:  %user   %nice %system %iowait  %steal   %idle
           0.12    0.00    0.43    5.27    0.00   94.17

Device            r/s     rkB/s   rrqm/s  %rrqm r_await rareq-sz     w/s     wkB/s   wrqm/s  %wrqm w_await wareq-sz     d/s     dkB/s   drqm/s  %drqm d_await dareq-sz     f/s f_await  aqu-sz  %util
nvme0n1          0.00      0.00     0.00   0.00    0.00     0.00 3293.00  40648.00     0.00   0.00    0.30    12.34    0.00      0.00     0.00   0.00    0.00     0.00  301.00    1.92    1.56  86.60


avg-cpu:  %user   %nice %system %iowait  %steal   %idle
           0.19    0.00    0.43    5.15    0.00   94.23

Device            r/s     rkB/s   rrqm/s  %rrqm r_await rareq-sz     w/s     wkB/s   wrqm/s  %wrqm w_await wareq-sz     d/s     dkB/s   drqm/s  %drqm d_await dareq-sz     f/s f_await  aqu-sz  %util
nvme0n1          0.00      0.00     0.00   0.00    0.00     0.00 3716.00  47456.00     0.00   0.00    0.27    12.77    0.00      0.00     0.00   0.00    0.00     0.00  300.00    1.87    1.56  84.40


avg-cpu:  %user   %nice %system %iowait  %steal   %idle
           0.12    0.00    0.50    5.33    0.00   94.06

Device            r/s     rkB/s   rrqm/s  %rrqm r_await rareq-sz     w/s     wkB/s   wrqm/s  %wrqm w_await wareq-sz     d/s     dkB/s   drqm/s  %drqm d_await dareq-sz     f/s f_await  aqu-sz  %util
nvme0n1          0.00      0.00     0.00   0.00    0.00     0.00 3881.00  50160.00     0.00   0.00    0.28    12.92    0.00      0.00     0.00   0.00    0.00     0.00  299.00    2.00    1.67  87.20


avg-cpu:  %user   %nice %system %iowait  %steal   %idle
           0.19    0.00    0.50    5.45    0.00   93.87

Device            r/s     rkB/s   rrqm/s  %rrqm r_await rareq-sz     w/s     wkB/s   wrqm/s  %wrqm w_await wareq-sz     d/s     dkB/s   drqm/s  %drqm d_await dareq-sz     f/s f_await  aqu-sz  %util
nvme0n1          0.00      0.00     0.00   0.00    0.00     0.00 4265.00  56256.00     0.00   0.00    0.49    13.19    0.00      0.00     0.00   0.00    0.00     0.00  299.00    2.02    2.67  89.20


avg-cpu:  %user   %nice %system %iowait  %steal   %idle
           0.12    0.00    0.50    5.45    0.00   93.93

Device            r/s     rkB/s   rrqm/s  %rrqm r_await rareq-sz     w/s     wkB/s   wrqm/s  %wrqm w_await wareq-sz     d/s     dkB/s   drqm/s  %drqm d_await dareq-sz     f/s f_await  aqu-sz  %util
nvme0n1          0.00      0.00     0.00   0.00    0.00     0.00 3909.00  50528.00     0.00   0.00    0.28    12.93    0.00      0.00     0.00   0.00    0.00     0.00  301.00    2.03    1.70  89.80


avg-cpu:  %user   %nice %system %iowait  %steal   %idle
           0.19    0.00    0.50    5.39    0.00   93.93

Device            r/s     rkB/s   rrqm/s  %rrqm r_await rareq-sz     w/s     wkB/s   wrqm/s  %wrqm w_await wareq-sz     d/s     dkB/s   drqm/s  %drqm d_await dareq-sz     f/s f_await  aqu-sz  %util
nvme0n1          0.00      0.00     0.00   0.00    0.00     0.00 3896.00  50364.00     0.00   0.00    0.28    12.93    0.00      0.00     0.00   0.00    0.00     0.00  299.00    2.02    1.69  89.50


avg-cpu:  %user   %nice %system %iowait  %steal   %idle
           0.12    0.00    0.43    5.27    0.00   94.18

Device            r/s     rkB/s   rrqm/s  %rrqm r_await rareq-sz     w/s     wkB/s   wrqm/s  %wrqm w_await wareq-sz     d/s     dkB/s   drqm/s  %drqm d_await dareq-sz     f/s f_await  aqu-sz  %util
nvme0n1          0.00      0.00     0.00   0.00    0.00     0.00 3904.00  50464.00     0.00   0.00    0.27    12.93    0.00      0.00     0.00   0.00    0.00     0.00  300.00    1.95    1.64  86.30


avg-cpu:  %user   %nice %system %iowait  %steal   %idle
           0.25    0.00    0.56    5.20    0.00   94.00

Device            r/s     rkB/s   rrqm/s  %rrqm r_await rareq-sz     w/s     wkB/s   wrqm/s  %wrqm w_await wareq-sz     d/s     dkB/s   drqm/s  %drqm d_await dareq-sz     f/s f_await  aqu-sz  %util
nvme0n1          0.00      0.00     0.00   0.00    0.00     0.00 3908.00  50528.00     0.00   0.00    0.27    12.93    0.00      0.00     0.00   0.00    0.00     0.00  300.00    1.94    1.63  85.80


avg-cpu:  %user   %nice %system %iowait  %steal   %idle
           0.19    0.00    0.43    5.15    0.00   94.23

Device            r/s     rkB/s   rrqm/s  %rrqm r_await rareq-sz     w/s     wkB/s   wrqm/s  %wrqm w_await wareq-sz     d/s     dkB/s   drqm/s  %drqm d_await dareq-sz     f/s f_await  aqu-sz  %util
nvme0n1          0.00      0.00     0.00   0.00    0.00     0.00 3918.00  50640.00     0.00   0.00    0.27    12.92    0.00      0.00     0.00   0.00    0.00     0.00  300.00    1.93    1.63  84.90


avg-cpu:  %user   %nice %system %iowait  %steal   %idle
           0.12    0.00    0.49    5.38    0.00   94.00

Device            r/s     rkB/s   rrqm/s  %rrqm r_await rareq-sz     w/s     wkB/s   wrqm/s  %wrqm w_await wareq-sz     d/s     dkB/s   drqm/s  %drqm d_await dareq-sz     f/s f_await  aqu-sz  %util
nvme0n1          0.00      0.00     0.00   0.00    0.00     0.00 3902.00  50432.00     0.00   0.00    0.27    12.92    0.00      0.00     0.00   0.00    0.00     0.00  300.00    1.96    1.65  88.00


avg-cpu:  %user   %nice %system %iowait  %steal   %idle
           0.19    0.00    0.50    5.46    0.00   93.86

Device            r/s     rkB/s   rrqm/s  %rrqm r_await rareq-sz     w/s     wkB/s   wrqm/s  %wrqm w_await wareq-sz     d/s     dkB/s   drqm/s  %drqm d_await dareq-sz     f/s f_await  aqu-sz  %util
nvme0n1          0.00      0.00     0.00   0.00    0.00     0.00 3941.00  51040.00     0.00   0.00    0.28    12.95    0.00      0.00     0.00   0.00    0.00     0.00  301.00    2.03    1.70  89.90


avg-cpu:  %user   %nice %system %iowait  %steal   %idle
           0.12    0.00    0.43    5.52    0.00   93.92

Device            r/s     rkB/s   rrqm/s  %rrqm r_await rareq-sz     w/s     wkB/s   wrqm/s  %wrqm w_await wareq-sz     d/s     dkB/s   drqm/s  %drqm d_await dareq-sz     f/s f_await  aqu-sz  %util
nvme0n1          0.00      0.00     0.00   0.00    0.00     0.00 3888.00  50264.00     0.00   0.00    0.28    12.93    0.00      0.00     0.00   0.00    0.00     0.00  298.00    2.03    1.69  89.90


avg-cpu:  %user   %nice %system %iowait  %steal   %idle
           0.25    0.00    0.43    5.33    0.00   93.99

Device            r/s     rkB/s   rrqm/s  %rrqm r_await rareq-sz     w/s     wkB/s   wrqm/s  %wrqm w_await wareq-sz     d/s     dkB/s   drqm/s  %drqm d_await dareq-sz     f/s f_await  aqu-sz  %util
nvme0n1          0.00      0.00     0.00   0.00    0.00     0.00 3917.00  50656.00     0.00   0.00    0.27    12.93    0.00      0.00     0.00   0.00    0.00     0.00  301.00    1.99    1.67  87.40


avg-cpu:  %user   %nice %system %iowait  %steal   %idle
           0.19    0.00    0.50    5.34    0.00   93.98

Device            r/s     rkB/s   rrqm/s  %rrqm r_await rareq-sz     w/s     wkB/s   wrqm/s  %wrqm w_await wareq-sz     d/s     dkB/s   drqm/s  %drqm d_await dareq-sz     f/s f_await  aqu-sz  %util
nvme0n1          0.00      0.00     0.00   0.00    0.00     0.00 3915.00  50656.00     0.00   0.00    0.27    12.94    0.00      0.00     0.00   0.00    0.00     0.00  299.00    1.94    1.64  87.30


avg-cpu:  %user   %nice %system %iowait  %steal   %idle
           0.25    0.00    0.43    5.39    0.00   93.92

Device            r/s     rkB/s   rrqm/s  %rrqm r_await rareq-sz     w/s     wkB/s   wrqm/s  %wrqm w_await wareq-sz     d/s     dkB/s   drqm/s  %drqm d_await dareq-sz     f/s f_await  aqu-sz  %util
nvme0n1          0.00      0.00     0.00   0.00    0.00     0.00 3919.00  50688.00     0.00   0.00    0.27    12.93    0.00      0.00     0.00   0.00    0.00     0.00  301.00    1.96    1.67  88.90


avg-cpu:  %user   %nice %system %iowait  %steal   %idle
           0.12    0.00    0.43    5.34    0.00   94.10

Device            r/s     rkB/s   rrqm/s  %rrqm r_await rareq-sz     w/s     wkB/s   wrqm/s  %wrqm w_await wareq-sz     d/s     dkB/s   drqm/s  %drqm d_await dareq-sz     f/s f_await  aqu-sz  %util
nvme0n1          0.00      0.00     0.00   0.00    0.00     0.00 3901.00  50456.00     0.00   0.00    0.27    12.93    0.00      0.00     0.00   0.00    0.00     0.00  299.00    1.94    1.64  86.60


avg-cpu:  %user   %nice %system %iowait  %steal   %idle
           0.25    0.00    0.50    5.15    0.00   94.10

Device            r/s     rkB/s   rrqm/s  %rrqm r_await rareq-sz     w/s     wkB/s   wrqm/s  %wrqm w_await wareq-sz     d/s     dkB/s   drqm/s  %drqm d_await dareq-sz     f/s f_await  aqu-sz  %util
nvme0n1          0.00      0.00     0.00   0.00    0.00     0.00 3914.00  50600.00     0.00   0.00    0.27    12.93    0.00      0.00     0.00   0.00    0.00     0.00  300.00    1.93    1.63  84.90


avg-cpu:  %user   %nice %system %iowait  %steal   %idle
           0.19    0.00    0.43    5.27    0.00   94.11

Device            r/s     rkB/s   rrqm/s  %rrqm r_await rareq-sz     w/s     wkB/s   wrqm/s  %wrqm w_await wareq-sz     d/s     dkB/s   drqm/s  %drqm d_await dareq-sz     f/s f_await  aqu-sz  %util
nvme0n1          0.00      0.00     0.00   0.00    0.00     0.00 3930.00  50880.00     0.00   0.00    0.27    12.95    0.00      0.00     0.00   0.00    0.00     0.00  300.00    1.98    1.66  86.80


avg-cpu:  %user   %nice %system %iowait  %steal   %idle
           0.25    0.00    0.50    5.33    0.00   93.92

Device            r/s     rkB/s   rrqm/s  %rrqm r_await rareq-sz     w/s     wkB/s   wrqm/s  %wrqm w_await wareq-sz     d/s     dkB/s   drqm/s  %drqm d_await dareq-sz     f/s f_await  aqu-sz  %util
nvme0n1          0.00      0.00     0.00   0.00    0.00     0.00 3908.00  50528.00     0.00   0.00    0.28    12.93    0.00      0.00     0.00   0.00    0.00     0.00  300.00    2.00    1.68  88.10


avg-cpu:  %user   %nice %system %iowait  %steal   %idle
           0.19    0.00    0.50    5.45    0.00   93.87

Device            r/s     rkB/s   rrqm/s  %rrqm r_await rareq-sz     w/s     wkB/s   wrqm/s  %wrqm w_await wareq-sz     d/s     dkB/s   drqm/s  %drqm d_await dareq-sz     f/s f_await  aqu-sz  %util
nvme0n1          0.00      0.00     0.00   0.00    0.00     0.00 3928.00  50848.00     0.00   0.00    0.28    12.95    0.00      0.00     0.00   0.00    0.00     0.00  300.00    2.00    1.68  88.60


avg-cpu:  %user   %nice %system %iowait  %steal   %idle
           0.19    0.00    0.49    5.32    0.00   94.00

Device            r/s     rkB/s   rrqm/s  %rrqm r_await rareq-sz     w/s     wkB/s   wrqm/s  %wrqm w_await wareq-sz     d/s     dkB/s   drqm/s  %drqm d_await dareq-sz     f/s f_await  aqu-sz  %util
nvme0n1          0.00      0.00     0.00   0.00    0.00     0.00 3928.00  50820.00     0.00   0.00    0.27    12.94    0.00      0.00     0.00   0.00    0.00     0.00  301.00    1.94    1.65  87.50


avg-cpu:  %user   %nice %system %iowait  %steal   %idle
           0.12    0.00    0.43    5.46    0.00   93.98

Device            r/s     rkB/s   rrqm/s  %rrqm r_await rareq-sz     w/s     wkB/s   wrqm/s  %wrqm w_await wareq-sz     d/s     dkB/s   drqm/s  %drqm d_await dareq-sz     f/s f_await  aqu-sz  %util
nvme0n1          0.00      0.00     0.00   0.00    0.00     0.00 3929.00  50852.00     0.00   0.00    0.27    12.94    0.00      0.00     0.00   0.00    0.00     0.00  300.00    1.96    1.66  89.30


avg-cpu:  %user   %nice %system %iowait  %steal   %idle
           0.93    0.31    1.00    1.74    0.00   96.02

Device            r/s     rkB/s   rrqm/s  %rrqm r_await rareq-sz     w/s     wkB/s   wrqm/s  %wrqm w_await wareq-sz     d/s     dkB/s   drqm/s  %drqm d_await dareq-sz     f/s f_await  aqu-sz  %util
nvme0n1          0.00      0.00     0.00   0.00    0.00     0.00 1208.00  15184.00     0.00   0.00    0.29    12.57    0.00      0.00     0.00   0.00    0.00     0.00  100.00    1.96    0.54  29.60


avg-cpu:  %user   %nice %system %iowait  %steal   %idle
           0.19    0.00    0.37    5.27    0.00   94.17

Device            r/s     rkB/s   rrqm/s  %rrqm r_await rareq-sz     w/s     wkB/s   wrqm/s  %wrqm w_await wareq-sz     d/s     dkB/s   drqm/s  %drqm d_await dareq-sz     f/s f_await  aqu-sz  %util
nvme0n1          0.00      0.00     0.00   0.00    0.00     0.00 3911.00  50560.00     0.00   0.00    0.27    12.93    0.00      0.00     0.00   0.00    0.00     0.00  301.00    1.95    1.64  86.30


avg-cpu:  %user   %nice %system %iowait  %steal   %idle
           0.25    0.00    0.62    5.32    0.00   93.81

Device            r/s     rkB/s   rrqm/s  %rrqm r_await rareq-sz     w/s     wkB/s   wrqm/s  %wrqm w_await wareq-sz     d/s     dkB/s   drqm/s  %drqm d_await dareq-sz     f/s f_await  aqu-sz  %util
nvme0n1          0.00      0.00     0.00   0.00    0.00     0.00 3903.00  50464.00     0.00   0.00    0.27    12.93    0.00      0.00     0.00   0.00    0.00     0.00  299.00    1.95    1.63  87.40


avg-cpu:  %user   %nice %system %iowait  %steal   %idle
           0.19    0.00    0.56    5.21    0.00   94.04

Device            r/s     rkB/s   rrqm/s  %rrqm r_await rareq-sz     w/s     wkB/s   wrqm/s  %wrqm w_await wareq-sz     d/s     dkB/s   drqm/s  %drqm d_await dareq-sz     f/s f_await  aqu-sz  %util
nvme0n1          0.00      0.00     0.00   0.00    0.00     0.00 3918.00  50688.00     0.00   0.00    0.27    12.94    0.00      0.00     0.00   0.00    0.00     0.00  300.00    1.94    1.63  85.80


avg-cpu:  %user   %nice %system %iowait  %steal   %idle
           0.19    0.00    0.93    5.14    0.00   93.74

Device            r/s     rkB/s   rrqm/s  %rrqm r_await rareq-sz     w/s     wkB/s   wrqm/s  %wrqm w_await wareq-sz     d/s     dkB/s   drqm/s  %drqm d_await dareq-sz     f/s f_await  aqu-sz  %util
nvme0n1          0.00      0.00     0.00   0.00    0.00     0.00 6361.00  90004.00     0.00   0.00    2.64    14.15    0.00      0.00     0.00   0.00    0.00     0.00  294.00    1.95   17.34  86.30


avg-cpu:  %user   %nice %system %iowait  %steal   %idle
           0.25    0.00    0.37    5.09    0.00   94.29

Device            r/s     rkB/s   rrqm/s  %rrqm r_await rareq-sz     w/s     wkB/s   wrqm/s  %wrqm w_await wareq-sz     d/s     dkB/s   drqm/s  %drqm d_await dareq-sz     f/s f_await  aqu-sz  %util
nvme0n1          0.00      0.00     0.00   0.00    0.00     0.00 2101.00  21600.00     0.00   0.00    0.41    10.28    0.00      0.00     0.00   0.00    0.00     0.00  301.00    1.87    1.42  82.50


avg-cpu:  %user   %nice %system %iowait  %steal   %idle
           0.25    0.00    0.37    5.28    0.00   94.10

Device            r/s     rkB/s   rrqm/s  %rrqm r_await rareq-sz     w/s     wkB/s   wrqm/s  %wrqm w_await wareq-sz     d/s     dkB/s   drqm/s  %drqm d_await dareq-sz     f/s f_await  aqu-sz  %util
nvme0n1          0.00      0.00     0.00   0.00    0.00     0.00 2908.00  34608.00     0.00   0.00    0.32    11.90    0.00      0.00     0.00   0.00    0.00     0.00  298.00    1.91    1.50  86.20


avg-cpu:  %user   %nice %system %iowait  %steal   %idle
           0.19    0.00    0.50    5.27    0.00   94.04

Device            r/s     rkB/s   rrqm/s  %rrqm r_await rareq-sz     w/s     wkB/s   wrqm/s  %wrqm w_await wareq-sz     d/s     dkB/s   drqm/s  %drqm d_await dareq-sz     f/s f_await  aqu-sz  %util
nvme0n1          0.00      0.00     0.00   0.00    0.00     0.00 3166.00  38632.00     0.00   0.00    0.31    12.20    0.00      0.00     0.00   0.00    0.00     0.00  300.00    1.91    1.54  86.70


avg-cpu:  %user   %nice %system %iowait  %steal   %idle
           0.19    0.00    0.44    5.11    0.00   94.27

Device            r/s     rkB/s   rrqm/s  %rrqm r_await rareq-sz     w/s     wkB/s   wrqm/s  %wrqm w_await wareq-sz     d/s     dkB/s   drqm/s  %drqm d_await dareq-sz     f/s f_await  aqu-sz  %util
nvme0n1          0.00      0.00     0.00   0.00    0.00     0.00 3290.00  40640.00     0.00   0.00    0.30    12.35    0.00      0.00     0.00   0.00    0.00     0.00  300.00    1.91    1.55  84.30


avg-cpu:  %user   %nice %system %iowait  %steal   %idle
           0.25    0.00    0.50    5.27    0.00   93.99

Device            r/s     rkB/s   rrqm/s  %rrqm r_await rareq-sz     w/s     wkB/s   wrqm/s  %wrqm w_await wareq-sz     d/s     dkB/s   drqm/s  %drqm d_await dareq-sz     f/s f_await  aqu-sz  %util
nvme0n1          0.00      0.00     0.00   0.00    0.00     0.00 3650.00  46400.00     0.00   0.00    0.28    12.71    0.00      0.00     0.00   0.00    0.00     0.00  300.00    1.94    1.60  86.50


avg-cpu:  %user   %nice %system %iowait  %steal   %idle
           0.19    0.00    0.37    5.27    0.00   94.17

Device            r/s     rkB/s   rrqm/s  %rrqm r_await rareq-sz     w/s     wkB/s   wrqm/s  %wrqm w_await wareq-sz     d/s     dkB/s   drqm/s  %drqm d_await dareq-sz     f/s f_await  aqu-sz  %util
nvme0n1          0.00      0.00     0.00   0.00    0.00     0.00 3892.00  50296.00     0.00   0.00    0.27    12.92    0.00      0.00     0.00   0.00    0.00     0.00  300.00    1.90    1.61  86.20


avg-cpu:  %user   %nice %system %iowait  %steal   %idle
           0.12    0.00    0.62    5.38    0.00   93.87

Device            r/s     rkB/s   rrqm/s  %rrqm r_await rareq-sz     w/s     wkB/s   wrqm/s  %wrqm w_await wareq-sz     d/s     dkB/s   drqm/s  %drqm d_await dareq-sz     f/s f_await  aqu-sz  %util
nvme0n1          0.00      0.00     0.00   0.00    0.00     0.00 3904.00  50464.00     0.00   0.00    0.27    12.93    0.00      0.00     0.00   0.00    0.00     0.00  300.00    1.94    1.64  88.50


avg-cpu:  %user   %nice %system %iowait  %steal   %idle
           0.19    0.00    0.43    5.39    0.00   93.99

Device            r/s     rkB/s   rrqm/s  %rrqm r_await rareq-sz     w/s     wkB/s   wrqm/s  %wrqm w_await wareq-sz     d/s     dkB/s   drqm/s  %drqm d_await dareq-sz     f/s f_await  aqu-sz  %util
nvme0n1          0.00      0.00     0.00   0.00    0.00     0.00 4282.00  56512.00     0.00   0.00    0.55    13.20    0.00      0.00     0.00   0.00    0.00     0.00  300.00    1.97    2.94  89.70


avg-cpu:  %user   %nice %system %iowait  %steal   %idle
           0.12    0.00    0.50    5.20    0.00   94.18

Device            r/s     rkB/s   rrqm/s  %rrqm r_await rareq-sz     w/s     wkB/s   wrqm/s  %wrqm w_await wareq-sz     d/s     dkB/s   drqm/s  %drqm d_await dareq-sz     f/s f_await  aqu-sz  %util
nvme0n1          0.00      0.00     0.00   0.00    0.00     0.00 3911.00  50592.00     0.00   0.00    0.27    12.94    0.00      0.00     0.00   0.00    0.00     0.00  299.00    1.87    1.60  85.40


avg-cpu:  %user   %nice %system %iowait  %steal   %idle
           0.19    0.00    0.37    5.22    0.00   94.22

Device            r/s     rkB/s   rrqm/s  %rrqm r_await rareq-sz     w/s     wkB/s   wrqm/s  %wrqm w_await wareq-sz     d/s     dkB/s   drqm/s  %drqm d_await dareq-sz     f/s f_await  aqu-sz  %util
nvme0n1          0.00      0.00     0.00   0.00    0.00     0.00 3902.00  50432.00     0.00   0.00    0.27    12.92    0.00      0.00     0.00   0.00    0.00     0.00  300.00    1.91    1.63  85.70


avg-cpu:  %user   %nice %system %iowait  %steal   %idle
           0.06    0.00    0.56    5.40    0.00   93.98

Device            r/s     rkB/s   rrqm/s  %rrqm r_await rareq-sz     w/s     wkB/s   wrqm/s  %wrqm w_await wareq-sz     d/s     dkB/s   drqm/s  %drqm d_await dareq-sz     f/s f_await  aqu-sz  %util
nvme0n1          0.00      0.00     0.00   0.00    0.00     0.00 3906.00  50496.00     0.00   0.00    0.27    12.93    0.00      0.00     0.00   0.00    0.00     0.00  300.00    1.97    1.65  88.70


avg-cpu:  %user   %nice %system %iowait  %steal   %idle
           0.25    0.00    0.31    5.47    0.00   93.98

Device            r/s     rkB/s   rrqm/s  %rrqm r_await rareq-sz     w/s     wkB/s   wrqm/s  %wrqm w_await wareq-sz     d/s     dkB/s   drqm/s  %drqm d_await dareq-sz     f/s f_await  aqu-sz  %util
nvme0n1          0.00      0.00     0.00   0.00    0.00     0.00 3914.00  50624.00     0.00   0.00    0.27    12.93    0.00      0.00     0.00   0.00    0.00     0.00  300.00    1.97    1.66  90.00


avg-cpu:  %user   %nice %system %iowait  %steal   %idle
           0.06    0.00    0.37    5.58    0.00   93.99

Device            r/s     rkB/s   rrqm/s  %rrqm r_await rareq-sz     w/s     wkB/s   wrqm/s  %wrqm w_await wareq-sz     d/s     dkB/s   drqm/s  %drqm d_await dareq-sz     f/s f_await  aqu-sz  %util
nvme0n1          0.00      0.00     0.00   0.00    0.00     0.00 3908.00  50456.00     0.00   0.00    0.27    12.91    0.00      0.00     0.00   0.00    0.00     0.00  300.00    1.96    1.66  90.60


avg-cpu:  %user   %nice %system %iowait  %steal   %idle
           0.25    0.00    0.43    5.21    0.00   94.11

Device            r/s     rkB/s   rrqm/s  %rrqm r_await rareq-sz     w/s     wkB/s   wrqm/s  %wrqm w_await wareq-sz     d/s     dkB/s   drqm/s  %drqm d_await dareq-sz     f/s f_await  aqu-sz  %util
nvme0n1          0.00      0.00     0.00   0.00    0.00     0.00 3946.00  51136.00     0.00   0.00    0.27    12.96    0.00      0.00     0.00   0.00    0.00     0.00  300.00    1.90    1.62  85.40


avg-cpu:  %user   %nice %system %iowait  %steal   %idle
           0.12    0.00    0.44    5.54    0.00   93.90

Device            r/s     rkB/s   rrqm/s  %rrqm r_await rareq-sz     w/s     wkB/s   wrqm/s  %wrqm w_await wareq-sz     d/s     dkB/s   drqm/s  %drqm d_await dareq-sz     f/s f_await  aqu-sz  %util
nvme0n1          0.00      0.00     0.00   0.00    0.00     0.00 3878.00  50100.00     0.00   0.00    0.28    12.92    0.00      0.00     0.00   0.00    0.00     0.00  299.00    2.03    1.69  90.50


avg-cpu:  %user   %nice %system %iowait  %steal   %idle
           0.06    0.00    0.37    5.47    0.00   94.09

Device            r/s     rkB/s   rrqm/s  %rrqm r_await rareq-sz     w/s     wkB/s   wrqm/s  %wrqm w_await wareq-sz     d/s     dkB/s   drqm/s  %drqm d_await dareq-sz     f/s f_await  aqu-sz  %util
nvme0n1          0.00      0.00     0.00   0.00    0.00     0.00 3908.00  50528.00     0.00   0.00    0.27    12.93    0.00      0.00     0.00   0.00    0.00     0.00  300.00    1.98    1.65  88.90


avg-cpu:  %user   %nice %system %iowait  %steal   %idle
           0.19    0.00    0.50    5.58    0.00   93.74

Device            r/s     rkB/s   rrqm/s  %rrqm r_await rareq-sz     w/s     wkB/s   wrqm/s  %wrqm w_await wareq-sz     d/s     dkB/s   drqm/s  %drqm d_await dareq-sz     f/s f_await  aqu-sz  %util
nvme0n1          0.00      0.00     0.00   0.00    0.00     0.00 3925.00  50788.00     0.00   0.00    0.28    12.94    0.00      0.00     0.00   0.00    0.00     0.00  300.00    2.04    1.69  90.80


avg-cpu:  %user   %nice %system %iowait  %steal   %idle
           0.12    0.00    0.37    5.47    0.00   94.03

Device            r/s     rkB/s   rrqm/s  %rrqm r_await rareq-sz     w/s     wkB/s   wrqm/s  %wrqm w_await wareq-sz     d/s     dkB/s   drqm/s  %drqm d_await dareq-sz     f/s f_await  aqu-sz  %util
nvme0n1          0.00      0.00     0.00   0.00    0.00     0.00 3922.00  50752.00     0.00   0.00    0.28    12.94    0.00      0.00     0.00   0.00    0.00     0.00  300.00    1.98    1.68  89.20


avg-cpu:  %user   %nice %system %iowait  %steal   %idle
           0.25    0.00    0.43    5.26    0.00   94.06

Device            r/s     rkB/s   rrqm/s  %rrqm r_await rareq-sz     w/s     wkB/s   wrqm/s  %wrqm w_await wareq-sz     d/s     dkB/s   drqm/s  %drqm d_await dareq-sz     f/s f_await  aqu-sz  %util
nvme0n1          0.00      0.00     0.00   0.00    0.00     0.00 3920.00  50720.00     0.00   0.00    0.27    12.94    0.00      0.00     0.00   0.00    0.00     0.00  300.00    1.93    1.63  85.50


avg-cpu:  %user   %nice %system %iowait  %steal   %idle
           0.19    0.00    0.37    5.33    0.00   94.11

Device            r/s     rkB/s   rrqm/s  %rrqm r_await rareq-sz     w/s     wkB/s   wrqm/s  %wrqm w_await wareq-sz     d/s     dkB/s   drqm/s  %drqm d_await dareq-sz     f/s f_await  aqu-sz  %util
nvme0n1          0.00      0.00     0.00   0.00    0.00     0.00 3902.00  50432.00     0.00   0.00    0.27    12.92    0.00      0.00     0.00   0.00    0.00     0.00  300.00    1.92    1.63  87.20


avg-cpu:  %user   %nice %system %iowait  %steal   %idle
           0.12    0.00    0.43    5.44    0.00   94.00

Device            r/s     rkB/s   rrqm/s  %rrqm r_await rareq-sz     w/s     wkB/s   wrqm/s  %wrqm w_await wareq-sz     d/s     dkB/s   drqm/s  %drqm d_await dareq-sz     f/s f_await  aqu-sz  %util
nvme0n1          0.00      0.00     0.00   0.00    0.00     0.00 3934.00  50944.00     0.00   0.00    0.27    12.95    0.00      0.00     0.00   0.00    0.00     0.00  300.00    1.98    1.67  89.90


avg-cpu:  %user   %nice %system %iowait  %steal   %idle
           0.19    0.00    0.50    5.15    0.00   94.17

Device            r/s     rkB/s   rrqm/s  %rrqm r_await rareq-sz     w/s     wkB/s   wrqm/s  %wrqm w_await wareq-sz     d/s     dkB/s   drqm/s  %drqm d_await dareq-sz     f/s f_await  aqu-sz  %util
nvme0n1          0.00      0.00     0.00   0.00    0.00     0.00 3904.00  50488.00     0.00   0.00    0.27    12.93    0.00      0.00     0.00   0.00    0.00     0.00  300.00    1.93    1.63  84.90


avg-cpu:  %user   %nice %system %iowait  %steal   %idle
           0.19    0.00    0.37    5.20    0.00   94.24

Device            r/s     rkB/s   rrqm/s  %rrqm r_await rareq-sz     w/s     wkB/s   wrqm/s  %wrqm w_await wareq-sz     d/s     dkB/s   drqm/s  %drqm d_await dareq-sz     f/s f_await  aqu-sz  %util
nvme0n1          0.00      0.00     0.00   0.00    0.00     0.00 3931.00  50912.00     0.00   0.00    0.27    12.95    0.00      0.00     0.00   0.00    0.00     0.00  299.00    1.91    1.63  85.30


avg-cpu:  %user   %nice %system %iowait  %steal   %idle
           0.19    0.00    0.43    5.33    0.00   94.05

Device            r/s     rkB/s   rrqm/s  %rrqm r_await rareq-sz     w/s     wkB/s   wrqm/s  %wrqm w_await wareq-sz     d/s     dkB/s   drqm/s  %drqm d_await dareq-sz     f/s f_await  aqu-sz  %util
nvme0n1          0.00      0.00     0.00   0.00    0.00     0.00 3952.00  51256.00     0.00   0.00    0.27    12.97    0.00      0.00     0.00   0.00    0.00     0.00  300.00    1.97    1.67  88.10


avg-cpu:  %user   %nice %system %iowait  %steal   %idle
           0.19    0.00    0.49    5.37    0.00   93.95

Device            r/s     rkB/s   rrqm/s  %rrqm r_await rareq-sz     w/s     wkB/s   wrqm/s  %wrqm w_await wareq-sz     d/s     dkB/s   drqm/s  %drqm d_await dareq-sz     f/s f_await  aqu-sz  %util
nvme0n1          0.00      0.00     0.00   0.00    0.00     0.00 3920.00  50720.00     0.00   0.00    0.28    12.94    0.00      0.00     0.00   0.00    0.00     0.00  300.00    2.01    1.68  88.40


avg-cpu:  %user   %nice %system %iowait  %steal   %idle
           0.19    0.00    0.43    5.27    0.00   94.11

Device            r/s     rkB/s   rrqm/s  %rrqm r_await rareq-sz     w/s     wkB/s   wrqm/s  %wrqm w_await wareq-sz     d/s     dkB/s   drqm/s  %drqm d_await dareq-sz     f/s f_await  aqu-sz  %util
nvme0n1          0.00      0.00     0.00   0.00    0.00     0.00 4034.00  51136.00     1.00   0.02    0.29    12.68    0.00      0.00     0.00   0.00    0.00     0.00  300.00    1.97    1.78  86.30


avg-cpu:  %user   %nice %system %iowait  %steal   %idle
           0.12    0.00    0.56    5.15    0.00   94.17

Device            r/s     rkB/s   rrqm/s  %rrqm r_await rareq-sz     w/s     wkB/s   wrqm/s  %wrqm w_await wareq-sz     d/s     dkB/s   drqm/s  %drqm d_await dareq-sz     f/s f_await  aqu-sz  %util
nvme0n1          0.00      0.00     0.00   0.00    0.00     0.00 3906.00  50480.00     0.00   0.00    0.27    12.92    0.00      0.00     0.00   0.00    0.00     0.00  299.00    1.98    1.66  85.60


avg-cpu:  %user   %nice %system %iowait  %steal   %idle
           0.19    0.00    0.37    5.41    0.00   94.03

Device            r/s     rkB/s   rrqm/s  %rrqm r_await rareq-sz     w/s     wkB/s   wrqm/s  %wrqm w_await wareq-sz     d/s     dkB/s   drqm/s  %drqm d_await dareq-sz     f/s f_await  aqu-sz  %util
nvme0n1          0.00      0.00     0.00   0.00    0.00     0.00 3921.00  50672.00     0.00   0.00    0.27    12.92    0.00      0.00     0.00   0.00    0.00     0.00  301.00    1.97    1.67  88.40


avg-cpu:  %user   %nice %system %iowait  %steal   %idle
           0.12    0.00    0.43    5.51    0.00   93.93

Device            r/s     rkB/s   rrqm/s  %rrqm r_await rareq-sz     w/s     wkB/s   wrqm/s  %wrqm w_await wareq-sz     d/s     dkB/s   drqm/s  %drqm d_await dareq-sz     f/s f_await  aqu-sz  %util
nvme0n1          0.00      0.00     0.00   0.00    0.00     0.00 3875.00  50096.00     0.00   0.00    0.27    12.93   12.00    560.00     0.00   0.00    2.42    46.67  297.00    1.95    1.67  88.20


avg-cpu:  %user   %nice %system %iowait  %steal   %idle
           0.19    0.00    0.87    5.28    0.00   93.67

Device            r/s     rkB/s   rrqm/s  %rrqm r_await rareq-sz     w/s     wkB/s   wrqm/s  %wrqm w_await wareq-sz     d/s     dkB/s   drqm/s  %drqm d_await dareq-sz     f/s f_await  aqu-sz  %util
nvme0n1          7.00    112.00     0.00   0.00    1.43    16.00 6982.00  99924.00     0.00   0.00    2.57    14.31    0.00      0.00     0.00   0.00    0.00     0.00  295.00    1.98   18.56  87.20


avg-cpu:  %user   %nice %system %iowait  %steal   %idle
           0.19    0.00    0.37    5.20    0.00   94.24

Device            r/s     rkB/s   rrqm/s  %rrqm r_await rareq-sz     w/s     wkB/s   wrqm/s  %wrqm w_await wareq-sz     d/s     dkB/s   drqm/s  %drqm d_await dareq-sz     f/s f_await  aqu-sz  %util
nvme0n1          0.00      0.00     0.00   0.00    0.00     0.00 2099.00  21600.00     0.00   0.00    0.41    10.29    0.00      0.00     0.00   0.00    0.00     0.00  299.00    1.89    1.42  84.80


avg-cpu:  %user   %nice %system %iowait  %steal   %idle
           0.12    0.00    0.44    5.23    0.00   94.21

Device            r/s     rkB/s   rrqm/s  %rrqm r_await rareq-sz     w/s     wkB/s   wrqm/s  %wrqm w_await wareq-sz     d/s     dkB/s   drqm/s  %drqm d_await dareq-sz     f/s f_await  aqu-sz  %util
nvme0n1          0.00      0.00     0.00   0.00    0.00     0.00 2699.00  31168.00     0.00   0.00    0.34    11.55    0.00      0.00     0.00   0.00    0.00     0.00  301.00    1.91    1.49  84.30


avg-cpu:  %user   %nice %system %iowait  %steal   %idle
           0.19    0.00    0.50    5.16    0.00   94.16

Device            r/s     rkB/s   rrqm/s  %rrqm r_await rareq-sz     w/s     wkB/s   wrqm/s  %wrqm w_await wareq-sz     d/s     dkB/s   drqm/s  %drqm d_await dareq-sz     f/s f_await  aqu-sz  %util
nvme0n1          0.00      0.00     0.00   0.00    0.00     0.00 3128.00  38048.00     0.00   0.00    0.31    12.16    0.00      0.00     0.00   0.00    0.00     0.00  300.00    1.91    1.53  84.70


avg-cpu:  %user   %nice %system %iowait  %steal   %idle
           0.19    0.00    0.37    5.35    0.00   94.09

Device            r/s     rkB/s   rrqm/s  %rrqm r_await rareq-sz     w/s     wkB/s   wrqm/s  %wrqm w_await wareq-sz     d/s     dkB/s   drqm/s  %drqm d_await dareq-sz     f/s f_await  aqu-sz  %util
nvme0n1          0.00      0.00     0.00   0.00    0.00     0.00 3296.00  40816.00     0.00   0.00    0.30    12.38    0.00      0.00     0.00   0.00    0.00     0.00  298.00    1.92    1.55  87.10


avg-cpu:  %user   %nice %system %iowait  %steal   %idle
           0.12    0.00    0.37    5.23    0.00   94.27

Device            r/s     rkB/s   rrqm/s  %rrqm r_await rareq-sz     w/s     wkB/s   wrqm/s  %wrqm w_await wareq-sz     d/s     dkB/s   drqm/s  %drqm d_await dareq-sz     f/s f_await  aqu-sz  %util
nvme0n1          0.00      0.00     0.00   0.00    0.00     0.00 3300.00  40776.00     0.00   0.00    0.30    12.36    0.00      0.00     0.00   0.00    0.00     0.00  300.00    1.93    1.57  85.80


avg-cpu:  %user   %nice %system %iowait  %steal   %idle
           0.19    0.00    0.50    5.33    0.00   93.99

Device            r/s     rkB/s   rrqm/s  %rrqm r_await rareq-sz     w/s     wkB/s   wrqm/s  %wrqm w_await wareq-sz     d/s     dkB/s   drqm/s  %drqm d_await dareq-sz     f/s f_await  aqu-sz  %util
nvme0n1          0.00      0.00     0.00   0.00    0.00     0.00 3916.00  50656.00     0.00   0.00    0.27    12.94    0.00      0.00     0.00   0.00    0.00     0.00  300.00    1.94    1.64  87.00


avg-cpu:  %user   %nice %system %iowait  %steal   %idle
           0.19    0.00    0.43    5.32    0.00   94.06

Device            r/s     rkB/s   rrqm/s  %rrqm r_await rareq-sz     w/s     wkB/s   wrqm/s  %wrqm w_await wareq-sz     d/s     dkB/s   drqm/s  %drqm d_await dareq-sz     f/s f_await  aqu-sz  %util
nvme0n1          0.00      0.00     0.00   0.00    0.00     0.00 3902.00  50432.00     0.00   0.00    0.27    12.92    0.00      0.00     0.00   0.00    0.00     0.00  300.00    1.93    1.63  88.20


avg-cpu:  %user   %nice %system %iowait  %steal   %idle
           0.19    0.00    0.50    5.16    0.00   94.16

Device            r/s     rkB/s   rrqm/s  %rrqm r_await rareq-sz     w/s     wkB/s   wrqm/s  %wrqm w_await wareq-sz     d/s     dkB/s   drqm/s  %drqm d_await dareq-sz     f/s f_await  aqu-sz  %util
nvme0n1          0.00      0.00     0.00   0.00    0.00     0.00 3912.00  50592.00     0.00   0.00    0.26    12.93    0.00      0.00     0.00   0.00    0.00     0.00  300.00    1.83    1.58  84.00


avg-cpu:  %user   %nice %system %iowait  %steal   %idle
           0.25    0.00    0.44    5.22    0.00   94.10

Device            r/s     rkB/s   rrqm/s  %rrqm r_await rareq-sz     w/s     wkB/s   wrqm/s  %wrqm w_await wareq-sz     d/s     dkB/s   drqm/s  %drqm d_await dareq-sz     f/s f_await  aqu-sz  %util
nvme0n1          0.00      0.00     0.00   0.00    0.00     0.00 4304.00  56864.00     0.00   0.00    0.52    13.21    0.00      0.00     0.00   0.00    0.00     0.00  300.00    1.97    2.81  85.90


avg-cpu:  %user   %nice %system %iowait  %steal   %idle
           0.25    0.00    0.50    5.26    0.00   93.99

Device            r/s     rkB/s   rrqm/s  %rrqm r_await rareq-sz     w/s     wkB/s   wrqm/s  %wrqm w_await wareq-sz     d/s     dkB/s   drqm/s  %drqm d_await dareq-sz     f/s f_await  aqu-sz  %util
nvme0n1          0.00      0.00     0.00   0.00    0.00     0.00 3902.00  50432.00     0.00   0.00    0.27    12.92    0.00      0.00     0.00   0.00    0.00     0.00  300.00    1.96    1.65  85.70


avg-cpu:  %user   %nice %system %iowait  %steal   %idle
           0.12    0.00    0.37    5.40    0.00   94.10

Device            r/s     rkB/s   rrqm/s  %rrqm r_await rareq-sz     w/s     wkB/s   wrqm/s  %wrqm w_await wareq-sz     d/s     dkB/s   drqm/s  %drqm d_await dareq-sz     f/s f_await  aqu-sz  %util
nvme0n1          0.00      0.00     0.00   0.00    0.00     0.00 3910.00  50560.00     0.00   0.00    0.27    12.93    0.00      0.00     0.00   0.00    0.00     0.00  300.00    1.98    1.67  88.10


avg-cpu:  %user   %nice %system %iowait  %steal   %idle
           0.12    0.00    0.43    5.44    0.00   94.00

Device            r/s     rkB/s   rrqm/s  %rrqm r_await rareq-sz     w/s     wkB/s   wrqm/s  %wrqm w_await wareq-sz     d/s     dkB/s   drqm/s  %drqm d_await dareq-sz     f/s f_await  aqu-sz  %util
nvme0n1          0.00      0.00     0.00   0.00    0.00     0.00 3906.00  50496.00     0.00   0.00    0.28    12.93    0.00      0.00     0.00   0.00    0.00     0.00  300.00    2.02    1.68  89.60


avg-cpu:  %user   %nice %system %iowait  %steal   %idle
           0.19    0.00    0.43    5.33    0.00   94.05

Device            r/s     rkB/s   rrqm/s  %rrqm r_await rareq-sz     w/s     wkB/s   wrqm/s  %wrqm w_await wareq-sz     d/s     dkB/s   drqm/s  %drqm d_await dareq-sz     f/s f_await  aqu-sz  %util
nvme0n1          0.00      0.00     0.00   0.00    0.00     0.00 3887.00  50232.00     0.00   0.00    0.27    12.92    0.00      0.00     0.00   0.00    0.00     0.00  299.00    1.95    1.64  87.40


avg-cpu:  %user   %nice %system %iowait  %steal   %idle
           0.12    0.00    0.43    5.44    0.00   94.00

Device            r/s     rkB/s   rrqm/s  %rrqm r_await rareq-sz     w/s     wkB/s   wrqm/s  %wrqm w_await wareq-sz     d/s     dkB/s   drqm/s  %drqm d_await dareq-sz     f/s f_await  aqu-sz  %util
nvme0n1          0.00      0.00     0.00   0.00    0.00     0.00 3947.00  51116.00     0.00   0.00    0.27    12.95    0.00      0.00     0.00   0.00    0.00     0.00  300.00    1.97    1.67  89.50


avg-cpu:  %user   %nice %system %iowait  %steal   %idle
           0.12    0.00    0.43    5.39    0.00   94.05

Device            r/s     rkB/s   rrqm/s  %rrqm r_await rareq-sz     w/s     wkB/s   wrqm/s  %wrqm w_await wareq-sz     d/s     dkB/s   drqm/s  %drqm d_await dareq-sz     f/s f_await  aqu-sz  %util
nvme0n1          0.00      0.00     0.00   0.00    0.00     0.00 3922.00  50752.00     0.00   0.00    0.27    12.94    0.00      0.00     0.00   0.00    0.00     0.00  300.00    1.94    1.64  88.60


avg-cpu:  %user   %nice %system %iowait  %steal   %idle
           0.19    0.00    0.49    5.26    0.00   94.06

Device            r/s     rkB/s   rrqm/s  %rrqm r_await rareq-sz     w/s     wkB/s   wrqm/s  %wrqm w_await wareq-sz     d/s     dkB/s   drqm/s  %drqm d_await dareq-sz     f/s f_await  aqu-sz  %util
nvme0n1          0.00      0.00     0.00   0.00    0.00     0.00 3911.00  50560.00     0.00   0.00    0.27    12.93    0.00      0.00     0.00   0.00    0.00     0.00  301.00    1.92    1.64  86.70


avg-cpu:  %user   %nice %system %iowait  %steal   %idle
           0.12    0.00    0.43    5.44    0.00   94.00

Device            r/s     rkB/s   rrqm/s  %rrqm r_await rareq-sz     w/s     wkB/s   wrqm/s  %wrqm w_await wareq-sz     d/s     dkB/s   drqm/s  %drqm d_await dareq-sz     f/s f_await  aqu-sz  %util
nvme0n1          0.00      0.00     0.00   0.00    0.00     0.00 3928.00  50824.00     0.00   0.00    0.27    12.94    0.00      0.00     0.00   0.00    0.00     0.00  300.00    2.00    1.67  89.70


avg-cpu:  %user   %nice %system %iowait  %steal   %idle
           0.19    0.00    0.49    5.32    0.00   94.00

Device            r/s     rkB/s   rrqm/s  %rrqm r_await rareq-sz     w/s     wkB/s   wrqm/s  %wrqm w_await wareq-sz     d/s     dkB/s   drqm/s  %drqm d_await dareq-sz     f/s f_await  aqu-sz  %util
nvme0n1          0.00      0.00     0.00   0.00    0.00     0.00 3932.00  50912.00     0.00   0.00    0.27    12.95    0.00      0.00     0.00   0.00    0.00     0.00  300.00    1.91    1.63  87.40


avg-cpu:  %user   %nice %system %iowait  %steal   %idle
           0.12    0.00    0.37    5.15    0.00   94.35

Device            r/s     rkB/s   rrqm/s  %rrqm r_await rareq-sz     w/s     wkB/s   wrqm/s  %wrqm w_await wareq-sz     d/s     dkB/s   drqm/s  %drqm d_await dareq-sz     f/s f_await  aqu-sz  %util
nvme0n1          0.00      0.00     0.00   0.00    0.00     0.00 3928.00  50872.00     0.00   0.00    0.27    12.95    0.00      0.00     0.00   0.00    0.00     0.00  300.00    1.94    1.64  84.90


avg-cpu:  %user   %nice %system %iowait  %steal   %idle
           0.19    0.00    0.50    5.27    0.00   94.04

Device            r/s     rkB/s   rrqm/s  %rrqm r_await rareq-sz     w/s     wkB/s   wrqm/s  %wrqm w_await wareq-sz     d/s     dkB/s   drqm/s  %drqm d_await dareq-sz     f/s f_await  aqu-sz  %util
nvme0n1          0.00      0.00     0.00   0.00    0.00     0.00 3938.00  50984.00     0.00   0.00    0.27    12.95    0.00      0.00     0.00   0.00    0.00     0.00  300.00    1.95    1.65  85.80


avg-cpu:  %user   %nice %system %iowait  %steal   %idle
           0.19    0.00    0.37    5.28    0.00   94.16

Device            r/s     rkB/s   rrqm/s  %rrqm r_await rareq-sz     w/s     wkB/s   wrqm/s  %wrqm w_await wareq-sz     d/s     dkB/s   drqm/s  %drqm d_await dareq-sz     f/s f_await  aqu-sz  %util
nvme0n1          0.00      0.00     0.00   0.00    0.00     0.00 3894.00  50328.00     0.00   0.00    0.28    12.92    0.00      0.00     0.00   0.00    0.00     0.00  300.00    1.97    1.66  87.60


avg-cpu:  %user   %nice %system %iowait  %steal   %idle
           0.12    0.00    0.44    5.47    0.00   93.97

Device            r/s     rkB/s   rrqm/s  %rrqm r_await rareq-sz     w/s     wkB/s   wrqm/s  %wrqm w_await wareq-sz     d/s     dkB/s   drqm/s  %drqm d_await dareq-sz     f/s f_await  aqu-sz  %util
nvme0n1          0.00      0.00     0.00   0.00    0.00     0.00 3934.00  50920.00     0.00   0.00    0.27    12.94    0.00      0.00     0.00   0.00    0.00     0.00  300.00    1.97    1.66  89.80


avg-cpu:  %user   %nice %system %iowait  %steal   %idle
           0.12    0.00    0.43    5.52    0.00   93.92

Device            r/s     rkB/s   rrqm/s  %rrqm r_await rareq-sz     w/s     wkB/s   wrqm/s  %wrqm w_await wareq-sz     d/s     dkB/s   drqm/s  %drqm d_await dareq-sz     f/s f_await  aqu-sz  %util
nvme0n1          0.00      0.00     0.00   0.00    0.00     0.00 3913.00  50648.00     0.00   0.00    0.27    12.94    0.00      0.00     0.00   0.00    0.00     0.00  299.00    2.00    1.67  89.90


avg-cpu:  %user   %nice %system %iowait  %steal   %idle
           0.19    0.00    0.50    5.34    0.00   93.98

Device            r/s     rkB/s   rrqm/s  %rrqm r_await rareq-sz     w/s     wkB/s   wrqm/s  %wrqm w_await wareq-sz     d/s     dkB/s   drqm/s  %drqm d_await dareq-sz     f/s f_await  aqu-sz  %util
nvme0n1          0.00      0.00     0.00   0.00    0.00     0.00 3902.00  50432.00     0.00   0.00    0.27    12.92    0.00      0.00     0.00   0.00    0.00     0.00  300.00    2.01    1.67  88.20


avg-cpu:  %user   %nice %system %iowait  %steal   %idle
           0.12    0.00    0.43    5.40    0.00   94.04

Device            r/s     rkB/s   rrqm/s  %rrqm r_await rareq-sz     w/s     wkB/s   wrqm/s  %wrqm w_await wareq-sz     d/s     dkB/s   drqm/s  %drqm d_await dareq-sz     f/s f_await  aqu-sz  %util
nvme0n1          0.00      0.00     0.00   0.00    0.00     0.00 3908.00  50500.00     0.00   0.00    0.27    12.92    0.00      0.00     0.00   0.00    0.00     0.00  301.00    1.95    1.65  88.30


avg-cpu:  %user   %nice %system %iowait  %steal   %idle
           0.12    0.00    0.56    5.33    0.00   93.99

Device            r/s     rkB/s   rrqm/s  %rrqm r_await rareq-sz     w/s     wkB/s   wrqm/s  %wrqm w_await wareq-sz     d/s     dkB/s   drqm/s  %drqm d_await dareq-sz     f/s f_await  aqu-sz  %util
nvme0n1          0.00      0.00     0.00   0.00    0.00     0.00 3904.00  50464.00     0.00   0.00    0.28    12.93    0.00      0.00     0.00   0.00    0.00     0.00  300.00    1.98    1.67  88.30


avg-cpu:  %user   %nice %system %iowait  %steal   %idle
           0.19    0.00    0.37    5.15    0.00   94.29

Device            r/s     rkB/s   rrqm/s  %rrqm r_await rareq-sz     w/s     wkB/s   wrqm/s  %wrqm w_await wareq-sz     d/s     dkB/s   drqm/s  %drqm d_await dareq-sz     f/s f_await  aqu-sz  %util
nvme0n1          0.00      0.00     0.00   0.00    0.00     0.00 3906.00  50496.00     0.00   0.00    0.27    12.93    0.00      0.00     0.00   0.00    0.00     0.00  300.00    1.88    1.60  85.00


avg-cpu:  %user   %nice %system %iowait  %steal   %idle
           0.12    0.00    0.43    5.33    0.00   94.11

Device            r/s     rkB/s   rrqm/s  %rrqm r_await rareq-sz     w/s     wkB/s   wrqm/s  %wrqm w_await wareq-sz     d/s     dkB/s   drqm/s  %drqm d_await dareq-sz     f/s f_await  aqu-sz  %util
nvme0n1          0.00      0.00     0.00   0.00    0.00     0.00 3929.00  50852.00     0.00   0.00    0.27    12.94    0.00      0.00     0.00   0.00    0.00     0.00  300.00    1.94    1.65  87.50


avg-cpu:  %user   %nice %system %iowait  %steal   %idle
           0.19    0.00    0.50    5.33    0.00   93.99

Device            r/s     rkB/s   rrqm/s  %rrqm r_await rareq-sz     w/s     wkB/s   wrqm/s  %wrqm w_await wareq-sz     d/s     dkB/s   drqm/s  %drqm d_await dareq-sz     f/s f_await  aqu-sz  %util
nvme0n1          0.00      0.00     0.00   0.00    0.00     0.00 3904.00  50464.00     0.00   0.00    0.27    12.93    0.00      0.00     0.00   0.00    0.00     0.00  300.00    1.95    1.65  88.00


avg-cpu:  %user   %nice %system %iowait  %steal   %idle
           0.12    0.00    0.43    5.20    0.00   94.25

Device            r/s     rkB/s   rrqm/s  %rrqm r_await rareq-sz     w/s     wkB/s   wrqm/s  %wrqm w_await wareq-sz     d/s     dkB/s   drqm/s  %drqm d_await dareq-sz     f/s f_await  aqu-sz  %util
nvme0n1          0.00      0.00     0.00   0.00    0.00     0.00 3904.00  50464.00     0.00   0.00    0.27    12.93    0.00      0.00     0.00   0.00    0.00     0.00  300.00    1.96    1.65  86.30


avg-cpu:  %user   %nice %system %iowait  %steal   %idle
           0.12    0.00    0.74    5.15    0.00   93.98

Device            r/s     rkB/s   rrqm/s  %rrqm r_await rareq-sz     w/s     wkB/s   wrqm/s  %wrqm w_await wareq-sz     d/s     dkB/s   drqm/s  %drqm d_await dareq-sz     f/s f_await  aqu-sz  %util
nvme0n1          1.00     16.00     0.00   0.00    1.00    16.00 5264.00  72412.00     0.00   0.00    2.90    13.76    0.00      0.00     0.00   0.00    0.00     0.00  295.00    1.89   15.80  84.30


avg-cpu:  %user   %nice %system %iowait  %steal   %idle
           0.19    0.00    0.43    5.14    0.00   94.24

Device            r/s     rkB/s   rrqm/s  %rrqm r_await rareq-sz     w/s     wkB/s   wrqm/s  %wrqm w_await wareq-sz     d/s     dkB/s   drqm/s  %drqm d_await dareq-sz     f/s f_await  aqu-sz  %util
nvme0n1          0.00      0.00     0.00   0.00    0.00     0.00 2597.00  29536.00     0.00   0.00    0.35    11.37    0.00      0.00     0.00   0.00    0.00     0.00  301.00    1.89    1.48  84.90


avg-cpu:  %user   %nice %system %iowait  %steal   %idle
           0.19    0.00    0.37    5.28    0.00   94.16

Device            r/s     rkB/s   rrqm/s  %rrqm r_await rareq-sz     w/s     wkB/s   wrqm/s  %wrqm w_await wareq-sz     d/s     dkB/s   drqm/s  %drqm d_await dareq-sz     f/s f_await  aqu-sz  %util
nvme0n1          0.00      0.00     0.00   0.00    0.00     0.00 3132.00  38112.00     0.00   0.00    0.31    12.17    0.00      0.00     0.00   0.00    0.00     0.00  300.00    1.90    1.53  85.60


avg-cpu:  %user   %nice %system %iowait  %steal   %idle
           0.25    0.00    0.43    5.34    0.00   93.98

Device            r/s     rkB/s   rrqm/s  %rrqm r_await rareq-sz     w/s     wkB/s   wrqm/s  %wrqm w_await wareq-sz     d/s     dkB/s   drqm/s  %drqm d_await dareq-sz     f/s f_await  aqu-sz  %util
nvme0n1          0.00      0.00     0.00   0.00    0.00     0.00 3316.00  41056.00     0.00   0.00    0.29    12.38    0.00      0.00     0.00   0.00    0.00     0.00  300.00    1.91    1.55  87.70


avg-cpu:  %user   %nice %system %iowait  %steal   %idle
           0.25    0.00    0.43    5.26    0.00   94.06

Device            r/s     rkB/s   rrqm/s  %rrqm r_await rareq-sz     w/s     wkB/s   wrqm/s  %wrqm w_await wareq-sz     d/s     dkB/s   drqm/s  %drqm d_await dareq-sz     f/s f_await  aqu-sz  %util
nvme0n1          0.00      0.00     0.00   0.00    0.00     0.00 3331.00  41256.00     0.00   0.00    0.30    12.39    0.00      0.00     0.00   0.00    0.00     0.00  301.00    1.91    1.56  87.20


avg-cpu:  %user   %nice %system %iowait  %steal   %idle
           0.12    0.00    0.50    5.34    0.00   94.04

Device            r/s     rkB/s   rrqm/s  %rrqm r_await rareq-sz     w/s     wkB/s   wrqm/s  %wrqm w_await wareq-sz     d/s     dkB/s   drqm/s  %drqm d_await dareq-sz     f/s f_await  aqu-sz  %util
nvme0n1          0.00      0.00     0.00   0.00    0.00     0.00 3308.00  40928.00     0.00   0.00    0.30    12.37    0.00      0.00     0.00   0.00    0.00     0.00  300.00    1.91    1.56  88.00


avg-cpu:  %user   %nice %system %iowait  %steal   %idle
           0.19    0.00    0.31    5.48    0.00   94.03

Device            r/s     rkB/s   rrqm/s  %rrqm r_await rareq-sz     w/s     wkB/s   wrqm/s  %wrqm w_await wareq-sz     d/s     dkB/s   drqm/s  %drqm d_await dareq-sz     f/s f_await  aqu-sz  %util
nvme0n1          0.00      0.00     0.00   0.00    0.00     0.00 3313.00  40968.00     0.00   0.00    0.29    12.37    0.00      0.00     0.00   0.00    0.00     0.00  301.00    1.91    1.54  88.10


avg-cpu:  %user   %nice %system %iowait  %steal   %idle
           0.19    0.00    0.56    5.25    0.00   94.00

Device            r/s     rkB/s   rrqm/s  %rrqm r_await rareq-sz     w/s     wkB/s   wrqm/s  %wrqm w_await wareq-sz     d/s     dkB/s   drqm/s  %drqm d_await dareq-sz     f/s f_await  aqu-sz  %util
nvme0n1          0.00      0.00     0.00   0.00    0.00     0.00 3306.00  40896.00     0.00   0.00    0.29    12.37    0.00      0.00     0.00   0.00    0.00     0.00  300.00    1.89    1.54  87.00


avg-cpu:  %user   %nice %system %iowait  %steal   %idle
           0.25    0.00    0.37    5.21    0.00   94.17

Device            r/s     rkB/s   rrqm/s  %rrqm r_await rareq-sz     w/s     wkB/s   wrqm/s  %wrqm w_await wareq-sz     d/s     dkB/s   drqm/s  %drqm d_await dareq-sz     f/s f_await  aqu-sz  %util
nvme0n1          0.00      0.00     0.00   0.00    0.00     0.00 3744.00  47904.00     0.00   0.00    0.50    12.79    0.00      0.00     0.00   0.00    0.00     0.00  300.00    1.90    2.43  86.20


avg-cpu:  %user   %nice %system %iowait  %steal   %idle
           0.25    0.00    0.49    5.25    0.00   94.00

Device            r/s     rkB/s   rrqm/s  %rrqm r_await rareq-sz     w/s     wkB/s   wrqm/s  %wrqm w_await wareq-sz     d/s     dkB/s   drqm/s  %drqm d_await dareq-sz     f/s f_await  aqu-sz  %util
nvme0n1          0.00      0.00     0.00   0.00    0.00     0.00 3398.00  42392.00     0.00   0.00    0.29    12.48    0.00      0.00     0.00   0.00    0.00     0.00  300.00    1.92    1.57  86.20


avg-cpu:  %user   %nice %system %iowait  %steal   %idle
           0.19    0.00    0.43    5.21    0.00   94.17

Device            r/s     rkB/s   rrqm/s  %rrqm r_await rareq-sz     w/s     wkB/s   wrqm/s  %wrqm w_await wareq-sz     d/s     dkB/s   drqm/s  %drqm d_await dareq-sz     f/s f_await  aqu-sz  %util
nvme0n1          0.00      0.00     0.00   0.00    0.00     0.00 3913.00  50596.00     0.00   0.00    0.27    12.93    0.00      0.00     0.00   0.00    0.00     0.00  300.00    1.91    1.62  85.80


avg-cpu:  %user   %nice %system %iowait  %steal   %idle
           0.12    0.00    0.56    5.34    0.00   93.98

Device            r/s     rkB/s   rrqm/s  %rrqm r_await rareq-sz     w/s     wkB/s   wrqm/s  %wrqm w_await wareq-sz     d/s     dkB/s   drqm/s  %drqm d_await dareq-sz     f/s f_await  aqu-sz  %util
nvme0n1          0.00      0.00     0.00   0.00    0.00     0.00 3905.00  50496.00     0.00   0.00    0.27    12.93    0.00      0.00     0.00   0.00    0.00     0.00  299.00    1.98    1.66  87.70


avg-cpu:  %user   %nice %system %iowait  %steal   %idle
           0.19    0.00    0.43    5.46    0.00   93.92

Device            r/s     rkB/s   rrqm/s  %rrqm r_await rareq-sz     w/s     wkB/s   wrqm/s  %wrqm w_await wareq-sz     d/s     dkB/s   drqm/s  %drqm d_await dareq-sz     f/s f_await  aqu-sz  %util
nvme0n1          0.00      0.00     0.00   0.00    0.00     0.00 3908.00  50552.00     0.00   0.00    0.28    12.94    0.00      0.00     0.00   0.00    0.00     0.00  300.00    2.04    1.71  90.10


avg-cpu:  %user   %nice %system %iowait  %steal   %idle
           1.06    0.31    0.93    1.68    0.00   96.02

Device            r/s     rkB/s   rrqm/s  %rrqm r_await rareq-sz     w/s     wkB/s   wrqm/s  %wrqm w_await wareq-sz     d/s     dkB/s   drqm/s  %drqm d_await dareq-sz     f/s f_await  aqu-sz  %util
nvme0n1          0.00      0.00     0.00   0.00    0.00     0.00 1244.00  15736.00     0.00   0.00    0.28    12.65    0.00      0.00     0.00   0.00    0.00     0.00  100.00    1.94    0.54  28.80


avg-cpu:  %user   %nice %system %iowait  %steal   %idle
           0.25    0.00    0.49    5.26    0.00   94.00

Device            r/s     rkB/s   rrqm/s  %rrqm r_await rareq-sz     w/s     wkB/s   wrqm/s  %wrqm w_await wareq-sz     d/s     dkB/s   drqm/s  %drqm d_await dareq-sz     f/s f_await  aqu-sz  %util
nvme0n1          0.00      0.00     0.00   0.00    0.00     0.00 3918.00  50636.00     0.00   0.00    0.27    12.92    0.00      0.00     0.00   0.00    0.00     0.00  301.00    1.95    1.64  85.60


avg-cpu:  %user   %nice %system %iowait  %steal   %idle
           0.37    0.00    0.56    5.28    0.00   93.79

Device            r/s     rkB/s   rrqm/s  %rrqm r_await rareq-sz     w/s     wkB/s   wrqm/s  %wrqm w_await wareq-sz     d/s     dkB/s   drqm/s  %drqm d_await dareq-sz     f/s f_await  aqu-sz  %util
nvme0n1          0.00      0.00     0.00   0.00    0.00     0.00 3917.00  50688.00     0.00   0.00    0.27    12.94    0.00      0.00     0.00   0.00    0.00     0.00  299.00    1.98    1.66  86.90


avg-cpu:  %user   %nice %system %iowait  %steal   %idle
           0.19    0.00    0.50    5.46    0.00   93.86

Device            r/s     rkB/s   rrqm/s  %rrqm r_await rareq-sz     w/s     wkB/s   wrqm/s  %wrqm w_await wareq-sz     d/s     dkB/s   drqm/s  %drqm d_await dareq-sz     f/s f_await  aqu-sz  %util
nvme0n1          0.00      0.00     0.00   0.00    0.00     0.00 3933.00  50888.00     0.00   0.00    0.27    12.94    0.00      0.00     0.00   0.00    0.00     0.00  301.00    1.94    1.65  88.50


avg-cpu:  %user   %nice %system %iowait  %steal   %idle
           0.12    0.00    0.43    5.47    0.00   93.98

Device            r/s     rkB/s   rrqm/s  %rrqm r_await rareq-sz     w/s     wkB/s   wrqm/s  %wrqm w_await wareq-sz     d/s     dkB/s   drqm/s  %drqm d_await dareq-sz     f/s f_await  aqu-sz  %util
nvme0n1          0.00      0.00     0.00   0.00    0.00     0.00 3910.00  50560.00     0.00   0.00    0.27    12.93    0.00      0.00     0.00   0.00    0.00     0.00  300.00    1.96    1.65  89.40


avg-cpu:  %user   %nice %system %iowait  %steal   %idle
           0.12    0.00    0.43    5.39    0.00   94.05

Device            r/s     rkB/s   rrqm/s  %rrqm r_await rareq-sz     w/s     wkB/s   wrqm/s  %wrqm w_await wareq-sz     d/s     dkB/s   drqm/s  %drqm d_await dareq-sz     f/s f_await  aqu-sz  %util
nvme0n1          0.00      0.00     0.00   0.00    0.00     0.00 3920.00  50720.00     0.00   0.00    0.27    12.94    0.00      0.00     0.00   0.00    0.00     0.00  300.00    1.95    1.65  88.40


avg-cpu:  %user   %nice %system %iowait  %steal   %idle
           0.12    0.00    0.50    5.27    0.00   94.11

Device            r/s     rkB/s   rrqm/s  %rrqm r_await rareq-sz     w/s     wkB/s   wrqm/s  %wrqm w_await wareq-sz     d/s     dkB/s   drqm/s  %drqm d_await dareq-sz     f/s f_await  aqu-sz  %util
nvme0n1          0.00      0.00     0.00   0.00    0.00     0.00 3931.00  50936.00     0.00   0.00    0.27    12.96    0.00      0.00     0.00   0.00    0.00     0.00  299.00    2.00    1.67  87.20


avg-cpu:  %user   %nice %system %iowait  %steal   %idle
           0.50    0.00    0.50    5.27    0.00   93.74

Device            r/s     rkB/s   rrqm/s  %rrqm r_await rareq-sz     w/s     wkB/s   wrqm/s  %wrqm w_await wareq-sz     d/s     dkB/s   drqm/s  %drqm d_await dareq-sz     f/s f_await  aqu-sz  %util
nvme0n1          0.00      0.00     0.00   0.00    0.00     0.00 3900.00  50400.00     0.00   0.00    0.27    12.92    0.00      0.00     0.00   0.00    0.00     0.00  300.00    1.95    1.64  86.60


avg-cpu:  %user   %nice %system %iowait  %steal   %idle
           0.12    0.00    0.31    5.53    0.00   94.04

Device            r/s     rkB/s   rrqm/s  %rrqm r_await rareq-sz     w/s     wkB/s   wrqm/s  %wrqm w_await wareq-sz     d/s     dkB/s   drqm/s  %drqm d_await dareq-sz     f/s f_await  aqu-sz  %util
nvme0n1          0.00      0.00     0.00   0.00    0.00     0.00 3907.00  50496.00     0.00   0.00    0.28    12.92    0.00      0.00     0.00   0.00    0.00     0.00  301.00    2.00    1.68  90.10


avg-cpu:  %user   %nice %system %iowait  %steal   %idle
           0.12    0.00    0.56    5.39    0.00   93.92

Device            r/s     rkB/s   rrqm/s  %rrqm r_await rareq-sz     w/s     wkB/s   wrqm/s  %wrqm w_await wareq-sz     d/s     dkB/s   drqm/s  %drqm d_await dareq-sz     f/s f_await  aqu-sz  %util
nvme0n1          0.00      0.00     0.00   0.00    0.00     0.00 3919.00  50720.00     0.00   0.00    0.27    12.94    0.00      0.00     0.00   0.00    0.00     0.00  299.00    1.96    1.65  88.30


avg-cpu:  %user   %nice %system %iowait  %steal   %idle
           0.19    0.00    0.37    5.40    0.00   94.04

Device            r/s     rkB/s   rrqm/s  %rrqm r_await rareq-sz     w/s     wkB/s   wrqm/s  %wrqm w_await wareq-sz     d/s     dkB/s   drqm/s  %drqm d_await dareq-sz     f/s f_await  aqu-sz  %util
nvme0n1          0.00      0.00     0.00   0.00    0.00     0.00 3934.00  50944.00     0.00   0.00    0.28    12.95    0.00      0.00     0.00   0.00    0.00     0.00  300.00    2.00    1.69  87.90


avg-cpu:  %user   %nice %system %iowait  %steal   %idle
           0.12    0.00    0.50    5.46    0.00   93.92

Device            r/s     rkB/s   rrqm/s  %rrqm r_await rareq-sz     w/s     wkB/s   wrqm/s  %wrqm w_await wareq-sz     d/s     dkB/s   drqm/s  %drqm d_await dareq-sz     f/s f_await  aqu-sz  %util
nvme0n1          0.00      0.00     0.00   0.00    0.00     0.00 3928.00  50848.00     0.00   0.00    0.27    12.95    0.00      0.00     0.00   0.00    0.00     0.00  300.00    1.99    1.66  89.10


avg-cpu:  %user   %nice %system %iowait  %steal   %idle
           0.25    0.00    0.43    5.15    0.00   94.17

Device            r/s     rkB/s   rrqm/s  %rrqm r_await rareq-sz     w/s     wkB/s   wrqm/s  %wrqm w_await wareq-sz     d/s     dkB/s   drqm/s  %drqm d_await dareq-sz     f/s f_await  aqu-sz  %util
nvme0n1          0.00      0.00     0.00   0.00    0.00     0.00 3902.00  50432.00     0.00   0.00    0.27    12.92    0.00      0.00     0.00   0.00    0.00     0.00  300.00    1.89    1.61  85.10


avg-cpu:  %user   %nice %system %iowait  %steal   %idle
           0.19    0.00    0.50    5.34    0.00   93.98

Device            r/s     rkB/s   rrqm/s  %rrqm r_await rareq-sz     w/s     wkB/s   wrqm/s  %wrqm w_await wareq-sz     d/s     dkB/s   drqm/s  %drqm d_await dareq-sz     f/s f_await  aqu-sz  %util
nvme0n1          0.00      0.00     0.00   0.00    0.00     0.00 3906.00  50496.00     0.00   0.00    0.27    12.93    0.00      0.00     0.00   0.00    0.00     0.00  300.00    1.91    1.63  87.30


avg-cpu:  %user   %nice %system %iowait  %steal   %idle
           0.25    0.00    0.49    5.37    0.00   93.89

Device            r/s     rkB/s   rrqm/s  %rrqm r_await rareq-sz     w/s     wkB/s   wrqm/s  %wrqm w_await wareq-sz     d/s     dkB/s   drqm/s  %drqm d_await dareq-sz     f/s f_await  aqu-sz  %util
nvme0n1          0.00      0.00     0.00   0.00    0.00     0.00 3904.00  50464.00     0.00   0.00    0.27    12.93    0.00      0.00     0.00   0.00    0.00     0.00  300.00    1.95    1.64  88.70


avg-cpu:  %user   %nice %system %iowait  %steal   %idle
           0.25    0.00    0.37    5.21    0.00   94.17

Device            r/s     rkB/s   rrqm/s  %rrqm r_await rareq-sz     w/s     wkB/s   wrqm/s  %wrqm w_await wareq-sz     d/s     dkB/s   drqm/s  %drqm d_await dareq-sz     f/s f_await  aqu-sz  %util
nvme0n1          0.00      0.00     0.00   0.00    0.00     0.00 3904.00  50488.00     0.00   0.00    0.27    12.93    0.00      0.00     0.00   0.00    0.00     0.00  300.00    1.94    1.64  86.40


avg-cpu:  %user   %nice %system %iowait  %steal   %idle
           0.19    0.00    0.43    5.45    0.00   93.93

Device            r/s     rkB/s   rrqm/s  %rrqm r_await rareq-sz     w/s     wkB/s   wrqm/s  %wrqm w_await wareq-sz     d/s     dkB/s   drqm/s  %drqm d_await dareq-sz     f/s f_await  aqu-sz  %util
nvme0n1          0.00      0.00     0.00   0.00    0.00     0.00 3907.00  50528.00     0.00   0.00    0.28    12.93    0.00      0.00     0.00   0.00    0.00     0.00  299.00    2.00    1.68  89.00


avg-cpu:  %user   %nice %system %iowait  %steal   %idle
           0.25    0.00    0.74    5.14    0.00   93.87

Device            r/s     rkB/s   rrqm/s  %rrqm r_await rareq-sz     w/s     wkB/s   wrqm/s  %wrqm w_await wareq-sz     d/s     dkB/s   drqm/s  %drqm d_await dareq-sz     f/s f_await  aqu-sz  %util
nvme0n1          1.00     16.00     0.00   0.00    1.00    16.00 5644.00  78492.00     0.00   0.00    2.61    13.91    0.00      0.00     0.00   0.00    0.00     0.00  295.00    1.90   15.29  84.50


avg-cpu:  %user   %nice %system %iowait  %steal   %idle
           0.12    0.00    0.43    5.02    0.00   94.43

Device            r/s     rkB/s   rrqm/s  %rrqm r_await rareq-sz     w/s     wkB/s   wrqm/s  %wrqm w_await wareq-sz     d/s     dkB/s   drqm/s  %drqm d_await dareq-sz     f/s f_await  aqu-sz  %util
nvme0n1          0.00      0.00     0.00   0.00    0.00     0.00 2357.00  25696.00     0.00   0.00    0.37    10.90    0.00      0.00     0.00   0.00    0.00     0.00  301.00    1.88    1.44  81.70


avg-cpu:  %user   %nice %system %iowait  %steal   %idle
           0.12    0.00    0.37    5.21    0.00   94.29

Device            r/s     rkB/s   rrqm/s  %rrqm r_await rareq-sz     w/s     wkB/s   wrqm/s  %wrqm w_await wareq-sz     d/s     dkB/s   drqm/s  %drqm d_await dareq-sz     f/s f_await  aqu-sz  %util
nvme0n1          0.00      0.00     0.00   0.00    0.00     0.00 3117.00  37912.00     0.00   0.00    0.31    12.16    0.00      0.00     0.00   0.00    0.00     0.00  299.00    1.91    1.54  85.70


avg-cpu:  %user   %nice %system %iowait  %steal   %idle
           0.25    0.00    0.43    5.22    0.00   94.10

Device            r/s     rkB/s   rrqm/s  %rrqm r_await rareq-sz     w/s     wkB/s   wrqm/s  %wrqm w_await wareq-sz     d/s     dkB/s   drqm/s  %drqm d_await dareq-sz     f/s f_await  aqu-sz  %util
nvme0n1          0.00      0.00     0.00   0.00    0.00     0.00 3214.00  39424.00     0.00   0.00    0.30    12.27    0.00      0.00     0.00   0.00    0.00     0.00  300.00    1.89    1.53  85.20


avg-cpu:  %user   %nice %system %iowait  %steal   %idle
           0.12    0.00    0.43    5.27    0.00   94.17

Device            r/s     rkB/s   rrqm/s  %rrqm r_await rareq-sz     w/s     wkB/s   wrqm/s  %wrqm w_await wareq-sz     d/s     dkB/s   drqm/s  %drqm d_await dareq-sz     f/s f_await  aqu-sz  %util
nvme0n1          0.00      0.00     0.00   0.00    0.00     0.00 3413.00  42624.00     0.00   0.00    0.29    12.49    0.00      0.00     0.00   0.00    0.00     0.00  299.00    1.90    1.55  85.60


avg-cpu:  %user   %nice %system %iowait  %steal   %idle
           0.19    0.00    0.37    5.40    0.00   94.04

Device            r/s     rkB/s   rrqm/s  %rrqm r_await rareq-sz     w/s     wkB/s   wrqm/s  %wrqm w_await wareq-sz     d/s     dkB/s   drqm/s  %drqm d_await dareq-sz     f/s f_await  aqu-sz  %util
nvme0n1          0.00      0.00     0.00   0.00    0.00     0.00 3652.00  46432.00     0.00   0.00    0.28    12.71    0.00      0.00     0.00   0.00    0.00     0.00  300.00    1.96    1.60  88.60


avg-cpu:  %user   %nice %system %iowait  %steal   %idle
           0.19    0.00    0.50    5.58    0.00   93.73

Device            r/s     rkB/s   rrqm/s  %rrqm r_await rareq-sz     w/s     wkB/s   wrqm/s  %wrqm w_await wareq-sz     d/s     dkB/s   drqm/s  %drqm d_await dareq-sz     f/s f_await  aqu-sz  %util
nvme0n1          0.00      0.00     0.00   0.00    0.00     0.00 3891.00  50296.00     0.00   0.00    0.28    12.93    0.00      0.00     0.00   0.00    0.00     0.00  299.00    2.04    1.70  91.30


avg-cpu:  %user   %nice %system %iowait  %steal   %idle
           0.12    0.00    0.43    5.21    0.00   94.23

Device            r/s     rkB/s   rrqm/s  %rrqm r_await rareq-sz     w/s     wkB/s   wrqm/s  %wrqm w_await wareq-sz     d/s     dkB/s   drqm/s  %drqm d_await dareq-sz     f/s f_await  aqu-sz  %util
nvme0n1          0.00      0.00     0.00   0.00    0.00     0.00 3907.00  50496.00     0.00   0.00    0.27    12.92    0.00      0.00     0.00   0.00    0.00     0.00  301.00    1.90    1.61  85.40


avg-cpu:  %user   %nice %system %iowait  %steal   %idle
           0.19    0.00    0.43    5.34    0.00   94.04

Device            r/s     rkB/s   rrqm/s  %rrqm r_await rareq-sz     w/s     wkB/s   wrqm/s  %wrqm w_await wareq-sz     d/s     dkB/s   drqm/s  %drqm d_await dareq-sz     f/s f_await  aqu-sz  %util
nvme0n1          0.00      0.00     0.00   0.00    0.00     0.00 3918.00  50664.00     0.00   0.00    0.27    12.93    0.00      0.00     0.00   0.00    0.00     0.00  300.00    1.94    1.64  88.00


avg-cpu:  %user   %nice %system %iowait  %steal   %idle
           0.12    0.00    0.56    5.45    0.00   93.87

Device            r/s     rkB/s   rrqm/s  %rrqm r_await rareq-sz     w/s     wkB/s   wrqm/s  %wrqm w_await wareq-sz     d/s     dkB/s   drqm/s  %drqm d_await dareq-sz     f/s f_await  aqu-sz  %util
nvme0n1          0.00      0.00     0.00   0.00    0.00     0.00 4561.00  61040.00     0.00   0.00    0.53    13.38    0.00      0.00     0.00   0.00    0.00     0.00  299.00    1.99    3.01  89.20


avg-cpu:  %user   %nice %system %iowait  %steal   %idle
           0.12    0.00    0.56    5.26    0.00   94.06

Device            r/s     rkB/s   rrqm/s  %rrqm r_await rareq-sz     w/s     wkB/s   wrqm/s  %wrqm w_await wareq-sz     d/s     dkB/s   drqm/s  %drqm d_await dareq-sz     f/s f_await  aqu-sz  %util
nvme0n1          0.00      0.00     0.00   0.00    0.00     0.00 4128.00  54024.00     0.00   0.00    0.27    13.09    0.00      0.00     0.00   0.00    0.00     0.00  300.00    1.99    1.69  88.10


avg-cpu:  %user   %nice %system %iowait  %steal   %idle
           0.12    0.00    0.44    5.22    0.00   94.22

Device            r/s     rkB/s   rrqm/s  %rrqm r_await rareq-sz     w/s     wkB/s   wrqm/s  %wrqm w_await wareq-sz     d/s     dkB/s   drqm/s  %drqm d_await dareq-sz     f/s f_await  aqu-sz  %util
nvme0n1          0.00      0.00     0.00   0.00    0.00     0.00 3904.00  50464.00     0.00   0.00    0.27    12.93    0.00      0.00     0.00   0.00    0.00     0.00  300.00    1.98    1.66  85.40


avg-cpu:  %user   %nice %system %iowait  %steal   %idle
           0.19    0.00    0.31    5.34    0.00   94.17

Device            r/s     rkB/s   rrqm/s  %rrqm r_await rareq-sz     w/s     wkB/s   wrqm/s  %wrqm w_await wareq-sz     d/s     dkB/s   drqm/s  %drqm d_await dareq-sz     f/s f_await  aqu-sz  %util
nvme0n1          0.00      0.00     0.00   0.00    0.00     0.00 3890.00  50320.00     0.00   0.00    0.27    12.94    0.00      0.00     0.00   0.00    0.00     0.00  298.00    1.97    1.65  87.40


avg-cpu:  %user   %nice %system %iowait  %steal   %idle
           0.25    0.00    0.49    5.56    0.00   93.70

Device            r/s     rkB/s   rrqm/s  %rrqm r_await rareq-sz     w/s     wkB/s   wrqm/s  %wrqm w_await wareq-sz     d/s     dkB/s   drqm/s  %drqm d_await dareq-sz     f/s f_await  aqu-sz  %util
nvme0n1          0.00      0.00     0.00   0.00    0.00     0.00 3896.00  50360.00     0.00   0.00    0.28    12.93    0.00      0.00     0.00   0.00    0.00     0.00  300.00    2.02    1.68  90.40


avg-cpu:  %user   %nice %system %iowait  %steal   %idle
           0.19    0.00    0.43    5.27    0.00   94.11

Device            r/s     rkB/s   rrqm/s  %rrqm r_await rareq-sz     w/s     wkB/s   wrqm/s  %wrqm w_await wareq-sz     d/s     dkB/s   drqm/s  %drqm d_await dareq-sz     f/s f_await  aqu-sz  %util
nvme0n1          0.00      0.00     0.00   0.00    0.00     0.00 4211.00  53960.00     1.00   0.02    0.34    12.81    0.00      0.00     0.00   0.00    0.00     0.00  299.00    1.96    2.00  86.70


avg-cpu:  %user   %nice %system %iowait  %steal   %idle
           0.12    0.00    0.56    5.32    0.00   94.00

Device            r/s     rkB/s   rrqm/s  %rrqm r_await rareq-sz     w/s     wkB/s   wrqm/s  %wrqm w_await wareq-sz     d/s     dkB/s   drqm/s  %drqm d_await dareq-sz     f/s f_await  aqu-sz  %util
nvme0n1          0.00      0.00     0.00   0.00    0.00     0.00 4186.00  54928.00     0.00   0.00    0.26    13.12    0.00      0.00     0.00   0.00    0.00     0.00  300.00    1.93    1.68  88.20


avg-cpu:  %user   %nice %system %iowait  %steal   %idle
           0.19    0.00    0.37    5.39    0.00   94.06

Device            r/s     rkB/s   rrqm/s  %rrqm r_await rareq-sz     w/s     wkB/s   wrqm/s  %wrqm w_await wareq-sz     d/s     dkB/s   drqm/s  %drqm d_await dareq-sz     f/s f_await  aqu-sz  %util
nvme0n1          0.00      0.00     0.00   0.00    0.00     0.00 3937.00  50980.00     0.00   0.00    0.27    12.95    0.00      0.00     0.00   0.00    0.00     0.00  300.00    1.96    1.64  88.10


avg-cpu:  %user   %nice %system %iowait  %steal   %idle
           0.12    0.00    0.56    5.46    0.00   93.85

Device            r/s     rkB/s   rrqm/s  %rrqm r_await rareq-sz     w/s     wkB/s   wrqm/s  %wrqm w_await wareq-sz     d/s     dkB/s   drqm/s  %drqm d_await dareq-sz     f/s f_await  aqu-sz  %util
nvme0n1          0.00      0.00     0.00   0.00    0.00     0.00 3916.00  50656.00     0.00   0.00    0.28    12.94    0.00      0.00     0.00   0.00    0.00     0.00  300.00    2.04    1.70  90.10


avg-cpu:  %user   %nice %system %iowait  %steal   %idle
           0.19    0.00    0.43    5.15    0.00   94.23

Device            r/s     rkB/s   rrqm/s  %rrqm r_await rareq-sz     w/s     wkB/s   wrqm/s  %wrqm w_await wareq-sz     d/s     dkB/s   drqm/s  %drqm d_await dareq-sz     f/s f_await  aqu-sz  %util
nvme0n1          0.00      0.00     0.00   0.00    0.00     0.00 3901.00  50400.00     0.00   0.00    0.27    12.92    0.00      0.00     0.00   0.00    0.00     0.00  301.00    1.90    1.62  85.20


avg-cpu:  %user   %nice %system %iowait  %steal   %idle
           0.25    0.00    0.56    5.15    0.00   94.05

Device            r/s     rkB/s   rrqm/s  %rrqm r_await rareq-sz     w/s     wkB/s   wrqm/s  %wrqm w_await wareq-sz     d/s     dkB/s   drqm/s  %drqm d_await dareq-sz     f/s f_await  aqu-sz  %util
nvme0n1          0.00      0.00     0.00   0.00    0.00     0.00 4026.00  52416.00     0.00   0.00    0.26    13.02    0.00      0.00     0.00   0.00    0.00     0.00  300.00    1.89    1.63  84.80


avg-cpu:  %user   %nice %system %iowait  %steal   %idle
           0.12    0.00    0.37    5.27    0.00   94.23

Device            r/s     rkB/s   rrqm/s  %rrqm r_await rareq-sz     w/s     wkB/s   wrqm/s  %wrqm w_await wareq-sz     d/s     dkB/s   drqm/s  %drqm d_await dareq-sz     f/s f_await  aqu-sz  %util
nvme0n1          0.00      0.00     0.00   0.00    0.00     0.00 4267.00  56236.00     0.00   0.00    0.26    13.18    0.00      0.00     0.00   0.00    0.00     0.00  300.00    1.94    1.70  86.80


avg-cpu:  %user   %nice %system %iowait  %steal   %idle
           0.19    0.00    0.62    5.15    0.00   94.05

Device            r/s     rkB/s   rrqm/s  %rrqm r_await rareq-sz     w/s     wkB/s   wrqm/s  %wrqm w_await wareq-sz     d/s     dkB/s   drqm/s  %drqm d_await dareq-sz     f/s f_await  aqu-sz  %util
nvme0n1          0.00      0.00     0.00   0.00    0.00     0.00 3925.00  50868.00     0.00   0.00    0.27    12.96    0.00      0.00     0.00   0.00    0.00     0.00  298.00    1.95    1.64  84.90


avg-cpu:  %user   %nice %system %iowait  %steal   %idle
           0.25    0.00    0.43    5.27    0.00   94.05

Device            r/s     rkB/s   rrqm/s  %rrqm r_await rareq-sz     w/s     wkB/s   wrqm/s  %wrqm w_await wareq-sz     d/s     dkB/s   drqm/s  %drqm d_await dareq-sz     f/s f_await  aqu-sz  %util
nvme0n1          0.00      0.00     0.00   0.00    0.00     0.00 3922.00  50752.00     0.00   0.00    0.27    12.94    0.00      0.00     0.00   0.00    0.00     0.00  300.00    1.98    1.65  86.30


avg-cpu:  %user   %nice %system %iowait  %steal   %idle
           0.19    0.00    0.50    5.08    0.00   94.24

Device            r/s     rkB/s   rrqm/s  %rrqm r_await rareq-sz     w/s     wkB/s   wrqm/s  %wrqm w_await wareq-sz     d/s     dkB/s   drqm/s  %drqm d_await dareq-sz     f/s f_await  aqu-sz  %util
nvme0n1          0.00      0.00     0.00   0.00    0.00     0.00 3918.00  50688.00     0.00   0.00    0.26    12.94    0.00      0.00     0.00   0.00    0.00     0.00  300.00    1.87    1.59  83.90


avg-cpu:  %user   %nice %system %iowait  %steal   %idle
           0.19    0.00    0.37    5.28    0.00   94.17

Device            r/s     rkB/s   rrqm/s  %rrqm r_await rareq-sz     w/s     wkB/s   wrqm/s  %wrqm w_await wareq-sz     d/s     dkB/s   drqm/s  %drqm d_await dareq-sz     f/s f_await  aqu-sz  %util
nvme0n1          0.00      0.00     0.00   0.00    0.00     0.00 3960.00  51360.00     0.00   0.00    0.27    12.97    0.00      0.00     0.00   0.00    0.00     0.00  300.00    1.91    1.63  87.30


avg-cpu:  %user   %nice %system %iowait  %steal   %idle
           0.19    0.00    0.43    5.19    0.00   94.19

Device            r/s     rkB/s   rrqm/s  %rrqm r_await rareq-sz     w/s     wkB/s   wrqm/s  %wrqm w_await wareq-sz     d/s     dkB/s   drqm/s  %drqm d_await dareq-sz     f/s f_await  aqu-sz  %util
nvme0n1          0.00      0.00     0.00   0.00    0.00     0.00 4249.00  55916.00     0.00   0.00    0.26    13.16    0.00      0.00     0.00   0.00    0.00     0.00  302.00    1.86    1.66  85.20


avg-cpu:  %user   %nice %system %iowait  %steal   %idle
           0.12    0.00    0.50    5.33    0.00   94.04

Device            r/s     rkB/s   rrqm/s  %rrqm r_await rareq-sz     w/s     wkB/s   wrqm/s  %wrqm w_await wareq-sz     d/s     dkB/s   drqm/s  %drqm d_await dareq-sz     f/s f_await  aqu-sz  %util
nvme0n1          0.00      0.00     0.00   0.00    0.00     0.00 3977.00  51592.00     0.00   0.00    0.26    12.97    0.00      0.00     0.00   0.00    0.00     0.00  301.00    1.92    1.63  88.10


avg-cpu:  %user   %nice %system %iowait  %steal   %idle
           0.19    0.00    0.37    5.29    0.00   94.15

Device            r/s     rkB/s   rrqm/s  %rrqm r_await rareq-sz     w/s     wkB/s   wrqm/s  %wrqm w_await wareq-sz     d/s     dkB/s   drqm/s  %drqm d_await dareq-sz     f/s f_await  aqu-sz  %util
nvme0n1          0.00      0.00     0.00   0.00    0.00     0.00 3889.00  50264.00     0.00   0.00    0.27    12.92    0.00      0.00     0.00   0.00    0.00     0.00  299.00    1.91    1.61  87.20


avg-cpu:  %user   %nice %system %iowait  %steal   %idle
           0.19    0.00    0.50    5.39    0.00   93.93

Device            r/s     rkB/s   rrqm/s  %rrqm r_await rareq-sz     w/s     wkB/s   wrqm/s  %wrqm w_await wareq-sz     d/s     dkB/s   drqm/s  %drqm d_await dareq-sz     f/s f_await  aqu-sz  %util
nvme0n1          0.00      0.00     0.00   0.00    0.00     0.00 3917.00  50656.00     0.00   0.00    0.27    12.93    0.00      0.00     0.00   0.00    0.00     0.00  301.00    1.92    1.63  88.20


avg-cpu:  %user   %nice %system %iowait  %steal   %idle
           0.12    0.00    0.37    5.28    0.00   94.22

Device            r/s     rkB/s   rrqm/s  %rrqm r_await rareq-sz     w/s     wkB/s   wrqm/s  %wrqm w_await wareq-sz     d/s     dkB/s   drqm/s  %drqm d_await dareq-sz     f/s f_await  aqu-sz  %util
nvme0n1          0.00      0.00     0.00   0.00    0.00     0.00 3903.00  50464.00     0.00   0.00    0.27    12.93    0.00      0.00     0.00   0.00    0.00     0.00  299.00    1.95    1.64  86.50


avg-cpu:  %user   %nice %system %iowait  %steal   %idle
           0.19    0.00    0.87    5.14    0.00   93.81

Device            r/s     rkB/s   rrqm/s  %rrqm r_await rareq-sz     w/s     wkB/s   wrqm/s  %wrqm w_await wareq-sz     d/s     dkB/s   drqm/s  %drqm d_await dareq-sz     f/s f_await  aqu-sz  %util
nvme0n1         12.00    192.00     0.00   0.00    1.17    16.00 6543.00  93076.00     0.00   0.00    3.69    14.23    0.00      0.00     0.00   0.00    0.00     0.00  290.00    1.91   24.69  83.30


avg-cpu:  %user   %nice %system %iowait  %steal   %idle
           0.25    0.00    0.37    4.88    0.00   94.50

Device            r/s     rkB/s   rrqm/s  %rrqm r_await rareq-sz     w/s     wkB/s   wrqm/s  %wrqm w_await wareq-sz     d/s     dkB/s   drqm/s  %drqm d_await dareq-sz     f/s f_await  aqu-sz  %util
nvme0n1          0.00      0.00     0.00   0.00    0.00     0.00 2100.00  21600.00     0.00   0.00    0.40    10.29    0.00      0.00     0.00   0.00    0.00     0.00  300.00    1.88    1.41  80.50


avg-cpu:  %user   %nice %system %iowait  %steal   %idle
           0.19    0.00    0.43    5.33    0.00   94.04

Device            r/s     rkB/s   rrqm/s  %rrqm r_await rareq-sz     w/s     wkB/s   wrqm/s  %wrqm w_await wareq-sz     d/s     dkB/s   drqm/s  %drqm d_await dareq-sz     f/s f_await  aqu-sz  %util
nvme0n1          0.00      0.00     0.00   0.00    0.00     0.00 3128.00  38048.00     0.00   0.00    0.30    12.16    0.00      0.00     0.00   0.00    0.00     0.00  300.00    1.91    1.53  86.50


avg-cpu:  %user   %nice %system %iowait  %steal   %idle
           0.25    0.00    0.37    5.33    0.00   94.04

Device            r/s     rkB/s   rrqm/s  %rrqm r_await rareq-sz     w/s     wkB/s   wrqm/s  %wrqm w_await wareq-sz     d/s     dkB/s   drqm/s  %drqm d_await dareq-sz     f/s f_await  aqu-sz  %util
nvme0n1          0.00      0.00     0.00   0.00    0.00     0.00 3200.00  39200.00     0.00   0.00    0.30    12.25    0.00      0.00     0.00   0.00    0.00     0.00  300.00    1.90    1.54  87.20


avg-cpu:  %user   %nice %system %iowait  %steal   %idle
           0.19    0.00    0.56    5.27    0.00   93.99

Device            r/s     rkB/s   rrqm/s  %rrqm r_await rareq-sz     w/s     wkB/s   wrqm/s  %wrqm w_await wareq-sz     d/s     dkB/s   drqm/s  %drqm d_await dareq-sz     f/s f_await  aqu-sz  %util
nvme0n1          0.00      0.00     0.00   0.00    0.00     0.00 3374.00  41984.00     0.00   0.00    0.29    12.44    0.00      0.00     0.00   0.00    0.00     0.00  300.00    1.92    1.57  87.60


avg-cpu:  %user   %nice %system %iowait  %steal   %idle
           0.19    0.00    0.43    5.21    0.00   94.17

Device            r/s     rkB/s   rrqm/s  %rrqm r_await rareq-sz     w/s     wkB/s   wrqm/s  %wrqm w_await wareq-sz     d/s     dkB/s   drqm/s  %drqm d_await dareq-sz     f/s f_await  aqu-sz  %util
nvme0n1          0.00      0.00     0.00   0.00    0.00     0.00 3649.00  46368.00     0.00   0.00    0.28    12.71    0.00      0.00     0.00   0.00    0.00     0.00  301.00    1.92    1.59  85.70


avg-cpu:  %user   %nice %system %iowait  %steal   %idle
           0.19    0.00    0.43    5.34    0.00   94.04

Device            r/s     rkB/s   rrqm/s  %rrqm r_await rareq-sz     w/s     wkB/s   wrqm/s  %wrqm w_await wareq-sz     d/s     dkB/s   drqm/s  %drqm d_await dareq-sz     f/s f_await  aqu-sz  %util
nvme0n1          0.00      0.00     0.00   0.00    0.00     0.00 3904.00  50464.00     0.00   0.00    0.27    12.93    0.00      0.00     0.00   0.00    0.00     0.00  300.00    1.96    1.65  86.70


avg-cpu:  %user   %nice %system %iowait  %steal   %idle
           0.12    0.00    0.43    5.28    0.00   94.16

Device            r/s     rkB/s   rrqm/s  %rrqm r_await rareq-sz     w/s     wkB/s   wrqm/s  %wrqm w_await wareq-sz     d/s     dkB/s   drqm/s  %drqm d_await dareq-sz     f/s f_await  aqu-sz  %util
nvme0n1          0.00      0.00     0.00   0.00    0.00     0.00 3905.00  50468.00     0.00   0.00    0.27    12.92    0.00      0.00     0.00   0.00    0.00     0.00  300.00    1.96    1.65  87.20


avg-cpu:  %user   %nice %system %iowait  %steal   %idle
           0.19    0.00    0.37    5.21    0.00   94.23

Device            r/s     rkB/s   rrqm/s  %rrqm r_await rareq-sz     w/s     wkB/s   wrqm/s  %wrqm w_await wareq-sz     d/s     dkB/s   drqm/s  %drqm d_await dareq-sz     f/s f_await  aqu-sz  %util
nvme0n1          0.00      0.00     0.00   0.00    0.00     0.00 3899.00  50396.00     0.00   0.00    0.27    12.93    0.00      0.00     0.00   0.00    0.00     0.00  300.00    1.94    1.64  85.60


avg-cpu:  %user   %nice %system %iowait  %steal   %idle
           0.19    0.00    0.37    5.45    0.00   94.00

Device            r/s     rkB/s   rrqm/s  %rrqm r_await rareq-sz     w/s     wkB/s   wrqm/s  %wrqm w_await wareq-sz     d/s     dkB/s   drqm/s  %drqm d_await dareq-sz     f/s f_await  aqu-sz  %util
nvme0n1          0.00      0.00     0.00   0.00    0.00     0.00 4031.00  52484.00     0.00   0.00    0.27    13.02    0.00      0.00     0.00   0.00    0.00     0.00  300.00    1.99    1.69  88.90


avg-cpu:  %user   %nice %system %iowait  %steal   %idle
           0.12    0.00    0.50    5.46    0.00   93.92

Device            r/s     rkB/s   rrqm/s  %rrqm r_await rareq-sz     w/s     wkB/s   wrqm/s  %wrqm w_await wareq-sz     d/s     dkB/s   drqm/s  %drqm d_await dareq-sz     f/s f_await  aqu-sz  %util
nvme0n1          0.00      0.00     0.00   0.00    0.00     0.00 4636.00  62204.00     0.00   0.00    0.45    13.42    0.00      0.00     0.00   0.00    0.00     0.00  299.00    1.98    2.68  90.60


avg-cpu:  %user   %nice %system %iowait  %steal   %idle
           0.25    0.00    0.37    5.33    0.00   94.04

Device            r/s     rkB/s   rrqm/s  %rrqm r_await rareq-sz     w/s     wkB/s   wrqm/s  %wrqm w_await wareq-sz     d/s     dkB/s   drqm/s  %drqm d_await dareq-sz     f/s f_await  aqu-sz  %util
nvme0n1          0.00      0.00     0.00   0.00    0.00     0.00 3900.00  50400.00     0.00   0.00    0.27    12.92    0.00      0.00     0.00   0.00    0.00     0.00  300.00    1.96    1.64  86.80


avg-cpu:  %user   %nice %system %iowait  %steal   %idle
           0.12    0.00    0.50    5.40    0.00   93.98

Device            r/s     rkB/s   rrqm/s  %rrqm r_await rareq-sz     w/s     wkB/s   wrqm/s  %wrqm w_await wareq-sz     d/s     dkB/s   drqm/s  %drqm d_await dareq-sz     f/s f_await  aqu-sz  %util
nvme0n1          0.00      0.00     0.00   0.00    0.00     0.00 3904.00  50464.00     0.00   0.00    0.27    12.93    0.00      0.00     0.00   0.00    0.00     0.00  300.00    1.94    1.64  88.90


avg-cpu:  %user   %nice %system %iowait  %steal   %idle
           0.19    0.00    0.43    5.44    0.00   93.94

Device            r/s     rkB/s   rrqm/s  %rrqm r_await rareq-sz     w/s     wkB/s   wrqm/s  %wrqm w_await wareq-sz     d/s     dkB/s   drqm/s  %drqm d_await dareq-sz     f/s f_await  aqu-sz  %util
nvme0n1          0.00      0.00     0.00   0.00    0.00     0.00 3965.00  51424.00     0.00   0.00    0.27    12.97    0.00      0.00     0.00   0.00    0.00     0.00  301.00    2.00    1.69  89.60


avg-cpu:  %user   %nice %system %iowait  %steal   %idle
           0.25    0.00    0.56    5.26    0.00   93.93

Device            r/s     rkB/s   rrqm/s  %rrqm r_await rareq-sz     w/s     wkB/s   wrqm/s  %wrqm w_await wareq-sz     d/s     dkB/s   drqm/s  %drqm d_await dareq-sz     f/s f_await  aqu-sz  %util
nvme0n1          0.00      0.00     0.00   0.00    0.00     0.00 4005.00  52096.00     0.00   0.00    0.27    13.01    0.00      0.00     0.00   0.00    0.00     0.00  299.00    1.93    1.65  86.90


avg-cpu:  %user   %nice %system %iowait  %steal   %idle
           0.19    0.00    0.43    5.39    0.00   93.99

Device            r/s     rkB/s   rrqm/s  %rrqm r_await rareq-sz     w/s     wkB/s   wrqm/s  %wrqm w_await wareq-sz     d/s     dkB/s   drqm/s  %drqm d_await dareq-sz     f/s f_await  aqu-sz  %util
nvme0n1          0.00      0.00     0.00   0.00    0.00     0.00 4265.00  56200.00     0.00   0.00    0.26    13.18    0.00      0.00     0.00   0.00    0.00     0.00  301.00    1.95    1.70  89.30


avg-cpu:  %user   %nice %system %iowait  %steal   %idle
           0.19    0.00    0.49    5.44    0.00   93.88

Device            r/s     rkB/s   rrqm/s  %rrqm r_await rareq-sz     w/s     wkB/s   wrqm/s  %wrqm w_await wareq-sz     d/s     dkB/s   drqm/s  %drqm d_await dareq-sz     f/s f_await  aqu-sz  %util
nvme0n1          0.00      0.00     0.00   0.00    0.00     0.00 3917.00  50660.00     0.00   0.00    0.27    12.93    0.00      0.00     0.00   0.00    0.00     0.00  300.00    1.98    1.65  89.70


avg-cpu:  %user   %nice %system %iowait  %steal   %idle
           0.31    0.00    0.50    5.33    0.00   93.87

Device            r/s     rkB/s   rrqm/s  %rrqm r_await rareq-sz     w/s     wkB/s   wrqm/s  %wrqm w_await wareq-sz     d/s     dkB/s   drqm/s  %drqm d_await dareq-sz     f/s f_await  aqu-sz  %util
nvme0n1          0.00      0.00     0.00   0.00    0.00     0.00 3922.00  50752.00     0.00   0.00    0.27    12.94    0.00      0.00     0.00   0.00    0.00     0.00  300.00    1.96    1.65  88.10


avg-cpu:  %user   %nice %system %iowait  %steal   %idle
           0.19    0.00    0.50    5.40    0.00   93.91

Device            r/s     rkB/s   rrqm/s  %rrqm r_await rareq-sz     w/s     wkB/s   wrqm/s  %wrqm w_await wareq-sz     d/s     dkB/s   drqm/s  %drqm d_await dareq-sz     f/s f_await  aqu-sz  %util
nvme0n1          1.00     76.00     0.00   0.00    2.00    76.00 3927.00  50816.00     0.00   0.00    0.27    12.94    0.00      0.00     0.00   0.00    0.00     0.00  301.00    1.99    1.68  87.80


avg-cpu:  %user   %nice %system %iowait  %steal   %idle
           0.19    0.00    0.50    5.16    0.00   94.16

Device            r/s     rkB/s   rrqm/s  %rrqm r_await rareq-sz     w/s     wkB/s   wrqm/s  %wrqm w_await wareq-sz     d/s     dkB/s   drqm/s  %drqm d_await dareq-sz     f/s f_await  aqu-sz  %util
nvme0n1          0.00      0.00     0.00   0.00    0.00     0.00 3928.00  50824.00     0.00   0.00    0.27    12.94    0.00      0.00     0.00   0.00    0.00     0.00  300.00    1.89    1.61  85.50


avg-cpu:  %user   %nice %system %iowait  %steal   %idle
           0.19    0.00    0.43    5.33    0.00   94.04

Device            r/s     rkB/s   rrqm/s  %rrqm r_await rareq-sz     w/s     wkB/s   wrqm/s  %wrqm w_await wareq-sz     d/s     dkB/s   drqm/s  %drqm d_await dareq-sz     f/s f_await  aqu-sz  %util
nvme0n1          0.00      0.00     0.00   0.00    0.00     0.00 4272.00  56376.00     0.00   0.00    0.26    13.20    0.00      0.00     0.00   0.00    0.00     0.00  300.00    1.96    1.71  86.70


avg-cpu:  %user   %nice %system %iowait  %steal   %idle
           0.19    0.00    0.37    5.27    0.00   94.17

Device            r/s     rkB/s   rrqm/s  %rrqm r_await rareq-sz     w/s     wkB/s   wrqm/s  %wrqm w_await wareq-sz     d/s     dkB/s   drqm/s  %drqm d_await dareq-sz     f/s f_await  aqu-sz  %util
nvme0n1          0.00      0.00     0.00   0.00    0.00     0.00 4010.00  52112.00     0.00   0.00    0.27    13.00    0.00      0.00     0.00   0.00    0.00     0.00  300.00    1.95    1.65  86.80


avg-cpu:  %user   %nice %system %iowait  %steal   %idle
           0.06    0.00    0.37    5.40    0.00   94.17

Device            r/s     rkB/s   rrqm/s  %rrqm r_await rareq-sz     w/s     wkB/s   wrqm/s  %wrqm w_await wareq-sz     d/s     dkB/s   drqm/s  %drqm d_await dareq-sz     f/s f_await  aqu-sz  %util
nvme0n1          0.00      0.00     0.00   0.00    0.00     0.00 3922.00  50752.00     0.00   0.00    0.27    12.94    0.00      0.00     0.00   0.00    0.00     0.00  300.00    1.98    1.66  87.80


avg-cpu:  %user   %nice %system %iowait  %steal   %idle
           0.25    0.00    0.50    5.26    0.00   94.00

Device            r/s     rkB/s   rrqm/s  %rrqm r_await rareq-sz     w/s     wkB/s   wrqm/s  %wrqm w_await wareq-sz     d/s     dkB/s   drqm/s  %drqm d_await dareq-sz     f/s f_await  aqu-sz  %util
nvme0n1          0.00      0.00     0.00   0.00    0.00     0.00 3907.00  50524.00     0.00   0.00    0.27    12.93    0.00      0.00     0.00   0.00    0.00     0.00  300.00    1.94    1.64  87.30


avg-cpu:  %user   %nice %system %iowait  %steal   %idle
           0.12    0.00    0.37    5.15    0.00   94.36

Device            r/s     rkB/s   rrqm/s  %rrqm r_await rareq-sz     w/s     wkB/s   wrqm/s  %wrqm w_await wareq-sz     d/s     dkB/s   drqm/s  %drqm d_await dareq-sz     f/s f_await  aqu-sz  %util
nvme0n1          0.00      0.00     0.00   0.00    0.00     0.00 3902.00  50432.00     0.00   0.00    0.27    12.92    0.00      0.00     0.00   0.00    0.00     0.00  300.00    1.90    1.61  84.40


avg-cpu:  %user   %nice %system %iowait  %steal   %idle
           0.12    0.00    0.43    5.27    0.00   94.18

Device            r/s     rkB/s   rrqm/s  %rrqm r_await rareq-sz     w/s     wkB/s   wrqm/s  %wrqm w_await wareq-sz     d/s     dkB/s   drqm/s  %drqm d_await dareq-sz     f/s f_await  aqu-sz  %util
nvme0n1          0.00      0.00     0.00   0.00    0.00     0.00 4201.00  55204.00     0.00   0.00    0.26    13.14    0.00      0.00     0.00   0.00    0.00     0.00  300.00    1.92    1.67  85.60


avg-cpu:  %user   %nice %system %iowait  %steal   %idle
           0.12    0.00    0.43    5.39    0.00   94.05

Device            r/s     rkB/s   rrqm/s  %rrqm r_await rareq-sz     w/s     wkB/s   wrqm/s  %wrqm w_await wareq-sz     d/s     dkB/s   drqm/s  %drqm d_await dareq-sz     f/s f_await  aqu-sz  %util
nvme0n1          0.00      0.00     0.00   0.00    0.00     0.00 4197.00  53724.00     1.00   0.02    0.27    12.80    0.00      0.00     0.00   0.00    0.00     0.00  300.00    1.94    1.74  88.90


avg-cpu:  %user   %nice %system %iowait  %steal   %idle
           0.19    0.00    0.50    5.33    0.00   93.99

Device            r/s     rkB/s   rrqm/s  %rrqm r_await rareq-sz     w/s     wkB/s   wrqm/s  %wrqm w_await wareq-sz     d/s     dkB/s   drqm/s  %drqm d_await dareq-sz     f/s f_await  aqu-sz  %util
nvme0n1          0.00      0.00     0.00   0.00    0.00     0.00 3913.00  50596.00     0.00   0.00    0.27    12.93    0.00      0.00     0.00   0.00    0.00     0.00  300.00    1.98    1.65  88.30


avg-cpu:  %user   %nice %system %iowait  %steal   %idle
           0.19    0.00    0.43    5.21    0.00   94.17

Device            r/s     rkB/s   rrqm/s  %rrqm r_await rareq-sz     w/s     wkB/s   wrqm/s  %wrqm w_await wareq-sz     d/s     dkB/s   drqm/s  %drqm d_await dareq-sz     f/s f_await  aqu-sz  %util
nvme0n1          0.00      0.00     0.00   0.00    0.00     0.00 3928.00  50848.00     0.00   0.00    0.27    12.95    0.00      0.00     0.00   0.00    0.00     0.00  300.00    1.89    1.61  85.80


avg-cpu:  %user   %nice %system %iowait  %steal   %idle
           0.25    0.00    0.56    5.26    0.00   93.93

Device            r/s     rkB/s   rrqm/s  %rrqm r_await rareq-sz     w/s     wkB/s   wrqm/s  %wrqm w_await wareq-sz     d/s     dkB/s   drqm/s  %drqm d_await dareq-sz     f/s f_await  aqu-sz  %util
nvme0n1          0.00      0.00     0.00   0.00    0.00     0.00 3891.00  50296.00     0.00   0.00    0.28    12.93    0.00      0.00     0.00   0.00    0.00     0.00  299.00    1.98    1.66  87.30


avg-cpu:  %user   %nice %system %iowait  %steal   %idle
           0.25    0.00    0.75    5.10    0.00   93.91

Device            r/s     rkB/s   rrqm/s  %rrqm r_await rareq-sz     w/s     wkB/s   wrqm/s  %wrqm w_await wareq-sz     d/s     dkB/s   drqm/s  %drqm d_await dareq-sz     f/s f_await  aqu-sz  %util
nvme0n1          0.00      0.00     0.00   0.00    0.00     0.00 6560.00  93120.00     0.00   0.00    2.30    14.20    0.00      0.00     0.00   0.00    0.00     0.00  296.00    1.93   15.64  85.50


